captured_at,artist,artist.id,artist.name,artist.slug,card_code_number,card_number,cardmarket_id,episode.cards_printed_total,episode.cards_total,episode.code,episode.game.name,episode.game.slug,episode.id,episode.logo,episode.name,episode.prices.cardmarket.currency,episode.prices.cardmarket.total,episode.prices.tcgplayer.currency,episode.prices.tcgplayer.total,episode.released_at,episode.series.id,episode.series.name,episode.series.slug,episode.slug,hp,id,image,links.cardmarket,links.tcgplayer,name,name_numbered,prices.cardmarket.30d_average,prices.cardmarket.7d_average,prices.cardmarket.available_items,prices.cardmarket.currency,prices.cardmarket.graded,prices.cardmarket.graded.bgs.bgs10,prices.cardmarket.graded.bgs.bgs9,prices.cardmarket.graded.cgc.cgc10,prices.cardmarket.graded.cgc.cgc8,prices.cardmarket.graded.cgc.cgc9,prices.cardmarket.graded.psa.psa10,prices.cardmarket.graded.psa.psa8,prices.cardmarket.graded.psa.psa9,prices.cardmarket.lowest_near_mint,prices.cardmarket.lowest_near_mint_DE,prices.cardmarket.lowest_near_mint_DE_EU_only,prices.cardmarket.lowest_near_mint_ES,prices.cardmarket.lowest_near_mint_ES_EU_only,prices.cardmarket.lowest_near_mint_EU_only,prices.cardmarket.lowest_near_mint_FR,prices.cardmarket.lowest_near_mint_FR_EU_only,prices.cardmarket.lowest_near_mint_IT,prices.cardmarket.lowest_near_mint_IT_EU_only,prices.ebay.currency,prices.ebay.graded.ace.10.median_price,prices.ebay.graded.ace.10.sample_size,prices.ebay.graded.ace.7.median_price,prices.ebay.graded.ace.7.sample_size,prices.ebay.graded.ace.8.median_price,prices.ebay.graded.ace.8.sample_size,prices.ebay.graded.ace.9.median_price,prices.ebay.graded.ace.9.sample_size,prices.ebay.graded.bgs.10.median_price,prices.ebay.graded.bgs.10.sample_size,prices.ebay.graded.bgs.8.median_price,prices.ebay.graded.bgs.8.sample_size,prices.ebay.graded.bgs.9.median_price,prices.ebay.graded.bgs.9.sample_size,prices.ebay.graded.cgc.10.median_price,prices.ebay.graded.cgc.10.sample_size,prices.ebay.graded.cgc.7.median_price,prices.ebay.graded.cgc.7.sample_size,prices.ebay.graded.cgc.8.median_price,prices.ebay.graded.cgc.8.sample_size,prices.ebay.graded.cgc.9.median_price,prices.ebay.graded.cgc.9.sample_size,prices.ebay.graded.psa.10.median_price,prices.ebay.graded.psa.10.sample_size,prices.ebay.graded.psa.7.median_price,prices.ebay.graded.psa.7.sample_size,prices.ebay.graded.psa.8.median_price,prices.ebay.graded.psa.8.sample_size,prices.ebay.graded.psa.9.median_price,prices.ebay.graded.psa.9.sample_size,prices.ebay.graded.sgc.10.median_price,prices.ebay.graded.sgc.10.sample_size,prices.ebay.graded.sgc.9.median_price,prices.ebay.graded.sgc.9.sample_size,prices.ebay.graded.tag.10.median_price,prices.ebay.graded.tag.10.sample_size,prices.ebay.graded.tag.8.median_price,prices.ebay.graded.tag.8.sample_size,prices.ebay.graded.tag.9.median_price,prices.ebay.graded.tag.9.sample_size,prices.tcg_player.currency,prices.tcg_player.market_price,prices.tcg_player.mid_price,rarity,slug,supertype,tcggo_url,tcgid,tcgplayer_id,type,version
2026-08-23T17:19:56+02:00,,438,Miki Tanaka,miki-tanaka,LOR 1,1,674013,196,217,LOR,Pokémon,pokemon,26,https://images.tcggo.com/tcggo/storage/4124/lost-origin-logo.png,Lost Origin,EUR,1528.73,EUR,1584.69,2022-09-09,2,Sword & Shield,sword-shield,lost-origin,50,4099,https://images.tcggo.com/tcggo/storage/4126/oddish-lor-1-lost-origin-pokemon.png,https://www.tcggo.com/external/cm/4099,https://www.tcggo.com/external/tcgplayer/4099,Oddish,Oddish 1,0.03,0.04,15852,EUR,[],,,,,,,,,0.02,0.02,0.02,0.02,0.02,0.02,0.02,0.02,0.02,0.02,,,,,,,,,,,,,,,,,,,,,,,,,,,,,,,,,,,,,,,,,,EUR,0.2,0.13,Common,oddish,Pokémon,https://www.tcggo.com/pokemon/lost-origin/oddish-1-2,swsh11-1,283861,singles,
2026-08-23T17:19:56+02:00,,441,Tomokazu Komiya,tomokazu-komiya,LOR 2,2,674014,196,217,LOR,Pokémon,pokemon,26,https://images.tcggo.com/tcggo/storage/4124/lost-origin-logo.png,Lost Origin,EUR,1528.73,EUR,1584.69,2022-09-09,2,Sword & Shield,sword-shield,lost-origin,80,4100,https://images.tcggo.com/tcggo/storage/4127/gloom-lor-2-lost-origin-pokemon.png,https://www.tcggo.com/external/cm/4100,https://www.tcggo.com/external/tcgplayer/4100,Gloom,Gloom 2,0.06,0.05,7946,EUR,[],,,,,,,,,0.02,0.02,0.02,0.02,0.02,0.02,0.02,0.02,0.02,0.02,,,,,,,,,,,,,,,,,,,,,,,,,,,,,,,,,,,,,,,,,,EUR,0.95,0.15,Uncommon,gloom,Pokémon,https://www.tcggo.com/pokemon/lost-origin/gloom-2-2,swsh11-2,283862,singles,
2026-08-23T17:19:56+02:00,,535,Jiro Sasumo,jiro-sasumo,LOR 3,3,674015,196,217,LOR,Pokémon,pokemon,26,https://images.tcggo.com/tcggo/storage/4124/lost-origin-logo.png,Lost Origin,EUR,1528.73,EUR,1584.69,2022-09-09,2,Sword & Shield,sword-shield,lost-origin,150,4101,https://images.tcggo.com/tcggo/storage/4128/vileplume-lor-3-lost-origin-pokemon.png,https://www.tcggo.com/external/cm/4101,https://www.tcggo.com/external/tcgplayer/4101,Vileplume,Vileplume 3,0.26,0.18,2530,EUR,[],,,,,,,,,0.02,0.04,0.04,0.02,0.02,0.02,0.02,0.02,0.02,0.02,,,,,,,,,,,,,,,,,,,,,,,,,,,,,,,,,,,,,,,,,,EUR,0.29,0.26,Rare Holo,vileplume,Pokémon,https://www.tcggo.com/pokemon/lost-origin/vileplume-3,swsh11-3,283865,singles,
2026-08-23T17:19:56+02:00,,482,Mizue,mizue,LOR 4,4,674016,196,217,LOR,Pokémon,pokemon,26,https://images.tcggo.com/tcggo/storage/4124/lost-origin-logo.png,Lost Origin,EUR,1528.73,EUR,1584.69,2022-09-09,2,Sword & Shield,sword-shield,lost-origin,70,4102,https://images.tcggo.com/tcggo/storage/4129/paras-lor-4-lost-origin-pokemon.png,https://www.tcggo.com/external/cm/4102,https://www.tcggo.com/external/tcgplayer/4102,Paras,Paras 4,0.03,0.03,10240,EUR,[],,,,,,,,,0.02,0.02,0.02,0.02,0.02,0.02,0.02,0.02,0.02,0.02,,,,,,,,,,,,,,,,,,,,,,,,,,,,,,,,,,,,,,,,,,EUR,0.21,0.09,Common,paras,Pokémon,https://www.tcggo.com/pokemon/lost-origin/paras-4,swsh11-4,283866,singles,
2026-08-23T17:19:56+02:00,,516,Pani Kobayashi,pani-kobayashi,LOR 5,5,670810,196,217,LOR,Pokémon,pokemon,26,https://images.tcggo.com/tcggo/storage/4124/lost-origin-logo.png,Lost Origin,EUR,1528.73,EUR,1584.69,2022-09-09,2,Sword & Shield,sword-shield,lost-origin,120,4103,https://images.tcggo.com/tcggo/storage/4130/parasect-lor-5-lost-origin-pokemon.png,https://www.tcggo.com/external/cm/4103,https://www.tcggo.com/external/tcgplayer/4103,Parasect,Parasect 5,0.06,0.08,4729,EUR,[],,,,,,,,,0.02,0.02,0.02,0.02,0.02,0.02,0.02,0.02,0.02,0.02,,,,,,,,,,,,,,,,,,,,,,,,,,,,,,,,,,,,,,,,,,EUR,0.2,0.13,rare,parasect,Pokémon,https://www.tcggo.com/pokemon/lost-origin/parasect-5,swsh11-5,283868,singles,
2026-08-23T17:19:56+02:00,,513,ryoma uratsuka,ryoma-uratsuka,LOR 6,6,674017,196,217,LOR,Pokémon,pokemon,26,https://images.tcggo.com/tcggo/storage/4124/lost-origin-logo.png,Lost Origin,EUR,1528.73,EUR,1584.69,2022-09-09,2,Sword & Shield,sword-shield,lost-origin,60,4104,https://images.tcggo.com/tcggo/storage/4131/wurmple-lor-6-lost-origin-pokemon.png,https://www.tcggo.com/external/cm/4104,https://www.tcggo.com/external/tcgplayer/4104,Wurmple,Wurmple 6,0.03,0.04,17025,EUR,[],,,,,,,,,0.03,0.02,0.02,0.02,0.02,0.02,0.02,0.02,0.02,0.02,,,,,,,,,,,,,,,,,,,,,,,,,,,,,,,,,,,,,,,,,,EUR,0.19,0.1,Common,wurmple,Pokémon,https://www.tcggo.com/pokemon/lost-origin/wurmple-6,swsh11-6,283870,singles,
2026-08-23T17:19:56+02:00,,484,Kagemaru Himeno,kagemaru-himeno,LOR 7,7,674018,196,217,LOR,Pokémon,pokemon,26,https://images.tcggo.com/tcggo/storage/4124/lost-origin-logo.png,Lost Origin,EUR,1528.73,EUR,1584.69,2022-09-09,2,Sword & Shield,sword-shield,lost-origin,80,4105,https://images.tcggo.com/tcggo/storage/4132/silcoon-lor-7-lost-origin-pokemon.png,https://www.tcggo.com/external/cm/4105,https://www.tcggo.com/external/tcgplayer/4105,Silcoon,Silcoon 7,0.05,0.04,6884,EUR,[],,,,,,,,,0.02,0.02,0.02,0.02,0.02,0.02,0.02,0.02,0.02,0.02,,,,,,,,,,,,,,,,,,,,,,,,,,,,,,,,,,,,,,,,,,EUR,0.15,0.12,Uncommon,silcoon,Pokémon,https://www.tcggo.com/pokemon/lost-origin/silcoon-7,swsh11-7,283871,singles,
2026-08-23T17:19:56+02:00,,409,Yuu Nishida,yuu-nishida,LOR 8,8,674019,196,217,LOR,Pokémon,pokemon,26,https://images.tcggo.com/tcggo/storage/4124/lost-origin-logo.png,Lost Origin,EUR,1528.73,EUR,1584.69,2022-09-09,2,Sword & Shield,sword-shield,lost-origin,130,4106,https://images.tcggo.com/tcggo/storage/4133/beautifly-lor-8-lost-origin-pokemon.png,https://www.tcggo.com/external/cm/4106,https://www.tcggo.com/external/tcgplayer/4106,Beautifly,Beautifly 8,0.27,0.18,1574,EUR,[],,,,,,,,,0.05,0.09,0.09,0.1,0.1,0.05,0.1,0.1,0.03,0.03,,,,,,,,,,,,,,,,,,,,,,,,,,,,,,,,,,,,,,,,,,EUR,0.28,0.27,Rare Holo,beautifly,Pokémon,https://www.tcggo.com/pokemon/lost-origin/beautifly-8,swsh11-8,283872,singles,
2026-08-23T17:19:56+02:00,,373,GOSSAN,gossan,LOR 9,9,674020,196,217,LOR,Pokémon,pokemon,26,https://images.tcggo.com/tcggo/storage/4124/lost-origin-logo.png,Lost Origin,EUR,1528.73,EUR,1584.69,2022-09-09,2,Sword & Shield,sword-shield,lost-origin,80,4107,https://images.tcggo.com/tcggo/storage/4134/cascoon-lor-9-lost-origin-pokemon.png,https://www.tcggo.com/external/cm/4107,https://www.tcggo.com/external/tcgplayer/4107,Cascoon,Cascoon 9,0.04,0.04,8738,EUR,[],,,,,,,,,0.02,0.02,0.02,0.02,0.02,0.02,0.02,0.02,0.02,0.02,,,,,,,,,,,,,,,,,,,,,,,,,,,,,,,,,,,,,,,,,,EUR,0.16,0.12,Uncommon,cascoon,Pokémon,https://www.tcggo.com/pokemon/lost-origin/cascoon-9,swsh11-9,283873,singles,
2026-08-23T17:19:56+02:00,,375,Mitsuhiro Arita,mitsuhiro-arita,LOR 10,10,674021,196,217,LOR,Pokémon,pokemon,26,https://images.tcggo.com/tcggo/storage/4124/lost-origin-logo.png,Lost Origin,EUR,1528.73,EUR,1584.69,2022-09-09,2,Sword & Shield,sword-shield,lost-origin,140,4108,https://images.tcggo.com/tcggo/storage/4135/dustox-lor-10-lost-origin-pokemon.png,https://www.tcggo.com/external/cm/4108,https://www.tcggo.com/external/tcgplayer/4108,Dustox,Dustox 10,0.09,0.12,4834,EUR,[],,,,,,,,,0.02,0.02,0.02,0.02,0.02,0.02,0.02,0.02,0.02,0.02,,,,,,,,,,,,,,,,,,,,,,,,,,,,,,,,,,,,,,,,,,EUR,0.18,0.15,rare,dustox,Pokémon,https://www.tcggo.com/pokemon/lost-origin/dustox-10,swsh11-10,283874,singles,
2026-08-23T17:19:56+02:00,,401,Yuka Morii,yuka-morii,LOR 11,11,674022,196,217,LOR,Pokémon,pokemon,26,https://images.tcggo.com/tcggo/storage/4124/lost-origin-logo.png,Lost Origin,EUR,1528.73,EUR,1584.69,2022-09-09,2,Sword & Shield,sword-shield,lost-origin,50,4109,https://images.tcggo.com/tcggo/storage/4136/seedot-lor-11-lost-origin-pokemon.png,https://www.tcggo.com/external/cm/4109,https://www.tcggo.com/external/tcgplayer/4109,Seedot,Seedot 11,0.05,0.06,9888,EUR,[],,,,,,,,,0.02,0.02,0.02,0.02,0.02,0.02,0.02,0.02,0.02,0.02,,,,,,,,,,,,,,,,,,,,,,,,,,,,,,,,,,,,,,,,,,EUR,0.43,0.13,Common,seedot,Pokémon,https://www.tcggo.com/pokemon/lost-origin/seedot-11,swsh11-11,283875,singles,
2026-08-23T17:19:56+02:00,,482,Mizue,mizue,LOR 12,12,674023,196,217,LOR,Pokémon,pokemon,26,https://images.tcggo.com/tcggo/storage/4124/lost-origin-logo.png,Lost Origin,EUR,1528.73,EUR,1584.69,2022-09-09,2,Sword & Shield,sword-shield,lost-origin,80,4110,https://images.tcggo.com/tcggo/storage/4137/nuzleaf-lor-12-lost-origin-pokemon.png,https://www.tcggo.com/external/cm/4110,https://www.tcggo.com/external/tcgplayer/4110,Nuzleaf,Nuzleaf 12,0.03,0.03,10373,EUR,[],,,,,,,,,0.02,0.02,0.02,0.02,0.02,0.02,0.02,0.02,0.02,0.02,,,,,,,,,,,,,,,,,,,,,,,,,,,,,,,,,,,,,,,,,,EUR,0.13,0.09,Uncommon,nuzleaf,Pokémon,https://www.tcggo.com/pokemon/lost-origin/nuzleaf-12,swsh11-12,283877,singles,
2026-08-23T17:19:56+02:00,,408,kawayoo,kawayoo,LOR 13,13,674024,196,217,LOR,Pokémon,pokemon,26,https://images.tcggo.com/tcggo/storage/4124/lost-origin-logo.png,Lost Origin,EUR,1528.73,EUR,1584.69,2022-09-09,2,Sword & Shield,sword-shield,lost-origin,160,4111,https://images.tcggo.com/tcggo/storage/4138/shiftry-lor-13-lost-origin-pokemon.png,https://www.tcggo.com/external/cm/4111,https://www.tcggo.com/external/tcgplayer/4111,Shiftry,Shiftry 13,0.23,0.23,2057,EUR,[],,,,,,,,,0.02,0.02,0.02,0.03,0.03,0.02,0.03,0.03,0.02,0.02,,,,,,,,,,,,,,,,,,,,,,,,,,,,,,,,,,,,,,,,,,EUR,0.26,0.2,Rare Holo,shiftry,Pokémon,https://www.tcggo.com/pokemon/lost-origin/shiftry-13,swsh11-13,283879,singles,
2026-08-23T17:19:56+02:00,,425,Yukiko Baba,yukiko-baba,LOR 14,14,674025,196,217,LOR,Pokémon,pokemon,26,https://images.tcggo.com/tcggo/storage/4124/lost-origin-logo.png,Lost Origin,EUR,1528.73,EUR,1584.69,2022-09-09,2,Sword & Shield,sword-shield,lost-origin,70,4112,https://images.tcggo.com/tcggo/storage/4139/roselia-lor-14-lost-origin-pokemon.png,https://www.tcggo.com/external/cm/4112,https://www.tcggo.com/external/tcgplayer/4112,Roselia,Roselia 14,0.03,0.02,16580,EUR,[],,,,,,,,,0.03,0.02,0.02,0.02,0.02,0.02,0.02,0.02,0.02,0.02,,,,,,,,,,,,,,,,,,,,,,,,,,,,,,,,,,,,,,,,,,EUR,0.16,0.09,Common,roselia,Pokémon,https://www.tcggo.com/pokemon/lost-origin/roselia-14,swsh11-14,283881,singles,
2026-08-23T17:19:56+02:00,,507,0313,0313,LOR 15,15,674026,196,217,LOR,Pokémon,pokemon,26,https://images.tcggo.com/tcggo/storage/4124/lost-origin-logo.png,Lost Origin,EUR,1528.73,EUR,1584.69,2022-09-09,2,Sword & Shield,sword-shield,lost-origin,120,4113,https://images.tcggo.com/tcggo/storage/4140/roserade-lor-15-lost-origin-pokemon.png,https://www.tcggo.com/external/cm/4113,https://www.tcggo.com/external/tcgplayer/4113,Roserade,Roserade 15,0.04,0.03,7659,EUR,[],,,,,,,,,0.02,0.02,0.02,0.02,0.02,0.02,0.02,0.02,0.02,0.02,,,,,,,,,,,,,,,,,,,,,,,,,,,,,,,,,,,,,,,,,,EUR,0.15,0.12,Uncommon,roserade,Pokémon,https://www.tcggo.com/pokemon/lost-origin/roserade-15,swsh11-15,283882,singles,
2026-08-23T17:19:56+02:00,,434,AKIRA EGAWA,akira-egawa,LOR 16,16,674027,196,217,LOR,Pokémon,pokemon,26,https://images.tcggo.com/tcggo/storage/4124/lost-origin-logo.png,Lost Origin,EUR,1528.73,EUR,1584.69,2022-09-09,2,Sword & Shield,sword-shield,lost-origin,70,4114,https://images.tcggo.com/tcggo/storage/4141/phantump-lor-16-lost-origin-pokemon.png,https://www.tcggo.com/external/cm/4114,https://www.tcggo.com/external/tcgplayer/4114,Phantump,Phantump 16,0.02,0.03,15415,EUR,[],,,,,,,,,0.02,0.02,0.02,0.02,0.02,0.02,0.02,0.02,0.02,0.02,,,,,,,,,,,,,,,,,,,,,,,,,,,,,,,,,,,,,,,,,,EUR,0.26,0.1,Common,phantump,Pokémon,https://www.tcggo.com/pokemon/lost-origin/phantump-16,swsh11-16,283883,singles,
2026-08-23T17:19:56+02:00,,491,Yuya Oka,yuya-oka,LOR 17,17,674028,196,217,LOR,Pokémon,pokemon,26,https://images.tcggo.com/tcggo/storage/4124/lost-origin-logo.png,Lost Origin,EUR,1528.73,EUR,1584.69,2022-09-09,2,Sword & Shield,sword-shield,lost-origin,120,4115,https://images.tcggo.com/tcggo/storage/4142/trevenant-lor-17-lost-origin-pokemon.png,https://www.tcggo.com/external/cm/4115,https://www.tcggo.com/external/tcgplayer/4115,Trevenant,Trevenant 17,0.22,0.17,2782,EUR,[],,,,,,,,,0.03,0.04,0.04,0.02,0.02,0.02,0.02,0.02,0.02,0.02,,,,,,,,,,,,,,,,,,,,,,,,,,,,,,,,,,,,,,,,,,EUR,0.25,0.19,Rare Holo,trevenant,Pokémon,https://www.tcggo.com/pokemon/lost-origin/trevenant-17,swsh11-17,283884,singles,
2026-08-23T17:19:56+02:00,,427,Asako Ito,asako-ito,LOR 18,18,674029,196,217,LOR,Pokémon,pokemon,26,https://images.tcggo.com/tcggo/storage/4124/lost-origin-logo.png,Lost Origin,EUR,1528.73,EUR,1584.69,2022-09-09,2,Sword & Shield,sword-shield,lost-origin,50,4116,https://images.tcggo.com/tcggo/storage/4143/blipbug-lor-18-lost-origin-pokemon.png,https://www.tcggo.com/external/cm/4116,https://www.tcggo.com/external/tcgplayer/4116,Blipbug,Blipbug 18,0.05,0.05,11259,EUR,[],,,,,,,,,0.02,0.02,0.02,0.02,0.02,0.02,0.02,0.02,0.02,0.02,,,,,,,,,,,,,,,,,,,,,,,,,,,,,,,,,,,,,,,,,,EUR,0.35,0.13,Common,blipbug,Pokémon,https://www.tcggo.com/pokemon/lost-origin/blipbug-18,swsh11-18,283885,singles,
2026-08-23T17:19:56+02:00,,483,Kyoko Umemoto,kyoko-umemoto,LOR 19,19,674030,196,217,LOR,Pokémon,pokemon,26,https://images.tcggo.com/tcggo/storage/4124/lost-origin-logo.png,Lost Origin,EUR,1528.73,EUR,1584.69,2022-09-09,2,Sword & Shield,sword-shield,lost-origin,80,4117,https://images.tcggo.com/tcggo/storage/4144/dottler-lor-19-lost-origin-pokemon.png,https://www.tcggo.com/external/cm/4117,https://www.tcggo.com/external/tcgplayer/4117,Dottler,Dottler 19,0.03,0.02,10327,EUR,[],,,,,,,,,0.02,0.02,0.02,0.02,0.02,0.02,0.02,0.02,0.02,0.02,,,,,,,,,,,,,,,,,,,,,,,,,,,,,,,,,,,,,,,,,,EUR,0.15,0.09,Uncommon,dottler,Pokémon,https://www.tcggo.com/pokemon/lost-origin/dottler-19,swsh11-19,283887,singles,
2026-08-23T17:19:56+02:00,,495,yuu,yuu,LOR 20,20,674031,196,217,LOR,Pokémon,pokemon,26,https://images.tcggo.com/tcggo/storage/4124/lost-origin-logo.png,Lost Origin,EUR,1528.73,EUR,1584.69,2022-09-09,2,Sword & Shield,sword-shield,lost-origin,110,4118,https://images.tcggo.com/tcggo/storage/4145/orbeetle-lor-20-lost-origin-pokemon.png,https://www.tcggo.com/external/cm/4118,https://www.tcggo.com/external/tcgplayer/4118,Orbeetle,Orbeetle 20,0.22,0.1,2233,EUR,[],,,,,,,,,0.02,0.04,0.04,0.1,0.1,0.02,0.05,0.05,0.02,0.02,,,,,,,,,,,,,,,,,,,,,,,,,,,,,,,,,,,,,,,,,,EUR,0.23,0.18,Rare Holo,orbeetle,Pokémon,https://www.tcggo.com/pokemon/lost-origin/orbeetle-20,swsh11-20,283890,singles,
2026-08-23T17:19:56+02:00,,387,Scav,scav,LOR 21,21,674032,196,217,LOR,Pokémon,pokemon,26,https://images.tcggo.com/tcggo/storage/4124/lost-origin-logo.png,Lost Origin,EUR,1528.73,EUR,1584.69,2022-09-09,2,Sword & Shield,sword-shield,lost-origin,70,4119,https://images.tcggo.com/tcggo/storage/4146/slugma-lor-21-lost-origin-pokemon.png,https://www.tcggo.com/external/cm/4119,https://www.tcggo.com/external/tcgplayer/4119,Slugma,Slugma 21,0.03,0.03,14906,EUR,[],,,,,,,,,0.03,0.02,0.02,0.02,0.02,0.02,0.02,0.02,0.02,0.02,,,,,,,,,,,,,,,,,,,,,,,,,,,,,,,,,,,,,,,,,,EUR,0.26,0.09,Common,slugma,Pokémon,https://www.tcggo.com/pokemon/lost-origin/slugma-21,swsh11-21,283892,singles,
2026-08-23T17:19:56+02:00,,516,Pani Kobayashi,pani-kobayashi,LOR 22,22,674033,196,217,LOR,Pokémon,pokemon,26,https://images.tcggo.com/tcggo/storage/4124/lost-origin-logo.png,Lost Origin,EUR,1528.73,EUR,1584.69,2022-09-09,2,Sword & Shield,sword-shield,lost-origin,130,4120,https://images.tcggo.com/tcggo/storage/4147/magcargo-lor-22-lost-origin-pokemon.png,https://www.tcggo.com/external/cm/4120,https://www.tcggo.com/external/tcgplayer/4120,Magcargo,Magcargo 22,0.08,0.08,3093,EUR,[],,,,,,,,,0.02,0.02,0.02,0.02,0.02,0.02,0.02,0.02,0.02,0.02,,,,,,,,,,,,,,,,,,,,,,,,,,,,,,,,,,,,,,,,,,EUR,0.21,0.15,rare,magcargo,Pokémon,https://www.tcggo.com/pokemon/lost-origin/magcargo-22,swsh11-22,283893,singles,
2026-08-23T17:19:56+02:00,,362,Naoyo Kimura,naoyo-kimura,LOR 23,23,674034,196,217,LOR,Pokémon,pokemon,26,https://images.tcggo.com/tcggo/storage/4124/lost-origin-logo.png,Lost Origin,EUR,1528.73,EUR,1584.69,2022-09-09,2,Sword & Shield,sword-shield,lost-origin,110,4121,https://images.tcggo.com/tcggo/storage/4148/torkoal-lor-23-lost-origin-pokemon.png,https://www.tcggo.com/external/cm/4121,https://www.tcggo.com/external/tcgplayer/4121,Torkoal,Torkoal 23,0.03,0.03,7823,EUR,[],,,,,,,,,0.02,0.02,0.02,0.02,0.02,0.02,0.02,0.02,0.02,0.02,,,,,,,,,,,,,,,,,,,,,,,,,,,,,,,,,,,,,,,,,,EUR,0.16,0.1,Uncommon,torkoal,Pokémon,https://www.tcggo.com/pokemon/lost-origin/torkoal-23,swsh11-23,283894,singles,
2026-08-23T17:19:56+02:00,,401,Yuka Morii,yuka-morii,LOR 24,24,674035,196,217,LOR,Pokémon,pokemon,26,https://images.tcggo.com/tcggo/storage/4124/lost-origin-logo.png,Lost Origin,EUR,1528.73,EUR,1584.69,2022-09-09,2,Sword & Shield,sword-shield,lost-origin,60,4122,https://images.tcggo.com/tcggo/storage/4149/litwick-lor-24-lost-origin-pokemon.png,https://www.tcggo.com/external/cm/4122,https://www.tcggo.com/external/tcgplayer/4122,Litwick,Litwick 24,0.04,0.04,15215,EUR,[],,,,,,,,,0.02,0.02,0.02,0.02,0.02,0.02,0.02,0.02,0.02,0.02,,,,,,,,,,,,,,,,,,,,,,,,,,,,,,,,,,,,,,,,,,EUR,0.3,0.12,Common,litwick,Pokémon,https://www.tcggo.com/pokemon/lost-origin/litwick-24,swsh11-24,283895,singles,
2026-08-23T17:19:56+02:00,,493,kurumitsu,kurumitsu,LOR 25,25,674036,196,217,LOR,Pokémon,pokemon,26,https://images.tcggo.com/tcggo/storage/4124/lost-origin-logo.png,Lost Origin,EUR,1528.73,EUR,1584.69,2022-09-09,2,Sword & Shield,sword-shield,lost-origin,80,4123,https://images.tcggo.com/tcggo/storage/4150/lampent-lor-25-lost-origin-pokemon.png,https://www.tcggo.com/external/cm/4123,https://www.tcggo.com/external/tcgplayer/4123,Lampent,Lampent 25,0.03,0.03,10344,EUR,[],,,,,,,,,0.02,0.02,0.02,0.02,0.02,0.02,0.02,0.02,0.02,0.02,,,,,,,,,,,,,,,,,,,,,,,,,,,,,,,,,,,,,,,,,,EUR,0.19,0.1,Uncommon,lampent,Pokémon,https://www.tcggo.com/pokemon/lost-origin/lampent-25,swsh11-25,283896,singles,
2026-08-23T17:19:56+02:00,,503,sui,sui,LOR 26,26,674037,196,217,LOR,Pokémon,pokemon,26,https://images.tcggo.com/tcggo/storage/4124/lost-origin-logo.png,Lost Origin,EUR,1528.73,EUR,1584.69,2022-09-09,2,Sword & Shield,sword-shield,lost-origin,150,4124,https://images.tcggo.com/tcggo/storage/4151/chandelure-lor-26-lost-origin-pokemon.png,https://www.tcggo.com/external/cm/4124,https://www.tcggo.com/external/tcgplayer/4124,Chandelure,Chandelure 26,0.22,0.28,3295,EUR,[],,,,,,,,,0.02,0.02,0.02,0.04,0.04,0.02,0.05,0.05,0.02,0.02,,,,,,,,,,,,,,,,,,,,,,,,,,,,,,,,,,,,,,,,,,EUR,0.2,0.21,Rare Holo,chandelure,Pokémon,https://www.tcggo.com/pokemon/lost-origin/chandelure-26,swsh11-26,283897,singles,
2026-08-23T17:19:56+02:00,,380,5ban Graphics,5ban-graphics,LOR 27,27,674038,196,217,LOR,Pokémon,pokemon,26,https://images.tcggo.com/tcggo/storage/4124/lost-origin-logo.png,Lost Origin,EUR,1528.73,EUR,1584.69,2022-09-09,2,Sword & Shield,sword-shield,lost-origin,210,4125,https://images.tcggo.com/tcggo/storage/4152/delphox-v-lor-27-lost-origin-pokemon.png,https://www.tcggo.com/external/cm/4125,https://www.tcggo.com/external/tcgplayer/4125,Delphox V,Delphox V 27,0.69,0.67,2515,EUR,[],,,,,,,,,0.1,0.19,0.19,0.3,0.3,0.1,0.49,0.49,0.1,0.1,,,,,,,,,,,,,,,,,,,,,,,,,,,,,,,,,,,,,,,,,,EUR,0.75,0.85,Rare Holo V,delphox-v,Pokémon,https://www.tcggo.com/pokemon/lost-origin/delphox-v-27,swsh11-27,283898,singles,
2026-08-23T17:19:56+02:00,,498,Sekio,sekio,LOR 28,28,674039,196,217,LOR,Pokémon,pokemon,26,https://images.tcggo.com/tcggo/storage/4124/lost-origin-logo.png,Lost Origin,EUR,1528.73,EUR,1584.69,2022-09-09,2,Sword & Shield,sword-shield,lost-origin,70,4126,https://images.tcggo.com/tcggo/storage/4153/litleo-lor-28-lost-origin-pokemon.png,https://www.tcggo.com/external/cm/4126,https://www.tcggo.com/external/tcgplayer/4126,Litleo,Litleo 28,0.03,0.03,10240,EUR,[],,,,,,,,,0.02,0.02,0.02,0.02,0.02,0.02,0.02,0.02,0.02,0.02,,,,,,,,,,,,,,,,,,,,,,,,,,,,,,,,,,,,,,,,,,EUR,0.26,0.1,Common,litleo,Pokémon,https://www.tcggo.com/pokemon/lost-origin/litleo-28,swsh11-28,283899,singles,
2026-08-23T17:19:56+02:00,,492,Misa Tsutsui,misa-tsutsui,LOR 29,29,674040,196,217,LOR,Pokémon,pokemon,26,https://images.tcggo.com/tcggo/storage/4124/lost-origin-logo.png,Lost Origin,EUR,1528.73,EUR,1584.69,2022-09-09,2,Sword & Shield,sword-shield,lost-origin,120,4127,https://images.tcggo.com/tcggo/storage/4154/pyroar-lor-29-lost-origin-pokemon.png,https://www.tcggo.com/external/cm/4127,https://www.tcggo.com/external/tcgplayer/4127,Pyroar,Pyroar 29,0.27,0.13,1678,EUR,[],,,,,,,,,0.02,0.02,0.02,0.02,0.02,0.02,0.07,0.07,0.02,0.02,,,,,,,,,,,,,,,,,,,,,,,,,,,,,,,,,,,,,,,,,,EUR,0.25,0.21,Rare Holo,pyroar,Pokémon,https://www.tcggo.com/pokemon/lost-origin/pyroar-29,swsh11-29,283901,singles,
2026-08-23T17:19:56+02:00,,438,Miki Tanaka,miki-tanaka,LOR 30,30,674041,196,217,LOR,Pokémon,pokemon,26,https://images.tcggo.com/tcggo/storage/4124/lost-origin-logo.png,Lost Origin,EUR,1528.73,EUR,1584.69,2022-09-09,2,Sword & Shield,sword-shield,lost-origin,60,4128,https://images.tcggo.com/tcggo/storage/4155/poliwag-lor-30-lost-origin-pokemon.png,https://www.tcggo.com/external/cm/4128,https://www.tcggo.com/external/tcgplayer/4128,Poliwag,Poliwag 30,0.03,0.03,15611,EUR,[],,,,,,,,,0.02,0.02,0.02,0.02,0.02,0.02,0.02,0.02,0.02,0.02,,,,,,,,,,,,,,,,,,,,,,,,,,,,,,,,,,,,,,,,,,EUR,0.15,0.09,Common,poliwag,Pokémon,https://www.tcggo.com/pokemon/lost-origin/poliwag-30,swsh11-30,283903,singles,
2026-08-23T17:19:56+02:00,,387,Scav,scav,LOR 31,31,674042,196,217,LOR,Pokémon,pokemon,26,https://images.tcggo.com/tcggo/storage/4124/lost-origin-logo.png,Lost Origin,EUR,1528.73,EUR,1584.69,2022-09-09,2,Sword & Shield,sword-shield,lost-origin,90,4129,https://images.tcggo.com/tcggo/storage/4156/poliwhirl-lor-31-lost-origin-pokemon.png,https://www.tcggo.com/external/cm/4129,https://www.tcggo.com/external/tcgplayer/4129,Poliwhirl,Poliwhirl 31,0.05,0.04,6441,EUR,[],,,,,,,,,0.02,0.02,0.02,0.02,0.02,0.02,0.02,0.02,0.02,0.02,,,,,,,,,,,,,,,,,,,,,,,,,,,,,,,,,,,,,,,,,,EUR,0.18,0.13,Uncommon,poliwhirl,Pokémon,https://www.tcggo.com/pokemon/lost-origin/poliwhirl-31,swsh11-31,283904,singles,
2026-08-23T17:19:56+02:00,,513,ryoma uratsuka,ryoma-uratsuka,LOR 32,32,674043,196,217,LOR,Pokémon,pokemon,26,https://images.tcggo.com/tcggo/storage/4124/lost-origin-logo.png,Lost Origin,EUR,1528.73,EUR,1584.69,2022-09-09,2,Sword & Shield,sword-shield,lost-origin,140,4130,https://images.tcggo.com/tcggo/storage/4157/politoed-lor-32-lost-origin-pokemon.png,https://www.tcggo.com/external/cm/4130,https://www.tcggo.com/external/tcgplayer/4130,Politoed,Politoed 32,0.16,0.21,2427,EUR,[],,,,,,,,,0.02,0.05,0.05,0.02,0.02,0.02,0.02,0.02,0.02,0.02,,,,,,,,,,,,,,,,,,,,,,,,,,,,,,,,,,,,,,,,,,EUR,0.38,0.25,rare,politoed,Pokémon,https://www.tcggo.com/pokemon/lost-origin/politoed-32,swsh11-32,283905,singles,
2026-08-23T17:19:56+02:00,,459,GIDORA,gidora,LOR 33,33,674044,196,217,LOR,Pokémon,pokemon,26,https://images.tcggo.com/tcggo/storage/4124/lost-origin-logo.png,Lost Origin,EUR,1528.73,EUR,1584.69,2022-09-09,2,Sword & Shield,sword-shield,lost-origin,70,4131,https://images.tcggo.com/tcggo/storage/4158/seel-lor-33-lost-origin-pokemon.png,https://www.tcggo.com/external/cm/4131,https://www.tcggo.com/external/tcgplayer/4131,Seel,Seel 33,0.03,0.04,9951,EUR,[],,,,,,,,,0.02,0.02,0.02,0.02,0.02,0.02,0.02,0.02,0.02,0.02,,,,,,,,,,,,,,,,,,,,,,,,,,,,,,,,,,,,,,,,,,EUR,0.21,0.09,Common,seel,Pokémon,https://www.tcggo.com/pokemon/lost-origin/seel-33,swsh11-33,283906,singles,
2026-08-23T17:19:56+02:00,,500,chibi,chibi,LOR 34,34,674045,196,217,LOR,Pokémon,pokemon,26,https://images.tcggo.com/tcggo/storage/4124/lost-origin-logo.png,Lost Origin,EUR,1528.73,EUR,1584.69,2022-09-09,2,Sword & Shield,sword-shield,lost-origin,120,4132,https://images.tcggo.com/tcggo/storage/4159/dewgong-lor-34-lost-origin-pokemon.png,https://www.tcggo.com/external/cm/4132,https://www.tcggo.com/external/tcgplayer/4132,Dewgong,Dewgong 34,0.1,0.09,3440,EUR,[],,,,,,,,,0.02,0.02,0.02,0.02,0.02,0.02,0.02,0.02,0.02,0.02,,,,,,,,,,,,,,,,,,,,,,,,,,,,,,,,,,,,,,,,,,EUR,0.28,0.16,rare,dewgong,Pokémon,https://www.tcggo.com/pokemon/lost-origin/dewgong-34,swsh11-34,283908,singles,
2026-08-23T17:19:56+02:00,,499,Tika Matsuno,tika-matsuno,LOR 35,35,674046,196,217,LOR,Pokémon,pokemon,26,https://images.tcggo.com/tcggo/storage/4124/lost-origin-logo.png,Lost Origin,EUR,1528.73,EUR,1584.69,2022-09-09,2,Sword & Shield,sword-shield,lost-origin,50,4133,https://images.tcggo.com/tcggo/storage/4160/horsea-lor-35-lost-origin-pokemon.png,https://www.tcggo.com/external/cm/4133,https://www.tcggo.com/external/tcgplayer/4133,Horsea,Horsea 35,0.03,0.04,16996,EUR,[],,,,,,,,,0.02,0.02,0.02,0.02,0.02,0.02,0.02,0.02,0.02,0.02,,,,,,,,,,,,,,,,,,,,,,,,,,,,,,,,,,,,,,,,,,EUR,0.18,0.09,Common,horsea,Pokémon,https://www.tcggo.com/pokemon/lost-origin/horsea-35,swsh11-35,283909,singles,
2026-08-23T17:19:56+02:00,,503,sui,sui,LOR 36,36,674047,196,217,LOR,Pokémon,pokemon,26,https://images.tcggo.com/tcggo/storage/4124/lost-origin-logo.png,Lost Origin,EUR,1528.73,EUR,1584.69,2022-09-09,2,Sword & Shield,sword-shield,lost-origin,80,4134,https://images.tcggo.com/tcggo/storage/4161/seadra-lor-36-lost-origin-pokemon.png,https://www.tcggo.com/external/cm/4134,https://www.tcggo.com/external/tcgplayer/4134,Seadra,Seadra 36,0.03,0.04,11193,EUR,[],,,,,,,,,0.02,0.02,0.02,0.02,0.02,0.02,0.02,0.02,0.02,0.02,,,,,,,,,,,,,,,,,,,,,,,,,,,,,,,,,,,,,,,,,,EUR,0.2,0.1,Uncommon,seadra,Pokémon,https://www.tcggo.com/pokemon/lost-origin/seadra-36,swsh11-36,283910,singles,
2026-08-23T17:19:56+02:00,,434,AKIRA EGAWA,akira-egawa,LOR 37,37,700343,196,217,LOR,Pokémon,pokemon,26,https://images.tcggo.com/tcggo/storage/4124/lost-origin-logo.png,Lost Origin,EUR,1528.73,EUR,1584.69,2022-09-09,2,Sword & Shield,sword-shield,lost-origin,150,4135,https://images.tcggo.com/tcggo/storage/4162/kingdra-lor-37-lost-origin-pokemon.png,https://www.tcggo.com/external/cm/4135,https://www.tcggo.com/external/tcgplayer/4135,Kingdra,Kingdra 37,0.23,0.22,2712,EUR,[],,,,,,,,,0.03,0.03,0.03,0.02,0.02,0.03,0.03,0.03,0.02,0.02,,,,,,,,,,,,,,,,,,,,,,,,,,,,,,,,,,,,,,,,,,EUR,0.26,0.21,Rare Holo,kingdra,Pokémon,https://www.tcggo.com/pokemon/lost-origin/kingdra-37,swsh11-37,283911,singles,
2026-08-23T17:19:56+02:00,,498,Sekio,sekio,LOR 38,38,674048,196,217,LOR,Pokémon,pokemon,26,https://images.tcggo.com/tcggo/storage/4124/lost-origin-logo.png,Lost Origin,EUR,1528.73,EUR,1584.69,2022-09-09,2,Sword & Shield,sword-shield,lost-origin,70,4136,https://images.tcggo.com/tcggo/storage/4163/luvdisc-lor-38-lost-origin-pokemon.png,https://www.tcggo.com/external/cm/4136,https://www.tcggo.com/external/tcgplayer/4136,Luvdisc,Luvdisc 38,0.02,0.02,10139,EUR,[],,,,,,,,,0.03,0.02,0.02,0.02,0.02,0.02,0.02,0.02,0.02,0.02,,,,,,,,,,,,,,,,,,,,,,,,,,,,,,,,,,,,,,,,,,EUR,0.39,0.1,Common,luvdisc,Pokémon,https://www.tcggo.com/pokemon/lost-origin/luvdisc-38,swsh11-38,283912,singles,
2026-08-23T17:19:56+02:00,,360,Saya Tsuruta,saya-tsuruta,LOR 39,39,674049,196,217,LOR,Pokémon,pokemon,26,https://images.tcggo.com/tcggo/storage/4124/lost-origin-logo.png,Lost Origin,EUR,1528.73,EUR,1584.69,2022-09-09,2,Sword & Shield,sword-shield,lost-origin,70,4137,https://images.tcggo.com/tcggo/storage/4164/shellos-lor-39-lost-origin-pokemon.png,https://www.tcggo.com/external/cm/4137,https://www.tcggo.com/external/tcgplayer/4137,Shellos,Shellos 39,0.03,0.03,16040,EUR,[],,,,,,,,,0.02,0.02,0.02,0.02,0.02,0.02,0.02,0.02,0.02,0.02,,,,,,,,,,,,,,,,,,,,,,,,,,,,,,,,,,,,,,,,,,EUR,0.21,0.1,Common,shellos,Pokémon,https://www.tcggo.com/pokemon/lost-origin/shellos-39,swsh11-39,283913,singles,
2026-08-23T17:19:56+02:00,,398,Taira Akitsu,taira-akitsu,LOR 40,40,674050,196,217,LOR,Pokémon,pokemon,26,https://images.tcggo.com/tcggo/storage/4124/lost-origin-logo.png,Lost Origin,EUR,1528.73,EUR,1584.69,2022-09-09,2,Sword & Shield,sword-shield,lost-origin,50,4138,https://images.tcggo.com/tcggo/storage/4165/finneon-lor-40-lost-origin-pokemon.png,https://www.tcggo.com/external/cm/4138,https://www.tcggo.com/external/tcgplayer/4138,Finneon,Finneon 40,0.03,0.03,10261,EUR,[],,,,,,,,,0.03,0.02,0.02,0.02,0.02,0.02,0.02,0.02,0.02,0.02,,,,,,,,,,,,,,,,,,,,,,,,,,,,,,,,,,,,,,,,,,EUR,0.21,0.11,Common,finneon,Pokémon,https://www.tcggo.com/pokemon/lost-origin/finneon-40,swsh11-40,283914,singles,
2026-08-23T17:19:56+02:00,,546,zig,zig,LOR 41,41,674051,196,217,LOR,Pokémon,pokemon,26,https://images.tcggo.com/tcggo/storage/4124/lost-origin-logo.png,Lost Origin,EUR,1528.73,EUR,1584.69,2022-09-09,2,Sword & Shield,sword-shield,lost-origin,90,4139,https://images.tcggo.com/tcggo/storage/4166/lumineon-lor-41-lost-origin-pokemon.png,https://www.tcggo.com/external/cm/4139,https://www.tcggo.com/external/tcgplayer/4139,Lumineon,Lumineon 41,0.03,0.03,10428,EUR,[],,,,,,,,,0.02,0.02,0.02,0.02,0.02,0.02,0.02,0.02,0.02,0.02,,,,,,,,,,,,,,,,,,,,,,,,,,,,,,,,,,,,,,,,,,EUR,0.19,0.1,Uncommon,lumineon,Pokémon,https://www.tcggo.com/pokemon/lost-origin/lumineon-41,swsh11-41,283915,singles,
2026-08-23T17:19:56+02:00,,375,Mitsuhiro Arita,mitsuhiro-arita,LOR 42,42,674052,196,217,LOR,Pokémon,pokemon,26,https://images.tcggo.com/tcggo/storage/4124/lost-origin-logo.png,Lost Origin,EUR,1528.73,EUR,1584.69,2022-09-09,2,Sword & Shield,sword-shield,lost-origin,80,4140,https://images.tcggo.com/tcggo/storage/4167/snover-lor-42-lost-origin-pokemon.png,https://www.tcggo.com/external/cm/4140,https://www.tcggo.com/external/tcgplayer/4140,Snover,Snover 42,0.02,0.02,15713,EUR,[],,,,,,,,,0.02,0.02,0.02,0.02,0.02,0.02,0.02,0.02,0.02,0.02,,,,,,,,,,,,,,,,,,,,,,,,,,,,,,,,,,,,,,,,,,EUR,0.12,0.09,Common,snover,Pokémon,https://www.tcggo.com/pokemon/lost-origin/snover-42,swsh11-42,283916,singles,
2026-08-23T17:19:56+02:00,,414,kodama,kodama,LOR 43,43,674053,196,217,LOR,Pokémon,pokemon,26,https://images.tcggo.com/tcggo/storage/4124/lost-origin-logo.png,Lost Origin,EUR,1528.73,EUR,1584.69,2022-09-09,2,Sword & Shield,sword-shield,lost-origin,140,4141,https://images.tcggo.com/tcggo/storage/4168/abomasnow-lor-43-lost-origin-pokemon.png,https://www.tcggo.com/external/cm/4141,https://www.tcggo.com/external/tcgplayer/4141,Abomasnow,Abomasnow 43,0.03,0.03,10297,EUR,[],,,,,,,,,0.02,0.02,0.02,0.02,0.02,0.02,0.02,0.02,0.02,0.02,,,,,,,,,,,,,,,,,,,,,,,,,,,,,,,,,,,,,,,,,,EUR,0.14,0.12,Uncommon,abomasnow,Pokémon,https://www.tcggo.com/pokemon/lost-origin/abomasnow-43,swsh11-43,283917,singles,
2026-08-23T17:19:56+02:00,,368,Oswaldo KATO,oswaldo-kato,LOR 44,44,674054,196,217,LOR,Pokémon,pokemon,26,https://images.tcggo.com/tcggo/storage/4124/lost-origin-logo.png,Lost Origin,EUR,1528.73,EUR,1584.69,2022-09-09,2,Sword & Shield,sword-shield,lost-origin,50,4142,https://images.tcggo.com/tcggo/storage/4169/hisuian-basculin-lor-44-lost-origin-pokemon.png,https://www.tcggo.com/external/cm/4142,https://www.tcggo.com/external/tcgplayer/4142,Hisuian Basculin,Hisuian Basculin 44,0.03,0.03,10585,EUR,[],,,,,,,,,0.03,0.02,0.02,0.02,0.02,0.02,0.02,0.02,0.02,0.02,,,,,,,,,,,,,,,,,,,,,,,,,,,,,,,,,,,,,,,,,,EUR,0.21,0.09,Common,hisuian-basculin,Pokémon,https://www.tcggo.com/pokemon/lost-origin/hisuian-basculin-44,swsh11-44,283918,singles,
2026-08-23T17:19:56+02:00,,434,AKIRA EGAWA,akira-egawa,LOR 45,45,674055,196,217,LOR,Pokémon,pokemon,26,https://images.tcggo.com/tcggo/storage/4124/lost-origin-logo.png,Lost Origin,EUR,1528.73,EUR,1584.69,2022-09-09,2,Sword & Shield,sword-shield,lost-origin,110,4143,https://images.tcggo.com/tcggo/storage/4170/hisuian-basculegion-lor-45-lost-origin-pokemon.png,https://www.tcggo.com/external/cm/4143,https://www.tcggo.com/external/tcgplayer/4143,Hisuian Basculegion,Hisuian Basculegion 45,0.33,0.37,1419,EUR,[],,,,,,,,,0.02,0.02,0.02,0.02,0.02,0.02,0.1,0.1,0.02,0.02,,,,,,,,,,,,,,,,,,,,,,,,,,,,,,,,,,,,,,,,,,EUR,0.37,0.29,Rare Holo,hisuian-basculegion,Pokémon,https://www.tcggo.com/pokemon/lost-origin/hisuian-basculegion-45,swsh11-45,283919,singles,
2026-08-23T17:19:56+02:00,,401,Yuka Morii,yuka-morii,LOR 46,46,674056,196,217,LOR,Pokémon,pokemon,26,https://images.tcggo.com/tcggo/storage/4124/lost-origin-logo.png,Lost Origin,EUR,1528.73,EUR,1584.69,2022-09-09,2,Sword & Shield,sword-shield,lost-origin,60,4144,https://images.tcggo.com/tcggo/storage/4171/ducklett-lor-46-lost-origin-pokemon.png,https://www.tcggo.com/external/cm/4144,https://www.tcggo.com/external/tcgplayer/4144,Ducklett,Ducklett 46,0.04,0.07,15594,EUR,[],,,,,,,,,0.02,0.02,0.02,0.02,0.02,0.02,0.02,0.02,0.02,0.02,,,,,,,,,,,,,,,,,,,,,,,,,,,,,,,,,,,,,,,,,,EUR,0.46,0.13,Common,ducklett,Pokémon,https://www.tcggo.com/pokemon/lost-origin/ducklett-46,swsh11-46,283920,singles,
2026-08-23T17:19:56+02:00,,498,Sekio,sekio,LOR 47,47,674057,196,217,LOR,Pokémon,pokemon,26,https://images.tcggo.com/tcggo/storage/4124/lost-origin-logo.png,Lost Origin,EUR,1528.73,EUR,1584.69,2022-09-09,2,Sword & Shield,sword-shield,lost-origin,120,4145,https://images.tcggo.com/tcggo/storage/4172/swanna-lor-47-lost-origin-pokemon.png,https://www.tcggo.com/external/cm/4145,https://www.tcggo.com/external/tcgplayer/4145,Swanna,Swanna 47,0.03,0.03,7605,EUR,[],,,,,,,,,0.02,0.02,0.02,0.02,0.02,0.02,0.02,0.02,0.02,0.02,,,,,,,,,,,,,,,,,,,,,,,,,,,,,,,,,,,,,,,,,,EUR,0.14,0.1,Uncommon,swanna,Pokémon,https://www.tcggo.com/pokemon/lost-origin/swanna-47,swsh11-47,283921,singles,
2026-08-23T17:19:56+02:00,,490,takuyoa,takuyoa,LOR 48,48,674058,196,217,LOR,Pokémon,pokemon,26,https://images.tcggo.com/tcggo/storage/4124/lost-origin-logo.png,Lost Origin,EUR,1528.73,EUR,1584.69,2022-09-09,2,Sword & Shield,sword-shield,lost-origin,220,4146,https://images.tcggo.com/tcggo/storage/4173/kyurem-v-lor-48-lost-origin-pokemon.png,https://www.tcggo.com/external/cm/4146,https://www.tcggo.com/external/tcgplayer/4146,Kyurem V,Kyurem V 48,0.69,0.67,2086,EUR,[],,,,,,,,,0.3,0.2,0.2,0.4,0.4,0.3,0.35,0.35,0.07,0.07,,,,,,,,,,,,,,,,,,,,,,,,,,,,,,,,,,,,,,,,,,EUR,0.66,0.85,Rare Holo V,kyurem-v,Pokémon,https://www.tcggo.com/pokemon/lost-origin/kyurem-v-48,swsh11-48,283922,singles,
2026-08-23T17:19:56+02:00,,489,N-DESIGN Inc.,n-design-inc,LOR 49,49,674059,196,217,LOR,Pokémon,pokemon,26,https://images.tcggo.com/tcggo/storage/4124/lost-origin-logo.png,Lost Origin,EUR,1528.73,EUR,1584.69,2022-09-09,2,Sword & Shield,sword-shield,lost-origin,330,4147,https://images.tcggo.com/tcggo/storage/4174/kyurem-vmax-lor-49-lost-origin-pokemon.png,https://www.tcggo.com/external/cm/4147,https://www.tcggo.com/external/tcgplayer/4147,Kyurem VMAX,Kyurem VMAX 49,1.68,1.61,852,EUR,[],,,,,,,,,0.99,0.95,0.95,1,1,1,1.5,1.5,0.49,0.49,,,,,,,,,,,,,,,,,,,,,,,,,,,,,,,,,,,,,,,,,,EUR,1.85,1.87,Rare Holo VMAX,kyurem-vmax,Pokémon,https://www.tcggo.com/pokemon/lost-origin/kyurem-vmax-49,swsh11-49,283923,singles,
2026-08-23T17:19:56+02:00,,478,Midori Harada,midori-harada,LOR 50,50,674060,196,217,LOR,Pokémon,pokemon,26,https://images.tcggo.com/tcggo/storage/4124/lost-origin-logo.png,Lost Origin,EUR,1528.73,EUR,1584.69,2022-09-09,2,Sword & Shield,sword-shield,lost-origin,110,4148,https://images.tcggo.com/tcggo/storage/21379/cramorant-lor-50-lost-origin.png,https://www.tcggo.com/external/cm/4148,https://www.tcggo.com/external/tcgplayer/4148,Cramorant,Cramorant 50,0.1,0.1,3527,EUR,[],,,,,,,,,0.02,0.02,0.02,0.02,0.02,0.02,0.02,0.02,0.02,0.02,,,,,,,,,,,,,,,,,,,,,,,,,,,,,,,,,,,,,,,,,,EUR,0.23,0.17,rare,cramorant,Pokémon,https://www.tcggo.com/pokemon/lost-origin/cramorant-50,swsh11-50,283924,singles,
2026-08-23T17:19:56+02:00,,535,Jiro Sasumo,jiro-sasumo,LOR 51,51,674061,196,217,LOR,Pokémon,pokemon,26,https://images.tcggo.com/tcggo/storage/4124/lost-origin-logo.png,Lost Origin,EUR,1528.73,EUR,1584.69,2022-09-09,2,Sword & Shield,sword-shield,lost-origin,130,4149,https://images.tcggo.com/tcggo/storage/4175/glastrier-lor-51-lost-origin-pokemon.png,https://www.tcggo.com/external/cm/4149,https://www.tcggo.com/external/tcgplayer/4149,Glastrier,Glastrier 51,0.25,0.19,2390,EUR,[],,,,,,,,,0.02,0.04,0.04,0.02,0.02,0.02,0.05,0.05,0.02,0.02,,,,,,,,,,,,,,,,,,,,,,,,,,,,,,,,,,,,,,,,,,EUR,0.37,0.28,Rare Holo,glastrier,Pokémon,https://www.tcggo.com/pokemon/lost-origin/glastrier-51,swsh11-51,283925,singles,
2026-08-23T17:19:56+02:00,,493,kurumitsu,kurumitsu,LOR 52,52,674062,196,217,LOR,Pokémon,pokemon,26,https://images.tcggo.com/tcggo/storage/4124/lost-origin-logo.png,Lost Origin,EUR,1528.73,EUR,1584.69,2022-09-09,2,Sword & Shield,sword-shield,lost-origin,60,4150,https://images.tcggo.com/tcggo/storage/4176/pikachu-lor-52-lost-origin-pokemon.png,https://www.tcggo.com/external/cm/4150,https://www.tcggo.com/external/tcgplayer/4150,Pikachu,Pikachu 52,0.16,0.21,3541,EUR,[],,,,,,,,,0.02,0.02,0.02,0.02,0.02,0.02,0.02,0.02,0.02,0.02,,,,,,,,,,,,,,,,,,,,,,,,,,,,,,,,,,,,,,,,,,EUR,5.55,0.45,Common,pikachu,Pokémon,https://www.tcggo.com/pokemon/lost-origin/pikachu-52,swsh11-52,283926,singles,
2026-08-23T17:19:56+02:00,,459,GIDORA,gidora,LOR 53,53,674063,196,217,LOR,Pokémon,pokemon,26,https://images.tcggo.com/tcggo/storage/4124/lost-origin-logo.png,Lost Origin,EUR,1528.73,EUR,1584.69,2022-09-09,2,Sword & Shield,sword-shield,lost-origin,120,4151,https://images.tcggo.com/tcggo/storage/4177/raichu-lor-53-lost-origin-pokemon.png,https://www.tcggo.com/external/cm/4151,https://www.tcggo.com/external/tcgplayer/4151,Raichu,Raichu 53,0.16,0.26,2142,EUR,[],,,,,,,,,0.02,0.02,0.02,0.02,0.02,0.02,0.02,0.02,0.02,0.02,,,,,,,,,,,,,,,,,,,,,,,,,,,,,,,,,,,,,,,,,,EUR,0.41,0.21,rare,raichu,Pokémon,https://www.tcggo.com/pokemon/lost-origin/raichu-53,swsh11-53,283927,singles,
2026-08-23T17:19:56+02:00,,485,otumami,otumami,LOR 54,54,674064,196,217,LOR,Pokémon,pokemon,26,https://images.tcggo.com/tcggo/storage/4124/lost-origin-logo.png,Lost Origin,EUR,1528.73,EUR,1584.69,2022-09-09,2,Sword & Shield,sword-shield,lost-origin,60,4152,https://images.tcggo.com/tcggo/storage/4178/electrike-lor-54-lost-origin-pokemon.png,https://www.tcggo.com/external/cm/4152,https://www.tcggo.com/external/tcgplayer/4152,Electrike,Electrike 54,0.02,0.03,16174,EUR,[],,,,,,,,,0.02,0.02,0.02,0.02,0.02,0.02,0.02,0.02,0.02,0.02,,,,,,,,,,,,,,,,,,,,,,,,,,,,,,,,,,,,,,,,,,EUR,0.15,0.09,Common,electrike,Pokémon,https://www.tcggo.com/pokemon/lost-origin/electrike-54,swsh11-54,283928,singles,
2026-08-23T17:19:56+02:00,,459,GIDORA,gidora,LOR 55,55,674065,196,217,LOR,Pokémon,pokemon,26,https://images.tcggo.com/tcggo/storage/4124/lost-origin-logo.png,Lost Origin,EUR,1528.73,EUR,1584.69,2022-09-09,2,Sword & Shield,sword-shield,lost-origin,120,4153,https://images.tcggo.com/tcggo/storage/4179/manectric-lor-55-lost-origin-pokemon.png,https://www.tcggo.com/external/cm/4153,https://www.tcggo.com/external/tcgplayer/4153,Manectric,Manectric 55,0.08,0.07,3975,EUR,[],,,,,,,,,0.02,0.02,0.02,0.02,0.02,0.02,0.02,0.02,0.02,0.02,,,,,,,,,,,,,,,,,,,,,,,,,,,,,,,,,,,,,,,,,,EUR,0.17,0.19,rare,manectric,Pokémon,https://www.tcggo.com/pokemon/lost-origin/manectric-55,swsh11-55,283929,singles,
2026-08-23T17:19:56+02:00,,489,N-DESIGN Inc.,n-design-inc,LOR 56,56,674066,196,217,LOR,Pokémon,pokemon,26,https://images.tcggo.com/tcggo/storage/4124/lost-origin-logo.png,Lost Origin,EUR,1528.73,EUR,1584.69,2022-09-09,2,Sword & Shield,sword-shield,lost-origin,210,4154,https://images.tcggo.com/tcggo/storage/4180/magnezone-v-lor-56-lost-origin-pokemon.png,https://www.tcggo.com/external/cm/4154,https://www.tcggo.com/external/tcgplayer/4154,Magnezone V,Magnezone V 56,0.57,0.53,2709,EUR,[],,,,,,,,,0.1,0.2,0.2,0.25,0.25,0.1,0.24,0.24,0.1,0.1,,,,,,,,,,,,,,,,,,,,,,,,,,,,,,,,,,,,,,,,,,EUR,0.56,0.85,Rare Holo V,magnezone-v,Pokémon,https://www.tcggo.com/pokemon/lost-origin/magnezone-v-56,swsh11-56,283930,singles,
2026-08-23T17:19:56+02:00,,384,PLANETA Mochizuki,planeta-mochizuki,LOR 57,57,674067,196,217,LOR,Pokémon,pokemon,26,https://images.tcggo.com/tcggo/storage/4124/lost-origin-logo.png,Lost Origin,EUR,1528.73,EUR,1584.69,2022-09-09,2,Sword & Shield,sword-shield,lost-origin,270,4155,https://images.tcggo.com/tcggo/storage/4181/magnezone-vstar-lor-57-lost-origin-pokemon.png,https://www.tcggo.com/external/cm/4155,https://www.tcggo.com/external/tcgplayer/4155,Magnezone VSTAR,Magnezone VSTAR 57,0.86,0.86,1576,EUR,[],,,,,,,,,0.38,0.43,0.43,0.5,0.5,0.38,0.5,0.5,0.27,0.27,,,,,,,,,,,,,,,,,,,,,,,,,,,,,,,,,,,,,,,,,,EUR,0.92,1.07,Rare Holo VSTAR,magnezone-vstar,Pokémon,https://www.tcggo.com/pokemon/lost-origin/magnezone-vstar-57,swsh11-57,283931,singles,
2026-08-23T17:19:56+02:00,,380,5ban Graphics,5ban-graphics,LOR 58,58,670812,196,217,LOR,Pokémon,pokemon,26,https://images.tcggo.com/tcggo/storage/4124/lost-origin-logo.png,Lost Origin,EUR,1528.73,EUR,1584.69,2022-09-09,2,Sword & Shield,sword-shield,lost-origin,190,4156,https://images.tcggo.com/tcggo/storage/21380/rotom-v-lor-58-lost-origin.png,https://www.tcggo.com/external/cm/4156,https://www.tcggo.com/external/tcgplayer/4156,Rotom V,Rotom V 58,0.56,0.61,1960,EUR,[],,,,,,,,,0.1,0.35,0.35,0.15,0.15,0.1,0.2,0.2,0.1,0.1,,,,,,,,,,,,,,,,,,,,,,,,,,,,,,,,,,,,,,,,,,EUR,0.64,0.85,Rare Holo V,rotom-v,Pokémon,https://www.tcggo.com/pokemon/lost-origin/rotom-v-58,swsh11-58,283932,singles,
2026-08-23T17:19:56+02:00,,425,Yukiko Baba,yukiko-baba,LOR 59,59,674068,196,217,LOR,Pokémon,pokemon,26,https://images.tcggo.com/tcggo/storage/4124/lost-origin-logo.png,Lost Origin,EUR,1528.73,EUR,1584.69,2022-09-09,2,Sword & Shield,sword-shield,lost-origin,30,4157,https://images.tcggo.com/tcggo/storage/4182/tynamo-lor-59-lost-origin-pokemon.png,https://www.tcggo.com/external/cm/4157,https://www.tcggo.com/external/tcgplayer/4157,Tynamo,Tynamo 59,0.03,0.03,10187,EUR,[],,,,,,,,,0.03,0.02,0.02,0.02,0.02,0.02,0.02,0.02,0.02,0.02,,,,,,,,,,,,,,,,,,,,,,,,,,,,,,,,,,,,,,,,,,EUR,0.21,0.09,Common,tynamo,Pokémon,https://www.tcggo.com/pokemon/lost-origin/tynamo-59,swsh11-59,283933,singles,
2026-08-23T17:19:56+02:00,,428,Uta,uta,LOR 60,60,674069,196,217,LOR,Pokémon,pokemon,26,https://images.tcggo.com/tcggo/storage/4124/lost-origin-logo.png,Lost Origin,EUR,1528.73,EUR,1584.69,2022-09-09,2,Sword & Shield,sword-shield,lost-origin,80,4158,https://images.tcggo.com/tcggo/storage/4183/eelektrik-lor-60-lost-origin-pokemon.png,https://www.tcggo.com/external/cm/4158,https://www.tcggo.com/external/tcgplayer/4158,Eelektrik,Eelektrik 60,0.02,0.02,10496,EUR,[],,,,,,,,,0.02,0.02,0.02,0.02,0.02,0.02,0.02,0.02,0.02,0.02,,,,,,,,,,,,,,,,,,,,,,,,,,,,,,,,,,,,,,,,,,EUR,0.15,0.09,Uncommon,eelektrik,Pokémon,https://www.tcggo.com/pokemon/lost-origin/eelektrik-60,swsh11-60,283934,singles,
2026-08-23T17:19:56+02:00,,521,Shin Nagasawa,shin-nagasawa,LOR 61,61,674070,196,217,LOR,Pokémon,pokemon,26,https://images.tcggo.com/tcggo/storage/4124/lost-origin-logo.png,Lost Origin,EUR,1528.73,EUR,1584.69,2022-09-09,2,Sword & Shield,sword-shield,lost-origin,160,4159,https://images.tcggo.com/tcggo/storage/4184/eelektross-lor-61-lost-origin-pokemon.png,https://www.tcggo.com/external/cm/4159,https://www.tcggo.com/external/tcgplayer/4159,Eelektross,Eelektross 61,0.09,0.11,3057,EUR,[],,,,,,,,,0.02,0.02,0.02,0.02,0.02,0.02,0.02,0.02,0.02,0.02,,,,,,,,,,,,,,,,,,,,,,,,,,,,,,,,,,,,,,,,,,EUR,0.2,0.15,rare,eelektross,Pokémon,https://www.tcggo.com/pokemon/lost-origin/eelektross-61,swsh11-61,283935,singles,
2026-08-23T17:19:56+02:00,,378,Kouki Saitou,kouki-saitou,LOR 62,62,674071,196,217,LOR,Pokémon,pokemon,26,https://images.tcggo.com/tcggo/storage/4124/lost-origin-logo.png,Lost Origin,EUR,1528.73,EUR,1584.69,2022-09-09,2,Sword & Shield,sword-shield,lost-origin,60,4160,https://images.tcggo.com/tcggo/storage/4185/clefairy-lor-62-lost-origin-pokemon.png,https://www.tcggo.com/external/cm/4160,https://www.tcggo.com/external/tcgplayer/4160,Clefairy,Clefairy 62,0.04,0.05,14577,EUR,[],,,,,,,,,0.02,0.02,0.02,0.02,0.02,0.02,0.02,0.02,0.02,0.02,,,,,,,,,,,,,,,,,,,,,,,,,,,,,,,,,,,,,,,,,,EUR,0.3,0.15,Common,clefairy,Pokémon,https://www.tcggo.com/pokemon/lost-origin/clefairy-62,swsh11-62,283936,singles,
2026-08-23T17:19:56+02:00,,498,Sekio,sekio,LOR 63,63,674072,196,217,LOR,Pokémon,pokemon,26,https://images.tcggo.com/tcggo/storage/4124/lost-origin-logo.png,Lost Origin,EUR,1528.73,EUR,1584.69,2022-09-09,2,Sword & Shield,sword-shield,lost-origin,100,4161,https://images.tcggo.com/tcggo/storage/4186/clefable-lor-63-lost-origin-pokemon.png,https://www.tcggo.com/external/cm/4161,https://www.tcggo.com/external/tcgplayer/4161,Clefable,Clefable 63,0.12,0.16,3480,EUR,[],,,,,,,,,0.02,0.02,0.02,0.02,0.02,0.02,0.02,0.02,0.02,0.02,,,,,,,,,,,,,,,,,,,,,,,,,,,,,,,,,,,,,,,,,,EUR,0.28,0.19,rare,clefable,Pokémon,https://www.tcggo.com/pokemon/lost-origin/clefable-63,swsh11-63,283937,singles,
2026-08-23T17:19:56+02:00,,499,Tika Matsuno,tika-matsuno,LOR 64,64,674073,196,217,LOR,Pokémon,pokemon,26,https://images.tcggo.com/tcggo/storage/4124/lost-origin-logo.png,Lost Origin,EUR,1528.73,EUR,1584.69,2022-09-09,2,Sword & Shield,sword-shield,lost-origin,40,4162,https://images.tcggo.com/tcggo/storage/4187/gastly-lor-64-lost-origin-pokemon.png,https://www.tcggo.com/external/cm/4162,https://www.tcggo.com/external/tcgplayer/4162,Gastly,Gastly 64,0.06,0.06,9117,EUR,[],,,,,,,,,0.02,0.02,0.02,0.02,0.02,0.02,0.02,0.02,0.02,0.02,,,,,,,,,,,,,,,,,,,,,,,,,,,,,,,,,,,,,,,,,,EUR,0.44,0.15,Common,gastly,Pokémon,https://www.tcggo.com/pokemon/lost-origin/gastly-64,swsh11-64,283938,singles,
2026-08-23T17:19:56+02:00,,378,Kouki Saitou,kouki-saitou,LOR 65,65,674074,196,217,LOR,Pokémon,pokemon,26,https://images.tcggo.com/tcggo/storage/4124/lost-origin-logo.png,Lost Origin,EUR,1528.73,EUR,1584.69,2022-09-09,2,Sword & Shield,sword-shield,lost-origin,70,4163,https://images.tcggo.com/tcggo/storage/4188/haunter-lor-65-lost-origin-pokemon.png,https://www.tcggo.com/external/cm/4163,https://www.tcggo.com/external/tcgplayer/4163,Haunter,Haunter 65,0.05,0.05,6106,EUR,[],,,,,,,,,0.02,0.02,0.02,0.02,0.02,0.02,0.02,0.02,0.02,0.02,,,,,,,,,,,,,,,,,,,,,,,,,,,,,,,,,,,,,,,,,,EUR,0.3,0.17,Uncommon,haunter,Pokémon,https://www.tcggo.com/pokemon/lost-origin/haunter-65,swsh11-65,283939,singles,
2026-08-23T17:19:56+02:00,,406,Narumi Sato,narumi-sato,LOR 66,66,674075,196,217,LOR,Pokémon,pokemon,26,https://images.tcggo.com/tcggo/storage/4124/lost-origin-logo.png,Lost Origin,EUR,1528.73,EUR,1584.69,2022-09-09,2,Sword & Shield,sword-shield,lost-origin,120,4164,https://images.tcggo.com/tcggo/storage/4189/gengar-lor-66-lost-origin-pokemon.png,https://www.tcggo.com/external/cm/4164,https://www.tcggo.com/external/tcgplayer/4164,Gengar,Gengar 66,1.91,2.02,402,EUR,[],,,,,,,,,1,1.5,1.5,1,1,1,1.4,1.4,0.8,0.8,,,,,,,,,,,,,,,,,,,,,,,,,,,,,,,,,,,,,,,,,,EUR,4.35,2.44,Rare Holo,gengar,Pokémon,https://www.tcggo.com/pokemon/lost-origin/gengar-66,swsh11-66,283941,singles,
2026-08-23T17:19:56+02:00,,377,Souichirou Gunjima,souichirou-gunjima,LOR 67,67,674076,196,217,LOR,Pokémon,pokemon,26,https://images.tcggo.com/tcggo/storage/4124/lost-origin-logo.png,Lost Origin,EUR,1528.73,EUR,1584.69,2022-09-09,2,Sword & Shield,sword-shield,lost-origin,90,4165,https://images.tcggo.com/tcggo/storage/4190/mr-mime-lor-67-lost-origin-pokemon.png,https://www.tcggo.com/external/cm/4165,https://www.tcggo.com/external/tcgplayer/4165,Mr. Mime,Mr. Mime 67,0.12,0.1,2832,EUR,[],,,,,,,,,0.03,0.02,0.02,0.02,0.02,0.02,0.02,0.02,0.02,0.02,,,,,,,,,,,,,,,,,,,,,,,,,,,,,,,,,,,,,,,,,,EUR,0.33,0.16,rare,mr-mime,Pokémon,https://www.tcggo.com/pokemon/lost-origin/mr-mime-67,swsh11-67,283942,singles,
2026-08-23T17:19:56+02:00,,534,Nagomi Nijo,nagomi-nijo,LOR 68,68,674078,196,217,LOR,Pokémon,pokemon,26,https://images.tcggo.com/tcggo/storage/4124/lost-origin-logo.png,Lost Origin,EUR,1528.73,EUR,1584.69,2022-09-09,2,Sword & Shield,sword-shield,lost-origin,100,4166,https://images.tcggo.com/tcggo/storage/4191/jynx-lor-68-lost-origin-pokemon.png,https://www.tcggo.com/external/cm/4166,https://www.tcggo.com/external/tcgplayer/4166,Jynx,Jynx 68,0.03,0.06,15987,EUR,[],,,,,,,,,0.03,0.02,0.02,0.02,0.02,0.02,0.02,0.02,0.02,0.02,,,,,,,,,,,,,,,,,,,,,,,,,,,,,,,,,,,,,,,,,,EUR,0.23,0.09,Common,jynx,Pokémon,https://www.tcggo.com/pokemon/lost-origin/jynx-68,swsh11-68,283943,singles,
2026-08-23T17:19:56+02:00,,518,Ryuta Fuse,ryuta-fuse,LOR 69,69,670813,196,217,LOR,Pokémon,pokemon,26,https://images.tcggo.com/tcggo/storage/4124/lost-origin-logo.png,Lost Origin,EUR,1528.73,EUR,1584.69,2022-09-09,2,Sword & Shield,sword-shield,lost-origin,130,4167,https://images.tcggo.com/tcggo/storage/4192/radiant-gardevoir-lor-69-lost-origin-pokemon.png,https://www.tcggo.com/external/cm/4167,https://www.tcggo.com/external/tcgplayer/4167,Radiant Gardevoir,Radiant Gardevoir 69,0.89,1.03,1757,EUR,[],,,,,,,,,0.4,0.25,0.29,0.25,0.25,0.4,0.5,0.6,0.07,0.07,,,,,,,,,,,,,,,,,,,,,,,,,,,,,,,,,,,,,,,,,,EUR,1.12,0.98,Radiant Rare,radiant-gardevoir,Pokémon,https://www.tcggo.com/pokemon/lost-origin/radiant-gardevoir-69,swsh11-69,283945,singles,
2026-08-23T17:19:56+02:00,,440,Shibuzoh.,shibuzoh,LOR 70,70,674079,196,217,LOR,Pokémon,pokemon,26,https://images.tcggo.com/tcggo/storage/4124/lost-origin-logo.png,Lost Origin,EUR,1528.73,EUR,1584.69,2022-09-09,2,Sword & Shield,sword-shield,lost-origin,80,4168,https://images.tcggo.com/tcggo/storage/4193/sableye-lor-70-lost-origin-pokemon.png,https://www.tcggo.com/external/cm/4168,https://www.tcggo.com/external/tcgplayer/4168,Sableye,Sableye 70,0.4,0.71,1727,EUR,[],,,,,,,,,0.05,0.05,0.07,0.02,0.02,0.05,0.02,0.02,0.02,0.02,,,,,,,,,,,,,,,,,,,,,,,,,,,,,,,,,,,,,,,,,,EUR,0.39,0.36,Rare Holo,sableye,Pokémon,https://www.tcggo.com/pokemon/lost-origin/sableye-70,swsh11-70,283946,singles,
2026-08-23T17:19:56+02:00,,493,kurumitsu,kurumitsu,LOR 71,71,674080,196,217,LOR,Pokémon,pokemon,26,https://images.tcggo.com/tcggo/storage/4124/lost-origin-logo.png,Lost Origin,EUR,1528.73,EUR,1584.69,2022-09-09,2,Sword & Shield,sword-shield,lost-origin,90,4169,https://images.tcggo.com/tcggo/storage/4194/mawile-lor-71-lost-origin-pokemon.png,https://www.tcggo.com/external/cm/4169,https://www.tcggo.com/external/tcgplayer/4169,Mawile,Mawile 71,0.03,0.05,10483,EUR,[],,,,,,,,,0.02,0.02,0.02,0.02,0.02,0.02,0.02,0.02,0.02,0.02,,,,,,,,,,,,,,,,,,,,,,,,,,,,,,,,,,,,,,,,,,EUR,0.22,0.13,Common,mawile,Pokémon,https://www.tcggo.com/pokemon/lost-origin/mawile-71,swsh11-71,283948,singles,
2026-08-23T17:19:56+02:00,,378,Kouki Saitou,kouki-saitou,LOR 72,72,674081,196,217,LOR,Pokémon,pokemon,26,https://images.tcggo.com/tcggo/storage/4124/lost-origin-logo.png,Lost Origin,EUR,1528.73,EUR,1584.69,2022-09-09,2,Sword & Shield,sword-shield,lost-origin,60,4170,https://images.tcggo.com/tcggo/storage/4195/shuppet-lor-72-lost-origin-pokemon.png,https://www.tcggo.com/external/cm/4170,https://www.tcggo.com/external/tcgplayer/4170,Shuppet,Shuppet 72,0.03,0.03,16354,EUR,[],,,,,,,,,0.02,0.02,0.02,0.02,0.02,0.02,0.02,0.02,0.02,0.02,,,,,,,,,,,,,,,,,,,,,,,,,,,,,,,,,,,,,,,,,,EUR,0.2,0.1,Common,shuppet,Pokémon,https://www.tcggo.com/pokemon/lost-origin/shuppet-72,swsh11-72,283949,singles,
2026-08-23T17:19:56+02:00,,484,Kagemaru Himeno,kagemaru-himeno,LOR 73,73,674084,196,217,LOR,Pokémon,pokemon,26,https://images.tcggo.com/tcggo/storage/4124/lost-origin-logo.png,Lost Origin,EUR,1528.73,EUR,1584.69,2022-09-09,2,Sword & Shield,sword-shield,lost-origin,100,4171,https://images.tcggo.com/tcggo/storage/4196/banette-lor-73-lost-origin-pokemon.png,https://www.tcggo.com/external/cm/4171,https://www.tcggo.com/external/tcgplayer/4171,Banette,Banette 73,0.09,0.07,4391,EUR,[],,,,,,,,,0.02,0.02,0.02,0.02,0.02,0.02,0.02,0.02,0.02,0.02,,,,,,,,,,,,,,,,,,,,,,,,,,,,,,,,,,,,,,,,,,EUR,0.24,0.15,rare,banette,Pokémon,https://www.tcggo.com/pokemon/lost-origin/banette-73,swsh11-73,283951,singles,
2026-08-23T17:19:56+02:00,,391,saino misaki,saino-misaki,LOR 74,74,674086,196,217,LOR,Pokémon,pokemon,26,https://images.tcggo.com/tcggo/storage/4124/lost-origin-logo.png,Lost Origin,EUR,1528.73,EUR,1584.69,2022-09-09,2,Sword & Shield,sword-shield,lost-origin,120,4172,https://images.tcggo.com/tcggo/storage/4197/cresselia-lor-74-lost-origin-pokemon.png,https://www.tcggo.com/external/cm/4172,https://www.tcggo.com/external/tcgplayer/4172,Cresselia,Cresselia 74,0.7,0.42,1472,EUR,[],,,,,,,,,0.02,0.05,0.05,0.2,0.2,0.02,0.05,0.05,0.02,0.02,,,,,,,,,,,,,,,,,,,,,,,,,,,,,,,,,,,,,,,,,,EUR,0.47,0.35,Rare Holo,cresselia,Pokémon,https://www.tcggo.com/pokemon/lost-origin/cresselia-74,swsh11-74,283953,singles,
2026-08-23T17:19:56+02:00,,426,Akira Komayama,akira-komayama,LOR 75,75,674088,196,217,LOR,Pokémon,pokemon,26,https://images.tcggo.com/tcggo/storage/4124/lost-origin-logo.png,Lost Origin,EUR,1528.73,EUR,1584.69,2022-09-09,2,Sword & Shield,sword-shield,lost-origin,60,4173,https://images.tcggo.com/tcggo/storage/4198/hisuian-zorua-lor-75-lost-origin-pokemon.png,https://www.tcggo.com/external/cm/4173,https://www.tcggo.com/external/tcgplayer/4173,Hisuian Zorua,Hisuian Zorua 75,0.04,0.05,14079,EUR,[],,,,,,,,,0.02,0.02,0.02,0.02,0.02,0.02,0.02,0.02,0.02,0.02,,,,,,,,,,,,,,,,,,,,,,,,,,,,,,,,,,,,,,,,,,EUR,0.43,0.13,Common,hisuian-zorua,Pokémon,https://www.tcggo.com/pokemon/lost-origin/hisuian-zorua-75,swsh11-75,283954,singles,
2026-08-23T17:19:56+02:00,,378,Kouki Saitou,kouki-saitou,LOR 76,76,670814,196,217,LOR,Pokémon,pokemon,26,https://images.tcggo.com/tcggo/storage/4124/lost-origin-logo.png,Lost Origin,EUR,1528.73,EUR,1584.69,2022-09-09,2,Sword & Shield,sword-shield,lost-origin,120,4174,https://images.tcggo.com/tcggo/storage/4199/hisuian-zoroark-lor-76-lost-origin-pokemon.png,https://www.tcggo.com/external/cm/4174,https://www.tcggo.com/external/tcgplayer/4174,Hisuian Zoroark,Hisuian Zoroark 76,0.26,0.17,2057,EUR,[],,,,,,,,,0.02,0.04,0.04,0.1,0.1,0.02,0.04,0.04,0.05,0.05,,,,,,,,,,,,,,,,,,,,,,,,,,,,,,,,,,,,,,,,,,EUR,0.4,0.26,Rare Holo,hisuian-zoroark,Pokémon,https://www.tcggo.com/pokemon/lost-origin/hisuian-zoroark-76,swsh11-76,283957,singles,
2026-08-23T17:19:56+02:00,,449,miki kudo,miki-kudo,LOR 77,77,674090,196,217,LOR,Pokémon,pokemon,26,https://images.tcggo.com/tcggo/storage/4124/lost-origin-logo.png,Lost Origin,EUR,1528.73,EUR,1584.69,2022-09-09,2,Sword & Shield,sword-shield,lost-origin,60,4175,https://images.tcggo.com/tcggo/storage/4200/inkay-lor-77-lost-origin-pokemon.png,https://www.tcggo.com/external/cm/4175,https://www.tcggo.com/external/tcgplayer/4175,Inkay,Inkay 77,0.03,0.03,11796,EUR,[],,,,,,,,,0.03,0.02,0.02,0.02,0.02,0.02,0.02,0.02,0.02,0.02,,,,,,,,,,,,,,,,,,,,,,,,,,,,,,,,,,,,,,,,,,EUR,0.19,0.1,Common,inkay,Pokémon,https://www.tcggo.com/pokemon/lost-origin/inkay-77,swsh11-77,283958,singles,
2026-08-23T17:19:56+02:00,,441,Tomokazu Komiya,tomokazu-komiya,LOR 78,78,674091,196,217,LOR,Pokémon,pokemon,26,https://images.tcggo.com/tcggo/storage/4124/lost-origin-logo.png,Lost Origin,EUR,1528.73,EUR,1584.69,2022-09-09,2,Sword & Shield,sword-shield,lost-origin,110,4176,https://images.tcggo.com/tcggo/storage/4201/malamar-lor-78-lost-origin-pokemon.png,https://www.tcggo.com/external/cm/4176,https://www.tcggo.com/external/tcgplayer/4176,Malamar,Malamar 78,0.14,0.1,3643,EUR,[],,,,,,,,,0.02,0.02,0.02,0.02,0.02,0.02,0.02,0.02,0.02,0.02,,,,,,,,,,,,,,,,,,,,,,,,,,,,,,,,,,,,,,,,,,EUR,0.32,0.2,rare,malamar,Pokémon,https://www.tcggo.com/pokemon/lost-origin/malamar-78,swsh11-78,283959,singles,
2026-08-23T17:19:56+02:00,,435,Aya Kusube,aya-kusube,LOR 79,79,674092,196,217,LOR,Pokémon,pokemon,26,https://images.tcggo.com/tcggo/storage/4124/lost-origin-logo.png,Lost Origin,EUR,1528.73,EUR,1584.69,2022-09-09,2,Sword & Shield,sword-shield,lost-origin,70,4177,https://images.tcggo.com/tcggo/storage/4202/comfey-lor-79-lost-origin-pokemon.png,https://www.tcggo.com/external/cm/4177,https://www.tcggo.com/external/tcgplayer/4177,Comfey,Comfey 79,0.11,0.09,2781,EUR,[],,,,,,,,,0.03,0.02,0.02,0.02,0.02,0.02,0.02,0.02,0.02,0.02,,,,,,,,,,,,,,,,,,,,,,,,,,,,,,,,,,,,,,,,,,EUR,0.25,0.2,rare,comfey,Pokémon,https://www.tcggo.com/pokemon/lost-origin/comfey-79,swsh11-79,283960,singles,
2026-08-23T17:19:56+02:00,,407,Ligton,ligton,LOR 80,80,674093,196,217,LOR,Pokémon,pokemon,26,https://images.tcggo.com/tcggo/storage/4124/lost-origin-logo.png,Lost Origin,EUR,1528.73,EUR,1584.69,2022-09-09,2,Sword & Shield,sword-shield,lost-origin,70,4178,https://images.tcggo.com/tcggo/storage/4203/mimikyu-lor-80-lost-origin-pokemon.png,https://www.tcggo.com/external/cm/4178,https://www.tcggo.com/external/tcgplayer/4178,Mimikyu,Mimikyu 80,0.19,0.21,2081,EUR,[],,,,,,,,,0.02,0.02,0.02,0.02,0.02,0.02,0.02,0.02,0.02,0.02,,,,,,,,,,,,,,,,,,,,,,,,,,,,,,,,,,,,,,,,,,EUR,1.33,0.27,rare,mimikyu,Pokémon,https://www.tcggo.com/pokemon/lost-origin/mimikyu-80,swsh11-80,283961,singles,
2026-08-23T17:19:56+02:00,,406,Narumi Sato,narumi-sato,LOR 81,81,674094,196,217,LOR,Pokémon,pokemon,26,https://images.tcggo.com/tcggo/storage/4124/lost-origin-logo.png,Lost Origin,EUR,1528.73,EUR,1584.69,2022-09-09,2,Sword & Shield,sword-shield,lost-origin,120,4179,https://images.tcggo.com/tcggo/storage/4204/spectrier-lor-81-lost-origin-pokemon.png,https://www.tcggo.com/external/cm/4179,https://www.tcggo.com/external/tcgplayer/4179,Spectrier,Spectrier 81,0.3,0.29,1273,EUR,[],,,,,,,,,0.03,0.09,0.09,0.05,0.05,0.1,0.07,0.07,0.05,0.05,,,,,,,,,,,,,,,,,,,,,,,,,,,,,,,,,,,,,,,,,,EUR,0.42,0.32,Rare Holo,spectrier,Pokémon,https://www.tcggo.com/pokemon/lost-origin/spectrier-81,swsh11-81,283963,singles,
2026-08-23T17:19:56+02:00,,380,5ban Graphics,5ban-graphics,LOR 82,82,674095,196,217,LOR,Pokémon,pokemon,26,https://images.tcggo.com/tcggo/storage/4124/lost-origin-logo.png,Lost Origin,EUR,1528.73,EUR,1584.69,2022-09-09,2,Sword & Shield,sword-shield,lost-origin,210,4180,https://images.tcggo.com/tcggo/storage/4205/enamorus-v-lor-82-lost-origin-pokemon.png,https://www.tcggo.com/external/cm/4180,https://www.tcggo.com/external/tcgplayer/4180,Enamorus V,Enamorus V 82,0.67,0.71,1966,EUR,[],,,,,,,,,0.19,0.25,0.25,0.3,0.3,0.19,0.39,0.39,0.1,0.1,,,,,,,,,,,,,,,,,,,,,,,,,,,,,,,,,,,,,,,,,,EUR,0.6,0.85,Rare Holo V,enamorus-v,Pokémon,https://www.tcggo.com/pokemon/lost-origin/enamorus-v-82,swsh11-82,283964,singles,
2026-08-23T17:19:56+02:00,,378,Kouki Saitou,kouki-saitou,LOR 83,83,674096,196,217,LOR,Pokémon,pokemon,26,https://images.tcggo.com/tcggo/storage/4124/lost-origin-logo.png,Lost Origin,EUR,1528.73,EUR,1584.69,2022-09-09,2,Sword & Shield,sword-shield,lost-origin,70,4181,https://images.tcggo.com/tcggo/storage/4206/hisuian-growlithe-lor-83-lost-origin-pokemon.png,https://www.tcggo.com/external/cm/4181,https://www.tcggo.com/external/tcgplayer/4181,Hisuian Growlithe,Hisuian Growlithe 83,0.03,0.03,16242,EUR,[],,,,,,,,,0.02,0.02,0.02,0.02,0.02,0.02,0.02,0.02,0.02,0.02,,,,,,,,,,,,,,,,,,,,,,,,,,,,,,,,,,,,,,,,,,EUR,0.3,0.12,Common,hisuian-growlithe,Pokémon,https://www.tcggo.com/pokemon/lost-origin/hisuian-growlithe-83,swsh11-83,283967,singles,
2026-08-23T17:19:56+02:00,,368,Oswaldo KATO,oswaldo-kato,LOR 84,84,674097,196,217,LOR,Pokémon,pokemon,26,https://images.tcggo.com/tcggo/storage/4124/lost-origin-logo.png,Lost Origin,EUR,1528.73,EUR,1584.69,2022-09-09,2,Sword & Shield,sword-shield,lost-origin,130,4182,https://images.tcggo.com/tcggo/storage/4207/hisuian-arcanine-lor-84-lost-origin-pokemon.png,https://www.tcggo.com/external/cm/4182,https://www.tcggo.com/external/tcgplayer/4182,Hisuian Arcanine,Hisuian Arcanine 84,0.26,0.25,3108,EUR,[],,,,,,,,,0.02,0.05,0.05,0.05,0.05,0.02,0.02,0.02,0.02,0.02,,,,,,,,,,,,,,,,,,,,,,,,,,,,,,,,,,,,,,,,,,EUR,0.26,0.22,Rare Holo,hisuian-arcanine,Pokémon,https://www.tcggo.com/pokemon/lost-origin/hisuian-arcanine-84,swsh11-84,283968,singles,
2026-08-23T17:19:56+02:00,,385,Teeziro,teeziro,LOR 85,85,674098,196,217,LOR,Pokémon,pokemon,26,https://images.tcggo.com/tcggo/storage/4124/lost-origin-logo.png,Lost Origin,EUR,1528.73,EUR,1584.69,2022-09-09,2,Sword & Shield,sword-shield,lost-origin,160,4183,https://images.tcggo.com/tcggo/storage/4208/poliwrath-lor-85-lost-origin-pokemon.png,https://www.tcggo.com/external/cm/4183,https://www.tcggo.com/external/tcgplayer/4183,Poliwrath,Poliwrath 85,0.11,0.08,3736,EUR,[],,,,,,,,,0.02,0.02,0.02,0.02,0.02,0.02,0.02,0.02,0.02,0.02,,,,,,,,,,,,,,,,,,,,,,,,,,,,,,,,,,,,,,,,,,EUR,0.22,0.16,rare,poliwrath,Pokémon,https://www.tcggo.com/pokemon/lost-origin/poliwrath-85,swsh11-85,283970,singles,
2026-08-23T17:19:56+02:00,,401,Yuka Morii,yuka-morii,LOR 86,86,674099,196,217,LOR,Pokémon,pokemon,26,https://images.tcggo.com/tcggo/storage/4124/lost-origin-logo.png,Lost Origin,EUR,1528.73,EUR,1584.69,2022-09-09,2,Sword & Shield,sword-shield,lost-origin,70,4184,https://images.tcggo.com/tcggo/storage/4209/machop-lor-86-lost-origin-pokemon.png,https://www.tcggo.com/external/cm/4184,https://www.tcggo.com/external/tcgplayer/4184,Machop,Machop 86,0.05,0.05,10998,EUR,[],,,,,,,,,0.02,0.02,0.02,0.02,0.02,0.02,0.02,0.02,0.02,0.02,,,,,,,,,,,,,,,,,,,,,,,,,,,,,,,,,,,,,,,,,,EUR,0.3,0.13,Common,machop,Pokémon,https://www.tcggo.com/pokemon/lost-origin/machop-86,swsh11-86,283971,singles,
2026-08-23T17:19:56+02:00,,375,Mitsuhiro Arita,mitsuhiro-arita,LOR 87,87,674100,196,217,LOR,Pokémon,pokemon,26,https://images.tcggo.com/tcggo/storage/4124/lost-origin-logo.png,Lost Origin,EUR,1528.73,EUR,1584.69,2022-09-09,2,Sword & Shield,sword-shield,lost-origin,100,4185,https://images.tcggo.com/tcggo/storage/4210/machoke-lor-87-lost-origin-pokemon.png,https://www.tcggo.com/external/cm/4185,https://www.tcggo.com/external/tcgplayer/4185,Machoke,Machoke 87,0.04,0.04,10179,EUR,[],,,,,,,,,0.02,0.02,0.02,0.02,0.02,0.02,0.02,0.02,0.02,0.02,,,,,,,,,,,,,,,,,,,,,,,,,,,,,,,,,,,,,,,,,,EUR,0.16,0.1,Uncommon,machoke,Pokémon,https://www.tcggo.com/pokemon/lost-origin/machoke-87,swsh11-87,283973,singles,
2026-08-23T17:19:56+02:00,,395,Nisota Niso,nisota-niso,LOR 88,88,674101,196,217,LOR,Pokémon,pokemon,26,https://images.tcggo.com/tcggo/storage/4124/lost-origin-logo.png,Lost Origin,EUR,1528.73,EUR,1584.69,2022-09-09,2,Sword & Shield,sword-shield,lost-origin,150,4186,https://images.tcggo.com/tcggo/storage/4211/machamp-lor-88-lost-origin-pokemon.png,https://www.tcggo.com/external/cm/4186,https://www.tcggo.com/external/tcgplayer/4186,Machamp,Machamp 88,0.36,0.34,1311,EUR,[],,,,,,,,,0.04,0.07,0.07,0.15,0.15,0.04,0.2,0.2,0.04,0.04,,,,,,,,,,,,,,,,,,,,,,,,,,,,,,,,,,,,,,,,,,EUR,0.41,0.28,Rare Holo,machamp,Pokémon,https://www.tcggo.com/pokemon/lost-origin/machamp-88,swsh11-88,283974,singles,
2026-08-23T17:19:56+02:00,,387,Scav,scav,LOR 89,89,674102,196,217,LOR,Pokémon,pokemon,26,https://images.tcggo.com/tcggo/storage/4124/lost-origin-logo.png,Lost Origin,EUR,1528.73,EUR,1584.69,2022-09-09,2,Sword & Shield,sword-shield,lost-origin,100,4187,https://images.tcggo.com/tcggo/storage/4212/rhyhorn-lor-89-lost-origin-pokemon.png,https://www.tcggo.com/external/cm/4187,https://www.tcggo.com/external/tcgplayer/4187,Rhyhorn,Rhyhorn 89,0.03,0.04,10204,EUR,[],,,,,,,,,0.03,0.02,0.02,0.02,0.02,0.02,0.02,0.02,0.02,0.02,,,,,,,,,,,,,,,,,,,,,,,,,,,,,,,,,,,,,,,,,,EUR,0.23,0.09,Common,rhyhorn,Pokémon,https://www.tcggo.com/pokemon/lost-origin/rhyhorn-89,swsh11-89,283976,singles,
2026-08-23T17:19:56+02:00,,359,HYOGONOSUKE,hyogonosuke,LOR 90,90,674103,196,217,LOR,Pokémon,pokemon,26,https://images.tcggo.com/tcggo/storage/4124/lost-origin-logo.png,Lost Origin,EUR,1528.73,EUR,1584.69,2022-09-09,2,Sword & Shield,sword-shield,lost-origin,120,4188,https://images.tcggo.com/tcggo/storage/4213/rhydon-lor-90-lost-origin-pokemon.png,https://www.tcggo.com/external/cm/4188,https://www.tcggo.com/external/tcgplayer/4188,Rhydon,Rhydon 90,0.04,0.06,7182,EUR,[],,,,,,,,,0.02,0.02,0.02,0.02,0.02,0.02,0.02,0.02,0.02,0.02,,,,,,,,,,,,,,,,,,,,,,,,,,,,,,,,,,,,,,,,,,EUR,0.14,0.09,Uncommon,rhydon,Pokémon,https://www.tcggo.com/pokemon/lost-origin/rhydon-90,swsh11-90,283978,singles,
2026-08-23T17:19:56+02:00,,373,GOSSAN,gossan,LOR 91,91,674104,196,217,LOR,Pokémon,pokemon,26,https://images.tcggo.com/tcggo/storage/4124/lost-origin-logo.png,Lost Origin,EUR,1528.73,EUR,1584.69,2022-09-09,2,Sword & Shield,sword-shield,lost-origin,190,4189,https://images.tcggo.com/tcggo/storage/4214/rhyperior-lor-91-lost-origin-pokemon.png,https://www.tcggo.com/external/cm/4189,https://www.tcggo.com/external/tcgplayer/4189,Rhyperior,Rhyperior 91,0.11,0.12,2858,EUR,[],,,,,,,,,0.02,0.02,0.02,0.02,0.02,0.02,0.02,0.02,0.02,0.02,,,,,,,,,,,,,,,,,,,,,,,,,,,,,,,,,,,,,,,,,,EUR,0.19,0.13,rare,rhyperior,Pokémon,https://www.tcggo.com/pokemon/lost-origin/rhyperior-91,swsh11-91,283979,singles,
2026-08-23T17:19:56+02:00,,489,N-DESIGN Inc.,n-design-inc,LOR 92,92,674105,196,217,LOR,Pokémon,pokemon,26,https://images.tcggo.com/tcggo/storage/4124/lost-origin-logo.png,Lost Origin,EUR,1528.73,EUR,1584.69,2022-09-09,2,Sword & Shield,sword-shield,lost-origin,210,4190,https://images.tcggo.com/tcggo/storage/4215/aerodactyl-v-lor-92-lost-origin-pokemon.png,https://www.tcggo.com/external/cm/4190,https://www.tcggo.com/external/tcgplayer/4190,Aerodactyl V,Aerodactyl V 92,0.89,0.95,1692,EUR,[],,,,,,,,,0.2,0.49,0.49,0.3,0.3,0.2,0.5,0.5,0.1,0.1,,,,,,,,,,,,,,,,,,,,,,,,,,,,,,,,,,,,,,,,,,EUR,0.74,0.9,Rare Holo V,aerodactyl-v,Pokémon,https://www.tcggo.com/pokemon/lost-origin/aerodactyl-v-92,swsh11-92,283980,singles,
2026-08-23T17:19:56+02:00,,380,5ban Graphics,5ban-graphics,LOR 93,93,670815,196,217,LOR,Pokémon,pokemon,26,https://images.tcggo.com/tcggo/storage/4124/lost-origin-logo.png,Lost Origin,EUR,1528.73,EUR,1584.69,2022-09-09,2,Sword & Shield,sword-shield,lost-origin,260,4191,https://images.tcggo.com/tcggo/storage/4216/aerodactyl-vstar-lor-93-lost-origin-pokemon.png,https://www.tcggo.com/external/cm/4191,https://www.tcggo.com/external/tcgplayer/4191,Aerodactyl VSTAR,Aerodactyl VSTAR 93,1.11,1.08,1207,EUR,[],,,,,,,,,0.48,0.84,0.84,0.85,0.85,0.48,0.75,0.75,0.35,0.35,,,,,,,,,,,,,,,,,,,,,,,,,,,,,,,,,,,,,,,,,,EUR,1.14,1.4,Rare Holo VSTAR,aerodactyl-vstar,Pokémon,https://www.tcggo.com/pokemon/lost-origin/aerodactyl-vstar-93,swsh11-93,282255,singles,
2026-08-23T17:19:56+02:00,,434,AKIRA EGAWA,akira-egawa,LOR 94,94,674106,196,217,LOR,Pokémon,pokemon,26,https://images.tcggo.com/tcggo/storage/4124/lost-origin-logo.png,Lost Origin,EUR,1528.73,EUR,1584.69,2022-09-09,2,Sword & Shield,sword-shield,lost-origin,110,4192,https://images.tcggo.com/tcggo/storage/4217/sudowoodo-lor-94-lost-origin-pokemon.png,https://www.tcggo.com/external/cm/4192,https://www.tcggo.com/external/tcgplayer/4192,Sudowoodo,Sudowoodo 94,0.05,0.04,11060,EUR,[],,,,,,,,,0.02,0.02,0.02,0.02,0.02,0.02,0.02,0.02,0.02,0.02,,,,,,,,,,,,,,,,,,,,,,,,,,,,,,,,,,,,,,,,,,EUR,0.2,0.1,Common,sudowoodo,Pokémon,https://www.tcggo.com/pokemon/lost-origin/sudowoodo-94,swsh11-94,283982,singles,
2026-08-23T17:19:56+02:00,,438,Miki Tanaka,miki-tanaka,LOR 95,95,674107,196,217,LOR,Pokémon,pokemon,26,https://images.tcggo.com/tcggo/storage/4124/lost-origin-logo.png,Lost Origin,EUR,1528.73,EUR,1584.69,2022-09-09,2,Sword & Shield,sword-shield,lost-origin,60,4193,https://images.tcggo.com/tcggo/storage/4218/gligar-lor-95-lost-origin-pokemon.png,https://www.tcggo.com/external/cm/4193,https://www.tcggo.com/external/tcgplayer/4193,Gligar,Gligar 95,0.02,0.02,16824,EUR,[],,,,,,,,,0.03,0.02,0.02,0.02,0.02,0.02,0.02,0.02,0.02,0.02,,,,,,,,,,,,,,,,,,,,,,,,,,,,,,,,,,,,,,,,,,EUR,0.18,0.09,Common,gligar,Pokémon,https://www.tcggo.com/pokemon/lost-origin/gligar-95,swsh11-95,283983,singles,
2026-08-23T17:19:56+02:00,,443,Shiburingaru,shiburingaru,LOR 96,96,674108,196,217,LOR,Pokémon,pokemon,26,https://images.tcggo.com/tcggo/storage/4124/lost-origin-logo.png,Lost Origin,EUR,1528.73,EUR,1584.69,2022-09-09,2,Sword & Shield,sword-shield,lost-origin,120,4194,https://images.tcggo.com/tcggo/storage/4219/gliscor-lor-96-lost-origin-pokemon.png,https://www.tcggo.com/external/cm/4194,https://www.tcggo.com/external/tcgplayer/4194,Gliscor,Gliscor 96,0.07,0.08,5585,EUR,[],,,,,,,,,0.02,0.02,0.02,0.02,0.02,0.02,0.02,0.02,0.02,0.02,,,,,,,,,,,,,,,,,,,,,,,,,,,,,,,,,,,,,,,,,,EUR,0.15,0.13,rare,gliscor,Pokémon,https://www.tcggo.com/pokemon/lost-origin/gliscor-96,swsh11-96,283985,singles,
2026-08-23T17:19:56+02:00,,437,Shigenori Negishi,shigenori-negishi,LOR 97,97,674109,196,217,LOR,Pokémon,pokemon,26,https://images.tcggo.com/tcggo/storage/4124/lost-origin-logo.png,Lost Origin,EUR,1528.73,EUR,1584.69,2022-09-09,2,Sword & Shield,sword-shield,lost-origin,80,4195,https://images.tcggo.com/tcggo/storage/4220/makuhita-lor-97-lost-origin-pokemon.png,https://www.tcggo.com/external/cm/4195,https://www.tcggo.com/external/tcgplayer/4195,Makuhita,Makuhita 97,0.03,0.03,11626,EUR,[],,,,,,,,,0.03,0.02,0.02,0.02,0.02,0.02,0.02,0.02,0.02,0.02,,,,,,,,,,,,,,,,,,,,,,,,,,,,,,,,,,,,,,,,,,EUR,0.07,0.09,Common,makuhita,Pokémon,https://www.tcggo.com/pokemon/lost-origin/makuhita-97,swsh11-97,283987,singles,
2026-08-23T17:19:56+02:00,,387,Scav,scav,LOR 98,98,674110,196,217,LOR,Pokémon,pokemon,26,https://images.tcggo.com/tcggo/storage/4124/lost-origin-logo.png,Lost Origin,EUR,1528.73,EUR,1584.69,2022-09-09,2,Sword & Shield,sword-shield,lost-origin,140,4196,https://images.tcggo.com/tcggo/storage/4221/hariyama-lor-98-lost-origin-pokemon.png,https://www.tcggo.com/external/cm/4196,https://www.tcggo.com/external/tcgplayer/4196,Hariyama,Hariyama 98,0.03,0.03,10257,EUR,[],,,,,,,,,0.02,0.02,0.02,0.02,0.02,0.02,0.02,0.02,0.02,0.02,,,,,,,,,,,,,,,,,,,,,,,,,,,,,,,,,,,,,,,,,,EUR,0.13,0.1,Uncommon,hariyama,Pokémon,https://www.tcggo.com/pokemon/lost-origin/hariyama-98,swsh11-98,283988,singles,
2026-08-23T17:19:56+02:00,,507,0313,0313,LOR 99,99,674111,196,217,LOR,Pokémon,pokemon,26,https://images.tcggo.com/tcggo/storage/4124/lost-origin-logo.png,Lost Origin,EUR,1528.73,EUR,1584.69,2022-09-09,2,Sword & Shield,sword-shield,lost-origin,70,4197,https://images.tcggo.com/tcggo/storage/4222/meditite-lor-99-lost-origin-pokemon.png,https://www.tcggo.com/external/cm/4197,https://www.tcggo.com/external/tcgplayer/4197,Meditite,Meditite 99,0.03,0.04,10438,EUR,[],,,,,,,,,0.03,0.02,0.02,0.02,0.02,0.02,0.02,0.02,0.02,0.02,,,,,,,,,,,,,,,,,,,,,,,,,,,,,,,,,,,,,,,,,,EUR,0.19,0.09,Common,meditite,Pokémon,https://www.tcggo.com/pokemon/lost-origin/meditite-99,swsh11-99,283992,singles,
2026-08-23T17:19:56+02:00,,378,Kouki Saitou,kouki-saitou,LOR 100,100,674112,196,217,LOR,Pokémon,pokemon,26,https://images.tcggo.com/tcggo/storage/4124/lost-origin-logo.png,Lost Origin,EUR,1528.73,EUR,1584.69,2022-09-09,2,Sword & Shield,sword-shield,lost-origin,110,4198,https://images.tcggo.com/tcggo/storage/4223/medicham-lor-100-lost-origin-pokemon.png,https://www.tcggo.com/external/cm/4198,https://www.tcggo.com/external/tcgplayer/4198,Medicham,Medicham 100,0.03,0.04,6477,EUR,[],,,,,,,,,0.02,0.02,0.02,0.02,0.02,0.02,0.02,0.02,0.02,0.02,,,,,,,,,,,,,,,,,,,,,,,,,,,,,,,,,,,,,,,,,,EUR,0.23,0.1,Uncommon,medicham,Pokémon,https://www.tcggo.com/pokemon/lost-origin/medicham-100,swsh11-100,283993,singles,
2026-08-23T17:19:56+02:00,,513,ryoma uratsuka,ryoma-uratsuka,LOR 101,101,674113,196,217,LOR,Pokémon,pokemon,26,https://images.tcggo.com/tcggo/storage/4124/lost-origin-logo.png,Lost Origin,EUR,1528.73,EUR,1584.69,2022-09-09,2,Sword & Shield,sword-shield,lost-origin,90,4199,https://images.tcggo.com/tcggo/storage/4224/relicanth-lor-101-lost-origin-pokemon.png,https://www.tcggo.com/external/cm/4199,https://www.tcggo.com/external/tcgplayer/4199,Relicanth,Relicanth 101,0.03,0.03,10598,EUR,[],,,,,,,,,0.02,0.02,0.02,0.02,0.02,0.02,0.02,0.02,0.02,0.02,,,,,,,,,,,,,,,,,,,,,,,,,,,,,,,,,,,,,,,,,,EUR,0.15,0.1,Uncommon,relicanth,Pokémon,https://www.tcggo.com/pokemon/lost-origin/relicanth-101,swsh11-101,283994,singles,
2026-08-23T17:19:56+02:00,,379,Sanosuke Sakuma,sanosuke-sakuma,LOR 102,102,674115,196,217,LOR,Pokémon,pokemon,26,https://images.tcggo.com/tcggo/storage/4124/lost-origin-logo.png,Lost Origin,EUR,1528.73,EUR,1584.69,2022-09-09,2,Sword & Shield,sword-shield,lost-origin,130,4200,https://images.tcggo.com/tcggo/storage/4225/gastrodon-lor-102-lost-origin-pokemon.png,https://www.tcggo.com/external/cm/4200,https://www.tcggo.com/external/tcgplayer/4200,Gastrodon,Gastrodon 102,0.04,0.03,9813,EUR,[],,,,,,,,,0.02,0.02,0.02,0.02,0.02,0.02,0.02,0.02,0.02,0.02,,,,,,,,,,,,,,,,,,,,,,,,,,,,,,,,,,,,,,,,,,EUR,0.18,0.11,Uncommon,gastrodon,Pokémon,https://www.tcggo.com/pokemon/lost-origin/gastrodon-102,swsh11-102,283995,singles,
2026-08-23T17:19:56+02:00,,495,yuu,yuu,LOR 103,103,674116,196,217,LOR,Pokémon,pokemon,26,https://images.tcggo.com/tcggo/storage/4124/lost-origin-logo.png,Lost Origin,EUR,1528.73,EUR,1584.69,2022-09-09,2,Sword & Shield,sword-shield,lost-origin,60,4201,https://images.tcggo.com/tcggo/storage/4226/mienfoo-lor-103-lost-origin-pokemon.png,https://www.tcggo.com/external/cm/4201,https://www.tcggo.com/external/tcgplayer/4201,Mienfoo,Mienfoo 103,0.03,0.04,11493,EUR,[],,,,,,,,,0.03,0.02,0.02,0.02,0.02,0.02,0.02,0.02,0.02,0.02,,,,,,,,,,,,,,,,,,,,,,,,,,,,,,,,,,,,,,,,,,EUR,0.13,0.09,Common,mienfoo,Pokémon,https://www.tcggo.com/pokemon/lost-origin/mienfoo-103,swsh11-103,283997,singles,
2026-08-23T17:19:56+02:00,,440,Shibuzoh.,shibuzoh,LOR 104,104,674117,196,217,LOR,Pokémon,pokemon,26,https://images.tcggo.com/tcggo/storage/4124/lost-origin-logo.png,Lost Origin,EUR,1528.73,EUR,1584.69,2022-09-09,2,Sword & Shield,sword-shield,lost-origin,90,4202,https://images.tcggo.com/tcggo/storage/4227/mienshao-lor-104-lost-origin-pokemon.png,https://www.tcggo.com/external/cm/4202,https://www.tcggo.com/external/tcgplayer/4202,Mienshao,Mienshao 104,0.03,0.03,7308,EUR,[],,,,,,,,,0.02,0.02,0.02,0.02,0.02,0.02,0.02,0.02,0.02,0.02,,,,,,,,,,,,,,,,,,,,,,,,,,,,,,,,,,,,,,,,,,EUR,0.21,0.1,Uncommon,mienshao,Pokémon,https://www.tcggo.com/pokemon/lost-origin/mienshao-104,swsh11-104,283998,singles,
2026-08-23T17:19:56+02:00,,382,KEIICHIRO ITO,keiichiro-ito,LOR 105,105,674118,196,217,LOR,Pokémon,pokemon,26,https://images.tcggo.com/tcggo/storage/4124/lost-origin-logo.png,Lost Origin,EUR,1528.73,EUR,1584.69,2022-09-09,2,Sword & Shield,sword-shield,lost-origin,120,4203,https://images.tcggo.com/tcggo/storage/4228/landorus-lor-105-lost-origin-pokemon.png,https://www.tcggo.com/external/cm/4203,https://www.tcggo.com/external/tcgplayer/4203,Landorus,Landorus 105,0.11,0.12,3052,EUR,[],,,,,,,,,0.02,0.02,0.02,0.02,0.02,0.02,0.02,0.02,0.02,0.02,,,,,,,,,,,,,,,,,,,,,,,,,,,,,,,,,,,,,,,,,,EUR,0.2,0.15,rare,landorus,Pokémon,https://www.tcggo.com/pokemon/lost-origin/landorus-105,swsh11-105,283999,singles,
2026-08-23T17:19:56+02:00,,387,Scav,scav,LOR 106,106,674119,196,217,LOR,Pokémon,pokemon,26,https://images.tcggo.com/tcggo/storage/4124/lost-origin-logo.png,Lost Origin,EUR,1528.73,EUR,1584.69,2022-09-09,2,Sword & Shield,sword-shield,lost-origin,70,4204,https://images.tcggo.com/tcggo/storage/4229/binacle-lor-106-lost-origin-pokemon.png,https://www.tcggo.com/external/cm/4204,https://www.tcggo.com/external/tcgplayer/4204,Binacle,Binacle 106,0.02,0.02,15072,EUR,[],,,,,,,,,0.02,0.02,0.02,0.02,0.02,0.02,0.02,0.02,0.02,0.02,,,,,,,,,,,,,,,,,,,,,,,,,,,,,,,,,,,,,,,,,,EUR,0.19,0.09,Common,binacle,Pokémon,https://www.tcggo.com/pokemon/lost-origin/binacle-106,swsh11-106,284001,singles,
2026-08-23T17:19:56+02:00,,382,KEIICHIRO ITO,keiichiro-ito,LOR 107,107,674120,196,217,LOR,Pokémon,pokemon,26,https://images.tcggo.com/tcggo/storage/4124/lost-origin-logo.png,Lost Origin,EUR,1528.73,EUR,1584.69,2022-09-09,2,Sword & Shield,sword-shield,lost-origin,130,4205,https://images.tcggo.com/tcggo/storage/4230/barbaracle-lor-107-lost-origin-pokemon.png,https://www.tcggo.com/external/cm/4205,https://www.tcggo.com/external/tcgplayer/4205,Barbaracle,Barbaracle 107,0.2,0.31,2924,EUR,[],,,,,,,,,0.02,0.02,0.02,0.05,0.05,0.02,0.02,0.02,0.02,0.02,,,,,,,,,,,,,,,,,,,,,,,,,,,,,,,,,,,,,,,,,,EUR,0.17,0.21,Rare Holo,barbaracle,Pokémon,https://www.tcggo.com/pokemon/lost-origin/barbaracle-107,swsh11-107,284002,singles,
2026-08-23T17:19:56+02:00,,499,Tika Matsuno,tika-matsuno,LOR 108,108,674121,196,217,LOR,Pokémon,pokemon,26,https://images.tcggo.com/tcggo/storage/4124/lost-origin-logo.png,Lost Origin,EUR,1528.73,EUR,1584.69,2022-09-09,2,Sword & Shield,sword-shield,lost-origin,90,4206,https://images.tcggo.com/tcggo/storage/4231/carbink-lor-108-lost-origin-pokemon.png,https://www.tcggo.com/external/cm/4206,https://www.tcggo.com/external/tcgplayer/4206,Carbink,Carbink 108,0.04,0.04,8695,EUR,[],,,,,,,,,0.02,0.02,0.02,0.02,0.02,0.02,0.02,0.02,0.02,0.02,,,,,,,,,,,,,,,,,,,,,,,,,,,,,,,,,,,,,,,,,,EUR,0.29,0.13,Uncommon,carbink,Pokémon,https://www.tcggo.com/pokemon/lost-origin/carbink-108,swsh11-108,284003,singles,
2026-08-23T17:19:56+02:00,,438,Miki Tanaka,miki-tanaka,LOR 109,109,674122,196,217,LOR,Pokémon,pokemon,26,https://images.tcggo.com/tcggo/storage/4124/lost-origin-logo.png,Lost Origin,EUR,1528.73,EUR,1584.69,2022-09-09,2,Sword & Shield,sword-shield,lost-origin,60,4207,https://images.tcggo.com/tcggo/storage/4232/rockruff-lor-109-lost-origin-pokemon.png,https://www.tcggo.com/external/cm/4207,https://www.tcggo.com/external/tcgplayer/4207,Rockruff,Rockruff 109,0.03,0.03,11263,EUR,[],,,,,,,,,0.02,0.02,0.02,0.02,0.02,0.02,0.02,0.02,0.02,0.02,,,,,,,,,,,,,,,,,,,,,,,,,,,,,,,,,,,,,,,,,,EUR,0.21,0.09,Common,rockruff,Pokémon,https://www.tcggo.com/pokemon/lost-origin/rockruff-109,swsh11-109,284004,singles,
2026-08-23T17:19:56+02:00,,381,sowsow,sowsow,LOR 110,110,674123,196,217,LOR,Pokémon,pokemon,26,https://images.tcggo.com/tcggo/storage/4124/lost-origin-logo.png,Lost Origin,EUR,1528.73,EUR,1584.69,2022-09-09,2,Sword & Shield,sword-shield,lost-origin,100,4208,https://images.tcggo.com/tcggo/storage/4233/falinks-lor-110-lost-origin-pokemon.png,https://www.tcggo.com/external/cm/4208,https://www.tcggo.com/external/tcgplayer/4208,Falinks,Falinks 110,0.03,0.03,15127,EUR,[],,,,,,,,,0.02,0.02,0.02,0.02,0.02,0.02,0.02,0.02,0.02,0.02,,,,,,,,,,,,,,,,,,,,,,,,,,,,,,,,,,,,,,,,,,EUR,0.25,0.1,Common,falinks,Pokémon,https://www.tcggo.com/pokemon/lost-origin/falinks-110,swsh11-110,284005,singles,
2026-08-23T17:19:56+02:00,,359,HYOGONOSUKE,hyogonosuke,LOR 111,111,674124,196,217,LOR,Pokémon,pokemon,26,https://images.tcggo.com/tcggo/storage/4124/lost-origin-logo.png,Lost Origin,EUR,1528.73,EUR,1584.69,2022-09-09,2,Sword & Shield,sword-shield,lost-origin,140,4209,https://images.tcggo.com/tcggo/storage/4234/stonjourner-lor-111-lost-origin-pokemon.png,https://www.tcggo.com/external/cm/4209,https://www.tcggo.com/external/tcgplayer/4209,Stonjourner,Stonjourner 111,0.07,0.04,5025,EUR,[],,,,,,,,,0.02,0.02,0.02,0.02,0.02,0.02,0.02,0.02,0.02,0.02,,,,,,,,,,,,,,,,,,,,,,,,,,,,,,,,,,,,,,,,,,EUR,0.14,0.13,rare,stonjourner,Pokémon,https://www.tcggo.com/pokemon/lost-origin/stonjourner-111,swsh11-111,284006,singles,
2026-08-23T17:19:56+02:00,,514,Atsuko Nishida,atsuko-nishida,LOR 112,112,674125,196,217,LOR,Pokémon,pokemon,26,https://images.tcggo.com/tcggo/storage/4124/lost-origin-logo.png,Lost Origin,EUR,1528.73,EUR,1584.69,2022-09-09,2,Sword & Shield,sword-shield,lost-origin,50,4210,https://images.tcggo.com/tcggo/storage/4235/spinarak-lor-112-lost-origin-pokemon.png,https://www.tcggo.com/external/cm/4210,https://www.tcggo.com/external/tcgplayer/4210,Spinarak,Spinarak 112,0.03,0.02,11569,EUR,[],,,,,,,,,0.03,0.02,0.02,0.02,0.02,0.02,0.02,0.02,0.02,0.02,,,,,,,,,,,,,,,,,,,,,,,,,,,,,,,,,,,,,,,,,,EUR,0.14,0.09,Common,spinarak,Pokémon,https://www.tcggo.com/pokemon/lost-origin/spinarak-112,swsh11-112,284007,singles,
2026-08-23T17:19:56+02:00,,421,Shinji Kanda,shinji-kanda,LOR 113,113,674126,196,217,LOR,Pokémon,pokemon,26,https://images.tcggo.com/tcggo/storage/4124/lost-origin-logo.png,Lost Origin,EUR,1528.73,EUR,1584.69,2022-09-09,2,Sword & Shield,sword-shield,lost-origin,90,4211,https://images.tcggo.com/tcggo/storage/4236/ariados-lor-113-lost-origin-pokemon.png,https://www.tcggo.com/external/cm/4211,https://www.tcggo.com/external/tcgplayer/4211,Ariados,Ariados 113,0.15,0.13,2077,EUR,[],,,,,,,,,0.02,0.02,0.02,0.02,0.02,0.02,0.02,0.02,0.02,0.02,,,,,,,,,,,,,,,,,,,,,,,,,,,,,,,,,,,,,,,,,,EUR,0.42,0.18,rare,ariados,Pokémon,https://www.tcggo.com/pokemon/lost-origin/ariados-113,swsh11-113,284009,singles,
2026-08-23T17:19:56+02:00,,401,Yuka Morii,yuka-morii,LOR 114,114,674127,196,217,LOR,Pokémon,pokemon,26,https://images.tcggo.com/tcggo/storage/4124/lost-origin-logo.png,Lost Origin,EUR,1528.73,EUR,1584.69,2022-09-09,2,Sword & Shield,sword-shield,lost-origin,60,4212,https://images.tcggo.com/tcggo/storage/4237/murkrow-lor-114-lost-origin-pokemon.png,https://www.tcggo.com/external/cm/4212,https://www.tcggo.com/external/tcgplayer/4212,Murkrow,Murkrow 114,0.03,0.04,14970,EUR,[],,,,,,,,,0.02,0.02,0.02,0.02,0.02,0.02,0.02,0.02,0.02,0.02,,,,,,,,,,,,,,,,,,,,,,,,,,,,,,,,,,,,,,,,,,EUR,0.7,0.13,Common,murkrow,Pokémon,https://www.tcggo.com/pokemon/lost-origin/murkrow-114,swsh11-114,284011,singles,
2026-08-23T17:19:56+02:00,,443,Shiburingaru,shiburingaru,LOR 115,115,674128,196,217,LOR,Pokémon,pokemon,26,https://images.tcggo.com/tcggo/storage/4124/lost-origin-logo.png,Lost Origin,EUR,1528.73,EUR,1584.69,2022-09-09,2,Sword & Shield,sword-shield,lost-origin,120,4213,https://images.tcggo.com/tcggo/storage/4238/honchkrow-lor-115-lost-origin-pokemon.png,https://www.tcggo.com/external/cm/4213,https://www.tcggo.com/external/tcgplayer/4213,Honchkrow,Honchkrow 115,0.08,0.08,4354,EUR,[],,,,,,,,,0.02,0.02,0.02,0.02,0.02,0.02,0.02,0.02,0.02,0.02,,,,,,,,,,,,,,,,,,,,,,,,,,,,,,,,,,,,,,,,,,EUR,0.15,0.14,rare,honchkrow,Pokémon,https://www.tcggo.com/pokemon/lost-origin/honchkrow-115,swsh11-115,284013,singles,
2026-08-23T17:19:56+02:00,,441,Tomokazu Komiya,tomokazu-komiya,LOR 116,116,674129,196,217,LOR,Pokémon,pokemon,26,https://images.tcggo.com/tcggo/storage/4124/lost-origin-logo.png,Lost Origin,EUR,1528.73,EUR,1584.69,2022-09-09,2,Sword & Shield,sword-shield,lost-origin,110,4214,https://images.tcggo.com/tcggo/storage/4239/seviper-lor-116-lost-origin-pokemon.png,https://www.tcggo.com/external/cm/4214,https://www.tcggo.com/external/tcgplayer/4214,Seviper,Seviper 116,0.05,0.05,5957,EUR,[],,,,,,,,,0.02,0.02,0.02,0.02,0.02,0.02,0.02,0.02,0.02,0.02,,,,,,,,,,,,,,,,,,,,,,,,,,,,,,,,,,,,,,,,,,EUR,0.35,0.13,Uncommon,seviper,Pokémon,https://www.tcggo.com/pokemon/lost-origin/seviper-116,swsh11-116,284015,singles,
2026-08-23T17:19:56+02:00,,503,sui,sui,LOR 117,117,674130,196,217,LOR,Pokémon,pokemon,26,https://images.tcggo.com/tcggo/storage/4124/lost-origin-logo.png,Lost Origin,EUR,1528.73,EUR,1584.69,2022-09-09,2,Sword & Shield,sword-shield,lost-origin,60,4215,https://images.tcggo.com/tcggo/storage/4240/spiritomb-lor-117-lost-origin-pokemon.png,https://www.tcggo.com/external/cm/4215,https://www.tcggo.com/external/tcgplayer/4215,Spiritomb,Spiritomb 117,0.08,0.07,4007,EUR,[],,,,,,,,,0.02,0.02,0.02,0.02,0.02,0.02,0.02,0.02,0.02,0.02,,,,,,,,,,,,,,,,,,,,,,,,,,,,,,,,,,,,,,,,,,EUR,0.23,0.15,rare,spiritomb,Pokémon,https://www.tcggo.com/pokemon/lost-origin/spiritomb-117,swsh11-117,284017,singles,
2026-08-23T17:19:56+02:00,,489,N-DESIGN Inc.,n-design-inc,LOR 118,118,674131,196,217,LOR,Pokémon,pokemon,26,https://images.tcggo.com/tcggo/storage/4124/lost-origin-logo.png,Lost Origin,EUR,1528.73,EUR,1584.69,2022-09-09,2,Sword & Shield,sword-shield,lost-origin,210,4216,https://images.tcggo.com/tcggo/storage/4241/drapion-v-lor-118-lost-origin-pokemon.png,https://www.tcggo.com/external/cm/4216,https://www.tcggo.com/external/tcgplayer/4216,Drapion V,Drapion V 118,0.58,0.59,2129,EUR,[],,,,,,,,,0.1,0.2,0.2,0.3,0.3,0.1,0.29,0.29,0.1,0.1,,,,,,,,,,,,,,,,,,,,,,,,,,,,,,,,,,,,,,,,,,EUR,0.59,0.85,Rare Holo V,drapion-v,Pokémon,https://www.tcggo.com/pokemon/lost-origin/drapion-v-118,swsh11-118,284018,singles,
2026-08-23T17:19:56+02:00,,384,PLANETA Mochizuki,planeta-mochizuki,LOR 119,119,674132,196,217,LOR,Pokémon,pokemon,26,https://images.tcggo.com/tcggo/storage/4124/lost-origin-logo.png,Lost Origin,EUR,1528.73,EUR,1584.69,2022-09-09,2,Sword & Shield,sword-shield,lost-origin,270,4217,https://images.tcggo.com/tcggo/storage/4243/drapion-vstar-lor-119-lost-origin-pokemon.png,https://www.tcggo.com/external/cm/4217,https://www.tcggo.com/external/tcgplayer/4217,Drapion VSTAR,Drapion VSTAR 119,0.93,0.94,1713,EUR,[],,,,,,,,,0.25,0.4,0.4,0.5,0.5,0.25,0.5,0.5,0.3,0.3,,,,,,,,,,,,,,,,,,,,,,,,,,,,,,,,,,,,,,,,,,EUR,0.89,1.09,Rare Holo VSTAR,drapion-vstar,Pokémon,https://www.tcggo.com/pokemon/lost-origin/drapion-vstar-119,swsh11-119,284021,singles,
2026-08-23T17:19:56+02:00,,521,Shin Nagasawa,shin-nagasawa,LOR 120,120,674133,196,217,LOR,Pokémon,pokemon,26,https://images.tcggo.com/tcggo/storage/4124/lost-origin-logo.png,Lost Origin,EUR,1528.73,EUR,1584.69,2022-09-09,2,Sword & Shield,sword-shield,lost-origin,120,4218,https://images.tcggo.com/tcggo/storage/4242/darkrai-lor-120-lost-origin-pokemon.png,https://www.tcggo.com/external/cm/4218,https://www.tcggo.com/external/tcgplayer/4218,Darkrai,Darkrai 120,0.34,0.4,1171,EUR,[],,,,,,,,,0.1,0.09,0.09,0.05,0.05,0.1,0.1,0.1,0.09,0.09,,,,,,,,,,,,,,,,,,,,,,,,,,,,,,,,,,,,,,,,,,EUR,0.35,0.26,Rare Holo,darkrai,Pokémon,https://www.tcggo.com/pokemon/lost-origin/darkrai-120,swsh11-120,284025,singles,
2026-08-23T17:19:56+02:00,,440,Shibuzoh.,shibuzoh,LOR 121,121,674134,196,217,LOR,Pokémon,pokemon,26,https://images.tcggo.com/tcggo/storage/4124/lost-origin-logo.png,Lost Origin,EUR,1528.73,EUR,1584.69,2022-09-09,2,Sword & Shield,sword-shield,lost-origin,50,4219,https://images.tcggo.com/tcggo/storage/4244/inkay-lor-121-lost-origin-pokemon.png,https://www.tcggo.com/external/cm/4219,https://www.tcggo.com/external/tcgplayer/4219,Inkay,Inkay 121,0.03,0.03,11561,EUR,[],,,,,,,,,0.02,0.02,0.02,0.02,0.02,0.02,0.02,0.02,0.02,0.02,,,,,,,,,,,,,,,,,,,,,,,,,,,,,,,,,,,,,,,,,,EUR,0.2,0.09,Common,inkay,Pokémon,https://www.tcggo.com/pokemon/lost-origin/inkay-121,swsh11-121,284029,singles,
2026-08-23T17:19:56+02:00,,379,Sanosuke Sakuma,sanosuke-sakuma,LOR 122,122,674135,196,217,LOR,Pokémon,pokemon,26,https://images.tcggo.com/tcggo/storage/4124/lost-origin-logo.png,Lost Origin,EUR,1528.73,EUR,1584.69,2022-09-09,2,Sword & Shield,sword-shield,lost-origin,120,4220,https://images.tcggo.com/tcggo/storage/4245/hoopa-lor-122-lost-origin-pokemon.png,https://www.tcggo.com/external/cm/4220,https://www.tcggo.com/external/tcgplayer/4220,Hoopa,Hoopa 122,0.1,0.1,3855,EUR,[],,,,,,,,,0.02,0.02,0.02,0.02,0.02,0.02,0.02,0.02,0.02,0.02,,,,,,,,,,,,,,,,,,,,,,,,,,,,,,,,,,,,,,,,,,EUR,0.17,0.15,rare,hoopa,Pokémon,https://www.tcggo.com/pokemon/lost-origin/hoopa-122,swsh11-122,284030,singles,
2026-08-23T17:19:56+02:00,,426,Akira Komayama,akira-komayama,LOR 123,123,674136,196,217,LOR,Pokémon,pokemon,26,https://images.tcggo.com/tcggo/storage/4124/lost-origin-logo.png,Lost Origin,EUR,1528.73,EUR,1584.69,2022-09-09,2,Sword & Shield,sword-shield,lost-origin,130,4221,https://images.tcggo.com/tcggo/storage/4246/radiant-hisuian-sneasler-lor-123-lost-origin-pokemon.png,https://www.tcggo.com/external/cm/4221,https://www.tcggo.com/external/tcgplayer/4221,Radiant Hisuian Sneasler,Radiant Hisuian Sneasler 123,0.47,0.47,3165,EUR,[],,,,,,,,,0.09,0.08,0.08,0.19,0.19,0.09,0.09,0.09,0.02,0.02,,,,,,,,,,,,,,,,,,,,,,,,,,,,,,,,,,,,,,,,,,EUR,0.62,0.52,Radiant Rare,radiant-hisuian-sneasler,Pokémon,https://www.tcggo.com/pokemon/lost-origin/radiant-hisuian-sneasler-123,swsh11-123,284031,singles,
2026-08-23T17:19:56+02:00,,379,Sanosuke Sakuma,sanosuke-sakuma,LOR 124,124,674137,196,217,LOR,Pokémon,pokemon,26,https://images.tcggo.com/tcggo/storage/4124/lost-origin-logo.png,Lost Origin,EUR,1528.73,EUR,1584.69,2022-09-09,2,Sword & Shield,sword-shield,lost-origin,170,4222,https://images.tcggo.com/tcggo/storage/4247/radiant-steelix-lor-124-lost-origin-pokemon.png,https://www.tcggo.com/external/cm/4222,https://www.tcggo.com/external/tcgplayer/4222,Radiant Steelix,Radiant Steelix 124,0.75,0.72,1907,EUR,[],,,,,,,,,0.2,0.4,0.4,0.5,0.5,0.2,0.3,0.3,0.02,0.02,,,,,,,,,,,,,,,,,,,,,,,,,,,,,,,,,,,,,,,,,,EUR,1.08,0.85,Radiant Rare,radiant-steelix,Pokémon,https://www.tcggo.com/pokemon/lost-origin/radiant-steelix-124,swsh11-124,284032,singles,
2026-08-23T17:19:56+02:00,,441,Tomokazu Komiya,tomokazu-komiya,LOR 125,125,674138,196,217,LOR,Pokémon,pokemon,26,https://images.tcggo.com/tcggo/storage/4124/lost-origin-logo.png,Lost Origin,EUR,1528.73,EUR,1584.69,2022-09-09,2,Sword & Shield,sword-shield,lost-origin,70,4223,https://images.tcggo.com/tcggo/storage/4248/bronzor-lor-125-lost-origin-pokemon.png,https://www.tcggo.com/external/cm/4223,https://www.tcggo.com/external/tcgplayer/4223,Bronzor,Bronzor 125,0.03,0.04,14822,EUR,[],,,,,,,,,0.02,0.02,0.02,0.02,0.02,0.02,0.02,0.02,0.02,0.02,,,,,,,,,,,,,,,,,,,,,,,,,,,,,,,,,,,,,,,,,,EUR,0.27,0.11,Common,bronzor,Pokémon,https://www.tcggo.com/pokemon/lost-origin/bronzor-125,swsh11-125,284041,singles,
2026-08-23T17:19:56+02:00,,434,AKIRA EGAWA,akira-egawa,LOR 126,126,674139,196,217,LOR,Pokémon,pokemon,26,https://images.tcggo.com/tcggo/storage/4124/lost-origin-logo.png,Lost Origin,EUR,1528.73,EUR,1584.69,2022-09-09,2,Sword & Shield,sword-shield,lost-origin,130,4224,https://images.tcggo.com/tcggo/storage/4249/bronzong-lor-126-lost-origin-pokemon.png,https://www.tcggo.com/external/cm/4224,https://www.tcggo.com/external/tcgplayer/4224,Bronzong,Bronzong 126,0.03,0.03,9292,EUR,[],,,,,,,,,0.02,0.02,0.02,0.02,0.02,0.02,0.02,0.02,0.02,0.02,,,,,,,,,,,,,,,,,,,,,,,,,,,,,,,,,,,,,,,,,,EUR,0.27,0.1,Uncommon,bronzong,Pokémon,https://www.tcggo.com/pokemon/lost-origin/bronzong-126,swsh11-126,284042,singles,
2026-08-23T17:19:56+02:00,,437,Shigenori Negishi,shigenori-negishi,LOR 127,127,674140,196,217,LOR,Pokémon,pokemon,26,https://images.tcggo.com/tcggo/storage/4124/lost-origin-logo.png,Lost Origin,EUR,1528.73,EUR,1584.69,2022-09-09,2,Sword & Shield,sword-shield,lost-origin,100,4225,https://images.tcggo.com/tcggo/storage/4250/galarian-stunfisk-lor-127-lost-origin-pokemon.png,https://www.tcggo.com/external/cm/4225,https://www.tcggo.com/external/tcgplayer/4225,Galarian Stunfisk,Galarian Stunfisk 127,0.04,0.04,7834,EUR,[],,,,,,,,,0.02,0.02,0.02,0.02,0.02,0.02,0.02,0.02,0.02,0.02,,,,,,,,,,,,,,,,,,,,,,,,,,,,,,,,,,,,,,,,,,EUR,0.12,0.1,Uncommon,galarian-stunfisk,Pokémon,https://www.tcggo.com/pokemon/lost-origin/galarian-stunfisk-127,swsh11-127,284044,singles,
2026-08-23T17:19:56+02:00,,148,Rianti Hidayat,rianti-hidayat,LOR 128,128,674141,196,217,LOR,Pokémon,pokemon,26,https://images.tcggo.com/tcggo/storage/4124/lost-origin-logo.png,Lost Origin,EUR,1528.73,EUR,1584.69,2022-09-09,2,Sword & Shield,sword-shield,lost-origin,90,4226,https://images.tcggo.com/tcggo/storage/4251/magearna-lor-128-lost-origin-pokemon.png,https://www.tcggo.com/external/cm/4226,https://www.tcggo.com/external/tcgplayer/4226,Magearna,Magearna 128,0.09,0.08,4087,EUR,[],,,,,,,,,0.02,0.02,0.02,0.02,0.02,0.02,0.02,0.02,0.02,0.02,,,,,,,,,,,,,,,,,,,,,,,,,,,,,,,,,,,,,,,,,,EUR,0.21,0.15,rare,magearna,Pokémon,https://www.tcggo.com/pokemon/lost-origin/magearna-128,swsh11-128,284045,singles,
2026-08-23T17:19:56+02:00,,411,PLANETA Yamashita,planeta-yamashita,LOR 129,129,674142,196,217,LOR,Pokémon,pokemon,26,https://images.tcggo.com/tcggo/storage/4124/lost-origin-logo.png,Lost Origin,EUR,1528.73,EUR,1584.69,2022-09-09,2,Sword & Shield,sword-shield,lost-origin,200,4227,https://images.tcggo.com/tcggo/storage/4252/galarian-perrserker-v-lor-129-lost-origin-pokemon.png,https://www.tcggo.com/external/cm/4227,https://www.tcggo.com/external/tcgplayer/4227,Galarian Perrserker V,Galarian Perrserker V 129,0.65,0.67,2149,EUR,[],,,,,,,,,0.2,0.1,0.1,0.5,0.5,0.2,0.45,0.45,0.09,0.09,,,,,,,,,,,,,,,,,,,,,,,,,,,,,,,,,,,,,,,,,,EUR,0.61,0.83,Rare Holo V,galarian-perrserker-v,Pokémon,https://www.tcggo.com/pokemon/lost-origin/galarian-perrserker-v-129,swsh11-129,284047,singles,
2026-08-23T17:19:56+02:00,,380,5ban Graphics,5ban-graphics,LOR 130,130,670816,196,217,LOR,Pokémon,pokemon,26,https://images.tcggo.com/tcggo/storage/4124/lost-origin-logo.png,Lost Origin,EUR,1528.73,EUR,1584.69,2022-09-09,2,Sword & Shield,sword-shield,lost-origin,220,4228,https://images.tcggo.com/tcggo/storage/4253/giratina-v-lor-130-lost-origin-pokemon.png,https://www.tcggo.com/external/cm/4228,https://www.tcggo.com/external/tcgplayer/4228,Giratina V,Giratina V 130,1.33,1.61,960,EUR,[],,,,,,,,,0.69,0.95,0.95,0.99,0.99,0.69,1,1,0.4,0.4,,,,,,,,,,,,,,,,,,,,,,,,,,,,,,,,,,,,,,,,,,EUR,1.6,1.34,Rare Holo V,giratina-v,Pokémon,https://www.tcggo.com/pokemon/lost-origin/giratina-v-130,swsh11-130,284050,singles,
2026-08-23T17:19:56+02:00,,380,5ban Graphics,5ban-graphics,LOR 131,131,674143,196,217,LOR,Pokémon,pokemon,26,https://images.tcggo.com/tcggo/storage/4124/lost-origin-logo.png,Lost Origin,EUR,1528.73,EUR,1584.69,2022-09-09,2,Sword & Shield,sword-shield,lost-origin,280,4229,https://images.tcggo.com/tcggo/storage/4254/giratina-vstar-lor-131-lost-origin-pokemon.png,https://www.tcggo.com/external/cm/4229,https://www.tcggo.com/external/tcgplayer/4229,Giratina VSTAR,Giratina VSTAR 131,1.75,1.65,782,EUR,,,,,,,177,,,0.99,1,1,2,2,0.99,1,1,0.89,0.89,,,,,,,,,,,,,,,,,,,,,,,,,,,,,,,,,,,,,,,,,,EUR,2.1,2.14,Rare Holo VSTAR,giratina-vstar,Pokémon,https://www.tcggo.com/pokemon/lost-origin/giratina-vstar-131,swsh11-131,284051,singles,
2026-08-23T17:19:56+02:00,,368,Oswaldo KATO,oswaldo-kato,LOR 132,132,674144,196,217,LOR,Pokémon,pokemon,26,https://images.tcggo.com/tcggo/storage/4124/lost-origin-logo.png,Lost Origin,EUR,1528.73,EUR,1584.69,2022-09-09,2,Sword & Shield,sword-shield,lost-origin,60,4230,https://images.tcggo.com/tcggo/storage/4255/goomy-lor-132-lost-origin-pokemon.png,https://www.tcggo.com/external/cm/4230,https://www.tcggo.com/external/tcgplayer/4230,Goomy,Goomy 132,0.03,0.04,16031,EUR,[],,,,,,,,,0.03,0.02,0.02,0.02,0.02,0.02,0.02,0.02,0.02,0.02,,,,,,,,,,,,,,,,,,,,,,,,,,,,,,,,,,,,,,,,,,EUR,0.22,0.12,Common,goomy,Pokémon,https://www.tcggo.com/pokemon/lost-origin/goomy-132,swsh11-132,284053,singles,
2026-08-23T17:19:56+02:00,,378,Kouki Saitou,kouki-saitou,LOR 133,133,674145,196,217,LOR,Pokémon,pokemon,26,https://images.tcggo.com/tcggo/storage/4124/lost-origin-logo.png,Lost Origin,EUR,1528.73,EUR,1584.69,2022-09-09,2,Sword & Shield,sword-shield,lost-origin,90,4231,https://images.tcggo.com/tcggo/storage/4256/hisuian-sliggoo-lor-133-lost-origin-pokemon.png,https://www.tcggo.com/external/cm/4231,https://www.tcggo.com/external/tcgplayer/4231,Hisuian Sliggoo,Hisuian Sliggoo 133,0.03,0.05,8768,EUR,[],,,,,,,,,0.02,0.02,0.02,0.02,0.02,0.02,0.02,0.02,0.02,0.02,,,,,,,,,,,,,,,,,,,,,,,,,,,,,,,,,,,,,,,,,,EUR,0.32,0.13,Uncommon,hisuian-sliggoo,Pokémon,https://www.tcggo.com/pokemon/lost-origin/hisuian-sliggoo-133,swsh11-133,284054,singles,
2026-08-23T17:19:56+02:00,,426,Akira Komayama,akira-komayama,LOR 134,134,670817,196,217,LOR,Pokémon,pokemon,26,https://images.tcggo.com/tcggo/storage/4124/lost-origin-logo.png,Lost Origin,EUR,1528.73,EUR,1584.69,2022-09-09,2,Sword & Shield,sword-shield,lost-origin,160,4232,https://images.tcggo.com/tcggo/storage/4257/hisuian-goodra-lor-134-lost-origin-pokemon.png,https://www.tcggo.com/external/cm/4232,https://www.tcggo.com/external/tcgplayer/4232,Hisuian Goodra,Hisuian Goodra 134,0.25,0.22,2347,EUR,[],,,,,,,,,0.02,0.04,0.04,0.02,0.02,0.02,0.1,0.1,0.02,0.02,,,,,,,,,,,,,,,,,,,,,,,,,,,,,,,,,,,,,,,,,,EUR,0.3,0.26,Rare Holo,hisuian-goodra,Pokémon,https://www.tcggo.com/pokemon/lost-origin/hisuian-goodra-134,swsh11-134,284055,singles,
2026-08-23T17:19:56+02:00,,380,5ban Graphics,5ban-graphics,LOR 135,135,674146,196,217,LOR,Pokémon,pokemon,26,https://images.tcggo.com/tcggo/storage/4124/lost-origin-logo.png,Lost Origin,EUR,1528.73,EUR,1584.69,2022-09-09,2,Sword & Shield,sword-shield,lost-origin,220,4233,https://images.tcggo.com/tcggo/storage/4258/hisuian-goodra-v-lor-135-lost-origin-pokemon.png,https://www.tcggo.com/external/cm/4233,https://www.tcggo.com/external/tcgplayer/4233,Hisuian Goodra V,Hisuian Goodra V 135,0.58,0.66,2727,EUR,[],,,,,,,,,0.09,0.19,0.19,0.3,0.3,0.09,0.4,0.4,0.05,0.05,,,,,,,,,,,,,,,,,,,,,,,,,,,,,,,,,,,,,,,,,,EUR,0.59,0.85,Rare Holo V,hisuian-goodra-v,Pokémon,https://www.tcggo.com/pokemon/lost-origin/hisuian-goodra-v-135,swsh11-135,284058,singles,
2026-08-23T17:19:56+02:00,,380,5ban Graphics,5ban-graphics,LOR 136,136,670818,196,217,LOR,Pokémon,pokemon,26,https://images.tcggo.com/tcggo/storage/4124/lost-origin-logo.png,Lost Origin,EUR,1528.73,EUR,1584.69,2022-09-09,2,Sword & Shield,sword-shield,lost-origin,270,4234,https://images.tcggo.com/tcggo/storage/4259/hisuian-goodra-vstar-lor-136-lost-origin-pokemon.png,https://www.tcggo.com/external/cm/4234,https://www.tcggo.com/external/tcgplayer/4234,Hisuian Goodra VSTAR,Hisuian Goodra VSTAR 136,0.83,0.89,1341,EUR,[],,,,,,,,,0.25,0.49,0.49,0.6,0.6,0.25,0.76,0.76,0.15,0.15,,,,,,,,,,,,,,,,,,,,,,,,,,,,,,,,,,,,,,,,,,EUR,1.12,1.32,Rare Holo VSTAR,hisuian-goodra-vstar,Pokémon,https://www.tcggo.com/pokemon/lost-origin/hisuian-goodra-vstar-136,swsh11-136,284059,singles,
2026-08-23T17:19:56+02:00,,526,Saki Hayashiro,saki-hayashiro,LOR 137,137,674147,196,217,LOR,Pokémon,pokemon,26,https://images.tcggo.com/tcggo/storage/4124/lost-origin-logo.png,Lost Origin,EUR,1528.73,EUR,1584.69,2022-09-09,2,Sword & Shield,sword-shield,lost-origin,210,4235,https://images.tcggo.com/tcggo/storage/4260/pidgeot-v-lor-137-lost-origin-pokemon.png,https://www.tcggo.com/external/cm/4235,https://www.tcggo.com/external/tcgplayer/4235,Pidgeot V,Pidgeot V 137,0.87,0.92,1650,EUR,[],,,,,,,,,0.2,0.39,0.39,0.45,0.45,0.2,0.1,0.45,0.1,0.1,,,,,,,,,,,,,,,,,,,,,,,,,,,,,,,,,,,,,,,,,,EUR,0.6,0.85,Rare Holo V,pidgeot-v,Pokémon,https://www.tcggo.com/pokemon/lost-origin/pidgeot-v-137,swsh11-137,284060,singles,
2026-08-23T17:19:56+02:00,,524,KIYOTAKA OSHIYAMA,kiyotaka-oshiyama,LOR 138,138,674148,196,217,LOR,Pokémon,pokemon,26,https://images.tcggo.com/tcggo/storage/4124/lost-origin-logo.png,Lost Origin,EUR,1528.73,EUR,1584.69,2022-09-09,2,Sword & Shield,sword-shield,lost-origin,110,4236,https://images.tcggo.com/tcggo/storage/4261/lickitung-lor-138-lost-origin-pokemon.png,https://www.tcggo.com/external/cm/4236,https://www.tcggo.com/external/tcgplayer/4236,Lickitung,Lickitung 138,0.03,0.03,9808,EUR,[],,,,,,,,,0.03,0.02,0.02,0.02,0.02,0.02,0.02,0.02,0.02,0.02,,,,,,,,,,,,,,,,,,,,,,,,,,,,,,,,,,,,,,,,,,EUR,0.27,0.1,Common,lickitung,Pokémon,https://www.tcggo.com/pokemon/lost-origin/lickitung-138,swsh11-138,284061,singles,
2026-08-23T17:19:56+02:00,,440,Shibuzoh.,shibuzoh,LOR 139,139,674149,196,217,LOR,Pokémon,pokemon,26,https://images.tcggo.com/tcggo/storage/4124/lost-origin-logo.png,Lost Origin,EUR,1528.73,EUR,1584.69,2022-09-09,2,Sword & Shield,sword-shield,lost-origin,140,4237,https://images.tcggo.com/tcggo/storage/4262/lickilicky-lor-139-lost-origin-pokemon.png,https://www.tcggo.com/external/cm/4237,https://www.tcggo.com/external/tcgplayer/4237,Lickilicky,Lickilicky 139,0.04,0.06,7034,EUR,[],,,,,,,,,0.02,0.02,0.02,0.02,0.02,0.02,0.02,0.02,0.02,0.02,,,,,,,,,,,,,,,,,,,,,,,,,,,,,,,,,,,,,,,,,,EUR,0.23,0.15,Uncommon,lickilicky,Pokémon,https://www.tcggo.com/pokemon/lost-origin/lickilicky-139,swsh11-139,284062,singles,
2026-08-23T17:19:56+02:00,,493,kurumitsu,kurumitsu,LOR 140,140,282728,196,217,LOR,Pokémon,pokemon,26,https://images.tcggo.com/tcggo/storage/4124/lost-origin-logo.png,Lost Origin,EUR,1528.73,EUR,1584.69,2022-09-09,2,Sword & Shield,sword-shield,lost-origin,60,4238,https://images.tcggo.com/tcggo/storage/4263/porygon-lor-140-lost-origin-pokemon.png,https://www.tcggo.com/external/cm/4238,https://www.tcggo.com/external/tcgplayer/4238,Porygon,Porygon 140,0.03,0.04,11032,EUR,[],,,,,,,,,0.02,0.02,0.02,0.02,0.02,0.02,0.02,0.02,0.02,0.02,,,,,,,,,,,,,,,,,,,,,,,,,,,,,,,,,,,,,,,,,,EUR,0.18,0.13,Common,porygon,Pokémon,https://www.tcggo.com/pokemon/lost-origin/porygon-140,swsh11-140,284063,singles,
2026-08-23T17:19:56+02:00,,394,OKACHEKE,okacheke,LOR 141,141,674151,196,217,LOR,Pokémon,pokemon,26,https://images.tcggo.com/tcggo/storage/4124/lost-origin-logo.png,Lost Origin,EUR,1528.73,EUR,1584.69,2022-09-09,2,Sword & Shield,sword-shield,lost-origin,90,4239,https://images.tcggo.com/tcggo/storage/4264/porygon2-lor-141-lost-origin-pokemon.png,https://www.tcggo.com/external/cm/4239,https://www.tcggo.com/external/tcgplayer/4239,Porygon2,Porygon2 141,0.03,0.04,9790,EUR,[],,,,,,,,,0.02,0.02,0.02,0.02,0.02,0.02,0.02,0.02,0.02,0.02,,,,,,,,,,,,,,,,,,,,,,,,,,,,,,,,,,,,,,,,,,EUR,0.17,0.11,Uncommon,porygon2,Pokémon,https://www.tcggo.com/pokemon/lost-origin/porygon2-141,swsh11-141,284064,singles,
2026-08-23T17:19:56+02:00,,440,Shibuzoh.,shibuzoh,LOR 142,142,674152,196,217,LOR,Pokémon,pokemon,26,https://images.tcggo.com/tcggo/storage/4124/lost-origin-logo.png,Lost Origin,EUR,1528.73,EUR,1584.69,2022-09-09,2,Sword & Shield,sword-shield,lost-origin,150,4240,https://images.tcggo.com/tcggo/storage/4265/porygon-z-lor-142-lost-origin-pokemon.png,https://www.tcggo.com/external/cm/4240,https://www.tcggo.com/external/tcgplayer/4240,Porygon-Z,Porygon-Z 142,0.1,0.1,3675,EUR,[],,,,,,,,,0.03,0.02,0.02,0.02,0.02,0.02,0.02,0.02,0.02,0.02,,,,,,,,,,,,,,,,,,,,,,,,,,,,,,,,,,,,,,,,,,EUR,0.19,0.17,rare,porygon-z,Pokémon,https://www.tcggo.com/pokemon/lost-origin/porygon-z-142,swsh11-142,284066,singles,
2026-08-23T17:19:56+02:00,,507,0313,0313,LOR 143,143,674153,196,217,LOR,Pokémon,pokemon,26,https://images.tcggo.com/tcggo/storage/4124/lost-origin-logo.png,Lost Origin,EUR,1528.73,EUR,1584.69,2022-09-09,2,Sword & Shield,sword-shield,lost-origin,150,4241,https://images.tcggo.com/tcggo/storage/4266/snorlax-lor-143-lost-origin-pokemon.png,https://www.tcggo.com/external/cm/4241,https://www.tcggo.com/external/tcgplayer/4241,Snorlax,Snorlax 143,0.71,0.6,641,EUR,[],,,,,,,,,0.02,0.25,0.25,0.1,0.1,0.02,0.2,0.2,0.15,0.15,,,,,,,,,,,,,,,,,,,,,,,,,,,,,,,,,,,,,,,,,,EUR,3.16,1,Rare Holo,snorlax,Pokémon,https://www.tcggo.com/pokemon/lost-origin/snorlax-143-1,swsh11-143,284068,singles,
2026-08-23T17:19:56+02:00,,378,Kouki Saitou,kouki-saitou,LOR 144,144,674154,196,217,LOR,Pokémon,pokemon,26,https://images.tcggo.com/tcggo/storage/4124/lost-origin-logo.png,Lost Origin,EUR,1528.73,EUR,1584.69,2022-09-09,2,Sword & Shield,sword-shield,lost-origin,60,4242,https://images.tcggo.com/tcggo/storage/4267/aipom-lor-144-lost-origin-pokemon.png,https://www.tcggo.com/external/cm/4242,https://www.tcggo.com/external/tcgplayer/4242,Aipom,Aipom 144,0.03,0.03,10140,EUR,[],,,,,,,,,0.03,0.02,0.02,0.02,0.02,0.02,0.02,0.02,0.02,0.02,,,,,,,,,,,,,,,,,,,,,,,,,,,,,,,,,,,,,,,,,,EUR,0.22,0.09,Common,aipom,Pokémon,https://www.tcggo.com/pokemon/lost-origin/aipom-144,swsh11-144,284070,singles,
2026-08-23T17:19:56+02:00,,460,Atsushi Furusawa,atsushi-furusawa,LOR 145,145,674155,196,217,LOR,Pokémon,pokemon,26,https://images.tcggo.com/tcggo/storage/4124/lost-origin-logo.png,Lost Origin,EUR,1528.73,EUR,1584.69,2022-09-09,2,Sword & Shield,sword-shield,lost-origin,90,4243,https://images.tcggo.com/tcggo/storage/4268/ambipom-lor-145-lost-origin-pokemon.png,https://www.tcggo.com/external/cm/4243,https://www.tcggo.com/external/tcgplayer/4243,Ambipom,Ambipom 145,0.03,0.03,7644,EUR,[],,,,,,,,,0.03,0.02,0.02,0.02,0.02,0.02,0.02,0.02,0.02,0.02,,,,,,,,,,,,,,,,,,,,,,,,,,,,,,,,,,,,,,,,,,EUR,0.16,0.1,Uncommon,ambipom,Pokémon,https://www.tcggo.com/pokemon/lost-origin/ambipom-145,swsh11-145,284071,singles,
2026-08-23T17:19:56+02:00,,371,aky CG Works,aky-cg-works,LOR 146,146,674156,196,217,LOR,Pokémon,pokemon,26,https://images.tcggo.com/tcggo/storage/4124/lost-origin-logo.png,Lost Origin,EUR,1528.73,EUR,1584.69,2022-09-09,2,Sword & Shield,sword-shield,lost-origin,210,4244,https://images.tcggo.com/tcggo/storage/4269/hisuian-zoroark-v-lor-146-lost-origin-pokemon.png,https://www.tcggo.com/external/cm/4244,https://www.tcggo.com/external/tcgplayer/4244,Hisuian Zoroark V,Hisuian Zoroark V 146,0.72,0.76,1787,EUR,[],,,,,,,,,0.15,0.3,0.3,0.4,0.4,0.15,0.49,0.49,0.1,0.1,,,,,,,,,,,,,,,,,,,,,,,,,,,,,,,,,,,,,,,,,,EUR,0.76,0.85,Rare Holo V,hisuian-zoroark-v,Pokémon,https://www.tcggo.com/pokemon/lost-origin/hisuian-zoroark-v-146,swsh11-146,284074,singles,
2026-08-23T17:19:56+02:00,,371,aky CG Works,aky-cg-works,LOR 147,147,670819,196,217,LOR,Pokémon,pokemon,26,https://images.tcggo.com/tcggo/storage/4124/lost-origin-logo.png,Lost Origin,EUR,1528.73,EUR,1584.69,2022-09-09,2,Sword & Shield,sword-shield,lost-origin,270,4245,https://images.tcggo.com/tcggo/storage/4270/hisuian-zoroark-vstar-lor-147-lost-origin-pokemon.png,https://www.tcggo.com/external/cm/4245,https://www.tcggo.com/external/tcgplayer/4245,Hisuian Zoroark VSTAR,Hisuian Zoroark VSTAR 147,1.06,1.13,1245,EUR,[],,,,,,,,,0.4,0.65,0.65,0.9,0.9,0.4,1,1,0.4,0.4,,,,,,,,,,,,,,,,,,,,,,,,,,,,,,,,,,,,,,,,,,EUR,1.15,1.28,Rare Holo VSTAR,hisuian-zoroark-vstar,Pokémon,https://www.tcggo.com/pokemon/lost-origin/hisuian-zoroark-vstar-147,swsh11-147,282256,singles,
2026-08-23T17:19:56+02:00,,395,Nisota Niso,nisota-niso,LOR 148,148,674157,196,217,LOR,Pokémon,pokemon,26,https://images.tcggo.com/tcggo/storage/4124/lost-origin-logo.png,Lost Origin,EUR,1528.73,EUR,1584.69,2022-09-09,2,Sword & Shield,sword-shield,lost-origin,130,4246,https://images.tcggo.com/tcggo/storage/4271/bouffalant-lor-148-lost-origin-pokemon.png,https://www.tcggo.com/external/cm/4246,https://www.tcggo.com/external/tcgplayer/4246,Bouffalant,Bouffalant 148,0.07,0.07,3588,EUR,[],,,,,,,,,0.02,0.02,0.02,0.02,0.02,0.02,0.02,0.02,0.02,0.02,,,,,,,,,,,,,,,,,,,,,,,,,,,,,,,,,,,,,,,,,,EUR,0.2,0.15,rare,bouffalant,Pokémon,https://www.tcggo.com/pokemon/lost-origin/bouffalant-148,swsh11-148,284075,singles,
2026-08-23T17:19:56+02:00,,359,HYOGONOSUKE,hyogonosuke,LOR 149,149,674158,196,217,LOR,Pokémon,pokemon,26,https://images.tcggo.com/tcggo/storage/4124/lost-origin-logo.png,Lost Origin,EUR,1528.73,EUR,1584.69,2022-09-09,2,Sword & Shield,sword-shield,lost-origin,100,4247,https://images.tcggo.com/tcggo/storage/4272/komala-lor-149-lost-origin-pokemon.png,https://www.tcggo.com/external/cm/4247,https://www.tcggo.com/external/tcgplayer/4247,Komala,Komala 149,0.03,0.03,8878,EUR,[],,,,,,,,,0.02,0.02,0.02,0.02,0.02,0.02,0.02,0.02,0.02,0.02,,,,,,,,,,,,,,,,,,,,,,,,,,,,,,,,,,,,,,,,,,EUR,0.24,0.11,Uncommon,komala,Pokémon,https://www.tcggo.com/pokemon/lost-origin/komala-149,swsh11-149,284077,singles,
2026-08-23T17:19:56+02:00,,438,Miki Tanaka,miki-tanaka,LOR 150,150,674159,196,217,LOR,Pokémon,pokemon,26,https://images.tcggo.com/tcggo/storage/4124/lost-origin-logo.png,Lost Origin,EUR,1528.73,EUR,1584.69,2022-09-09,2,Sword & Shield,sword-shield,lost-origin,60,4248,https://images.tcggo.com/tcggo/storage/4273/skwovet-lor-150-lost-origin-pokemon.png,https://www.tcggo.com/external/cm/4248,https://www.tcggo.com/external/tcgplayer/4248,Skwovet,Skwovet 150,0.02,0.02,11197,EUR,[],,,,,,,,,0.02,0.02,0.02,0.02,0.02,0.02,0.02,0.02,0.02,0.02,,,,,,,,,,,,,,,,,,,,,,,,,,,,,,,,,,,,,,,,,,EUR,0.16,0.1,Common,skwovet,Pokémon,https://www.tcggo.com/pokemon/lost-origin/skwovet-150,swsh11-150,284078,singles,
2026-08-23T17:19:56+02:00,,503,sui,sui,LOR 151,151,674160,196,217,LOR,Pokémon,pokemon,26,https://images.tcggo.com/tcggo/storage/4124/lost-origin-logo.png,Lost Origin,EUR,1528.73,EUR,1584.69,2022-09-09,2,Sword & Shield,sword-shield,lost-origin,130,4249,https://images.tcggo.com/tcggo/storage/4274/greedent-lor-151-lost-origin-pokemon.png,https://www.tcggo.com/external/cm/4249,https://www.tcggo.com/external/tcgplayer/4249,Greedent,Greedent 151,0.08,0.05,4059,EUR,[],,,,,,,,,0.02,0.02,0.02,0.02,0.02,0.02,0.02,0.02,0.02,0.02,,,,,,,,,,,,,,,,,,,,,,,,,,,,,,,,,,,,,,,,,,EUR,0.22,0.17,rare,greedent,Pokémon,https://www.tcggo.com/pokemon/lost-origin/greedent-151,swsh11-151,284079,singles,
2026-08-23T17:19:56+02:00,,380,5ban Graphics,5ban-graphics,LOR 152,152,674161,196,217,LOR,Pokémon,pokemon,26,https://images.tcggo.com/tcggo/storage/4124/lost-origin-logo.png,Lost Origin,EUR,1528.73,EUR,1584.69,2022-09-09,2,Sword & Shield,sword-shield,lost-origin,0,4250,https://images.tcggo.com/tcggo/storage/4275/arc-phone-lor-152-lost-origin-pokemon.png,https://www.tcggo.com/external/cm/4250,https://www.tcggo.com/external/tcgplayer/4250,Arc Phone,Arc Phone 152,0.03,0.03,11020,EUR,[],,,,,,,,,0.02,0.02,0.02,0.02,0.02,0.02,0.02,0.02,0.02,0.02,,,,,,,,,,,,,,,,,,,,,,,,,,,,,,,,,,,,,,,,,,EUR,0.12,0.12,Uncommon,arc-phone,Trainer,https://www.tcggo.com/pokemon/lost-origin/arc-phone-152,swsh11-152,284082,singles,
2026-08-23T17:19:56+02:00,,512,kirisAki,kirisaki,LOR 153,153,674162,196,217,LOR,Pokémon,pokemon,26,https://images.tcggo.com/tcggo/storage/4124/lost-origin-logo.png,Lost Origin,EUR,1528.73,EUR,1584.69,2022-09-09,2,Sword & Shield,sword-shield,lost-origin,0,4251,https://images.tcggo.com/tcggo/storage/4276/arezu-lor-153-lost-origin-pokemon.png,https://www.tcggo.com/external/cm/4251,https://www.tcggo.com/external/tcgplayer/4251,Arezu,Arezu 153,0.06,0.09,10395,EUR,[],,,,,,,,,0.02,0.02,0.02,0.02,0.02,0.02,0.02,0.02,0.02,0.02,,,,,,,,,,,,,,,,,,,,,,,,,,,,,,,,,,,,,,,,,,EUR,0.29,0.13,Uncommon,arezu,Trainer,https://www.tcggo.com/pokemon/lost-origin/arezu-153,swsh11-153,284083,singles,
2026-08-23T17:19:56+02:00,,458,Toyste Beach,toyste-beach,LOR 154,154,674163,196,217,LOR,Pokémon,pokemon,26,https://images.tcggo.com/tcggo/storage/4124/lost-origin-logo.png,Lost Origin,EUR,1528.73,EUR,1584.69,2022-09-09,2,Sword & Shield,sword-shield,lost-origin,0,4252,https://images.tcggo.com/tcggo/storage/4277/box-of-disaster-lor-154-lost-origin-pokemon.png,https://www.tcggo.com/external/cm/4252,https://www.tcggo.com/external/tcgplayer/4252,Box of Disaster,Box of Disaster 154,0.04,0.03,10398,EUR,[],,,,,,,,,0.02,0.02,0.02,0.02,0.02,0.02,0.02,0.02,0.02,0.02,,,,,,,,,,,,,,,,,,,,,,,,,,,,,,,,,,,,,,,,,,EUR,0.12,0.13,Uncommon,box-of-disaster,Trainer,https://www.tcggo.com/pokemon/lost-origin/box-of-disaster-154,swsh11-154,284084,singles,
2026-08-23T17:19:56+02:00,,463,Naoki Saito,naoki-saito,LOR 155,155,670820,196,217,LOR,Pokémon,pokemon,26,https://images.tcggo.com/tcggo/storage/4124/lost-origin-logo.png,Lost Origin,EUR,1528.73,EUR,1584.69,2022-09-09,2,Sword & Shield,sword-shield,lost-origin,0,4253,https://images.tcggo.com/tcggo/storage/4278/colresss-experiment-lor-155-lost-origin-pokemon.png,https://www.tcggo.com/external/cm/4253,https://www.tcggo.com/external/tcgplayer/4253,Colress's Experiment,Colress's Experiment 155,0.04,0.04,8951,EUR,[],,,,,,,,,0.02,0.02,0.02,0.02,0.02,0.02,0.02,0.02,0.02,0.02,,,,,,,,,,,,,,,,,,,,,,,,,,,,,,,,,,,,,,,,,,EUR,0.25,0.13,Uncommon,colresss-experiment,Trainer,https://www.tcggo.com/pokemon/lost-origin/colresss-experiment-155,swsh11-155,284085,singles,
2026-08-23T17:19:56+02:00,,549,sadaji,sadaji,LOR 156,156,674164,196,217,LOR,Pokémon,pokemon,26,https://images.tcggo.com/tcggo/storage/4124/lost-origin-logo.png,Lost Origin,EUR,1528.73,EUR,1584.69,2022-09-09,2,Sword & Shield,sword-shield,lost-origin,0,4254,https://images.tcggo.com/tcggo/storage/4279/damage-pump-lor-156-lost-origin-pokemon.png,https://www.tcggo.com/external/cm/4254,https://www.tcggo.com/external/tcgplayer/4254,Damage Pump,Damage Pump 156,0.04,0.02,9448,EUR,[],,,,,,,,,0.02,0.02,0.02,0.02,0.02,0.02,0.02,0.02,0.02,0.02,,,,,,,,,,,,,,,,,,,,,,,,,,,,,,,,,,,,,,,,,,EUR,0.16,0.13,Uncommon,damage-pump,Trainer,https://www.tcggo.com/pokemon/lost-origin/damage-pump-156,swsh11-156,284087,singles,
2026-08-23T17:19:56+02:00,,518,Ryuta Fuse,ryuta-fuse,LOR 157,157,674165,196,217,LOR,Pokémon,pokemon,26,https://images.tcggo.com/tcggo/storage/4124/lost-origin-logo.png,Lost Origin,EUR,1528.73,EUR,1584.69,2022-09-09,2,Sword & Shield,sword-shield,lost-origin,0,4255,https://images.tcggo.com/tcggo/storage/4280/fantina-lor-157-lost-origin-pokemon.png,https://www.tcggo.com/external/cm/4255,https://www.tcggo.com/external/tcgplayer/4255,Fantina,Fantina 157,0.03,0.03,13684,EUR,[],,,,,,,,,0.02,0.02,0.02,0.02,0.02,0.02,0.02,0.02,0.02,0.02,,,,,,,,,,,,,,,,,,,,,,,,,,,,,,,,,,,,,,,,,,EUR,0.21,0.12,Uncommon,fantina,Trainer,https://www.tcggo.com/pokemon/lost-origin/fantina-157,swsh11-157,284088,singles,
2026-08-23T17:19:56+02:00,,426,Akira Komayama,akira-komayama,LOR 158,158,674166,196,217,LOR,Pokémon,pokemon,26,https://images.tcggo.com/tcggo/storage/4124/lost-origin-logo.png,Lost Origin,EUR,1528.73,EUR,1584.69,2022-09-09,2,Sword & Shield,sword-shield,lost-origin,0,4256,https://images.tcggo.com/tcggo/storage/4281/iscan-lor-158-lost-origin-pokemon.png,https://www.tcggo.com/external/cm/4256,https://www.tcggo.com/external/tcgplayer/4256,Iscan,Iscan 158,0.03,0.02,11499,EUR,[],,,,,,,,,0.02,0.02,0.02,0.02,0.02,0.02,0.02,0.02,0.02,0.02,,,,,,,,,,,,,,,,,,,,,,,,,,,,,,,,,,,,,,,,,,EUR,0.09,0.09,Uncommon,iscan,Trainer,https://www.tcggo.com/pokemon/lost-origin/iscan-158,swsh11-158,284089,singles,
2026-08-23T17:19:56+02:00,,391,saino misaki,saino-misaki,LOR 159,159,674167,196,217,LOR,Pokémon,pokemon,26,https://images.tcggo.com/tcggo/storage/4124/lost-origin-logo.png,Lost Origin,EUR,1528.73,EUR,1584.69,2022-09-09,2,Sword & Shield,sword-shield,lost-origin,0,4257,https://images.tcggo.com/tcggo/storage/4282/lady-lor-159-lost-origin-pokemon.png,https://www.tcggo.com/external/cm/4257,https://www.tcggo.com/external/tcgplayer/4257,Lady,Lady 159,0.07,0.06,8295,EUR,[],,,,,,,,,0.02,0.02,0.02,0.02,0.02,0.02,0.02,0.02,0.02,0.02,,,,,,,,,,,,,,,,,,,,,,,,,,,,,,,,,,,,,,,,,,EUR,0.23,0.15,Uncommon,lady,Trainer,https://www.tcggo.com/pokemon/lost-origin/lady-159,swsh11-159,284090,singles,
2026-08-23T17:19:56+02:00,,368,Oswaldo KATO,oswaldo-kato,LOR 160,160,674168,196,217,LOR,Pokémon,pokemon,26,https://images.tcggo.com/tcggo/storage/4124/lost-origin-logo.png,Lost Origin,EUR,1528.73,EUR,1584.69,2022-09-09,2,Sword & Shield,sword-shield,lost-origin,0,4258,https://images.tcggo.com/tcggo/storage/4283/lake-acuity-lor-160-lost-origin-pokemon.png,https://www.tcggo.com/external/cm/4258,https://www.tcggo.com/external/tcgplayer/4258,Lake Acuity,Lake Acuity 160,0.04,0.04,10430,EUR,[],,,,,,,,,0.03,0.02,0.02,0.02,0.02,0.02,0.02,0.02,0.02,0.02,,,,,,,,,,,,,,,,,,,,,,,,,,,,,,,,,,,,,,,,,,EUR,0.19,0.13,Uncommon,lake-acuity,Trainer,https://www.tcggo.com/pokemon/lost-origin/lake-acuity-160,swsh11-160,284092,singles,
2026-08-23T17:19:56+02:00,,453,AYUMI ODASHIMA,ayumi-odashima,LOR 161,161,674170,196,217,LOR,Pokémon,pokemon,26,https://images.tcggo.com/tcggo/storage/4124/lost-origin-logo.png,Lost Origin,EUR,1528.73,EUR,1584.69,2022-09-09,2,Sword & Shield,sword-shield,lost-origin,0,4259,https://images.tcggo.com/tcggo/storage/4284/lost-city-lor-161-lost-origin-pokemon.png,https://www.tcggo.com/external/cm/4259,https://www.tcggo.com/external/tcgplayer/4259,Lost City,Lost City 161,0.1,0.15,7074,EUR,[],,,,,,,,,0.03,0.02,0.02,0.02,0.02,0.02,0.02,0.02,0.02,0.02,,,,,,,,,,,,,,,,,,,,,,,,,,,,,,,,,,,,,,,,,,EUR,0.44,0.14,Uncommon,lost-city,Trainer,https://www.tcggo.com/pokemon/lost-origin/lost-city-161,swsh11-161,284093,singles,
2026-08-23T17:19:56+02:00,,458,Toyste Beach,toyste-beach,LOR 162,162,674171,196,217,LOR,Pokémon,pokemon,26,https://images.tcggo.com/tcggo/storage/4124/lost-origin-logo.png,Lost Origin,EUR,1528.73,EUR,1584.69,2022-09-09,2,Sword & Shield,sword-shield,lost-origin,0,4260,https://images.tcggo.com/tcggo/storage/4285/lost-vacuum-lor-162-lost-origin-pokemon.png,https://www.tcggo.com/external/cm/4260,https://www.tcggo.com/external/tcgplayer/4260,Lost Vacuum,Lost Vacuum 162,0.03,0.04,13493,EUR,[],,,,,,,,,0.02,0.02,0.02,0.02,0.02,0.02,0.02,0.02,0.02,0.02,,,,,,,,,,,,,,,,,,,,,,,,,,,,,,,,,,,,,,,,,,EUR,0.2,0.15,Uncommon,lost-vacuum,Trainer,https://www.tcggo.com/pokemon/lost-origin/lost-vacuum-162,swsh11-162,284094,singles,
2026-08-23T17:19:56+02:00,,549,sadaji,sadaji,LOR 163,163,670821,196,217,LOR,Pokémon,pokemon,26,https://images.tcggo.com/tcggo/storage/4124/lost-origin-logo.png,Lost Origin,EUR,1528.73,EUR,1584.69,2022-09-09,2,Sword & Shield,sword-shield,lost-origin,0,4261,https://images.tcggo.com/tcggo/storage/4286/mirage-gate-lor-163-lost-origin-pokemon.png,https://www.tcggo.com/external/cm/4261,https://www.tcggo.com/external/tcgplayer/4261,Mirage Gate,Mirage Gate 163,0.04,0.04,9984,EUR,[],,,,,,,,,0.02,0.02,0.02,0.02,0.02,0.02,0.02,0.02,0.02,0.02,,,,,,,,,,,,,,,,,,,,,,,,,,,,,,,,,,,,,,,,,,EUR,0.37,0.13,Uncommon,mirage-gate,Trainer,https://www.tcggo.com/pokemon/lost-origin/mirage-gate-163,swsh11-163,282257,singles,
2026-08-23T17:19:56+02:00,,559,Souchirou Gunjima,souchirou-gunjima,LOR 164,164,674172,196,217,LOR,Pokémon,pokemon,26,https://images.tcggo.com/tcggo/storage/4124/lost-origin-logo.png,Lost Origin,EUR,1528.73,EUR,1584.69,2022-09-09,2,Sword & Shield,sword-shield,lost-origin,0,4262,https://images.tcggo.com/tcggo/storage/4287/miss-fortune-sisters-lor-164-lost-origin-pokemon.png,https://www.tcggo.com/external/cm/4262,https://www.tcggo.com/external/tcgplayer/4262,Miss Fortune Sisters,Miss Fortune Sisters 164,0.05,0.08,9138,EUR,[],,,,,,,,,0.03,0.02,0.02,0.02,0.02,0.02,0.02,0.02,0.02,0.02,,,,,,,,,,,,,,,,,,,,,,,,,,,,,,,,,,,,,,,,,,EUR,0.2,0.13,Uncommon,miss-fortune-sisters,Trainer,https://www.tcggo.com/pokemon/lost-origin/miss-fortune-sisters-164,swsh11-164,284096,singles,
2026-08-23T17:19:56+02:00,,461,Studio Bora Inc.,studio-bora-inc,LOR 165,165,674173,196,217,LOR,Pokémon,pokemon,26,https://images.tcggo.com/tcggo/storage/4124/lost-origin-logo.png,Lost Origin,EUR,1528.73,EUR,1584.69,2022-09-09,2,Sword & Shield,sword-shield,lost-origin,0,4263,https://images.tcggo.com/tcggo/storage/4288/panic-mask-lor-165-lost-origin-pokemon.png,https://www.tcggo.com/external/cm/4263,https://www.tcggo.com/external/tcgplayer/4263,Panic Mask,Panic Mask 165,0.05,0.05,8499,EUR,[],,,,,,,,,0.02,0.02,0.02,0.02,0.02,0.02,0.02,0.02,0.02,0.02,,,,,,,,,,,,,,,,,,,,,,,,,,,,,,,,,,,,,,,,,,EUR,0.24,0.13,Uncommon,panic-mask,Trainer,https://www.tcggo.com/pokemon/lost-origin/panic-mask-165,swsh11-165,284097,singles,
2026-08-23T17:19:56+02:00,,556,Ken Sugimori,ken-sugimori,LOR 166,166,674174,196,217,LOR,Pokémon,pokemon,26,https://images.tcggo.com/tcggo/storage/4124/lost-origin-logo.png,Lost Origin,EUR,1528.73,EUR,1584.69,2022-09-09,2,Sword & Shield,sword-shield,lost-origin,0,4264,https://images.tcggo.com/tcggo/storage/4289/riley-lor-166-lost-origin-pokemon.png,https://www.tcggo.com/external/cm/4264,https://www.tcggo.com/external/tcgplayer/4264,Riley,Riley 166,0.03,0.02,10048,EUR,[],,,,,,,,,0.02,0.02,0.02,0.02,0.02,0.02,0.02,0.02,0.02,0.02,,,,,,,,,,,,,,,,,,,,,,,,,,,,,,,,,,,,,,,,,,EUR,0.15,0.13,Uncommon,riley,Trainer,https://www.tcggo.com/pokemon/lost-origin/riley-166,swsh11-166,284099,singles,
2026-08-23T17:19:56+02:00,,456,Hideki Ishikawa,hideki-ishikawa,LOR 167,167,674175,196,217,LOR,Pokémon,pokemon,26,https://images.tcggo.com/tcggo/storage/4124/lost-origin-logo.png,Lost Origin,EUR,1528.73,EUR,1584.69,2022-09-09,2,Sword & Shield,sword-shield,lost-origin,0,4265,https://images.tcggo.com/tcggo/storage/4290/thorton-lor-167-lost-origin-pokemon.png,https://www.tcggo.com/external/cm/4265,https://www.tcggo.com/external/tcgplayer/4265,Thorton,Thorton 167,0.05,0.12,9085,EUR,[],,,,,,,,,0.02,0.02,0.02,0.02,0.02,0.02,0.02,0.02,0.02,0.02,,,,,,,,,,,,,,,,,,,,,,,,,,,,,,,,,,,,,,,,,,EUR,0.3,0.13,Uncommon,thorton,Trainer,https://www.tcggo.com/pokemon/lost-origin/thorton-167,swsh11-167,284100,singles,
2026-08-23T17:19:56+02:00,,453,AYUMI ODASHIMA,ayumi-odashima,LOR 168,168,674176,196,217,LOR,Pokémon,pokemon,26,https://images.tcggo.com/tcggo/storage/4124/lost-origin-logo.png,Lost Origin,EUR,1528.73,EUR,1584.69,2022-09-09,2,Sword & Shield,sword-shield,lost-origin,0,4266,https://images.tcggo.com/tcggo/storage/4291/tool-box-lor-168-lost-origin-pokemon.png,https://www.tcggo.com/external/cm/4266,https://www.tcggo.com/external/tcgplayer/4266,Tool Box,Tool Box 168,0.04,0.05,10682,EUR,[],,,,,,,,,0.02,0.02,0.02,0.02,0.02,0.02,0.02,0.02,0.02,0.02,,,,,,,,,,,,,,,,,,,,,,,,,,,,,,,,,,,,,,,,,,EUR,0.16,0.11,Uncommon,tool-box,Trainer,https://www.tcggo.com/pokemon/lost-origin/tool-box-168,swsh11-168,284101,singles,
2026-08-23T17:19:56+02:00,,512,kirisAki,kirisaki,LOR 169,169,674177,196,217,LOR,Pokémon,pokemon,26,https://images.tcggo.com/tcggo/storage/4124/lost-origin-logo.png,Lost Origin,EUR,1528.73,EUR,1584.69,2022-09-09,2,Sword & Shield,sword-shield,lost-origin,0,4267,https://images.tcggo.com/tcggo/storage/4292/volo-lor-169-lost-origin-pokemon.png,https://www.tcggo.com/external/cm/4267,https://www.tcggo.com/external/tcgplayer/4267,Volo,Volo 169,0.23,0.09,3186,EUR,[],,,,,,,,,0.02,0.02,0.02,0.05,0.05,0.02,0.03,0.03,0.02,0.02,,,,,,,,,,,,,,,,,,,,,,,,,,,,,,,,,,,,,,,,,,EUR,0.16,0.21,Rare Holo,volo,Trainer,https://www.tcggo.com/pokemon/lost-origin/volo-169,swsh11-169,284104,singles,
2026-08-23T17:19:56+02:00,,458,Toyste Beach,toyste-beach,LOR 170,170,670822,196,217,LOR,Pokémon,pokemon,26,https://images.tcggo.com/tcggo/storage/4124/lost-origin-logo.png,Lost Origin,EUR,1528.73,EUR,1584.69,2022-09-09,2,Sword & Shield,sword-shield,lost-origin,0,4268,https://images.tcggo.com/tcggo/storage/4293/windup-arm-lor-170-lost-origin-pokemon.png,https://www.tcggo.com/external/cm/4268,https://www.tcggo.com/external/tcgplayer/4268,Windup Arm,Windup Arm 170,0.03,0.03,10709,EUR,[],,,,,,,,,0.02,0.02,0.02,0.02,0.02,0.02,0.02,0.02,0.02,0.02,,,,,,,,,,,,,,,,,,,,,,,,,,,,,,,,,,,,,,,,,,EUR,0.08,0.13,Uncommon,windup-arm,Trainer,https://www.tcggo.com/pokemon/lost-origin/windup-arm-170,swsh11-170,284106,singles,
2026-08-23T17:19:56+02:00,,,,,LOR 171,171,674178,196,217,LOR,Pokémon,pokemon,26,https://images.tcggo.com/tcggo/storage/4124/lost-origin-logo.png,Lost Origin,EUR,1528.73,EUR,1584.69,2022-09-09,2,Sword & Shield,sword-shield,lost-origin,0,4269,https://images.tcggo.com/tcggo/storage/4294/gift-energy-lor-171-lost-origin-pokemon.png,https://www.tcggo.com/external/cm/4269,https://www.tcggo.com/external/tcgplayer/4269,Gift Energy,Gift Energy 171,0.05,0.05,6654,EUR,[],,,,,,,,,0.02,0.02,0.02,0.02,0.02,0.02,0.02,0.02,0.02,0.02,,,,,,,,,,,,,,,,,,,,,,,,,,,,,,,,,,,,,,,,,,EUR,0.24,0.16,Uncommon,gift-energy,Energy,https://www.tcggo.com/pokemon/lost-origin/gift-energy-171,swsh11-171,284108,singles,
2026-08-23T17:19:56+02:00,,380,5ban Graphics,5ban-graphics,LOR 172,172,670823,196,217,LOR,Pokémon,pokemon,26,https://images.tcggo.com/tcggo/storage/4124/lost-origin-logo.png,Lost Origin,EUR,1528.73,EUR,1584.69,2022-09-09,2,Sword & Shield,sword-shield,lost-origin,210,4270,https://images.tcggo.com/tcggo/storage/4295/hisuian-electrode-v-lor-172-lost-origin-pokemon.png,https://www.tcggo.com/external/cm/4270,https://www.tcggo.com/external/tcgplayer/4270,Hisuian Electrode V,Hisuian Electrode V 172,2.32,2.44,416,EUR,[],,,,,,,,,1.4,1.32,1.32,2.45,2.45,1.4,3,3,0.99,0.99,,,,,,,,,,,,,,,,,,,,,,,,,,,,,,,,,,,,,,,,,,EUR,1.94,1.86,Rare Ultra,hisuian-electrode-v,Pokémon,https://www.tcggo.com/pokemon/lost-origin/hisuian-electrode-v-172,swsh11-172,284110,singles,
2026-08-23T17:19:56+02:00,,411,PLANETA Yamashita,planeta-yamashita,LOR 173,173,674179,196,217,LOR,Pokémon,pokemon,26,https://images.tcggo.com/tcggo/storage/4124/lost-origin-logo.png,Lost Origin,EUR,1528.73,EUR,1584.69,2022-09-09,2,Sword & Shield,sword-shield,lost-origin,210,4271,https://images.tcggo.com/tcggo/storage/4296/delphox-v-lor-173-lost-origin-pokemon.png,https://www.tcggo.com/external/cm/4271,https://www.tcggo.com/external/tcgplayer/4271,Delphox V,Delphox V 173,2.67,2.3,368,EUR,[],,,,,,,,,1,1.5,1.5,3.99,3.99,1,3,3,1,1,,,,,,,,,,,,,,,,,,,,,,,,,,,,,,,,,,,,,,,,,,EUR,2.89,2.26,Rare Ultra,delphox-v,Pokémon,https://www.tcggo.com/pokemon/lost-origin/delphox-v-173,swsh11-173,284115,singles,
2026-08-23T17:19:56+02:00,,490,takuyoa,takuyoa,LOR 174,174,674180,196,217,LOR,Pokémon,pokemon,26,https://images.tcggo.com/tcggo/storage/4124/lost-origin-logo.png,Lost Origin,EUR,1528.73,EUR,1584.69,2022-09-09,2,Sword & Shield,sword-shield,lost-origin,220,4272,https://images.tcggo.com/tcggo/storage/4297/kyurem-v-lor-174-lost-origin-pokemon.png,https://www.tcggo.com/external/cm/4272,https://www.tcggo.com/external/tcgplayer/4272,Kyurem V,Kyurem V 174,3.7,5.6,343,EUR,,,,,,,50,,,2.4,1.85,1.85,3.97,3.97,2.4,4.8,4.8,2,2,,,,,,,,,,,,,,,,,,,,,,,,,,,,,,,,,,,,,,,,,,EUR,3.09,2.56,Rare Ultra,kyurem-v,Pokémon,https://www.tcggo.com/pokemon/lost-origin/kyurem-v-174,swsh11-174,284116,singles,
2026-08-23T17:19:56+02:00,,489,N-DESIGN Inc.,n-design-inc,LOR 175,175,674181,196,217,LOR,Pokémon,pokemon,26,https://images.tcggo.com/tcggo/storage/4124/lost-origin-logo.png,Lost Origin,EUR,1528.73,EUR,1584.69,2022-09-09,2,Sword & Shield,sword-shield,lost-origin,210,4273,https://images.tcggo.com/tcggo/storage/4298/magnezone-v-lor-175-lost-origin-pokemon.png,https://www.tcggo.com/external/cm/4273,https://www.tcggo.com/external/tcgplayer/4273,Magnezone V,Magnezone V 175,2.16,2.02,473,EUR,[],,,,,,,,,1.4,1.34,1.34,1.98,1.98,1.4,2.99,2.99,0.75,0.75,,,,,,,,,,,,,,,,,,,,,,,,,,,,,,,,,,,,,,,,,,EUR,1.62,1.44,Rare Ultra,magnezone-v,Pokémon,https://www.tcggo.com/pokemon/lost-origin/magnezone-v-175,swsh11-175,284117,singles,
2026-08-23T17:19:56+02:00,,384,PLANETA Mochizuki,planeta-mochizuki,LOR 176,176,674182,196,217,LOR,Pokémon,pokemon,26,https://images.tcggo.com/tcggo/storage/4124/lost-origin-logo.png,Lost Origin,EUR,1528.73,EUR,1584.69,2022-09-09,2,Sword & Shield,sword-shield,lost-origin,190,4274,https://images.tcggo.com/tcggo/storage/4299/rotom-v-lor-176-lost-origin-pokemon.png,https://www.tcggo.com/external/cm/4274,https://www.tcggo.com/external/tcgplayer/4274,Rotom V,Rotom V 176,2.08,1.88,419,EUR,[],,,,,,,,,1.85,1.5,1.5,2,2,1.85,2,2,0.97,0.97,,,,,,,,,,,,,,,,,,,,,,,,,,,,,,,,,,,,,,,,,,EUR,2.2,2.12,Rare Ultra,rotom-v,Pokémon,https://www.tcggo.com/pokemon/lost-origin/rotom-v-176,swsh11-176,284120,singles,
2026-08-23T17:19:56+02:00,,409,Yuu Nishida,yuu-nishida,LOR 177,177,674183,196,217,LOR,Pokémon,pokemon,26,https://images.tcggo.com/tcggo/storage/4124/lost-origin-logo.png,Lost Origin,EUR,1528.73,EUR,1584.69,2022-09-09,2,Sword & Shield,sword-shield,lost-origin,190,4275,https://images.tcggo.com/tcggo/storage/4300/rotom-v-lor-177-lost-origin-pokemon.png,https://www.tcggo.com/external/cm/4275,https://www.tcggo.com/external/tcgplayer/4275,Rotom V,Rotom V 177,31.72,25.47,237,EUR,,,,,,,39,39,58,21.77,17,17,25,25,24.99,39.5,40,15,15,USD,47.37,5,,,,,15.96,3,,,,,,,142.42,2,,,,,,,98.68,5,,,13.4,5,37.67,5,,,,,,,,,,,EUR,26.5,26.91,Rare Ultra,rotom-v,Pokémon,https://www.tcggo.com/pokemon/lost-origin/rotom-v-177,swsh11-177,284119,singles,
2026-08-23T17:19:56+02:00,,380,5ban Graphics,5ban-graphics,LOR 178,178,674187,196,217,LOR,Pokémon,pokemon,26,https://images.tcggo.com/tcggo/storage/4124/lost-origin-logo.png,Lost Origin,EUR,1528.73,EUR,1584.69,2022-09-09,2,Sword & Shield,sword-shield,lost-origin,210,4276,https://images.tcggo.com/tcggo/storage/4301/enamorus-v-lor-178-lost-origin-pokemon.png,https://www.tcggo.com/external/cm/4276,https://www.tcggo.com/external/tcgplayer/4276,Enamorus V,Enamorus V 178,2.03,1.68,360,EUR,[],,,,,,,,,1.49,1.25,1.25,2.95,2.95,1.49,2.25,2.25,0.9,0.9,,,,,,,,,,,,,,,,,,,,,,,,,,,,,,,,,,,,,,,,,,EUR,2.21,1.71,Rare Ultra,enamorus-v,Pokémon,https://www.tcggo.com/pokemon/lost-origin/enamorus-v-178,swsh11-178,284131,singles,
2026-08-23T17:19:56+02:00,,489,N-DESIGN Inc.,n-design-inc,LOR 179,179,674184,196,217,LOR,Pokémon,pokemon,26,https://images.tcggo.com/tcggo/storage/4124/lost-origin-logo.png,Lost Origin,EUR,1528.73,EUR,1584.69,2022-09-09,2,Sword & Shield,sword-shield,lost-origin,210,4277,https://images.tcggo.com/tcggo/storage/4302/aerodactyl-v-lor-179-lost-origin-pokemon.png,https://www.tcggo.com/external/cm/4277,https://www.tcggo.com/external/tcgplayer/4277,Aerodactyl V,Aerodactyl V 179,3.26,2.97,330,EUR,,,,,,,55,,35,1.5,2.4,2.4,3,3,1.5,3.5,3.5,1.5,1.5,,,,,,,,,,,,,,,,,,,,,,,,,,,,,,,,,,,,,,,,,,EUR,2.92,2.26,Rare Ultra,aerodactyl-v,Pokémon,https://www.tcggo.com/pokemon/lost-origin/aerodactyl-v-179,swsh11-179,284123,singles,
2026-08-23T17:19:56+02:00,,510,Nurikabe,nurikabe,LOR 180,180,674185,196,217,LOR,Pokémon,pokemon,26,https://images.tcggo.com/tcggo/storage/4124/lost-origin-logo.png,Lost Origin,EUR,1528.73,EUR,1584.69,2022-09-09,2,Sword & Shield,sword-shield,lost-origin,210,4278,https://images.tcggo.com/tcggo/storage/4303/aerodactyl-v-lor-180-lost-origin-pokemon.png,https://www.tcggo.com/external/cm/4278,https://www.tcggo.com/external/tcgplayer/4278,Aerodactyl V,Aerodactyl V 180,194.09,181.71,159,EUR,,,,499,,469,,,234,180,170,170,120,120,180,249.99,249.99,134.99,134.99,USD,299.99,5,,,,,170,5,577.62,1,,,,,239.23,5,,,104.24,1,150.67,5,434.53,5,134.57,3,152.14,5,164.47,5,178.85,1,,,379.01,1,,,165,5,EUR,183.48,170.93,Rare Ultra,aerodactyl-v,Pokémon,https://www.tcggo.com/pokemon/lost-origin/aerodactyl-v-180,swsh11-180,284122,singles,
2026-08-23T17:19:56+02:00,,490,takuyoa,takuyoa,LOR 181,181,674186,196,217,LOR,Pokémon,pokemon,26,https://images.tcggo.com/tcggo/storage/4124/lost-origin-logo.png,Lost Origin,EUR,1528.73,EUR,1584.69,2022-09-09,2,Sword & Shield,sword-shield,lost-origin,220,4279,https://images.tcggo.com/tcggo/storage/4304/gallade-v-lor-181-lost-origin-pokemon.png,https://www.tcggo.com/external/cm/4279,https://www.tcggo.com/external/tcgplayer/4279,Gallade V,Gallade V 181,2.56,1.91,389,EUR,,,,,,,40,,,1.8,1.5,1.5,2.5,2.5,1.8,3,3,0.99,0.99,,,,,,,,,,,,,,,,,,,,,,,,,,,,,,,,,,,,,,,,,,EUR,2.52,2.03,Rare Ultra,gallade-v,Pokémon,https://www.tcggo.com/pokemon/lost-origin/gallade-v-181,swsh11-181,284124,singles,
2026-08-23T17:19:56+02:00,,489,N-DESIGN Inc.,n-design-inc,LOR 182,182,740777,196,217,LOR,Pokémon,pokemon,26,https://images.tcggo.com/tcggo/storage/4124/lost-origin-logo.png,Lost Origin,EUR,1528.73,EUR,1584.69,2022-09-09,2,Sword & Shield,sword-shield,lost-origin,210,4280,https://images.tcggo.com/tcggo/storage/4305/drapion-v-lor-182-lost-origin-pokemon.png,https://www.tcggo.com/external/cm/4280,https://www.tcggo.com/external/tcgplayer/4280,Drapion V,Drapion V 182,1.72,1.83,473,EUR,[],,,,,,,,,1.48,0.99,0.99,3,3,1.48,1.95,1.95,0.85,0.85,,,,,,,,,,,,,,,,,,,,,,,,,,,,,,,,,,,,,,,,,,EUR,1.52,1.29,Rare Ultra,drapion-v,Pokémon,https://www.tcggo.com/pokemon/lost-origin/drapion-v-182,swsh11-182,284127,singles,
2026-08-23T17:19:56+02:00,,411,PLANETA Yamashita,planeta-yamashita,LOR 183,183,674189,196,217,LOR,Pokémon,pokemon,26,https://images.tcggo.com/tcggo/storage/4124/lost-origin-logo.png,Lost Origin,EUR,1528.73,EUR,1584.69,2022-09-09,2,Sword & Shield,sword-shield,lost-origin,200,4281,https://images.tcggo.com/tcggo/storage/4306/galarian-perrserker-v-lor-183-lost-origin-pokemon.png,https://www.tcggo.com/external/cm/4281,https://www.tcggo.com/external/tcgplayer/4281,Galarian Perrserker V,Galarian Perrserker V 183,1.93,2,487,EUR,[],,,,,,,,,1,0.99,0.99,2.96,2.96,1,2.99,2.99,0.7,0.7,,,,,,,,,,,,,,,,,,,,,,,,,,,,,,,,,,,,,,,,,,EUR,1.59,1.39,Rare Ultra,galarian-perrserker-v,Pokémon,https://www.tcggo.com/pokemon/lost-origin/galarian-perrserker-v-183,swsh11-183,284134,singles,
2026-08-23T17:19:56+02:00,,373,GOSSAN,gossan,LOR 184,184,674190,196,217,LOR,Pokémon,pokemon,26,https://images.tcggo.com/tcggo/storage/4124/lost-origin-logo.png,Lost Origin,EUR,1528.73,EUR,1584.69,2022-09-09,2,Sword & Shield,sword-shield,lost-origin,200,4282,https://images.tcggo.com/tcggo/storage/4307/galarian-perrserker-v-lor-184-lost-origin-pokemon.png,https://www.tcggo.com/external/cm/4282,https://www.tcggo.com/external/tcgplayer/4282,Galarian Perrserker V,Galarian Perrserker V 184,18.75,18.68,232,EUR,,,,,,45,99,,48,19.37,14.75,14.75,18,18,19.37,29.99,29.99,9.5,9.5,USD,48.23,2,,,15.89,1,21.42,1,,,,,,,35.37,5,,,,,22.55,2,93.81,5,,,19.9,2,31.26,5,28.59,1,,,,,,,,,EUR,19.26,15.38,Rare Ultra,galarian-perrserker-v,Pokémon,https://www.tcggo.com/pokemon/lost-origin/galarian-perrserker-v-184,swsh11-184,284135,singles,
2026-08-23T17:19:56+02:00,,489,N-DESIGN Inc.,n-design-inc,LOR 185,185,674191,196,217,LOR,Pokémon,pokemon,26,https://images.tcggo.com/tcggo/storage/4124/lost-origin-logo.png,Lost Origin,EUR,1528.73,EUR,1584.69,2022-09-09,2,Sword & Shield,sword-shield,lost-origin,220,4283,https://images.tcggo.com/tcggo/storage/4308/giratina-v-lor-185-lost-origin-pokemon.png,https://www.tcggo.com/external/cm/4283,https://www.tcggo.com/external/tcgplayer/4283,Giratina V,Giratina V 185,10.53,10.72,247,EUR,,,,,,32,229,,49,8.99,8.8,8.8,15,15,8.99,13.99,13.99,6,6,USD,72.92,5,,,10,1,18.08,4,,,,,,,58.07,5,,,,,42.76,1,136.69,5,,,14.18,4,34.8,5,,,,,201.03,1,,,35.66,1,EUR,15.93,11.61,Rare Ultra,giratina-v,Pokémon,https://www.tcggo.com/pokemon/lost-origin/giratina-v-185,swsh11-185,284136,singles,
2026-08-23T17:19:56+02:00,,421,Shinji Kanda,shinji-kanda,LOR 186,186,674192,196,217,LOR,Pokémon,pokemon,26,https://images.tcggo.com/tcggo/storage/4124/lost-origin-logo.png,Lost Origin,EUR,1528.73,EUR,1584.69,2022-09-09,2,Sword & Shield,sword-shield,lost-origin,220,4284,https://images.tcggo.com/tcggo/storage/4309/giratina-v-lor-186-lost-origin-pokemon.png,https://www.tcggo.com/external/cm/4284,https://www.tcggo.com/external/tcgplayer/4284,Giratina V,Giratina V 186,919.78,590.54,157,EUR,,,,3100,,,3475,800,800,640,449,449,750,750,850,820,820,615,615,USD,1344.48,5,412.25,1,458,1,621.87,5,2775,4,,,696.62,5,1342.19,5,,,,,723.7,5,2515.65,5,550,5,723.7,5,707.32,5,1061.25,1,,,2229.48,5,560.95,1,722.21,5,EUR,704.02,606.01,Rare Ultra,giratina-v,Pokémon,https://www.tcggo.com/pokemon/lost-origin/giratina-v-186,swsh11-186,284137,singles,
2026-08-23T17:19:56+02:00,,380,5ban Graphics,5ban-graphics,LOR 187,187,670824,196,217,LOR,Pokémon,pokemon,26,https://images.tcggo.com/tcggo/storage/4124/lost-origin-logo.png,Lost Origin,EUR,1528.73,EUR,1584.69,2022-09-09,2,Sword & Shield,sword-shield,lost-origin,220,4285,https://images.tcggo.com/tcggo/storage/4310/hisuian-goodra-v-lor-187-lost-origin-pokemon.png,https://www.tcggo.com/external/cm/4285,https://www.tcggo.com/external/tcgplayer/4285,Hisuian Goodra V,Hisuian Goodra V 187,2.14,1.7,421,EUR,[],,,,,,,,,1,0.6,0.6,1.5,1.5,1,2,2,0.8,0.8,,,,,,,,,,,,,,,,,,,,,,,,,,,,,,,,,,,,,,,,,,EUR,2.26,1.84,Rare Ultra,hisuian-goodra-v,Pokémon,https://www.tcggo.com/pokemon/lost-origin/hisuian-goodra-v-187,swsh11-187,284138,singles,
2026-08-23T17:19:56+02:00,,526,Saki Hayashiro,saki-hayashiro,LOR 188,188,674193,196,217,LOR,Pokémon,pokemon,26,https://images.tcggo.com/tcggo/storage/4124/lost-origin-logo.png,Lost Origin,EUR,1528.73,EUR,1584.69,2022-09-09,2,Sword & Shield,sword-shield,lost-origin,210,4286,https://images.tcggo.com/tcggo/storage/4311/pidgeot-v-lor-188-lost-origin-pokemon.png,https://www.tcggo.com/external/cm/4286,https://www.tcggo.com/external/tcgplayer/4286,Pidgeot V,Pidgeot V 188,3.26,3.27,381,EUR,,,,,,,100,,,2.43,2,2,4,4,2.43,3.5,3.5,1,1,,,,,,,,,,,,,,,,,,,,,,,,,,,,,,,,,,,,,,,,,,EUR,2.32,2.09,Rare Ultra,pidgeot-v,Pokémon,https://www.tcggo.com/pokemon/lost-origin/pidgeot-v-188,swsh11-188,284139,singles,
2026-08-23T17:19:56+02:00,,522,You Iribi,you-iribi,LOR 189,189,674194,196,217,LOR,Pokémon,pokemon,26,https://images.tcggo.com/tcggo/storage/4124/lost-origin-logo.png,Lost Origin,EUR,1528.73,EUR,1584.69,2022-09-09,2,Sword & Shield,sword-shield,lost-origin,0,4287,https://images.tcggo.com/tcggo/storage/4312/arezu-lor-189-lost-origin-pokemon.png,https://www.tcggo.com/external/cm/4287,https://www.tcggo.com/external/tcgplayer/4287,Arezu,Arezu 189,3.1,3.25,349,EUR,[],,,,,,,,,2.45,2,2,3,3,2.45,2.8,2.8,1.39,1.39,,,,,,,,,,,,,,,,,,,,,,,,,,,,,,,,,,,,,,,,,,EUR,3.5,3.66,Rare Ultra,arezu,Trainer,https://www.tcggo.com/pokemon/lost-origin/arezu-189,swsh11-189,284141,singles,
2026-08-23T17:19:56+02:00,,463,Naoki Saito,naoki-saito,LOR 190,190,674195,196,217,LOR,Pokémon,pokemon,26,https://images.tcggo.com/tcggo/storage/4124/lost-origin-logo.png,Lost Origin,EUR,1528.73,EUR,1584.69,2022-09-09,2,Sword & Shield,sword-shield,lost-origin,0,4288,https://images.tcggo.com/tcggo/storage/4313/colresss-experiment-lor-190-lost-origin-pokemon.png,https://www.tcggo.com/external/cm/4288,https://www.tcggo.com/external/tcgplayer/4288,Colress's Experiment,Colress's Experiment 190,1.86,1.82,519,EUR,,,,,,,29,,,1,1,1,2.99,2.99,1,2,2,0.88,0.88,,,,,,,,,,,,,,,,,,,,,,,,,,,,,,,,,,,,,,,,,,EUR,1.44,1.66,Rare Ultra,colresss-experiment,Trainer,https://www.tcggo.com/pokemon/lost-origin/colresss-experiment-190,swsh11-190,284142,singles,
2026-08-23T17:19:56+02:00,,518,Ryuta Fuse,ryuta-fuse,LOR 191,191,674196,196,217,LOR,Pokémon,pokemon,26,https://images.tcggo.com/tcggo/storage/4124/lost-origin-logo.png,Lost Origin,EUR,1528.73,EUR,1584.69,2022-09-09,2,Sword & Shield,sword-shield,lost-origin,0,4289,https://images.tcggo.com/tcggo/storage/4314/fantina-lor-191-lost-origin-pokemon.png,https://www.tcggo.com/external/cm/4289,https://www.tcggo.com/external/tcgplayer/4289,Fantina,Fantina 191,2.62,2.73,347,EUR,,,,,,,,,30,1.99,1.49,1.49,4,4,1.99,2.5,2.5,1,1,USD,,,,,,,,,,,,,,,,,,,,,,,50,5,,,9.5,1,12.75,2,,,,,,,,,,,EUR,2.26,2.56,Rare Ultra,fantina,Trainer,https://www.tcggo.com/pokemon/lost-origin/fantina-191,swsh11-191,284144,singles,
2026-08-23T17:19:56+02:00,,402,Hitoshi Ariga,hitoshi-ariga,LOR 192,192,674197,196,217,LOR,Pokémon,pokemon,26,https://images.tcggo.com/tcggo/storage/4124/lost-origin-logo.png,Lost Origin,EUR,1528.73,EUR,1584.69,2022-09-09,2,Sword & Shield,sword-shield,lost-origin,0,4290,https://images.tcggo.com/tcggo/storage/4315/iscan-lor-192-lost-origin-pokemon.png,https://www.tcggo.com/external/cm/4290,https://www.tcggo.com/external/tcgplayer/4290,Iscan,Iscan 192,1.49,1.35,539,EUR,[],,,,,,,,,0.99,0.8,0.8,2,2,0.99,1.99,1.99,0.4,0.4,,,,,,,,,,,,,,,,,,,,,,,,,,,,,,,,,,,,,,,,,,EUR,1.09,1.25,Rare Ultra,iscan,Trainer,https://www.tcggo.com/pokemon/lost-origin/iscan-192,swsh11-192,284145,singles,
2026-08-23T17:19:56+02:00,,391,saino misaki,saino-misaki,LOR 193,193,674198,196,217,LOR,Pokémon,pokemon,26,https://images.tcggo.com/tcggo/storage/4124/lost-origin-logo.png,Lost Origin,EUR,1528.73,EUR,1584.69,2022-09-09,2,Sword & Shield,sword-shield,lost-origin,0,4291,https://images.tcggo.com/tcggo/storage/4316/lady-lor-193-lost-origin-pokemon.png,https://www.tcggo.com/external/cm/4291,https://www.tcggo.com/external/tcgplayer/4291,Lady,Lady 193,3.65,3.78,364,EUR,,,,,,12,45,,34,3,3.25,3.25,5,5,3,3.95,3.95,1.2,1.2,,,,,,,,,,,,,,,,,,,,,,,,,,,,,,,,,,,,,,,,,,EUR,3.57,3.57,Rare Ultra,lady,Trainer,https://www.tcggo.com/pokemon/lost-origin/lady-193,swsh11-193,284146,singles,
2026-08-23T17:19:56+02:00,,559,Souchirou Gunjima,souchirou-gunjima,LOR 194,194,674199,196,217,LOR,Pokémon,pokemon,26,https://images.tcggo.com/tcggo/storage/4124/lost-origin-logo.png,Lost Origin,EUR,1528.73,EUR,1584.69,2022-09-09,2,Sword & Shield,sword-shield,lost-origin,0,4292,https://images.tcggo.com/tcggo/storage/4317/miss-fortune-sisters-lor-194-lost-origin-pokemon.png,https://www.tcggo.com/external/cm/4292,https://www.tcggo.com/external/tcgplayer/4292,Miss Fortune Sisters,Miss Fortune Sisters 194,3.16,3.27,368,EUR,[],,,,,,,,,2.2,2.49,2.49,2.5,2.5,2.2,3,3,1.59,1.59,,,,,,,,,,,,,,,,,,,,,,,,,,,,,,,,,,,,,,,,,,EUR,2.97,2.84,Rare Ultra,miss-fortune-sisters,Trainer,https://www.tcggo.com/pokemon/lost-origin/miss-fortune-sisters-194,swsh11-194,284147,singles,
2026-08-23T17:19:56+02:00,,456,Hideki Ishikawa,hideki-ishikawa,LOR 195,195,674200,196,217,LOR,Pokémon,pokemon,26,https://images.tcggo.com/tcggo/storage/4124/lost-origin-logo.png,Lost Origin,EUR,1528.73,EUR,1584.69,2022-09-09,2,Sword & Shield,sword-shield,lost-origin,0,4293,https://images.tcggo.com/tcggo/storage/4318/thorton-lor-195-lost-origin-pokemon.png,https://www.tcggo.com/external/cm/4293,https://www.tcggo.com/external/tcgplayer/4293,Thorton,Thorton 195,1.7,1.42,442,EUR,[],,,,,,,,,1.1,0.8,0.8,3.7,3.7,1.32,2.5,2.5,0.79,0.79,,,,,,,,,,,,,,,,,,,,,,,,,,,,,,,,,,,,,,,,,,EUR,1.09,1.27,Rare Ultra,thorton,Trainer,https://www.tcggo.com/pokemon/lost-origin/thorton-195,swsh11-195,284148,singles,
2026-08-23T17:19:56+02:00,,512,kirisAki,kirisaki,LOR 196,196,670825,196,217,LOR,Pokémon,pokemon,26,https://images.tcggo.com/tcggo/storage/4124/lost-origin-logo.png,Lost Origin,EUR,1528.73,EUR,1584.69,2022-09-09,2,Sword & Shield,sword-shield,lost-origin,0,4294,https://images.tcggo.com/tcggo/storage/4319/volo-lor-196-lost-origin-pokemon.png,https://www.tcggo.com/external/cm/4294,https://www.tcggo.com/external/tcgplayer/4294,Volo,Volo 196,2.53,2.6,320,EUR,[],,,,,,,,,1.15,1.5,1.5,3.99,3.99,1.15,2.4,2.4,1.54,1.54,USD,,,,,,,,,,,,,,,20,1,,,,,,,54,3,,,11.1,3,10.5,4,,,,,,,,,,,EUR,2.15,2.42,Rare Ultra,volo,Trainer,https://www.tcggo.com/pokemon/lost-origin/volo-196,swsh11-196,284150,singles,
2026-08-23T17:19:56+02:00,,489,N-DESIGN Inc.,n-design-inc,LOR 197,197,674201,196,217,LOR,Pokémon,pokemon,26,https://images.tcggo.com/tcggo/storage/4124/lost-origin-logo.png,Lost Origin,EUR,1528.73,EUR,1584.69,2022-09-09,2,Sword & Shield,sword-shield,lost-origin,330,4295,https://images.tcggo.com/tcggo/storage/4320/kyurem-vmax-lor-197-lost-origin-pokemon.png,https://www.tcggo.com/external/cm/4295,https://www.tcggo.com/external/tcgplayer/4295,Kyurem VMAX,Kyurem VMAX 197,7.33,6.03,201,EUR,[],,,,,,,,,4,6.75,6.75,6.5,6.5,4,13,13,3.99,3.99,USD,38.38,5,,,,,,,,,,,19.99,1,19.32,1,,,,,20,3,60.52,5,,,,,20.93,4,29.99,1,,,,,,,,,EUR,7.18,8.55,Rare Rainbow,kyurem-vmax,Pokémon,https://www.tcggo.com/pokemon/lost-origin/kyurem-vmax-197,swsh11-197,284152,singles,
2026-08-23T17:19:56+02:00,,384,PLANETA Mochizuki,planeta-mochizuki,LOR 198,198,674202,196,217,LOR,Pokémon,pokemon,26,https://images.tcggo.com/tcggo/storage/4124/lost-origin-logo.png,Lost Origin,EUR,1528.73,EUR,1584.69,2022-09-09,2,Sword & Shield,sword-shield,lost-origin,270,4296,https://images.tcggo.com/tcggo/storage/4321/magnezone-vstar-lor-198-lost-origin-pokemon.png,https://www.tcggo.com/external/cm/4296,https://www.tcggo.com/external/tcgplayer/4296,Magnezone VSTAR,Magnezone VSTAR 198,5.07,5.1,233,EUR,[],,,,,,,,,4,3.99,3.99,4.2,4.2,4,9.9,9.9,3,3,,,,,,,,,,,,,,,,,,,,,,,,,,,,,,,,,,,,,,,,,,EUR,5.32,5.55,Rare Rainbow,magnezone-vstar,Pokémon,https://www.tcggo.com/pokemon/lost-origin/magnezone-vstar-198,swsh11-198,284153,singles,
2026-08-23T17:19:56+02:00,,380,5ban Graphics,5ban-graphics,LOR 199,199,674203,196,217,LOR,Pokémon,pokemon,26,https://images.tcggo.com/tcggo/storage/4124/lost-origin-logo.png,Lost Origin,EUR,1528.73,EUR,1584.69,2022-09-09,2,Sword & Shield,sword-shield,lost-origin,260,4297,https://images.tcggo.com/tcggo/storage/4322/aerodactyl-vstar-lor-199-lost-origin-pokemon.png,https://www.tcggo.com/external/cm/4297,https://www.tcggo.com/external/tcgplayer/4297,Aerodactyl VSTAR,Aerodactyl VSTAR 199,12.49,15.92,194,EUR,,,,,,,,,35,9.98,8.99,8.99,7.74,7.74,9.98,12,12,4.5,4.5,USD,48.89,2,,,,,34.78,1,,,,,,,29.78,5,,,,,,,75.94,5,,,13.39,3,19.36,5,,,,,,,,,50.02,1,EUR,12.83,13.96,Rare Rainbow,aerodactyl-vstar,Pokémon,https://www.tcggo.com/pokemon/lost-origin/aerodactyl-vstar-199,swsh11-199,284154,singles,
2026-08-23T17:19:56+02:00,,384,PLANETA Mochizuki,planeta-mochizuki,LOR 200,200,674206,196,217,LOR,Pokémon,pokemon,26,https://images.tcggo.com/tcggo/storage/4124/lost-origin-logo.png,Lost Origin,EUR,1528.73,EUR,1584.69,2022-09-09,2,Sword & Shield,sword-shield,lost-origin,270,4298,https://images.tcggo.com/tcggo/storage/4323/drapion-vstar-lor-200-lost-origin-pokemon.png,https://www.tcggo.com/external/cm/4298,https://www.tcggo.com/external/tcgplayer/4298,Drapion VSTAR,Drapion VSTAR 200,4.67,5.06,225,EUR,[],,,,,,,,,4,3,3,6.99,6.99,4,7,7,2.49,2.49,,,,,,,,,,,,,,,,,,,,,,,,,,,,,,,,,,,,,,,,,,EUR,4.91,5.48,Rare Rainbow,drapion-vstar,Pokémon,https://www.tcggo.com/pokemon/lost-origin/drapion-vstar-200,swsh11-200,284155,singles,
2026-08-23T17:19:56+02:00,,380,5ban Graphics,5ban-graphics,LOR 201,201,674207,196,217,LOR,Pokémon,pokemon,26,https://images.tcggo.com/tcggo/storage/4124/lost-origin-logo.png,Lost Origin,EUR,1528.73,EUR,1584.69,2022-09-09,2,Sword & Shield,sword-shield,lost-origin,280,4299,https://images.tcggo.com/tcggo/storage/4324/giratina-vstar-lor-201-lost-origin-pokemon.png,https://www.tcggo.com/external/cm/4299,https://www.tcggo.com/external/tcgplayer/4299,Giratina VSTAR,Giratina VSTAR 201,19.42,16.74,193,EUR,,,,,,,240,,60,17.98,16,16,23.99,23.99,17.98,25,25,13,13,USD,58.97,2,,,,,22.83,4,,,,,,,100.93,2,,,,,22.29,3,100.73,5,,,25.87,1,26.02,5,,,,,,,,,30.32,1,EUR,23.88,21.53,Rare Rainbow,giratina-vstar,Pokémon,https://www.tcggo.com/pokemon/lost-origin/giratina-vstar-201,swsh11-201,284156,singles,
2026-08-23T17:19:56+02:00,,380,5ban Graphics,5ban-graphics,LOR 202,202,674208,196,217,LOR,Pokémon,pokemon,26,https://images.tcggo.com/tcggo/storage/4124/lost-origin-logo.png,Lost Origin,EUR,1528.73,EUR,1584.69,2022-09-09,2,Sword & Shield,sword-shield,lost-origin,270,4300,https://images.tcggo.com/tcggo/storage/4325/hisuian-goodra-vstar-lor-202-lost-origin-pokemon.png,https://www.tcggo.com/external/cm/4300,https://www.tcggo.com/external/tcgplayer/4300,Hisuian Goodra VSTAR,Hisuian Goodra VSTAR 202,6.5,6.47,201,EUR,[],,,,,,,,,2.5,5.5,5.5,6.4,6.4,2.5,8.8,8.8,2.25,2.25,,,,,,,,,,,,,,,,,,,,,,,,,,,,,,,,,,,,,,,,,,EUR,7.44,6.97,Rare Rainbow,hisuian-goodra-vstar,Pokémon,https://www.tcggo.com/pokemon/lost-origin/hisuian-goodra-vstar-202,swsh11-202,284157,singles,
2026-08-23T17:19:56+02:00,,371,aky CG Works,aky-cg-works,LOR 203,203,674209,196,217,LOR,Pokémon,pokemon,26,https://images.tcggo.com/tcggo/storage/4124/lost-origin-logo.png,Lost Origin,EUR,1528.73,EUR,1584.69,2022-09-09,2,Sword & Shield,sword-shield,lost-origin,270,4301,https://images.tcggo.com/tcggo/storage/4326/hisuian-zoroark-vstar-lor-203-lost-origin-pokemon.png,https://www.tcggo.com/external/cm/4301,https://www.tcggo.com/external/tcgplayer/4301,Hisuian Zoroark VSTAR,Hisuian Zoroark VSTAR 203,7.21,5.9,213,EUR,,,,,,,49,,,5.9,6.5,6.5,8.99,8.99,5.9,11.9,12,3.49,3.49,USD,38.46,2,,,,,,,,,,,,,32.29,2,,,,,,,57.79,2,,,,,17.89,1,15.28,1,,,,,,,,,EUR,7.21,6.41,Rare Rainbow,hisuian-zoroark-vstar,Pokémon,https://www.tcggo.com/pokemon/lost-origin/hisuian-zoroark-vstar-203,swsh11-203,284158,singles,
2026-08-23T17:19:56+02:00,,522,You Iribi,you-iribi,LOR 204,204,674210,196,217,LOR,Pokémon,pokemon,26,https://images.tcggo.com/tcggo/storage/4124/lost-origin-logo.png,Lost Origin,EUR,1528.73,EUR,1584.69,2022-09-09,2,Sword & Shield,sword-shield,lost-origin,0,4302,https://images.tcggo.com/tcggo/storage/4327/arezu-lor-204-lost-origin-pokemon.png,https://www.tcggo.com/external/cm/4302,https://www.tcggo.com/external/tcgplayer/4302,Arezu,Arezu 204,4.97,5.23,237,EUR,,,,,,,70,,,4,2.99,2.99,7.5,7.5,4,6.5,6.5,2,2,,,,,,,,,,,,,,,,,,,,,,,,,,,,,,,,,,,,,,,,,,EUR,3.82,3.92,Rare Rainbow,arezu,Trainer,https://www.tcggo.com/pokemon/lost-origin/arezu-204,swsh11-204,284159,singles,
2026-08-23T17:19:56+02:00,,463,Naoki Saito,naoki-saito,LOR 205,205,674211,196,217,LOR,Pokémon,pokemon,26,https://images.tcggo.com/tcggo/storage/4124/lost-origin-logo.png,Lost Origin,EUR,1528.73,EUR,1584.69,2022-09-09,2,Sword & Shield,sword-shield,lost-origin,0,4303,https://images.tcggo.com/tcggo/storage/4328/colresss-experiment-lor-205-lost-origin-pokemon.png,https://www.tcggo.com/external/cm/4303,https://www.tcggo.com/external/tcgplayer/4303,Colress's Experiment,Colress's Experiment 205,3.39,3.33,320,EUR,[],,,,,,,,,2.99,2.9,2.9,6.95,6.95,2.99,6,6,1,1,USD,,,,,,,,,,,,,,,,,,,,,,,34.98,1,,,,,13.75,2,,,,,6.5,1,,,,,EUR,3.04,3.04,Rare Rainbow,colresss-experiment,Trainer,https://www.tcggo.com/pokemon/lost-origin/colresss-experiment-205,swsh11-205,284160,singles,
2026-08-23T17:19:56+02:00,,518,Ryuta Fuse,ryuta-fuse,LOR 206,206,674212,196,217,LOR,Pokémon,pokemon,26,https://images.tcggo.com/tcggo/storage/4124/lost-origin-logo.png,Lost Origin,EUR,1528.73,EUR,1584.69,2022-09-09,2,Sword & Shield,sword-shield,lost-origin,0,4304,https://images.tcggo.com/tcggo/storage/4329/fantina-lor-206-lost-origin-pokemon.png,https://www.tcggo.com/external/cm/4304,https://www.tcggo.com/external/tcgplayer/4304,Fantina,Fantina 206,3.68,3.08,303,EUR,[],,,,,,,,,3,2.4,2.4,4,4,3,4,4,1,1,,,,,,,,,,,,,,,,,,,,,,,,,,,,,,,,,,,,,,,,,,EUR,3.69,3.82,Rare Rainbow,fantina,Trainer,https://www.tcggo.com/pokemon/lost-origin/fantina-206,swsh11-206,284161,singles,
2026-08-23T17:19:56+02:00,,402,Hitoshi Ariga,hitoshi-ariga,LOR 207,207,674213,196,217,LOR,Pokémon,pokemon,26,https://images.tcggo.com/tcggo/storage/4124/lost-origin-logo.png,Lost Origin,EUR,1528.73,EUR,1584.69,2022-09-09,2,Sword & Shield,sword-shield,lost-origin,0,4305,https://images.tcggo.com/tcggo/storage/4330/iscan-lor-207-lost-origin-pokemon.png,https://www.tcggo.com/external/cm/4305,https://www.tcggo.com/external/tcgplayer/4305,Iscan,Iscan 207,4.43,4.68,289,EUR,[],,,,,,,,,2.5,2,2,4.9,4.9,2.5,5.99,5.99,1.99,1.99,USD,,,,,,,,,,,,,,,,,,,,,,,31.17,1,,,14,1,7.63,2,,,,,,,,,,,EUR,2.7,2.92,Rare Rainbow,iscan,Trainer,https://www.tcggo.com/pokemon/lost-origin/iscan-207,swsh11-207,284162,singles,
2026-08-23T17:19:56+02:00,,391,saino misaki,saino-misaki,LOR 208,208,674214,196,217,LOR,Pokémon,pokemon,26,https://images.tcggo.com/tcggo/storage/4124/lost-origin-logo.png,Lost Origin,EUR,1528.73,EUR,1584.69,2022-09-09,2,Sword & Shield,sword-shield,lost-origin,0,4306,https://images.tcggo.com/tcggo/storage/4331/lady-lor-208-lost-origin-pokemon.png,https://www.tcggo.com/external/cm/4306,https://www.tcggo.com/external/tcgplayer/4306,Lady,Lady 208,5.42,5.36,242,EUR,,,,,,,199,,,4.99,3.5,3.5,4.8,4.8,4.99,3.7,3.7,2.5,2.5,,,,,,,,,,,,,,,,,,,,,,,,,,,,,,,,,,,,,,,,,,EUR,4.56,4.33,Rare Rainbow,lady,Trainer,https://www.tcggo.com/pokemon/lost-origin/lady-208,swsh11-208,284163,singles,
2026-08-23T17:19:56+02:00,,559,Souchirou Gunjima,souchirou-gunjima,LOR 209,209,674215,196,217,LOR,Pokémon,pokemon,26,https://images.tcggo.com/tcggo/storage/4124/lost-origin-logo.png,Lost Origin,EUR,1528.73,EUR,1584.69,2022-09-09,2,Sword & Shield,sword-shield,lost-origin,0,4307,https://images.tcggo.com/tcggo/storage/4332/miss-fortune-sisters-lor-209-lost-origin-pokemon.png,https://www.tcggo.com/external/cm/4307,https://www.tcggo.com/external/tcgplayer/4307,Miss Fortune Sisters,Miss Fortune Sisters 209,4.26,4.33,295,EUR,[],,,,,,,,,3.5,3.49,3.49,4.99,4.99,3.5,3.99,3.99,1,1,USD,,,,,,,,,,,,,,,31.03,1,,,,,,,44.33,5,,,,,,,,,,,,,,,,,EUR,4.38,3.83,Rare Rainbow,miss-fortune-sisters,Trainer,https://www.tcggo.com/pokemon/lost-origin/miss-fortune-sisters-209,swsh11-209,284164,singles,
2026-08-23T17:19:56+02:00,,456,Hideki Ishikawa,hideki-ishikawa,LOR 210,210,674216,196,217,LOR,Pokémon,pokemon,26,https://images.tcggo.com/tcggo/storage/4124/lost-origin-logo.png,Lost Origin,EUR,1528.73,EUR,1584.69,2022-09-09,2,Sword & Shield,sword-shield,lost-origin,0,4308,https://images.tcggo.com/tcggo/storage/4333/thorton-lor-210-lost-origin-pokemon.png,https://www.tcggo.com/external/cm/4308,https://www.tcggo.com/external/tcgplayer/4308,Thorton,Thorton 210,3.48,3.38,292,EUR,[],,,,,,,,,2,2,2.2,3.5,3.5,2,4,4,1.95,1.95,,,,,,,,,,,,,,,,,,,,,,,,,,,,,,,,,,,,,,,,,,EUR,2.63,2.89,Rare Rainbow,thorton,Trainer,https://www.tcggo.com/pokemon/lost-origin/thorton-210,swsh11-210,284165,singles,
2026-08-23T17:19:56+02:00,,512,kirisAki,kirisaki,LOR 211,211,674217,196,217,LOR,Pokémon,pokemon,26,https://images.tcggo.com/tcggo/storage/4124/lost-origin-logo.png,Lost Origin,EUR,1528.73,EUR,1584.69,2022-09-09,2,Sword & Shield,sword-shield,lost-origin,0,4309,https://images.tcggo.com/tcggo/storage/4334/volo-lor-211-lost-origin-pokemon.png,https://www.tcggo.com/external/cm/4309,https://www.tcggo.com/external/tcgplayer/4309,Volo,Volo 211,4.95,4.68,230,EUR,[],,,,,,,,,3.5,3.55,3.55,7,7,3.5,5.99,5.99,2.7,2.7,,,,,,,,,,,,,,,,,,,,,,,,,,,,,,,,,,,,,,,,,,EUR,4.19,3.75,Rare Rainbow,volo,Trainer,https://www.tcggo.com/pokemon/lost-origin/volo-211,swsh11-211,284166,singles,
2026-08-23T17:19:56+02:00,,380,5ban Graphics,5ban-graphics,LOR 212,212,674218,196,217,LOR,Pokémon,pokemon,26,https://images.tcggo.com/tcggo/storage/4124/lost-origin-logo.png,Lost Origin,EUR,1528.73,EUR,1584.69,2022-09-09,2,Sword & Shield,sword-shield,lost-origin,280,4310,https://images.tcggo.com/tcggo/storage/4335/giratina-vstar-lor-212-lost-origin-pokemon.png,https://www.tcggo.com/external/cm/4310,https://www.tcggo.com/external/tcgplayer/4310,Giratina VSTAR,Giratina VSTAR 212,16.02,15.36,265,EUR,,,,,,,149,,72,11.9,12.5,12.5,15,15,11.9,23,23,7.99,7.99,USD,52.25,5,,,,,,,96.69,2,,,,,62.53,3,,,17.86,1,14.86,5,111.68,5,,,19.67,2,31.27,5,,,17,1,,,,,32.87,2,EUR,15.51,14.11,Rare Secret,giratina-vstar,Pokémon,https://www.tcggo.com/pokemon/lost-origin/giratina-vstar-212,swsh11-212,284167,singles,
2026-08-23T17:19:56+02:00,,371,aky CG Works,aky-cg-works,LOR 213,213,674219,196,217,LOR,Pokémon,pokemon,26,https://images.tcggo.com/tcggo/storage/4124/lost-origin-logo.png,Lost Origin,EUR,1528.73,EUR,1584.69,2022-09-09,2,Sword & Shield,sword-shield,lost-origin,270,4311,https://images.tcggo.com/tcggo/storage/4336/hisuian-zoroark-vstar-lor-213-lost-origin-pokemon.png,https://www.tcggo.com/external/cm/4311,https://www.tcggo.com/external/tcgplayer/4311,Hisuian Zoroark VSTAR,Hisuian Zoroark VSTAR 213,6.57,6.01,280,EUR,,,,,,24,45,47,,4.98,4.89,4.89,7,7,4.98,7,7,3.29,3.29,,,,,,,,,,,,,,,,,,,,,,,,,,,,,,,,,,,,,,,,,,EUR,5.18,5.44,Rare Secret,hisuian-zoroark-vstar,Pokémon,https://www.tcggo.com/pokemon/lost-origin/hisuian-zoroark-vstar-213,swsh11-213,284168,singles,
2026-08-23T17:19:56+02:00,,458,Toyste Beach,toyste-beach,LOR 214,214,674220,196,217,LOR,Pokémon,pokemon,26,https://images.tcggo.com/tcggo/storage/4124/lost-origin-logo.png,Lost Origin,EUR,1528.73,EUR,1584.69,2022-09-09,2,Sword & Shield,sword-shield,lost-origin,0,4312,https://images.tcggo.com/tcggo/storage/4337/box-of-disaster-lor-214-lost-origin-pokemon.png,https://www.tcggo.com/external/cm/4312,https://www.tcggo.com/external/tcgplayer/4312,Box of Disaster,Box of Disaster 214,2.48,2.41,426,EUR,[],,,,,,,,,2,1.49,1.49,2,2,2,2.45,2.45,1.4,1.4,,,,,,,,,,,,,,,,,,,,,,,,,,,,,,,,,,,,,,,,,,EUR,1.61,1.85,Rare Secret,box-of-disaster,Trainer,https://www.tcggo.com/pokemon/lost-origin/box-of-disaster-214,swsh11-214,284169,singles,
2026-08-23T17:19:56+02:00,,368,Oswaldo KATO,oswaldo-kato,LOR 215,215,674221,196,217,LOR,Pokémon,pokemon,26,https://images.tcggo.com/tcggo/storage/4124/lost-origin-logo.png,Lost Origin,EUR,1528.73,EUR,1584.69,2022-09-09,2,Sword & Shield,sword-shield,lost-origin,0,4313,https://images.tcggo.com/tcggo/storage/4338/collapsed-stadium-lor-215-lost-origin-pokemon.png,https://www.tcggo.com/external/cm/4313,https://www.tcggo.com/external/tcgplayer/4313,Collapsed Stadium,Collapsed Stadium 215,3.42,3.87,381,EUR,,,,,,,,,40,3,2.98,2.98,3,3,3,4,4,1.49,1.49,USD,12,1,,,,,,,,,,,,,,,,,,,13.75,1,28,1,,,,,,,,,,,,,,,,,EUR,2.22,2.26,Rare Secret,collapsed-stadium,Trainer,https://www.tcggo.com/pokemon/lost-origin/collapsed-stadium-215,swsh11-215,284170,singles,
2026-08-23T17:19:56+02:00,,550,Ryo Ueda,ryo-ueda,LOR 216,216,674222,196,217,LOR,Pokémon,pokemon,26,https://images.tcggo.com/tcggo/storage/4124/lost-origin-logo.png,Lost Origin,EUR,1528.73,EUR,1584.69,2022-09-09,2,Sword & Shield,sword-shield,lost-origin,0,4314,https://images.tcggo.com/tcggo/storage/4339/dark-patch-lor-216-lost-origin-pokemon.png,https://www.tcggo.com/external/cm/4314,https://www.tcggo.com/external/tcgplayer/4314,Dark Patch,Dark Patch 216,3.09,3.23,419,EUR,[],,,,,,,,,2.3,1.9,1.9,2.9,2.9,2.3,2.5,2.5,1.8,1.8,,,,,,,,,,,,,,,,,,,,,,,,,,,,,,,,,,,,,,,,,,EUR,2.12,2.11,Rare Secret,dark-patch,Trainer,https://www.tcggo.com/pokemon/lost-origin/dark-patch-216,swsh11-216,284171,singles,
2026-08-23T17:19:56+02:00,,458,Toyste Beach,toyste-beach,LOR 217,217,674223,196,217,LOR,Pokémon,pokemon,26,https://images.tcggo.com/tcggo/storage/4124/lost-origin-logo.png,Lost Origin,EUR,1528.73,EUR,1584.69,2022-09-09,2,Sword & Shield,sword-shield,lost-origin,0,4315,https://images.tcggo.com/tcggo/storage/4340/lost-vacuum-lor-217-lost-origin-pokemon.png,https://www.tcggo.com/external/cm/4315,https://www.tcggo.com/external/tcgplayer/4315,Lost Vacuum,Lost Vacuum 217,2.49,2.29,477,EUR,,,,,,,40,,,1.69,1.64,1.64,4.94,4.94,1.69,2.99,2.99,0.91,0.91,,,,,,,,,,,,,,,,,,,,,,,,,,,,,,,,,,,,,,,,,,EUR,1.62,1.72,Rare Secret,lost-vacuum,Trainer,https://www.tcggo.com/pokemon/lost-origin/lost-vacuum-217,swsh11-217,284172,singles,
2026-08-23T17:19:56+02:00,,368,Oswaldo KATO,oswaldo-kato,LOR TG01,TG01,670826,196,217,LOR,Pokémon,pokemon,26,https://images.tcggo.com/tcggo/storage/4124/lost-origin-logo.png,Lost Origin,EUR,1528.73,EUR,1584.69,2022-09-09,2,Sword & Shield,sword-shield,lost-origin,120,4316,https://images.tcggo.com/tcggo/storage/4341/parasect-lor-tg01-lost-origin-pokemon.png,https://www.tcggo.com/external/cm/4316,https://www.tcggo.com/external/tcgplayer/4316,Parasect,Parasect TG01,3.03,3.13,525,EUR,[],,,,,,,,,2,2.5,2.5,2.5,2.5,2,2.8,2,1,1,,,,,,,,,,,,,,,,,,,,,,,,,,,,,,,,,,,,,,,,,,EUR,2.35,2.3,Trainer Gallery Rare Holo,parasect,Pokémon,https://www.tcggo.com/pokemon/lost-origin/parasect-tg01,swsh11tg-TG01,284253,singles,
2026-08-23T17:19:56+02:00,,391,saino misaki,saino-misaki,LOR TG02,TG02,276936,196,217,LOR,Pokémon,pokemon,26,https://images.tcggo.com/tcggo/storage/4124/lost-origin-logo.png,Lost Origin,EUR,1528.73,EUR,1584.69,2022-09-09,2,Sword & Shield,sword-shield,lost-origin,120,4317,https://images.tcggo.com/tcggo/storage/4342/roserade-lor-tg02-lost-origin-pokemon.png,https://www.tcggo.com/external/cm/4317,https://www.tcggo.com/external/tcgplayer/4317,Roserade,Roserade TG02,17.99,17.87,2262,EUR,[],,,,,,,,,1.8,1.5,1.5,3,3,1.8,2,2,0.9,0.9,,,,,,,,,,,,,,,,,,,,,,,,,,,,,,,,,,,,,,,,,,EUR,1.8,2.14,Trainer Gallery Rare Holo,roserade,Pokémon,https://www.tcggo.com/pokemon/lost-origin/roserade-tg02,swsh11tg-TG02,284254,singles,
2026-08-23T17:19:56+02:00,,459,GIDORA,gidora,LOR TG03,TG03,670827,196,217,LOR,Pokémon,pokemon,26,https://images.tcggo.com/tcggo/storage/4124/lost-origin-logo.png,Lost Origin,EUR,1528.73,EUR,1584.69,2022-09-09,2,Sword & Shield,sword-shield,lost-origin,170,4318,https://images.tcggo.com/tcggo/storage/4343/charizard-lor-tg03-lost-origin-pokemon.png,https://www.tcggo.com/external/cm/4318,https://www.tcggo.com/external/tcgplayer/4318,Charizard,Charizard TG03,29.72,32.84,539,EUR,,,90,,,,399,,69,25,23,23,34,34,25,34.99,34.99,25,25,USD,147.94,5,,,32.39,2,38.13,5,,,22.43,1,35.63,3,98.69,5,,,22.83,2,28.71,5,317.81,5,25,5,26.51,5,40.37,5,86.91,2,,,261.68,5,30.65,1,35.69,4,EUR,23.22,26.83,Trainer Gallery Rare Holo,charizard,Pokémon,https://www.tcggo.com/pokemon/lost-origin/charizard-tg03,swsh11tg-TG03,284251,singles,
2026-08-23T17:19:56+02:00,,500,chibi,chibi,LOR TG04,TG04,670828,196,217,LOR,Pokémon,pokemon,26,https://images.tcggo.com/tcggo/storage/4124/lost-origin-logo.png,Lost Origin,EUR,1528.73,EUR,1584.69,2022-09-09,2,Sword & Shield,sword-shield,lost-origin,150,4319,https://images.tcggo.com/tcggo/storage/4344/chandelure-lor-tg04-lost-origin-pokemon.png,https://www.tcggo.com/external/cm/4319,https://www.tcggo.com/external/tcgplayer/4319,Chandelure,Chandelure TG04,2.29,2.32,651,EUR,[],,,,,,,,,1.6,1.98,1.98,2.5,2.5,1.6,1.95,1.9,0.78,0.78,,,,,,,,,,,,,,,,,,,,,,,,,,,,,,,,,,,,,,,,,,EUR,2.28,2.36,Trainer Gallery Rare Holo,chandelure,Pokémon,https://www.tcggo.com/pokemon/lost-origin/chandelure-tg04,swsh11tg-TG04,284255,singles,
2026-08-23T17:19:56+02:00,,460,Atsushi Furusawa,atsushi-furusawa,LOR TG05,TG05,674225,196,217,LOR,Pokémon,pokemon,26,https://images.tcggo.com/tcggo/storage/4124/lost-origin-logo.png,Lost Origin,EUR,1528.73,EUR,1584.69,2022-09-09,2,Sword & Shield,sword-shield,lost-origin,60,4320,https://images.tcggo.com/tcggo/storage/4345/pikachu-lor-tg05-lost-origin-pokemon.png,https://www.tcggo.com/external/cm/4320,https://www.tcggo.com/external/tcgplayer/4320,Pikachu,Pikachu TG05,40.74,37.31,459,EUR,,,100,,29,165,700,,119,37.5,34.95,34.95,33,33,37.5,38,38,25,25,USD,233.08,5,29,1,40.89,2,43.64,5,,,,,93.9,5,179.44,5,23.62,3,,,74.76,5,577.01,5,40.33,5,39.85,5,61.31,5,110.55,1,,,686.36,5,,,107.66,5,EUR,33.19,37.47,Trainer Gallery Rare Holo,pikachu,Pokémon,https://www.tcggo.com/pokemon/lost-origin/pikachu-tg05,swsh11tg-TG05,284258,singles,
2026-08-23T17:19:56+02:00,,426,Akira Komayama,akira-komayama,LOR TG06,TG06,674226,196,217,LOR,Pokémon,pokemon,26,https://images.tcggo.com/tcggo/storage/4124/lost-origin-logo.png,Lost Origin,EUR,1528.73,EUR,1584.69,2022-09-09,2,Sword & Shield,sword-shield,lost-origin,120,4321,https://images.tcggo.com/tcggo/storage/4346/gengar-lor-tg06-lost-origin-pokemon.png,https://www.tcggo.com/external/cm/4321,https://www.tcggo.com/external/tcgplayer/4321,Gengar,Gengar TG06,36.06,35.7,640,EUR,,,120,194,,74,620,79,99,39.5,26,27,37,37,39.5,33,33,25,25,USD,228.41,5,,,43.33,1,49.52,5,,,,,69.31,2,157,5,,,53.71,2,62.75,5,556.21,5,45.48,5,33.64,5,89.71,5,350,1,,,410.26,5,51,5,88.82,5,EUR,40.07,46.67,Trainer Gallery Rare Holo,gengar,Pokémon,https://www.tcggo.com/pokemon/lost-origin/gengar-tg06,swsh11tg-TG06,284266,singles,
2026-08-23T17:19:56+02:00,,481,Tomomi Kaneko,tomomi-kaneko,LOR TG07,TG07,674227,196,217,LOR,Pokémon,pokemon,26,https://images.tcggo.com/tcggo/storage/4124/lost-origin-logo.png,Lost Origin,EUR,1528.73,EUR,1584.69,2022-09-09,2,Sword & Shield,sword-shield,lost-origin,80,4322,https://images.tcggo.com/tcggo/storage/4347/banette-lor-tg07-lost-origin-pokemon.png,https://www.tcggo.com/external/cm/4322,https://www.tcggo.com/external/tcgplayer/4322,Banette,Banette TG07,2.31,2.13,664,EUR,[],,,,,,,,,1,1.45,1.45,2.75,2.75,1,2.5,2.5,1,1,,,,,,,,,,,,,,,,,,,,,,,,,,,,,,,,,,,,,,,,,,EUR,2.06,2.25,Trainer Gallery Rare Holo,banette,Pokémon,https://www.tcggo.com/pokemon/lost-origin/banette-tg07,swsh11tg-TG07,284267,singles,
2026-08-23T17:19:56+02:00,,522,You Iribi,you-iribi,LOR TG08,TG08,674228,196,217,LOR,Pokémon,pokemon,26,https://images.tcggo.com/tcggo/storage/4124/lost-origin-logo.png,Lost Origin,EUR,1528.73,EUR,1584.69,2022-09-09,2,Sword & Shield,sword-shield,lost-origin,130,4323,https://images.tcggo.com/tcggo/storage/4348/hisuian-arcanine-lor-tg08-lost-origin-pokemon.png,https://www.tcggo.com/external/cm/4323,https://www.tcggo.com/external/tcgplayer/4323,Hisuian Arcanine,Hisuian Arcanine TG08,4.22,4.32,438,EUR,[],,,,,,,,,3.9,3,3.7,5,5,3.9,4,4,1.74,1.74,USD,,,,,,,,,,,,,,,29.99,3,,,,,18,4,104.99,5,11.5,4,9,5,21.5,5,,,,,,,,,,,EUR,3.01,3.46,Trainer Gallery Rare Holo,hisuian-arcanine,Pokémon,https://www.tcggo.com/pokemon/lost-origin/hisuian-arcanine-tg08,swsh11tg-TG08,284268,singles,
2026-08-23T17:19:56+02:00,,402,Hitoshi Ariga,hitoshi-ariga,LOR TG09,TG09,674229,196,217,LOR,Pokémon,pokemon,26,https://images.tcggo.com/tcggo/storage/4124/lost-origin-logo.png,Lost Origin,EUR,1528.73,EUR,1584.69,2022-09-09,2,Sword & Shield,sword-shield,lost-origin,60,4324,https://images.tcggo.com/tcggo/storage/4349/spiritomb-lor-tg09-lost-origin-pokemon.png,https://www.tcggo.com/external/cm/4324,https://www.tcggo.com/external/tcgplayer/4324,Spiritomb,Spiritomb TG09,2.14,2.14,633,EUR,[],,,,,,,,,0.8,1.49,1.49,2,2,0.8,2,2.5,0.98,0.98,,,,,,,,,,,,,,,,,,,,,,,,,,,,,,,,,,,,,,,,,,EUR,1.74,2.07,Trainer Gallery Rare Holo,spiritomb,Pokémon,https://www.tcggo.com/pokemon/lost-origin/spiritomb-tg09,swsh11tg-TG09,284269,singles,
2026-08-23T17:19:56+02:00,,378,Kouki Saitou,kouki-saitou,LOR TG10,TG10,670829,196,217,LOR,Pokémon,pokemon,26,https://images.tcggo.com/tcggo/storage/4124/lost-origin-logo.png,Lost Origin,EUR,1528.73,EUR,1584.69,2022-09-09,2,Sword & Shield,sword-shield,lost-origin,150,4325,https://images.tcggo.com/tcggo/storage/4350/snorlax-lor-tg10-lost-origin-pokemon.png,https://www.tcggo.com/external/cm/4325,https://www.tcggo.com/external/tcgplayer/4325,Snorlax,Snorlax TG10,12.9,11.87,474,EUR,,,,,,,480,,75,4.5,11,10,9.8,9.8,4.5,14.99,14.99,4.99,4.99,,,,,,,,,,,,,,,,,,,,,,,,,,,,,,,,,,,,,,,,,,EUR,13.41,14.4,Trainer Gallery Rare Holo,snorlax,Pokémon,https://www.tcggo.com/pokemon/lost-origin/snorlax-tg10,swsh11tg-TG10,284270,singles,
2026-08-23T17:19:56+02:00,,460,Atsushi Furusawa,atsushi-furusawa,LOR TG11,TG11,674230,196,217,LOR,Pokémon,pokemon,26,https://images.tcggo.com/tcggo/storage/4124/lost-origin-logo.png,Lost Origin,EUR,1528.73,EUR,1584.69,2022-09-09,2,Sword & Shield,sword-shield,lost-origin,70,4326,https://images.tcggo.com/tcggo/storage/4351/castform-lor-tg11-lost-origin-pokemon.png,https://www.tcggo.com/external/cm/4326,https://www.tcggo.com/external/tcgplayer/4326,Castform,Castform TG11,1.84,1.98,794,EUR,[],,,,,,,,,0.8,1.3,1.3,1.9,1.9,0.8,1.5,1.5,0.45,0.45,,,,,,,,,,,,,,,,,,,,,,,,,,,,,,,,,,,,,,,,,,EUR,1.68,1.72,Trainer Gallery Rare Holo,castform,Pokémon,https://www.tcggo.com/pokemon/lost-origin/castform-tg11,swsh11tg-TG11,284271,singles,
2026-08-23T17:19:56+02:00,,395,Nisota Niso,nisota-niso,LOR TG12,TG12,674231,196,217,LOR,Pokémon,pokemon,26,https://images.tcggo.com/tcggo/storage/4124/lost-origin-logo.png,Lost Origin,EUR,1528.73,EUR,1584.69,2022-09-09,2,Sword & Shield,sword-shield,lost-origin,180,4327,https://images.tcggo.com/tcggo/storage/4352/orbeetle-v-lor-tg12-lost-origin-pokemon.png,https://www.tcggo.com/external/cm/4327,https://www.tcggo.com/external/tcgplayer/4327,Orbeetle V,Orbeetle V TG12,6.91,6.43,248,EUR,,,,,,,49,,,5,4.99,4.99,9.98,9.98,5,9.98,9.98,4,4,USD,26.48,2,,,,,,,,,,,,,22.29,3,,,,,,,52.25,5,,,,,15.23,5,,,,,50.84,2,,,,,EUR,4,4.06,Rare Holo V,orbeetle-v,Pokémon,https://www.tcggo.com/pokemon/lost-origin/orbeetle-v-tg12,swsh11tg-TG12,284272,singles,
2026-08-23T17:19:56+02:00,,385,Teeziro,teeziro,LOR TG13,TG13,674232,196,217,LOR,Pokémon,pokemon,26,https://images.tcggo.com/tcggo/storage/4124/lost-origin-logo.png,Lost Origin,EUR,1528.73,EUR,1584.69,2022-09-09,2,Sword & Shield,sword-shield,lost-origin,310,4328,https://images.tcggo.com/tcggo/storage/4353/orbeetle-vmax-lor-tg13-lost-origin-pokemon.png,https://www.tcggo.com/external/cm/4328,https://www.tcggo.com/external/tcgplayer/4328,Orbeetle VMAX,Orbeetle VMAX TG13,7.84,8.32,235,EUR,[],,,,,,,,,6.99,6.8,6.8,10,10,6.99,9.99,9.99,5.9,5.9,USD,29.69,3,,,,,20.65,2,,,,,,,19.5,5,,,,,5.5,1,93.03,5,,,12.14,2,15.34,5,,,,,70,1,,,13.01,1,EUR,7.9,7.83,Rare Holo VMAX,orbeetle-vmax,Pokémon,https://www.tcggo.com/pokemon/lost-origin/orbeetle-vmax-tg13,swsh11tg-TG13,284273,singles,
2026-08-23T17:19:56+02:00,,491,Yuya Oka,yuya-oka,LOR TG14,TG14,670830,196,217,LOR,Pokémon,pokemon,26,https://images.tcggo.com/tcggo/storage/4124/lost-origin-logo.png,Lost Origin,EUR,1528.73,EUR,1584.69,2022-09-09,2,Sword & Shield,sword-shield,lost-origin,210,4329,https://images.tcggo.com/tcggo/storage/4354/centiskorch-v-lor-tg14-lost-origin-pokemon.png,https://www.tcggo.com/external/cm/4329,https://www.tcggo.com/external/tcgplayer/4329,Centiskorch V,Centiskorch V TG14,5.86,5.75,248,EUR,[],,,,,,,,,4.49,3.9,4.5,5,5,4.49,5,5,3.89,3.89,USD,,,,,,,11.42,1,,,,,,,15,2,,,,,,,54.99,5,,,,,17.4,5,,,,,,,,,,,EUR,3.52,3.64,Rare Holo V,centiskorch-v,Pokémon,https://www.tcggo.com/pokemon/lost-origin/centiskorch-v-tg14,swsh11tg-TG14,284275,singles,
2026-08-23T17:19:56+02:00,,368,Oswaldo KATO,oswaldo-kato,LOR TG15,TG15,674233,196,217,LOR,Pokémon,pokemon,26,https://images.tcggo.com/tcggo/storage/4124/lost-origin-logo.png,Lost Origin,EUR,1528.73,EUR,1584.69,2022-09-09,2,Sword & Shield,sword-shield,lost-origin,320,4330,https://images.tcggo.com/tcggo/storage/4355/centiskorch-vmax-lor-tg15-lost-origin-pokemon.png,https://www.tcggo.com/external/cm/4330,https://www.tcggo.com/external/tcgplayer/4330,Centiskorch VMAX,Centiskorch VMAX TG15,6.89,6.88,252,EUR,,,,,,30,,,,5.99,5.69,5.69,5,5,5.99,7,7,4,4,USD,43.73,1,,,11.9,2,18.99,3,,,,,,,23.26,2,,,,,15.95,1,57.59,5,20,1,,,22.15,5,,,,,,,,,13.5,1,EUR,5,5.15,Rare Holo VMAX,centiskorch-vmax,Pokémon,https://www.tcggo.com/pokemon/lost-origin/centiskorch-vmax-tg15,swsh11tg-TG15,284276,singles,
2026-08-23T17:19:56+02:00,,486,Ryota Murayama,ryota-murayama,LOR TG16,TG16,674234,196,217,LOR,Pokémon,pokemon,26,https://images.tcggo.com/tcggo/storage/4124/lost-origin-logo.png,Lost Origin,EUR,1528.73,EUR,1584.69,2022-09-09,2,Sword & Shield,sword-shield,lost-origin,190,4331,https://images.tcggo.com/tcggo/storage/4356/pikachu-v-lor-tg16-lost-origin-pokemon.png,https://www.tcggo.com/external/cm/4331,https://www.tcggo.com/external/tcgplayer/4331,Pikachu V,Pikachu V TG16,125.5,92.24,226,EUR,,500,200,,,,,,170,125.99,98,98,95,95,125.99,165,165,90,90,USD,248.28,5,,,67.45,1,88.42,5,694.31,2,99.99,1,117.41,4,179.39,5,15,1,,,90.9,5,388.79,5,83.18,2,100,5,139.06,5,,,,,399.25,5,71.95,1,119.12,5,EUR,71.78,95.92,Rare Holo V,pikachu-v,Pokémon,https://www.tcggo.com/pokemon/lost-origin/pikachu-v-tg16,swsh11tg-TG16,284278,singles,
2026-08-23T17:19:56+02:00,,377,Souichirou Gunjima,souichirou-gunjima,LOR TG17,TG17,674235,196,217,LOR,Pokémon,pokemon,26,https://images.tcggo.com/tcggo/storage/4124/lost-origin-logo.png,Lost Origin,EUR,1528.73,EUR,1584.69,2022-09-09,2,Sword & Shield,sword-shield,lost-origin,310,4332,https://images.tcggo.com/tcggo/storage/4357/pikachu-vmax-lor-tg17-lost-origin-pokemon.png,https://www.tcggo.com/external/cm/4332,https://www.tcggo.com/external/tcgplayer/4332,Pikachu VMAX,Pikachu VMAX TG17,99.02,94,257,EUR,,1000,110,109,,110,335,,140,79.99,76.9,76.9,80,80,79.99,109.99,109.99,60,60,USD,148.35,5,,,54.53,3,83.25,5,,,,,,,143.54,5,57.42,1,,,90.91,5,253.25,5,40,1,103.17,5,112.14,5,116.62,1,,,300,5,62,1,81.09,4,EUR,79.15,84.68,Rare Holo VMAX,pikachu-vmax,Pokémon,https://www.tcggo.com/pokemon/lost-origin/pikachu-vmax-tg17,swsh11tg-TG17,284283,singles,
2026-08-23T17:19:56+02:00,,434,AKIRA EGAWA,akira-egawa,LOR TG18,TG18,674236,196,217,LOR,Pokémon,pokemon,26,https://images.tcggo.com/tcggo/storage/4124/lost-origin-logo.png,Lost Origin,EUR,1528.73,EUR,1584.69,2022-09-09,2,Sword & Shield,sword-shield,lost-origin,210,4333,https://images.tcggo.com/tcggo/storage/4358/enamorus-v-lor-tg18-lost-origin-pokemon.png,https://www.tcggo.com/external/cm/4333,https://www.tcggo.com/external/tcgplayer/4333,Enamorus V,Enamorus V TG18,9.18,8.61,161,EUR,[],,,,,,,,,8,6.98,6.98,10,10,8,9.99,12,6,6,USD,37.39,4,,,,,13.84,3,,,,,,,40,5,,,4.84,1,,,89.35,5,,,9.83,2,10.05,5,,,,,44.67,1,,,,,EUR,7.05,7.17,Rare Holo V,enamorus-v,Pokémon,https://www.tcggo.com/pokemon/lost-origin/enamorus-v-tg18,swsh11tg-TG18,284284,singles,
2026-08-23T17:19:56+02:00,,377,Souichirou Gunjima,souichirou-gunjima,LOR TG19,TG19,670831,196,217,LOR,Pokémon,pokemon,26,https://images.tcggo.com/tcggo/storage/4124/lost-origin-logo.png,Lost Origin,EUR,1528.73,EUR,1584.69,2022-09-09,2,Sword & Shield,sword-shield,lost-origin,220,4334,https://images.tcggo.com/tcggo/storage/4359/gallade-v-lor-tg19-lost-origin-pokemon.png,https://www.tcggo.com/external/cm/4334,https://www.tcggo.com/external/tcgplayer/4334,Gallade V,Gallade V TG19,10.13,9.56,195,EUR,,,,50,,,145,,,7.99,7.5,8.49,7.99,7.99,7.99,14,14,3.38,3.38,USD,39.74,4,,,7.3,1,12.77,2,,,,,,,18.63,2,,,,,7.8,2,112.14,5,,,,,19.74,5,,,,,46.86,1,,,,,EUR,5.34,6.22,Rare Holo V,gallade-v,Pokémon,https://www.tcggo.com/pokemon/lost-origin/gallade-v-tg19,swsh11tg-TG19,284286,singles,
2026-08-23T17:19:56+02:00,,373,GOSSAN,gossan,LOR TG20,TG20,674237,196,217,LOR,Pokémon,pokemon,26,https://images.tcggo.com/tcggo/storage/4124/lost-origin-logo.png,Lost Origin,EUR,1528.73,EUR,1584.69,2022-09-09,2,Sword & Shield,sword-shield,lost-origin,180,4335,https://images.tcggo.com/tcggo/storage/4360/crobat-v-lor-tg20-lost-origin-pokemon.png,https://www.tcggo.com/external/cm/4335,https://www.tcggo.com/external/tcgplayer/4335,Crobat V,Crobat V TG20,13.16,14.48,233,EUR,[],,,,,,,,,9.99,9.48,9.48,11,11,9.99,10.99,10.99,6,6,USD,37.65,3,,,,,16.79,3,,,,,,,33.36,4,,,,,18,1,70.62,5,,,7.82,1,12.51,5,,,,,,,,,31.17,1,EUR,7.8,8.55,Rare Holo V,crobat-v,Pokémon,https://www.tcggo.com/pokemon/lost-origin/crobat-v-tg20,swsh11tg-TG20,284290,singles,
2026-08-23T17:19:56+02:00,,414,kodama,kodama,LOR TG21,TG21,674238,196,217,LOR,Pokémon,pokemon,26,https://images.tcggo.com/tcggo/storage/4124/lost-origin-logo.png,Lost Origin,EUR,1528.73,EUR,1584.69,2022-09-09,2,Sword & Shield,sword-shield,lost-origin,220,4336,https://images.tcggo.com/tcggo/storage/4361/eternatus-v-lor-tg21-lost-origin-pokemon.png,https://www.tcggo.com/external/cm/4336,https://www.tcggo.com/external/tcgplayer/4336,Eternatus V,Eternatus V TG21,5.77,5.94,233,EUR,,,,,,,65,,,4,4.9,4.9,6.9,6.9,4,9,9.9,3.99,3.99,,,,,,,,,,,,,,,,,,,,,,,,,,,,,,,,,,,,,,,,,,EUR,3.56,3.87,Rare Holo V,eternatus-v,Pokémon,https://www.tcggo.com/pokemon/lost-origin/eternatus-v-tg21,swsh11tg-TG21,284294,singles,
2026-08-23T17:19:56+02:00,,375,Mitsuhiro Arita,mitsuhiro-arita,LOR TG22,TG22,674239,196,217,LOR,Pokémon,pokemon,26,https://images.tcggo.com/tcggo/storage/4124/lost-origin-logo.png,Lost Origin,EUR,1528.73,EUR,1584.69,2022-09-09,2,Sword & Shield,sword-shield,lost-origin,340,4337,https://images.tcggo.com/tcggo/storage/4362/eternatus-vmax-lor-tg22-lost-origin-pokemon.png,https://www.tcggo.com/external/cm/4337,https://www.tcggo.com/external/tcgplayer/4337,Eternatus VMAX,Eternatus VMAX TG22,11.43,12.19,224,EUR,,,,129,,,85,,,8,10,10,12,12,8,14.79,14.79,6.9,6.9,USD,,,,,,,,,,,,,,,35.67,5,,,,,,,89.15,5,,,,,23.28,5,,,,,74.6,2,,,,,EUR,9.29,9.21,Rare Holo VMAX,eternatus-vmax,Pokémon,https://www.tcggo.com/pokemon/lost-origin/eternatus-vmax-tg22,swsh11tg-TG22,284295,singles,
2026-08-23T17:19:56+02:00,,398,Taira Akitsu,taira-akitsu,LOR TG23,TG23,674240,196,217,LOR,Pokémon,pokemon,26,https://images.tcggo.com/tcggo/storage/4124/lost-origin-logo.png,Lost Origin,EUR,1528.73,EUR,1584.69,2022-09-09,2,Sword & Shield,sword-shield,lost-origin,0,4338,https://images.tcggo.com/tcggo/storage/4363/adventurers-discovery-lor-tg23-lost-origin-pokemon.png,https://www.tcggo.com/external/cm/4338,https://www.tcggo.com/external/tcgplayer/4338,Adventurer's Discovery,Adventurer's Discovery TG23,3.12,2.93,396,EUR,,,,39,,,50,,,2.5,2.2,2.2,2.49,2.49,2.5,2.99,2.99,1,1,,,,,,,,,,,,,,,,,,,,,,,,,,,,,,,,,,,,,,,,,,EUR,2.78,2.78,Rare Ultra,adventurers-discovery,Trainer,https://www.tcggo.com/pokemon/lost-origin/adventurers-discovery-tg23,swsh11tg-TG23,284296,singles,
2026-08-23T17:19:56+02:00,,536,NC Empire,nc-empire,LOR TG24,TG24,674241,196,217,LOR,Pokémon,pokemon,26,https://images.tcggo.com/tcggo/storage/4124/lost-origin-logo.png,Lost Origin,EUR,1528.73,EUR,1584.69,2022-09-09,2,Sword & Shield,sword-shield,lost-origin,0,4339,https://images.tcggo.com/tcggo/storage/4364/bosss-orders-lor-tg24-lost-origin-pokemon.png,https://www.tcggo.com/external/cm/4339,https://www.tcggo.com/external/tcgplayer/4339,Boss's Orders,Boss's Orders TG24,5.41,5.26,,EUR,[],,,,,,,,,3.49,4.7,4.7,,,4.99,4.5,4.5,3.79,3.79,,,,,,,,,,,,,,,,,,,,,,,,,,,,,,,,,,,,,,,,,,EUR,8.29,8.85,Rare Ultra,bosss-orders,Trainer,https://www.tcggo.com/pokemon/lost-origin/bosss-orders-tg24,swsh11tg-TG24,284297,singles,
2026-08-23T17:19:56+02:00,,379,Sanosuke Sakuma,sanosuke-sakuma,LOR TG25,TG25,670832,196,217,LOR,Pokémon,pokemon,26,https://images.tcggo.com/tcggo/storage/4124/lost-origin-logo.png,Lost Origin,EUR,1528.73,EUR,1584.69,2022-09-09,2,Sword & Shield,sword-shield,lost-origin,0,4340,https://images.tcggo.com/tcggo/storage/4365/cook-lor-tg25-lost-origin-pokemon.png,https://www.tcggo.com/external/cm/4340,https://www.tcggo.com/external/tcgplayer/4340,Cook,Cook TG25,2.15,1.88,363,EUR,[],,,,,,,,,1.5,1,1,3,3,1.5,2.6,2.6,0.89,0.89,,,,,,,,,,,,,,,,,,,,,,,,,,,,,,,,,,,,,,,,,,EUR,2.02,2.09,Rare Ultra,cook,Trainer,https://www.tcggo.com/pokemon/lost-origin/cook-tg25,swsh11tg-TG25,284298,singles,
2026-08-23T17:19:56+02:00,,456,Hideki Ishikawa,hideki-ishikawa,LOR TG26,TG26,674243,196,217,LOR,Pokémon,pokemon,26,https://images.tcggo.com/tcggo/storage/4124/lost-origin-logo.png,Lost Origin,EUR,1528.73,EUR,1584.69,2022-09-09,2,Sword & Shield,sword-shield,lost-origin,0,4341,https://images.tcggo.com/tcggo/storage/4366/kabu-lor-tg26-lost-origin-pokemon.png,https://www.tcggo.com/external/cm/4341,https://www.tcggo.com/external/tcgplayer/4341,Kabu,Kabu TG26,1.71,1.71,459,EUR,[],,,,,,,,,0.99,1,1,2,2,0.99,1.95,2,0.99,0.99,,,,,,,,,,,,,,,,,,,,,,,,,,,,,,,,,,,,,,,,,,EUR,1.39,1.5,Rare Ultra,kabu,Trainer,https://www.tcggo.com/pokemon/lost-origin/kabu-tg26,swsh11tg-TG26,284299,singles,
2026-08-23T17:19:56+02:00,,391,saino misaki,saino-misaki,LOR TG27,TG27,670833,196,217,LOR,Pokémon,pokemon,26,https://images.tcggo.com/tcggo/storage/4124/lost-origin-logo.png,Lost Origin,EUR,1528.73,EUR,1584.69,2022-09-09,2,Sword & Shield,sword-shield,lost-origin,0,4342,https://images.tcggo.com/tcggo/storage/4367/nessa-lor-tg27-lost-origin-pokemon.png,https://www.tcggo.com/external/cm/4342,https://www.tcggo.com/external/tcgplayer/4342,Nessa,Nessa TG27,6.86,7.15,220,EUR,,,,,,,199,,29,5.9,6,6,11,11,5.9,6,6,2.5,2.5,USD,,,,,,,,,,,,,,,44.33,5,,,,,,,56.41,5,,,19.25,4,14.46,5,,,,,,,,,,,EUR,8.72,9.39,Rare Ultra,nessa,Trainer,https://www.tcggo.com/pokemon/lost-origin/nessa-tg27,swsh11tg-TG27,284300,singles,
2026-08-23T17:19:56+02:00,,398,Taira Akitsu,taira-akitsu,LOR TG28,TG28,674243,196,217,LOR,Pokémon,pokemon,26,https://images.tcggo.com/tcggo/storage/4124/lost-origin-logo.png,Lost Origin,EUR,1528.73,EUR,1584.69,2022-09-09,2,Sword & Shield,sword-shield,lost-origin,0,4343,https://images.tcggo.com/tcggo/storage/4368/opal-lor-tg28-lost-origin-pokemon.png,https://www.tcggo.com/external/cm/4343,https://www.tcggo.com/external/tcgplayer/4343,Opal,Opal TG28,1.84,1.74,465,EUR,,,,25,,,,,17,0.9,1.19,1.19,2.75,2.75,0.9,2.5,2.5,0.49,0.49,,,,,,,,,,,,,,,,,,,,,,,,,,,,,,,,,,,,,,,,,,EUR,1.67,1.67,Rare Ultra,opal,Trainer,https://www.tcggo.com/pokemon/lost-origin/opal-tg28,swsh11tg-TG28,284301,singles,
2026-08-23T17:19:56+02:00,,371,aky CG Works,aky-cg-works,LOR TG29,TG29,674244,196,217,LOR,Pokémon,pokemon,26,https://images.tcggo.com/tcggo/storage/4124/lost-origin-logo.png,Lost Origin,EUR,1528.73,EUR,1584.69,2022-09-09,2,Sword & Shield,sword-shield,lost-origin,310,4344,https://images.tcggo.com/tcggo/storage/4369/pikachu-vmax-lor-tg29-lost-origin-pokemon.png,https://www.tcggo.com/external/cm/4344,https://www.tcggo.com/external/tcgplayer/4344,Pikachu VMAX,Pikachu VMAX TG29,20.12,19.6,344,EUR,,,,,,,124,,85,16.9,13,13,15,19.98,16.9,29,29,9.95,9.95,USD,86.77,5,,,,,26.51,5,,,,,28.62,2,79.73,5,,,,,31.01,5,130.3,5,16.28,4,19.36,5,24.57,5,,,23.46,2,121.88,4,17.72,2,31.08,4,EUR,17.6,22.03,Rare Secret,pikachu-vmax,Pokémon,https://www.tcggo.com/pokemon/lost-origin/pikachu-vmax-tg29,swsh11tg-TG29,284302,singles,
2026-08-23T17:19:56+02:00,,380,5ban Graphics,5ban-graphics,LOR TG30,TG30,674245,196,217,LOR,Pokémon,pokemon,26,https://images.tcggo.com/tcggo/storage/4124/lost-origin-logo.png,Lost Origin,EUR,1528.73,EUR,1584.69,2022-09-09,2,Sword & Shield,sword-shield,lost-origin,310,4345,https://images.tcggo.com/tcggo/storage/4370/mew-vmax-lor-tg30-lost-origin-pokemon.png,https://www.tcggo.com/external/cm/4345,https://www.tcggo.com/external/tcgplayer/4345,Mew VMAX,Mew VMAX TG30,19.12,18.25,338,EUR,,180,50,215,,,170,,139,17,14,14,18.5,18.5,17,26,26,9.99,9.99,USD,76.59,5,,,15.53,1,27.75,5,,,,,34.48,1,62.53,5,,,,,18.57,5,176.87,5,,,28.29,5,35.37,5,20.81,3,16.5,3,132.65,5,,,34.99,1,EUR,22.63,25.62,Rare Secret,mew-vmax,Pokémon,https://www.tcggo.com/pokemon/lost-origin/mew-vmax-tg30,swsh11tg-TG30,284303,singles,
2026-08-23T17:19:56+02:00,,378,Kouki Saitou,kouki-saitou,LOR 076,LOR 076,884418,196,217,LOR,Pokémon,pokemon,26,https://images.tcggo.com/tcggo/storage/4124/lost-origin-logo.png,Lost Origin,EUR,1528.73,EUR,1584.69,2022-09-09,2,Sword & Shield,sword-shield,lost-origin,,33872,https://images.tcggo.com/tcggo/storage/34419/hisuian-zoroark-lor-lor-076-lost-origin.png,https://www.tcggo.com/external/cm/33872,https://www.tcggo.com/external/tcgplayer/33872,Hisuian Zoroark,Hisuian Zoroark LOR 076,63.91,63.91,1,EUR,[],,,,,,,,,80,50,50,,,80,,,,,USD,,,,,,,,,,,,,,,,,,,,,,,,,,,22.07,1,,,,,,,,,,,,,EUR,0,,Promo,hisuian-zoroark,,https://www.tcggo.com/pokemon/lost-origin/hisuian-zoroark,,552434,singles,EB Games 
