captured_at,artist,artist.id,artist.name,artist.slug,card_code_number,card_number,cardmarket_id,episode.cards_printed_total,episode.cards_total,episode.code,episode.game.name,episode.game.slug,episode.id,episode.logo,episode.name,episode.prices.cardmarket.currency,episode.prices.cardmarket.total,episode.prices.tcgplayer.currency,episode.prices.tcgplayer.total,episode.released_at,episode.series.id,episode.series.name,episode.series.slug,episode.slug,hp,id,image,links.cardmarket,links.tcgplayer,name,name_numbered,prices,prices.cardmarket.30d_average,prices.cardmarket.7d_average,prices.cardmarket.available_items,prices.cardmarket.currency,prices.cardmarket.graded,prices.cardmarket.graded.bgs.bgs10,prices.cardmarket.graded.bgs.bgs10black,prices.cardmarket.graded.bgs.bgs10pristine,prices.cardmarket.graded.bgs.bgs9,prices.cardmarket.graded.cgc.cgc10,prices.cardmarket.graded.cgc.cgc8,prices.cardmarket.graded.cgc.cgc9,prices.cardmarket.graded.psa.psa10,prices.cardmarket.graded.psa.psa8,prices.cardmarket.graded.psa.psa9,prices.cardmarket.lowest_near_mint,prices.cardmarket.lowest_near_mint_DE,prices.cardmarket.lowest_near_mint_DE_EU_only,prices.cardmarket.lowest_near_mint_ES,prices.cardmarket.lowest_near_mint_ES_EU_only,prices.cardmarket.lowest_near_mint_EU_only,prices.cardmarket.lowest_near_mint_FR,prices.cardmarket.lowest_near_mint_FR_EU_only,prices.cardmarket.lowest_near_mint_IT,prices.cardmarket.lowest_near_mint_IT_EU_only,prices.ebay.currency,prices.ebay.graded.ace.10.median_price,prices.ebay.graded.ace.10.sample_size,prices.ebay.graded.ace.7.median_price,prices.ebay.graded.ace.7.sample_size,prices.ebay.graded.ace.8.median_price,prices.ebay.graded.ace.8.sample_size,prices.ebay.graded.ace.9.median_price,prices.ebay.graded.ace.9.sample_size,prices.ebay.graded.bgs.10.median_price,prices.ebay.graded.bgs.10.sample_size,prices.ebay.graded.bgs.8.median_price,prices.ebay.graded.bgs.8.sample_size,prices.ebay.graded.bgs.9.median_price,prices.ebay.graded.bgs.9.sample_size,prices.ebay.graded.cgc.10.median_price,prices.ebay.graded.cgc.10.sample_size,prices.ebay.graded.cgc.7.median_price,prices.ebay.graded.cgc.7.sample_size,prices.ebay.graded.cgc.8.median_price,prices.ebay.graded.cgc.8.sample_size,prices.ebay.graded.cgc.9.median_price,prices.ebay.graded.cgc.9.sample_size,prices.ebay.graded.psa.10.median_price,prices.ebay.graded.psa.10.sample_size,prices.ebay.graded.psa.7.median_price,prices.ebay.graded.psa.7.sample_size,prices.ebay.graded.psa.8.median_price,prices.ebay.graded.psa.8.sample_size,prices.ebay.graded.psa.9.median_price,prices.ebay.graded.psa.9.sample_size,prices.ebay.graded.sgc.10.median_price,prices.ebay.graded.sgc.10.sample_size,prices.ebay.graded.sgc.9.median_price,prices.ebay.graded.sgc.9.sample_size,prices.ebay.graded.tag.10.median_price,prices.ebay.graded.tag.10.sample_size,prices.ebay.graded.tag.7.median_price,prices.ebay.graded.tag.7.sample_size,prices.ebay.graded.tag.8.median_price,prices.ebay.graded.tag.8.sample_size,prices.ebay.graded.tag.9.median_price,prices.ebay.graded.tag.9.sample_size,prices.tcg_player.currency,prices.tcg_player.market_price,prices.tcg_player.mid_price,rarity,slug,supertype,tcggo_url,tcgid,tcgplayer_id,type,version
2026-08-23T17:19:56+02:00,,498,Sekio,sekio,SIT 1,1,682040,195,215,SIT,Pokémon,pokemon,24,https://images.tcggo.com/tcggo/storage/3877/silver-tempest-logo.png,Silver Tempest,EUR,1099.33,EUR,1151.88,2022-11-11,2,Sword & Shield,sword-shield,silver-tempest,60,3854,https://images.tcggo.com/tcggo/storage/3879/venonat-sit-1-silver-tempest-pokemon.png,https://www.tcggo.com/external/cm/3854,https://www.tcggo.com/external/tcgplayer/3854,Venonat,Venonat 1,,0.04,0.03,9045,EUR,[],,,,,,,,,,,0.02,0.02,0.02,0.02,0.02,0.02,0.02,0.02,0.02,0.02,,,,,,,,,,,,,,,,,,,,,,,,,,,,,,,,,,,,,,,,,,,,EUR,0.15,0.09,Common,venonat,Pokémon,https://www.tcggo.com/pokemon/silver-tempest/venonat-1,swsh12-1,451620,singles,
2026-08-23T17:19:56+02:00,,484,Kagemaru Himeno,kagemaru-himeno,SIT 2,2,682041,195,215,SIT,Pokémon,pokemon,24,https://images.tcggo.com/tcggo/storage/3877/silver-tempest-logo.png,Silver Tempest,EUR,1099.33,EUR,1151.88,2022-11-11,2,Sword & Shield,sword-shield,silver-tempest,90,3855,https://images.tcggo.com/tcggo/storage/3880/venomoth-sit-2-silver-tempest-pokemon.png,https://www.tcggo.com/external/cm/3855,https://www.tcggo.com/external/tcgplayer/3855,Venomoth,Venomoth 2,,0.05,0.07,5491,EUR,[],,,,,,,,,,,0.02,0.02,0.02,0.02,0.02,0.02,0.02,0.02,0.02,0.02,,,,,,,,,,,,,,,,,,,,,,,,,,,,,,,,,,,,,,,,,,,,EUR,0.21,0.09,Uncommon,venomoth,Pokémon,https://www.tcggo.com/pokemon/silver-tempest/venomoth-2,swsh12-2,451621,singles,
2026-08-23T17:19:56+02:00,,516,Pani Kobayashi,pani-kobayashi,SIT 3,3,682042,195,215,SIT,Pokémon,pokemon,24,https://images.tcggo.com/tcggo/storage/3877/silver-tempest-logo.png,Silver Tempest,EUR,1099.33,EUR,1151.88,2022-11-11,2,Sword & Shield,sword-shield,silver-tempest,60,3856,https://images.tcggo.com/tcggo/storage/3881/spinarak-sit-3-silver-tempest-pokemon.png,https://www.tcggo.com/external/cm/3856,https://www.tcggo.com/external/tcgplayer/3856,Spinarak,Spinarak 3,,0.03,0.03,9930,EUR,[],,,,,,,,,,,0.02,0.02,0.02,0.02,0.02,0.02,0.02,0.02,0.02,0.02,,,,,,,,,,,,,,,,,,,,,,,,,,,,,,,,,,,,,,,,,,,,EUR,0.13,0.09,Common,spinarak,Pokémon,https://www.tcggo.com/pokemon/silver-tempest/spinarak-3,swsh12-3,451622,singles,
2026-08-23T17:19:56+02:00,,499,Tika Matsuno,tika-matsuno,SIT 4,4,682043,195,215,SIT,Pokémon,pokemon,24,https://images.tcggo.com/tcggo/storage/3877/silver-tempest-logo.png,Silver Tempest,EUR,1099.33,EUR,1151.88,2022-11-11,2,Sword & Shield,sword-shield,silver-tempest,90,3857,https://images.tcggo.com/tcggo/storage/3882/ariados-sit-4-silver-tempest-pokemon.png,https://www.tcggo.com/external/cm/3857,https://www.tcggo.com/external/tcgplayer/3857,Ariados,Ariados 4,,0.13,0.17,3443,EUR,[],,,,,,,,,,,0.02,0.03,0.03,0.05,0.05,0.02,0.02,0.02,0.02,0.02,,,,,,,,,,,,,,,,,,,,,,,,,,,,,,,,,,,,,,,,,,,,EUR,0.15,0.17,Rare Holo,ariados,Pokémon,https://www.tcggo.com/pokemon/silver-tempest/ariados-4,swsh12-4,451624,singles,
2026-08-23T17:19:56+02:00,,360,Saya Tsuruta,saya-tsuruta,SIT 5,5,682044,195,215,SIT,Pokémon,pokemon,24,https://images.tcggo.com/tcggo/storage/3877/silver-tempest-logo.png,Silver Tempest,EUR,1099.33,EUR,1151.88,2022-11-11,2,Sword & Shield,sword-shield,silver-tempest,40,3858,https://images.tcggo.com/tcggo/storage/3883/sunkern-sit-5-silver-tempest-pokemon.png,https://www.tcggo.com/external/cm/3858,https://www.tcggo.com/external/tcgplayer/3858,Sunkern,Sunkern 5,,0.03,0.03,10895,EUR,[],,,,,,,,,,,0.02,0.02,0.02,0.02,0.02,0.02,0.02,0.02,0.02,0.02,,,,,,,,,,,,,,,,,,,,,,,,,,,,,,,,,,,,,,,,,,,,EUR,0.21,0.09,Common,sunkern,Pokémon,https://www.tcggo.com/pokemon/silver-tempest/sunkern-5,swsh12-5,451625,singles,
2026-08-23T17:19:56+02:00,,546,zig,zig,SIT 6,6,682045,195,215,SIT,Pokémon,pokemon,24,https://images.tcggo.com/tcggo/storage/3877/silver-tempest-logo.png,Silver Tempest,EUR,1099.33,EUR,1151.88,2022-11-11,2,Sword & Shield,sword-shield,silver-tempest,90,3859,https://images.tcggo.com/tcggo/storage/3884/sunflora-sit-6-silver-tempest-pokemon.png,https://www.tcggo.com/external/cm/3859,https://www.tcggo.com/external/tcgplayer/3859,Sunflora,Sunflora 6,,0.04,0.04,6367,EUR,[],,,,,,,,,,,0.02,0.02,0.02,0.02,0.02,0.02,0.02,0.02,0.02,0.02,,,,,,,,,,,,,,,,,,,,,,,,,,,,,,,,,,,,,,,,,,,,EUR,0.21,0.12,Uncommon,sunflora,Pokémon,https://www.tcggo.com/pokemon/silver-tempest/sunflora-6,swsh12-6,451626,singles,
2026-08-23T17:19:56+02:00,,517,Ayaka Yoshida,ayaka-yoshida,SIT 7,7,682046,195,215,SIT,Pokémon,pokemon,24,https://images.tcggo.com/tcggo/storage/3877/silver-tempest-logo.png,Silver Tempest,EUR,1099.33,EUR,1151.88,2022-11-11,2,Sword & Shield,sword-shield,silver-tempest,210,3860,https://images.tcggo.com/tcggo/storage/3885/serperior-v-sit-7-silver-tempest-pokemon.png,https://www.tcggo.com/external/cm/3860,https://www.tcggo.com/external/tcgplayer/3860,Serperior V,Serperior V 7,,0.92,0.85,1352,EUR,[],,,,,,,,,,,0.45,0.55,0.55,0.45,0.45,0.45,0.89,0.89,0.2,0.2,,,,,,,,,,,,,,,,,,,,,,,,,,,,,,,,,,,,,,,,,,,,EUR,0.81,0.85,Rare Holo V,serperior-v,Pokémon,https://www.tcggo.com/pokemon/silver-tempest/serperior-v-7,swsh12-7,451628,singles,
2026-08-23T17:19:56+02:00,,384,PLANETA Mochizuki,planeta-mochizuki,SIT 8,8,682047,195,215,SIT,Pokémon,pokemon,24,https://images.tcggo.com/tcggo/storage/3877/silver-tempest-logo.png,Silver Tempest,EUR,1099.33,EUR,1151.88,2022-11-11,2,Sword & Shield,sword-shield,silver-tempest,270,3861,https://images.tcggo.com/tcggo/storage/3886/serperior-vstar-sit-8-silver-tempest-pokemon.png,https://www.tcggo.com/external/cm/3861,https://www.tcggo.com/external/tcgplayer/3861,Serperior VSTAR,Serperior VSTAR 8,,1.12,1.02,995,EUR,[],,,,,,,,,,,0.4,0.7,0.7,0.99,0.99,0.4,1.4,1.4,0.39,0.39,,,,,,,,,,,,,,,,,,,,,,,,,,,,,,,,,,,,,,,,,,,,EUR,1.01,1.26,Rare Holo VSTAR,serperior-vstar,Pokémon,https://www.tcggo.com/pokemon/silver-tempest/serperior-vstar-8,swsh12-8,450290,singles,
2026-08-23T17:19:56+02:00,,359,HYOGONOSUKE,hyogonosuke,SIT 9,9,682048,195,215,SIT,Pokémon,pokemon,24,https://images.tcggo.com/tcggo/storage/3877/silver-tempest-logo.png,Silver Tempest,EUR,1099.33,EUR,1151.88,2022-11-11,2,Sword & Shield,sword-shield,silver-tempest,50,3862,https://images.tcggo.com/tcggo/storage/3887/petilil-sit-9-silver-tempest-pokemon.png,https://www.tcggo.com/external/cm/3862,https://www.tcggo.com/external/tcgplayer/3862,Petilil,Petilil 9,,0.03,0.02,14074,EUR,[],,,,,,,,,,,0.02,0.02,0.02,0.02,0.02,0.02,0.02,0.02,0.02,0.02,,,,,,,,,,,,,,,,,,,,,,,,,,,,,,,,,,,,,,,,,,,,EUR,0.11,0.09,Common,petilil,Pokémon,https://www.tcggo.com/pokemon/silver-tempest/petilil-9,swsh12-9,451629,singles,
2026-08-23T17:19:56+02:00,,375,Mitsuhiro Arita,mitsuhiro-arita,SIT 10,10,682049,195,215,SIT,Pokémon,pokemon,24,https://images.tcggo.com/tcggo/storage/3877/silver-tempest-logo.png,Silver Tempest,EUR,1099.33,EUR,1151.88,2022-11-11,2,Sword & Shield,sword-shield,silver-tempest,120,3863,https://images.tcggo.com/tcggo/storage/3888/hisuian-lilligant-sit-10-silver-tempest-pokemon.png,https://www.tcggo.com/external/cm/3863,https://www.tcggo.com/external/tcgplayer/3863,Hisuian Lilligant,Hisuian Lilligant 10,,0.07,0.09,3923,EUR,[],,,,,,,,,,,0.02,0.02,0.02,0.02,0.02,0.02,0.02,0.02,0.02,0.02,,,,,,,,,,,,,,,,,,,,,,,,,,,,,,,,,,,,,,,,,,,,EUR,0.26,0.13,rare,hisuian-lilligant,Pokémon,https://www.tcggo.com/pokemon/silver-tempest/hisuian-lilligant-10,swsh12-10,451630,singles,
2026-08-23T17:19:56+02:00,,360,Saya Tsuruta,saya-tsuruta,SIT 11,11,682052,195,215,SIT,Pokémon,pokemon,24,https://images.tcggo.com/tcggo/storage/3877/silver-tempest-logo.png,Silver Tempest,EUR,1099.33,EUR,1151.88,2022-11-11,2,Sword & Shield,sword-shield,silver-tempest,50,3864,https://images.tcggo.com/tcggo/storage/3889/foongus-sit-11-silver-tempest-pokemon.png,https://www.tcggo.com/external/cm/3864,https://www.tcggo.com/external/tcgplayer/3864,Foongus,Foongus 11,,0.03,0.03,9572,EUR,[],,,,,,,,,,,0.03,0.02,0.02,0.02,0.02,0.02,0.02,0.02,0.02,0.02,,,,,,,,,,,,,,,,,,,,,,,,,,,,,,,,,,,,,,,,,,,,EUR,0.21,0.09,Common,foongus,Pokémon,https://www.tcggo.com/pokemon/silver-tempest/foongus-11,swsh12-11,451632,singles,
2026-08-23T17:19:56+02:00,,373,GOSSAN,gossan,SIT 12,12,682053,195,215,SIT,Pokémon,pokemon,24,https://images.tcggo.com/tcggo/storage/3877/silver-tempest-logo.png,Silver Tempest,EUR,1099.33,EUR,1151.88,2022-11-11,2,Sword & Shield,sword-shield,silver-tempest,90,3865,https://images.tcggo.com/tcggo/storage/3890/amoonguss-sit-12-silver-tempest-pokemon.png,https://www.tcggo.com/external/cm/3865,https://www.tcggo.com/external/tcgplayer/3865,Amoonguss,Amoonguss 12,,0.09,0.09,3965,EUR,[],,,,,,,,,,,0.02,0.02,0.02,0.02,0.02,0.02,0.02,0.02,0.02,0.02,,,,,,,,,,,,,,,,,,,,,,,,,,,,,,,,,,,,,,,,,,,,EUR,0.26,0.14,rare,amoonguss,Pokémon,https://www.tcggo.com/pokemon/silver-tempest/amoonguss-12,swsh12-12,451633,singles,
2026-08-23T17:19:56+02:00,,491,Yuya Oka,yuya-oka,SIT 13,13,682054,195,215,SIT,Pokémon,pokemon,24,https://images.tcggo.com/tcggo/storage/3877/silver-tempest-logo.png,Silver Tempest,EUR,1099.33,EUR,1151.88,2022-11-11,2,Sword & Shield,sword-shield,silver-tempest,110,3866,https://images.tcggo.com/tcggo/storage/3891/durant-sit-13-silver-tempest-pokemon.png,https://www.tcggo.com/external/cm/3866,https://www.tcggo.com/external/tcgplayer/3866,Durant,Durant 13,,0.03,0.02,9882,EUR,[],,,,,,,,,,,0.02,0.02,0.02,0.02,0.02,0.02,0.02,0.02,0.02,0.02,,,,,,,,,,,,,,,,,,,,,,,,,,,,,,,,,,,,,,,,,,,,EUR,0.14,0.09,Common,durant,Pokémon,https://www.tcggo.com/pokemon/silver-tempest/durant-13,swsh12-13,451641,singles,
2026-08-23T17:19:56+02:00,,378,Kouki Saitou,kouki-saitou,SIT 14,14,682055,195,215,SIT,Pokémon,pokemon,24,https://images.tcggo.com/tcggo/storage/3877/silver-tempest-logo.png,Silver Tempest,EUR,1099.33,EUR,1151.88,2022-11-11,2,Sword & Shield,sword-shield,silver-tempest,110,3867,https://images.tcggo.com/tcggo/storage/3892/virizion-sit-14-silver-tempest-pokemon.png,https://www.tcggo.com/external/cm/3867,https://www.tcggo.com/external/tcgplayer/3867,Virizion,Virizion 14,,0.09,0.09,3898,EUR,[],,,,,,,,,,,0.03,0.02,0.02,0.02,0.02,0.02,0.02,0.02,0.02,0.02,,,,,,,,,,,,,,,,,,,,,,,,,,,,,,,,,,,,,,,,,,,,EUR,0.25,0.13,rare,virizion,Pokémon,https://www.tcggo.com/pokemon/silver-tempest/virizion-14,swsh12-14,451642,singles,
2026-08-23T17:19:56+02:00,,489,N-DESIGN Inc.,n-design-inc,SIT 15,15,682056,195,215,SIT,Pokémon,pokemon,24,https://images.tcggo.com/tcggo/storage/3877/silver-tempest-logo.png,Silver Tempest,EUR,1099.33,EUR,1151.88,2022-11-11,2,Sword & Shield,sword-shield,silver-tempest,230,3868,https://images.tcggo.com/tcggo/storage/3893/chesnaught-v-sit-15-silver-tempest-pokemon.png,https://www.tcggo.com/external/cm/3868,https://www.tcggo.com/external/tcgplayer/3868,Chesnaught V,Chesnaught V 15,,0.69,0.59,1570,EUR,[],,,,,,,,,,,0.2,0.34,0.34,0.19,0.19,0.2,0.4,0.4,0.15,0.15,,,,,,,,,,,,,,,,,,,,,,,,,,,,,,,,,,,,,,,,,,,,EUR,0.61,0.79,Rare Holo V,chesnaught-v,Pokémon,https://www.tcggo.com/pokemon/silver-tempest/chesnaught-v-15,swsh12-15,451643,singles,
2026-08-23T17:19:56+02:00,,484,Kagemaru Himeno,kagemaru-himeno,SIT 16,16,682057,195,215,SIT,Pokémon,pokemon,24,https://images.tcggo.com/tcggo/storage/3877/silver-tempest-logo.png,Silver Tempest,EUR,1099.33,EUR,1151.88,2022-11-11,2,Sword & Shield,sword-shield,silver-tempest,140,3869,https://images.tcggo.com/tcggo/storage/3894/radiant-tsareena-sit-16-silver-tempest-pokemon.png,https://www.tcggo.com/external/cm/3869,https://www.tcggo.com/external/tcgplayer/3869,Radiant Tsareena,Radiant Tsareena 16,,0.57,0.44,2722,EUR,[],,,,,,,,,,,0.09,0.08,0.08,0.05,0.05,0.09,0.15,0.18,0.02,0.02,,,,,,,,,,,,,,,,,,,,,,,,,,,,,,,,,,,,,,,,,,,,EUR,0.62,0.45,Radiant Rare,radiant-tsareena,Pokémon,https://www.tcggo.com/pokemon/silver-tempest/radiant-tsareena-16,swsh12-16,451645,singles,
2026-08-23T17:19:56+02:00,,513,ryoma uratsuka,ryoma-uratsuka,SIT 17,17,682058,195,215,SIT,Pokémon,pokemon,24,https://images.tcggo.com/tcggo/storage/3877/silver-tempest-logo.png,Silver Tempest,EUR,1099.33,EUR,1151.88,2022-11-11,2,Sword & Shield,sword-shield,silver-tempest,70,3870,https://images.tcggo.com/tcggo/storage/3895/vulpix-sit-17-silver-tempest-pokemon.png,https://www.tcggo.com/external/cm/3870,https://www.tcggo.com/external/tcgplayer/3870,Vulpix,Vulpix 17,,0.04,0.04,13338,EUR,[],,,,,,,,,,,0.02,0.02,0.02,0.02,0.02,0.02,0.02,0.02,0.02,0.02,,,,,,,,,,,,,,,,,,,,,,,,,,,,,,,,,,,,,,,,,,,,EUR,0.26,0.12,Common,vulpix,Pokémon,https://www.tcggo.com/pokemon/silver-tempest/vulpix-17,swsh12-17,451646,singles,
2026-08-23T17:19:56+02:00,,443,Shiburingaru,shiburingaru,SIT 18,18,682059,195,215,SIT,Pokémon,pokemon,24,https://images.tcggo.com/tcggo/storage/3877/silver-tempest-logo.png,Silver Tempest,EUR,1099.33,EUR,1151.88,2022-11-11,2,Sword & Shield,sword-shield,silver-tempest,110,3871,https://images.tcggo.com/tcggo/storage/3896/ninetales-sit-18-silver-tempest-pokemon.png,https://www.tcggo.com/external/cm/3871,https://www.tcggo.com/external/tcgplayer/3871,Ninetales,Ninetales 18,,0.06,0.06,5551,EUR,[],,,,,,,,,,,0.02,0.02,0.02,0.02,0.02,0.02,0.02,0.02,0.02,0.02,,,,,,,,,,,,,,,,,,,,,,,,,,,,,,,,,,,,,,,,,,,,EUR,0.3,0.13,Uncommon,ninetales,Pokémon,https://www.tcggo.com/pokemon/silver-tempest/ninetales-18,swsh12-18,451647,singles,
2026-08-23T17:19:56+02:00,,381,sowsow,sowsow,SIT 19,19,682060,195,215,SIT,Pokémon,pokemon,24,https://images.tcggo.com/tcggo/storage/3877/silver-tempest-logo.png,Silver Tempest,EUR,1099.33,EUR,1151.88,2022-11-11,2,Sword & Shield,sword-shield,silver-tempest,90,3872,https://images.tcggo.com/tcggo/storage/3897/growlithe-sit-19-silver-tempest-pokemon.png,https://www.tcggo.com/external/cm/3872,https://www.tcggo.com/external/tcgplayer/3872,Growlithe,Growlithe 19,,0.05,0.04,8215,EUR,[],,,,,,,,,,,0.02,0.02,0.02,0.02,0.02,0.02,0.02,0.02,0.02,0.02,,,,,,,,,,,,,,,,,,,,,,,,,,,,,,,,,,,,,,,,,,,,EUR,0.27,0.13,Common,growlithe,Pokémon,https://www.tcggo.com/pokemon/silver-tempest/growlithe-19,swsh12-19,451650,singles,
2026-08-23T17:19:56+02:00,,394,OKACHEKE,okacheke,SIT 20,20,682061,195,215,SIT,Pokémon,pokemon,24,https://images.tcggo.com/tcggo/storage/3877/silver-tempest-logo.png,Silver Tempest,EUR,1099.33,EUR,1151.88,2022-11-11,2,Sword & Shield,sword-shield,silver-tempest,140,3873,https://images.tcggo.com/tcggo/storage/3898/arcanine-sit-20-silver-tempest-pokemon.png,https://www.tcggo.com/external/cm/3873,https://www.tcggo.com/external/tcgplayer/3873,Arcanine,Arcanine 20,,0.12,0.16,3070,EUR,[],,,,,,,,,,,0.02,0.02,0.02,0.02,0.02,0.02,0.02,0.02,0.02,0.02,,,,,,,,,,,,,,,,,,,,,,,,,,,,,,,,,,,,,,,,,,,,EUR,0.56,0.17,rare,arcanine,Pokémon,https://www.tcggo.com/pokemon/silver-tempest/arcanine-20,swsh12-20,451651,singles,
2026-08-23T17:19:56+02:00,,385,Teeziro,teeziro,SIT 21,21,682062,195,215,SIT,Pokémon,pokemon,24,https://images.tcggo.com/tcggo/storage/3877/silver-tempest-logo.png,Silver Tempest,EUR,1099.33,EUR,1151.88,2022-11-11,2,Sword & Shield,sword-shield,silver-tempest,70,3874,https://images.tcggo.com/tcggo/storage/3899/ponyta-sit-21-silver-tempest-pokemon.png,https://www.tcggo.com/external/cm/3874,https://www.tcggo.com/external/tcgplayer/3874,Ponyta,Ponyta 21,,0.03,0.03,9865,EUR,[],,,,,,,,,,,0.02,0.02,0.02,0.02,0.02,0.02,0.02,0.02,0.02,0.02,,,,,,,,,,,,,,,,,,,,,,,,,,,,,,,,,,,,,,,,,,,,EUR,0.25,0.1,Common,ponyta,Pokémon,https://www.tcggo.com/pokemon/silver-tempest/ponyta-21,swsh12-21,451652,singles,
2026-08-23T17:19:56+02:00,,544,Megumi Higuchi,megumi-higuchi,SIT 22,22,682063,195,215,SIT,Pokémon,pokemon,24,https://images.tcggo.com/tcggo/storage/3877/silver-tempest-logo.png,Silver Tempest,EUR,1099.33,EUR,1151.88,2022-11-11,2,Sword & Shield,sword-shield,silver-tempest,100,3875,https://images.tcggo.com/tcggo/storage/3900/rapidash-sit-22-silver-tempest-pokemon.png,https://www.tcggo.com/external/cm/3875,https://www.tcggo.com/external/tcgplayer/3875,Rapidash,Rapidash 22,,0.23,0.23,3270,EUR,[],,,,,,,,,,,0.02,0.02,0.02,0.02,0.02,0.02,0.02,0.02,0.02,0.02,,,,,,,,,,,,,,,,,,,,,,,,,,,,,,,,,,,,,,,,,,,,EUR,0.27,0.21,Rare Holo,rapidash,Pokémon,https://www.tcggo.com/pokemon/silver-tempest/rapidash-22,swsh12-22,451653,singles,
2026-08-23T17:19:56+02:00,,373,GOSSAN,gossan,SIT 23,23,682064,195,215,SIT,Pokémon,pokemon,24,https://images.tcggo.com/tcggo/storage/3877/silver-tempest-logo.png,Silver Tempest,EUR,1099.33,EUR,1151.88,2022-11-11,2,Sword & Shield,sword-shield,silver-tempest,70,3876,https://images.tcggo.com/tcggo/storage/3901/victini-sit-23-silver-tempest-pokemon.png,https://www.tcggo.com/external/cm/3876,https://www.tcggo.com/external/tcgplayer/3876,Victini,Victini 23,,0.12,0.13,2947,EUR,[],,,,,,,,,,,0.02,0.02,0.02,0.02,0.02,0.02,0.02,0.02,0.02,0.02,,,,,,,,,,,,,,,,,,,,,,,,,,,,,,,,,,,,,,,,,,,,EUR,0.34,0.16,rare,victini,Pokémon,https://www.tcggo.com/pokemon/silver-tempest/victini-23,swsh12-23,451654,singles,
2026-08-23T17:19:56+02:00,,489,N-DESIGN Inc.,n-design-inc,SIT 24,24,682065,195,215,SIT,Pokémon,pokemon,24,https://images.tcggo.com/tcggo/storage/3877/silver-tempest-logo.png,Silver Tempest,EUR,1099.33,EUR,1151.88,2022-11-11,2,Sword & Shield,sword-shield,silver-tempest,220,3877,https://images.tcggo.com/tcggo/storage/3902/reshiram-v-sit-24-silver-tempest-pokemon.png,https://www.tcggo.com/external/cm/3877,https://www.tcggo.com/external/tcgplayer/3877,Reshiram V,Reshiram V 24,,1.07,1.01,941,EUR,[],,,,,,,,,,,0.7,0.8,0.8,0.99,0.99,0.7,1,1,0.39,0.39,,,,,,,,,,,,,,,,,,,,,,,,,,,,,,,,,,,,,,,,,,,,EUR,0.92,0.91,Rare Holo V,reshiram-v,Pokémon,https://www.tcggo.com/pokemon/silver-tempest/reshiram-v-24,swsh12-24,451655,singles,
2026-08-23T17:19:56+02:00,,513,ryoma uratsuka,ryoma-uratsuka,SIT 25,25,682066,195,215,SIT,Pokémon,pokemon,24,https://images.tcggo.com/tcggo/storage/3877/silver-tempest-logo.png,Silver Tempest,EUR,1099.33,EUR,1151.88,2022-11-11,2,Sword & Shield,sword-shield,silver-tempest,60,3878,https://images.tcggo.com/tcggo/storage/3903/fennekin-sit-25-silver-tempest-pokemon.png,https://www.tcggo.com/external/cm/3878,https://www.tcggo.com/external/tcgplayer/3878,Fennekin,Fennekin 25,,0.04,0.04,12911,EUR,[],,,,,,,,,,,0.02,0.02,0.02,0.02,0.02,0.02,0.02,0.02,0.02,0.02,,,,,,,,,,,,,,,,,,,,,,,,,,,,,,,,,,,,,,,,,,,,EUR,0.21,0.09,Common,fennekin,Pokémon,https://www.tcggo.com/pokemon/silver-tempest/fennekin-25,swsh12-25,451656,singles,
2026-08-23T17:19:56+02:00,,407,Ligton,ligton,SIT 26,26,682067,195,215,SIT,Pokémon,pokemon,24,https://images.tcggo.com/tcggo/storage/3877/silver-tempest-logo.png,Silver Tempest,EUR,1099.33,EUR,1151.88,2022-11-11,2,Sword & Shield,sword-shield,silver-tempest,90,3879,https://images.tcggo.com/tcggo/storage/3904/braixen-sit-26-silver-tempest-pokemon.png,https://www.tcggo.com/external/cm/3879,https://www.tcggo.com/external/tcgplayer/3879,Braixen,Braixen 26,,0.04,0.04,7929,EUR,[],,,,,,,,,,,0.02,0.02,0.02,0.02,0.02,0.02,0.02,0.02,0.02,0.02,,,,,,,,,,,,,,,,,,,,,,,,,,,,,,,,,,,,,,,,,,,,EUR,0.19,0.12,Uncommon,braixen,Pokémon,https://www.tcggo.com/pokemon/silver-tempest/braixen-26,swsh12-26,451657,singles,
2026-08-23T17:19:56+02:00,,428,Uta,uta,SIT 27,27,682068,195,215,SIT,Pokémon,pokemon,24,https://images.tcggo.com/tcggo/storage/3877/silver-tempest-logo.png,Silver Tempest,EUR,1099.33,EUR,1151.88,2022-11-11,2,Sword & Shield,sword-shield,silver-tempest,150,3880,https://images.tcggo.com/tcggo/storage/3905/delphox-sit-27-silver-tempest-pokemon.png,https://www.tcggo.com/external/cm/3880,https://www.tcggo.com/external/tcgplayer/3880,Delphox,Delphox 27,,0.11,0.09,3161,EUR,[],,,,,,,,,,,0.02,0.02,0.02,0.02,0.02,0.02,0.02,0.02,0.02,0.02,,,,,,,,,,,,,,,,,,,,,,,,,,,,,,,,,,,,,,,,,,,,EUR,0.35,0.16,rare,delphox,Pokémon,https://www.tcggo.com/pokemon/silver-tempest/delphox-27,swsh12-27,451658,singles,
2026-08-23T17:19:56+02:00,,406,Narumi Sato,narumi-sato,SIT 28,28,682070,195,215,SIT,Pokémon,pokemon,24,https://images.tcggo.com/tcggo/storage/3877/silver-tempest-logo.png,Silver Tempest,EUR,1099.33,EUR,1151.88,2022-11-11,2,Sword & Shield,sword-shield,silver-tempest,80,3881,https://images.tcggo.com/tcggo/storage/3906/fletchinder-sit-28-silver-tempest-pokemon.png,https://www.tcggo.com/external/cm/3881,https://www.tcggo.com/external/tcgplayer/3881,Fletchinder,Fletchinder 28,,0.04,0.03,6137,EUR,[],,,,,,,,,,,0.02,0.02,0.02,0.02,0.02,0.02,0.02,0.02,0.02,0.02,,,,,,,,,,,,,,,,,,,,,,,,,,,,,,,,,,,,,,,,,,,,EUR,0.15,0.15,Uncommon,fletchinder,Pokémon,https://www.tcggo.com/pokemon/silver-tempest/fletchinder-28,swsh12-28,451659,singles,
2026-08-23T17:19:56+02:00,,382,KEIICHIRO ITO,keiichiro-ito,SIT 29,29,682071,195,215,SIT,Pokémon,pokemon,24,https://images.tcggo.com/tcggo/storage/3877/silver-tempest-logo.png,Silver Tempest,EUR,1099.33,EUR,1151.88,2022-11-11,2,Sword & Shield,sword-shield,silver-tempest,140,3882,https://images.tcggo.com/tcggo/storage/3907/talonflame-sit-29-silver-tempest-pokemon.png,https://www.tcggo.com/external/cm/3882,https://www.tcggo.com/external/tcgplayer/3882,Talonflame,Talonflame 29,,0.07,0.05,4041,EUR,[],,,,,,,,,,,0.02,0.02,0.02,0.02,0.02,0.02,0.02,0.02,0.02,0.02,,,,,,,,,,,,,,,,,,,,,,,,,,,,,,,,,,,,,,,,,,,,EUR,0.23,0.13,rare,talonflame,Pokémon,https://www.tcggo.com/pokemon/silver-tempest/talonflame-29,swsh12-29,451660,singles,
2026-08-23T17:19:56+02:00,,406,Narumi Sato,narumi-sato,SIT 30,30,682072,195,215,SIT,Pokémon,pokemon,24,https://images.tcggo.com/tcggo/storage/3877/silver-tempest-logo.png,Silver Tempest,EUR,1099.33,EUR,1151.88,2022-11-11,2,Sword & Shield,sword-shield,silver-tempest,70,3883,https://images.tcggo.com/tcggo/storage/3908/litten-sit-30-silver-tempest-pokemon.png,https://www.tcggo.com/external/cm/3883,https://www.tcggo.com/external/tcgplayer/3883,Litten,Litten 30,,0.03,0.03,12422,EUR,[],,,,,,,,,,,0.02,0.02,0.02,0.02,0.02,0.02,0.02,0.02,0.02,0.02,,,,,,,,,,,,,,,,,,,,,,,,,,,,,,,,,,,,,,,,,,,,EUR,0.26,0.11,Common,litten,Pokémon,https://www.tcggo.com/pokemon/silver-tempest/litten-30,swsh12-30,451661,singles,
2026-08-23T17:19:56+02:00,,459,GIDORA,gidora,SIT 31,31,682073,195,215,SIT,Pokémon,pokemon,24,https://images.tcggo.com/tcggo/storage/3877/silver-tempest-logo.png,Silver Tempest,EUR,1099.33,EUR,1151.88,2022-11-11,2,Sword & Shield,sword-shield,silver-tempest,80,3884,https://images.tcggo.com/tcggo/storage/3909/torracat-sit-31-silver-tempest-pokemon.png,https://www.tcggo.com/external/cm/3884,https://www.tcggo.com/external/tcgplayer/3884,Torracat,Torracat 31,,0.04,0.04,7932,EUR,[],,,,,,,,,,,0.02,0.02,0.02,0.02,0.02,0.02,0.02,0.02,0.02,0.02,,,,,,,,,,,,,,,,,,,,,,,,,,,,,,,,,,,,,,,,,,,,EUR,0.22,0.13,Uncommon,torracat,Pokémon,https://www.tcggo.com/pokemon/silver-tempest/torracat-31,swsh12-31,451662,singles,
2026-08-23T17:19:56+02:00,,456,Hideki Ishikawa,hideki-ishikawa,SIT 32,32,682074,195,215,SIT,Pokémon,pokemon,24,https://images.tcggo.com/tcggo/storage/3877/silver-tempest-logo.png,Silver Tempest,EUR,1099.33,EUR,1151.88,2022-11-11,2,Sword & Shield,sword-shield,silver-tempest,170,3885,https://images.tcggo.com/tcggo/storage/3910/incineroar-sit-32-silver-tempest-pokemon.png,https://www.tcggo.com/external/cm/3885,https://www.tcggo.com/external/tcgplayer/3885,Incineroar,Incineroar 32,,0.14,0.11,3025,EUR,[],,,,,,,,,,,0.02,0.02,0.02,0.02,0.02,0.02,0.02,0.02,0.02,0.02,,,,,,,,,,,,,,,,,,,,,,,,,,,,,,,,,,,,,,,,,,,,EUR,0.38,0.18,rare,incineroar,Pokémon,https://www.tcggo.com/pokemon/silver-tempest/incineroar-32,swsh12-32,451663,singles,
2026-08-23T17:19:56+02:00,,486,Ryota Murayama,ryota-murayama,SIT 33,33,682075,195,215,SIT,Pokémon,pokemon,24,https://images.tcggo.com/tcggo/storage/3877/silver-tempest-logo.png,Silver Tempest,EUR,1099.33,EUR,1151.88,2022-11-11,2,Sword & Shield,sword-shield,silver-tempest,190,3886,https://images.tcggo.com/tcggo/storage/3911/alolan-vulpix-v-sit-33-silver-tempest-pokemon.png,https://www.tcggo.com/external/cm/3886,https://www.tcggo.com/external/tcgplayer/3886,Alolan Vulpix V,Alolan Vulpix V 33,,1.3,1.43,863,EUR,[],,,,,,,,,,,0.6,0.69,0.69,1.24,1.24,0.6,0.8,0.8,0.25,0.25,,,,,,,,,,,,,,,,,,,,,,,,,,,,,,,,,,,,,,,,,,,,EUR,1.84,1.07,Rare Holo V,alolan-vulpix-v,Pokémon,https://www.tcggo.com/pokemon/silver-tempest/alolan-vulpix-v-33,swsh12-33,451665,singles,
2026-08-23T17:19:56+02:00,,474,PLANETA Hiiragi,planeta-hiiragi,SIT 34,34,682076,195,215,SIT,Pokémon,pokemon,24,https://images.tcggo.com/tcggo/storage/3877/silver-tempest-logo.png,Silver Tempest,EUR,1099.33,EUR,1151.88,2022-11-11,2,Sword & Shield,sword-shield,silver-tempest,240,3887,https://images.tcggo.com/tcggo/storage/3912/alolan-vulpix-vstar-sit-34-silver-tempest-pokemon.png,https://www.tcggo.com/external/cm/3887,https://www.tcggo.com/external/tcgplayer/3887,Alolan Vulpix VSTAR,Alolan Vulpix VSTAR 34,,1.86,1.85,563,EUR,[],,,,,,,,,,,1.25,1.2,1.2,2,2,1.25,1,1,0.55,0.55,,,,,,,,,,,,,,,,,,,,,,,,,,,,,,,,,,,,,,,,,,,,EUR,2.1,1.92,Rare Holo VSTAR,alolan-vulpix-vstar,Pokémon,https://www.tcggo.com/pokemon/silver-tempest/alolan-vulpix-vstar-34,swsh12-34,451667,singles,
2026-08-23T17:19:56+02:00,,526,Saki Hayashiro,saki-hayashiro,SIT 35,35,682077,195,215,SIT,Pokémon,pokemon,24,https://images.tcggo.com/tcggo/storage/3877/silver-tempest-logo.png,Silver Tempest,EUR,1099.33,EUR,1151.88,2022-11-11,2,Sword & Shield,sword-shield,silver-tempest,190,3888,https://images.tcggo.com/tcggo/storage/3913/omastar-v-sit-35-silver-tempest-pokemon.png,https://www.tcggo.com/external/cm/3888,https://www.tcggo.com/external/tcgplayer/3888,Omastar V,Omastar V 35,,0.99,1.02,1125,EUR,[],,,,,,,,,,,0.49,0.49,0.49,0.7,0.7,0.49,0.9,0.9,0.2,0.2,,,,,,,,,,,,,,,,,,,,,,,,,,,,,,,,,,,,,,,,,,,,EUR,0.82,0.85,Rare Holo V,omastar-v,Pokémon,https://www.tcggo.com/pokemon/silver-tempest/omastar-v-35,swsh12-35,451668,singles,
2026-08-23T17:19:56+02:00,,362,Naoyo Kimura,naoyo-kimura,SIT 36,36,682078,195,215,SIT,Pokémon,pokemon,24,https://images.tcggo.com/tcggo/storage/3877/silver-tempest-logo.png,Silver Tempest,EUR,1099.33,EUR,1151.88,2022-11-11,2,Sword & Shield,sword-shield,silver-tempest,110,3889,https://images.tcggo.com/tcggo/storage/3914/articuno-sit-36-silver-tempest-pokemon.png,https://www.tcggo.com/external/cm/3889,https://www.tcggo.com/external/tcgplayer/3889,Articuno,Articuno 36,,0.32,0.31,,EUR,[],,,,,,,,,,,0.03,0.08,0.08,0.02,0.02,0.03,0.05,0.05,0.05,0.05,,,,,,,,,,,,,,,,,,,,,,,,,,,,,,,,,,,,,,,,,,,,EUR,0.44,0.23,Rare Holo,articuno,Pokémon,https://www.tcggo.com/pokemon/silver-tempest/articuno-36,swsh12-36,451669,singles,
2026-08-23T17:19:56+02:00,,535,Jiro Sasumo,jiro-sasumo,SIT 37,37,682079,195,215,SIT,Pokémon,pokemon,24,https://images.tcggo.com/tcggo/storage/3877/silver-tempest-logo.png,Silver Tempest,EUR,1099.33,EUR,1151.88,2022-11-11,2,Sword & Shield,sword-shield,silver-tempest,110,3890,https://images.tcggo.com/tcggo/storage/3915/wailmer-sit-37-silver-tempest-pokemon.png,https://www.tcggo.com/external/cm/3890,https://www.tcggo.com/external/tcgplayer/3890,Wailmer,Wailmer 37,,0.03,0.02,9104,EUR,[],,,,,,,,,,,0.02,0.02,0.02,0.02,0.02,0.02,0.02,0.02,0.02,0.02,,,,,,,,,,,,,,,,,,,,,,,,,,,,,,,,,,,,,,,,,,,,EUR,0.21,0.09,Common,wailmer,Pokémon,https://www.tcggo.com/pokemon/silver-tempest/wailmer-37,swsh12-37,451671,singles,
2026-08-23T17:19:56+02:00,,466,Shinya Komatsu,shinya-komatsu,SIT 38,38,682080,195,215,SIT,Pokémon,pokemon,24,https://images.tcggo.com/tcggo/storage/3877/silver-tempest-logo.png,Silver Tempest,EUR,1099.33,EUR,1151.88,2022-11-11,2,Sword & Shield,sword-shield,silver-tempest,200,3891,https://images.tcggo.com/tcggo/storage/3916/wailord-sit-38-silver-tempest-pokemon.png,https://www.tcggo.com/external/cm/3891,https://www.tcggo.com/external/tcgplayer/3891,Wailord,Wailord 38,,0.04,0.05,5711,EUR,[],,,,,,,,,,,0.02,0.02,0.02,0.02,0.02,0.02,0.02,0.02,0.02,0.02,,,,,,,,,,,,,,,,,,,,,,,,,,,,,,,,,,,,,,,,,,,,EUR,0.22,0.13,Uncommon,wailord,Pokémon,https://www.tcggo.com/pokemon/silver-tempest/wailord-38,swsh12-38,451673,singles,
2026-08-23T17:19:56+02:00,,507,0313,0313,SIT 39,39,682081,195,215,SIT,Pokémon,pokemon,24,https://images.tcggo.com/tcggo/storage/3877/silver-tempest-logo.png,Silver Tempest,EUR,1099.33,EUR,1151.88,2022-11-11,2,Sword & Shield,sword-shield,silver-tempest,30,3892,https://images.tcggo.com/tcggo/storage/3917/feebas-sit-39-silver-tempest-pokemon.png,https://www.tcggo.com/external/cm/3892,https://www.tcggo.com/external/tcgplayer/3892,Feebas,Feebas 39,,0.03,0.03,12866,EUR,[],,,,,,,,,,,0.03,0.02,0.02,0.02,0.02,0.02,0.02,0.02,0.02,0.02,,,,,,,,,,,,,,,,,,,,,,,,,,,,,,,,,,,,,,,,,,,,EUR,0.19,0.1,Common,feebas,Pokémon,https://www.tcggo.com/pokemon/silver-tempest/feebas-39,swsh12-39,451674,singles,
2026-08-23T17:19:56+02:00,,382,KEIICHIRO ITO,keiichiro-ito,SIT 40,40,682082,195,215,SIT,Pokémon,pokemon,24,https://images.tcggo.com/tcggo/storage/3877/silver-tempest-logo.png,Silver Tempest,EUR,1099.33,EUR,1151.88,2022-11-11,2,Sword & Shield,sword-shield,silver-tempest,130,3893,https://images.tcggo.com/tcggo/storage/3918/milotic-sit-40-silver-tempest-pokemon.png,https://www.tcggo.com/external/cm/3893,https://www.tcggo.com/external/tcgplayer/3893,Milotic,Milotic 40,,0.11,0.18,2948,EUR,[],,,,,,,,,,,0.02,0.02,0.02,0.02,0.02,0.02,0.02,0.02,0.02,0.02,,,,,,,,,,,,,,,,,,,,,,,,,,,,,,,,,,,,,,,,,,,,EUR,0.3,0.16,rare,milotic,Pokémon,https://www.tcggo.com/pokemon/silver-tempest/milotic-40,swsh12-40,451675,singles,
2026-08-23T17:19:56+02:00,,503,sui,sui,SIT 41,41,682086,195,215,SIT,Pokémon,pokemon,24,https://images.tcggo.com/tcggo/storage/3877/silver-tempest-logo.png,Silver Tempest,EUR,1099.33,EUR,1151.88,2022-11-11,2,Sword & Shield,sword-shield,silver-tempest,60,3894,https://images.tcggo.com/tcggo/storage/3919/snorunt-sit-41-silver-tempest-pokemon.png,https://www.tcggo.com/external/cm/3894,https://www.tcggo.com/external/tcgplayer/3894,Snorunt,Snorunt 41,,0.03,0.03,9240,EUR,[],,,,,,,,,,,0.02,0.02,0.02,0.02,0.02,0.02,0.02,0.02,0.02,0.02,,,,,,,,,,,,,,,,,,,,,,,,,,,,,,,,,,,,,,,,,,,,EUR,0.24,0.1,Common,snorunt,Pokémon,https://www.tcggo.com/pokemon/silver-tempest/snorunt-41,swsh12-41,451677,singles,
2026-08-23T17:19:56+02:00,,387,Scav,scav,SIT 42,42,682087,195,215,SIT,Pokémon,pokemon,24,https://images.tcggo.com/tcggo/storage/3877/silver-tempest-logo.png,Silver Tempest,EUR,1099.33,EUR,1151.88,2022-11-11,2,Sword & Shield,sword-shield,silver-tempest,130,3895,https://images.tcggo.com/tcggo/storage/3920/glalie-sit-42-silver-tempest-pokemon.png,https://www.tcggo.com/external/cm/3895,https://www.tcggo.com/external/tcgplayer/3895,Glalie,Glalie 42,,0.03,0.03,5911,EUR,[],,,,,,,,,,,0.02,0.02,0.02,0.02,0.02,0.02,0.02,0.02,0.02,0.02,,,,,,,,,,,,,,,,,,,,,,,,,,,,,,,,,,,,,,,,,,,,EUR,0.13,0.12,Uncommon,glalie,Pokémon,https://www.tcggo.com/pokemon/silver-tempest/glalie-42,swsh12-42,451679,singles,
2026-08-23T17:19:56+02:00,,398,Taira Akitsu,taira-akitsu,SIT 43,43,682089,195,215,SIT,Pokémon,pokemon,24,https://images.tcggo.com/tcggo/storage/3877/silver-tempest-logo.png,Silver Tempest,EUR,1099.33,EUR,1151.88,2022-11-11,2,Sword & Shield,sword-shield,silver-tempest,90,3896,https://images.tcggo.com/tcggo/storage/3921/froslass-sit-43-silver-tempest-pokemon.png,https://www.tcggo.com/external/cm/3896,https://www.tcggo.com/external/tcgplayer/3896,Froslass,Froslass 43,,0.09,0.12,3996,EUR,[],,,,,,,,,,,0.02,0.02,0.02,0.02,0.02,0.02,0.02,0.02,0.02,0.02,,,,,,,,,,,,,,,,,,,,,,,,,,,,,,,,,,,,,,,,,,,,EUR,0.51,0.15,rare,froslass,Pokémon,https://www.tcggo.com/pokemon/silver-tempest/froslass-43,swsh12-43,451683,singles,
2026-08-23T17:19:56+02:00,,533,SATOSHI NAKAI,satoshi-nakai,SIT 44,44,682090,195,215,SIT,Pokémon,pokemon,24,https://images.tcggo.com/tcggo/storage/3877/silver-tempest-logo.png,Silver Tempest,EUR,1099.33,EUR,1151.88,2022-11-11,2,Sword & Shield,sword-shield,silver-tempest,90,3897,https://images.tcggo.com/tcggo/storage/3922/relicanth-sit-44-silver-tempest-pokemon.png,https://www.tcggo.com/external/cm/3897,https://www.tcggo.com/external/tcgplayer/3897,Relicanth,Relicanth 44,,0.03,0.03,9757,EUR,[],,,,,,,,,,,0.02,0.02,0.02,0.02,0.02,0.02,0.02,0.02,0.02,0.02,,,,,,,,,,,,,,,,,,,,,,,,,,,,,,,,,,,,,,,,,,,,EUR,0.19,0.09,Common,relicanth,Pokémon,https://www.tcggo.com/pokemon/silver-tempest/relicanth-44,swsh12-44,451684,singles,
2026-08-23T17:19:56+02:00,,535,Jiro Sasumo,jiro-sasumo,SIT 45,45,682092,195,215,SIT,Pokémon,pokemon,24,https://images.tcggo.com/tcggo/storage/3877/silver-tempest-logo.png,Silver Tempest,EUR,1099.33,EUR,1151.88,2022-11-11,2,Sword & Shield,sword-shield,silver-tempest,70,3898,https://images.tcggo.com/tcggo/storage/3923/phione-sit-45-silver-tempest-pokemon.png,https://www.tcggo.com/external/cm/3898,https://www.tcggo.com/external/tcgplayer/3898,Phione,Phione 45,,0.07,0.08,2995,EUR,[],,,,,,,,,,,0.02,0.02,0.02,0.02,0.02,0.02,0.02,0.02,0.02,0.02,,,,,,,,,,,,,,,,,,,,,,,,,,,,,,,,,,,,,,,,,,,,EUR,0.27,0.15,rare,phione,Pokémon,https://www.tcggo.com/pokemon/silver-tempest/phione-45,swsh12-45,451687,singles,
2026-08-23T17:19:56+02:00,,460,Atsushi Furusawa,atsushi-furusawa,SIT 46,46,682093,195,215,SIT,Pokémon,pokemon,24,https://images.tcggo.com/tcggo/storage/3877/silver-tempest-logo.png,Silver Tempest,EUR,1099.33,EUR,1151.88,2022-11-11,2,Sword & Shield,sword-shield,silver-tempest,120,3899,https://images.tcggo.com/tcggo/storage/3924/keldeo-sit-46-silver-tempest-pokemon.png,https://www.tcggo.com/external/cm/3899,https://www.tcggo.com/external/tcgplayer/3899,Keldeo,Keldeo 46,,0.07,0.09,4095,EUR,[],,,,,,,,,,,0.02,0.02,0.02,0.02,0.02,0.02,0.02,0.02,0.02,0.02,,,,,,,,,,,,,,,,,,,,,,,,,,,,,,,,,,,,,,,,,,,,EUR,0.26,0.13,rare,keldeo,Pokémon,https://www.tcggo.com/pokemon/silver-tempest/keldeo-46,swsh12-46,451690,singles,
2026-08-23T17:19:56+02:00,,362,Naoyo Kimura,naoyo-kimura,SIT 47,47,682094,195,215,SIT,Pokémon,pokemon,24,https://images.tcggo.com/tcggo/storage/3877/silver-tempest-logo.png,Silver Tempest,EUR,1099.33,EUR,1151.88,2022-11-11,2,Sword & Shield,sword-shield,silver-tempest,60,3900,https://images.tcggo.com/tcggo/storage/3925/dewpider-sit-47-silver-tempest-pokemon.png,https://www.tcggo.com/external/cm/3900,https://www.tcggo.com/external/tcgplayer/3900,Dewpider,Dewpider 47,,0.03,0.03,9803,EUR,[],,,,,,,,,,,0.03,0.02,0.02,0.02,0.02,0.02,0.02,0.02,0.02,0.02,,,,,,,,,,,,,,,,,,,,,,,,,,,,,,,,,,,,,,,,,,,,EUR,0.18,0.09,Common,dewpider,Pokémon,https://www.tcggo.com/pokemon/silver-tempest/dewpider-47,swsh12-47,451694,singles,
2026-08-23T17:19:56+02:00,,429,DOM,dom,SIT 48,48,682095,195,215,SIT,Pokémon,pokemon,24,https://images.tcggo.com/tcggo/storage/3877/silver-tempest-logo.png,Silver Tempest,EUR,1099.33,EUR,1151.88,2022-11-11,2,Sword & Shield,sword-shield,silver-tempest,120,3901,https://images.tcggo.com/tcggo/storage/3926/araquanid-sit-48-silver-tempest-pokemon.png,https://www.tcggo.com/external/cm/3901,https://www.tcggo.com/external/tcgplayer/3901,Araquanid,Araquanid 48,,0.03,0.03,6071,EUR,[],,,,,,,,,,,0.02,0.02,0.02,0.02,0.02,0.02,0.02,0.02,0.02,0.02,,,,,,,,,,,,,,,,,,,,,,,,,,,,,,,,,,,,,,,,,,,,EUR,0.14,0.11,Uncommon,araquanid,Pokémon,https://www.tcggo.com/pokemon/silver-tempest/araquanid-48,swsh12-48,451696,singles,
2026-08-23T17:19:56+02:00,,377,Souichirou Gunjima,souichirou-gunjima,SIT 49,49,682096,195,215,SIT,Pokémon,pokemon,24,https://images.tcggo.com/tcggo/storage/3877/silver-tempest-logo.png,Silver Tempest,EUR,1099.33,EUR,1151.88,2022-11-11,2,Sword & Shield,sword-shield,silver-tempest,70,3902,https://images.tcggo.com/tcggo/storage/3927/pikachu-sit-49-silver-tempest-pokemon.png,https://www.tcggo.com/external/cm/3902,https://www.tcggo.com/external/tcgplayer/3902,Pikachu,Pikachu 49,,0.13,0.17,6871,EUR,[],,,,,,,,,,,0.02,0.02,0.02,0.02,0.02,0.02,0.02,0.02,0.02,0.02,,,,,,,,,,,,,,,,,,,,,,,,,,,,,,,,,,,,,,,,,,,,EUR,1.56,0.23,Common,pikachu,Pokémon,https://www.tcggo.com/pokemon/silver-tempest/pikachu-49,swsh12-49,451703,singles,
2026-08-23T17:19:56+02:00,,520,Megumi Mizutani,megumi-mizutani,SIT 50,50,682097,195,215,SIT,Pokémon,pokemon,24,https://images.tcggo.com/tcggo/storage/3877/silver-tempest-logo.png,Silver Tempest,EUR,1099.33,EUR,1151.88,2022-11-11,2,Sword & Shield,sword-shield,silver-tempest,120,3903,https://images.tcggo.com/tcggo/storage/21377/raichu-sit-50-silver-tempest.png,https://www.tcggo.com/external/cm/3903,https://www.tcggo.com/external/tcgplayer/3903,Raichu,Raichu 50,,0.1,0.13,4411,EUR,[],,,,,,,,,,,0.02,0.02,0.02,0.02,0.02,0.02,0.02,0.02,0.02,0.02,,,,,,,,,,,,,,,,,,,,,,,,,,,,,,,,,,,,,,,,,,,,EUR,0.26,0.16,Uncommon,raichu,Pokémon,https://www.tcggo.com/pokemon/silver-tempest/raichu-50,swsh12-50,451704,singles,
2026-08-23T17:19:56+02:00,,438,Miki Tanaka,miki-tanaka,SIT 51,51,682098,195,215,SIT,Pokémon,pokemon,24,https://images.tcggo.com/tcggo/storage/3877/silver-tempest-logo.png,Silver Tempest,EUR,1099.33,EUR,1151.88,2022-11-11,2,Sword & Shield,sword-shield,silver-tempest,60,3904,https://images.tcggo.com/tcggo/storage/21378/chinchou-sit-51-silver-tempest.png,https://www.tcggo.com/external/cm/3904,https://www.tcggo.com/external/tcgplayer/3904,Chinchou,Chinchou 51,,0.03,0.03,9753,EUR,[],,,,,,,,,,,0.02,0.02,0.02,0.02,0.02,0.02,0.02,0.02,0.02,0.02,,,,,,,,,,,,,,,,,,,,,,,,,,,,,,,,,,,,,,,,,,,,EUR,0.2,0.09,Common,chinchou,Pokémon,https://www.tcggo.com/pokemon/silver-tempest/chinchou-51,swsh12-51,451705,singles,
2026-08-23T17:19:56+02:00,,529,aoki,aoki,SIT 52,52,682099,195,215,SIT,Pokémon,pokemon,24,https://images.tcggo.com/tcggo/storage/3877/silver-tempest-logo.png,Silver Tempest,EUR,1099.33,EUR,1151.88,2022-11-11,2,Sword & Shield,sword-shield,silver-tempest,120,3905,https://images.tcggo.com/tcggo/storage/3928/lanturn-sit-52-silver-tempest-pokemon.png,https://www.tcggo.com/external/cm/3905,https://www.tcggo.com/external/tcgplayer/3905,Lanturn,Lanturn 52,,0.03,0.03,6106,EUR,[],,,,,,,,,,,0.02,0.02,0.02,0.02,0.02,0.02,0.02,0.02,0.02,0.02,,,,,,,,,,,,,,,,,,,,,,,,,,,,,,,,,,,,,,,,,,,,EUR,0.16,0.1,Uncommon,lanturn,Pokémon,https://www.tcggo.com/pokemon/silver-tempest/lanturn-52,swsh12-52,451707,singles,
2026-08-23T17:19:56+02:00,,398,Taira Akitsu,taira-akitsu,SIT 53,53,682100,195,215,SIT,Pokémon,pokemon,24,https://images.tcggo.com/tcggo/storage/3877/silver-tempest-logo.png,Silver Tempest,EUR,1099.33,EUR,1151.88,2022-11-11,2,Sword & Shield,sword-shield,silver-tempest,80,3906,https://images.tcggo.com/tcggo/storage/3929/rotom-sit-53-silver-tempest-pokemon.png,https://www.tcggo.com/external/cm/3906,https://www.tcggo.com/external/tcgplayer/3906,Rotom,Rotom 53,,0.03,0.03,10888,EUR,[],,,,,,,,,,,0.03,0.02,0.02,0.02,0.02,0.02,0.02,0.02,0.02,0.02,,,,,,,,,,,,,,,,,,,,,,,,,,,,,,,,,,,,,,,,,,,,EUR,0.14,0.09,Common,rotom,Pokémon,https://www.tcggo.com/pokemon/silver-tempest/rotom-53,swsh12-53,451709,singles,
2026-08-23T17:19:56+02:00,,381,sowsow,sowsow,SIT 54,54,682101,195,215,SIT,Pokémon,pokemon,24,https://images.tcggo.com/tcggo/storage/3877/silver-tempest-logo.png,Silver Tempest,EUR,1099.33,EUR,1151.88,2022-11-11,2,Sword & Shield,sword-shield,silver-tempest,70,3907,https://images.tcggo.com/tcggo/storage/3930/emolga-sit-54-silver-tempest-pokemon.png,https://www.tcggo.com/external/cm/3907,https://www.tcggo.com/external/tcgplayer/3907,Emolga,Emolga 54,,0.03,0.03,13029,EUR,[],,,,,,,,,,,0.02,0.02,0.02,0.02,0.02,0.02,0.02,0.02,0.02,0.02,,,,,,,,,,,,,,,,,,,,,,,,,,,,,,,,,,,,,,,,,,,,EUR,0.35,0.1,Common,emolga,Pokémon,https://www.tcggo.com/pokemon/silver-tempest/emolga-54,swsh12-54,451710,singles,
2026-08-23T17:19:56+02:00,,421,Shinji Kanda,shinji-kanda,SIT 55,55,682102,195,215,SIT,Pokémon,pokemon,24,https://images.tcggo.com/tcggo/storage/3877/silver-tempest-logo.png,Silver Tempest,EUR,1099.33,EUR,1151.88,2022-11-11,2,Sword & Shield,sword-shield,silver-tempest,110,3908,https://images.tcggo.com/tcggo/storage/3931/stunfisk-sit-55-silver-tempest-pokemon.png,https://www.tcggo.com/external/cm/3908,https://www.tcggo.com/external/tcgplayer/3908,Stunfisk,Stunfisk 55,,0.05,0.04,8848,EUR,[],,,,,,,,,,,0.02,0.02,0.02,0.02,0.02,0.02,0.02,0.02,0.02,0.02,,,,,,,,,,,,,,,,,,,,,,,,,,,,,,,,,,,,,,,,,,,,EUR,0.24,0.13,Common,stunfisk,Pokémon,https://www.tcggo.com/pokemon/silver-tempest/stunfisk-55,swsh12-55,451711,singles,
2026-08-23T17:19:56+02:00,,373,GOSSAN,gossan,SIT 56,56,682103,195,215,SIT,Pokémon,pokemon,24,https://images.tcggo.com/tcggo/storage/3877/silver-tempest-logo.png,Silver Tempest,EUR,1099.33,EUR,1151.88,2022-11-11,2,Sword & Shield,sword-shield,silver-tempest,110,3909,https://images.tcggo.com/tcggo/storage/3932/zeraora-sit-56-silver-tempest-pokemon.png,https://www.tcggo.com/external/cm/3909,https://www.tcggo.com/external/tcgplayer/3909,Zeraora,Zeraora 56,,0.1,0.09,3688,EUR,[],,,,,,,,,,,0.03,0.02,0.02,0.02,0.02,0.02,0.02,0.02,0.02,0.02,,,,,,,,,,,,,,,,,,,,,,,,,,,,,,,,,,,,,,,,,,,,EUR,0.32,0.16,rare,zeraora,Pokémon,https://www.tcggo.com/pokemon/silver-tempest/zeraora-56,swsh12-56,451712,singles,
2026-08-23T17:19:56+02:00,,457,Eske Yoshinob,eske-yoshinob,SIT 57,57,682104,195,215,SIT,Pokémon,pokemon,24,https://images.tcggo.com/tcggo/storage/3877/silver-tempest-logo.png,Silver Tempest,EUR,1099.33,EUR,1151.88,2022-11-11,2,Sword & Shield,sword-shield,silver-tempest,200,3910,https://images.tcggo.com/tcggo/storage/3933/regieleki-v-sit-57-silver-tempest-pokemon.png,https://www.tcggo.com/external/cm/3910,https://www.tcggo.com/external/tcgplayer/3910,Regieleki V,Regieleki V 57,,0.66,0.61,2273,EUR,[],,,,,,,,,,,0.1,0.4,0.4,0.3,0.3,0.1,0.4,0.5,0.19,0.19,,,,,,,,,,,,,,,,,,,,,,,,,,,,,,,,,,,,,,,,,,,,EUR,0.64,0.85,Rare Holo V,regieleki-v,Pokémon,https://www.tcggo.com/pokemon/silver-tempest/regieleki-v-57,swsh12-57,451713,singles,
2026-08-23T17:19:56+02:00,,489,N-DESIGN Inc.,n-design-inc,SIT 58,58,682105,195,215,SIT,Pokémon,pokemon,24,https://images.tcggo.com/tcggo/storage/3877/silver-tempest-logo.png,Silver Tempest,EUR,1099.33,EUR,1151.88,2022-11-11,2,Sword & Shield,sword-shield,silver-tempest,310,3911,https://images.tcggo.com/tcggo/storage/3934/regieleki-vmax-sit-58-silver-tempest-pokemon.png,https://www.tcggo.com/external/cm/3911,https://www.tcggo.com/external/tcgplayer/3911,Regieleki VMAX,Regieleki VMAX 58,,0.94,0.99,1385,EUR,[],,,,,,,,,,,0.28,0.59,0.59,0.7,0.7,0.28,0.85,0.85,0.2,0.45,,,,,,,,,,,,,,,,,,,,,,,,,,,,,,,,,,,,,,,,,,,,EUR,1.16,1.47,Rare Holo VMAX,regieleki-vmax,Pokémon,https://www.tcggo.com/pokemon/silver-tempest/regieleki-vmax-58,swsh12-58,450293,singles,
2026-08-23T17:19:56+02:00,,426,Akira Komayama,akira-komayama,SIT 59,59,682106,195,215,SIT,Pokémon,pokemon,24,https://images.tcggo.com/tcggo/storage/3877/silver-tempest-logo.png,Silver Tempest,EUR,1099.33,EUR,1151.88,2022-11-11,2,Sword & Shield,sword-shield,silver-tempest,130,3912,https://images.tcggo.com/tcggo/storage/3935/radiant-alakazam-sit-59-silver-tempest-pokemon.png,https://www.tcggo.com/external/cm/3912,https://www.tcggo.com/external/tcgplayer/3912,Radiant Alakazam,Radiant Alakazam 59,,1.2,1.14,1111,EUR,[],,,,,,,,,,,0.45,0.5,0.5,0.75,0.75,0.45,1,1,0.3,0.3,,,,,,,,,,,,,,,,,,,,,,,,,,,,,,,,,,,,,,,,,,,,EUR,1.72,1.15,Radiant Rare,radiant-alakazam,Pokémon,https://www.tcggo.com/pokemon/silver-tempest/radiant-alakazam-59,swsh12-59,451394,singles,
2026-08-23T17:19:56+02:00,,377,Souichirou Gunjima,souichirou-gunjima,SIT 60,60,682107,195,215,SIT,Pokémon,pokemon,24,https://images.tcggo.com/tcggo/storage/3877/silver-tempest-logo.png,Silver Tempest,EUR,1099.33,EUR,1151.88,2022-11-11,2,Sword & Shield,sword-shield,silver-tempest,70,3913,https://images.tcggo.com/tcggo/storage/3936/drowzee-sit-60-silver-tempest-pokemon.png,https://www.tcggo.com/external/cm/3913,https://www.tcggo.com/external/tcgplayer/3913,Drowzee,Drowzee 60,,0.04,0.03,8554,EUR,[],,,,,,,,,,,0.02,0.02,0.02,0.02,0.02,0.02,0.02,0.02,0.02,0.02,,,,,,,,,,,,,,,,,,,,,,,,,,,,,,,,,,,,,,,,,,,,EUR,0.39,0.11,Common,drowzee,Pokémon,https://www.tcggo.com/pokemon/silver-tempest/drowzee-60,swsh12-60,451714,singles,
2026-08-23T17:19:56+02:00,,421,Shinji Kanda,shinji-kanda,SIT 61,61,682108,195,215,SIT,Pokémon,pokemon,24,https://images.tcggo.com/tcggo/storage/3877/silver-tempest-logo.png,Silver Tempest,EUR,1099.33,EUR,1151.88,2022-11-11,2,Sword & Shield,sword-shield,silver-tempest,110,3914,https://images.tcggo.com/tcggo/storage/3937/hypno-sit-61-silver-tempest-pokemon.png,https://www.tcggo.com/external/cm/3914,https://www.tcggo.com/external/tcgplayer/3914,Hypno,Hypno 61,,0.07,0.08,3823,EUR,[],,,,,,,,,,,0.02,0.02,0.02,0.02,0.02,0.02,0.02,0.02,0.02,0.02,,,,,,,,,,,,,,,,,,,,,,,,,,,,,,,,,,,,,,,,,,,,EUR,1.21,0.14,Uncommon,hypno,Pokémon,https://www.tcggo.com/pokemon/silver-tempest/hypno-61,swsh12-61,451715,singles,
2026-08-23T17:19:56+02:00,,441,Tomokazu Komiya,tomokazu-komiya,SIT 62,62,682109,195,215,SIT,Pokémon,pokemon,24,https://images.tcggo.com/tcggo/storage/3877/silver-tempest-logo.png,Silver Tempest,EUR,1099.33,EUR,1151.88,2022-11-11,2,Sword & Shield,sword-shield,silver-tempest,100,3915,https://images.tcggo.com/tcggo/storage/3938/jynx-sit-62-silver-tempest-pokemon.png,https://www.tcggo.com/external/cm/3915,https://www.tcggo.com/external/tcgplayer/3915,Jynx,Jynx 62,,0.05,0.04,5129,EUR,[],,,,,,,,,,,0.02,0.02,0.02,0.02,0.02,0.02,0.02,0.02,0.02,0.02,,,,,,,,,,,,,,,,,,,,,,,,,,,,,,,,,,,,,,,,,,,,EUR,0.28,0.13,Uncommon,jynx,Pokémon,https://www.tcggo.com/pokemon/silver-tempest/jynx-62,swsh12-62,451716,singles,
2026-08-23T17:19:56+02:00,,359,HYOGONOSUKE,hyogonosuke,SIT 63,63,682110,195,215,SIT,Pokémon,pokemon,24,https://images.tcggo.com/tcggo/storage/3877/silver-tempest-logo.png,Silver Tempest,EUR,1099.33,EUR,1151.88,2022-11-11,2,Sword & Shield,sword-shield,silver-tempest,60,3916,https://images.tcggo.com/tcggo/storage/3939/misdreavus-sit-63-silver-tempest-pokemon.png,https://www.tcggo.com/external/cm/3916,https://www.tcggo.com/external/tcgplayer/3916,Misdreavus,Misdreavus 63,,0.03,0.03,9611,EUR,[],,,,,,,,,,,0.03,0.02,0.02,0.02,0.02,0.02,0.02,0.02,0.02,0.02,,,,,,,,,,,,,,,,,,,,,,,,,,,,,,,,,,,,,,,,,,,,EUR,0.17,0.09,Common,misdreavus,Pokémon,https://www.tcggo.com/pokemon/silver-tempest/misdreavus-63,swsh12-63,451717,singles,
2026-08-23T17:19:56+02:00,,408,kawayoo,kawayoo,SIT 64,64,682111,195,215,SIT,Pokémon,pokemon,24,https://images.tcggo.com/tcggo/storage/3877/silver-tempest-logo.png,Silver Tempest,EUR,1099.33,EUR,1151.88,2022-11-11,2,Sword & Shield,sword-shield,silver-tempest,90,3917,https://images.tcggo.com/tcggo/storage/3940/mismagius-sit-64-silver-tempest-pokemon.png,https://www.tcggo.com/external/cm/3917,https://www.tcggo.com/external/tcgplayer/3917,Mismagius,Mismagius 64,,0.09,0.11,2872,EUR,[],,,,,,,,,,,0.02,0.02,0.02,0.02,0.02,0.02,0.02,0.02,0.02,0.02,,,,,,,,,,,,,,,,,,,,,,,,,,,,,,,,,,,,,,,,,,,,EUR,0.31,0.16,rare,mismagius,Pokémon,https://www.tcggo.com/pokemon/silver-tempest/mismagius-64,swsh12-64,451718,singles,
2026-08-23T17:19:56+02:00,,489,N-DESIGN Inc.,n-design-inc,SIT 65,65,682112,195,215,SIT,Pokémon,pokemon,24,https://images.tcggo.com/tcggo/storage/3877/silver-tempest-logo.png,Silver Tempest,EUR,1099.33,EUR,1151.88,2022-11-11,2,Sword & Shield,sword-shield,silver-tempest,180,3918,https://images.tcggo.com/tcggo/storage/3941/unown-v-sit-65-silver-tempest-pokemon.png,https://www.tcggo.com/external/cm/3918,https://www.tcggo.com/external/tcgplayer/3918,Unown V,Unown V 65,,0.92,0.98,1340,EUR,[],,,,,,,,,,,0.4,0.39,0.4,0.5,0.5,0.4,0.8,0.8,0.15,0.15,,,,,,,,,,,,,,,,,,,,,,,,,,,,,,,,,,,,,,,,,,,,EUR,0.93,0.85,Rare Holo V,unown-v,Pokémon,https://www.tcggo.com/pokemon/silver-tempest/unown-v-65,swsh12-65,451719,singles,
2026-08-23T17:19:56+02:00,,384,PLANETA Mochizuki,planeta-mochizuki,SIT 66,66,682113,195,215,SIT,Pokémon,pokemon,24,https://images.tcggo.com/tcggo/storage/3877/silver-tempest-logo.png,Silver Tempest,EUR,1099.33,EUR,1151.88,2022-11-11,2,Sword & Shield,sword-shield,silver-tempest,250,3919,https://images.tcggo.com/tcggo/storage/3942/unown-vstar-sit-66-silver-tempest-pokemon.png,https://www.tcggo.com/external/cm/3919,https://www.tcggo.com/external/tcgplayer/3919,Unown VSTAR,Unown VSTAR 66,,1.34,1.55,691,EUR,[],,,,,,,,,,,0.5,0.9,0.9,1.75,1.75,0.5,1.3,1.3,0.25,0.25,,,,,,,,,,,,,,,,,,,,,,,,,,,,,,,,,,,,,,,,,,,,EUR,1.46,1.49,Rare Holo VSTAR,unown-vstar,Pokémon,https://www.tcggo.com/pokemon/silver-tempest/unown-vstar-66,swsh12-66,451720,singles,
2026-08-23T17:19:56+02:00,,534,Nagomi Nijo,nagomi-nijo,SIT 67,67,682114,195,215,SIT,Pokémon,pokemon,24,https://images.tcggo.com/tcggo/storage/3877/silver-tempest-logo.png,Silver Tempest,EUR,1099.33,EUR,1151.88,2022-11-11,2,Sword & Shield,sword-shield,silver-tempest,60,3920,https://images.tcggo.com/tcggo/storage/3943/ralts-sit-67-silver-tempest-pokemon.png,https://www.tcggo.com/external/cm/3920,https://www.tcggo.com/external/tcgplayer/3920,Ralts,Ralts 67,,0.03,0.04,14674,EUR,[],,,,,,,,,,,0.02,0.02,0.02,0.02,0.02,0.02,0.02,0.02,0.02,0.02,,,,,,,,,,,,,,,,,,,,,,,,,,,,,,,,,,,,,,,,,,,,EUR,0.21,0.13,Common,ralts,Pokémon,https://www.tcggo.com/pokemon/silver-tempest/ralts-67,swsh12-67,451721,singles,
2026-08-23T17:19:56+02:00,,425,Yukiko Baba,yukiko-baba,SIT 68,68,682115,195,215,SIT,Pokémon,pokemon,24,https://images.tcggo.com/tcggo/storage/3877/silver-tempest-logo.png,Silver Tempest,EUR,1099.33,EUR,1151.88,2022-11-11,2,Sword & Shield,sword-shield,silver-tempest,80,3921,https://images.tcggo.com/tcggo/storage/3944/kirlia-sit-68-silver-tempest-pokemon.png,https://www.tcggo.com/external/cm/3921,https://www.tcggo.com/external/tcgplayer/3921,Kirlia,Kirlia 68,,0.07,0.14,4943,EUR,[],,,,,,,,,,,0.02,0.02,0.02,0.02,0.02,0.02,0.02,0.02,0.02,0.02,,,,,,,,,,,,,,,,,,,,,,,,,,,,,,,,,,,,,,,,,,,,EUR,0.34,0.17,Uncommon,kirlia,Pokémon,https://www.tcggo.com/pokemon/silver-tempest/kirlia-68,swsh12-68,451722,singles,
2026-08-23T17:19:56+02:00,,375,Mitsuhiro Arita,mitsuhiro-arita,SIT 69,69,682116,195,215,SIT,Pokémon,pokemon,24,https://images.tcggo.com/tcggo/storage/3877/silver-tempest-logo.png,Silver Tempest,EUR,1099.33,EUR,1151.88,2022-11-11,2,Sword & Shield,sword-shield,silver-tempest,150,3922,https://images.tcggo.com/tcggo/storage/3945/gardevoir-sit-69-silver-tempest-pokemon.png,https://www.tcggo.com/external/cm/3922,https://www.tcggo.com/external/tcgplayer/3922,Gardevoir,Gardevoir 69,,0.12,0.12,4561,EUR,[],,,,,,,,,,,0.02,0.05,0.05,0.02,0.02,0.02,0.02,0.02,0.02,0.02,,,,,,,,,,,,,,,,,,,,,,,,,,,,,,,,,,,,,,,,,,,,EUR,0.52,0.2,rare,gardevoir,Pokémon,https://www.tcggo.com/pokemon/silver-tempest/gardevoir-69,swsh12-69,451723,singles,
2026-08-23T17:19:56+02:00,,490,takuyoa,takuyoa,SIT 70,70,682117,195,215,SIT,Pokémon,pokemon,24,https://images.tcggo.com/tcggo/storage/3877/silver-tempest-logo.png,Silver Tempest,EUR,1099.33,EUR,1151.88,2022-11-11,2,Sword & Shield,sword-shield,silver-tempest,200,3923,https://images.tcggo.com/tcggo/storage/3946/mawile-v-sit-70-silver-tempest-pokemon.png,https://www.tcggo.com/external/cm/3923,https://www.tcggo.com/external/tcgplayer/3923,Mawile V,Mawile V 70,,0.7,0.71,1689,EUR,[],,,,,,,,,,,0.2,0.3,0.3,0.45,0.45,0.2,0.5,0.5,0.1,0.1,,,,,,,,,,,,,,,,,,,,,,,,,,,,,,,,,,,,,,,,,,,,EUR,0.68,0.85,Rare Holo V,mawile-v,Pokémon,https://www.tcggo.com/pokemon/silver-tempest/mawile-v-70,swsh12-70,451724,singles,
2026-08-23T17:19:56+02:00,,384,PLANETA Mochizuki,planeta-mochizuki,SIT 71,71,682118,195,215,SIT,Pokémon,pokemon,24,https://images.tcggo.com/tcggo/storage/3877/silver-tempest-logo.png,Silver Tempest,EUR,1099.33,EUR,1151.88,2022-11-11,2,Sword & Shield,sword-shield,silver-tempest,260,3924,https://images.tcggo.com/tcggo/storage/3947/mawile-vstar-sit-71-silver-tempest-pokemon.png,https://www.tcggo.com/external/cm/3924,https://www.tcggo.com/external/tcgplayer/3924,Mawile VSTAR,Mawile VSTAR 71,,0.99,0.99,1017,EUR,[],,,,,,,,,,,0.45,0.5,0.5,0.8,0.8,0.45,0.9,1,0.2,0.2,,,,,,,,,,,,,,,,,,,,,,,,,,,,,,,,,,,,,,,,,,,,EUR,0.96,1.23,Rare Holo VSTAR,mawile-vstar,Pokémon,https://www.tcggo.com/pokemon/silver-tempest/mawile-vstar-71,swsh12-71,451725,singles,
2026-08-23T17:19:56+02:00,,535,Jiro Sasumo,jiro-sasumo,SIT 72,72,682119,195,215,SIT,Pokémon,pokemon,24,https://images.tcggo.com/tcggo/storage/3877/silver-tempest-logo.png,Silver Tempest,EUR,1099.33,EUR,1151.88,2022-11-11,2,Sword & Shield,sword-shield,silver-tempest,60,3925,https://images.tcggo.com/tcggo/storage/3949/meditite-sit-72-silver-tempest-pokemon.png,https://www.tcggo.com/external/cm/3925,https://www.tcggo.com/external/tcgplayer/3925,Meditite,Meditite 72,,0.03,0.03,9837,EUR,[],,,,,,,,,,,0.03,0.02,0.02,0.02,0.02,0.02,0.02,0.02,0.02,0.02,,,,,,,,,,,,,,,,,,,,,,,,,,,,,,,,,,,,,,,,,,,,EUR,0.14,0.09,Common,meditite,Pokémon,https://www.tcggo.com/pokemon/silver-tempest/meditite-72,swsh12-72,451726,singles,
2026-08-23T17:19:56+02:00,,435,Aya Kusube,aya-kusube,SIT 73,73,682120,195,215,SIT,Pokémon,pokemon,24,https://images.tcggo.com/tcggo/storage/3877/silver-tempest-logo.png,Silver Tempest,EUR,1099.33,EUR,1151.88,2022-11-11,2,Sword & Shield,sword-shield,silver-tempest,120,3926,https://images.tcggo.com/tcggo/storage/3948/medicham-sit-73-silver-tempest-pokemon.png,https://www.tcggo.com/external/cm/3926,https://www.tcggo.com/external/tcgplayer/3926,Medicham,Medicham 73,,0.17,0.16,3134,EUR,[],,,,,,,,,,,0.02,0.05,0.05,0.02,0.02,0.02,0.04,0.04,0.02,0.02,,,,,,,,,,,,,,,,,,,,,,,,,,,,,,,,,,,,,,,,,,,,EUR,0.21,0.17,Rare Holo,medicham,Pokémon,https://www.tcggo.com/pokemon/silver-tempest/medicham-73,swsh12-73,451727,singles,
2026-08-23T17:19:56+02:00,,362,Naoyo Kimura,naoyo-kimura,SIT 74,74,682121,195,215,SIT,Pokémon,pokemon,24,https://images.tcggo.com/tcggo/storage/3877/silver-tempest-logo.png,Silver Tempest,EUR,1099.33,EUR,1151.88,2022-11-11,2,Sword & Shield,sword-shield,silver-tempest,70,3927,https://images.tcggo.com/tcggo/storage/3950/chimecho-sit-74-silver-tempest-pokemon.png,https://www.tcggo.com/external/cm/3927,https://www.tcggo.com/external/tcgplayer/3927,Chimecho,Chimecho 74,,0.03,0.03,9218,EUR,[],,,,,,,,,,,0.03,0.02,0.02,0.02,0.02,0.02,0.02,0.02,0.02,0.02,,,,,,,,,,,,,,,,,,,,,,,,,,,,,,,,,,,,,,,,,,,,EUR,0.21,0.09,Common,chimecho,Pokémon,https://www.tcggo.com/pokemon/silver-tempest/chimecho-74,swsh12-74,451728,singles,
2026-08-23T17:19:56+02:00,,491,Yuya Oka,yuya-oka,SIT 75,75,682122,195,215,SIT,Pokémon,pokemon,24,https://images.tcggo.com/tcggo/storage/3877/silver-tempest-logo.png,Silver Tempest,EUR,1099.33,EUR,1151.88,2022-11-11,2,Sword & Shield,sword-shield,silver-tempest,100,3928,https://images.tcggo.com/tcggo/storage/3951/sigilyph-sit-75-silver-tempest-pokemon.png,https://www.tcggo.com/external/cm/3928,https://www.tcggo.com/external/tcgplayer/3928,Sigilyph,Sigilyph 75,,0.03,0.03,5453,EUR,[],,,,,,,,,,,0.02,0.02,0.02,0.02,0.02,0.02,0.02,0.02,0.02,0.02,,,,,,,,,,,,,,,,,,,,,,,,,,,,,,,,,,,,,,,,,,,,EUR,0.26,0.1,Uncommon,sigilyph,Pokémon,https://www.tcggo.com/pokemon/silver-tempest/sigilyph-75,swsh12-75,451729,singles,
2026-08-23T17:19:56+02:00,,407,Ligton,ligton,SIT 76,76,682123,195,215,SIT,Pokémon,pokemon,24,https://images.tcggo.com/tcggo/storage/3877/silver-tempest-logo.png,Silver Tempest,EUR,1099.33,EUR,1151.88,2022-11-11,2,Sword & Shield,sword-shield,silver-tempest,40,3929,https://images.tcggo.com/tcggo/storage/3952/solosis-sit-76-silver-tempest-pokemon.png,https://www.tcggo.com/external/cm/3929,https://www.tcggo.com/external/tcgplayer/3929,Solosis,Solosis 76,,0.03,0.03,9471,EUR,[],,,,,,,,,,,0.03,0.02,0.02,0.02,0.02,0.02,0.02,0.02,0.02,0.02,,,,,,,,,,,,,,,,,,,,,,,,,,,,,,,,,,,,,,,,,,,,EUR,0.15,0.09,Common,solosis,Pokémon,https://www.tcggo.com/pokemon/silver-tempest/solosis-76,swsh12-76,451730,singles,
2026-08-23T17:19:56+02:00,,516,Pani Kobayashi,pani-kobayashi,SIT 77,77,682124,195,215,SIT,Pokémon,pokemon,24,https://images.tcggo.com/tcggo/storage/3877/silver-tempest-logo.png,Silver Tempest,EUR,1099.33,EUR,1151.88,2022-11-11,2,Sword & Shield,sword-shield,silver-tempest,70,3930,https://images.tcggo.com/tcggo/storage/3953/duosion-sit-77-silver-tempest-pokemon.png,https://www.tcggo.com/external/cm/3930,https://www.tcggo.com/external/tcgplayer/3930,Duosion,Duosion 77,,0.04,0.03,5983,EUR,[],,,,,,,,,,,0.02,0.02,0.02,0.02,0.02,0.02,0.02,0.02,0.02,0.02,,,,,,,,,,,,,,,,,,,,,,,,,,,,,,,,,,,,,,,,,,,,EUR,0.21,0.12,Uncommon,duosion,Pokémon,https://www.tcggo.com/pokemon/silver-tempest/duosion-77,swsh12-77,451731,singles,
2026-08-23T17:19:56+02:00,,488,Masakazu Fukuda,masakazu-fukuda,SIT 78,78,682125,195,215,SIT,Pokémon,pokemon,24,https://images.tcggo.com/tcggo/storage/3877/silver-tempest-logo.png,Silver Tempest,EUR,1099.33,EUR,1151.88,2022-11-11,2,Sword & Shield,sword-shield,silver-tempest,120,3931,https://images.tcggo.com/tcggo/storage/3954/reuniclus-sit-78-silver-tempest-pokemon.png,https://www.tcggo.com/external/cm/3931,https://www.tcggo.com/external/tcgplayer/3931,Reuniclus,Reuniclus 78,,0.17,0.12,2612,EUR,[],,,,,,,,,,,0.02,0.02,0.02,0.08,0.08,0.02,0.1,0.1,0.02,0.02,,,,,,,,,,,,,,,,,,,,,,,,,,,,,,,,,,,,,,,,,,,,EUR,0.32,0.21,Rare Holo,reuniclus,Pokémon,https://www.tcggo.com/pokemon/silver-tempest/reuniclus-78,swsh12-78,451732,singles,
2026-08-23T17:19:56+02:00,,437,Shigenori Negishi,shigenori-negishi,SIT 79,79,682126,195,215,SIT,Pokémon,pokemon,24,https://images.tcggo.com/tcggo/storage/3877/silver-tempest-logo.png,Silver Tempest,EUR,1099.33,EUR,1151.88,2022-11-11,2,Sword & Shield,sword-shield,silver-tempest,60,3932,https://images.tcggo.com/tcggo/storage/3955/elgyem-sit-79-silver-tempest-pokemon.png,https://www.tcggo.com/external/cm/3932,https://www.tcggo.com/external/tcgplayer/3932,Elgyem,Elgyem 79,,0.03,0.03,8684,EUR,[],,,,,,,,,,,0.03,0.02,0.02,0.02,0.02,0.02,0.02,0.02,0.02,0.02,,,,,,,,,,,,,,,,,,,,,,,,,,,,,,,,,,,,,,,,,,,,EUR,0.23,0.09,Common,elgyem,Pokémon,https://www.tcggo.com/pokemon/silver-tempest/elgyem-79,swsh12-79,451733,singles,
2026-08-23T17:19:56+02:00,,421,Shinji Kanda,shinji-kanda,SIT 80,80,682127,195,215,SIT,Pokémon,pokemon,24,https://images.tcggo.com/tcggo/storage/3877/silver-tempest-logo.png,Silver Tempest,EUR,1099.33,EUR,1151.88,2022-11-11,2,Sword & Shield,sword-shield,silver-tempest,90,3933,https://images.tcggo.com/tcggo/storage/3956/beheeyem-sit-80-silver-tempest-pokemon.png,https://www.tcggo.com/external/cm/3933,https://www.tcggo.com/external/tcgplayer/3933,Beheeyem,Beheeyem 80,,0.07,0.08,4312,EUR,[],,,,,,,,,,,0.02,0.02,0.02,0.02,0.02,0.02,0.02,0.02,0.02,0.02,,,,,,,,,,,,,,,,,,,,,,,,,,,,,,,,,,,,,,,,,,,,EUR,0.51,0.13,Uncommon,beheeyem,Pokémon,https://www.tcggo.com/pokemon/silver-tempest/beheeyem-80,swsh12-80,451734,singles,
2026-08-23T17:19:56+02:00,,427,Asako Ito,asako-ito,SIT 81,81,682128,195,215,SIT,Pokémon,pokemon,24,https://images.tcggo.com/tcggo/storage/3877/silver-tempest-logo.png,Silver Tempest,EUR,1099.33,EUR,1151.88,2022-11-11,2,Sword & Shield,sword-shield,silver-tempest,60,3934,https://images.tcggo.com/tcggo/storage/3957/espurr-sit-81-silver-tempest-pokemon.png,https://www.tcggo.com/external/cm/3934,https://www.tcggo.com/external/tcgplayer/3934,Espurr,Espurr 81,,0.04,0.03,8760,EUR,[],,,,,,,,,,,0.03,0.02,0.02,0.02,0.02,0.02,0.02,0.02,0.02,0.02,,,,,,,,,,,,,,,,,,,,,,,,,,,,,,,,,,,,,,,,,,,,EUR,0.39,0.13,Common,espurr,Pokémon,https://www.tcggo.com/pokemon/silver-tempest/espurr-81,swsh12-81,451735,singles,
2026-08-23T17:19:56+02:00,,398,Taira Akitsu,taira-akitsu,SIT 82,82,682129,195,215,SIT,Pokémon,pokemon,24,https://images.tcggo.com/tcggo/storage/3877/silver-tempest-logo.png,Silver Tempest,EUR,1099.33,EUR,1151.88,2022-11-11,2,Sword & Shield,sword-shield,silver-tempest,90,3935,https://images.tcggo.com/tcggo/storage/3958/meowstic-sit-82-silver-tempest-pokemon.png,https://www.tcggo.com/external/cm/3935,https://www.tcggo.com/external/tcgplayer/3935,Meowstic,Meowstic 82,,0.04,0.05,5913,EUR,[],,,,,,,,,,,0.02,0.02,0.02,0.02,0.02,0.02,0.02,0.02,0.02,0.02,,,,,,,,,,,,,,,,,,,,,,,,,,,,,,,,,,,,,,,,,,,,EUR,0.2,0.13,Uncommon,meowstic,Pokémon,https://www.tcggo.com/pokemon/silver-tempest/meowstic-82,swsh12-82,451736,singles,
2026-08-23T17:19:56+02:00,,427,Asako Ito,asako-ito,SIT 83,83,682130,195,215,SIT,Pokémon,pokemon,24,https://images.tcggo.com/tcggo/storage/3877/silver-tempest-logo.png,Silver Tempest,EUR,1099.33,EUR,1151.88,2022-11-11,2,Sword & Shield,sword-shield,silver-tempest,60,3936,https://images.tcggo.com/tcggo/storage/3959/swirlix-sit-83-silver-tempest-pokemon.png,https://www.tcggo.com/external/cm/3936,https://www.tcggo.com/external/tcgplayer/3936,Swirlix,Swirlix 83,,0.04,0.04,9044,EUR,[],,,,,,,,,,,0.02,0.02,0.02,0.02,0.02,0.02,0.02,0.02,0.02,0.02,,,,,,,,,,,,,,,,,,,,,,,,,,,,,,,,,,,,,,,,,,,,EUR,0.38,0.14,Common,swirlix,Pokémon,https://www.tcggo.com/pokemon/silver-tempest/swirlix-83,swsh12-83,451737,singles,
2026-08-23T17:19:56+02:00,,482,Mizue,mizue,SIT 84,84,682131,195,215,SIT,Pokémon,pokemon,24,https://images.tcggo.com/tcggo/storage/3877/silver-tempest-logo.png,Silver Tempest,EUR,1099.33,EUR,1151.88,2022-11-11,2,Sword & Shield,sword-shield,silver-tempest,120,3937,https://images.tcggo.com/tcggo/storage/3960/slurpuff-sit-84-silver-tempest-pokemon.png,https://www.tcggo.com/external/cm/3937,https://www.tcggo.com/external/tcgplayer/3937,Slurpuff,Slurpuff 84,,0.04,0.04,6112,EUR,[],,,,,,,,,,,0.02,0.02,0.02,0.02,0.02,0.02,0.02,0.02,0.02,0.02,,,,,,,,,,,,,,,,,,,,,,,,,,,,,,,,,,,,,,,,,,,,EUR,0.24,0.13,Uncommon,slurpuff,Pokémon,https://www.tcggo.com/pokemon/silver-tempest/slurpuff-84,swsh12-84,451738,singles,
2026-08-23T17:19:56+02:00,,443,Shiburingaru,shiburingaru,SIT 85,85,682132,195,215,SIT,Pokémon,pokemon,24,https://images.tcggo.com/tcggo/storage/3877/silver-tempest-logo.png,Silver Tempest,EUR,1099.33,EUR,1151.88,2022-11-11,2,Sword & Shield,sword-shield,silver-tempest,60,3938,https://images.tcggo.com/tcggo/storage/3961/dedenne-sit-85-silver-tempest-pokemon.png,https://www.tcggo.com/external/cm/3938,https://www.tcggo.com/external/tcgplayer/3938,Dedenne,Dedenne 85,,0.05,0.03,5328,EUR,[],,,,,,,,,,,0.02,0.02,0.02,0.02,0.02,0.02,0.02,0.02,0.02,0.02,,,,,,,,,,,,,,,,,,,,,,,,,,,,,,,,,,,,,,,,,,,,EUR,0.22,0.13,Uncommon,dedenne,Pokémon,https://www.tcggo.com/pokemon/silver-tempest/dedenne-85,swsh12-85,451739,singles,
2026-08-23T17:19:56+02:00,,414,kodama,kodama,SIT 86,86,682133,195,215,SIT,Pokémon,pokemon,24,https://images.tcggo.com/tcggo/storage/3877/silver-tempest-logo.png,Silver Tempest,EUR,1099.33,EUR,1151.88,2022-11-11,2,Sword & Shield,sword-shield,silver-tempest,90,3939,https://images.tcggo.com/tcggo/storage/3962/indeedee-sit-86-silver-tempest-pokemon.png,https://www.tcggo.com/external/cm/3939,https://www.tcggo.com/external/tcgplayer/3939,Indeedee,Indeedee 86,,0.03,0.03,9752,EUR,[],,,,,,,,,,,0.03,0.02,0.02,0.02,0.02,0.02,0.02,0.02,0.02,0.02,,,,,,,,,,,,,,,,,,,,,,,,,,,,,,,,,,,,,,,,,,,,EUR,0.21,0.11,Common,indeedee,Pokémon,https://www.tcggo.com/pokemon/silver-tempest/indeedee-86,swsh12-86,451740,singles,
2026-08-23T17:19:56+02:00,,441,Tomokazu Komiya,tomokazu-komiya,SIT 87,87,682134,195,215,SIT,Pokémon,pokemon,24,https://images.tcggo.com/tcggo/storage/3877/silver-tempest-logo.png,Silver Tempest,EUR,1099.33,EUR,1151.88,2022-11-11,2,Sword & Shield,sword-shield,silver-tempest,60,3940,https://images.tcggo.com/tcggo/storage/3963/dreepy-sit-87-silver-tempest-pokemon.png,https://www.tcggo.com/external/cm/3940,https://www.tcggo.com/external/tcgplayer/3940,Dreepy,Dreepy 87,,0.04,0.03,8887,EUR,[],,,,,,,,,,,0.02,0.02,0.02,0.02,0.02,0.02,0.02,0.02,0.02,0.02,,,,,,,,,,,,,,,,,,,,,,,,,,,,,,,,,,,,,,,,,,,,EUR,0.25,0.14,Common,dreepy,Pokémon,https://www.tcggo.com/pokemon/silver-tempest/dreepy-87,swsh12-87,451741,singles,
2026-08-23T17:19:56+02:00,,493,kurumitsu,kurumitsu,SIT 88,88,682135,195,215,SIT,Pokémon,pokemon,24,https://images.tcggo.com/tcggo/storage/3877/silver-tempest-logo.png,Silver Tempest,EUR,1099.33,EUR,1151.88,2022-11-11,2,Sword & Shield,sword-shield,silver-tempest,90,3941,https://images.tcggo.com/tcggo/storage/3964/drakloak-sit-88-silver-tempest-pokemon.png,https://www.tcggo.com/external/cm/3941,https://www.tcggo.com/external/tcgplayer/3941,Drakloak,Drakloak 88,,0.04,0.04,8744,EUR,[],,,,,,,,,,,0.02,0.02,0.02,0.02,0.02,0.02,0.02,0.02,0.02,0.02,,,,,,,,,,,,,,,,,,,,,,,,,,,,,,,,,,,,,,,,,,,,EUR,0.19,0.11,Uncommon,drakloak,Pokémon,https://www.tcggo.com/pokemon/silver-tempest/drakloak-88,swsh12-88,451742,singles,
2026-08-23T17:19:56+02:00,,385,Teeziro,teeziro,SIT 89,89,682136,195,215,SIT,Pokémon,pokemon,24,https://images.tcggo.com/tcggo/storage/3877/silver-tempest-logo.png,Silver Tempest,EUR,1099.33,EUR,1151.88,2022-11-11,2,Sword & Shield,sword-shield,silver-tempest,150,3942,https://images.tcggo.com/tcggo/storage/3965/dragapult-sit-89-silver-tempest-pokemon.png,https://www.tcggo.com/external/cm/3942,https://www.tcggo.com/external/tcgplayer/3942,Dragapult,Dragapult 89,,0.23,0.22,2646,EUR,[],,,,,,,,,,,0.03,0.04,0.05,0.02,0.02,0.03,0.04,0.04,0.02,0.03,,,,,,,,,,,,,,,,,,,,,,,,,,,,,,,,,,,,,,,,,,,,EUR,0.44,0.21,Rare Holo,dragapult,Pokémon,https://www.tcggo.com/pokemon/silver-tempest/dragapult-89,swsh12-89,451743,singles,
2026-08-23T17:19:56+02:00,,380,5ban Graphics,5ban-graphics,SIT 90,90,682137,195,215,SIT,Pokémon,pokemon,24,https://images.tcggo.com/tcggo/storage/3877/silver-tempest-logo.png,Silver Tempest,EUR,1099.33,EUR,1151.88,2022-11-11,2,Sword & Shield,sword-shield,silver-tempest,230,3943,https://images.tcggo.com/tcggo/storage/3966/hisuian-arcanine-v-sit-90-silver-tempest-pokemon.png,https://www.tcggo.com/external/cm/3943,https://www.tcggo.com/external/tcgplayer/3943,Hisuian Arcanine V,Hisuian Arcanine V 90,,0.91,0.72,1445,EUR,[],,,,,,,,,,,0.35,0.49,0.49,0.7,0.7,0.35,0.7,0.85,0.09,0.09,,,,,,,,,,,,,,,,,,,,,,,,,,,,,,,,,,,,,,,,,,,,EUR,0.76,0.85,Rare Holo V,hisuian-arcanine-v,Pokémon,https://www.tcggo.com/pokemon/silver-tempest/hisuian-arcanine-v-90,swsh12-90,451744,singles,
2026-08-23T17:19:56+02:00,,362,Naoyo Kimura,naoyo-kimura,SIT 91,91,682138,195,215,SIT,Pokémon,pokemon,24,https://images.tcggo.com/tcggo/storage/3877/silver-tempest-logo.png,Silver Tempest,EUR,1099.33,EUR,1151.88,2022-11-11,2,Sword & Shield,sword-shield,silver-tempest,80,3944,https://images.tcggo.com/tcggo/storage/3967/phanpy-sit-91-silver-tempest-pokemon.png,https://www.tcggo.com/external/cm/3944,https://www.tcggo.com/external/tcgplayer/3944,Phanpy,Phanpy 91,,0.03,0.03,13093,EUR,[],,,,,,,,,,,0.02,0.02,0.02,0.02,0.02,0.02,0.02,0.02,0.02,0.02,,,,,,,,,,,,,,,,,,,,,,,,,,,,,,,,,,,,,,,,,,,,EUR,0.16,0.09,Common,phanpy,Pokémon,https://www.tcggo.com/pokemon/silver-tempest/phanpy-91,swsh12-91,451745,singles,
2026-08-23T17:19:56+02:00,,363,Anesaki Dynamic,anesaki-dynamic,SIT 92,92,682139,195,215,SIT,Pokémon,pokemon,24,https://images.tcggo.com/tcggo/storage/3877/silver-tempest-logo.png,Silver Tempest,EUR,1099.33,EUR,1151.88,2022-11-11,2,Sword & Shield,sword-shield,silver-tempest,150,3945,https://images.tcggo.com/tcggo/storage/3968/donphan-sit-92-silver-tempest-pokemon.png,https://www.tcggo.com/external/cm/3945,https://www.tcggo.com/external/tcgplayer/3945,Donphan,Donphan 92,,0.04,0.03,5893,EUR,[],,,,,,,,,,,0.02,0.02,0.02,0.02,0.02,0.02,0.02,0.02,0.02,0.02,,,,,,,,,,,,,,,,,,,,,,,,,,,,,,,,,,,,,,,,,,,,EUR,0.17,0.1,Uncommon,donphan,Pokémon,https://www.tcggo.com/pokemon/silver-tempest/donphan-92,swsh12-92,451746,singles,
2026-08-23T17:19:56+02:00,,401,Yuka Morii,yuka-morii,SIT 93,93,682140,195,215,SIT,Pokémon,pokemon,24,https://images.tcggo.com/tcggo/storage/3877/silver-tempest-logo.png,Silver Tempest,EUR,1099.33,EUR,1151.88,2022-11-11,2,Sword & Shield,sword-shield,silver-tempest,50,3946,https://images.tcggo.com/tcggo/storage/3969/baltoy-sit-93-silver-tempest-pokemon.png,https://www.tcggo.com/external/cm/3946,https://www.tcggo.com/external/tcgplayer/3946,Baltoy,Baltoy 93,,0.04,0.04,9274,EUR,[],,,,,,,,,,,0.02,0.02,0.02,0.02,0.02,0.02,0.02,0.02,0.02,0.02,,,,,,,,,,,,,,,,,,,,,,,,,,,,,,,,,,,,,,,,,,,,EUR,0.26,0.12,Common,baltoy,Pokémon,https://www.tcggo.com/pokemon/silver-tempest/baltoy-93,swsh12-93,451747,singles,
2026-08-23T17:19:56+02:00,,395,Nisota Niso,nisota-niso,SIT 94,94,682141,195,215,SIT,Pokémon,pokemon,24,https://images.tcggo.com/tcggo/storage/3877/silver-tempest-logo.png,Silver Tempest,EUR,1099.33,EUR,1151.88,2022-11-11,2,Sword & Shield,sword-shield,silver-tempest,110,3947,https://images.tcggo.com/tcggo/storage/3970/claydol-sit-94-silver-tempest-pokemon.png,https://www.tcggo.com/external/cm/3947,https://www.tcggo.com/external/tcgplayer/3947,Claydol,Claydol 94,,0.03,0.03,6297,EUR,[],,,,,,,,,,,0.02,0.02,0.02,0.02,0.02,0.02,0.02,0.02,0.02,0.02,,,,,,,,,,,,,,,,,,,,,,,,,,,,,,,,,,,,,,,,,,,,EUR,0.16,0.09,Uncommon,claydol,Pokémon,https://www.tcggo.com/pokemon/silver-tempest/claydol-94,swsh12-94,451748,singles,
2026-08-23T17:19:56+02:00,,375,Mitsuhiro Arita,mitsuhiro-arita,SIT 95,95,682142,195,215,SIT,Pokémon,pokemon,24,https://images.tcggo.com/tcggo/storage/3877/silver-tempest-logo.png,Silver Tempest,EUR,1099.33,EUR,1151.88,2022-11-11,2,Sword & Shield,sword-shield,silver-tempest,90,3948,https://images.tcggo.com/tcggo/storage/3971/anorith-sit-95-silver-tempest-pokemon.png,https://www.tcggo.com/external/cm/3948,https://www.tcggo.com/external/tcgplayer/3948,Anorith,Anorith 95,,0.07,0.06,5630,EUR,[],,,,,,,,,,,0.02,0.02,0.02,0.02,0.02,0.02,0.02,0.02,0.02,0.02,,,,,,,,,,,,,,,,,,,,,,,,,,,,,,,,,,,,,,,,,,,,EUR,0.22,0.12,Uncommon,anorith,Pokémon,https://www.tcggo.com/pokemon/silver-tempest/anorith-95,swsh12-95,451749,singles,
2026-08-23T17:19:56+02:00,,377,Souichirou Gunjima,souichirou-gunjima,SIT 96,96,682143,195,215,SIT,Pokémon,pokemon,24,https://images.tcggo.com/tcggo/storage/3877/silver-tempest-logo.png,Silver Tempest,EUR,1099.33,EUR,1151.88,2022-11-11,2,Sword & Shield,sword-shield,silver-tempest,150,3949,https://images.tcggo.com/tcggo/storage/3972/armaldo-sit-96-silver-tempest-pokemon.png,https://www.tcggo.com/external/cm/3949,https://www.tcggo.com/external/tcgplayer/3949,Armaldo,Armaldo 96,,0.13,0.12,3072,EUR,[],,,,,,,,,,,0.02,0.02,0.02,0.02,0.02,0.02,0.02,0.02,0.02,0.02,,,,,,,,,,,,,,,,,,,,,,,,,,,,,,,,,,,,,,,,,,,,EUR,0.34,0.15,rare,armaldo,Pokémon,https://www.tcggo.com/pokemon/silver-tempest/armaldo-96,swsh12-96,451750,singles,
2026-08-23T17:19:56+02:00,,405,nagimiso,nagimiso,SIT 97,97,682144,195,215,SIT,Pokémon,pokemon,24,https://images.tcggo.com/tcggo/storage/3877/silver-tempest-logo.png,Silver Tempest,EUR,1099.33,EUR,1151.88,2022-11-11,2,Sword & Shield,sword-shield,silver-tempest,130,3950,https://images.tcggo.com/tcggo/storage/3973/terrakion-sit-97-silver-tempest-pokemon.png,https://www.tcggo.com/external/cm/3950,https://www.tcggo.com/external/tcgplayer/3950,Terrakion,Terrakion 97,,0.18,0.16,2552,EUR,[],,,,,,,,,,,0.02,0.02,0.02,0.1,0.1,0.02,0.07,0.07,0.02,0.02,,,,,,,,,,,,,,,,,,,,,,,,,,,,,,,,,,,,,,,,,,,,EUR,0.28,0.19,Rare Holo,terrakion,Pokémon,https://www.tcggo.com/pokemon/silver-tempest/terrakion-97,swsh12-97,451751,singles,
2026-08-23T17:19:56+02:00,,385,Teeziro,teeziro,SIT 98,98,682145,195,215,SIT,Pokémon,pokemon,24,https://images.tcggo.com/tcggo/storage/3877/silver-tempest-logo.png,Silver Tempest,EUR,1099.33,EUR,1151.88,2022-11-11,2,Sword & Shield,sword-shield,silver-tempest,80,3951,https://images.tcggo.com/tcggo/storage/3974/hawlucha-sit-98-silver-tempest-pokemon.png,https://www.tcggo.com/external/cm/3951,https://www.tcggo.com/external/tcgplayer/3951,Hawlucha,Hawlucha 98,,0.03,0.03,9678,EUR,[],,,,,,,,,,,0.02,0.02,0.02,0.02,0.02,0.02,0.02,0.02,0.02,0.02,,,,,,,,,,,,,,,,,,,,,,,,,,,,,,,,,,,,,,,,,,,,EUR,0.18,0.09,Common,hawlucha,Pokémon,https://www.tcggo.com/pokemon/silver-tempest/hawlucha-98,swsh12-98,451752,singles,
2026-08-23T17:19:56+02:00,,498,Sekio,sekio,SIT 99,99,682146,195,215,SIT,Pokémon,pokemon,24,https://images.tcggo.com/tcggo/storage/3877/silver-tempest-logo.png,Silver Tempest,EUR,1099.33,EUR,1151.88,2022-11-11,2,Sword & Shield,sword-shield,silver-tempest,80,3952,https://images.tcggo.com/tcggo/storage/3975/sandygast-sit-99-silver-tempest-pokemon.png,https://www.tcggo.com/external/cm/3952,https://www.tcggo.com/external/tcgplayer/3952,Sandygast,Sandygast 99,,0.03,0.03,9783,EUR,[],,,,,,,,,,,0.03,0.02,0.02,0.02,0.02,0.02,0.02,0.02,0.02,0.02,,,,,,,,,,,,,,,,,,,,,,,,,,,,,,,,,,,,,,,,,,,,EUR,0.11,0.1,Common,sandygast,Pokémon,https://www.tcggo.com/pokemon/silver-tempest/sandygast-99,swsh12-99,451753,singles,
2026-08-23T17:19:56+02:00,,503,sui,sui,SIT 100,100,682147,195,215,SIT,Pokémon,pokemon,24,https://images.tcggo.com/tcggo/storage/3877/silver-tempest-logo.png,Silver Tempest,EUR,1099.33,EUR,1151.88,2022-11-11,2,Sword & Shield,sword-shield,silver-tempest,140,3953,https://images.tcggo.com/tcggo/storage/3976/palossand-sit-100-silver-tempest-pokemon.png,https://www.tcggo.com/external/cm/3953,https://www.tcggo.com/external/tcgplayer/3953,Palossand,Palossand 100,,0.03,0.03,5957,EUR,[],,,,,,,,,,,0.02,0.02,0.02,0.02,0.02,0.02,0.02,0.02,0.02,0.02,,,,,,,,,,,,,,,,,,,,,,,,,,,,,,,,,,,,,,,,,,,,EUR,0.18,0.1,Uncommon,palossand,Pokémon,https://www.tcggo.com/pokemon/silver-tempest/palossand-100,swsh12-100,451754,singles,
2026-08-23T17:19:56+02:00,,555,Hataya,hataya,SIT 101,101,682148,195,215,SIT,Pokémon,pokemon,24,https://images.tcggo.com/tcggo/storage/3877/silver-tempest-logo.png,Silver Tempest,EUR,1099.33,EUR,1151.88,2022-11-11,2,Sword & Shield,sword-shield,silver-tempest,130,3954,https://images.tcggo.com/tcggo/storage/3977/stonjourner-sit-101-silver-tempest-pokemon.png,https://www.tcggo.com/external/cm/3954,https://www.tcggo.com/external/tcgplayer/3954,Stonjourner,Stonjourner 101,,0.03,0.03,6207,EUR,[],,,,,,,,,,,0.02,0.02,0.02,0.02,0.02,0.02,0.02,0.02,0.02,0.02,,,,,,,,,,,,,,,,,,,,,,,,,,,,,,,,,,,,,,,,,,,,EUR,0.15,0.09,Uncommon,stonjourner,Pokémon,https://www.tcggo.com/pokemon/silver-tempest/stonjourner-101,swsh12-101,451755,singles,
2026-08-23T17:19:56+02:00,,380,5ban Graphics,5ban-graphics,SIT 102,102,682149,195,215,SIT,Pokémon,pokemon,24,https://images.tcggo.com/tcggo/storage/3877/silver-tempest-logo.png,Silver Tempest,EUR,1099.33,EUR,1151.88,2022-11-11,2,Sword & Shield,sword-shield,silver-tempest,230,3955,https://images.tcggo.com/tcggo/storage/3978/ursaluna-v-sit-102-silver-tempest-pokemon.png,https://www.tcggo.com/external/cm/3955,https://www.tcggo.com/external/tcgplayer/3955,Ursaluna V,Ursaluna V 102,,0.71,0.66,1862,EUR,[],,,,,,,,,,,0.24,0.45,0.45,0.39,0.39,0.24,0.75,0.75,0.05,0.05,,,,,,,,,,,,,,,,,,,,,,,,,,,,,,,,,,,,,,,,,,,,EUR,0.62,0.85,Rare Holo V,ursaluna-v,Pokémon,https://www.tcggo.com/pokemon/silver-tempest/ursaluna-v-102,swsh12-102,451756,singles,
2026-08-23T17:19:56+02:00,,437,Shigenori Negishi,shigenori-negishi,SIT 103,103,682150,195,215,SIT,Pokémon,pokemon,24,https://images.tcggo.com/tcggo/storage/3877/silver-tempest-logo.png,Silver Tempest,EUR,1099.33,EUR,1151.88,2022-11-11,2,Sword & Shield,sword-shield,silver-tempest,40,3956,https://images.tcggo.com/tcggo/storage/3979/zubat-sit-103-silver-tempest-pokemon.png,https://www.tcggo.com/external/cm/3956,https://www.tcggo.com/external/tcgplayer/3956,Zubat,Zubat 103,,0.03,0.03,9268,EUR,[],,,,,,,,,,,0.03,0.02,0.02,0.02,0.02,0.02,0.02,0.02,0.02,0.02,,,,,,,,,,,,,,,,,,,,,,,,,,,,,,,,,,,,,,,,,,,,EUR,0.22,0.09,Common,zubat,Pokémon,https://www.tcggo.com/pokemon/silver-tempest/zubat-103,swsh12-103,451757,singles,
2026-08-23T17:19:56+02:00,,363,Anesaki Dynamic,anesaki-dynamic,SIT 104,104,682151,195,215,SIT,Pokémon,pokemon,24,https://images.tcggo.com/tcggo/storage/3877/silver-tempest-logo.png,Silver Tempest,EUR,1099.33,EUR,1151.88,2022-11-11,2,Sword & Shield,sword-shield,silver-tempest,70,3957,https://images.tcggo.com/tcggo/storage/3980/golbat-sit-104-silver-tempest-pokemon.png,https://www.tcggo.com/external/cm/3957,https://www.tcggo.com/external/tcgplayer/3957,Golbat,Golbat 104,,0.04,0.05,6021,EUR,[],,,,,,,,,,,0.02,0.02,0.02,0.02,0.02,0.02,0.02,0.02,0.02,0.02,,,,,,,,,,,,,,,,,,,,,,,,,,,,,,,,,,,,,,,,,,,,EUR,0.16,0.12,Uncommon,golbat,Pokémon,https://www.tcggo.com/pokemon/silver-tempest/golbat-104,swsh12-104,451758,singles,
2026-08-23T17:19:56+02:00,,491,Yuya Oka,yuya-oka,SIT 105,105,682152,195,215,SIT,Pokémon,pokemon,24,https://images.tcggo.com/tcggo/storage/3877/silver-tempest-logo.png,Silver Tempest,EUR,1099.33,EUR,1151.88,2022-11-11,2,Sword & Shield,sword-shield,silver-tempest,130,3958,https://images.tcggo.com/tcggo/storage/3981/crobat-sit-105-silver-tempest-pokemon.png,https://www.tcggo.com/external/cm/3958,https://www.tcggo.com/external/tcgplayer/3958,Crobat,Crobat 105,,0.24,0.21,2551,EUR,[],,,,,,,,,,,0.02,0.05,0.05,0.02,0.02,0.02,0.02,0.02,0.02,0.02,,,,,,,,,,,,,,,,,,,,,,,,,,,,,,,,,,,,,,,,,,,,EUR,0.38,0.21,Rare Holo,crobat,Pokémon,https://www.tcggo.com/pokemon/silver-tempest/crobat-105,swsh12-105,451759,singles,
2026-08-23T17:19:56+02:00,,407,Ligton,ligton,SIT 106,106,682153,195,215,SIT,Pokémon,pokemon,24,https://images.tcggo.com/tcggo/storage/3877/silver-tempest-logo.png,Silver Tempest,EUR,1099.33,EUR,1151.88,2022-11-11,2,Sword & Shield,sword-shield,silver-tempest,60,3959,https://images.tcggo.com/tcggo/storage/3982/murkrow-sit-106-silver-tempest-pokemon.png,https://www.tcggo.com/external/cm/3959,https://www.tcggo.com/external/tcgplayer/3959,Murkrow,Murkrow 106,,0.03,0.03,12595,EUR,[],,,,,,,,,,,0.03,0.02,0.02,0.02,0.02,0.02,0.02,0.02,0.02,0.02,,,,,,,,,,,,,,,,,,,,,,,,,,,,,,,,,,,,,,,,,,,,EUR,0.29,0.09,Common,murkrow,Pokémon,https://www.tcggo.com/pokemon/silver-tempest/murkrow-106,swsh12-106,451760,singles,
2026-08-23T17:19:56+02:00,,529,aoki,aoki,SIT 107,107,682154,195,215,SIT,Pokémon,pokemon,24,https://images.tcggo.com/tcggo/storage/3877/silver-tempest-logo.png,Silver Tempest,EUR,1099.33,EUR,1151.88,2022-11-11,2,Sword & Shield,sword-shield,silver-tempest,120,3960,https://images.tcggo.com/tcggo/storage/3983/honchkrow-sit-107-silver-tempest-pokemon.png,https://www.tcggo.com/external/cm/3960,https://www.tcggo.com/external/tcgplayer/3960,Honchkrow,Honchkrow 107,,0.04,0.04,6234,EUR,[],,,,,,,,,,,0.02,0.02,0.02,0.02,0.02,0.02,0.02,0.02,0.02,0.02,,,,,,,,,,,,,,,,,,,,,,,,,,,,,,,,,,,,,,,,,,,,EUR,0.21,0.1,Uncommon,honchkrow,Pokémon,https://www.tcggo.com/pokemon/silver-tempest/honchkrow-107,swsh12-107,451761,singles,
2026-08-23T17:19:56+02:00,,548,MUGENUP,mugenup,SIT 108,108,682155,195,215,SIT,Pokémon,pokemon,24,https://images.tcggo.com/tcggo/storage/3877/silver-tempest-logo.png,Silver Tempest,EUR,1099.33,EUR,1151.88,2022-11-11,2,Sword & Shield,sword-shield,silver-tempest,210,3961,https://images.tcggo.com/tcggo/storage/3984/skuntank-v-sit-108-silver-tempest-pokemon.png,https://www.tcggo.com/external/cm/3961,https://www.tcggo.com/external/tcgplayer/3961,Skuntank V,Skuntank V 108,,0.62,0.75,1522,EUR,[],,,,,,,,,,,0.2,0.25,0.25,0.4,0.4,0.2,0.6,0.6,0.03,0.03,,,,,,,,,,,,,,,,,,,,,,,,,,,,,,,,,,,,,,,,,,,,EUR,0.6,0.85,Rare Holo V,skuntank-v,Pokémon,https://www.tcggo.com/pokemon/silver-tempest/skuntank-v-108,swsh12-108,451762,singles,
2026-08-23T17:19:56+02:00,,521,Shin Nagasawa,shin-nagasawa,SIT 109,109,682156,195,215,SIT,Pokémon,pokemon,24,https://images.tcggo.com/tcggo/storage/3877/silver-tempest-logo.png,Silver Tempest,EUR,1099.33,EUR,1151.88,2022-11-11,2,Sword & Shield,sword-shield,silver-tempest,80,3962,https://images.tcggo.com/tcggo/storage/3985/croagunk-sit-109-silver-tempest-pokemon.png,https://www.tcggo.com/external/cm/3962,https://www.tcggo.com/external/tcgplayer/3962,Croagunk,Croagunk 109,,0.03,0.03,9919,EUR,[],,,,,,,,,,,0.03,0.02,0.02,0.02,0.02,0.02,0.02,0.02,0.02,0.02,,,,,,,,,,,,,,,,,,,,,,,,,,,,,,,,,,,,,,,,,,,,EUR,0.17,0.09,Common,croagunk,Pokémon,https://www.tcggo.com/pokemon/silver-tempest/croagunk-109,swsh12-109,451763,singles,
2026-08-23T17:19:56+02:00,,428,Uta,uta,SIT 110,110,682157,195,215,SIT,Pokémon,pokemon,24,https://images.tcggo.com/tcggo/storage/3877/silver-tempest-logo.png,Silver Tempest,EUR,1099.33,EUR,1151.88,2022-11-11,2,Sword & Shield,sword-shield,silver-tempest,120,3963,https://images.tcggo.com/tcggo/storage/3986/toxicroak-sit-110-silver-tempest-pokemon.png,https://www.tcggo.com/external/cm/3963,https://www.tcggo.com/external/tcgplayer/3963,Toxicroak,Toxicroak 110,,0.03,0.03,5343,EUR,[],,,,,,,,,,,0.02,0.02,0.02,0.02,0.02,0.02,0.02,0.02,0.02,0.02,,,,,,,,,,,,,,,,,,,,,,,,,,,,,,,,,,,,,,,,,,,,EUR,0.27,0.12,Uncommon,toxicroak,Pokémon,https://www.tcggo.com/pokemon/silver-tempest/toxicroak-110,swsh12-110,451764,singles,
2026-08-23T17:19:56+02:00,,507,0313,0313,SIT 111,111,682158,195,215,SIT,Pokémon,pokemon,24,https://images.tcggo.com/tcggo/storage/3877/silver-tempest-logo.png,Silver Tempest,EUR,1099.33,EUR,1151.88,2022-11-11,2,Sword & Shield,sword-shield,silver-tempest,70,3964,https://images.tcggo.com/tcggo/storage/3987/sandile-sit-111-silver-tempest-pokemon.png,https://www.tcggo.com/external/cm/3964,https://www.tcggo.com/external/tcgplayer/3964,Sandile,Sandile 111,,0.03,0.03,9717,EUR,[],,,,,,,,,,,0.02,0.02,0.02,0.02,0.02,0.02,0.02,0.02,0.02,0.02,,,,,,,,,,,,,,,,,,,,,,,,,,,,,,,,,,,,,,,,,,,,EUR,0.14,0.09,Common,sandile,Pokémon,https://www.tcggo.com/pokemon/silver-tempest/sandile-111,swsh12-111,451765,singles,
2026-08-23T17:19:56+02:00,,516,Pani Kobayashi,pani-kobayashi,SIT 112,112,682159,195,215,SIT,Pokémon,pokemon,24,https://images.tcggo.com/tcggo/storage/3877/silver-tempest-logo.png,Silver Tempest,EUR,1099.33,EUR,1151.88,2022-11-11,2,Sword & Shield,sword-shield,silver-tempest,100,3965,https://images.tcggo.com/tcggo/storage/3989/krokorok-sit-112-silver-tempest-pokemon.png,https://www.tcggo.com/external/cm/3965,https://www.tcggo.com/external/tcgplayer/3965,Krokorok,Krokorok 112,,0.03,0.03,6430,EUR,[],,,,,,,,,,,0.02,0.02,0.02,0.02,0.02,0.02,0.02,0.02,0.02,0.02,,,,,,,,,,,,,,,,,,,,,,,,,,,,,,,,,,,,,,,,,,,,EUR,0.18,0.09,Uncommon,krokorok,Pokémon,https://www.tcggo.com/pokemon/silver-tempest/krokorok-112,swsh12-112,451766,singles,
2026-08-23T17:19:56+02:00,,443,Shiburingaru,shiburingaru,SIT 113,113,682160,195,215,SIT,Pokémon,pokemon,24,https://images.tcggo.com/tcggo/storage/3877/silver-tempest-logo.png,Silver Tempest,EUR,1099.33,EUR,1151.88,2022-11-11,2,Sword & Shield,sword-shield,silver-tempest,160,3966,https://images.tcggo.com/tcggo/storage/3988/krookodile-sit-113-silver-tempest-pokemon.png,https://www.tcggo.com/external/cm/3966,https://www.tcggo.com/external/tcgplayer/3966,Krookodile,Krookodile 113,,0.21,0.2,2539,EUR,[],,,,,,,,,,,0.02,0.02,0.02,0.09,0.09,0.02,0.05,0.05,0.02,0.02,,,,,,,,,,,,,,,,,,,,,,,,,,,,,,,,,,,,,,,,,,,,EUR,0.2,0.21,Rare Holo,krookodile,Pokémon,https://www.tcggo.com/pokemon/silver-tempest/krookodile-113,swsh12-113,451767,singles,
2026-08-23T17:19:56+02:00,,409,Yuu Nishida,yuu-nishida,SIT 114,114,682161,195,215,SIT,Pokémon,pokemon,24,https://images.tcggo.com/tcggo/storage/3877/silver-tempest-logo.png,Silver Tempest,EUR,1099.33,EUR,1151.88,2022-11-11,2,Sword & Shield,sword-shield,silver-tempest,60,3967,https://images.tcggo.com/tcggo/storage/3990/mareanie-sit-114-silver-tempest-pokemon.png,https://www.tcggo.com/external/cm/3967,https://www.tcggo.com/external/tcgplayer/3967,Mareanie,Mareanie 114,,0.03,0.03,8547,EUR,[],,,,,,,,,,,0.03,0.02,0.02,0.02,0.02,0.02,0.02,0.02,0.02,0.02,,,,,,,,,,,,,,,,,,,,,,,,,,,,,,,,,,,,,,,,,,,,EUR,0.28,0.13,Common,mareanie,Pokémon,https://www.tcggo.com/pokemon/silver-tempest/mareanie-114,swsh12-114,451768,singles,
2026-08-23T17:19:56+02:00,,407,Ligton,ligton,SIT 115,115,682162,195,215,SIT,Pokémon,pokemon,24,https://images.tcggo.com/tcggo/storage/3877/silver-tempest-logo.png,Silver Tempest,EUR,1099.33,EUR,1151.88,2022-11-11,2,Sword & Shield,sword-shield,silver-tempest,120,3968,https://images.tcggo.com/tcggo/storage/3991/toxapex-sit-115-silver-tempest-pokemon.png,https://www.tcggo.com/external/cm/3968,https://www.tcggo.com/external/tcgplayer/3968,Toxapex,Toxapex 115,,0.04,0.05,4848,EUR,[],,,,,,,,,,,0.02,0.02,0.02,0.02,0.02,0.02,0.02,0.02,0.02,0.02,,,,,,,,,,,,,,,,,,,,,,,,,,,,,,,,,,,,,,,,,,,,EUR,0.24,0.13,Uncommon,toxapex,Pokémon,https://www.tcggo.com/pokemon/silver-tempest/toxapex-115,swsh12-115,451769,singles,
2026-08-23T17:19:56+02:00,,405,nagimiso,nagimiso,SIT 116,116,682163,195,215,SIT,Pokémon,pokemon,24,https://images.tcggo.com/tcggo/storage/3877/silver-tempest-logo.png,Silver Tempest,EUR,1099.33,EUR,1151.88,2022-11-11,2,Sword & Shield,sword-shield,silver-tempest,60,3969,https://images.tcggo.com/tcggo/storage/3992/morpeko-sit-116-silver-tempest-pokemon.png,https://www.tcggo.com/external/cm/3969,https://www.tcggo.com/external/tcgplayer/3969,Morpeko,Morpeko 116,,0.05,0.04,5619,EUR,[],,,,,,,,,,,0.02,0.02,0.02,0.02,0.02,0.02,0.02,0.02,0.02,0.02,,,,,,,,,,,,,,,,,,,,,,,,,,,,,,,,,,,,,,,,,,,,EUR,0.26,0.13,Uncommon,morpeko,Pokémon,https://www.tcggo.com/pokemon/silver-tempest/morpeko-116,swsh12-116,451770,singles,
2026-08-23T17:19:56+02:00,,381,sowsow,sowsow,SIT 117,117,682164,195,215,SIT,Pokémon,pokemon,24,https://images.tcggo.com/tcggo/storage/3877/silver-tempest-logo.png,Silver Tempest,EUR,1099.33,EUR,1151.88,2022-11-11,2,Sword & Shield,sword-shield,silver-tempest,60,3970,https://images.tcggo.com/tcggo/storage/3993/beldum-sit-117-silver-tempest-pokemon.png,https://www.tcggo.com/external/cm/3970,https://www.tcggo.com/external/tcgplayer/3970,Beldum,Beldum 117,,0.03,0.03,12646,EUR,[],,,,,,,,,,,0.02,0.02,0.02,0.02,0.02,0.02,0.02,0.02,0.02,0.02,,,,,,,,,,,,,,,,,,,,,,,,,,,,,,,,,,,,,,,,,,,,EUR,0.18,0.09,Common,beldum,Pokémon,https://www.tcggo.com/pokemon/silver-tempest/beldum-117,swsh12-117,451771,singles,
2026-08-23T17:19:56+02:00,,521,Shin Nagasawa,shin-nagasawa,SIT 118,118,682165,195,215,SIT,Pokémon,pokemon,24,https://images.tcggo.com/tcggo/storage/3877/silver-tempest-logo.png,Silver Tempest,EUR,1099.33,EUR,1151.88,2022-11-11,2,Sword & Shield,sword-shield,silver-tempest,100,3971,https://images.tcggo.com/tcggo/storage/3994/metang-sit-118-silver-tempest-pokemon.png,https://www.tcggo.com/external/cm/3971,https://www.tcggo.com/external/tcgplayer/3971,Metang,Metang 118,,0.03,0.04,9128,EUR,[],,,,,,,,,,,0.02,0.02,0.02,0.02,0.02,0.02,0.02,0.02,0.02,0.02,,,,,,,,,,,,,,,,,,,,,,,,,,,,,,,,,,,,,,,,,,,,EUR,0.13,0.09,Uncommon,metang,Pokémon,https://www.tcggo.com/pokemon/silver-tempest/metang-118,swsh12-118,451772,singles,
2026-08-23T17:19:56+02:00,,518,Ryuta Fuse,ryuta-fuse,SIT 119,119,682166,195,215,SIT,Pokémon,pokemon,24,https://images.tcggo.com/tcggo/storage/3877/silver-tempest-logo.png,Silver Tempest,EUR,1099.33,EUR,1151.88,2022-11-11,2,Sword & Shield,sword-shield,silver-tempest,170,3972,https://images.tcggo.com/tcggo/storage/3995/metagross-sit-119-silver-tempest-pokemon.png,https://www.tcggo.com/external/cm/3972,https://www.tcggo.com/external/tcgplayer/3972,Metagross,Metagross 119,,0.23,0.13,2539,EUR,[],,,,,,,,,,,0.02,0.02,0.02,0.1,0.1,0.02,0.1,0.1,0.03,0.03,,,,,,,,,,,,,,,,,,,,,,,,,,,,,,,,,,,,,,,,,,,,EUR,0.34,0.21,Rare Holo,metagross,Pokémon,https://www.tcggo.com/pokemon/silver-tempest/metagross-119,swsh12-119,451773,singles,
2026-08-23T17:19:56+02:00,,518,Ryuta Fuse,ryuta-fuse,SIT 120,120,682167,195,215,SIT,Pokémon,pokemon,24,https://images.tcggo.com/tcggo/storage/3877/silver-tempest-logo.png,Silver Tempest,EUR,1099.33,EUR,1151.88,2022-11-11,2,Sword & Shield,sword-shield,silver-tempest,90,3973,https://images.tcggo.com/tcggo/storage/3996/radiant-jirachi-sit-120-silver-tempest-pokemon.png,https://www.tcggo.com/external/cm/3973,https://www.tcggo.com/external/tcgplayer/3973,Radiant Jirachi,Radiant Jirachi 120,,0.88,0.87,1336,EUR,[],,,,,,,,,,,0.1,0.34,0.34,0.89,0.89,0.1,0.75,0.75,0.1,0.1,,,,,,,,,,,,,,,,,,,,,,,,,,,,,,,,,,,,,,,,,,,,EUR,1.94,1.15,Radiant Rare,radiant-jirachi,Pokémon,https://www.tcggo.com/pokemon/silver-tempest/radiant-jirachi-120,swsh12-120,450292,singles,
2026-08-23T17:19:56+02:00,,513,ryoma uratsuka,ryoma-uratsuka,SIT 121,121,682168,195,215,SIT,Pokémon,pokemon,24,https://images.tcggo.com/tcggo/storage/3877/silver-tempest-logo.png,Silver Tempest,EUR,1099.33,EUR,1151.88,2022-11-11,2,Sword & Shield,sword-shield,silver-tempest,60,3974,https://images.tcggo.com/tcggo/storage/3997/ferroseed-sit-121-silver-tempest-pokemon.png,https://www.tcggo.com/external/cm/3974,https://www.tcggo.com/external/tcgplayer/3974,Ferroseed,Ferroseed 121,,0.03,0.03,9905,EUR,[],,,,,,,,,,,0.02,0.02,0.02,0.02,0.02,0.02,0.02,0.02,0.02,0.02,,,,,,,,,,,,,,,,,,,,,,,,,,,,,,,,,,,,,,,,,,,,EUR,0.14,0.09,Common,ferroseed,Pokémon,https://www.tcggo.com/pokemon/silver-tempest/ferroseed-121,swsh12-121,451774,singles,
2026-08-23T17:19:56+02:00,,363,Anesaki Dynamic,anesaki-dynamic,SIT 122,122,682169,195,215,SIT,Pokémon,pokemon,24,https://images.tcggo.com/tcggo/storage/3877/silver-tempest-logo.png,Silver Tempest,EUR,1099.33,EUR,1151.88,2022-11-11,2,Sword & Shield,sword-shield,silver-tempest,130,3975,https://images.tcggo.com/tcggo/storage/3998/ferrothorn-sit-122-silver-tempest-pokemon.png,https://www.tcggo.com/external/cm/3975,https://www.tcggo.com/external/tcgplayer/3975,Ferrothorn,Ferrothorn 122,,0.03,0.03,6126,EUR,[],,,,,,,,,,,0.02,0.02,0.02,0.02,0.02,0.02,0.02,0.02,0.02,0.02,,,,,,,,,,,,,,,,,,,,,,,,,,,,,,,,,,,,,,,,,,,,EUR,0.15,0.1,Uncommon,ferrothorn,Pokémon,https://www.tcggo.com/pokemon/silver-tempest/ferrothorn-122,swsh12-122,451775,singles,
2026-08-23T17:19:56+02:00,,483,Kyoko Umemoto,kyoko-umemoto,SIT 123,123,682170,195,215,SIT,Pokémon,pokemon,24,https://images.tcggo.com/tcggo/storage/3877/silver-tempest-logo.png,Silver Tempest,EUR,1099.33,EUR,1151.88,2022-11-11,2,Sword & Shield,sword-shield,silver-tempest,50,3976,https://images.tcggo.com/tcggo/storage/3999/klink-sit-123-silver-tempest-pokemon.png,https://www.tcggo.com/external/cm/3976,https://www.tcggo.com/external/tcgplayer/3976,Klink,Klink 123,,0.03,0.03,13969,EUR,[],,,,,,,,,,,0.02,0.02,0.02,0.02,0.02,0.02,0.02,0.02,0.02,0.02,,,,,,,,,,,,,,,,,,,,,,,,,,,,,,,,,,,,,,,,,,,,EUR,0.15,0.09,Common,klink,Pokémon,https://www.tcggo.com/pokemon/silver-tempest/klink-123,swsh12-123,451776,singles,
2026-08-23T17:19:56+02:00,,533,SATOSHI NAKAI,satoshi-nakai,SIT 124,124,682171,195,215,SIT,Pokémon,pokemon,24,https://images.tcggo.com/tcggo/storage/3877/silver-tempest-logo.png,Silver Tempest,EUR,1099.33,EUR,1151.88,2022-11-11,2,Sword & Shield,sword-shield,silver-tempest,90,3977,https://images.tcggo.com/tcggo/storage/4000/klang-sit-124-silver-tempest-pokemon.png,https://www.tcggo.com/external/cm/3977,https://www.tcggo.com/external/tcgplayer/3977,Klang,Klang 124,,0.03,0.03,9080,EUR,[],,,,,,,,,,,0.02,0.02,0.02,0.02,0.02,0.02,0.02,0.02,0.02,0.02,,,,,,,,,,,,,,,,,,,,,,,,,,,,,,,,,,,,,,,,,,,,EUR,0.1,0.09,Uncommon,klang,Pokémon,https://www.tcggo.com/pokemon/silver-tempest/klang-124,swsh12-124,451777,singles,
2026-08-23T17:19:56+02:00,,426,Akira Komayama,akira-komayama,SIT 125,125,682172,195,215,SIT,Pokémon,pokemon,24,https://images.tcggo.com/tcggo/storage/3877/silver-tempest-logo.png,Silver Tempest,EUR,1099.33,EUR,1151.88,2022-11-11,2,Sword & Shield,sword-shield,silver-tempest,160,3978,https://images.tcggo.com/tcggo/storage/4001/klinklang-sit-125-silver-tempest-pokemon.png,https://www.tcggo.com/external/cm/3978,https://www.tcggo.com/external/tcgplayer/3978,Klinklang,Klinklang 125,,0.07,0.09,4241,EUR,[],,,,,,,,,,,0.02,0.02,0.02,0.02,0.02,0.02,0.02,0.02,0.02,0.02,,,,,,,,,,,,,,,,,,,,,,,,,,,,,,,,,,,,,,,,,,,,EUR,0.3,0.13,rare,klinklang,Pokémon,https://www.tcggo.com/pokemon/silver-tempest/klinklang-125,swsh12-125,451778,singles,
2026-08-23T17:19:56+02:00,,521,Shin Nagasawa,shin-nagasawa,SIT 126,126,682173,195,215,SIT,Pokémon,pokemon,24,https://images.tcggo.com/tcggo/storage/3877/silver-tempest-logo.png,Silver Tempest,EUR,1099.33,EUR,1151.88,2022-11-11,2,Sword & Shield,sword-shield,silver-tempest,120,3979,https://images.tcggo.com/tcggo/storage/4002/cobalion-sit-126-silver-tempest-pokemon.png,https://www.tcggo.com/external/cm/3979,https://www.tcggo.com/external/tcgplayer/3979,Cobalion,Cobalion 126,,0.07,0.08,3699,EUR,[],,,,,,,,,,,0.02,0.02,0.02,0.02,0.02,0.02,0.02,0.02,0.02,0.02,,,,,,,,,,,,,,,,,,,,,,,,,,,,,,,,,,,,,,,,,,,,EUR,0.26,0.14,rare,cobalion,Pokémon,https://www.tcggo.com/pokemon/silver-tempest/cobalion-126,swsh12-126,451779,singles,
2026-08-23T17:19:56+02:00,,408,kawayoo,kawayoo,SIT 127,127,682174,195,215,SIT,Pokémon,pokemon,24,https://images.tcggo.com/tcggo/storage/3877/silver-tempest-logo.png,Silver Tempest,EUR,1099.33,EUR,1151.88,2022-11-11,2,Sword & Shield,sword-shield,silver-tempest,80,3980,https://images.tcggo.com/tcggo/storage/4003/togedemaru-sit-127-silver-tempest-pokemon.png,https://www.tcggo.com/external/cm/3980,https://www.tcggo.com/external/tcgplayer/3980,Togedemaru,Togedemaru 127,,0.03,0.04,13721,EUR,[],,,,,,,,,,,0.03,0.02,0.02,0.02,0.02,0.02,0.02,0.02,0.02,0.02,,,,,,,,,,,,,,,,,,,,,,,,,,,,,,,,,,,,,,,,,,,,EUR,0.17,0.09,Common,togedemaru,Pokémon,https://www.tcggo.com/pokemon/silver-tempest/togedemaru-127,swsh12-127,451780,singles,
2026-08-23T17:19:56+02:00,,489,N-DESIGN Inc.,n-design-inc,SIT 128,128,682175,195,215,SIT,Pokémon,pokemon,24,https://images.tcggo.com/tcggo/storage/3877/silver-tempest-logo.png,Silver Tempest,EUR,1099.33,EUR,1151.88,2022-11-11,2,Sword & Shield,sword-shield,silver-tempest,210,3981,https://images.tcggo.com/tcggo/storage/4004/magearna-v-sit-128-silver-tempest-pokemon.png,https://www.tcggo.com/external/cm/3981,https://www.tcggo.com/external/tcgplayer/3981,Magearna V,Magearna V 128,,0.73,0.81,1444,EUR,[],,,,,,,,,,,0.19,0.39,0.39,0.49,0.49,0.19,0.6,0.7,0.1,0.1,,,,,,,,,,,,,,,,,,,,,,,,,,,,,,,,,,,,,,,,,,,,EUR,0.77,0.81,Rare Holo V,magearna-v,Pokémon,https://www.tcggo.com/pokemon/silver-tempest/magearna-v-128,swsh12-128,451781,singles,
2026-08-23T17:19:56+02:00,,493,kurumitsu,kurumitsu,SIT 129,129,682176,195,215,SIT,Pokémon,pokemon,24,https://images.tcggo.com/tcggo/storage/3877/silver-tempest-logo.png,Silver Tempest,EUR,1099.33,EUR,1151.88,2022-11-11,2,Sword & Shield,sword-shield,silver-tempest,70,3982,https://images.tcggo.com/tcggo/storage/4005/dratini-sit-129-silver-tempest-pokemon.png,https://www.tcggo.com/external/cm/3982,https://www.tcggo.com/external/tcgplayer/3982,Dratini,Dratini 129,,0.04,0.03,12199,EUR,[],,,,,,,,,,,0.02,0.02,0.02,0.02,0.02,0.02,0.02,0.02,0.02,0.02,,,,,,,,,,,,,,,,,,,,,,,,,,,,,,,,,,,,,,,,,,,,EUR,0.22,0.13,Common,dratini,Pokémon,https://www.tcggo.com/pokemon/silver-tempest/dratini-129,swsh12-129,451782,singles,
2026-08-23T17:19:56+02:00,,466,Shinya Komatsu,shinya-komatsu,SIT 130,130,682177,195,215,SIT,Pokémon,pokemon,24,https://images.tcggo.com/tcggo/storage/3877/silver-tempest-logo.png,Silver Tempest,EUR,1099.33,EUR,1151.88,2022-11-11,2,Sword & Shield,sword-shield,silver-tempest,100,3983,https://images.tcggo.com/tcggo/storage/4006/dragonair-sit-130-silver-tempest-pokemon.png,https://www.tcggo.com/external/cm/3983,https://www.tcggo.com/external/tcgplayer/3983,Dragonair,Dragonair 130,,0.07,0.07,7754,EUR,[],,,,,,,,,,,0.02,0.02,0.02,0.02,0.02,0.02,0.02,0.02,0.02,0.02,,,,,,,,,,,,,,,,,,,,,,,,,,,,,,,,,,,,,,,,,,,,EUR,0.24,0.13,Uncommon,dragonair,Pokémon,https://www.tcggo.com/pokemon/silver-tempest/dragonair-130,swsh12-130,451783,singles,
2026-08-23T17:19:56+02:00,,362,Naoyo Kimura,naoyo-kimura,SIT 131,131,682178,195,215,SIT,Pokémon,pokemon,24,https://images.tcggo.com/tcggo/storage/3877/silver-tempest-logo.png,Silver Tempest,EUR,1099.33,EUR,1151.88,2022-11-11,2,Sword & Shield,sword-shield,silver-tempest,160,3984,https://images.tcggo.com/tcggo/storage/4007/dragonite-sit-131-silver-tempest-pokemon.png,https://www.tcggo.com/external/cm/3984,https://www.tcggo.com/external/tcgplayer/3984,Dragonite,Dragonite 131,,0.63,0.64,1156,EUR,[],,,,,,,,,,,0.08,0.2,0.2,0.2,0.2,0.08,0.33,0.33,0.03,0.03,USD,150,1,,,,,26.94,2,,,,,,,57.48,5,,,23.07,2,11.59,3,194.38,5,22.12,2,13.34,5,24.9,5,,,,,,,,,,,,,EUR,1.28,0.56,Rare Holo,dragonite,Pokémon,https://www.tcggo.com/pokemon/silver-tempest/dragonite-131,swsh12-131,451784,singles,
2026-08-23T17:19:56+02:00,,437,Shigenori Negishi,shigenori-negishi,SIT 132,132,682179,195,215,SIT,Pokémon,pokemon,24,https://images.tcggo.com/tcggo/storage/3877/silver-tempest-logo.png,Silver Tempest,EUR,1099.33,EUR,1151.88,2022-11-11,2,Sword & Shield,sword-shield,silver-tempest,60,3985,https://images.tcggo.com/tcggo/storage/4008/noibat-sit-132-silver-tempest-pokemon.png,https://www.tcggo.com/external/cm/3985,https://www.tcggo.com/external/tcgplayer/3985,Noibat,Noibat 132,,0.03,0.03,9824,EUR,[],,,,,,,,,,,0.03,0.02,0.02,0.02,0.02,0.02,0.02,0.02,0.02,0.02,,,,,,,,,,,,,,,,,,,,,,,,,,,,,,,,,,,,,,,,,,,,EUR,0.16,0.1,Common,noibat,Pokémon,https://www.tcggo.com/pokemon/silver-tempest/noibat-132,swsh12-132,451785,singles,
2026-08-23T17:19:56+02:00,,529,aoki,aoki,SIT 133,133,682180,195,215,SIT,Pokémon,pokemon,24,https://images.tcggo.com/tcggo/storage/3877/silver-tempest-logo.png,Silver Tempest,EUR,1099.33,EUR,1151.88,2022-11-11,2,Sword & Shield,sword-shield,silver-tempest,110,3986,https://images.tcggo.com/tcggo/storage/4009/noivern-sit-133-silver-tempest-pokemon.png,https://www.tcggo.com/external/cm/3986,https://www.tcggo.com/external/tcgplayer/3986,Noivern,Noivern 133,,0.07,0.1,3943,EUR,[],,,,,,,,,,,0.03,0.02,0.02,0.02,0.02,0.03,0.02,0.02,0.02,0.02,,,,,,,,,,,,,,,,,,,,,,,,,,,,,,,,,,,,,,,,,,,,EUR,0.28,0.13,rare,noivern,Pokémon,https://www.tcggo.com/pokemon/silver-tempest/noivern-133,swsh12-133,451786,singles,
2026-08-23T17:19:56+02:00,,492,Misa Tsutsui,misa-tsutsui,SIT 134,134,682181,195,215,SIT,Pokémon,pokemon,24,https://images.tcggo.com/tcggo/storage/3877/silver-tempest-logo.png,Silver Tempest,EUR,1099.33,EUR,1151.88,2022-11-11,2,Sword & Shield,sword-shield,silver-tempest,90,3987,https://images.tcggo.com/tcggo/storage/4010/zygarde-sit-134-silver-tempest-pokemon.png,https://www.tcggo.com/external/cm/3987,https://www.tcggo.com/external/tcgplayer/3987,Zygarde,Zygarde 134,,0.1,0.09,3802,EUR,[],,,,,,,,,,,0.02,0.02,0.02,0.02,0.02,0.02,0.02,0.02,0.02,0.02,,,,,,,,,,,,,,,,,,,,,,,,,,,,,,,,,,,,,,,,,,,,EUR,0.27,0.16,rare,zygarde,Pokémon,https://www.tcggo.com/pokemon/silver-tempest/zygarde-134,swsh12-134,451787,singles,
2026-08-23T17:19:56+02:00,,489,N-DESIGN Inc.,n-design-inc,SIT 135,135,682182,195,215,SIT,Pokémon,pokemon,24,https://images.tcggo.com/tcggo/storage/3877/silver-tempest-logo.png,Silver Tempest,EUR,1099.33,EUR,1151.88,2022-11-11,2,Sword & Shield,sword-shield,silver-tempest,220,3988,https://images.tcggo.com/tcggo/storage/4011/regidrago-v-sit-135-silver-tempest-pokemon.png,https://www.tcggo.com/external/cm/3988,https://www.tcggo.com/external/tcgplayer/3988,Regidrago V,Regidrago V 135,,0.69,0.65,1504,EUR,[],,,,,,,,,,,0.15,0.35,0.35,0.49,0.49,0.2,0.55,0.55,0.2,0.2,,,,,,,,,,,,,,,,,,,,,,,,,,,,,,,,,,,,,,,,,,,,EUR,0.69,0.79,Rare Holo V,regidrago-v,Pokémon,https://www.tcggo.com/pokemon/silver-tempest/regidrago-v-135,swsh12-135,451788,singles,
2026-08-23T17:19:56+02:00,,411,PLANETA Yamashita,planeta-yamashita,SIT 136,136,682183,195,215,SIT,Pokémon,pokemon,24,https://images.tcggo.com/tcggo/storage/3877/silver-tempest-logo.png,Silver Tempest,EUR,1099.33,EUR,1151.88,2022-11-11,2,Sword & Shield,sword-shield,silver-tempest,280,3989,https://images.tcggo.com/tcggo/storage/4012/regidrago-vstar-sit-136-silver-tempest-pokemon.png,https://www.tcggo.com/external/cm/3989,https://www.tcggo.com/external/tcgplayer/3989,Regidrago VSTAR,Regidrago VSTAR 136,,1.19,1.21,879,EUR,[],,,,,,,,,,,0.65,0.89,0.89,0.99,0.99,0.65,0.9,0.79,0.49,0.49,,,,,,,,,,,,,,,,,,,,,,,,,,,,,,,,,,,,,,,,,,,,EUR,1.03,1.5,Rare Holo VSTAR,regidrago-vstar,Pokémon,https://www.tcggo.com/pokemon/silver-tempest/regidrago-vstar-136,swsh12-136,451395,singles,
2026-08-23T17:19:56+02:00,,482,Mizue,mizue,SIT 137,137,682184,195,215,SIT,Pokémon,pokemon,24,https://images.tcggo.com/tcggo/storage/3877/silver-tempest-logo.png,Silver Tempest,EUR,1099.33,EUR,1151.88,2022-11-11,2,Sword & Shield,sword-shield,silver-tempest,70,3990,https://images.tcggo.com/tcggo/storage/4013/smeargle-sit-137-silver-tempest-pokemon.png,https://www.tcggo.com/external/cm/3990,https://www.tcggo.com/external/tcgplayer/3990,Smeargle,Smeargle 137,,0.03,0.03,9260,EUR,[],,,,,,,,,,,0.02,0.02,0.02,0.02,0.02,0.02,0.02,0.02,0.02,0.02,,,,,,,,,,,,,,,,,,,,,,,,,,,,,,,,,,,,,,,,,,,,EUR,0.2,0.09,Common,smeargle,Pokémon,https://www.tcggo.com/pokemon/silver-tempest/smeargle-137,swsh12-137,451789,singles,
2026-08-23T17:19:56+02:00,,375,Mitsuhiro Arita,mitsuhiro-arita,SIT 138,138,682185,195,215,SIT,Pokémon,pokemon,24,https://images.tcggo.com/tcggo/storage/3877/silver-tempest-logo.png,Silver Tempest,EUR,1099.33,EUR,1151.88,2022-11-11,2,Sword & Shield,sword-shield,silver-tempest,220,3991,https://images.tcggo.com/tcggo/storage/4014/lugia-v-sit-138-silver-tempest-pokemon.png,https://www.tcggo.com/external/cm/3991,https://www.tcggo.com/external/tcgplayer/3991,Lugia V,Lugia V 138,,20.44,17.22,309,EUR,[],,,,,,,,,,,16.19,13.89,13.89,24.89,24.89,17,27.9,27.9,8.99,8.99,USD,140.08,5,,,22.74,1,31.58,5,,,,,48.92,2,76.29,5,15,1,,,18.08,4,314.14,5,22,3,20.64,5,39.49,5,,,,,187.01,5,,,,,35.24,5,EUR,11.91,8.52,Rare Holo V,lugia-v,Pokémon,https://www.tcggo.com/pokemon/silver-tempest/lugia-v-138,swsh12-138,450289,singles,
2026-08-23T17:19:56+02:00,,384,PLANETA Mochizuki,planeta-mochizuki,SIT 139,139,682186,195,215,SIT,Pokémon,pokemon,24,https://images.tcggo.com/tcggo/storage/3877/silver-tempest-logo.png,Silver Tempest,EUR,1099.33,EUR,1151.88,2022-11-11,2,Sword & Shield,sword-shield,silver-tempest,280,3992,https://images.tcggo.com/tcggo/storage/4015/lugia-vstar-sit-139-silver-tempest-pokemon.png,https://www.tcggo.com/external/cm/3992,https://www.tcggo.com/external/tcgplayer/3992,Lugia VSTAR,Lugia VSTAR 139,,5.56,3.7,560,EUR,,,,,,,,,149,,,2,3.5,3.5,4,4,2,4,5,1.95,1.95,,,,,,,,,,,,,,,,,,,,,,,,,,,,,,,,,,,,,,,,,,,,EUR,5.89,4.27,Rare Holo VSTAR,lugia-vstar,Pokémon,https://www.tcggo.com/pokemon/silver-tempest/lugia-vstar-139,swsh12-139,451396,singles,
2026-08-23T17:19:56+02:00,,434,AKIRA EGAWA,akira-egawa,SIT 140,140,682187,195,215,SIT,Pokémon,pokemon,24,https://images.tcggo.com/tcggo/storage/3877/silver-tempest-logo.png,Silver Tempest,EUR,1099.33,EUR,1151.88,2022-11-11,2,Sword & Shield,sword-shield,silver-tempest,230,3993,https://images.tcggo.com/tcggo/storage/4016/ho-oh-v-sit-140-silver-tempest-pokemon.png,https://www.tcggo.com/external/cm/3993,https://www.tcggo.com/external/tcgplayer/3993,Ho-Oh V,Ho-Oh V 140,,5.81,5.59,306,EUR,[],,,,,,,,,,,3.61,3.9,3.9,4,4,3.93,7,7,2.99,2.99,,,,,,,,,,,,,,,,,,,,,,,,,,,,,,,,,,,,,,,,,,,,EUR,2.63,1.91,Rare Holo V,ho-oh-v,Pokémon,https://www.tcggo.com/pokemon/silver-tempest/ho-oh-v-140,swsh12-140,451790,singles,
2026-08-23T17:19:56+02:00,,377,Souichirou Gunjima,souichirou-gunjima,SIT 141,141,682188,195,215,SIT,Pokémon,pokemon,24,https://images.tcggo.com/tcggo/storage/3877/silver-tempest-logo.png,Silver Tempest,EUR,1099.33,EUR,1151.88,2022-11-11,2,Sword & Shield,sword-shield,silver-tempest,90,3994,https://images.tcggo.com/tcggo/storage/4017/spinda-sit-141-silver-tempest-pokemon.png,https://www.tcggo.com/external/cm/3994,https://www.tcggo.com/external/tcgplayer/3994,Spinda,Spinda 141,,0.03,0.03,9293,EUR,[],,,,,,,,,,,0.02,0.02,0.02,0.02,0.02,0.02,0.02,0.02,0.02,0.02,,,,,,,,,,,,,,,,,,,,,,,,,,,,,,,,,,,,,,,,,,,,EUR,0.2,0.1,Common,spinda,Pokémon,https://www.tcggo.com/pokemon/silver-tempest/spinda-141,swsh12-141,451791,singles,
2026-08-23T17:19:56+02:00,,438,Miki Tanaka,miki-tanaka,SIT 142,142,682189,195,215,SIT,Pokémon,pokemon,24,https://images.tcggo.com/tcggo/storage/3877/silver-tempest-logo.png,Silver Tempest,EUR,1099.33,EUR,1151.88,2022-11-11,2,Sword & Shield,sword-shield,silver-tempest,50,3995,https://images.tcggo.com/tcggo/storage/4018/swablu-sit-142-silver-tempest-pokemon.png,https://www.tcggo.com/external/cm/3995,https://www.tcggo.com/external/tcgplayer/3995,Swablu,Swablu 142,,0.03,0.03,9770,EUR,[],,,,,,,,,,,0.03,0.02,0.02,0.02,0.02,0.02,0.02,0.02,0.02,0.02,,,,,,,,,,,,,,,,,,,,,,,,,,,,,,,,,,,,,,,,,,,,EUR,0.23,0.1,Common,swablu,Pokémon,https://www.tcggo.com/pokemon/silver-tempest/swablu-142,swsh12-142,451792,singles,
2026-08-23T17:19:56+02:00,,379,Sanosuke Sakuma,sanosuke-sakuma,SIT 143,143,682190,195,215,SIT,Pokémon,pokemon,24,https://images.tcggo.com/tcggo/storage/3877/silver-tempest-logo.png,Silver Tempest,EUR,1099.33,EUR,1151.88,2022-11-11,2,Sword & Shield,sword-shield,silver-tempest,110,3996,https://images.tcggo.com/tcggo/storage/4019/altaria-sit-143-silver-tempest-pokemon.png,https://www.tcggo.com/external/cm/3996,https://www.tcggo.com/external/tcgplayer/3996,Altaria,Altaria 143,,0.05,0.06,5287,EUR,[],,,,,,,,,,,0.02,0.02,0.02,0.02,0.02,0.02,0.02,0.02,0.02,0.02,,,,,,,,,,,,,,,,,,,,,,,,,,,,,,,,,,,,,,,,,,,,EUR,0.25,0.14,Uncommon,altaria,Pokémon,https://www.tcggo.com/pokemon/silver-tempest/altaria-143,swsh12-143,451793,singles,
2026-08-23T17:19:56+02:00,,391,saino misaki,saino-misaki,SIT 144,144,682191,195,215,SIT,Pokémon,pokemon,24,https://images.tcggo.com/tcggo/storage/3877/silver-tempest-logo.png,Silver Tempest,EUR,1099.33,EUR,1151.88,2022-11-11,2,Sword & Shield,sword-shield,silver-tempest,60,3997,https://images.tcggo.com/tcggo/storage/4020/buneary-sit-144-silver-tempest-pokemon.png,https://www.tcggo.com/external/cm/3997,https://www.tcggo.com/external/tcgplayer/3997,Buneary,Buneary 144,,0.03,0.03,9419,EUR,[],,,,,,,,,,,0.03,0.02,0.02,0.02,0.02,0.02,0.02,0.02,0.02,0.02,,,,,,,,,,,,,,,,,,,,,,,,,,,,,,,,,,,,,,,,,,,,EUR,0.18,0.09,Common,buneary,Pokémon,https://www.tcggo.com/pokemon/silver-tempest/buneary-144,swsh12-144,451794,singles,
2026-08-23T17:19:56+02:00,,518,Ryuta Fuse,ryuta-fuse,SIT 145,145,682192,195,215,SIT,Pokémon,pokemon,24,https://images.tcggo.com/tcggo/storage/3877/silver-tempest-logo.png,Silver Tempest,EUR,1099.33,EUR,1151.88,2022-11-11,2,Sword & Shield,sword-shield,silver-tempest,110,3998,https://images.tcggo.com/tcggo/storage/4021/lopunny-sit-145-silver-tempest-pokemon.png,https://www.tcggo.com/external/cm/3998,https://www.tcggo.com/external/tcgplayer/3998,Lopunny,Lopunny 145,,0.03,0.04,5878,EUR,[],,,,,,,,,,,0.02,0.02,0.02,0.02,0.02,0.02,0.02,0.02,0.02,0.02,,,,,,,,,,,,,,,,,,,,,,,,,,,,,,,,,,,,,,,,,,,,EUR,0.18,0.1,Uncommon,lopunny,Pokémon,https://www.tcggo.com/pokemon/silver-tempest/lopunny-145,swsh12-145,451795,singles,
2026-08-23T17:19:56+02:00,,492,Misa Tsutsui,misa-tsutsui,SIT 146,146,682193,195,215,SIT,Pokémon,pokemon,24,https://images.tcggo.com/tcggo/storage/3877/silver-tempest-logo.png,Silver Tempest,EUR,1099.33,EUR,1151.88,2022-11-11,2,Sword & Shield,sword-shield,silver-tempest,80,3999,https://images.tcggo.com/tcggo/storage/4022/archen-sit-146-silver-tempest-pokemon.png,https://www.tcggo.com/external/cm/3999,https://www.tcggo.com/external/tcgplayer/3999,Archen,Archen 146,,0.05,0.05,6396,EUR,[],,,,,,,,,,,0.02,0.02,0.02,0.02,0.02,0.02,0.02,0.02,0.02,0.02,,,,,,,,,,,,,,,,,,,,,,,,,,,,,,,,,,,,,,,,,,,,EUR,0.16,0.13,Uncommon,archen,Pokémon,https://www.tcggo.com/pokemon/silver-tempest/archen-146,swsh12-146,451796,singles,
2026-08-23T17:19:56+02:00,,488,Masakazu Fukuda,masakazu-fukuda,SIT 147,147,700347,195,215,SIT,Pokémon,pokemon,24,https://images.tcggo.com/tcggo/storage/3877/silver-tempest-logo.png,Silver Tempest,EUR,1099.33,EUR,1151.88,2022-11-11,2,Sword & Shield,sword-shield,silver-tempest,150,4000,https://images.tcggo.com/tcggo/storage/4023/archeops-sit-147-silver-tempest-pokemon.png,https://www.tcggo.com/external/cm/4000,https://www.tcggo.com/external/tcgplayer/4000,Archeops,Archeops 147,,0.21,0.24,2509,EUR,[],,,,,,,,,,,0.02,0.02,0.02,0.02,0.02,0.02,0.05,0.05,0.02,0.02,,,,,,,,,,,,,,,,,,,,,,,,,,,,,,,,,,,,,,,,,,,,EUR,0.26,0.25,Rare Holo,archeops,Pokémon,https://www.tcggo.com/pokemon/silver-tempest/archeops-147,swsh12-147,450294,singles,
2026-08-23T17:19:56+02:00,,493,kurumitsu,kurumitsu,SIT 148,148,682195,195,215,SIT,Pokémon,pokemon,24,https://images.tcggo.com/tcggo/storage/3877/silver-tempest-logo.png,Silver Tempest,EUR,1099.33,EUR,1151.88,2022-11-11,2,Sword & Shield,sword-shield,silver-tempest,70,4001,https://images.tcggo.com/tcggo/storage/4024/rufflet-sit-148-silver-tempest-pokemon.png,https://www.tcggo.com/external/cm/4001,https://www.tcggo.com/external/tcgplayer/4001,Rufflet,Rufflet 148,,0.03,0.03,9370,EUR,[],,,,,,,,,,,0.02,0.02,0.02,0.02,0.02,0.02,0.02,0.02,0.02,0.02,,,,,,,,,,,,,,,,,,,,,,,,,,,,,,,,,,,,,,,,,,,,EUR,0.15,0.09,Common,rufflet,Pokémon,https://www.tcggo.com/pokemon/silver-tempest/rufflet-148,swsh12-148,451797,singles,
2026-08-23T17:19:56+02:00,,535,Jiro Sasumo,jiro-sasumo,SIT 149,149,682196,195,215,SIT,Pokémon,pokemon,24,https://images.tcggo.com/tcggo/storage/3877/silver-tempest-logo.png,Silver Tempest,EUR,1099.33,EUR,1151.88,2022-11-11,2,Sword & Shield,sword-shield,silver-tempest,120,4002,https://images.tcggo.com/tcggo/storage/4025/hisuian-braviary-sit-149-silver-tempest-pokemon.png,https://www.tcggo.com/external/cm/4002,https://www.tcggo.com/external/tcgplayer/4002,Hisuian Braviary,Hisuian Braviary 149,,0.07,0.07,3644,EUR,[],,,,,,,,,,,0.02,0.02,0.02,0.02,0.02,0.02,0.02,0.02,0.02,0.02,,,,,,,,,,,,,,,,,,,,,,,,,,,,,,,,,,,,,,,,,,,,EUR,0.26,0.15,rare,hisuian-braviary,Pokémon,https://www.tcggo.com/pokemon/silver-tempest/hisuian-braviary-149,swsh12-149,451798,singles,
2026-08-23T17:19:56+02:00,,440,Shibuzoh.,shibuzoh,SIT 150,150,682197,195,215,SIT,Pokémon,pokemon,24,https://images.tcggo.com/tcggo/storage/3877/silver-tempest-logo.png,Silver Tempest,EUR,1099.33,EUR,1151.88,2022-11-11,2,Sword & Shield,sword-shield,silver-tempest,40,4003,https://images.tcggo.com/tcggo/storage/4027/fletchling-sit-150-silver-tempest-pokemon.png,https://www.tcggo.com/external/cm/4003,https://www.tcggo.com/external/tcgplayer/4003,Fletchling,Fletchling 150,,0.03,0.03,13834,EUR,[],,,,,,,,,,,0.02,0.02,0.02,0.02,0.02,0.02,0.02,0.02,0.02,0.02,,,,,,,,,,,,,,,,,,,,,,,,,,,,,,,,,,,,,,,,,,,,EUR,0.14,0.09,Common,fletchling,Pokémon,https://www.tcggo.com/pokemon/silver-tempest/fletchling-150,swsh12-150,451799,singles,
2026-08-23T17:19:56+02:00,,556,Ken Sugimori,ken-sugimori,SIT 151,151,682198,195,215,SIT,Pokémon,pokemon,24,https://images.tcggo.com/tcggo/storage/3877/silver-tempest-logo.png,Silver Tempest,EUR,1099.33,EUR,1151.88,2022-11-11,2,Sword & Shield,sword-shield,silver-tempest,0,4004,https://images.tcggo.com/tcggo/storage/4026/brandon-sit-151-silver-tempest-pokemon.png,https://www.tcggo.com/external/cm/4004,https://www.tcggo.com/external/tcgplayer/4004,Brandon,Brandon 151,,0.03,0.03,9119,EUR,[],,,,,,,,,,,0.02,0.02,0.02,0.02,0.02,0.02,0.02,0.02,0.02,0.02,,,,,,,,,,,,,,,,,,,,,,,,,,,,,,,,,,,,,,,,,,,,EUR,0.19,0.1,Uncommon,brandon,Trainer,https://www.tcggo.com/pokemon/silver-tempest/brandon-151,swsh12-151,451800,singles,
2026-08-23T17:19:56+02:00,,556,Ken Sugimori,ken-sugimori,SIT 152,152,682199,195,215,SIT,Pokémon,pokemon,24,https://images.tcggo.com/tcggo/storage/3877/silver-tempest-logo.png,Silver Tempest,EUR,1099.33,EUR,1151.88,2022-11-11,2,Sword & Shield,sword-shield,silver-tempest,0,4005,https://images.tcggo.com/tcggo/storage/4028/candice-sit-152-silver-tempest-pokemon.png,https://www.tcggo.com/external/cm/4005,https://www.tcggo.com/external/tcgplayer/4005,Candice,Candice 152,,0.05,0.04,7875,EUR,[],,,,,,,,,,,0.03,0.02,0.02,0.02,0.02,0.02,0.02,0.02,0.02,0.02,,,,,,,,,,,,,,,,,,,,,,,,,,,,,,,,,,,,,,,,,,,,EUR,0.26,0.13,Uncommon,candice,Trainer,https://www.tcggo.com/pokemon/silver-tempest/candice-152,swsh12-152,451397,singles,
2026-08-23T17:19:56+02:00,,549,sadaji,sadaji,SIT 153,153,682200,195,215,SIT,Pokémon,pokemon,24,https://images.tcggo.com/tcggo/storage/3877/silver-tempest-logo.png,Silver Tempest,EUR,1099.33,EUR,1151.88,2022-11-11,2,Sword & Shield,sword-shield,silver-tempest,0,4006,https://images.tcggo.com/tcggo/storage/4029/capturing-aroma-sit-153-silver-tempest-pokemon.png,https://www.tcggo.com/external/cm/4006,https://www.tcggo.com/external/tcgplayer/4006,Capturing Aroma,Capturing Aroma 153,,0.07,0.07,6028,EUR,[],,,,,,,,,,,0.03,0.02,0.02,0.02,0.02,0.02,0.02,0.02,0.02,0.02,,,,,,,,,,,,,,,,,,,,,,,,,,,,,,,,,,,,,,,,,,,,EUR,0.22,0.15,Uncommon,capturing-aroma,Trainer,https://www.tcggo.com/pokemon/silver-tempest/capturing-aroma-153,swsh12-153,451801,singles,
2026-08-23T17:19:56+02:00,,453,AYUMI ODASHIMA,ayumi-odashima,SIT 154,154,682201,195,215,SIT,Pokémon,pokemon,24,https://images.tcggo.com/tcggo/storage/3877/silver-tempest-logo.png,Silver Tempest,EUR,1099.33,EUR,1151.88,2022-11-11,2,Sword & Shield,sword-shield,silver-tempest,0,4007,https://images.tcggo.com/tcggo/storage/4030/earthen-seal-stone-sit-154-silver-tempest-pokemon.png,https://www.tcggo.com/external/cm/4007,https://www.tcggo.com/external/tcgplayer/4007,Earthen Seal Stone,Earthen Seal Stone 154,,0.16,0.14,2903,EUR,[],,,,,,,,,,,0.02,0.02,0.02,0.02,0.02,0.02,0.02,0.02,0.02,0.02,,,,,,,,,,,,,,,,,,,,,,,,,,,,,,,,,,,,,,,,,,,,EUR,0.2,0.2,Rare Holo,earthen-seal-stone,Trainer,https://www.tcggo.com/pokemon/silver-tempest/earthen-seal-stone-154,swsh12-154,451802,singles,
2026-08-23T17:19:56+02:00,,453,AYUMI ODASHIMA,ayumi-odashima,SIT 155,155,682202,195,215,SIT,Pokémon,pokemon,24,https://images.tcggo.com/tcggo/storage/3877/silver-tempest-logo.png,Silver Tempest,EUR,1099.33,EUR,1151.88,2022-11-11,2,Sword & Shield,sword-shield,silver-tempest,0,4008,https://images.tcggo.com/tcggo/storage/4031/emergency-jelly-sit-155-silver-tempest-pokemon.png,https://www.tcggo.com/external/cm/4008,https://www.tcggo.com/external/tcgplayer/4008,Emergency Jelly,Emergency Jelly 155,,0.03,0.04,7299,EUR,[],,,,,,,,,,,0.02,0.02,0.02,0.02,0.02,0.02,0.02,0.02,0.02,0.02,,,,,,,,,,,,,,,,,,,,,,,,,,,,,,,,,,,,,,,,,,,,EUR,0.32,0.13,Uncommon,emergency-jelly,Trainer,https://www.tcggo.com/pokemon/silver-tempest/emergency-jelly-155,swsh12-155,451803,singles,
2026-08-23T17:19:56+02:00,,453,AYUMI ODASHIMA,ayumi-odashima,SIT 156,156,682203,195,215,SIT,Pokémon,pokemon,24,https://images.tcggo.com/tcggo/storage/3877/silver-tempest-logo.png,Silver Tempest,EUR,1099.33,EUR,1151.88,2022-11-11,2,Sword & Shield,sword-shield,silver-tempest,0,4009,https://images.tcggo.com/tcggo/storage/4032/forest-seal-stone-sit-156-silver-tempest-pokemon.png,https://www.tcggo.com/external/cm/4009,https://www.tcggo.com/external/tcgplayer/4009,Forest Seal Stone,Forest Seal Stone 156,,0.5,0.6,1286,EUR,[],,,,,,,,,,,0.03,0.05,0.05,0.05,0.05,0.02,0.02,0.02,0.02,0.02,,,,,,,,,,,,,,,,,,,,,,,,,,,,,,,,,,,,,,,,,,,,EUR,0.26,0.34,Rare Holo,forest-seal-stone,Trainer,https://www.tcggo.com/pokemon/silver-tempest/forest-seal-stone-156,swsh12-156,451804,singles,
2026-08-23T17:19:56+02:00,,557,Yusuke Ohmura,yusuke-ohmura,SIT 157,157,682204,195,215,SIT,Pokémon,pokemon,24,https://images.tcggo.com/tcggo/storage/3877/silver-tempest-logo.png,Silver Tempest,EUR,1099.33,EUR,1151.88,2022-11-11,2,Sword & Shield,sword-shield,silver-tempest,0,4010,https://images.tcggo.com/tcggo/storage/4033/furisode-girl-sit-157-silver-tempest-pokemon.png,https://www.tcggo.com/external/cm/4010,https://www.tcggo.com/external/tcgplayer/4010,Furisode Girl,Furisode Girl 157,,0.04,0.08,9143,EUR,[],,,,,,,,,,,0.02,0.02,0.02,0.02,0.02,0.02,0.02,0.02,0.02,0.02,,,,,,,,,,,,,,,,,,,,,,,,,,,,,,,,,,,,,,,,,,,,EUR,0.17,0.1,Uncommon,furisode-girl,Trainer,https://www.tcggo.com/pokemon/silver-tempest/furisode-girl-157,swsh12-157,451805,singles,
2026-08-23T17:19:56+02:00,,456,Hideki Ishikawa,hideki-ishikawa,SIT 158,158,682205,195,215,SIT,Pokémon,pokemon,24,https://images.tcggo.com/tcggo/storage/3877/silver-tempest-logo.png,Silver Tempest,EUR,1099.33,EUR,1151.88,2022-11-11,2,Sword & Shield,sword-shield,silver-tempest,0,4011,https://images.tcggo.com/tcggo/storage/4034/gym-trainer-sit-158-silver-tempest-pokemon.png,https://www.tcggo.com/external/cm/4011,https://www.tcggo.com/external/tcgplayer/4011,Gym Trainer,Gym Trainer 158,,0.04,0.04,8924,EUR,[],,,,,,,,,,,0.02,0.02,0.02,0.02,0.02,0.02,0.02,0.02,0.02,0.02,,,,,,,,,,,,,,,,,,,,,,,,,,,,,,,,,,,,,,,,,,,,EUR,0.15,0.12,Uncommon,gym-trainer,Trainer,https://www.tcggo.com/pokemon/silver-tempest/gym-trainer-158,swsh12-158,451806,singles,
2026-08-23T17:19:56+02:00,,556,Ken Sugimori,ken-sugimori,SIT 159,159,682206,195,215,SIT,Pokémon,pokemon,24,https://images.tcggo.com/tcggo/storage/3877/silver-tempest-logo.png,Silver Tempest,EUR,1099.33,EUR,1151.88,2022-11-11,2,Sword & Shield,sword-shield,silver-tempest,0,4012,https://images.tcggo.com/tcggo/storage/4035/lance-sit-159-silver-tempest-pokemon.png,https://www.tcggo.com/external/cm/4012,https://www.tcggo.com/external/tcgplayer/4012,Lance,Lance 159,,0.03,0.04,10405,EUR,[],,,,,,,,,,,0.03,0.02,0.02,0.02,0.02,0.02,0.02,0.02,0.02,0.02,,,,,,,,,,,,,,,,,,,,,,,,,,,,,,,,,,,,,,,,,,,,EUR,0.21,0.13,Uncommon,lance,Trainer,https://www.tcggo.com/pokemon/silver-tempest/lance-159,swsh12-159,451807,singles,
2026-08-23T17:19:56+02:00,,461,Studio Bora Inc.,studio-bora-inc,SIT 160,160,682207,195,215,SIT,Pokémon,pokemon,24,https://images.tcggo.com/tcggo/storage/3877/silver-tempest-logo.png,Silver Tempest,EUR,1099.33,EUR,1151.88,2022-11-11,2,Sword & Shield,sword-shield,silver-tempest,0,4013,https://images.tcggo.com/tcggo/storage/4036/leafy-camo-poncho-sit-160-silver-tempest-pokemon.png,https://www.tcggo.com/external/cm/4013,https://www.tcggo.com/external/tcgplayer/4013,Leafy Camo Poncho,Leafy Camo Poncho 160,,0.04,0.03,8561,EUR,[],,,,,,,,,,,0.02,0.02,0.02,0.02,0.02,0.02,0.02,0.02,0.02,0.02,,,,,,,,,,,,,,,,,,,,,,,,,,,,,,,,,,,,,,,,,,,,EUR,0.15,0.09,Uncommon,leafy-camo-poncho,Trainer,https://www.tcggo.com/pokemon/silver-tempest/leafy-camo-poncho-160,swsh12-160,451808,singles,
2026-08-23T17:19:56+02:00,,453,AYUMI ODASHIMA,ayumi-odashima,SIT 161,161,682208,195,215,SIT,Pokémon,pokemon,24,https://images.tcggo.com/tcggo/storage/3877/silver-tempest-logo.png,Silver Tempest,EUR,1099.33,EUR,1151.88,2022-11-11,2,Sword & Shield,sword-shield,silver-tempest,0,4014,https://images.tcggo.com/tcggo/storage/4037/primordial-altar-sit-161-silver-tempest-pokemon.png,https://www.tcggo.com/external/cm/4014,https://www.tcggo.com/external/tcgplayer/4014,Primordial Altar,Primordial Altar 161,,0.03,0.03,9137,EUR,[],,,,,,,,,,,0.02,0.02,0.02,0.02,0.02,0.02,0.02,0.02,0.02,0.02,,,,,,,,,,,,,,,,,,,,,,,,,,,,,,,,,,,,,,,,,,,,EUR,0.16,0.1,Uncommon,primordial-altar,Trainer,https://www.tcggo.com/pokemon/silver-tempest/primordial-altar-161,swsh12-161,451809,singles,
2026-08-23T17:19:56+02:00,,556,Ken Sugimori,ken-sugimori,SIT 162,162,682209,195,215,SIT,Pokémon,pokemon,24,https://images.tcggo.com/tcggo/storage/3877/silver-tempest-logo.png,Silver Tempest,EUR,1099.33,EUR,1151.88,2022-11-11,2,Sword & Shield,sword-shield,silver-tempest,0,4015,https://images.tcggo.com/tcggo/storage/4038/professor-laventon-sit-162-silver-tempest-pokemon.png,https://www.tcggo.com/external/cm/4015,https://www.tcggo.com/external/tcgplayer/4015,Professor Laventon,Professor Laventon 162,,0.03,0.03,9113,EUR,[],,,,,,,,,,,0.02,0.02,0.02,0.02,0.02,0.02,0.02,0.02,0.02,0.02,,,,,,,,,,,,,,,,,,,,,,,,,,,,,,,,,,,,,,,,,,,,EUR,0.13,0.1,Uncommon,professor-laventon,Trainer,https://www.tcggo.com/pokemon/silver-tempest/professor-laventon-162,swsh12-162,451810,singles,
2026-08-23T17:19:56+02:00,,549,sadaji,sadaji,SIT 163,163,682210,195,215,SIT,Pokémon,pokemon,24,https://images.tcggo.com/tcggo/storage/3877/silver-tempest-logo.png,Silver Tempest,EUR,1099.33,EUR,1151.88,2022-11-11,2,Sword & Shield,sword-shield,silver-tempest,0,4016,https://images.tcggo.com/tcggo/storage/4039/quad-stone-sit-163-silver-tempest-pokemon.png,https://www.tcggo.com/external/cm/4016,https://www.tcggo.com/external/tcgplayer/4016,Quad Stone,Quad Stone 163,,0.03,0.03,8209,EUR,[],,,,,,,,,,,0.02,0.02,0.02,0.02,0.02,0.02,0.02,0.02,0.02,0.02,,,,,,,,,,,,,,,,,,,,,,,,,,,,,,,,,,,,,,,,,,,,EUR,0.21,0.09,Uncommon,quad-stone,Trainer,https://www.tcggo.com/pokemon/silver-tempest/quad-stone-163,swsh12-163,451811,singles,
2026-08-23T17:19:56+02:00,,556,Ken Sugimori,ken-sugimori,SIT 164,164,682211,195,215,SIT,Pokémon,pokemon,24,https://images.tcggo.com/tcggo/storage/3877/silver-tempest-logo.png,Silver Tempest,EUR,1099.33,EUR,1151.88,2022-11-11,2,Sword & Shield,sword-shield,silver-tempest,0,4017,https://images.tcggo.com/tcggo/storage/4040/serena-sit-164-silver-tempest-pokemon.png,https://www.tcggo.com/external/cm/4017,https://www.tcggo.com/external/tcgplayer/4017,Serena,Serena 164,,0.05,0.06,10759,EUR,[],,,,,,,,,,,0.03,0.02,0.02,0.02,0.02,0.02,0.02,0.02,0.02,0.02,,,,,,,,,,,,,,,,,,,,,,,,,,,,,,,,,,,,,,,,,,,,EUR,0.26,0.13,Uncommon,serena,Trainer,https://www.tcggo.com/pokemon/silver-tempest/serena-164,swsh12-164,451812,singles,
2026-08-23T17:19:56+02:00,,453,AYUMI ODASHIMA,ayumi-odashima,SIT 165,165,682212,195,215,SIT,Pokémon,pokemon,24,https://images.tcggo.com/tcggo/storage/3877/silver-tempest-logo.png,Silver Tempest,EUR,1099.33,EUR,1151.88,2022-11-11,2,Sword & Shield,sword-shield,silver-tempest,0,4018,https://images.tcggo.com/tcggo/storage/4041/unidentified-fossil-sit-165-silver-tempest-pokemon.png,https://www.tcggo.com/external/cm/4018,https://www.tcggo.com/external/tcgplayer/4018,Unidentified Fossil,Unidentified Fossil 165,,0.04,0.04,13772,EUR,[],,,,,,,,,,,0.02,0.02,0.02,0.02,0.02,0.02,0.02,0.02,0.02,0.02,,,,,,,,,,,,,,,,,,,,,,,,,,,,,,,,,,,,,,,,,,,,EUR,0.23,0.09,Uncommon,unidentified-fossil,Trainer,https://www.tcggo.com/pokemon/silver-tempest/unidentified-fossil-165,swsh12-165,451813,singles,
2026-08-23T17:19:56+02:00,,520,Megumi Mizutani,megumi-mizutani,SIT 166,166,682213,195,215,SIT,Pokémon,pokemon,24,https://images.tcggo.com/tcggo/storage/3877/silver-tempest-logo.png,Silver Tempest,EUR,1099.33,EUR,1151.88,2022-11-11,2,Sword & Shield,sword-shield,silver-tempest,0,4019,https://images.tcggo.com/tcggo/storage/4042/wallace-sit-166-silver-tempest-pokemon.png,https://www.tcggo.com/external/cm/4019,https://www.tcggo.com/external/tcgplayer/4019,Wallace,Wallace 166,,0.03,0.03,9419,EUR,[],,,,,,,,,,,0.02,0.02,0.02,0.02,0.02,0.02,0.02,0.02,0.02,0.02,,,,,,,,,,,,,,,,,,,,,,,,,,,,,,,,,,,,,,,,,,,,EUR,0.21,0.13,Uncommon,wallace,Trainer,https://www.tcggo.com/pokemon/silver-tempest/wallace-166,swsh12-166,451814,singles,
2026-08-23T17:19:56+02:00,,379,Sanosuke Sakuma,sanosuke-sakuma,SIT 167,167,682214,195,215,SIT,Pokémon,pokemon,24,https://images.tcggo.com/tcggo/storage/3877/silver-tempest-logo.png,Silver Tempest,EUR,1099.33,EUR,1151.88,2022-11-11,2,Sword & Shield,sword-shield,silver-tempest,0,4020,https://images.tcggo.com/tcggo/storage/4043/worker-sit-167-silver-tempest-pokemon.png,https://www.tcggo.com/external/cm/4020,https://www.tcggo.com/external/tcgplayer/4020,Worker,Worker 167,,0.04,0.07,7474,EUR,[],,,,,,,,,,,0.02,0.02,0.02,0.02,0.02,0.02,0.02,0.02,0.02,0.02,,,,,,,,,,,,,,,,,,,,,,,,,,,,,,,,,,,,,,,,,,,,EUR,0.18,0.13,Uncommon,worker,Trainer,https://www.tcggo.com/pokemon/silver-tempest/worker-167,swsh12-167,451815,singles,
2026-08-23T17:19:56+02:00,,,,,SIT 168,168,682215,195,215,SIT,Pokémon,pokemon,24,https://images.tcggo.com/tcggo/storage/3877/silver-tempest-logo.png,Silver Tempest,EUR,1099.33,EUR,1151.88,2022-11-11,2,Sword & Shield,sword-shield,silver-tempest,0,4021,https://images.tcggo.com/tcggo/storage/4045/regenerative-energy-sit-168-silver-tempest-pokemon.png,https://www.tcggo.com/external/cm/4021,https://www.tcggo.com/external/tcgplayer/4021,Regenerative Energy,Regenerative Energy 168,,0.03,0.03,8692,EUR,[],,,,,,,,,,,0.02,0.02,0.02,0.02,0.02,0.02,0.02,0.02,0.02,0.02,,,,,,,,,,,,,,,,,,,,,,,,,,,,,,,,,,,,,,,,,,,,EUR,0.15,0.13,Uncommon,regenerative-energy,Energy,https://www.tcggo.com/pokemon/silver-tempest/regenerative-energy-168,swsh12-168,451816,singles,
2026-08-23T17:19:56+02:00,,,,,SIT 169,169,682216,195,215,SIT,Pokémon,pokemon,24,https://images.tcggo.com/tcggo/storage/3877/silver-tempest-logo.png,Silver Tempest,EUR,1099.33,EUR,1151.88,2022-11-11,2,Sword & Shield,sword-shield,silver-tempest,0,4022,https://images.tcggo.com/tcggo/storage/4044/v-guard-energy-sit-169-silver-tempest-pokemon.png,https://www.tcggo.com/external/cm/4022,https://www.tcggo.com/external/tcgplayer/4022,V Guard Energy,V Guard Energy 169,,0.04,0.04,7506,EUR,[],,,,,,,,,,,0.02,0.02,0.02,0.02,0.02,0.02,0.02,0.02,0.02,0.02,,,,,,,,,,,,,,,,,,,,,,,,,,,,,,,,,,,,,,,,,,,,EUR,0.22,0.13,Uncommon,v-guard-energy,Energy,https://www.tcggo.com/pokemon/silver-tempest/v-guard-energy-169,swsh12-169,451817,singles,
2026-08-23T17:19:56+02:00,,517,Ayaka Yoshida,ayaka-yoshida,SIT 170,170,682217,195,215,SIT,Pokémon,pokemon,24,https://images.tcggo.com/tcggo/storage/3877/silver-tempest-logo.png,Silver Tempest,EUR,1099.33,EUR,1151.88,2022-11-11,2,Sword & Shield,sword-shield,silver-tempest,210,4023,https://images.tcggo.com/tcggo/storage/4046/serperior-v-sit-170-silver-tempest-pokemon.png,https://www.tcggo.com/external/cm/4023,https://www.tcggo.com/external/tcgplayer/4023,Serperior V,Serperior V 170,,2.74,2.84,512,EUR,[],,,,,,,,,,,2,1.97,1.97,2.98,2.98,2.35,4,4,2,2,,,,,,,,,,,,,,,,,,,,,,,,,,,,,,,,,,,,,,,,,,,,EUR,1.9,1.85,Rare Ultra,serperior-v,Pokémon,https://www.tcggo.com/pokemon/silver-tempest/serperior-v-170,swsh12-170,451818,singles,
2026-08-23T17:19:56+02:00,,489,N-DESIGN Inc.,n-design-inc,SIT 171,171,682218,195,215,SIT,Pokémon,pokemon,24,https://images.tcggo.com/tcggo/storage/3877/silver-tempest-logo.png,Silver Tempest,EUR,1099.33,EUR,1151.88,2022-11-11,2,Sword & Shield,sword-shield,silver-tempest,230,4024,https://images.tcggo.com/tcggo/storage/4047/chesnaught-v-sit-171-silver-tempest-pokemon.png,https://www.tcggo.com/external/cm/4024,https://www.tcggo.com/external/tcgplayer/4024,Chesnaught V,Chesnaught V 171,,2.49,2.68,316,EUR,[],,,,,,,,,,,2,1.74,1.74,3,3,2,3,3,0.99,0.99,,,,,,,,,,,,,,,,,,,,,,,,,,,,,,,,,,,,,,,,,,,,EUR,1.95,1.7,Rare Ultra,chesnaught-v,Pokémon,https://www.tcggo.com/pokemon/silver-tempest/chesnaught-v-171,swsh12-171,451819,singles,
2026-08-23T17:19:56+02:00,,489,N-DESIGN Inc.,n-design-inc,SIT 172,172,682219,195,215,SIT,Pokémon,pokemon,24,https://images.tcggo.com/tcggo/storage/3877/silver-tempest-logo.png,Silver Tempest,EUR,1099.33,EUR,1151.88,2022-11-11,2,Sword & Shield,sword-shield,silver-tempest,220,4025,https://images.tcggo.com/tcggo/storage/4048/reshiram-v-sit-172-silver-tempest-pokemon.png,https://www.tcggo.com/external/cm/4025,https://www.tcggo.com/external/tcgplayer/4025,Reshiram V,Reshiram V 172,,5.69,6.34,203,EUR,,,,,,,,,219,,115,4.5,4.9,4.9,5.89,5.89,4.5,7.99,7.99,3.84,3.84,USD,,,,,,,,,,,,,,,,,,,,,,,59.99,5,,,19.99,1,24.98,5,,,,,74.99,1,,,,,,,EUR,5.8,4.79,Rare Ultra,reshiram-v,Pokémon,https://www.tcggo.com/pokemon/silver-tempest/reshiram-v-172,swsh12-172,451820,singles,
2026-08-23T17:19:56+02:00,,380,5ban Graphics,5ban-graphics,SIT 173,173,682220,195,215,SIT,Pokémon,pokemon,24,https://images.tcggo.com/tcggo/storage/3877/silver-tempest-logo.png,Silver Tempest,EUR,1099.33,EUR,1151.88,2022-11-11,2,Sword & Shield,sword-shield,silver-tempest,190,4026,https://images.tcggo.com/tcggo/storage/4049/alolan-vulpix-v-sit-173-silver-tempest-pokemon.png,https://www.tcggo.com/external/cm/4026,https://www.tcggo.com/external/tcgplayer/4026,Alolan Vulpix V,Alolan Vulpix V 173,,7.31,8.53,180,EUR,,,,,,,,,54,,22,5,5.39,5.39,6.99,6.99,5,10,10,3.89,3.89,USD,,,,,,,,,,,,,,,24,5,,,,,,,80,3,,,,,23.5,4,,,,,,,,,,,,,EUR,10.67,7.86,Rare Ultra,alolan-vulpix-v,Pokémon,https://www.tcggo.com/pokemon/silver-tempest/alolan-vulpix-v-173,swsh12-173,451821,singles,
2026-08-23T17:19:56+02:00,,526,Saki Hayashiro,saki-hayashiro,SIT 174,174,682221,195,215,SIT,Pokémon,pokemon,24,https://images.tcggo.com/tcggo/storage/3877/silver-tempest-logo.png,Silver Tempest,EUR,1099.33,EUR,1151.88,2022-11-11,2,Sword & Shield,sword-shield,silver-tempest,190,4027,https://images.tcggo.com/tcggo/storage/4050/omastar-v-sit-174-silver-tempest-pokemon.png,https://www.tcggo.com/external/cm/4027,https://www.tcggo.com/external/tcgplayer/4027,Omastar V,Omastar V 174,,3.2,3.71,261,EUR,[],,,,,,,,,,,2.8,2.1,2.1,1.49,1.49,2.8,3.9,3.9,1.49,1.49,,,,,,,,,,,,,,,,,,,,,,,,,,,,,,,,,,,,,,,,,,,,EUR,2.43,1.9,Rare Ultra,omastar-v,Pokémon,https://www.tcggo.com/pokemon/silver-tempest/omastar-v-174,swsh12-174,451822,singles,
2026-08-23T17:19:56+02:00,,457,Eske Yoshinob,eske-yoshinob,SIT 175,175,682222,195,215,SIT,Pokémon,pokemon,24,https://images.tcggo.com/tcggo/storage/3877/silver-tempest-logo.png,Silver Tempest,EUR,1099.33,EUR,1151.88,2022-11-11,2,Sword & Shield,sword-shield,silver-tempest,200,4028,https://images.tcggo.com/tcggo/storage/4051/regieleki-v-sit-175-silver-tempest-pokemon.png,https://www.tcggo.com/external/cm/4028,https://www.tcggo.com/external/tcgplayer/4028,Regieleki V,Regieleki V 175,,2.5,3.16,320,EUR,[],,,,,,,,,,,1.87,1.39,1.39,3.75,3.75,1.87,4.99,4.99,1.49,1.49,,,,,,,,,,,,,,,,,,,,,,,,,,,,,,,,,,,,,,,,,,,,EUR,2.25,1.91,Rare Ultra,regieleki-v,Pokémon,https://www.tcggo.com/pokemon/silver-tempest/regieleki-v-175,swsh12-175,451823,singles,
2026-08-23T17:19:56+02:00,,489,N-DESIGN Inc.,n-design-inc,SIT 176,176,682223,195,215,SIT,Pokémon,pokemon,24,https://images.tcggo.com/tcggo/storage/3877/silver-tempest-logo.png,Silver Tempest,EUR,1099.33,EUR,1151.88,2022-11-11,2,Sword & Shield,sword-shield,silver-tempest,180,4029,https://images.tcggo.com/tcggo/storage/4052/unown-v-sit-176-silver-tempest-pokemon.png,https://www.tcggo.com/external/cm/4029,https://www.tcggo.com/external/tcgplayer/4029,Unown V,Unown V 176,,3.45,3.59,253,EUR,,,,,,,,,50,,,2.7,2.7,2.7,4.5,4.5,2.7,6,6,1.95,1.95,,,,,,,,,,,,,,,,,,,,,,,,,,,,,,,,,,,,,,,,,,,,EUR,3.15,2.62,Rare Ultra,unown-v,Pokémon,https://www.tcggo.com/pokemon/silver-tempest/unown-v-176,swsh12-176,451824,singles,
2026-08-23T17:19:56+02:00,,364,Toshinao Aoki,toshinao-aoki,SIT 177,177,682224,195,215,SIT,Pokémon,pokemon,24,https://images.tcggo.com/tcggo/storage/3877/silver-tempest-logo.png,Silver Tempest,EUR,1099.33,EUR,1151.88,2022-11-11,2,Sword & Shield,sword-shield,silver-tempest,180,4030,https://images.tcggo.com/tcggo/storage/4053/unown-v-sit-177-silver-tempest-pokemon.png,https://www.tcggo.com/external/cm/4030,https://www.tcggo.com/external/tcgplayer/4030,Unown V,Unown V 177,,26.65,26.75,193,EUR,,,,,,,,49,125,,49,24.99,22.99,22.99,24.89,24.89,24.99,40,43.99,16.5,16.5,USD,70,5,,,,,33.65,5,186.89,1,,,,,60.11,5,,,,,26.91,5,90.09,5,,,22.49,5,24.22,5,,,,,85.79,4,,,,,22.97,2,EUR,26.21,21.48,Rare Ultra,unown-v,Pokémon,https://www.tcggo.com/pokemon/silver-tempest/unown-v-177,swsh12-177,451825,singles,
2026-08-23T17:19:56+02:00,,490,takuyoa,takuyoa,SIT 178,178,719417,195,215,SIT,Pokémon,pokemon,24,https://images.tcggo.com/tcggo/storage/3877/silver-tempest-logo.png,Silver Tempest,EUR,1099.33,EUR,1151.88,2022-11-11,2,Sword & Shield,sword-shield,silver-tempest,200,4031,https://images.tcggo.com/tcggo/storage/4054/mawile-v-sit-178-silver-tempest-pokemon.png,https://www.tcggo.com/external/cm/4031,https://www.tcggo.com/external/tcgplayer/4031,Mawile V,Mawile V 178,,3.06,3.63,280,EUR,[],,,,,,,,,,,1.9,1.5,1.5,2.95,2.95,1.9,4.5,4.5,1.19,1.19,,,,,,,,,,,,,,,,,,,,,,,,,,,,,,,,,,,,,,,,,,,,EUR,2.36,1.71,Rare Ultra,mawile-v,Pokémon,https://www.tcggo.com/pokemon/silver-tempest/mawile-v-178,swsh12-178,451826,singles,
2026-08-23T17:19:56+02:00,,380,5ban Graphics,5ban-graphics,SIT 179,179,682226,195,215,SIT,Pokémon,pokemon,24,https://images.tcggo.com/tcggo/storage/3877/silver-tempest-logo.png,Silver Tempest,EUR,1099.33,EUR,1151.88,2022-11-11,2,Sword & Shield,sword-shield,silver-tempest,230,4032,https://images.tcggo.com/tcggo/storage/4055/hisuian-arcanine-v-sit-179-silver-tempest-pokemon.png,https://www.tcggo.com/external/cm/4032,https://www.tcggo.com/external/tcgplayer/4032,Hisuian Arcanine V,Hisuian Arcanine V 179,,4.65,3.76,274,EUR,,,,,,,,,145,,,2.5,2.9,2.9,3,3,2.65,6.5,6.5,1.45,1.45,USD,,,,,,,,,,,,,,,28.98,2,,,,,,,55,5,,,,,15.99,3,,,,,,,,,,,,,EUR,5.08,2.68,Rare Ultra,hisuian-arcanine-v,Pokémon,https://www.tcggo.com/pokemon/silver-tempest/hisuian-arcanine-v-179,swsh12-179,451827,singles,
2026-08-23T17:19:56+02:00,,380,5ban Graphics,5ban-graphics,SIT 180,180,682227,195,215,SIT,Pokémon,pokemon,24,https://images.tcggo.com/tcggo/storage/3877/silver-tempest-logo.png,Silver Tempest,EUR,1099.33,EUR,1151.88,2022-11-11,2,Sword & Shield,sword-shield,silver-tempest,210,4033,https://images.tcggo.com/tcggo/storage/4056/skuntank-v-sit-180-silver-tempest-pokemon.png,https://www.tcggo.com/external/cm/4033,https://www.tcggo.com/external/tcgplayer/4033,Skuntank V,Skuntank V 180,,2.24,2.35,374,EUR,[],,,,,,,,,,,1.4,0.5,0.5,1.38,1.38,1.4,3.5,3.5,0.99,0.99,,,,,,,,,,,,,,,,,,,,,,,,,,,,,,,,,,,,,,,,,,,,EUR,1.4,1.28,Rare Ultra,skuntank-v,Pokémon,https://www.tcggo.com/pokemon/silver-tempest/skuntank-v-180,swsh12-180,451828,singles,
2026-08-23T17:19:56+02:00,,535,Jiro Sasumo,jiro-sasumo,SIT 181,181,682228,195,215,SIT,Pokémon,pokemon,24,https://images.tcggo.com/tcggo/storage/3877/silver-tempest-logo.png,Silver Tempest,EUR,1099.33,EUR,1151.88,2022-11-11,2,Sword & Shield,sword-shield,silver-tempest,210,4034,https://images.tcggo.com/tcggo/storage/4057/skuntank-v-sit-181-silver-tempest-pokemon.png,https://www.tcggo.com/external/cm/4034,https://www.tcggo.com/external/tcgplayer/4034,Skuntank V,Skuntank V 181,,12.18,11.53,268,EUR,,,,,,59,,,70,,,9,8.99,10.5,14.95,14.95,9,19,19,6.89,6.89,USD,30.42,2,,,,,,,,,8.6,1,,,38.88,5,,,,,10.03,3,53.83,5,,,10.91,2,19.44,5,24.52,3,,,,,,,,,,,EUR,10.21,7.68,Rare Ultra,skuntank-v,Pokémon,https://www.tcggo.com/pokemon/silver-tempest/skuntank-v-181,swsh12-181,451829,singles,
2026-08-23T17:19:56+02:00,,489,N-DESIGN Inc.,n-design-inc,SIT 182,182,682229,195,215,SIT,Pokémon,pokemon,24,https://images.tcggo.com/tcggo/storage/3877/silver-tempest-logo.png,Silver Tempest,EUR,1099.33,EUR,1151.88,2022-11-11,2,Sword & Shield,sword-shield,silver-tempest,210,4035,https://images.tcggo.com/tcggo/storage/4058/magearna-v-sit-182-silver-tempest-pokemon.png,https://www.tcggo.com/external/cm/4035,https://www.tcggo.com/external/tcgplayer/4035,Magearna V,Magearna V 182,,2.52,2.73,329,EUR,[],,,,,,,,,,,1.49,1.69,1.69,2,2,1.49,3,3,1,1,USD,,,,,,,,,,,,,,,,,,,,,,,47,2,,,,,10.97,1,,,,,,,,,,,,,EUR,1.61,1.68,Rare Ultra,magearna-v,Pokémon,https://www.tcggo.com/pokemon/silver-tempest/magearna-v-182,swsh12-182,451830,singles,
2026-08-23T17:19:56+02:00,,489,N-DESIGN Inc.,n-design-inc,SIT 183,183,682230,195,215,SIT,Pokémon,pokemon,24,https://images.tcggo.com/tcggo/storage/3877/silver-tempest-logo.png,Silver Tempest,EUR,1099.33,EUR,1151.88,2022-11-11,2,Sword & Shield,sword-shield,silver-tempest,220,4036,https://images.tcggo.com/tcggo/storage/4059/regidrago-v-sit-183-silver-tempest-pokemon.png,https://www.tcggo.com/external/cm/4036,https://www.tcggo.com/external/tcgplayer/4036,Regidrago V,Regidrago V 183,,2.86,3.24,311,EUR,,,,,,,,,70,,30,1.99,1.75,1.75,2.5,2.5,1.99,3,3,1.4,1.4,,,,,,,,,,,,,,,,,,,,,,,,,,,,,,,,,,,,,,,,,,,,EUR,1.78,2.03,Rare Ultra,regidrago-v,Pokémon,https://www.tcggo.com/pokemon/silver-tempest/regidrago-v-183,swsh12-183,451831,singles,
2026-08-23T17:19:56+02:00,,555,Hataya,hataya,SIT 184,184,682279,195,215,SIT,Pokémon,pokemon,24,https://images.tcggo.com/tcggo/storage/3877/silver-tempest-logo.png,Silver Tempest,EUR,1099.33,EUR,1151.88,2022-11-11,2,Sword & Shield,sword-shield,silver-tempest,220,4037,https://images.tcggo.com/tcggo/storage/4060/regidrago-v-sit-184-silver-tempest-pokemon.png,https://www.tcggo.com/external/cm/4037,https://www.tcggo.com/external/tcgplayer/4037,Regidrago V,Regidrago V 184,,29.1,27.79,255,EUR,,,,400,,,,,125,,44,23.73,20,20,24.95,24.95,23.75,43,43.5,14.99,14.99,USD,57.02,5,,,,,31.58,3,153.5,1,,,,,58.87,5,,,,,35.68,5,115.96,5,16.06,1,13.75,5,25.2,5,,,,,110.75,2,,,,,29.99,1,EUR,24.85,19.87,Rare Ultra,regidrago-v,Pokémon,https://www.tcggo.com/pokemon/silver-tempest/regidrago-v-184,swsh12-184,451832,singles,
2026-08-23T17:19:56+02:00,,380,5ban Graphics,5ban-graphics,SIT 185,185,682232,195,215,SIT,Pokémon,pokemon,24,https://images.tcggo.com/tcggo/storage/3877/silver-tempest-logo.png,Silver Tempest,EUR,1099.33,EUR,1151.88,2022-11-11,2,Sword & Shield,sword-shield,silver-tempest,220,4038,https://images.tcggo.com/tcggo/storage/4061/lugia-v-sit-185-silver-tempest-pokemon.png,https://www.tcggo.com/external/cm/4038,https://www.tcggo.com/external/tcgplayer/4038,Lugia V,Lugia V 185,,14.16,14.16,252,EUR,,,,,,,,,39,60,45,13,13.99,13.99,15,15,14,23.5,24,7.9,7.9,USD,99.24,3,,,17.02,1,26.42,3,,,,,,,35.88,5,,,6.74,1,20.19,4,149.51,5,9.99,1,14.32,5,28.7,5,,,,,,,,,,,27.64,1,EUR,15,13.75,Rare Ultra,lugia-v,Pokémon,https://www.tcggo.com/pokemon/silver-tempest/lugia-v-185,swsh12-185,451833,singles,
2026-08-23T17:19:56+02:00,,408,kawayoo,kawayoo,SIT 186,186,682234,195,215,SIT,Pokémon,pokemon,24,https://images.tcggo.com/tcggo/storage/3877/silver-tempest-logo.png,Silver Tempest,EUR,1099.33,EUR,1151.88,2022-11-11,2,Sword & Shield,sword-shield,silver-tempest,220,4039,https://images.tcggo.com/tcggo/storage/4062/lugia-v-sit-186-silver-tempest-pokemon.png,https://www.tcggo.com/external/cm/4039,https://www.tcggo.com/external/tcgplayer/4039,Lugia V,Lugia V 186,,565.23,681.94,254,EUR,,,,2250,,1150,,,1399,,499,410,299.95,299.95,345,345,410,700,700,379.99,379.99,USD,681.67,5,,,,,370,5,2515.42,2,,,492.32,5,500.93,5,,,,,373.83,5,1251.59,5,350,1,448.6,5,429.91,5,599.61,1,,,1566.46,5,,,,,500,5,EUR,443.8,427.21,Rare Ultra,lugia-v,Pokémon,https://www.tcggo.com/pokemon/silver-tempest/lugia-v-186,swsh12-186,451834,singles,
2026-08-23T17:19:56+02:00,,489,N-DESIGN Inc.,n-design-inc,SIT 187,187,682235,195,215,SIT,Pokémon,pokemon,24,https://images.tcggo.com/tcggo/storage/3877/silver-tempest-logo.png,Silver Tempest,EUR,1099.33,EUR,1151.88,2022-11-11,2,Sword & Shield,sword-shield,silver-tempest,230,4040,https://images.tcggo.com/tcggo/storage/4063/ho-oh-v-sit-187-silver-tempest-pokemon.png,https://www.tcggo.com/external/cm/4040,https://www.tcggo.com/external/tcgplayer/4040,Ho-Oh V,Ho-Oh V 187,,10.94,19.99,260,EUR,,,,,,,,,105,,,7.95,7,7.99,7.99,7.99,7.95,14,14,4.8,4.8,USD,59.5,1,8.61,2,,,21.25,5,,,,,,,40.2,3,,,,,,,75.94,5,,,17.83,3,26.4,5,,,,,66.88,1,,,,,,,EUR,7.2,5.61,Rare Ultra,ho-oh-v,Pokémon,https://www.tcggo.com/pokemon/silver-tempest/ho-oh-v-187,swsh12-187,451835,singles,
2026-08-23T17:19:56+02:00,,456,Hideki Ishikawa,hideki-ishikawa,SIT 188,188,682236,195,215,SIT,Pokémon,pokemon,24,https://images.tcggo.com/tcggo/storage/3877/silver-tempest-logo.png,Silver Tempest,EUR,1099.33,EUR,1151.88,2022-11-11,2,Sword & Shield,sword-shield,silver-tempest,0,4041,https://images.tcggo.com/tcggo/storage/4064/brandon-sit-188-silver-tempest-pokemon.png,https://www.tcggo.com/external/cm/4041,https://www.tcggo.com/external/tcgplayer/4041,Brandon,Brandon 188,,7.54,9.44,176,EUR,,,,,,25,,,,,,5.5,4.99,4.99,10,10,5.5,14,14,5,5,USD,,,,,,,,,,,,,,,7.45,1,,,,,,,49.05,2,,,18.61,1,,,,,,,,,,,,,,,EUR,3.28,3.36,Rare Ultra,brandon,Trainer,https://www.tcggo.com/pokemon/silver-tempest/brandon-188,swsh12-188,451836,singles,
2026-08-23T17:19:56+02:00,,463,Naoki Saito,naoki-saito,SIT 189,189,682237,195,215,SIT,Pokémon,pokemon,24,https://images.tcggo.com/tcggo/storage/3877/silver-tempest-logo.png,Silver Tempest,EUR,1099.33,EUR,1151.88,2022-11-11,2,Sword & Shield,sword-shield,silver-tempest,0,4042,https://images.tcggo.com/tcggo/storage/4065/candice-sit-189-silver-tempest-pokemon.png,https://www.tcggo.com/external/cm/4042,https://www.tcggo.com/external/tcgplayer/4042,Candice,Candice 189,,6.52,7.72,280,EUR,,,,,,,,,29,,40,5,5.5,5.5,8.7,8.7,5,8.99,8.99,2.99,2.99,USD,35.8,2,,,,,,,,,,,6.35,1,22.43,3,,,,,8.25,2,44.86,5,,,12.64,2,16.04,3,,,,,,,,,,,,,EUR,4.81,4.89,Rare Ultra,candice,Trainer,https://www.tcggo.com/pokemon/silver-tempest/candice-189,swsh12-189,451837,singles,
2026-08-23T17:19:56+02:00,,391,saino misaki,saino-misaki,SIT 190,190,682238,195,215,SIT,Pokémon,pokemon,24,https://images.tcggo.com/tcggo/storage/3877/silver-tempest-logo.png,Silver Tempest,EUR,1099.33,EUR,1151.88,2022-11-11,2,Sword & Shield,sword-shield,silver-tempest,0,4043,https://images.tcggo.com/tcggo/storage/4066/furisode-girl-sit-190-silver-tempest-pokemon.png,https://www.tcggo.com/external/cm/4043,https://www.tcggo.com/external/tcgplayer/4043,Furisode Girl,Furisode Girl 190,,5.74,6.17,288,EUR,,,,,,,,,69,,35,4.5,5,5,5.5,5.5,4.5,4.99,4.99,2,2,,,,,,,,,,,,,,,,,,,,,,,,,,,,,,,,,,,,,,,,,,,,EUR,3.7,4.14,Rare Ultra,furisode-girl,Trainer,https://www.tcggo.com/pokemon/silver-tempest/furisode-girl-190,swsh12-190,451838,singles,
2026-08-23T17:19:56+02:00,,456,Hideki Ishikawa,hideki-ishikawa,SIT 191,191,682239,195,215,SIT,Pokémon,pokemon,24,https://images.tcggo.com/tcggo/storage/3877/silver-tempest-logo.png,Silver Tempest,EUR,1099.33,EUR,1151.88,2022-11-11,2,Sword & Shield,sword-shield,silver-tempest,0,4044,https://images.tcggo.com/tcggo/storage/4067/gym-trainer-sit-191-silver-tempest-pokemon.png,https://www.tcggo.com/external/cm/4044,https://www.tcggo.com/external/tcgplayer/4044,Gym Trainer,Gym Trainer 191,,2.23,2.48,327,EUR,[],,,,,,,,,,,1.5,1.8,1.8,3,3,1.5,2.8,2.8,1.3,1.3,,,,,,,,,,,,,,,,,,,,,,,,,,,,,,,,,,,,,,,,,,,,EUR,1.54,1.41,Rare Ultra,gym-trainer,Trainer,https://www.tcggo.com/pokemon/silver-tempest/gym-trainer-191,swsh12-191,451839,singles,
2026-08-23T17:19:56+02:00,,518,Ryuta Fuse,ryuta-fuse,SIT 192,192,682240,195,215,SIT,Pokémon,pokemon,24,https://images.tcggo.com/tcggo/storage/3877/silver-tempest-logo.png,Silver Tempest,EUR,1099.33,EUR,1151.88,2022-11-11,2,Sword & Shield,sword-shield,silver-tempest,0,4045,https://images.tcggo.com/tcggo/storage/4068/lance-sit-192-silver-tempest-pokemon.png,https://www.tcggo.com/external/cm/4045,https://www.tcggo.com/external/tcgplayer/4045,Lance,Lance 192,,5.35,5.69,307,EUR,,,,,,,,,34,29,39,3.3,3.9,3.9,10.5,10.5,3.3,7.4,7.4,2.79,2.79,USD,,,,,,,,,,,,,,,15.5,1,,,,,8.5,1,42,5,,,15,1,,,,,,,,,,,12,1,,,EUR,3.73,3.48,Rare Ultra,lance,Trainer,https://www.tcggo.com/pokemon/silver-tempest/lance-192,swsh12-192,451840,singles,
2026-08-23T17:19:56+02:00,,520,Megumi Mizutani,megumi-mizutani,SIT 193,193,682241,195,215,SIT,Pokémon,pokemon,24,https://images.tcggo.com/tcggo/storage/3877/silver-tempest-logo.png,Silver Tempest,EUR,1099.33,EUR,1151.88,2022-11-11,2,Sword & Shield,sword-shield,silver-tempest,0,4046,https://images.tcggo.com/tcggo/storage/4069/serena-sit-193-silver-tempest-pokemon.png,https://www.tcggo.com/external/cm/4046,https://www.tcggo.com/external/tcgplayer/4046,Serena,Serena 193,,10.9,11.39,272,EUR,,,,,,69,,58,199,,25,10,8.4,8.4,17,17,10,9.9,9.9,5,5,USD,72.92,1,,,,,,,,,,,33.06,1,58.07,5,,,,,5.58,1,75.94,5,28.59,1,17.84,5,17.13,5,,,2.42,1,,,,,,,26.79,1,EUR,12.28,11.53,Rare Ultra,serena,Trainer,https://www.tcggo.com/pokemon/silver-tempest/serena-193,swsh12-193,451841,singles,
2026-08-23T17:19:56+02:00,,518,Ryuta Fuse,ryuta-fuse,SIT 194,194,682242,195,215,SIT,Pokémon,pokemon,24,https://images.tcggo.com/tcggo/storage/3877/silver-tempest-logo.png,Silver Tempest,EUR,1099.33,EUR,1151.88,2022-11-11,2,Sword & Shield,sword-shield,silver-tempest,0,4047,https://images.tcggo.com/tcggo/storage/4070/wallace-sit-194-silver-tempest-pokemon.png,https://www.tcggo.com/external/cm/4047,https://www.tcggo.com/external/tcgplayer/4047,Wallace,Wallace 194,,8.88,10.82,168,EUR,[],,,,,,,,,,,8.95,6.98,6.98,9,9.7,8.95,12,12,6.95,6.95,USD,,,,,,,,,,,,,,,5.92,4,,,,,,,22.15,5,,,,,,,,,,,,,,,,,,,EUR,5.44,4.2,Rare Ultra,wallace,Trainer,https://www.tcggo.com/pokemon/silver-tempest/wallace-194,swsh12-194,451842,singles,
2026-08-23T17:19:56+02:00,,409,Yuu Nishida,yuu-nishida,SIT 195,195,682243,195,215,SIT,Pokémon,pokemon,24,https://images.tcggo.com/tcggo/storage/3877/silver-tempest-logo.png,Silver Tempest,EUR,1099.33,EUR,1151.88,2022-11-11,2,Sword & Shield,sword-shield,silver-tempest,0,4048,https://images.tcggo.com/tcggo/storage/4071/worker-sit-195-silver-tempest-pokemon.png,https://www.tcggo.com/external/cm/4048,https://www.tcggo.com/external/tcgplayer/4048,Worker,Worker 195,,3.4,3.51,345,EUR,,,,,,,,,44,,,2.97,2,2,5,5,2.97,4,4,1.49,1.49,,,,,,,,,,,,,,,,,,,,,,,,,,,,,,,,,,,,,,,,,,,,EUR,2.64,2.48,Rare Ultra,worker,Trainer,https://www.tcggo.com/pokemon/silver-tempest/worker-195,swsh12-195,451843,singles,
2026-08-23T17:19:56+02:00,,384,PLANETA Mochizuki,planeta-mochizuki,SIT 196,196,682244,195,215,SIT,Pokémon,pokemon,24,https://images.tcggo.com/tcggo/storage/3877/silver-tempest-logo.png,Silver Tempest,EUR,1099.33,EUR,1151.88,2022-11-11,2,Sword & Shield,sword-shield,silver-tempest,270,4049,https://images.tcggo.com/tcggo/storage/4072/serperior-vstar-sit-196-silver-tempest-pokemon.png,https://www.tcggo.com/external/cm/4049,https://www.tcggo.com/external/tcgplayer/4049,Serperior VSTAR,Serperior VSTAR 196,,6.21,6.96,208,EUR,,,,,,,,,110,,,6,4.99,4.99,7.7,7.7,6.74,9.98,9.98,3.89,3.89,USD,37.27,2,,,,,,,,,,,,,31.07,2,,,,,9.29,2,41.92,5,,,,,17.86,3,,,,,,,,,,,,,EUR,6,6.5,Rare Rainbow,serperior-vstar,Pokémon,https://www.tcggo.com/pokemon/silver-tempest/serperior-vstar-196,swsh12-196,451986,singles,
2026-08-23T17:19:56+02:00,,474,PLANETA Hiiragi,planeta-hiiragi,SIT 197,197,682245,195,215,SIT,Pokémon,pokemon,24,https://images.tcggo.com/tcggo/storage/3877/silver-tempest-logo.png,Silver Tempest,EUR,1099.33,EUR,1151.88,2022-11-11,2,Sword & Shield,sword-shield,silver-tempest,240,4050,https://images.tcggo.com/tcggo/storage/4073/alolan-vulpix-vstar-sit-197-silver-tempest-pokemon.png,https://www.tcggo.com/external/cm/4050,https://www.tcggo.com/external/tcgplayer/4050,Alolan Vulpix VSTAR,Alolan Vulpix VSTAR 197,,13.29,13.15,161,EUR,,,,,,,,,90,,,14.98,12.2,12.2,13,13,14.98,15.5,15.5,9.82,9.82,USD,,,,,,,,,,,,,,,35.74,5,,,,,9.29,1,75.94,5,,,24.12,1,25.1,5,44,1,,,65.7,2,,,,,,,EUR,23.15,18.33,Rare Rainbow,alolan-vulpix-vstar,Pokémon,https://www.tcggo.com/pokemon/silver-tempest/alolan-vulpix-vstar-197,swsh12-197,451987,singles,
2026-08-23T17:19:56+02:00,,489,N-DESIGN Inc.,n-design-inc,SIT 198,198,682246,195,215,SIT,Pokémon,pokemon,24,https://images.tcggo.com/tcggo/storage/3877/silver-tempest-logo.png,Silver Tempest,EUR,1099.33,EUR,1151.88,2022-11-11,2,Sword & Shield,sword-shield,silver-tempest,310,4051,https://images.tcggo.com/tcggo/storage/4074/regieleki-vmax-sit-198-silver-tempest-pokemon.png,https://www.tcggo.com/external/cm/4051,https://www.tcggo.com/external/tcgplayer/4051,Regieleki VMAX,Regieleki VMAX 198,,5.96,9.01,250,EUR,,,,,,90,,,,,,6.5,3.9,3.9,6.6,6.6,6.5,9.99,9.99,3.95,3.95,USD,,,,,,,,,,,,,,,12.66,1,,,,,,,41.98,5,,,,,29.32,1,,,,,,,,,,,,,EUR,6.05,7.09,Rare Rainbow,regieleki-vmax,Pokémon,https://www.tcggo.com/pokemon/silver-tempest/regieleki-vmax-198,swsh12-198,451988,singles,
2026-08-23T17:19:56+02:00,,384,PLANETA Mochizuki,planeta-mochizuki,SIT 199,199,682247,195,215,SIT,Pokémon,pokemon,24,https://images.tcggo.com/tcggo/storage/3877/silver-tempest-logo.png,Silver Tempest,EUR,1099.33,EUR,1151.88,2022-11-11,2,Sword & Shield,sword-shield,silver-tempest,250,4052,https://images.tcggo.com/tcggo/storage/4075/unown-vstar-sit-199-silver-tempest-pokemon.png,https://www.tcggo.com/external/cm/4052,https://www.tcggo.com/external/tcgplayer/4052,Unown VSTAR,Unown VSTAR 199,,11.01,13.4,179,EUR,[],,,,,,,,,,,10,6.5,6.5,9.5,9.5,10,15,15,6.9,6.9,USD,34.21,2,,,,,28.13,1,,,,,,,32.99,1,,,12,1,,,46.16,5,,,18.76,1,24.12,4,35.37,1,,,,,,,,,22.06,1,EUR,9.21,7.86,Rare Rainbow,unown-vstar,Pokémon,https://www.tcggo.com/pokemon/silver-tempest/unown-vstar-199,swsh12-199,451989,singles,
2026-08-23T17:19:56+02:00,,384,PLANETA Mochizuki,planeta-mochizuki,SIT 200,200,682248,195,215,SIT,Pokémon,pokemon,24,https://images.tcggo.com/tcggo/storage/3877/silver-tempest-logo.png,Silver Tempest,EUR,1099.33,EUR,1151.88,2022-11-11,2,Sword & Shield,sword-shield,silver-tempest,260,4053,https://images.tcggo.com/tcggo/storage/4076/mawile-vstar-sit-200-silver-tempest-pokemon.png,https://www.tcggo.com/external/cm/4053,https://www.tcggo.com/external/tcgplayer/4053,Mawile VSTAR,Mawile VSTAR 200,,6.33,5.6,202,EUR,,,,,,35,,,,,,4.99,4.5,4.5,7,7,4.99,10.99,10.99,3,3,USD,23,1,,,,,,,,,,,13.37,1,23.23,3,,,,,7.03,1,53.6,3,,,,,12.96,3,,,,,,,,,,,,,EUR,6.22,5.94,Rare Rainbow,mawile-vstar,Pokémon,https://www.tcggo.com/pokemon/silver-tempest/mawile-vstar-200,swsh12-200,451991,singles,
2026-08-23T17:19:56+02:00,,411,PLANETA Yamashita,planeta-yamashita,SIT 201,201,682249,195,215,SIT,Pokémon,pokemon,24,https://images.tcggo.com/tcggo/storage/3877/silver-tempest-logo.png,Silver Tempest,EUR,1099.33,EUR,1151.88,2022-11-11,2,Sword & Shield,sword-shield,silver-tempest,280,4054,https://images.tcggo.com/tcggo/storage/4077/regidrago-vstar-sit-201-silver-tempest-pokemon.png,https://www.tcggo.com/external/cm/4054,https://www.tcggo.com/external/tcgplayer/4054,Regidrago VSTAR,Regidrago VSTAR 201,,7.24,8.36,204,EUR,,,,,,,,,,,50,4.99,5.75,5.75,9.99,9.99,8,9.4,12.98,4.35,4.35,USD,40,1,,,,,19.74,1,,,,,,,15.22,1,,,,,,,28.96,5,,,,,9.31,3,,,,,,,,,,,,,EUR,6.82,6.3,Rare Rainbow,regidrago-vstar,Pokémon,https://www.tcggo.com/pokemon/silver-tempest/regidrago-vstar-201,swsh12-201,451994,singles,
2026-08-23T17:19:56+02:00,,384,PLANETA Mochizuki,planeta-mochizuki,SIT 202,202,682250,195,215,SIT,Pokémon,pokemon,24,https://images.tcggo.com/tcggo/storage/3877/silver-tempest-logo.png,Silver Tempest,EUR,1099.33,EUR,1151.88,2022-11-11,2,Sword & Shield,sword-shield,silver-tempest,280,4055,https://images.tcggo.com/tcggo/storage/4078/lugia-vstar-sit-202-silver-tempest-pokemon.png,https://www.tcggo.com/external/cm/4055,https://www.tcggo.com/external/tcgplayer/4055,Lugia VSTAR,Lugia VSTAR 202,,39.98,45.04,247,EUR,,,,,,,,,300,,49,28,26,26,27,27,28,50,50,19.8,19.8,USD,68.99,5,,,,,31.9,1,,,,,26.02,1,71.36,5,,,,,32.11,3,167.27,5,,,29.34,5,44.01,5,,,,,101.53,2,,,,,31.81,3,EUR,35.77,31.64,Rare Rainbow,lugia-vstar,Pokémon,https://www.tcggo.com/pokemon/silver-tempest/lugia-vstar-202,swsh12-202,451995,singles,
2026-08-23T17:19:56+02:00,,456,Hideki Ishikawa,hideki-ishikawa,SIT 203,203,682251,195,215,SIT,Pokémon,pokemon,24,https://images.tcggo.com/tcggo/storage/3877/silver-tempest-logo.png,Silver Tempest,EUR,1099.33,EUR,1151.88,2022-11-11,2,Sword & Shield,sword-shield,silver-tempest,0,4056,https://images.tcggo.com/tcggo/storage/4079/brandon-sit-203-silver-tempest-pokemon.png,https://www.tcggo.com/external/cm/4056,https://www.tcggo.com/external/tcgplayer/4056,Brandon,Brandon 203,,4.56,5.36,203,EUR,[],,,,,,,,,,,4,2.5,2.5,4,4,4,5.45,5.45,3,3,,,,,,,,,,,,,,,,,,,,,,,,,,,,,,,,,,,,,,,,,,,,EUR,5.99,5.98,Rare Rainbow,brandon,Trainer,https://www.tcggo.com/pokemon/silver-tempest/brandon-203,swsh12-203,451997,singles,
2026-08-23T17:19:56+02:00,,463,Naoki Saito,naoki-saito,SIT 204,204,682252,195,215,SIT,Pokémon,pokemon,24,https://images.tcggo.com/tcggo/storage/3877/silver-tempest-logo.png,Silver Tempest,EUR,1099.33,EUR,1151.88,2022-11-11,2,Sword & Shield,sword-shield,silver-tempest,0,4057,https://images.tcggo.com/tcggo/storage/4080/candice-sit-204-silver-tempest-pokemon.png,https://www.tcggo.com/external/cm/4057,https://www.tcggo.com/external/tcgplayer/4057,Candice,Candice 204,,6.25,5.3,212,EUR,,,,,,,,,37,,40,5.5,4.2,4.2,3.9,3.9,5.5,6,6,2.5,2.5,USD,39.85,1,,,,,,,,,,,,,15.19,1,,,,,,,49.15,5,,,,,13.52,2,,,,,,,,,,,,,EUR,4.85,4.68,Rare Rainbow,candice,Trainer,https://www.tcggo.com/pokemon/silver-tempest/candice-204,swsh12-204,451999,singles,
2026-08-23T17:19:56+02:00,,391,saino misaki,saino-misaki,SIT 205,205,682253,195,215,SIT,Pokémon,pokemon,24,https://images.tcggo.com/tcggo/storage/3877/silver-tempest-logo.png,Silver Tempest,EUR,1099.33,EUR,1151.88,2022-11-11,2,Sword & Shield,sword-shield,silver-tempest,0,4058,https://images.tcggo.com/tcggo/storage/4081/furisode-girl-sit-205-silver-tempest-pokemon.png,https://www.tcggo.com/external/cm/4058,https://www.tcggo.com/external/tcgplayer/4058,Furisode Girl,Furisode Girl 205,,6.78,7.43,192,EUR,,,,,,,,,50,,,5.99,5.5,5.5,8,8,5.99,8,8,5,5,USD,5.45,1,,,,,,,,,,,,,,,,,,,14.05,2,36,5,8.8,1,15.5,1,18.92,4,,,,,,,,,,,,,EUR,5.3,5.06,Rare Rainbow,furisode-girl,Trainer,https://www.tcggo.com/pokemon/silver-tempest/furisode-girl-205,swsh12-205,452000,singles,
2026-08-23T17:19:56+02:00,,518,Ryuta Fuse,ryuta-fuse,SIT 206,206,682255,195,215,SIT,Pokémon,pokemon,24,https://images.tcggo.com/tcggo/storage/3877/silver-tempest-logo.png,Silver Tempest,EUR,1099.33,EUR,1151.88,2022-11-11,2,Sword & Shield,sword-shield,silver-tempest,0,4059,https://images.tcggo.com/tcggo/storage/4082/lance-sit-206-silver-tempest-pokemon.png,https://www.tcggo.com/external/cm/4059,https://www.tcggo.com/external/tcgplayer/4059,Lance,Lance 206,,5.31,6,225,EUR,[],,,,,,,,,,,4,4.25,4.25,5,5,4,6.99,6.99,2.77,2.77,,,,,,,,,,,,,,,,,,,,,,,,,,,,,,,,,,,,,,,,,,,,EUR,4.52,3.99,Rare Rainbow,lance,Trainer,https://www.tcggo.com/pokemon/silver-tempest/lance-206,swsh12-206,452002,singles,
2026-08-23T17:19:56+02:00,,520,Megumi Mizutani,megumi-mizutani,SIT 207,207,682256,195,215,SIT,Pokémon,pokemon,24,https://images.tcggo.com/tcggo/storage/3877/silver-tempest-logo.png,Silver Tempest,EUR,1099.33,EUR,1151.88,2022-11-11,2,Sword & Shield,sword-shield,silver-tempest,0,4060,https://images.tcggo.com/tcggo/storage/4083/serena-sit-207-silver-tempest-pokemon.png,https://www.tcggo.com/external/cm/4060,https://www.tcggo.com/external/tcgplayer/4060,Serena,Serena 207,,8.12,9.03,205,EUR,,,,,,,,,96,99,,8,6,6,8,8,8,8,8,3.95,3.95,USD,39.3,2,,,,,,,,,,,,,29.74,1,,,,,13.01,1,76.72,5,34.65,1,10.4,5,26.53,5,,,,,,,,,,,,,EUR,12.82,15.32,Rare Rainbow,serena,Trainer,https://www.tcggo.com/pokemon/silver-tempest/serena-207,swsh12-207,452004,singles,
2026-08-23T17:19:56+02:00,,518,Ryuta Fuse,ryuta-fuse,SIT 208,208,682257,195,215,SIT,Pokémon,pokemon,24,https://images.tcggo.com/tcggo/storage/3877/silver-tempest-logo.png,Silver Tempest,EUR,1099.33,EUR,1151.88,2022-11-11,2,Sword & Shield,sword-shield,silver-tempest,0,4061,https://images.tcggo.com/tcggo/storage/4084/wallace-sit-208-silver-tempest-pokemon.png,https://www.tcggo.com/external/cm/4061,https://www.tcggo.com/external/tcgplayer/4061,Wallace,Wallace 208,,4.89,5.17,208,EUR,,,,,,,,,25,24,,3.37,3.2,3.2,4.99,4.99,3.37,10.9,10.9,1.93,1.93,,,,,,,,,,,,,,,,,,,,,,,,,,,,,,,,,,,,,,,,,,,,EUR,3.97,3.59,Rare Rainbow,wallace,Trainer,https://www.tcggo.com/pokemon/silver-tempest/wallace-208,swsh12-208,452005,singles,
2026-08-23T17:19:56+02:00,,409,Yuu Nishida,yuu-nishida,SIT 209,209,682258,195,215,SIT,Pokémon,pokemon,24,https://images.tcggo.com/tcggo/storage/3877/silver-tempest-logo.png,Silver Tempest,EUR,1099.33,EUR,1151.88,2022-11-11,2,Sword & Shield,sword-shield,silver-tempest,0,4062,https://images.tcggo.com/tcggo/storage/4085/worker-sit-209-silver-tempest-pokemon.png,https://www.tcggo.com/external/cm/4062,https://www.tcggo.com/external/tcgplayer/4062,Worker,Worker 209,,12.67,12.47,156,EUR,[],,,,,,,,,,,4,4,4,4.89,4.89,4,7,7,2.99,2.99,,,,,,,,,,,,,,,,,,,,,,,,,,,,,,,,,,,,,,,,,,,,EUR,3.42,3.84,Rare Rainbow,worker,Trainer,https://www.tcggo.com/pokemon/silver-tempest/worker-209,swsh12-209,452007,singles,
2026-08-23T17:19:56+02:00,,384,PLANETA Mochizuki,planeta-mochizuki,SIT 210,210,682259,195,215,SIT,Pokémon,pokemon,24,https://images.tcggo.com/tcggo/storage/3877/silver-tempest-logo.png,Silver Tempest,EUR,1099.33,EUR,1151.88,2022-11-11,2,Sword & Shield,sword-shield,silver-tempest,270,4063,https://images.tcggo.com/tcggo/storage/4086/serperior-vstar-sit-210-silver-tempest-pokemon.png,https://www.tcggo.com/external/cm/4063,https://www.tcggo.com/external/tcgplayer/4063,Serperior VSTAR,Serperior VSTAR 210,,5.04,5.2,312,EUR,,,,,,,,,80,,59,3,4.5,4.5,5,5,3,7.5,7.5,2.9,2.9,,,,,,,,,,,,,,,,,,,,,,,,,,,,,,,,,,,,,,,,,,,,EUR,5.26,5.29,Rare Secret,serperior-vstar,Pokémon,https://www.tcggo.com/pokemon/silver-tempest/serperior-vstar-210,swsh12-210,452008,singles,
2026-08-23T17:19:56+02:00,,384,PLANETA Mochizuki,planeta-mochizuki,SIT 211,211,682260,195,215,SIT,Pokémon,pokemon,24,https://images.tcggo.com/tcggo/storage/3877/silver-tempest-logo.png,Silver Tempest,EUR,1099.33,EUR,1151.88,2022-11-11,2,Sword & Shield,sword-shield,silver-tempest,280,4064,https://images.tcggo.com/tcggo/storage/4087/lugia-vstar-sit-211-silver-tempest-pokemon.png,https://www.tcggo.com/external/cm/4064,https://www.tcggo.com/external/tcgplayer/4064,Lugia VSTAR,Lugia VSTAR 211,,22.77,29.34,314,EUR,,,,,,89,,,160,,50,22,19.5,19.5,38,38,22,28.5,28.78,10.99,10.99,USD,80.62,5,,,19.77,1,25.77,5,761.74,1,,,26.91,3,102.27,5,,,,,26.47,5,155.69,5,,,22.29,3,40.03,5,62.42,1,,,108.99,4,,,,,33.86,2,EUR,22.72,22.78,Rare Secret,lugia-vstar,Pokémon,https://www.tcggo.com/pokemon/silver-tempest/lugia-vstar-211,swsh12-211,452009,singles,
2026-08-23T17:19:56+02:00,,458,Toyste Beach,toyste-beach,SIT 212,212,682261,195,215,SIT,Pokémon,pokemon,24,https://images.tcggo.com/tcggo/storage/3877/silver-tempest-logo.png,Silver Tempest,EUR,1099.33,EUR,1151.88,2022-11-11,2,Sword & Shield,sword-shield,silver-tempest,0,4065,https://images.tcggo.com/tcggo/storage/4088/energy-switch-sit-212-silver-tempest-pokemon.png,https://www.tcggo.com/external/cm/4065,https://www.tcggo.com/external/tcgplayer/4065,Energy Switch,Energy Switch 212,,5.48,5.32,280,EUR,,,,,,,,,14,,,4.5,4.5,4.5,7.49,7.49,4.5,4.5,4.5,3.89,3.89,USD,,,,,,,,,,,,,,,,,,,,,,,31.02,4,,,,,10,1,,,,,,,,,,,,,EUR,5.33,6.21,Rare Secret,energy-switch,Trainer,https://www.tcggo.com/pokemon/silver-tempest/energy-switch-212,swsh12-212,452010,singles,
2026-08-23T17:19:56+02:00,,368,Oswaldo KATO,oswaldo-kato,SIT 213,213,682262,195,215,SIT,Pokémon,pokemon,24,https://images.tcggo.com/tcggo/storage/3877/silver-tempest-logo.png,Silver Tempest,EUR,1099.33,EUR,1151.88,2022-11-11,2,Sword & Shield,sword-shield,silver-tempest,0,4066,https://images.tcggo.com/tcggo/storage/4089/gapejaw-bog-sit-213-silver-tempest-pokemon.png,https://www.tcggo.com/external/cm/4066,https://www.tcggo.com/external/tcgplayer/4066,Gapejaw Bog,Gapejaw Bog 213,,2.92,3,390,EUR,[],,,,,,,,,,,2,2.22,2.22,3.5,3.5,2,2.99,2.99,1.3,1.3,,,,,,,,,,,,,,,,,,,,,,,,,,,,,,,,,,,,,,,,,,,,EUR,1.93,2.22,Rare Secret,gapejaw-bog,Trainer,https://www.tcggo.com/pokemon/silver-tempest/gapejaw-bog-213,swsh12-213,452011,singles,
2026-08-23T17:19:56+02:00,,461,Studio Bora Inc.,studio-bora-inc,SIT 214,214,682263,195,215,SIT,Pokémon,pokemon,24,https://images.tcggo.com/tcggo/storage/3877/silver-tempest-logo.png,Silver Tempest,EUR,1099.33,EUR,1151.88,2022-11-11,2,Sword & Shield,sword-shield,silver-tempest,0,4067,https://images.tcggo.com/tcggo/storage/4090/leafy-camo-poncho-sit-214-silver-tempest-pokemon.png,https://www.tcggo.com/external/cm/4067,https://www.tcggo.com/external/tcgplayer/4067,Leafy Camo Poncho,Leafy Camo Poncho 214,,2.53,2.72,419,EUR,,,,,,29,,,30,,,1.75,1.7,1.7,2.5,2.5,1.75,3.8,4,1.18,1.18,,,,,,,,,,,,,,,,,,,,,,,,,,,,,,,,,,,,,,,,,,,,EUR,1.7,1.71,Rare Secret,leafy-camo-poncho,Trainer,https://www.tcggo.com/pokemon/silver-tempest/leafy-camo-poncho-214,swsh12-214,452012,singles,
2026-08-23T17:19:56+02:00,,,,,SIT 215,215,682264,195,215,SIT,Pokémon,pokemon,24,https://images.tcggo.com/tcggo/storage/3877/silver-tempest-logo.png,Silver Tempest,EUR,1099.33,EUR,1151.88,2022-11-11,2,Sword & Shield,sword-shield,silver-tempest,0,4068,https://images.tcggo.com/tcggo/storage/4091/v-guard-energy-sit-215-silver-tempest-pokemon.png,https://www.tcggo.com/external/cm/4068,https://www.tcggo.com/external/tcgplayer/4068,V Guard Energy,V Guard Energy 215,,2.27,3.1,458,EUR,,,,,,,,,14,,,1.75,1.59,1.59,1.49,1.49,1.75,2.5,2.5,0.99,0.99,,,,,,,,,,,,,,,,,,,,,,,,,,,,,,,,,,,,,,,,,,,,EUR,1.62,1.71,Rare Secret,v-guard-energy,Energy,https://www.tcggo.com/pokemon/silver-tempest/v-guard-energy-215,swsh12-215,452013,singles,
2026-08-23T17:19:56+02:00,,463,Naoki Saito,naoki-saito,SIT TG01,TG01,682265,195,215,SIT,Pokémon,pokemon,24,https://images.tcggo.com/tcggo/storage/3877/silver-tempest-logo.png,Silver Tempest,EUR,1099.33,EUR,1151.88,2022-11-11,2,Sword & Shield,sword-shield,silver-tempest,90,4069,https://images.tcggo.com/tcggo/storage/4092/braixen-sit-tg01-silver-tempest-pokemon.png,https://www.tcggo.com/external/cm/4069,https://www.tcggo.com/external/tcgplayer/4069,Braixen,Braixen TG01,,4.47,4.2,436,EUR,[],,,,,,,,,,,3,3.9,3.9,3.8,3.8,3,5.5,5.5,1,1,,,,,,,,,,,,,,,,,,,,,,,,,,,,,,,,,,,,,,,,,,,,EUR,3.45,3.67,Trainer Gallery Rare Holo,braixen,Pokémon,https://www.tcggo.com/pokemon/silver-tempest/braixen-tg01,swsh12tg-TG01,452015,singles,
2026-08-23T17:19:56+02:00,,500,chibi,chibi,SIT TG02,TG02,682266,195,215,SIT,Pokémon,pokemon,24,https://images.tcggo.com/tcggo/storage/3877/silver-tempest-logo.png,Silver Tempest,EUR,1099.33,EUR,1151.88,2022-11-11,2,Sword & Shield,sword-shield,silver-tempest,130,4070,https://images.tcggo.com/tcggo/storage/4093/milotic-sit-tg02-silver-tempest-pokemon.png,https://www.tcggo.com/external/cm/4070,https://www.tcggo.com/external/tcgplayer/4070,Milotic,Milotic TG02,,9.69,9.06,373,EUR,,,,,,,,,200,,50,7.8,8.8,8.8,7,7,7.8,13.9,13.9,4.5,4.5,USD,63.07,5,5.49,1,11,2,18,5,,,,,,,35.37,5,,,,,,,132.65,5,10.61,3,11.69,5,15.24,5,26.52,1,,,88.43,3,,,,,15.75,2,EUR,4.58,5.09,Trainer Gallery Rare Holo,milotic,Pokémon,https://www.tcggo.com/pokemon/silver-tempest/milotic-tg02,swsh12tg-TG02,452016,singles,
2026-08-23T17:19:56+02:00,,391,saino misaki,saino-misaki,SIT TG03,TG03,682267,195,215,SIT,Pokémon,pokemon,24,https://images.tcggo.com/tcggo/storage/3877/silver-tempest-logo.png,Silver Tempest,EUR,1099.33,EUR,1151.88,2022-11-11,2,Sword & Shield,sword-shield,silver-tempest,90,4071,https://images.tcggo.com/tcggo/storage/4094/flaaffy-sit-tg03-silver-tempest-pokemon.png,https://www.tcggo.com/external/cm/4071,https://www.tcggo.com/external/tcgplayer/4071,Flaaffy,Flaaffy TG03,,4.43,4.55,399,EUR,[],,,,,,,,,,,4,3.69,3.69,3,4.25,4,3.95,4,1.49,1.49,,,,,,,,,,,,,,,,,,,,,,,,,,,,,,,,,,,,,,,,,,,,EUR,3.39,3.42,Trainer Gallery Rare Holo,flaaffy,Pokémon,https://www.tcggo.com/pokemon/silver-tempest/flaaffy-tg03,swsh12tg-TG03,452017,singles,
2026-08-23T17:19:56+02:00,,359,HYOGONOSUKE,hyogonosuke,SIT TG04,TG04,682268,195,215,SIT,Pokémon,pokemon,24,https://images.tcggo.com/tcggo/storage/3877/silver-tempest-logo.png,Silver Tempest,EUR,1099.33,EUR,1151.88,2022-11-11,2,Sword & Shield,sword-shield,silver-tempest,100,4072,https://images.tcggo.com/tcggo/storage/4095/jynx-sit-tg04-silver-tempest-pokemon.png,https://www.tcggo.com/external/cm/4072,https://www.tcggo.com/external/tcgplayer/4072,Jynx,Jynx TG04,,4.05,4.06,391,EUR,[],,,,,,,,,,,3,3.9,3.9,2.2,2.2,3,3.5,3.5,1.5,1.5,,,,,,,,,,,,,,,,,,,,,,,,,,,,,,,,,,,,,,,,,,,,EUR,1.9,2.13,Trainer Gallery Rare Holo,jynx,Pokémon,https://www.tcggo.com/pokemon/silver-tempest/jynx-tg04,swsh12tg-TG04,452018,singles,
2026-08-23T17:19:56+02:00,,434,AKIRA EGAWA,akira-egawa,SIT TG05,TG05,682269,195,215,SIT,Pokémon,pokemon,24,https://images.tcggo.com/tcggo/storage/3877/silver-tempest-logo.png,Silver Tempest,EUR,1099.33,EUR,1151.88,2022-11-11,2,Sword & Shield,sword-shield,silver-tempest,150,4073,https://images.tcggo.com/tcggo/storage/4096/gardevoir-sit-tg05-silver-tempest-pokemon.png,https://www.tcggo.com/external/cm/4073,https://www.tcggo.com/external/tcgplayer/4073,Gardevoir,Gardevoir TG05,,8.39,7.58,406,EUR,,,,,,,,,,,44,6.99,6.5,6.5,6.45,6.45,6.99,14,14.99,3,3,USD,70.23,4,,,12.78,1,23.1,2,,,,,,,40.59,5,,,7.95,1,8.52,2,158.78,5,9.69,5,18.17,5,17.42,5,,,,,139.93,5,,,,,36.35,1,EUR,5.18,5.98,Trainer Gallery Rare Holo,gardevoir,Pokémon,https://www.tcggo.com/pokemon/silver-tempest/gardevoir-tg05,swsh12tg-TG05,452019,singles,
2026-08-23T17:19:56+02:00,,542,Fumie Kittaka,fumie-kittaka,SIT TG06,TG06,682270,195,215,SIT,Pokémon,pokemon,24,https://images.tcggo.com/tcggo/storage/3877/silver-tempest-logo.png,Silver Tempest,EUR,1099.33,EUR,1151.88,2022-11-11,2,Sword & Shield,sword-shield,silver-tempest,120,4074,https://images.tcggo.com/tcggo/storage/4097/malamar-sit-tg06-silver-tempest-pokemon.png,https://www.tcggo.com/external/cm/4074,https://www.tcggo.com/external/tcgplayer/4074,Malamar,Malamar TG06,,1.75,1.84,765,EUR,[],,,,,,,,,,,0.99,1,1,1.5,1.5,0.99,1.9,1.9,0.79,0.79,,,,,,,,,,,,,,,,,,,,,,,,,,,,,,,,,,,,,,,,,,,,EUR,1.03,1.31,Trainer Gallery Rare Holo,malamar,Pokémon,https://www.tcggo.com/pokemon/silver-tempest/malamar-tg06,swsh12tg-TG06,452020,singles,
2026-08-23T17:19:56+02:00,,456,Hideki Ishikawa,hideki-ishikawa,SIT TG07,TG07,682271,195,215,SIT,Pokémon,pokemon,24,https://images.tcggo.com/tcggo/storage/3877/silver-tempest-logo.png,Silver Tempest,EUR,1099.33,EUR,1151.88,2022-11-11,2,Sword & Shield,sword-shield,silver-tempest,70,4075,https://images.tcggo.com/tcggo/storage/4098/rockruff-sit-tg07-silver-tempest-pokemon.png,https://www.tcggo.com/external/cm/4075,https://www.tcggo.com/external/tcgplayer/4075,Rockruff,Rockruff TG07,,3.85,3.75,415,EUR,[],,,,,,,,,,,2,2.98,2.98,3,3,2,1.5,1.5,1,1,,,,,,,,,,,,,,,,,,,,,,,,,,,,,,,,,,,,,,,,,,,,EUR,3.04,3.42,Trainer Gallery Rare Holo,rockruff,Pokémon,https://www.tcggo.com/pokemon/silver-tempest/rockruff-tg07,swsh12tg-TG07,452021,singles,
2026-08-23T17:19:56+02:00,,405,nagimiso,nagimiso,SIT TG08,TG08,682272,195,215,SIT,Pokémon,pokemon,24,https://images.tcggo.com/tcggo/storage/3877/silver-tempest-logo.png,Silver Tempest,EUR,1099.33,EUR,1151.88,2022-11-11,2,Sword & Shield,sword-shield,silver-tempest,110,4076,https://images.tcggo.com/tcggo/storage/4099/passimian-sit-tg08-silver-tempest-pokemon.png,https://www.tcggo.com/external/cm/4076,https://www.tcggo.com/external/tcgplayer/4076,Passimian,Passimian TG08,,1.63,1.58,755,EUR,[],,,,,,,,,,,0.4,0.75,0.75,1.49,1.49,0.4,1,1.5,0.5,0.5,,,,,,,,,,,,,,,,,,,,,,,,,,,,,,,,,,,,,,,,,,,,EUR,1,1.27,Trainer Gallery Rare Holo,passimian,Pokémon,https://www.tcggo.com/pokemon/silver-tempest/passimian-tg08,swsh12tg-TG08,452022,singles,
2026-08-23T17:19:56+02:00,,385,Teeziro,teeziro,SIT TG09,TG09,682273,195,215,SIT,Pokémon,pokemon,24,https://images.tcggo.com/tcggo/storage/3877/silver-tempest-logo.png,Silver Tempest,EUR,1099.33,EUR,1151.88,2022-11-11,2,Sword & Shield,sword-shield,silver-tempest,120,4077,https://images.tcggo.com/tcggo/storage/4100/druddigon-sit-tg09-silver-tempest-pokemon.png,https://www.tcggo.com/external/cm/4077,https://www.tcggo.com/external/tcgplayer/4077,Druddigon,Druddigon TG09,,3.51,3.49,411,EUR,[],,,,,,,,,,,2.7,2.5,2.5,3.5,3.5,2.7,5,5,1.5,1.5,,,,,,,,,,,,,,,,,,,,,,,,,,,,,,,,,,,,,,,,,,,,EUR,2.64,2.84,Trainer Gallery Rare Holo,druddigon,Pokémon,https://www.tcggo.com/pokemon/silver-tempest/druddigon-tg09,swsh12tg-TG09,452023,singles,
2026-08-23T17:19:56+02:00,,524,KIYOTAKA OSHIYAMA,kiyotaka-oshiyama,SIT TG10,TG10,682274,195,215,SIT,Pokémon,pokemon,24,https://images.tcggo.com/tcggo/storage/3877/silver-tempest-logo.png,Silver Tempest,EUR,1099.33,EUR,1151.88,2022-11-11,2,Sword & Shield,sword-shield,silver-tempest,70,4078,https://images.tcggo.com/tcggo/storage/4101/smeargle-sit-tg10-silver-tempest-pokemon.png,https://www.tcggo.com/external/cm/4078,https://www.tcggo.com/external/tcgplayer/4078,Smeargle,Smeargle TG10,,3.31,3.13,397,EUR,[],,,,,,,,,,,2.8,2,2,3.7,3.7,2.8,3,3,1.9,1.9,,,,,,,,,,,,,,,,,,,,,,,,,,,,,,,,,,,,,,,,,,,,EUR,2.74,2.85,Trainer Gallery Rare Holo,smeargle,Pokémon,https://www.tcggo.com/pokemon/silver-tempest/smeargle-tg10,swsh12tg-TG10,452025,singles,
2026-08-23T17:19:56+02:00,,409,Yuu Nishida,yuu-nishida,SIT TG11,TG11,682275,195,215,SIT,Pokémon,pokemon,24,https://images.tcggo.com/tcggo/storage/3877/silver-tempest-logo.png,Silver Tempest,EUR,1099.33,EUR,1151.88,2022-11-11,2,Sword & Shield,sword-shield,silver-tempest,110,4079,https://images.tcggo.com/tcggo/storage/4102/altaria-sit-tg11-silver-tempest-pokemon.png,https://www.tcggo.com/external/cm/4079,https://www.tcggo.com/external/tcgplayer/4079,Altaria,Altaria TG11,,6.11,6.34,382,EUR,[],,,,,,,,,,,4.4,3.99,3.99,6.5,6.5,4.4,6.99,6.99,3.5,3.5,USD,,,,,,,,,,,,,14,1,39.99,5,,,,,12.5,1,89.99,5,,,13.4,5,19.5,5,,,,,,,,,,,14.99,1,EUR,4.91,4.94,Trainer Gallery Rare Holo,altaria,Pokémon,https://www.tcggo.com/pokemon/silver-tempest/altaria-tg11,swsh12tg-TG11,452027,singles,
2026-08-23T17:19:56+02:00,,359,HYOGONOSUKE,hyogonosuke,SIT TG12,TG12,682276,195,215,SIT,Pokémon,pokemon,24,https://images.tcggo.com/tcggo/storage/3877/silver-tempest-logo.png,Silver Tempest,EUR,1099.33,EUR,1151.88,2022-11-11,2,Sword & Shield,sword-shield,silver-tempest,180,4080,https://images.tcggo.com/tcggo/storage/4103/kricketune-v-sit-tg12-silver-tempest-pokemon.png,https://www.tcggo.com/external/cm/4080,https://www.tcggo.com/external/tcgplayer/4080,Kricketune V,Kricketune V TG12,,5.89,6.68,218,EUR,,,,,,,,,76,,,5,4.9,4.9,5.99,5.99,5,11.9,12,3,3,USD,,,,,,,,,,,,,,,33.69,1,,,,,,,35.09,5,,,17.73,1,17,3,,,,,,,,,,,,,EUR,3.26,3.41,Rare Holo V,kricketune-v,Pokémon,https://www.tcggo.com/pokemon/silver-tempest/kricketune-v-tg12,swsh12tg-TG12,452028,singles,
2026-08-23T17:19:56+02:00,,385,Teeziro,teeziro,SIT TG13,TG13,682277,195,215,SIT,Pokémon,pokemon,24,https://images.tcggo.com/tcggo/storage/3877/silver-tempest-logo.png,Silver Tempest,EUR,1099.33,EUR,1151.88,2022-11-11,2,Sword & Shield,sword-shield,silver-tempest,210,4081,https://images.tcggo.com/tcggo/storage/4104/serperior-v-sit-tg13-silver-tempest-pokemon.png,https://www.tcggo.com/external/cm/4081,https://www.tcggo.com/external/tcgplayer/4081,Serperior V,Serperior V TG13,,22.83,21.62,196,EUR,,,57,,,75,,,97,,39,19.26,17.5,17.5,19.5,19.5,19.9,40,40,11.9,11.9,USD,47.1,5,,,,,21.76,2,,,,,,,31.27,5,,,,,16.13,2,66.19,5,13.4,1,22.34,2,20.85,5,,,,,78.23,2,14.83,1,,,35.85,2,EUR,14.31,15.34,Rare Holo V,serperior-v,Pokémon,https://www.tcggo.com/pokemon/silver-tempest/serperior-v-tg13,swsh12tg-TG13,452029,singles,
2026-08-23T17:19:56+02:00,,405,nagimiso,nagimiso,SIT TG14,TG14,682278,195,215,SIT,Pokémon,pokemon,24,https://images.tcggo.com/tcggo/storage/3877/silver-tempest-logo.png,Silver Tempest,EUR,1099.33,EUR,1151.88,2022-11-11,2,Sword & Shield,sword-shield,silver-tempest,210,4082,https://images.tcggo.com/tcggo/storage/4105/blaziken-v-sit-tg14-silver-tempest-pokemon.png,https://www.tcggo.com/external/cm/4082,https://www.tcggo.com/external/tcgplayer/4082,Blaziken V,Blaziken V TG14,,27.53,26.32,217,EUR,,,,,,180,,,189,,60,24.05,20,20,30.99,30.99,25,61,61,14.9,14.9,USD,62.58,5,,,,,28.56,2,,,,,,,53.52,5,,,,,22.3,5,96.64,5,18.63,2,16.73,5,35.64,5,100,1,,,107.03,5,,,,,54.55,1,EUR,20.7,22.9,Rare Holo V,blaziken-v,Pokémon,https://www.tcggo.com/pokemon/silver-tempest/blaziken-v-tg14,swsh12tg-TG14,452030,singles,
2026-08-23T17:19:56+02:00,,524,KIYOTAKA OSHIYAMA,kiyotaka-oshiyama,SIT TG15,TG15,682279,195,215,SIT,Pokémon,pokemon,24,https://images.tcggo.com/tcggo/storage/3877/silver-tempest-logo.png,Silver Tempest,EUR,1099.33,EUR,1151.88,2022-11-11,2,Sword & Shield,sword-shield,silver-tempest,320,4083,https://images.tcggo.com/tcggo/storage/4106/blaziken-vmax-sit-tg15-silver-tempest-pokemon.png,https://www.tcggo.com/external/cm/4083,https://www.tcggo.com/external/tcgplayer/4083,Blaziken VMAX,Blaziken VMAX TG15,,25.34,24.01,228,EUR,,,,,,,,,100,40,50,25,16.99,16.99,24,24,25,44,50,14.5,14.5,USD,72.91,5,,,20.75,1,24.73,5,303.21,1,,,28.93,2,93.45,5,,,,,24.71,5,97.19,5,,,26.91,5,31.8,5,34.39,1,,,91.5,2,,,25.27,2,30,3,EUR,27.43,29.05,Rare Holo VMAX,blaziken-vmax,Pokémon,https://www.tcggo.com/pokemon/silver-tempest/blaziken-vmax-tg15,swsh12tg-TG15,452031,singles,
2026-08-23T17:19:56+02:00,,495,yuu,yuu,SIT TG16,TG16,682280,195,215,SIT,Pokémon,pokemon,24,https://images.tcggo.com/tcggo/storage/3877/silver-tempest-logo.png,Silver Tempest,EUR,1099.33,EUR,1151.88,2022-11-11,2,Sword & Shield,sword-shield,silver-tempest,210,4084,https://images.tcggo.com/tcggo/storage/4107/zeraora-v-sit-tg16-silver-tempest-pokemon.png,https://www.tcggo.com/external/cm/4084,https://www.tcggo.com/external/tcgplayer/4084,Zeraora V,Zeraora V TG16,,13.05,14.03,175,EUR,,,,,,,,,20,,,14.39,12.9,12.9,14.99,14.99,14,20,20,5.49,5.49,USD,44.99,5,,,,,12.5,1,39.62,1,,,11.21,1,14.95,5,,,7.86,1,,,58.31,5,,,17.79,1,22.42,5,,,,,60,1,,,,,,,EUR,8.73,8.74,Rare Holo V,zeraora-v,Pokémon,https://www.tcggo.com/pokemon/silver-tempest/zeraora-v-tg16,swsh12tg-TG16,451398,singles,
2026-08-23T17:19:56+02:00,,391,saino misaki,saino-misaki,SIT TG17,TG17,682281,195,215,SIT,Pokémon,pokemon,24,https://images.tcggo.com/tcggo/storage/3877/silver-tempest-logo.png,Silver Tempest,EUR,1099.33,EUR,1151.88,2022-11-11,2,Sword & Shield,sword-shield,silver-tempest,200,4085,https://images.tcggo.com/tcggo/storage/4108/mawile-v-sit-tg17-silver-tempest-pokemon.png,https://www.tcggo.com/external/cm/4085,https://www.tcggo.com/external/tcgplayer/4085,Mawile V,Mawile V TG17,,11.96,12.41,202,EUR,,,,,,80,,,165,,,10,9.99,9.99,17,17,10,24.5,24.99,6.9,6.9,USD,52.25,1,,,,,26.42,1,,,,,,,30.5,5,,,,,9.72,1,152.25,5,,,,,17.69,5,22.11,2,,,60.11,3,,,,,,,EUR,8.7,8.9,Rare Holo V,mawile-v,Pokémon,https://www.tcggo.com/pokemon/silver-tempest/mawile-v-tg17,swsh12tg-TG17,450295,singles,
2026-08-23T17:19:56+02:00,,524,KIYOTAKA OSHIYAMA,kiyotaka-oshiyama,SIT TG18,TG18,682282,195,215,SIT,Pokémon,pokemon,24,https://images.tcggo.com/tcggo/storage/3877/silver-tempest-logo.png,Silver Tempest,EUR,1099.33,EUR,1151.88,2022-11-11,2,Sword & Shield,sword-shield,silver-tempest,210,4086,https://images.tcggo.com/tcggo/storage/4109/corviknight-v-sit-tg18-silver-tempest-pokemon.png,https://www.tcggo.com/external/cm/4086,https://www.tcggo.com/external/tcgplayer/4086,Corviknight V,Corviknight V TG18,,11.41,12.97,176,EUR,,,,,,59,,,80,,59,5.95,7,8.95,21.98,21.98,5.95,14.95,14.95,4.6,4.6,USD,,,,,,,,,,,,,,,28.98,5,,,,,,,66.68,5,13.77,1,,,17.28,5,19.36,1,,,,,,,,,8.55,1,EUR,8.9,9.2,Rare Holo V,corviknight-v,Pokémon,https://www.tcggo.com/pokemon/silver-tempest/corviknight-v-tg18,swsh12tg-TG18,452032,singles,
2026-08-23T17:19:56+02:00,,437,Shigenori Negishi,shigenori-negishi,SIT TG19,TG19,682283,195,215,SIT,Pokémon,pokemon,24,https://images.tcggo.com/tcggo/storage/3877/silver-tempest-logo.png,Silver Tempest,EUR,1099.33,EUR,1151.88,2022-11-11,2,Sword & Shield,sword-shield,silver-tempest,320,4087,https://images.tcggo.com/tcggo/storage/4110/corviknight-vmax-sit-tg19-silver-tempest-pokemon.png,https://www.tcggo.com/external/cm/4087,https://www.tcggo.com/external/tcgplayer/4087,Corviknight VMAX,Corviknight VMAX TG19,,8.11,8.27,220,EUR,,,,,,,,,65,,,7,6.84,6.84,8,8,7,14,14,4.7,4.7,USD,39.63,5,,,,,,,,,,,,,34.39,5,,,,,17.84,1,53.83,5,9.5,3,8.5,3,16.72,5,26.75,1,,,51.28,2,,,,,,,EUR,6.09,6.71,Rare Holo VMAX,corviknight-vmax,Pokémon,https://www.tcggo.com/pokemon/silver-tempest/corviknight-vmax-tg19,swsh12tg-TG19,452033,singles,
2026-08-23T17:19:56+02:00,,456,Hideki Ishikawa,hideki-ishikawa,SIT TG20,TG20,682284,195,215,SIT,Pokémon,pokemon,24,https://images.tcggo.com/tcggo/storage/3877/silver-tempest-logo.png,Silver Tempest,EUR,1099.33,EUR,1151.88,2022-11-11,2,Sword & Shield,sword-shield,silver-tempest,320,4088,https://images.tcggo.com/tcggo/storage/4111/rayquaza-vmax-sit-tg20-silver-tempest-pokemon.png,https://www.tcggo.com/external/cm/4088,https://www.tcggo.com/external/tcgplayer/4088,Rayquaza VMAX,Rayquaza VMAX TG20,,170.09,183.77,260,EUR,,450,,,190,400,,,399,159,200,150.45,119.89,119.89,190,190,160,280,280,119.49,119.49,USD,258.91,5,,,,,135.84,5,911.99,5,,,125,2,245.32,5,94,1,,,122.7,4,338.24,5,129.06,3,152.39,5,149.79,5,185,1,,,446.03,5,,,,,122.5,3,EUR,95.3,112.3,Rare Holo VMAX,rayquaza-vmax,Pokémon,https://www.tcggo.com/pokemon/silver-tempest/rayquaza-vmax-tg20,swsh12tg-TG20,452034,singles,
2026-08-23T17:19:56+02:00,,434,AKIRA EGAWA,akira-egawa,SIT TG21,TG21,682285,195,215,SIT,Pokémon,pokemon,24,https://images.tcggo.com/tcggo/storage/3877/silver-tempest-logo.png,Silver Tempest,EUR,1099.33,EUR,1151.88,2022-11-11,2,Sword & Shield,sword-shield,silver-tempest,330,4089,https://images.tcggo.com/tcggo/storage/4112/duraludon-vmax-sit-tg21-silver-tempest-pokemon.png,https://www.tcggo.com/external/cm/4089,https://www.tcggo.com/external/tcgplayer/4089,Duraludon VMAX,Duraludon VMAX TG21,,11.51,11.49,187,EUR,[],,,,,,,,,,,9.99,9.9,9.9,13,13,9.99,13.5,13.5,6.8,6.8,USD,43.38,4,,,11.74,1,,,132.65,1,,,,,22.09,4,,,,,4.09,1,49.06,5,,,13.37,3,3.72,1,,,,,60.62,1,,,,,,,EUR,8.55,8.98,Rare Holo VMAX,duraludon-vmax,Pokémon,https://www.tcggo.com/pokemon/silver-tempest/duraludon-vmax-tg21,swsh12tg-TG21,452035,singles,
2026-08-23T17:19:56+02:00,,522,You Iribi,you-iribi,SIT TG22,TG22,682286,195,215,SIT,Pokémon,pokemon,24,https://images.tcggo.com/tcggo/storage/3877/silver-tempest-logo.png,Silver Tempest,EUR,1099.33,EUR,1151.88,2022-11-11,2,Sword & Shield,sword-shield,silver-tempest,250,4090,https://images.tcggo.com/tcggo/storage/4113/blissey-v-sit-tg22-silver-tempest-pokemon.png,https://www.tcggo.com/external/cm/4090,https://www.tcggo.com/external/tcgplayer/4090,Blissey V,Blissey V TG22,,19.32,19.42,180,EUR,,,,,,90,,,160,,30,20,17,17,13.5,13.5,19,17.99,17.99,7.5,7.5,USD,35.14,2,,,,,17.29,1,,,,,,,26.8,5,,,,,25.02,1,84.88,5,13.37,1,16.75,3,26.8,5,50,1,,,64.54,4,,,,,,,EUR,13.86,14.03,Rare Holo V,blissey-v,Pokémon,https://www.tcggo.com/pokemon/silver-tempest/blissey-v-tg22,swsh12tg-TG22,452037,singles,
2026-08-23T17:19:56+02:00,,379,Sanosuke Sakuma,sanosuke-sakuma,SIT TG23,TG23,682287,195,215,SIT,Pokémon,pokemon,24,https://images.tcggo.com/tcggo/storage/3877/silver-tempest-logo.png,Silver Tempest,EUR,1099.33,EUR,1151.88,2022-11-11,2,Sword & Shield,sword-shield,silver-tempest,0,4091,https://images.tcggo.com/tcggo/storage/4114/friends-in-galar-sit-tg23-silver-tempest-pokemon.png,https://www.tcggo.com/external/cm/4091,https://www.tcggo.com/external/tcgplayer/4091,Friends in Galar,Friends in Galar TG23,,7.25,7.72,276,EUR,,,,,,,,,75,,,6.5,4.5,5.89,7.95,7.95,6.5,8.5,8.5,2.4,2.4,USD,49.97,1,,,,,,,,,,,,,27.49,4,,,,,,,40.02,5,,,5.58,3,11.4,5,,,,,,,,,,,,,EUR,7.2,7.6,Rare Ultra,friends-in-galar,Trainer,https://www.tcggo.com/pokemon/silver-tempest/friends-in-galar-tg23,swsh12tg-TG23,452039,singles,
2026-08-23T17:19:56+02:00,,518,Ryuta Fuse,ryuta-fuse,SIT TG24,TG24,682288,195,215,SIT,Pokémon,pokemon,24,https://images.tcggo.com/tcggo/storage/3877/silver-tempest-logo.png,Silver Tempest,EUR,1099.33,EUR,1151.88,2022-11-11,2,Sword & Shield,sword-shield,silver-tempest,0,4092,https://images.tcggo.com/tcggo/storage/4115/gordie-sit-tg24-silver-tempest-pokemon.png,https://www.tcggo.com/external/cm/4092,https://www.tcggo.com/external/tcgplayer/4092,Gordie,Gordie TG24,,2.13,2.35,361,EUR,[],,,,,,,,,,,1.35,1,1,3,3,1.35,3,3,1,1,,,,,,,,,,,,,,,,,,,,,,,,,,,,,,,,,,,,,,,,,,,,EUR,1.49,1.51,Rare Ultra,gordie,Trainer,https://www.tcggo.com/pokemon/silver-tempest/gordie-tg24,swsh12tg-TG24,452040,singles,
2026-08-23T17:19:56+02:00,,518,Ryuta Fuse,ryuta-fuse,SIT TG25,TG25,682289,195,215,SIT,Pokémon,pokemon,24,https://images.tcggo.com/tcggo/storage/3877/silver-tempest-logo.png,Silver Tempest,EUR,1099.33,EUR,1151.88,2022-11-11,2,Sword & Shield,sword-shield,silver-tempest,0,4093,https://images.tcggo.com/tcggo/storage/4116/judge-sit-tg25-silver-tempest-pokemon.png,https://www.tcggo.com/external/cm/4093,https://www.tcggo.com/external/tcgplayer/4093,Judge,Judge TG25,,5.61,5.82,211,EUR,,,,,,,,,35,,27,4.9,5,5,7,7,5.5,4.5,4.5,2.8,2.8,USD,,,,,,,,,,,,,,,,,,,,,,,42.54,2,,,9.16,1,,,,,,,,,,,,,,,EUR,8.33,8.7,Rare Ultra,judge,Trainer,https://www.tcggo.com/pokemon/silver-tempest/judge-tg25,swsh12tg-TG25,452042,singles,
2026-08-23T17:19:56+02:00,,512,kirisAki,kirisaki,SIT TG26,TG26,682290,195,215,SIT,Pokémon,pokemon,24,https://images.tcggo.com/tcggo/storage/3877/silver-tempest-logo.png,Silver Tempest,EUR,1099.33,EUR,1151.88,2022-11-11,2,Sword & Shield,sword-shield,silver-tempest,0,4094,https://images.tcggo.com/tcggo/storage/4117/professor-burnet-sit-tg26-silver-tempest-pokemon.png,https://www.tcggo.com/external/cm/4094,https://www.tcggo.com/external/tcgplayer/4094,Professor Burnet,Professor Burnet TG26,,3.31,3.54,306,EUR,,,,,,,,,,,34,3,2.85,2.85,3.5,3.5,3,4.95,4.95,1.5,1.5,USD,,,,,,,,,,,,,,,14.01,3,,,5.5,1,14.99,1,26.01,5,,,11.99,1,20.24,2,,,,,,,,,,,,,EUR,2.85,3.06,Rare Ultra,professor-burnet,Trainer,https://www.tcggo.com/pokemon/silver-tempest/professor-burnet-tg26,swsh12tg-TG26,452044,singles,
2026-08-23T17:19:56+02:00,,558,take,take,SIT TG27,TG27,682291,195,215,SIT,Pokémon,pokemon,24,https://images.tcggo.com/tcggo/storage/3877/silver-tempest-logo.png,Silver Tempest,EUR,1099.33,EUR,1151.88,2022-11-11,2,Sword & Shield,sword-shield,silver-tempest,0,4095,https://images.tcggo.com/tcggo/storage/4118/raihan-sit-tg27-silver-tempest-pokemon.png,https://www.tcggo.com/external/cm/4095,https://www.tcggo.com/external/tcgplayer/4095,Raihan,Raihan TG27,,3.03,3.35,291,EUR,,,,,,,,,35,,75,2,1.39,1.39,3.8,3.8,2,4.3,4.55,1.39,1.39,USD,,,,,,,,,,,,,,,,,,,,,,,28.5,5,,,,,,,,,,,,,,,,,,,EUR,2.58,2.56,Rare Ultra,raihan,Trainer,https://www.tcggo.com/pokemon/silver-tempest/raihan-tg27,swsh12tg-TG27,452045,singles,
2026-08-23T17:19:56+02:00,,405,nagimiso,nagimiso,SIT TG28,TG28,682292,195,215,SIT,Pokémon,pokemon,24,https://images.tcggo.com/tcggo/storage/3877/silver-tempest-logo.png,Silver Tempest,EUR,1099.33,EUR,1151.88,2022-11-11,2,Sword & Shield,sword-shield,silver-tempest,0,4096,https://images.tcggo.com/tcggo/storage/4119/sordward-shielbert-sit-tg28-silver-tempest-pokemon.png,https://www.tcggo.com/external/cm/4096,https://www.tcggo.com/external/tcgplayer/4096,Sordward & Shielbert,Sordward & Shielbert TG28,,2.5,2.44,357,EUR,[],,,,,,,,,,,1.77,1.45,1.45,2.99,2.99,1.77,1,1,0.46,0.46,,,,,,,,,,,,,,,,,,,,,,,,,,,,,,,,,,,,,,,,,,,,EUR,1.32,1.48,Rare Ultra,sordward-shielbert,Trainer,https://www.tcggo.com/pokemon/silver-tempest/sordward-shielbert-tg28,swsh12tg-TG28,452047,singles,
2026-08-23T17:19:56+02:00,,384,PLANETA Mochizuki,planeta-mochizuki,SIT TG29,TG29,682293,195,215,SIT,Pokémon,pokemon,24,https://images.tcggo.com/tcggo/storage/3877/silver-tempest-logo.png,Silver Tempest,EUR,1099.33,EUR,1151.88,2022-11-11,2,Sword & Shield,sword-shield,silver-tempest,320,4097,https://images.tcggo.com/tcggo/storage/4120/rayquaza-vmax-sit-tg29-silver-tempest-pokemon.png,https://www.tcggo.com/external/cm/4097,https://www.tcggo.com/external/tcgplayer/4097,Rayquaza VMAX,Rayquaza VMAX TG29,,26.51,29.8,333,EUR,,,,,,130,39,,175,,75,10,17.99,17.99,29,29,10,35,35,14.9,14.9,USD,114.11,5,,,17.96,2,35.79,2,,,,,21.56,1,84.75,5,,,,,33.44,5,141.61,5,,,30.48,5,37.91,5,,,,,178.4,5,,,15.5,1,42.82,5,EUR,17.18,21.17,Rare Secret,rayquaza-vmax,Pokémon,https://www.tcggo.com/pokemon/silver-tempest/rayquaza-vmax-tg29,swsh12tg-TG29,452048,singles,
2026-08-23T17:19:56+02:00,,384,PLANETA Mochizuki,planeta-mochizuki,SIT TG30,TG30,682294,195,215,SIT,Pokémon,pokemon,24,https://images.tcggo.com/tcggo/storage/3877/silver-tempest-logo.png,Silver Tempest,EUR,1099.33,EUR,1151.88,2022-11-11,2,Sword & Shield,sword-shield,silver-tempest,330,4098,https://images.tcggo.com/tcggo/storage/4121/duraludon-vmax-sit-tg30-silver-tempest-pokemon.png,https://www.tcggo.com/external/cm/4098,https://www.tcggo.com/external/tcgplayer/4098,Duraludon VMAX,Duraludon VMAX TG30,,2.25,2.37,571,EUR,[],,,,,,,,,,,1.3,1.5,1.5,1.5,1.5,1.3,3,3,0.99,0.99,,,,,,,,,,,,,,,,,,,,,,,,,,,,,,,,,,,,,,,,,,,,EUR,3.5,3.6,Rare Secret,duraludon-vmax,Pokémon,https://www.tcggo.com/pokemon/silver-tempest/duraludon-vmax-tg30,swsh12tg-TG30,452049,singles,
2026-08-23T17:19:56+02:00,,362,Naoyo Kimura,naoyo-kimura,SIT 131,SIT 131,,195,215,SIT,Pokémon,pokemon,24,https://images.tcggo.com/tcggo/storage/3877/silver-tempest-logo.png,Silver Tempest,EUR,1099.33,EUR,1151.88,2022-11-11,2,Sword & Shield,sword-shield,silver-tempest,,33871,https://images.tcggo.com/tcggo/storage/34418/dragonite-sit-sit-131-silver-tempest.png,https://www.tcggo.com/external/cm/33871,https://www.tcggo.com/external/tcgplayer/33871,Dragonite,Dragonite SIT 131,,,,,,,,,,,,,,,,,,,,,,,,,,,,,,,,,,,,,,,,,,,,,,,,,,,,,,,,,,,,,,,,,,,,,,,,,Promo,dragonite,,https://www.tcggo.com/pokemon/silver-tempest/dragonite,,550632,singles,EB Games
