captured_at,artist,artist.id,artist.name,artist.slug,card_code_number,card_number,cardmarket_id,episode.cards_printed_total,episode.cards_total,episode.code,episode.game.name,episode.game.slug,episode.id,episode.logo,episode.name,episode.prices.cardmarket.currency,episode.prices.cardmarket.total,episode.prices.tcgplayer.currency,episode.prices.tcgplayer.total,episode.released_at,episode.series.id,episode.series.name,episode.series.slug,episode.slug,hp,id,image,links.cardmarket,links.tcgplayer,name,name_numbered,prices.cardmarket.30d_average,prices.cardmarket.7d_average,prices.cardmarket.available_items,prices.cardmarket.currency,prices.cardmarket.graded,prices.cardmarket.graded.bgs.bgs10,prices.cardmarket.graded.bgs.bgs8,prices.cardmarket.graded.bgs.bgs9,prices.cardmarket.graded.cgc.cgc10,prices.cardmarket.graded.cgc.cgc9,prices.cardmarket.graded.psa.psa10,prices.cardmarket.graded.psa.psa8,prices.cardmarket.graded.psa.psa9,prices.cardmarket.lowest_near_mint,prices.cardmarket.lowest_near_mint_DE,prices.cardmarket.lowest_near_mint_DE_EU_only,prices.cardmarket.lowest_near_mint_ES,prices.cardmarket.lowest_near_mint_ES_EU_only,prices.cardmarket.lowest_near_mint_EU_only,prices.cardmarket.lowest_near_mint_FR,prices.cardmarket.lowest_near_mint_FR_EU_only,prices.cardmarket.lowest_near_mint_IT,prices.cardmarket.lowest_near_mint_IT_EU_only,prices.ebay.currency,prices.ebay.graded.ace.10.median_price,prices.ebay.graded.ace.10.sample_size,prices.ebay.graded.ace.7.median_price,prices.ebay.graded.ace.7.sample_size,prices.ebay.graded.ace.8.median_price,prices.ebay.graded.ace.8.sample_size,prices.ebay.graded.ace.9.median_price,prices.ebay.graded.ace.9.sample_size,prices.ebay.graded.ars.10.median_price,prices.ebay.graded.ars.10.sample_size,prices.ebay.graded.bgs.10.median_price,prices.ebay.graded.bgs.10.sample_size,prices.ebay.graded.bgs.8.median_price,prices.ebay.graded.bgs.8.sample_size,prices.ebay.graded.bgs.9.median_price,prices.ebay.graded.bgs.9.sample_size,prices.ebay.graded.cgc.10.median_price,prices.ebay.graded.cgc.10.sample_size,prices.ebay.graded.cgc.7.median_price,prices.ebay.graded.cgc.7.sample_size,prices.ebay.graded.cgc.8.median_price,prices.ebay.graded.cgc.8.sample_size,prices.ebay.graded.cgc.9.median_price,prices.ebay.graded.cgc.9.sample_size,prices.ebay.graded.psa.10.median_price,prices.ebay.graded.psa.10.sample_size,prices.ebay.graded.psa.7.median_price,prices.ebay.graded.psa.7.sample_size,prices.ebay.graded.psa.8.median_price,prices.ebay.graded.psa.8.sample_size,prices.ebay.graded.psa.9.median_price,prices.ebay.graded.psa.9.sample_size,prices.ebay.graded.sgc.10.median_price,prices.ebay.graded.sgc.10.sample_size,prices.ebay.graded.sgc.7.median_price,prices.ebay.graded.sgc.7.sample_size,prices.ebay.graded.sgc.8.median_price,prices.ebay.graded.sgc.8.sample_size,prices.ebay.graded.sgc.9.median_price,prices.ebay.graded.sgc.9.sample_size,prices.ebay.graded.tag.10.median_price,prices.ebay.graded.tag.10.sample_size,prices.ebay.graded.tag.7.median_price,prices.ebay.graded.tag.7.sample_size,prices.ebay.graded.tag.8.median_price,prices.ebay.graded.tag.8.sample_size,prices.ebay.graded.tag.9.median_price,prices.ebay.graded.tag.9.sample_size,prices.tcg_player.currency,prices.tcg_player.market_price,prices.tcg_player.mid_price,rarity,slug,supertype,tcggo_url,tcgid,tcgplayer_id,type,version
2026-08-23T17:19:56+02:00,,409,Yuu Nishida,yuu-nishida,MEW 2,2,733597,165,207,MEW,Pokémon,pokemon,16,https://images.tcggo.com/tcggo/storage/2496/151-logo.png,151,EUR,1769.91,EUR,1756.61,2023-09-22,1,Scarlet & Violet,scarlet-violet,151,100,2484,https://images.tcggo.com/tcggo/storage/2498/ivysaur-mew-2-151-pokemon.png,https://www.tcggo.com/external/cm/2484,https://www.tcggo.com/external/tcgplayer/2484,Ivysaur,Ivysaur 2,0.12,0.11,6687,EUR,[],,,,,,,,,0.02,0.05,0.06,0.02,0.02,0.02,0.02,0.02,0.02,0.02,,,,,,,,,,,,,,,,,,,,,,,,,,,,,,,,,,,,,,,,,,,,,,,,,,EUR,0.41,0.2,Uncommon,ivysaur,Pokémon,https://www.tcggo.com/pokemon/151/ivysaur-2,sv3pt5-2,502553,singles,
2026-08-23T17:19:56+02:00,,409,Yuu Nishida,yuu-nishida,MEW 1,1,733596,165,207,MEW,Pokémon,pokemon,16,https://images.tcggo.com/tcggo/storage/2496/151-logo.png,151,EUR,1769.91,EUR,1756.61,2023-09-22,1,Scarlet & Violet,scarlet-violet,151,70,2485,https://images.tcggo.com/tcggo/storage/2499/bulbasaur-mew-1-151-pokemon.png,https://www.tcggo.com/external/cm/2485,https://www.tcggo.com/external/tcgplayer/2485,Bulbasaur,Bulbasaur 1,0.09,0.1,11054,EUR,[],,,,,,,,,0.02,0.02,0.03,0.02,0.02,0.02,0.02,0.02,0.02,0.02,USD,50.01,1,,,,,,,,,,,,,,,99.82,2,,,,,16.26,1,139,1,,,,,33.49,4,,,,,,,,,,,,,,,,,EUR,0.32,0.17,Common,bulbasaur,Pokémon,https://www.tcggo.com/pokemon/151/bulbasaur-1,sv3pt5-1,502552,singles,
2026-08-23T17:19:56+02:00,,380,5ban Graphics,5ban-graphics,MEW 3,3,733598,165,207,MEW,Pokémon,pokemon,16,https://images.tcggo.com/tcggo/storage/2496/151-logo.png,151,EUR,1769.91,EUR,1756.61,2023-09-22,1,Scarlet & Violet,scarlet-violet,151,340,2486,https://images.tcggo.com/tcggo/storage/2500/venusaur-ex-mew-3-151-pokemon.png,https://www.tcggo.com/external/cm/2486,https://www.tcggo.com/external/tcgplayer/2486,Venusaur ex,Venusaur ex 3,2.47,2.86,1522,EUR,[],,,,,,,,,1,3.2,3.2,13,13,1,0.7,0.7,0.99,0.99,,,,,,,,,,,,,,,,,,,,,,,,,,,,,,,,,,,,,,,,,,,,,,,,,,EUR,1.18,1.03,Double Rare,venusaur-ex,Pokémon,https://www.tcggo.com/pokemon/151/venusaur-ex-3,sv3pt5-3,502554,singles,
2026-08-23T17:19:56+02:00,,454,kantaro,kantaro,MEW 7,7,733602,165,207,MEW,Pokémon,pokemon,16,https://images.tcggo.com/tcggo/storage/2496/151-logo.png,151,EUR,1769.91,EUR,1756.61,2023-09-22,1,Scarlet & Violet,scarlet-violet,151,60,2487,https://images.tcggo.com/tcggo/storage/2501/squirtle-mew-7-151-pokemon.png,https://www.tcggo.com/external/cm/2487,https://www.tcggo.com/external/tcgplayer/2487,Squirtle,Squirtle 7,0.1,0.09,10672,EUR,[],,,,,,,,,0.02,0.04,0.04,0.02,0.02,0.02,0.02,0.02,0.02,0.02,USD,,,68.25,1,,,,,,,,,,,,,21.47,2,,,,,20,1,350,5,71.36,5,,,16.19,1,,,,,,,,,,,,,,,,,EUR,0.36,0.17,Common,squirtle,Pokémon,https://www.tcggo.com/pokemon/151/squirtle-7,sv3pt5-7,502548,singles,
2026-08-23T17:19:56+02:00,,381,sowsow,sowsow,MEW 19,19,733614,165,207,MEW,Pokémon,pokemon,16,https://images.tcggo.com/tcggo/storage/2496/151-logo.png,151,EUR,1769.91,EUR,1756.61,2023-09-22,1,Scarlet & Violet,scarlet-violet,151,40,2488,https://images.tcggo.com/tcggo/storage/2502/rattata-mew-19-151-pokemon.png,https://www.tcggo.com/external/cm/2488,https://www.tcggo.com/external/tcgplayer/2488,Rattata,Rattata 19,0.04,0.04,14768,EUR,[],,,,,,,,,0.03,0.02,0.02,0.02,0.02,0.02,0.02,0.02,0.02,0.02,,,,,,,,,,,,,,,,,,,,,,,,,,,,,,,,,,,,,,,,,,,,,,,,,,EUR,0.27,0.13,Common,rattata,Pokémon,https://www.tcggo.com/pokemon/151/rattata-19,sv3pt5-19,502568,singles,
2026-08-23T17:19:56+02:00,,454,kantaro,kantaro,MEW 8,8,733603,165,207,MEW,Pokémon,pokemon,16,https://images.tcggo.com/tcggo/storage/2496/151-logo.png,151,EUR,1769.91,EUR,1756.61,2023-09-22,1,Scarlet & Violet,scarlet-violet,151,100,2489,https://images.tcggo.com/tcggo/storage/2503/wartortle-mew-8-151-pokemon.png,https://www.tcggo.com/external/cm/2489,https://www.tcggo.com/external/tcgplayer/2489,Wartortle,Wartortle 8,0.1,0.1,7194,EUR,[],,,,,,,,,0.02,0.02,0.03,0.02,0.02,0.02,0.02,0.02,0.02,0.02,,,,,,,,,,,,,,,,,,,,,,,,,,,,,,,,,,,,,,,,,,,,,,,,,,EUR,0.68,0.2,Uncommon,wartortle,Pokémon,https://www.tcggo.com/pokemon/151/wartortle-8,sv3pt5-8,502550,singles,
2026-08-23T17:19:56+02:00,,393,Kedamahadaitai Yawarakai,kedamahadaitai-yawarakai,MEW 23,23,733618,165,207,MEW,Pokémon,pokemon,16,https://images.tcggo.com/tcggo/storage/2496/151-logo.png,151,EUR,1769.91,EUR,1756.61,2023-09-22,1,Scarlet & Violet,scarlet-violet,151,70,2490,https://images.tcggo.com/tcggo/storage/2504/ekans-mew-23-151-pokemon.png,https://www.tcggo.com/external/cm/2490,https://www.tcggo.com/external/tcgplayer/2490,Ekans,Ekans 23,0.05,0.05,14804,EUR,[],,,,,,,,,0.02,0.02,0.02,0.02,0.02,0.02,0.02,0.02,0.02,0.02,,,,,,,,,,,,,,,,,,,,,,,,,,,,,,,,,,,,,,,,,,,,,,,,,,EUR,0.22,0.13,Common,ekans,Pokémon,https://www.tcggo.com/pokemon/151/ekans-23,sv3pt5-23,515955,singles,
2026-08-23T17:19:56+02:00,,411,PLANETA Yamashita,planeta-yamashita,MEW 9,9,733604,165,207,MEW,Pokémon,pokemon,16,https://images.tcggo.com/tcggo/storage/2496/151-logo.png,151,EUR,1769.91,EUR,1756.61,2023-09-22,1,Scarlet & Violet,scarlet-violet,151,330,2491,https://images.tcggo.com/tcggo/storage/2505/blastoise-ex-mew-9-151-pokemon.png,https://www.tcggo.com/external/cm/2491,https://www.tcggo.com/external/tcgplayer/2491,Blastoise ex,Blastoise ex 9,3.05,3.67,1207,EUR,,,,,78,,129,,29,1,4.9,4.99,8.5,8.5,1,0.95,0.95,1.49,1.49,,,,,,,,,,,,,,,,,,,,,,,,,,,,,,,,,,,,,,,,,,,,,,,,,,EUR,2.21,1.52,Double Rare,blastoise-ex,Pokémon,https://www.tcggo.com/pokemon/151/blastoise-ex-9,sv3pt5-9,502551,singles,
2026-08-23T17:19:56+02:00,,457,Eske Yoshinob,eske-yoshinob,MEW 24,24,733619,165,207,MEW,Pokémon,pokemon,16,https://images.tcggo.com/tcggo/storage/2496/151-logo.png,151,EUR,1769.91,EUR,1756.61,2023-09-22,1,Scarlet & Violet,scarlet-violet,151,270,2492,https://images.tcggo.com/tcggo/storage/2506/arbok-ex-mew-24-151-pokemon.png,https://www.tcggo.com/external/cm/2492,https://www.tcggo.com/external/tcgplayer/2492,Arbok ex,Arbok ex 24,2.57,2.8,652,EUR,[],,,,,,,,,1.69,1.98,1.98,4.5,4.5,1.9,2.85,2.85,0.4,0.4,,,,,,,,,,,,,,,,,,,,,,,,,,,,,,,,,,,,,,,,,,,,,,,,,,EUR,1.37,1.09,Double Rare,arbok-ex,Pokémon,https://www.tcggo.com/pokemon/151/arbok-ex-24,sv3pt5-24,515956,singles,
2026-08-23T17:19:56+02:00,,499,Tika Matsuno,tika-matsuno,MEW 12,12,733607,165,207,MEW,Pokémon,pokemon,16,https://images.tcggo.com/tcggo/storage/2496/151-logo.png,151,EUR,1769.91,EUR,1756.61,2023-09-22,1,Scarlet & Violet,scarlet-violet,151,130,2493,https://images.tcggo.com/tcggo/storage/2507/butterfree-mew-12-151-pokemon.png,https://www.tcggo.com/external/cm/2493,https://www.tcggo.com/external/tcgplayer/2493,Butterfree,Butterfree 12,0.07,0.08,9735,EUR,[],,,,,,,,,0.02,0.02,0.02,0.02,0.02,0.02,0.02,0.02,0.02,0.02,,,,,,,,,,,,,,,,,,,,,,,,,,,,,,,,,,,,,,,,,,,,,,,,,,EUR,0.22,0.13,Uncommon,butterfree,Pokémon,https://www.tcggo.com/pokemon/151/butterfree-12,sv3pt5-12,502561,singles,
2026-08-23T17:19:56+02:00,,362,Naoyo Kimura,naoyo-kimura,MEW 25,25,733620,165,207,MEW,Pokémon,pokemon,16,https://images.tcggo.com/tcggo/storage/2496/151-logo.png,151,EUR,1769.91,EUR,1756.61,2023-09-22,1,Scarlet & Violet,scarlet-violet,151,60,2494,https://images.tcggo.com/tcggo/storage/2508/pikachu-mew-25-151-pokemon.png,https://www.tcggo.com/external/cm/2494,https://www.tcggo.com/external/tcgplayer/2494,Pikachu,Pikachu 25,0.53,1.25,7988,EUR,[],,,,,,,,,0.02,0.02,0.02,0.02,0.02,0.02,0.02,0.02,0.02,0.02,USD,,,,,,,,,,,355.55,1,,,,,32.98,5,,,,,96.44,2,268.13,5,382.25,1,93,5,44.85,5,,,,,,,,,,,,,,,,,EUR,0.83,0.18,Common,pikachu,Pokémon,https://www.tcggo.com/pokemon/151/pikachu-25,sv3pt5-25,517033,singles,
2026-08-23T17:19:56+02:00,,368,Oswaldo KATO,oswaldo-kato,MEW 16,16,733611,165,207,MEW,Pokémon,pokemon,16,https://images.tcggo.com/tcggo/storage/2496/151-logo.png,151,EUR,1769.91,EUR,1756.61,2023-09-22,1,Scarlet & Violet,scarlet-violet,151,50,2495,https://images.tcggo.com/tcggo/storage/2509/pidgey-mew-16-151-pokemon.png,https://www.tcggo.com/external/cm/2495,https://www.tcggo.com/external/tcgplayer/2495,Pidgey,Pidgey 16,0.08,0.09,11255,EUR,[],,,,,,,,,0.02,0.02,0.02,0.02,0.02,0.02,0.02,0.02,0.02,0.02,,,,,,,,,,,,,,,,,,,,,,,,,,,,,,,,,,,,,,,,,,,,,,,,,,EUR,0.25,0.17,Common,pidgey,Pokémon,https://www.tcggo.com/pokemon/151/pidgey-16,sv3pt5-16,502565,singles,
2026-08-23T17:19:56+02:00,,385,Teeziro,teeziro,MEW 29,29,733624,165,207,MEW,Pokémon,pokemon,16,https://images.tcggo.com/tcggo/storage/2496/151-logo.png,151,EUR,1769.91,EUR,1756.61,2023-09-22,1,Scarlet & Violet,scarlet-violet,151,60,2496,https://images.tcggo.com/tcggo/storage/2510/nidoran-mew-29-151-pokemon.png,https://www.tcggo.com/external/cm/2496,https://www.tcggo.com/external/tcgplayer/2496,Nidoran ♀,Nidoran ♀ 29,0.18,0.16,2664,EUR,[],,,,,,,,,0.02,0.03,0.03,0.2,0.2,0.02,0.02,0.02,0.02,0.02,,,,,,,,,,,,,,,,,,,,,,,,,,,,,,,,,,,,,,,,,,,,,,,,,,EUR,1.46,0.17,Common,nidoran,Pokémon,https://www.tcggo.com/pokemon/151/nidoran-29,sv3pt5-29,515994,singles,
2026-08-23T17:19:56+02:00,,396,Gemi,gemi,MEW 21,21,733616,165,207,MEW,Pokémon,pokemon,16,https://images.tcggo.com/tcggo/storage/2496/151-logo.png,151,EUR,1769.91,EUR,1756.61,2023-09-22,1,Scarlet & Violet,scarlet-violet,151,50,2497,https://images.tcggo.com/tcggo/storage/2511/spearow-mew-21-151-pokemon.png,https://www.tcggo.com/external/cm/2497,https://www.tcggo.com/external/tcgplayer/2497,Spearow,Spearow 21,0.05,0.05,11903,EUR,[],,,,,,,,,0.02,0.02,0.02,0.02,0.02,0.02,0.02,0.02,0.02,0.02,,,,,,,,,,,,,,,,,,,,,,,,,,,,,,,,,,,,,,,,,,,,,,,,,,EUR,1.48,0.16,Common,spearow,Pokémon,https://www.tcggo.com/pokemon/151/spearow-21,sv3pt5-21,502587,singles,
2026-08-23T17:19:56+02:00,,443,Shiburingaru,shiburingaru,MEW 33,33,733628,165,207,MEW,Pokémon,pokemon,16,https://images.tcggo.com/tcggo/storage/2496/151-logo.png,151,EUR,1769.91,EUR,1756.61,2023-09-22,1,Scarlet & Violet,scarlet-violet,151,90,2498,https://images.tcggo.com/tcggo/storage/2512/nidorino-mew-33-151-pokemon.png,https://www.tcggo.com/external/cm/2498,https://www.tcggo.com/external/tcgplayer/2498,Nidorino,Nidorino 33,0.07,0.07,10261,EUR,[],,,,,,,,,0.02,0.02,0.02,0.02,0.02,0.02,0.02,0.02,0.02,0.02,,,,,,,,,,,,,,,,,,,,,,,,,,,,,,,,,,,,,,,,,,,,,,,,,,EUR,0.26,0.13,Uncommon,nidorino,Pokémon,https://www.tcggo.com/pokemon/151/nidorino-33,sv3pt5-33,516016,singles,
2026-08-23T17:19:56+02:00,,385,Teeziro,teeziro,MEW 30,30,733625,165,207,MEW,Pokémon,pokemon,16,https://images.tcggo.com/tcggo/storage/2496/151-logo.png,151,EUR,1769.91,EUR,1756.61,2023-09-22,1,Scarlet & Violet,scarlet-violet,151,90,2499,https://images.tcggo.com/tcggo/storage/2513/nidorina-mew-30-151-pokemon.png,https://www.tcggo.com/external/cm/2499,https://www.tcggo.com/external/tcgplayer/2499,Nidorina,Nidorina 30,0.07,0.07,10454,EUR,[],,,,,,,,,0.03,0.02,0.02,0.02,0.02,0.02,0.02,0.02,0.02,0.02,,,,,,,,,,,,,,,,,,,,,,,,,,,,,,,,,,,,,,,,,,,,,,,,,,EUR,0.22,0.14,Uncommon,nidorina,Pokémon,https://www.tcggo.com/pokemon/151/nidorina-30,sv3pt5-30,516000,singles,
2026-08-23T17:19:56+02:00,,443,Shiburingaru,shiburingaru,MEW 34,34,733629,165,207,MEW,Pokémon,pokemon,16,https://images.tcggo.com/tcggo/storage/2496/151-logo.png,151,EUR,1769.91,EUR,1756.61,2023-09-22,1,Scarlet & Violet,scarlet-violet,151,170,2500,https://images.tcggo.com/tcggo/storage/2514/nidoking-mew-34-151-pokemon.png,https://www.tcggo.com/external/cm/2500,https://www.tcggo.com/external/tcgplayer/2500,Nidoking,Nidoking 34,0.23,0.24,5829,EUR,[],,,,,,,,,0.02,0.05,0.04,0.1,0.1,0.02,0.02,0.02,0.02,0.02,,,,,,,,,,,,,,,,,,,,,,,,,,,,,,,,,,,,,,,,,,,,,,,,,,EUR,1.6,0.24,rare,nidoking,Pokémon,https://www.tcggo.com/pokemon/151/nidoking-34,sv3pt5-34,516024,singles,
2026-08-23T17:19:56+02:00,,443,Shiburingaru,shiburingaru,MEW 32,32,733627,165,207,MEW,Pokémon,pokemon,16,https://images.tcggo.com/tcggo/storage/2496/151-logo.png,151,EUR,1769.91,EUR,1756.61,2023-09-22,1,Scarlet & Violet,scarlet-violet,151,60,2501,https://images.tcggo.com/tcggo/storage/2515/nidoran-mew-32-151-pokemon.png,https://www.tcggo.com/external/cm/2501,https://www.tcggo.com/external/tcgplayer/2501,Nidoran ♂,Nidoran ♂ 32,0.14,0.16,2729,EUR,[],,,,,,,,,0.02,0.02,0.02,0.02,0.02,0.02,0.02,0.02,0.02,0.02,,,,,,,,,,,,,,,,,,,,,,,,,,,,,,,,,,,,,,,,,,,,,,,,,,EUR,2.47,0.17,Common,nidoran,Pokémon,https://www.tcggo.com/pokemon/151/nidoran-32,sv3pt5-32,516006,singles,
2026-08-23T17:19:56+02:00,,513,ryoma uratsuka,ryoma-uratsuka,MEW 35,35,733630,165,207,MEW,Pokémon,pokemon,16,https://images.tcggo.com/tcggo/storage/2496/151-logo.png,151,EUR,1769.91,EUR,1756.61,2023-09-22,1,Scarlet & Violet,scarlet-violet,151,60,2502,https://images.tcggo.com/tcggo/storage/2516/clefairy-mew-35-151-pokemon.png,https://www.tcggo.com/external/cm/2502,https://www.tcggo.com/external/tcgplayer/2502,Clefairy,Clefairy 35,0.05,0.05,14239,EUR,[],,,,,,,,,0.02,0.02,0.02,0.02,0.02,0.02,0.02,0.02,0.02,0.02,,,,,,,,,,,,,,,,,,,,,,,,,,,,,,,,,,,,,,,,,,,,,,,,,,EUR,0.25,0.14,Common,clefairy,Pokémon,https://www.tcggo.com/pokemon/151/clefairy-35,sv3pt5-35,516030,singles,
2026-08-23T17:19:56+02:00,,513,ryoma uratsuka,ryoma-uratsuka,MEW 36,36,733631,165,207,MEW,Pokémon,pokemon,16,https://images.tcggo.com/tcggo/storage/2496/151-logo.png,151,EUR,1769.91,EUR,1756.61,2023-09-22,1,Scarlet & Violet,scarlet-violet,151,100,2503,https://images.tcggo.com/tcggo/storage/2517/clefable-mew-36-151-pokemon.png,https://www.tcggo.com/external/cm/2503,https://www.tcggo.com/external/tcgplayer/2503,Clefable,Clefable 36,0.07,0.07,10258,EUR,[],,,,,,,,,0.02,0.02,0.02,0.02,0.02,0.02,0.02,0.02,0.02,0.02,,,,,,,,,,,,,,,,,,,,,,,,,,,,,,,,,,,,,,,,,,,,,,,,,,EUR,0.24,0.13,Uncommon,clefable,Pokémon,https://www.tcggo.com/pokemon/151/clefable-36,sv3pt5-36,516036,singles,
2026-08-23T17:19:56+02:00,,498,Sekio,sekio,MEW 44,44,733639,165,207,MEW,Pokémon,pokemon,16,https://images.tcggo.com/tcggo/storage/2496/151-logo.png,151,EUR,1769.91,EUR,1756.61,2023-09-22,1,Scarlet & Violet,scarlet-violet,151,70,2504,https://images.tcggo.com/tcggo/storage/2518/gloom-mew-44-151-pokemon.png,https://www.tcggo.com/external/cm/2504,https://www.tcggo.com/external/tcgplayer/2504,Gloom,Gloom 44,0.06,0.06,11096,EUR,[],,,,,,,,,0.02,0.02,0.02,0.02,0.02,0.02,0.02,0.02,0.02,0.02,,,,,,,,,,,,,,,,,,,,,,,,,,,,,,,,,,,,,,,,,,,,,,,,,,EUR,0.21,0.14,Uncommon,gloom,Pokémon,https://www.tcggo.com/pokemon/151/gloom-44,sv3pt5-44,516157,singles,
2026-08-23T17:19:56+02:00,,498,Sekio,sekio,MEW 45,45,733640,165,207,MEW,Pokémon,pokemon,16,https://images.tcggo.com/tcggo/storage/2496/151-logo.png,151,EUR,1769.91,EUR,1756.61,2023-09-22,1,Scarlet & Violet,scarlet-violet,151,140,2505,https://images.tcggo.com/tcggo/storage/2519/vileplume-mew-45-151-pokemon.png,https://www.tcggo.com/external/cm/2505,https://www.tcggo.com/external/tcgplayer/2505,Vileplume,Vileplume 45,0.21,0.21,6706,EUR,[],,,,,,,,,0.02,0.03,0.03,0.05,0.05,0.02,0.04,0.04,0.02,0.02,USD,,,,,,,,,,,,,,,50,1,100,5,22.5,1,,,39.99,5,416.29,5,26.43,5,37.93,5,46.16,5,,,,,20,1,69.99,1,190,1,,,175,1,47.84,1,EUR,0.85,0.21,rare,vileplume,Pokémon,https://www.tcggo.com/pokemon/151/vileplume-45,sv3pt5-45,516159,singles,
2026-08-23T17:19:56+02:00,,357,Yoriyuki Ikegami,yoriyuki-ikegami,MEW 46,46,733641,165,207,MEW,Pokémon,pokemon,16,https://images.tcggo.com/tcggo/storage/2496/151-logo.png,151,EUR,1769.91,EUR,1756.61,2023-09-22,1,Scarlet & Violet,scarlet-violet,151,70,2506,https://images.tcggo.com/tcggo/storage/2520/paras-mew-46-151-pokemon.png,https://www.tcggo.com/external/cm/2506,https://www.tcggo.com/external/tcgplayer/2506,Paras,Paras 46,0.04,0.04,15830,EUR,[],,,,,,,,,0.02,0.02,0.02,0.02,0.02,0.02,0.02,0.02,0.02,0.02,,,,,,,,,,,,,,,,,,,,,,,,,,,,,,,,,,,,,,,,,,,,,,,,,,EUR,0.19,0.13,Common,paras,Pokémon,https://www.tcggo.com/pokemon/151/paras-46,sv3pt5-46,516163,singles,
2026-08-23T17:19:56+02:00,,438,Miki Tanaka,miki-tanaka,MEW 51,51,733646,165,207,MEW,Pokémon,pokemon,16,https://images.tcggo.com/tcggo/storage/2496/151-logo.png,151,EUR,1769.91,EUR,1756.61,2023-09-22,1,Scarlet & Violet,scarlet-violet,151,90,2507,https://images.tcggo.com/tcggo/storage/2521/dugtrio-mew-51-151-pokemon.png,https://www.tcggo.com/external/cm/2507,https://www.tcggo.com/external/tcgplayer/2507,Dugtrio,Dugtrio 51,0.06,0.06,11210,EUR,[],,,,,,,,,0.02,0.02,0.02,0.02,0.02,0.02,0.02,0.02,0.02,0.02,,,,,,,,,,,,,,,,,,,,,,,,,,,,,,,,,,,,,,,,,,,,,,,,,,EUR,0.21,0.13,Uncommon,dugtrio,Pokémon,https://www.tcggo.com/pokemon/151/dugtrio-51,sv3pt5-51,516216,singles,
2026-08-23T17:19:56+02:00,,357,Yoriyuki Ikegami,yoriyuki-ikegami,MEW 47,47,733642,165,207,MEW,Pokémon,pokemon,16,https://images.tcggo.com/tcggo/storage/2496/151-logo.png,151,EUR,1769.91,EUR,1756.61,2023-09-22,1,Scarlet & Violet,scarlet-violet,151,120,2508,https://images.tcggo.com/tcggo/storage/2522/parasect-mew-47-151-pokemon.png,https://www.tcggo.com/external/cm/2508,https://www.tcggo.com/external/tcgplayer/2508,Parasect,Parasect 47,0.06,0.06,11256,EUR,[],,,,,,,,,0.02,0.02,0.02,0.02,0.02,0.02,0.02,0.02,0.02,0.02,,,,,,,,,,,,,,,,,,,,,,,,,,,,,,,,,,,,,,,,,,,,,,,,,,EUR,0.22,0.13,Uncommon,parasect,Pokémon,https://www.tcggo.com/pokemon/151/parasect-47,sv3pt5-47,516170,singles,
2026-08-23T17:19:56+02:00,,438,Miki Tanaka,miki-tanaka,MEW 50,50,733645,165,207,MEW,Pokémon,pokemon,16,https://images.tcggo.com/tcggo/storage/2496/151-logo.png,151,EUR,1769.91,EUR,1756.61,2023-09-22,1,Scarlet & Violet,scarlet-violet,151,50,2509,https://images.tcggo.com/tcggo/storage/2523/diglett-mew-50-151-pokemon.png,https://www.tcggo.com/external/cm/2509,https://www.tcggo.com/external/tcgplayer/2509,Diglett,Diglett 50,0.05,0.04,15476,EUR,[],,,,,,,,,0.02,0.02,0.02,0.02,0.02,0.02,0.02,0.02,0.02,0.02,,,,,,,,,,,,,,,,,,,,,,,,,,,,,,,,,,,,,,,,,,,,,,,,,,EUR,0.19,0.12,Common,diglett,Pokémon,https://www.tcggo.com/pokemon/151/diglett-50,sv3pt5-50,516215,singles,
2026-08-23T17:19:56+02:00,,459,GIDORA,gidora,MEW 4,4,733599,165,207,MEW,Pokémon,pokemon,16,https://images.tcggo.com/tcggo/storage/2496/151-logo.png,151,EUR,1769.91,EUR,1756.61,2023-09-22,1,Scarlet & Violet,scarlet-violet,151,70,2510,https://images.tcggo.com/tcggo/storage/2524/charmander-mew-4-151-pokemon.png,https://www.tcggo.com/external/cm/2510,https://www.tcggo.com/external/tcgplayer/2510,Charmander,Charmander 4,0.09,0.09,10087,EUR,[],,,,,,,,,0.03,0.02,0.03,0.02,0.02,0.02,0.02,0.02,0.02,0.02,USD,59.49,1,,,,,,,,,,,,,,,35.89,3,,,,,24.37,2,164.58,2,,,26.73,2,13.46,4,,,,,,,,,,,,,,,,,EUR,0.44,0.17,Common,charmander,Pokémon,https://www.tcggo.com/pokemon/151/charmander-4,sv3pt5-4,502555,singles,
2026-08-23T17:19:56+02:00,,415,nisimono,nisimono,MEW 14,14,733609,165,207,MEW,Pokémon,pokemon,16,https://images.tcggo.com/tcggo/storage/2496/151-logo.png,151,EUR,1769.91,EUR,1756.61,2023-09-22,1,Scarlet & Violet,scarlet-violet,151,80,2511,https://images.tcggo.com/tcggo/storage/2525/kakuna-mew-14-151-pokemon.png,https://www.tcggo.com/external/cm/2511,https://www.tcggo.com/external/tcgplayer/2511,Kakuna,Kakuna 14,0.14,0.13,2785,EUR,[],,,,,,,,,0.02,0.05,0.05,0.11,0.11,0.02,0.02,0.02,0.02,0.02,,,,,,,,,,,,,,,,,,,,,,,,,,,,,,,,,,,,,,,,,,,,,,,,,,EUR,2.26,0.17,Common,kakuna,Pokémon,https://www.tcggo.com/pokemon/151/kakuna-14,sv3pt5-14,502563,singles,
2026-08-23T17:19:56+02:00,,459,GIDORA,gidora,MEW 5,5,733600,165,207,MEW,Pokémon,pokemon,16,https://images.tcggo.com/tcggo/storage/2496/151-logo.png,151,EUR,1769.91,EUR,1756.61,2023-09-22,1,Scarlet & Violet,scarlet-violet,151,100,2512,https://images.tcggo.com/tcggo/storage/2526/charmeleon-mew-5-151-pokemon.png,https://www.tcggo.com/external/cm/2512,https://www.tcggo.com/external/tcgplayer/2512,Charmeleon,Charmeleon 5,0.1,0.09,7412,EUR,[],,,,,,,,,0.02,0.02,0.02,0.02,0.02,0.02,0.02,0.02,0.02,0.02,,,,,,,,,,,,,,,,,,,,,,,,,,,,,,,,,,,,,,,,,,,,,,,,,,EUR,0.32,0.19,Uncommon,charmeleon,Pokémon,https://www.tcggo.com/pokemon/151/charmeleon-5,sv3pt5-5,502557,singles,
2026-08-23T17:19:56+02:00,,384,PLANETA Mochizuki,planeta-mochizuki,MEW 6,6,733601,165,207,MEW,Pokémon,pokemon,16,https://images.tcggo.com/tcggo/storage/2496/151-logo.png,151,EUR,1769.91,EUR,1756.61,2023-09-22,1,Scarlet & Violet,scarlet-violet,151,330,2513,https://images.tcggo.com/tcggo/storage/2527/charizard-ex-mew-6-151-pokemon.png,https://www.tcggo.com/external/cm/2513,https://www.tcggo.com/external/tcgplayer/2513,Charizard ex,Charizard ex 6,8.8,8.1,570,EUR,,,,,,35,1000,,,7.99,6.99,6.99,11,11,7.99,8,8,5,5,,,,,,,,,,,,,,,,,,,,,,,,,,,,,,,,,,,,,,,,,,,,,,,,,,EUR,6.2,8.99,Double Rare,charizard-ex,Pokémon,https://www.tcggo.com/pokemon/151/charizard-ex-6,sv3pt5-6,502558,singles,
2026-08-23T17:19:56+02:00,,499,Tika Matsuno,tika-matsuno,MEW 10,10,733605,165,207,MEW,Pokémon,pokemon,16,https://images.tcggo.com/tcggo/storage/2496/151-logo.png,151,EUR,1769.91,EUR,1756.61,2023-09-22,1,Scarlet & Violet,scarlet-violet,151,50,2514,https://images.tcggo.com/tcggo/storage/2528/caterpie-mew-10-151-pokemon.png,https://www.tcggo.com/external/cm/2514,https://www.tcggo.com/external/tcgplayer/2514,Caterpie,Caterpie 10,0.05,0.05,14539,EUR,[],,,,,,,,,0.02,0.02,0.02,0.02,0.02,0.02,0.02,0.02,0.02,0.02,,,,,,,,,,,,,,,,,,,,,,,,,,,,,,,,,,,,,,,,,,,,,,,,,,EUR,0.21,0.15,Common,caterpie,Pokémon,https://www.tcggo.com/pokemon/151/caterpie-10,sv3pt5-10,502559,singles,
2026-08-23T17:19:56+02:00,,499,Tika Matsuno,tika-matsuno,MEW 11,11,733606,165,207,MEW,Pokémon,pokemon,16,https://images.tcggo.com/tcggo/storage/2496/151-logo.png,151,EUR,1769.91,EUR,1756.61,2023-09-22,1,Scarlet & Violet,scarlet-violet,151,90,2515,https://images.tcggo.com/tcggo/storage/2529/metapod-mew-11-151-pokemon.png,https://www.tcggo.com/external/cm/2515,https://www.tcggo.com/external/tcgplayer/2515,Metapod,Metapod 11,0.12,0.13,2768,EUR,[],,,,,,,,,0.02,0.02,0.02,0.15,0.15,0.02,0.02,0.02,0.02,0.02,,,,,,,,,,,,,,,,,,,,,,,,,,,,,,,,,,,,,,,,,,,,,,,,,,EUR,2.62,0.18,Common,metapod,Pokémon,https://www.tcggo.com/pokemon/151/metapod-11,sv3pt5-11,502560,singles,
2026-08-23T17:19:56+02:00,,415,nisimono,nisimono,MEW 13,13,733608,165,207,MEW,Pokémon,pokemon,16,https://images.tcggo.com/tcggo/storage/2496/151-logo.png,151,EUR,1769.91,EUR,1756.61,2023-09-22,1,Scarlet & Violet,scarlet-violet,151,50,2516,https://images.tcggo.com/tcggo/storage/2530/weedle-mew-13-151-pokemon.png,https://www.tcggo.com/external/cm/2516,https://www.tcggo.com/external/tcgplayer/2516,Weedle,Weedle 13,0.05,0.05,14882,EUR,[],,,,,,,,,0.02,0.02,0.02,0.02,0.02,0.02,0.02,0.02,0.02,0.02,,,,,,,,,,,,,,,,,,,,,,,,,,,,,,,,,,,,,,,,,,,,,,,,,,EUR,0.26,0.13,Common,weedle,Pokémon,https://www.tcggo.com/pokemon/151/weedle-13,sv3pt5-13,502562,singles,
2026-08-23T17:19:56+02:00,,368,Oswaldo KATO,oswaldo-kato,MEW 17,17,733612,165,207,MEW,Pokémon,pokemon,16,https://images.tcggo.com/tcggo/storage/2496/151-logo.png,151,EUR,1769.91,EUR,1756.61,2023-09-22,1,Scarlet & Violet,scarlet-violet,151,80,2517,https://images.tcggo.com/tcggo/storage/2531/pidgeotto-mew-17-151-pokemon.png,https://www.tcggo.com/external/cm/2517,https://www.tcggo.com/external/tcgplayer/2517,Pidgeotto,Pidgeotto 17,0.23,0.19,2038,EUR,[],,,,,,,,,0.02,0.06,0.06,0.02,0.02,0.02,0.02,0.02,0.02,0.02,,,,,,,,,,,,,,,,,,,,,,,,,,,,,,,,,,,,,,,,,,,,,,,,,,EUR,2.11,0.21,Common,pidgeotto,Pokémon,https://www.tcggo.com/pokemon/151/pidgeotto-17,sv3pt5-17,502566,singles,
2026-08-23T17:19:56+02:00,,368,Oswaldo KATO,oswaldo-kato,MEW 18,18,733613,165,207,MEW,Pokémon,pokemon,16,https://images.tcggo.com/tcggo/storage/2496/151-logo.png,151,EUR,1769.91,EUR,1756.61,2023-09-22,1,Scarlet & Violet,scarlet-violet,151,130,2518,https://images.tcggo.com/tcggo/storage/2532/pidgeot-mew-18-151-pokemon.png,https://www.tcggo.com/external/cm/2518,https://www.tcggo.com/external/tcgplayer/2518,Pidgeot,Pidgeot 18,0.07,0.09,9758,EUR,[],,,,,,,,,0.02,0.02,0.02,0.02,0.02,0.02,0.02,0.02,0.02,0.02,,,,,,,,,,,,,,,,,,,,,,,,,,,,,,,,,,,,,,,,,,,,,,,,,,EUR,0.25,0.15,Uncommon,pidgeot,Pokémon,https://www.tcggo.com/pokemon/151/pidgeot-18,sv3pt5-18,502567,singles,
2026-08-23T17:19:56+02:00,,362,Naoyo Kimura,naoyo-kimura,MEW 26,26,733621,165,207,MEW,Pokémon,pokemon,16,https://images.tcggo.com/tcggo/storage/2496/151-logo.png,151,EUR,1769.91,EUR,1756.61,2023-09-22,1,Scarlet & Violet,scarlet-violet,151,120,2519,https://images.tcggo.com/tcggo/storage/2533/raichu-mew-26-151-pokemon.png,https://www.tcggo.com/external/cm/2519,https://www.tcggo.com/external/tcgplayer/2519,Raichu,Raichu 26,0.19,0.21,,EUR,[],,,,,,,,,0.02,0.02,0.02,0.15,0.15,0.02,0.05,0.05,0.02,0.02,,,,,,,,,,,,,,,,,,,,,,,,,,,,,,,,,,,,,,,,,,,,,,,,,,EUR,0.8,0.21,rare,raichu,Pokémon,https://www.tcggo.com/pokemon/151/raichu-26,sv3pt5-26,515957,singles,
2026-08-23T17:19:56+02:00,,414,kodama,kodama,MEW 27,27,733622,165,207,MEW,Pokémon,pokemon,16,https://images.tcggo.com/tcggo/storage/2496/151-logo.png,151,EUR,1769.91,EUR,1756.61,2023-09-22,1,Scarlet & Violet,scarlet-violet,151,60,2520,https://images.tcggo.com/tcggo/storage/2534/sandshrew-mew-27-151-pokemon.png,https://www.tcggo.com/external/cm/2520,https://www.tcggo.com/external/tcgplayer/2520,Sandshrew,Sandshrew 27,0.05,0.04,15009,EUR,[],,,,,,,,,0.02,0.02,0.02,0.02,0.02,0.02,0.02,0.02,0.02,0.02,,,,,,,,,,,,,,,,,,,,,,,,,,,,,,,,,,,,,,,,,,,,,,,,,,EUR,0.22,0.13,Common,sandshrew,Pokémon,https://www.tcggo.com/pokemon/151/sandshrew-27,sv3pt5-27,515978,singles,
2026-08-23T17:19:56+02:00,,414,kodama,kodama,MEW 28,28,733623,165,207,MEW,Pokémon,pokemon,16,https://images.tcggo.com/tcggo/storage/2496/151-logo.png,151,EUR,1769.91,EUR,1756.61,2023-09-22,1,Scarlet & Violet,scarlet-violet,151,120,2521,https://images.tcggo.com/tcggo/storage/2535/sandslash-mew-28-151-pokemon.png,https://www.tcggo.com/external/cm/2521,https://www.tcggo.com/external/tcgplayer/2521,Sandslash,Sandslash 28,0.06,0.05,11034,EUR,[],,,,,,,,,0.03,0.02,0.02,0.02,0.02,0.02,0.02,0.02,0.02,0.02,,,,,,,,,,,,,,,,,,,,,,,,,,,,,,,,,,,,,,,,,,,,,,,,,,EUR,0.22,0.13,Uncommon,sandslash,Pokémon,https://www.tcggo.com/pokemon/151/sandslash-28,sv3pt5-28,515989,singles,
2026-08-23T17:19:56+02:00,,385,Teeziro,teeziro,MEW 31,31,733626,165,207,MEW,Pokémon,pokemon,16,https://images.tcggo.com/tcggo/storage/2496/151-logo.png,151,EUR,1769.91,EUR,1756.61,2023-09-22,1,Scarlet & Violet,scarlet-violet,151,170,2522,https://images.tcggo.com/tcggo/storage/2536/nidoqueen-mew-31-151-pokemon.png,https://www.tcggo.com/external/cm/2522,https://www.tcggo.com/external/tcgplayer/2522,Nidoqueen,Nidoqueen 31,0.07,0.08,9646,EUR,[],,,,,,,,,0.02,0.02,0.02,0.02,0.02,0.02,0.02,0.02,0.02,0.02,,,,,,,,,,,,,,,,,,,,,,,,,,,,,,,,,,,,,,,,,,,,,,,,,,EUR,0.26,0.16,Uncommon,nidoqueen,Pokémon,https://www.tcggo.com/pokemon/151/nidoqueen-31,sv3pt5-31,516004,singles,
2026-08-23T17:19:56+02:00,,391,saino misaki,saino-misaki,MEW 39,39,733634,165,207,MEW,Pokémon,pokemon,16,https://images.tcggo.com/tcggo/storage/2496/151-logo.png,151,EUR,1769.91,EUR,1756.61,2023-09-22,1,Scarlet & Violet,scarlet-violet,151,70,2523,https://images.tcggo.com/tcggo/storage/2537/jigglypuff-mew-39-151-pokemon.png,https://www.tcggo.com/external/cm/2523,https://www.tcggo.com/external/tcgplayer/2523,Jigglypuff,Jigglypuff 39,0.06,0.06,13290,EUR,[],,,,,,,,,0.03,0.02,0.02,0.02,0.02,0.02,0.02,0.02,0.02,0.02,,,,,,,,,,,,,,,,,,,,,,,,,,,,,,,,,,,,,,,,,,,,,,,,,,EUR,0.28,0.15,Common,jigglypuff,Pokémon,https://www.tcggo.com/pokemon/151/jigglypuff-39,sv3pt5-39,516108,singles,
2026-08-23T17:19:56+02:00,,526,Saki Hayashiro,saki-hayashiro,MEW 40,40,733635,165,207,MEW,Pokémon,pokemon,16,https://images.tcggo.com/tcggo/storage/2496/151-logo.png,151,EUR,1769.91,EUR,1756.61,2023-09-22,1,Scarlet & Violet,scarlet-violet,151,250,2524,https://images.tcggo.com/tcggo/storage/2538/wigglytuff-ex-mew-40-151-pokemon.png,https://www.tcggo.com/external/cm/2524,https://www.tcggo.com/external/tcgplayer/2524,Wigglytuff ex,Wigglytuff ex 40,1.55,1.56,1107,EUR,[],,,,,,,,,0.65,1,1,3.5,3.5,0.65,1.5,1.5,0.29,0.29,,,,,,,,,,,,,,,,,,,,,,,,,,,,,,,,,,,,,,,,,,,,,,,,,,EUR,1.15,1.07,Double Rare,wigglytuff-ex,Pokémon,https://www.tcggo.com/pokemon/151/wigglytuff-ex-40,sv3pt5-40,516145,singles,
2026-08-23T17:19:56+02:00,,387,Scav,scav,MEW 41,41,733636,165,207,MEW,Pokémon,pokemon,16,https://images.tcggo.com/tcggo/storage/2496/151-logo.png,151,EUR,1769.91,EUR,1756.61,2023-09-22,1,Scarlet & Violet,scarlet-violet,151,40,2525,https://images.tcggo.com/tcggo/storage/2539/zubat-mew-41-151-pokemon.png,https://www.tcggo.com/external/cm/2525,https://www.tcggo.com/external/tcgplayer/2525,Zubat,Zubat 41,0.05,0.04,15555,EUR,[],,,,,,,,,0.02,0.02,0.02,0.02,0.02,0.02,0.02,0.02,0.02,0.02,,,,,,,,,,,,,,,,,,,,,,,,,,,,,,,,,,,,,,,,,,,,,,,,,,EUR,0.25,0.13,Common,zubat,Pokémon,https://www.tcggo.com/pokemon/151/zubat-41,sv3pt5-41,516150,singles,
2026-08-23T17:19:56+02:00,,498,Sekio,sekio,MEW 43,43,733638,165,207,MEW,Pokémon,pokemon,16,https://images.tcggo.com/tcggo/storage/2496/151-logo.png,151,EUR,1769.91,EUR,1756.61,2023-09-22,1,Scarlet & Violet,scarlet-violet,151,60,2526,https://images.tcggo.com/tcggo/storage/2540/oddish-mew-43-151-pokemon.png,https://www.tcggo.com/external/cm/2526,https://www.tcggo.com/external/tcgplayer/2526,Oddish,Oddish 43,0.05,0.04,15251,EUR,[],,,,,,,,,0.03,0.02,0.02,0.02,0.02,0.02,0.02,0.02,0.02,0.02,,,,,,,,,,,,,,,,,,,,,,,,,,,,,,,,,,,,,,,,,,,,,,,,,,EUR,0.24,0.13,Common,oddish,Pokémon,https://www.tcggo.com/pokemon/151/oddish-43,sv3pt5-43,516156,singles,
2026-08-23T17:19:56+02:00,,484,Kagemaru Himeno,kagemaru-himeno,MEW 49,49,733644,165,207,MEW,Pokémon,pokemon,16,https://images.tcggo.com/tcggo/storage/2496/151-logo.png,151,EUR,1769.91,EUR,1756.61,2023-09-22,1,Scarlet & Violet,scarlet-violet,151,90,2527,https://images.tcggo.com/tcggo/storage/2541/venomoth-mew-49-151-pokemon.png,https://www.tcggo.com/external/cm/2527,https://www.tcggo.com/external/tcgplayer/2527,Venomoth,Venomoth 49,0.07,0.05,10193,EUR,[],,,,,,,,,0.02,0.02,0.02,0.02,0.02,0.02,0.02,0.02,0.02,0.02,,,,,,,,,,,,,,,,,,,,,,,,,,,,,,,,,,,,,,,,,,,,,,,,,,EUR,0.22,0.13,Uncommon,venomoth,Pokémon,https://www.tcggo.com/pokemon/151/venomoth-49,sv3pt5-49,516213,singles,
2026-08-23T17:19:56+02:00,,415,nisimono,nisimono,MEW 15,15,733610,165,207,MEW,Pokémon,pokemon,16,https://images.tcggo.com/tcggo/storage/2496/151-logo.png,151,EUR,1769.91,EUR,1756.61,2023-09-22,1,Scarlet & Violet,scarlet-violet,151,130,2528,https://images.tcggo.com/tcggo/storage/2542/beedrill-mew-15-151-pokemon.png,https://www.tcggo.com/external/cm/2528,https://www.tcggo.com/external/tcgplayer/2528,Beedrill,Beedrill 15,0.21,0.21,6777,EUR,[],,,,,,,,,0.02,0.03,0.03,0.05,0.05,0.02,0.02,0.02,0.02,0.02,,,,,,,,,,,,,,,,,,,,,,,,,,,,,,,,,,,,,,,,,,,,,,,,,,EUR,1.26,0.21,rare,beedrill,Pokémon,https://www.tcggo.com/pokemon/151/beedrill-15,sv3pt5-15,502564,singles,
2026-08-23T17:19:56+02:00,,381,sowsow,sowsow,MEW 20,20,733615,165,207,MEW,Pokémon,pokemon,16,https://images.tcggo.com/tcggo/storage/2496/151-logo.png,151,EUR,1769.91,EUR,1756.61,2023-09-22,1,Scarlet & Violet,scarlet-violet,151,70,2529,https://images.tcggo.com/tcggo/storage/2543/raticate-mew-20-151-pokemon.png,https://www.tcggo.com/external/cm/2529,https://www.tcggo.com/external/tcgplayer/2529,Raticate,Raticate 20,0.06,0.06,10846,EUR,[],,,,,,,,,0.02,0.02,0.02,0.02,0.02,0.02,0.02,0.02,0.02,0.02,,,,,,,,,,,,,,,,,,,,,,,,,,,,,,,,,,,,,,,,,,,,,,,,,,EUR,0.21,0.13,Uncommon,raticate,Pokémon,https://www.tcggo.com/pokemon/151/raticate-20,sv3pt5-20,502569,singles,
2026-08-23T17:19:56+02:00,,396,Gemi,gemi,MEW 22,22,733617,165,207,MEW,Pokémon,pokemon,16,https://images.tcggo.com/tcggo/storage/2496/151-logo.png,151,EUR,1769.91,EUR,1756.61,2023-09-22,1,Scarlet & Violet,scarlet-violet,151,90,2530,https://images.tcggo.com/tcggo/storage/2544/fearow-mew-22-151-pokemon.png,https://www.tcggo.com/external/cm/2530,https://www.tcggo.com/external/tcgplayer/2530,Fearow,Fearow 22,0.06,0.07,11359,EUR,[],,,,,,,,,0.02,0.02,0.02,0.02,0.02,0.02,0.02,0.02,0.02,0.02,,,,,,,,,,,,,,,,,,,,,,,,,,,,,,,,,,,,,,,,,,,,,,,,,,EUR,0.17,0.13,Uncommon,fearow,Pokémon,https://www.tcggo.com/pokemon/151/fearow-22,sv3pt5-22,502589,singles,
2026-08-23T17:19:56+02:00,,408,kawayoo,kawayoo,MEW 37,37,733632,165,207,MEW,Pokémon,pokemon,16,https://images.tcggo.com/tcggo/storage/2496/151-logo.png,151,EUR,1769.91,EUR,1756.61,2023-09-22,1,Scarlet & Violet,scarlet-violet,151,70,2531,https://images.tcggo.com/tcggo/storage/2545/vulpix-mew-37-151-pokemon.png,https://www.tcggo.com/external/cm/2531,https://www.tcggo.com/external/tcgplayer/2531,Vulpix,Vulpix 37,0.05,0.04,14667,EUR,[],,,,,,,,,0.02,0.02,0.02,0.02,0.02,0.02,0.02,0.02,0.02,0.02,,,,,,,,,,,,,,,,,,,,,,,,,,,,,,,,,,,,,,,,,,,,,,,,,,EUR,0.29,0.14,Common,vulpix,Pokémon,https://www.tcggo.com/pokemon/151/vulpix-37,sv3pt5-37,516060,singles,
2026-08-23T17:19:56+02:00,,408,kawayoo,kawayoo,MEW 38,38,733633,165,207,MEW,Pokémon,pokemon,16,https://images.tcggo.com/tcggo/storage/2496/151-logo.png,151,EUR,1769.91,EUR,1756.61,2023-09-22,1,Scarlet & Violet,scarlet-violet,151,260,2532,https://images.tcggo.com/tcggo/storage/2546/ninetales-ex-mew-38-151-pokemon.png,https://www.tcggo.com/external/cm/2532,https://www.tcggo.com/external/tcgplayer/2532,Ninetales ex,Ninetales ex 38,1.82,1.9,971,EUR,[],,,,,,,,,1,0.95,0.95,4,4,1,1,2,0.45,0.45,,,,,,,,,,,,,,,,,,,,,,,,,,,,,,,,,,,,,,,,,,,,,,,,,,EUR,1.54,1.56,Double Rare,ninetales-ex,Pokémon,https://www.tcggo.com/pokemon/151/ninetales-ex-38,sv3pt5-38,516072,singles,
2026-08-23T17:19:56+02:00,,387,Scav,scav,MEW 42,42,733637,165,207,MEW,Pokémon,pokemon,16,https://images.tcggo.com/tcggo/storage/2496/151-logo.png,151,EUR,1769.91,EUR,1756.61,2023-09-22,1,Scarlet & Violet,scarlet-violet,151,80,2533,https://images.tcggo.com/tcggo/storage/2547/golbat-mew-42-151-pokemon.png,https://www.tcggo.com/external/cm/2533,https://www.tcggo.com/external/tcgplayer/2533,Golbat,Golbat 42,0.05,0.05,11073,EUR,[],,,,,,,,,0.03,0.02,0.02,0.02,0.02,0.02,0.02,0.02,0.02,0.02,,,,,,,,,,,,,,,,,,,,,,,,,,,,,,,,,,,,,,,,,,,,,,,,,,EUR,0.21,0.13,Uncommon,golbat,Pokémon,https://www.tcggo.com/pokemon/151/golbat-42,sv3pt5-42,516152,singles,
2026-08-23T17:19:56+02:00,,484,Kagemaru Himeno,kagemaru-himeno,MEW 48,48,733643,165,207,MEW,Pokémon,pokemon,16,https://images.tcggo.com/tcggo/storage/2496/151-logo.png,151,EUR,1769.91,EUR,1756.61,2023-09-22,1,Scarlet & Violet,scarlet-violet,151,70,2534,https://images.tcggo.com/tcggo/storage/2548/venonat-mew-48-151-pokemon.png,https://www.tcggo.com/external/cm/2534,https://www.tcggo.com/external/tcgplayer/2534,Venonat,Venonat 48,0.05,0.05,14645,EUR,[],,,,,,,,,0.02,0.02,0.02,0.02,0.02,0.02,0.02,0.02,0.02,0.02,,,,,,,,,,,,,,,,,,,,,,,,,,,,,,,,,,,,,,,,,,,,,,,,,,EUR,0.22,0.13,Common,venonat,Pokémon,https://www.tcggo.com/pokemon/151/venonat-48,sv3pt5-48,516206,singles,
2026-08-23T17:19:56+02:00,,463,Naoki Saito,naoki-saito,MEW 52,52,733647,165,207,MEW,Pokémon,pokemon,16,https://images.tcggo.com/tcggo/storage/2496/151-logo.png,151,EUR,1769.91,EUR,1756.61,2023-09-22,1,Scarlet & Violet,scarlet-violet,151,70,2535,https://images.tcggo.com/tcggo/storage/2549/meowth-mew-52-151-pokemon.png,https://www.tcggo.com/external/cm/2535,https://www.tcggo.com/external/tcgplayer/2535,Meowth,Meowth 52,0.06,0.04,14006,EUR,[],,,,,,,,,0.03,0.02,0.02,0.02,0.02,0.02,0.02,0.02,0.02,0.02,,,,,,,,,,,,,,,,,,,,,,,,,,,,,,,,,,,,,,,,,,,,,,,,,,EUR,0.3,0.13,Common,meowth,Pokémon,https://www.tcggo.com/pokemon/151/meowth-52,sv3pt5-52,516221,singles,
2026-08-23T17:19:56+02:00,,463,Naoki Saito,naoki-saito,MEW 53,53,733648,165,207,MEW,Pokémon,pokemon,16,https://images.tcggo.com/tcggo/storage/2496/151-logo.png,151,EUR,1769.91,EUR,1756.61,2023-09-22,1,Scarlet & Violet,scarlet-violet,151,110,2536,https://images.tcggo.com/tcggo/storage/2550/persian-mew-53-151-pokemon.png,https://www.tcggo.com/external/cm/2536,https://www.tcggo.com/external/tcgplayer/2536,Persian,Persian 53,0.06,0.06,10690,EUR,[],,,,,,,,,0.02,0.02,0.02,0.02,0.02,0.02,0.02,0.02,0.02,0.02,,,,,,,,,,,,,,,,,,,,,,,,,,,,,,,,,,,,,,,,,,,,,,,,,,EUR,0.23,0.13,Uncommon,persian,Pokémon,https://www.tcggo.com/pokemon/151/persian-53,sv3pt5-53,516223,singles,
2026-08-23T17:19:56+02:00,,460,Atsushi Furusawa,atsushi-furusawa,MEW 59,59,733654,165,207,MEW,Pokémon,pokemon,16,https://images.tcggo.com/tcggo/storage/2496/151-logo.png,151,EUR,1769.91,EUR,1756.61,2023-09-22,1,Scarlet & Violet,scarlet-violet,151,150,2537,https://images.tcggo.com/tcggo/storage/2551/arcanine-mew-59-151-pokemon.png,https://www.tcggo.com/external/cm/2537,https://www.tcggo.com/external/tcgplayer/2537,Arcanine,Arcanine 59,0.08,0.07,9132,EUR,[],,,,,,,,,0.02,0.02,0.02,0.02,0.02,0.02,0.02,0.02,0.02,0.02,,,,,,,,,,,,,,,,,,,,,,,,,,,,,,,,,,,,,,,,,,,,,,,,,,EUR,0.31,0.15,Uncommon,arcanine,Pokémon,https://www.tcggo.com/pokemon/151/arcanine-59,sv3pt5-59,516248,singles,
2026-08-23T17:19:56+02:00,,398,Taira Akitsu,taira-akitsu,MEW 54,54,733649,165,207,MEW,Pokémon,pokemon,16,https://images.tcggo.com/tcggo/storage/2496/151-logo.png,151,EUR,1769.91,EUR,1756.61,2023-09-22,1,Scarlet & Violet,scarlet-violet,151,70,2538,https://images.tcggo.com/tcggo/storage/2552/psyduck-mew-54-151-pokemon.png,https://www.tcggo.com/external/cm/2538,https://www.tcggo.com/external/tcgplayer/2538,Psyduck,Psyduck 54,0.07,0.07,10406,EUR,[],,,,,,,,,0.02,0.02,0.02,0.02,0.02,0.02,0.02,0.02,0.02,0.02,,,,,,,,,,,,,,,,,,,,,,,,,,,,,,,,,,,,,,,,,,,,,,,,,,EUR,0.61,0.17,Common,psyduck,Pokémon,https://www.tcggo.com/pokemon/151/psyduck-54,sv3pt5-54,516231,singles,
2026-08-23T17:19:56+02:00,,397,Kurata So,kurata-so,MEW 60,60,733655,165,207,MEW,Pokémon,pokemon,16,https://images.tcggo.com/tcggo/storage/2496/151-logo.png,151,EUR,1769.91,EUR,1756.61,2023-09-22,1,Scarlet & Violet,scarlet-violet,151,60,2539,https://images.tcggo.com/tcggo/storage/2553/poliwag-mew-60-151-pokemon.png,https://www.tcggo.com/external/cm/2539,https://www.tcggo.com/external/tcgplayer/2539,Poliwag,Poliwag 60,0.05,0.05,14595,EUR,[],,,,,,,,,0.02,0.02,0.02,0.02,0.02,0.02,0.02,0.02,0.02,0.02,,,,,,,,,,,,,,,,,,,,,,,,,,,,,,,,,,,,,,,,,,,,,,,,,,EUR,0.21,0.13,Common,poliwag,Pokémon,https://www.tcggo.com/pokemon/151/poliwag-60,sv3pt5-60,516249,singles,
2026-08-23T17:19:56+02:00,,397,Kurata So,kurata-so,MEW 61,61,733656,165,207,MEW,Pokémon,pokemon,16,https://images.tcggo.com/tcggo/storage/2496/151-logo.png,151,EUR,1769.91,EUR,1756.61,2023-09-22,1,Scarlet & Violet,scarlet-violet,151,90,2540,https://images.tcggo.com/tcggo/storage/2554/poliwhirl-mew-61-151-pokemon.png,https://www.tcggo.com/external/cm/2540,https://www.tcggo.com/external/tcgplayer/2540,Poliwhirl,Poliwhirl 61,0.14,0.09,2645,EUR,[],,,,,,,,,0.02,0.05,0.05,0.02,0.02,0.02,0.02,0.02,0.02,0.02,,,,,,,,,,,,,,,,,,,,,,,,,,,,,,,,,,,,,,,,,,,,,,,,,,EUR,2.36,0.18,Common,poliwhirl,Pokémon,https://www.tcggo.com/pokemon/151/poliwhirl-61,sv3pt5-61,516250,singles,
2026-08-23T17:19:56+02:00,,386,Jerky,jerky,MEW 71,71,733666,165,207,MEW,Pokémon,pokemon,16,https://images.tcggo.com/tcggo/storage/2496/151-logo.png,151,EUR,1769.91,EUR,1756.61,2023-09-22,1,Scarlet & Violet,scarlet-violet,151,150,2541,https://images.tcggo.com/tcggo/storage/2555/victreebel-mew-71-151-pokemon.png,https://www.tcggo.com/external/cm/2541,https://www.tcggo.com/external/tcgplayer/2541,Victreebel,Victreebel 71,0.07,0.06,10579,EUR,[],,,,,,,,,0.02,0.02,0.02,0.02,0.02,0.02,0.02,0.02,0.02,0.02,,,,,,,,,,,,,,,,,,,,,,,,,,,,,,,,,,,,,,,,,,,,,,,,,,EUR,0.21,0.13,Uncommon,victreebel,Pokémon,https://www.tcggo.com/pokemon/151/victreebel-71,sv3pt5-71,516564,singles,
2026-08-23T17:19:56+02:00,,510,Nurikabe,nurikabe,MEW 78,78,733673,165,207,MEW,Pokémon,pokemon,16,https://images.tcggo.com/tcggo/storage/2496/151-logo.png,151,EUR,1769.91,EUR,1756.61,2023-09-22,1,Scarlet & Violet,scarlet-violet,151,100,2542,https://images.tcggo.com/tcggo/storage/2556/rapidash-mew-78-151-pokemon.png,https://www.tcggo.com/external/cm/2542,https://www.tcggo.com/external/tcgplayer/2542,Rapidash,Rapidash 78,0.06,0.05,10758,EUR,[],,,,,,,,,0.02,0.02,0.02,0.02,0.02,0.02,0.02,0.02,0.02,0.02,,,,,,,,,,,,,,,,,,,,,,,,,,,,,,,,,,,,,,,,,,,,,,,,,,EUR,0.21,0.13,Uncommon,rapidash,Pokémon,https://www.tcggo.com/pokemon/151/rapidash-78,sv3pt5-78,516607,singles,
2026-08-23T17:19:56+02:00,,401,Yuka Morii,yuka-morii,MEW 82,82,733677,165,207,MEW,Pokémon,pokemon,16,https://images.tcggo.com/tcggo/storage/2496/151-logo.png,151,EUR,1769.91,EUR,1756.61,2023-09-22,1,Scarlet & Violet,scarlet-violet,151,90,2543,https://images.tcggo.com/tcggo/storage/2557/magneton-mew-82-151-pokemon.png,https://www.tcggo.com/external/cm/2543,https://www.tcggo.com/external/tcgplayer/2543,Magneton,Magneton 82,0.07,0.08,10764,EUR,[],,,,,,,,,0.02,0.02,0.02,0.02,0.02,0.02,0.02,0.02,0.02,0.02,,,,,,,,,,,,,,,,,,,,,,,,,,,,,,,,,,,,,,,,,,,,,,,,,,EUR,0.3,0.15,Uncommon,magneton,Pokémon,https://www.tcggo.com/pokemon/151/magneton-82,sv3pt5-82,516649,singles,
2026-08-23T17:19:56+02:00,,363,Anesaki Dynamic,anesaki-dynamic,MEW 85,85,733680,165,207,MEW,Pokémon,pokemon,16,https://images.tcggo.com/tcggo/storage/2496/151-logo.png,151,EUR,1769.91,EUR,1756.61,2023-09-22,1,Scarlet & Violet,scarlet-violet,151,100,2544,https://images.tcggo.com/tcggo/storage/2558/dodrio-mew-85-151-pokemon.png,https://www.tcggo.com/external/cm/2544,https://www.tcggo.com/external/tcgplayer/2544,Dodrio,Dodrio 85,23.51,24.46,147,EUR,[],,,,,,,,,0.02,0.02,0.02,0.1,0.1,0.02,0.02,0.02,0.02,0.02,,,,,,,,,,,,,,,,,,,,,,,,,,,,,,,,,,,,,,,,,,,,,,,,,,EUR,1.1,0.21,rare,dodrio,Pokémon,https://www.tcggo.com/pokemon/151/dodrio-85,sv3pt5-85,516654,singles,
2026-08-23T17:19:56+02:00,,441,Tomokazu Komiya,tomokazu-komiya,MEW 92,92,733687,165,207,MEW,Pokémon,pokemon,16,https://images.tcggo.com/tcggo/storage/2496/151-logo.png,151,EUR,1769.91,EUR,1756.61,2023-09-22,1,Scarlet & Violet,scarlet-violet,151,50,2545,https://images.tcggo.com/tcggo/storage/2559/gastly-mew-92-151-pokemon.png,https://www.tcggo.com/external/cm/2545,https://www.tcggo.com/external/tcgplayer/2545,Gastly,Gastly 92,0.06,0.05,12422,EUR,[],,,,,,,,,0.02,0.02,0.02,0.02,0.02,0.02,0.02,0.02,0.02,0.02,,,,,,,,,,,,,,,,,,,,,,,,,,,,,,,,,,,,,,,,,,,,,,,,,,EUR,0.3,0.15,Common,gastly,Pokémon,https://www.tcggo.com/pokemon/151/gastly-92,sv3pt5-92,516661,singles,
2026-08-23T17:19:56+02:00,,441,Tomokazu Komiya,tomokazu-komiya,MEW 94,94,733689,165,207,MEW,Pokémon,pokemon,16,https://images.tcggo.com/tcggo/storage/2496/151-logo.png,151,EUR,1769.91,EUR,1756.61,2023-09-22,1,Scarlet & Violet,scarlet-violet,151,130,2546,https://images.tcggo.com/tcggo/storage/2560/gengar-mew-94-151-pokemon.png,https://www.tcggo.com/external/cm/2546,https://www.tcggo.com/external/tcgplayer/2546,Gengar,Gengar 94,0.84,0.86,,EUR,[],,,,,,,,,0.17,0.1,0.2,0.25,0.25,0.17,0.09,0.09,0.07,0.07,,,,,,,,,,,,,,,,,,,,,,,,,,,,,,,,,,,,,,,,,,,,,,,,,,EUR,7.39,2.56,rare,gengar,Pokémon,https://www.tcggo.com/pokemon/151/gengar-94,sv3pt5-94,516663,singles,
2026-08-23T17:19:56+02:00,,521,Shin Nagasawa,shin-nagasawa,MEW 95,95,733690,165,207,MEW,Pokémon,pokemon,16,https://images.tcggo.com/tcggo/storage/2496/151-logo.png,151,EUR,1769.91,EUR,1756.61,2023-09-22,1,Scarlet & Violet,scarlet-violet,151,120,2547,https://images.tcggo.com/tcggo/storage/2561/onix-mew-95-151-pokemon.png,https://www.tcggo.com/external/cm/2547,https://www.tcggo.com/external/tcgplayer/2547,Onix,Onix 95,0.08,0.08,7659,EUR,[],,,,,,,,,0.03,0.02,0.02,0.02,0.02,0.02,0.02,0.02,0.02,0.02,,,,,,,,,,,,,,,,,,,,,,,,,,,,,,,,,,,,,,,,,,,,,,,,,,EUR,1.26,0.14,Uncommon,onix,Pokémon,https://www.tcggo.com/pokemon/151/onix-95,sv3pt5-95,516664,singles,
2026-08-23T17:19:56+02:00,,460,Atsushi Furusawa,atsushi-furusawa,MEW 58,58,733653,165,207,MEW,Pokémon,pokemon,16,https://images.tcggo.com/tcggo/storage/2496/151-logo.png,151,EUR,1769.91,EUR,1756.61,2023-09-22,1,Scarlet & Violet,scarlet-violet,151,80,2548,https://images.tcggo.com/tcggo/storage/2562/growlithe-mew-58-151-pokemon.png,https://www.tcggo.com/external/cm/2548,https://www.tcggo.com/external/tcgplayer/2548,Growlithe,Growlithe 58,0.06,0.05,14169,EUR,[],,,,,,,,,0.02,0.02,0.02,0.02,0.02,0.02,0.02,0.02,0.02,0.02,,,,,,,,,,,,,,,,,,,,,,,,,,,,,,,,,,,,,,,,,,,,,,,,,,EUR,0.26,0.14,Common,growlithe,Pokémon,https://www.tcggo.com/pokemon/151/growlithe-58,sv3pt5-58,516247,singles,
2026-08-23T17:19:56+02:00,,375,Mitsuhiro Arita,mitsuhiro-arita,MEW 64,64,733659,165,207,MEW,Pokémon,pokemon,16,https://images.tcggo.com/tcggo/storage/2496/151-logo.png,151,EUR,1769.91,EUR,1756.61,2023-09-22,1,Scarlet & Violet,scarlet-violet,151,80,2549,https://images.tcggo.com/tcggo/storage/2563/kadabra-mew-64-151-pokemon.png,https://www.tcggo.com/external/cm/2549,https://www.tcggo.com/external/tcgplayer/2549,Kadabra,Kadabra 64,0.07,0.07,10463,EUR,[],,,,,,,,,0.03,0.02,0.02,0.02,0.02,0.02,0.02,0.02,0.02,0.02,,,,,,,,,,,,,,,,,,,,,,,,,,,,,,,,,,,,,,,,,,,,,,,,,,EUR,0.24,0.17,Uncommon,kadabra,Pokémon,https://www.tcggo.com/pokemon/151/kadabra-64,sv3pt5-64,516269,singles,
2026-08-23T17:19:56+02:00,,518,Ryuta Fuse,ryuta-fuse,MEW 66,66,733661,165,207,MEW,Pokémon,pokemon,16,https://images.tcggo.com/tcggo/storage/2496/151-logo.png,151,EUR,1769.91,EUR,1756.61,2023-09-22,1,Scarlet & Violet,scarlet-violet,151,70,2550,https://images.tcggo.com/tcggo/storage/2564/machop-mew-66-151-pokemon.png,https://www.tcggo.com/external/cm/2550,https://www.tcggo.com/external/tcgplayer/2550,Machop,Machop 66,0.06,0.05,14688,EUR,[],,,,,,,,,0.02,0.02,0.02,0.02,0.02,0.02,0.02,0.02,0.02,0.02,,,,,,,,,,,,,,,,,,,,,,,,,,,,,,,,,,,,,,,,,,,,,,,,,,EUR,0.24,0.13,Common,machop,Pokémon,https://www.tcggo.com/pokemon/151/machop-66,sv3pt5-66,516382,singles,
2026-08-23T17:19:56+02:00,,386,Jerky,jerky,MEW 69,69,733664,165,207,MEW,Pokémon,pokemon,16,https://images.tcggo.com/tcggo/storage/2496/151-logo.png,151,EUR,1769.91,EUR,1756.61,2023-09-22,1,Scarlet & Violet,scarlet-violet,151,60,2551,https://images.tcggo.com/tcggo/storage/2565/bellsprout-mew-69-151-pokemon.png,https://www.tcggo.com/external/cm/2551,https://www.tcggo.com/external/tcgplayer/2551,Bellsprout,Bellsprout 69,0.05,0.05,14781,EUR,[],,,,,,,,,0.02,0.02,0.02,0.02,0.02,0.02,0.02,0.02,0.02,0.02,,,,,,,,,,,,,,,,,,,,,,,,,,,,,,,,,,,,,,,,,,,,,,,,,,EUR,0.21,0.12,Common,bellsprout,Pokémon,https://www.tcggo.com/pokemon/151/bellsprout-69,sv3pt5-69,516560,singles,
2026-08-23T17:19:56+02:00,,449,miki kudo,miki-kudo,MEW 72,72,733667,165,207,MEW,Pokémon,pokemon,16,https://images.tcggo.com/tcggo/storage/2496/151-logo.png,151,EUR,1769.91,EUR,1756.61,2023-09-22,1,Scarlet & Violet,scarlet-violet,151,60,2552,https://images.tcggo.com/tcggo/storage/2566/tentacool-mew-72-151-pokemon.png,https://www.tcggo.com/external/cm/2552,https://www.tcggo.com/external/tcgplayer/2552,Tentacool,Tentacool 72,0.05,0.04,14911,EUR,[],,,,,,,,,0.03,0.02,0.02,0.02,0.02,0.02,0.02,0.02,0.02,0.02,,,,,,,,,,,,,,,,,,,,,,,,,,,,,,,,,,,,,,,,,,,,,,,,,,EUR,0.21,0.12,Common,tentacool,Pokémon,https://www.tcggo.com/pokemon/151/tentacool-72,sv3pt5-72,516565,singles,
2026-08-23T17:19:56+02:00,,449,miki kudo,miki-kudo,MEW 73,73,733668,165,207,MEW,Pokémon,pokemon,16,https://images.tcggo.com/tcggo/storage/2496/151-logo.png,151,EUR,1769.91,EUR,1756.61,2023-09-22,1,Scarlet & Violet,scarlet-violet,151,120,2553,https://images.tcggo.com/tcggo/storage/2567/tentacruel-mew-73-151-pokemon.png,https://www.tcggo.com/external/cm/2553,https://www.tcggo.com/external/tcgplayer/2553,Tentacruel,Tentacruel 73,0.08,0.05,10155,EUR,[],,,,,,,,,0.02,0.02,0.02,0.02,0.02,0.02,0.02,0.02,0.02,0.02,,,,,,,,,,,,,,,,,,,,,,,,,,,,,,,,,,,,,,,,,,,,,,,,,,EUR,0.22,0.13,Uncommon,tentacruel,Pokémon,https://www.tcggo.com/pokemon/151/tentacruel-73,sv3pt5-73,516567,singles,
2026-08-23T17:19:56+02:00,,428,Uta,uta,MEW 76,76,733671,165,207,MEW,Pokémon,pokemon,16,https://images.tcggo.com/tcggo/storage/2496/151-logo.png,151,EUR,1769.91,EUR,1756.61,2023-09-22,1,Scarlet & Violet,scarlet-violet,151,330,2554,https://images.tcggo.com/tcggo/storage/2568/golem-ex-mew-76-151-pokemon.png,https://www.tcggo.com/external/cm/2554,https://www.tcggo.com/external/tcgplayer/2554,Golem ex,Golem ex 76,1.67,1.78,880,EUR,[],,,,,,,,,0.3,1,1,3,3,0.3,0.99,0.99,0.1,0.1,,,,,,,,,,,,,,,,,,,,,,,,,,,,,,,,,,,,,,,,,,,,,,,,,,EUR,0.94,1,Double Rare,golem-ex,Pokémon,https://www.tcggo.com/pokemon/151/golem-ex-76,sv3pt5-76,516574,singles,
2026-08-23T17:19:56+02:00,,510,Nurikabe,nurikabe,MEW 77,77,733672,165,207,MEW,Pokémon,pokemon,16,https://images.tcggo.com/tcggo/storage/2496/151-logo.png,151,EUR,1769.91,EUR,1756.61,2023-09-22,1,Scarlet & Violet,scarlet-violet,151,70,2555,https://images.tcggo.com/tcggo/storage/2569/ponyta-mew-77-151-pokemon.png,https://www.tcggo.com/external/cm/2555,https://www.tcggo.com/external/tcgplayer/2555,Ponyta,Ponyta 77,0.04,0.04,15182,EUR,[],,,,,,,,,0.02,0.02,0.02,0.02,0.02,0.02,0.02,0.02,0.02,0.02,,,,,,,,,,,,,,,,,,,,,,,,,,,,,,,,,,,,,,,,,,,,,,,,,,EUR,0.19,0.13,Common,ponyta,Pokémon,https://www.tcggo.com/pokemon/151/ponyta-77,sv3pt5-77,516601,singles,
2026-08-23T17:19:56+02:00,,394,OKACHEKE,okacheke,MEW 79,79,733674,165,207,MEW,Pokémon,pokemon,16,https://images.tcggo.com/tcggo/storage/2496/151-logo.png,151,EUR,1769.91,EUR,1756.61,2023-09-22,1,Scarlet & Violet,scarlet-violet,151,80,2556,https://images.tcggo.com/tcggo/storage/2570/slowpoke-mew-79-151-pokemon.png,https://www.tcggo.com/external/cm/2556,https://www.tcggo.com/external/tcgplayer/2556,Slowpoke,Slowpoke 79,0.06,0.06,13714,EUR,[],,,,,,,,,0.02,0.02,0.02,0.02,0.02,0.02,0.02,0.02,0.02,0.02,,,,,,,,,,,,,,,,,,,,,,,,,,,,,,,,,,,,,,,,,,,,,,,,,,EUR,0.32,0.15,Common,slowpoke,Pokémon,https://www.tcggo.com/pokemon/151/slowpoke-79,sv3pt5-79,516650,singles,
2026-08-23T17:19:56+02:00,,537,KG-2000,kg-2000,MEW 83,83,733678,165,207,MEW,Pokémon,pokemon,16,https://images.tcggo.com/tcggo/storage/2496/151-logo.png,151,EUR,1769.91,EUR,1756.61,2023-09-22,1,Scarlet & Violet,scarlet-violet,151,90,2557,https://images.tcggo.com/tcggo/storage/2571/farfetchd-mew-83-151-pokemon.png,https://www.tcggo.com/external/cm/2557,https://www.tcggo.com/external/tcgplayer/2557,Farfetch'd,Farfetch'd 83,0.04,0.04,14811,EUR,[],,,,,,,,,0.02,0.02,0.02,0.02,0.02,0.02,0.02,0.02,0.02,0.02,,,,,,,,,,,,,,,,,,,,,,,,,,,,,,,,,,,,,,,,,,,,,,,,,,EUR,0.2,0.13,Common,farfetchd,Pokémon,https://www.tcggo.com/pokemon/151/farfetchd-83,sv3pt5-83,516652,singles,
2026-08-23T17:19:56+02:00,,363,Anesaki Dynamic,anesaki-dynamic,MEW 84,84,733679,165,207,MEW,Pokémon,pokemon,16,https://images.tcggo.com/tcggo/storage/2496/151-logo.png,151,EUR,1769.91,EUR,1756.61,2023-09-22,1,Scarlet & Violet,scarlet-violet,151,70,2558,https://images.tcggo.com/tcggo/storage/2572/doduo-mew-84-151-pokemon.png,https://www.tcggo.com/external/cm/2558,https://www.tcggo.com/external/tcgplayer/2558,Doduo,Doduo 84,0.06,0.06,13750,EUR,[],,,,,,,,,0.02,0.02,0.02,0.02,0.02,0.02,0.02,0.02,0.02,0.02,,,,,,,,,,,,,,,,,,,,,,,,,,,,,,,,,,,,,,,,,,,,,,,,,,EUR,0.22,0.13,Common,doduo,Pokémon,https://www.tcggo.com/pokemon/151/doduo-84,sv3pt5-84,516653,singles,
2026-08-23T17:19:56+02:00,,416,Mina Nakai,mina-nakai,MEW 56,56,733651,165,207,MEW,Pokémon,pokemon,16,https://images.tcggo.com/tcggo/storage/2496/151-logo.png,151,EUR,1769.91,EUR,1756.61,2023-09-22,1,Scarlet & Violet,scarlet-violet,151,60,2559,https://images.tcggo.com/tcggo/storage/2573/mankey-mew-56-151-pokemon.png,https://www.tcggo.com/external/cm/2559,https://www.tcggo.com/external/tcgplayer/2559,Mankey,Mankey 56,0.05,0.04,15801,EUR,[],,,,,,,,,0.02,0.02,0.02,0.02,0.02,0.02,0.02,0.02,0.02,0.02,,,,,,,,,,,,,,,,,,,,,,,,,,,,,,,,,,,,,,,,,,,,,,,,,,EUR,0.16,0.13,Common,mankey,Pokémon,https://www.tcggo.com/pokemon/151/mankey-56,sv3pt5-56,516242,singles,
2026-08-23T17:19:56+02:00,,375,Mitsuhiro Arita,mitsuhiro-arita,MEW 63,63,733658,165,207,MEW,Pokémon,pokemon,16,https://images.tcggo.com/tcggo/storage/2496/151-logo.png,151,EUR,1769.91,EUR,1756.61,2023-09-22,1,Scarlet & Violet,scarlet-violet,151,50,2560,https://images.tcggo.com/tcggo/storage/2574/abra-mew-63-151-pokemon.png,https://www.tcggo.com/external/cm/2560,https://www.tcggo.com/external/tcgplayer/2560,Abra,Abra 63,0.05,0.04,14008,EUR,[],,,,,,,,,0.03,0.02,0.02,0.02,0.02,0.02,0.02,0.02,0.02,0.02,,,,,,,,,,,,,,,,,,,,,,,,,,,,,,,,,,,,,,,,,,,,,,,,,,EUR,0.26,0.13,Common,abra,Pokémon,https://www.tcggo.com/pokemon/151/abra-63,sv3pt5-63,516268,singles,
2026-08-23T17:19:56+02:00,,518,Ryuta Fuse,ryuta-fuse,MEW 67,67,733662,165,207,MEW,Pokémon,pokemon,16,https://images.tcggo.com/tcggo/storage/2496/151-logo.png,151,EUR,1769.91,EUR,1756.61,2023-09-22,1,Scarlet & Violet,scarlet-violet,151,100,2561,https://images.tcggo.com/tcggo/storage/2575/machoke-mew-67-151-pokemon.png,https://www.tcggo.com/external/cm/2561,https://www.tcggo.com/external/tcgplayer/2561,Machoke,Machoke 67,0.07,0.07,10170,EUR,[],,,,,,,,,0.03,0.02,0.02,0.02,0.02,0.02,0.02,0.02,0.02,0.02,,,,,,,,,,,,,,,,,,,,,,,,,,,,,,,,,,,,,,,,,,,,,,,,,,EUR,0.18,0.13,Uncommon,machoke,Pokémon,https://www.tcggo.com/pokemon/151/machoke-67,sv3pt5-67,516383,singles,
2026-08-23T17:19:56+02:00,,518,Ryuta Fuse,ryuta-fuse,MEW 68,68,733663,165,207,MEW,Pokémon,pokemon,16,https://images.tcggo.com/tcggo/storage/2496/151-logo.png,151,EUR,1769.91,EUR,1756.61,2023-09-22,1,Scarlet & Violet,scarlet-violet,151,180,2562,https://images.tcggo.com/tcggo/storage/2576/machamp-mew-68-151-pokemon.png,https://www.tcggo.com/external/cm/2562,https://www.tcggo.com/external/tcgplayer/2562,Machamp,Machamp 68,0.18,0.18,,EUR,[],,,,,,,,,0.02,0.04,0.04,0.1,0.1,0.02,0.02,0.02,0.02,0.02,,,,,,,,,,,,,,,,,,,,,,,,,,,,,,,,,,,,,,,,,,,,,,,,,,EUR,0.79,0.22,rare,machamp,Pokémon,https://www.tcggo.com/pokemon/151/machamp-68,sv3pt5-68,516385,singles,
2026-08-23T17:19:56+02:00,,386,Jerky,jerky,MEW 70,70,733665,165,207,MEW,Pokémon,pokemon,16,https://images.tcggo.com/tcggo/storage/2496/151-logo.png,151,EUR,1769.91,EUR,1756.61,2023-09-22,1,Scarlet & Violet,scarlet-violet,151,90,2563,https://images.tcggo.com/tcggo/storage/2577/weepinbell-mew-70-151-pokemon.png,https://www.tcggo.com/external/cm/2563,https://www.tcggo.com/external/tcgplayer/2563,Weepinbell,Weepinbell 70,0.12,0.13,2971,EUR,[],,,,,,,,,0.02,0.02,0.02,0.1,0.1,0.02,0.02,0.02,0.02,0.02,,,,,,,,,,,,,,,,,,,,,,,,,,,,,,,,,,,,,,,,,,,,,,,,,,EUR,1.25,0.15,Common,weepinbell,Pokémon,https://www.tcggo.com/pokemon/151/weepinbell-70,sv3pt5-70,516563,singles,
2026-08-23T17:19:56+02:00,,428,Uta,uta,MEW 75,75,733670,165,207,MEW,Pokémon,pokemon,16,https://images.tcggo.com/tcggo/storage/2496/151-logo.png,151,EUR,1769.91,EUR,1756.61,2023-09-22,1,Scarlet & Violet,scarlet-violet,151,110,2564,https://images.tcggo.com/tcggo/storage/2578/graveler-mew-75-151-pokemon.png,https://www.tcggo.com/external/cm/2564,https://www.tcggo.com/external/tcgplayer/2564,Graveler,Graveler 75,0.07,0.08,11011,EUR,[],,,,,,,,,0.02,0.02,0.02,0.02,0.02,0.02,0.02,0.02,0.02,0.02,,,,,,,,,,,,,,,,,,,,,,,,,,,,,,,,,,,,,,,,,,,,,,,,,,EUR,0.21,0.13,Uncommon,graveler,Pokémon,https://www.tcggo.com/pokemon/151/graveler-75,sv3pt5-75,516572,singles,
2026-08-23T17:19:56+02:00,,401,Yuka Morii,yuka-morii,MEW 81,81,733676,165,207,MEW,Pokémon,pokemon,16,https://images.tcggo.com/tcggo/storage/2496/151-logo.png,151,EUR,1769.91,EUR,1756.61,2023-09-22,1,Scarlet & Violet,scarlet-violet,151,60,2565,https://images.tcggo.com/tcggo/storage/2579/magnemite-mew-81-151-pokemon.png,https://www.tcggo.com/external/cm/2565,https://www.tcggo.com/external/tcgplayer/2565,Magnemite,Magnemite 81,0.05,0.04,15429,EUR,[],,,,,,,,,0.02,0.02,0.02,0.02,0.02,0.02,0.02,0.02,0.02,0.02,,,,,,,,,,,,,,,,,,,,,,,,,,,,,,,,,,,,,,,,,,,,,,,,,,EUR,0.26,0.14,Common,magnemite,Pokémon,https://www.tcggo.com/pokemon/151/magnemite-81,sv3pt5-81,516648,singles,
2026-08-23T17:19:56+02:00,,529,aoki,aoki,MEW 86,86,733681,165,207,MEW,Pokémon,pokemon,16,https://images.tcggo.com/tcggo/storage/2496/151-logo.png,151,EUR,1769.91,EUR,1756.61,2023-09-22,1,Scarlet & Violet,scarlet-violet,151,80,2566,https://images.tcggo.com/tcggo/storage/2580/seel-mew-86-151-pokemon.png,https://www.tcggo.com/external/cm/2566,https://www.tcggo.com/external/tcgplayer/2566,Seel,Seel 86,0.05,0.04,15024,EUR,[],,,,,,,,,0.03,0.02,0.02,0.02,0.02,0.02,0.02,0.02,0.02,0.02,,,,,,,,,,,,,,,,,,,,,,,,,,,,,,,,,,,,,,,,,,,,,,,,,,EUR,0.21,0.13,Common,seel,Pokémon,https://www.tcggo.com/pokemon/151/seel-86,sv3pt5-86,516655,singles,
2026-08-23T17:19:56+02:00,,395,Nisota Niso,nisota-niso,MEW 88,88,733683,165,207,MEW,Pokémon,pokemon,16,https://images.tcggo.com/tcggo/storage/2496/151-logo.png,151,EUR,1769.91,EUR,1756.61,2023-09-22,1,Scarlet & Violet,scarlet-violet,151,80,2567,https://images.tcggo.com/tcggo/storage/2581/grimer-mew-88-151-pokemon.png,https://www.tcggo.com/external/cm/2567,https://www.tcggo.com/external/tcgplayer/2567,Grimer,Grimer 88,3.81,7.94,114,EUR,[],,,,,,,,,0.02,0.02,0.02,0.02,0.02,0.02,0.02,0.02,0.02,0.02,,,,,,,,,,,,,,,,,,,,,,,,,,,,,,,,,,,,,,,,,,,,,,,,,,EUR,0.17,0.13,Common,grimer,Pokémon,https://www.tcggo.com/pokemon/151/grimer-88,sv3pt5-88,516657,singles,
2026-08-23T17:19:56+02:00,,441,Tomokazu Komiya,tomokazu-komiya,MEW 93,93,733688,165,207,MEW,Pokémon,pokemon,16,https://images.tcggo.com/tcggo/storage/2496/151-logo.png,151,EUR,1769.91,EUR,1756.61,2023-09-22,1,Scarlet & Violet,scarlet-violet,151,80,2568,https://images.tcggo.com/tcggo/storage/2582/haunter-mew-93-151-pokemon.png,https://www.tcggo.com/external/cm/2568,https://www.tcggo.com/external/tcgplayer/2568,Haunter,Haunter 93,0.09,0.08,8228,EUR,[],,,,,,,,,0.02,0.02,0.02,0.04,0.04,0.02,0.02,0.02,0.02,0.02,,,,,,,,,,,,,,,,,,,,,,,,,,,,,,,,,,,,,,,,,,,,,,,,,,EUR,0.44,0.17,Uncommon,haunter,Pokémon,https://www.tcggo.com/pokemon/151/haunter-93,sv3pt5-93,516662,singles,
2026-08-23T17:19:56+02:00,,398,Taira Akitsu,taira-akitsu,MEW 55,55,733650,165,207,MEW,Pokémon,pokemon,16,https://images.tcggo.com/tcggo/storage/2496/151-logo.png,151,EUR,1769.91,EUR,1756.61,2023-09-22,1,Scarlet & Violet,scarlet-violet,151,110,2569,https://images.tcggo.com/tcggo/storage/2583/golduck-mew-55-151-pokemon.png,https://www.tcggo.com/external/cm/2569,https://www.tcggo.com/external/tcgplayer/2569,Golduck,Golduck 55,0.07,0.06,10678,EUR,[],,,,,,,,,0.02,0.02,0.02,0.02,0.02,0.02,0.02,0.02,0.02,0.02,,,,,,,,,,,,,,,,,,,,,,,,,,,,,,,,,,,,,,,,,,,,,,,,,,EUR,0.25,0.13,Uncommon,golduck,Pokémon,https://www.tcggo.com/pokemon/151/golduck-55,sv3pt5-55,516232,singles,
2026-08-23T17:19:56+02:00,,416,Mina Nakai,mina-nakai,MEW 57,57,733652,165,207,MEW,Pokémon,pokemon,16,https://images.tcggo.com/tcggo/storage/2496/151-logo.png,151,EUR,1769.91,EUR,1756.61,2023-09-22,1,Scarlet & Violet,scarlet-violet,151,120,2570,https://images.tcggo.com/tcggo/storage/2584/primeape-mew-57-151-pokemon.png,https://www.tcggo.com/external/cm/2570,https://www.tcggo.com/external/tcgplayer/2570,Primeape,Primeape 57,0.06,0.07,11475,EUR,[],,,,,,,,,0.02,0.02,0.02,0.02,0.02,0.02,0.02,0.02,0.02,0.02,,,,,,,,,,,,,,,,,,,,,,,,,,,,,,,,,,,,,,,,,,,,,,,,,,EUR,0.21,0.13,Uncommon,primeape,Pokémon,https://www.tcggo.com/pokemon/151/primeape-57,sv3pt5-57,516246,singles,
2026-08-23T17:19:56+02:00,,397,Kurata So,kurata-so,MEW 62,62,733657,165,207,MEW,Pokémon,pokemon,16,https://images.tcggo.com/tcggo/storage/2496/151-logo.png,151,EUR,1769.91,EUR,1756.61,2023-09-22,1,Scarlet & Violet,scarlet-violet,151,160,2571,https://images.tcggo.com/tcggo/storage/2585/poliwrath-mew-62-151-pokemon.png,https://www.tcggo.com/external/cm/2571,https://www.tcggo.com/external/tcgplayer/2571,Poliwrath,Poliwrath 62,0.07,0.07,10850,EUR,[],,,,,,,,,0.02,0.02,0.02,0.02,0.02,0.02,0.02,0.02,0.02,0.02,,,,,,,,,,,,,,,,,,,,,,,,,,,,,,,,,,,,,,,,,,,,,,,,,,EUR,0.25,0.15,Uncommon,poliwrath,Pokémon,https://www.tcggo.com/pokemon/151/poliwrath-62,sv3pt5-62,516251,singles,
2026-08-23T17:19:56+02:00,,375,Mitsuhiro Arita,mitsuhiro-arita,MEW 65,65,733660,165,207,MEW,Pokémon,pokemon,16,https://images.tcggo.com/tcggo/storage/2496/151-logo.png,151,EUR,1769.91,EUR,1756.61,2023-09-22,1,Scarlet & Violet,scarlet-violet,151,310,2572,https://images.tcggo.com/tcggo/storage/2586/alakazam-ex-mew-65-151-pokemon.png,https://www.tcggo.com/external/cm/2572,https://www.tcggo.com/external/tcgplayer/2572,Alakazam ex,Alakazam ex 65,2.56,2.62,552,EUR,[],,,,,,,,,1,2.25,2.25,2.66,2.66,1,2.4,2.4,0.85,0.85,,,,,,,,,,,,,,,,,,,,,,,,,,,,,,,,,,,,,,,,,,,,,,,,,,EUR,1.64,1.33,Double Rare,alakazam-ex,Pokémon,https://www.tcggo.com/pokemon/151/alakazam-ex-65,sv3pt5-65,516381,singles,
2026-08-23T17:19:56+02:00,,428,Uta,uta,MEW 74,74,733669,165,207,MEW,Pokémon,pokemon,16,https://images.tcggo.com/tcggo/storage/2496/151-logo.png,151,EUR,1769.91,EUR,1756.61,2023-09-22,1,Scarlet & Violet,scarlet-violet,151,80,2573,https://images.tcggo.com/tcggo/storage/2587/geodude-mew-74-151-pokemon.png,https://www.tcggo.com/external/cm/2573,https://www.tcggo.com/external/tcgplayer/2573,Geodude,Geodude 74,0.05,0.05,14729,EUR,[],,,,,,,,,0.02,0.02,0.02,0.02,0.02,0.02,0.02,0.02,0.02,0.02,,,,,,,,,,,,,,,,,,,,,,,,,,,,,,,,,,,,,,,,,,,,,,,,,,EUR,0.21,0.13,Common,geodude,Pokémon,https://www.tcggo.com/pokemon/151/geodude-74,sv3pt5-74,516569,singles,
2026-08-23T17:19:56+02:00,,394,OKACHEKE,okacheke,MEW 80,80,733675,165,207,MEW,Pokémon,pokemon,16,https://images.tcggo.com/tcggo/storage/2496/151-logo.png,151,EUR,1769.91,EUR,1756.61,2023-09-22,1,Scarlet & Violet,scarlet-violet,151,130,2574,https://images.tcggo.com/tcggo/storage/2588/slowbro-mew-80-151-pokemon.png,https://www.tcggo.com/external/cm/2574,https://www.tcggo.com/external/tcgplayer/2574,Slowbro,Slowbro 80,0.07,0.08,10140,EUR,[],,,,,,,,,0.02,0.02,0.02,0.02,0.02,0.02,0.02,0.02,0.02,0.02,,,,,,,,,,,,,,,,,,,,,,,,,,,,,,,,,,,,,,,,,,,,,,,,,,EUR,0.26,0.13,Uncommon,slowbro,Pokémon,https://www.tcggo.com/pokemon/151/slowbro-80,sv3pt5-80,516651,singles,
2026-08-23T17:19:56+02:00,,529,aoki,aoki,MEW 87,87,733682,165,207,MEW,Pokémon,pokemon,16,https://images.tcggo.com/tcggo/storage/2496/151-logo.png,151,EUR,1769.91,EUR,1756.61,2023-09-22,1,Scarlet & Violet,scarlet-violet,151,130,2575,https://images.tcggo.com/tcggo/storage/2589/dewgong-mew-87-151-pokemon.png,https://www.tcggo.com/external/cm/2575,https://www.tcggo.com/external/tcgplayer/2575,Dewgong,Dewgong 87,0.06,0.06,10466,EUR,[],,,,,,,,,0.02,0.02,0.02,0.02,0.02,0.02,0.02,0.02,0.02,0.02,,,,,,,,,,,,,,,,,,,,,,,,,,,,,,,,,,,,,,,,,,,,,,,,,,EUR,0.21,0.13,Uncommon,dewgong,Pokémon,https://www.tcggo.com/pokemon/151/dewgong-87,sv3pt5-87,516656,singles,
2026-08-23T17:19:56+02:00,,395,Nisota Niso,nisota-niso,MEW 89,89,733684,165,207,MEW,Pokémon,pokemon,16,https://images.tcggo.com/tcggo/storage/2496/151-logo.png,151,EUR,1769.91,EUR,1756.61,2023-09-22,1,Scarlet & Violet,scarlet-violet,151,150,2576,https://images.tcggo.com/tcggo/storage/2590/muk-mew-89-151-pokemon.png,https://www.tcggo.com/external/cm/2576,https://www.tcggo.com/external/tcgplayer/2576,Muk,Muk 89,0.06,0.05,11221,EUR,[],,,,,,,,,0.02,0.02,0.02,0.02,0.02,0.02,0.02,0.02,0.02,0.02,,,,,,,,,,,,,,,,,,,,,,,,,,,,,,,,,,,,,,,,,,,,,,,,,,EUR,0.21,0.13,Uncommon,muk,Pokémon,https://www.tcggo.com/pokemon/151/muk-89,sv3pt5-89,516658,singles,
2026-08-23T17:19:56+02:00,,494,Nelnal,nelnal,MEW 90,90,733685,165,207,MEW,Pokémon,pokemon,16,https://images.tcggo.com/tcggo/storage/2496/151-logo.png,151,EUR,1769.91,EUR,1756.61,2023-09-22,1,Scarlet & Violet,scarlet-violet,151,70,2577,https://images.tcggo.com/tcggo/storage/2591/shellder-mew-90-151-pokemon.png,https://www.tcggo.com/external/cm/2577,https://www.tcggo.com/external/tcgplayer/2577,Shellder,Shellder 90,0.05,0.05,15043,EUR,[],,,,,,,,,0.02,0.02,0.02,0.02,0.02,0.02,0.02,0.02,0.02,0.02,,,,,,,,,,,,,,,,,,,,,,,,,,,,,,,,,,,,,,,,,,,,,,,,,,EUR,0.24,0.13,Common,shellder,Pokémon,https://www.tcggo.com/pokemon/151/shellder-90,sv3pt5-90,516659,singles,
2026-08-23T17:19:56+02:00,,494,Nelnal,nelnal,MEW 91,91,733686,165,207,MEW,Pokémon,pokemon,16,https://images.tcggo.com/tcggo/storage/2496/151-logo.png,151,EUR,1769.91,EUR,1756.61,2023-09-22,1,Scarlet & Violet,scarlet-violet,151,130,2578,https://images.tcggo.com/tcggo/storage/2592/cloyster-mew-91-151-pokemon.png,https://www.tcggo.com/external/cm/2578,https://www.tcggo.com/external/tcgplayer/2578,Cloyster,Cloyster 91,0.08,0.08,9773,EUR,[],,,,,,,,,0.02,0.02,0.02,0.02,0.02,0.02,0.02,0.02,0.02,0.02,,,,,,,,,,,,,,,,,,,,,,,,,,,,,,,,,,,,,,,,,,,,,,,,,,EUR,0.25,0.14,Uncommon,cloyster,Pokémon,https://www.tcggo.com/pokemon/151/cloyster-91,sv3pt5-91,516660,singles,
2026-08-23T17:19:56+02:00,,424,Mousho,mousho,MEW 97,97,733692,165,207,MEW,Pokémon,pokemon,16,https://images.tcggo.com/tcggo/storage/2496/151-logo.png,151,EUR,1769.91,EUR,1756.61,2023-09-22,1,Scarlet & Violet,scarlet-violet,151,110,2579,https://images.tcggo.com/tcggo/storage/2593/hypno-mew-97-151-pokemon.png,https://www.tcggo.com/external/cm/2579,https://www.tcggo.com/external/tcgplayer/2579,Hypno,Hypno 97,0.07,0.07,7710,EUR,[],,,,,,,,,0.02,0.02,0.02,0.02,0.02,0.02,0.02,0.02,0.02,0.02,,,,,,,,,,,,,,,,,,,,,,,,,,,,,,,,,,,,,,,,,,,,,,,,,,EUR,2.05,0.13,Uncommon,hypno,Pokémon,https://www.tcggo.com/pokemon/151/hypno-97,sv3pt5-97,516666,singles,
2026-08-23T17:19:56+02:00,,466,Shinya Komatsu,shinya-komatsu,MEW 104,104,733699,165,207,MEW,Pokémon,pokemon,16,https://images.tcggo.com/tcggo/storage/2496/151-logo.png,151,EUR,1769.91,EUR,1756.61,2023-09-22,1,Scarlet & Violet,scarlet-violet,151,70,2580,https://images.tcggo.com/tcggo/storage/2594/cubone-mew-104-151-pokemon.png,https://www.tcggo.com/external/cm/2580,https://www.tcggo.com/external/tcgplayer/2580,Cubone,Cubone 104,0.06,0.05,13582,EUR,[],,,,,,,,,0.02,0.02,0.02,0.02,0.02,0.02,0.02,0.02,0.02,0.02,,,,,,,,,,,,,,,,,,,,,,,,,,,,,,,,,,,,,,,,,,,,,,,,,,EUR,0.3,0.15,Common,cubone,Pokémon,https://www.tcggo.com/pokemon/151/cubone-104,sv3pt5-104,516673,singles,
2026-08-23T17:19:56+02:00,,466,Shinya Komatsu,shinya-komatsu,MEW 105,105,733700,165,207,MEW,Pokémon,pokemon,16,https://images.tcggo.com/tcggo/storage/2496/151-logo.png,151,EUR,1769.91,EUR,1756.61,2023-09-22,1,Scarlet & Violet,scarlet-violet,151,120,2581,https://images.tcggo.com/tcggo/storage/2595/marowak-mew-105-151-pokemon.png,https://www.tcggo.com/external/cm/2581,https://www.tcggo.com/external/tcgplayer/2581,Marowak,Marowak 105,0.2,0.2,6746,EUR,[],,,,,,,,,0.02,0.02,0.02,0.05,0.05,0.02,0.02,0.02,0.02,0.02,,,,,,,,,,,,,,,,,,,,,,,,,,,,,,,,,,,,,,,,,,,,,,,,,,EUR,0.67,0.21,rare,marowak,Pokémon,https://www.tcggo.com/pokemon/151/marowak-105,sv3pt5-105,516674,singles,
2026-08-23T17:19:56+02:00,,402,Hitoshi Ariga,hitoshi-ariga,MEW 106,106,733701,165,207,MEW,Pokémon,pokemon,16,https://images.tcggo.com/tcggo/storage/2496/151-logo.png,151,EUR,1769.91,EUR,1756.61,2023-09-22,1,Scarlet & Violet,scarlet-violet,151,120,2582,https://images.tcggo.com/tcggo/storage/2596/hitmonlee-mew-106-151-pokemon.png,https://www.tcggo.com/external/cm/2582,https://www.tcggo.com/external/tcgplayer/2582,Hitmonlee,Hitmonlee 106,0.09,0.09,6428,EUR,[],,,,,,,,,0.02,0.02,0.02,0.02,0.02,0.02,0.02,0.02,0.02,0.02,,,,,,,,,,,,,,,,,,,,,,,,,,,,,,,,,,,,,,,,,,,,,,,,,,EUR,1.74,0.17,Uncommon,hitmonlee,Pokémon,https://www.tcggo.com/pokemon/151/hitmonlee-106,sv3pt5-106,516675,singles,
2026-08-23T17:19:56+02:00,,429,DOM,dom,MEW 107,107,733702,165,207,MEW,Pokémon,pokemon,16,https://images.tcggo.com/tcggo/storage/2496/151-logo.png,151,EUR,1769.91,EUR,1756.61,2023-09-22,1,Scarlet & Violet,scarlet-violet,151,120,2583,https://images.tcggo.com/tcggo/storage/2597/hitmonchan-mew-107-151-pokemon.png,https://www.tcggo.com/external/cm/2583,https://www.tcggo.com/external/tcgplayer/2583,Hitmonchan,Hitmonchan 107,0.08,0.09,6614,EUR,[],,,,,,,,,0.03,0.02,0.02,0.02,0.02,0.02,0.02,0.02,0.02,0.02,,,,,,,,,,,,,,,,,,,,,,,,,,,,,,,,,,,,,,,,,,,,,,,,,,EUR,1.1,0.15,Uncommon,hitmonchan,Pokémon,https://www.tcggo.com/pokemon/151/hitmonchan-107,sv3pt5-107,516676,singles,
2026-08-23T17:19:56+02:00,,373,GOSSAN,gossan,MEW 112,112,733707,165,207,MEW,Pokémon,pokemon,16,https://images.tcggo.com/tcggo/storage/2496/151-logo.png,151,EUR,1769.91,EUR,1756.61,2023-09-22,1,Scarlet & Violet,scarlet-violet,151,120,2584,https://images.tcggo.com/tcggo/storage/2598/rhydon-mew-112-151-pokemon.png,https://www.tcggo.com/external/cm/2584,https://www.tcggo.com/external/tcgplayer/2584,Rhydon,Rhydon 112,0.06,0.07,10893,EUR,[],,,,,,,,,0.02,0.02,0.02,0.02,0.02,0.02,0.02,0.02,0.02,0.02,,,,,,,,,,,,,,,,,,,,,,,,,,,,,,,,,,,,,,,,,,,,,,,,,,EUR,0.2,0.13,Uncommon,rhydon,Pokémon,https://www.tcggo.com/pokemon/151/rhydon-112,sv3pt5-112,516573,singles,
2026-08-23T17:19:56+02:00,,489,N-DESIGN Inc.,n-design-inc,MEW 115,115,733710,165,207,MEW,Pokémon,pokemon,16,https://images.tcggo.com/tcggo/storage/2496/151-logo.png,151,EUR,1769.91,EUR,1756.61,2023-09-22,1,Scarlet & Violet,scarlet-violet,151,230,2585,https://images.tcggo.com/tcggo/storage/2599/kangaskhan-ex-mew-115-151-pokemon.png,https://www.tcggo.com/external/cm/2585,https://www.tcggo.com/external/tcgplayer/2585,Kangaskhan ex,Kangaskhan ex 115,1.63,1.76,1036,EUR,[],,,,,,,,,0.5,0.7,0.7,4,4,0.5,1,1,0.3,0.3,,,,,,,,,,,,,,,,,,,,,,,,,,,,,,,,,,,,,,,,,,,,,,,,,,EUR,0.94,0.99,Double Rare,kangaskhan-ex,Pokémon,https://www.tcggo.com/pokemon/151/kangaskhan-ex-115,sv3pt5-115,516581,singles,
2026-08-23T17:19:56+02:00,,404,aspara,aspara,MEW 117,117,733712,165,207,MEW,Pokémon,pokemon,16,https://images.tcggo.com/tcggo/storage/2496/151-logo.png,151,EUR,1769.91,EUR,1756.61,2023-09-22,1,Scarlet & Violet,scarlet-violet,151,80,2586,https://images.tcggo.com/tcggo/storage/2600/seadra-mew-117-151-pokemon.png,https://www.tcggo.com/external/cm/2586,https://www.tcggo.com/external/tcgplayer/2586,Seadra,Seadra 117,0.07,0.07,11457,EUR,[],,,,,,,,,0.02,0.02,0.02,0.02,0.02,0.02,0.02,0.02,0.02,0.02,,,,,,,,,,,,,,,,,,,,,,,,,,,,,,,,,,,,,,,,,,,,,,,,,,EUR,0.21,0.15,Uncommon,seadra,Pokémon,https://www.tcggo.com/pokemon/151/seadra-117,sv3pt5-117,516584,singles,
2026-08-23T17:19:56+02:00,,433,SIE NANAHARA,sie-nanahara,MEW 119,119,733714,165,207,MEW,Pokémon,pokemon,16,https://images.tcggo.com/tcggo/storage/2496/151-logo.png,151,EUR,1769.91,EUR,1756.61,2023-09-22,1,Scarlet & Violet,scarlet-violet,151,110,2587,https://images.tcggo.com/tcggo/storage/2601/seaking-mew-119-151-pokemon.png,https://www.tcggo.com/external/cm/2587,https://www.tcggo.com/external/tcgplayer/2587,Seaking,Seaking 119,0.08,0.08,7384,EUR,[],,,,,,,,,0.02,0.02,0.02,0.02,0.02,0.02,0.02,0.02,0.02,0.02,,,,,,,,,,,,,,,,,,,,,,,,,,,,,,,,,,,,,,,,,,,,,,,,,,EUR,1.22,0.13,Uncommon,seaking,Pokémon,https://www.tcggo.com/pokemon/151/seaking-119,sv3pt5-119,516682,singles,
2026-08-23T17:19:56+02:00,,538,Arai Kiriko,arai-kiriko,MEW 120,120,733715,165,207,MEW,Pokémon,pokemon,16,https://images.tcggo.com/tcggo/storage/2496/151-logo.png,151,EUR,1769.91,EUR,1756.61,2023-09-22,1,Scarlet & Violet,scarlet-violet,151,60,2588,https://images.tcggo.com/tcggo/storage/2602/staryu-mew-120-151-pokemon.png,https://www.tcggo.com/external/cm/2588,https://www.tcggo.com/external/tcgplayer/2588,Staryu,Staryu 120,0.05,0.04,14742,EUR,[],,,,,,,,,0.02,0.02,0.02,0.02,0.02,0.02,0.02,0.02,0.02,0.02,,,,,,,,,,,,,,,,,,,,,,,,,,,,,,,,,,,,,,,,,,,,,,,,,,EUR,0.21,0.13,Common,staryu,Pokémon,https://www.tcggo.com/pokemon/151/staryu-120,sv3pt5-120,516683,singles,
2026-08-23T17:19:56+02:00,,364,Toshinao Aoki,toshinao-aoki,MEW 126,126,733721,165,207,MEW,Pokémon,pokemon,16,https://images.tcggo.com/tcggo/storage/2496/151-logo.png,151,EUR,1769.91,EUR,1756.61,2023-09-22,1,Scarlet & Violet,scarlet-violet,151,90,2589,https://images.tcggo.com/tcggo/storage/2603/magmar-mew-126-151-pokemon.png,https://www.tcggo.com/external/cm/2589,https://www.tcggo.com/external/tcgplayer/2589,Magmar,Magmar 126,0.05,0.05,11753,EUR,[],,,,,,,,,0.02,0.02,0.02,0.02,0.02,0.02,0.02,0.02,0.02,0.02,,,,,,,,,,,,,,,,,,,,,,,,,,,,,,,,,,,,,,,,,,,,,,,,,,EUR,1.13,0.14,Common,magmar,Pokémon,https://www.tcggo.com/pokemon/151/magmar-126,sv3pt5-126,516689,singles,
2026-08-23T17:19:56+02:00,,436,Takeshi Nakamura,takeshi-nakamura,MEW 128,128,733723,165,207,MEW,Pokémon,pokemon,16,https://images.tcggo.com/tcggo/storage/2496/151-logo.png,151,EUR,1769.91,EUR,1756.61,2023-09-22,1,Scarlet & Violet,scarlet-violet,151,120,2590,https://images.tcggo.com/tcggo/storage/2604/tauros-mew-128-151-pokemon.png,https://www.tcggo.com/external/cm/2590,https://www.tcggo.com/external/tcgplayer/2590,Tauros,Tauros 128,0.07,0.06,7610,EUR,[],,,,,,,,,0.02,0.02,0.02,0.02,0.02,0.02,0.02,0.02,0.02,0.02,,,,,,,,,,,,,,,,,,,,,,,,,,,,,,,,,,,,,,,,,,,,,,,,,,EUR,1.01,0.13,Uncommon,tauros,Pokémon,https://www.tcggo.com/pokemon/151/tauros-128,sv3pt5-128,516691,singles,
2026-08-23T17:19:56+02:00,,486,Ryota Murayama,ryota-murayama,MEW 136,136,733731,165,207,MEW,Pokémon,pokemon,16,https://images.tcggo.com/tcggo/storage/2496/151-logo.png,151,EUR,1769.91,EUR,1756.61,2023-09-22,1,Scarlet & Violet,scarlet-violet,151,130,2591,https://images.tcggo.com/tcggo/storage/2605/flareon-mew-136-151-pokemon.png,https://www.tcggo.com/external/cm/2591,https://www.tcggo.com/external/tcgplayer/2591,Flareon,Flareon 136,0.32,0.35,4773,EUR,[],,,,,,,,,0.03,0.05,0.05,0.2,0.2,0.03,0.05,0.05,0.02,0.02,,,,,,,,,,,,,,,,,,,,,,,,,,,,,,,,,,,,,,,,,,,,,,,,,,EUR,1.36,0.26,rare,flareon,Pokémon,https://www.tcggo.com/pokemon/151/flareon-136,sv3pt5-136,516699,singles,
2026-08-23T17:19:56+02:00,,426,Akira Komayama,akira-komayama,MEW 138,138,733733,165,207,MEW,Pokémon,pokemon,16,https://images.tcggo.com/tcggo/storage/2496/151-logo.png,151,EUR,1769.91,EUR,1756.61,2023-09-22,1,Scarlet & Violet,scarlet-violet,151,100,2592,https://images.tcggo.com/tcggo/storage/2606/omanyte-mew-138-151-pokemon.png,https://www.tcggo.com/external/cm/2592,https://www.tcggo.com/external/tcgplayer/2592,Omanyte,Omanyte 138,0.09,0.09,6687,EUR,[],,,,,,,,,0.02,0.02,0.02,0.02,0.02,0.02,0.02,0.02,0.02,0.02,,,,,,,,,,,,,,,,,,,,,,,,,,,,,,,,,,,,,,,,,,,,,,,,,,EUR,1.21,0.15,Uncommon,omanyte,Pokémon,https://www.tcggo.com/pokemon/151/omanyte-138,sv3pt5-138,516701,singles,
2026-08-23T17:19:56+02:00,,426,Akira Komayama,akira-komayama,MEW 139,139,733734,165,207,MEW,Pokémon,pokemon,16,https://images.tcggo.com/tcggo/storage/2496/151-logo.png,151,EUR,1769.91,EUR,1756.61,2023-09-22,1,Scarlet & Violet,scarlet-violet,151,150,2593,https://images.tcggo.com/tcggo/storage/2607/omastar-mew-139-151-pokemon.png,https://www.tcggo.com/external/cm/2593,https://www.tcggo.com/external/tcgplayer/2593,Omastar,Omastar 139,0.22,0.22,6430,EUR,[],,,,,,,,,0.02,0.02,0.02,0.2,0.2,0.02,0.02,0.02,0.02,0.02,,,,,,,,,,,,,,,,,,,,,,,,,,,,,,,,,,,,,,,,,,,,,,,,,,EUR,1.39,0.21,rare,omastar,Pokémon,https://www.tcggo.com/pokemon/151/omastar-139,sv3pt5-139,516702,singles,
2026-08-23T17:19:56+02:00,,421,Shinji Kanda,shinji-kanda,MEW 142,142,733737,165,207,MEW,Pokémon,pokemon,16,https://images.tcggo.com/tcggo/storage/2496/151-logo.png,151,EUR,1769.91,EUR,1756.61,2023-09-22,1,Scarlet & Violet,scarlet-violet,151,130,2594,https://images.tcggo.com/tcggo/storage/2608/aerodactyl-mew-142-151-pokemon.png,https://www.tcggo.com/external/cm/2594,https://www.tcggo.com/external/tcgplayer/2594,Aerodactyl,Aerodactyl 142,0.24,0.27,4708,EUR,[],,,,,,,,,0.02,0.1,0.1,0.25,0.25,0.02,0.05,0.05,0.02,0.02,,,,,,,,,,,,,,,,,,,,,,,,,,,,,,,,,,,,,,,,,,,,,,,,,,EUR,1.05,0.26,rare,aerodactyl,Pokémon,https://www.tcggo.com/pokemon/151/aerodactyl-142,sv3pt5-142,516705,singles,
2026-08-23T17:19:56+02:00,,359,HYOGONOSUKE,hyogonosuke,MEW 143,143,733738,165,207,MEW,Pokémon,pokemon,16,https://images.tcggo.com/tcggo/storage/2496/151-logo.png,151,EUR,1769.91,EUR,1756.61,2023-09-22,1,Scarlet & Violet,scarlet-violet,151,150,2595,https://images.tcggo.com/tcggo/storage/2609/snorlax-mew-143-151-pokemon.png,https://www.tcggo.com/external/cm/2595,https://www.tcggo.com/external/tcgplayer/2595,Snorlax,Snorlax 143,0.1,0.09,5334,EUR,[],,,,,,,,,0.02,0.02,0.02,0.02,0.02,0.02,0.02,0.02,0.02,0.02,,,,,,,,,,,,,,,,,,,,,,,,,,,,,,,,,,,,,,,,,,,,,,,,,,EUR,5.21,0.21,Uncommon,snorlax,Pokémon,https://www.tcggo.com/pokemon/151/snorlax-143,sv3pt5-143,516706,singles,
2026-08-23T17:19:56+02:00,,405,nagimiso,nagimiso,MEW 100,100,733695,165,207,MEW,Pokémon,pokemon,16,https://images.tcggo.com/tcggo/storage/2496/151-logo.png,151,EUR,1769.91,EUR,1756.61,2023-09-22,1,Scarlet & Violet,scarlet-violet,151,60,2596,https://images.tcggo.com/tcggo/storage/2610/voltorb-mew-100-151-pokemon.png,https://www.tcggo.com/external/cm/2596,https://www.tcggo.com/external/tcgplayer/2596,Voltorb,Voltorb 100,0.04,0.04,15480,EUR,[],,,,,,,,,0.02,0.02,0.02,0.02,0.02,0.02,0.02,0.02,0.02,0.02,,,,,,,,,,,,,,,,,,,,,,,,,,,,,,,,,,,,,,,,,,,,,,,,,,EUR,0.21,0.13,Common,voltorb,Pokémon,https://www.tcggo.com/pokemon/151/voltorb-100,sv3pt5-100,516669,singles,
2026-08-23T17:19:56+02:00,,440,Shibuzoh.,shibuzoh,MEW 109,109,733704,165,207,MEW,Pokémon,pokemon,16,https://images.tcggo.com/tcggo/storage/2496/151-logo.png,151,EUR,1769.91,EUR,1756.61,2023-09-22,1,Scarlet & Violet,scarlet-violet,151,60,2597,https://images.tcggo.com/tcggo/storage/2611/koffing-mew-109-151-pokemon.png,https://www.tcggo.com/external/cm/2597,https://www.tcggo.com/external/tcgplayer/2597,Koffing,Koffing 109,0.05,0.04,14748,EUR,[],,,,,,,,,0.02,0.02,0.02,0.02,0.02,0.02,0.02,0.02,0.02,0.02,,,,,,,,,,,,,,,,,,,,,,,,,,,,,,,,,,,,,,,,,,,,,,,,,,EUR,0.24,0.13,Common,koffing,Pokémon,https://www.tcggo.com/pokemon/151/koffing-109,sv3pt5-109,516679,singles,
2026-08-23T17:19:56+02:00,,373,GOSSAN,gossan,MEW 111,111,733706,165,207,MEW,Pokémon,pokemon,16,https://images.tcggo.com/tcggo/storage/2496/151-logo.png,151,EUR,1769.91,EUR,1756.61,2023-09-22,1,Scarlet & Violet,scarlet-violet,151,100,2598,https://images.tcggo.com/tcggo/storage/2612/rhyhorn-mew-111-151-pokemon.png,https://www.tcggo.com/external/cm/2598,https://www.tcggo.com/external/tcgplayer/2598,Rhyhorn,Rhyhorn 111,0.05,0.04,15340,EUR,[],,,,,,,,,0.02,0.02,0.02,0.02,0.02,0.02,0.02,0.02,0.02,0.02,,,,,,,,,,,,,,,,,,,,,,,,,,,,,,,,,,,,,,,,,,,,,,,,,,EUR,0.21,0.12,Common,rhyhorn,Pokémon,https://www.tcggo.com/pokemon/151/rhyhorn-111,sv3pt5-111,516570,singles,
2026-08-23T17:19:56+02:00,,404,aspara,aspara,MEW 116,116,733711,165,207,MEW,Pokémon,pokemon,16,https://images.tcggo.com/tcggo/storage/2496/151-logo.png,151,EUR,1769.91,EUR,1756.61,2023-09-22,1,Scarlet & Violet,scarlet-violet,151,60,2599,https://images.tcggo.com/tcggo/storage/2613/horsea-mew-116-151-pokemon.png,https://www.tcggo.com/external/cm/2599,https://www.tcggo.com/external/tcgplayer/2599,Horsea,Horsea 116,0.05,0.04,15310,EUR,[],,,,,,,,,0.02,0.02,0.02,0.02,0.02,0.02,0.02,0.02,0.02,0.02,,,,,,,,,,,,,,,,,,,,,,,,,,,,,,,,,,,,,,,,,,,,,,,,,,EUR,0.17,0.13,Common,horsea,Pokémon,https://www.tcggo.com/pokemon/151/horsea-116,sv3pt5-116,516583,singles,
2026-08-23T17:19:56+02:00,,491,Yuya Oka,yuya-oka,MEW 127,127,733722,165,207,MEW,Pokémon,pokemon,16,https://images.tcggo.com/tcggo/storage/2496/151-logo.png,151,EUR,1769.91,EUR,1756.61,2023-09-22,1,Scarlet & Violet,scarlet-violet,151,120,2600,https://images.tcggo.com/tcggo/storage/2614/pinsir-mew-127-151-pokemon.png,https://www.tcggo.com/external/cm/2600,https://www.tcggo.com/external/tcgplayer/2600,Pinsir,Pinsir 127,0.06,0.04,7526,EUR,[],,,,,,,,,0.02,0.02,0.02,0.02,0.02,0.02,0.02,0.02,0.02,0.02,,,,,,,,,,,,,,,,,,,,,,,,,,,,,,,,,,,,,,,,,,,,,,,,,,EUR,1.15,0.13,Uncommon,pinsir,Pokémon,https://www.tcggo.com/pokemon/151/pinsir-127,sv3pt5-127,516690,singles,
2026-08-23T17:19:56+02:00,,378,Kouki Saitou,kouki-saitou,MEW 129,129,733724,165,207,MEW,Pokémon,pokemon,16,https://images.tcggo.com/tcggo/storage/2496/151-logo.png,151,EUR,1769.91,EUR,1756.61,2023-09-22,1,Scarlet & Violet,scarlet-violet,151,30,2601,https://images.tcggo.com/tcggo/storage/2615/magikarp-mew-129-151-pokemon.png,https://www.tcggo.com/external/cm/2601,https://www.tcggo.com/external/tcgplayer/2601,Magikarp,Magikarp 129,0.06,0.05,13586,EUR,[],,,,,,,,,0.02,0.02,0.02,0.02,0.02,0.02,0.02,0.02,0.02,0.02,,,,,,,,,,,,,,,,,,,,,,,,,,,,,,,,,,,,,,,,,,,,,,,,,,EUR,0.23,0.15,Common,magikarp,Pokémon,https://www.tcggo.com/pokemon/151/magikarp-129,sv3pt5-129,516692,singles,
2026-08-23T17:19:56+02:00,,378,Kouki Saitou,kouki-saitou,MEW 130,130,733725,165,207,MEW,Pokémon,pokemon,16,https://images.tcggo.com/tcggo/storage/2496/151-logo.png,151,EUR,1769.91,EUR,1756.61,2023-09-22,1,Scarlet & Violet,scarlet-violet,151,190,2602,https://images.tcggo.com/tcggo/storage/2616/gyarados-mew-130-151-pokemon.png,https://www.tcggo.com/external/cm/2602,https://www.tcggo.com/external/tcgplayer/2602,Gyarados,Gyarados 130,0.27,0.3,5700,EUR,[],,,,,,,,,0.02,0.05,0.05,0.1,0.1,0.02,0.05,0.05,0.02,0.02,,,,,,,,,,,,,,,,,,,,,,,,,,,,,,,,,,,,,,,,,,,,,,,,,,EUR,1.15,0.25,rare,gyarados,Pokémon,https://www.tcggo.com/pokemon/151/gyarados-130,sv3pt5-130,516693,singles,
2026-08-23T17:19:56+02:00,,377,Souichirou Gunjima,souichirou-gunjima,MEW 140,140,733735,165,207,MEW,Pokémon,pokemon,16,https://images.tcggo.com/tcggo/storage/2496/151-logo.png,151,EUR,1769.91,EUR,1756.61,2023-09-22,1,Scarlet & Violet,scarlet-violet,151,90,2603,https://images.tcggo.com/tcggo/storage/2617/kabuto-mew-140-151-pokemon.png,https://www.tcggo.com/external/cm/2603,https://www.tcggo.com/external/tcgplayer/2603,Kabuto,Kabuto 140,0.09,0.09,6589,EUR,[],,,,,,,,,0.03,0.02,0.02,0.02,0.02,0.02,0.02,0.02,0.02,0.02,,,,,,,,,,,,,,,,,,,,,,,,,,,,,,,,,,,,,,,,,,,,,,,,,,EUR,1.38,0.17,Uncommon,kabuto,Pokémon,https://www.tcggo.com/pokemon/151/kabuto-140,sv3pt5-140,516703,singles,
2026-08-23T17:19:56+02:00,,377,Souichirou Gunjima,souichirou-gunjima,MEW 141,141,733736,165,207,MEW,Pokémon,pokemon,16,https://images.tcggo.com/tcggo/storage/2496/151-logo.png,151,EUR,1769.91,EUR,1756.61,2023-09-22,1,Scarlet & Violet,scarlet-violet,151,160,2604,https://images.tcggo.com/tcggo/storage/2618/kabutops-mew-141-151-pokemon.png,https://www.tcggo.com/external/cm/2604,https://www.tcggo.com/external/tcgplayer/2604,Kabutops,Kabutops 141,0.23,0.21,5869,EUR,[],,,,,,,,,0.02,0.03,0.03,0.15,0.15,0.02,0.03,0.03,0.02,0.02,,,,,,,,,,,,,,,,,,,,,,,,,,,,,,,,,,,,,,,,,,,,,,,,,,EUR,2.32,0.23,rare,kabutops,Pokémon,https://www.tcggo.com/pokemon/151/kabutops-141,sv3pt5-141,516704,singles,
2026-08-23T17:19:56+02:00,,500,chibi,chibi,MEW 144,144,733739,165,207,MEW,Pokémon,pokemon,16,https://images.tcggo.com/tcggo/storage/2496/151-logo.png,151,EUR,1769.91,EUR,1756.61,2023-09-22,1,Scarlet & Violet,scarlet-violet,151,120,2605,https://images.tcggo.com/tcggo/storage/2619/articuno-mew-144-151-pokemon.png,https://www.tcggo.com/external/cm/2605,https://www.tcggo.com/external/tcgplayer/2605,Articuno,Articuno 144,0.33,0.4,3324,EUR,[],,,,,,,,,0.02,0.1,0.1,0.49,0.49,0.02,0.1,0.1,0.02,0.02,,,,,,,,,,,,,,,,,,,,,,,,,,,,,,,,,,,,,,,,,,,,,,,,,,EUR,1.05,0.25,rare,articuno,Pokémon,https://www.tcggo.com/pokemon/151/articuno-144,sv3pt5-144,516707,singles,
2026-08-23T17:19:56+02:00,,424,Mousho,mousho,MEW 96,96,733691,165,207,MEW,Pokémon,pokemon,16,https://images.tcggo.com/tcggo/storage/2496/151-logo.png,151,EUR,1769.91,EUR,1756.61,2023-09-22,1,Scarlet & Violet,scarlet-violet,151,80,2606,https://images.tcggo.com/tcggo/storage/2620/drowzee-mew-96-151-pokemon.png,https://www.tcggo.com/external/cm/2606,https://www.tcggo.com/external/tcgplayer/2606,Drowzee,Drowzee 96,0.05,0.04,15487,EUR,[],,,,,,,,,0.02,0.02,0.02,0.02,0.02,0.02,0.02,0.02,0.02,0.02,,,,,,,,,,,,,,,,,,,,,,,,,,,,,,,,,,,,,,,,,,,,,,,,,,EUR,0.17,0.13,Common,drowzee,Pokémon,https://www.tcggo.com/pokemon/151/drowzee-96,sv3pt5-96,516665,singles,
2026-08-23T17:19:56+02:00,,425,Yukiko Baba,yukiko-baba,MEW 99,99,733694,165,207,MEW,Pokémon,pokemon,16,https://images.tcggo.com/tcggo/storage/2496/151-logo.png,151,EUR,1769.91,EUR,1756.61,2023-09-22,1,Scarlet & Violet,scarlet-violet,151,140,2607,https://images.tcggo.com/tcggo/storage/2621/kingler-mew-99-151-pokemon.png,https://www.tcggo.com/external/cm/2607,https://www.tcggo.com/external/tcgplayer/2607,Kingler,Kingler 99,0.09,0.08,6778,EUR,[],,,,,,,,,0.02,0.02,0.02,0.03,0.03,0.02,0.02,0.02,0.02,0.02,,,,,,,,,,,,,,,,,,,,,,,,,,,,,,,,,,,,,,,,,,,,,,,,,,EUR,1.15,0.14,Uncommon,kingler,Pokémon,https://www.tcggo.com/pokemon/151/kingler-99,sv3pt5-99,516668,singles,
2026-08-23T17:19:56+02:00,,405,nagimiso,nagimiso,MEW 101,101,733696,165,207,MEW,Pokémon,pokemon,16,https://images.tcggo.com/tcggo/storage/2496/151-logo.png,151,EUR,1769.91,EUR,1756.61,2023-09-22,1,Scarlet & Violet,scarlet-violet,151,90,2608,https://images.tcggo.com/tcggo/storage/2622/electrode-mew-101-151-pokemon.png,https://www.tcggo.com/external/cm/2608,https://www.tcggo.com/external/tcgplayer/2608,Electrode,Electrode 101,0.19,0.19,7326,EUR,[],,,,,,,,,0.02,0.02,0.02,0.1,0.1,0.02,0.02,0.02,0.02,0.02,,,,,,,,,,,,,,,,,,,,,,,,,,,,,,,,,,,,,,,,,,,,,,,,,,EUR,1.53,0.21,rare,electrode,Pokémon,https://www.tcggo.com/pokemon/151/electrode-101,sv3pt5-101,516670,singles,
2026-08-23T17:19:56+02:00,,437,Shigenori Negishi,shigenori-negishi,MEW 103,103,733698,165,207,MEW,Pokémon,pokemon,16,https://images.tcggo.com/tcggo/storage/2496/151-logo.png,151,EUR,1769.91,EUR,1756.61,2023-09-22,1,Scarlet & Violet,scarlet-violet,151,140,2609,https://images.tcggo.com/tcggo/storage/2623/exeggutor-mew-103-151-pokemon.png,https://www.tcggo.com/external/cm/2609,https://www.tcggo.com/external/tcgplayer/2609,Exeggutor,Exeggutor 103,0.07,0.07,7843,EUR,[],,,,,,,,,0.03,0.02,0.02,0.02,0.02,0.02,0.02,0.02,0.02,0.02,,,,,,,,,,,,,,,,,,,,,,,,,,,,,,,,,,,,,,,,,,,,,,,,,,EUR,1.13,0.16,Uncommon,exeggutor,Pokémon,https://www.tcggo.com/pokemon/151/exeggutor-103,sv3pt5-103,516672,singles,
2026-08-23T17:19:56+02:00,,412,Taiga Kayama,taiga-kayama,MEW 113,113,733708,165,207,MEW,Pokémon,pokemon,16,https://images.tcggo.com/tcggo/storage/2496/151-logo.png,151,EUR,1769.91,EUR,1756.61,2023-09-22,1,Scarlet & Violet,scarlet-violet,151,110,2610,https://images.tcggo.com/tcggo/storage/2624/chansey-mew-113-151-pokemon.png,https://www.tcggo.com/external/cm/2610,https://www.tcggo.com/external/tcgplayer/2610,Chansey,Chansey 113,0.2,0.22,5166,EUR,[],,,,,,,,,0.02,0.02,0.03,0.3,0.3,0.02,0.02,0.02,0.02,0.02,,,,,,,,,,,,,,,,,,,,,,,,,,,,,,,,,,,,,,,,,,,,,,,,,,EUR,1.32,0.26,rare,chansey,Pokémon,https://www.tcggo.com/pokemon/151/chansey-113,sv3pt5-113,516575,singles,
2026-08-23T17:19:56+02:00,,435,Aya Kusube,aya-kusube,MEW 114,114,733709,165,207,MEW,Pokémon,pokemon,16,https://images.tcggo.com/tcggo/storage/2496/151-logo.png,151,EUR,1769.91,EUR,1756.61,2023-09-22,1,Scarlet & Violet,scarlet-violet,151,80,2611,https://images.tcggo.com/tcggo/storage/2625/tangela-mew-114-151-pokemon.png,https://www.tcggo.com/external/cm/2611,https://www.tcggo.com/external/tcgplayer/2611,Tangela,Tangela 114,0.05,0.04,15753,EUR,[],,,,,,,,,0.02,0.02,0.02,0.02,0.02,0.02,0.02,0.02,0.02,0.02,,,,,,,,,,,,,,,,,,,,,,,,,,,,,,,,,,,,,,,,,,,,,,,,,,EUR,0.21,0.13,Common,tangela,Pokémon,https://www.tcggo.com/pokemon/151/tangela-114,sv3pt5-114,516579,singles,
2026-08-23T17:19:56+02:00,,433,SIE NANAHARA,sie-nanahara,MEW 118,118,733713,165,207,MEW,Pokémon,pokemon,16,https://images.tcggo.com/tcggo/storage/2496/151-logo.png,151,EUR,1769.91,EUR,1756.61,2023-09-22,1,Scarlet & Violet,scarlet-violet,151,70,2612,https://images.tcggo.com/tcggo/storage/2626/goldeen-mew-118-151-pokemon.png,https://www.tcggo.com/external/cm/2612,https://www.tcggo.com/external/tcgplayer/2612,Goldeen,Goldeen 118,0.05,0.04,15332,EUR,[],,,,,,,,,0.03,0.02,0.02,0.02,0.02,0.02,0.02,0.02,0.02,0.02,,,,,,,,,,,,,,,,,,,,,,,,,,,,,,,,,,,,,,,,,,,,,,,,,,EUR,0.19,0.13,Common,goldeen,Pokémon,https://www.tcggo.com/pokemon/151/goldeen-118,sv3pt5-118,516681,singles,
2026-08-23T17:19:56+02:00,,539,OOYAMA,ooyama,MEW 122,122,733717,165,207,MEW,Pokémon,pokemon,16,https://images.tcggo.com/tcggo/storage/2496/151-logo.png,151,EUR,1769.91,EUR,1756.61,2023-09-22,1,Scarlet & Violet,scarlet-violet,151,90,2613,https://images.tcggo.com/tcggo/storage/2627/mr-mime-mew-122-151-pokemon.png,https://www.tcggo.com/external/cm/2613,https://www.tcggo.com/external/tcgplayer/2613,Mr. Mime,Mr. Mime 122,0.17,0.19,6931,EUR,[],,,,,,,,,0.02,0.02,0.02,0.15,0.15,0.02,0.02,0.02,0.02,0.02,,,,,,,,,,,,,,,,,,,,,,,,,,,,,,,,,,,,,,,,,,,,,,,,,,EUR,0.66,0.21,rare,mr-mime,Pokémon,https://www.tcggo.com/pokemon/151/mr-mime-122,sv3pt5-122,516685,singles,
2026-08-23T17:19:56+02:00,,517,Ayaka Yoshida,ayaka-yoshida,MEW 124,124,733719,165,207,MEW,Pokémon,pokemon,16,https://images.tcggo.com/tcggo/storage/2496/151-logo.png,151,EUR,1769.91,EUR,1756.61,2023-09-22,1,Scarlet & Violet,scarlet-violet,151,200,2614,https://images.tcggo.com/tcggo/storage/2628/jynx-ex-mew-124-151-pokemon.png,https://www.tcggo.com/external/cm/2614,https://www.tcggo.com/external/tcgplayer/2614,Jynx ex,Jynx ex 124,1.98,2.01,698,EUR,[],,,,,,,,,0.95,0.99,0.99,8,8,0.95,1.9,2.99,0.49,0.49,,,,,,,,,,,,,,,,,,,,,,,,,,,,,,,,,,,,,,,,,,,,,,,,,,EUR,1.05,1.05,Double Rare,jynx-ex,Pokémon,https://www.tcggo.com/pokemon/151/jynx-ex-124,sv3pt5-124,516687,singles,
2026-08-23T17:19:56+02:00,,536,NC Empire,nc-empire,MEW 125,125,733720,165,207,MEW,Pokémon,pokemon,16,https://images.tcggo.com/tcggo/storage/2496/151-logo.png,151,EUR,1769.91,EUR,1756.61,2023-09-22,1,Scarlet & Violet,scarlet-violet,151,90,2615,https://images.tcggo.com/tcggo/storage/2629/electabuzz-mew-125-151-pokemon.png,https://www.tcggo.com/external/cm/2615,https://www.tcggo.com/external/tcgplayer/2615,Electabuzz,Electabuzz 125,0.05,0.05,12207,EUR,[],,,,,,,,,0.02,0.02,0.02,0.02,0.02,0.02,0.02,0.02,0.02,0.02,,,,,,,,,,,,,,,,,,,,,,,,,,,,,,,,,,,,,,,,,,,,,,,,,,EUR,0.62,0.13,Common,electabuzz,Pokémon,https://www.tcggo.com/pokemon/151/electabuzz-125,sv3pt5-125,516688,singles,
2026-08-23T17:19:56+02:00,,503,sui,sui,MEW 135,135,733730,165,207,MEW,Pokémon,pokemon,16,https://images.tcggo.com/tcggo/storage/2496/151-logo.png,151,EUR,1769.91,EUR,1756.61,2023-09-22,1,Scarlet & Violet,scarlet-violet,151,110,2616,https://images.tcggo.com/tcggo/storage/2631/jolteon-mew-135-151-pokemon.png,https://www.tcggo.com/external/cm/2616,https://www.tcggo.com/external/tcgplayer/2616,Jolteon,Jolteon 135,0.31,0.33,4898,EUR,[],,,,,,,,,0.03,0.05,0.05,0.05,0.05,0.03,0.09,0.09,0.02,0.02,,,,,,,,,,,,,,,,,,,,,,,,,,,,,,,,,,,,,,,,,,,,,,,,,,EUR,2.49,0.24,rare,jolteon,Pokémon,https://www.tcggo.com/pokemon/151/jolteon-135,sv3pt5-135,516698,singles,
2026-08-23T17:19:56+02:00,,380,5ban Graphics,5ban-graphics,MEW 137,137,733732,165,207,MEW,Pokémon,pokemon,16,https://images.tcggo.com/tcggo/storage/2496/151-logo.png,151,EUR,1769.91,EUR,1756.61,2023-09-22,1,Scarlet & Violet,scarlet-violet,151,60,2617,https://images.tcggo.com/tcggo/storage/2630/porygon-mew-137-151-pokemon.png,https://www.tcggo.com/external/cm/2617,https://www.tcggo.com/external/tcgplayer/2617,Porygon,Porygon 137,0.05,0.07,16058,EUR,[],,,,,,,,,0.02,0.02,0.02,0.02,0.02,0.02,0.02,0.02,0.02,0.02,,,,,,,,,,,,,,,,,,,,,,,,,,,,,,,,,,,,,,,,,,,,,,,,,,EUR,0.23,0.13,Common,porygon,Pokémon,https://www.tcggo.com/pokemon/151/porygon-137,sv3pt5-137,516700,singles,
2026-08-23T17:19:56+02:00,,425,Yukiko Baba,yukiko-baba,MEW 98,98,733693,165,207,MEW,Pokémon,pokemon,16,https://images.tcggo.com/tcggo/storage/2496/151-logo.png,151,EUR,1769.91,EUR,1756.61,2023-09-22,1,Scarlet & Violet,scarlet-violet,151,70,2618,https://images.tcggo.com/tcggo/storage/2632/krabby-mew-98-151-pokemon.png,https://www.tcggo.com/external/cm/2618,https://www.tcggo.com/external/tcgplayer/2618,Krabby,Krabby 98,0.05,0.05,14476,EUR,[],,,,,,,,,0.02,0.02,0.02,0.02,0.02,0.02,0.02,0.02,0.02,0.02,,,,,,,,,,,,,,,,,,,,,,,,,,,,,,,,,,,,,,,,,,,,,,,,,,EUR,0.22,0.13,Common,krabby,Pokémon,https://www.tcggo.com/pokemon/151/krabby-98,sv3pt5-98,516667,singles,
2026-08-23T17:19:56+02:00,,437,Shigenori Negishi,shigenori-negishi,MEW 102,102,733697,165,207,MEW,Pokémon,pokemon,16,https://images.tcggo.com/tcggo/storage/2496/151-logo.png,151,EUR,1769.91,EUR,1756.61,2023-09-22,1,Scarlet & Violet,scarlet-violet,151,60,2619,https://images.tcggo.com/tcggo/storage/2633/exeggcute-mew-102-151-pokemon.png,https://www.tcggo.com/external/cm/2619,https://www.tcggo.com/external/tcgplayer/2619,Exeggcute,Exeggcute 102,0.04,0.04,15753,EUR,[],,,,,,,,,0.02,0.02,0.02,0.02,0.02,0.02,0.02,0.02,0.02,0.02,,,,,,,,,,,,,,,,,,,,,,,,,,,,,,,,,,,,,,,,,,,,,,,,,,EUR,0.26,0.13,Common,exeggcute,Pokémon,https://www.tcggo.com/pokemon/151/exeggcute-102,sv3pt5-102,516671,singles,
2026-08-23T17:19:56+02:00,,360,Saya Tsuruta,saya-tsuruta,MEW 108,108,733703,165,207,MEW,Pokémon,pokemon,16,https://images.tcggo.com/tcggo/storage/2496/151-logo.png,151,EUR,1769.91,EUR,1756.61,2023-09-22,1,Scarlet & Violet,scarlet-violet,151,100,2620,https://images.tcggo.com/tcggo/storage/2634/lickitung-mew-108-151-pokemon.png,https://www.tcggo.com/external/cm/2620,https://www.tcggo.com/external/tcgplayer/2620,Lickitung,Lickitung 108,0.05,0.04,14623,EUR,[],,,,,,,,,0.03,0.02,0.02,0.02,0.02,0.02,0.02,0.02,0.02,0.02,,,,,,,,,,,,,,,,,,,,,,,,,,,,,,,,,,,,,,,,,,,,,,,,,,EUR,0.24,0.13,Common,lickitung,Pokémon,https://www.tcggo.com/pokemon/151/lickitung-108,sv3pt5-108,516677,singles,
2026-08-23T17:19:56+02:00,,440,Shibuzoh.,shibuzoh,MEW 110,110,733705,165,207,MEW,Pokémon,pokemon,16,https://images.tcggo.com/tcggo/storage/2496/151-logo.png,151,EUR,1769.91,EUR,1756.61,2023-09-22,1,Scarlet & Violet,scarlet-violet,151,110,2621,https://images.tcggo.com/tcggo/storage/2635/weezing-mew-110-151-pokemon.png,https://www.tcggo.com/external/cm/2621,https://www.tcggo.com/external/tcgplayer/2621,Weezing,Weezing 110,0.18,0.2,7212,EUR,[],,,,,,,,,0.02,0.02,0.02,0.05,0.05,0.02,0.02,0.02,0.02,0.02,,,,,,,,,,,,,,,,,,,,,,,,,,,,,,,,,,,,,,,,,,,,,,,,,,EUR,0.97,0.2,rare,weezing,Pokémon,https://www.tcggo.com/pokemon/151/weezing-110,sv3pt5-110,516680,singles,
2026-08-23T17:19:56+02:00,,538,Arai Kiriko,arai-kiriko,MEW 121,121,733716,165,207,MEW,Pokémon,pokemon,16,https://images.tcggo.com/tcggo/storage/2496/151-logo.png,151,EUR,1769.91,EUR,1756.61,2023-09-22,1,Scarlet & Violet,scarlet-violet,151,90,2622,https://images.tcggo.com/tcggo/storage/2636/starmie-mew-121-151-pokemon.png,https://www.tcggo.com/external/cm/2622,https://www.tcggo.com/external/tcgplayer/2622,Starmie,Starmie 121,0.18,0.19,6970,EUR,[],,,,,,,,,0.02,0.03,0.03,0.1,0.1,0.02,0.02,0.02,0.02,0.02,,,,,,,,,,,,,,,,,,,,,,,,,,,,,,,,,,,,,,,,,,,,,,,,,,EUR,0.68,0.21,rare,starmie,Pokémon,https://www.tcggo.com/pokemon/151/starmie-121,sv3pt5-121,516684,singles,
2026-08-23T17:19:56+02:00,,456,Hideki Ishikawa,hideki-ishikawa,MEW 123,123,733718,165,207,MEW,Pokémon,pokemon,16,https://images.tcggo.com/tcggo/storage/2496/151-logo.png,151,EUR,1769.91,EUR,1756.61,2023-09-22,1,Scarlet & Violet,scarlet-violet,151,70,2623,https://images.tcggo.com/tcggo/storage/2637/scyther-mew-123-151-pokemon.png,https://www.tcggo.com/external/cm/2623,https://www.tcggo.com/external/tcgplayer/2623,Scyther,Scyther 123,0.08,0.06,6104,EUR,[],,,,,,,,,0.03,0.02,0.02,0.05,0.05,0.02,0.02,0.02,0.02,0.02,,,,,,,,,,,,,,,,,,,,,,,,,,,,,,,,,,,,,,,,,,,,,,,,,,EUR,1.73,0.15,Uncommon,scyther,Pokémon,https://www.tcggo.com/pokemon/151/scyther-123,sv3pt5-123,516686,singles,
2026-08-23T17:19:56+02:00,,358,LINNE,linne,MEW 131,131,733726,165,207,MEW,Pokémon,pokemon,16,https://images.tcggo.com/tcggo/storage/2496/151-logo.png,151,EUR,1769.91,EUR,1756.61,2023-09-22,1,Scarlet & Violet,scarlet-violet,151,110,2624,https://images.tcggo.com/tcggo/storage/2638/lapras-mew-131-151-pokemon.png,https://www.tcggo.com/external/cm/2624,https://www.tcggo.com/external/tcgplayer/2624,Lapras,Lapras 131,0.08,0.11,6730,EUR,[],,,,,,,,,0.02,0.02,0.02,0.02,0.02,0.02,0.02,0.02,0.02,0.02,,,,,,,,,,,,,,,,,,,,,,,,,,,,,,,,,,,,,,,,,,,,,,,,,,EUR,1.96,0.15,Uncommon,lapras,Pokémon,https://www.tcggo.com/pokemon/151/lapras-131,sv3pt5-131,516694,singles,
2026-08-23T17:19:56+02:00,,524,KIYOTAKA OSHIYAMA,kiyotaka-oshiyama,MEW 132,132,733727,165,207,MEW,Pokémon,pokemon,16,https://images.tcggo.com/tcggo/storage/2496/151-logo.png,151,EUR,1769.91,EUR,1756.61,2023-09-22,1,Scarlet & Violet,scarlet-violet,151,60,2625,https://images.tcggo.com/tcggo/storage/2639/ditto-mew-132-151-pokemon.png,https://www.tcggo.com/external/cm/2625,https://www.tcggo.com/external/tcgplayer/2625,Ditto,Ditto 132,0.25,0.29,,EUR,[],,,,,,,,,0.02,0.05,0.05,0.3,0.3,0.02,0.04,0.04,0.02,0.02,,,,,,,,,,,,,,,,,,,,,,,,,,,,,,,,,,,,,,,,,,,,,,,,,,EUR,1.62,0.35,rare,ditto,Pokémon,https://www.tcggo.com/pokemon/151/ditto-132,sv3pt5-132,516695,singles,
2026-08-23T17:19:56+02:00,,406,Narumi Sato,narumi-sato,MEW 133,133,733728,165,207,MEW,Pokémon,pokemon,16,https://images.tcggo.com/tcggo/storage/2496/151-logo.png,151,EUR,1769.91,EUR,1756.61,2023-09-22,1,Scarlet & Violet,scarlet-violet,151,70,2626,https://images.tcggo.com/tcggo/storage/2640/eevee-mew-133-151-pokemon.png,https://www.tcggo.com/external/cm/2626,https://www.tcggo.com/external/tcgplayer/2626,Eevee,Eevee 133,0.08,0.1,10827,EUR,[],,,,,,,,,0.02,0.02,0.03,0.02,0.02,0.02,0.02,0.02,0.02,0.02,,,,,,,,,,,,,,,,,,,,,,,,,,,,,,,,,,,,,,,,,,,,,,,,,,EUR,0.33,0.18,Common,eevee,Pokémon,https://www.tcggo.com/pokemon/151/eevee-133,sv3pt5-133,516696,singles,
2026-08-23T17:19:56+02:00,,512,kirisAki,kirisaki,MEW 134,134,733729,165,207,MEW,Pokémon,pokemon,16,https://images.tcggo.com/tcggo/storage/2496/151-logo.png,151,EUR,1769.91,EUR,1756.61,2023-09-22,1,Scarlet & Violet,scarlet-violet,151,130,2627,https://images.tcggo.com/tcggo/storage/2641/vaporeon-mew-134-151-pokemon.png,https://www.tcggo.com/external/cm/2627,https://www.tcggo.com/external/tcgplayer/2627,Vaporeon,Vaporeon 134,0.31,0.32,4777,EUR,[],,,,,,,,,0.02,0.05,0.1,0.25,0.25,0.02,0.04,0.04,0.02,0.02,,,,,,,,,,,,,,,,,,,,,,,,,,,,,,,,,,,,,,,,,,,,,,,,,,EUR,1.83,0.28,rare,vaporeon,Pokémon,https://www.tcggo.com/pokemon/151/vaporeon-134,sv3pt5-134,516697,singles,
2026-08-23T17:19:56+02:00,,379,Sanosuke Sakuma,sanosuke-sakuma,MEW 148,148,733743,165,207,MEW,Pokémon,pokemon,16,https://images.tcggo.com/tcggo/storage/2496/151-logo.png,151,EUR,1769.91,EUR,1756.61,2023-09-22,1,Scarlet & Violet,scarlet-violet,151,100,2628,https://images.tcggo.com/tcggo/storage/2642/dragonair-mew-148-151-pokemon.png,https://www.tcggo.com/external/cm/2628,https://www.tcggo.com/external/tcgplayer/2628,Dragonair,Dragonair 148,0.1,0.09,6366,EUR,[],,,,,,,,,0.02,0.02,0.02,0.02,0.02,0.02,0.02,0.02,0.02,0.02,,,,,,,,,,,,,,,,,,,,,,,,,,,,,,,,,,,,,,,,,,,,,,,,,,EUR,2.91,0.17,Uncommon,dragonair,Pokémon,https://www.tcggo.com/pokemon/151/dragonair-148,sv3pt5-148,516711,singles,
2026-08-23T17:19:56+02:00,,379,Sanosuke Sakuma,sanosuke-sakuma,MEW 149,149,733744,165,207,MEW,Pokémon,pokemon,16,https://images.tcggo.com/tcggo/storage/2496/151-logo.png,151,EUR,1769.91,EUR,1756.61,2023-09-22,1,Scarlet & Violet,scarlet-violet,151,180,2629,https://images.tcggo.com/tcggo/storage/2643/dragonite-mew-149-151-pokemon.png,https://www.tcggo.com/external/cm/2629,https://www.tcggo.com/external/tcgplayer/2629,Dragonite,Dragonite 149,0.44,0.46,,EUR,[],,,,,,,,,0.05,0.15,0.18,0.85,0.85,0.05,0.1,0.1,0.03,0.04,,,,,,,,,,,,,,,,,,,,,,,,,,,,,,,,,,,,,,,,,,,,,,,,,,EUR,2.3,0.5,rare,dragonite,Pokémon,https://www.tcggo.com/pokemon/151/dragonite-149,sv3pt5-149,516712,singles,
2026-08-23T17:19:56+02:00,,459,GIDORA,gidora,MEW 156,156,733751,165,207,MEW,Pokémon,pokemon,16,https://images.tcggo.com/tcggo/storage/2496/151-logo.png,151,EUR,1769.91,EUR,1756.61,2023-09-22,1,Scarlet & Violet,scarlet-violet,151,0,2630,https://images.tcggo.com/tcggo/storage/2644/bills-transfer-mew-156-151-pokemon.png,https://www.tcggo.com/external/cm/2630,https://www.tcggo.com/external/tcgplayer/2630,Bill's Transfer,Bill's Transfer 156,0.07,0.07,10630,EUR,[],,,,,,,,,0.02,0.02,0.02,0.02,0.02,0.02,0.02,0.02,0.02,0.02,,,,,,,,,,,,,,,,,,,,,,,,,,,,,,,,,,,,,,,,,,,,,,,,,,EUR,0.51,0.17,Uncommon,bills-transfer,Trainer,https://www.tcggo.com/pokemon/151/bills-transfer-156,sv3pt5-156,516718,singles,
2026-08-23T17:19:56+02:00,,368,Oswaldo KATO,oswaldo-kato,MEW 157,157,733752,165,207,MEW,Pokémon,pokemon,16,https://images.tcggo.com/tcggo/storage/2496/151-logo.png,151,EUR,1769.91,EUR,1756.61,2023-09-22,1,Scarlet & Violet,scarlet-violet,151,0,2631,https://images.tcggo.com/tcggo/storage/2645/cycling-road-mew-157-151-pokemon.png,https://www.tcggo.com/external/cm/2631,https://www.tcggo.com/external/tcgplayer/2631,Cycling Road,Cycling Road 157,0.06,0.05,11371,EUR,[],,,,,,,,,0.03,0.02,0.02,0.02,0.02,0.02,0.02,0.02,0.02,0.02,,,,,,,,,,,,,,,,,,,,,,,,,,,,,,,,,,,,,,,,,,,,,,,,,,EUR,0.53,0.15,Uncommon,cycling-road,Trainer,https://www.tcggo.com/pokemon/151/cycling-road-157,sv3pt5-157,516719,singles,
2026-08-23T17:19:56+02:00,,464,inose yukie,inose-yukie,MEW 162,162,733757,165,207,MEW,Pokémon,pokemon,16,https://images.tcggo.com/tcggo/storage/2496/151-logo.png,151,EUR,1769.91,EUR,1756.61,2023-09-22,1,Scarlet & Violet,scarlet-violet,151,0,2632,https://images.tcggo.com/tcggo/storage/2646/grabber-mew-162-151-pokemon.png,https://www.tcggo.com/external/cm/2632,https://www.tcggo.com/external/tcgplayer/2632,Grabber,Grabber 162,0.21,0.16,3235,EUR,[],,,,,,,,,0.03,0.02,0.02,2,2,0.02,0.02,0.02,0.02,0.02,,,,,,,,,,,,,,,,,,,,,,,,,,,,,,,,,,,,,,,,,,,,,,,,,,EUR,0.86,0.21,Uncommon,grabber,Trainer,https://www.tcggo.com/pokemon/151/grabber-162,sv3pt5-162,516724,singles,
2026-08-23T17:19:56+02:00,,461,Studio Bora Inc.,studio-bora-inc,MEW 163,163,733758,165,207,MEW,Pokémon,pokemon,16,https://images.tcggo.com/tcggo/storage/2496/151-logo.png,151,EUR,1769.91,EUR,1756.61,2023-09-22,1,Scarlet & Violet,scarlet-violet,151,0,2633,https://images.tcggo.com/tcggo/storage/2647/leftovers-mew-163-151-pokemon.png,https://www.tcggo.com/external/cm/2633,https://www.tcggo.com/external/tcgplayer/2633,Leftovers,Leftovers 163,0.06,0.05,10243,EUR,[],,,,,,,,,0.02,0.02,0.02,0.02,0.02,0.02,0.02,0.02,0.02,0.02,,,,,,,,,,,,,,,,,,,,,,,,,,,,,,,,,,,,,,,,,,,,,,,,,,EUR,0.52,0.15,Uncommon,leftovers,Trainer,https://www.tcggo.com/pokemon/151/leftovers-163,sv3pt5-163,516725,singles,
2026-08-23T17:19:56+02:00,,385,Teeziro,teeziro,MEW 172,172,733767,165,207,MEW,Pokémon,pokemon,16,https://images.tcggo.com/tcggo/storage/2496/151-logo.png,151,EUR,1769.91,EUR,1756.61,2023-09-22,1,Scarlet & Violet,scarlet-violet,151,50,2634,https://images.tcggo.com/tcggo/storage/2648/caterpie-mew-172-151-pokemon.png,https://www.tcggo.com/external/cm/2634,https://www.tcggo.com/external/tcgplayer/2634,Caterpie,Caterpie 172,24.03,23.94,340,EUR,,,,,,,45,,45,24,24.95,24.95,29.48,29.48,24,22.99,22.99,11,11,USD,24.97,5,,,17.42,4,21.25,5,,,62.8,1,,,10.09,1,22.43,5,,,,,13.81,5,62.79,5,13.08,5,13.08,5,21.68,5,,,,,,,,,41.33,5,,,,,21.53,5,EUR,16.84,15.68,Illustration Rare,caterpie,Pokémon,https://www.tcggo.com/pokemon/151/caterpie-172,sv3pt5-172,517016,singles,
2026-08-23T17:19:56+02:00,,540,Hiroyuki Yamamoto,hiroyuki-yamamoto,MEW 173,173,733768,165,207,MEW,Pokémon,pokemon,16,https://images.tcggo.com/tcggo/storage/2496/151-logo.png,151,EUR,1769.91,EUR,1756.61,2023-09-22,1,Scarlet & Violet,scarlet-violet,151,60,2635,https://images.tcggo.com/tcggo/storage/2649/pikachu-mew-173-151-pokemon.png,https://www.tcggo.com/external/cm/2635,https://www.tcggo.com/external/tcgplayer/2635,Pikachu,Pikachu 173,82.01,79,408,EUR,,,99,137,250,,615,,149,84.95,73,73,109,109,84.95,79.95,79.95,59,59,USD,62.58,5,,,36.74,5,78.08,5,107.99,1,1555.55,5,,,84.75,4,71.78,5,,,30.66,2,49.88,5,156.94,5,37.9,4,60.56,5,78.88,5,37.19,1,,,,,,,170.42,5,,,89.99,1,107.66,5,EUR,74.73,76.92,Illustration Rare,pikachu,Pokémon,https://www.tcggo.com/pokemon/151/pikachu-173,sv3pt5-173,513721,singles,
2026-08-23T17:19:56+02:00,,434,AKIRA EGAWA,akira-egawa,MEW 150,150,733745,165,207,MEW,Pokémon,pokemon,16,https://images.tcggo.com/tcggo/storage/2496/151-logo.png,151,EUR,1769.91,EUR,1756.61,2023-09-22,1,Scarlet & Violet,scarlet-violet,151,130,2636,https://images.tcggo.com/tcggo/storage/2650/mewtwo-mew-150-151-pokemon.png,https://www.tcggo.com/external/cm/2636,https://www.tcggo.com/external/tcgplayer/2636,Mewtwo,Mewtwo 150,0.71,0.94,1893,EUR,[],,,,,,,,,0.2,0.15,0.15,1.35,1.35,0.2,0.1,0.1,0.05,0.05,,,,,,,,,,,,,,,,,,,,,,,,,,,,,,,,,,,,,,,,,,,,,,,,,,EUR,4.04,0.94,rare,mewtwo,Pokémon,https://www.tcggo.com/pokemon/151/mewtwo-150,sv3pt5-150,516713,singles,
2026-08-23T17:19:56+02:00,,453,AYUMI ODASHIMA,ayumi-odashima,MEW 152,152,733747,165,207,MEW,Pokémon,pokemon,16,https://images.tcggo.com/tcggo/storage/2496/151-logo.png,151,EUR,1769.91,EUR,1756.61,2023-09-22,1,Scarlet & Violet,scarlet-violet,151,60,2637,https://images.tcggo.com/tcggo/storage/2651/antique-dome-fossil-mew-152-151-pokemon.png,https://www.tcggo.com/external/cm/2637,https://www.tcggo.com/external/tcgplayer/2637,Antique Dome Fossil,Antique Dome Fossil 152,0.08,0.09,5755,EUR,[],,,,,,,,,0.02,0.02,0.02,0.02,0.02,0.02,0.02,0.02,0.02,0.02,,,,,,,,,,,,,,,,,,,,,,,,,,,,,,,,,,,,,,,,,,,,,,,,,,EUR,0.91,0.16,Common,antique-dome-fossil,Trainer,https://www.tcggo.com/pokemon/151/antique-dome-fossil-152,sv3pt5-152,516714,singles,
2026-08-23T17:19:56+02:00,,453,AYUMI ODASHIMA,ayumi-odashima,MEW 153,153,733748,165,207,MEW,Pokémon,pokemon,16,https://images.tcggo.com/tcggo/storage/2496/151-logo.png,151,EUR,1769.91,EUR,1756.61,2023-09-22,1,Scarlet & Violet,scarlet-violet,151,60,2638,https://images.tcggo.com/tcggo/storage/2652/antique-helix-fossil-mew-153-151-pokemon.png,https://www.tcggo.com/external/cm/2638,https://www.tcggo.com/external/tcgplayer/2638,Antique Helix Fossil,Antique Helix Fossil 153,0.09,0.1,5650,EUR,[],,,,,,,,,0.02,0.02,0.02,0.02,0.02,0.02,0.02,0.02,0.02,0.02,,,,,,,,,,,,,,,,,,,,,,,,,,,,,,,,,,,,,,,,,,,,,,,,,,EUR,0.91,0.17,Common,antique-helix-fossil,Trainer,https://www.tcggo.com/pokemon/151/antique-helix-fossil-153,sv3pt5-153,516715,singles,
2026-08-23T17:19:56+02:00,,517,Ayaka Yoshida,ayaka-yoshida,MEW 159,159,733754,165,207,MEW,Pokémon,pokemon,16,https://images.tcggo.com/tcggo/storage/2496/151-logo.png,151,EUR,1769.91,EUR,1756.61,2023-09-22,1,Scarlet & Violet,scarlet-violet,151,0,2639,https://images.tcggo.com/tcggo/storage/2653/energy-sticker-mew-159-151-pokemon.png,https://www.tcggo.com/external/cm/2639,https://www.tcggo.com/external/tcgplayer/2639,Energy Sticker,Energy Sticker 159,0.18,0.14,3344,EUR,[],,,,,,,,,0.02,0.02,0.02,0.02,0.02,0.02,0.02,0.02,0.02,0.02,,,,,,,,,,,,,,,,,,,,,,,,,,,,,,,,,,,,,,,,,,,,,,,,,,EUR,0.83,0.2,Uncommon,energy-sticker,Trainer,https://www.tcggo.com/pokemon/151/energy-sticker-159,sv3pt5-159,516721,singles,
2026-08-23T17:19:56+02:00,,391,saino misaki,saino-misaki,MEW 160,160,733755,165,207,MEW,Pokémon,pokemon,16,https://images.tcggo.com/tcggo/storage/2496/151-logo.png,151,EUR,1769.91,EUR,1756.61,2023-09-22,1,Scarlet & Violet,scarlet-violet,151,0,2640,https://images.tcggo.com/tcggo/storage/2654/erikas-invitation-mew-160-151-pokemon.png,https://www.tcggo.com/external/cm/2640,https://www.tcggo.com/external/tcgplayer/2640,Erika's Invitation,Erika's Invitation 160,0.08,0.09,10690,EUR,[],,,,,,,,,0.02,0.02,0.02,0.02,0.02,0.02,0.02,0.02,0.02,0.02,,,,,,,,,,,,,,,,,,,,,,,,,,,,,,,,,,,,,,,,,,,,,,,,,,EUR,0.74,0.16,Uncommon,erikas-invitation,Trainer,https://www.tcggo.com/pokemon/151/erikas-invitation-160,sv3pt5-160,516722,singles,
2026-08-23T17:19:56+02:00,,458,Toyste Beach,toyste-beach,MEW 164,164,733759,165,207,MEW,Pokémon,pokemon,16,https://images.tcggo.com/tcggo/storage/2496/151-logo.png,151,EUR,1769.91,EUR,1756.61,2023-09-22,1,Scarlet & Violet,scarlet-violet,151,0,2641,https://images.tcggo.com/tcggo/storage/2655/protective-goggles-mew-164-151-pokemon.png,https://www.tcggo.com/external/cm/2641,https://www.tcggo.com/external/tcgplayer/2641,Protective Goggles,Protective Goggles 164,0.15,0.14,3240,EUR,[],,,,,,,,,0.02,0.02,0.02,0.1,0.1,0.02,0.02,0.02,0.02,0.02,,,,,,,,,,,,,,,,,,,,,,,,,,,,,,,,,,,,,,,,,,,,,,,,,,EUR,0.55,0.21,Uncommon,protective-goggles,Trainer,https://www.tcggo.com/pokemon/151/protective-goggles-164,sv3pt5-164,516726,singles,
2026-08-23T17:19:56+02:00,,458,Toyste Beach,toyste-beach,MEW 165,165,733760,165,207,MEW,Pokémon,pokemon,16,https://images.tcggo.com/tcggo/storage/2496/151-logo.png,151,EUR,1769.91,EUR,1756.61,2023-09-22,1,Scarlet & Violet,scarlet-violet,151,0,2642,https://images.tcggo.com/tcggo/storage/2656/rigid-band-mew-165-151-pokemon.png,https://www.tcggo.com/external/cm/2642,https://www.tcggo.com/external/tcgplayer/2642,Rigid Band,Rigid Band 165,0.07,0.08,9433,EUR,[],,,,,,,,,0.03,0.02,0.02,0.02,0.02,0.02,0.02,0.02,0.02,0.02,,,,,,,,,,,,,,,,,,,,,,,,,,,,,,,,,,,,,,,,,,,,,,,,,,EUR,0.72,0.18,Uncommon,rigid-band,Trainer,https://www.tcggo.com/pokemon/151/rigid-band-165,sv3pt5-165,516727,singles,
2026-08-23T17:19:56+02:00,,449,miki kudo,miki-kudo,MEW 168,168,733763,165,207,MEW,Pokémon,pokemon,16,https://images.tcggo.com/tcggo/storage/2496/151-logo.png,151,EUR,1769.91,EUR,1756.61,2023-09-22,1,Scarlet & Violet,scarlet-violet,151,70,2643,https://images.tcggo.com/tcggo/storage/2657/charmander-mew-168-151-pokemon.png,https://www.tcggo.com/external/cm/2643,https://www.tcggo.com/external/tcgplayer/2643,Charmander,Charmander 168,97.66,96.69,390,EUR,,,,240,2800,,229,,175,80,86,86.99,75,75,80,80,80,75,75,USD,57.94,5,18.99,1,62.58,5,88.42,5,,,125,3,,,90.26,4,58.31,5,22.62,2,89.68,5,35.88,5,448.56,5,71.95,5,66.5,5,95.32,5,54,4,,,,,,,321.47,5,,,95,1,132.25,5,EUR,81.45,112.44,Illustration Rare,charmander,Pokémon,https://www.tcggo.com/pokemon/151/charmander-168,sv3pt5-168,502556,singles,
2026-08-23T17:19:56+02:00,,453,AYUMI ODASHIMA,ayumi-odashima,MEW 154,154,733749,165,207,MEW,Pokémon,pokemon,16,https://images.tcggo.com/tcggo/storage/2496/151-logo.png,151,EUR,1769.91,EUR,1756.61,2023-09-22,1,Scarlet & Violet,scarlet-violet,151,60,2644,https://images.tcggo.com/tcggo/storage/2658/antique-old-amber-mew-154-151-pokemon.png,https://www.tcggo.com/external/cm/2644,https://www.tcggo.com/external/tcgplayer/2644,Antique Old Amber,Antique Old Amber 154,0.09,0.1,5645,EUR,[],,,,,,,,,0.02,0.02,0.02,0.05,0.05,0.02,0.02,0.02,0.02,0.02,,,,,,,,,,,,,,,,,,,,,,,,,,,,,,,,,,,,,,,,,,,,,,,,,,EUR,0.75,0.17,Common,antique-old-amber,Trainer,https://www.tcggo.com/pokemon/151/antique-old-amber-154,sv3pt5-154,516716,singles,
2026-08-23T17:19:56+02:00,,481,Tomomi Kaneko,tomomi-kaneko,MEW 158,158,733753,165,207,MEW,Pokémon,pokemon,16,https://images.tcggo.com/tcggo/storage/2496/151-logo.png,151,EUR,1769.91,EUR,1756.61,2023-09-22,1,Scarlet & Violet,scarlet-violet,151,0,2645,https://images.tcggo.com/tcggo/storage/2659/daisys-help-mew-158-151-pokemon.png,https://www.tcggo.com/external/cm/2645,https://www.tcggo.com/external/tcgplayer/2645,Daisy's Help,Daisy's Help 158,0.07,0.06,10658,EUR,[],,,,,,,,,0.03,0.02,0.02,0.02,0.02,0.02,0.02,0.02,0.02,0.02,,,,,,,,,,,,,,,,,,,,,,,,,,,,,,,,,,,,,,,,,,,,,,,,,,EUR,0.5,0.13,Uncommon,daisys-help,Trainer,https://www.tcggo.com/pokemon/151/daisys-help-158,sv3pt5-158,516720,singles,
2026-08-23T17:19:56+02:00,,357,Yoriyuki Ikegami,yoriyuki-ikegami,MEW 166,166,733761,165,207,MEW,Pokémon,pokemon,16,https://images.tcggo.com/tcggo/storage/2496/151-logo.png,151,EUR,1769.91,EUR,1756.61,2023-09-22,1,Scarlet & Violet,scarlet-violet,151,70,2646,https://images.tcggo.com/tcggo/storage/21358/bulbasaur-mew-166-151.png,https://www.tcggo.com/external/cm/2646,https://www.tcggo.com/external/tcgplayer/2646,Bulbasaur,Bulbasaur 166,72.27,73.81,398,EUR,,,,,350,,391,113,100,66.48,55,65,88.94,88.94,68.99,59.99,59.99,39.99,39.99,USD,51.25,5,,,43.48,3,64.89,5,,,650.13,4,,,60,1,37.15,5,,,17.95,1,17.05,5,81.39,5,62,5,70.76,5,75.19,5,61.36,1,,,,,,,106.15,5,40.91,1,,,81.25,5,EUR,68.01,88.03,Illustration Rare,bulbasaur,Pokémon,https://www.tcggo.com/pokemon/151/bulbasaur-166,sv3pt5-166,516997,singles,
2026-08-23T17:19:56+02:00,,449,miki kudo,miki-kudo,MEW 169,169,733764,165,207,MEW,Pokémon,pokemon,16,https://images.tcggo.com/tcggo/storage/2496/151-logo.png,151,EUR,1769.91,EUR,1756.61,2023-09-22,1,Scarlet & Violet,scarlet-violet,151,100,2647,https://images.tcggo.com/tcggo/storage/21359/charmeleon-mew-169-151.png,https://www.tcggo.com/external/cm/2647,https://www.tcggo.com/external/tcgplayer/2647,Charmeleon,Charmeleon 169,68.58,64.87,433,EUR,,,,90,2800,,515,95,118,60,58.99,58.99,70,70,60,69,69,40,40,USD,44.6,5,13.31,1,54.48,5,62.58,5,,,127.11,2,,,51.72,5,45.6,5,,,21.17,4,44.86,5,366.33,5,46.21,5,50.84,5,72.53,5,64.29,5,,,,,,,299.79,5,,,34.39,3,90.96,5,EUR,50.5,78.5,Illustration Rare,charmeleon,Pokémon,https://www.tcggo.com/pokemon/151/charmeleon-169,sv3pt5-169,517018,singles,
2026-08-23T17:19:56+02:00,,375,Mitsuhiro Arita,mitsuhiro-arita,MEW 171,171,733766,165,207,MEW,Pokémon,pokemon,16,https://images.tcggo.com/tcggo/storage/2496/151-logo.png,151,EUR,1769.91,EUR,1756.61,2023-09-22,1,Scarlet & Violet,scarlet-violet,151,100,2648,https://images.tcggo.com/tcggo/storage/2660/wartortle-mew-171-151-pokemon.png,https://www.tcggo.com/external/cm/2648,https://www.tcggo.com/external/tcgplayer/2648,Wartortle,Wartortle 171,63.62,63.96,340,EUR,,,,84,85,,530,85,90,54.16,58.99,58.99,70,70,59.99,64,64,40,40,USD,41.11,5,21.25,1,16.79,5,52.18,5,,,99,1,,,24,5,35.17,5,,,15.99,5,26.36,5,79.16,5,40.14,5,41.04,5,34.04,5,52.03,1,,,,,,,89.21,5,,,,,79.55,5,EUR,53.64,65.03,Illustration Rare,wartortle,Pokémon,https://www.tcggo.com/pokemon/151/wartortle-171,sv3pt5-171,517038,singles,
2026-08-23T17:19:56+02:00,,490,takuyoa,takuyoa,MEW 145,145,733740,165,207,MEW,Pokémon,pokemon,16,https://images.tcggo.com/tcggo/storage/2496/151-logo.png,151,EUR,1769.91,EUR,1756.61,2023-09-22,1,Scarlet & Violet,scarlet-violet,151,200,2649,https://images.tcggo.com/tcggo/storage/2661/zapdos-ex-mew-145-151-pokemon.png,https://www.tcggo.com/external/cm/2649,https://www.tcggo.com/external/tcgplayer/2649,Zapdos ex,Zapdos ex 145,2.13,1.89,704,EUR,[],,,,,,,,,0.99,1.5,1.5,6,6,1,1.89,1.89,0.8,0.8,,,,,,,,,,,,,,,,,,,,,,,,,,,,,,,,,,,,,,,,,,,,,,,,,,EUR,1.44,1.25,Double Rare,zapdos-ex,Pokémon,https://www.tcggo.com/pokemon/151/zapdos-ex-145,sv3pt5-145,516708,singles,
2026-08-23T17:19:56+02:00,,382,KEIICHIRO ITO,keiichiro-ito,MEW 146,146,733741,165,207,MEW,Pokémon,pokemon,16,https://images.tcggo.com/tcggo/storage/2496/151-logo.png,151,EUR,1769.91,EUR,1756.61,2023-09-22,1,Scarlet & Violet,scarlet-violet,151,120,2650,https://images.tcggo.com/tcggo/storage/2662/moltres-mew-146-151-pokemon.png,https://www.tcggo.com/external/cm/2650,https://www.tcggo.com/external/tcgplayer/2650,Moltres,Moltres 146,0.25,0.26,,EUR,[],,,,,,,,,0.02,0.04,0.04,0.05,0.05,0.02,0.05,0.05,0.02,0.02,,,,,,,,,,,,,,,,,,,,,,,,,,,,,,,,,,,,,,,,,,,,,,,,,,EUR,1.15,0.25,rare,moltres,Pokémon,https://www.tcggo.com/pokemon/151/moltres-146,sv3pt5-146,516709,singles,
2026-08-23T17:19:56+02:00,,379,Sanosuke Sakuma,sanosuke-sakuma,MEW 147,147,733742,165,207,MEW,Pokémon,pokemon,16,https://images.tcggo.com/tcggo/storage/2496/151-logo.png,151,EUR,1769.91,EUR,1756.61,2023-09-22,1,Scarlet & Violet,scarlet-violet,151,60,2651,https://images.tcggo.com/tcggo/storage/2663/dratini-mew-147-151-pokemon.png,https://www.tcggo.com/external/cm/2651,https://www.tcggo.com/external/tcgplayer/2651,Dratini,Dratini 147,0.09,0.1,5717,EUR,[],,,,,,,,,0.02,0.02,0.02,0.05,0.05,0.02,0.02,0.02,0.02,0.02,,,,,,,,,,,,,,,,,,,,,,,,,,,,,,,,,,,,,,,,,,,,,,,,,,EUR,0.26,0.17,Common,dratini,Pokémon,https://www.tcggo.com/pokemon/151/dratini-147,sv3pt5-147,516710,singles,
2026-08-23T17:19:56+02:00,,371,aky CG Works,aky-cg-works,MEW 151,151,733746,165,207,MEW,Pokémon,pokemon,16,https://images.tcggo.com/tcggo/storage/2496/151-logo.png,151,EUR,1769.91,EUR,1756.61,2023-09-22,1,Scarlet & Violet,scarlet-violet,151,180,2652,https://images.tcggo.com/tcggo/storage/2664/mew-ex-mew-151-151-pokemon.png,https://www.tcggo.com/external/cm/2652,https://www.tcggo.com/external/tcgplayer/2652,Mew ex,Mew ex 151,7.54,8.03,670,EUR,,,,,,,195,,49,6,6.99,6.99,20,20,6,5,5.73,3.98,3.98,USD,245.01,5,,,,,67.86,5,,,,,,,,,55.84,5,,,,,79.78,5,243.78,5,12.29,5,22.15,5,97.21,5,,,,,,,,,370.58,2,,,,,115.52,3,EUR,6.64,8.22,Double Rare,mew-ex,Pokémon,https://www.tcggo.com/pokemon/151/mew-ex-151,sv3pt5-151,516566,singles,
2026-08-23T17:19:56+02:00,,458,Toyste Beach,toyste-beach,MEW 155,155,733750,165,207,MEW,Pokémon,pokemon,16,https://images.tcggo.com/tcggo/storage/2496/151-logo.png,151,EUR,1769.91,EUR,1756.61,2023-09-22,1,Scarlet & Violet,scarlet-violet,151,0,2653,https://images.tcggo.com/tcggo/storage/2665/big-air-balloon-mew-155-151-pokemon.png,https://www.tcggo.com/external/cm/2653,https://www.tcggo.com/external/tcgplayer/2653,Big Air Balloon,Big Air Balloon 155,0.07,0.07,10772,EUR,[],,,,,,,,,0.02,0.02,0.02,0.02,0.02,0.02,0.02,0.02,0.02,0.02,,,,,,,,,,,,,,,,,,,,,,,,,,,,,,,,,,,,,,,,,,,,,,,,,,EUR,0.49,0.15,Uncommon,big-air-balloon,Trainer,https://www.tcggo.com/pokemon/151/big-air-balloon-155,sv3pt5-155,516717,singles,
2026-08-23T17:19:56+02:00,,462,hncl,hncl,MEW 161,161,733756,165,207,MEW,Pokémon,pokemon,16,https://images.tcggo.com/tcggo/storage/2496/151-logo.png,151,EUR,1769.91,EUR,1756.61,2023-09-22,1,Scarlet & Violet,scarlet-violet,151,0,2654,https://images.tcggo.com/tcggo/storage/2666/giovannis-charisma-mew-161-151-pokemon.png,https://www.tcggo.com/external/cm/2654,https://www.tcggo.com/external/tcgplayer/2654,Giovanni's Charisma,Giovanni's Charisma 161,0.08,0.07,9213,EUR,[],,,,,,,,,0.02,0.02,0.02,0.02,0.02,0.02,0.02,0.02,0.02,0.02,,,,,,,,,,,,,,,,,,,,,,,,,,,,,,,,,,,,,,,,,,,,,,,,,,EUR,0.81,0.17,Uncommon,giovannis-charisma,Trainer,https://www.tcggo.com/pokemon/151/giovannis-charisma-161,sv3pt5-161,516723,singles,
2026-08-23T17:19:56+02:00,,357,Yoriyuki Ikegami,yoriyuki-ikegami,MEW 167,167,733762,165,207,MEW,Pokémon,pokemon,16,https://images.tcggo.com/tcggo/storage/2496/151-logo.png,151,EUR,1769.91,EUR,1756.61,2023-09-22,1,Scarlet & Violet,scarlet-violet,151,100,2655,https://images.tcggo.com/tcggo/storage/2667/ivysaur-mew-167-151-pokemon.png,https://www.tcggo.com/external/cm/2655,https://www.tcggo.com/external/tcgplayer/2655,Ivysaur,Ivysaur 167,48.67,49.2,392,EUR,,,,60,250,,420,,74,46.99,37.99,37.99,45,45,46.99,59,59,29.99,29.99,USD,31.58,5,33.12,2,15.96,5,44.6,5,,,,,,,16.04,1,34.39,5,,,11.24,4,24.95,5,65.49,5,21.49,5,44.86,5,42.54,5,,,,,,,,,45.6,5,,,,,67.28,5,EUR,38.71,52.62,Illustration Rare,ivysaur,Pokémon,https://www.tcggo.com/pokemon/151/ivysaur-167,sv3pt5-167,516998,singles,
2026-08-23T17:19:56+02:00,,375,Mitsuhiro Arita,mitsuhiro-arita,MEW 170,170,733765,165,207,MEW,Pokémon,pokemon,16,https://images.tcggo.com/tcggo/storage/2496/151-logo.png,151,EUR,1769.91,EUR,1756.61,2023-09-22,1,Scarlet & Violet,scarlet-violet,151,60,2656,https://images.tcggo.com/tcggo/storage/2668/squirtle-mew-170-151-pokemon.png,https://www.tcggo.com/external/cm/2656,https://www.tcggo.com/external/tcgplayer/2656,Squirtle,Squirtle 170,89.56,90.75,387,EUR,,,155,140,280,144,542,145,145,79,85,85,90,90,79,84,84,50,50,USD,300,5,31.58,1,27.45,5,60.54,5,,,134.57,3,,,,,89.71,5,13.05,1,23.41,2,34.56,5,353.62,5,76.62,2,74.4,5,99.58,5,23.18,1,,,,,,,280.35,5,,,90.96,1,112.84,5,EUR,77.24,106.24,Illustration Rare,squirtle,Pokémon,https://www.tcggo.com/pokemon/151/squirtle-170,sv3pt5-170,502549,singles,
2026-08-23T17:19:56+02:00,,431,Tetsu Kayama,tetsu-kayama,MEW 177,177,733772,165,207,MEW,Pokémon,pokemon,16,https://images.tcggo.com/tcggo/storage/2496/151-logo.png,151,EUR,1769.91,EUR,1756.61,2023-09-22,1,Scarlet & Violet,scarlet-violet,151,100,2657,https://images.tcggo.com/tcggo/storage/2669/machoke-mew-177-151-pokemon.png,https://www.tcggo.com/external/cm/2657,https://www.tcggo.com/external/tcgplayer/2657,Machoke,Machoke 177,26.12,25.76,331,EUR,,,,,,,540,39,69,24.5,24.5,24.5,39,39,25,29,29,9.99,9.99,USD,30.03,5,,,21.95,5,29,5,,,44.67,2,,,,,23.83,5,12.51,1,8,3,15.28,5,50.03,5,12.51,5,18.24,5,35.74,5,14.89,2,,,,,,,40.21,5,,,26.68,1,31.02,5,EUR,19.98,22.09,Illustration Rare,machoke,Pokémon,https://www.tcggo.com/pokemon/151/machoke-177,sv3pt5-177,517025,singles,
2026-08-23T17:19:56+02:00,,511,PLANETA Igarashi,planeta-igarashi,MEW 189,189,733784,165,207,MEW,Pokémon,pokemon,16,https://images.tcggo.com/tcggo/storage/2496/151-logo.png,151,EUR,1769.91,EUR,1756.61,2023-09-22,1,Scarlet & Violet,scarlet-violet,151,330,2658,https://images.tcggo.com/tcggo/storage/2670/golem-ex-mew-189-151-pokemon.png,https://www.tcggo.com/external/cm/2658,https://www.tcggo.com/external/tcgplayer/2658,Golem ex,Golem ex 189,10.34,9.56,493,EUR,,,,,29,,149,,30,8.87,6.5,6.5,27,27,8.87,16,16,7.9,7.9,USD,20.83,1,14.82,1,,,20.72,5,,,,,,,,,17.86,5,,,,,3.63,2,109.08,5,,,10.42,5,24,5,22.29,1,,,,,,,,,,,,,25.17,2,EUR,6.2,8.46,Ultra Rare,golem-ex,Pokémon,https://www.tcggo.com/pokemon/151/golem-ex-189,sv3pt5-189,517021,singles,
2026-08-23T17:19:56+02:00,,394,OKACHEKE,okacheke,MEW 179,179,733774,165,207,MEW,Pokémon,pokemon,16,https://images.tcggo.com/tcggo/storage/2496/151-logo.png,151,EUR,1769.91,EUR,1756.61,2023-09-22,1,Scarlet & Violet,scarlet-violet,151,90,2659,https://images.tcggo.com/tcggo/storage/2671/mr-mime-mew-179-151-pokemon.png,https://www.tcggo.com/external/cm/2659,https://www.tcggo.com/external/tcgplayer/2659,Mr. Mime,Mr. Mime 179,15.18,15.18,345,EUR,,,,,,20,40,,29,14.99,14,14,22,22,14.99,21,21,8.5,8.5,USD,30,5,,,18.99,5,21.25,5,,,274.22,2,,,,,25.42,5,,,6.32,1,10.7,5,119.31,5,10.39,2,13.75,5,25.86,5,41.41,4,,,,,,,115.93,5,,,,,17.83,5,EUR,11.75,12.82,Illustration Rare,mr-mime,Pokémon,https://www.tcggo.com/pokemon/151/mr-mime-179,sv3pt5-179,517028,singles,
2026-08-23T17:19:56+02:00,,476,Yano Keiji,yano-keiji,MEW 180,180,733775,165,207,MEW,Pokémon,pokemon,16,https://images.tcggo.com/tcggo/storage/2496/151-logo.png,151,EUR,1769.91,EUR,1756.61,2023-09-22,1,Scarlet & Violet,scarlet-violet,151,100,2660,https://images.tcggo.com/tcggo/storage/2672/omanyte-mew-180-151-pokemon.png,https://www.tcggo.com/external/cm/2660,https://www.tcggo.com/external/tcgplayer/2660,Omanyte,Omanyte 180,17.48,17.36,366,EUR,,,,,,,160,24,40,10,17,17,22,22,10,18,18,8,8,USD,24.72,5,,,15.29,2,20.79,5,,,62.44,3,,,39.8,1,14,5,,,4.83,1,9.57,5,49.06,5,9.67,4,11.89,5,22.29,5,20,1,,,,,,,34.78,5,,,,,17.85,2,EUR,12.11,14.49,Illustration Rare,omanyte,Pokémon,https://www.tcggo.com/pokemon/151/omanyte-180,sv3pt5-180,517031,singles,
2026-08-23T17:19:56+02:00,,457,Eske Yoshinob,eske-yoshinob,MEW 185,185,733780,165,207,MEW,Pokémon,pokemon,16,https://images.tcggo.com/tcggo/storage/2496/151-logo.png,151,EUR,1769.91,EUR,1756.61,2023-09-22,1,Scarlet & Violet,scarlet-violet,151,270,2661,https://images.tcggo.com/tcggo/storage/2673/arbok-ex-mew-185-151-pokemon.png,https://www.tcggo.com/external/cm/2661,https://www.tcggo.com/external/tcgplayer/2661,Arbok ex,Arbok ex 185,10.3,9.41,449,EUR,,,,,99,,,,39,7,7.99,7.99,17.99,17.99,7,16.99,16.99,11,11,USD,31.87,1,,,,,30.94,2,,,,,,,,,35.37,5,,,7.44,1,11.5,1,69.53,5,,,11.15,5,18.84,5,,,,,,,,,65,1,,,,,35.37,1,EUR,6.44,8.35,Ultra Rare,arbok-ex,Pokémon,https://www.tcggo.com/pokemon/151/arbok-ex-185,sv3pt5-185,517014,singles,
2026-08-23T17:19:56+02:00,,526,Saki Hayashiro,saki-hayashiro,MEW 187,187,733782,165,207,MEW,Pokémon,pokemon,16,https://images.tcggo.com/tcggo/storage/2496/151-logo.png,151,EUR,1769.91,EUR,1756.61,2023-09-22,1,Scarlet & Violet,scarlet-violet,151,250,2662,https://images.tcggo.com/tcggo/storage/2674/wigglytuff-ex-mew-187-151-pokemon.png,https://www.tcggo.com/external/cm/2662,https://www.tcggo.com/external/tcgplayer/2662,Wigglytuff ex,Wigglytuff ex 187,10.47,11.41,391,EUR,,,,,,,80,,60,8.99,8.5,8.5,12,12,8.99,19.5,19.5,7.4,7.4,USD,43.73,5,,,13.12,1,21.49,1,,,,,,,,,52.22,4,,,10.71,1,16.06,2,105.26,5,10.78,1,11.52,5,19.33,5,29.99,1,,,,,,,,,,,,,,,EUR,7.27,7.96,Ultra Rare,wigglytuff-ex,Pokémon,https://www.tcggo.com/pokemon/151/wigglytuff-ex-187,sv3pt5-187,517039,singles,
2026-08-23T17:19:56+02:00,,475,PLANETA Tsuji,planeta-tsuji,MEW 188,188,733783,165,207,MEW,Pokémon,pokemon,16,https://images.tcggo.com/tcggo/storage/2496/151-logo.png,151,EUR,1769.91,EUR,1756.61,2023-09-22,1,Scarlet & Violet,scarlet-violet,151,310,2663,https://images.tcggo.com/tcggo/storage/2675/alakazam-ex-mew-188-151-pokemon.png,https://www.tcggo.com/external/cm/2663,https://www.tcggo.com/external/tcgplayer/2663,Alakazam ex,Alakazam ex 188,14.34,13.35,449,EUR,,,,,29,,32,,49,10,11.98,11.98,28,28,10,19.5,19.5,10,10,USD,67.75,5,,,18.81,1,29.52,5,,,,,,,19.99,2,35.67,5,,,,,20.07,5,71.92,5,10.14,2,13.38,5,21.8,5,,,,,,,,,115.97,1,,,,,22.14,2,EUR,10.89,12.39,Ultra Rare,alakazam-ex,Pokémon,https://www.tcggo.com/pokemon/151/alakazam-ex-188,sv3pt5-188,517013,singles,
2026-08-23T17:19:56+02:00,,490,takuyoa,takuyoa,MEW 192,192,733787,165,207,MEW,Pokémon,pokemon,16,https://images.tcggo.com/tcggo/storage/2496/151-logo.png,151,EUR,1769.91,EUR,1756.61,2023-09-22,1,Scarlet & Violet,scarlet-violet,151,200,2664,https://images.tcggo.com/tcggo/storage/2676/zapdos-ex-mew-192-151-pokemon.png,https://www.tcggo.com/external/cm/2664,https://www.tcggo.com/external/tcgplayer/2664,Zapdos ex,Zapdos ex 192,15.37,15.35,471,EUR,,,,,80,49,100,35,49,12,12,12,28,28,12,20,20,13.99,13.99,USD,42.28,5,,,10.58,1,22.28,5,,,,,,,,,37.6,5,,,10,1,7.43,5,100,5,8.91,3,14.87,5,26.53,5,43.34,1,,,,,,,88.46,1,,,,,19.62,3,EUR,9.68,11.11,Ultra Rare,zapdos-ex,Pokémon,https://www.tcggo.com/pokemon/151/zapdos-ex-192,sv3pt5-192,517040,singles,
2026-08-23T17:19:56+02:00,,371,aky CG Works,aky-cg-works,MEW 193,193,733788,165,207,MEW,Pokémon,pokemon,16,https://images.tcggo.com/tcggo/storage/2496/151-logo.png,151,EUR,1769.91,EUR,1756.61,2023-09-22,1,Scarlet & Violet,scarlet-violet,151,180,2665,https://images.tcggo.com/tcggo/storage/2677/mew-ex-mew-193-151-pokemon.png,https://www.tcggo.com/external/cm/2665,https://www.tcggo.com/external/tcgplayer/2665,Mew ex,Mew ex 193,30.08,26.78,324,EUR,,50,59,,,,215,,70,28,19.9,19.9,50,50,28,33,33,24.9,24.9,USD,103.92,5,,,,,36.65,5,,,,,,,,,76.2,5,,,,,30,5,208.89,5,25.79,3,33.89,5,49.06,5,46,3,,,,,,,169.04,2,,,,,44.76,5,EUR,29.13,41.32,Ultra Rare,mew-ex,Pokémon,https://www.tcggo.com/pokemon/151/mew-ex-193,sv3pt5-193,517027,singles,
2026-08-23T17:19:56+02:00,,541,Misaki Hashimoto,misaki-hashimoto,MEW 174,174,733769,165,207,MEW,Pokémon,pokemon,16,https://images.tcggo.com/tcggo/storage/2496/151-logo.png,151,EUR,1769.91,EUR,1756.61,2023-09-22,1,Scarlet & Violet,scarlet-violet,151,170,2666,https://images.tcggo.com/tcggo/storage/2678/nidoking-mew-174-151-pokemon.png,https://www.tcggo.com/external/cm/2666,https://www.tcggo.com/external/tcgplayer/2666,Nidoking,Nidoking 174,22.92,22.92,425,EUR,,,,,110,,249,35,47,22,21.99,21.99,39.99,39.99,22,24,24,9,9,USD,27.71,5,,,14.24,2,27.45,5,,,743.52,1,,,,,22.3,5,,,,,15.98,5,113.74,5,16.2,5,16.73,5,40.14,5,74,1,,,,,,,91.06,5,,,,,25.81,5,EUR,17.64,21.37,Illustration Rare,nidoking,Pokémon,https://www.tcggo.com/pokemon/151/nidoking-174,sv3pt5-174,517029,singles,
2026-08-23T17:19:56+02:00,,403,rika,rika,MEW 181,181,733776,165,207,MEW,Pokémon,pokemon,16,https://images.tcggo.com/tcggo/storage/2496/151-logo.png,151,EUR,1769.91,EUR,1756.61,2023-09-22,1,Scarlet & Violet,scarlet-violet,151,100,2667,https://images.tcggo.com/tcggo/storage/2679/dragonair-mew-181-151-pokemon.png,https://www.tcggo.com/external/cm/2667,https://www.tcggo.com/external/tcgplayer/2667,Dragonair,Dragonair 181,50.55,52.96,359,EUR,,,,,225,85,230,29,75,45,48.99,49.98,49.99,49.99,45,61,61,26.99,26.99,USD,114.25,5,32.72,1,42.86,2,37.65,5,,,,,,,32.99,1,69.53,5,,,,,37.01,5,224.28,5,34.24,5,40.37,5,35.06,5,116.62,3,,,,,44.99,2,224.28,5,,,,,44.6,5,EUR,43.97,51.28,Illustration Rare,dragonair,Pokémon,https://www.tcggo.com/pokemon/151/dragonair-181,sv3pt5-181,517020,singles,
2026-08-23T17:19:56+02:00,,411,PLANETA Yamashita,planeta-yamashita,MEW 182,182,733777,165,207,MEW,Pokémon,pokemon,16,https://images.tcggo.com/tcggo/storage/2496/151-logo.png,151,EUR,1769.91,EUR,1756.61,2023-09-22,1,Scarlet & Violet,scarlet-violet,151,340,2668,https://images.tcggo.com/tcggo/storage/2680/venusaur-ex-mew-182-151-pokemon.png,https://www.tcggo.com/external/cm/2668,https://www.tcggo.com/external/tcgplayer/2668,Venusaur ex,Venusaur ex 182,19.37,18.29,530,EUR,,,,50,99,20,159,50,37,14.99,15.99,15.99,28.75,30,14.99,24,24,17,17,USD,69.43,5,,,17.79,1,29.99,5,,,,,,,42.39,2,30.33,5,,,,,16.27,5,85.49,5,25.5,2,13.01,5,26.75,5,26.39,2,,,,,,,94.99,1,,,,,31.26,3,EUR,13.05,17.07,Ultra Rare,venusaur-ex,Pokémon,https://www.tcggo.com/pokemon/151/venusaur-ex-182,sv3pt5-182,517037,singles,
2026-08-23T17:19:56+02:00,,475,PLANETA Tsuji,planeta-tsuji,MEW 186,186,733781,165,207,MEW,Pokémon,pokemon,16,https://images.tcggo.com/tcggo/storage/2496/151-logo.png,151,EUR,1769.91,EUR,1756.61,2023-09-22,1,Scarlet & Violet,scarlet-violet,151,260,2669,https://images.tcggo.com/tcggo/storage/2681/ninetales-ex-mew-186-151-pokemon.png,https://www.tcggo.com/external/cm/2669,https://www.tcggo.com/external/tcgplayer/2669,Ninetales ex,Ninetales ex 186,16.05,14.41,383,EUR,,,,,,,140,,34,12,11.89,11.89,27,27,12,22.5,22.5,10,10,USD,60.52,5,,,,,21.9,5,,,,,,,,,33.66,5,,,,,15.5,4,102.59,5,10.07,2,10.7,5,29.39,5,,,,,,,,,48.02,3,,,15.96,1,9.85,1,EUR,13.36,16.75,Ultra Rare,ninetales-ex,Pokémon,https://www.tcggo.com/pokemon/151/ninetales-ex-186,sv3pt5-186,517030,singles,
2026-08-23T17:19:56+02:00,,517,Ayaka Yoshida,ayaka-yoshida,MEW 191,191,733786,165,207,MEW,Pokémon,pokemon,16,https://images.tcggo.com/tcggo/storage/2496/151-logo.png,151,EUR,1769.91,EUR,1756.61,2023-09-22,1,Scarlet & Violet,scarlet-violet,151,200,2670,https://images.tcggo.com/tcggo/storage/2682/jynx-ex-mew-191-151-pokemon.png,https://www.tcggo.com/external/cm/2670,https://www.tcggo.com/external/tcgplayer/2670,Jynx ex,Jynx ex 191,9.41,9.59,476,EUR,,,,49,,,,,35,7.98,6,6,24.9,24.9,7.98,13.5,13.5,8.3,8.3,USD,,,,,,,19.38,2,,,,,,,,,26.8,5,,,,,13.27,1,156.35,5,7.51,1,13.26,5,22.34,5,,,,,,,,,63.46,2,,,,,,,EUR,5.83,7,Ultra Rare,jynx-ex,Pokémon,https://www.tcggo.com/pokemon/151/jynx-ex-191,sv3pt5-191,517023,singles,
2026-08-23T17:19:56+02:00,,432,Whisker,whisker,MEW 175,175,733770,165,207,MEW,Pokémon,pokemon,16,https://images.tcggo.com/tcggo/storage/2496/151-logo.png,151,EUR,1769.91,EUR,1756.61,2023-09-22,1,Scarlet & Violet,scarlet-violet,151,70,2671,https://images.tcggo.com/tcggo/storage/2683/psyduck-mew-175-151-pokemon.png,https://www.tcggo.com/external/cm/2671,https://www.tcggo.com/external/tcgplayer/2671,Psyduck,Psyduck 175,54.56,54.15,290,EUR,,,,,,,545,,114,56.99,47,50,60,60,56.99,44,48.9,40,40,USD,52.25,5,,,38.33,2,54.57,5,,,257,2,,,45.11,4,89.95,5,,,26.24,2,38.17,5,324.12,5,49,5,52.78,5,64.67,5,117.66,2,,,,,,,109.08,5,,,,,71.21,5,EUR,57.64,55.47,Illustration Rare,psyduck,Pokémon,https://www.tcggo.com/pokemon/151/psyduck-175,sv3pt5-175,517035,singles,
2026-08-23T17:19:56+02:00,,396,Gemi,gemi,MEW 176,176,733771,165,207,MEW,Pokémon,pokemon,16,https://images.tcggo.com/tcggo/storage/2496/151-logo.png,151,EUR,1769.91,EUR,1756.61,2023-09-22,1,Scarlet & Violet,scarlet-violet,151,90,2672,https://images.tcggo.com/tcggo/storage/2684/poliwhirl-mew-176-151-pokemon.png,https://www.tcggo.com/external/cm/2672,https://www.tcggo.com/external/tcgplayer/2672,Poliwhirl,Poliwhirl 176,50.08,47.78,288,EUR,,,,,95,,399,53,85,44.27,42.94,42.94,60,60,46,47.5,49.5,21.99,21.99,USD,39.33,5,,,36.65,2,48.57,5,,,66.49,2,,,40.4,5,35.68,5,,,13.61,2,35.1,5,208.15,5,36.38,5,40.14,5,47.21,5,19,2,,,,,,,115.92,5,,,60,1,41.92,5,EUR,35.61,37.48,Illustration Rare,poliwhirl,Pokémon,https://www.tcggo.com/pokemon/151/poliwhirl-176,sv3pt5-176,517034,singles,
2026-08-23T17:19:56+02:00,,368,Oswaldo KATO,oswaldo-kato,MEW 178,178,733773,165,207,MEW,Pokémon,pokemon,16,https://images.tcggo.com/tcggo/storage/2496/151-logo.png,151,EUR,1769.91,EUR,1756.61,2023-09-22,1,Scarlet & Violet,scarlet-violet,151,80,2673,https://images.tcggo.com/tcggo/storage/2685/tangela-mew-178-151-pokemon.png,https://www.tcggo.com/external/cm/2673,https://www.tcggo.com/external/tcgplayer/2673,Tangela,Tangela 178,19.21,18.61,329,EUR,,35,,,,,,,60,17,16.95,16.95,21,21,17,23,23,7.98,7.98,USD,25.72,5,11.85,3,17.02,5,28.1,5,,,37.97,1,,,,,21.44,5,6.25,1,6.75,2,17.82,5,113.92,5,16.01,5,14.52,5,26.8,5,15.26,1,,,,,,,29.99,5,,,,,22.1,4,EUR,13.8,15.25,Illustration Rare,tangela,Pokémon,https://www.tcggo.com/pokemon/151/tangela-178,sv3pt5-178,517036,singles,
2026-08-23T17:19:56+02:00,,384,PLANETA Mochizuki,planeta-mochizuki,MEW 183,183,733778,165,207,MEW,Pokémon,pokemon,16,https://images.tcggo.com/tcggo/storage/2496/151-logo.png,151,EUR,1769.91,EUR,1756.61,2023-09-22,1,Scarlet & Violet,scarlet-violet,151,330,2674,https://images.tcggo.com/tcggo/storage/2686/charizard-ex-mew-183-151-pokemon.png,https://www.tcggo.com/external/cm/2674,https://www.tcggo.com/external/tcgplayer/2674,Charizard ex,Charizard ex 183,46.65,51.44,517,EUR,,,,75,99,54,280,45,78,39.95,34.89,34.89,50,50,39.95,60,60,55,55,USD,149.95,5,21.25,1,36.75,3,41.92,5,,,,,,,40.21,1,84.87,5,,,,,44.3,5,166.78,5,,,37.97,5,49.1,5,107.21,1,,,,,,,223.36,5,,,32.4,1,45,5,EUR,35.22,46.98,Ultra Rare,charizard-ex,Pokémon,https://www.tcggo.com/pokemon/151/charizard-ex-183,sv3pt5-183,517017,singles,
2026-08-23T17:19:56+02:00,,411,PLANETA Yamashita,planeta-yamashita,MEW 184,184,733779,165,207,MEW,Pokémon,pokemon,16,https://images.tcggo.com/tcggo/storage/2496/151-logo.png,151,EUR,1769.91,EUR,1756.61,2023-09-22,1,Scarlet & Violet,scarlet-violet,151,330,2675,https://images.tcggo.com/tcggo/storage/2687/blastoise-ex-mew-184-151-pokemon.png,https://www.tcggo.com/external/cm/2675,https://www.tcggo.com/external/tcgplayer/2675,Blastoise ex,Blastoise ex 184,23.02,22.68,439,EUR,,,,,79,,160,,69,18,18.94,18.94,30,30,18,33,33,20,20,USD,89.32,5,,,21.25,1,30.47,5,,,,,,,,,53.52,5,,,21.54,1,22.3,5,135.67,5,14.5,5,17.47,5,33,5,54,2,,,,,,,124.88,5,,,,,40.82,4,EUR,16.89,25.62,Ultra Rare,blastoise-ex,Pokémon,https://www.tcggo.com/pokemon/151/blastoise-ex-184,sv3pt5-184,517015,singles,
2026-08-23T17:19:56+02:00,,489,N-DESIGN Inc.,n-design-inc,MEW 190,190,733785,165,207,MEW,Pokémon,pokemon,16,https://images.tcggo.com/tcggo/storage/2496/151-logo.png,151,EUR,1769.91,EUR,1756.61,2023-09-22,1,Scarlet & Violet,scarlet-violet,151,230,2676,https://images.tcggo.com/tcggo/storage/2688/kangaskhan-ex-mew-190-151-pokemon.png,https://www.tcggo.com/external/cm/2676,https://www.tcggo.com/external/tcgplayer/2676,Kangaskhan ex,Kangaskhan ex 190,9.34,9.56,549,EUR,,,,,69,,,,49,6.99,7.49,7.49,25,25,6.99,16.99,16.99,7.49,7.49,USD,25.67,4,,,,,14.46,3,,,,,,,17.69,2,26.69,5,,,,,5.85,2,115.65,5,10.5,1,12.34,5,20,5,,,,,,,,,44.61,2,,,,,22.99,1,EUR,5.2,6.91,Ultra Rare,kangaskhan-ex,Pokémon,https://www.tcggo.com/pokemon/151/kangaskhan-ex-190,sv3pt5-190,517024,singles,
2026-08-23T17:19:56+02:00,,542,Fumie Kittaka,fumie-kittaka,MEW 195,195,733790,165,207,MEW,Pokémon,pokemon,16,https://images.tcggo.com/tcggo/storage/2496/151-logo.png,151,EUR,1769.91,EUR,1756.61,2023-09-22,1,Scarlet & Violet,scarlet-violet,151,0,2677,https://images.tcggo.com/tcggo/storage/2689/daisys-help-mew-195-151-pokemon.png,https://www.tcggo.com/external/cm/2677,https://www.tcggo.com/external/tcgplayer/2677,Daisy's Help,Daisy's Help 195,5.11,5.28,582,EUR,,,,,95,,99,,30,3.19,3,3,19.95,19.95,3.19,7.5,7.5,2,2,USD,,,,,,,,,,,,,,,,,23.97,4,,,,,17.47,2,123.05,5,8.75,2,10.5,5,17.1,5,,,,,,,,,,,,,,,,,EUR,2.34,4.25,Ultra Rare,daisys-help,Trainer,https://www.tcggo.com/pokemon/151/daisys-help-195,sv3pt5-195,517042,singles,
2026-08-23T17:19:56+02:00,,391,saino misaki,saino-misaki,MEW 196,196,733791,165,207,MEW,Pokémon,pokemon,16,https://images.tcggo.com/tcggo/storage/2496/151-logo.png,151,EUR,1769.91,EUR,1756.61,2023-09-22,1,Scarlet & Violet,scarlet-violet,151,0,2678,https://images.tcggo.com/tcggo/storage/2690/erikas-invitation-mew-196-151-pokemon.png,https://www.tcggo.com/external/cm/2678,https://www.tcggo.com/external/tcgplayer/2678,Erika's Invitation,Erika's Invitation 196,10.51,10.03,509,EUR,,,,,39,,75,25,30,7.95,7.9,7.9,18,18,7.95,12,12,6.9,6.9,USD,47.08,5,,,,,22.38,4,,,,,,,40.21,1,26.8,5,,,,,14.47,5,107.21,5,10.71,4,11.54,5,21.22,5,13.27,1,,,,,,,71.47,5,,,,,17.86,1,EUR,5.64,9.23,Ultra Rare,erikas-invitation,Trainer,https://www.tcggo.com/pokemon/151/erikas-invitation-196,sv3pt5-196,517176,singles,
2026-08-23T17:19:56+02:00,,462,hncl,hncl,MEW 197,197,733792,165,207,MEW,Pokémon,pokemon,16,https://images.tcggo.com/tcggo/storage/2496/151-logo.png,151,EUR,1769.91,EUR,1756.61,2023-09-22,1,Scarlet & Violet,scarlet-violet,151,0,2679,https://images.tcggo.com/tcggo/storage/2691/giovannis-charisma-mew-197-151-pokemon.png,https://www.tcggo.com/external/cm/2679,https://www.tcggo.com/external/tcgplayer/2679,Giovanni's Charisma,Giovanni's Charisma 197,7.66,7.44,584,EUR,,,,,,18,150,25,59,5,5.5,5.5,17,17,5,9,9,5,5,USD,34.99,5,,,,,21.75,2,,,,,,,9.29,1,25.7,5,,,6.02,2,7.06,1,66.88,5,7.99,4,15.15,5,16.94,5,,,,,,,,,71.34,1,,,,,,,EUR,3.8,5.35,Ultra Rare,giovannis-charisma,Trainer,https://www.tcggo.com/pokemon/151/giovannis-charisma-197,sv3pt5-197,517043,singles,
2026-08-23T17:19:56+02:00,,459,GIDORA,gidora,MEW 194,194,733789,165,207,MEW,Pokémon,pokemon,16,https://images.tcggo.com/tcggo/storage/2496/151-logo.png,151,EUR,1769.91,EUR,1756.61,2023-09-22,1,Scarlet & Violet,scarlet-violet,151,0,2680,https://images.tcggo.com/tcggo/storage/2692/bills-transfer-mew-194-151-pokemon.png,https://www.tcggo.com/external/cm/2680,https://www.tcggo.com/external/tcgplayer/2680,Bill's Transfer,Bill's Transfer 194,5.37,5.08,532,EUR,,,,,30,,149,,,4,4.5,4.5,9,9,4,6,6,2.44,2.44,,,,,,,,,,,,,,,,,,,,,,,,,,,,,,,,,,,,,,,,,,,,,,,,,,EUR,2.56,4.27,Ultra Rare,bills-transfer,Trainer,https://www.tcggo.com/pokemon/151/bills-transfer-194,sv3pt5-194,517041,singles,
2026-08-23T17:19:56+02:00,,357,Yoriyuki Ikegami,yoriyuki-ikegami,MEW 198,198,733793,165,207,MEW,Pokémon,pokemon,16,https://images.tcggo.com/tcggo/storage/2496/151-logo.png,151,EUR,1769.91,EUR,1756.61,2023-09-22,1,Scarlet & Violet,scarlet-violet,151,340,2681,https://images.tcggo.com/tcggo/storage/2693/venusaur-ex-mew-198-151-pokemon.png,https://www.tcggo.com/external/cm/2681,https://www.tcggo.com/external/tcgplayer/2681,Venusaur ex,Venusaur ex 198,120.36,116.51,539,EUR,,,,130,290,150,300,129,134,101.1,105,110,135,135,109,119,119,90,109.99,USD,187.83,5,,,80.7,4,94.82,5,,,1158.79,3,,,128.45,4,151.24,5,73.99,1,,,106.75,5,400.34,5,77.46,5,87.28,5,106.76,5,300,1,,,,,77.05,1,444.82,5,,,107.2,1,126.12,5,EUR,99.98,136.75,Special Illustration Rare,venusaur-ex,Pokémon,https://www.tcggo.com/pokemon/151/venusaur-ex-198,sv3pt5-198,517044,singles,
2026-08-23T17:19:56+02:00,,449,miki kudo,miki-kudo,MEW 199,199,733794,165,207,MEW,Pokémon,pokemon,16,https://images.tcggo.com/tcggo/storage/2496/151-logo.png,151,EUR,1769.91,EUR,1756.61,2023-09-22,1,Scarlet & Violet,scarlet-violet,151,330,2682,https://images.tcggo.com/tcggo/storage/2694/charizard-ex-mew-199-151-pokemon.png,https://www.tcggo.com/external/cm/2682,https://www.tcggo.com/external/tcgplayer/2682,Charizard ex,Charizard ex 199,377.6,327.14,586,EUR,,,450,,,409,640,380,420,330,270,270,395,395,330,349.9,349.9,319.9,319.9,USD,659.84,5,,,271.53,4,297,5,,,,,320,1,379.13,5,681.16,5,,,375,1,359.07,5,1143.32,5,314.04,5,281.74,5,358.27,5,729.44,2,,,,,400,3,1040.74,5,,,,,412.54,5,EUR,319.57,427.34,Special Illustration Rare,charizard-ex,Pokémon,https://www.tcggo.com/pokemon/151/charizard-ex-199,sv3pt5-199,517045,singles,
2026-08-23T17:19:56+02:00,,375,Mitsuhiro Arita,mitsuhiro-arita,MEW 200,200,733795,165,207,MEW,Pokémon,pokemon,16,https://images.tcggo.com/tcggo/storage/2496/151-logo.png,151,EUR,1769.91,EUR,1756.61,2023-09-22,1,Scarlet & Violet,scarlet-violet,151,330,2683,https://images.tcggo.com/tcggo/storage/2695/blastoise-ex-mew-200-151-pokemon.png,https://www.tcggo.com/external/cm/2683,https://www.tcggo.com/external/tcgplayer/2683,Blastoise ex,Blastoise ex 200,179.37,167.14,428,EUR,,,,499,449,179,350,170,174,126.25,120,120,145,145,133,160,160,100,100,USD,269.25,5,,,99.25,5,107.15,5,,,1292.91,3,,,184.89,5,224.28,5,,,,,157.14,5,537.1,5,134.91,5,104.67,5,120.74,5,213.75,3,,,,,,,537.38,5,129.74,2,147.42,3,161.48,5,EUR,118.91,170.09,Special Illustration Rare,blastoise-ex,Pokémon,https://www.tcggo.com/pokemon/151/blastoise-ex-200,sv3pt5-200,517046,singles,
2026-08-23T17:19:56+02:00,,466,Shinya Komatsu,shinya-komatsu,MEW 201,201,733796,165,207,MEW,Pokémon,pokemon,16,https://images.tcggo.com/tcggo/storage/2496/151-logo.png,151,EUR,1769.91,EUR,1756.61,2023-09-22,1,Scarlet & Violet,scarlet-violet,151,310,2684,https://images.tcggo.com/tcggo/storage/2696/alakazam-ex-mew-201-151-pokemon.png,https://www.tcggo.com/external/cm/2684,https://www.tcggo.com/external/tcgplayer/2684,Alakazam ex,Alakazam ex 201,80.33,81.55,521,EUR,,,99,,265,,110,95,95,70,54.99,54.99,72,72,70,79.99,79.99,60,60,USD,144.95,5,52.68,1,59.49,1,74.47,5,,,,,,,100,5,110.58,5,,,61.92,3,79.61,5,314.04,5,55.82,5,57.49,5,76.87,5,,,,,,,,,349.43,5,61.5,1,50,1,84.04,5,EUR,59.59,77.85,Special Illustration Rare,alakazam-ex,Pokémon,https://www.tcggo.com/pokemon/151/alakazam-ex-201,sv3pt5-201,517047,singles,
2026-08-23T17:19:56+02:00,,461,Studio Bora Inc.,studio-bora-inc,MEW 206,206,733801,165,207,MEW,Pokémon,pokemon,16,https://images.tcggo.com/tcggo/storage/2496/151-logo.png,151,EUR,1769.91,EUR,1756.61,2023-09-22,1,Scarlet & Violet,scarlet-violet,151,0,2685,https://images.tcggo.com/tcggo/storage/2697/switch-mew-206-151-pokemon.png,https://www.tcggo.com/external/cm/2685,https://www.tcggo.com/external/tcgplayer/2685,Switch,Switch 206,3.42,3.4,872,EUR,,,,,29,,125,,39,2.4,2.5,2.5,6.8,6.8,2.4,3.99,3.99,1.2,1.2,,,,,,,,,,,,,,,,,,,,,,,,,,,,,,,,,,,,,,,,,,,,,,,,,,EUR,2.01,2.98,Hyper Rare,switch,Trainer,https://www.tcggo.com/pokemon/151/switch-206,sv3pt5-206,517052,singles,
2026-08-23T17:19:56+02:00,,443,Shiburingaru,shiburingaru,MEW 202,202,733797,165,207,MEW,Pokémon,pokemon,16,https://images.tcggo.com/tcggo/storage/2496/151-logo.png,151,EUR,1769.91,EUR,1756.61,2023-09-22,1,Scarlet & Violet,scarlet-violet,151,200,2686,https://images.tcggo.com/tcggo/storage/2698/zapdos-ex-mew-202-151-pokemon.png,https://www.tcggo.com/external/cm/2686,https://www.tcggo.com/external/tcgplayer/2686,Zapdos ex,Zapdos ex 202,127.23,114.66,467,EUR,,,145,149,289,129,164,130,135,100,105.99,105.99,150,150,100,160,160,102,102,USD,213.83,5,,,,,99.46,5,,,,,,,150,5,169.03,5,,,110,1,88.97,5,400.34,5,75.67,5,67.28,5,88.11,5,138.27,5,81,1,,,,,444.83,5,,,,,118.18,5,EUR,83.85,111.11,Special Illustration Rare,zapdos-ex,Pokémon,https://www.tcggo.com/pokemon/151/zapdos-ex-202,sv3pt5-202,517048,singles,
2026-08-23T17:19:56+02:00,,496,Cona Nitanda,cona-nitanda,MEW 203,203,733798,165,207,MEW,Pokémon,pokemon,16,https://images.tcggo.com/tcggo/storage/2496/151-logo.png,151,EUR,1769.91,EUR,1756.61,2023-09-22,1,Scarlet & Violet,scarlet-violet,151,0,2687,https://images.tcggo.com/tcggo/storage/2699/erikas-invitation-mew-203-151-pokemon.png,https://www.tcggo.com/external/cm/2687,https://www.tcggo.com/external/tcgplayer/2687,Erika's Invitation,Erika's Invitation 203,22.4,21.92,482,EUR,,,,34,,,36,30,50,19.75,16,19.1,25,25,19.75,24,24,15,15,USD,57.42,5,,,24.72,1,25.72,5,,,,,,,,,109.82,5,,,49.99,1,17.86,5,116.14,5,16.02,4,21.59,5,19.36,5,25.13,2,,,,,,,99,5,,,,,30.31,5,EUR,15.5,23.89,Special Illustration Rare,erikas-invitation,Trainer,https://www.tcggo.com/pokemon/151/erikas-invitation-203,sv3pt5-203,517049,singles,
2026-08-23T17:19:56+02:00,,456,Hideki Ishikawa,hideki-ishikawa,MEW 204,204,733799,165,207,MEW,Pokémon,pokemon,16,https://images.tcggo.com/tcggo/storage/2496/151-logo.png,151,EUR,1769.91,EUR,1756.61,2023-09-22,1,Scarlet & Violet,scarlet-violet,151,0,2688,https://images.tcggo.com/tcggo/storage/2700/giovannis-charisma-mew-204-151-pokemon.png,https://www.tcggo.com/external/cm/2688,https://www.tcggo.com/external/tcgplayer/2688,Giovanni's Charisma,Giovanni's Charisma 204,20.12,19.33,490,EUR,,,29,34,95,39,47,25,40,18,17.99,17.99,29,29,18,29,29,14.99,14.99,USD,54.53,5,,,30,1,24.35,5,,,,,,,13.44,1,147.05,5,,,15,1,17.42,4,125.08,5,21.44,5,10.72,5,26.8,5,,,,,,,,,129.99,5,,,,,22.33,5,EUR,12.68,20.57,Special Illustration Rare,giovannis-charisma,Trainer,https://www.tcggo.com/pokemon/151/giovannis-charisma-204,sv3pt5-204,517050,singles,
2026-08-23T17:19:56+02:00,,371,aky CG Works,aky-cg-works,MEW 205,205,733800,165,207,MEW,Pokémon,pokemon,16,https://images.tcggo.com/tcggo/storage/2496/151-logo.png,151,EUR,1769.91,EUR,1756.61,2023-09-22,1,Scarlet & Violet,scarlet-violet,151,180,2689,https://images.tcggo.com/tcggo/storage/2701/mew-ex-mew-205-151-pokemon.png,https://www.tcggo.com/external/cm/2689,https://www.tcggo.com/external/tcgplayer/2689,Mew ex,Mew ex 205,26.58,25.45,422,EUR,,,,,300,100,385,34,59,21,20.99,20.99,30,30,21,30,30,15,15,USD,117.51,5,,,21.12,2,36.75,5,,,,,,,52.25,3,84.37,5,,,24,1,30.96,5,213.43,5,22.49,5,26.54,5,47.58,5,,,,,,,40.99,2,258.09,5,12.38,2,14.15,4,67.92,5,EUR,26.01,26.29,Hyper Rare,mew-ex,Pokémon,https://www.tcggo.com/pokemon/151/mew-ex-205,sv3pt5-205,517051,singles,
2026-08-23T17:19:56+02:00,,,,,MEW 207,207,733802,165,207,MEW,Pokémon,pokemon,16,https://images.tcggo.com/tcggo/storage/2496/151-logo.png,151,EUR,1769.91,EUR,1756.61,2023-09-22,1,Scarlet & Violet,scarlet-violet,151,0,2690,https://images.tcggo.com/tcggo/storage/2702/basic-psychic-energy-mew-207-151-pokemon.png,https://www.tcggo.com/external/cm/2690,https://www.tcggo.com/external/tcgplayer/2690,Basic Psychic Energy,Basic Psychic Energy 207,5.04,5.06,530,EUR,,,,28,,,159,,19,4,3.99,3.99,14.99,14.99,4,5.99,5.99,2,2,,,,,,,,,,,,,,,,,,,,,,,,,,,,,,,,,,,,,,,,,,,,,,,,,,EUR,4.08,5.11,Hyper Rare,basic-psychic-energy,Energy,https://www.tcggo.com/pokemon/151/basic-psychic-energy-207,sv3pt5-207,517053,singles,
2026-08-23T17:19:56+02:00,,371,aky CG Works,aky-cg-works,MEW 205,MEW 205,720951,165,207,MEW,Pokémon,pokemon,16,https://images.tcggo.com/tcggo/storage/2496/151-logo.png,151,EUR,1769.91,EUR,1756.61,2023-09-22,1,Scarlet & Violet,scarlet-violet,151,,47943,https://images.tcggo.com/tcggo/storage/36083/mew-ex-mew-mew-205-151.jpg,https://www.tcggo.com/external/cm/47943,https://www.tcggo.com/external/tcgplayer/47943,Mew ex,Mew ex MEW 205,23.73,27.82,429,EUR,[],,,,,,,,,16.99,,,,,16.99,,,,,,,,,,,,,,,,,,,,,,,,,,,,,,,,,,,,,,,,,,,,,,,,,,,,,,EUR,23.16,,SECRET RARE,mew-ex,,https://www.tcggo.com/pokemon/151/mew-ex,,519481,singles,Metal Card
