captured_at,artist,artist.id,artist.name,artist.slug,card_code_number,card_number,cardmarket_id,episode.cards_printed_total,episode.cards_total,episode.code,episode.game.name,episode.game.slug,episode.id,episode.logo,episode.name,episode.prices.cardmarket.currency,episode.prices.cardmarket.total,episode.prices.tcgplayer.currency,episode.prices.tcgplayer.total,episode.released_at,episode.series.id,episode.series.name,episode.series.slug,episode.slug,hp,id,image,links.cardmarket,links.tcgplayer,name,name_numbered,prices.cardmarket.30d_average,prices.cardmarket.7d_average,prices.cardmarket.available_items,prices.cardmarket.currency,prices.cardmarket.graded,prices.cardmarket.graded.bgs.bgs9,prices.cardmarket.graded.cgc.cgc10,prices.cardmarket.graded.cgc.cgc8,prices.cardmarket.graded.cgc.cgc9,prices.cardmarket.graded.psa.psa10,prices.cardmarket.graded.psa.psa8,prices.cardmarket.graded.psa.psa9,prices.cardmarket.lowest_near_mint,prices.cardmarket.lowest_near_mint_DE,prices.cardmarket.lowest_near_mint_DE_EU_only,prices.cardmarket.lowest_near_mint_ES,prices.cardmarket.lowest_near_mint_ES_EU_only,prices.cardmarket.lowest_near_mint_EU_only,prices.cardmarket.lowest_near_mint_FR,prices.cardmarket.lowest_near_mint_FR_EU_only,prices.cardmarket.lowest_near_mint_IT,prices.cardmarket.lowest_near_mint_IT_EU_only,prices.ebay.currency,prices.ebay.graded.ace.10.median_price,prices.ebay.graded.ace.10.sample_size,prices.ebay.graded.ace.7.median_price,prices.ebay.graded.ace.7.sample_size,prices.ebay.graded.ace.8.median_price,prices.ebay.graded.ace.8.sample_size,prices.ebay.graded.ace.9.median_price,prices.ebay.graded.ace.9.sample_size,prices.ebay.graded.bgs.8.median_price,prices.ebay.graded.bgs.8.sample_size,prices.ebay.graded.bgs.9.median_price,prices.ebay.graded.bgs.9.sample_size,prices.ebay.graded.cgc.10.median_price,prices.ebay.graded.cgc.10.sample_size,prices.ebay.graded.cgc.7.median_price,prices.ebay.graded.cgc.7.sample_size,prices.ebay.graded.cgc.8.median_price,prices.ebay.graded.cgc.8.sample_size,prices.ebay.graded.cgc.9.median_price,prices.ebay.graded.cgc.9.sample_size,prices.ebay.graded.psa.10.median_price,prices.ebay.graded.psa.10.sample_size,prices.ebay.graded.psa.7.median_price,prices.ebay.graded.psa.7.sample_size,prices.ebay.graded.psa.8.median_price,prices.ebay.graded.psa.8.sample_size,prices.ebay.graded.psa.9.median_price,prices.ebay.graded.psa.9.sample_size,prices.ebay.graded.sgc.10.median_price,prices.ebay.graded.sgc.10.sample_size,prices.ebay.graded.sgc.8.median_price,prices.ebay.graded.sgc.8.sample_size,prices.ebay.graded.sgc.9.median_price,prices.ebay.graded.sgc.9.sample_size,prices.ebay.graded.tag.10.median_price,prices.ebay.graded.tag.10.sample_size,prices.ebay.graded.tag.7.median_price,prices.ebay.graded.tag.7.sample_size,prices.ebay.graded.tag.8.median_price,prices.ebay.graded.tag.8.sample_size,prices.ebay.graded.tag.9.median_price,prices.ebay.graded.tag.9.sample_size,prices.tcg_player.currency,prices.tcg_player.market_price,prices.tcg_player.mid_price,rarity,slug,supertype,tcggo_url,tcgid,tcgplayer_id,type
2026-08-23T17:19:56+02:00,,425,Yukiko Baba,yukiko-baba,PAL 1,1,715473,193,279,PAL,Pokémon,pokemon,18,https://images.tcggo.com/tcggo/storage/2935/paldea-evolved-logo.png,Paldea Evolved,EUR,1222.85,EUR,1698.95,2023-06-09,1,Scarlet & Violet,scarlet-violet,paldea-evolved,50,2921,https://images.tcggo.com/tcggo/storage/2937/hoppip-pal-1-paldea-evolved-pokemon.png,https://www.tcggo.com/external/cm/2921,https://www.tcggo.com/external/tcgplayer/2921,Hoppip,Hoppip 1,0.03,0.03,12581,EUR,[],,,,,,,,0.02,0.02,0.02,0.02,0.02,0.02,0.02,0.02,0.02,0.02,,,,,,,,,,,,,,,,,,,,,,,,,,,,,,,,,,,,,,,,,,,,EUR,0.15,0.1,Common,hoppip,Pokémon,https://www.tcggo.com/pokemon/paldea-evolved/hoppip-1,sv2-1,497412,singles
2026-08-23T17:19:56+02:00,,357,Yoriyuki Ikegami,yoriyuki-ikegami,PAL 2,2,715474,193,279,PAL,Pokémon,pokemon,18,https://images.tcggo.com/tcggo/storage/2935/paldea-evolved-logo.png,Paldea Evolved,EUR,1222.85,EUR,1698.95,2023-06-09,1,Scarlet & Violet,scarlet-violet,paldea-evolved,70,2922,https://images.tcggo.com/tcggo/storage/2938/skiploom-pal-2-paldea-evolved-pokemon.png,https://www.tcggo.com/external/cm/2922,https://www.tcggo.com/external/tcgplayer/2922,Skiploom,Skiploom 2,0.04,0.04,7580,EUR,[],,,,,,,,0.02,0.02,0.02,0.02,0.02,0.02,0.02,0.02,0.02,0.02,,,,,,,,,,,,,,,,,,,,,,,,,,,,,,,,,,,,,,,,,,,,EUR,0.17,0.12,Uncommon,skiploom,Pokémon,https://www.tcggo.com/pokemon/paldea-evolved/skiploom-2,sv2-2,497413,singles
2026-08-23T17:19:56+02:00,,378,Kouki Saitou,kouki-saitou,PAL 4,4,715476,193,279,PAL,Pokémon,pokemon,18,https://images.tcggo.com/tcggo/storage/2935/paldea-evolved-logo.png,Paldea Evolved,EUR,1222.85,EUR,1698.95,2023-06-09,1,Scarlet & Violet,scarlet-violet,paldea-evolved,70,2923,https://images.tcggo.com/tcggo/storage/2939/pineco-pal-4-paldea-evolved-pokemon.png,https://www.tcggo.com/external/cm/2923,https://www.tcggo.com/external/tcgplayer/2923,Pineco,Pineco 4,0.03,0.04,12904,EUR,[],,,,,,,,0.02,0.02,0.02,0.02,0.02,0.02,0.02,0.02,0.02,0.02,,,,,,,,,,,,,,,,,,,,,,,,,,,,,,,,,,,,,,,,,,,,EUR,0.14,0.09,Common,pineco,Pokémon,https://www.tcggo.com/pokemon/paldea-evolved/pineco-4,sv2-4,497415,singles
2026-08-23T17:19:56+02:00,,362,Naoyo Kimura,naoyo-kimura,PAL 3,3,715475,193,279,PAL,Pokémon,pokemon,18,https://images.tcggo.com/tcggo/storage/2935/paldea-evolved-logo.png,Paldea Evolved,EUR,1222.85,EUR,1698.95,2023-06-09,1,Scarlet & Violet,scarlet-violet,paldea-evolved,90,2924,https://images.tcggo.com/tcggo/storage/2940/jumpluff-pal-3-paldea-evolved-pokemon.png,https://www.tcggo.com/external/cm/2924,https://www.tcggo.com/external/tcgplayer/2924,Jumpluff,Jumpluff 3,0.09,0.08,6496,EUR,[],,,,,,,,0.03,0.02,0.02,0.02,0.02,0.02,0.02,0.02,0.02,0.02,,,,,,,,,,,,,,,,,,,,,,,,,,,,,,,,,,,,,,,,,,,,EUR,0.21,0.17,rare,jumpluff,Pokémon,https://www.tcggo.com/pokemon/paldea-evolved/jumpluff-3,sv2-3,497414,singles
2026-08-23T17:19:56+02:00,,398,Taira Akitsu,taira-akitsu,PAL 7,7,715479,193,279,PAL,Pokémon,pokemon,18,https://images.tcggo.com/tcggo/storage/2935/paldea-evolved-logo.png,Paldea Evolved,EUR,1222.85,EUR,1698.95,2023-06-09,1,Scarlet & Violet,scarlet-violet,paldea-evolved,110,2925,https://images.tcggo.com/tcggo/storage/2941/tropius-pal-7-paldea-evolved-pokemon.png,https://www.tcggo.com/external/cm/2925,https://www.tcggo.com/external/tcgplayer/2925,Tropius,Tropius 7,0.03,0.02,13139,EUR,[],,,,,,,,0.02,0.02,0.02,0.02,0.02,0.02,0.02,0.02,0.02,0.02,,,,,,,,,,,,,,,,,,,,,,,,,,,,,,,,,,,,,,,,,,,,EUR,0.15,0.11,Common,tropius,Pokémon,https://www.tcggo.com/pokemon/paldea-evolved/tropius-7,sv2-7,497418,singles
2026-08-23T17:19:56+02:00,,380,5ban Graphics,5ban-graphics,PAL 5,5,715477,193,279,PAL,Pokémon,pokemon,18,https://images.tcggo.com/tcggo/storage/2935/paldea-evolved-logo.png,Paldea Evolved,EUR,1222.85,EUR,1698.95,2023-06-09,1,Scarlet & Violet,scarlet-violet,paldea-evolved,270,2926,https://images.tcggo.com/tcggo/storage/2942/forretress-ex-pal-5-paldea-evolved-pokemon.png,https://www.tcggo.com/external/cm/2926,https://www.tcggo.com/external/tcgplayer/2926,Forretress ex,Forretress ex 5,0.68,0.68,1693,EUR,[],,,,,,,,0.35,0.49,0.49,0.45,0.45,0.35,0.5,0.52,0.02,0.02,,,,,,,,,,,,,,,,,,,,,,,,,,,,,,,,,,,,,,,,,,,,EUR,0.56,0.85,Double Rare,forretress-ex,Pokémon,https://www.tcggo.com/pokemon/paldea-evolved/forretress-ex-5,sv2-5,497416,singles
2026-08-23T17:19:56+02:00,,373,GOSSAN,gossan,PAL 6,6,715478,193,279,PAL,Pokémon,pokemon,18,https://images.tcggo.com/tcggo/storage/2935/paldea-evolved-logo.png,Paldea Evolved,EUR,1222.85,EUR,1698.95,2023-06-09,1,Scarlet & Violet,scarlet-violet,paldea-evolved,130,2927,https://images.tcggo.com/tcggo/storage/2943/heracross-pal-6-paldea-evolved-pokemon.png,https://www.tcggo.com/external/cm/2927,https://www.tcggo.com/external/tcgplayer/2927,Heracross,Heracross 6,0.04,0.03,7680,EUR,[],,,,,,,,0.02,0.02,0.02,0.02,0.02,0.02,0.02,0.02,0.02,0.02,,,,,,,,,,,,,,,,,,,,,,,,,,,,,,,,,,,,,,,,,,,,EUR,0.16,0.12,Uncommon,heracross,Pokémon,https://www.tcggo.com/pokemon/paldea-evolved/heracross-6,sv2-6,497417,singles
2026-08-23T17:19:56+02:00,,520,Megumi Mizutani,megumi-mizutani,PAL 12,12,715484,193,279,PAL,Pokémon,pokemon,18,https://images.tcggo.com/tcggo/storage/2935/paldea-evolved-logo.png,Paldea Evolved,EUR,1222.85,EUR,1698.95,2023-06-09,1,Scarlet & Violet,scarlet-violet,paldea-evolved,60,2928,https://images.tcggo.com/tcggo/storage/2944/sprigatito-pal-12-paldea-evolved-pokemon.png,https://www.tcggo.com/external/cm/2928,https://www.tcggo.com/external/tcgplayer/2928,Sprigatito,Sprigatito 12,0.05,0.05,6826,EUR,[],,,,,,,,0.02,0.02,0.02,0.02,0.02,0.02,0.02,0.02,0.02,0.02,,,,,,,,,,,,,,,,,,,,,,,,,,,,,,,,,,,,,,,,,,,,EUR,0.21,0.13,Common,sprigatito,Pokémon,https://www.tcggo.com/pokemon/paldea-evolved/sprigatito-12,sv2-12,497423,singles
2026-08-23T17:19:56+02:00,,362,Naoyo Kimura,naoyo-kimura,PAL 13,13,715485,193,279,PAL,Pokémon,pokemon,18,https://images.tcggo.com/tcggo/storage/2935/paldea-evolved-logo.png,Paldea Evolved,EUR,1222.85,EUR,1698.95,2023-06-09,1,Scarlet & Violet,scarlet-violet,paldea-evolved,70,2929,https://images.tcggo.com/tcggo/storage/2945/sprigatito-pal-13-paldea-evolved-pokemon.png,https://www.tcggo.com/external/cm/2929,https://www.tcggo.com/external/tcgplayer/2929,Sprigatito,Sprigatito 13,0.05,0.04,4335,EUR,[],,,,,,,,0.03,0.02,0.02,0.02,0.02,0.02,0.02,0.02,0.02,0.02,,,,,,,,,,,,,,,,,,,,,,,,,,,,,,,,,,,,,,,,,,,,EUR,0.27,0.13,Common,sprigatito,Pokémon,https://www.tcggo.com/pokemon/paldea-evolved/sprigatito-13,sv2-13,497424,singles
2026-08-23T17:19:56+02:00,,405,nagimiso,nagimiso,PAL 14,14,715487,193,279,PAL,Pokémon,pokemon,18,https://images.tcggo.com/tcggo/storage/2935/paldea-evolved-logo.png,Paldea Evolved,EUR,1222.85,EUR,1698.95,2023-06-09,1,Scarlet & Violet,scarlet-violet,paldea-evolved,90,2930,https://images.tcggo.com/tcggo/storage/2946/floragato-pal-14-paldea-evolved-pokemon.png,https://www.tcggo.com/external/cm/2930,https://www.tcggo.com/external/tcgplayer/2930,Floragato,Floragato 14,0.04,0.05,7163,EUR,[],,,,,,,,0.02,0.02,0.02,0.02,0.02,0.02,0.02,0.02,0.02,0.02,,,,,,,,,,,,,,,,,,,,,,,,,,,,,,,,,,,,,,,,,,,,EUR,0.22,0.13,Uncommon,floragato,Pokémon,https://www.tcggo.com/pokemon/paldea-evolved/floragato-14,sv2-14,497425,singles
2026-08-23T17:19:56+02:00,,368,Oswaldo KATO,oswaldo-kato,PAL 18,18,715491,193,279,PAL,Pokémon,pokemon,18,https://images.tcggo.com/tcggo/storage/2935/paldea-evolved-logo.png,Paldea Evolved,EUR,1222.85,EUR,1698.95,2023-06-09,1,Scarlet & Violet,scarlet-violet,paldea-evolved,110,2931,https://images.tcggo.com/tcggo/storage/2947/spidops-pal-18-paldea-evolved-pokemon.png,https://www.tcggo.com/external/cm/2931,https://www.tcggo.com/external/tcgplayer/2931,Spidops,Spidops 18,0.03,0.04,7826,EUR,[],,,,,,,,0.02,0.02,0.02,0.02,0.02,0.02,0.02,0.02,0.02,0.02,,,,,,,,,,,,,,,,,,,,,,,,,,,,,,,,,,,,,,,,,,,,EUR,0.16,0.12,Uncommon,spidops,Pokémon,https://www.tcggo.com/pokemon/paldea-evolved/spidops-18,sv2-18,497429,singles
2026-08-23T17:19:56+02:00,,380,5ban Graphics,5ban-graphics,PAL 15,15,715488,193,279,PAL,Pokémon,pokemon,18,https://images.tcggo.com/tcggo/storage/2935/paldea-evolved-logo.png,Paldea Evolved,EUR,1222.85,EUR,1698.95,2023-06-09,1,Scarlet & Violet,scarlet-violet,paldea-evolved,310,2932,https://images.tcggo.com/tcggo/storage/2948/meowscarada-ex-pal-15-paldea-evolved-pokemon.png,https://www.tcggo.com/external/cm/2932,https://www.tcggo.com/external/tcgplayer/2932,Meowscarada ex,Meowscarada ex 15,0.77,0.79,1654,EUR,[],,,,,,,,0.15,0.4,0.4,0.49,0.49,0.15,0.7,0.7,0.1,0.1,,,,,,,,,,,,,,,,,,,,,,,,,,,,,,,,,,,,,,,,,,,,EUR,0.78,0.85,Double Rare,meowscarada-ex,Pokémon,https://www.tcggo.com/pokemon/paldea-evolved/meowscarada-ex-15,sv2-15,497426,singles
2026-08-23T17:19:56+02:00,,483,Kyoko Umemoto,kyoko-umemoto,PAL 16,16,715489,193,279,PAL,Pokémon,pokemon,18,https://images.tcggo.com/tcggo/storage/2935/paldea-evolved-logo.png,Paldea Evolved,EUR,1222.85,EUR,1698.95,2023-06-09,1,Scarlet & Violet,scarlet-violet,paldea-evolved,50,2933,https://images.tcggo.com/tcggo/storage/2949/tarountula-pal-16-paldea-evolved-pokemon.png,https://www.tcggo.com/external/cm/2933,https://www.tcggo.com/external/tcgplayer/2933,Tarountula,Tarountula 16,0.04,0.06,4951,EUR,[],,,,,,,,0.02,0.02,0.02,0.02,0.02,0.02,0.02,0.02,0.02,0.02,,,,,,,,,,,,,,,,,,,,,,,,,,,,,,,,,,,,,,,,,,,,EUR,0.18,0.13,Common,tarountula,Pokémon,https://www.tcggo.com/pokemon/paldea-evolved/tarountula-16,sv2-16,497427,singles
2026-08-23T17:19:56+02:00,,416,Mina Nakai,mina-nakai,PAL 17,17,715490,193,279,PAL,Pokémon,pokemon,18,https://images.tcggo.com/tcggo/storage/2935/paldea-evolved-logo.png,Paldea Evolved,EUR,1222.85,EUR,1698.95,2023-06-09,1,Scarlet & Violet,scarlet-violet,paldea-evolved,60,2934,https://images.tcggo.com/tcggo/storage/2950/tarountula-pal-17-paldea-evolved-pokemon.png,https://www.tcggo.com/external/cm/2934,https://www.tcggo.com/external/tcgplayer/2934,Tarountula,Tarountula 17,0.04,0.04,5414,EUR,[],,,,,,,,0.02,0.02,0.02,0.02,0.02,0.02,0.02,0.02,0.02,0.02,,,,,,,,,,,,,,,,,,,,,,,,,,,,,,,,,,,,,,,,,,,,EUR,0.15,0.13,Common,tarountula,Pokémon,https://www.tcggo.com/pokemon/paldea-evolved/tarountula-17,sv2-17,497428,singles
2026-08-23T17:19:56+02:00,,357,Yoriyuki Ikegami,yoriyuki-ikegami,PAL 8,8,715480,193,279,PAL,Pokémon,pokemon,18,https://images.tcggo.com/tcggo/storage/2935/paldea-evolved-logo.png,Paldea Evolved,EUR,1222.85,EUR,1698.95,2023-06-09,1,Scarlet & Violet,scarlet-violet,paldea-evolved,50,2935,https://images.tcggo.com/tcggo/storage/2951/combee-pal-8-paldea-evolved-pokemon.png,https://www.tcggo.com/external/cm/2935,https://www.tcggo.com/external/tcgplayer/2935,Combee,Combee 8,0.03,0.03,12812,EUR,[],,,,,,,,0.02,0.02,0.02,0.02,0.02,0.02,0.02,0.02,0.02,0.02,,,,,,,,,,,,,,,,,,,,,,,,,,,,,,,,,,,,,,,,,,,,EUR,0.15,0.11,Common,combee,Pokémon,https://www.tcggo.com/pokemon/paldea-evolved/combee-8-1,sv2-8,497419,singles
2026-08-23T17:19:56+02:00,,544,Megumi Higuchi,megumi-higuchi,PAL 9,9,715481,193,279,PAL,Pokémon,pokemon,18,https://images.tcggo.com/tcggo/storage/2935/paldea-evolved-logo.png,Paldea Evolved,EUR,1222.85,EUR,1698.95,2023-06-09,1,Scarlet & Violet,scarlet-violet,paldea-evolved,120,2936,https://images.tcggo.com/tcggo/storage/2952/vespiquen-pal-9-paldea-evolved-pokemon.png,https://www.tcggo.com/external/cm/2936,https://www.tcggo.com/external/tcgplayer/2936,Vespiquen,Vespiquen 9,0.04,0.04,7565,EUR,[],,,,,,,,0.02,0.02,0.02,0.02,0.02,0.02,0.02,0.02,0.02,0.02,,,,,,,,,,,,,,,,,,,,,,,,,,,,,,,,,,,,,,,,,,,,EUR,0.18,0.12,Uncommon,vespiquen,Pokémon,https://www.tcggo.com/pokemon/paldea-evolved/vespiquen-9,sv2-9,497420,singles
2026-08-23T17:19:56+02:00,,398,Taira Akitsu,taira-akitsu,PAL 10,10,715482,193,279,PAL,Pokémon,pokemon,18,https://images.tcggo.com/tcggo/storage/2935/paldea-evolved-logo.png,Paldea Evolved,EUR,1222.85,EUR,1698.95,2023-06-09,1,Scarlet & Violet,scarlet-violet,paldea-evolved,90,2937,https://images.tcggo.com/tcggo/storage/2953/snover-pal-10-paldea-evolved-pokemon.png,https://www.tcggo.com/external/cm/2937,https://www.tcggo.com/external/tcgplayer/2937,Snover,Snover 10,0.02,0.03,13266,EUR,[],,,,,,,,0.02,0.02,0.02,0.02,0.02,0.02,0.02,0.02,0.02,0.02,,,,,,,,,,,,,,,,,,,,,,,,,,,,,,,,,,,,,,,,,,,,EUR,0.15,0.09,Common,snover,Pokémon,https://www.tcggo.com/pokemon/paldea-evolved/snover-10,sv2-10,497421,singles
2026-08-23T17:19:56+02:00,,518,Ryuta Fuse,ryuta-fuse,PAL 11,11,715483,193,279,PAL,Pokémon,pokemon,18,https://images.tcggo.com/tcggo/storage/2935/paldea-evolved-logo.png,Paldea Evolved,EUR,1222.85,EUR,1698.95,2023-06-09,1,Scarlet & Violet,scarlet-violet,paldea-evolved,150,2938,https://images.tcggo.com/tcggo/storage/2954/abomasnow-pal-11-paldea-evolved-pokemon.png,https://www.tcggo.com/external/cm/2938,https://www.tcggo.com/external/tcgplayer/2938,Abomasnow,Abomasnow 11,0.06,0.05,8047,EUR,[],,,,,,,,0.02,0.02,0.02,0.02,0.02,0.02,0.02,0.02,0.02,0.02,,,,,,,,,,,,,,,,,,,,,,,,,,,,,,,,,,,,,,,,,,,,EUR,0.17,0.13,rare,abomasnow,Pokémon,https://www.tcggo.com/pokemon/paldea-evolved/abomasnow-11,sv2-11,497422,singles
2026-08-23T17:19:56+02:00,,498,Sekio,sekio,PAL 20,20,715493,193,279,PAL,Pokémon,pokemon,18,https://images.tcggo.com/tcggo/storage/2935/paldea-evolved-logo.png,Paldea Evolved,EUR,1222.85,EUR,1698.95,2023-06-09,1,Scarlet & Violet,scarlet-violet,paldea-evolved,50,2939,https://images.tcggo.com/tcggo/storage/2955/nymble-pal-20-paldea-evolved-pokemon.png,https://www.tcggo.com/external/cm/2939,https://www.tcggo.com/external/tcgplayer/2939,Nymble,Nymble 20,0.03,0.03,6989,EUR,[],,,,,,,,0.02,0.02,0.02,0.02,0.02,0.02,0.02,0.02,0.02,0.02,,,,,,,,,,,,,,,,,,,,,,,,,,,,,,,,,,,,,,,,,,,,EUR,0.16,0.12,Common,nymble,Pokémon,https://www.tcggo.com/pokemon/paldea-evolved/nymble-20,sv2-20,497431,singles
2026-08-23T17:19:56+02:00,,363,Anesaki Dynamic,anesaki-dynamic,PAL 21,21,715494,193,279,PAL,Pokémon,pokemon,18,https://images.tcggo.com/tcggo/storage/2935/paldea-evolved-logo.png,Paldea Evolved,EUR,1222.85,EUR,1698.95,2023-06-09,1,Scarlet & Violet,scarlet-violet,paldea-evolved,120,2940,https://images.tcggo.com/tcggo/storage/2956/lokix-pal-21-paldea-evolved-pokemon.png,https://www.tcggo.com/external/cm/2940,https://www.tcggo.com/external/tcgplayer/2940,Lokix,Lokix 21,0.06,0.08,8285,EUR,[],,,,,,,,0.03,0.02,0.02,0.02,0.02,0.02,0.02,0.02,0.02,0.02,,,,,,,,,,,,,,,,,,,,,,,,,,,,,,,,,,,,,,,,,,,,EUR,0.19,0.13,rare,lokix,Pokémon,https://www.tcggo.com/pokemon/paldea-evolved/lokix-21,sv2-21,497432,singles
2026-08-23T17:19:56+02:00,,438,Miki Tanaka,miki-tanaka,PAL 23,23,715496,193,279,PAL,Pokémon,pokemon,18,https://images.tcggo.com/tcggo/storage/2935/paldea-evolved-logo.png,Paldea Evolved,EUR,1222.85,EUR,1698.95,2023-06-09,1,Scarlet & Violet,scarlet-violet,paldea-evolved,50,2941,https://images.tcggo.com/tcggo/storage/2957/bramblin-pal-23-paldea-evolved-pokemon.png,https://www.tcggo.com/external/cm/2941,https://www.tcggo.com/external/tcgplayer/2941,Bramblin,Bramblin 23,0.03,0.04,5332,EUR,[],,,,,,,,0.02,0.02,0.02,0.02,0.02,0.02,0.02,0.02,0.02,0.02,,,,,,,,,,,,,,,,,,,,,,,,,,,,,,,,,,,,,,,,,,,,EUR,0.15,0.13,Common,bramblin,Pokémon,https://www.tcggo.com/pokemon/paldea-evolved/bramblin-23,sv2-23,497434,singles
2026-08-23T17:19:56+02:00,,521,Shin Nagasawa,shin-nagasawa,PAL 19,19,715492,193,279,PAL,Pokémon,pokemon,18,https://images.tcggo.com/tcggo/storage/2935/paldea-evolved-logo.png,Paldea Evolved,EUR,1222.85,EUR,1698.95,2023-06-09,1,Scarlet & Violet,scarlet-violet,paldea-evolved,40,2942,https://images.tcggo.com/tcggo/storage/2958/nymble-pal-19-paldea-evolved-pokemon.png,https://www.tcggo.com/external/cm/2942,https://www.tcggo.com/external/tcgplayer/2942,Nymble,Nymble 19,0.04,0.06,5248,EUR,[],,,,,,,,0.03,0.02,0.02,0.02,0.02,0.02,0.02,0.02,0.02,0.02,,,,,,,,,,,,,,,,,,,,,,,,,,,,,,,,,,,,,,,,,,,,EUR,0.17,0.1,Common,nymble,Pokémon,https://www.tcggo.com/pokemon/paldea-evolved/nymble-19,sv2-19,497430,singles
2026-08-23T17:19:56+02:00,,382,KEIICHIRO ITO,keiichiro-ito,PAL 24,24,715497,193,279,PAL,Pokémon,pokemon,18,https://images.tcggo.com/tcggo/storage/2935/paldea-evolved-logo.png,Paldea Evolved,EUR,1222.85,EUR,1698.95,2023-06-09,1,Scarlet & Violet,scarlet-violet,paldea-evolved,100,2943,https://images.tcggo.com/tcggo/storage/2959/brambleghast-pal-24-paldea-evolved-pokemon.png,https://www.tcggo.com/external/cm/2943,https://www.tcggo.com/external/tcgplayer/2943,Brambleghast,Brambleghast 24,0.03,0.03,7973,EUR,[],,,,,,,,0.02,0.02,0.02,0.02,0.02,0.02,0.02,0.02,0.02,0.02,,,,,,,,,,,,,,,,,,,,,,,,,,,,,,,,,,,,,,,,,,,,EUR,0.16,0.13,Uncommon,brambleghast,Pokémon,https://www.tcggo.com/pokemon/paldea-evolved/brambleghast-24,sv2-24,497435,singles
2026-08-23T17:19:56+02:00,,378,Kouki Saitou,kouki-saitou,PAL 25,25,715498,193,279,PAL,Pokémon,pokemon,18,https://images.tcggo.com/tcggo/storage/2935/paldea-evolved-logo.png,Paldea Evolved,EUR,1222.85,EUR,1698.95,2023-06-09,1,Scarlet & Violet,scarlet-violet,paldea-evolved,40,2944,https://images.tcggo.com/tcggo/storage/2960/rellor-pal-25-paldea-evolved-pokemon.png,https://www.tcggo.com/external/cm/2944,https://www.tcggo.com/external/tcgplayer/2944,Rellor,Rellor 25,0.04,0.04,5598,EUR,[],,,,,,,,0.02,0.02,0.02,0.02,0.02,0.02,0.02,0.02,0.02,0.02,,,,,,,,,,,,,,,,,,,,,,,,,,,,,,,,,,,,,,,,,,,,EUR,0.15,0.12,Common,rellor,Pokémon,https://www.tcggo.com/pokemon/paldea-evolved/rellor-25,sv2-25,497436,singles
2026-08-23T17:19:56+02:00,,363,Anesaki Dynamic,anesaki-dynamic,PAL 26,26,715499,193,279,PAL,Pokémon,pokemon,18,https://images.tcggo.com/tcggo/storage/2935/paldea-evolved-logo.png,Paldea Evolved,EUR,1222.85,EUR,1698.95,2023-06-09,1,Scarlet & Violet,scarlet-violet,paldea-evolved,50,2945,https://images.tcggo.com/tcggo/storage/2961/rellor-pal-26-paldea-evolved-pokemon.png,https://www.tcggo.com/external/cm/2945,https://www.tcggo.com/external/tcgplayer/2945,Rellor,Rellor 26,0.03,0.04,5237,EUR,[],,,,,,,,0.02,0.02,0.02,0.02,0.02,0.02,0.02,0.02,0.02,0.02,,,,,,,,,,,,,,,,,,,,,,,,,,,,,,,,,,,,,,,,,,,,EUR,0.2,0.11,Common,rellor,Pokémon,https://www.tcggo.com/pokemon/paldea-evolved/rellor-26,sv2-26,497437,singles
2026-08-23T17:19:56+02:00,,516,Pani Kobayashi,pani-kobayashi,PAL 22,22,715495,193,279,PAL,Pokémon,pokemon,18,https://images.tcggo.com/tcggo/storage/2935/paldea-evolved-logo.png,Paldea Evolved,EUR,1222.85,EUR,1698.95,2023-06-09,1,Scarlet & Violet,scarlet-violet,paldea-evolved,40,2946,https://images.tcggo.com/tcggo/storage/2962/bramblin-pal-22-paldea-evolved-pokemon.png,https://www.tcggo.com/external/cm/2946,https://www.tcggo.com/external/tcgplayer/2946,Bramblin,Bramblin 22,0.03,0.05,5385,EUR,[],,,,,,,,0.02,0.02,0.02,0.02,0.02,0.02,0.02,0.02,0.02,0.02,,,,,,,,,,,,,,,,,,,,,,,,,,,,,,,,,,,,,,,,,,,,EUR,0.16,0.11,Common,bramblin,Pokémon,https://www.tcggo.com/pokemon/paldea-evolved/bramblin-22,sv2-22,497433,singles
2026-08-23T17:19:56+02:00,,380,5ban Graphics,5ban-graphics,PAL 27,27,715500,193,279,PAL,Pokémon,pokemon,18,https://images.tcggo.com/tcggo/storage/2935/paldea-evolved-logo.png,Paldea Evolved,EUR,1222.85,EUR,1698.95,2023-06-09,1,Scarlet & Violet,scarlet-violet,paldea-evolved,230,2947,https://images.tcggo.com/tcggo/storage/2963/wo-chien-ex-pal-27-paldea-evolved-pokemon.png,https://www.tcggo.com/external/cm/2947,https://www.tcggo.com/external/tcgplayer/2947,Wo-Chien ex,Wo-Chien ex 27,0.72,0.63,1375,EUR,[],,,,,,,,0.3,0.25,0.25,0.7,0.7,0.3,0.36,0.36,0.1,0.1,,,,,,,,,,,,,,,,,,,,,,,,,,,,,,,,,,,,,,,,,,,,EUR,0.64,0.85,Double Rare,wo-chien-ex,Pokémon,https://www.tcggo.com/pokemon/paldea-evolved/wo-chien-ex-27,sv2-27,497438,singles
2026-08-23T17:19:56+02:00,,513,ryoma uratsuka,ryoma-uratsuka,PAL 35,35,715509,193,279,PAL,Pokémon,pokemon,18,https://images.tcggo.com/tcggo/storage/2935/paldea-evolved-logo.png,Paldea Evolved,EUR,1222.85,EUR,1698.95,2023-06-09,1,Scarlet & Violet,scarlet-violet,paldea-evolved,90,2948,https://images.tcggo.com/tcggo/storage/2964/fuecoco-pal-35-paldea-evolved-pokemon.png,https://www.tcggo.com/external/cm/2948,https://www.tcggo.com/external/tcgplayer/2948,Fuecoco,Fuecoco 35,0.04,0.04,7367,EUR,[],,,,,,,,0.02,0.02,0.02,0.02,0.02,0.02,0.02,0.02,0.02,0.02,,,,,,,,,,,,,,,,,,,,,,,,,,,,,,,,,,,,,,,,,,,,EUR,0.55,0.13,Common,fuecoco,Pokémon,https://www.tcggo.com/pokemon/paldea-evolved/fuecoco-35,sv2-35,497446,singles
2026-08-23T17:19:56+02:00,,402,Hitoshi Ariga,hitoshi-ariga,PAL 36,36,715510,193,279,PAL,Pokémon,pokemon,18,https://images.tcggo.com/tcggo/storage/2935/paldea-evolved-logo.png,Paldea Evolved,EUR,1222.85,EUR,1698.95,2023-06-09,1,Scarlet & Violet,scarlet-violet,paldea-evolved,110,2949,https://images.tcggo.com/tcggo/storage/2965/crocalor-pal-36-paldea-evolved-pokemon.png,https://www.tcggo.com/external/cm/2949,https://www.tcggo.com/external/tcgplayer/2949,Crocalor,Crocalor 36,0.04,0.03,7902,EUR,[],,,,,,,,0.03,0.02,0.02,0.02,0.02,0.02,0.02,0.02,0.02,0.02,,,,,,,,,,,,,,,,,,,,,,,,,,,,,,,,,,,,,,,,,,,,EUR,0.18,0.13,Uncommon,crocalor,Pokémon,https://www.tcggo.com/pokemon/paldea-evolved/crocalor-36,sv2-36,497447,singles
2026-08-23T17:19:56+02:00,,382,KEIICHIRO ITO,keiichiro-ito,PAL 39,39,715513,193,279,PAL,Pokémon,pokemon,18,https://images.tcggo.com/tcggo/storage/2935/paldea-evolved-logo.png,Paldea Evolved,EUR,1222.85,EUR,1698.95,2023-06-09,1,Scarlet & Violet,scarlet-violet,paldea-evolved,80,2950,https://images.tcggo.com/tcggo/storage/2966/charcadet-pal-39-paldea-evolved-pokemon.png,https://www.tcggo.com/external/cm/2950,https://www.tcggo.com/external/tcgplayer/2950,Charcadet,Charcadet 39,0.04,0.04,5273,EUR,[],,,,,,,,0.03,0.02,0.02,0.02,0.02,0.02,0.02,0.02,0.02,0.02,,,,,,,,,,,,,,,,,,,,,,,,,,,,,,,,,,,,,,,,,,,,EUR,0.19,0.13,Common,charcadet,Pokémon,https://www.tcggo.com/pokemon/paldea-evolved/charcadet-39,sv2-39,497450,singles
2026-08-23T17:19:56+02:00,,491,Yuya Oka,yuya-oka,PAL 43,43,715517,193,279,PAL,Pokémon,pokemon,18,https://images.tcggo.com/tcggo/storage/2935/paldea-evolved-logo.png,Paldea Evolved,EUR,1222.85,EUR,1698.95,2023-06-09,1,Scarlet & Violet,scarlet-violet,paldea-evolved,180,2951,https://images.tcggo.com/tcggo/storage/2967/gyarados-pal-43-paldea-evolved-pokemon.png,https://www.tcggo.com/external/cm/2951,https://www.tcggo.com/external/tcgplayer/2951,Gyarados,Gyarados 43,0.18,0.29,5396,EUR,[],,,,,,,,0.02,0.02,0.02,0.04,0.04,0.02,0.02,0.02,0.02,0.02,USD,,,,,,,,,,,,,,,,,,,,,,,,,,,23.81,2,,,,,,,,,,,,,,,EUR,0.37,0.23,rare,gyarados,Pokémon,https://www.tcggo.com/pokemon/paldea-evolved/gyarados-43,sv2-43,497454,singles
2026-08-23T17:19:56+02:00,,513,ryoma uratsuka,ryoma-uratsuka,PAL 47,47,715521,193,279,PAL,Pokémon,pokemon,18,https://images.tcggo.com/tcggo/storage/2935/paldea-evolved-logo.png,Paldea Evolved,EUR,1222.85,EUR,1698.95,2023-06-09,1,Scarlet & Violet,scarlet-violet,paldea-evolved,70,2952,https://images.tcggo.com/tcggo/storage/2968/luvdisc-pal-47-paldea-evolved-pokemon.png,https://www.tcggo.com/external/cm/2952,https://www.tcggo.com/external/tcgplayer/2952,Luvdisc,Luvdisc 47,0.03,0.03,12521,EUR,[],,,,,,,,0.02,0.02,0.02,0.02,0.02,0.02,0.02,0.02,0.02,0.02,,,,,,,,,,,,,,,,,,,,,,,,,,,,,,,,,,,,,,,,,,,,EUR,0.19,0.1,Common,luvdisc,Pokémon,https://www.tcggo.com/pokemon/paldea-evolved/luvdisc-47,sv2-47,497458,singles
2026-08-23T17:19:56+02:00,,463,Naoki Saito,naoki-saito,PAL 50,50,715524,193,279,PAL,Pokémon,pokemon,18,https://images.tcggo.com/tcggo/storage/2935/paldea-evolved-logo.png,Paldea Evolved,EUR,1222.85,EUR,1698.95,2023-06-09,1,Scarlet & Violet,scarlet-violet,paldea-evolved,70,2953,https://images.tcggo.com/tcggo/storage/2969/quaxly-pal-50-paldea-evolved-pokemon.png,https://www.tcggo.com/external/cm/2953,https://www.tcggo.com/external/tcgplayer/2953,Quaxly,Quaxly 50,0.05,0.06,7303,EUR,[],,,,,,,,0.02,0.02,0.02,0.02,0.02,0.02,0.02,0.02,0.03,0.02,,,,,,,,,,,,,,,,,,,,,,,,,,,,,,,,,,,,,,,,,,,,EUR,0.15,0.13,Common,quaxly,Pokémon,https://www.tcggo.com/pokemon/paldea-evolved/quaxly-50,sv2-50,497461,singles
2026-08-23T17:19:56+02:00,,377,Souichirou Gunjima,souichirou-gunjima,PAL 51,51,715526,193,279,PAL,Pokémon,pokemon,18,https://images.tcggo.com/tcggo/storage/2935/paldea-evolved-logo.png,Paldea Evolved,EUR,1222.85,EUR,1698.95,2023-06-09,1,Scarlet & Violet,scarlet-violet,paldea-evolved,90,2954,https://images.tcggo.com/tcggo/storage/2970/quaxwell-pal-51-paldea-evolved-pokemon.png,https://www.tcggo.com/external/cm/2954,https://www.tcggo.com/external/tcgplayer/2954,Quaxwell,Quaxwell 51,0.04,0.05,7832,EUR,[],,,,,,,,0.02,0.02,0.02,0.02,0.02,0.02,0.02,0.02,0.02,0.02,,,,,,,,,,,,,,,,,,,,,,,,,,,,,,,,,,,,,,,,,,,,EUR,0.14,0.12,Uncommon,quaxwell,Pokémon,https://www.tcggo.com/pokemon/paldea-evolved/quaxwell-51,sv2-51,497462,singles
2026-08-23T17:19:56+02:00,,493,kurumitsu,kurumitsu,PAL 29,29,715502,193,279,PAL,Pokémon,pokemon,18,https://images.tcggo.com/tcggo/storage/2935/paldea-evolved-logo.png,Paldea Evolved,EUR,1222.85,EUR,1698.95,2023-06-09,1,Scarlet & Violet,scarlet-violet,paldea-evolved,80,2955,https://images.tcggo.com/tcggo/storage/2971/fletchinder-pal-29-paldea-evolved-pokemon.png,https://www.tcggo.com/external/cm/2955,https://www.tcggo.com/external/tcgplayer/2955,Fletchinder,Fletchinder 29,0.03,0.04,7917,EUR,[],,,,,,,,0.02,0.02,0.02,0.02,0.02,0.02,0.02,0.02,0.02,0.02,,,,,,,,,,,,,,,,,,,,,,,,,,,,,,,,,,,,,,,,,,,,EUR,0.18,0.1,Uncommon,fletchinder,Pokémon,https://www.tcggo.com/pokemon/paldea-evolved/fletchinder-29,sv2-29,497440,singles
2026-08-23T17:19:56+02:00,,409,Yuu Nishida,yuu-nishida,PAL 31,31,715504,193,279,PAL,Pokémon,pokemon,18,https://images.tcggo.com/tcggo/storage/2935/paldea-evolved-logo.png,Paldea Evolved,EUR,1222.85,EUR,1698.95,2023-06-09,1,Scarlet & Violet,scarlet-violet,paldea-evolved,70,2956,https://images.tcggo.com/tcggo/storage/2972/litleo-pal-31-paldea-evolved-pokemon.png,https://www.tcggo.com/external/cm/2956,https://www.tcggo.com/external/tcgplayer/2956,Litleo,Litleo 31,0.02,0.02,12961,EUR,[],,,,,,,,0.02,0.02,0.02,0.02,0.02,0.02,0.02,0.02,0.02,0.02,,,,,,,,,,,,,,,,,,,,,,,,,,,,,,,,,,,,,,,,,,,,EUR,0.13,0.1,Common,litleo,Pokémon,https://www.tcggo.com/pokemon/paldea-evolved/litleo-31,sv2-31,498857,singles
2026-08-23T17:19:56+02:00,,428,Uta,uta,PAL 32,32,715505,193,279,PAL,Pokémon,pokemon,18,https://images.tcggo.com/tcggo/storage/2935/paldea-evolved-logo.png,Paldea Evolved,EUR,1222.85,EUR,1698.95,2023-06-09,1,Scarlet & Violet,scarlet-violet,paldea-evolved,120,2957,https://images.tcggo.com/tcggo/storage/2973/pyroar-pal-32-paldea-evolved-pokemon.png,https://www.tcggo.com/external/cm/2957,https://www.tcggo.com/external/tcgplayer/2957,Pyroar,Pyroar 32,0.03,0.03,7992,EUR,[],,,,,,,,0.02,0.02,0.02,0.02,0.02,0.02,0.02,0.02,0.02,0.02,,,,,,,,,,,,,,,,,,,,,,,,,,,,,,,,,,,,,,,,,,,,EUR,0.18,0.12,Uncommon,pyroar,Pokémon,https://www.tcggo.com/pokemon/paldea-evolved/pyroar-32,sv2-32,497443,singles
2026-08-23T17:19:56+02:00,,434,AKIRA EGAWA,akira-egawa,PAL 28,28,715501,193,279,PAL,Pokémon,pokemon,18,https://images.tcggo.com/tcggo/storage/2935/paldea-evolved-logo.png,Paldea Evolved,EUR,1222.85,EUR,1698.95,2023-06-09,1,Scarlet & Violet,scarlet-violet,paldea-evolved,130,2958,https://images.tcggo.com/tcggo/storage/2974/paldean-tauros-pal-28-paldea-evolved-pokemon.png,https://www.tcggo.com/external/cm/2958,https://www.tcggo.com/external/tcgplayer/2958,Paldean Tauros,Paldean Tauros 28,0.08,0.09,3391,EUR,[],,,,,,,,0.02,0.02,0.02,0.02,0.02,0.02,0.02,0.02,0.03,0.02,,,,,,,,,,,,,,,,,,,,,,,,,,,,,,,,,,,,,,,,,,,,EUR,0.2,0.13,Uncommon,paldean-tauros,Pokémon,https://www.tcggo.com/pokemon/paldea-evolved/paldean-tauros-28,sv2-28,497439,singles
2026-08-23T17:19:56+02:00,,380,5ban Graphics,5ban-graphics,PAL 37,37,715511,193,279,PAL,Pokémon,pokemon,18,https://images.tcggo.com/tcggo/storage/2935/paldea-evolved-logo.png,Paldea Evolved,EUR,1222.85,EUR,1698.95,2023-06-09,1,Scarlet & Violet,scarlet-violet,paldea-evolved,340,2959,https://images.tcggo.com/tcggo/storage/2975/skeledirge-ex-pal-37-paldea-evolved-pokemon.png,https://www.tcggo.com/external/cm/2959,https://www.tcggo.com/external/tcgplayer/2959,Skeledirge ex,Skeledirge ex 37,0.69,0.73,1317,EUR,[],,,,,,,,0.3,0.4,0.4,0.69,0.69,0.4,0.7,0.7,0.15,0.15,,,,,,,,,,,,,,,,,,,,,,,,,,,,,,,,,,,,,,,,,,,,EUR,0.78,0.85,Double Rare,skeledirge-ex,Pokémon,https://www.tcggo.com/pokemon/paldea-evolved/skeledirge-ex-37,sv2-37,497448,singles
2026-08-23T17:19:56+02:00,,380,5ban Graphics,5ban-graphics,PAL 40,40,715514,193,279,PAL,Pokémon,pokemon,18,https://images.tcggo.com/tcggo/storage/2935/paldea-evolved-logo.png,Paldea Evolved,EUR,1222.85,EUR,1698.95,2023-06-09,1,Scarlet & Violet,scarlet-violet,paldea-evolved,190,2960,https://images.tcggo.com/tcggo/storage/2976/chi-yu-ex-pal-40-paldea-evolved-pokemon.png,https://www.tcggo.com/external/cm/2960,https://www.tcggo.com/external/tcgplayer/2960,Chi-Yu ex,Chi-Yu ex 40,0.66,0.69,1660,EUR,[],,,,,,,,0.25,0.2,0.2,0.15,0.15,0.25,0.5,0.5,0.1,0.1,,,,,,,,,,,,,,,,,,,,,,,,,,,,,,,,,,,,,,,,,,,,EUR,0.58,0.84,Double Rare,chi-yu-ex,Pokémon,https://www.tcggo.com/pokemon/paldea-evolved/chi-yu-ex-40,sv2-40,497451,singles
2026-08-23T17:19:56+02:00,,359,HYOGONOSUKE,hyogonosuke,PAL 42,42,715516,193,279,PAL,Pokémon,pokemon,18,https://images.tcggo.com/tcggo/storage/2935/paldea-evolved-logo.png,Paldea Evolved,EUR,1222.85,EUR,1698.95,2023-06-09,1,Scarlet & Violet,scarlet-violet,paldea-evolved,30,2961,https://images.tcggo.com/tcggo/storage/2977/magikarp-pal-42-paldea-evolved-pokemon.png,https://www.tcggo.com/external/cm/2961,https://www.tcggo.com/external/tcgplayer/2961,Magikarp,Magikarp 42,0.05,0.05,10426,EUR,[],,,,,,,,0.03,0.02,0.02,0.02,0.02,0.03,0.02,0.02,0.02,0.02,,,,,,,,,,,,,,,,,,,,,,,,,,,,,,,,,,,,,,,,,,,,EUR,0.28,0.13,Common,magikarp,Pokémon,https://www.tcggo.com/pokemon/paldea-evolved/magikarp-42,sv2-42,497453,singles
2026-08-23T17:19:56+02:00,,391,saino misaki,saino-misaki,PAL 44,44,715518,193,279,PAL,Pokémon,pokemon,18,https://images.tcggo.com/tcggo/storage/2935/paldea-evolved-logo.png,Paldea Evolved,EUR,1222.85,EUR,1698.95,2023-06-09,1,Scarlet & Violet,scarlet-violet,paldea-evolved,70,2962,https://images.tcggo.com/tcggo/storage/2978/marill-pal-44-paldea-evolved-pokemon.png,https://www.tcggo.com/external/cm/2962,https://www.tcggo.com/external/tcgplayer/2962,Marill,Marill 44,0.03,0.04,12685,EUR,[],,,,,,,,0.02,0.02,0.02,0.02,0.02,0.02,0.02,0.02,0.02,0.02,,,,,,,,,,,,,,,,,,,,,,,,,,,,,,,,,,,,,,,,,,,,EUR,0.18,0.1,Common,marill,Pokémon,https://www.tcggo.com/pokemon/paldea-evolved/marill-44,sv2-44,497455,singles
2026-08-23T17:19:56+02:00,,477,En Morikura,en-morikura,PAL 45,45,715519,193,279,PAL,Pokémon,pokemon,18,https://images.tcggo.com/tcggo/storage/2935/paldea-evolved-logo.png,Paldea Evolved,EUR,1222.85,EUR,1698.95,2023-06-09,1,Scarlet & Violet,scarlet-violet,paldea-evolved,120,2963,https://images.tcggo.com/tcggo/storage/2979/azumarill-pal-45-paldea-evolved-pokemon.png,https://www.tcggo.com/external/cm/2963,https://www.tcggo.com/external/tcgplayer/2963,Azumarill,Azumarill 45,0.04,0.04,7846,EUR,[],,,,,,,,0.02,0.02,0.02,0.02,0.02,0.02,0.02,0.02,0.02,0.02,,,,,,,,,,,,,,,,,,,,,,,,,,,,,,,,,,,,,,,,,,,,EUR,0.17,0.12,Uncommon,azumarill,Pokémon,https://www.tcggo.com/pokemon/paldea-evolved/azumarill-45,sv2-45,497456,singles
2026-08-23T17:19:56+02:00,,449,miki kudo,miki-kudo,PAL 46,46,715520,193,279,PAL,Pokémon,pokemon,18,https://images.tcggo.com/tcggo/storage/2935/paldea-evolved-logo.png,Paldea Evolved,EUR,1222.85,EUR,1698.95,2023-06-09,1,Scarlet & Violet,scarlet-violet,paldea-evolved,90,2964,https://images.tcggo.com/tcggo/storage/2980/delibird-pal-46-paldea-evolved-pokemon.png,https://www.tcggo.com/external/cm/2964,https://www.tcggo.com/external/tcgplayer/2964,Delibird,Delibird 46,0.03,0.03,,EUR,[],,,,,,,,0.02,0.02,0.02,0.02,0.02,0.02,0.02,0.02,0.02,0.02,,,,,,,,,,,,,,,,,,,,,,,,,,,,,,,,,,,,,,,,,,,,EUR,0.14,0.11,Common,delibird,Pokémon,https://www.tcggo.com/pokemon/paldea-evolved/delibird-46,sv2-46,497457,singles
2026-08-23T17:19:56+02:00,,380,5ban Graphics,5ban-graphics,PAL 52,52,715527,193,279,PAL,Pokémon,pokemon,18,https://images.tcggo.com/tcggo/storage/2935/paldea-evolved-logo.png,Paldea Evolved,EUR,1222.85,EUR,1698.95,2023-06-09,1,Scarlet & Violet,scarlet-violet,paldea-evolved,320,2965,https://images.tcggo.com/tcggo/storage/2981/quaquaval-ex-pal-52-paldea-evolved-pokemon.png,https://www.tcggo.com/external/cm/2965,https://www.tcggo.com/external/tcgplayer/2965,Quaquaval ex,Quaquaval ex 52,0.68,0.67,1631,EUR,[],,,,,,,,0.25,0.25,0.25,0.5,0.5,0.25,0.49,0.49,0.09,0.09,,,,,,,,,,,,,,,,,,,,,,,,,,,,,,,,,,,,,,,,,,,,EUR,0.74,0.85,Double Rare,quaquaval-ex,Pokémon,https://www.tcggo.com/pokemon/paldea-evolved/quaquaval-ex-52,sv2-52,497463,singles
2026-08-23T17:19:56+02:00,,395,Nisota Niso,nisota-niso,PAL 30,30,715503,193,279,PAL,Pokémon,pokemon,18,https://images.tcggo.com/tcggo/storage/2935/paldea-evolved-logo.png,Paldea Evolved,EUR,1222.85,EUR,1698.95,2023-06-09,1,Scarlet & Violet,scarlet-violet,paldea-evolved,150,2966,https://images.tcggo.com/tcggo/storage/2982/talonflame-pal-30-paldea-evolved-pokemon.png,https://www.tcggo.com/external/cm/2966,https://www.tcggo.com/external/tcgplayer/2966,Talonflame,Talonflame 30,0.04,0.04,7795,EUR,[],,,,,,,,0.03,0.02,0.02,0.02,0.02,0.02,0.02,0.02,0.02,0.02,,,,,,,,,,,,,,,,,,,,,,,,,,,,,,,,,,,,,,,,,,,,EUR,0.16,0.12,Uncommon,talonflame,Pokémon,https://www.tcggo.com/pokemon/paldea-evolved/talonflame-30,sv2-30,497442,singles
2026-08-23T17:19:56+02:00,,487,Haru Akasaka,haru-akasaka,PAL 33,33,715506,193,279,PAL,Pokémon,pokemon,18,https://images.tcggo.com/tcggo/storage/2935/paldea-evolved-logo.png,Paldea Evolved,EUR,1222.85,EUR,1698.95,2023-06-09,1,Scarlet & Violet,scarlet-violet,paldea-evolved,90,2967,https://images.tcggo.com/tcggo/storage/2983/oricorio-pal-33-paldea-evolved-pokemon.png,https://www.tcggo.com/external/cm/2967,https://www.tcggo.com/external/tcgplayer/2967,Oricorio,Oricorio 33,0.07,0.07,6148,EUR,[],,,,,,,,0.02,0.02,0.02,0.02,0.02,0.02,0.02,0.02,0.02,0.02,,,,,,,,,,,,,,,,,,,,,,,,,,,,,,,,,,,,,,,,,,,,EUR,0.19,0.15,rare,oricorio,Pokémon,https://www.tcggo.com/pokemon/paldea-evolved/oricorio-33,sv2-33,497444,singles
2026-08-23T17:19:56+02:00,,484,Kagemaru Himeno,kagemaru-himeno,PAL 34,34,715507,193,279,PAL,Pokémon,pokemon,18,https://images.tcggo.com/tcggo/storage/2935/paldea-evolved-logo.png,Paldea Evolved,EUR,1222.85,EUR,1698.95,2023-06-09,1,Scarlet & Violet,scarlet-violet,paldea-evolved,80,2968,https://images.tcggo.com/tcggo/storage/2984/fuecoco-pal-34-paldea-evolved-pokemon.png,https://www.tcggo.com/external/cm/2968,https://www.tcggo.com/external/tcgplayer/2968,Fuecoco,Fuecoco 34,0.05,0.04,5337,EUR,[],,,,,,,,0.03,0.02,0.02,0.02,0.02,0.02,0.02,0.02,0.02,0.02,,,,,,,,,,,,,,,,,,,,,,,,,,,,,,,,,,,,,,,,,,,,EUR,0.2,0.13,Common,fuecoco,Pokémon,https://www.tcggo.com/pokemon/paldea-evolved/fuecoco-34,sv2-34,497445,singles
2026-08-23T17:19:56+02:00,,490,takuyoa,takuyoa,PAL 38,38,715512,193,279,PAL,Pokémon,pokemon,18,https://images.tcggo.com/tcggo/storage/2935/paldea-evolved-logo.png,Paldea Evolved,EUR,1222.85,EUR,1698.95,2023-06-09,1,Scarlet & Violet,scarlet-violet,paldea-evolved,60,2969,https://images.tcggo.com/tcggo/storage/2985/charcadet-pal-38-paldea-evolved-pokemon.png,https://www.tcggo.com/external/cm/2969,https://www.tcggo.com/external/tcgplayer/2969,Charcadet,Charcadet 38,0.04,0.05,5143,EUR,[],,,,,,,,0.02,0.02,0.02,0.02,0.02,0.02,0.02,0.02,0.02,0.02,,,,,,,,,,,,,,,,,,,,,,,,,,,,,,,,,,,,,,,,,,,,EUR,0.19,0.13,Common,charcadet,Pokémon,https://www.tcggo.com/pokemon/paldea-evolved/charcadet-38,sv2-38,497449,singles
2026-08-23T17:19:56+02:00,,368,Oswaldo KATO,oswaldo-kato,PAL 41,41,715515,193,279,PAL,Pokémon,pokemon,18,https://images.tcggo.com/tcggo/storage/2935/paldea-evolved-logo.png,Paldea Evolved,EUR,1222.85,EUR,1698.95,2023-06-09,1,Scarlet & Violet,scarlet-violet,paldea-evolved,130,2970,https://images.tcggo.com/tcggo/storage/2986/paldean-tauros-pal-41-paldea-evolved-pokemon.png,https://www.tcggo.com/external/cm/2970,https://www.tcggo.com/external/tcgplayer/2970,Paldean Tauros,Paldean Tauros 41,0.06,0.05,4292,EUR,[],,,,,,,,0.03,0.02,0.02,0.02,0.02,0.02,0.02,0.02,0.02,0.02,,,,,,,,,,,,,,,,,,,,,,,,,,,,,,,,,,,,,,,,,,,,EUR,0.17,0.13,Uncommon,paldean-tauros,Pokémon,https://www.tcggo.com/pokemon/paldea-evolved/paldean-tauros-41,sv2-41,497452,singles
2026-08-23T17:19:56+02:00,,408,kawayoo,kawayoo,PAL 48,48,715522,193,279,PAL,Pokémon,pokemon,18,https://images.tcggo.com/tcggo/storage/2935/paldea-evolved-logo.png,Paldea Evolved,EUR,1222.85,EUR,1698.95,2023-06-09,1,Scarlet & Violet,scarlet-violet,paldea-evolved,110,2971,https://images.tcggo.com/tcggo/storage/2987/eiscue-pal-48-paldea-evolved-pokemon.png,https://www.tcggo.com/external/cm/2971,https://www.tcggo.com/external/tcgplayer/2971,Eiscue,Eiscue 48,0.04,0.03,7866,EUR,[],,,,,,,,0.02,0.02,0.02,0.02,0.02,0.02,0.02,0.02,0.02,0.02,,,,,,,,,,,,,,,,,,,,,,,,,,,,,,,,,,,,,,,,,,,,EUR,0.19,0.13,Uncommon,eiscue,Pokémon,https://www.tcggo.com/pokemon/paldea-evolved/eiscue-48,sv2-48,497459,singles
2026-08-23T17:19:56+02:00,,503,sui,sui,PAL 49,49,715523,193,279,PAL,Pokémon,pokemon,18,https://images.tcggo.com/tcggo/storage/2935/paldea-evolved-logo.png,Paldea Evolved,EUR,1222.85,EUR,1698.95,2023-06-09,1,Scarlet & Violet,scarlet-violet,paldea-evolved,60,2972,https://images.tcggo.com/tcggo/storage/2988/quaxly-pal-49-paldea-evolved-pokemon.png,https://www.tcggo.com/external/cm/2972,https://www.tcggo.com/external/tcgplayer/2972,Quaxly,Quaxly 49,0.04,0.04,5284,EUR,[],,,,,,,,0.03,0.02,0.02,0.02,0.02,0.02,0.02,0.02,0.02,0.02,,,,,,,,,,,,,,,,,,,,,,,,,,,,,,,,,,,,,,,,,,,,EUR,0.18,0.13,Common,quaxly,Pokémon,https://www.tcggo.com/pokemon/paldea-evolved/quaxly-49,sv2-49,497460,singles
2026-08-23T17:19:56+02:00,,360,Saya Tsuruta,saya-tsuruta,PAL 54,54,715529,193,279,PAL,Pokémon,pokemon,18,https://images.tcggo.com/tcggo/storage/2935/paldea-evolved-logo.png,Paldea Evolved,EUR,1222.85,EUR,1698.95,2023-06-09,1,Scarlet & Violet,scarlet-violet,paldea-evolved,100,2973,https://images.tcggo.com/tcggo/storage/2989/cetoddle-pal-54-paldea-evolved-pokemon.png,https://www.tcggo.com/external/cm/2973,https://www.tcggo.com/external/tcgplayer/2973,Cetoddle,Cetoddle 54,0.05,0.04,5262,EUR,[],,,,,,,,0.02,0.02,0.02,0.02,0.02,0.02,0.02,0.02,0.02,0.02,,,,,,,,,,,,,,,,,,,,,,,,,,,,,,,,,,,,,,,,,,,,EUR,0.16,0.13,Common,cetoddle,Pokémon,https://www.tcggo.com/pokemon/paldea-evolved/cetoddle-54,sv2-54,497465,singles
2026-08-23T17:19:56+02:00,,363,Anesaki Dynamic,anesaki-dynamic,PAL 56,56,715531,193,279,PAL,Pokémon,pokemon,18,https://images.tcggo.com/tcggo/storage/2935/paldea-evolved-logo.png,Paldea Evolved,EUR,1222.85,EUR,1698.95,2023-06-09,1,Scarlet & Violet,scarlet-violet,paldea-evolved,130,2974,https://images.tcggo.com/tcggo/storage/2990/veluza-pal-56-paldea-evolved-pokemon.png,https://www.tcggo.com/external/cm/2974,https://www.tcggo.com/external/tcgplayer/2974,Veluza,Veluza 56,0.07,0.08,7978,EUR,[],,,,,,,,0.02,0.02,0.02,0.02,0.02,0.02,0.02,0.02,0.02,0.02,,,,,,,,,,,,,,,,,,,,,,,,,,,,,,,,,,,,,,,,,,,,EUR,0.19,0.13,rare,veluza,Pokémon,https://www.tcggo.com/pokemon/paldea-evolved/veluza-56,sv2-56,497467,singles
2026-08-23T17:19:56+02:00,,434,AKIRA EGAWA,akira-egawa,PAL 58,58,715533,193,279,PAL,Pokémon,pokemon,18,https://images.tcggo.com/tcggo/storage/2935/paldea-evolved-logo.png,Paldea Evolved,EUR,1222.85,EUR,1698.95,2023-06-09,1,Scarlet & Violet,scarlet-violet,paldea-evolved,70,2975,https://images.tcggo.com/tcggo/storage/2991/frigibax-pal-58-paldea-evolved-pokemon.png,https://www.tcggo.com/external/cm/2975,https://www.tcggo.com/external/tcgplayer/2975,Frigibax,Frigibax 58,0.04,0.04,6106,EUR,[],,,,,,,,0.03,0.02,0.02,0.02,0.02,0.02,0.02,0.02,0.02,0.02,,,,,,,,,,,,,,,,,,,,,,,,,,,,,,,,,,,,,,,,,,,,EUR,0.17,0.13,Common,frigibax,Pokémon,https://www.tcggo.com/pokemon/paldea-evolved/frigibax-58,sv2-58,497469,singles
2026-08-23T17:19:56+02:00,,513,ryoma uratsuka,ryoma-uratsuka,PAL 65,65,715540,193,279,PAL,Pokémon,pokemon,18,https://images.tcggo.com/tcggo/storage/2935/paldea-evolved-logo.png,Paldea Evolved,EUR,1222.85,EUR,1698.95,2023-06-09,1,Scarlet & Violet,scarlet-violet,paldea-evolved,50,2976,https://images.tcggo.com/tcggo/storage/2992/magnemite-pal-65-paldea-evolved-pokemon.png,https://www.tcggo.com/external/cm/2976,https://www.tcggo.com/external/tcgplayer/2976,Magnemite,Magnemite 65,0.03,0.03,12380,EUR,[],,,,,,,,0.03,0.02,0.02,0.02,0.02,0.02,0.02,0.02,0.02,0.02,,,,,,,,,,,,,,,,,,,,,,,,,,,,,,,,,,,,,,,,,,,,EUR,0.19,0.13,Common,magnemite,Pokémon,https://www.tcggo.com/pokemon/paldea-evolved/magnemite-65,sv2-65,497476,singles
2026-08-23T17:19:56+02:00,,378,Kouki Saitou,kouki-saitou,PAL 59,59,715534,193,279,PAL,Pokémon,pokemon,18,https://images.tcggo.com/tcggo/storage/2935/paldea-evolved-logo.png,Paldea Evolved,EUR,1222.85,EUR,1698.95,2023-06-09,1,Scarlet & Violet,scarlet-violet,paldea-evolved,90,2977,https://images.tcggo.com/tcggo/storage/2993/arctibax-pal-59-paldea-evolved-pokemon.png,https://www.tcggo.com/external/cm/2977,https://www.tcggo.com/external/tcgplayer/2977,Arctibax,Arctibax 59,0.04,0.05,10633,EUR,[],,,,,,,,0.03,0.02,0.02,0.02,0.02,0.02,0.02,0.02,0.02,0.02,,,,,,,,,,,,,,,,,,,,,,,,,,,,,,,,,,,,,,,,,,,,EUR,0.21,0.13,Uncommon,arctibax,Pokémon,https://www.tcggo.com/pokemon/paldea-evolved/arctibax-59,sv2-59,497470,singles
2026-08-23T17:19:56+02:00,,489,N-DESIGN Inc.,n-design-inc,PAL 63,63,715538,193,279,PAL,Pokémon,pokemon,18,https://images.tcggo.com/tcggo/storage/2935/paldea-evolved-logo.png,Paldea Evolved,EUR,1222.85,EUR,1698.95,2023-06-09,1,Scarlet & Violet,scarlet-violet,paldea-evolved,190,2978,https://images.tcggo.com/tcggo/storage/2994/pikachu-ex-pal-63-paldea-evolved-pokemon.png,https://www.tcggo.com/external/cm/2978,https://www.tcggo.com/external/tcgplayer/2978,Pikachu ex,Pikachu ex 63,2.1,2.45,528,EUR,[],,,,,,,,1,1,1.75,1.8,1.8,1.5,1.5,1.5,0.4,0.4,,,,,,,,,,,,,,,,,,,,,,,,,,,,,,,,,,,,,,,,,,,,EUR,3.97,2.91,Double Rare,pikachu-ex,Pokémon,https://www.tcggo.com/pokemon/paldea-evolved/pikachu-ex-63,sv2-63,497474,singles
2026-08-23T17:19:56+02:00,,498,Sekio,sekio,PAL 53,53,715528,193,279,PAL,Pokémon,pokemon,18,https://images.tcggo.com/tcggo/storage/2935/paldea-evolved-logo.png,Paldea Evolved,EUR,1222.85,EUR,1698.95,2023-06-09,1,Scarlet & Violet,scarlet-violet,paldea-evolved,90,2979,https://images.tcggo.com/tcggo/storage/2995/cetoddle-pal-53-paldea-evolved-pokemon.png,https://www.tcggo.com/external/cm/2979,https://www.tcggo.com/external/tcgplayer/2979,Cetoddle,Cetoddle 53,0.04,0.04,5261,EUR,[],,,,,,,,0.02,0.02,0.02,0.02,0.02,0.02,0.02,0.02,0.02,0.02,,,,,,,,,,,,,,,,,,,,,,,,,,,,,,,,,,,,,,,,,,,,EUR,0.17,0.12,Common,cetoddle,Pokémon,https://www.tcggo.com/pokemon/paldea-evolved/cetoddle-53,sv2-53,497464,singles
2026-08-23T17:19:56+02:00,,516,Pani Kobayashi,pani-kobayashi,PAL 55,55,715530,193,279,PAL,Pokémon,pokemon,18,https://images.tcggo.com/tcggo/storage/2935/paldea-evolved-logo.png,Paldea Evolved,EUR,1222.85,EUR,1698.95,2023-06-09,1,Scarlet & Violet,scarlet-violet,paldea-evolved,180,2980,https://images.tcggo.com/tcggo/storage/2996/cetitan-pal-55-paldea-evolved-pokemon.png,https://www.tcggo.com/external/cm/2980,https://www.tcggo.com/external/tcgplayer/2980,Cetitan,Cetitan 55,0.03,0.03,8119,EUR,[],,,,,,,,0.02,0.02,0.02,0.02,0.02,0.02,0.02,0.02,0.02,0.02,,,,,,,,,,,,,,,,,,,,,,,,,,,,,,,,,,,,,,,,,,,,EUR,0.15,0.13,Uncommon,cetitan,Pokémon,https://www.tcggo.com/pokemon/paldea-evolved/cetitan-55,sv2-55,497466,singles
2026-08-23T17:19:56+02:00,,426,Akira Komayama,akira-komayama,PAL 57,57,715532,193,279,PAL,Pokémon,pokemon,18,https://images.tcggo.com/tcggo/storage/2935/paldea-evolved-logo.png,Paldea Evolved,EUR,1222.85,EUR,1698.95,2023-06-09,1,Scarlet & Violet,scarlet-violet,paldea-evolved,60,2981,https://images.tcggo.com/tcggo/storage/2997/frigibax-pal-57-paldea-evolved-pokemon.png,https://www.tcggo.com/external/cm/2981,https://www.tcggo.com/external/tcgplayer/2981,Frigibax,Frigibax 57,0.04,0.06,7195,EUR,[],,,,,,,,0.02,0.02,0.02,0.02,0.02,0.02,0.02,0.02,0.02,0.02,,,,,,,,,,,,,,,,,,,,,,,,,,,,,,,,,,,,,,,,,,,,EUR,0.15,0.13,Common,frigibax,Pokémon,https://www.tcggo.com/pokemon/paldea-evolved/frigibax-57,sv2-57,497468,singles
2026-08-23T17:19:56+02:00,,521,Shin Nagasawa,shin-nagasawa,PAL 60,60,719852,193,279,PAL,Pokémon,pokemon,18,https://images.tcggo.com/tcggo/storage/2935/paldea-evolved-logo.png,Paldea Evolved,EUR,1222.85,EUR,1698.95,2023-06-09,1,Scarlet & Violet,scarlet-violet,paldea-evolved,160,2982,https://images.tcggo.com/tcggo/storage/2998/baxcalibur-pal-60-paldea-evolved-pokemon.png,https://www.tcggo.com/external/cm/2982,https://www.tcggo.com/external/tcgplayer/2982,Baxcalibur,Baxcalibur 60,0.21,0.21,745,EUR,[],,,,,,,,0.02,0.1,0.1,0.04,0.04,0.02,0.02,0.02,0.02,0.02,,,,,,,,,,,,,,,,,,,,,,,,,,,,,,,,,,,,,,,,,,,,EUR,0.29,0.17,rare,baxcalibur,Pokémon,https://www.tcggo.com/pokemon/paldea-evolved/baxcalibur-60,sv2-60,497471,singles
2026-08-23T17:19:56+02:00,,371,aky CG Works,aky-cg-works,PAL 61,61,715536,193,279,PAL,Pokémon,pokemon,18,https://images.tcggo.com/tcggo/storage/2935/paldea-evolved-logo.png,Paldea Evolved,EUR,1222.85,EUR,1698.95,2023-06-09,1,Scarlet & Violet,scarlet-violet,paldea-evolved,220,2983,https://images.tcggo.com/tcggo/storage/2999/chien-pao-ex-pal-61-paldea-evolved-pokemon.png,https://www.tcggo.com/external/cm/2983,https://www.tcggo.com/external/tcgplayer/2983,Chien-Pao ex,Chien-Pao ex 61,0.78,0.78,1537,EUR,[],,,,,,,,0.25,0.45,0.45,0.44,0.44,0.25,0.4,0.4,0.15,0.15,,,,,,,,,,,,,,,,,,,,,,,,,,,,,,,,,,,,,,,,,,,,EUR,0.79,0.85,Double Rare,chien-pao-ex,Pokémon,https://www.tcggo.com/pokemon/paldea-evolved/chien-pao-ex-61,sv2-61,497472,singles
2026-08-23T17:19:56+02:00,,394,OKACHEKE,okacheke,PAL 62,62,715537,193,279,PAL,Pokémon,pokemon,18,https://images.tcggo.com/tcggo/storage/2935/paldea-evolved-logo.png,Paldea Evolved,EUR,1222.85,EUR,1698.95,2023-06-09,1,Scarlet & Violet,scarlet-violet,paldea-evolved,70,2984,https://images.tcggo.com/tcggo/storage/3000/pikachu-pal-62-paldea-evolved-pokemon.png,https://www.tcggo.com/external/cm/2984,https://www.tcggo.com/external/tcgplayer/2984,Pikachu,Pikachu 62,0.1,0.14,8365,EUR,[],,,,,,,,0.02,0.02,0.02,0.02,0.02,0.02,0.02,0.02,0.02,0.02,USD,,,,,,,,,,,,,,,,,,,,,,,,,160.56,1,,,,,,,,,,,,,,,,,EUR,0.42,0.2,Common,pikachu,Pokémon,https://www.tcggo.com/pokemon/paldea-evolved/pikachu-62,sv2-62,497473,singles
2026-08-23T17:19:56+02:00,,385,Teeziro,teeziro,PAL 64,64,715539,193,279,PAL,Pokémon,pokemon,18,https://images.tcggo.com/tcggo/storage/2935/paldea-evolved-logo.png,Paldea Evolved,EUR,1222.85,EUR,1698.95,2023-06-09,1,Scarlet & Violet,scarlet-violet,paldea-evolved,140,2985,https://images.tcggo.com/tcggo/storage/3001/raichu-pal-64-paldea-evolved-pokemon.png,https://www.tcggo.com/external/cm/2985,https://www.tcggo.com/external/tcgplayer/2985,Raichu,Raichu 64,0.06,0.05,5532,EUR,[],,,,,,,,0.02,0.02,0.02,0.02,0.02,0.02,0.02,0.02,0.02,0.02,,,,,,,,,,,,,,,,,,,,,,,,,,,,,,,,,,,,,,,,,,,,EUR,0.27,0.15,Uncommon,raichu,Pokémon,https://www.tcggo.com/pokemon/paldea-evolved/raichu-64,sv2-64,497475,singles
2026-08-23T17:19:56+02:00,,368,Oswaldo KATO,oswaldo-kato,PAL 69,69,715544,193,279,PAL,Pokémon,pokemon,18,https://images.tcggo.com/tcggo/storage/2935/paldea-evolved-logo.png,Paldea Evolved,EUR,1222.85,EUR,1698.95,2023-06-09,1,Scarlet & Violet,scarlet-violet,paldea-evolved,70,2986,https://images.tcggo.com/tcggo/storage/3002/shinx-pal-69-paldea-evolved-pokemon.png,https://www.tcggo.com/external/cm/2986,https://www.tcggo.com/external/tcgplayer/2986,Shinx,Shinx 69,0.04,0.04,5049,EUR,[],,,,,,,,0.02,0.02,0.02,0.02,0.02,0.02,0.02,0.02,0.02,0.02,,,,,,,,,,,,,,,,,,,,,,,,,,,,,,,,,,,,,,,,,,,,EUR,0.2,0.13,Common,shinx,Pokémon,https://www.tcggo.com/pokemon/paldea-evolved/shinx-69,sv2-69,497480,singles
2026-08-23T17:19:56+02:00,,516,Pani Kobayashi,pani-kobayashi,PAL 77,77,715552,193,279,PAL,Pokémon,pokemon,18,https://images.tcggo.com/tcggo/storage/2935/paldea-evolved-logo.png,Paldea Evolved,EUR,1222.85,EUR,1698.95,2023-06-09,1,Scarlet & Violet,scarlet-violet,paldea-evolved,50,2987,https://images.tcggo.com/tcggo/storage/3003/tadbulb-pal-77-paldea-evolved-pokemon.png,https://www.tcggo.com/external/cm/2987,https://www.tcggo.com/external/tcgplayer/2987,Tadbulb,Tadbulb 77,0.04,0.04,5548,EUR,[],,,,,,,,0.02,0.02,0.02,0.02,0.02,0.02,0.02,0.02,0.02,0.02,,,,,,,,,,,,,,,,,,,,,,,,,,,,,,,,,,,,,,,,,,,,EUR,0.15,0.13,Common,tadbulb,Pokémon,https://www.tcggo.com/pokemon/paldea-evolved/tadbulb-77,sv2-77,497488,singles
2026-08-23T17:19:56+02:00,,381,sowsow,sowsow,PAL 81,81,715556,193,279,PAL,Pokémon,pokemon,18,https://images.tcggo.com/tcggo/storage/2935/paldea-evolved-logo.png,Paldea Evolved,EUR,1222.85,EUR,1698.95,2023-06-09,1,Scarlet & Violet,scarlet-violet,paldea-evolved,60,2988,https://images.tcggo.com/tcggo/storage/3004/wattrel-pal-81-paldea-evolved-pokemon.png,https://www.tcggo.com/external/cm/2988,https://www.tcggo.com/external/tcgplayer/2988,Wattrel,Wattrel 81,0.03,0.04,5357,EUR,[],,,,,,,,0.03,0.02,0.02,0.02,0.02,0.02,0.02,0.02,0.02,0.02,,,,,,,,,,,,,,,,,,,,,,,,,,,,,,,,,,,,,,,,,,,,EUR,0.2,0.13,Common,wattrel,Pokémon,https://www.tcggo.com/pokemon/paldea-evolved/wattrel-81,sv2-81,497492,singles
2026-08-23T17:19:56+02:00,,435,Aya Kusube,aya-kusube,PAL 89,89,715564,193,279,PAL,Pokémon,pokemon,18,https://images.tcggo.com/tcggo/storage/2935/paldea-evolved-logo.png,Paldea Evolved,EUR,1222.85,EUR,1698.95,2023-06-09,1,Scarlet & Violet,scarlet-violet,paldea-evolved,60,2989,https://images.tcggo.com/tcggo/storage/3005/spiritomb-pal-89-paldea-evolved-pokemon.png,https://www.tcggo.com/external/cm/2989,https://www.tcggo.com/external/tcgplayer/2989,Spiritomb,Spiritomb 89,0.08,0.13,7303,EUR,[],,,,,,,,0.02,0.02,0.02,0.02,0.02,0.02,0.02,0.02,0.03,0.02,,,,,,,,,,,,,,,,,,,,,,,,,,,,,,,,,,,,,,,,,,,,EUR,0.21,0.16,rare,spiritomb,Pokémon,https://www.tcggo.com/pokemon/paldea-evolved/spiritomb-89,sv2-89,497504,singles
2026-08-23T17:19:56+02:00,,443,Shiburingaru,shiburingaru,PAL 92,92,715567,193,279,PAL,Pokémon,pokemon,18,https://images.tcggo.com/tcggo/storage/2935/paldea-evolved-logo.png,Paldea Evolved,EUR,1222.85,EUR,1698.95,2023-06-09,1,Scarlet & Violet,scarlet-violet,paldea-evolved,150,2990,https://images.tcggo.com/tcggo/storage/3006/gothitelle-pal-92-paldea-evolved-pokemon.png,https://www.tcggo.com/external/cm/2990,https://www.tcggo.com/external/tcgplayer/2990,Gothitelle,Gothitelle 92,0.04,0.04,7692,EUR,[],,,,,,,,0.02,0.02,0.02,0.02,0.02,0.02,0.02,0.02,0.02,0.02,,,,,,,,,,,,,,,,,,,,,,,,,,,,,,,,,,,,,,,,,,,,EUR,0.18,0.13,Uncommon,gothitelle,Pokémon,https://www.tcggo.com/pokemon/paldea-evolved/gothitelle-92,sv2-92,497507,singles
2026-08-23T17:19:56+02:00,,426,Akira Komayama,akira-komayama,PAL 103,103,715578,193,279,PAL,Pokémon,pokemon,18,https://images.tcggo.com/tcggo/storage/2935/paldea-evolved-logo.png,Paldea Evolved,EUR,1222.85,EUR,1698.95,2023-06-09,1,Scarlet & Violet,scarlet-violet,paldea-evolved,80,2991,https://images.tcggo.com/tcggo/storage/3007/tinkatuff-pal-103-paldea-evolved-pokemon.png,https://www.tcggo.com/external/cm/2991,https://www.tcggo.com/external/tcgplayer/2991,Tinkatuff,Tinkatuff 103,0.04,0.05,5278,EUR,[],,,,,,,,0.02,0.02,0.02,0.02,0.02,0.02,0.02,0.02,0.02,0.02,,,,,,,,,,,,,,,,,,,,,,,,,,,,,,,,,,,,,,,,,,,,EUR,0.21,0.13,Uncommon,tinkatuff,Pokémon,https://www.tcggo.com/pokemon/paldea-evolved/tinkatuff-103,sv2-103,497518,singles
2026-08-23T17:19:56+02:00,,381,sowsow,sowsow,PAL 104,104,715579,193,279,PAL,Pokémon,pokemon,18,https://images.tcggo.com/tcggo/storage/2935/paldea-evolved-logo.png,Paldea Evolved,EUR,1222.85,EUR,1698.95,2023-06-09,1,Scarlet & Violet,scarlet-violet,paldea-evolved,90,2992,https://images.tcggo.com/tcggo/storage/3009/tinkatuff-pal-104-paldea-evolved-pokemon.png,https://www.tcggo.com/external/cm/2992,https://www.tcggo.com/external/tcgplayer/2992,Tinkatuff,Tinkatuff 104,0.06,0.07,3396,EUR,[],,,,,,,,0.02,0.02,0.02,0.02,0.02,0.02,0.02,0.02,0.02,0.02,,,,,,,,,,,,,,,,,,,,,,,,,,,,,,,,,,,,,,,,,,,,EUR,0.24,0.15,Uncommon,tinkatuff,Pokémon,https://www.tcggo.com/pokemon/paldea-evolved/tinkatuff-104,sv2-104,497519,singles
2026-08-23T17:19:56+02:00,,493,kurumitsu,kurumitsu,PAL 106,106,709537,193,279,PAL,Pokémon,pokemon,18,https://images.tcggo.com/tcggo/storage/2935/paldea-evolved-logo.png,Paldea Evolved,EUR,1222.85,EUR,1698.95,2023-06-09,1,Scarlet & Violet,scarlet-violet,paldea-evolved,60,2993,https://images.tcggo.com/tcggo/storage/3008/mankey-pal-106-paldea-evolved-pokemon.png,https://www.tcggo.com/external/cm/2993,https://www.tcggo.com/external/tcgplayer/2993,Mankey,Mankey 106,0.19,0.23,1274,EUR,[],,,,,,,,0.02,0.02,0.02,0.1,0.1,0.02,0.02,0.02,0.02,0.02,,,,,,,,,,,,,,,,,,,,,,,,,,,,,,,,,,,,,,,,,,,,EUR,0.15,0.11,Common,mankey,Pokémon,https://www.tcggo.com/pokemon/paldea-evolved/mankey-106,sv2-106,497521,singles
2026-08-23T17:19:56+02:00,,449,miki kudo,miki-kudo,PAL 73,73,715548,193,279,PAL,Pokémon,pokemon,18,https://images.tcggo.com/tcggo/storage/2935/paldea-evolved-logo.png,Paldea Evolved,EUR,1222.85,EUR,1698.95,2023-06-09,1,Scarlet & Violet,scarlet-violet,paldea-evolved,90,2994,https://images.tcggo.com/tcggo/storage/3010/pincurchin-pal-73-paldea-evolved-pokemon.png,https://www.tcggo.com/external/cm/2994,https://www.tcggo.com/external/tcgplayer/2994,Pincurchin,Pincurchin 73,0.03,0.03,8117,EUR,[],,,,,,,,0.02,0.02,0.02,0.02,0.02,0.02,0.02,0.02,0.02,0.02,,,,,,,,,,,,,,,,,,,,,,,,,,,,,,,,,,,,,,,,,,,,EUR,0.19,0.13,Uncommon,pincurchin,Pokémon,https://www.tcggo.com/pokemon/paldea-evolved/pincurchin-73,sv2-73,497484,singles
2026-08-23T17:19:56+02:00,,381,sowsow,sowsow,PAL 74,74,715549,193,279,PAL,Pokémon,pokemon,18,https://images.tcggo.com/tcggo/storage/2935/paldea-evolved-logo.png,Paldea Evolved,EUR,1222.85,EUR,1698.95,2023-06-09,1,Scarlet & Violet,scarlet-violet,paldea-evolved,50,2995,https://images.tcggo.com/tcggo/storage/3011/pawmi-pal-74-paldea-evolved-pokemon.png,https://www.tcggo.com/external/cm/2995,https://www.tcggo.com/external/tcgplayer/2995,Pawmi,Pawmi 74,0.04,0.04,12310,EUR,[],,,,,,,,0.02,0.02,0.02,0.02,0.02,0.02,0.02,0.02,0.02,0.02,,,,,,,,,,,,,,,,,,,,,,,,,,,,,,,,,,,,,,,,,,,,EUR,0.21,0.1,Common,pawmi,Pokémon,https://www.tcggo.com/pokemon/paldea-evolved/pawmi-74,sv2-74,497485,singles
2026-08-23T17:19:56+02:00,,402,Hitoshi Ariga,hitoshi-ariga,PAL 75,75,715550,193,279,PAL,Pokémon,pokemon,18,https://images.tcggo.com/tcggo/storage/2935/paldea-evolved-logo.png,Paldea Evolved,EUR,1222.85,EUR,1698.95,2023-06-09,1,Scarlet & Violet,scarlet-violet,paldea-evolved,80,2996,https://images.tcggo.com/tcggo/storage/3012/pawmo-pal-75-paldea-evolved-pokemon.png,https://www.tcggo.com/external/cm/2996,https://www.tcggo.com/external/tcgplayer/2996,Pawmo,Pawmo 75,0.04,0.04,7648,EUR,[],,,,,,,,0.02,0.02,0.02,0.02,0.02,0.02,0.02,0.02,0.02,0.02,,,,,,,,,,,,,,,,,,,,,,,,,,,,,,,,,,,,,,,,,,,,EUR,0.17,0.13,Uncommon,pawmo,Pokémon,https://www.tcggo.com/pokemon/paldea-evolved/pawmo-75,sv2-75,497486,singles
2026-08-23T17:19:56+02:00,,414,kodama,kodama,PAL 76,76,715551,193,279,PAL,Pokémon,pokemon,18,https://images.tcggo.com/tcggo/storage/2935/paldea-evolved-logo.png,Paldea Evolved,EUR,1222.85,EUR,1698.95,2023-06-09,1,Scarlet & Violet,scarlet-violet,paldea-evolved,140,2997,https://images.tcggo.com/tcggo/storage/3013/pawmot-pal-76-paldea-evolved-pokemon.png,https://www.tcggo.com/external/cm/2997,https://www.tcggo.com/external/tcgplayer/2997,Pawmot,Pawmot 76,0.08,0.05,,EUR,[],,,,,,,,0.02,0.02,0.02,0.02,0.02,0.02,0.02,0.02,0.02,0.02,,,,,,,,,,,,,,,,,,,,,,,,,,,,,,,,,,,,,,,,,,,,EUR,0.21,0.17,rare,pawmot,Pokémon,https://www.tcggo.com/pokemon/paldea-evolved/pawmot-76,sv2-76,497487,singles
2026-08-23T17:19:56+02:00,,499,Tika Matsuno,tika-matsuno,PAL 78,78,715553,193,279,PAL,Pokémon,pokemon,18,https://images.tcggo.com/tcggo/storage/2935/paldea-evolved-logo.png,Paldea Evolved,EUR,1222.85,EUR,1698.95,2023-06-09,1,Scarlet & Violet,scarlet-violet,paldea-evolved,60,2998,https://images.tcggo.com/tcggo/storage/3014/tadbulb-pal-78-paldea-evolved-pokemon.png,https://www.tcggo.com/external/cm/2998,https://www.tcggo.com/external/tcgplayer/2998,Tadbulb,Tadbulb 78,0.04,0.04,5422,EUR,[],,,,,,,,0.02,0.02,0.02,0.02,0.02,0.02,0.02,0.02,0.02,0.02,,,,,,,,,,,,,,,,,,,,,,,,,,,,,,,,,,,,,,,,,,,,EUR,0.17,0.11,Common,tadbulb,Pokémon,https://www.tcggo.com/pokemon/paldea-evolved/tadbulb-78,sv2-78,497489,singles
2026-08-23T17:19:56+02:00,,409,Yuu Nishida,yuu-nishida,PAL 83,83,715558,193,279,PAL,Pokémon,pokemon,18,https://images.tcggo.com/tcggo/storage/2935/paldea-evolved-logo.png,Paldea Evolved,EUR,1222.85,EUR,1698.95,2023-06-09,1,Scarlet & Violet,scarlet-violet,paldea-evolved,70,2999,https://images.tcggo.com/tcggo/storage/3015/jigglypuff-pal-83-paldea-evolved-pokemon.png,https://www.tcggo.com/external/cm/2999,https://www.tcggo.com/external/tcgplayer/2999,Jigglypuff,Jigglypuff 83,0.06,0.04,10649,EUR,[],,,,,,,,0.02,0.02,0.02,0.02,0.02,0.02,0.02,0.02,0.02,0.02,,,,,,,,,,,,,,,,,,,,,,,,,,,,,,,,,,,,,,,,,,,,EUR,0.25,0.15,Common,jigglypuff,Pokémon,https://www.tcggo.com/pokemon/paldea-evolved/jigglypuff-83,sv2-83,497496,singles
2026-08-23T17:19:56+02:00,,402,Hitoshi Ariga,hitoshi-ariga,PAL 84,84,715559,193,279,PAL,Pokémon,pokemon,18,https://images.tcggo.com/tcggo/storage/2935/paldea-evolved-logo.png,Paldea Evolved,EUR,1222.85,EUR,1698.95,2023-06-09,1,Scarlet & Violet,scarlet-violet,paldea-evolved,110,3000,https://images.tcggo.com/tcggo/storage/3016/wigglytuff-pal-84-paldea-evolved-pokemon.png,https://www.tcggo.com/external/cm/3000,https://www.tcggo.com/external/tcgplayer/3000,Wigglytuff,Wigglytuff 84,0.1,0.1,6721,EUR,[],,,,,,,,0.02,0.02,0.02,0.02,0.02,0.02,0.02,0.02,0.02,0.02,,,,,,,,,,,,,,,,,,,,,,,,,,,,,,,,,,,,,,,,,,,,EUR,0.26,0.17,rare,wigglytuff,Pokémon,https://www.tcggo.com/pokemon/paldea-evolved/wigglytuff-84,sv2-84,497498,singles
2026-08-23T17:19:56+02:00,,544,Megumi Higuchi,megumi-higuchi,PAL 87,87,715562,193,279,PAL,Pokémon,pokemon,18,https://images.tcggo.com/tcggo/storage/2935/paldea-evolved-logo.png,Paldea Evolved,EUR,1222.85,EUR,1698.95,2023-06-09,1,Scarlet & Violet,scarlet-violet,paldea-evolved,70,3001,https://images.tcggo.com/tcggo/storage/3017/misdreavus-pal-87-paldea-evolved-pokemon.png,https://www.tcggo.com/external/cm/3001,https://www.tcggo.com/external/tcgplayer/3001,Misdreavus,Misdreavus 87,0.03,0.04,12217,EUR,[],,,,,,,,0.02,0.02,0.02,0.02,0.02,0.02,0.02,0.02,0.02,0.02,,,,,,,,,,,,,,,,,,,,,,,,,,,,,,,,,,,,,,,,,,,,EUR,0.19,0.13,Common,misdreavus,Pokémon,https://www.tcggo.com/pokemon/paldea-evolved/misdreavus-87,sv2-87,497501,singles
2026-08-23T17:19:56+02:00,,435,Aya Kusube,aya-kusube,PAL 91,91,715566,193,279,PAL,Pokémon,pokemon,18,https://images.tcggo.com/tcggo/storage/2935/paldea-evolved-logo.png,Paldea Evolved,EUR,1222.85,EUR,1698.95,2023-06-09,1,Scarlet & Violet,scarlet-violet,paldea-evolved,90,3002,https://images.tcggo.com/tcggo/storage/3018/gothorita-pal-91-paldea-evolved-pokemon.png,https://www.tcggo.com/external/cm/3002,https://www.tcggo.com/external/tcgplayer/3002,Gothorita,Gothorita 91,0.04,0.04,7793,EUR,[],,,,,,,,0.02,0.02,0.02,0.02,0.02,0.02,0.02,0.02,0.02,0.02,,,,,,,,,,,,,,,,,,,,,,,,,,,,,,,,,,,,,,,,,,,,EUR,0.19,0.13,Uncommon,gothorita,Pokémon,https://www.tcggo.com/pokemon/paldea-evolved/gothorita-91,sv2-91,497506,singles
2026-08-23T17:19:56+02:00,,371,aky CG Works,aky-cg-works,PAL 93,93,715568,193,279,PAL,Pokémon,pokemon,18,https://images.tcggo.com/tcggo/storage/2935/paldea-evolved-logo.png,Paldea Evolved,EUR,1222.85,EUR,1698.95,2023-06-09,1,Scarlet & Violet,scarlet-violet,paldea-evolved,170,3003,https://images.tcggo.com/tcggo/storage/3019/dedenne-ex-pal-93-paldea-evolved-pokemon.png,https://www.tcggo.com/external/cm/3003,https://www.tcggo.com/external/tcgplayer/3003,Dedenne ex,Dedenne ex 93,0.9,0.88,1249,EUR,[],,,,,,,,0.5,0.5,0.5,0.5,0.5,0.5,0.65,0.65,0.1,0.1,,,,,,,,,,,,,,,,,,,,,,,,,,,,,,,,,,,,,,,,,,,,EUR,1,0.86,Double Rare,dedenne-ex,Pokémon,https://www.tcggo.com/pokemon/paldea-evolved/dedenne-ex-93,sv2-93,497508,singles
2026-08-23T17:19:56+02:00,,484,Kagemaru Himeno,kagemaru-himeno,PAL 97,97,715572,193,279,PAL,Pokémon,pokemon,18,https://images.tcggo.com/tcggo/storage/2935/paldea-evolved-logo.png,Paldea Evolved,EUR,1222.85,EUR,1698.95,2023-06-09,1,Scarlet & Violet,scarlet-violet,paldea-evolved,70,3004,https://images.tcggo.com/tcggo/storage/3020/mimikyu-pal-97-paldea-evolved-pokemon.png,https://www.tcggo.com/external/cm/3004,https://www.tcggo.com/external/tcgplayer/3004,Mimikyu,Mimikyu 97,0.12,0.11,5466,EUR,[],,,,,,,,0.02,0.02,0.02,0.02,0.02,0.02,0.02,0.02,0.02,0.02,,,,,,,,,,,,,,,,,,,,,,,,,,,,,,,,,,,,,,,,,,,,EUR,0.3,0.21,rare,mimikyu,Pokémon,https://www.tcggo.com/pokemon/paldea-evolved/mimikyu-97,sv2-97,497512,singles
2026-08-23T17:19:56+02:00,,521,Shin Nagasawa,shin-nagasawa,PAL 107,107,715582,193,279,PAL,Pokémon,pokemon,18,https://images.tcggo.com/tcggo/storage/2935/paldea-evolved-logo.png,Paldea Evolved,EUR,1222.85,EUR,1698.95,2023-06-09,1,Scarlet & Violet,scarlet-violet,paldea-evolved,110,3005,https://images.tcggo.com/tcggo/storage/3021/primeape-pal-107-paldea-evolved-pokemon.png,https://www.tcggo.com/external/cm/3005,https://www.tcggo.com/external/tcgplayer/3005,Primeape,Primeape 107,0.04,0.03,7777,EUR,[],,,,,,,,0.02,0.02,0.02,0.02,0.02,0.02,0.02,0.02,0.02,0.02,,,,,,,,,,,,,,,,,,,,,,,,,,,,,,,,,,,,,,,,,,,,EUR,0.17,0.13,Uncommon,primeape,Pokémon,https://www.tcggo.com/pokemon/paldea-evolved/primeape-107,sv2-107,497522,singles
2026-08-23T17:19:56+02:00,,386,Jerky,jerky,PAL 109,109,715584,193,279,PAL,Pokémon,pokemon,18,https://images.tcggo.com/tcggo/storage/2935/paldea-evolved-logo.png,Paldea Evolved,EUR,1222.85,EUR,1698.95,2023-06-09,1,Scarlet & Violet,scarlet-violet,paldea-evolved,110,3006,https://images.tcggo.com/tcggo/storage/3022/sudowoodo-pal-109-paldea-evolved-pokemon.png,https://www.tcggo.com/external/cm/3006,https://www.tcggo.com/external/tcgplayer/3006,Sudowoodo,Sudowoodo 109,0.03,0.03,7943,EUR,[],,,,,,,,0.02,0.02,0.02,0.02,0.02,0.02,0.02,0.02,0.02,0.02,,,,,,,,,,,,,,,,,,,,,,,,,,,,,,,,,,,,,,,,,,,,EUR,0.25,0.12,Uncommon,sudowoodo,Pokémon,https://www.tcggo.com/pokemon/paldea-evolved/sudowoodo-109,sv2-109,497524,singles
2026-08-23T17:19:56+02:00,,487,Haru Akasaka,haru-akasaka,PAL 110,110,715585,193,279,PAL,Pokémon,pokemon,18,https://images.tcggo.com/tcggo/storage/2935/paldea-evolved-logo.png,Paldea Evolved,EUR,1222.85,EUR,1698.95,2023-06-09,1,Scarlet & Violet,scarlet-violet,paldea-evolved,70,3007,https://images.tcggo.com/tcggo/storage/3023/larvitar-pal-110-paldea-evolved-pokemon.png,https://www.tcggo.com/external/cm/3007,https://www.tcggo.com/external/tcgplayer/3007,Larvitar,Larvitar 110,0.03,0.04,,EUR,[],,,,,,,,0.02,0.02,0.02,0.02,0.02,0.02,0.02,0.02,0.02,0.02,,,,,,,,,,,,,,,,,,,,,,,,,,,,,,,,,,,,,,,,,,,,EUR,0.17,0.11,Common,larvitar,Pokémon,https://www.tcggo.com/pokemon/paldea-evolved/larvitar-110,sv2-110,497525,singles
2026-08-23T17:19:56+02:00,,397,Kurata So,kurata-so,PAL 112,112,715587,193,279,PAL,Pokémon,pokemon,18,https://images.tcggo.com/tcggo/storage/2935/paldea-evolved-logo.png,Paldea Evolved,EUR,1222.85,EUR,1698.95,2023-06-09,1,Scarlet & Violet,scarlet-violet,paldea-evolved,90,3008,https://images.tcggo.com/tcggo/storage/3024/makuhita-pal-112-paldea-evolved-pokemon.png,https://www.tcggo.com/external/cm/3008,https://www.tcggo.com/external/tcgplayer/3008,Makuhita,Makuhita 112,0.03,0.02,12859,EUR,[],,,,,,,,0.02,0.02,0.02,0.02,0.02,0.02,0.02,0.02,0.02,0.02,,,,,,,,,,,,,,,,,,,,,,,,,,,,,,,,,,,,,,,,,,,,EUR,0.15,0.09,Common,makuhita,Pokémon,https://www.tcggo.com/pokemon/paldea-evolved/makuhita-112,sv2-112,497527,singles
2026-08-23T17:19:56+02:00,,503,sui,sui,PAL 66,66,715541,193,279,PAL,Pokémon,pokemon,18,https://images.tcggo.com/tcggo/storage/2935/paldea-evolved-logo.png,Paldea Evolved,EUR,1222.85,EUR,1698.95,2023-06-09,1,Scarlet & Violet,scarlet-violet,paldea-evolved,70,3009,https://images.tcggo.com/tcggo/storage/3025/voltorb-pal-66-paldea-evolved-pokemon.png,https://www.tcggo.com/external/cm/3009,https://www.tcggo.com/external/tcgplayer/3009,Voltorb,Voltorb 66,0.03,0.03,13269,EUR,[],,,,,,,,0.02,0.02,0.02,0.02,0.02,0.02,0.02,0.02,0.02,0.02,,,,,,,,,,,,,,,,,,,,,,,,,,,,,,,,,,,,,,,,,,,,EUR,0.15,0.1,Common,voltorb,Pokémon,https://www.tcggo.com/pokemon/paldea-evolved/voltorb-66,sv2-66,497477,singles
2026-08-23T17:19:56+02:00,,387,Scav,scav,PAL 67,67,715542,193,279,PAL,Pokémon,pokemon,18,https://images.tcggo.com/tcggo/storage/2935/paldea-evolved-logo.png,Paldea Evolved,EUR,1222.85,EUR,1698.95,2023-06-09,1,Scarlet & Violet,scarlet-violet,paldea-evolved,90,3010,https://images.tcggo.com/tcggo/storage/3027/electrode-pal-67-paldea-evolved-pokemon.png,https://www.tcggo.com/external/cm/3010,https://www.tcggo.com/external/tcgplayer/3010,Electrode,Electrode 67,0.03,0.03,8031,EUR,[],,,,,,,,0.02,0.02,0.02,0.02,0.02,0.02,0.02,0.02,0.02,0.02,,,,,,,,,,,,,,,,,,,,,,,,,,,,,,,,,,,,,,,,,,,,EUR,0.21,0.11,Uncommon,electrode,Pokémon,https://www.tcggo.com/pokemon/paldea-evolved/electrode-67,sv2-67,497478,singles
2026-08-23T17:19:56+02:00,,411,PLANETA Yamashita,planeta-yamashita,PAL 79,79,715554,193,279,PAL,Pokémon,pokemon,18,https://images.tcggo.com/tcggo/storage/2935/paldea-evolved-logo.png,Paldea Evolved,EUR,1222.85,EUR,1698.95,2023-06-09,1,Scarlet & Violet,scarlet-violet,paldea-evolved,280,3011,https://images.tcggo.com/tcggo/storage/3026/bellibolt-ex-pal-79-paldea-evolved-pokemon.png,https://www.tcggo.com/external/cm/3011,https://www.tcggo.com/external/tcgplayer/3011,Bellibolt ex,Bellibolt ex 79,0.65,0.63,1610,EUR,[],,,,,,,,0.3,0.26,0.26,0.25,0.25,0.3,0.4,0.5,0.1,0.1,,,,,,,,,,,,,,,,,,,,,,,,,,,,,,,,,,,,,,,,,,,,EUR,0.67,0.85,Double Rare,bellibolt-ex,Pokémon,https://www.tcggo.com/pokemon/paldea-evolved/bellibolt-ex-79,sv2-79,497490,singles
2026-08-23T17:19:56+02:00,,516,Pani Kobayashi,pani-kobayashi,PAL 82,82,715557,193,279,PAL,Pokémon,pokemon,18,https://images.tcggo.com/tcggo/storage/2935/paldea-evolved-logo.png,Paldea Evolved,EUR,1222.85,EUR,1698.95,2023-06-09,1,Scarlet & Violet,scarlet-violet,paldea-evolved,120,3012,https://images.tcggo.com/tcggo/storage/3028/kilowattrel-pal-82-paldea-evolved-pokemon.png,https://www.tcggo.com/external/cm/3012,https://www.tcggo.com/external/tcgplayer/3012,Kilowattrel,Kilowattrel 82,0.03,0.03,7986,EUR,[],,,,,,,,0.02,0.02,0.02,0.02,0.02,0.02,0.02,0.02,0.02,0.02,,,,,,,,,,,,,,,,,,,,,,,,,,,,,,,,,,,,,,,,,,,,EUR,0.16,0.11,Uncommon,kilowattrel,Pokémon,https://www.tcggo.com/pokemon/paldea-evolved/kilowattrel-82,sv2-82,497493,singles
2026-08-23T17:19:56+02:00,,380,5ban Graphics,5ban-graphics,PAL 86,86,715561,193,279,PAL,Pokémon,pokemon,18,https://images.tcggo.com/tcggo/storage/2935/paldea-evolved-logo.png,Paldea Evolved,EUR,1222.85,EUR,1698.95,2023-06-09,1,Scarlet & Violet,scarlet-violet,paldea-evolved,270,3013,https://images.tcggo.com/tcggo/storage/3029/slowking-ex-pal-86-paldea-evolved-pokemon.png,https://www.tcggo.com/external/cm/3013,https://www.tcggo.com/external/tcgplayer/3013,Slowking ex,Slowking ex 86,0.82,0.85,1300,EUR,[],,,,,,,,0.49,0.49,0.49,0.55,0.55,0.49,0.65,0.65,0.1,0.1,,,,,,,,,,,,,,,,,,,,,,,,,,,,,,,,,,,,,,,,,,,,EUR,0.76,0.85,Double Rare,slowking-ex,Pokémon,https://www.tcggo.com/pokemon/paldea-evolved/slowking-ex-86,sv2-86,497500,singles
2026-08-23T17:19:56+02:00,,507,0313,0313,PAL 90,90,715565,193,279,PAL,Pokémon,pokemon,18,https://images.tcggo.com/tcggo/storage/2935/paldea-evolved-logo.png,Paldea Evolved,EUR,1222.85,EUR,1698.95,2023-06-09,1,Scarlet & Violet,scarlet-violet,paldea-evolved,70,3014,https://images.tcggo.com/tcggo/storage/3030/gothita-pal-90-paldea-evolved-pokemon.png,https://www.tcggo.com/external/cm/3014,https://www.tcggo.com/external/tcgplayer/3014,Gothita,Gothita 90,0.03,0.03,12547,EUR,[],,,,,,,,0.02,0.02,0.02,0.02,0.02,0.02,0.02,0.02,0.02,0.02,,,,,,,,,,,,,,,,,,,,,,,,,,,,,,,,,,,,,,,,,,,,EUR,0.18,0.12,Common,gothita,Pokémon,https://www.tcggo.com/pokemon/paldea-evolved/gothita-90,sv2-90,497505,singles
2026-08-23T17:19:56+02:00,,364,Toshinao Aoki,toshinao-aoki,PAL 94,94,715569,193,279,PAL,Pokémon,pokemon,18,https://images.tcggo.com/tcggo/storage/2935/paldea-evolved-logo.png,Paldea Evolved,EUR,1222.85,EUR,1698.95,2023-06-09,1,Scarlet & Violet,scarlet-violet,paldea-evolved,120,3015,https://images.tcggo.com/tcggo/storage/3031/oranguru-pal-94-paldea-evolved-pokemon.png,https://www.tcggo.com/external/cm/3015,https://www.tcggo.com/external/tcgplayer/3015,Oranguru,Oranguru 94,0.03,0.05,8177,EUR,[],,,,,,,,0.02,0.02,0.02,0.02,0.02,0.02,0.02,0.02,0.02,0.02,,,,,,,,,,,,,,,,,,,,,,,,,,,,,,,,,,,,,,,,,,,,EUR,0.14,0.1,Uncommon,oranguru,Pokémon,https://www.tcggo.com/pokemon/paldea-evolved/oranguru-94,sv2-94,497509,singles
2026-08-23T17:19:56+02:00,,521,Shin Nagasawa,shin-nagasawa,PAL 95,95,715570,193,279,PAL,Pokémon,pokemon,18,https://images.tcggo.com/tcggo/storage/2935/paldea-evolved-logo.png,Paldea Evolved,EUR,1222.85,EUR,1698.95,2023-06-09,1,Scarlet & Violet,scarlet-violet,paldea-evolved,90,3016,https://images.tcggo.com/tcggo/storage/3032/sandygast-pal-95-paldea-evolved-pokemon.png,https://www.tcggo.com/external/cm/3016,https://www.tcggo.com/external/tcgplayer/3016,Sandygast,Sandygast 95,0.03,0.03,13297,EUR,[],,,,,,,,0.02,0.02,0.02,0.02,0.02,0.02,0.02,0.02,0.02,0.02,,,,,,,,,,,,,,,,,,,,,,,,,,,,,,,,,,,,,,,,,,,,EUR,0.15,0.12,Common,sandygast,Pokémon,https://www.tcggo.com/pokemon/paldea-evolved/sandygast-95,sv2-95,497510,singles
2026-08-23T17:19:56+02:00,,440,Shibuzoh.,shibuzoh,PAL 101,101,715576,193,279,PAL,Pokémon,pokemon,18,https://images.tcggo.com/tcggo/storage/2935/paldea-evolved-logo.png,Paldea Evolved,EUR,1222.85,EUR,1698.95,2023-06-09,1,Scarlet & Violet,scarlet-violet,paldea-evolved,60,3017,https://images.tcggo.com/tcggo/storage/3033/tinkatink-pal-101-paldea-evolved-pokemon.png,https://www.tcggo.com/external/cm/3017,https://www.tcggo.com/external/tcgplayer/3017,Tinkatink,Tinkatink 101,0.04,0.05,4846,EUR,[],,,,,,,,0.02,0.02,0.02,0.02,0.02,0.02,0.02,0.02,0.02,0.02,,,,,,,,,,,,,,,,,,,,,,,,,,,,,,,,,,,,,,,,,,,,EUR,0.21,0.13,Common,tinkatink,Pokémon,https://www.tcggo.com/pokemon/paldea-evolved/tinkatink-101,sv2-101,497516,singles
2026-08-23T17:19:56+02:00,,516,Pani Kobayashi,pani-kobayashi,PAL 102,102,715577,193,279,PAL,Pokémon,pokemon,18,https://images.tcggo.com/tcggo/storage/2935/paldea-evolved-logo.png,Paldea Evolved,EUR,1222.85,EUR,1698.95,2023-06-09,1,Scarlet & Violet,scarlet-violet,paldea-evolved,70,3018,https://images.tcggo.com/tcggo/storage/3034/tinkatink-pal-102-paldea-evolved-pokemon.png,https://www.tcggo.com/external/cm/3018,https://www.tcggo.com/external/tcgplayer/3018,Tinkatink,Tinkatink 102,0.04,0.04,4983,EUR,[],,,,,,,,0.02,0.02,0.02,0.02,0.02,0.02,0.02,0.02,0.02,0.02,,,,,,,,,,,,,,,,,,,,,,,,,,,,,,,,,,,,,,,,,,,,EUR,0.24,0.13,Common,tinkatink,Pokémon,https://www.tcggo.com/pokemon/paldea-evolved/tinkatink-102,sv2-102,497517,singles
2026-08-23T17:19:56+02:00,,378,Kouki Saitou,kouki-saitou,PAL 105,105,715580,193,279,PAL,Pokémon,pokemon,18,https://images.tcggo.com/tcggo/storage/2935/paldea-evolved-logo.png,Paldea Evolved,EUR,1222.85,EUR,1698.95,2023-06-09,1,Scarlet & Violet,scarlet-violet,paldea-evolved,140,3019,https://images.tcggo.com/tcggo/storage/3036/tinkaton-pal-105-paldea-evolved-pokemon.png,https://www.tcggo.com/external/cm/3019,https://www.tcggo.com/external/tcgplayer/3019,Tinkaton,Tinkaton 105,0.08,0.09,7446,EUR,[],,,,,,,,0.02,0.02,0.02,0.02,0.02,0.02,0.02,0.02,0.02,0.02,USD,,,,,,,,,,,,,,,,,,,13.01,1,137.49,5,,,,,98.13,1,,,,,,,,,,,,,,,EUR,0.21,0.17,rare,tinkaton,Pokémon,https://www.tcggo.com/pokemon/paldea-evolved/tinkaton-105,sv2-105,497520,singles
2026-08-23T17:19:56+02:00,,521,Shin Nagasawa,shin-nagasawa,PAL 108,108,715583,193,279,PAL,Pokémon,pokemon,18,https://images.tcggo.com/tcggo/storage/2935/paldea-evolved-logo.png,Paldea Evolved,EUR,1222.85,EUR,1698.95,2023-06-09,1,Scarlet & Violet,scarlet-violet,paldea-evolved,130,3020,https://images.tcggo.com/tcggo/storage/3035/paldean-tauros-pal-108-paldea-evolved-pokemon.png,https://www.tcggo.com/external/cm/3020,https://www.tcggo.com/external/tcgplayer/3020,Paldean Tauros,Paldean Tauros 108,0.06,0.04,3703,EUR,[],,,,,,,,0.02,0.02,0.02,0.02,0.02,0.02,0.02,0.02,0.02,0.02,,,,,,,,,,,,,,,,,,,,,,,,,,,,,,,,,,,,,,,,,,,,EUR,0.14,0.13,Uncommon,paldean-tauros,Pokémon,https://www.tcggo.com/pokemon/paldea-evolved/paldean-tauros-108,sv2-108,497523,singles
2026-08-23T17:19:56+02:00,,437,Shigenori Negishi,shigenori-negishi,PAL 111,111,715586,193,279,PAL,Pokémon,pokemon,18,https://images.tcggo.com/tcggo/storage/2935/paldea-evolved-logo.png,Paldea Evolved,EUR,1222.85,EUR,1698.95,2023-06-09,1,Scarlet & Violet,scarlet-violet,paldea-evolved,90,3021,https://images.tcggo.com/tcggo/storage/3037/pupitar-pal-111-paldea-evolved-pokemon.png,https://www.tcggo.com/external/cm/3021,https://www.tcggo.com/external/tcgplayer/3021,Pupitar,Pupitar 111,0.03,0.03,,EUR,[],,,,,,,,0.02,0.02,0.02,0.02,0.02,0.02,0.02,0.02,0.02,0.02,,,,,,,,,,,,,,,,,,,,,,,,,,,,,,,,,,,,,,,,,,,,EUR,0.16,0.1,Uncommon,pupitar,Pokémon,https://www.tcggo.com/pokemon/paldea-evolved/pupitar-111,sv2-111,497526,singles
2026-08-23T17:19:56+02:00,,493,kurumitsu,kurumitsu,PAL 68,68,715543,193,279,PAL,Pokémon,pokemon,18,https://images.tcggo.com/tcggo/storage/2935/paldea-evolved-logo.png,Paldea Evolved,EUR,1222.85,EUR,1698.95,2023-06-09,1,Scarlet & Violet,scarlet-violet,paldea-evolved,40,3022,https://images.tcggo.com/tcggo/storage/3038/shinx-pal-68-paldea-evolved-pokemon.png,https://www.tcggo.com/external/cm/3022,https://www.tcggo.com/external/tcgplayer/3022,Shinx,Shinx 68,0.05,0.05,5027,EUR,[],,,,,,,,0.03,0.02,0.02,0.02,0.02,0.02,0.02,0.02,0.02,0.02,,,,,,,,,,,,,,,,,,,,,,,,,,,,,,,,,,,,,,,,,,,,EUR,0.21,0.13,Common,shinx,Pokémon,https://www.tcggo.com/pokemon/paldea-evolved/shinx-68,sv2-68,497479,singles
2026-08-23T17:19:56+02:00,,406,Narumi Sato,narumi-sato,PAL 70,70,715545,193,279,PAL,Pokémon,pokemon,18,https://images.tcggo.com/tcggo/storage/2935/paldea-evolved-logo.png,Paldea Evolved,EUR,1222.85,EUR,1698.95,2023-06-09,1,Scarlet & Violet,scarlet-violet,paldea-evolved,90,3023,https://images.tcggo.com/tcggo/storage/3039/luxio-pal-70-paldea-evolved-pokemon.png,https://www.tcggo.com/external/cm/3023,https://www.tcggo.com/external/tcgplayer/3023,Luxio,Luxio 70,0.04,0.05,7987,EUR,[],,,,,,,,0.02,0.02,0.02,0.02,0.02,0.02,0.02,0.02,0.02,0.02,,,,,,,,,,,,,,,,,,,,,,,,,,,,,,,,,,,,,,,,,,,,EUR,0.2,0.11,Uncommon,luxio,Pokémon,https://www.tcggo.com/pokemon/paldea-evolved/luxio-70,sv2-70,497481,singles
2026-08-23T17:19:56+02:00,,529,aoki,aoki,PAL 71,71,715546,193,279,PAL,Pokémon,pokemon,18,https://images.tcggo.com/tcggo/storage/2935/paldea-evolved-logo.png,Paldea Evolved,EUR,1222.85,EUR,1698.95,2023-06-09,1,Scarlet & Violet,scarlet-violet,paldea-evolved,150,3024,https://images.tcggo.com/tcggo/storage/3040/luxray-pal-71-paldea-evolved-pokemon.png,https://www.tcggo.com/external/cm/3024,https://www.tcggo.com/external/tcgplayer/3024,Luxray,Luxray 71,0.09,0.16,6885,EUR,[],,,,,,,,0.02,0.02,0.02,0.02,0.02,0.02,0.02,0.02,0.02,0.02,,,,,,,,,,,,,,,,,,,,,,,,,,,,,,,,,,,,,,,,,,,,EUR,0.25,0.17,rare,luxray,Pokémon,https://www.tcggo.com/pokemon/paldea-evolved/luxray-71,sv2-71,497482,singles
2026-08-23T17:19:56+02:00,,401,Yuka Morii,yuka-morii,PAL 72,72,715547,193,279,PAL,Pokémon,pokemon,18,https://images.tcggo.com/tcggo/storage/2935/paldea-evolved-logo.png,Paldea Evolved,EUR,1222.85,EUR,1698.95,2023-06-09,1,Scarlet & Violet,scarlet-violet,paldea-evolved,80,3025,https://images.tcggo.com/tcggo/storage/3041/pincurchin-pal-72-paldea-evolved-pokemon.png,https://www.tcggo.com/external/cm/3025,https://www.tcggo.com/external/tcgplayer/3025,Pincurchin,Pincurchin 72,0.03,0.04,12606,EUR,[],,,,,,,,0.02,0.02,0.02,0.02,0.02,0.02,0.02,0.02,0.02,0.02,,,,,,,,,,,,,,,,,,,,,,,,,,,,,,,,,,,,,,,,,,,,EUR,0.23,0.13,Common,pincurchin,Pokémon,https://www.tcggo.com/pokemon/paldea-evolved/pincurchin-72,sv2-72,497483,singles
2026-08-23T17:19:56+02:00,,440,Shibuzoh.,shibuzoh,PAL 80,80,715555,193,279,PAL,Pokémon,pokemon,18,https://images.tcggo.com/tcggo/storage/2935/paldea-evolved-logo.png,Paldea Evolved,EUR,1222.85,EUR,1698.95,2023-06-09,1,Scarlet & Violet,scarlet-violet,paldea-evolved,60,3026,https://images.tcggo.com/tcggo/storage/3042/wattrel-pal-80-paldea-evolved-pokemon.png,https://www.tcggo.com/external/cm/3026,https://www.tcggo.com/external/tcgplayer/3026,Wattrel,Wattrel 80,0.05,0.07,3999,EUR,[],,,,,,,,0.03,0.02,0.02,0.02,0.02,0.02,0.02,0.02,0.02,0.02,,,,,,,,,,,,,,,,,,,,,,,,,,,,,,,,,,,,,,,,,,,,EUR,0.2,0.14,Common,wattrel,Pokémon,https://www.tcggo.com/pokemon/paldea-evolved/wattrel-80,sv2-80,497491,singles
2026-08-23T17:19:56+02:00,,381,sowsow,sowsow,PAL 85,85,715560,193,279,PAL,Pokémon,pokemon,18,https://images.tcggo.com/tcggo/storage/2935/paldea-evolved-logo.png,Paldea Evolved,EUR,1222.85,EUR,1698.95,2023-06-09,1,Scarlet & Violet,scarlet-violet,paldea-evolved,80,3027,https://images.tcggo.com/tcggo/storage/3043/slowpoke-pal-85-paldea-evolved-pokemon.png,https://www.tcggo.com/external/cm/3027,https://www.tcggo.com/external/tcgplayer/3027,Slowpoke,Slowpoke 85,0.04,0.04,11242,EUR,[],,,,,,,,0.02,0.02,0.02,0.02,0.02,0.02,0.02,0.02,0.02,0.02,,,,,,,,,,,,,,,,,,,,,,,,,,,,,,,,,,,,,,,,,,,,EUR,0.25,0.13,Common,slowpoke,Pokémon,https://www.tcggo.com/pokemon/paldea-evolved/slowpoke-85,sv2-85,497499,singles
2026-08-23T17:19:56+02:00,,460,Atsushi Furusawa,atsushi-furusawa,PAL 88,88,715563,193,279,PAL,Pokémon,pokemon,18,https://images.tcggo.com/tcggo/storage/2935/paldea-evolved-logo.png,Paldea Evolved,EUR,1222.85,EUR,1698.95,2023-06-09,1,Scarlet & Violet,scarlet-violet,paldea-evolved,90,3028,https://images.tcggo.com/tcggo/storage/3044/mismagius-pal-88-paldea-evolved-pokemon.png,https://www.tcggo.com/external/cm/3028,https://www.tcggo.com/external/tcgplayer/3028,Mismagius,Mismagius 88,0.04,0.03,7527,EUR,[],,,,,,,,0.02,0.02,0.02,0.02,0.02,0.02,0.02,0.02,0.02,0.02,,,,,,,,,,,,,,,,,,,,,,,,,,,,,,,,,,,,,,,,,,,,EUR,0.18,0.13,Uncommon,mismagius,Pokémon,https://www.tcggo.com/pokemon/paldea-evolved/mismagius-88,sv2-88,497502,singles
2026-08-23T17:19:56+02:00,,359,HYOGONOSUKE,hyogonosuke,PAL 96,96,715571,193,279,PAL,Pokémon,pokemon,18,https://images.tcggo.com/tcggo/storage/2935/paldea-evolved-logo.png,Paldea Evolved,EUR,1222.85,EUR,1698.95,2023-06-09,1,Scarlet & Violet,scarlet-violet,paldea-evolved,150,3029,https://images.tcggo.com/tcggo/storage/3045/palossand-pal-96-paldea-evolved-pokemon.png,https://www.tcggo.com/external/cm/3029,https://www.tcggo.com/external/tcgplayer/3029,Palossand,Palossand 96,0.04,0.05,7376,EUR,[],,,,,,,,0.02,0.02,0.02,0.02,0.02,0.02,0.02,0.02,0.02,0.02,,,,,,,,,,,,,,,,,,,,,,,,,,,,,,,,,,,,,,,,,,,,EUR,0.2,0.13,Uncommon,palossand,Pokémon,https://www.tcggo.com/pokemon/paldea-evolved/palossand-96,sv2-96,497511,singles
2026-08-23T17:19:56+02:00,,486,Ryota Murayama,ryota-murayama,PAL 98,98,715573,193,279,PAL,Pokémon,pokemon,18,https://images.tcggo.com/tcggo/storage/2935/paldea-evolved-logo.png,Paldea Evolved,EUR,1222.85,EUR,1698.95,2023-06-09,1,Scarlet & Violet,scarlet-violet,paldea-evolved,140,3030,https://images.tcggo.com/tcggo/storage/3046/ceruledge-pal-98-paldea-evolved-pokemon.png,https://www.tcggo.com/external/cm/3030,https://www.tcggo.com/external/tcgplayer/3030,Ceruledge,Ceruledge 98,0.07,0.07,7101,EUR,[],,,,,,,,0.02,0.02,0.02,0.02,0.02,0.02,0.02,0.02,0.02,0.02,,,,,,,,,,,,,,,,,,,,,,,,,,,,,,,,,,,,,,,,,,,,EUR,0.22,0.17,rare,ceruledge,Pokémon,https://www.tcggo.com/pokemon/paldea-evolved/ceruledge-98,sv2-98,497513,singles
2026-08-23T17:19:56+02:00,,368,Oswaldo KATO,oswaldo-kato,PAL 99,99,715574,193,279,PAL,Pokémon,pokemon,18,https://images.tcggo.com/tcggo/storage/2935/paldea-evolved-logo.png,Paldea Evolved,EUR,1222.85,EUR,1698.95,2023-06-09,1,Scarlet & Violet,scarlet-violet,paldea-evolved,70,3031,https://images.tcggo.com/tcggo/storage/3048/rabsca-pal-99-paldea-evolved-pokemon.png,https://www.tcggo.com/external/cm/3031,https://www.tcggo.com/external/tcgplayer/3031,Rabsca,Rabsca 99,0.06,0.07,7985,EUR,[],,,,,,,,0.02,0.02,0.02,0.02,0.02,0.02,0.02,0.02,0.02,0.02,,,,,,,,,,,,,,,,,,,,,,,,,,,,,,,,,,,,,,,,,,,,EUR,0.18,0.13,rare,rabsca,Pokémon,https://www.tcggo.com/pokemon/paldea-evolved/rabsca-99,sv2-99,497514,singles
2026-08-23T17:19:56+02:00,,482,Mizue,mizue,PAL 100,100,715575,193,279,PAL,Pokémon,pokemon,18,https://images.tcggo.com/tcggo/storage/2935/paldea-evolved-logo.png,Paldea Evolved,EUR,1222.85,EUR,1698.95,2023-06-09,1,Scarlet & Violet,scarlet-violet,paldea-evolved,60,3032,https://images.tcggo.com/tcggo/storage/3047/tinkatink-pal-100-paldea-evolved-pokemon.png,https://www.tcggo.com/external/cm/3032,https://www.tcggo.com/external/tcgplayer/3032,Tinkatink,Tinkatink 100,0.03,0.04,7301,EUR,[],,,,,,,,0.03,0.02,0.02,0.02,0.02,0.02,0.02,0.02,0.02,0.02,,,,,,,,,,,,,,,,,,,,,,,,,,,,,,,,,,,,,,,,,,,,EUR,0.21,0.13,Common,tinkatink,Pokémon,https://www.tcggo.com/pokemon/paldea-evolved/tinkatink-100,sv2-100,497515,singles
2026-08-23T17:19:56+02:00,,408,kawayoo,kawayoo,PAL 117,117,715592,193,279,PAL,Pokémon,pokemon,18,https://images.tcggo.com/tcggo/storage/2935/paldea-evolved-logo.png,Paldea Evolved,EUR,1222.85,EUR,1698.95,2023-06-09,1,Scarlet & Violet,scarlet-violet,paldea-evolved,260,3033,https://images.tcggo.com/tcggo/storage/3049/lycanroc-ex-pal-117-paldea-evolved-pokemon.png,https://www.tcggo.com/external/cm/3033,https://www.tcggo.com/external/tcgplayer/3033,Lycanroc ex,Lycanroc ex 117,0.75,0.82,1625,EUR,[],,,,,,,,0.3,0.1,0.1,0.75,0.75,0.3,0.49,0.49,0.1,0.1,,,,,,,,,,,,,,,,,,,,,,,,,,,,,,,,,,,,,,,,,,,,EUR,0.89,0.85,Double Rare,lycanroc-ex,Pokémon,https://www.tcggo.com/pokemon/paldea-evolved/lycanroc-ex-117,sv2-117,497532,singles
2026-08-23T17:19:56+02:00,,507,0313,0313,PAL 116,116,715591,193,279,PAL,Pokémon,pokemon,18,https://images.tcggo.com/tcggo/storage/2935/paldea-evolved-logo.png,Paldea Evolved,EUR,1222.85,EUR,1698.95,2023-06-09,1,Scarlet & Violet,scarlet-violet,paldea-evolved,70,3034,https://images.tcggo.com/tcggo/storage/3050/rockruff-pal-116-paldea-evolved-pokemon.png,https://www.tcggo.com/external/cm/3034,https://www.tcggo.com/external/tcgplayer/3034,Rockruff,Rockruff 116,0.03,0.03,12891,EUR,[],,,,,,,,0.02,0.02,0.02,0.02,0.02,0.02,0.02,0.02,0.02,0.02,,,,,,,,,,,,,,,,,,,,,,,,,,,,,,,,,,,,,,,,,,,,EUR,0.18,0.09,Common,rockruff,Pokémon,https://www.tcggo.com/pokemon/paldea-evolved/rockruff-116-1,sv2-116,497531,singles
2026-08-23T17:19:56+02:00,,447,Hasuno,hasuno,PAL 113,113,715588,193,279,PAL,Pokémon,pokemon,18,https://images.tcggo.com/tcggo/storage/2935/paldea-evolved-logo.png,Paldea Evolved,EUR,1222.85,EUR,1698.95,2023-06-09,1,Scarlet & Violet,scarlet-violet,paldea-evolved,140,3035,https://images.tcggo.com/tcggo/storage/3051/hariyama-pal-113-paldea-evolved-pokemon.png,https://www.tcggo.com/external/cm/3035,https://www.tcggo.com/external/tcgplayer/3035,Hariyama,Hariyama 113,0.08,0.06,7750,EUR,[],,,,,,,,0.02,0.02,0.02,0.02,0.02,0.02,0.02,0.02,0.02,0.02,,,,,,,,,,,,,,,,,,,,,,,,,,,,,,,,,,,,,,,,,,,,EUR,0.26,0.13,rare,hariyama,Pokémon,https://www.tcggo.com/pokemon/paldea-evolved/hariyama-113,sv2-113,497528,singles
2026-08-23T17:19:56+02:00,,408,kawayoo,kawayoo,PAL 114,114,715589,193,279,PAL,Pokémon,pokemon,18,https://images.tcggo.com/tcggo/storage/2935/paldea-evolved-logo.png,Paldea Evolved,EUR,1222.85,EUR,1698.95,2023-06-09,1,Scarlet & Violet,scarlet-violet,paldea-evolved,70,3036,https://images.tcggo.com/tcggo/storage/3052/croagunk-pal-114-paldea-evolved-pokemon.png,https://www.tcggo.com/external/cm/3036,https://www.tcggo.com/external/tcgplayer/3036,Croagunk,Croagunk 114,0.02,0.03,13006,EUR,[],,,,,,,,0.02,0.02,0.02,0.02,0.02,0.02,0.02,0.02,0.02,0.02,,,,,,,,,,,,,,,,,,,,,,,,,,,,,,,,,,,,,,,,,,,,EUR,0.11,0.09,Common,croagunk,Pokémon,https://www.tcggo.com/pokemon/paldea-evolved/croagunk-114,sv2-114,497529,singles
2026-08-23T17:19:56+02:00,,491,Yuya Oka,yuya-oka,PAL 115,115,715590,193,279,PAL,Pokémon,pokemon,18,https://images.tcggo.com/tcggo/storage/2935/paldea-evolved-logo.png,Paldea Evolved,EUR,1222.85,EUR,1698.95,2023-06-09,1,Scarlet & Violet,scarlet-violet,paldea-evolved,130,3037,https://images.tcggo.com/tcggo/storage/3053/toxicroak-pal-115-paldea-evolved-pokemon.png,https://www.tcggo.com/external/cm/3037,https://www.tcggo.com/external/tcgplayer/3037,Toxicroak,Toxicroak 115,0.03,0.04,8200,EUR,[],,,,,,,,0.02,0.02,0.02,0.02,0.02,0.02,0.02,0.02,0.02,0.02,,,,,,,,,,,,,,,,,,,,,,,,,,,,,,,,,,,,,,,,,,,,EUR,0.15,0.11,Uncommon,toxicroak,Pokémon,https://www.tcggo.com/pokemon/paldea-evolved/toxicroak-115,sv2-115,497530,singles
2026-08-23T17:19:56+02:00,,386,Jerky,jerky,PAL 118,118,715593,193,279,PAL,Pokémon,pokemon,18,https://images.tcggo.com/tcggo/storage/2935/paldea-evolved-logo.png,Paldea Evolved,EUR,1222.85,EUR,1698.95,2023-06-09,1,Scarlet & Violet,scarlet-violet,paldea-evolved,110,3038,https://images.tcggo.com/tcggo/storage/3054/passimian-pal-118-paldea-evolved-pokemon.png,https://www.tcggo.com/external/cm/3038,https://www.tcggo.com/external/tcgplayer/3038,Passimian,Passimian 118,0.03,0.03,8147,EUR,[],,,,,,,,0.02,0.02,0.02,0.02,0.02,0.02,0.02,0.02,0.02,0.02,,,,,,,,,,,,,,,,,,,,,,,,,,,,,,,,,,,,,,,,,,,,EUR,0.15,0.1,Uncommon,passimian,Pokémon,https://www.tcggo.com/pokemon/paldea-evolved/passimian-118,sv2-118,497533,singles
2026-08-23T17:19:56+02:00,,493,kurumitsu,kurumitsu,PAL 119,119,715594,193,279,PAL,Pokémon,pokemon,18,https://images.tcggo.com/tcggo/storage/2935/paldea-evolved-logo.png,Paldea Evolved,EUR,1222.85,EUR,1698.95,2023-06-09,1,Scarlet & Violet,scarlet-violet,paldea-evolved,110,3039,https://images.tcggo.com/tcggo/storage/3055/falinks-pal-119-paldea-evolved-pokemon.png,https://www.tcggo.com/external/cm/3039,https://www.tcggo.com/external/tcgplayer/3039,Falinks,Falinks 119,0.03,0.03,12990,EUR,[],,,,,,,,0.02,0.02,0.02,0.02,0.02,0.02,0.02,0.02,0.02,0.02,,,,,,,,,,,,,,,,,,,,,,,,,,,,,,,,,,,,,,,,,,,,EUR,0.15,0.09,Common,falinks,Pokémon,https://www.tcggo.com/pokemon/paldea-evolved/falinks-119,sv2-119,497534,singles
2026-08-23T17:19:56+02:00,,495,yuu,yuu,PAL 120,120,715595,193,279,PAL,Pokémon,pokemon,18,https://images.tcggo.com/tcggo/storage/2935/paldea-evolved-logo.png,Paldea Evolved,EUR,1222.85,EUR,1698.95,2023-06-09,1,Scarlet & Violet,scarlet-violet,paldea-evolved,60,3040,https://images.tcggo.com/tcggo/storage/3056/nacli-pal-120-paldea-evolved-pokemon.png,https://www.tcggo.com/external/cm/3040,https://www.tcggo.com/external/tcgplayer/3040,Nacli,Nacli 120,0.04,0.02,5521,EUR,[],,,,,,,,0.03,0.02,0.02,0.02,0.02,0.02,0.02,0.02,0.02,0.02,,,,,,,,,,,,,,,,,,,,,,,,,,,,,,,,,,,,,,,,,,,,EUR,0.15,0.12,Common,nacli,Pokémon,https://www.tcggo.com/pokemon/paldea-evolved/nacli-120,sv2-120,497535,singles
2026-08-23T17:19:56+02:00,,521,Shin Nagasawa,shin-nagasawa,PAL 121,121,715596,193,279,PAL,Pokémon,pokemon,18,https://images.tcggo.com/tcggo/storage/2935/paldea-evolved-logo.png,Paldea Evolved,EUR,1222.85,EUR,1698.95,2023-06-09,1,Scarlet & Violet,scarlet-violet,paldea-evolved,70,3041,https://images.tcggo.com/tcggo/storage/3057/nacli-pal-121-paldea-evolved-pokemon.png,https://www.tcggo.com/external/cm/3041,https://www.tcggo.com/external/tcgplayer/3041,Nacli,Nacli 121,0.03,0.04,5232,EUR,[],,,,,,,,0.02,0.02,0.02,0.02,0.02,0.02,0.02,0.02,0.02,0.02,,,,,,,,,,,,,,,,,,,,,,,,,,,,,,,,,,,,,,,,,,,,EUR,0.15,0.13,Common,nacli,Pokémon,https://www.tcggo.com/pokemon/paldea-evolved/nacli-121,sv2-121,497536,singles
2026-08-23T17:19:56+02:00,,363,Anesaki Dynamic,anesaki-dynamic,PAL 123,123,715598,193,279,PAL,Pokémon,pokemon,18,https://images.tcggo.com/tcggo/storage/2935/paldea-evolved-logo.png,Paldea Evolved,EUR,1222.85,EUR,1698.95,2023-06-09,1,Scarlet & Violet,scarlet-violet,paldea-evolved,180,3042,https://images.tcggo.com/tcggo/storage/3058/garganacl-pal-123-paldea-evolved-pokemon.png,https://www.tcggo.com/external/cm/3042,https://www.tcggo.com/external/tcgplayer/3042,Garganacl,Garganacl 123,0.07,0.09,7815,EUR,[],,,,,,,,0.02,0.02,0.02,0.02,0.02,0.02,0.02,0.02,0.02,0.02,,,,,,,,,,,,,,,,,,,,,,,,,,,,,,,,,,,,,,,,,,,,EUR,0.21,0.15,rare,garganacl,Pokémon,https://www.tcggo.com/pokemon/paldea-evolved/garganacl-123,sv2-123,497538,singles
2026-08-23T17:19:56+02:00,,360,Saya Tsuruta,saya-tsuruta,PAL 129,129,715604,193,279,PAL,Pokémon,pokemon,18,https://images.tcggo.com/tcggo/storage/2935/paldea-evolved-logo.png,Paldea Evolved,EUR,1222.85,EUR,1698.95,2023-06-09,1,Scarlet & Violet,scarlet-violet,paldea-evolved,60,3043,https://images.tcggo.com/tcggo/storage/3059/paldean-wooper-pal-129-paldea-evolved-pokemon.png,https://www.tcggo.com/external/cm/3043,https://www.tcggo.com/external/tcgplayer/3043,Paldean Wooper,Paldean Wooper 129,0.05,0.05,4785,EUR,[],,,,,,,,0.02,0.02,0.02,0.02,0.02,0.02,0.02,0.02,0.02,0.02,,,,,,,,,,,,,,,,,,,,,,,,,,,,,,,,,,,,,,,,,,,,EUR,0.23,0.15,Common,paldean-wooper,Pokémon,https://www.tcggo.com/pokemon/paldea-evolved/paldean-wooper-129,sv2-129,497586,singles
2026-08-23T17:19:56+02:00,,385,Teeziro,teeziro,PAL 131,131,715606,193,279,PAL,Pokémon,pokemon,18,https://images.tcggo.com/tcggo/storage/2935/paldea-evolved-logo.png,Paldea Evolved,EUR,1222.85,EUR,1698.95,2023-06-09,1,Scarlet & Violet,scarlet-violet,paldea-evolved,60,3044,https://images.tcggo.com/tcggo/storage/3060/murkrow-pal-131-paldea-evolved-pokemon.png,https://www.tcggo.com/external/cm/3044,https://www.tcggo.com/external/tcgplayer/3044,Murkrow,Murkrow 131,0.03,0.03,13240,EUR,[],,,,,,,,0.02,0.02,0.02,0.02,0.02,0.02,0.02,0.02,0.02,0.02,,,,,,,,,,,,,,,,,,,,,,,,,,,,,,,,,,,,,,,,,,,,EUR,0.16,0.13,Common,murkrow,Pokémon,https://www.tcggo.com/pokemon/paldea-evolved/murkrow-131,sv2-131,497592,singles
2026-08-23T17:19:56+02:00,,395,Nisota Niso,nisota-niso,PAL 132,132,715607,193,279,PAL,Pokémon,pokemon,18,https://images.tcggo.com/tcggo/storage/2935/paldea-evolved-logo.png,Paldea Evolved,EUR,1222.85,EUR,1698.95,2023-06-09,1,Scarlet & Violet,scarlet-violet,paldea-evolved,130,3045,https://images.tcggo.com/tcggo/storage/3061/honchkrow-pal-132-paldea-evolved-pokemon.png,https://www.tcggo.com/external/cm/3045,https://www.tcggo.com/external/tcgplayer/3045,Honchkrow,Honchkrow 132,0.03,0.02,7959,EUR,[],,,,,,,,0.02,0.02,0.02,0.02,0.02,0.02,0.02,0.02,0.02,0.02,,,,,,,,,,,,,,,,,,,,,,,,,,,,,,,,,,,,,,,,,,,,EUR,0.21,0.12,Uncommon,honchkrow,Pokémon,https://www.tcggo.com/pokemon/paldea-evolved/honchkrow-132,sv2-132,497593,singles
2026-08-23T17:19:56+02:00,,391,saino misaki,saino-misaki,PAL 134,134,715609,193,279,PAL,Pokémon,pokemon,18,https://images.tcggo.com/tcggo/storage/2935/paldea-evolved-logo.png,Paldea Evolved,EUR,1222.85,EUR,1698.95,2023-06-09,1,Scarlet & Violet,scarlet-violet,paldea-evolved,110,3046,https://images.tcggo.com/tcggo/storage/3062/weavile-pal-134-paldea-evolved-pokemon.png,https://www.tcggo.com/external/cm/3046,https://www.tcggo.com/external/tcgplayer/3046,Weavile,Weavile 134,0.06,0.06,7744,EUR,[],,,,,,,,0.02,0.02,0.02,0.02,0.02,0.02,0.02,0.02,0.02,0.02,,,,,,,,,,,,,,,,,,,,,,,,,,,,,,,,,,,,,,,,,,,,EUR,0.19,0.15,rare,weavile,Pokémon,https://www.tcggo.com/pokemon/paldea-evolved/weavile-134,sv2-134,497595,singles
2026-08-23T17:19:56+02:00,,534,Nagomi Nijo,nagomi-nijo,PAL 136,136,715611,193,279,PAL,Pokémon,pokemon,18,https://images.tcggo.com/tcggo/storage/2935/paldea-evolved-logo.png,Paldea Evolved,EUR,1222.85,EUR,1698.95,2023-06-09,1,Scarlet & Violet,scarlet-violet,paldea-evolved,70,3047,https://images.tcggo.com/tcggo/storage/3063/sableye-pal-136-paldea-evolved-pokemon.png,https://www.tcggo.com/external/cm/3047,https://www.tcggo.com/external/tcgplayer/3047,Sableye,Sableye 136,0.11,0.1,,EUR,[],,,,,,,,0.03,0.02,0.02,0.02,0.02,0.02,0.02,0.02,0.02,0.02,,,,,,,,,,,,,,,,,,,,,,,,,,,,,,,,,,,,,,,,,,,,EUR,0.23,0.17,rare,sableye,Pokémon,https://www.tcggo.com/pokemon/paldea-evolved/sableye-136,sv2-136,497632,singles
2026-08-23T17:19:56+02:00,,405,nagimiso,nagimiso,PAL 139,139,715614,193,279,PAL,Pokémon,pokemon,18,https://images.tcggo.com/tcggo/storage/2935/paldea-evolved-logo.png,Paldea Evolved,EUR,1222.85,EUR,1698.95,2023-06-09,1,Scarlet & Violet,scarlet-violet,paldea-evolved,100,3048,https://images.tcggo.com/tcggo/storage/3064/zweilous-pal-139-paldea-evolved-pokemon.png,https://www.tcggo.com/external/cm/3048,https://www.tcggo.com/external/tcgplayer/3048,Zweilous,Zweilous 139,0.04,0.03,7350,EUR,[],,,,,,,,0.02,0.02,0.02,0.02,0.02,0.02,0.02,0.02,0.02,0.02,,,,,,,,,,,,,,,,,,,,,,,,,,,,,,,,,,,,,,,,,,,,EUR,0.19,0.13,Uncommon,zweilous,Pokémon,https://www.tcggo.com/pokemon/paldea-evolved/zweilous-139,sv2-139,497643,singles
2026-08-23T17:19:56+02:00,,385,Teeziro,teeziro,PAL 140,140,715615,193,279,PAL,Pokémon,pokemon,18,https://images.tcggo.com/tcggo/storage/2935/paldea-evolved-logo.png,Paldea Evolved,EUR,1222.85,EUR,1698.95,2023-06-09,1,Scarlet & Violet,scarlet-violet,paldea-evolved,180,3049,https://images.tcggo.com/tcggo/storage/3065/hydreigon-pal-140-paldea-evolved-pokemon.png,https://www.tcggo.com/external/cm/3049,https://www.tcggo.com/external/tcgplayer/3049,Hydreigon,Hydreigon 140,0.09,0.1,7043,EUR,[],,,,,,,,0.03,0.02,0.02,0.02,0.02,0.02,0.02,0.02,0.02,0.02,,,,,,,,,,,,,,,,,,,,,,,,,,,,,,,,,,,,,,,,,,,,EUR,0.19,0.15,rare,hydreigon,Pokémon,https://www.tcggo.com/pokemon/paldea-evolved/hydreigon-140,sv2-140,497645,singles
2026-08-23T17:19:56+02:00,,363,Anesaki Dynamic,anesaki-dynamic,PAL 145,145,715620,193,279,PAL,Pokémon,pokemon,18,https://images.tcggo.com/tcggo/storage/2935/paldea-evolved-logo.png,Paldea Evolved,EUR,1222.85,EUR,1698.95,2023-06-09,1,Scarlet & Violet,scarlet-violet,paldea-evolved,60,3050,https://images.tcggo.com/tcggo/storage/3066/shroodle-pal-145-paldea-evolved-pokemon.png,https://www.tcggo.com/external/cm/3050,https://www.tcggo.com/external/tcgplayer/3050,Shroodle,Shroodle 145,0.03,0.02,5185,EUR,[],,,,,,,,0.02,0.02,0.02,0.02,0.02,0.02,0.02,0.02,0.02,0.02,,,,,,,,,,,,,,,,,,,,,,,,,,,,,,,,,,,,,,,,,,,,EUR,0.15,0.12,Common,shroodle,Pokémon,https://www.tcggo.com/pokemon/paldea-evolved/shroodle-145,sv2-145,497660,singles
2026-08-23T17:19:56+02:00,,428,Uta,uta,PAL 150,150,715625,193,279,PAL,Pokémon,pokemon,18,https://images.tcggo.com/tcggo/storage/2935/paldea-evolved-logo.png,Paldea Evolved,EUR,1222.85,EUR,1698.95,2023-06-09,1,Scarlet & Violet,scarlet-violet,paldea-evolved,300,3051,https://images.tcggo.com/tcggo/storage/3067/copperajah-ex-pal-150-paldea-evolved-pokemon.png,https://www.tcggo.com/external/cm/3051,https://www.tcggo.com/external/tcgplayer/3051,Copperajah ex,Copperajah ex 150,0.61,0.6,1980,EUR,[],,,,,,,,0.09,0.2,0.2,0.4,0.4,0.09,0.39,0.39,0.04,0.04,,,,,,,,,,,,,,,,,,,,,,,,,,,,,,,,,,,,,,,,,,,,EUR,0.6,0.85,Double Rare,copperajah-ex,Pokémon,https://www.tcggo.com/pokemon/paldea-evolved/copperajah-ex-150,sv2-150,497568,singles
2026-08-23T17:19:56+02:00,,482,Mizue,mizue,PAL 124,124,715599,193,279,PAL,Pokémon,pokemon,18,https://images.tcggo.com/tcggo/storage/2935/paldea-evolved-logo.png,Paldea Evolved,EUR,1222.85,EUR,1698.95,2023-06-09,1,Scarlet & Violet,scarlet-violet,paldea-evolved,40,3052,https://images.tcggo.com/tcggo/storage/3068/glimmet-pal-124-paldea-evolved-pokemon.png,https://www.tcggo.com/external/cm/3052,https://www.tcggo.com/external/tcgplayer/3052,Glimmet,Glimmet 124,0.04,0.04,5125,EUR,[],,,,,,,,0.02,0.02,0.02,0.02,0.02,0.02,0.02,0.02,0.02,0.02,,,,,,,,,,,,,,,,,,,,,,,,,,,,,,,,,,,,,,,,,,,,EUR,0.25,0.13,Common,glimmet,Pokémon,https://www.tcggo.com/pokemon/paldea-evolved/glimmet-124,sv2-124,497539,singles
2026-08-23T17:19:56+02:00,,521,Shin Nagasawa,shin-nagasawa,PAL 126,126,715601,193,279,PAL,Pokémon,pokemon,18,https://images.tcggo.com/tcggo/storage/2935/paldea-evolved-logo.png,Paldea Evolved,EUR,1222.85,EUR,1698.95,2023-06-09,1,Scarlet & Violet,scarlet-violet,paldea-evolved,130,3053,https://images.tcggo.com/tcggo/storage/3069/glimmora-pal-126-paldea-evolved-pokemon.png,https://www.tcggo.com/external/cm/3053,https://www.tcggo.com/external/tcgplayer/3053,Glimmora,Glimmora 126,0.07,0.06,7722,EUR,[],,,,,,,,0.02,0.02,0.02,0.02,0.02,0.02,0.02,0.02,0.02,0.02,,,,,,,,,,,,,,,,,,,,,,,,,,,,,,,,,,,,,,,,,,,,EUR,0.2,0.15,rare,glimmora,Pokémon,https://www.tcggo.com/pokemon/paldea-evolved/glimmora-126,sv2-126,497542,singles
2026-08-23T17:19:56+02:00,,395,Nisota Niso,nisota-niso,PAL 137,137,715612,193,279,PAL,Pokémon,pokemon,18,https://images.tcggo.com/tcggo/storage/2935/paldea-evolved-logo.png,Paldea Evolved,EUR,1222.85,EUR,1698.95,2023-06-09,1,Scarlet & Violet,scarlet-violet,paldea-evolved,110,3054,https://images.tcggo.com/tcggo/storage/3070/seviper-pal-137-paldea-evolved-pokemon.png,https://www.tcggo.com/external/cm/3054,https://www.tcggo.com/external/tcgplayer/3054,Seviper,Seviper 137,0.03,0.03,8376,EUR,[],,,,,,,,0.02,0.02,0.02,0.02,0.02,0.02,0.02,0.02,0.02,0.02,,,,,,,,,,,,,,,,,,,,,,,,,,,,,,,,,,,,,,,,,,,,EUR,0.15,0.1,Uncommon,seviper,Pokémon,https://www.tcggo.com/pokemon/paldea-evolved/seviper-137,sv2-137,497635,singles
2026-08-23T17:19:56+02:00,,429,DOM,dom,PAL 141,141,715616,193,279,PAL,Pokémon,pokemon,18,https://images.tcggo.com/tcggo/storage/2935/paldea-evolved-logo.png,Paldea Evolved,EUR,1222.85,EUR,1698.95,2023-06-09,1,Scarlet & Violet,scarlet-violet,paldea-evolved,60,3055,https://images.tcggo.com/tcggo/storage/3071/maschiff-pal-141-paldea-evolved-pokemon.png,https://www.tcggo.com/external/cm/3055,https://www.tcggo.com/external/tcgplayer/3055,Maschiff,Maschiff 141,0.04,0.03,5478,EUR,[],,,,,,,,0.02,0.02,0.02,0.02,0.02,0.02,0.02,0.02,0.02,0.02,,,,,,,,,,,,,,,,,,,,,,,,,,,,,,,,,,,,,,,,,,,,EUR,0.17,0.11,Common,maschiff,Pokémon,https://www.tcggo.com/pokemon/paldea-evolved/maschiff-141,sv2-141,497648,singles
2026-08-23T17:19:56+02:00,,377,Souichirou Gunjima,souichirou-gunjima,PAL 146,146,715621,193,279,PAL,Pokémon,pokemon,18,https://images.tcggo.com/tcggo/storage/2935/paldea-evolved-logo.png,Paldea Evolved,EUR,1222.85,EUR,1698.95,2023-06-09,1,Scarlet & Violet,scarlet-violet,paldea-evolved,90,3056,https://images.tcggo.com/tcggo/storage/3072/grafaiai-pal-146-paldea-evolved-pokemon.png,https://www.tcggo.com/external/cm/3056,https://www.tcggo.com/external/tcgplayer/3056,Grafaiai,Grafaiai 146,0.03,0.03,10038,EUR,[],,,,,,,,0.02,0.02,0.02,0.02,0.02,0.02,0.02,0.02,0.02,0.02,,,,,,,,,,,,,,,,,,,,,,,,,,,,,,,,,,,,,,,,,,,,EUR,0.15,0.12,Uncommon,grafaiai,Pokémon,https://www.tcggo.com/pokemon/paldea-evolved/grafaiai-146,sv2-146,497661,singles
2026-08-23T17:19:56+02:00,,498,Sekio,sekio,PAL 147,147,715622,193,279,PAL,Pokémon,pokemon,18,https://images.tcggo.com/tcggo/storage/2935/paldea-evolved-logo.png,Paldea Evolved,EUR,1222.85,EUR,1698.95,2023-06-09,1,Scarlet & Violet,scarlet-violet,paldea-evolved,120,3057,https://images.tcggo.com/tcggo/storage/3073/bombirdier-pal-147-paldea-evolved-pokemon.png,https://www.tcggo.com/external/cm/3057,https://www.tcggo.com/external/tcgplayer/3057,Bombirdier,Bombirdier 147,0.03,0.03,8312,EUR,[],,,,,,,,0.02,0.02,0.02,0.02,0.02,0.02,0.02,0.02,0.02,0.02,,,,,,,,,,,,,,,,,,,,,,,,,,,,,,,,,,,,,,,,,,,,EUR,0.13,0.1,Uncommon,bombirdier,Pokémon,https://www.tcggo.com/pokemon/paldea-evolved/bombirdier-147,sv2-147,497662,singles
2026-08-23T17:19:56+02:00,,387,Scav,scav,PAL 148,148,715623,193,279,PAL,Pokémon,pokemon,18,https://images.tcggo.com/tcggo/storage/2935/paldea-evolved-logo.png,Paldea Evolved,EUR,1222.85,EUR,1698.95,2023-06-09,1,Scarlet & Violet,scarlet-violet,paldea-evolved,170,3058,https://images.tcggo.com/tcggo/storage/3074/corviknight-pal-148-paldea-evolved-pokemon.png,https://www.tcggo.com/external/cm/3058,https://www.tcggo.com/external/tcgplayer/3058,Corviknight,Corviknight 148,0.04,0.04,7757,EUR,[],,,,,,,,0.02,0.02,0.02,0.02,0.02,0.02,0.02,0.02,0.02,0.02,,,,,,,,,,,,,,,,,,,,,,,,,,,,,,,,,,,,,,,,,,,,EUR,0.17,0.13,Uncommon,corviknight,Pokémon,https://www.tcggo.com/pokemon/paldea-evolved/corviknight-148,sv2-148,497561,singles
2026-08-23T17:19:56+02:00,,368,Oswaldo KATO,oswaldo-kato,PAL 149,149,715624,193,279,PAL,Pokémon,pokemon,18,https://images.tcggo.com/tcggo/storage/2935/paldea-evolved-logo.png,Paldea Evolved,EUR,1222.85,EUR,1698.95,2023-06-09,1,Scarlet & Violet,scarlet-violet,paldea-evolved,100,3059,https://images.tcggo.com/tcggo/storage/3075/cufant-pal-149-paldea-evolved-pokemon.png,https://www.tcggo.com/external/cm/3059,https://www.tcggo.com/external/tcgplayer/3059,Cufant,Cufant 149,0.03,0.03,12760,EUR,[],,,,,,,,0.02,0.02,0.02,0.02,0.02,0.02,0.02,0.02,0.02,0.02,,,,,,,,,,,,,,,,,,,,,,,,,,,,,,,,,,,,,,,,,,,,EUR,0.11,0.1,Common,cufant,Pokémon,https://www.tcggo.com/pokemon/paldea-evolved/cufant-149,sv2-149,497566,singles
2026-08-23T17:19:56+02:00,,512,kirisAki,kirisaki,PAL 154,154,715629,193,279,PAL,Pokémon,pokemon,18,https://images.tcggo.com/tcggo/storage/2935/paldea-evolved-logo.png,Paldea Evolved,EUR,1222.85,EUR,1698.95,2023-06-09,1,Scarlet & Violet,scarlet-violet,paldea-evolved,100,3060,https://images.tcggo.com/tcggo/storage/3076/girafarig-pal-154-paldea-evolved-pokemon.png,https://www.tcggo.com/external/cm/3060,https://www.tcggo.com/external/tcgplayer/3060,Girafarig,Girafarig 154,0.03,0.03,11810,EUR,[],,,,,,,,0.03,0.02,0.02,0.02,0.02,0.02,0.02,0.02,0.02,0.02,,,,,,,,,,,,,,,,,,,,,,,,,,,,,,,,,,,,,,,,,,,,EUR,0.15,0.13,Common,girafarig,Pokémon,https://www.tcggo.com/pokemon/paldea-evolved/girafarig-154,sv2-154,497572,singles
2026-08-23T17:19:56+02:00,,459,GIDORA,gidora,PAL 122,122,715597,193,279,PAL,Pokémon,pokemon,18,https://images.tcggo.com/tcggo/storage/2935/paldea-evolved-logo.png,Paldea Evolved,EUR,1222.85,EUR,1698.95,2023-06-09,1,Scarlet & Violet,scarlet-violet,paldea-evolved,100,3061,https://images.tcggo.com/tcggo/storage/3077/naclstack-pal-122-paldea-evolved-pokemon.png,https://www.tcggo.com/external/cm/3061,https://www.tcggo.com/external/tcgplayer/3061,Naclstack,Naclstack 122,0.03,0.03,7429,EUR,[],,,,,,,,0.02,0.02,0.02,0.02,0.02,0.02,0.02,0.02,0.02,0.02,,,,,,,,,,,,,,,,,,,,,,,,,,,,,,,,,,,,,,,,,,,,EUR,0.15,0.13,Uncommon,naclstack,Pokémon,https://www.tcggo.com/pokemon/paldea-evolved/naclstack-122,sv2-122,497537,singles
2026-08-23T17:19:56+02:00,,380,5ban Graphics,5ban-graphics,PAL 127,127,715602,193,279,PAL,Pokémon,pokemon,18,https://images.tcggo.com/tcggo/storage/2935/paldea-evolved-logo.png,Paldea Evolved,EUR,1222.85,EUR,1698.95,2023-06-09,1,Scarlet & Violet,scarlet-violet,paldea-evolved,240,3062,https://images.tcggo.com/tcggo/storage/3079/ting-lu-ex-pal-127-paldea-evolved-pokemon.png,https://www.tcggo.com/external/cm/3062,https://www.tcggo.com/external/tcgplayer/3062,Ting-Lu ex,Ting-Lu ex 127,0.64,0.68,1921,EUR,[],,,,,,,,0.2,0.39,0.39,0.3,0.3,0.2,0.4,0.4,0.02,0.02,,,,,,,,,,,,,,,,,,,,,,,,,,,,,,,,,,,,,,,,,,,,EUR,0.61,0.85,Double Rare,ting-lu-ex,Pokémon,https://www.tcggo.com/pokemon/paldea-evolved/ting-lu-ex-127,sv2-127,497543,singles
2026-08-23T17:19:56+02:00,,378,Kouki Saitou,kouki-saitou,PAL 128,128,715603,193,279,PAL,Pokémon,pokemon,18,https://images.tcggo.com/tcggo/storage/2935/paldea-evolved-logo.png,Paldea Evolved,EUR,1222.85,EUR,1698.95,2023-06-09,1,Scarlet & Violet,scarlet-violet,paldea-evolved,60,3063,https://images.tcggo.com/tcggo/storage/3078/paldean-wooper-pal-128-paldea-evolved-pokemon.png,https://www.tcggo.com/external/cm/3063,https://www.tcggo.com/external/tcgplayer/3063,Paldean Wooper,Paldean Wooper 128,0.04,0.05,4979,EUR,[],,,,,,,,0.03,0.02,0.02,0.02,0.02,0.02,0.02,0.02,0.02,0.02,,,,,,,,,,,,,,,,,,,,,,,,,,,,,,,,,,,,,,,,,,,,EUR,0.25,0.13,Common,paldean-wooper,Pokémon,https://www.tcggo.com/pokemon/paldea-evolved/paldean-wooper-128,sv2-128,497581,singles
2026-08-23T17:19:56+02:00,,484,Kagemaru Himeno,kagemaru-himeno,PAL 133,133,715608,193,279,PAL,Pokémon,pokemon,18,https://images.tcggo.com/tcggo/storage/2935/paldea-evolved-logo.png,Paldea Evolved,EUR,1222.85,EUR,1698.95,2023-06-09,1,Scarlet & Violet,scarlet-violet,paldea-evolved,70,3064,https://images.tcggo.com/tcggo/storage/3080/sneasel-pal-133-paldea-evolved-pokemon.png,https://www.tcggo.com/external/cm/3064,https://www.tcggo.com/external/tcgplayer/3064,Sneasel,Sneasel 133,0.03,0.03,12866,EUR,[],,,,,,,,0.02,0.02,0.02,0.02,0.02,0.02,0.02,0.02,0.02,0.02,,,,,,,,,,,,,,,,,,,,,,,,,,,,,,,,,,,,,,,,,,,,EUR,0.14,0.1,Common,sneasel,Pokémon,https://www.tcggo.com/pokemon/paldea-evolved/sneasel-133,sv2-133,497594,singles
2026-08-23T17:19:56+02:00,,500,chibi,chibi,PAL 152,152,715627,193,279,PAL,Pokémon,pokemon,18,https://images.tcggo.com/tcggo/storage/2935/paldea-evolved-logo.png,Paldea Evolved,EUR,1222.85,EUR,1698.95,2023-06-09,1,Scarlet & Violet,scarlet-violet,paldea-evolved,70,3065,https://images.tcggo.com/tcggo/storage/3081/noibat-pal-152-paldea-evolved-pokemon.png,https://www.tcggo.com/external/cm/3065,https://www.tcggo.com/external/tcgplayer/3065,Noibat,Noibat 152,0.03,0.03,12605,EUR,[],,,,,,,,0.02,0.02,0.02,0.02,0.02,0.02,0.02,0.02,0.02,0.02,,,,,,,,,,,,,,,,,,,,,,,,,,,,,,,,,,,,,,,,,,,,EUR,0.15,0.09,Common,noibat,Pokémon,https://www.tcggo.com/pokemon/paldea-evolved/noibat-152,sv2-152,497570,singles
2026-08-23T17:19:56+02:00,,498,Sekio,sekio,PAL 125,125,715600,193,279,PAL,Pokémon,pokemon,18,https://images.tcggo.com/tcggo/storage/2935/paldea-evolved-logo.png,Paldea Evolved,EUR,1222.85,EUR,1698.95,2023-06-09,1,Scarlet & Violet,scarlet-violet,paldea-evolved,70,3066,https://images.tcggo.com/tcggo/storage/3082/glimmet-pal-125-paldea-evolved-pokemon.png,https://www.tcggo.com/external/cm/3066,https://www.tcggo.com/external/tcgplayer/3066,Glimmet,Glimmet 125,0.04,0.03,5457,EUR,[],,,,,,,,0.02,0.02,0.02,0.02,0.02,0.02,0.02,0.02,0.02,0.02,,,,,,,,,,,,,,,,,,,,,,,,,,,,,,,,,,,,,,,,,,,,EUR,0.15,0.12,Common,glimmet,Pokémon,https://www.tcggo.com/pokemon/paldea-evolved/glimmet-125,sv2-125,497540,singles
2026-08-23T17:19:56+02:00,,384,PLANETA Mochizuki,planeta-mochizuki,PAL 130,130,715605,193,279,PAL,Pokémon,pokemon,18,https://images.tcggo.com/tcggo/storage/2935/paldea-evolved-logo.png,Paldea Evolved,EUR,1222.85,EUR,1698.95,2023-06-09,1,Scarlet & Violet,scarlet-violet,paldea-evolved,280,3067,https://images.tcggo.com/tcggo/storage/3083/paldean-clodsire-ex-pal-130-paldea-evolved-pokemon.png,https://www.tcggo.com/external/cm/3067,https://www.tcggo.com/external/tcgplayer/3067,Paldean Clodsire ex,Paldean Clodsire ex 130,0.74,0.83,1519,EUR,[],,,,,,,,0.4,0.45,0.45,0.5,0.5,0.4,0.39,0.39,0.04,0.04,,,,,,,,,,,,,,,,,,,,,,,,,,,,,,,,,,,,,,,,,,,,EUR,0.64,0.85,Double Rare,paldean-clodsire-ex,Pokémon,https://www.tcggo.com/pokemon/paldea-evolved/paldean-clodsire-ex-130,sv2-130,497589,singles
2026-08-23T17:19:56+02:00,,462,hncl,hncl,PAL 135,135,715610,193,279,PAL,Pokémon,pokemon,18,https://images.tcggo.com/tcggo/storage/2935/paldea-evolved-logo.png,Paldea Evolved,EUR,1222.85,EUR,1698.95,2023-06-09,1,Scarlet & Violet,scarlet-violet,paldea-evolved,180,3068,https://images.tcggo.com/tcggo/storage/3084/tyranitar-pal-135-paldea-evolved-pokemon.png,https://www.tcggo.com/external/cm/3068,https://www.tcggo.com/external/tcgplayer/3068,Tyranitar,Tyranitar 135,0.1,0.13,6663,EUR,[],,,,,,,,0.02,0.02,0.02,0.02,0.02,0.02,0.02,0.02,0.02,0.02,,,,,,,,,,,,,,,,,,,,,,,,,,,,,,,,,,,,,,,,,,,,EUR,0.22,0.17,rare,tyranitar,Pokémon,https://www.tcggo.com/pokemon/paldea-evolved/tyranitar-135,sv2-135,497596,singles
2026-08-23T17:19:56+02:00,,406,Narumi Sato,narumi-sato,PAL 138,138,715613,193,279,PAL,Pokémon,pokemon,18,https://images.tcggo.com/tcggo/storage/2935/paldea-evolved-logo.png,Paldea Evolved,EUR,1222.85,EUR,1698.95,2023-06-09,1,Scarlet & Violet,scarlet-violet,paldea-evolved,70,3069,https://images.tcggo.com/tcggo/storage/3085/deino-pal-138-paldea-evolved-pokemon.png,https://www.tcggo.com/external/cm/3069,https://www.tcggo.com/external/tcgplayer/3069,Deino,Deino 138,0.03,0.05,12466,EUR,[],,,,,,,,0.02,0.02,0.02,0.02,0.02,0.02,0.02,0.02,0.02,0.02,,,,,,,,,,,,,,,,,,,,,,,,,,,,,,,,,,,,,,,,,,,,EUR,0.16,0.12,Common,deino,Pokémon,https://www.tcggo.com/pokemon/paldea-evolved/deino-138,sv2-138,497638,singles
2026-08-23T17:19:56+02:00,,440,Shibuzoh.,shibuzoh,PAL 142,142,715617,193,279,PAL,Pokémon,pokemon,18,https://images.tcggo.com/tcggo/storage/2935/paldea-evolved-logo.png,Paldea Evolved,EUR,1222.85,EUR,1698.95,2023-06-09,1,Scarlet & Violet,scarlet-violet,paldea-evolved,70,3070,https://images.tcggo.com/tcggo/storage/3086/maschiff-pal-142-paldea-evolved-pokemon.png,https://www.tcggo.com/external/cm/3070,https://www.tcggo.com/external/tcgplayer/3070,Maschiff,Maschiff 142,0.04,0.04,5629,EUR,[],,,,,,,,0.02,0.02,0.02,0.02,0.02,0.02,0.02,0.02,0.02,0.02,,,,,,,,,,,,,,,,,,,,,,,,,,,,,,,,,,,,,,,,,,,,EUR,0.19,0.12,Common,maschiff,Pokémon,https://www.tcggo.com/pokemon/paldea-evolved/maschiff-142,sv2-142,497650,singles
2026-08-23T17:19:56+02:00,,377,Souichirou Gunjima,souichirou-gunjima,PAL 143,143,715618,193,279,PAL,Pokémon,pokemon,18,https://images.tcggo.com/tcggo/storage/2935/paldea-evolved-logo.png,Paldea Evolved,EUR,1222.85,EUR,1698.95,2023-06-09,1,Scarlet & Violet,scarlet-violet,paldea-evolved,140,3071,https://images.tcggo.com/tcggo/storage/3087/mabosstiff-pal-143-paldea-evolved-pokemon.png,https://www.tcggo.com/external/cm/3071,https://www.tcggo.com/external/tcgplayer/3071,Mabosstiff,Mabosstiff 143,0.04,0.05,7872,EUR,[],,,,,,,,0.02,0.02,0.02,0.02,0.02,0.02,0.02,0.02,0.02,0.02,,,,,,,,,,,,,,,,,,,,,,,,,,,,,,,,,,,,,,,,,,,,EUR,0.15,0.11,Uncommon,mabosstiff,Pokémon,https://www.tcggo.com/pokemon/paldea-evolved/mabosstiff-143,sv2-143,497656,singles
2026-08-23T17:19:56+02:00,,426,Akira Komayama,akira-komayama,PAL 144,144,715619,193,279,PAL,Pokémon,pokemon,18,https://images.tcggo.com/tcggo/storage/2935/paldea-evolved-logo.png,Paldea Evolved,EUR,1222.85,EUR,1698.95,2023-06-09,1,Scarlet & Violet,scarlet-violet,paldea-evolved,50,3072,https://images.tcggo.com/tcggo/storage/3088/shroodle-pal-144-paldea-evolved-pokemon.png,https://www.tcggo.com/external/cm/3072,https://www.tcggo.com/external/tcgplayer/3072,Shroodle,Shroodle 144,0.04,0.04,5315,EUR,[],,,,,,,,0.02,0.02,0.02,0.02,0.02,0.02,0.02,0.02,0.02,0.02,,,,,,,,,,,,,,,,,,,,,,,,,,,,,,,,,,,,,,,,,,,,EUR,0.21,0.13,Common,shroodle,Pokémon,https://www.tcggo.com/pokemon/paldea-evolved/shroodle-144,sv2-144,497659,singles
2026-08-23T17:19:56+02:00,,402,Hitoshi Ariga,hitoshi-ariga,PAL 151,151,715626,193,279,PAL,Pokémon,pokemon,18,https://images.tcggo.com/tcggo/storage/2935/paldea-evolved-logo.png,Paldea Evolved,EUR,1222.85,EUR,1698.95,2023-06-09,1,Scarlet & Violet,scarlet-violet,paldea-evolved,130,3073,https://images.tcggo.com/tcggo/storage/3089/orthworm-pal-151-paldea-evolved-pokemon.png,https://www.tcggo.com/external/cm/3073,https://www.tcggo.com/external/tcgplayer/3073,Orthworm,Orthworm 151,0.08,0.07,6166,EUR,[],,,,,,,,0.02,0.02,0.02,0.02,0.02,0.02,0.02,0.02,0.02,0.02,,,,,,,,,,,,,,,,,,,,,,,,,,,,,,,,,,,,,,,,,,,,EUR,0.19,0.17,rare,orthworm,Pokémon,https://www.tcggo.com/pokemon/paldea-evolved/orthworm-151,sv2-151,497569,singles
2026-08-23T17:19:56+02:00,,395,Nisota Niso,nisota-niso,PAL 153,153,715628,193,279,PAL,Pokémon,pokemon,18,https://images.tcggo.com/tcggo/storage/2935/paldea-evolved-logo.png,Paldea Evolved,EUR,1222.85,EUR,1698.95,2023-06-09,1,Scarlet & Violet,scarlet-violet,paldea-evolved,260,3074,https://images.tcggo.com/tcggo/storage/3090/noivern-ex-pal-153-paldea-evolved-pokemon.png,https://www.tcggo.com/external/cm/3074,https://www.tcggo.com/external/tcgplayer/3074,Noivern ex,Noivern ex 153,0.7,0.74,1511,EUR,[],,,,,,,,0.3,0.35,0.35,0.6,0.6,0.3,0.49,0.49,0.1,0.1,,,,,,,,,,,,,,,,,,,,,,,,,,,,,,,,,,,,,,,,,,,,EUR,0.62,0.85,Double Rare,noivern-ex,Pokémon,https://www.tcggo.com/pokemon/paldea-evolved/noivern-ex-153,sv2-153,497571,singles
2026-08-23T17:19:56+02:00,,416,Mina Nakai,mina-nakai,PAL 157,157,715632,193,279,PAL,Pokémon,pokemon,18,https://images.tcggo.com/tcggo/storage/2935/paldea-evolved-logo.png,Paldea Evolved,EUR,1222.85,EUR,1698.95,2023-06-09,1,Scarlet & Violet,scarlet-violet,paldea-evolved,140,3075,https://images.tcggo.com/tcggo/storage/3091/dudunsparce-pal-157-paldea-evolved-pokemon.png,https://www.tcggo.com/external/cm/3075,https://www.tcggo.com/external/tcgplayer/3075,Dudunsparce,Dudunsparce 157,0.03,0.03,7863,EUR,[],,,,,,,,0.02,0.02,0.02,0.02,0.02,0.02,0.02,0.02,0.02,0.02,,,,,,,,,,,,,,,,,,,,,,,,,,,,,,,,,,,,,,,,,,,,EUR,0.21,0.13,Uncommon,dudunsparce,Pokémon,https://www.tcggo.com/pokemon/paldea-evolved/dudunsparce-157,sv2-157,497575,singles
2026-08-23T17:19:56+02:00,,378,Kouki Saitou,kouki-saitou,PAL 158,158,715633,193,279,PAL,Pokémon,pokemon,18,https://images.tcggo.com/tcggo/storage/2935/paldea-evolved-logo.png,Paldea Evolved,EUR,1222.85,EUR,1698.95,2023-06-09,1,Scarlet & Violet,scarlet-violet,paldea-evolved,70,3076,https://images.tcggo.com/tcggo/storage/3092/wingull-pal-158-paldea-evolved-pokemon.png,https://www.tcggo.com/external/cm/3076,https://www.tcggo.com/external/tcgplayer/3076,Wingull,Wingull 158,0.03,0.02,13526,EUR,[],,,,,,,,0.02,0.02,0.02,0.02,0.02,0.02,0.02,0.02,0.02,0.02,,,,,,,,,,,,,,,,,,,,,,,,,,,,,,,,,,,,,,,,,,,,EUR,0.13,0.09,Common,wingull,Pokémon,https://www.tcggo.com/pokemon/paldea-evolved/wingull-158,sv2-158,497576,singles
2026-08-23T17:19:56+02:00,,437,Shigenori Negishi,shigenori-negishi,PAL 160,160,715635,193,279,PAL,Pokémon,pokemon,18,https://images.tcggo.com/tcggo/storage/2935/paldea-evolved-logo.png,Paldea Evolved,EUR,1222.85,EUR,1698.95,2023-06-09,1,Scarlet & Violet,scarlet-violet,paldea-evolved,70,3077,https://images.tcggo.com/tcggo/storage/3093/slakoth-pal-160-paldea-evolved-pokemon.png,https://www.tcggo.com/external/cm/3077,https://www.tcggo.com/external/tcgplayer/3077,Slakoth,Slakoth 160,0.04,0.05,,EUR,[],,,,,,,,0.02,0.02,0.02,0.02,0.02,0.02,0.02,0.02,0.02,0.02,,,,,,,,,,,,,,,,,,,,,,,,,,,,,,,,,,,,,,,,,,,,EUR,0.15,0.1,Common,slakoth,Pokémon,https://www.tcggo.com/pokemon/paldea-evolved/slakoth-160,sv2-160,497578,singles
2026-08-23T17:19:56+02:00,,459,GIDORA,gidora,PAL 161,161,715636,193,279,PAL,Pokémon,pokemon,18,https://images.tcggo.com/tcggo/storage/2935/paldea-evolved-logo.png,Paldea Evolved,EUR,1222.85,EUR,1698.95,2023-06-09,1,Scarlet & Violet,scarlet-violet,paldea-evolved,90,3078,https://images.tcggo.com/tcggo/storage/3094/vigoroth-pal-161-paldea-evolved-pokemon.png,https://www.tcggo.com/external/cm/3078,https://www.tcggo.com/external/tcgplayer/3078,Vigoroth,Vigoroth 161,0.04,0.04,,EUR,[],,,,,,,,0.02,0.02,0.02,0.02,0.02,0.02,0.02,0.02,0.02,0.02,,,,,,,,,,,,,,,,,,,,,,,,,,,,,,,,,,,,,,,,,,,,EUR,0.2,0.12,Uncommon,vigoroth,Pokémon,https://www.tcggo.com/pokemon/paldea-evolved/vigoroth-161,sv2-161,497579,singles
2026-08-23T17:19:56+02:00,,491,Yuya Oka,yuya-oka,PAL 162,162,715637,193,279,PAL,Pokémon,pokemon,18,https://images.tcggo.com/tcggo/storage/2935/paldea-evolved-logo.png,Paldea Evolved,EUR,1222.85,EUR,1698.95,2023-06-09,1,Scarlet & Violet,scarlet-violet,paldea-evolved,180,3079,https://images.tcggo.com/tcggo/storage/3095/slaking-pal-162-paldea-evolved-pokemon.png,https://www.tcggo.com/external/cm/3079,https://www.tcggo.com/external/tcgplayer/3079,Slaking,Slaking 162,0.09,0.07,,EUR,[],,,,,,,,0.02,0.02,0.02,0.02,0.02,0.02,0.02,0.02,0.02,0.02,,,,,,,,,,,,,,,,,,,,,,,,,,,,,,,,,,,,,,,,,,,,EUR,0.25,0.15,rare,slaking,Pokémon,https://www.tcggo.com/pokemon/paldea-evolved/slaking-162,sv2-162,497580,singles
2026-08-23T17:19:56+02:00,,503,sui,sui,PAL 163,163,715638,193,279,PAL,Pokémon,pokemon,18,https://images.tcggo.com/tcggo/storage/2935/paldea-evolved-logo.png,Paldea Evolved,EUR,1222.85,EUR,1698.95,2023-06-09,1,Scarlet & Violet,scarlet-violet,paldea-evolved,60,3080,https://images.tcggo.com/tcggo/storage/3096/fletchling-pal-163-paldea-evolved-pokemon.png,https://www.tcggo.com/external/cm/3080,https://www.tcggo.com/external/tcgplayer/3080,Fletchling,Fletchling 163,0.03,0.02,12704,EUR,[],,,,,,,,0.02,0.02,0.02,0.02,0.02,0.02,0.02,0.02,0.02,0.02,,,,,,,,,,,,,,,,,,,,,,,,,,,,,,,,,,,,,,,,,,,,EUR,0.17,0.09,Common,fletchling,Pokémon,https://www.tcggo.com/pokemon/paldea-evolved/fletchling-163,sv2-163,497582,singles
2026-08-23T17:19:56+02:00,,534,Nagomi Nijo,nagomi-nijo,PAL 156,156,715631,193,279,PAL,Pokémon,pokemon,18,https://images.tcggo.com/tcggo/storage/2935/paldea-evolved-logo.png,Paldea Evolved,EUR,1222.85,EUR,1698.95,2023-06-09,1,Scarlet & Violet,scarlet-violet,paldea-evolved,70,3081,https://images.tcggo.com/tcggo/storage/3097/dunsparce-pal-156-paldea-evolved-pokemon.png,https://www.tcggo.com/external/cm/3081,https://www.tcggo.com/external/tcgplayer/3081,Dunsparce,Dunsparce 156,0.09,0.12,6860,EUR,[],,,,,,,,0.02,0.02,0.02,0.02,0.02,0.02,0.02,0.02,0.02,0.02,,,,,,,,,,,,,,,,,,,,,,,,,,,,,,,,,,,,,,,,,,,,EUR,0.24,0.2,Common,dunsparce,Pokémon,https://www.tcggo.com/pokemon/paldea-evolved/dunsparce-156,sv2-156,497574,singles
2026-08-23T17:19:56+02:00,,466,Shinya Komatsu,shinya-komatsu,PAL 159,159,715634,193,279,PAL,Pokémon,pokemon,18,https://images.tcggo.com/tcggo/storage/2935/paldea-evolved-logo.png,Paldea Evolved,EUR,1222.85,EUR,1698.95,2023-06-09,1,Scarlet & Violet,scarlet-violet,paldea-evolved,120,3082,https://images.tcggo.com/tcggo/storage/3098/pelipper-pal-159-paldea-evolved-pokemon.png,https://www.tcggo.com/external/cm/3082,https://www.tcggo.com/external/tcgplayer/3082,Pelipper,Pelipper 159,0.04,0.04,8373,EUR,[],,,,,,,,0.02,0.02,0.02,0.02,0.02,0.02,0.02,0.02,0.02,0.02,,,,,,,,,,,,,,,,,,,,,,,,,,,,,,,,,,,,,,,,,,,,EUR,0.17,0.12,Uncommon,pelipper,Pokémon,https://www.tcggo.com/pokemon/paldea-evolved/pelipper-159,sv2-159,497577,singles
2026-08-23T17:19:56+02:00,,503,sui,sui,PAL 165,165,715640,193,279,PAL,Pokémon,pokemon,18,https://images.tcggo.com/tcggo/storage/2935/paldea-evolved-logo.png,Paldea Evolved,EUR,1222.85,EUR,1698.95,2023-06-09,1,Scarlet & Violet,scarlet-violet,paldea-evolved,90,3083,https://images.tcggo.com/tcggo/storage/3099/corvisquire-pal-165-paldea-evolved-pokemon.png,https://www.tcggo.com/external/cm/3083,https://www.tcggo.com/external/tcgplayer/3083,Corvisquire,Corvisquire 165,0.04,0.03,7474,EUR,[],,,,,,,,0.02,0.02,0.02,0.02,0.02,0.02,0.02,0.02,0.02,0.02,,,,,,,,,,,,,,,,,,,,,,,,,,,,,,,,,,,,,,,,,,,,EUR,0.15,0.12,Uncommon,corvisquire,Pokémon,https://www.tcggo.com/pokemon/paldea-evolved/corvisquire-165,sv2-165,497584,singles
2026-08-23T17:19:56+02:00,,378,Kouki Saitou,kouki-saitou,PAL 155,155,715630,193,279,PAL,Pokémon,pokemon,18,https://images.tcggo.com/tcggo/storage/2935/paldea-evolved-logo.png,Paldea Evolved,EUR,1222.85,EUR,1698.95,2023-06-09,1,Scarlet & Violet,scarlet-violet,paldea-evolved,140,3084,https://images.tcggo.com/tcggo/storage/3100/farigiraf-pal-155-paldea-evolved-pokemon.png,https://www.tcggo.com/external/cm/3084,https://www.tcggo.com/external/tcgplayer/3084,Farigiraf,Farigiraf 155,0.03,0.03,7825,EUR,[],,,,,,,,0.02,0.02,0.02,0.02,0.02,0.02,0.02,0.02,0.02,0.02,,,,,,,,,,,,,,,,,,,,,,,,,,,,,,,,,,,,,,,,,,,,EUR,0.16,0.12,Uncommon,farigiraf,Pokémon,https://www.tcggo.com/pokemon/paldea-evolved/farigiraf-155,sv2-155,497573,singles
2026-08-23T17:19:56+02:00,,463,Naoki Saito,naoki-saito,PAL 164,164,715639,193,279,PAL,Pokémon,pokemon,18,https://images.tcggo.com/tcggo/storage/2935/paldea-evolved-logo.png,Paldea Evolved,EUR,1222.85,EUR,1698.95,2023-06-09,1,Scarlet & Violet,scarlet-violet,paldea-evolved,60,3085,https://images.tcggo.com/tcggo/storage/3101/rookidee-pal-164-paldea-evolved-pokemon.png,https://www.tcggo.com/external/cm/3085,https://www.tcggo.com/external/tcgplayer/3085,Rookidee,Rookidee 164,0.03,0.03,12990,EUR,[],,,,,,,,0.02,0.02,0.02,0.02,0.02,0.02,0.02,0.02,0.02,0.02,,,,,,,,,,,,,,,,,,,,,,,,,,,,,,,,,,,,,,,,,,,,EUR,0.14,0.09,Common,rookidee,Pokémon,https://www.tcggo.com/pokemon/paldea-evolved/rookidee-164,sv2-164,497583,singles
2026-08-23T17:19:56+02:00,,368,Oswaldo KATO,oswaldo-kato,PAL 166,166,715641,193,279,PAL,Pokémon,pokemon,18,https://images.tcggo.com/tcggo/storage/2935/paldea-evolved-logo.png,Paldea Evolved,EUR,1222.85,EUR,1698.95,2023-06-09,1,Scarlet & Violet,scarlet-violet,paldea-evolved,30,3086,https://images.tcggo.com/tcggo/storage/3102/tandemaus-pal-166-paldea-evolved-pokemon.png,https://www.tcggo.com/external/cm/3086,https://www.tcggo.com/external/tcgplayer/3086,Tandemaus,Tandemaus 166,0.05,0.06,4684,EUR,[],,,,,,,,0.02,0.02,0.02,0.02,0.02,0.02,0.02,0.02,0.02,0.02,,,,,,,,,,,,,,,,,,,,,,,,,,,,,,,,,,,,,,,,,,,,EUR,0.24,0.15,Common,tandemaus,Pokémon,https://www.tcggo.com/pokemon/paldea-evolved/tandemaus-166,sv2-166,497585,singles
2026-08-23T17:19:56+02:00,,498,Sekio,sekio,PAL 167,167,715642,193,279,PAL,Pokémon,pokemon,18,https://images.tcggo.com/tcggo/storage/2935/paldea-evolved-logo.png,Paldea Evolved,EUR,1222.85,EUR,1698.95,2023-06-09,1,Scarlet & Violet,scarlet-violet,paldea-evolved,40,3087,https://images.tcggo.com/tcggo/storage/3103/tandemaus-pal-167-paldea-evolved-pokemon.png,https://www.tcggo.com/external/cm/3087,https://www.tcggo.com/external/tcgplayer/3087,Tandemaus,Tandemaus 167,0.06,0.07,4387,EUR,[],,,,,,,,0.02,0.02,0.02,0.02,0.02,0.02,0.02,0.02,0.02,0.02,,,,,,,,,,,,,,,,,,,,,,,,,,,,,,,,,,,,,,,,,,,,EUR,0.26,0.17,Common,tandemaus,Pokémon,https://www.tcggo.com/pokemon/paldea-evolved/tandemaus-167,sv2-167,497587,singles
2026-08-23T17:19:56+02:00,,360,Saya Tsuruta,saya-tsuruta,PAL 168,168,715643,193,279,PAL,Pokémon,pokemon,18,https://images.tcggo.com/tcggo/storage/2935/paldea-evolved-logo.png,Paldea Evolved,EUR,1222.85,EUR,1698.95,2023-06-09,1,Scarlet & Violet,scarlet-violet,paldea-evolved,60,3088,https://images.tcggo.com/tcggo/storage/3104/maushold-pal-168-paldea-evolved-pokemon.png,https://www.tcggo.com/external/cm/3088,https://www.tcggo.com/external/tcgplayer/3088,Maushold,Maushold 168,0.06,0.06,6639,EUR,[],,,,,,,,0.02,0.02,0.02,0.02,0.02,0.02,0.02,0.02,0.02,0.02,,,,,,,,,,,,,,,,,,,,,,,,,,,,,,,,,,,,,,,,,,,,EUR,0.31,0.2,Uncommon,maushold,Pokémon,https://www.tcggo.com/pokemon/paldea-evolved/maushold-168,sv2-168,497588,singles
2026-08-23T17:19:56+02:00,,368,Oswaldo KATO,oswaldo-kato,PAL 171,171,715646,193,279,PAL,Pokémon,pokemon,18,https://images.tcggo.com/tcggo/storage/2935/paldea-evolved-logo.png,Paldea Evolved,EUR,1222.85,EUR,1698.95,2023-06-09,1,Scarlet & Violet,scarlet-violet,paldea-evolved,0,3089,https://images.tcggo.com/tcggo/storage/3105/artazon-pal-171-paldea-evolved-pokemon.png,https://www.tcggo.com/external/cm/3089,https://www.tcggo.com/external/tcgplayer/3089,Artazon,Artazon 171,0.09,0.12,8216,EUR,[],,,,,,,,0.02,0.02,0.02,0.02,0.02,0.02,0.02,0.02,0.02,0.02,,,,,,,,,,,,,,,,,,,,,,,,,,,,,,,,,,,,,,,,,,,,EUR,0.22,0.19,Uncommon,artazon,Trainer,https://www.tcggo.com/pokemon/paldea-evolved/artazon-171,sv2-171,497541,singles
2026-08-23T17:19:56+02:00,,536,NC Empire,nc-empire,PAL 172,172,719855,193,279,PAL,Pokémon,pokemon,18,https://images.tcggo.com/tcggo/storage/2935/paldea-evolved-logo.png,Paldea Evolved,EUR,1222.85,EUR,1698.95,2023-06-09,1,Scarlet & Violet,scarlet-violet,paldea-evolved,0,3090,https://images.tcggo.com/tcggo/storage/3106/bosss-orders-ghetsis-pal-172-paldea-evolved-pokemon.png,https://www.tcggo.com/external/cm/3090,https://www.tcggo.com/external/tcgplayer/3090,Boss's Orders (Ghetsis),Boss's Orders (Ghetsis) 172,0.27,0.26,2547,EUR,[],,,,,,,,0.02,0.02,0.02,0.05,0.05,0.02,0.02,0.02,0.02,0.02,,,,,,,,,,,,,,,,,,,,,,,,,,,,,,,,,,,,,,,,,,,,EUR,0.91,0.34,rare,bosss-orders-ghetsis,Trainer,https://www.tcggo.com/pokemon/paldea-evolved/bosss-orders-ghetsis-172,sv2-172,497544,singles
2026-08-23T17:19:56+02:00,,458,Toyste Beach,toyste-beach,PAL 173,173,715648,193,279,PAL,Pokémon,pokemon,18,https://images.tcggo.com/tcggo/storage/2935/paldea-evolved-logo.png,Paldea Evolved,EUR,1222.85,EUR,1698.95,2023-06-09,1,Scarlet & Violet,scarlet-violet,paldea-evolved,0,3091,https://images.tcggo.com/tcggo/storage/3107/bravery-charm-pal-173-paldea-evolved-pokemon.png,https://www.tcggo.com/external/cm/3091,https://www.tcggo.com/external/tcgplayer/3091,Bravery Charm,Bravery Charm 173,0.31,0.34,2554,EUR,[],,,,,,,,0.02,0.02,0.02,0.02,0.02,0.02,0.02,0.02,0.02,0.02,,,,,,,,,,,,,,,,,,,,,,,,,,,,,,,,,,,,,,,,,,,,EUR,0.36,0.68,Uncommon,bravery-charm,Trainer,https://www.tcggo.com/pokemon/paldea-evolved/bravery-charm-173,sv2-173,497545,singles
2026-08-23T17:19:56+02:00,,461,Studio Bora Inc.,studio-bora-inc,PAL 176,176,715651,193,279,PAL,Pokémon,pokemon,18,https://images.tcggo.com/tcggo/storage/2935/paldea-evolved-logo.png,Paldea Evolved,EUR,1222.85,EUR,1698.95,2023-06-09,1,Scarlet & Violet,scarlet-violet,paldea-evolved,0,3092,https://images.tcggo.com/tcggo/storage/3108/choice-belt-pal-176-paldea-evolved-pokemon.png,https://www.tcggo.com/external/cm/3092,https://www.tcggo.com/external/tcgplayer/3092,Choice Belt,Choice Belt 176,0.06,0.05,8569,EUR,[],,,,,,,,0.03,0.02,0.02,0.02,0.02,0.02,0.02,0.02,0.02,0.02,,,,,,,,,,,,,,,,,,,,,,,,,,,,,,,,,,,,,,,,,,,,EUR,0.12,0.13,Uncommon,choice-belt,Trainer,https://www.tcggo.com/pokemon/paldea-evolved/choice-belt-176,sv2-176,497548,singles
2026-08-23T17:19:56+02:00,,464,inose yukie,inose-yukie,PAL 178,178,715653,193,279,PAL,Pokémon,pokemon,18,https://images.tcggo.com/tcggo/storage/2935/paldea-evolved-logo.png,Paldea Evolved,EUR,1222.85,EUR,1698.95,2023-06-09,1,Scarlet & Violet,scarlet-violet,paldea-evolved,0,3093,https://images.tcggo.com/tcggo/storage/3109/delivery-drone-pal-178-paldea-evolved-pokemon.png,https://www.tcggo.com/external/cm/3093,https://www.tcggo.com/external/tcgplayer/3093,Delivery Drone,Delivery Drone 178,0.05,0.05,8988,EUR,[],,,,,,,,0.03,0.02,0.02,0.02,0.02,0.02,0.02,0.02,0.02,0.02,,,,,,,,,,,,,,,,,,,,,,,,,,,,,,,,,,,,,,,,,,,,EUR,0.1,0.13,Uncommon,delivery-drone,Trainer,https://www.tcggo.com/pokemon/paldea-evolved/delivery-drone-178,sv2-178,497550,singles
2026-08-23T17:19:56+02:00,,405,nagimiso,nagimiso,PAL 170,170,715645,193,279,PAL,Pokémon,pokemon,18,https://images.tcggo.com/tcggo/storage/2935/paldea-evolved-logo.png,Paldea Evolved,EUR,1222.85,EUR,1698.95,2023-06-09,1,Scarlet & Violet,scarlet-violet,paldea-evolved,110,3094,https://images.tcggo.com/tcggo/storage/3110/flamigo-pal-170-paldea-evolved-pokemon.png,https://www.tcggo.com/external/cm/3094,https://www.tcggo.com/external/tcgplayer/3094,Flamigo,Flamigo 170,0.03,0.03,9255,EUR,[],,,,,,,,0.03,0.02,0.02,0.02,0.02,0.02,0.02,0.02,0.02,0.02,,,,,,,,,,,,,,,,,,,,,,,,,,,,,,,,,,,,,,,,,,,,EUR,0.21,0.13,Uncommon,flamigo,Pokémon,https://www.tcggo.com/pokemon/paldea-evolved/flamigo-170,sv2-170,497591,singles
2026-08-23T17:19:56+02:00,,384,PLANETA Mochizuki,planeta-mochizuki,PAL 169,169,715644,193,279,PAL,Pokémon,pokemon,18,https://images.tcggo.com/tcggo/storage/2935/paldea-evolved-logo.png,Paldea Evolved,EUR,1222.85,EUR,1698.95,2023-06-09,1,Scarlet & Violet,scarlet-violet,paldea-evolved,160,3095,https://images.tcggo.com/tcggo/storage/3111/squawkabilly-ex-pal-169-paldea-evolved-pokemon.png,https://www.tcggo.com/external/cm/3095,https://www.tcggo.com/external/tcgplayer/3095,Squawkabilly ex,Squawkabilly ex 169,0.68,0.75,1773,EUR,[],,,,,,,,0.25,0.25,0.35,0.6,0.6,0.25,0.47,0.47,0.09,0.09,,,,,,,,,,,,,,,,,,,,,,,,,,,,,,,,,,,,,,,,,,,,EUR,0.66,0.85,Double Rare,squawkabilly-ex,Pokémon,https://www.tcggo.com/pokemon/paldea-evolved/squawkabilly-ex-169,sv2-169,497590,singles
2026-08-23T17:19:56+02:00,,453,AYUMI ODASHIMA,ayumi-odashima,PAL 174,174,715649,193,279,PAL,Pokémon,pokemon,18,https://images.tcggo.com/tcggo/storage/2935/paldea-evolved-logo.png,Paldea Evolved,EUR,1222.85,EUR,1698.95,2023-06-09,1,Scarlet & Violet,scarlet-violet,paldea-evolved,0,3096,https://images.tcggo.com/tcggo/storage/3112/calamitous-snowy-mountain-pal-174-paldea-evolved-pokemon.png,https://www.tcggo.com/external/cm/3096,https://www.tcggo.com/external/tcgplayer/3096,Calamitous Snowy Mountain,Calamitous Snowy Mountain 174,0.06,0.05,6676,EUR,[],,,,,,,,0.03,0.02,0.02,0.02,0.02,0.02,0.02,0.02,0.02,0.02,,,,,,,,,,,,,,,,,,,,,,,,,,,,,,,,,,,,,,,,,,,,EUR,0.12,0.17,Uncommon,calamitous-snowy-mountain,Trainer,https://www.tcggo.com/pokemon/paldea-evolved/calamitous-snowy-mountain-174,sv2-174,497546,singles
2026-08-23T17:19:56+02:00,,453,AYUMI ODASHIMA,ayumi-odashima,PAL 175,175,715650,193,279,PAL,Pokémon,pokemon,18,https://images.tcggo.com/tcggo/storage/2935/paldea-evolved-logo.png,Paldea Evolved,EUR,1222.85,EUR,1698.95,2023-06-09,1,Scarlet & Violet,scarlet-violet,paldea-evolved,0,3097,https://images.tcggo.com/tcggo/storage/3113/calamitous-wasteland-pal-175-paldea-evolved-pokemon.png,https://www.tcggo.com/external/cm/3097,https://www.tcggo.com/external/tcgplayer/3097,Calamitous Wasteland,Calamitous Wasteland 175,0.06,0.07,8055,EUR,[],,,,,,,,0.02,0.02,0.02,0.02,0.02,0.02,0.02,0.02,0.02,0.02,,,,,,,,,,,,,,,,,,,,,,,,,,,,,,,,,,,,,,,,,,,,EUR,0.15,0.13,Uncommon,calamitous-wasteland,Trainer,https://www.tcggo.com/pokemon/paldea-evolved/calamitous-wasteland-175,sv2-175,497547,singles
2026-08-23T17:19:56+02:00,,402,Hitoshi Ariga,hitoshi-ariga,PAL 177,177,715652,193,279,PAL,Pokémon,pokemon,18,https://images.tcggo.com/tcggo/storage/2935/paldea-evolved-logo.png,Paldea Evolved,EUR,1222.85,EUR,1698.95,2023-06-09,1,Scarlet & Violet,scarlet-violet,paldea-evolved,0,3098,https://images.tcggo.com/tcggo/storage/3114/clavell-pal-177-paldea-evolved-pokemon.png,https://www.tcggo.com/external/cm/3098,https://www.tcggo.com/external/tcgplayer/3098,Clavell,Clavell 177,0.04,0.03,17202,EUR,[],,,,,,,,0.02,0.02,0.02,0.02,0.02,0.02,0.02,0.02,0.02,0.02,,,,,,,,,,,,,,,,,,,,,,,,,,,,,,,,,,,,,,,,,,,,EUR,0.14,0.13,Common,clavell,Trainer,https://www.tcggo.com/pokemon/paldea-evolved/clavell-177,sv2-177,497549,singles
2026-08-23T17:19:56+02:00,,386,Jerky,jerky,PAL 195,195,715670,193,279,PAL,Pokémon,pokemon,18,https://images.tcggo.com/tcggo/storage/2935/paldea-evolved-logo.png,Paldea Evolved,EUR,1222.85,EUR,1698.95,2023-06-09,1,Scarlet & Violet,scarlet-violet,paldea-evolved,110,3099,https://images.tcggo.com/tcggo/storage/3115/tropius-pal-195-paldea-evolved-pokemon.png,https://www.tcggo.com/external/cm/3099,https://www.tcggo.com/external/tcgplayer/3099,Tropius,Tropius 195,7.79,7.99,260,EUR,,,,,,160,25,35,8.9,5.99,5.99,8,8,8.9,6,6,5,5,USD,69.43,1,,,,,25.38,1,,,,,,,,,,,17.84,1,118.63,5,8.55,1,12.48,5,24.93,5,,,,,,,,,,,,,11.52,1,EUR,13.1,8.54,Illustration Rare,tropius,Pokémon,https://www.tcggo.com/pokemon/paldea-evolved/tropius-195,sv2-195,497598,singles
2026-08-23T17:19:56+02:00,,381,sowsow,sowsow,PAL 198,198,715673,193,279,PAL,Pokémon,pokemon,18,https://images.tcggo.com/tcggo/storage/2935/paldea-evolved-logo.png,Paldea Evolved,EUR,1222.85,EUR,1698.95,2023-06-09,1,Scarlet & Violet,scarlet-violet,paldea-evolved,50,3100,https://images.tcggo.com/tcggo/storage/3116/bramblin-pal-198-paldea-evolved-pokemon.png,https://www.tcggo.com/external/cm/3100,https://www.tcggo.com/external/tcgplayer/3100,Bramblin,Bramblin 198,6.49,5.85,270,EUR,[],,,,,,,,6.09,5,5,7.5,7.5,6.09,5.5,5.5,3.5,3.5,USD,,,,,,,7.44,1,,,,,35.69,1,,,,,,,131.58,5,10.41,1,11.59,3,19.62,5,,,,,,,62.48,1,,,,,,,EUR,8.83,7.05,Illustration Rare,bramblin,Pokémon,https://www.tcggo.com/pokemon/paldea-evolved/bramblin-198,sv2-198,497601,singles
2026-08-23T17:19:56+02:00,,426,Akira Komayama,akira-komayama,PAL 182,182,715657,193,279,PAL,Pokémon,pokemon,18,https://images.tcggo.com/tcggo/storage/2935/paldea-evolved-logo.png,Paldea Evolved,EUR,1222.85,EUR,1698.95,2023-06-09,1,Scarlet & Violet,scarlet-violet,paldea-evolved,0,3101,https://images.tcggo.com/tcggo/storage/3117/giacomo-pal-182-paldea-evolved-pokemon.png,https://www.tcggo.com/external/cm/3101,https://www.tcggo.com/external/tcgplayer/3101,Giacomo,Giacomo 182,0.04,0.03,13657,EUR,[],,,,,,,,0.02,0.02,0.02,0.02,0.02,0.02,0.02,0.02,0.02,0.02,,,,,,,,,,,,,,,,,,,,,,,,,,,,,,,,,,,,,,,,,,,,EUR,0.17,0.13,Uncommon,giacomo,Trainer,https://www.tcggo.com/pokemon/paldea-evolved/giacomo-182,sv2-182,497554,singles
2026-08-23T17:19:56+02:00,,459,GIDORA,gidora,PAL 184,184,715659,193,279,PAL,Pokémon,pokemon,18,https://images.tcggo.com/tcggo/storage/2935/paldea-evolved-logo.png,Paldea Evolved,EUR,1222.85,EUR,1698.95,2023-06-09,1,Scarlet & Violet,scarlet-violet,paldea-evolved,0,3102,https://images.tcggo.com/tcggo/storage/3118/grusha-pal-184-paldea-evolved-pokemon.png,https://www.tcggo.com/external/cm/3102,https://www.tcggo.com/external/tcgplayer/3102,Grusha,Grusha 184,0.03,0.02,14320,EUR,[],,,,,,,,0.03,0.02,0.02,0.02,0.02,0.02,0.02,0.02,0.02,0.02,,,,,,,,,,,,,,,,,,,,,,,,,,,,,,,,,,,,,,,,,,,,EUR,0.12,0.13,Uncommon,grusha,Trainer,https://www.tcggo.com/pokemon/paldea-evolved/grusha-184,sv2-184,497556,singles
2026-08-23T17:19:56+02:00,,,,,PAL 190,190,715665,193,279,PAL,Pokémon,pokemon,18,https://images.tcggo.com/tcggo/storage/2935/paldea-evolved-logo.png,Paldea Evolved,EUR,1222.85,EUR,1698.95,2023-06-09,1,Scarlet & Violet,scarlet-violet,paldea-evolved,0,3103,https://images.tcggo.com/tcggo/storage/3119/jet-energy-pal-190-paldea-evolved-pokemon.png,https://www.tcggo.com/external/cm/3103,https://www.tcggo.com/external/tcgplayer/3103,Jet Energy,Jet Energy 190,0.22,0.25,4158,EUR,[],,,,,,,,0.02,0.02,0.02,0.02,0.02,0.02,0.02,0.02,0.02,0.02,,,,,,,,,,,,,,,,,,,,,,,,,,,,,,,,,,,,,,,,,,,,EUR,0.29,0.64,Uncommon,jet-energy,Energy,https://www.tcggo.com/pokemon/paldea-evolved/jet-energy-190,sv2-190,497563,singles
2026-08-23T17:19:56+02:00,,397,Kurata So,kurata-so,PAL 194,194,715669,193,279,PAL,Pokémon,pokemon,18,https://images.tcggo.com/tcggo/storage/2935/paldea-evolved-logo.png,Paldea Evolved,EUR,1222.85,EUR,1698.95,2023-06-09,1,Scarlet & Violet,scarlet-violet,paldea-evolved,130,3104,https://images.tcggo.com/tcggo/storage/3120/heracross-pal-194-paldea-evolved-pokemon.png,https://www.tcggo.com/external/cm/3104,https://www.tcggo.com/external/tcgplayer/3104,Heracross,Heracross 194,20.75,19.39,281,EUR,,,,,,300,50,80,20,20.99,20.99,13.94,13.94,20,19,19.75,8.95,8.95,USD,,,,,14.9,3,24.69,5,,,,,45,5,,,,,17.5,3,266.87,5,12.34,1,24.97,5,35.59,5,,,,,,,204.64,1,,,,,20,1,EUR,29.7,18.79,Illustration Rare,heracross,Pokémon,https://www.tcggo.com/pokemon/paldea-evolved/heracross-194,sv2-194,497597,singles
2026-08-23T17:19:56+02:00,,460,Atsushi Furusawa,atsushi-furusawa,PAL 199,199,715674,193,279,PAL,Pokémon,pokemon,18,https://images.tcggo.com/tcggo/storage/2935/paldea-evolved-logo.png,Paldea Evolved,EUR,1222.85,EUR,1698.95,2023-06-09,1,Scarlet & Violet,scarlet-violet,paldea-evolved,80,3105,https://images.tcggo.com/tcggo/storage/3121/fletchinder-pal-199-paldea-evolved-pokemon.png,https://www.tcggo.com/external/cm/3105,https://www.tcggo.com/external/tcgplayer/3105,Fletchinder,Fletchinder 199,11.65,11.34,206,EUR,,,,,,,29,35,9.02,9,9,8,8,9,14.99,14.99,6.49,6.49,USD,,,,,,,,,,,,,25,3,16.06,1,,,8.5,1,149.05,5,13.37,1,12.5,3,26.42,5,,,,,,,,,,,,,,,EUR,17.5,11.13,Illustration Rare,fletchinder,Pokémon,https://www.tcggo.com/pokemon/paldea-evolved/fletchinder-199,sv2-199,497602,singles
2026-08-23T17:19:56+02:00,,532,Po-Suzuki,po-suzuki,PAL 200,200,715675,193,279,PAL,Pokémon,pokemon,18,https://images.tcggo.com/tcggo/storage/2935/paldea-evolved-logo.png,Paldea Evolved,EUR,1222.85,EUR,1698.95,2023-06-09,1,Scarlet & Violet,scarlet-violet,paldea-evolved,120,3106,https://images.tcggo.com/tcggo/storage/3122/pyroar-pal-200-paldea-evolved-pokemon.png,https://www.tcggo.com/external/cm/3106,https://www.tcggo.com/external/tcgplayer/3106,Pyroar,Pyroar 200,9.42,9.82,219,EUR,,,,,,200,30,25,9.95,7.49,7.49,9.9,9.9,9.95,13,13,5.99,5.99,USD,,,,,,,,,,,,,66.45,3,,,,,12.5,4,159.47,5,11.54,1,12.4,5,26.57,5,,,,,,,,,,,,,,,EUR,16.25,7.69,Illustration Rare,pyroar,Pokémon,https://www.tcggo.com/pokemon/paldea-evolved/pyroar-200,sv2-200,497603,singles
2026-08-23T17:19:56+02:00,,454,kantaro,kantaro,PAL 201,201,715676,193,279,PAL,Pokémon,pokemon,18,https://images.tcggo.com/tcggo/storage/2935/paldea-evolved-logo.png,Paldea Evolved,EUR,1222.85,EUR,1698.95,2023-06-09,1,Scarlet & Violet,scarlet-violet,paldea-evolved,90,3107,https://images.tcggo.com/tcggo/storage/3123/fuecoco-pal-201-paldea-evolved-pokemon.png,https://www.tcggo.com/external/cm/3107,https://www.tcggo.com/external/tcgplayer/3107,Fuecoco,Fuecoco 201,21.94,19.18,223,EUR,,,,,,400,,69,24.49,24,24,24.9,24.9,25,19.5,19.8,8.98,8.98,USD,102.04,3,,,37.58,1,38.11,5,,,,,128.26,5,,,,,31.3,5,219.3,5,19.54,2,30.09,5,57.5,5,,,,,,,186.58,3,,,,,44.23,3,EUR,49.79,51.28,Illustration Rare,fuecoco,Pokémon,https://www.tcggo.com/pokemon/paldea-evolved/fuecoco-201,sv2-201,497604,singles
2026-08-23T17:19:56+02:00,,454,kantaro,kantaro,PAL 202,202,715677,193,279,PAL,Pokémon,pokemon,18,https://images.tcggo.com/tcggo/storage/2935/paldea-evolved-logo.png,Paldea Evolved,EUR,1222.85,EUR,1698.95,2023-06-09,1,Scarlet & Violet,scarlet-violet,paldea-evolved,110,3108,https://images.tcggo.com/tcggo/storage/3124/crocalor-pal-202-paldea-evolved-pokemon.png,https://www.tcggo.com/external/cm/3108,https://www.tcggo.com/external/tcgplayer/3108,Crocalor,Crocalor 202,11.13,10.95,220,EUR,,,,,,,29,39,11.89,11.5,11.5,11,11,13,9.5,9.5,4.9,4.9,USD,,,,,21.49,1,23.31,3,,,,,64.06,1,,,,,22.14,1,132.16,5,13.4,2,16,5,22.34,5,,,,,,,,,,,,,9.29,1,EUR,15.85,11.95,Illustration Rare,crocalor,Pokémon,https://www.tcggo.com/pokemon/paldea-evolved/crocalor-202,sv2-202,497605,singles
2026-08-23T17:19:56+02:00,,421,Shinji Kanda,shinji-kanda,PAL 203,203,715678,193,279,PAL,Pokémon,pokemon,18,https://images.tcggo.com/tcggo/storage/2935/paldea-evolved-logo.png,Paldea Evolved,EUR,1222.85,EUR,1698.95,2023-06-09,1,Scarlet & Violet,scarlet-violet,paldea-evolved,30,3109,https://images.tcggo.com/tcggo/storage/3125/magikarp-pal-203-paldea-evolved-pokemon.png,https://www.tcggo.com/external/cm/3109,https://www.tcggo.com/external/tcgplayer/3109,Magikarp,Magikarp 203,319.18,421.25,263,EUR,,,,,480,4275,380,499,299,188,188,280,280,299,260,260,165,165,USD,1344.49,5,304.12,1,142.59,1,325,5,,,379.07,5,1022.15,5,,,279.99,5,401.36,5,3461.19,5,261.34,5,374.67,5,408.86,5,,,238.64,1,,,2600,5,,,347.78,2,454.54,5,EUR,327.47,310.53,Illustration Rare,magikarp,Pokémon,https://www.tcggo.com/pokemon/paldea-evolved/magikarp-203,sv2-203,497606,singles
2026-08-23T17:19:56+02:00,,518,Ryuta Fuse,ryuta-fuse,PAL 180,180,715655,193,279,PAL,Pokémon,pokemon,18,https://images.tcggo.com/tcggo/storage/2935/paldea-evolved-logo.png,Paldea Evolved,EUR,1222.85,EUR,1698.95,2023-06-09,1,Scarlet & Violet,scarlet-violet,paldea-evolved,0,3110,https://images.tcggo.com/tcggo/storage/3126/falkner-pal-180-paldea-evolved-pokemon.png,https://www.tcggo.com/external/cm/3110,https://www.tcggo.com/external/tcgplayer/3110,Falkner,Falkner 180,0.03,0.03,13376,EUR,[],,,,,,,,0.03,0.02,0.02,0.02,0.02,0.02,0.02,0.02,0.02,0.02,,,,,,,,,,,,,,,,,,,,,,,,,,,,,,,,,,,,,,,,,,,,EUR,0.11,0.13,Uncommon,falkner,Trainer,https://www.tcggo.com/pokemon/paldea-evolved/falkner-180,sv2-180,497552,singles
2026-08-23T17:19:56+02:00,,517,Ayaka Yoshida,ayaka-yoshida,PAL 181,181,715656,193,279,PAL,Pokémon,pokemon,18,https://images.tcggo.com/tcggo/storage/2935/paldea-evolved-logo.png,Paldea Evolved,EUR,1222.85,EUR,1698.95,2023-06-09,1,Scarlet & Violet,scarlet-violet,paldea-evolved,0,3111,https://images.tcggo.com/tcggo/storage/3127/fighting-au-lait-pal-181-paldea-evolved-pokemon.png,https://www.tcggo.com/external/cm/3111,https://www.tcggo.com/external/tcgplayer/3111,Fighting Au Lait,Fighting Au Lait 181,0.06,0.08,8626,EUR,[],,,,,,,,0.02,0.02,0.02,0.02,0.02,0.02,0.02,0.02,0.02,0.02,,,,,,,,,,,,,,,,,,,,,,,,,,,,,,,,,,,,,,,,,,,,EUR,0.14,0.13,Uncommon,fighting-au-lait,Trainer,https://www.tcggo.com/pokemon/paldea-evolved/fighting-au-lait-181,sv2-181,497553,singles
2026-08-23T17:19:56+02:00,,461,Studio Bora Inc.,studio-bora-inc,PAL 183,183,880023,193,279,PAL,Pokémon,pokemon,18,https://images.tcggo.com/tcggo/storage/2935/paldea-evolved-logo.png,Paldea Evolved,EUR,1222.85,EUR,1698.95,2023-06-09,1,Scarlet & Violet,scarlet-violet,paldea-evolved,0,3112,https://images.tcggo.com/tcggo/storage/3128/great-ball-pal-183-paldea-evolved-pokemon.png,https://www.tcggo.com/external/cm/3112,https://www.tcggo.com/external/tcgplayer/3112,Great Ball,Great Ball 183,0.04,0.06,8213,EUR,[],,,,,,,,,,,,,,,,,,,,,,,,,,,,,,,,,,,,,,,,,,,,,,,,,,,,,,,,,,,,,EUR,0.17,0.13,Common,great-ball,Trainer,https://www.tcggo.com/pokemon/paldea-evolved/great-ball-183,sv2-183,497555,singles
2026-08-23T17:19:56+02:00,,453,AYUMI ODASHIMA,ayumi-odashima,PAL 186,186,715661,193,279,PAL,Pokémon,pokemon,18,https://images.tcggo.com/tcggo/storage/2935/paldea-evolved-logo.png,Paldea Evolved,EUR,1222.85,EUR,1698.95,2023-06-09,1,Scarlet & Violet,scarlet-violet,paldea-evolved,0,3113,https://images.tcggo.com/tcggo/storage/3129/practice-studio-pal-186-paldea-evolved-pokemon.png,https://www.tcggo.com/external/cm/3113,https://www.tcggo.com/external/tcgplayer/3113,Practice Studio,Practice Studio 186,0.05,0.04,8310,EUR,[],,,,,,,,0.02,0.02,0.02,0.02,0.02,0.02,0.02,0.02,0.03,0.02,,,,,,,,,,,,,,,,,,,,,,,,,,,,,,,,,,,,,,,,,,,,EUR,0.11,0.13,Uncommon,practice-studio,Trainer,https://www.tcggo.com/pokemon/paldea-evolved/practice-studio-186,sv2-186,497558,singles
2026-08-23T17:19:56+02:00,,405,nagimiso,nagimiso,PAL 187,187,715662,193,279,PAL,Pokémon,pokemon,18,https://images.tcggo.com/tcggo/storage/2935/paldea-evolved-logo.png,Paldea Evolved,EUR,1222.85,EUR,1698.95,2023-06-09,1,Scarlet & Violet,scarlet-violet,paldea-evolved,0,3114,https://images.tcggo.com/tcggo/storage/3130/saguaro-pal-187-paldea-evolved-pokemon.png,https://www.tcggo.com/external/cm/3114,https://www.tcggo.com/external/tcgplayer/3114,Saguaro,Saguaro 187,0.05,0.06,8281,EUR,[],,,,,,,,0.03,0.02,0.02,0.02,0.02,0.02,0.02,0.02,0.02,0.02,,,,,,,,,,,,,,,,,,,,,,,,,,,,,,,,,,,,,,,,,,,,EUR,0.15,0.13,Uncommon,saguaro,Trainer,https://www.tcggo.com/pokemon/paldea-evolved/saguaro-187,sv2-187,497559,singles
2026-08-23T17:19:56+02:00,,458,Toyste Beach,toyste-beach,PAL 188,188,715663,193,279,PAL,Pokémon,pokemon,18,https://images.tcggo.com/tcggo/storage/2935/paldea-evolved-logo.png,Paldea Evolved,EUR,1222.85,EUR,1698.95,2023-06-09,1,Scarlet & Violet,scarlet-violet,paldea-evolved,0,3115,https://images.tcggo.com/tcggo/storage/3131/super-rod-pal-188-paldea-evolved-pokemon.png,https://www.tcggo.com/external/cm/3115,https://www.tcggo.com/external/tcgplayer/3115,Super Rod,Super Rod 188,0.13,0.13,9340,EUR,[],,,,,,,,0.02,0.02,0.02,0.02,0.02,0.02,0.02,0.02,0.02,0.02,,,,,,,,,,,,,,,,,,,,,,,,,,,,,,,,,,,,,,,,,,,,EUR,0.42,0.29,Common,super-rod,Trainer,https://www.tcggo.com/pokemon/paldea-evolved/super-rod-188,sv2-188,497560,singles
2026-08-23T17:19:56+02:00,,,,,PAL 191,191,715666,193,279,PAL,Pokémon,pokemon,18,https://images.tcggo.com/tcggo/storage/2935/paldea-evolved-logo.png,Paldea Evolved,EUR,1222.85,EUR,1698.95,2023-06-09,1,Scarlet & Violet,scarlet-violet,paldea-evolved,0,3116,https://images.tcggo.com/tcggo/storage/3133/luminous-energy-pal-191-paldea-evolved-pokemon.png,https://www.tcggo.com/external/cm/3116,https://www.tcggo.com/external/tcgplayer/3116,Luminous Energy,Luminous Energy 191,0.39,0.41,3645,EUR,[],,,,,,,,0.02,0.02,0.02,0.02,0.02,0.02,0.02,0.02,0.02,0.02,,,,,,,,,,,,,,,,,,,,,,,,,,,,,,,,,,,,,,,,,,,,EUR,0.35,0.43,Uncommon,luminous-energy,Energy,https://www.tcggo.com/pokemon/paldea-evolved/luminous-energy-191,sv2-191,497564,singles
2026-08-23T17:19:56+02:00,,,,,PAL 193,193,715668,193,279,PAL,Pokémon,pokemon,18,https://images.tcggo.com/tcggo/storage/2935/paldea-evolved-logo.png,Paldea Evolved,EUR,1222.85,EUR,1698.95,2023-06-09,1,Scarlet & Violet,scarlet-violet,paldea-evolved,0,3117,https://images.tcggo.com/tcggo/storage/3132/therapeutic-energy-pal-193-paldea-evolved-pokemon.png,https://www.tcggo.com/external/cm/3117,https://www.tcggo.com/external/tcgplayer/3117,Therapeutic Energy,Therapeutic Energy 193,0.08,0.06,7340,EUR,[],,,,,,,,0.02,0.02,0.02,0.02,0.02,0.02,0.02,0.02,0.02,0.02,,,,,,,,,,,,,,,,,,,,,,,,,,,,,,,,,,,,,,,,,,,,EUR,0.17,0.14,Uncommon,therapeutic-energy,Energy,https://www.tcggo.com/pokemon/paldea-evolved/therapeutic-energy-193,sv2-193,497567,singles
2026-08-23T17:19:56+02:00,,495,yuu,yuu,PAL 179,179,715654,193,279,PAL,Pokémon,pokemon,18,https://images.tcggo.com/tcggo/storage/2935/paldea-evolved-logo.png,Paldea Evolved,EUR,1222.85,EUR,1698.95,2023-06-09,1,Scarlet & Violet,scarlet-violet,paldea-evolved,0,3118,https://images.tcggo.com/tcggo/storage/3134/dendra-pal-179-paldea-evolved-pokemon.png,https://www.tcggo.com/external/cm/3118,https://www.tcggo.com/external/tcgplayer/3118,Dendra,Dendra 179,0.03,0.03,14283,EUR,[],,,,,,,,0.03,0.02,0.02,0.02,0.02,0.02,0.02,0.02,0.02,0.02,,,,,,,,,,,,,,,,,,,,,,,,,,,,,,,,,,,,,,,,,,,,EUR,0.15,0.12,Uncommon,dendra,Trainer,https://www.tcggo.com/pokemon/paldea-evolved/dendra-179,sv2-179,497551,singles
2026-08-23T17:19:56+02:00,,379,Sanosuke Sakuma,sanosuke-sakuma,PAL 185,185,715660,193,279,PAL,Pokémon,pokemon,18,https://images.tcggo.com/tcggo/storage/2935/paldea-evolved-logo.png,Paldea Evolved,EUR,1222.85,EUR,1698.95,2023-06-09,1,Scarlet & Violet,scarlet-violet,paldea-evolved,0,3119,https://images.tcggo.com/tcggo/storage/3135/iono-pal-185-paldea-evolved-pokemon.png,https://www.tcggo.com/external/cm/3119,https://www.tcggo.com/external/tcgplayer/3119,Iono,Iono 185,0.15,0.14,8927,EUR,[],,,,,,,,0.02,0.02,0.02,0.02,0.02,0.02,0.02,0.02,0.02,0.02,,,,,,,,,,,,,,,,,,,,,,,,,,,,,,,,,,,,,,,,,,,,EUR,0.32,0.28,Uncommon,iono,Trainer,https://www.tcggo.com/pokemon/paldea-evolved/iono-185,sv2-185,497557,singles
2026-08-23T17:19:56+02:00,,461,Studio Bora Inc.,studio-bora-inc,PAL 189,189,715664,193,279,PAL,Pokémon,pokemon,18,https://images.tcggo.com/tcggo/storage/2935/paldea-evolved-logo.png,Paldea Evolved,EUR,1222.85,EUR,1698.95,2023-06-09,1,Scarlet & Violet,scarlet-violet,paldea-evolved,0,3120,https://images.tcggo.com/tcggo/storage/3136/superior-energy-retrieval-pal-189-paldea-evolved-pokemon.png,https://www.tcggo.com/external/cm/3120,https://www.tcggo.com/external/tcgplayer/3120,Superior Energy Retrieval,Superior Energy Retrieval 189,0.22,0.26,4184,EUR,[],,,,,,,,0.02,0.02,0.02,0.02,0.02,0.02,0.02,0.02,0.02,0.02,,,,,,,,,,,,,,,,,,,,,,,,,,,,,,,,,,,,,,,,,,,,EUR,0.32,0.43,Uncommon,superior-energy-retrieval,Trainer,https://www.tcggo.com/pokemon/paldea-evolved/superior-energy-retrieval-189,sv2-189,497562,singles
2026-08-23T17:19:56+02:00,,,,,PAL 192,192,715667,193,279,PAL,Pokémon,pokemon,18,https://images.tcggo.com/tcggo/storage/2935/paldea-evolved-logo.png,Paldea Evolved,EUR,1222.85,EUR,1698.95,2023-06-09,1,Scarlet & Violet,scarlet-violet,paldea-evolved,0,3121,https://images.tcggo.com/tcggo/storage/3137/reversal-energy-pal-192-paldea-evolved-pokemon.png,https://www.tcggo.com/external/cm/3121,https://www.tcggo.com/external/tcgplayer/3121,Reversal Energy,Reversal Energy 192,0.15,0.07,8197,EUR,[],,,,,,,,0.02,0.02,0.02,0.02,0.02,0.02,0.02,0.02,0.02,0.02,,,,,,,,,,,,,,,,,,,,,,,,,,,,,,,,,,,,,,,,,,,,EUR,0.26,0.21,Uncommon,reversal-energy,Energy,https://www.tcggo.com/pokemon/paldea-evolved/reversal-energy-192,sv2-192,497565,singles
2026-08-23T17:19:56+02:00,,378,Kouki Saitou,kouki-saitou,PAL 196,196,715671,193,279,PAL,Pokémon,pokemon,18,https://images.tcggo.com/tcggo/storage/2935/paldea-evolved-logo.png,Paldea Evolved,EUR,1222.85,EUR,1698.95,2023-06-09,1,Scarlet & Violet,scarlet-violet,paldea-evolved,60,3122,https://images.tcggo.com/tcggo/storage/3138/sprigatito-pal-196-paldea-evolved-pokemon.png,https://www.tcggo.com/external/cm/3122,https://www.tcggo.com/external/tcgplayer/3122,Sprigatito,Sprigatito 196,24.96,23.4,165,EUR,,,189,,25,,,,28.9,20,20,19,24,28.9,22.5,22.5,10.49,10.49,USD,155.58,1,,,23.77,1,32.7,4,,,35.75,1,84.95,4,,,,,31.66,4,232.68,5,31.21,5,34.65,5,66.77,5,,,,,,,189.56,3,,,,,35.45,1,EUR,52.25,34.16,Illustration Rare,sprigatito,Pokémon,https://www.tcggo.com/pokemon/paldea-evolved/sprigatito-196,sv2-196,497599,singles
2026-08-23T17:19:56+02:00,,378,Kouki Saitou,kouki-saitou,PAL 197,197,715672,193,279,PAL,Pokémon,pokemon,18,https://images.tcggo.com/tcggo/storage/2935/paldea-evolved-logo.png,Paldea Evolved,EUR,1222.85,EUR,1698.95,2023-06-09,1,Scarlet & Violet,scarlet-violet,paldea-evolved,90,3123,https://images.tcggo.com/tcggo/storage/21360/floragato-pal-197-paldea-evolved.png,https://www.tcggo.com/external/cm/3123,https://www.tcggo.com/external/tcgplayer/3123,Floragato,Floragato 197,13.12,12.96,189,EUR,,,,,,,29,,15.65,11.5,11.5,16,16,17.45,13,13,4,4,USD,,,,,9.87,1,29,2,,,7.8,1,88.28,3,,,9.81,2,26.02,1,138.3,5,,,13.84,5,26.91,5,,,,,,,,,,,,,,,EUR,19.67,13.83,Illustration Rare,floragato,Pokémon,https://www.tcggo.com/pokemon/paldea-evolved/floragato-197,sv2-197,497600,singles
2026-08-23T17:19:56+02:00,,441,Tomokazu Komiya,tomokazu-komiya,PAL 208,208,715683,193,279,PAL,Pokémon,pokemon,18,https://images.tcggo.com/tcggo/storage/2935/paldea-evolved-logo.png,Paldea Evolved,EUR,1222.85,EUR,1698.95,2023-06-09,1,Scarlet & Violet,scarlet-violet,paldea-evolved,60,3124,https://images.tcggo.com/tcggo/storage/3139/frigibax-pal-208-paldea-evolved-pokemon.png,https://www.tcggo.com/external/cm/3124,https://www.tcggo.com/external/tcgplayer/3124,Frigibax,Frigibax 208,11.35,11.51,270,EUR,[],,,,,,,,10,9.5,10.9,14,14,10,8,8,6.2,6.2,USD,,,,,15.95,3,19.87,5,,,,,15.26,1,,,,,26.75,1,278.77,5,22.3,1,19.58,5,40.14,5,,,,,3.53,1,263.9,2,,,,,,,EUR,19.44,14.09,Illustration Rare,frigibax,Pokémon,https://www.tcggo.com/pokemon/paldea-evolved/frigibax-208,sv2-208,497611,singles
2026-08-23T17:19:56+02:00,,364,Toshinao Aoki,toshinao-aoki,PAL 211,211,715679,193,279,PAL,Pokémon,pokemon,18,https://images.tcggo.com/tcggo/storage/2935/paldea-evolved-logo.png,Paldea Evolved,EUR,1222.85,EUR,1698.95,2023-06-09,1,Scarlet & Violet,scarlet-violet,paldea-evolved,140,3125,https://images.tcggo.com/tcggo/storage/21361/raichu-pal-211-paldea-evolved.png,https://www.tcggo.com/external/cm/3125,https://www.tcggo.com/external/tcgplayer/3125,Raichu,Raichu 211,59.19,50.39,228,EUR,,145,559,,,850,90,130,72.59,45,45,55,55,74.99,60,60,28,28,USD,346.77,5,31.58,1,,,78.08,5,,,,,264.87,5,41.92,1,,,74.78,4,753.59,5,70.45,5,71.77,5,93.58,5,,,,,53.61,1,411.18,5,,,89.7,1,134.57,5,EUR,86.73,88.18,Illustration Rare,raichu,Pokémon,https://www.tcggo.com/pokemon/paldea-evolved/raichu-211,sv2-211,497614,singles
2026-08-23T17:19:56+02:00,,441,Tomokazu Komiya,tomokazu-komiya,PAL 209,209,715684,193,279,PAL,Pokémon,pokemon,18,https://images.tcggo.com/tcggo/storage/2935/paldea-evolved-logo.png,Paldea Evolved,EUR,1222.85,EUR,1698.95,2023-06-09,1,Scarlet & Violet,scarlet-violet,paldea-evolved,90,3126,https://images.tcggo.com/tcggo/storage/3140/arctibax-pal-209-paldea-evolved-pokemon.png,https://www.tcggo.com/external/cm/3126,https://www.tcggo.com/external/tcgplayer/3126,Arctibax,Arctibax 209,11.6,12.02,252,EUR,[],,,,,,,,10,9.5,9.5,9.5,9.5,10,8.2,8.2,5.48,5.48,USD,21.25,1,,,12.78,1,13.83,3,,,,,,,,,,,10.12,5,200,5,18.5,1,18.19,5,36.8,5,,,,,,,120.81,2,,,,,27.99,1,EUR,15.64,11.96,Illustration Rare,arctibax,Pokémon,https://www.tcggo.com/pokemon/paldea-evolved/arctibax-209,sv2-209,497612,singles
2026-08-23T17:19:56+02:00,,499,Tika Matsuno,tika-matsuno,PAL 216,216,715691,193,279,PAL,Pokémon,pokemon,18,https://images.tcggo.com/tcggo/storage/2935/paldea-evolved-logo.png,Paldea Evolved,EUR,1222.85,EUR,1698.95,2023-06-09,1,Scarlet & Violet,scarlet-violet,paldea-evolved,60,3127,https://images.tcggo.com/tcggo/storage/3141/tinkatink-pal-216-paldea-evolved-pokemon.png,https://www.tcggo.com/external/cm/3127,https://www.tcggo.com/external/tcgplayer/3127,Tinkatink,Tinkatink 216,9.68,11.39,191,EUR,[],,,,,,,,9.52,6.9,6.9,11,11,9.52,7,7,3,3,USD,,,,,17.55,2,19.7,1,,,,,,,,,,,19.62,1,286.28,5,11.52,5,21.56,5,32.11,5,,,,,,,,,,,,,,,EUR,29.24,18.76,Illustration Rare,tinkatink,Pokémon,https://www.tcggo.com/pokemon/paldea-evolved/tinkatink-216,sv2-216,497619,singles
2026-08-23T17:19:56+02:00,,499,Tika Matsuno,tika-matsuno,PAL 217,217,715692,193,279,PAL,Pokémon,pokemon,18,https://images.tcggo.com/tcggo/storage/2935/paldea-evolved-logo.png,Paldea Evolved,EUR,1222.85,EUR,1698.95,2023-06-09,1,Scarlet & Violet,scarlet-violet,paldea-evolved,90,3128,https://images.tcggo.com/tcggo/storage/3142/tinkatuff-pal-217-paldea-evolved-pokemon.png,https://www.tcggo.com/external/cm/3128,https://www.tcggo.com/external/tcgplayer/3128,Tinkatuff,Tinkatuff 217,13.62,13.11,207,EUR,,,,,24,,40,,19.99,8.47,8.47,17,17,19.99,8,8,4,4,USD,99.07,1,,,10.5,1,18.08,4,,,22,1,,,,,,,22.1,2,154.49,5,17.83,2,20.18,5,23.08,5,,,,,,,168.33,3,,,18.99,1,,,EUR,28.7,24.89,Illustration Rare,tinkatuff,Pokémon,https://www.tcggo.com/pokemon/paldea-evolved/tinkatuff-217,sv2-217,497620,singles
2026-08-23T17:19:56+02:00,,486,Ryota Murayama,ryota-murayama,PAL 220,220,715695,193,279,PAL,Pokémon,pokemon,18,https://images.tcggo.com/tcggo/storage/2935/paldea-evolved-logo.png,Paldea Evolved,EUR,1222.85,EUR,1698.95,2023-06-09,1,Scarlet & Violet,scarlet-violet,paldea-evolved,70,3129,https://images.tcggo.com/tcggo/storage/3143/nacli-pal-220-paldea-evolved-pokemon.png,https://www.tcggo.com/external/cm/3129,https://www.tcggo.com/external/tcgplayer/3129,Nacli,Nacli 220,4.79,4.5,277,EUR,,,,,,139,,34,4,3.5,3.5,4.95,4.95,4,4,4,1.7,1.7,USD,,,,,14,1,,,,,,,31.92,1,,,,,4.8,1,119.72,3,,,,,11.08,3,,,,,,,,,,,,,,,EUR,6.05,4.85,Illustration Rare,nacli,Pokémon,https://www.tcggo.com/pokemon/paldea-evolved/nacli-220,sv2-220,497623,singles
2026-08-23T17:19:56+02:00,,510,Nurikabe,nurikabe,PAL 222,222,715697,193,279,PAL,Pokémon,pokemon,18,https://images.tcggo.com/tcggo/storage/2935/paldea-evolved-logo.png,Paldea Evolved,EUR,1222.85,EUR,1698.95,2023-06-09,1,Scarlet & Violet,scarlet-violet,paldea-evolved,180,3130,https://images.tcggo.com/tcggo/storage/3144/tyranitar-pal-222-paldea-evolved-pokemon.png,https://www.tcggo.com/external/cm/3130,https://www.tcggo.com/external/tcgplayer/3130,Tyranitar,Tyranitar 222,46.52,41,272,EUR,,,375,,79,799,,94,44.99,34,34,45,45,44.99,59.94,60,24.5,24.5,USD,357.73,5,,,39.99,5,57.42,5,,,56.07,4,159.19,5,,,61,1,62.77,5,762.56,5,36.39,5,47.1,5,74.95,5,550,1,,,,,523.33,3,,,,,100,5,EUR,62.65,61.51,Illustration Rare,tyranitar,Pokémon,https://www.tcggo.com/pokemon/paldea-evolved/tyranitar-222,sv2-222,497625,singles
2026-08-23T17:19:56+02:00,,394,OKACHEKE,okacheke,PAL 224,224,715699,193,279,PAL,Pokémon,pokemon,18,https://images.tcggo.com/tcggo/storage/2935/paldea-evolved-logo.png,Paldea Evolved,EUR,1222.85,EUR,1698.95,2023-06-09,1,Scarlet & Violet,scarlet-violet,paldea-evolved,130,3131,https://images.tcggo.com/tcggo/storage/3145/orthworm-pal-224-paldea-evolved-pokemon.png,https://www.tcggo.com/external/cm/3131,https://www.tcggo.com/external/tcgplayer/3131,Orthworm,Orthworm 224,4.99,5,262,EUR,,,,,,200,,25,4.2,3,3,5,5,4.2,5,5,3,3,USD,,,,,,,,,,,,,,,,,,,,,121.24,5,8.86,1,,,,,,,,,,,,,,,,,,,EUR,5.56,4.74,Illustration Rare,orthworm,Pokémon,https://www.tcggo.com/pokemon/paldea-evolved/orthworm-224,sv2-224,497627,singles
2026-08-23T17:19:56+02:00,,373,GOSSAN,gossan,PAL 225,225,715700,193,279,PAL,Pokémon,pokemon,18,https://images.tcggo.com/tcggo/storage/2935/paldea-evolved-logo.png,Paldea Evolved,EUR,1222.85,EUR,1698.95,2023-06-09,1,Scarlet & Violet,scarlet-violet,paldea-evolved,60,3132,https://images.tcggo.com/tcggo/storage/3146/rookidee-pal-225-paldea-evolved-pokemon.png,https://www.tcggo.com/external/cm/3132,https://www.tcggo.com/external/tcgplayer/3132,Rookidee,Rookidee 225,8.61,7.91,243,EUR,,,,,,,25,75,7.9,7.48,7.49,9,9,9,8,8,3.51,3.51,USD,,,,,,,14.62,2,,,,,21.61,1,,,,,,,79.59,5,7.83,2,7.89,1,17.79,5,,,,,,,,,,,,,17.88,1,EUR,9.99,7.6,Illustration Rare,rookidee,Pokémon,https://www.tcggo.com/pokemon/paldea-evolved/rookidee-225,sv2-225,497628,singles
2026-08-23T17:19:56+02:00,,494,Nelnal,nelnal,PAL 205,205,715680,193,279,PAL,Pokémon,pokemon,18,https://images.tcggo.com/tcggo/storage/2935/paldea-evolved-logo.png,Paldea Evolved,EUR,1222.85,EUR,1698.95,2023-06-09,1,Scarlet & Violet,scarlet-violet,paldea-evolved,110,3133,https://images.tcggo.com/tcggo/storage/3147/eiscue-pal-205-paldea-evolved-pokemon.png,https://www.tcggo.com/external/cm/3133,https://www.tcggo.com/external/tcgplayer/3133,Eiscue,Eiscue 205,10.34,9.79,225,EUR,,,,,45,179,,34,13.25,8.99,9.5,10.98,10.98,13.25,9,9,4.98,5.46,USD,78.08,3,,,,,21.25,5,,,17.5,1,46.14,2,,,22.39,1,,,185.75,5,8.78,2,10.47,5,23.19,5,,,10.48,1,,,131.94,1,,,,,44.85,1,EUR,17.79,14.68,Illustration Rare,eiscue,Pokémon,https://www.tcggo.com/pokemon/paldea-evolved/eiscue-205,sv2-205,497608,singles
2026-08-23T17:19:56+02:00,,377,Souichirou Gunjima,souichirou-gunjima,PAL 207,207,715682,193,279,PAL,Pokémon,pokemon,18,https://images.tcggo.com/tcggo/storage/2935/paldea-evolved-logo.png,Paldea Evolved,EUR,1222.85,EUR,1698.95,2023-06-09,1,Scarlet & Violet,scarlet-violet,paldea-evolved,90,3134,https://images.tcggo.com/tcggo/storage/3148/quaxwell-pal-207-paldea-evolved-pokemon.png,https://www.tcggo.com/external/cm/3134,https://www.tcggo.com/external/tcgplayer/3134,Quaxwell,Quaxwell 207,6.37,6.3,261,EUR,,,,,,105,,30,6.95,4.29,4.29,5,5,6.95,3.73,3.73,3.49,3.49,USD,,,,,,,,,,,17.74,1,44.55,1,,,,,,,85.71,2,10.12,3,7.87,2,21.41,5,,,,,,,,,,,,,,,EUR,9.05,6.5,Illustration Rare,quaxwell,Pokémon,https://www.tcggo.com/pokemon/paldea-evolved/quaxwell-207,sv2-207,497610,singles
2026-08-23T17:19:56+02:00,,529,aoki,aoki,PAL 212,212,715687,193,279,PAL,Pokémon,pokemon,18,https://images.tcggo.com/tcggo/storage/2935/paldea-evolved-logo.png,Paldea Evolved,EUR,1222.85,EUR,1698.95,2023-06-09,1,Scarlet & Violet,scarlet-violet,paldea-evolved,90,3135,https://images.tcggo.com/tcggo/storage/3151/mismagius-pal-212-paldea-evolved-pokemon.png,https://www.tcggo.com/external/cm/3135,https://www.tcggo.com/external/tcgplayer/3135,Mismagius,Mismagius 212,27.09,19.56,227,EUR,[],,,,,,,,31,15,15,29.95,29.95,31,37.5,38,14,14,USD,132.02,5,,,,,30.95,5,31.22,1,10.5,1,90.91,5,,,24.78,2,30,5,312.22,5,15,3,31.8,5,49.06,5,,,,,17.62,1,177.25,2,,,,,39.66,2,EUR,30.62,32.13,Illustration Rare,mismagius,Pokémon,https://www.tcggo.com/pokemon/paldea-evolved/mismagius-212,sv2-212,497615,singles
2026-08-23T17:19:56+02:00,,385,Teeziro,teeziro,PAL 214,214,715689,193,279,PAL,Pokémon,pokemon,18,https://images.tcggo.com/tcggo/storage/2935/paldea-evolved-logo.png,Paldea Evolved,EUR,1222.85,EUR,1698.95,2023-06-09,1,Scarlet & Violet,scarlet-violet,paldea-evolved,90,3136,https://images.tcggo.com/tcggo/storage/3149/sandygast-pal-214-paldea-evolved-pokemon.png,https://www.tcggo.com/external/cm/3136,https://www.tcggo.com/external/tcgplayer/3136,Sandygast,Sandygast 214,6.51,6.92,267,EUR,[],,,,,,,,5,4.8,4.8,6.2,6.2,5,6.5,6.5,5,5,USD,,,,,,,,,,,,,,,,,,,6.7,2,95.33,5,,,5.95,2,17.94,5,,,,,,,,,,,,,,,EUR,10.03,6.17,Illustration Rare,sandygast,Pokémon,https://www.tcggo.com/pokemon/paldea-evolved/sandygast-214,sv2-214,497617,singles
2026-08-23T17:19:56+02:00,,406,Narumi Sato,narumi-sato,PAL 219,219,715694,193,279,PAL,Pokémon,pokemon,18,https://images.tcggo.com/tcggo/storage/2935/paldea-evolved-logo.png,Paldea Evolved,EUR,1222.85,EUR,1698.95,2023-06-09,1,Scarlet & Violet,scarlet-violet,paldea-evolved,110,3137,https://images.tcggo.com/tcggo/storage/3150/sudowoodo-pal-219-paldea-evolved-pokemon.png,https://www.tcggo.com/external/cm/3137,https://www.tcggo.com/external/tcgplayer/3137,Sudowoodo,Sudowoodo 219,17.32,17.63,236,EUR,,,,,,350,,,17.99,13.99,13.99,14,14,17.99,12,14.5,7.5,7.5,USD,85.38,2,,,,,,,,,,,88.28,5,,,,,,,234.53,5,14.15,2,23.08,5,48.25,5,13,1,,,,,,,,,,,,,EUR,27.46,16.15,Illustration Rare,sudowoodo,Pokémon,https://www.tcggo.com/pokemon/paldea-evolved/sudowoodo-219,sv2-219,497622,singles
2026-08-23T17:19:56+02:00,,368,Oswaldo KATO,oswaldo-kato,PAL 223,223,715698,193,279,PAL,Pokémon,pokemon,18,https://images.tcggo.com/tcggo/storage/2935/paldea-evolved-logo.png,Paldea Evolved,EUR,1222.85,EUR,1698.95,2023-06-09,1,Scarlet & Violet,scarlet-violet,paldea-evolved,90,3138,https://images.tcggo.com/tcggo/storage/3152/grafaiai-pal-223-paldea-evolved-pokemon.png,https://www.tcggo.com/external/cm/3138,https://www.tcggo.com/external/tcgplayer/3138,Grafaiai,Grafaiai 223,7.7,6.07,237,EUR,,,,,,100,,37,5.5,5.48,5.48,6,6,5.5,7.5,7.5,2.99,2.99,USD,,,,,,,,,,,,,,,,,,,13.3,1,140.41,5,,,11.97,4,12.19,5,,,,,,,,,,,,,,,EUR,7.57,5.2,Illustration Rare,grafaiai,Pokémon,https://www.tcggo.com/pokemon/paldea-evolved/grafaiai-223,sv2-223,497626,singles
2026-08-23T17:19:56+02:00,,482,Mizue,mizue,PAL 226,226,715701,193,279,PAL,Pokémon,pokemon,18,https://images.tcggo.com/tcggo/storage/2935/paldea-evolved-logo.png,Paldea Evolved,EUR,1222.85,EUR,1698.95,2023-06-09,1,Scarlet & Violet,scarlet-violet,paldea-evolved,60,3139,https://images.tcggo.com/tcggo/storage/3153/maushold-pal-226-paldea-evolved-pokemon.png,https://www.tcggo.com/external/cm/3139,https://www.tcggo.com/external/tcgplayer/3139,Maushold,Maushold 226,43.23,37.93,181,EUR,,,,,,,,119,64.99,44.89,44.89,64.99,64.99,64.99,28,28,18.99,18.99,USD,303.96,4,,,39.66,4,69.43,5,,,94.2,1,151.6,5,,,,,72.25,4,1525.11,5,52.34,2,89.71,5,107.66,5,,,,,,,636.95,1,62.8,1,,,83.68,1,EUR,81.51,66.24,Illustration Rare,maushold,Pokémon,https://www.tcggo.com/pokemon/paldea-evolved/maushold-226,sv2-226,497629,singles
2026-08-23T17:19:56+02:00,,413,Atsuya Uki,atsuya-uki,PAL 204,204,715679,193,279,PAL,Pokémon,pokemon,18,https://images.tcggo.com/tcggo/storage/2935/paldea-evolved-logo.png,Paldea Evolved,EUR,1222.85,EUR,1698.95,2023-06-09,1,Scarlet & Violet,scarlet-violet,paldea-evolved,70,3140,https://images.tcggo.com/tcggo/storage/3154/marill-pal-204-paldea-evolved-pokemon.png,https://www.tcggo.com/external/cm/3140,https://www.tcggo.com/external/tcgplayer/3140,Marill,Marill 204,37.31,41.73,232,EUR,,99,,,,409,,74,36,25,25,25,25,36,27.94,27.94,10.5,10.5,USD,207.25,3,,,30.68,3,29.69,5,,,,,149.52,5,,,29.99,1,31.08,2,302.03,5,40.36,1,33.64,5,58.31,5,,,,,,,200.44,4,,,,,37.78,5,EUR,46.62,41.98,Illustration Rare,marill,Pokémon,https://www.tcggo.com/pokemon/paldea-evolved/marill-204,sv2-204,497607,singles
2026-08-23T17:19:56+02:00,,377,Souichirou Gunjima,souichirou-gunjima,PAL 206,206,715681,193,279,PAL,Pokémon,pokemon,18,https://images.tcggo.com/tcggo/storage/2935/paldea-evolved-logo.png,Paldea Evolved,EUR,1222.85,EUR,1698.95,2023-06-09,1,Scarlet & Violet,scarlet-violet,paldea-evolved,60,3141,https://images.tcggo.com/tcggo/storage/3155/quaxly-pal-206-paldea-evolved-pokemon.png,https://www.tcggo.com/external/cm/3141,https://www.tcggo.com/external/tcgplayer/3141,Quaxly,Quaxly 206,10.04,9.71,252,EUR,,,,,,300,34,45,10,8,8,14.99,14.99,10,7.9,7.9,5,5,USD,114.14,1,,,12.83,1,,,,,,,23.79,1,,,,,,,241.6,5,10.41,3,12.27,5,27.05,5,,,,,,,116.35,2,,,13.38,1,23.59,2,EUR,18.14,11.27,Illustration Rare,quaxly,Pokémon,https://www.tcggo.com/pokemon/paldea-evolved/quaxly-206,sv2-206,497609,singles
2026-08-23T17:19:56+02:00,,441,Tomokazu Komiya,tomokazu-komiya,PAL 210,210,715685,193,279,PAL,Pokémon,pokemon,18,https://images.tcggo.com/tcggo/storage/2935/paldea-evolved-logo.png,Paldea Evolved,EUR,1222.85,EUR,1698.95,2023-06-09,1,Scarlet & Violet,scarlet-violet,paldea-evolved,160,3142,https://images.tcggo.com/tcggo/storage/3156/baxcalibur-pal-210-paldea-evolved-pokemon.png,https://www.tcggo.com/external/cm/3142,https://www.tcggo.com/external/tcgplayer/3142,Baxcalibur,Baxcalibur 210,18.92,19.77,283,EUR,,,,,,324,,,22.86,19.19,19.19,13,13,23.99,12,12,10.8,10.8,USD,155.58,1,13.83,1,14.82,1,24.73,5,,,,,100,3,,,16.45,1,24.98,3,265.4,5,17.94,5,22.42,5,44.85,5,,,,,22.42,1,,,,,24.54,2,26.88,3,EUR,29.15,23.33,Illustration Rare,baxcalibur,Pokémon,https://www.tcggo.com/pokemon/paldea-evolved/baxcalibur-210,sv2-210,497613,singles
2026-08-23T17:19:56+02:00,,433,SIE NANAHARA,sie-nanahara,PAL 213,213,715688,193,279,PAL,Pokémon,pokemon,18,https://images.tcggo.com/tcggo/storage/2935/paldea-evolved-logo.png,Paldea Evolved,EUR,1222.85,EUR,1698.95,2023-06-09,1,Scarlet & Violet,scarlet-violet,paldea-evolved,90,3143,https://images.tcggo.com/tcggo/storage/3157/gothorita-pal-213-paldea-evolved-pokemon.png,https://www.tcggo.com/external/cm/3143,https://www.tcggo.com/external/tcgplayer/3143,Gothorita,Gothorita 213,5.71,6.5,263,EUR,[],,,,,,,,5.2,4.98,4.98,6,6,5.2,6,6,2.98,2.98,USD,,,,,,,,,,,,,,,,,,,,,114.33,5,,,9.89,3,12.31,5,,,,,,,,,,,,,,,EUR,12.13,7.9,Illustration Rare,gothorita,Pokémon,https://www.tcggo.com/pokemon/paldea-evolved/gothorita-213,sv2-213,497616,singles
2026-08-23T17:19:56+02:00,,405,nagimiso,nagimiso,PAL 215,215,715690,193,279,PAL,Pokémon,pokemon,18,https://images.tcggo.com/tcggo/storage/2935/paldea-evolved-logo.png,Paldea Evolved,EUR,1222.85,EUR,1698.95,2023-06-09,1,Scarlet & Violet,scarlet-violet,paldea-evolved,70,3144,https://images.tcggo.com/tcggo/storage/3158/rabsca-pal-215-paldea-evolved-pokemon.png,https://www.tcggo.com/external/cm/3144,https://www.tcggo.com/external/tcgplayer/3144,Rabsca,Rabsca 215,4.95,5.03,309,EUR,[],,,,,,,,4.5,3.79,3.79,4.9,4.9,4.5,5.99,5.99,1.99,1.99,,,,,,,,,,,,,,,,,,,,,,,,,,,,,,,,,,,,,,,,,,,,EUR,5.5,4.59,Illustration Rare,rabsca,Pokémon,https://www.tcggo.com/pokemon/paldea-evolved/rabsca-215,sv2-215,497618,singles
2026-08-23T17:19:56+02:00,,363,Anesaki Dynamic,anesaki-dynamic,PAL 218,218,715693,193,279,PAL,Pokémon,pokemon,18,https://images.tcggo.com/tcggo/storage/2935/paldea-evolved-logo.png,Paldea Evolved,EUR,1222.85,EUR,1698.95,2023-06-09,1,Scarlet & Violet,scarlet-violet,paldea-evolved,130,3145,https://images.tcggo.com/tcggo/storage/3159/paldean-tauros-pal-218-paldea-evolved-pokemon.png,https://www.tcggo.com/external/cm/3145,https://www.tcggo.com/external/tcgplayer/3145,Paldean Tauros,Paldean Tauros 218,12.32,12.21,335,EUR,,,,,,215,,30,13.85,9.5,9.5,15,15,17.5,14,14,5.5,5.5,USD,155.58,1,,,15.96,1,21.93,2,,,,,46.09,3,,,,,,,159.93,5,8.55,1,13.4,5,23.08,5,,,10.05,1,,,98.75,1,,,,,,,EUR,14.46,11.1,Illustration Rare,paldean-tauros,Pokémon,https://www.tcggo.com/pokemon/paldea-evolved/paldean-tauros-218,sv2-218,497621,singles
2026-08-23T17:19:56+02:00,,438,Miki Tanaka,miki-tanaka,PAL 221,221,715696,193,279,PAL,Pokémon,pokemon,18,https://images.tcggo.com/tcggo/storage/2935/paldea-evolved-logo.png,Paldea Evolved,EUR,1222.85,EUR,1698.95,2023-06-09,1,Scarlet & Violet,scarlet-violet,paldea-evolved,60,3146,https://images.tcggo.com/tcggo/storage/3160/paldean-wooper-pal-221-paldea-evolved-pokemon.png,https://www.tcggo.com/external/cm/3146,https://www.tcggo.com/external/tcgplayer/3146,Paldean Wooper,Paldean Wooper 221,6.86,5.09,290,EUR,[],,,,,,,,5.07,3.89,3.89,7.5,7.5,5.07,3.5,3.5,1.39,1.39,USD,57.41,1,,,,,,,,,,,,,,,,,,,151.44,5,,,19.98,1,16.28,5,,,,,,,,,,,,,23.62,1,EUR,13.45,8.55,Illustration Rare,paldean-wooper,Pokémon,https://www.tcggo.com/pokemon/paldea-evolved/paldean-wooper-221,sv2-221,497624,singles
2026-08-23T17:19:56+02:00,,380,5ban Graphics,5ban-graphics,PAL 230,230,715705,193,279,PAL,Pokémon,pokemon,18,https://images.tcggo.com/tcggo/storage/2935/paldea-evolved-logo.png,Paldea Evolved,EUR,1222.85,EUR,1698.95,2023-06-09,1,Scarlet & Violet,scarlet-violet,paldea-evolved,270,3147,https://images.tcggo.com/tcggo/storage/3161/forretress-ex-pal-230-paldea-evolved-pokemon.png,https://www.tcggo.com/external/cm/3147,https://www.tcggo.com/external/tcgplayer/3147,Forretress ex,Forretress ex 230,1.42,1.2,518,EUR,[],,,,,,,,0.99,0.7,0.7,1,1,0.99,1.95,1.95,0.7,0.7,,,,,,,,,,,,,,,,,,,,,,,,,,,,,,,,,,,,,,,,,,,,EUR,1.21,1.28,Ultra Rare,forretress-ex,Pokémon,https://www.tcggo.com/pokemon/paldea-evolved/forretress-ex-230,sv2-230,497634,singles
2026-08-23T17:19:56+02:00,,371,aky CG Works,aky-cg-works,PAL 239,239,715714,193,279,PAL,Pokémon,pokemon,18,https://images.tcggo.com/tcggo/storage/2935/paldea-evolved-logo.png,Paldea Evolved,EUR,1222.85,EUR,1698.95,2023-06-09,1,Scarlet & Violet,scarlet-violet,paldea-evolved,170,3148,https://images.tcggo.com/tcggo/storage/3162/dedenne-ex-pal-239-paldea-evolved-pokemon.png,https://www.tcggo.com/external/cm/3148,https://www.tcggo.com/external/tcgplayer/3148,Dedenne ex,Dedenne ex 239,6.24,7.1,249,EUR,,,,,25,,,,6.5,4.75,4.75,6,6,6.5,5,5,2,2,USD,,,,,,,,,,,8.24,1,35.98,1,,,,,17.99,1,64.9,2,,,,,34.13,5,,,,,,,,,,,,,,,EUR,13.92,10.26,Ultra Rare,dedenne-ex,Pokémon,https://www.tcggo.com/pokemon/paldea-evolved/dedenne-ex-239,sv2-239,497647,singles
2026-08-23T17:19:56+02:00,,457,Eske Yoshinob,eske-yoshinob,PAL 245,245,715720,193,279,PAL,Pokémon,pokemon,18,https://images.tcggo.com/tcggo/storage/2935/paldea-evolved-logo.png,Paldea Evolved,EUR,1222.85,EUR,1698.95,2023-06-09,1,Scarlet & Violet,scarlet-violet,paldea-evolved,300,3149,https://images.tcggo.com/tcggo/storage/3163/copperajah-ex-pal-245-paldea-evolved-pokemon.png,https://www.tcggo.com/external/cm/3149,https://www.tcggo.com/external/tcgplayer/3149,Copperajah ex,Copperajah ex 245,1.56,1.6,528,EUR,[],,,,,,,,1,0.99,0.99,1.5,1.5,1,2.3,2.3,0.39,0.39,,,,,,,,,,,,,,,,,,,,,,,,,,,,,,,,,,,,,,,,,,,,EUR,1.11,1.28,Ultra Rare,copperajah-ex,Pokémon,https://www.tcggo.com/pokemon/paldea-evolved/copperajah-ex-245,sv2-245,497655,singles
2026-08-23T17:19:56+02:00,,384,PLANETA Mochizuki,planeta-mochizuki,PAL 247,247,715722,193,279,PAL,Pokémon,pokemon,18,https://images.tcggo.com/tcggo/storage/2935/paldea-evolved-logo.png,Paldea Evolved,EUR,1222.85,EUR,1698.95,2023-06-09,1,Scarlet & Violet,scarlet-violet,paldea-evolved,160,3150,https://images.tcggo.com/tcggo/storage/3164/squawkabilly-ex-pal-247-paldea-evolved-pokemon.png,https://www.tcggo.com/external/cm/3150,https://www.tcggo.com/external/tcgplayer/3150,Squawkabilly ex,Squawkabilly ex 247,1.61,1.85,531,EUR,,,,,,39,,,1.28,0.99,1,2.05,2.05,1.28,1.9,1.9,0.79,0.79,,,,,,,,,,,,,,,,,,,,,,,,,,,,,,,,,,,,,,,,,,,,EUR,1.22,1.67,Ultra Rare,squawkabilly-ex,Pokémon,https://www.tcggo.com/pokemon/paldea-evolved/squawkabilly-ex-247,sv2-247,497658,singles
2026-08-23T17:19:56+02:00,,379,Sanosuke Sakuma,sanosuke-sakuma,PAL 254,254,715729,193,279,PAL,Pokémon,pokemon,18,https://images.tcggo.com/tcggo/storage/2935/paldea-evolved-logo.png,Paldea Evolved,EUR,1222.85,EUR,1698.95,2023-06-09,1,Scarlet & Violet,scarlet-violet,paldea-evolved,0,3151,https://images.tcggo.com/tcggo/storage/3165/iono-pal-254-paldea-evolved-pokemon.png,https://www.tcggo.com/external/cm/3151,https://www.tcggo.com/external/tcgplayer/3151,Iono,Iono 254,5.3,4.88,673,EUR,,,,,24,75,,24,6.06,3.5,3.5,8,9.95,7,4,4,2,2,USD,,,,,,,19.29,2,,,,,22.31,5,,,,,12.02,2,47.2,5,,,10.04,3,17.69,5,,,,,,,,,,,,,,,EUR,9.1,11.39,Ultra Rare,iono,Trainer,https://www.tcggo.com/pokemon/paldea-evolved/iono-254,sv2-254,497669,singles
2026-08-23T17:19:56+02:00,,405,nagimiso,nagimiso,PAL 255,255,715730,193,279,PAL,Pokémon,pokemon,18,https://images.tcggo.com/tcggo/storage/2935/paldea-evolved-logo.png,Paldea Evolved,EUR,1222.85,EUR,1698.95,2023-06-09,1,Scarlet & Violet,scarlet-violet,paldea-evolved,0,3152,https://images.tcggo.com/tcggo/storage/3166/saguaro-pal-255-paldea-evolved-pokemon.png,https://www.tcggo.com/external/cm/3152,https://www.tcggo.com/external/tcgplayer/3152,Saguaro,Saguaro 255,1.27,0.97,857,EUR,[],,,,,,,,0.75,0.8,0.8,1.4,1.4,0.75,1,1,0.45,0.45,,,,,,,,,,,,,,,,,,,,,,,,,,,,,,,,,,,,,,,,,,,,EUR,1.04,1.06,Ultra Rare,saguaro,Trainer,https://www.tcggo.com/pokemon/paldea-evolved/saguaro-255,sv2-255,497670,singles
2026-08-23T17:19:56+02:00,,490,takuyoa,takuyoa,PAL 257,257,715732,193,279,PAL,Pokémon,pokemon,18,https://images.tcggo.com/tcggo/storage/2935/paldea-evolved-logo.png,Paldea Evolved,EUR,1222.85,EUR,1698.95,2023-06-09,1,Scarlet & Violet,scarlet-violet,paldea-evolved,230,3153,https://images.tcggo.com/tcggo/storage/3167/wo-chien-ex-pal-257-paldea-evolved-pokemon.png,https://www.tcggo.com/external/cm/3153,https://www.tcggo.com/external/tcgplayer/3153,Wo-Chien ex,Wo-Chien ex 257,13.91,13.56,289,EUR,,,,,,110,,,12.99,12,12,10,10,12.99,13.5,13.5,8.9,8.9,USD,40.4,2,,,,,,,,,15,1,19.68,3,,,,,13.66,2,70.55,5,,,,,24.73,5,,,,,,,70.91,2,,,,,,,EUR,16.71,11.74,Special Illustration Rare,wo-chien-ex,Pokémon,https://www.tcggo.com/pokemon/paldea-evolved/wo-chien-ex-257,sv2-257,497676,singles
2026-08-23T17:19:56+02:00,,380,5ban Graphics,5ban-graphics,PAL 232,232,715707,193,279,PAL,Pokémon,pokemon,18,https://images.tcggo.com/tcggo/storage/2935/paldea-evolved-logo.png,Paldea Evolved,EUR,1222.85,EUR,1698.95,2023-06-09,1,Scarlet & Violet,scarlet-violet,paldea-evolved,230,3154,https://images.tcggo.com/tcggo/storage/3168/wo-chien-ex-pal-232-paldea-evolved-pokemon.png,https://www.tcggo.com/external/cm/3154,https://www.tcggo.com/external/tcgplayer/3154,Wo-Chien ex,Wo-Chien ex 232,1.54,1.48,526,EUR,[],,,,,,,,1,0.99,1.1,2.49,2.49,1,0.98,0.98,0.5,0.59,,,,,,,,,,,,,,,,,,,,,,,,,,,,,,,,,,,,,,,,,,,,EUR,1.46,1.37,Ultra Rare,wo-chien-ex,Pokémon,https://www.tcggo.com/pokemon/paldea-evolved/wo-chien-ex-232,sv2-232,497637,singles
2026-08-23T17:19:56+02:00,,380,5ban Graphics,5ban-graphics,PAL 235,235,715710,193,279,PAL,Pokémon,pokemon,18,https://images.tcggo.com/tcggo/storage/2935/paldea-evolved-logo.png,Paldea Evolved,EUR,1222.85,EUR,1698.95,2023-06-09,1,Scarlet & Violet,scarlet-violet,paldea-evolved,320,3155,https://images.tcggo.com/tcggo/storage/3169/quaquaval-ex-pal-235-paldea-evolved-pokemon.png,https://www.tcggo.com/external/cm/3155,https://www.tcggo.com/external/tcgplayer/3155,Quaquaval ex,Quaquaval ex 235,1.89,1.64,505,EUR,,,,,,49,,,1.19,1,1,2.45,2.45,1.19,2,2,0.99,0.99,,,,,,,,,,,,,,,,,,,,,,,,,,,,,,,,,,,,,,,,,,,,EUR,1.7,1.65,Ultra Rare,quaquaval-ex,Pokémon,https://www.tcggo.com/pokemon/paldea-evolved/quaquaval-ex-235,sv2-235,497641,singles
2026-08-23T17:19:56+02:00,,411,PLANETA Yamashita,planeta-yamashita,PAL 237,237,715712,193,279,PAL,Pokémon,pokemon,18,https://images.tcggo.com/tcggo/storage/2935/paldea-evolved-logo.png,Paldea Evolved,EUR,1222.85,EUR,1698.95,2023-06-09,1,Scarlet & Violet,scarlet-violet,paldea-evolved,280,3156,https://images.tcggo.com/tcggo/storage/3170/bellibolt-ex-pal-237-paldea-evolved-pokemon.png,https://www.tcggo.com/external/cm/3156,https://www.tcggo.com/external/tcgplayer/3156,Bellibolt ex,Bellibolt ex 237,2,1.88,389,EUR,,,60,,,,,16,1.9,0.99,0.99,1.5,1.5,1.9,3,3,0.9,0.9,,,,,,,,,,,,,,,,,,,,,,,,,,,,,,,,,,,,,,,,,,,,EUR,3.22,2.91,Ultra Rare,bellibolt-ex,Pokémon,https://www.tcggo.com/pokemon/paldea-evolved/bellibolt-ex-237,sv2-237,497644,singles
2026-08-23T17:19:56+02:00,,380,5ban Graphics,5ban-graphics,PAL 238,238,715713,193,279,PAL,Pokémon,pokemon,18,https://images.tcggo.com/tcggo/storage/2935/paldea-evolved-logo.png,Paldea Evolved,EUR,1222.85,EUR,1698.95,2023-06-09,1,Scarlet & Violet,scarlet-violet,paldea-evolved,270,3157,https://images.tcggo.com/tcggo/storage/3171/slowking-ex-pal-238-paldea-evolved-pokemon.png,https://www.tcggo.com/external/cm/3157,https://www.tcggo.com/external/tcgplayer/3157,Slowking ex,Slowking ex 238,3.46,3.87,332,EUR,,,,,,,,30,2.99,2.5,2.5,4.95,4.95,2.99,3.4,3.49,1.3,1.3,,,,,,,,,,,,,,,,,,,,,,,,,,,,,,,,,,,,,,,,,,,,EUR,10.39,3.59,Ultra Rare,slowking-ex,Pokémon,https://www.tcggo.com/pokemon/paldea-evolved/slowking-ex-238,sv2-238,497646,singles
2026-08-23T17:19:56+02:00,,380,5ban Graphics,5ban-graphics,PAL 243,243,715718,193,279,PAL,Pokémon,pokemon,18,https://images.tcggo.com/tcggo/storage/2935/paldea-evolved-logo.png,Paldea Evolved,EUR,1222.85,EUR,1698.95,2023-06-09,1,Scarlet & Violet,scarlet-violet,paldea-evolved,240,3158,https://images.tcggo.com/tcggo/storage/3172/ting-lu-ex-pal-243-paldea-evolved-pokemon.png,https://www.tcggo.com/external/cm/3158,https://www.tcggo.com/external/tcgplayer/3158,Ting-Lu ex,Ting-Lu ex 243,1.4,1.35,554,EUR,[],,,,,,,,0.98,0.8,0.8,1.49,1.49,0.98,1.95,1.95,0.5,0.5,,,,,,,,,,,,,,,,,,,,,,,,,,,,,,,,,,,,,,,,,,,,EUR,1.13,1.32,Ultra Rare,ting-lu-ex,Pokémon,https://www.tcggo.com/pokemon/paldea-evolved/ting-lu-ex-243,sv2-243,497653,singles
2026-08-23T17:19:56+02:00,,457,Eske Yoshinob,eske-yoshinob,PAL 246,246,715721,193,279,PAL,Pokémon,pokemon,18,https://images.tcggo.com/tcggo/storage/2935/paldea-evolved-logo.png,Paldea Evolved,EUR,1222.85,EUR,1698.95,2023-06-09,1,Scarlet & Violet,scarlet-violet,paldea-evolved,260,3159,https://images.tcggo.com/tcggo/storage/3173/noivern-ex-pal-246-paldea-evolved-pokemon.png,https://www.tcggo.com/external/cm/3159,https://www.tcggo.com/external/tcgplayer/3159,Noivern ex,Noivern ex 246,1.85,1.75,466,EUR,,,30,,,,,8,,,,1.9,1.9,,,,,,,,,,,,,,,,,,,,,,,,,,,,,,,,,,,,,,,,,,,,,,,,,EUR,2.06,1.71,Ultra Rare,noivern-ex,Pokémon,https://www.tcggo.com/pokemon/paldea-evolved/noivern-ex-246,sv2-246,497657,singles
2026-08-23T17:19:56+02:00,,379,Sanosuke Sakuma,sanosuke-sakuma,PAL 249,249,715724,193,279,PAL,Pokémon,pokemon,18,https://images.tcggo.com/tcggo/storage/2935/paldea-evolved-logo.png,Paldea Evolved,EUR,1222.85,EUR,1698.95,2023-06-09,1,Scarlet & Violet,scarlet-violet,paldea-evolved,0,3160,https://images.tcggo.com/tcggo/storage/3174/clavell-pal-249-paldea-evolved-pokemon.png,https://www.tcggo.com/external/cm/3160,https://www.tcggo.com/external/tcgplayer/3160,Clavell,Clavell 249,1.09,1.08,726,EUR,[],,,,,,,,0.9,0.5,0.5,1,1,0.9,0.5,0.5,0.3,0.3,,,,,,,,,,,,,,,,,,,,,,,,,,,,,,,,,,,,,,,,,,,,EUR,0.89,0.95,Ultra Rare,clavell,Trainer,https://www.tcggo.com/pokemon/paldea-evolved/clavell-249,sv2-249,497664,singles
2026-08-23T17:19:56+02:00,,459,GIDORA,gidora,PAL 253,253,715728,193,279,PAL,Pokémon,pokemon,18,https://images.tcggo.com/tcggo/storage/2935/paldea-evolved-logo.png,Paldea Evolved,EUR,1222.85,EUR,1698.95,2023-06-09,1,Scarlet & Violet,scarlet-violet,paldea-evolved,0,3161,https://images.tcggo.com/tcggo/storage/3175/grusha-pal-253-paldea-evolved-pokemon.png,https://www.tcggo.com/external/cm/3161,https://www.tcggo.com/external/tcgplayer/3161,Grusha,Grusha 253,2.22,2.18,519,EUR,,,59,9,,,,25,1.98,1.39,1.39,3.38,3.38,1.98,2,2,0.84,0.84,,,,,,,,,,,,,,,,,,,,,,,,,,,,,,,,,,,,,,,,,,,,EUR,3,2.91,Ultra Rare,grusha,Trainer,https://www.tcggo.com/pokemon/paldea-evolved/grusha-253,sv2-253,497668,singles
2026-08-23T17:19:56+02:00,,378,Kouki Saitou,kouki-saitou,PAL 256,256,715731,193,279,PAL,Pokémon,pokemon,18,https://images.tcggo.com/tcggo/storage/2935/paldea-evolved-logo.png,Paldea Evolved,EUR,1222.85,EUR,1698.95,2023-06-09,1,Scarlet & Violet,scarlet-violet,paldea-evolved,310,3162,https://images.tcggo.com/tcggo/storage/3176/meowscarada-ex-pal-256-paldea-evolved-pokemon.png,https://www.tcggo.com/external/cm/3162,https://www.tcggo.com/external/tcgplayer/3162,Meowscarada ex,Meowscarada ex 256,21.25,25.78,291,EUR,,,100,,44,160,,48,21.99,19.45,19.45,25,25,21.99,25,25,10,10,USD,59.5,5,,,,,18.85,1,,,,,47.71,5,,,,,22.3,2,107.04,5,,,18.21,3,31.31,5,,,,,,,86.77,3,,,,,,,EUR,28.54,25.63,Special Illustration Rare,meowscarada-ex,Pokémon,https://www.tcggo.com/pokemon/paldea-evolved/meowscarada-ex-256,sv2-256,497675,singles
2026-08-23T17:19:56+02:00,,377,Souichirou Gunjima,souichirou-gunjima,PAL 260,260,715735,193,279,PAL,Pokémon,pokemon,18,https://images.tcggo.com/tcggo/storage/2935/paldea-evolved-logo.png,Paldea Evolved,EUR,1222.85,EUR,1698.95,2023-06-09,1,Scarlet & Violet,scarlet-violet,paldea-evolved,320,3163,https://images.tcggo.com/tcggo/storage/3177/quaquaval-ex-pal-260-paldea-evolved-pokemon.png,https://www.tcggo.com/external/cm/3163,https://www.tcggo.com/external/tcgplayer/3163,Quaquaval ex,Quaquaval ex 260,11.83,12.22,294,EUR,,,,,,84,,35,9.99,8.96,8.96,13,13,9.99,15,15,7,7,USD,57.02,5,,,,,15.96,1,,,,,49.14,5,,,,,,,79.37,5,,,8.56,1,20.1,5,,,,,,,64.46,2,,,,,,,EUR,11.59,11.47,Special Illustration Rare,quaquaval-ex,Pokémon,https://www.tcggo.com/pokemon/paldea-evolved/quaquaval-ex-260,sv2-260,497679,singles
2026-08-23T17:19:56+02:00,,414,kodama,kodama,PAL 261,261,715736,193,279,PAL,Pokémon,pokemon,18,https://images.tcggo.com/tcggo/storage/2935/paldea-evolved-logo.png,Paldea Evolved,EUR,1222.85,EUR,1698.95,2023-06-09,1,Scarlet & Violet,scarlet-violet,paldea-evolved,220,3164,https://images.tcggo.com/tcggo/storage/3178/chien-pao-ex-pal-261-paldea-evolved-pokemon.png,https://www.tcggo.com/external/cm/3164,https://www.tcggo.com/external/tcgplayer/3164,Chien-Pao ex,Chien-Pao ex 261,19.84,20.19,332,EUR,,,,,30,149,,69,17.49,16.99,16.99,22.99,22.99,17.49,26.4,26.4,13.89,13.89,USD,57.42,5,,,,,11.37,1,,,,,35.67,5,,,,,27.03,2,96.27,5,9.99,1,20.54,4,31.22,5,,,,,,,84.5,4,,,,,28.38,2,EUR,26.44,20.79,Special Illustration Rare,chien-pao-ex,Pokémon,https://www.tcggo.com/pokemon/paldea-evolved/chien-pao-ex-261,sv2-261,497680,singles
2026-08-23T17:19:56+02:00,,382,KEIICHIRO ITO,keiichiro-ito,PAL 263,263,715738,193,279,PAL,Pokémon,pokemon,18,https://images.tcggo.com/tcggo/storage/2935/paldea-evolved-logo.png,Paldea Evolved,EUR,1222.85,EUR,1698.95,2023-06-09,1,Scarlet & Violet,scarlet-violet,paldea-evolved,240,3165,https://images.tcggo.com/tcggo/storage/3179/ting-lu-ex-pal-263-paldea-evolved-pokemon.png,https://www.tcggo.com/external/cm/3165,https://www.tcggo.com/external/tcgplayer/3165,Ting-Lu ex,Ting-Lu ex 263,8.38,8.24,319,EUR,,,,,,100,,47,8,6.9,6.9,8,8,8,10,10,5.99,5.99,USD,44.6,1,,,,,17.12,2,,,,,17.98,5,,,,,10,1,69.57,5,,,,,19.99,5,,,,,,,75.95,2,,,,,,,EUR,9.67,9.39,Special Illustration Rare,ting-lu-ex,Pokémon,https://www.tcggo.com/pokemon/paldea-evolved/ting-lu-ex-263,sv2-263,497682,singles
2026-08-23T17:19:56+02:00,,462,hncl,hncl,PAL 265,265,715740,193,279,PAL,Pokémon,pokemon,18,https://images.tcggo.com/tcggo/storage/2935/paldea-evolved-logo.png,Paldea Evolved,EUR,1222.85,EUR,1698.95,2023-06-09,1,Scarlet & Violet,scarlet-violet,paldea-evolved,0,3166,https://images.tcggo.com/tcggo/storage/3180/bosss-orders-ghetsis-pal-265-paldea-evolved-pokemon.png,https://www.tcggo.com/external/cm/3166,https://www.tcggo.com/external/tcgplayer/3166,Boss's Orders (Ghetsis),Boss's Orders (Ghetsis) 265,11.17,11.38,,EUR,,,52,,,,60,75,11.99,9.4,9.4,15.9,15.9,11,8,8,9.99,9.99,USD,,,,,,,,,,,,,,,,,,,,,38.5,2,,,,,,,,,,,,,,,,,,,10.3,2,EUR,13.85,16.74,Special Illustration Rare,bosss-orders-ghetsis,Trainer,https://www.tcggo.com/pokemon/paldea-evolved/bosss-orders-ghetsis-265,sv2-265,497685,singles
2026-08-23T17:19:56+02:00,,459,GIDORA,gidora,PAL 266,266,715741,193,279,PAL,Pokémon,pokemon,18,https://images.tcggo.com/tcggo/storage/2935/paldea-evolved-logo.png,Paldea Evolved,EUR,1222.85,EUR,1698.95,2023-06-09,1,Scarlet & Violet,scarlet-violet,paldea-evolved,0,3167,https://images.tcggo.com/tcggo/storage/3181/dendra-pal-266-paldea-evolved-pokemon.png,https://www.tcggo.com/external/cm/3167,https://www.tcggo.com/external/tcgplayer/3167,Dendra,Dendra 266,5.9,6.05,377,EUR,,,,,49,35,,26,5.9,4.5,4.5,10,10,5.9,7.5,7.5,3.4,3.4,USD,45,1,,,,,11.25,2,,,,,35,5,,,1.48,1,12.93,2,56.19,5,17.83,1,9.03,4,19.33,5,,,,,,,26.96,2,,,,,,,EUR,8.47,8.11,Special Illustration Rare,dendra,Trainer,https://www.tcggo.com/pokemon/paldea-evolved/dendra-266,sv2-266,497686,singles
2026-08-23T17:19:56+02:00,,416,Mina Nakai,mina-nakai,PAL 228,228,715703,193,279,PAL,Pokémon,pokemon,18,https://images.tcggo.com/tcggo/storage/2935/paldea-evolved-logo.png,Paldea Evolved,EUR,1222.85,EUR,1698.95,2023-06-09,1,Scarlet & Violet,scarlet-violet,paldea-evolved,140,3168,https://images.tcggo.com/tcggo/storage/3182/farigiraf-pal-228-paldea-evolved-pokemon.png,https://www.tcggo.com/external/cm/3168,https://www.tcggo.com/external/tcgplayer/3168,Farigiraf,Farigiraf 228,7.11,6.71,253,EUR,[],,,,,,,,7,5.5,5.5,7.5,7.5,7,7,7,4,4,USD,,,,,,,10.67,1,,,,,,,,,,,13.2,2,178.41,5,7.81,1,10.78,5,26.73,5,,,,,,,86.71,2,,,,,,,EUR,12.52,7.48,Illustration Rare,farigiraf,Pokémon,https://www.tcggo.com/pokemon/paldea-evolved/farigiraf-228,sv2-228,497631,singles
2026-08-23T17:19:56+02:00,,411,PLANETA Yamashita,planeta-yamashita,PAL 234,234,715709,193,279,PAL,Pokémon,pokemon,18,https://images.tcggo.com/tcggo/storage/2935/paldea-evolved-logo.png,Paldea Evolved,EUR,1222.85,EUR,1698.95,2023-06-09,1,Scarlet & Violet,scarlet-violet,paldea-evolved,190,3169,https://images.tcggo.com/tcggo/storage/3183/chi-yu-ex-pal-234-paldea-evolved-pokemon.png,https://www.tcggo.com/external/cm/3169,https://www.tcggo.com/external/tcgplayer/3169,Chi-Yu ex,Chi-Yu ex 234,2.28,2.31,446,EUR,,,,,28,,,30,1.5,1.49,1.49,3,3,1.5,4,4,0.8,0.8,,,,,,,,,,,,,,,,,,,,,,,,,,,,,,,,,,,,,,,,,,,,EUR,3.38,2.49,Ultra Rare,chi-yu-ex,Pokémon,https://www.tcggo.com/pokemon/paldea-evolved/chi-yu-ex-234,sv2-234,497640,singles
2026-08-23T17:19:56+02:00,,474,PLANETA Hiiragi,planeta-hiiragi,PAL 242,242,715717,193,279,PAL,Pokémon,pokemon,18,https://images.tcggo.com/tcggo/storage/2935/paldea-evolved-logo.png,Paldea Evolved,EUR,1222.85,EUR,1698.95,2023-06-09,1,Scarlet & Violet,scarlet-violet,paldea-evolved,320,3170,https://images.tcggo.com/tcggo/storage/3184/annihilape-ex-pal-242-paldea-evolved-pokemon.png,https://www.tcggo.com/external/cm/3170,https://www.tcggo.com/external/tcgplayer/3170,Annihilape ex,Annihilape ex 242,2.36,2.11,385,EUR,[],,,,,,,,1.49,1.7,1.7,2.5,2.5,1.49,1.6,1.6,0.99,0.99,,,,,,,,,,,,,,,,,,,,,,,,,,,,,,,,,,,,,,,,,,,,EUR,4.09,3.44,Ultra Rare,annihilape-ex,Pokémon,https://www.tcggo.com/pokemon/paldea-evolved/annihilape-ex-242,sv2-242,497652,singles
2026-08-23T17:19:56+02:00,,384,PLANETA Mochizuki,planeta-mochizuki,PAL 244,244,715719,193,279,PAL,Pokémon,pokemon,18,https://images.tcggo.com/tcggo/storage/2935/paldea-evolved-logo.png,Paldea Evolved,EUR,1222.85,EUR,1698.95,2023-06-09,1,Scarlet & Violet,scarlet-violet,paldea-evolved,280,3171,https://images.tcggo.com/tcggo/storage/3185/paldean-clodsire-ex-pal-244-paldea-evolved-pokemon.png,https://www.tcggo.com/external/cm/3171,https://www.tcggo.com/external/tcgplayer/3171,Paldean Clodsire ex,Paldean Clodsire ex 244,1.73,1.63,402,EUR,[],,,,,,,,1,0.99,0.99,2,2,1,1,1,0.78,0.78,,,,,,,,,,,,,,,,,,,,,,,,,,,,,,,,,,,,,,,,,,,,EUR,2.67,1.63,Ultra Rare,paldean-clodsire-ex,Pokémon,https://www.tcggo.com/pokemon/paldea-evolved/paldean-clodsire-ex-244,sv2-244,497654,singles
2026-08-23T17:19:56+02:00,,456,Hideki Ishikawa,hideki-ishikawa,PAL 248,248,715723,193,279,PAL,Pokémon,pokemon,18,https://images.tcggo.com/tcggo/storage/2935/paldea-evolved-logo.png,Paldea Evolved,EUR,1222.85,EUR,1698.95,2023-06-09,1,Scarlet & Violet,scarlet-violet,paldea-evolved,0,3172,https://images.tcggo.com/tcggo/storage/3186/bosss-orders-ghetsis-pal-248-paldea-evolved-pokemon.png,https://www.tcggo.com/external/cm/3172,https://www.tcggo.com/external/tcgplayer/3172,Boss's Orders (Ghetsis),Boss's Orders (Ghetsis) 248,6.92,6.76,,EUR,,,,,39,44,,75,5,5,5,,,,5,5,5,5,,,,,,,,,,,,,,,,,,,,,,,,,,,,,,,,,,,,,,,,,,,,EUR,8.56,10.32,Ultra Rare,bosss-orders-ghetsis,Trainer,https://www.tcggo.com/pokemon/paldea-evolved/bosss-orders-ghetsis-248,sv2-248,497663,singles
2026-08-23T17:19:56+02:00,,495,yuu,yuu,PAL 250,250,715725,193,279,PAL,Pokémon,pokemon,18,https://images.tcggo.com/tcggo/storage/2935/paldea-evolved-logo.png,Paldea Evolved,EUR,1222.85,EUR,1698.95,2023-06-09,1,Scarlet & Violet,scarlet-violet,paldea-evolved,0,3173,https://images.tcggo.com/tcggo/storage/3187/dendra-pal-250-paldea-evolved-pokemon.png,https://www.tcggo.com/external/cm/3173,https://www.tcggo.com/external/tcgplayer/3173,Dendra,Dendra 250,1.57,1.45,643,EUR,,,,,,67,50,,1,1.19,1.19,1.6,1.6,1,1.62,1.62,0.6,0.6,,,,,,,,,,,,,,,,,,,,,,,,,,,,,,,,,,,,,,,,,,,,EUR,2.08,1.97,Ultra Rare,dendra,Trainer,https://www.tcggo.com/pokemon/paldea-evolved/dendra-250,sv2-250,497665,singles
2026-08-23T17:19:56+02:00,,518,Ryuta Fuse,ryuta-fuse,PAL 251,251,715726,193,279,PAL,Pokémon,pokemon,18,https://images.tcggo.com/tcggo/storage/2935/paldea-evolved-logo.png,Paldea Evolved,EUR,1222.85,EUR,1698.95,2023-06-09,1,Scarlet & Violet,scarlet-violet,paldea-evolved,0,3174,https://images.tcggo.com/tcggo/storage/3188/falkner-pal-251-paldea-evolved-pokemon.png,https://www.tcggo.com/external/cm/3174,https://www.tcggo.com/external/tcgplayer/3174,Falkner,Falkner 251,1.36,1.27,624,EUR,[],,,,,,,,0.7,0.8,0.8,2.5,2.5,0.7,1.98,1.98,0.5,0.5,,,,,,,,,,,,,,,,,,,,,,,,,,,,,,,,,,,,,,,,,,,,EUR,1.18,1.28,Ultra Rare,falkner,Trainer,https://www.tcggo.com/pokemon/paldea-evolved/falkner-251,sv2-251,497666,singles
2026-08-23T17:19:56+02:00,,454,kantaro,kantaro,PAL 252,252,715727,193,279,PAL,Pokémon,pokemon,18,https://images.tcggo.com/tcggo/storage/2935/paldea-evolved-logo.png,Paldea Evolved,EUR,1222.85,EUR,1698.95,2023-06-09,1,Scarlet & Violet,scarlet-violet,paldea-evolved,0,3175,https://images.tcggo.com/tcggo/storage/3189/giacomo-pal-252-paldea-evolved-pokemon.png,https://www.tcggo.com/external/cm/3175,https://www.tcggo.com/external/tcgplayer/3175,Giacomo,Giacomo 252,1.24,1.2,762,EUR,[],,,,,,,,0.95,0.5,0.5,1.5,1.5,0.95,0.9,0.9,0.5,0.5,,,,,,,,,,,,,,,,,,,,,,,,,,,,,,,,,,,,,,,,,,,,EUR,1.07,1.11,Ultra Rare,giacomo,Trainer,https://www.tcggo.com/pokemon/paldea-evolved/giacomo-252,sv2-252,497667,singles
2026-08-23T17:19:56+02:00,,545,Amelicart,amelicart,PAL 264,264,715739,193,279,PAL,Pokémon,pokemon,18,https://images.tcggo.com/tcggo/storage/2935/paldea-evolved-logo.png,Paldea Evolved,EUR,1222.85,EUR,1698.95,2023-06-09,1,Scarlet & Violet,scarlet-violet,paldea-evolved,160,3176,https://images.tcggo.com/tcggo/storage/3190/squawkabilly-ex-pal-264-paldea-evolved-pokemon.png,https://www.tcggo.com/external/cm/3176,https://www.tcggo.com/external/tcgplayer/3176,Squawkabilly ex,Squawkabilly ex 264,8.91,8.71,364,EUR,,,,,,149,,30,9,6,6,12.7,12.7,9,9,9,4.49,4.49,USD,49.51,3,,,,,24.99,1,,,,,19.99,3,,,,,,,66.9,5,,,,,22.12,5,,,,,,,,,,,,,,,EUR,10.23,8.55,Special Illustration Rare,squawkabilly-ex,Pokémon,https://www.tcggo.com/pokemon/paldea-evolved/squawkabilly-ex-264,sv2-264,497684,singles
2026-08-23T17:19:56+02:00,,440,Shibuzoh.,shibuzoh,PAL 227,227,715702,193,279,PAL,Pokémon,pokemon,18,https://images.tcggo.com/tcggo/storage/2935/paldea-evolved-logo.png,Paldea Evolved,EUR,1222.85,EUR,1698.95,2023-06-09,1,Scarlet & Violet,scarlet-violet,paldea-evolved,110,3177,https://images.tcggo.com/tcggo/storage/3191/flamigo-pal-227-paldea-evolved-pokemon.png,https://www.tcggo.com/external/cm/3177,https://www.tcggo.com/external/tcgplayer/3177,Flamigo,Flamigo 227,5.53,5.9,310,EUR,,,65,,,,,,5,4.5,4.5,3.8,3.8,5,5.5,5.5,3.5,3.5,USD,,,,,,,19.81,4,,,,,25.9,2,,,,,13.38,3,151.28,5,13.37,5,18.61,5,29.24,5,,,,,,,223.36,1,15,1,,,,,EUR,10.46,7.55,Illustration Rare,flamigo,Pokémon,https://www.tcggo.com/pokemon/paldea-evolved/flamigo-227,sv2-227,497630,singles
2026-08-23T17:19:56+02:00,,360,Saya Tsuruta,saya-tsuruta,PAL 229,229,715704,193,279,PAL,Pokémon,pokemon,18,https://images.tcggo.com/tcggo/storage/2935/paldea-evolved-logo.png,Paldea Evolved,EUR,1222.85,EUR,1698.95,2023-06-09,1,Scarlet & Violet,scarlet-violet,paldea-evolved,140,3178,https://images.tcggo.com/tcggo/storage/3192/dudunsparce-pal-229-paldea-evolved-pokemon.png,https://www.tcggo.com/external/cm/3178,https://www.tcggo.com/external/tcgplayer/3178,Dudunsparce,Dudunsparce 229,6.27,6.66,232,EUR,,,,,,,,20,5.5,5,5,9.9,9.9,5.5,5,5.5,3,3,USD,,,,,,,,,,,,,,,,,,,,,67.46,5,,,6.81,1,17.08,5,,,,,,,,,,,,,,,EUR,10.81,5.85,Illustration Rare,dudunsparce,Pokémon,https://www.tcggo.com/pokemon/paldea-evolved/dudunsparce-229,sv2-229,497633,singles
2026-08-23T17:19:56+02:00,,380,5ban Graphics,5ban-graphics,PAL 231,231,715706,193,279,PAL,Pokémon,pokemon,18,https://images.tcggo.com/tcggo/storage/2935/paldea-evolved-logo.png,Paldea Evolved,EUR,1222.85,EUR,1698.95,2023-06-09,1,Scarlet & Violet,scarlet-violet,paldea-evolved,310,3179,https://images.tcggo.com/tcggo/storage/3193/meowscarada-ex-pal-231-paldea-evolved-pokemon.png,https://www.tcggo.com/external/cm/3179,https://www.tcggo.com/external/tcgplayer/3179,Meowscarada ex,Meowscarada ex 231,2.49,2.21,426,EUR,[],,,,,,,,1.5,1.25,1.25,4,4,1.5,3,3,1,1,,,,,,,,,,,,,,,,,,,,,,,,,,,,,,,,,,,,,,,,,,,,EUR,3.85,2.71,Ultra Rare,meowscarada-ex,Pokémon,https://www.tcggo.com/pokemon/paldea-evolved/meowscarada-ex-231,sv2-231,497636,singles
2026-08-23T17:19:56+02:00,,380,5ban Graphics,5ban-graphics,PAL 233,233,715708,193,279,PAL,Pokémon,pokemon,18,https://images.tcggo.com/tcggo/storage/2935/paldea-evolved-logo.png,Paldea Evolved,EUR,1222.85,EUR,1698.95,2023-06-09,1,Scarlet & Violet,scarlet-violet,paldea-evolved,340,3180,https://images.tcggo.com/tcggo/storage/3194/skeledirge-ex-pal-233-paldea-evolved-pokemon.png,https://www.tcggo.com/external/cm/3180,https://www.tcggo.com/external/tcgplayer/3180,Skeledirge ex,Skeledirge ex 233,2.12,1.71,460,EUR,,,,,,34,,,1.2,1.59,1.59,1.8,1.8,1.2,1.44,1.44,0.95,0.95,,,,,,,,,,,,,,,,,,,,,,,,,,,,,,,,,,,,,,,,,,,,EUR,2.8,1.9,Ultra Rare,skeledirge-ex,Pokémon,https://www.tcggo.com/pokemon/paldea-evolved/skeledirge-ex-233,sv2-233,497639,singles
2026-08-23T17:19:56+02:00,,371,aky CG Works,aky-cg-works,PAL 236,236,715711,193,279,PAL,Pokémon,pokemon,18,https://images.tcggo.com/tcggo/storage/2935/paldea-evolved-logo.png,Paldea Evolved,EUR,1222.85,EUR,1698.95,2023-06-09,1,Scarlet & Violet,scarlet-violet,paldea-evolved,220,3181,https://images.tcggo.com/tcggo/storage/3195/chien-pao-ex-pal-236-paldea-evolved-pokemon.png,https://www.tcggo.com/external/cm/3181,https://www.tcggo.com/external/tcgplayer/3181,Chien-Pao ex,Chien-Pao ex 236,2.23,2.02,480,EUR,[],,,,,,,,1.95,1.7,1.7,4.3,4.3,1.95,1.95,1.95,1,1,,,,,,,,,,,,,,,,,,,,,,,,,,,,,,,,,,,,,,,,,,,,EUR,2.12,2.56,Ultra Rare,chien-pao-ex,Pokémon,https://www.tcggo.com/pokemon/paldea-evolved/chien-pao-ex-236,sv2-236,497642,singles
2026-08-23T17:19:56+02:00,,490,takuyoa,takuyoa,PAL 240,240,715715,193,279,PAL,Pokémon,pokemon,18,https://images.tcggo.com/tcggo/storage/2935/paldea-evolved-logo.png,Paldea Evolved,EUR,1222.85,EUR,1698.95,2023-06-09,1,Scarlet & Violet,scarlet-violet,paldea-evolved,300,3182,https://images.tcggo.com/tcggo/storage/3196/tinkaton-ex-pal-240-paldea-evolved-pokemon.png,https://www.tcggo.com/external/cm/3182,https://www.tcggo.com/external/tcgplayer/3182,Tinkaton ex,Tinkaton ex 240,3.79,3.33,419,EUR,,,,,,,,60,4,2.48,2.48,8.94,8.94,4,3.4,3.4,1.4,1.4,,,,,,,,,,,,,,,,,,,,,,,,,,,,,,,,,,,,,,,,,,,,EUR,7.89,6.84,Ultra Rare,tinkaton-ex,Pokémon,https://www.tcggo.com/pokemon/paldea-evolved/tinkaton-ex-240,sv2-240,497649,singles
2026-08-23T17:19:56+02:00,,517,Ayaka Yoshida,ayaka-yoshida,PAL 241,241,715716,193,279,PAL,Pokémon,pokemon,18,https://images.tcggo.com/tcggo/storage/2935/paldea-evolved-logo.png,Paldea Evolved,EUR,1222.85,EUR,1698.95,2023-06-09,1,Scarlet & Violet,scarlet-violet,paldea-evolved,260,3183,https://images.tcggo.com/tcggo/storage/3197/lycanroc-ex-pal-241-paldea-evolved-pokemon.png,https://www.tcggo.com/external/cm/3183,https://www.tcggo.com/external/tcgplayer/3183,Lycanroc ex,Lycanroc ex 241,2,1.84,441,EUR,[],,,,,,,,1.85,1.45,1.45,3.3,3.3,1.85,2.49,2.49,0.97,0.97,,,,,,,,,,,,,,,,,,,,,,,,,,,,,,,,,,,,,,,,,,,,EUR,2.03,1.71,Ultra Rare,lycanroc-ex,Pokémon,https://www.tcggo.com/pokemon/paldea-evolved/lycanroc-ex-241,sv2-241,497651,singles
2026-08-23T17:19:56+02:00,,454,kantaro,kantaro,PAL 258,258,715733,193,279,PAL,Pokémon,pokemon,18,https://images.tcggo.com/tcggo/storage/2935/paldea-evolved-logo.png,Paldea Evolved,EUR,1222.85,EUR,1698.95,2023-06-09,1,Scarlet & Violet,scarlet-violet,paldea-evolved,340,3184,https://images.tcggo.com/tcggo/storage/3198/skeledirge-ex-pal-258-paldea-evolved-pokemon.png,https://www.tcggo.com/external/cm/3184,https://www.tcggo.com/external/tcgplayer/3184,Skeledirge ex,Skeledirge ex 258,21.8,23.68,276,EUR,,,72,,,137,,49,24.5,19.5,19.5,27.5,27.5,24.5,25,25,14,14,USD,52.25,5,,,21.75,1,29.69,5,,,,,52.89,5,,,,,24.22,1,133.74,5,,,20.97,4,46.65,5,,,,,30,1,74.77,5,,,,,26.36,4,EUR,29.57,26.69,Special Illustration Rare,skeledirge-ex,Pokémon,https://www.tcggo.com/pokemon/paldea-evolved/skeledirge-ex-258,sv2-258,497677,singles
2026-08-23T17:19:56+02:00,,434,AKIRA EGAWA,akira-egawa,PAL 259,259,715734,193,279,PAL,Pokémon,pokemon,18,https://images.tcggo.com/tcggo/storage/2935/paldea-evolved-logo.png,Paldea Evolved,EUR,1222.85,EUR,1698.95,2023-06-09,1,Scarlet & Violet,scarlet-violet,paldea-evolved,190,3185,https://images.tcggo.com/tcggo/storage/3199/chi-yu-ex-pal-259-paldea-evolved-pokemon.png,https://www.tcggo.com/external/cm/3185,https://www.tcggo.com/external/tcgplayer/3185,Chi-Yu ex,Chi-Yu ex 259,44.89,45.89,183,EUR,,65,,,,367,,75,48,38,38,44.99,44.99,48,45,45,23,23,USD,106.27,5,,,,,47.48,5,,,34.42,1,92.89,5,,,,,44.23,5,208.63,5,,,32.28,2,61.88,5,33.57,1,,,,,238,5,,,,,35,3,EUR,46.09,42.92,Special Illustration Rare,chi-yu-ex,Pokémon,https://www.tcggo.com/pokemon/paldea-evolved/chi-yu-ex-259,sv2-259,497678,singles
2026-08-23T17:19:56+02:00,,499,Tika Matsuno,tika-matsuno,PAL 262,262,715737,193,279,PAL,Pokémon,pokemon,18,https://images.tcggo.com/tcggo/storage/2935/paldea-evolved-logo.png,Paldea Evolved,EUR,1222.85,EUR,1698.95,2023-06-09,1,Scarlet & Violet,scarlet-violet,paldea-evolved,300,3186,https://images.tcggo.com/tcggo/storage/3200/tinkaton-ex-pal-262-paldea-evolved-pokemon.png,https://www.tcggo.com/external/cm/3186,https://www.tcggo.com/external/tcgplayer/3186,Tinkaton ex,Tinkaton ex 262,21.98,20.87,192,EUR,,79,,,,267,,75,28.95,20,20,35,35,28.95,17,19,13,13,USD,68.97,5,,,,,34.33,4,,,,,63.18,5,24.5,1,,,44.72,4,182.13,5,,,42,3,49.06,5,89.21,1,,,,,132.47,4,,,,,39.34,1,EUR,49.46,36.09,Special Illustration Rare,tinkaton-ex,Pokémon,https://www.tcggo.com/pokemon/paldea-evolved/tinkaton-ex-262,sv2-262,497681,singles
2026-08-23T17:19:56+02:00,,429,DOM,dom,PAL 268,268,715743,193,279,PAL,Pokémon,pokemon,18,https://images.tcggo.com/tcggo/storage/2935/paldea-evolved-logo.png,Paldea Evolved,EUR,1222.85,EUR,1698.95,2023-06-09,1,Scarlet & Violet,scarlet-violet,paldea-evolved,0,3187,https://images.tcggo.com/tcggo/storage/3201/grusha-pal-268-paldea-evolved-pokemon.png,https://www.tcggo.com/external/cm/3187,https://www.tcggo.com/external/tcgplayer/3187,Grusha,Grusha 268,13.14,13.87,287,EUR,,,,,,98,,43,14,10.89,10.89,10,10,14,14.5,14.5,7,7,USD,49.55,5,,,,,11.4,1,,,,,20.45,5,,,,,15.18,2,120.42,5,11.05,2,16.2,2,24.3,5,,,,,,,111.51,3,,,,,20,1,EUR,16.7,13.69,Special Illustration Rare,grusha,Trainer,https://www.tcggo.com/pokemon/paldea-evolved/grusha-268,sv2-268,497688,singles
2026-08-23T17:19:56+02:00,,512,kirisAki,kirisaki,PAL 269,269,715744,193,279,PAL,Pokémon,pokemon,18,https://images.tcggo.com/tcggo/storage/2935/paldea-evolved-logo.png,Paldea Evolved,EUR,1222.85,EUR,1698.95,2023-06-09,1,Scarlet & Violet,scarlet-violet,paldea-evolved,0,3188,https://images.tcggo.com/tcggo/storage/3202/iono-pal-269-paldea-evolved-pokemon.png,https://www.tcggo.com/external/cm/3188,https://www.tcggo.com/external/tcgplayer/3188,Iono,Iono 269,28.73,26.61,534,EUR,,,,,44,55,55,55,33.99,24.96,24.96,45,45,33.99,24,24,16,16,USD,73,5,,,,,37.49,5,,,37.38,1,82.45,5,,,,,43,3,125.99,5,38.95,2,38.02,5,38.5,5,,,,,,,149.99,5,,,,,61.49,2,EUR,51.44,49.45,Special Illustration Rare,iono,Trainer,https://www.tcggo.com/pokemon/paldea-evolved/iono-269,sv2-269,497689,singles
2026-08-23T17:19:56+02:00,,524,KIYOTAKA OSHIYAMA,kiyotaka-oshiyama,PAL 267,267,715742,193,279,PAL,Pokémon,pokemon,18,https://images.tcggo.com/tcggo/storage/2935/paldea-evolved-logo.png,Paldea Evolved,EUR,1222.85,EUR,1698.95,2023-06-09,1,Scarlet & Violet,scarlet-violet,paldea-evolved,0,3189,https://images.tcggo.com/tcggo/storage/3203/giacomo-pal-267-paldea-evolved-pokemon.png,https://www.tcggo.com/external/cm/3189,https://www.tcggo.com/external/tcgplayer/3189,Giacomo,Giacomo 267,3.78,3.59,439,EUR,,,,,,,,19,3.5,2.98,2.98,5,5,3.5,4.5,4.5,1.45,1.45,,,,,,,,,,,,,,,,,,,,,,,,,,,,,,,,,,,,,,,,,,,,EUR,4.47,3.94,Special Illustration Rare,giacomo,Trainer,https://www.tcggo.com/pokemon/paldea-evolved/giacomo-267,sv2-267,497687,singles
2026-08-23T17:19:56+02:00,,379,Sanosuke Sakuma,sanosuke-sakuma,PAL 270,270,715745,193,279,PAL,Pokémon,pokemon,18,https://images.tcggo.com/tcggo/storage/2935/paldea-evolved-logo.png,Paldea Evolved,EUR,1222.85,EUR,1698.95,2023-06-09,1,Scarlet & Violet,scarlet-violet,paldea-evolved,0,3190,https://images.tcggo.com/tcggo/storage/3204/saguaro-pal-270-paldea-evolved-pokemon.png,https://www.tcggo.com/external/cm/3190,https://www.tcggo.com/external/tcgplayer/3190,Saguaro,Saguaro 270,8.14,7.86,220,EUR,,,,,,,,59,8.5,6.5,6.5,24,24,8.5,7.95,7.95,3.89,3.89,USD,52.68,3,,,,,26.74,2,,,,,,,,,,,22.15,1,100.12,5,10.74,1,21.44,4,35.43,5,,,,,17.71,1,,,,,,,28.34,1,EUR,12.09,11.56,Special Illustration Rare,saguaro,Trainer,https://www.tcggo.com/pokemon/paldea-evolved/saguaro-270,sv2-270,497691,singles
2026-08-23T17:19:56+02:00,,380,5ban Graphics,5ban-graphics,PAL 273,273,715748,193,279,PAL,Pokémon,pokemon,18,https://images.tcggo.com/tcggo/storage/2935/paldea-evolved-logo.png,Paldea Evolved,EUR,1222.85,EUR,1698.95,2023-06-09,1,Scarlet & Violet,scarlet-violet,paldea-evolved,320,3191,https://images.tcggo.com/tcggo/storage/3205/quaquaval-ex-pal-273-paldea-evolved-pokemon.png,https://www.tcggo.com/external/cm/3191,https://www.tcggo.com/external/tcgplayer/3191,Quaquaval ex,Quaquaval ex 273,4.5,4.27,411,EUR,,,,,,100,,30,3.99,3.9,3.9,4.5,4.95,3.99,4.5,4.5,1.7,1.7,,,,,,,,,,,,,,,,,,,,,,,,,,,,,,,,,,,,,,,,,,,,EUR,4.49,4.37,Hyper Rare,quaquaval-ex,Pokémon,https://www.tcggo.com/pokemon/paldea-evolved/quaquaval-ex-273,sv2-273,497694,singles
2026-08-23T17:19:56+02:00,,380,5ban Graphics,5ban-graphics,PAL 272,272,715747,193,279,PAL,Pokémon,pokemon,18,https://images.tcggo.com/tcggo/storage/2935/paldea-evolved-logo.png,Paldea Evolved,EUR,1222.85,EUR,1698.95,2023-06-09,1,Scarlet & Violet,scarlet-violet,paldea-evolved,340,3192,https://images.tcggo.com/tcggo/storage/3206/skeledirge-ex-pal-272-paldea-evolved-pokemon.png,https://www.tcggo.com/external/cm/3192,https://www.tcggo.com/external/tcgplayer/3192,Skeledirge ex,Skeledirge ex 272,4.87,5.48,383,EUR,,,,,,75,,59,4,4.89,4.89,5.5,5.5,4,5.07,5.07,1.99,1.99,USD,,,,,,,,,,,,,25,1,,,,,,,58,5,,,,,13.75,2,13.2,1,,,,,36,1,,,,,,,EUR,4.97,4.88,Hyper Rare,skeledirge-ex,Pokémon,https://www.tcggo.com/pokemon/paldea-evolved/skeledirge-ex-272,sv2-272,497693,singles
2026-08-23T17:19:56+02:00,,380,5ban Graphics,5ban-graphics,PAL 271,271,715746,193,279,PAL,Pokémon,pokemon,18,https://images.tcggo.com/tcggo/storage/2935/paldea-evolved-logo.png,Paldea Evolved,EUR,1222.85,EUR,1698.95,2023-06-09,1,Scarlet & Violet,scarlet-violet,paldea-evolved,310,3193,https://images.tcggo.com/tcggo/storage/3207/meowscarada-ex-pal-271-paldea-evolved-pokemon.png,https://www.tcggo.com/external/cm/3193,https://www.tcggo.com/external/tcgplayer/3193,Meowscarada ex,Meowscarada ex 271,5.51,4.97,348,EUR,[],,,,,,,,4,4.8,4.8,7,7,4,7.49,7.49,2.75,2.75,,,,,,,,,,,,,,,,,,,,,,,,,,,,,,,,,,,,,,,,,,,,EUR,7.41,5.97,Hyper Rare,meowscarada-ex,Pokémon,https://www.tcggo.com/pokemon/paldea-evolved/meowscarada-ex-271,sv2-271,497692,singles
2026-08-23T17:19:56+02:00,,380,5ban Graphics,5ban-graphics,PAL 275,275,715750,193,279,PAL,Pokémon,pokemon,18,https://images.tcggo.com/tcggo/storage/2935/paldea-evolved-logo.png,Paldea Evolved,EUR,1222.85,EUR,1698.95,2023-06-09,1,Scarlet & Violet,scarlet-violet,paldea-evolved,240,3194,https://images.tcggo.com/tcggo/storage/3208/ting-lu-ex-pal-275-paldea-evolved-pokemon.png,https://www.tcggo.com/external/cm/3194,https://www.tcggo.com/external/tcgplayer/3194,Ting-Lu ex,Ting-Lu ex 275,3.29,3.06,432,EUR,,,,,,75,,,2.75,2,2.99,3,3,2.75,3.5,3.5,0.8,0.99,,,,,,,,,,,,,,,,,,,,,,,,,,,,,,,,,,,,,,,,,,,,EUR,3.5,3.21,Hyper Rare,ting-lu-ex,Pokémon,https://www.tcggo.com/pokemon/paldea-evolved/ting-lu-ex-275,sv2-275,497696,singles
2026-08-23T17:19:56+02:00,,458,Toyste Beach,toyste-beach,PAL 276,276,715751,193,279,PAL,Pokémon,pokemon,18,https://images.tcggo.com/tcggo/storage/2935/paldea-evolved-logo.png,Paldea Evolved,EUR,1222.85,EUR,1698.95,2023-06-09,1,Scarlet & Violet,scarlet-violet,paldea-evolved,0,3195,https://images.tcggo.com/tcggo/storage/3209/super-rod-pal-276-paldea-evolved-pokemon.png,https://www.tcggo.com/external/cm/3195,https://www.tcggo.com/external/tcgplayer/3195,Super Rod,Super Rod 276,3.34,3.36,545,EUR,[],,,,,,,,3,2.98,2.98,6.9,6.9,3,2.25,2.25,2,2,,,,,,,,,,,,,,,,,,,,,,,,,,,,,,,,,,,,,,,,,,,,EUR,3.84,6.47,Hyper Rare,super-rod,Trainer,https://www.tcggo.com/pokemon/paldea-evolved/super-rod-276,sv2-276,497697,singles
2026-08-23T17:19:56+02:00,,371,aky CG Works,aky-cg-works,PAL 274,274,715749,193,279,PAL,Pokémon,pokemon,18,https://images.tcggo.com/tcggo/storage/2935/paldea-evolved-logo.png,Paldea Evolved,EUR,1222.85,EUR,1698.95,2023-06-09,1,Scarlet & Violet,scarlet-violet,paldea-evolved,220,3196,https://images.tcggo.com/tcggo/storage/3210/chien-pao-ex-pal-274-paldea-evolved-pokemon.png,https://www.tcggo.com/external/cm/3196,https://www.tcggo.com/external/tcgplayer/3196,Chien-Pao ex,Chien-Pao ex 274,5.24,5.51,382,EUR,[],,,,,,,,4.49,3.8,3.8,10,10,4.49,4.79,4,2,2,,,,,,,,,,,,,,,,,,,,,,,,,,,,,,,,,,,,,,,,,,,,EUR,5.55,4.75,Hyper Rare,chien-pao-ex,Pokémon,https://www.tcggo.com/pokemon/paldea-evolved/chien-pao-ex-274,sv2-274,497695,singles
2026-08-23T17:19:56+02:00,,461,Studio Bora Inc.,studio-bora-inc,PAL 277,277,715752,193,279,PAL,Pokémon,pokemon,18,https://images.tcggo.com/tcggo/storage/2935/paldea-evolved-logo.png,Paldea Evolved,EUR,1222.85,EUR,1698.95,2023-06-09,1,Scarlet & Violet,scarlet-violet,paldea-evolved,0,3197,https://images.tcggo.com/tcggo/storage/3211/superior-energy-retrieval-pal-277-paldea-evolved-pokemon.png,https://www.tcggo.com/external/cm/3197,https://www.tcggo.com/external/tcgplayer/3197,Superior Energy Retrieval,Superior Energy Retrieval 277,2.3,1.97,622,EUR,[],,,,,,,,1.5,1.39,1.39,2.9,2.9,1.5,2,2,0.95,0.95,,,,,,,,,,,,,,,,,,,,,,,,,,,,,,,,,,,,,,,,,,,,EUR,2.08,3.68,Hyper Rare,superior-energy-retrieval,Trainer,https://www.tcggo.com/pokemon/paldea-evolved/superior-energy-retrieval-277,sv2-277,497699,singles
2026-08-23T17:19:56+02:00,,,,,PAL 279,279,715754,193,279,PAL,Pokémon,pokemon,18,https://images.tcggo.com/tcggo/storage/2935/paldea-evolved-logo.png,Paldea Evolved,EUR,1222.85,EUR,1698.95,2023-06-09,1,Scarlet & Violet,scarlet-violet,paldea-evolved,0,3198,https://images.tcggo.com/tcggo/storage/3212/basic-water-energy-pal-279-paldea-evolved-pokemon.png,https://www.tcggo.com/external/cm/3198,https://www.tcggo.com/external/tcgplayer/3198,Basic Water Energy,Basic Water Energy 279,6.56,5.94,326,EUR,[],,,,,,,,5,5.2,5.2,5.5,5.5,5,4.45,4.45,4,4,USD,,,,,,,,,,,,,,,,,,,,,33.25,4,5.62,1,10.7,1,10.79,3,,,,,,,,,,,,,,,EUR,8.47,6.85,Hyper Rare,basic-water-energy,Energy,https://www.tcggo.com/pokemon/paldea-evolved/basic-water-energy-279,sv2-279,497701,singles
2026-08-23T17:19:56+02:00,,,,,PAL 278,278,715753,193,279,PAL,Pokémon,pokemon,18,https://images.tcggo.com/tcggo/storage/2935/paldea-evolved-logo.png,Paldea Evolved,EUR,1222.85,EUR,1698.95,2023-06-09,1,Scarlet & Violet,scarlet-violet,paldea-evolved,0,3199,https://images.tcggo.com/tcggo/storage/3213/basic-grass-energy-pal-278-paldea-evolved-pokemon.png,https://www.tcggo.com/external/cm/3199,https://www.tcggo.com/external/tcgplayer/3199,Basic Grass Energy,Basic Grass Energy 278,5.72,5.96,291,EUR,,,,,,45,,,4.9,4.5,4.5,7,7,4.9,4.3,4.3,4.49,4.49,,,,,,,,,,,,,,,,,,,,,,,,,,,,,,,,,,,,,,,,,,,,EUR,8.58,8.37,Hyper Rare,basic-grass-energy,Energy,https://www.tcggo.com/pokemon/paldea-evolved/basic-grass-energy-278,sv2-278,497700,singles
