captured_at,artist,artist.id,artist.name,artist.slug,card_code_number,card_number,cardmarket_id,episode.cards_printed_total,episode.cards_total,episode.code,episode.game.name,episode.game.slug,episode.id,episode.logo,episode.name,episode.prices.cardmarket.currency,episode.prices.cardmarket.total,episode.prices.tcgplayer.currency,episode.prices.tcgplayer.total,episode.released_at,episode.series.id,episode.series.name,episode.series.slug,episode.slug,hp,id,image,links.cardmarket,links.tcgplayer,name,name_numbered,prices.cardmarket.30d_average,prices.cardmarket.7d_average,prices.cardmarket.available_items,prices.cardmarket.currency,prices.cardmarket.graded,prices.cardmarket.graded.bgs.bgs10,prices.cardmarket.graded.bgs.bgs10pristine,prices.cardmarket.graded.bgs.bgs8,prices.cardmarket.graded.bgs.bgs9,prices.cardmarket.graded.cgc.cgc10,prices.cardmarket.graded.cgc.cgc9,prices.cardmarket.graded.psa.psa10,prices.cardmarket.graded.psa.psa8,prices.cardmarket.graded.psa.psa9,prices.cardmarket.lowest_near_mint,prices.cardmarket.lowest_near_mint_DE,prices.cardmarket.lowest_near_mint_DE_EU_only,prices.cardmarket.lowest_near_mint_ES,prices.cardmarket.lowest_near_mint_ES_EU_only,prices.cardmarket.lowest_near_mint_EU_only,prices.cardmarket.lowest_near_mint_FR,prices.cardmarket.lowest_near_mint_FR_EU_only,prices.cardmarket.lowest_near_mint_IT,prices.cardmarket.lowest_near_mint_IT_EU_only,prices.ebay.currency,prices.ebay.graded.ace.10.median_price,prices.ebay.graded.ace.10.sample_size,prices.ebay.graded.ace.7.median_price,prices.ebay.graded.ace.7.sample_size,prices.ebay.graded.ace.8.median_price,prices.ebay.graded.ace.8.sample_size,prices.ebay.graded.ace.9.median_price,prices.ebay.graded.ace.9.sample_size,prices.ebay.graded.ars.10.median_price,prices.ebay.graded.ars.10.sample_size,prices.ebay.graded.bgs.10.median_price,prices.ebay.graded.bgs.10.sample_size,prices.ebay.graded.bgs.8.median_price,prices.ebay.graded.bgs.8.sample_size,prices.ebay.graded.bgs.9.median_price,prices.ebay.graded.bgs.9.sample_size,prices.ebay.graded.cgc.10.median_price,prices.ebay.graded.cgc.10.sample_size,prices.ebay.graded.cgc.7.median_price,prices.ebay.graded.cgc.7.sample_size,prices.ebay.graded.cgc.8.median_price,prices.ebay.graded.cgc.8.sample_size,prices.ebay.graded.cgc.9.median_price,prices.ebay.graded.cgc.9.sample_size,prices.ebay.graded.gma.10.median_price,prices.ebay.graded.gma.10.sample_size,prices.ebay.graded.psa.10.median_price,prices.ebay.graded.psa.10.sample_size,prices.ebay.graded.psa.7.median_price,prices.ebay.graded.psa.7.sample_size,prices.ebay.graded.psa.8.median_price,prices.ebay.graded.psa.8.sample_size,prices.ebay.graded.psa.9.median_price,prices.ebay.graded.psa.9.sample_size,prices.ebay.graded.sgc.10.median_price,prices.ebay.graded.sgc.10.sample_size,prices.ebay.graded.sgc.8.median_price,prices.ebay.graded.sgc.8.sample_size,prices.ebay.graded.sgc.9.median_price,prices.ebay.graded.sgc.9.sample_size,prices.ebay.graded.tag.10.median_price,prices.ebay.graded.tag.10.sample_size,prices.ebay.graded.tag.7.median_price,prices.ebay.graded.tag.7.sample_size,prices.ebay.graded.tag.8.median_price,prices.ebay.graded.tag.8.sample_size,prices.ebay.graded.tag.9.median_price,prices.ebay.graded.tag.9.sample_size,prices.tcg_player.currency,prices.tcg_player.market_price,prices.tcg_player.mid_price,rarity,slug,supertype,tcggo_url,tcgid,tcgplayer_id,type
2026-08-23T17:19:56+02:00,,513,ryoma uratsuka,ryoma-uratsuka,CRZ 1,1,691718,159,160,CRZ,Pokémon,pokemon,21,https://images.tcggo.com/tcggo/storage/3641/crown-zenith-logo.png,Crown Zenith,EUR,2208.81,EUR,1760.77,2023-01-20,2,Sword & Shield,sword-shield,crown-zenith,50,3624,https://images.tcggo.com/tcggo/storage/3643/oddish-crz-1-crown-zenith-pokemon.png,https://www.tcggo.com/external/cm/3624,https://www.tcggo.com/external/tcgplayer/3624,Oddish,Oddish 1,0.03,0.03,12456,EUR,[],,,,,,,,,,0.02,0.02,0.02,0.02,0.02,0.02,0.02,0.02,0.02,0.02,,,,,,,,,,,,,,,,,,,,,,,,,,,,,,,,,,,,,,,,,,,,,,,,,,EUR,0.38,0.11,Common,oddish,Pokémon,https://www.tcggo.com/pokemon/crown-zenith/oddish-1-1,swsh12pt5-1,478033,singles
2026-08-23T17:19:56+02:00,,483,Kyoko Umemoto,kyoko-umemoto,CRZ 2,2,691719,159,160,CRZ,Pokémon,pokemon,21,https://images.tcggo.com/tcggo/storage/3641/crown-zenith-logo.png,Crown Zenith,EUR,2208.81,EUR,1760.77,2023-01-20,2,Sword & Shield,sword-shield,crown-zenith,70,3625,https://images.tcggo.com/tcggo/storage/3644/gloom-crz-2-crown-zenith-pokemon.png,https://www.tcggo.com/external/cm/3625,https://www.tcggo.com/external/tcgplayer/3625,Gloom,Gloom 2,0.04,0.04,10411,EUR,[],,,,,,,,,,0.02,0.02,0.02,0.02,0.02,0.02,0.02,0.02,0.02,0.02,,,,,,,,,,,,,,,,,,,,,,,,,,,,,,,,,,,,,,,,,,,,,,,,,,EUR,0.48,0.11,Uncommon,gloom,Pokémon,https://www.tcggo.com/pokemon/crown-zenith/gloom-2-1,swsh12pt5-2,478042,singles
2026-08-23T17:19:56+02:00,,534,Nagomi Nijo,nagomi-nijo,CRZ 3,3,691720,159,160,CRZ,Pokémon,pokemon,21,https://images.tcggo.com/tcggo/storage/3641/crown-zenith-logo.png,Crown Zenith,EUR,2208.81,EUR,1760.77,2023-01-20,2,Sword & Shield,sword-shield,crown-zenith,120,3626,https://images.tcggo.com/tcggo/storage/3645/bellossom-crz-3-crown-zenith-pokemon.png,https://www.tcggo.com/external/cm/3626,https://www.tcggo.com/external/tcgplayer/3626,Bellossom,Bellossom 3,0.15,0.21,2945,EUR,[],,,,,,,,,,0.02,0.02,0.02,0.02,0.02,0.02,0.02,0.02,0.02,0.02,,,,,,,,,,,,,,,,,,,,,,,,,,,,,,,,,,,,,,,,,,,,,,,,,,EUR,0.32,0.15,rare,bellossom,Pokémon,https://www.tcggo.com/pokemon/crown-zenith/bellossom-3-1,swsh12pt5-3,478049,singles
2026-08-23T17:19:56+02:00,,493,kurumitsu,kurumitsu,CRZ 4,4,691721,159,160,CRZ,Pokémon,pokemon,21,https://images.tcggo.com/tcggo/storage/3641/crown-zenith-logo.png,Crown Zenith,EUR,2208.81,EUR,1760.77,2023-01-20,2,Sword & Shield,sword-shield,crown-zenith,80,3627,https://images.tcggo.com/tcggo/storage/3646/tangela-crz-4-crown-zenith-pokemon.png,https://www.tcggo.com/external/cm/3627,https://www.tcggo.com/external/tcgplayer/3627,Tangela,Tangela 4,0.03,0.03,12841,EUR,[],,,,,,,,,,0.02,0.02,0.02,0.02,0.02,0.02,0.02,0.02,0.02,0.02,,,,,,,,,,,,,,,,,,,,,,,,,,,,,,,,,,,,,,,,,,,,,,,,,,EUR,0.35,0.09,Common,tangela,Pokémon,https://www.tcggo.com/pokemon/crown-zenith/tangela-4,swsh12pt5-4,478050,singles
2026-08-23T17:19:56+02:00,,546,zig,zig,CRZ 5,5,691722,159,160,CRZ,Pokémon,pokemon,21,https://images.tcggo.com/tcggo/storage/3641/crown-zenith-logo.png,Crown Zenith,EUR,2208.81,EUR,1760.77,2023-01-20,2,Sword & Shield,sword-shield,crown-zenith,150,3628,https://images.tcggo.com/tcggo/storage/3647/tangrowth-crz-5-crown-zenith-pokemon.png,https://www.tcggo.com/external/cm/3628,https://www.tcggo.com/external/tcgplayer/3628,Tangrowth,Tangrowth 5,0.1,0.18,3057,EUR,[],,,,,,,,,,0.02,0.03,0.03,0.02,0.02,0.02,0.02,0.02,0.02,0.02,,,,,,,,,,,,,,,,,,,,,,,,,,,,,,,,,,,,,,,,,,,,,,,,,,EUR,0.27,0.13,rare,tangrowth,Pokémon,https://www.tcggo.com/pokemon/crown-zenith/tangrowth-5,swsh12pt5-5,478051,singles
2026-08-23T17:19:56+02:00,,406,Narumi Sato,narumi-sato,CRZ 6,6,691723,159,160,CRZ,Pokémon,pokemon,21,https://images.tcggo.com/tcggo/storage/3641/crown-zenith-logo.png,Crown Zenith,EUR,2208.81,EUR,1760.77,2023-01-20,2,Sword & Shield,sword-shield,crown-zenith,80,3629,https://images.tcggo.com/tcggo/storage/3648/scyther-crz-6-crown-zenith-pokemon.png,https://www.tcggo.com/external/cm/3629,https://www.tcggo.com/external/tcgplayer/3629,Scyther,Scyther 6,0.03,0.02,13062,EUR,[],,,,,,,,,,0.02,0.02,0.02,0.02,0.02,0.02,0.02,0.02,0.02,0.02,,,,,,,,,,,,,,,,,,,,,,,,,,,,,,,,,,,,,,,,,,,,,,,,,,EUR,0.36,0.1,Common,scyther,Pokémon,https://www.tcggo.com/pokemon/crown-zenith/scyther-6,swsh12pt5-6,478052,singles
2026-08-23T17:19:56+02:00,,513,ryoma uratsuka,ryoma-uratsuka,CRZ 7,7,691724,159,160,CRZ,Pokémon,pokemon,21,https://images.tcggo.com/tcggo/storage/3641/crown-zenith-logo.png,Crown Zenith,EUR,2208.81,EUR,1760.77,2023-01-20,2,Sword & Shield,sword-shield,crown-zenith,40,3630,https://images.tcggo.com/tcggo/storage/3649/sunkern-crz-7-crown-zenith-pokemon.png,https://www.tcggo.com/external/cm/3630,https://www.tcggo.com/external/tcgplayer/3630,Sunkern,Sunkern 7,0.03,0.02,13185,EUR,[],,,,,,,,,,0.02,0.02,0.02,0.02,0.02,0.02,0.02,0.02,0.02,0.02,,,,,,,,,,,,,,,,,,,,,,,,,,,,,,,,,,,,,,,,,,,,,,,,,,EUR,0.26,0.09,Common,sunkern,Pokémon,https://www.tcggo.com/pokemon/crown-zenith/sunkern-7,swsh12pt5-7,478053,singles
2026-08-23T17:19:56+02:00,,521,Shin Nagasawa,shin-nagasawa,CRZ 8,8,691725,159,160,CRZ,Pokémon,pokemon,21,https://images.tcggo.com/tcggo/storage/3641/crown-zenith-logo.png,Crown Zenith,EUR,2208.81,EUR,1760.77,2023-01-20,2,Sword & Shield,sword-shield,crown-zenith,70,3631,https://images.tcggo.com/tcggo/storage/3650/yanma-crz-8-crown-zenith-pokemon.png,https://www.tcggo.com/external/cm/3631,https://www.tcggo.com/external/tcgplayer/3631,Yanma,Yanma 8,0.03,0.02,13523,EUR,[],,,,,,,,,,0.02,0.02,0.02,0.02,0.02,0.02,0.02,0.02,0.02,0.02,,,,,,,,,,,,,,,,,,,,,,,,,,,,,,,,,,,,,,,,,,,,,,,,,,EUR,0.24,0.09,Common,yanma,Pokémon,https://www.tcggo.com/pokemon/crown-zenith/yanma-8,swsh12pt5-8,478054,singles
2026-08-23T17:19:56+02:00,,524,KIYOTAKA OSHIYAMA,kiyotaka-oshiyama,CRZ 9,9,691726,159,160,CRZ,Pokémon,pokemon,21,https://images.tcggo.com/tcggo/storage/3641/crown-zenith-logo.png,Crown Zenith,EUR,2208.81,EUR,1760.77,2023-01-20,2,Sword & Shield,sword-shield,crown-zenith,130,3632,https://images.tcggo.com/tcggo/storage/3651/yanmega-crz-9-crown-zenith-pokemon.png,https://www.tcggo.com/external/cm/3632,https://www.tcggo.com/external/tcgplayer/3632,Yanmega,Yanmega 9,0.07,0.1,3799,EUR,[],,,,,,,,,,0.02,0.02,0.02,0.02,0.02,0.02,0.02,0.02,0.02,0.02,,,,,,,,,,,,,,,,,,,,,,,,,,,,,,,,,,,,,,,,,,,,,,,,,,EUR,0.26,0.14,rare,yanmega,Pokémon,https://www.tcggo.com/pokemon/crown-zenith/yanmega-9,swsh12pt5-9,478055,singles
2026-08-23T17:19:56+02:00,,437,Shigenori Negishi,shigenori-negishi,CRZ 10,10,691727,159,160,CRZ,Pokémon,pokemon,21,https://images.tcggo.com/tcggo/storage/3641/crown-zenith-logo.png,Crown Zenith,EUR,2208.81,EUR,1760.77,2023-01-20,2,Sword & Shield,sword-shield,crown-zenith,60,3633,https://images.tcggo.com/tcggo/storage/3652/kricketot-crz-10-crown-zenith-pokemon.png,https://www.tcggo.com/external/cm/3633,https://www.tcggo.com/external/tcgplayer/3633,Kricketot,Kricketot 10,0.03,0.02,13396,EUR,[],,,,,,,,,,0.02,0.02,0.02,0.02,0.02,0.02,0.02,0.02,0.02,0.02,,,,,,,,,,,,,,,,,,,,,,,,,,,,,,,,,,,,,,,,,,,,,,,,,,EUR,0.25,0.09,Common,kricketot,Pokémon,https://www.tcggo.com/pokemon/crown-zenith/kricketot-10,swsh12pt5-10,478057,singles
2026-08-23T17:19:56+02:00,,479,Lee HyunJung,lee-hyunjung,CRZ 11,11,691728,159,160,CRZ,Pokémon,pokemon,21,https://images.tcggo.com/tcggo/storage/3641/crown-zenith-logo.png,Crown Zenith,EUR,2208.81,EUR,1760.77,2023-01-20,2,Sword & Shield,sword-shield,crown-zenith,50,3634,https://images.tcggo.com/tcggo/storage/3653/cherubi-crz-11-crown-zenith-pokemon.png,https://www.tcggo.com/external/cm/3634,https://www.tcggo.com/external/tcgplayer/3634,Cherubi,Cherubi 11,0.03,0.03,13059,EUR,[],,,,,,,,,,0.02,0.02,0.02,0.02,0.02,0.02,0.02,0.02,0.02,0.02,,,,,,,,,,,,,,,,,,,,,,,,,,,,,,,,,,,,,,,,,,,,,,,,,,EUR,0.26,0.14,Common,cherubi,Pokémon,https://www.tcggo.com/pokemon/crown-zenith/cherubi-11,swsh12pt5-11,478060,singles
2026-08-23T17:19:56+02:00,,440,Shibuzoh.,shibuzoh,CRZ 12,12,691729,159,160,CRZ,Pokémon,pokemon,21,https://images.tcggo.com/tcggo/storage/3641/crown-zenith-logo.png,Crown Zenith,EUR,2208.81,EUR,1760.77,2023-01-20,2,Sword & Shield,sword-shield,crown-zenith,90,3635,https://images.tcggo.com/tcggo/storage/3654/carnivine-crz-12-crown-zenith-pokemon.png,https://www.tcggo.com/external/cm/3635,https://www.tcggo.com/external/tcgplayer/3635,Carnivine,Carnivine 12,0.04,0.03,10832,EUR,[],,,,,,,,,,0.02,0.02,0.02,0.02,0.02,0.02,0.02,0.02,0.02,0.02,,,,,,,,,,,,,,,,,,,,,,,,,,,,,,,,,,,,,,,,,,,,,,,,,,EUR,0.28,0.1,Uncommon,carnivine,Pokémon,https://www.tcggo.com/pokemon/crown-zenith/carnivine-12,swsh12pt5-12,478064,singles
2026-08-23T17:19:56+02:00,,384,PLANETA Mochizuki,planeta-mochizuki,CRZ 13,13,691730,159,160,CRZ,Pokémon,pokemon,21,https://images.tcggo.com/tcggo/storage/3641/crown-zenith-logo.png,Crown Zenith,EUR,2208.81,EUR,1760.77,2023-01-20,2,Sword & Shield,sword-shield,crown-zenith,210,3636,https://images.tcggo.com/tcggo/storage/3655/leafeon-v-crz-13-crown-zenith-pokemon.png,https://www.tcggo.com/external/cm/3636,https://www.tcggo.com/external/tcgplayer/3636,Leafeon V,Leafeon V 13,32.84,26.6,119,EUR,[],,,,,,,,,,,,,,,,,,,,,,,,,,,,,,,,,,,,,,,,,,,,,,,,,,,,,,,,,,,,,,,,,,,,,EUR,1.79,1.71,Rare Holo V,leafeon-v,Pokémon,https://www.tcggo.com/pokemon/crown-zenith/leafeon-v-13,swsh12pt5-13,478070,singles
2026-08-23T17:19:56+02:00,,474,PLANETA Hiiragi,planeta-hiiragi,CRZ 14,14,691731,159,160,CRZ,Pokémon,pokemon,21,https://images.tcggo.com/tcggo/storage/3641/crown-zenith-logo.png,Crown Zenith,EUR,2208.81,EUR,1760.77,2023-01-20,2,Sword & Shield,sword-shield,crown-zenith,260,3637,https://images.tcggo.com/tcggo/storage/3656/leafeon-vstar-crz-14-crown-zenith-pokemon.png,https://www.tcggo.com/external/cm/3637,https://www.tcggo.com/external/tcgplayer/3637,Leafeon VSTAR,Leafeon VSTAR 14,3.7,3.61,300,EUR,[],,,,,,,,,,2.9,3,3,3.5,3.5,2.9,5,5,1.49,1.49,USD,,,,,,,,,,,,,,,,,39.99,1,,,,,,,,,54.98,4,,,,,16.2,1,,,,,,,,,,,,,,,EUR,2.67,2.56,Rare Holo VSTAR,leafeon-vstar,Pokémon,https://www.tcggo.com/pokemon/crown-zenith/leafeon-vstar-14,swsh12pt5-14,478080,singles
2026-08-23T17:19:56+02:00,,514,Atsuko Nishida,atsuko-nishida,CRZ 15,15,691732,159,160,CRZ,Pokémon,pokemon,21,https://images.tcggo.com/tcggo/storage/3641/crown-zenith-logo.png,Crown Zenith,EUR,2208.81,EUR,1760.77,2023-01-20,2,Sword & Shield,sword-shield,crown-zenith,70,3638,https://images.tcggo.com/tcggo/storage/3657/grubbin-crz-15-crown-zenith-pokemon.png,https://www.tcggo.com/external/cm/3638,https://www.tcggo.com/external/tcgplayer/3638,Grubbin,Grubbin 15,0.03,0.03,13406,EUR,[],,,,,,,,,,0.02,0.02,0.02,0.02,0.02,0.02,0.02,0.02,0.02,0.02,,,,,,,,,,,,,,,,,,,,,,,,,,,,,,,,,,,,,,,,,,,,,,,,,,EUR,0.21,0.09,Common,grubbin,Pokémon,https://www.tcggo.com/pokemon/crown-zenith/grubbin-15,swsh12pt5-15,478082,singles
2026-08-23T17:19:56+02:00,,443,Shiburingaru,shiburingaru,CRZ 16,16,691733,159,160,CRZ,Pokémon,pokemon,21,https://images.tcggo.com/tcggo/storage/3641/crown-zenith-logo.png,Crown Zenith,EUR,2208.81,EUR,1760.77,2023-01-20,2,Sword & Shield,sword-shield,crown-zenith,120,3639,https://images.tcggo.com/tcggo/storage/3658/zarude-crz-16-crown-zenith-pokemon.png,https://www.tcggo.com/external/cm/3639,https://www.tcggo.com/external/tcgplayer/3639,Zarude,Zarude 16,0.37,0.26,1150,EUR,[],,,,,,,,,,0.02,0.08,0.08,0.2,0.2,0.02,0.25,0.25,0.02,0.02,,,,,,,,,,,,,,,,,,,,,,,,,,,,,,,,,,,,,,,,,,,,,,,,,,EUR,0.31,0.22,Rare Holo,zarude,Pokémon,https://www.tcggo.com/pokemon/crown-zenith/zarude-16,swsh12pt5-16,478088,singles
2026-08-23T17:19:56+02:00,,510,Nurikabe,nurikabe,CRZ 17,17,691734,159,160,CRZ,Pokémon,pokemon,21,https://images.tcggo.com/tcggo/storage/3641/crown-zenith-logo.png,Crown Zenith,EUR,2208.81,EUR,1760.77,2023-01-20,2,Sword & Shield,sword-shield,crown-zenith,110,3640,https://images.tcggo.com/tcggo/storage/3659/calyrex-crz-17-crown-zenith-pokemon.png,https://www.tcggo.com/external/cm/3640,https://www.tcggo.com/external/tcgplayer/3640,Calyrex,Calyrex 17,0.69,0.72,559,EUR,[],,,,,,,,,,0.1,0.2,0.2,0.2,0.2,0.1,1,1,0.05,0.05,,,,,,,,,,,,,,,,,,,,,,,,,,,,,,,,,,,,,,,,,,,,,,,,,,EUR,0.52,0.33,Rare Holo,calyrex,Pokémon,https://www.tcggo.com/pokemon/crown-zenith/calyrex-17,swsh12pt5-17,478089,singles
2026-08-23T17:19:56+02:00,,489,N-DESIGN Inc.,n-design-inc,CRZ 18,18,691735,159,160,CRZ,Pokémon,pokemon,21,https://images.tcggo.com/tcggo/storage/3641/crown-zenith-logo.png,Crown Zenith,EUR,2208.81,EUR,1760.77,2023-01-20,2,Sword & Shield,sword-shield,crown-zenith,220,3641,https://images.tcggo.com/tcggo/storage/3660/charizard-v-crz-18-crown-zenith-pokemon.png,https://www.tcggo.com/external/cm/3641,https://www.tcggo.com/external/tcgplayer/3641,Charizard V,Charizard V 18,5.39,5.26,434,EUR,,,,,,43,,,,75,4,4.5,5,4.5,4.5,4,5.99,5.99,2.79,2.79,,,,,,,,,,,,,,,,,,,,,,,,,,,,,,,,,,,,,,,,,,,,,,,,,,EUR,6.26,6.05,Rare Holo V,charizard-v,Pokémon,https://www.tcggo.com/pokemon/crown-zenith/charizard-v-18,swsh12pt5-18,478090,singles
2026-08-23T17:19:56+02:00,,380,5ban Graphics,5ban-graphics,CRZ 19,19,691736,159,160,CRZ,Pokémon,pokemon,21,https://images.tcggo.com/tcggo/storage/3641/crown-zenith-logo.png,Crown Zenith,EUR,2208.81,EUR,1760.77,2023-01-20,2,Sword & Shield,sword-shield,crown-zenith,280,3642,https://images.tcggo.com/tcggo/storage/3661/charizard-vstar-crz-19-crown-zenith-pokemon.png,https://www.tcggo.com/external/cm/3642,https://www.tcggo.com/external/tcgplayer/3642,Charizard VSTAR,Charizard VSTAR 19,9.22,8.7,359,EUR,,,,,,,34,119,,65,7.5,7.88,7.88,4.5,4.5,7.5,12,12,5,5,USD,,,,,,,,,,,,,,,,,39,2,,,,,,,,,111.56,5,,,19.99,1,57.16,1,42,1,,,,,,,,,,,,,EUR,9.4,9.3,Rare Holo VSTAR,charizard-vstar,Pokémon,https://www.tcggo.com/pokemon/crown-zenith/charizard-vstar-19,swsh12pt5-19,478094,singles
2026-08-23T17:19:56+02:00,,378,Kouki Saitou,kouki-saitou,CRZ 20,20,691737,159,160,CRZ,Pokémon,pokemon,21,https://images.tcggo.com/tcggo/storage/3641/crown-zenith-logo.png,Crown Zenith,EUR,2208.81,EUR,1760.77,2023-01-20,2,Sword & Shield,sword-shield,crown-zenith,160,3643,https://images.tcggo.com/tcggo/storage/3662/radiant-charizard-crz-20-crown-zenith-pokemon.png,https://www.tcggo.com/external/cm/3643,https://www.tcggo.com/external/tcgplayer/3643,Radiant Charizard,Radiant Charizard 20,15.65,13.99,964,EUR,,,,,,59,52,139,,39,9.99,11.99,11.99,11,11,10,16,16,8.5,8.5,USD,59.5,5,,,,,,,,,,,,,20.66,2,41.92,2,,,,,,,,,128.43,5,,,22.29,1,26.8,5,,,,,,,134.01,1,,,,,37.04,2,EUR,11.13,12.82,Radiant Rare,radiant-charizard,Pokémon,https://www.tcggo.com/pokemon/crown-zenith/radiant-charizard-20,swsh12pt5-20,478098,singles
2026-08-23T17:19:56+02:00,,395,Nisota Niso,nisota-niso,CRZ 21,21,691738,159,160,CRZ,Pokémon,pokemon,21,https://images.tcggo.com/tcggo/storage/3641/crown-zenith-logo.png,Crown Zenith,EUR,2208.81,EUR,1760.77,2023-01-20,2,Sword & Shield,sword-shield,crown-zenith,120,3644,https://images.tcggo.com/tcggo/storage/3663/entei-crz-21-crown-zenith-pokemon.png,https://www.tcggo.com/external/cm/3644,https://www.tcggo.com/external/tcgplayer/3644,Entei,Entei 21,0.47,0.45,813,EUR,[],,,,,,,,,,0.04,0.16,0.16,0.2,0.2,0.04,0.4,0.4,0.05,0.05,,,,,,,,,,,,,,,,,,,,,,,,,,,,,,,,,,,,,,,,,,,,,,,,,,EUR,0.49,0.34,Rare Holo,entei,Pokémon,https://www.tcggo.com/pokemon/crown-zenith/entei-21,swsh12pt5-21,478105,singles
2026-08-23T17:19:56+02:00,,380,5ban Graphics,5ban-graphics,CRZ 22,22,691739,159,160,CRZ,Pokémon,pokemon,21,https://images.tcggo.com/tcggo/storage/3641/crown-zenith-logo.png,Crown Zenith,EUR,2208.81,EUR,1760.77,2023-01-20,2,Sword & Shield,sword-shield,crown-zenith,210,3645,https://images.tcggo.com/tcggo/storage/3664/simisear-v-crz-22-crown-zenith-pokemon.png,https://www.tcggo.com/external/cm/3645,https://www.tcggo.com/external/tcgplayer/3645,Simisear V,Simisear V 22,0.92,1.09,1029,EUR,[],,,,,,,,,,0.1,0.49,0.56,0.35,0.35,0.1,0.99,0.99,0.09,0.09,,,,,,,,,,,,,,,,,,,,,,,,,,,,,,,,,,,,,,,,,,,,,,,,,,EUR,0.61,0.85,Rare Holo V,simisear-v,Pokémon,https://www.tcggo.com/pokemon/crown-zenith/simisear-v-22,swsh12pt5-22,478102,singles
2026-08-23T17:19:56+02:00,,380,5ban Graphics,5ban-graphics,CRZ 23,23,691740,159,160,CRZ,Pokémon,pokemon,21,https://images.tcggo.com/tcggo/storage/3641/crown-zenith-logo.png,Crown Zenith,EUR,2208.81,EUR,1760.77,2023-01-20,2,Sword & Shield,sword-shield,crown-zenith,260,3646,https://images.tcggo.com/tcggo/storage/3665/simisear-vstar-crz-23-crown-zenith-pokemon.png,https://www.tcggo.com/external/cm/3646,https://www.tcggo.com/external/tcgplayer/3646,Simisear VSTAR,Simisear VSTAR 23,1283,1283,3,EUR,[],,,,,,,,,,0.5,0.8,0.8,0.9,0.9,0.5,1.8,1.8,0.4,0.4,,,,,,,,,,,,,,,,,,,,,,,,,,,,,,,,,,,,,,,,,,,,,,,,,,EUR,1.09,1.28,Rare Holo VSTAR,simisear-vstar,Pokémon,https://www.tcggo.com/pokemon/crown-zenith/simisear-vstar-23,swsh12pt5-23,478106,singles
2026-08-23T17:19:56+02:00,,499,Tika Matsuno,tika-matsuno,CRZ 24,24,691741,159,160,CRZ,Pokémon,pokemon,21,https://images.tcggo.com/tcggo/storage/3641/crown-zenith-logo.png,Crown Zenith,EUR,2208.81,EUR,1760.77,2023-01-20,2,Sword & Shield,sword-shield,crown-zenith,80,3647,https://images.tcggo.com/tcggo/storage/3666/larvesta-crz-24-crown-zenith-pokemon.png,https://www.tcggo.com/external/cm/3647,https://www.tcggo.com/external/tcgplayer/3647,Larvesta,Larvesta 24,0.03,0.03,12818,EUR,[],,,,,,,,,,0.02,0.02,0.02,0.02,0.02,0.02,0.02,0.02,0.02,0.02,,,,,,,,,,,,,,,,,,,,,,,,,,,,,,,,,,,,,,,,,,,,,,,,,,EUR,0.26,0.09,Common,larvesta,Pokémon,https://www.tcggo.com/pokemon/crown-zenith/larvesta-24,swsh12pt5-24,478107,singles
2026-08-23T17:19:56+02:00,,491,Yuya Oka,yuya-oka,CRZ 25,25,691742,159,160,CRZ,Pokémon,pokemon,21,https://images.tcggo.com/tcggo/storage/3641/crown-zenith-logo.png,Crown Zenith,EUR,2208.81,EUR,1760.77,2023-01-20,2,Sword & Shield,sword-shield,crown-zenith,130,3648,https://images.tcggo.com/tcggo/storage/3667/volcarona-crz-25-crown-zenith-pokemon.png,https://www.tcggo.com/external/cm/3648,https://www.tcggo.com/external/tcgplayer/3648,Volcarona,Volcarona 25,0.08,0.1,3793,EUR,[],,,,,,,,,,0.02,0.02,0.02,0.02,0.02,0.02,0.02,0.02,0.02,0.02,,,,,,,,,,,,,,,,,,,,,,,,,,,,,,,,,,,,,,,,,,,,,,,,,,EUR,0.29,0.13,rare,volcarona,Pokémon,https://www.tcggo.com/pokemon/crown-zenith/volcarona-25,swsh12pt5-25,478120,singles
2026-08-23T17:19:56+02:00,,443,Shiburingaru,shiburingaru,CRZ 26,26,691743,159,160,CRZ,Pokémon,pokemon,21,https://images.tcggo.com/tcggo/storage/3641/crown-zenith-logo.png,Crown Zenith,EUR,2208.81,EUR,1760.77,2023-01-20,2,Sword & Shield,sword-shield,crown-zenith,130,3649,https://images.tcggo.com/tcggo/storage/3668/volcanion-crz-26-crown-zenith-pokemon.png,https://www.tcggo.com/external/cm/3649,https://www.tcggo.com/external/tcgplayer/3649,Volcanion,Volcanion 26,0.33,0.43,1292,EUR,[],,,,,,,,,,0.02,0.02,0.02,0.05,0.05,0.02,0.2,0.2,0.02,0.02,,,,,,,,,,,,,,,,,,,,,,,,,,,,,,,,,,,,,,,,,,,,,,,,,,EUR,0.3,0.21,Rare Holo,volcanion,Pokémon,https://www.tcggo.com/pokemon/crown-zenith/volcanion-26,swsh12pt5-26,478124,singles
2026-08-23T17:19:56+02:00,,498,Sekio,sekio,CRZ 27,27,691744,159,160,CRZ,Pokémon,pokemon,21,https://images.tcggo.com/tcggo/storage/3641/crown-zenith-logo.png,Crown Zenith,EUR,2208.81,EUR,1760.77,2023-01-20,2,Sword & Shield,sword-shield,crown-zenith,70,3650,https://images.tcggo.com/tcggo/storage/3669/salandit-crz-27-crown-zenith-pokemon.png,https://www.tcggo.com/external/cm/3650,https://www.tcggo.com/external/tcgplayer/3650,Salandit,Salandit 27,0.03,0.03,12936,EUR,[],,,,,,,,,,0.02,0.02,0.02,0.02,0.02,0.02,0.02,0.02,0.02,0.02,,,,,,,,,,,,,,,,,,,,,,,,,,,,,,,,,,,,,,,,,,,,,,,,,,EUR,0.27,0.09,Common,salandit,Pokémon,https://www.tcggo.com/pokemon/crown-zenith/salandit-27,swsh12pt5-27,478125,singles
2026-08-23T17:19:56+02:00,,529,aoki,aoki,CRZ 28,28,691745,159,160,CRZ,Pokémon,pokemon,21,https://images.tcggo.com/tcggo/storage/3641/crown-zenith-logo.png,Crown Zenith,EUR,2208.81,EUR,1760.77,2023-01-20,2,Sword & Shield,sword-shield,crown-zenith,120,3651,https://images.tcggo.com/tcggo/storage/3670/salazzle-crz-28-crown-zenith-pokemon.png,https://www.tcggo.com/external/cm/3651,https://www.tcggo.com/external/tcgplayer/3651,Salazzle,Salazzle 28,0.03,0.04,10884,EUR,[],,,,,,,,,,0.02,0.02,0.02,0.02,0.02,0.02,0.02,0.02,0.02,0.02,,,,,,,,,,,,,,,,,,,,,,,,,,,,,,,,,,,,,,,,,,,,,,,,,,EUR,0.29,0.09,Uncommon,salazzle,Pokémon,https://www.tcggo.com/pokemon/crown-zenith/salazzle-28,swsh12pt5-28,478126,singles
2026-08-23T17:19:56+02:00,,484,Kagemaru Himeno,kagemaru-himeno,CRZ 29,29,691746,159,160,CRZ,Pokémon,pokemon,21,https://images.tcggo.com/tcggo/storage/3641/crown-zenith-logo.png,Crown Zenith,EUR,2208.81,EUR,1760.77,2023-01-20,2,Sword & Shield,sword-shield,crown-zenith,70,3652,https://images.tcggo.com/tcggo/storage/3671/seel-crz-29-crown-zenith-pokemon.png,https://www.tcggo.com/external/cm/3652,https://www.tcggo.com/external/tcgplayer/3652,Seel,Seel 29,0.03,0.03,13130,EUR,[],,,,,,,,,,0.02,0.02,0.02,0.02,0.02,0.02,0.02,0.02,0.02,0.02,,,,,,,,,,,,,,,,,,,,,,,,,,,,,,,,,,,,,,,,,,,,,,,,,,EUR,0.26,0.09,Common,seel,Pokémon,https://www.tcggo.com/pokemon/crown-zenith/seel-29,swsh12pt5-29,478128,singles
2026-08-23T17:19:56+02:00,,437,Shigenori Negishi,shigenori-negishi,CRZ 30,30,691747,159,160,CRZ,Pokémon,pokemon,21,https://images.tcggo.com/tcggo/storage/3641/crown-zenith-logo.png,Crown Zenith,EUR,2208.81,EUR,1760.77,2023-01-20,2,Sword & Shield,sword-shield,crown-zenith,80,3653,https://images.tcggo.com/tcggo/storage/3672/galarian-mr-mime-crz-30-crown-zenith-pokemon.png,https://www.tcggo.com/external/cm/3653,https://www.tcggo.com/external/tcgplayer/3653,Galarian Mr. Mime,Galarian Mr. Mime 30,0.03,0.03,13045,EUR,[],,,,,,,,,,0.02,0.02,0.02,0.02,0.02,0.02,0.02,0.02,0.02,0.02,,,,,,,,,,,,,,,,,,,,,,,,,,,,,,,,,,,,,,,,,,,,,,,,,,EUR,0.29,0.09,Common,galarian-mr-mime,Pokémon,https://www.tcggo.com/pokemon/crown-zenith/galarian-mr-mime-30,swsh12pt5-30,478129,singles
2026-08-23T17:19:56+02:00,,414,kodama,kodama,CRZ 31,31,691748,159,160,CRZ,Pokémon,pokemon,21,https://images.tcggo.com/tcggo/storage/3641/crown-zenith-logo.png,Crown Zenith,EUR,2208.81,EUR,1760.77,2023-01-20,2,Sword & Shield,sword-shield,crown-zenith,120,3654,https://images.tcggo.com/tcggo/storage/3673/wailmer-crz-31-crown-zenith-pokemon.png,https://www.tcggo.com/external/cm/3654,https://www.tcggo.com/external/tcgplayer/3654,Wailmer,Wailmer 31,0.03,0.03,12876,EUR,[],,,,,,,,,,0.02,0.02,0.02,0.02,0.02,0.02,0.02,0.02,0.02,0.02,,,,,,,,,,,,,,,,,,,,,,,,,,,,,,,,,,,,,,,,,,,,,,,,,,EUR,0.31,0.12,Common,wailmer,Pokémon,https://www.tcggo.com/pokemon/crown-zenith/wailmer-31,swsh12pt5-31,478130,singles
2026-08-23T17:19:56+02:00,,524,KIYOTAKA OSHIYAMA,kiyotaka-oshiyama,CRZ 32,32,691749,159,160,CRZ,Pokémon,pokemon,21,https://images.tcggo.com/tcggo/storage/3641/crown-zenith-logo.png,Crown Zenith,EUR,2208.81,EUR,1760.77,2023-01-20,2,Sword & Shield,sword-shield,crown-zenith,220,3655,https://images.tcggo.com/tcggo/storage/3674/wailord-crz-32-crown-zenith-pokemon.png,https://www.tcggo.com/external/cm/3655,https://www.tcggo.com/external/tcgplayer/3655,Wailord,Wailord 32,0.11,0.11,3521,EUR,[],,,,,,,,,,0.02,0.02,0.02,0.02,0.02,0.02,0.02,0.02,0.02,0.02,,,,,,,,,,,,,,,,,,,,,,,,,,,,,,,,,,,,,,,,,,,,,,,,,,EUR,0.3,0.15,rare,wailord,Pokémon,https://www.tcggo.com/pokemon/crown-zenith/wailord-32,swsh12pt5-32,478131,singles
2026-08-23T17:19:56+02:00,,507,0313,0313,CRZ 33,33,691750,159,160,CRZ,Pokémon,pokemon,21,https://images.tcggo.com/tcggo/storage/3641/crown-zenith-logo.png,Crown Zenith,EUR,2208.81,EUR,1760.77,2023-01-20,2,Sword & Shield,sword-shield,crown-zenith,70,3656,https://images.tcggo.com/tcggo/storage/3675/corphish-crz-33-crown-zenith-pokemon.png,https://www.tcggo.com/external/cm/3656,https://www.tcggo.com/external/tcgplayer/3656,Corphish,Corphish 33,0.03,0.03,13309,EUR,[],,,,,,,,,,0.02,0.02,0.02,0.02,0.02,0.02,0.02,0.02,0.02,0.02,,,,,,,,,,,,,,,,,,,,,,,,,,,,,,,,,,,,,,,,,,,,,,,,,,EUR,0.26,0.09,Common,corphish,Pokémon,https://www.tcggo.com/pokemon/crown-zenith/corphish-33,swsh12pt5-33,478132,singles
2026-08-23T17:19:56+02:00,,485,otumami,otumami,CRZ 34,34,691751,159,160,CRZ,Pokémon,pokemon,21,https://images.tcggo.com/tcggo/storage/3641/crown-zenith-logo.png,Crown Zenith,EUR,2208.81,EUR,1760.77,2023-01-20,2,Sword & Shield,sword-shield,crown-zenith,60,3657,https://images.tcggo.com/tcggo/storage/3676/snorunt-crz-34-crown-zenith-pokemon.png,https://www.tcggo.com/external/cm/3657,https://www.tcggo.com/external/tcgplayer/3657,Snorunt,Snorunt 34,0.03,0.03,13435,EUR,[],,,,,,,,,,0.03,0.02,0.02,0.02,0.02,0.02,0.02,0.02,0.02,0.02,,,,,,,,,,,,,,,,,,,,,,,,,,,,,,,,,,,,,,,,,,,,,,,,,,EUR,0.33,0.09,Common,snorunt,Pokémon,https://www.tcggo.com/pokemon/crown-zenith/snorunt-34,swsh12pt5-34,478133,singles
2026-08-23T17:19:56+02:00,,438,Miki Tanaka,miki-tanaka,CRZ 35,35,512605,159,160,CRZ,Pokémon,pokemon,21,https://images.tcggo.com/tcggo/storage/3641/crown-zenith-logo.png,Crown Zenith,EUR,2208.81,EUR,1760.77,2023-01-20,2,Sword & Shield,sword-shield,crown-zenith,70,3658,https://images.tcggo.com/tcggo/storage/3677/luvdisc-crz-35-crown-zenith-pokemon.png,https://www.tcggo.com/external/cm/3658,https://www.tcggo.com/external/tcgplayer/3658,Luvdisc,Luvdisc 35,0.03,0.03,13486,EUR,[],,,,,,,,,,0.02,0.02,0.02,0.02,0.02,0.02,0.02,0.02,0.02,0.02,,,,,,,,,,,,,,,,,,,,,,,,,,,,,,,,,,,,,,,,,,,,,,,,,,EUR,0.34,0.09,Common,luvdisc,Pokémon,https://www.tcggo.com/pokemon/crown-zenith/luvdisc-35,swsh12pt5-35,478134,singles
2026-08-23T17:19:56+02:00,,378,Kouki Saitou,kouki-saitou,CRZ 36,36,691753,159,160,CRZ,Pokémon,pokemon,21,https://images.tcggo.com/tcggo/storage/3641/crown-zenith-logo.png,Crown Zenith,EUR,2208.81,EUR,1760.77,2023-01-20,2,Sword & Shield,sword-shield,crown-zenith,140,3659,https://images.tcggo.com/tcggo/storage/3678/kyogre-crz-36-crown-zenith-pokemon.png,https://www.tcggo.com/external/cm/3659,https://www.tcggo.com/external/tcgplayer/3659,Kyogre,Kyogre 36,2.03,6.6,1004,EUR,[],,,,,,,,,,0.09,0.08,0.08,0.19,0.19,0.09,0.8,0.9,0.19,0.19,,,,,,,,,,,,,,,,,,,,,,,,,,,,,,,,,,,,,,,,,,,,,,,,,,EUR,0.39,0.25,Rare Holo,kyogre,Pokémon,https://www.tcggo.com/pokemon/crown-zenith/kyogre-36,swsh12pt5-36,478135,singles
2026-08-23T17:19:56+02:00,,475,PLANETA Tsuji,planeta-tsuji,CRZ 37,37,691754,159,160,CRZ,Pokémon,pokemon,21,https://images.tcggo.com/tcggo/storage/3641/crown-zenith-logo.png,Crown Zenith,EUR,2208.81,EUR,1760.77,2023-01-20,2,Sword & Shield,sword-shield,crown-zenith,230,3660,https://images.tcggo.com/tcggo/storage/3679/kyogre-v-crz-37-crown-zenith-pokemon.png,https://www.tcggo.com/external/cm/3660,https://www.tcggo.com/external/tcgplayer/3660,Kyogre V,Kyogre V 37,1.5,1.53,930,EUR,[],,,,,,,,,,0.9,1.3,1.3,1.5,1.5,0.9,1.9,1.9,0.49,0.49,,,,,,,,,,,,,,,,,,,,,,,,,,,,,,,,,,,,,,,,,,,,,,,,,,EUR,0.86,0.81,Rare Holo V,kyogre-v,Pokémon,https://www.tcggo.com/pokemon/crown-zenith/kyogre-v-37,swsh12pt5-37,477053,singles
2026-08-23T17:19:56+02:00,,384,PLANETA Mochizuki,planeta-mochizuki,CRZ 38,38,586368,159,160,CRZ,Pokémon,pokemon,21,https://images.tcggo.com/tcggo/storage/3641/crown-zenith-logo.png,Crown Zenith,EUR,2208.81,EUR,1760.77,2023-01-20,2,Sword & Shield,sword-shield,crown-zenith,210,3661,https://images.tcggo.com/tcggo/storage/3680/glaceon-v-crz-38-crown-zenith-pokemon.png,https://www.tcggo.com/external/cm/3661,https://www.tcggo.com/external/tcgplayer/3661,Glaceon V,Glaceon V 38,1.89,2.14,618,EUR,[],,,,,,,,,,0.8,1.39,1,1.35,1.35,0.8,2,2,0.49,0.49,,,,,,,,,,,,,,,,,,,,,,,,,,,,,,,,,,,,,,,,,,,,,,,,,,EUR,2.29,1.73,Rare Holo V,glaceon-v,Pokémon,https://www.tcggo.com/pokemon/crown-zenith/glaceon-v-38,swsh12pt5-38,478138,singles
2026-08-23T17:19:56+02:00,,416,Mina Nakai,mina-nakai,CRZ 39,39,691756,159,160,CRZ,Pokémon,pokemon,21,https://images.tcggo.com/tcggo/storage/3641/crown-zenith-logo.png,Crown Zenith,EUR,2208.81,EUR,1760.77,2023-01-20,2,Sword & Shield,sword-shield,crown-zenith,60,3662,https://images.tcggo.com/tcggo/storage/3681/shinx-crz-39-crown-zenith-pokemon.png,https://www.tcggo.com/external/cm/3662,https://www.tcggo.com/external/tcgplayer/3662,Shinx,Shinx 39,0.03,0.02,12655,EUR,[],,,,,,,,,,0.02,0.02,0.02,0.02,0.02,0.02,0.02,0.02,0.02,0.02,,,,,,,,,,,,,,,,,,,,,,,,,,,,,,,,,,,,,,,,,,,,,,,,,,EUR,0.29,0.1,Common,shinx,Pokémon,https://www.tcggo.com/pokemon/crown-zenith/shinx-39,swsh12pt5-39,478141,singles
2026-08-23T17:19:56+02:00,,507,0313,0313,CRZ 40,40,691757,159,160,CRZ,Pokémon,pokemon,21,https://images.tcggo.com/tcggo/storage/3641/crown-zenith-logo.png,Crown Zenith,EUR,2208.81,EUR,1760.77,2023-01-20,2,Sword & Shield,sword-shield,crown-zenith,60,3663,https://images.tcggo.com/tcggo/storage/3682/shinx-crz-40-crown-zenith-pokemon.png,https://www.tcggo.com/external/cm/3663,https://www.tcggo.com/external/tcgplayer/3663,Shinx,Shinx 40,0.03,0.03,12747,EUR,[],,,,,,,,,,0.02,0.02,0.02,0.02,0.02,0.02,0.02,0.02,0.02,0.02,,,,,,,,,,,,,,,,,,,,,,,,,,,,,,,,,,,,,,,,,,,,,,,,,,EUR,0.31,0.11,Common,shinx,Pokémon,https://www.tcggo.com/pokemon/crown-zenith/shinx-40,swsh12pt5-40,478144,singles
2026-08-23T17:19:56+02:00,,440,Shibuzoh.,shibuzoh,CRZ 41,41,691758,159,160,CRZ,Pokémon,pokemon,21,https://images.tcggo.com/tcggo/storage/3641/crown-zenith-logo.png,Crown Zenith,EUR,2208.81,EUR,1760.77,2023-01-20,2,Sword & Shield,sword-shield,crown-zenith,80,3664,https://images.tcggo.com/tcggo/storage/3683/luxio-crz-41-crown-zenith-pokemon.png,https://www.tcggo.com/external/cm/3664,https://www.tcggo.com/external/tcgplayer/3664,Luxio,Luxio 41,0.04,0.04,10203,EUR,[],,,,,,,,,,0.02,0.02,0.02,0.02,0.02,0.02,0.02,0.02,0.02,0.02,,,,,,,,,,,,,,,,,,,,,,,,,,,,,,,,,,,,,,,,,,,,,,,,,,EUR,0.37,0.1,Uncommon,luxio,Pokémon,https://www.tcggo.com/pokemon/crown-zenith/luxio-41,swsh12pt5-41,478145,singles
2026-08-23T17:19:56+02:00,,531,Eri Yamaki,eri-yamaki,CRZ 42,42,691759,159,160,CRZ,Pokémon,pokemon,21,https://images.tcggo.com/tcggo/storage/3641/crown-zenith-logo.png,Crown Zenith,EUR,2208.81,EUR,1760.77,2023-01-20,2,Sword & Shield,sword-shield,crown-zenith,90,3665,https://images.tcggo.com/tcggo/storage/3684/luxio-crz-42-crown-zenith-pokemon.png,https://www.tcggo.com/external/cm/3665,https://www.tcggo.com/external/tcgplayer/3665,Luxio,Luxio 42,0.04,0.04,10344,EUR,[],,,,,,,,,,0.02,0.02,0.02,0.02,0.02,0.02,0.02,0.02,0.02,0.02,,,,,,,,,,,,,,,,,,,,,,,,,,,,,,,,,,,,,,,,,,,,,,,,,,EUR,0.3,0.09,Uncommon,luxio,Pokémon,https://www.tcggo.com/pokemon/crown-zenith/luxio-42,swsh12pt5-42,478146,singles
2026-08-23T17:19:56+02:00,,503,sui,sui,CRZ 43,43,691760,159,160,CRZ,Pokémon,pokemon,21,https://images.tcggo.com/tcggo/storage/3641/crown-zenith-logo.png,Crown Zenith,EUR,2208.81,EUR,1760.77,2023-01-20,2,Sword & Shield,sword-shield,crown-zenith,150,3666,https://images.tcggo.com/tcggo/storage/3685/luxray-crz-43-crown-zenith-pokemon.png,https://www.tcggo.com/external/cm/3666,https://www.tcggo.com/external/tcgplayer/3666,Luxray,Luxray 43,0.12,0.11,2703,EUR,[],,,,,,,,,,0.02,0.02,0.02,0.02,0.02,0.02,0.02,0.02,0.02,0.02,,,,,,,,,,,,,,,,,,,,,,,,,,,,,,,,,,,,,,,,,,,,,,,,,,EUR,0.36,0.15,rare,luxray,Pokémon,https://www.tcggo.com/pokemon/crown-zenith/luxray-43,swsh12pt5-43,478147,singles
2026-08-23T17:19:56+02:00,,486,Ryota Murayama,ryota-murayama,CRZ 44,44,691761,159,160,CRZ,Pokémon,pokemon,21,https://images.tcggo.com/tcggo/storage/3641/crown-zenith-logo.png,Crown Zenith,EUR,2208.81,EUR,1760.77,2023-01-20,2,Sword & Shield,sword-shield,crown-zenith,160,3667,https://images.tcggo.com/tcggo/storage/3686/luxray-crz-44-crown-zenith-pokemon.png,https://www.tcggo.com/external/cm/3667,https://www.tcggo.com/external/tcgplayer/3667,Luxray,Luxray 44,0.13,0.14,2261,EUR,[],,,,,,,,,,0.02,0.02,0.02,0.02,0.02,0.02,0.02,0.02,0.02,0.02,,,,,,,,,,,,,,,,,,,,,,,,,,,,,,,,,,,,,,,,,,,,,,,,,,EUR,0.3,0.17,rare,luxray,Pokémon,https://www.tcggo.com/pokemon/crown-zenith/luxray-44,swsh12pt5-44,478148,singles
2026-08-23T17:19:56+02:00,,380,5ban Graphics,5ban-graphics,CRZ 45,45,691762,159,160,CRZ,Pokémon,pokemon,21,https://images.tcggo.com/tcggo/storage/3641/crown-zenith-logo.png,Crown Zenith,EUR,2208.81,EUR,1760.77,2023-01-20,2,Sword & Shield,sword-shield,crown-zenith,190,3668,https://images.tcggo.com/tcggo/storage/3687/rotom-v-crz-45-crown-zenith-pokemon.png,https://www.tcggo.com/external/cm/3668,https://www.tcggo.com/external/tcgplayer/3668,Rotom V,Rotom V 45,0.85,0.69,1060,EUR,[],,,,,,,,,,0.2,0.5,0.6,0.4,0.4,0.2,0.7,0.7,0.09,0.09,,,,,,,,,,,,,,,,,,,,,,,,,,,,,,,,,,,,,,,,,,,,,,,,,,EUR,0.63,0.85,Rare Holo V,rotom-v,Pokémon,https://www.tcggo.com/pokemon/crown-zenith/rotom-v-45,swsh12pt5-45,478150,singles
2026-08-23T17:19:56+02:00,,380,5ban Graphics,5ban-graphics,CRZ 46,46,691763,159,160,CRZ,Pokémon,pokemon,21,https://images.tcggo.com/tcggo/storage/3641/crown-zenith-logo.png,Crown Zenith,EUR,2208.81,EUR,1760.77,2023-01-20,2,Sword & Shield,sword-shield,crown-zenith,250,3669,https://images.tcggo.com/tcggo/storage/3689/rotom-vstar-crz-46-crown-zenith-pokemon.png,https://www.tcggo.com/external/cm/3669,https://www.tcggo.com/external/tcgplayer/3669,Rotom VSTAR,Rotom VSTAR 46,1.47,1.47,609,EUR,[],,,,,,,,,,0.7,0.7,0.7,1.49,1.49,0.7,1.2,1.2,0.49,0.49,,,,,,,,,,,,,,,,,,,,,,,,,,,,,,,,,,,,,,,,,,,,,,,,,,EUR,1.15,1.28,Rare Holo VSTAR,rotom-vstar,Pokémon,https://www.tcggo.com/pokemon/crown-zenith/rotom-vstar-46,swsh12pt5-46,477054,singles
2026-08-23T17:19:56+02:00,,360,Saya Tsuruta,saya-tsuruta,CRZ 47,47,691764,159,160,CRZ,Pokémon,pokemon,21,https://images.tcggo.com/tcggo/storage/3641/crown-zenith-logo.png,Crown Zenith,EUR,2208.81,EUR,1760.77,2023-01-20,2,Sword & Shield,sword-shield,crown-zenith,70,3670,https://images.tcggo.com/tcggo/storage/3688/emolga-crz-47-crown-zenith-pokemon.png,https://www.tcggo.com/external/cm/3670,https://www.tcggo.com/external/tcgplayer/3670,Emolga,Emolga 47,0.04,0.03,12350,EUR,[],,,,,,,,,,0.02,0.02,0.02,0.02,0.02,0.02,0.02,0.02,0.02,0.02,,,,,,,,,,,,,,,,,,,,,,,,,,,,,,,,,,,,,,,,,,,,,,,,,,EUR,0.34,0.13,Common,emolga,Pokémon,https://www.tcggo.com/pokemon/crown-zenith/emolga-47,swsh12pt5-47,478156,singles
2026-08-23T17:19:56+02:00,,536,NC Empire,nc-empire,CRZ 48,48,691765,159,160,CRZ,Pokémon,pokemon,21,https://images.tcggo.com/tcggo/storage/3641/crown-zenith-logo.png,Crown Zenith,EUR,2208.81,EUR,1760.77,2023-01-20,2,Sword & Shield,sword-shield,crown-zenith,80,3671,https://images.tcggo.com/tcggo/storage/3690/eelektrik-crz-48-crown-zenith-pokemon.png,https://www.tcggo.com/external/cm/3671,https://www.tcggo.com/external/tcgplayer/3671,Eelektrik,Eelektrik 48,0.03,0.03,11206,EUR,[],,,,,,,,,,0.02,0.02,0.02,0.02,0.02,0.02,0.02,0.02,0.02,0.02,,,,,,,,,,,,,,,,,,,,,,,,,,,,,,,,,,,,,,,,,,,,,,,,,,EUR,0.26,0.09,Uncommon,eelektrik,Pokémon,https://www.tcggo.com/pokemon/crown-zenith/eelektrik-48,swsh12pt5-48,478157,singles
2026-08-23T17:19:56+02:00,,368,Oswaldo KATO,oswaldo-kato,CRZ 49,49,691766,159,160,CRZ,Pokémon,pokemon,21,https://images.tcggo.com/tcggo/storage/3641/crown-zenith-logo.png,Crown Zenith,EUR,2208.81,EUR,1760.77,2023-01-20,2,Sword & Shield,sword-shield,crown-zenith,70,3672,https://images.tcggo.com/tcggo/storage/3691/helioptile-crz-49-crown-zenith-pokemon.png,https://www.tcggo.com/external/cm/3672,https://www.tcggo.com/external/tcgplayer/3672,Helioptile,Helioptile 49,0.03,0.04,13331,EUR,[],,,,,,,,,,0.02,0.02,0.02,0.02,0.02,0.02,0.02,0.02,0.02,0.02,,,,,,,,,,,,,,,,,,,,,,,,,,,,,,,,,,,,,,,,,,,,,,,,,,EUR,0.29,0.09,Common,helioptile,Pokémon,https://www.tcggo.com/pokemon/crown-zenith/helioptile-49,swsh12pt5-49,478158,singles
2026-08-23T17:19:56+02:00,,426,Akira Komayama,akira-komayama,CRZ 50,50,691767,159,160,CRZ,Pokémon,pokemon,21,https://images.tcggo.com/tcggo/storage/3641/crown-zenith-logo.png,Crown Zenith,EUR,2208.81,EUR,1760.77,2023-01-20,2,Sword & Shield,sword-shield,crown-zenith,120,3673,https://images.tcggo.com/tcggo/storage/3692/heliolisk-crz-50-crown-zenith-pokemon.png,https://www.tcggo.com/external/cm/3673,https://www.tcggo.com/external/tcgplayer/3673,Heliolisk,Heliolisk 50,0.09,0.11,3048,EUR,[],,,,,,,,,,0.02,0.02,0.02,0.02,0.02,0.02,0.02,0.02,0.02,0.02,,,,,,,,,,,,,,,,,,,,,,,,,,,,,,,,,,,,,,,,,,,,,,,,,,EUR,0.24,0.13,rare,heliolisk,Pokémon,https://www.tcggo.com/pokemon/crown-zenith/heliolisk-50,swsh12pt5-50,478160,singles
2026-08-23T17:19:56+02:00,,482,Mizue,mizue,CRZ 51,51,691768,159,160,CRZ,Pokémon,pokemon,21,https://images.tcggo.com/tcggo/storage/3641/crown-zenith-logo.png,Crown Zenith,EUR,2208.81,EUR,1760.77,2023-01-20,2,Sword & Shield,sword-shield,crown-zenith,90,3674,https://images.tcggo.com/tcggo/storage/3693/radiant-charjabug-crz-51-crown-zenith-pokemon.png,https://www.tcggo.com/external/cm/3674,https://www.tcggo.com/external/tcgplayer/3674,Radiant Charjabug,Radiant Charjabug 51,0.58,0.48,2495,EUR,[],,,,,,,,,,0.05,0.1,0.1,0.05,0.05,0.05,0.09,0.09,0.02,0.02,,,,,,,,,,,,,,,,,,,,,,,,,,,,,,,,,,,,,,,,,,,,,,,,,,EUR,0.63,0.44,Radiant Rare,radiant-charjabug,Pokémon,https://www.tcggo.com/pokemon/crown-zenith/radiant-charjabug-51,swsh12pt5-51,477055,singles
2026-08-23T17:19:56+02:00,,359,HYOGONOSUKE,hyogonosuke,CRZ 52,52,691769,159,160,CRZ,Pokémon,pokemon,21,https://images.tcggo.com/tcggo/storage/3641/crown-zenith-logo.png,Crown Zenith,EUR,2208.81,EUR,1760.77,2023-01-20,2,Sword & Shield,sword-shield,crown-zenith,120,3675,https://images.tcggo.com/tcggo/storage/3694/zeraora-crz-52-crown-zenith-pokemon.png,https://www.tcggo.com/external/cm/3675,https://www.tcggo.com/external/tcgplayer/3675,Zeraora,Zeraora 52,0.12,0.19,3630,EUR,[],,,,,,,,,,0.02,0.02,0.02,0.02,0.02,0.02,0.02,0.02,0.02,0.02,,,,,,,,,,,,,,,,,,,,,,,,,,,,,,,,,,,,,,,,,,,,,,,,,,EUR,0.33,0.14,rare,zeraora,Pokémon,https://www.tcggo.com/pokemon/crown-zenith/zeraora-52,swsh12pt5-52,478162,singles
2026-08-23T17:19:56+02:00,,380,5ban Graphics,5ban-graphics,CRZ 53,53,691770,159,160,CRZ,Pokémon,pokemon,21,https://images.tcggo.com/tcggo/storage/3641/crown-zenith-logo.png,Crown Zenith,EUR,2208.81,EUR,1760.77,2023-01-20,2,Sword & Shield,sword-shield,crown-zenith,210,3676,https://images.tcggo.com/tcggo/storage/3695/zeraora-v-crz-53-crown-zenith-pokemon.png,https://www.tcggo.com/external/cm/3676,https://www.tcggo.com/external/tcgplayer/3676,Zeraora V,Zeraora V 53,1.08,0.97,923,EUR,[],,,,,,,,,,0.5,0.5,0.5,0.8,0.8,0.5,1,1,0.3,0.3,,,,,,,,,,,,,,,,,,,,,,,,,,,,,,,,,,,,,,,,,,,,,,,,,,EUR,0.74,0.85,Rare Holo V,zeraora-v,Pokémon,https://www.tcggo.com/pokemon/crown-zenith/zeraora-v-53,swsh12pt5-53,478164,singles
2026-08-23T17:19:56+02:00,,395,Nisota Niso,nisota-niso,CRZ 54,54,691771,159,160,CRZ,Pokémon,pokemon,21,https://images.tcggo.com/tcggo/storage/3641/crown-zenith-logo.png,Crown Zenith,EUR,2208.81,EUR,1760.77,2023-01-20,2,Sword & Shield,sword-shield,crown-zenith,320,3677,https://images.tcggo.com/tcggo/storage/3696/zeraora-vmax-crz-54-crown-zenith-pokemon.png,https://www.tcggo.com/external/cm/3677,https://www.tcggo.com/external/tcgplayer/3677,Zeraora VMAX,Zeraora VMAX 54,2.82,3.02,312,EUR,[],,,,,,,,,,1.9,1.99,1.99,2,2,1.9,4,4,1.24,1.24,,,,,,,,,,,,,,,,,,,,,,,,,,,,,,,,,,,,,,,,,,,,,,,,,,EUR,2.56,2.05,Rare Holo VMAX,zeraora-vmax,Pokémon,https://www.tcggo.com/pokemon/crown-zenith/zeraora-vmax-54,swsh12pt5-54,478168,singles
2026-08-23T17:19:56+02:00,,371,aky CG Works,aky-cg-works,CRZ 55,55,691772,159,160,CRZ,Pokémon,pokemon,21,https://images.tcggo.com/tcggo/storage/3641/crown-zenith-logo.png,Crown Zenith,EUR,2208.81,EUR,1760.77,2023-01-20,2,Sword & Shield,sword-shield,crown-zenith,270,3678,https://images.tcggo.com/tcggo/storage/3697/zeraora-vstar-crz-55-crown-zenith-pokemon.png,https://www.tcggo.com/external/cm/3678,https://www.tcggo.com/external/tcgplayer/3678,Zeraora VSTAR,Zeraora VSTAR 55,2.44,2.52,354,EUR,[],,,,,,,,,,1.39,1.5,1.5,2.5,2.5,1.39,1.5,1.5,0.99,0.99,,,,,,,,,,,,,,,,,,,,,,,,,,,,,,,,,,,,,,,,,,,,,,,,,,EUR,1.43,1.57,Rare Holo VSTAR,zeraora-vstar,Pokémon,https://www.tcggo.com/pokemon/crown-zenith/zeraora-vstar-55,swsh12pt5-55,478169,singles
2026-08-23T17:19:56+02:00,,360,Saya Tsuruta,saya-tsuruta,CRZ 56,56,691773,159,160,CRZ,Pokémon,pokemon,21,https://images.tcggo.com/tcggo/storage/3641/crown-zenith-logo.png,Crown Zenith,EUR,2208.81,EUR,1760.77,2023-01-20,2,Sword & Shield,sword-shield,crown-zenith,80,3679,https://images.tcggo.com/tcggo/storage/3698/pincurchin-crz-56-crown-zenith-pokemon.png,https://www.tcggo.com/external/cm/3679,https://www.tcggo.com/external/tcgplayer/3679,Pincurchin,Pincurchin 56,0.03,0.05,10779,EUR,[],,,,,,,,,,0.02,0.02,0.02,0.02,0.02,0.02,0.02,0.02,0.02,0.02,,,,,,,,,,,,,,,,,,,,,,,,,,,,,,,,,,,,,,,,,,,,,,,,,,EUR,0.32,0.1,Uncommon,pincurchin,Pokémon,https://www.tcggo.com/pokemon/crown-zenith/pincurchin-56,swsh12pt5-56,478170,singles
2026-08-23T17:19:56+02:00,,546,zig,zig,CRZ 57,57,691774,159,160,CRZ,Pokémon,pokemon,21,https://images.tcggo.com/tcggo/storage/3641/crown-zenith-logo.png,Crown Zenith,EUR,2208.81,EUR,1760.77,2023-01-20,2,Sword & Shield,sword-shield,crown-zenith,60,3680,https://images.tcggo.com/tcggo/storage/3699/exeggcute-crz-57-crown-zenith-pokemon.png,https://www.tcggo.com/external/cm/3680,https://www.tcggo.com/external/tcgplayer/3680,Exeggcute,Exeggcute 57,0.03,0.03,13189,EUR,[],,,,,,,,,,0.02,0.02,0.02,0.02,0.02,0.02,0.02,0.02,0.02,0.02,,,,,,,,,,,,,,,,,,,,,,,,,,,,,,,,,,,,,,,,,,,,,,,,,,EUR,0.32,0.09,Common,exeggcute,Pokémon,https://www.tcggo.com/pokemon/crown-zenith/exeggcute-57,swsh12pt5-57,478171,singles
2026-08-23T17:19:56+02:00,,364,Toshinao Aoki,toshinao-aoki,CRZ 58,58,691775,159,160,CRZ,Pokémon,pokemon,21,https://images.tcggo.com/tcggo/storage/3641/crown-zenith-logo.png,Crown Zenith,EUR,2208.81,EUR,1760.77,2023-01-20,2,Sword & Shield,sword-shield,crown-zenith,130,3681,https://images.tcggo.com/tcggo/storage/3700/exeggutor-crz-58-crown-zenith-pokemon.png,https://www.tcggo.com/external/cm/3681,https://www.tcggo.com/external/tcgplayer/3681,Exeggutor,Exeggutor 58,0.17,0.27,3075,EUR,[],,,,,,,,,,0.02,0.02,0.02,0.02,0.02,0.02,0.02,0.02,0.02,0.02,,,,,,,,,,,,,,,,,,,,,,,,,,,,,,,,,,,,,,,,,,,,,,,,,,EUR,0.33,0.15,rare,exeggutor,Pokémon,https://www.tcggo.com/pokemon/crown-zenith/exeggutor-58,swsh12pt5-58,478172,singles
2026-08-23T17:19:56+02:00,,460,Atsushi Furusawa,atsushi-furusawa,CRZ 59,59,691776,159,160,CRZ,Pokémon,pokemon,21,https://images.tcggo.com/tcggo/storage/3641/crown-zenith-logo.png,Crown Zenith,EUR,2208.81,EUR,1760.77,2023-01-20,2,Sword & Shield,sword-shield,crown-zenith,130,3682,https://images.tcggo.com/tcggo/storage/3701/mewtwo-crz-59-crown-zenith-pokemon.png,https://www.tcggo.com/external/cm/3682,https://www.tcggo.com/external/tcgplayer/3682,Mewtwo,Mewtwo 59,1.47,1.41,345,EUR,[],,,,,,,,,,0.99,0.9,1.34,0.1,0.1,0.99,1.5,1.5,0.49,0.49,,,,,,,,,,,,,,,,,,,,,,,,,,,,,,,,,,,,,,,,,,,,,,,,,,EUR,2.95,1.16,Rare Holo,mewtwo,Pokémon,https://www.tcggo.com/pokemon/crown-zenith/mewtwo-59-1,swsh12pt5-59,478173,singles
2026-08-23T17:19:56+02:00,,511,PLANETA Igarashi,planeta-igarashi,CRZ 60,60,691777,159,160,CRZ,Pokémon,pokemon,21,https://images.tcggo.com/tcggo/storage/3641/crown-zenith-logo.png,Crown Zenith,EUR,2208.81,EUR,1760.77,2023-01-20,2,Sword & Shield,sword-shield,crown-zenith,180,3683,https://images.tcggo.com/tcggo/storage/3702/mew-v-crz-60-crown-zenith-pokemon.png,https://www.tcggo.com/external/cm/3683,https://www.tcggo.com/external/tcgplayer/3683,Mew V,Mew V 60,4.28,4.01,286,EUR,[],,,,,,,,,,3.5,3.99,3.99,3.5,3.5,3.5,3.8,3.8,1.17,1.17,,,,,,,,,,,,,,,,,,,,,,,,,,,,,,,,,,,,,,,,,,,,,,,,,,EUR,5.28,3.84,Rare Holo V,mew-v,Pokémon,https://www.tcggo.com/pokemon/crown-zenith/mew-v-60,swsh12pt5-60,478175,singles
2026-08-23T17:19:56+02:00,,416,Mina Nakai,mina-nakai,CRZ 61,61,691778,159,160,CRZ,Pokémon,pokemon,21,https://images.tcggo.com/tcggo/storage/3641/crown-zenith-logo.png,Crown Zenith,EUR,2208.81,EUR,1760.77,2023-01-20,2,Sword & Shield,sword-shield,crown-zenith,90,3684,https://images.tcggo.com/tcggo/storage/3703/girafarig-crz-61-crown-zenith-pokemon.png,https://www.tcggo.com/external/cm/3684,https://www.tcggo.com/external/tcgplayer/3684,Girafarig,Girafarig 61,0.03,0.03,10850,EUR,[],,,,,,,,,,0.02,0.02,0.02,0.02,0.02,0.02,0.02,0.02,0.02,0.02,,,,,,,,,,,,,,,,,,,,,,,,,,,,,,,,,,,,,,,,,,,,,,,,,,EUR,0.28,0.09,Uncommon,girafarig,Pokémon,https://www.tcggo.com/pokemon/crown-zenith/girafarig-61,swsh12pt5-61,478177,singles
2026-08-23T17:19:56+02:00,,406,Narumi Sato,narumi-sato,CRZ 62,62,691779,159,160,CRZ,Pokémon,pokemon,21,https://images.tcggo.com/tcggo/storage/3641/crown-zenith-logo.png,Crown Zenith,EUR,2208.81,EUR,1760.77,2023-01-20,2,Sword & Shield,sword-shield,crown-zenith,90,3685,https://images.tcggo.com/tcggo/storage/3704/lunatone-crz-62-crown-zenith-pokemon.png,https://www.tcggo.com/external/cm/3685,https://www.tcggo.com/external/tcgplayer/3685,Lunatone,Lunatone 62,0.03,0.04,10490,EUR,[],,,,,,,,,,0.02,0.02,0.02,0.02,0.02,0.02,0.02,0.02,0.02,0.02,,,,,,,,,,,,,,,,,,,,,,,,,,,,,,,,,,,,,,,,,,,,,,,,,,EUR,0.32,0.09,Uncommon,lunatone,Pokémon,https://www.tcggo.com/pokemon/crown-zenith/lunatone-62,swsh12pt5-62,478179,singles
2026-08-23T17:19:56+02:00,,429,DOM,dom,CRZ 63,63,691780,159,160,CRZ,Pokémon,pokemon,21,https://images.tcggo.com/tcggo/storage/3641/crown-zenith-logo.png,Crown Zenith,EUR,2208.81,EUR,1760.77,2023-01-20,2,Sword & Shield,sword-shield,crown-zenith,90,3686,https://images.tcggo.com/tcggo/storage/3705/dusclops-crz-63-crown-zenith-pokemon.png,https://www.tcggo.com/external/cm/3686,https://www.tcggo.com/external/tcgplayer/3686,Dusclops,Dusclops 63,0.04,0.06,11171,EUR,[],,,,,,,,,,0.02,0.02,0.02,0.02,0.02,0.02,0.02,0.02,0.02,0.02,,,,,,,,,,,,,,,,,,,,,,,,,,,,,,,,,,,,,,,,,,,,,,,,,,EUR,0.33,0.09,Uncommon,dusclops,Pokémon,https://www.tcggo.com/pokemon/crown-zenith/dusclops-63,swsh12pt5-63,478180,singles
2026-08-23T17:19:56+02:00,,360,Saya Tsuruta,saya-tsuruta,CRZ 64,64,691781,159,160,CRZ,Pokémon,pokemon,21,https://images.tcggo.com/tcggo/storage/3641/crown-zenith-logo.png,Crown Zenith,EUR,2208.81,EUR,1760.77,2023-01-20,2,Sword & Shield,sword-shield,crown-zenith,110,3687,https://images.tcggo.com/tcggo/storage/3707/tapu-lele-crz-64-crown-zenith-pokemon.png,https://www.tcggo.com/external/cm/3687,https://www.tcggo.com/external/tcgplayer/3687,Tapu Lele,Tapu Lele 64,0.42,0.53,983,EUR,[],,,,,,,,,,0.05,0.1,0.12,0.15,0.15,0.05,0.05,0.05,0.03,0.03,,,,,,,,,,,,,,,,,,,,,,,,,,,,,,,,,,,,,,,,,,,,,,,,,,EUR,0.4,0.27,Rare Holo,tapu-lele,Pokémon,https://www.tcggo.com/pokemon/crown-zenith/tapu-lele-64,swsh12pt5-64,478183,singles
2026-08-23T17:19:56+02:00,,408,kawayoo,kawayoo,CRZ 65,65,691782,159,160,CRZ,Pokémon,pokemon,21,https://images.tcggo.com/tcggo/storage/3641/crown-zenith-logo.png,Crown Zenith,EUR,2208.81,EUR,1760.77,2023-01-20,2,Sword & Shield,sword-shield,crown-zenith,200,3688,https://images.tcggo.com/tcggo/storage/3706/hatterene-v-crz-65-crown-zenith-pokemon.png,https://www.tcggo.com/external/cm/3688,https://www.tcggo.com/external/tcgplayer/3688,Hatterene V,Hatterene V 65,0.89,0.76,949,EUR,[],,,,,,,,,,0.35,0.39,0.39,0.5,0.5,0.35,0.8,0.8,0.2,0.2,,,,,,,,,,,,,,,,,,,,,,,,,,,,,,,,,,,,,,,,,,,,,,,,,,EUR,0.74,0.85,Rare Holo V,hatterene-v,Pokémon,https://www.tcggo.com/pokemon/crown-zenith/hatterene-v-65,swsh12pt5-65,478185,singles
2026-08-23T17:19:56+02:00,,380,5ban Graphics,5ban-graphics,CRZ 66,66,691783,159,160,CRZ,Pokémon,pokemon,21,https://images.tcggo.com/tcggo/storage/3641/crown-zenith-logo.png,Crown Zenith,EUR,2208.81,EUR,1760.77,2023-01-20,2,Sword & Shield,sword-shield,crown-zenith,320,3689,https://images.tcggo.com/tcggo/storage/3708/hatterene-vmax-crz-66-crown-zenith-pokemon.png,https://www.tcggo.com/external/cm/3689,https://www.tcggo.com/external/tcgplayer/3689,Hatterene VMAX,Hatterene VMAX 66,1.55,1.35,546,EUR,[],,,,,,,,,,1,1,1,0.99,0.99,1,2,2,0.48,0.48,,,,,,,,,,,,,,,,,,,,,,,,,,,,,,,,,,,,,,,,,,,,,,,,,,EUR,1.59,1.71,Rare Holo VMAX,hatterene-vmax,Pokémon,https://www.tcggo.com/pokemon/crown-zenith/hatterene-vmax-66,swsh12pt5-66,477468,singles
2026-08-23T17:19:56+02:00,,535,Jiro Sasumo,jiro-sasumo,CRZ 67,67,691785,159,160,CRZ,Pokémon,pokemon,21,https://images.tcggo.com/tcggo/storage/3641/crown-zenith-logo.png,Crown Zenith,EUR,2208.81,EUR,1760.77,2023-01-20,2,Sword & Shield,sword-shield,crown-zenith,120,3690,https://images.tcggo.com/tcggo/storage/3709/enamorus-crz-67-crown-zenith-pokemon.png,https://www.tcggo.com/external/cm/3690,https://www.tcggo.com/external/tcgplayer/3690,Enamorus,Enamorus 67,0.12,0.16,3347,EUR,[],,,,,,,,,,0.02,0.02,0.02,0.02,0.02,0.02,0.02,0.02,0.02,0.02,,,,,,,,,,,,,,,,,,,,,,,,,,,,,,,,,,,,,,,,,,,,,,,,,,EUR,0.32,0.16,rare,enamorus,Pokémon,https://www.tcggo.com/pokemon/crown-zenith/enamorus-67,swsh12pt5-67,478189,singles
2026-08-23T17:19:56+02:00,,434,AKIRA EGAWA,akira-egawa,CRZ 68,68,691786,159,160,CRZ,Pokémon,pokemon,21,https://images.tcggo.com/tcggo/storage/3641/crown-zenith-logo.png,Crown Zenith,EUR,2208.81,EUR,1760.77,2023-01-20,2,Sword & Shield,sword-shield,crown-zenith,110,3691,https://images.tcggo.com/tcggo/storage/3710/graveler-crz-68-crown-zenith-pokemon.png,https://www.tcggo.com/external/cm/3691,https://www.tcggo.com/external/tcgplayer/3691,Graveler,Graveler 68,0.04,0.05,10214,EUR,[],,,,,,,,,,0.02,0.02,0.02,0.02,0.02,0.02,0.02,0.02,0.02,0.02,,,,,,,,,,,,,,,,,,,,,,,,,,,,,,,,,,,,,,,,,,,,,,,,,,EUR,0.21,0.09,Uncommon,graveler,Pokémon,https://www.tcggo.com/pokemon/crown-zenith/graveler-68,swsh12pt5-68,478193,singles
2026-08-23T17:19:56+02:00,,394,OKACHEKE,okacheke,CRZ 69,69,691787,159,160,CRZ,Pokémon,pokemon,21,https://images.tcggo.com/tcggo/storage/3641/crown-zenith-logo.png,Crown Zenith,EUR,2208.81,EUR,1760.77,2023-01-20,2,Sword & Shield,sword-shield,crown-zenith,90,3692,https://images.tcggo.com/tcggo/storage/3711/solrock-crz-69-crown-zenith-pokemon.png,https://www.tcggo.com/external/cm/3692,https://www.tcggo.com/external/tcgplayer/3692,Solrock,Solrock 69,0.03,0.04,10628,EUR,[],,,,,,,,,,0.02,0.02,0.02,0.02,0.02,0.02,0.02,0.02,0.02,0.02,,,,,,,,,,,,,,,,,,,,,,,,,,,,,,,,,,,,,,,,,,,,,,,,,,EUR,0.26,0.09,Uncommon,solrock,Pokémon,https://www.tcggo.com/pokemon/crown-zenith/solrock-69,swsh12pt5-69,478195,singles
2026-08-23T17:19:56+02:00,,534,Nagomi Nijo,nagomi-nijo,CRZ 70,70,691788,159,160,CRZ,Pokémon,pokemon,21,https://images.tcggo.com/tcggo/storage/3641/crown-zenith-logo.png,Crown Zenith,EUR,2208.81,EUR,1760.77,2023-01-20,2,Sword & Shield,sword-shield,crown-zenith,60,3693,https://images.tcggo.com/tcggo/storage/3712/baltoy-crz-70-crown-zenith-pokemon.png,https://www.tcggo.com/external/cm/3693,https://www.tcggo.com/external/tcgplayer/3693,Baltoy,Baltoy 70,0.03,0.04,13490,EUR,[],,,,,,,,,,0.02,0.02,0.02,0.02,0.02,0.02,0.02,0.02,0.02,0.02,,,,,,,,,,,,,,,,,,,,,,,,,,,,,,,,,,,,,,,,,,,,,,,,,,EUR,0.28,0.09,Common,baltoy,Pokémon,https://www.tcggo.com/pokemon/crown-zenith/baltoy-70,swsh12pt5-70,478197,singles
2026-08-23T17:19:56+02:00,,398,Taira Akitsu,taira-akitsu,CRZ 71,71,691789,159,160,CRZ,Pokémon,pokemon,21,https://images.tcggo.com/tcggo/storage/3641/crown-zenith-logo.png,Crown Zenith,EUR,2208.81,EUR,1760.77,2023-01-20,2,Sword & Shield,sword-shield,crown-zenith,60,3694,https://images.tcggo.com/tcggo/storage/3713/riolu-crz-71-crown-zenith-pokemon.png,https://www.tcggo.com/external/cm/3694,https://www.tcggo.com/external/tcgplayer/3694,Riolu,Riolu 71,0.03,0.05,13068,EUR,[],,,,,,,,,,0.02,0.02,0.02,0.02,0.02,0.02,0.02,0.02,0.02,0.02,,,,,,,,,,,,,,,,,,,,,,,,,,,,,,,,,,,,,,,,,,,,,,,,,,EUR,0.32,0.1,Common,riolu,Pokémon,https://www.tcggo.com/pokemon/crown-zenith/riolu-71,swsh12pt5-71,478199,singles
2026-08-23T17:19:56+02:00,,379,Sanosuke Sakuma,sanosuke-sakuma,CRZ 72,72,691790,159,160,CRZ,Pokémon,pokemon,21,https://images.tcggo.com/tcggo/storage/3641/crown-zenith-logo.png,Crown Zenith,EUR,2208.81,EUR,1760.77,2023-01-20,2,Sword & Shield,sword-shield,crown-zenith,70,3695,https://images.tcggo.com/tcggo/storage/3714/pancham-crz-72-crown-zenith-pokemon.png,https://www.tcggo.com/external/cm/3695,https://www.tcggo.com/external/tcgplayer/3695,Pancham,Pancham 72,0.03,0.03,12997,EUR,[],,,,,,,,,,0.02,0.02,0.02,0.02,0.02,0.02,0.02,0.02,0.02,0.02,,,,,,,,,,,,,,,,,,,,,,,,,,,,,,,,,,,,,,,,,,,,,,,,,,EUR,0.28,0.09,Common,pancham,Pokémon,https://www.tcggo.com/pokemon/crown-zenith/pancham-72,swsh12pt5-72,478201,singles
2026-08-23T17:19:56+02:00,,394,OKACHEKE,okacheke,CRZ 73,73,691791,159,160,CRZ,Pokémon,pokemon,21,https://images.tcggo.com/tcggo/storage/3641/crown-zenith-logo.png,Crown Zenith,EUR,2208.81,EUR,1760.77,2023-01-20,2,Sword & Shield,sword-shield,crown-zenith,60,3696,https://images.tcggo.com/tcggo/storage/3715/rockruff-crz-73-crown-zenith-pokemon.png,https://www.tcggo.com/external/cm/3696,https://www.tcggo.com/external/tcgplayer/3696,Rockruff,Rockruff 73,0.03,0.03,12970,EUR,[],,,,,,,,,,0.02,0.02,0.02,0.02,0.02,0.02,0.02,0.02,0.02,0.02,,,,,,,,,,,,,,,,,,,,,,,,,,,,,,,,,,,,,,,,,,,,,,,,,,EUR,0.39,0.11,Common,rockruff,Pokémon,https://www.tcggo.com/pokemon/crown-zenith/rockruff-73,swsh12pt5-73,478204,singles
2026-08-23T17:19:56+02:00,,414,kodama,kodama,CRZ 74,74,691792,159,160,CRZ,Pokémon,pokemon,21,https://images.tcggo.com/tcggo/storage/3641/crown-zenith-logo.png,Crown Zenith,EUR,2208.81,EUR,1760.77,2023-01-20,2,Sword & Shield,sword-shield,crown-zenith,120,3697,https://images.tcggo.com/tcggo/storage/3716/lycanroc-crz-74-crown-zenith-pokemon.png,https://www.tcggo.com/external/cm/3697,https://www.tcggo.com/external/tcgplayer/3697,Lycanroc,Lycanroc 74,0.07,0.1,3717,EUR,[],,,,,,,,,,0.02,0.02,0.02,0.02,0.02,0.02,0.02,0.02,0.02,0.02,,,,,,,,,,,,,,,,,,,,,,,,,,,,,,,,,,,,,,,,,,,,,,,,,,EUR,0.27,0.15,rare,lycanroc,Pokémon,https://www.tcggo.com/pokemon/crown-zenith/lycanroc-74,swsh12pt5-74,478207,singles
2026-08-23T17:19:56+02:00,,449,miki kudo,miki-kudo,CRZ 75,75,691793,159,160,CRZ,Pokémon,pokemon,21,https://images.tcggo.com/tcggo/storage/3641/crown-zenith-logo.png,Crown Zenith,EUR,2208.81,EUR,1760.77,2023-01-20,2,Sword & Shield,sword-shield,crown-zenith,70,3698,https://images.tcggo.com/tcggo/storage/3717/koffing-crz-75-crown-zenith-pokemon.png,https://www.tcggo.com/external/cm/3698,https://www.tcggo.com/external/tcgplayer/3698,Koffing,Koffing 75,0.03,0.04,13041,EUR,[],,,,,,,,,,0.02,0.02,0.02,0.02,0.02,0.02,0.02,0.02,0.02,0.02,,,,,,,,,,,,,,,,,,,,,,,,,,,,,,,,,,,,,,,,,,,,,,,,,,EUR,0.27,0.09,Common,koffing,Pokémon,https://www.tcggo.com/pokemon/crown-zenith/koffing-75,swsh12pt5-75,478208,singles
2026-08-23T17:19:56+02:00,,443,Shiburingaru,shiburingaru,CRZ 76,76,691794,159,160,CRZ,Pokémon,pokemon,21,https://images.tcggo.com/tcggo/storage/3641/crown-zenith-logo.png,Crown Zenith,EUR,2208.81,EUR,1760.77,2023-01-20,2,Sword & Shield,sword-shield,crown-zenith,100,3699,https://images.tcggo.com/tcggo/storage/3718/absol-crz-76-crown-zenith-pokemon.png,https://www.tcggo.com/external/cm/3699,https://www.tcggo.com/external/tcgplayer/3699,Absol,Absol 76,5.58,5.77,173,EUR,[],,,,,,,,,,0.02,0.15,0.15,0.05,0.05,0.02,0.54,0.54,0.02,0.02,,,,,,,,,,,,,,,,,,,,,,,,,,,,,,,,,,,,,,,,,,,,,,,,,,EUR,0.5,0.27,Rare Holo,absol,Pokémon,https://www.tcggo.com/pokemon/crown-zenith/absol-76,swsh12pt5-76,478212,singles
2026-08-23T17:19:56+02:00,,440,Shibuzoh.,shibuzoh,CRZ 77,77,691795,159,160,CRZ,Pokémon,pokemon,21,https://images.tcggo.com/tcggo/storage/3641/crown-zenith-logo.png,Crown Zenith,EUR,2208.81,EUR,1760.77,2023-01-20,2,Sword & Shield,sword-shield,crown-zenith,60,3700,https://images.tcggo.com/tcggo/storage/3719/purrloin-crz-77-crown-zenith-pokemon.png,https://www.tcggo.com/external/cm/3700,https://www.tcggo.com/external/tcgplayer/3700,Purrloin,Purrloin 77,0.03,0.02,13197,EUR,[],,,,,,,,,,0.02,0.02,0.02,0.02,0.02,0.02,0.02,0.02,0.02,0.02,,,,,,,,,,,,,,,,,,,,,,,,,,,,,,,,,,,,,,,,,,,,,,,,,,EUR,0.37,0.09,Common,purrloin,Pokémon,https://www.tcggo.com/pokemon/crown-zenith/purrloin-77,swsh12pt5-77,478215,singles
2026-08-23T17:19:56+02:00,,382,KEIICHIRO ITO,keiichiro-ito,CRZ 78,78,691796,159,160,CRZ,Pokémon,pokemon,21,https://images.tcggo.com/tcggo/storage/3641/crown-zenith-logo.png,Crown Zenith,EUR,2208.81,EUR,1760.77,2023-01-20,2,Sword & Shield,sword-shield,crown-zenith,100,3701,https://images.tcggo.com/tcggo/storage/3720/liepard-crz-78-crown-zenith-pokemon.png,https://www.tcggo.com/external/cm/3701,https://www.tcggo.com/external/tcgplayer/3701,Liepard,Liepard 78,0.1,0.15,2980,EUR,[],,,,,,,,,,0.02,0.02,0.02,0.02,0.02,0.02,0.02,0.02,0.02,0.02,,,,,,,,,,,,,,,,,,,,,,,,,,,,,,,,,,,,,,,,,,,,,,,,,,EUR,0.29,0.13,rare,liepard,Pokémon,https://www.tcggo.com/pokemon/crown-zenith/liepard-78,swsh12pt5-78,478217,singles
2026-08-23T17:19:56+02:00,,521,Shin Nagasawa,shin-nagasawa,CRZ 79,79,691797,159,160,CRZ,Pokémon,pokemon,21,https://images.tcggo.com/tcggo/storage/3641/crown-zenith-logo.png,Crown Zenith,EUR,2208.81,EUR,1760.77,2023-01-20,2,Sword & Shield,sword-shield,crown-zenith,90,3702,https://images.tcggo.com/tcggo/storage/3721/krokorok-crz-79-crown-zenith-pokemon.png,https://www.tcggo.com/external/cm/3702,https://www.tcggo.com/external/tcgplayer/3702,Krokorok,Krokorok 79,0.03,0.03,10768,EUR,[],,,,,,,,,,0.02,0.02,0.02,0.02,0.02,0.02,0.02,0.02,0.02,0.02,,,,,,,,,,,,,,,,,,,,,,,,,,,,,,,,,,,,,,,,,,,,,,,,,,EUR,0.29,0.09,Uncommon,krokorok,Pokémon,https://www.tcggo.com/pokemon/crown-zenith/krokorok-79,swsh12pt5-79,478218,singles
2026-08-23T17:19:56+02:00,,428,Uta,uta,CRZ 80,80,691798,159,160,CRZ,Pokémon,pokemon,21,https://images.tcggo.com/tcggo/storage/3641/crown-zenith-logo.png,Crown Zenith,EUR,2208.81,EUR,1760.77,2023-01-20,2,Sword & Shield,sword-shield,crown-zenith,140,3703,https://images.tcggo.com/tcggo/storage/3722/pangoro-crz-80-crown-zenith-pokemon.png,https://www.tcggo.com/external/cm/3703,https://www.tcggo.com/external/tcgplayer/3703,Pangoro,Pangoro 80,0.08,0.07,2942,EUR,[],,,,,,,,,,0.02,0.02,0.02,0.02,0.02,0.02,0.02,0.02,0.02,0.02,,,,,,,,,,,,,,,,,,,,,,,,,,,,,,,,,,,,,,,,,,,,,,,,,,EUR,0.27,0.13,rare,pangoro,Pokémon,https://www.tcggo.com/pokemon/crown-zenith/pangoro-80,swsh12pt5-80,478219,singles
2026-08-23T17:19:56+02:00,,441,Tomokazu Komiya,tomokazu-komiya,CRZ 81,81,691799,159,160,CRZ,Pokémon,pokemon,21,https://images.tcggo.com/tcggo/storage/3641/crown-zenith-logo.png,Crown Zenith,EUR,2208.81,EUR,1760.77,2023-01-20,2,Sword & Shield,sword-shield,crown-zenith,60,3704,https://images.tcggo.com/tcggo/storage/3723/skrelp-crz-81-crown-zenith-pokemon.png,https://www.tcggo.com/external/cm/3704,https://www.tcggo.com/external/tcgplayer/3704,Skrelp,Skrelp 81,0.04,0.04,12345,EUR,[],,,,,,,,,,0.02,0.02,0.02,0.02,0.02,0.02,0.02,0.02,0.02,0.02,,,,,,,,,,,,,,,,,,,,,,,,,,,,,,,,,,,,,,,,,,,,,,,,,,EUR,0.33,0.11,Common,skrelp,Pokémon,https://www.tcggo.com/pokemon/crown-zenith/skrelp-81,swsh12pt5-81,478220,singles
2026-08-23T17:19:56+02:00,,536,NC Empire,nc-empire,CRZ 82,82,691800,159,160,CRZ,Pokémon,pokemon,21,https://images.tcggo.com/tcggo/storage/3641/crown-zenith-logo.png,Crown Zenith,EUR,2208.81,EUR,1760.77,2023-01-20,2,Sword & Shield,sword-shield,crown-zenith,120,3705,https://images.tcggo.com/tcggo/storage/3724/dragalge-crz-82-crown-zenith-pokemon.png,https://www.tcggo.com/external/cm/3705,https://www.tcggo.com/external/tcgplayer/3705,Dragalge,Dragalge 82,0.16,0.14,2319,EUR,[],,,,,,,,,,0.02,0.02,0.02,0.02,0.02,0.02,0.02,0.02,0.02,0.02,,,,,,,,,,,,,,,,,,,,,,,,,,,,,,,,,,,,,,,,,,,,,,,,,,EUR,0.32,0.15,rare,dragalge,Pokémon,https://www.tcggo.com/pokemon/crown-zenith/dragalge-82,swsh12pt5-82,478222,singles
2026-08-23T17:19:56+02:00,,377,Souichirou Gunjima,souichirou-gunjima,CRZ 83,83,691801,159,160,CRZ,Pokémon,pokemon,21,https://images.tcggo.com/tcggo/storage/3641/crown-zenith-logo.png,Crown Zenith,EUR,2208.81,EUR,1760.77,2023-01-20,2,Sword & Shield,sword-shield,crown-zenith,120,3706,https://images.tcggo.com/tcggo/storage/3725/hoopa-crz-83-crown-zenith-pokemon.png,https://www.tcggo.com/external/cm/3706,https://www.tcggo.com/external/tcgplayer/3706,Hoopa,Hoopa 83,0.34,0.29,1067,EUR,[],,,,,,,,,,0.07,0.05,0.05,0.1,0.1,0.07,0.3,0.3,0.03,0.03,,,,,,,,,,,,,,,,,,,,,,,,,,,,,,,,,,,,,,,,,,,,,,,,,,EUR,0.32,0.22,Rare Holo,hoopa,Pokémon,https://www.tcggo.com/pokemon/crown-zenith/hoopa-83,swsh12pt5-83,478227,singles
2026-08-23T17:19:56+02:00,,449,miki kudo,miki-kudo,CRZ 84,84,691802,159,160,CRZ,Pokémon,pokemon,21,https://images.tcggo.com/tcggo/storage/3641/crown-zenith-logo.png,Crown Zenith,EUR,2208.81,EUR,1760.77,2023-01-20,2,Sword & Shield,sword-shield,crown-zenith,70,3707,https://images.tcggo.com/tcggo/storage/3726/galarian-meowth-crz-84-crown-zenith-pokemon.png,https://www.tcggo.com/external/cm/3707,https://www.tcggo.com/external/tcgplayer/3707,Galarian Meowth,Galarian Meowth 84,0.04,0.05,12864,EUR,[],,,,,,,,,,0.02,0.02,0.02,0.02,0.02,0.02,0.02,0.02,0.02,0.02,,,,,,,,,,,,,,,,,,,,,,,,,,,,,,,,,,,,,,,,,,,,,,,,,,EUR,0.41,0.11,Common,galarian-meowth,Pokémon,https://www.tcggo.com/pokemon/crown-zenith/galarian-meowth-84,swsh12pt5-84,477163,singles
2026-08-23T17:19:56+02:00,,385,Teeziro,teeziro,CRZ 85,85,691803,159,160,CRZ,Pokémon,pokemon,21,https://images.tcggo.com/tcggo/storage/3641/crown-zenith-logo.png,Crown Zenith,EUR,2208.81,EUR,1760.77,2023-01-20,2,Sword & Shield,sword-shield,crown-zenith,120,3708,https://images.tcggo.com/tcggo/storage/3727/galarian-perrserker-crz-85-crown-zenith-pokemon.png,https://www.tcggo.com/external/cm/3708,https://www.tcggo.com/external/tcgplayer/3708,Galarian Perrserker,Galarian Perrserker 85,0.09,0.08,2868,EUR,[],,,,,,,,,,0.03,0.02,0.02,0.02,0.02,0.02,0.02,0.02,0.02,0.02,,,,,,,,,,,,,,,,,,,,,,,,,,,,,,,,,,,,,,,,,,,,,,,,,,EUR,0.32,0.13,rare,galarian-perrserker,Pokémon,https://www.tcggo.com/pokemon/crown-zenith/galarian-perrserker-85,swsh12pt5-85,478221,singles
2026-08-23T17:19:56+02:00,,414,kodama,kodama,CRZ 86,86,691804,159,160,CRZ,Pokémon,pokemon,21,https://images.tcggo.com/tcggo/storage/3641/crown-zenith-logo.png,Crown Zenith,EUR,2208.81,EUR,1760.77,2023-01-20,2,Sword & Shield,sword-shield,crown-zenith,130,3709,https://images.tcggo.com/tcggo/storage/3728/scizor-crz-86-crown-zenith-pokemon.png,https://www.tcggo.com/external/cm/3709,https://www.tcggo.com/external/tcgplayer/3709,Scizor,Scizor 86,0.12,0.1,3155,EUR,[],,,,,,,,,,0.02,0.02,0.02,0.02,0.02,0.02,0.02,0.02,0.02,0.02,,,,,,,,,,,,,,,,,,,,,,,,,,,,,,,,,,,,,,,,,,,,,,,,,,EUR,0.42,0.15,rare,scizor,Pokémon,https://www.tcggo.com/pokemon/crown-zenith/scizor-86,swsh12pt5-86,478223,singles
2026-08-23T17:19:56+02:00,,381,sowsow,sowsow,CRZ 87,87,691805,159,160,CRZ,Pokémon,pokemon,21,https://images.tcggo.com/tcggo/storage/3641/crown-zenith-logo.png,Crown Zenith,EUR,2208.81,EUR,1760.77,2023-01-20,2,Sword & Shield,sword-shield,crown-zenith,70,3710,https://images.tcggo.com/tcggo/storage/3729/aron-crz-87-crown-zenith-pokemon.png,https://www.tcggo.com/external/cm/3710,https://www.tcggo.com/external/tcgplayer/3710,Aron,Aron 87,0.03,0.03,13128,EUR,[],,,,,,,,,,0.02,0.02,0.02,0.02,0.02,0.02,0.02,0.02,0.02,0.02,,,,,,,,,,,,,,,,,,,,,,,,,,,,,,,,,,,,,,,,,,,,,,,,,,EUR,0.36,0.12,Common,aron,Pokémon,https://www.tcggo.com/pokemon/crown-zenith/aron-87,swsh12pt5-87,478224,singles
2026-08-23T17:19:56+02:00,,416,Mina Nakai,mina-nakai,CRZ 88,88,691806,159,160,CRZ,Pokémon,pokemon,21,https://images.tcggo.com/tcggo/storage/3641/crown-zenith-logo.png,Crown Zenith,EUR,2208.81,EUR,1760.77,2023-01-20,2,Sword & Shield,sword-shield,crown-zenith,90,3711,https://images.tcggo.com/tcggo/storage/3730/lairon-crz-88-crown-zenith-pokemon.png,https://www.tcggo.com/external/cm/3711,https://www.tcggo.com/external/tcgplayer/3711,Lairon,Lairon 88,0.04,0.03,10792,EUR,[],,,,,,,,,,0.03,0.02,0.02,0.02,0.02,0.02,0.02,0.02,0.02,0.02,,,,,,,,,,,,,,,,,,,,,,,,,,,,,,,,,,,,,,,,,,,,,,,,,,EUR,0.27,0.09,Uncommon,lairon,Pokémon,https://www.tcggo.com/pokemon/crown-zenith/lairon-88,swsh12pt5-88,478225,singles
2026-08-23T17:19:56+02:00,,373,GOSSAN,gossan,CRZ 89,89,691807,159,160,CRZ,Pokémon,pokemon,21,https://images.tcggo.com/tcggo/storage/3641/crown-zenith-logo.png,Crown Zenith,EUR,2208.81,EUR,1760.77,2023-01-20,2,Sword & Shield,sword-shield,crown-zenith,180,3712,https://images.tcggo.com/tcggo/storage/3731/aggron-crz-89-crown-zenith-pokemon.png,https://www.tcggo.com/external/cm/3712,https://www.tcggo.com/external/tcgplayer/3712,Aggron,Aggron 89,0.38,0.48,923,EUR,[],,,,,,,,,,0.05,0.1,0.1,0.2,0.2,0.05,0.2,0.2,0.02,0.02,,,,,,,,,,,,,,,,,,,,,,,,,,,,,,,,,,,,,,,,,,,,,,,,,,EUR,0.3,0.24,Rare Holo,aggron,Pokémon,https://www.tcggo.com/pokemon/crown-zenith/aggron-89,swsh12pt5-89,478226,singles
2026-08-23T17:19:56+02:00,,395,Nisota Niso,nisota-niso,CRZ 90,90,691808,159,160,CRZ,Pokémon,pokemon,21,https://images.tcggo.com/tcggo/storage/3641/crown-zenith-logo.png,Crown Zenith,EUR,2208.81,EUR,1760.77,2023-01-20,2,Sword & Shield,sword-shield,crown-zenith,100,3713,https://images.tcggo.com/tcggo/storage/3732/metang-crz-90-crown-zenith-pokemon.png,https://www.tcggo.com/external/cm/3713,https://www.tcggo.com/external/tcgplayer/3713,Metang,Metang 90,0.04,0.02,10984,EUR,[],,,,,,,,,,0.02,0.02,0.02,0.02,0.02,0.02,0.02,0.02,0.02,0.02,,,,,,,,,,,,,,,,,,,,,,,,,,,,,,,,,,,,,,,,,,,,,,,,,,EUR,0.27,0.09,Uncommon,metang,Pokémon,https://www.tcggo.com/pokemon/crown-zenith/metang-90-1,swsh12pt5-90,478228,singles
2026-08-23T17:19:56+02:00,,491,Yuya Oka,yuya-oka,CRZ 91,91,691809,159,160,CRZ,Pokémon,pokemon,21,https://images.tcggo.com/tcggo/storage/3641/crown-zenith-logo.png,Crown Zenith,EUR,2208.81,EUR,1760.77,2023-01-20,2,Sword & Shield,sword-shield,crown-zenith,60,3714,https://images.tcggo.com/tcggo/storage/3733/pawniard-crz-91-crown-zenith-pokemon.png,https://www.tcggo.com/external/cm/3714,https://www.tcggo.com/external/tcgplayer/3714,Pawniard,Pawniard 91,0.03,0.03,13654,EUR,[],,,,,,,,,,0.02,0.02,0.02,0.02,0.02,0.02,0.02,0.02,0.02,0.02,,,,,,,,,,,,,,,,,,,,,,,,,,,,,,,,,,,,,,,,,,,,,,,,,,EUR,0.25,0.09,Common,pawniard,Pokémon,https://www.tcggo.com/pokemon/crown-zenith/pawniard-91,swsh12pt5-91,478229,singles
2026-08-23T17:19:56+02:00,,401,Yuka Morii,yuka-morii,CRZ 92,92,691810,159,160,CRZ,Pokémon,pokemon,21,https://images.tcggo.com/tcggo/storage/3641/crown-zenith-logo.png,Crown Zenith,EUR,2208.81,EUR,1760.77,2023-01-20,2,Sword & Shield,sword-shield,crown-zenith,70,3715,https://images.tcggo.com/tcggo/storage/3734/pawniard-crz-92-crown-zenith-pokemon.png,https://www.tcggo.com/external/cm/3715,https://www.tcggo.com/external/tcgplayer/3715,Pawniard,Pawniard 92,0.04,0.03,12390,EUR,[],,,,,,,,,,0.02,0.02,0.02,0.02,0.02,0.02,0.02,0.02,0.02,0.02,,,,,,,,,,,,,,,,,,,,,,,,,,,,,,,,,,,,,,,,,,,,,,,,,,EUR,0.44,0.1,Common,pawniard,Pokémon,https://www.tcggo.com/pokemon/crown-zenith/pawniard-92,swsh12pt5-92,478230,singles
2026-08-23T17:19:56+02:00,,429,DOM,dom,CRZ 93,93,691811,159,160,CRZ,Pokémon,pokemon,21,https://images.tcggo.com/tcggo/storage/3641/crown-zenith-logo.png,Crown Zenith,EUR,2208.81,EUR,1760.77,2023-01-20,2,Sword & Shield,sword-shield,crown-zenith,110,3716,https://images.tcggo.com/tcggo/storage/3735/bisharp-crz-93-crown-zenith-pokemon.png,https://www.tcggo.com/external/cm/3716,https://www.tcggo.com/external/tcgplayer/3716,Bisharp,Bisharp 93,0.03,0.03,10828,EUR,[],,,,,,,,,,0.02,0.02,0.02,0.02,0.02,0.02,0.02,0.02,0.02,0.02,,,,,,,,,,,,,,,,,,,,,,,,,,,,,,,,,,,,,,,,,,,,,,,,,,EUR,0.32,0.09,Uncommon,bisharp,Pokémon,https://www.tcggo.com/pokemon/crown-zenith/bisharp-93,swsh12pt5-93,478231,singles
2026-08-23T17:19:56+02:00,,405,nagimiso,nagimiso,CRZ 94,94,691813,159,160,CRZ,Pokémon,pokemon,21,https://images.tcggo.com/tcggo/storage/3641/crown-zenith-logo.png,Crown Zenith,EUR,2208.81,EUR,1760.77,2023-01-20,2,Sword & Shield,sword-shield,crown-zenith,130,3717,https://images.tcggo.com/tcggo/storage/3736/zacian-crz-94-crown-zenith-pokemon.png,https://www.tcggo.com/external/cm/3717,https://www.tcggo.com/external/tcgplayer/3717,Zacian,Zacian 94,0.46,0.59,999,EUR,[],,,,,,,,,,0.02,0.15,0.15,0.15,0.15,0.02,0.3,0.3,0.05,0.05,,,,,,,,,,,,,,,,,,,,,,,,,,,,,,,,,,,,,,,,,,,,,,,,,,EUR,0.29,0.21,Rare Holo,zacian,Pokémon,https://www.tcggo.com/pokemon/crown-zenith/zacian-94,swsh12pt5-94,478232,singles
2026-08-23T17:19:56+02:00,,371,aky CG Works,aky-cg-works,CRZ 95,95,691814,159,160,CRZ,Pokémon,pokemon,21,https://images.tcggo.com/tcggo/storage/3641/crown-zenith-logo.png,Crown Zenith,EUR,2208.81,EUR,1760.77,2023-01-20,2,Sword & Shield,sword-shield,crown-zenith,220,3718,https://images.tcggo.com/tcggo/storage/3737/zacian-v-crz-95-crown-zenith-pokemon.png,https://www.tcggo.com/external/cm/3718,https://www.tcggo.com/external/tcgplayer/3718,Zacian V,Zacian V 95,0.76,0.84,,EUR,[],,,,,,,,,,0.3,0.6,0.6,0.25,0.25,0.3,0.8,0.8,0.25,0.25,,,,,,,,,,,,,,,,,,,,,,,,,,,,,,,,,,,,,,,,,,,,,,,,,,EUR,0.74,0.85,Rare Holo V,zacian-v,Pokémon,https://www.tcggo.com/pokemon/crown-zenith/zacian-v-95,swsh12pt5-95,478233,singles
2026-08-23T17:19:56+02:00,,380,5ban Graphics,5ban-graphics,CRZ 96,96,691815,159,160,CRZ,Pokémon,pokemon,21,https://images.tcggo.com/tcggo/storage/3641/crown-zenith-logo.png,Crown Zenith,EUR,2208.81,EUR,1760.77,2023-01-20,2,Sword & Shield,sword-shield,crown-zenith,270,3719,https://images.tcggo.com/tcggo/storage/3738/zacian-vstar-crz-96-crown-zenith-pokemon.png,https://www.tcggo.com/external/cm/3719,https://www.tcggo.com/external/tcgplayer/3719,Zacian VSTAR,Zacian VSTAR 96,1.85,1.83,478,EUR,[],,,,,,,,,,1.1,1.7,1.7,1.9,1.9,1.1,3.9,3.9,1,1,,,,,,,,,,,,,,,,,,,,,,,,,,,,,,,,,,,,,,,,,,,,,,,,,,EUR,1.31,1.54,Rare Holo VSTAR,zacian-vstar,Pokémon,https://www.tcggo.com/pokemon/crown-zenith/zacian-vstar-96,swsh12pt5-96,477469,singles
2026-08-23T17:19:56+02:00,,459,GIDORA,gidora,CRZ 97,97,691816,159,160,CRZ,Pokémon,pokemon,21,https://images.tcggo.com/tcggo/storage/3641/crown-zenith-logo.png,Crown Zenith,EUR,2208.81,EUR,1760.77,2023-01-20,2,Sword & Shield,sword-shield,crown-zenith,130,3720,https://images.tcggo.com/tcggo/storage/3739/zamazenta-crz-97-crown-zenith-pokemon.png,https://www.tcggo.com/external/cm/3720,https://www.tcggo.com/external/tcgplayer/3720,Zamazenta,Zamazenta 97,0.61,0.51,701,EUR,[],,,,,,,,,,0.07,0.28,0.28,0.2,0.2,0.07,0.3,0.3,0.3,0.3,,,,,,,,,,,,,,,,,,,,,,,,,,,,,,,,,,,,,,,,,,,,,,,,,,EUR,0.42,0.22,Rare Holo,zamazenta,Pokémon,https://www.tcggo.com/pokemon/crown-zenith/zamazenta-97,swsh12pt5-97,478234,singles
2026-08-23T17:19:56+02:00,,380,5ban Graphics,5ban-graphics,CRZ 98,98,691817,159,160,CRZ,Pokémon,pokemon,21,https://images.tcggo.com/tcggo/storage/3641/crown-zenith-logo.png,Crown Zenith,EUR,2208.81,EUR,1760.77,2023-01-20,2,Sword & Shield,sword-shield,crown-zenith,220,3721,https://images.tcggo.com/tcggo/storage/3740/zamazenta-v-crz-98-crown-zenith-pokemon.png,https://www.tcggo.com/external/cm/3721,https://www.tcggo.com/external/tcgplayer/3721,Zamazenta V,Zamazenta V 98,1.01,0.92,976,EUR,[],,,,,,,,,,0.4,0.5,0.5,0.8,0.8,0.4,0.9,0.9,0.1,0.1,,,,,,,,,,,,,,,,,,,,,,,,,,,,,,,,,,,,,,,,,,,,,,,,,,EUR,0.84,0.85,Rare Holo V,zamazenta-v,Pokémon,https://www.tcggo.com/pokemon/crown-zenith/zamazenta-v-98,swsh12pt5-98,478235,singles
2026-08-23T17:19:56+02:00,,380,5ban Graphics,5ban-graphics,CRZ 99,99,691818,159,160,CRZ,Pokémon,pokemon,21,https://images.tcggo.com/tcggo/storage/3641/crown-zenith-logo.png,Crown Zenith,EUR,2208.81,EUR,1760.77,2023-01-20,2,Sword & Shield,sword-shield,crown-zenith,270,3722,https://images.tcggo.com/tcggo/storage/3741/zamazenta-vstar-crz-99-crown-zenith-pokemon.png,https://www.tcggo.com/external/cm/3722,https://www.tcggo.com/external/tcgplayer/3722,Zamazenta VSTAR,Zamazenta VSTAR 99,2,1.88,466,EUR,[],,,,,,,,,,0.9,1.3,1.3,1.45,1.45,0.9,2.99,2.99,0.7,0.7,,,,,,,,,,,,,,,,,,,,,,,,,,,,,,,,,,,,,,,,,,,,,,,,,,EUR,1.21,1.39,Rare Holo VSTAR,zamazenta-vstar,Pokémon,https://www.tcggo.com/pokemon/crown-zenith/zamazenta-vstar-99,swsh12pt5-99,477470,singles
2026-08-23T17:19:56+02:00,,384,PLANETA Mochizuki,planeta-mochizuki,CRZ 100,100,691819,159,160,CRZ,Pokémon,pokemon,21,https://images.tcggo.com/tcggo/storage/3641/crown-zenith-logo.png,Crown Zenith,EUR,2208.81,EUR,1760.77,2023-01-20,2,Sword & Shield,sword-shield,crown-zenith,210,3723,https://images.tcggo.com/tcggo/storage/3742/rayquaza-v-crz-100-crown-zenith-pokemon.png,https://www.tcggo.com/external/cm/3723,https://www.tcggo.com/external/tcgplayer/3723,Rayquaza V,Rayquaza V 100,2.36,2.51,655,EUR,[],,,,,,,,,,1,1.5,1.5,2,2,1,7.98,7.98,0.99,0.99,,,,,,,,,,,,,,,,,,,,,,,,,,,,,,,,,,,,,,,,,,,,,,,,,,EUR,1.91,1.08,Rare Holo V,rayquaza-v,Pokémon,https://www.tcggo.com/pokemon/crown-zenith/rayquaza-v-100,swsh12pt5-100,478209,singles
2026-08-23T17:19:56+02:00,,384,PLANETA Mochizuki,planeta-mochizuki,CRZ 101,101,691820,159,160,CRZ,Pokémon,pokemon,21,https://images.tcggo.com/tcggo/storage/3641/crown-zenith-logo.png,Crown Zenith,EUR,2208.81,EUR,1760.77,2023-01-20,2,Sword & Shield,sword-shield,crown-zenith,320,3724,https://images.tcggo.com/tcggo/storage/3743/rayquaza-vmax-crz-101-crown-zenith-pokemon.png,https://www.tcggo.com/external/cm/3724,https://www.tcggo.com/external/tcgplayer/3724,Rayquaza VMAX,Rayquaza VMAX 101,15.7,15.5,304,EUR,[],,,,,,,,,,15,15.22,15.22,11,11,15,18,18,5.5,5.5,USD,62.18,5,,,,,31.44,3,,,,,,,,,35.68,5,,,,,20.06,2,,,133.78,5,,,10.04,1,31.22,5,26.8,1,,,,,80.27,2,,,,,28.99,2,EUR,10.02,6.87,Rare Holo VMAX,rayquaza-vmax,Pokémon,https://www.tcggo.com/pokemon/crown-zenith/rayquaza-vmax-101,swsh12pt5-101,478210,singles
2026-08-23T17:19:56+02:00,,380,5ban Graphics,5ban-graphics,CRZ 102,102,691821,159,160,CRZ,Pokémon,pokemon,21,https://images.tcggo.com/tcggo/storage/3641/crown-zenith-logo.png,Crown Zenith,EUR,2208.81,EUR,1760.77,2023-01-20,2,Sword & Shield,sword-shield,crown-zenith,320,3725,https://images.tcggo.com/tcggo/storage/3744/rayquaza-vmax-crz-102-crown-zenith-pokemon.png,https://www.tcggo.com/external/cm/3725,https://www.tcggo.com/external/tcgplayer/3725,Rayquaza VMAX,Rayquaza VMAX 102,19.07,15.2,230,EUR,,,,,,229,,180,,,11.5,13.98,13.98,10,10,11.5,20,20,9,9,USD,67.75,5,,,,,23.46,1,,,,,,,,,44.6,5,,,9.81,2,15.48,5,,,137.53,5,19.33,1,17.75,1,35.64,5,34.78,1,,,,,98.78,4,,,,,,,EUR,11.34,7.22,Rare Holo VMAX,rayquaza-vmax,Pokémon,https://www.tcggo.com/pokemon/crown-zenith/rayquaza-vmax-102,swsh12pt5-102,478211,singles
2026-08-23T17:19:56+02:00,,384,PLANETA Mochizuki,planeta-mochizuki,CRZ 103,103,691822,159,160,CRZ,Pokémon,pokemon,21,https://images.tcggo.com/tcggo/storage/3641/crown-zenith-logo.png,Crown Zenith,EUR,2208.81,EUR,1760.77,2023-01-20,2,Sword & Shield,sword-shield,crown-zenith,220,3726,https://images.tcggo.com/tcggo/storage/3745/duraludon-v-crz-103-crown-zenith-pokemon.png,https://www.tcggo.com/external/cm/3726,https://www.tcggo.com/external/tcgplayer/3726,Duraludon V,Duraludon V 103,0.98,0.79,921,EUR,[],,,,,,,,,,0.2,0.4,0.55,0.4,0.4,0.2,0.89,0.89,0.28,0.28,,,,,,,,,,,,,,,,,,,,,,,,,,,,,,,,,,,,,,,,,,,,,,,,,,EUR,0.57,0.84,Rare Holo V,duraludon-v,Pokémon,https://www.tcggo.com/pokemon/crown-zenith/duraludon-v-103,swsh12pt5-103,478213,singles
2026-08-23T17:19:56+02:00,,384,PLANETA Mochizuki,planeta-mochizuki,CRZ 104,104,691823,159,160,CRZ,Pokémon,pokemon,21,https://images.tcggo.com/tcggo/storage/3641/crown-zenith-logo.png,Crown Zenith,EUR,2208.81,EUR,1760.77,2023-01-20,2,Sword & Shield,sword-shield,crown-zenith,330,3727,https://images.tcggo.com/tcggo/storage/3746/duraludon-vmax-crz-104-crown-zenith-pokemon.png,https://www.tcggo.com/external/cm/3727,https://www.tcggo.com/external/tcgplayer/3727,Duraludon VMAX,Duraludon VMAX 104,1.6,1.53,533,EUR,[],,,,,,,,,,0.99,0.98,0.98,1.49,1.49,0.99,2,2,0.64,0.64,,,,,,,,,,,,,,,,,,,,,,,,,,,,,,,,,,,,,,,,,,,,,,,,,,EUR,1.29,1.45,Rare Holo VMAX,duraludon-vmax,Pokémon,https://www.tcggo.com/pokemon/crown-zenith/duraludon-vmax-104,swsh12pt5-104,478214,singles
2026-08-23T17:19:56+02:00,,484,Kagemaru Himeno,kagemaru-himeno,CRZ 105,105,691824,159,160,CRZ,Pokémon,pokemon,21,https://images.tcggo.com/tcggo/storage/3641/crown-zenith-logo.png,Crown Zenith,EUR,2208.81,EUR,1760.77,2023-01-20,2,Sword & Shield,sword-shield,crown-zenith,170,3728,https://images.tcggo.com/tcggo/storage/3747/radiant-eternatus-crz-105-crown-zenith-pokemon.png,https://www.tcggo.com/external/cm/3728,https://www.tcggo.com/external/tcgplayer/3728,Radiant Eternatus,Radiant Eternatus 105,0.67,0.78,1718,EUR,[],,,,,,,,,,0.1,0.45,0.45,0.25,0.25,0.1,0.4,0.4,0.1,0.1,,,,,,,,,,,,,,,,,,,,,,,,,,,,,,,,,,,,,,,,,,,,,,,,,,EUR,0.74,0.64,Radiant Rare,radiant-eternatus,Pokémon,https://www.tcggo.com/pokemon/crown-zenith/radiant-eternatus-105,swsh12pt5-105,478216,singles
2026-08-23T17:19:56+02:00,,378,Kouki Saitou,kouki-saitou,CRZ 106,106,691825,159,160,CRZ,Pokémon,pokemon,21,https://images.tcggo.com/tcggo/storage/3641/crown-zenith-logo.png,Crown Zenith,EUR,2208.81,EUR,1760.77,2023-01-20,2,Sword & Shield,sword-shield,crown-zenith,110,3729,https://images.tcggo.com/tcggo/storage/3748/tauros-crz-106-crown-zenith-pokemon.png,https://www.tcggo.com/external/cm/3729,https://www.tcggo.com/external/tcgplayer/3729,Tauros,Tauros 106,0.11,0.1,2931,EUR,[],,,,,,,,,,0.02,0.02,0.02,0.02,0.02,0.02,0.02,0.02,0.02,0.02,,,,,,,,,,,,,,,,,,,,,,,,,,,,,,,,,,,,,,,,,,,,,,,,,,EUR,0.27,0.13,rare,tauros,Pokémon,https://www.tcggo.com/pokemon/crown-zenith/tauros-106,swsh12pt5-106,478114,singles
2026-08-23T17:19:56+02:00,,524,KIYOTAKA OSHIYAMA,kiyotaka-oshiyama,CRZ 107,107,691826,159,160,CRZ,Pokémon,pokemon,21,https://images.tcggo.com/tcggo/storage/3641/crown-zenith-logo.png,Crown Zenith,EUR,2208.81,EUR,1760.77,2023-01-20,2,Sword & Shield,sword-shield,crown-zenith,70,3730,https://images.tcggo.com/tcggo/storage/3749/ditto-crz-107-crown-zenith-pokemon.png,https://www.tcggo.com/external/cm/3730,https://www.tcggo.com/external/tcgplayer/3730,Ditto,Ditto 107,1.09,1.07,391,EUR,[],,,,,,,,,,0.4,0.2,0.2,1.5,1.5,0.4,0.75,0.75,0.2,0.2,,,,,,,,,,,,,,,,,,,,,,,,,,,,,,,,,,,,,,,,,,,,,,,,,,EUR,2.74,0.94,Rare Holo,ditto,Pokémon,https://www.tcggo.com/pokemon/crown-zenith/ditto-107,swsh12pt5-107,478117,singles
2026-08-23T17:19:56+02:00,,522,You Iribi,you-iribi,CRZ 108,108,691827,159,160,CRZ,Pokémon,pokemon,21,https://images.tcggo.com/tcggo/storage/3641/crown-zenith-logo.png,Crown Zenith,EUR,2208.81,EUR,1760.77,2023-01-20,2,Sword & Shield,sword-shield,crown-zenith,200,3731,https://images.tcggo.com/tcggo/storage/3750/eevee-v-crz-108-crown-zenith-pokemon.png,https://www.tcggo.com/external/cm/3731,https://www.tcggo.com/external/tcgplayer/3731,Eevee V,Eevee V 108,7.35,7.35,289,EUR,[],,,,,,,,,,5.99,8.5,8.5,4,4,5.99,5.79,5.79,1.5,1.5,USD,64.47,1,,,,,16.31,1,,,,,,,,,42.99,5,,,,,21.56,1,,,142.72,5,,,11.6,1,26.76,5,,,,,,,,,,,,,,,EUR,8.11,4.91,Rare Holo V,eevee-v,Pokémon,https://www.tcggo.com/pokemon/crown-zenith/eevee-v-108,swsh12pt5-108,477251,singles
2026-08-23T17:19:56+02:00,,427,Asako Ito,asako-ito,CRZ 109,109,691828,159,160,CRZ,Pokémon,pokemon,21,https://images.tcggo.com/tcggo/storage/3641/crown-zenith-logo.png,Crown Zenith,EUR,2208.81,EUR,1760.77,2023-01-20,2,Sword & Shield,sword-shield,crown-zenith,160,3732,https://images.tcggo.com/tcggo/storage/3751/snorlax-crz-109-crown-zenith-pokemon.png,https://www.tcggo.com/external/cm/3732,https://www.tcggo.com/external/tcgplayer/3732,Snorlax,Snorlax 109,0.3,0.2,1210,EUR,[],,,,,,,,,,0.02,0.1,0.1,0.02,0.02,0.02,0.02,0.02,0.02,0.02,,,,,,,,,,,,,,,,,,,,,,,,,,,,,,,,,,,,,,,,,,,,,,,,,,EUR,10.54,0.49,rare,snorlax,Pokémon,https://www.tcggo.com/pokemon/crown-zenith/snorlax-109,swsh12pt5-109,478136,singles
2026-08-23T17:19:56+02:00,,407,Ligton,ligton,CRZ 110,110,691829,159,160,CRZ,Pokémon,pokemon,21,https://images.tcggo.com/tcggo/storage/3641/crown-zenith-logo.png,Crown Zenith,EUR,2208.81,EUR,1760.77,2023-01-20,2,Sword & Shield,sword-shield,crown-zenith,60,3733,https://images.tcggo.com/tcggo/storage/3752/starly-crz-110-crown-zenith-pokemon.png,https://www.tcggo.com/external/cm/3733,https://www.tcggo.com/external/tcgplayer/3733,Starly,Starly 110,0.03,0.03,12932,EUR,[],,,,,,,,,,0.02,0.02,0.02,0.02,0.02,0.02,0.02,0.02,0.02,0.02,,,,,,,,,,,,,,,,,,,,,,,,,,,,,,,,,,,,,,,,,,,,,,,,,,EUR,0.28,0.09,Common,starly,Pokémon,https://www.tcggo.com/pokemon/crown-zenith/starly-110,swsh12pt5-110,478137,singles
2026-08-23T17:19:56+02:00,,362,Naoyo Kimura,naoyo-kimura,CRZ 111,111,691830,159,160,CRZ,Pokémon,pokemon,21,https://images.tcggo.com/tcggo/storage/3641/crown-zenith-logo.png,Crown Zenith,EUR,2208.81,EUR,1760.77,2023-01-20,2,Sword & Shield,sword-shield,crown-zenith,60,3734,https://images.tcggo.com/tcggo/storage/3753/bidoof-crz-111-crown-zenith-pokemon.png,https://www.tcggo.com/external/cm/3734,https://www.tcggo.com/external/tcgplayer/3734,Bidoof,Bidoof 111,0.05,0.04,10788,EUR,[],,,,,,,,,,0.02,0.02,0.02,0.02,0.02,0.02,0.02,0.02,0.02,0.02,,,,,,,,,,,,,,,,,,,,,,,,,,,,,,,,,,,,,,,,,,,,,,,,,,EUR,0.24,0.15,Common,bidoof,Pokémon,https://www.tcggo.com/pokemon/crown-zenith/bidoof-111,swsh12pt5-111,478139,singles
2026-08-23T17:19:56+02:00,,503,sui,sui,CRZ 112,112,691831,159,160,CRZ,Pokémon,pokemon,21,https://images.tcggo.com/tcggo/storage/3641/crown-zenith-logo.png,Crown Zenith,EUR,2208.81,EUR,1760.77,2023-01-20,2,Sword & Shield,sword-shield,crown-zenith,70,3735,https://images.tcggo.com/tcggo/storage/3754/chatot-crz-112-crown-zenith-pokemon.png,https://www.tcggo.com/external/cm/3735,https://www.tcggo.com/external/tcgplayer/3735,Chatot,Chatot 112,0.03,0.02,13145,EUR,[],,,,,,,,,,0.02,0.02,0.02,0.02,0.02,0.02,0.02,0.02,0.02,0.02,,,,,,,,,,,,,,,,,,,,,,,,,,,,,,,,,,,,,,,,,,,,,,,,,,EUR,0.26,0.09,Common,chatot,Pokémon,https://www.tcggo.com/pokemon/crown-zenith/chatot-112,swsh12pt5-112,478140,singles
2026-08-23T17:19:56+02:00,,384,PLANETA Mochizuki,planeta-mochizuki,CRZ 113,113,691832,159,160,CRZ,Pokémon,pokemon,21,https://images.tcggo.com/tcggo/storage/3641/crown-zenith-logo.png,Crown Zenith,EUR,2208.81,EUR,1760.77,2023-01-20,2,Sword & Shield,sword-shield,crown-zenith,240,3736,https://images.tcggo.com/tcggo/storage/3755/regigigas-v-crz-113-crown-zenith-pokemon.png,https://www.tcggo.com/external/cm/3736,https://www.tcggo.com/external/tcgplayer/3736,Regigigas V,Regigigas V 113,1.23,1.33,967,EUR,[],,,,,,,,,,0.5,0.5,0.5,0.5,0.5,0.5,0.9,0.9,0.18,0.18,,,,,,,,,,,,,,,,,,,,,,,,,,,,,,,,,,,,,,,,,,,,,,,,,,EUR,0.65,0.85,Rare Holo V,regigigas-v,Pokémon,https://www.tcggo.com/pokemon/crown-zenith/regigigas-v-113,swsh12pt5-113,478142,singles
2026-08-23T17:19:56+02:00,,384,PLANETA Mochizuki,planeta-mochizuki,CRZ 114,114,691833,159,160,CRZ,Pokémon,pokemon,21,https://images.tcggo.com/tcggo/storage/3641/crown-zenith-logo.png,Crown Zenith,EUR,2208.81,EUR,1760.77,2023-01-20,2,Sword & Shield,sword-shield,crown-zenith,300,3737,https://images.tcggo.com/tcggo/storage/3756/regigigas-vstar-crz-114-crown-zenith-pokemon.png,https://www.tcggo.com/external/cm/3737,https://www.tcggo.com/external/tcgplayer/3737,Regigigas VSTAR,Regigigas VSTAR 114,1.73,1.76,499,EUR,[],,,,,,,,,,0.99,0.99,0.99,1.19,1.19,0.99,1.5,1.5,0.79,0.79,,,,,,,,,,,,,,,,,,,,,,,,,,,,,,,,,,,,,,,,,,,,,,,,,,EUR,1.43,1.33,Rare Holo VSTAR,regigigas-vstar,Pokémon,https://www.tcggo.com/pokemon/crown-zenith/regigigas-vstar-114,swsh12pt5-114,478143,singles
2026-08-23T17:19:56+02:00,,425,Yukiko Baba,yukiko-baba,CRZ 115,115,691834,159,160,CRZ,Pokémon,pokemon,21,https://images.tcggo.com/tcggo/storage/3641/crown-zenith-logo.png,Crown Zenith,EUR,2208.81,EUR,1760.77,2023-01-20,2,Sword & Shield,sword-shield,crown-zenith,70,3738,https://images.tcggo.com/tcggo/storage/3757/shaymin-crz-115-crown-zenith-pokemon.png,https://www.tcggo.com/external/cm/3738,https://www.tcggo.com/external/tcgplayer/3738,Shaymin,Shaymin 115,0.03,0.03,10708,EUR,[],,,,,,,,,,0.02,0.02,0.02,0.02,0.02,0.02,0.02,0.02,0.02,0.02,,,,,,,,,,,,,,,,,,,,,,,,,,,,,,,,,,,,,,,,,,,,,,,,,,EUR,0.24,0.1,Uncommon,shaymin,Pokémon,https://www.tcggo.com/pokemon/crown-zenith/shaymin-115,swsh12pt5-115,478149,singles
2026-08-23T17:19:56+02:00,,548,MUGENUP,mugenup,CRZ 116,116,691835,159,160,CRZ,Pokémon,pokemon,21,https://images.tcggo.com/tcggo/storage/3641/crown-zenith-logo.png,Crown Zenith,EUR,2208.81,EUR,1760.77,2023-01-20,2,Sword & Shield,sword-shield,crown-zenith,210,3739,https://images.tcggo.com/tcggo/storage/3758/stoutland-v-crz-116-crown-zenith-pokemon.png,https://www.tcggo.com/external/cm/3739,https://www.tcggo.com/external/tcgplayer/3739,Stoutland V,Stoutland V 116,0.77,0.74,1368,EUR,[],,,,,,,,,,0.1,0.42,0.42,0.5,0.5,0.1,0.9,0.9,0.15,0.15,,,,,,,,,,,,,,,,,,,,,,,,,,,,,,,,,,,,,,,,,,,,,,,,,,EUR,0.67,0.85,Rare Holo V,stoutland-v,Pokémon,https://www.tcggo.com/pokemon/crown-zenith/stoutland-v-116,swsh12pt5-116,478151,singles
2026-08-23T17:19:56+02:00,,368,Oswaldo KATO,oswaldo-kato,CRZ 117,117,691836,159,160,CRZ,Pokémon,pokemon,21,https://images.tcggo.com/tcggo/storage/3641/crown-zenith-logo.png,Crown Zenith,EUR,2208.81,EUR,1760.77,2023-01-20,2,Sword & Shield,sword-shield,crown-zenith,70,3740,https://images.tcggo.com/tcggo/storage/3759/yungoos-crz-117-crown-zenith-pokemon.png,https://www.tcggo.com/external/cm/3740,https://www.tcggo.com/external/tcgplayer/3740,Yungoos,Yungoos 117,0.03,0.03,13049,EUR,[],,,,,,,,,,0.02,0.02,0.02,0.02,0.02,0.02,0.02,0.02,0.02,0.02,,,,,,,,,,,,,,,,,,,,,,,,,,,,,,,,,,,,,,,,,,,,,,,,,,EUR,0.29,0.09,Common,yungoos,Pokémon,https://www.tcggo.com/pokemon/crown-zenith/yungoos-117,swsh12pt5-117,478153,singles
2026-08-23T17:19:56+02:00,,482,Mizue,mizue,CRZ 118,118,691837,159,160,CRZ,Pokémon,pokemon,21,https://images.tcggo.com/tcggo/storage/3641/crown-zenith-logo.png,Crown Zenith,EUR,2208.81,EUR,1760.77,2023-01-20,2,Sword & Shield,sword-shield,crown-zenith,120,3741,https://images.tcggo.com/tcggo/storage/3760/gumshoos-crz-118-crown-zenith-pokemon.png,https://www.tcggo.com/external/cm/3741,https://www.tcggo.com/external/tcgplayer/3741,Gumshoos,Gumshoos 118,0.09,0.1,3066,EUR,[],,,,,,,,,,0.03,0.02,0.02,0.02,0.02,0.02,0.02,0.02,0.02,0.02,,,,,,,,,,,,,,,,,,,,,,,,,,,,,,,,,,,,,,,,,,,,,,,,,,EUR,0.24,0.13,rare,gumshoos,Pokémon,https://www.tcggo.com/pokemon/crown-zenith/gumshoos-118,swsh12pt5-118,478154,singles
2026-08-23T17:19:56+02:00,,498,Sekio,sekio,CRZ 119,119,691838,159,160,CRZ,Pokémon,pokemon,21,https://images.tcggo.com/tcggo/storage/3641/crown-zenith-logo.png,Crown Zenith,EUR,2208.81,EUR,1760.77,2023-01-20,2,Sword & Shield,sword-shield,crown-zenith,110,3742,https://images.tcggo.com/tcggo/storage/3761/oranguru-crz-119-crown-zenith-pokemon.png,https://www.tcggo.com/external/cm/3742,https://www.tcggo.com/external/tcgplayer/3742,Oranguru,Oranguru 119,0.08,0.05,3865,EUR,[],,,,,,,,,,0.02,0.02,0.02,0.02,0.02,0.02,0.02,0.02,0.02,0.02,,,,,,,,,,,,,,,,,,,,,,,,,,,,,,,,,,,,,,,,,,,,,,,,,,EUR,0.26,0.13,rare,oranguru,Pokémon,https://www.tcggo.com/pokemon/crown-zenith/oranguru-119,swsh12pt5-119,478155,singles
2026-08-23T17:19:56+02:00,,526,Saki Hayashiro,saki-hayashiro,CRZ 120,120,691839,159,160,CRZ,Pokémon,pokemon,21,https://images.tcggo.com/tcggo/storage/3641/crown-zenith-logo.png,Crown Zenith,EUR,2208.81,EUR,1760.77,2023-01-20,2,Sword & Shield,sword-shield,crown-zenith,210,3743,https://images.tcggo.com/tcggo/storage/3762/greedent-v-crz-120-crown-zenith-pokemon.png,https://www.tcggo.com/external/cm/3743,https://www.tcggo.com/external/tcgplayer/3743,Greedent V,Greedent V 120,0.92,0.92,985,EUR,[],,,,,,,,,,0.25,0.5,0.5,0.6,0.6,0.25,0.6,0.6,0.19,0.19,,,,,,,,,,,,,,,,,,,,,,,,,,,,,,,,,,,,,,,,,,,,,,,,,,EUR,0.79,0.85,Rare Holo V,greedent-v,Pokémon,https://www.tcggo.com/pokemon/crown-zenith/greedent-v-120,swsh12pt5-120,477051,singles
2026-08-23T17:19:56+02:00,,394,OKACHEKE,okacheke,CRZ 121,121,691840,159,160,CRZ,Pokémon,pokemon,21,https://images.tcggo.com/tcggo/storage/3641/crown-zenith-logo.png,Crown Zenith,EUR,2208.81,EUR,1760.77,2023-01-20,2,Sword & Shield,sword-shield,crown-zenith,70,3744,https://images.tcggo.com/tcggo/storage/3763/wooloo-crz-121-crown-zenith-pokemon.png,https://www.tcggo.com/external/cm/3744,https://www.tcggo.com/external/tcgplayer/3744,Wooloo,Wooloo 121,0.03,0.04,12400,EUR,[],,,,,,,,,,0.02,0.02,0.02,0.02,0.02,0.02,0.02,0.02,0.02,0.02,,,,,,,,,,,,,,,,,,,,,,,,,,,,,,,,,,,,,,,,,,,,,,,,,,EUR,0.44,0.1,Common,wooloo,Pokémon,https://www.tcggo.com/pokemon/crown-zenith/wooloo-121,swsh12pt5-121,478159,singles
2026-08-23T17:19:56+02:00,,379,Sanosuke Sakuma,sanosuke-sakuma,CRZ 122,122,691841,159,160,CRZ,Pokémon,pokemon,21,https://images.tcggo.com/tcggo/storage/3641/crown-zenith-logo.png,Crown Zenith,EUR,2208.81,EUR,1760.77,2023-01-20,2,Sword & Shield,sword-shield,crown-zenith,120,3745,https://images.tcggo.com/tcggo/storage/3764/dubwool-crz-122-crown-zenith-pokemon.png,https://www.tcggo.com/external/cm/3745,https://www.tcggo.com/external/tcgplayer/3745,Dubwool,Dubwool 122,0.06,0.05,3797,EUR,[],,,,,,,,,,0.02,0.02,0.02,0.02,0.02,0.02,0.02,0.02,0.02,0.02,,,,,,,,,,,,,,,,,,,,,,,,,,,,,,,,,,,,,,,,,,,,,,,,,,EUR,0.21,0.13,rare,dubwool,Pokémon,https://www.tcggo.com/pokemon/crown-zenith/dubwool-122,swsh12pt5-122,478161,singles
2026-08-23T17:19:56+02:00,,460,Atsushi Furusawa,atsushi-furusawa,CRZ 123,123,691842,159,160,CRZ,Pokémon,pokemon,21,https://images.tcggo.com/tcggo/storage/3641/crown-zenith-logo.png,Crown Zenith,EUR,2208.81,EUR,1760.77,2023-01-20,2,Sword & Shield,sword-shield,crown-zenith,0,3746,https://images.tcggo.com/tcggo/storage/3765/bea-crz-123-crown-zenith-pokemon.png,https://www.tcggo.com/external/cm/3746,https://www.tcggo.com/external/tcgplayer/3746,Bea,Bea 123,0.4,0.35,1140,EUR,[],,,,,,,,,,0.05,0.1,0.1,0.2,0.2,0.05,0.15,0.15,0.03,0.03,,,,,,,,,,,,,,,,,,,,,,,,,,,,,,,,,,,,,,,,,,,,,,,,,,EUR,0.33,0.25,Rare Holo,bea,Trainer,https://www.tcggo.com/pokemon/crown-zenith/bea-123,swsh12pt5-123,478163,singles
2026-08-23T17:19:56+02:00,,522,You Iribi,you-iribi,CRZ 124,124,691843,159,160,CRZ,Pokémon,pokemon,21,https://images.tcggo.com/tcggo/storage/3641/crown-zenith-logo.png,Crown Zenith,EUR,2208.81,EUR,1760.77,2023-01-20,2,Sword & Shield,sword-shield,crown-zenith,0,3747,https://images.tcggo.com/tcggo/storage/3766/bede-crz-124-crown-zenith-pokemon.png,https://www.tcggo.com/external/cm/3747,https://www.tcggo.com/external/tcgplayer/3747,Bede,Bede 124,0.32,0.34,1258,EUR,[],,,,,,,,,,0.02,0.06,0.06,0.1,0.1,0.02,0.07,0.07,0.02,0.02,,,,,,,,,,,,,,,,,,,,,,,,,,,,,,,,,,,,,,,,,,,,,,,,,,EUR,0.28,0.21,Rare Holo,bede,Trainer,https://www.tcggo.com/pokemon/crown-zenith/bede-124,swsh12pt5-124,478165,singles
2026-08-23T17:19:56+02:00,,549,sadaji,sadaji,CRZ 125,125,691844,159,160,CRZ,Pokémon,pokemon,21,https://images.tcggo.com/tcggo/storage/3641/crown-zenith-logo.png,Crown Zenith,EUR,2208.81,EUR,1760.77,2023-01-20,2,Sword & Shield,sword-shield,crown-zenith,0,3748,https://images.tcggo.com/tcggo/storage/3767/crushing-hammer-crz-125-crown-zenith-pokemon.png,https://www.tcggo.com/external/cm/3748,https://www.tcggo.com/external/tcgplayer/3748,Crushing Hammer,Crushing Hammer 125,0.08,0.08,13481,EUR,[],,,,,,,,,,0.03,0.02,0.02,0.02,0.02,0.02,0.02,0.02,0.02,0.02,,,,,,,,,,,,,,,,,,,,,,,,,,,,,,,,,,,,,,,,,,,,,,,,,,EUR,0.27,0.12,Uncommon,crushing-hammer,Trainer,https://www.tcggo.com/pokemon/crown-zenith/crushing-hammer-125,swsh12pt5-125,478166,singles
2026-08-23T17:19:56+02:00,,409,Yuu Nishida,yuu-nishida,CRZ 126,126,691845,159,160,CRZ,Pokémon,pokemon,21,https://images.tcggo.com/tcggo/storage/3641/crown-zenith-logo.png,Crown Zenith,EUR,2208.81,EUR,1760.77,2023-01-20,2,Sword & Shield,sword-shield,crown-zenith,0,3749,https://images.tcggo.com/tcggo/storage/3768/digging-duo-crz-126-crown-zenith-pokemon.png,https://www.tcggo.com/external/cm/3749,https://www.tcggo.com/external/tcgplayer/3749,Digging Duo,Digging Duo 126,0.04,0.05,14556,EUR,[],,,,,,,,,,0.03,0.02,0.02,0.02,0.02,0.02,0.02,0.02,0.02,0.02,,,,,,,,,,,,,,,,,,,,,,,,,,,,,,,,,,,,,,,,,,,,,,,,,,EUR,0.24,0.09,Uncommon,digging-duo,Trainer,https://www.tcggo.com/pokemon/crown-zenith/digging-duo-126,swsh12pt5-126,478167,singles
2026-08-23T17:19:56+02:00,,550,Ryo Ueda,ryo-ueda,CRZ 127,127,691846,159,160,CRZ,Pokémon,pokemon,21,https://images.tcggo.com/tcggo/storage/3641/crown-zenith-logo.png,Crown Zenith,EUR,2208.81,EUR,1760.77,2023-01-20,2,Sword & Shield,sword-shield,crown-zenith,0,3750,https://images.tcggo.com/tcggo/storage/3769/energy-retrieval-crz-127-crown-zenith-pokemon.png,https://www.tcggo.com/external/cm/3750,https://www.tcggo.com/external/tcgplayer/3750,Energy Retrieval,Energy Retrieval 127,0.05,0.04,9855,EUR,[],,,,,,,,,,0.02,0.02,0.02,0.02,0.02,0.02,0.02,0.02,0.02,0.02,,,,,,,,,,,,,,,,,,,,,,,,,,,,,,,,,,,,,,,,,,,,,,,,,,EUR,0.29,0.14,Common,energy-retrieval,Trainer,https://www.tcggo.com/pokemon/crown-zenith/energy-retrieval-127,swsh12pt5-127,478174,singles
2026-08-23T17:19:56+02:00,,461,Studio Bora Inc.,studio-bora-inc,CRZ 128,128,691847,159,160,CRZ,Pokémon,pokemon,21,https://images.tcggo.com/tcggo/storage/3641/crown-zenith-logo.png,Crown Zenith,EUR,2208.81,EUR,1760.77,2023-01-20,2,Sword & Shield,sword-shield,crown-zenith,0,3751,https://images.tcggo.com/tcggo/storage/3770/energy-search-crz-128-crown-zenith-pokemon.png,https://www.tcggo.com/external/cm/3751,https://www.tcggo.com/external/tcgplayer/3751,Energy Search,Energy Search 128,0.06,0.06,11599,EUR,[],,,,,,,,,,0.02,0.02,0.02,0.02,0.02,0.02,0.02,0.02,0.02,0.02,,,,,,,,,,,,,,,,,,,,,,,,,,,,,,,,,,,,,,,,,,,,,,,,,,EUR,0.28,0.13,Common,energy-search,Trainer,https://www.tcggo.com/pokemon/crown-zenith/energy-search-128,swsh12pt5-128,478176,singles
2026-08-23T17:19:56+02:00,,458,Toyste Beach,toyste-beach,CRZ 129,129,691848,159,160,CRZ,Pokémon,pokemon,21,https://images.tcggo.com/tcggo/storage/3641/crown-zenith-logo.png,Crown Zenith,EUR,2208.81,EUR,1760.77,2023-01-20,2,Sword & Shield,sword-shield,crown-zenith,0,3752,https://images.tcggo.com/tcggo/storage/3771/energy-switch-crz-129-crown-zenith-pokemon.png,https://www.tcggo.com/external/cm/3752,https://www.tcggo.com/external/tcgplayer/3752,Energy Switch,Energy Switch 129,0.08,0.08,11364,EUR,[],,,,,,,,,,0.02,0.02,0.02,0.02,0.02,0.02,0.02,0.02,0.02,0.02,,,,,,,,,,,,,,,,,,,,,,,,,,,,,,,,,,,,,,,,,,,,,,,,,,EUR,0.26,0.15,Uncommon,energy-switch,Trainer,https://www.tcggo.com/pokemon/crown-zenith/energy-switch-129,swsh12pt5-129,478178,singles
2026-08-23T17:19:56+02:00,,512,kirisAki,kirisaki,CRZ 130,130,691849,159,160,CRZ,Pokémon,pokemon,21,https://images.tcggo.com/tcggo/storage/3641/crown-zenith-logo.png,Crown Zenith,EUR,2208.81,EUR,1760.77,2023-01-20,2,Sword & Shield,sword-shield,crown-zenith,0,3753,https://images.tcggo.com/tcggo/storage/3772/friends-in-hisui-crz-130-crown-zenith-pokemon.png,https://www.tcggo.com/external/cm/3753,https://www.tcggo.com/external/tcgplayer/3753,Friends in Hisui,Friends in Hisui 130,0.05,0.05,13616,EUR,[],,,,,,,,,,0.03,0.02,0.02,0.02,0.02,0.02,0.02,0.02,0.02,0.02,,,,,,,,,,,,,,,,,,,,,,,,,,,,,,,,,,,,,,,,,,,,,,,,,,EUR,0.29,0.09,Uncommon,friends-in-hisui,Trainer,https://www.tcggo.com/pokemon/crown-zenith/friends-in-hisui-130,swsh12pt5-130,478181,singles
2026-08-23T17:19:56+02:00,,518,Ryuta Fuse,ryuta-fuse,CRZ 131,131,691850,159,160,CRZ,Pokémon,pokemon,21,https://images.tcggo.com/tcggo/storage/3641/crown-zenith-logo.png,Crown Zenith,EUR,2208.81,EUR,1760.77,2023-01-20,2,Sword & Shield,sword-shield,crown-zenith,0,3754,https://images.tcggo.com/tcggo/storage/3773/friends-in-sinnoh-crz-131-crown-zenith-pokemon.png,https://www.tcggo.com/external/cm/3754,https://www.tcggo.com/external/tcgplayer/3754,Friends in Sinnoh,Friends in Sinnoh 131,0.04,0.03,13648,EUR,[],,,,,,,,,,0.03,0.02,0.02,0.02,0.02,0.02,0.02,0.02,0.02,0.02,,,,,,,,,,,,,,,,,,,,,,,,,,,,,,,,,,,,,,,,,,,,,,,,,,EUR,0.24,0.12,Uncommon,friends-in-sinnoh,Trainer,https://www.tcggo.com/pokemon/crown-zenith/friends-in-sinnoh-131,swsh12pt5-131,478182,singles
2026-08-23T17:19:56+02:00,,458,Toyste Beach,toyste-beach,CRZ 132,132,691851,159,160,CRZ,Pokémon,pokemon,21,https://images.tcggo.com/tcggo/storage/3641/crown-zenith-logo.png,Crown Zenith,EUR,2208.81,EUR,1760.77,2023-01-20,2,Sword & Shield,sword-shield,crown-zenith,0,3755,https://images.tcggo.com/tcggo/storage/3774/great-ball-crz-132-crown-zenith-pokemon.png,https://www.tcggo.com/external/cm/3755,https://www.tcggo.com/external/tcgplayer/3755,Great Ball,Great Ball 132,0.05,0.04,13496,EUR,[],,,,,,,,,,0.02,0.02,0.02,0.02,0.02,0.02,0.02,0.02,0.02,0.02,,,,,,,,,,,,,,,,,,,,,,,,,,,,,,,,,,,,,,,,,,,,,,,,,,EUR,0.25,0.13,Uncommon,great-ball,Trainer,https://www.tcggo.com/pokemon/crown-zenith/great-ball-132,swsh12pt5-132,478184,singles
2026-08-23T17:19:56+02:00,,398,Taira Akitsu,taira-akitsu,CRZ 133,133,691852,159,160,CRZ,Pokémon,pokemon,21,https://images.tcggo.com/tcggo/storage/3641/crown-zenith-logo.png,Crown Zenith,EUR,2208.81,EUR,1760.77,2023-01-20,2,Sword & Shield,sword-shield,crown-zenith,0,3756,https://images.tcggo.com/tcggo/storage/3775/hop-crz-133-crown-zenith-pokemon.png,https://www.tcggo.com/external/cm/3756,https://www.tcggo.com/external/tcgplayer/3756,Hop,Hop 133,0.31,0.29,1277,EUR,[],,,,,,,,,,0.02,0.07,0.07,0.15,0.15,0.02,0.08,0.08,0.03,0.03,,,,,,,,,,,,,,,,,,,,,,,,,,,,,,,,,,,,,,,,,,,,,,,,,,EUR,0.29,0.23,Rare Holo,hop,Trainer,https://www.tcggo.com/pokemon/crown-zenith/hop-133,swsh12pt5-133,478186,singles
2026-08-23T17:19:56+02:00,,463,Naoki Saito,naoki-saito,CRZ 134,134,691853,159,160,CRZ,Pokémon,pokemon,21,https://images.tcggo.com/tcggo/storage/3641/crown-zenith-logo.png,Crown Zenith,EUR,2208.81,EUR,1760.77,2023-01-20,2,Sword & Shield,sword-shield,crown-zenith,0,3757,https://images.tcggo.com/tcggo/storage/3776/leon-crz-134-crown-zenith-pokemon.png,https://www.tcggo.com/external/cm/3757,https://www.tcggo.com/external/tcgplayer/3757,Leon,Leon 134,0.39,0.33,971,EUR,[],,,,,,,,,,0.02,0.05,0.06,0.02,0.02,0.02,0.1,0.1,0.03,0.03,,,,,,,,,,,,,,,,,,,,,,,,,,,,,,,,,,,,,,,,,,,,,,,,,,EUR,0.34,0.26,Rare Holo,leon,Trainer,https://www.tcggo.com/pokemon/crown-zenith/leon-134,swsh12pt5-134,478187,singles
2026-08-23T17:19:56+02:00,,545,Amelicart,amelicart,CRZ 135,135,691854,159,160,CRZ,Pokémon,pokemon,21,https://images.tcggo.com/tcggo/storage/3641/crown-zenith-logo.png,Crown Zenith,EUR,2208.81,EUR,1760.77,2023-01-20,2,Sword & Shield,sword-shield,crown-zenith,0,3758,https://images.tcggo.com/tcggo/storage/3777/lost-vacuum-crz-135-crown-zenith-pokemon.png,https://www.tcggo.com/external/cm/3758,https://www.tcggo.com/external/tcgplayer/3758,Lost Vacuum,Lost Vacuum 135,0.03,0.03,16523,EUR,[],,,,,,,,,,0.02,0.02,0.02,0.02,0.02,0.02,0.02,0.02,0.02,0.02,,,,,,,,,,,,,,,,,,,,,,,,,,,,,,,,,,,,,,,,,,,,,,,,,,EUR,0.25,0.11,Uncommon,lost-vacuum,Trainer,https://www.tcggo.com/pokemon/crown-zenith/lost-vacuum-135,swsh12pt5-135,478188,singles
2026-08-23T17:19:56+02:00,,377,Souichirou Gunjima,souichirou-gunjima,CRZ 136,136,691855,159,160,CRZ,Pokémon,pokemon,21,https://images.tcggo.com/tcggo/storage/3641/crown-zenith-logo.png,Crown Zenith,EUR,2208.81,EUR,1760.77,2023-01-20,2,Sword & Shield,sword-shield,crown-zenith,0,3759,https://images.tcggo.com/tcggo/storage/3778/nessa-crz-136-crown-zenith-pokemon.png,https://www.tcggo.com/external/cm/3759,https://www.tcggo.com/external/tcgplayer/3759,Nessa,Nessa 136,0.46,0.49,966,EUR,[],,,,,,,,,,0.03,0.1,0.1,0.18,0.18,0.05,0.15,0.15,0.02,0.02,,,,,,,,,,,,,,,,,,,,,,,,,,,,,,,,,,,,,,,,,,,,,,,,,,EUR,0.38,0.27,Rare Holo,nessa,Trainer,https://www.tcggo.com/pokemon/crown-zenith/nessa-136,swsh12pt5-136,478190,singles
2026-08-23T17:19:56+02:00,,461,Studio Bora Inc.,studio-bora-inc,CRZ 137,137,691856,159,160,CRZ,Pokémon,pokemon,21,https://images.tcggo.com/tcggo/storage/3641/crown-zenith-logo.png,Crown Zenith,EUR,2208.81,EUR,1760.77,2023-01-20,2,Sword & Shield,sword-shield,crown-zenith,0,3760,https://images.tcggo.com/tcggo/storage/3779/poke-ball-crz-137-crown-zenith-pokemon.png,https://www.tcggo.com/external/cm/3760,https://www.tcggo.com/external/tcgplayer/3760,Poké Ball,Poké Ball 137,0.03,0.03,11723,EUR,[],,,,,,,,,,0.02,0.02,0.02,0.02,0.02,0.02,0.02,0.02,0.02,0.02,,,,,,,,,,,,,,,,,,,,,,,,,,,,,,,,,,,,,,,,,,,,,,,,,,EUR,0.24,0.1,Common,poke-ball,Trainer,https://www.tcggo.com/pokemon/crown-zenith/poke-ball-137,swsh12pt5-137,478191,singles
2026-08-23T17:19:56+02:00,,550,Ryo Ueda,ryo-ueda,CRZ 138,138,691857,159,160,CRZ,Pokémon,pokemon,21,https://images.tcggo.com/tcggo/storage/3641/crown-zenith-logo.png,Crown Zenith,EUR,2208.81,EUR,1760.77,2023-01-20,2,Sword & Shield,sword-shield,crown-zenith,0,3761,https://images.tcggo.com/tcggo/storage/3780/pokemon-catcher-crz-138-crown-zenith-pokemon.png,https://www.tcggo.com/external/cm/3761,https://www.tcggo.com/external/tcgplayer/3761,Pokémon Catcher,Pokémon Catcher 138,0.05,0.04,13027,EUR,[],,,,,,,,,,0.02,0.02,0.02,0.02,0.02,0.02,0.02,0.02,0.02,0.02,,,,,,,,,,,,,,,,,,,,,,,,,,,,,,,,,,,,,,,,,,,,,,,,,,EUR,0.25,0.09,Uncommon,pokemon-catcher,Trainer,https://www.tcggo.com/pokemon/crown-zenith/pokemon-catcher-138,swsh12pt5-138,478192,singles
2026-08-23T17:19:56+02:00,,550,Ryo Ueda,ryo-ueda,CRZ 139,139,691858,159,160,CRZ,Pokémon,pokemon,21,https://images.tcggo.com/tcggo/storage/3641/crown-zenith-logo.png,Crown Zenith,EUR,2208.81,EUR,1760.77,2023-01-20,2,Sword & Shield,sword-shield,crown-zenith,0,3762,https://images.tcggo.com/tcggo/storage/3781/potion-crz-139-crown-zenith-pokemon.png,https://www.tcggo.com/external/cm/3762,https://www.tcggo.com/external/tcgplayer/3762,Potion,Potion 139,0.05,0.03,11222,EUR,[],,,,,,,,,,0.03,0.02,0.02,0.02,0.02,0.02,0.02,0.02,0.02,0.02,,,,,,,,,,,,,,,,,,,,,,,,,,,,,,,,,,,,,,,,,,,,,,,,,,EUR,0.23,0.12,Common,potion,Trainer,https://www.tcggo.com/pokemon/crown-zenith/potion-139,swsh12pt5-139,478194,singles
2026-08-23T17:19:56+02:00,,456,Hideki Ishikawa,hideki-ishikawa,CRZ 140,140,691859,159,160,CRZ,Pokémon,pokemon,21,https://images.tcggo.com/tcggo/storage/3641/crown-zenith-logo.png,Crown Zenith,EUR,2208.81,EUR,1760.77,2023-01-20,2,Sword & Shield,sword-shield,crown-zenith,0,3763,https://images.tcggo.com/tcggo/storage/3782/raihan-crz-140-crown-zenith-pokemon.png,https://www.tcggo.com/external/cm/3763,https://www.tcggo.com/external/tcgplayer/3763,Raihan,Raihan 140,0.37,0.25,912,EUR,[],,,,,,,,,,0.02,0.17,0.17,0.14,0.14,0.02,0.09,0.09,0.02,0.02,,,,,,,,,,,,,,,,,,,,,,,,,,,,,,,,,,,,,,,,,,,,,,,,,,EUR,0.41,0.27,Rare Holo,raihan,Trainer,https://www.tcggo.com/pokemon/crown-zenith/raihan-140,swsh12pt5-140,478196,singles
2026-08-23T17:19:56+02:00,,551,Yoshinobu Saito,yoshinobu-saito,CRZ 141,141,691860,159,160,CRZ,Pokémon,pokemon,21,https://images.tcggo.com/tcggo/storage/3641/crown-zenith-logo.png,Crown Zenith,EUR,2208.81,EUR,1760.77,2023-01-20,2,Sword & Shield,sword-shield,crown-zenith,0,3764,https://images.tcggo.com/tcggo/storage/3783/rare-candy-crz-141-crown-zenith-pokemon.png,https://www.tcggo.com/external/cm/3764,https://www.tcggo.com/external/tcgplayer/3764,Rare Candy,Rare Candy 141,0.09,0.07,13803,EUR,[],,,,,,,,,,0.02,0.02,0.02,0.02,0.02,0.02,0.02,0.02,0.02,0.02,,,,,,,,,,,,,,,,,,,,,,,,,,,,,,,,,,,,,,,,,,,,,,,,,,EUR,0.32,0.17,Uncommon,rare-candy,Trainer,https://www.tcggo.com/pokemon/crown-zenith/rare-candy-141,swsh12pt5-141,478198,singles
2026-08-23T17:19:56+02:00,,545,Amelicart,amelicart,CRZ 142,142,691861,159,160,CRZ,Pokémon,pokemon,21,https://images.tcggo.com/tcggo/storage/3641/crown-zenith-logo.png,Crown Zenith,EUR,2208.81,EUR,1760.77,2023-01-20,2,Sword & Shield,sword-shield,crown-zenith,0,3765,https://images.tcggo.com/tcggo/storage/3784/rescue-carrier-crz-142-crown-zenith-pokemon.png,https://www.tcggo.com/external/cm/3765,https://www.tcggo.com/external/tcgplayer/3765,Rescue Carrier,Rescue Carrier 142,0.03,0.03,17722,EUR,[],,,,,,,,,,0.02,0.02,0.02,0.02,0.02,0.02,0.02,0.02,0.02,0.02,,,,,,,,,,,,,,,,,,,,,,,,,,,,,,,,,,,,,,,,,,,,,,,,,,EUR,0.27,0.1,Uncommon,rescue-carrier,Trainer,https://www.tcggo.com/pokemon/crown-zenith/rescue-carrier-142,swsh12pt5-142,478200,singles
2026-08-23T17:19:56+02:00,,453,AYUMI ODASHIMA,ayumi-odashima,CRZ 143,143,691862,159,160,CRZ,Pokémon,pokemon,21,https://images.tcggo.com/tcggo/storage/3641/crown-zenith-logo.png,Crown Zenith,EUR,2208.81,EUR,1760.77,2023-01-20,2,Sword & Shield,sword-shield,crown-zenith,0,3766,https://images.tcggo.com/tcggo/storage/3785/sky-seal-stone-crz-143-crown-zenith-pokemon.png,https://www.tcggo.com/external/cm/3766,https://www.tcggo.com/external/tcgplayer/3766,Sky Seal Stone,Sky Seal Stone 143,0.28,0.29,1511,EUR,[],,,,,,,,,,0.02,0.02,0.02,0.02,0.02,0.02,0.02,0.02,0.02,0.02,,,,,,,,,,,,,,,,,,,,,,,,,,,,,,,,,,,,,,,,,,,,,,,,,,EUR,0.19,0.22,Rare Holo,sky-seal-stone,Trainer,https://www.tcggo.com/pokemon/crown-zenith/sky-seal-stone-143,swsh12pt5-143,478202,singles
2026-08-23T17:19:56+02:00,,461,Studio Bora Inc.,studio-bora-inc,CRZ 144,144,691863,159,160,CRZ,Pokémon,pokemon,21,https://images.tcggo.com/tcggo/storage/3641/crown-zenith-logo.png,Crown Zenith,EUR,2208.81,EUR,1760.77,2023-01-20,2,Sword & Shield,sword-shield,crown-zenith,0,3767,https://images.tcggo.com/tcggo/storage/3786/switch-crz-144-crown-zenith-pokemon.png,https://www.tcggo.com/external/cm/3767,https://www.tcggo.com/external/tcgplayer/3767,Switch,Switch 144,0.05,0.05,11174,EUR,[],,,,,,,,,,0.02,0.02,0.02,0.02,0.02,0.02,0.02,0.02,0.02,0.02,,,,,,,,,,,,,,,,,,,,,,,,,,,,,,,,,,,,,,,,,,,,,,,,,,EUR,0.24,0.13,Common,switch,Trainer,https://www.tcggo.com/pokemon/crown-zenith/switch-144,swsh12pt5-144,478203,singles
2026-08-23T17:19:56+02:00,,545,Amelicart,amelicart,CRZ 145,145,691864,159,160,CRZ,Pokémon,pokemon,21,https://images.tcggo.com/tcggo/storage/3641/crown-zenith-logo.png,Crown Zenith,EUR,2208.81,EUR,1760.77,2023-01-20,2,Sword & Shield,sword-shield,crown-zenith,0,3768,https://images.tcggo.com/tcggo/storage/3787/trekking-shoes-crz-145-crown-zenith-pokemon.png,https://www.tcggo.com/external/cm/3768,https://www.tcggo.com/external/tcgplayer/3768,Trekking Shoes,Trekking Shoes 145,0.05,0.06,15322,EUR,[],,,,,,,,,,0.02,0.02,0.02,0.02,0.02,0.02,0.02,0.02,0.02,0.02,,,,,,,,,,,,,,,,,,,,,,,,,,,,,,,,,,,,,,,,,,,,,,,,,,EUR,0.25,0.13,Uncommon,trekking-shoes,Trainer,https://www.tcggo.com/pokemon/crown-zenith/trekking-shoes-145,swsh12pt5-145,478205,singles
2026-08-23T17:19:56+02:00,,545,Amelicart,amelicart,CRZ 146,146,691865,159,160,CRZ,Pokémon,pokemon,21,https://images.tcggo.com/tcggo/storage/3641/crown-zenith-logo.png,Crown Zenith,EUR,2208.81,EUR,1760.77,2023-01-20,2,Sword & Shield,sword-shield,crown-zenith,0,3769,https://images.tcggo.com/tcggo/storage/3788/ultra-ball-crz-146-crown-zenith-pokemon.png,https://www.tcggo.com/external/cm/3769,https://www.tcggo.com/external/tcgplayer/3769,Ultra Ball,Ultra Ball 146,0.1,0.13,12734,EUR,[],,,,,,,,,,0.02,0.02,0.02,0.02,0.02,0.02,0.02,0.02,0.02,0.02,,,,,,,,,,,,,,,,,,,,,,,,,,,,,,,,,,,,,,,,,,,,,,,,,,EUR,0.35,0.17,Uncommon,ultra-ball,Trainer,https://www.tcggo.com/pokemon/crown-zenith/ultra-ball-146,swsh12pt5-146,478206,singles
2026-08-23T17:19:56+02:00,,520,Megumi Mizutani,megumi-mizutani,CRZ 147,147,691866,159,160,CRZ,Pokémon,pokemon,21,https://images.tcggo.com/tcggo/storage/3641/crown-zenith-logo.png,Crown Zenith,EUR,2208.81,EUR,1760.77,2023-01-20,2,Sword & Shield,sword-shield,crown-zenith,0,3770,https://images.tcggo.com/tcggo/storage/3789/elesas-sparkle-crz-147-crown-zenith-pokemon.png,https://www.tcggo.com/external/cm/3770,https://www.tcggo.com/external/tcgplayer/3770,Elesa's Sparkle,Elesa's Sparkle 147,19.79,18.22,281,EUR,,,,,,125,,145,48,29,18,17,18,23,23,18,19.99,19.99,14.99,14.99,USD,30.63,4,,,,,,,,,,,,,,,40.14,5,,,,,13.5,1,,,62.44,5,,,12.27,5,22.3,5,11.57,1,,,,,,,,,,,,,EUR,13.41,13.21,Rare Ultra,elesas-sparkle,Trainer,https://www.tcggo.com/pokemon/crown-zenith/elesas-sparkle-147,swsh12pt5-147,477241,singles
2026-08-23T17:19:56+02:00,,552,Kinu Nishimura,kinu-nishimura,CRZ 148,148,691867,159,160,CRZ,Pokémon,pokemon,21,https://images.tcggo.com/tcggo/storage/3641/crown-zenith-logo.png,Crown Zenith,EUR,2208.81,EUR,1760.77,2023-01-20,2,Sword & Shield,sword-shield,crown-zenith,0,3771,https://images.tcggo.com/tcggo/storage/3790/friends-in-hisui-crz-148-crown-zenith-pokemon.png,https://www.tcggo.com/external/cm/3771,https://www.tcggo.com/external/tcgplayer/3771,Friends in Hisui,Friends in Hisui 148,7,6.58,287,EUR,,,,,,40,,70,,34,5.99,5.9,6.29,9.95,9.95,5.99,9.89,9.89,3.1,3.75,USD,37.58,3,,,,,,,,,,,,,,,18.17,2,,,,,,,,,44.3,5,,,11.29,2,18.54,4,,,,,,,,,,,,,,,EUR,5.88,5.13,Rare Ultra,friends-in-hisui,Trainer,https://www.tcggo.com/pokemon/crown-zenith/friends-in-hisui-148,swsh12pt5-148,478118,singles
2026-08-23T17:19:56+02:00,,456,Hideki Ishikawa,hideki-ishikawa,CRZ 149,149,691868,159,160,CRZ,Pokémon,pokemon,21,https://images.tcggo.com/tcggo/storage/3641/crown-zenith-logo.png,Crown Zenith,EUR,2208.81,EUR,1760.77,2023-01-20,2,Sword & Shield,sword-shield,crown-zenith,0,3772,https://images.tcggo.com/tcggo/storage/3791/friends-in-sinnoh-crz-149-crown-zenith-pokemon.png,https://www.tcggo.com/external/cm/3772,https://www.tcggo.com/external/tcgplayer/3772,Friends in Sinnoh,Friends in Sinnoh 149,12.29,12.36,173,EUR,,,,,,,40,94,,,13.95,13,13,22,22,13.95,11.5,11.5,5,5,USD,47.08,3,,,,,,,,,,,,,6.32,1,24.08,5,,,,,,,,,71.34,5,,,10.96,2,22.29,5,,,,,,,,,,,,,,,EUR,7.97,6.4,Rare Ultra,friends-in-sinnoh,Trainer,https://www.tcggo.com/pokemon/crown-zenith/friends-in-sinnoh-149,swsh12pt5-149,478119,singles
2026-08-23T17:19:56+02:00,,379,Sanosuke Sakuma,sanosuke-sakuma,CRZ 150,150,691869,159,160,CRZ,Pokémon,pokemon,21,https://images.tcggo.com/tcggo/storage/3641/crown-zenith-logo.png,Crown Zenith,EUR,2208.81,EUR,1760.77,2023-01-20,2,Sword & Shield,sword-shield,crown-zenith,0,3773,https://images.tcggo.com/tcggo/storage/3792/professors-research-crz-150-crown-zenith-pokemon.png,https://www.tcggo.com/external/cm/3773,https://www.tcggo.com/external/tcgplayer/3773,Professor's Research,Professor's Research 150,3.63,3.31,,EUR,,,,,,,,25,,,2,2.9,2.9,,,2.9,3.4,3.4,2.45,2.45,,,,,,,,,,,,,,,,,,,,,,,,,,,,,,,,,,,,,,,,,,,,,,,,,,EUR,1.72,1.79,Rare Ultra,professors-research,Trainer,https://www.tcggo.com/pokemon/crown-zenith/professors-research-150,swsh12pt5-150,478121,singles
2026-08-23T17:19:56+02:00,,377,Souichirou Gunjima,souichirou-gunjima,CRZ 151,151,691870,159,160,CRZ,Pokémon,pokemon,21,https://images.tcggo.com/tcggo/storage/3641/crown-zenith-logo.png,Crown Zenith,EUR,2208.81,EUR,1760.77,2023-01-20,2,Sword & Shield,sword-shield,crown-zenith,0,3774,https://images.tcggo.com/tcggo/storage/3793/volo-crz-151-crown-zenith-pokemon.png,https://www.tcggo.com/external/cm/3774,https://www.tcggo.com/external/tcgplayer/3774,Volo,Volo 151,2.66,2.54,404,EUR,,,,,,,,60,,,1.97,1.99,1.99,3.5,3.5,1.97,3.79,3.79,1.48,1.48,,,,,,,,,,,,,,,,,,,,,,,,,,,,,,,,,,,,,,,,,,,,,,,,,,EUR,1.15,1.5,Rare Ultra,volo,Trainer,https://www.tcggo.com/pokemon/crown-zenith/volo-151,swsh12pt5-151,478123,singles
2026-08-23T17:19:56+02:00,,,,,CRZ 152,152,691871,159,160,CRZ,Pokémon,pokemon,21,https://images.tcggo.com/tcggo/storage/3641/crown-zenith-logo.png,Crown Zenith,EUR,2208.81,EUR,1760.77,2023-01-20,2,Sword & Shield,sword-shield,crown-zenith,0,3775,https://images.tcggo.com/tcggo/storage/3794/grass-energy-crz-152-crown-zenith-pokemon.png,https://www.tcggo.com/external/cm/3775,https://www.tcggo.com/external/tcgplayer/3775,Grass Energy,Grass Energy 152,3.18,3.18,190,EUR,,,,,,,,12,,,2,2.94,2.94,4.9,4.9,2,2,2,2.45,2.45,,,,,,,,,,,,,,,,,,,,,,,,,,,,,,,,,,,,,,,,,,,,,,,,,,EUR,2.97,2.78,Rare Ultra,grass-energy,Energy,https://www.tcggo.com/pokemon/crown-zenith/grass-energy-152,swsh12pt5-152,478116,singles
2026-08-23T17:19:56+02:00,,,,,CRZ 153,153,691872,159,160,CRZ,Pokémon,pokemon,21,https://images.tcggo.com/tcggo/storage/3641/crown-zenith-logo.png,Crown Zenith,EUR,2208.81,EUR,1760.77,2023-01-20,2,Sword & Shield,sword-shield,crown-zenith,0,3776,https://images.tcggo.com/tcggo/storage/3795/fire-energy-crz-153-crown-zenith-pokemon.png,https://www.tcggo.com/external/cm/3776,https://www.tcggo.com/external/tcgplayer/3776,Fire Energy,Fire Energy 153,3.25,3.31,173,EUR,[],,,,,,,,,,2,2,2,2,2,2,4,4,4.2,4.2,,,,,,,,,,,,,,,,,,,,,,,,,,,,,,,,,,,,,,,,,,,,,,,,,,EUR,3.21,2.54,Rare Ultra,fire-energy,Energy,https://www.tcggo.com/pokemon/crown-zenith/fire-energy-153,swsh12pt5-153,478115,singles
2026-08-23T17:19:56+02:00,,,,,CRZ 154,154,691873,159,160,CRZ,Pokémon,pokemon,21,https://images.tcggo.com/tcggo/storage/3641/crown-zenith-logo.png,Crown Zenith,EUR,2208.81,EUR,1760.77,2023-01-20,2,Sword & Shield,sword-shield,crown-zenith,0,3777,https://images.tcggo.com/tcggo/storage/3796/water-energy-crz-154-crown-zenith-pokemon.png,https://www.tcggo.com/external/cm/3777,https://www.tcggo.com/external/tcgplayer/3777,Water Energy,Water Energy 154,2.88,2.89,219,EUR,[],,,,,,,,,,1.85,1.4,1.4,5,5,2,3.5,3.5,3,3,,,,,,,,,,,,,,,,,,,,,,,,,,,,,,,,,,,,,,,,,,,,,,,,,,EUR,3.31,2.15,Rare Ultra,water-energy,Energy,https://www.tcggo.com/pokemon/crown-zenith/water-energy-154,swsh12pt5-154,478112,singles
2026-08-23T17:19:56+02:00,,,,,CRZ 155,155,691874,159,160,CRZ,Pokémon,pokemon,21,https://images.tcggo.com/tcggo/storage/3641/crown-zenith-logo.png,Crown Zenith,EUR,2208.81,EUR,1760.77,2023-01-20,2,Sword & Shield,sword-shield,crown-zenith,0,3778,https://images.tcggo.com/tcggo/storage/3797/lightning-energy-crz-155-crown-zenith-pokemon.png,https://www.tcggo.com/external/cm/3778,https://www.tcggo.com/external/tcgplayer/3778,Lightning Energy,Lightning Energy 155,2.53,2.29,261,EUR,[],,,,,,,,,,1.49,1.4,1.4,2.25,2.25,1.49,2.5,2.5,1.8,1.8,,,,,,,,,,,,,,,,,,,,,,,,,,,,,,,,,,,,,,,,,,,,,,,,,,EUR,2.17,2.1,Rare Ultra,lightning-energy,Energy,https://www.tcggo.com/pokemon/crown-zenith/lightning-energy-155,swsh12pt5-155,478111,singles
2026-08-23T17:19:56+02:00,,,,,CRZ 156,156,691875,159,160,CRZ,Pokémon,pokemon,21,https://images.tcggo.com/tcggo/storage/3641/crown-zenith-logo.png,Crown Zenith,EUR,2208.81,EUR,1760.77,2023-01-20,2,Sword & Shield,sword-shield,crown-zenith,0,3779,https://images.tcggo.com/tcggo/storage/3798/psychic-energy-crz-156-crown-zenith-pokemon.png,https://www.tcggo.com/external/cm/3779,https://www.tcggo.com/external/tcgplayer/3779,Psychic Energy,Psychic Energy 156,3.01,2.87,213,EUR,[],,,,,,,,,,2.49,2,2,5,5,2.49,3,3,3.4,3.4,,,,,,,,,,,,,,,,,,,,,,,,,,,,,,,,,,,,,,,,,,,,,,,,,,EUR,3.7,3.27,Rare Ultra,psychic-energy,Energy,https://www.tcggo.com/pokemon/crown-zenith/psychic-energy-156,swsh12pt5-156,478113,singles
2026-08-23T17:19:56+02:00,,,,,CRZ 157,157,691876,159,160,CRZ,Pokémon,pokemon,21,https://images.tcggo.com/tcggo/storage/3641/crown-zenith-logo.png,Crown Zenith,EUR,2208.81,EUR,1760.77,2023-01-20,2,Sword & Shield,sword-shield,crown-zenith,0,3780,https://images.tcggo.com/tcggo/storage/3799/fighting-energy-crz-157-crown-zenith-pokemon.png,https://www.tcggo.com/external/cm/3780,https://www.tcggo.com/external/tcgplayer/3780,Fighting Energy,Fighting Energy 157,3.06,2.96,203,EUR,[],,,,,,,,,,2,0.02,0.02,3.5,3.5,2,2.89,2.89,2,2,,,,,,,,,,,,,,,,,,,,,,,,,,,,,,,,,,,,,,,,,,,,,,,,,,EUR,3.55,2.69,Rare Ultra,fighting-energy,Energy,https://www.tcggo.com/pokemon/crown-zenith/fighting-energy-157,swsh12pt5-157,478109,singles
2026-08-23T17:19:56+02:00,,,,,CRZ 158,158,691877,159,160,CRZ,Pokémon,pokemon,21,https://images.tcggo.com/tcggo/storage/3641/crown-zenith-logo.png,Crown Zenith,EUR,2208.81,EUR,1760.77,2023-01-20,2,Sword & Shield,sword-shield,crown-zenith,0,3781,https://images.tcggo.com/tcggo/storage/3800/darkness-energy-crz-158-crown-zenith-pokemon.png,https://www.tcggo.com/external/cm/3781,https://www.tcggo.com/external/tcgplayer/3781,Darkness Energy,Darkness Energy 158,3.62,3.75,150,EUR,[],,,,,,,,,,2,1.99,1.99,4.75,4.75,2,3.98,3.98,2,2,,,,,,,,,,,,,,,,,,,,,,,,,,,,,,,,,,,,,,,,,,,,,,,,,,EUR,5.38,4.4,Rare Ultra,darkness-energy,Energy,https://www.tcggo.com/pokemon/crown-zenith/darkness-energy-158,swsh12pt5-158,478108,singles
2026-08-23T17:19:56+02:00,,,,,CRZ 159,159,691878,159,160,CRZ,Pokémon,pokemon,21,https://images.tcggo.com/tcggo/storage/3641/crown-zenith-logo.png,Crown Zenith,EUR,2208.81,EUR,1760.77,2023-01-20,2,Sword & Shield,sword-shield,crown-zenith,0,3782,https://images.tcggo.com/tcggo/storage/3801/metal-energy-crz-159-crown-zenith-pokemon.png,https://www.tcggo.com/external/cm/3782,https://www.tcggo.com/external/tcgplayer/3782,Metal Energy,Metal Energy 159,3.02,2.39,245,EUR,[],,,,,,,,,,1.65,0.2,0.2,3.5,3.5,1.65,4.8,4.8,1.95,1.95,,,,,,,,,,,,,,,,,,,,,,,,,,,,,,,,,,,,,,,,,,,,,,,,,,EUR,2.87,2.16,Rare Ultra,metal-energy,Energy,https://www.tcggo.com/pokemon/crown-zenith/metal-energy-159,swsh12pt5-159,478104,singles
2026-08-23T17:19:56+02:00,,522,You Iribi,you-iribi,CRZ 160,160,691879,159,160,CRZ,Pokémon,pokemon,21,https://images.tcggo.com/tcggo/storage/3641/crown-zenith-logo.png,Crown Zenith,EUR,2208.81,EUR,1760.77,2023-01-20,2,Sword & Shield,sword-shield,crown-zenith,70,3783,https://images.tcggo.com/tcggo/storage/3802/pikachu-crz-160-crown-zenith-pokemon.png,https://www.tcggo.com/external/cm/3783,https://www.tcggo.com/external/tcgplayer/3783,Pikachu,Pikachu 160,59.99,65.62,714,EUR,,,,90,88,179,,290,69,90,50,44.44,44.44,47,47,50,60,60,50,50,USD,124.58,5,41.92,1,35.95,2,47.08,5,,,398.45,1,,,52.86,5,97.56,5,,,45.99,1,49.34,5,,,224.28,5,34.19,5,35.89,5,53.83,5,143.22,3,,,,,304.73,5,,,,,72.76,5,EUR,40.4,58.11,Rare Secret,pikachu,Pokémon,https://www.tcggo.com/pokemon/crown-zenith/pikachu-160,swsh12pt5-160,478103,singles
2026-08-23T17:19:56+02:00,,359,HYOGONOSUKE,hyogonosuke,CRZ GG01,GG01,691880,159,160,CRZ,Pokémon,pokemon,21,https://images.tcggo.com/tcggo/storage/3641/crown-zenith-logo.png,Crown Zenith,EUR,2208.81,EUR,1760.77,2023-01-20,2,Sword & Shield,sword-shield,crown-zenith,50,3784,https://images.tcggo.com/tcggo/storage/3803/hisuian-voltorb-crz-gg01-crown-zenith-pokemon.png,https://www.tcggo.com/external/cm/3784,https://www.tcggo.com/external/tcgplayer/3784,Hisuian Voltorb,Hisuian Voltorb GG01,3.47,3.61,384,EUR,[],,,,,,,,,,2.29,2,2,1.9,1.9,2.29,3.5,3.5,1,1,,,,,,,,,,,,,,,,,,,,,,,,,,,,,,,,,,,,,,,,,,,,,,,,,,EUR,1.76,1.82,Trainer Gallery Rare Holo,hisuian-voltorb,Pokémon,https://www.tcggo.com/pokemon/crown-zenith/hisuian-voltorb-gg01,swsh12pt5gg-GG01,478017,singles
2026-08-23T17:19:56+02:00,,510,Nurikabe,nurikabe,CRZ GG02,GG02,691881,159,160,CRZ,Pokémon,pokemon,21,https://images.tcggo.com/tcggo/storage/3641/crown-zenith-logo.png,Crown Zenith,EUR,2208.81,EUR,1760.77,2023-01-20,2,Sword & Shield,sword-shield,crown-zenith,90,3785,https://images.tcggo.com/tcggo/storage/3804/kricketune-crz-gg02-crown-zenith-pokemon.png,https://www.tcggo.com/external/cm/3785,https://www.tcggo.com/external/tcgplayer/3785,Kricketune,Kricketune GG02,6.25,6.26,250,EUR,[],,,,,,,,,,5.9,5,5,4.9,4.9,5.9,8.95,8.95,3.7,3.7,USD,34.98,1,,,,,,,,,,,,,,,30.96,5,,,,,26.49,1,,,124.52,5,,,9.96,1,12.45,5,,,,,,,79.62,1,,,,,,,EUR,4.21,4.15,Trainer Gallery Rare Holo,kricketune,Pokémon,https://www.tcggo.com/pokemon/crown-zenith/kricketune-gg02,swsh12pt5gg-GG02,478019,singles
2026-08-23T17:19:56+02:00,,360,Saya Tsuruta,saya-tsuruta,CRZ GG03,GG03,691882,159,160,CRZ,Pokémon,pokemon,21,https://images.tcggo.com/tcggo/storage/3641/crown-zenith-logo.png,Crown Zenith,EUR,2208.81,EUR,1760.77,2023-01-20,2,Sword & Shield,sword-shield,crown-zenith,140,3786,https://images.tcggo.com/tcggo/storage/3805/magmortar-crz-gg03-crown-zenith-pokemon.png,https://www.tcggo.com/external/cm/3786,https://www.tcggo.com/external/tcgplayer/3786,Magmortar,Magmortar GG03,11.74,11.9,247,EUR,[],,,,,,,,,,10,10,10,10,10,10,16,16,5,5,USD,,,,,,,25.38,3,,,,,,,,,57.59,5,,,,,17.68,5,,,172.77,5,8.5,3,16.01,5,22.15,5,,,,,,,148.85,2,,,,,22.34,5,EUR,6.91,7.32,Trainer Gallery Rare Holo,magmortar,Pokémon,https://www.tcggo.com/pokemon/crown-zenith/magmortar-gg03,swsh12pt5gg-GG03,478020,singles
2026-08-23T17:19:56+02:00,,441,Tomokazu Komiya,tomokazu-komiya,CRZ GG04,GG04,691883,159,160,CRZ,Pokémon,pokemon,21,https://images.tcggo.com/tcggo/storage/3641/crown-zenith-logo.png,Crown Zenith,EUR,2208.81,EUR,1760.77,2023-01-20,2,Sword & Shield,sword-shield,crown-zenith,90,3787,https://images.tcggo.com/tcggo/storage/3806/oricorio-crz-gg04-crown-zenith-pokemon.png,https://www.tcggo.com/external/cm/3787,https://www.tcggo.com/external/tcgplayer/3787,Oricorio,Oricorio GG04,3.26,3.45,464,EUR,[],,,,,,,,,,2.47,2.5,2.5,1.5,1.5,2.47,3.3,3.3,1.97,1.97,USD,,,,,,,,,,,,,,,,,26.6,5,,,,,7.02,3,,,221.69,5,,,11.07,4,16.01,5,,,,,,,133.02,1,,,,,,,EUR,2.26,2.56,Trainer Gallery Rare Holo,oricorio,Pokémon,https://www.tcggo.com/pokemon/crown-zenith/oricorio-gg04,swsh12pt5gg-GG04,478021,singles
2026-08-23T17:19:56+02:00,,546,zig,zig,CRZ GG05,GG05,691884,159,160,CRZ,Pokémon,pokemon,21,https://images.tcggo.com/tcggo/storage/3641/crown-zenith-logo.png,Crown Zenith,EUR,2208.81,EUR,1760.77,2023-01-20,2,Sword & Shield,sword-shield,crown-zenith,130,3788,https://images.tcggo.com/tcggo/storage/3807/lapras-crz-gg05-crown-zenith-pokemon.png,https://www.tcggo.com/external/cm/3788,https://www.tcggo.com/external/tcgplayer/3788,Lapras,Lapras GG05,26.97,26.68,261,EUR,,,,,,,49,349,,55,25,24.49,24.49,27.5,27.5,25,24.9,24.9,9.99,9.99,USD,119.12,3,,,15.96,1,28.2,5,,,,,,,32.11,2,67,5,,,,,16.01,5,,,249.42,5,13.03,5,20.1,5,35.73,5,,,,,,,178.69,5,,,,,27.99,5,EUR,14.42,15.33,Trainer Gallery Rare Holo,lapras,Pokémon,https://www.tcggo.com/pokemon/crown-zenith/lapras-gg05,swsh12pt5gg-GG05,477049,singles
2026-08-23T17:19:56+02:00,,398,Taira Akitsu,taira-akitsu,CRZ GG06,GG06,691885,159,160,CRZ,Pokémon,pokemon,21,https://images.tcggo.com/tcggo/storage/3641/crown-zenith-logo.png,Crown Zenith,EUR,2208.81,EUR,1760.77,2023-01-20,2,Sword & Shield,sword-shield,crown-zenith,70,3789,https://images.tcggo.com/tcggo/storage/3808/manaphy-crz-gg06-crown-zenith-pokemon.png,https://www.tcggo.com/external/cm/3789,https://www.tcggo.com/external/tcgplayer/3789,Manaphy,Manaphy GG06,7.75,7.8,292,EUR,,,,,,,,85,,37,4.49,7,7,6.5,6.5,4.49,7.9,7.9,3,3,,,,,,,,,,,,,,,,,,,,,,,,,,,,,,,,,,,,,,,,,,,,,,,,,,EUR,3.74,3.99,Trainer Gallery Rare Holo,manaphy,Pokémon,https://www.tcggo.com/pokemon/crown-zenith/manaphy-gg06,swsh12pt5gg-GG06,478023,singles
2026-08-23T17:19:56+02:00,,382,KEIICHIRO ITO,keiichiro-ito,CRZ GG07,GG07,691886,159,160,CRZ,Pokémon,pokemon,21,https://images.tcggo.com/tcggo/storage/3641/crown-zenith-logo.png,Crown Zenith,EUR,2208.81,EUR,1760.77,2023-01-20,2,Sword & Shield,sword-shield,crown-zenith,110,3790,https://images.tcggo.com/tcggo/storage/3809/keldeo-crz-gg07-crown-zenith-pokemon.png,https://www.tcggo.com/external/cm/3790,https://www.tcggo.com/external/tcgplayer/3790,Keldeo,Keldeo GG07,16.72,15.97,268,EUR,,,,,,,20,,,,14.95,17,17,10.5,10.5,14.95,23,23,7.8,7.8,USD,66.54,5,,,18.77,1,25,5,,,,,,,28.48,1,53.61,5,,,,,13.75,3,,,134.32,5,9.51,4,13.77,5,31.26,5,,,,,,,150.77,5,,,,,31.21,5,EUR,11.16,11.96,Trainer Gallery Rare Holo,keldeo,Pokémon,https://www.tcggo.com/pokemon/crown-zenith/keldeo-gg07,swsh12pt5gg-GG07,478024,singles
2026-08-23T17:19:56+02:00,,416,Mina Nakai,mina-nakai,CRZ GG08,GG08,691887,159,160,CRZ,Pokémon,pokemon,21,https://images.tcggo.com/tcggo/storage/3641/crown-zenith-logo.png,Crown Zenith,EUR,2208.81,EUR,1760.77,2023-01-20,2,Sword & Shield,sword-shield,crown-zenith,140,3791,https://images.tcggo.com/tcggo/storage/3810/electivire-crz-gg08-crown-zenith-pokemon.png,https://www.tcggo.com/external/cm/3791,https://www.tcggo.com/external/tcgplayer/3791,Electivire,Electivire GG08,9.51,10.29,233,EUR,,,,,,120,,175,,59,8,8.99,8.99,10,10,8,9.9,,4.98,4.98,USD,98.25,3,,,,,21.25,3,,,,,,,,,34.2,5,,,,,30.53,1,,,245.32,5,10,1,12.84,5,23.79,5,95,1,,,,,88.09,3,,,,,23.64,4,EUR,5.68,6.38,Trainer Gallery Rare Holo,electivire,Pokémon,https://www.tcggo.com/pokemon/crown-zenith/electivire-gg08,swsh12pt5gg-GG08,478025,singles
2026-08-23T17:19:56+02:00,,494,Nelnal,nelnal,CRZ GG09,GG09,691888,159,160,CRZ,Pokémon,pokemon,21,https://images.tcggo.com/tcggo/storage/3641/crown-zenith-logo.png,Crown Zenith,EUR,2208.81,EUR,1760.77,2023-01-20,2,Sword & Shield,sword-shield,crown-zenith,120,3792,https://images.tcggo.com/tcggo/storage/3811/toxtricity-crz-gg09-crown-zenith-pokemon.png,https://www.tcggo.com/external/cm/3792,https://www.tcggo.com/external/tcgplayer/3792,Toxtricity,Toxtricity GG09,2.77,2.93,421,EUR,[],,,,,,,,,,1.5,2,2,2.7,2.7,1.5,3,3,1,1,,,,,,,,,,,,,,,,,,,,,,,,,,,,,,,,,,,,,,,,,,,,,,,,,,EUR,2.03,2.56,Trainer Gallery Rare Holo,toxtricity,Pokémon,https://www.tcggo.com/pokemon/crown-zenith/toxtricity-gg09,swsh12pt5gg-GG09,478026,singles
2026-08-23T17:19:56+02:00,,486,Ryota Murayama,ryota-murayama,CRZ GG10,GG10,691889,159,160,CRZ,Pokémon,pokemon,21,https://images.tcggo.com/tcggo/storage/3641/crown-zenith-logo.png,Crown Zenith,EUR,2208.81,EUR,1760.77,2023-01-20,2,Sword & Shield,sword-shield,crown-zenith,60,3793,https://images.tcggo.com/tcggo/storage/3812/mew-crz-gg10-crown-zenith-pokemon.png,https://www.tcggo.com/external/cm/3793,https://www.tcggo.com/external/tcgplayer/3793,Mew,Mew GG10,69.16,65.93,401,EUR,,,,,,250,,129,,107,35,62.99,62.99,50,50,35,60,60,49.99,49.99,USD,243.42,5,,,59.99,5,69.43,5,,,,,,,90,5,160.57,5,69.99,1,51,1,71.32,5,,,557.54,5,48.31,5,71.36,5,89.21,5,136.36,3,,,,,446.03,5,,,58.56,1,82.52,5,EUR,54.32,64.1,Trainer Gallery Rare Holo,mew,Pokémon,https://www.tcggo.com/pokemon/crown-zenith/mew-gg10,swsh12pt5gg-GG10,478027,singles
2026-08-23T17:19:56+02:00,,381,sowsow,sowsow,CRZ GG11,GG11,691890,159,160,CRZ,Pokémon,pokemon,21,https://images.tcggo.com/tcggo/storage/3641/crown-zenith-logo.png,Crown Zenith,EUR,2208.81,EUR,1760.77,2023-01-20,2,Sword & Shield,sword-shield,crown-zenith,90,3794,https://images.tcggo.com/tcggo/storage/3813/lunatone-crz-gg11-crown-zenith-pokemon.png,https://www.tcggo.com/external/cm/3794,https://www.tcggo.com/external/tcgplayer/3794,Lunatone,Lunatone GG11,8.61,8.91,170,EUR,,,,,,,,95,,75,5.99,9,9,7.2,7.2,5.99,8.99,8.99,5.5,5.5,USD,72.71,2,,,,,,,,,,,,,,,26.41,5,,,,,19.83,3,18,1,210.4,5,10,1,13.16,5,22.88,5,,,,,,,125.25,1,,,,,,,EUR,5.14,5.24,Trainer Gallery Rare Holo,lunatone,Pokémon,https://www.tcggo.com/pokemon/crown-zenith/lunatone-gg11,swsh12pt5gg-GG11,478028,singles
2026-08-23T17:19:56+02:00,,387,Scav,scav,CRZ GG12,GG12,691891,159,160,CRZ,Pokémon,pokemon,21,https://images.tcggo.com/tcggo/storage/3641/crown-zenith-logo.png,Crown Zenith,EUR,2208.81,EUR,1760.77,2023-01-20,2,Sword & Shield,sword-shield,crown-zenith,120,3795,https://images.tcggo.com/tcggo/storage/3814/deoxys-crz-gg12-crown-zenith-pokemon.png,https://www.tcggo.com/external/cm/3795,https://www.tcggo.com/external/tcgplayer/3795,Deoxys,Deoxys GG12,21.84,18.6,309,EUR,,,,,,190,29,419,,,14.99,13.99,13.99,14.95,14.95,14.99,27.99,27.99,14,14,USD,81.85,5,,,12.78,1,26.72,5,,,,,,,22.07,2,49.06,5,,,13.37,1,12.26,5,,,222.97,5,13.21,2,17.83,5,34.79,5,,,,,,,115.95,5,,,,,35.68,1,EUR,10.68,12.07,Trainer Gallery Rare Holo,deoxys,Pokémon,https://www.tcggo.com/pokemon/crown-zenith/deoxys-gg12,swsh12pt5gg-GG12,478029,singles
2026-08-23T17:19:56+02:00,,553,Haruko Ichikawa,haruko-ichikawa,CRZ GG13,GG13,281496,159,160,CRZ,Pokémon,pokemon,21,https://images.tcggo.com/tcggo/storage/3641/crown-zenith-logo.png,Crown Zenith,EUR,2208.81,EUR,1760.77,2023-01-20,2,Sword & Shield,sword-shield,crown-zenith,90,3796,https://images.tcggo.com/tcggo/storage/3815/diancie-crz-gg13-crown-zenith-pokemon.png,https://www.tcggo.com/external/cm/3796,https://www.tcggo.com/external/tcgplayer/3796,Diancie,Diancie GG13,4.29,3.94,295,EUR,[],,,,,,,,,,2.9,3,3,3.99,3.99,2.9,5,5,1.5,1.5,USD,,,,,,,,,,,,,,,,,,,,,,,,,,,115.27,3,,,,,21.71,4,,,,,,,,,,,,,,,EUR,2.78,2.99,Trainer Gallery Rare Holo,diancie,Pokémon,https://www.tcggo.com/pokemon/crown-zenith/diancie-gg13,swsh12pt5gg-GG13,478030,singles
2026-08-23T17:19:56+02:00,,476,Yano Keiji,yano-keiji,CRZ GG14,GG14,691893,159,160,CRZ,Pokémon,pokemon,21,https://images.tcggo.com/tcggo/storage/3641/crown-zenith-logo.png,Crown Zenith,EUR,2208.81,EUR,1760.77,2023-01-20,2,Sword & Shield,sword-shield,crown-zenith,70,3797,https://images.tcggo.com/tcggo/storage/3816/comfey-crz-gg14-crown-zenith-pokemon.png,https://www.tcggo.com/external/cm/3797,https://www.tcggo.com/external/tcgplayer/3797,Comfey,Comfey GG14,2.26,2.36,582,EUR,[],,,,,,,,,,1.2,1.5,1.5,1,1,1.2,1.99,1.99,0.85,0.85,,,,,,,,,,,,,,,,,,,,,,,,,,,,,,,,,,,,,,,,,,,,,,,,,,EUR,1.83,1.91,Trainer Gallery Rare Holo,comfey,Pokémon,https://www.tcggo.com/pokemon/crown-zenith/comfey-gg14,swsh12pt5gg-GG14,478031,singles
2026-08-23T17:19:56+02:00,,508,Nobuhiro Imagawa,nobuhiro-imagawa,CRZ GG15,GG15,691894,159,160,CRZ,Pokémon,pokemon,21,https://images.tcggo.com/tcggo/storage/3641/crown-zenith-logo.png,Crown Zenith,EUR,2208.81,EUR,1760.77,2023-01-20,2,Sword & Shield,sword-shield,crown-zenith,90,3798,https://images.tcggo.com/tcggo/storage/3818/solrock-crz-gg15-crown-zenith-pokemon.png,https://www.tcggo.com/external/cm/3798,https://www.tcggo.com/external/tcgplayer/3798,Solrock,Solrock GG15,7.08,6.95,228,EUR,,,,,,60,,,,35,5,8.7,8.7,3.9,3.9,5,4.5,4.5,3,3,,,,,,,,,,,,,,,,,,,,,,,,,,,,,,,,,,,,,,,,,,,,,,,,,,EUR,3.84,3.74,Trainer Gallery Rare Holo,solrock,Pokémon,https://www.tcggo.com/pokemon/crown-zenith/solrock-gg15,swsh12pt5gg-GG15,478032,singles
2026-08-23T17:19:56+02:00,,428,Uta,uta,CRZ GG16,GG16,691895,159,160,CRZ,Pokémon,pokemon,21,https://images.tcggo.com/tcggo/storage/3641/crown-zenith-logo.png,Crown Zenith,EUR,2208.81,EUR,1760.77,2023-01-20,2,Sword & Shield,sword-shield,crown-zenith,100,3799,https://images.tcggo.com/tcggo/storage/3817/absol-crz-gg16-crown-zenith-pokemon.png,https://www.tcggo.com/external/cm/3799,https://www.tcggo.com/external/tcgplayer/3799,Absol,Absol GG16,8.9,9.51,256,EUR,[],,,,,,,,,,6.99,7.99,8.7,7,7,6.99,17,17,4,4,,,,,,,,,,,,,,,,,,,,,,,,,,,,,,,,,,,,,,,,,,,,,,,,,,EUR,5.23,5.44,Trainer Gallery Rare Holo,absol,Pokémon,https://www.tcggo.com/pokemon/crown-zenith/absol-gg16,swsh12pt5gg-GG16,478034,singles
2026-08-23T17:19:56+02:00,,536,NC Empire,nc-empire,CRZ GG17,GG17,691896,159,160,CRZ,Pokémon,pokemon,21,https://images.tcggo.com/tcggo/storage/3641/crown-zenith-logo.png,Crown Zenith,EUR,2208.81,EUR,1760.77,2023-01-20,2,Sword & Shield,sword-shield,crown-zenith,100,3800,https://images.tcggo.com/tcggo/storage/3819/thievul-crz-gg17-crown-zenith-pokemon.png,https://www.tcggo.com/external/cm/3800,https://www.tcggo.com/external/tcgplayer/3800,Thievul,Thievul GG17,3.37,2.79,356,EUR,[],,,,,,,,,,1.98,2.2,2.5,2.7,2.7,1.98,4,4,1,1,,,,,,,,,,,,,,,,,,,,,,,,,,,,,,,,,,,,,,,,,,,,,,,,,,EUR,1.84,1.92,Trainer Gallery Rare Holo,thievul,Pokémon,https://www.tcggo.com/pokemon/crown-zenith/thievul-gg17,swsh12pt5gg-GG17,477056,singles
2026-08-23T17:19:56+02:00,,466,Shinya Komatsu,shinya-komatsu,CRZ GG18,GG18,691897,159,160,CRZ,Pokémon,pokemon,21,https://images.tcggo.com/tcggo/storage/3641/crown-zenith-logo.png,Crown Zenith,EUR,2208.81,EUR,1760.77,2023-01-20,2,Sword & Shield,sword-shield,crown-zenith,150,3801,https://images.tcggo.com/tcggo/storage/3820/magnezone-crz-gg18-crown-zenith-pokemon.png,https://www.tcggo.com/external/cm/3801,https://www.tcggo.com/external/tcgplayer/3801,Magnezone,Magnezone GG18,4.8,4.74,307,EUR,,,,,,45,,123,,45,2.99,4,4.4,4.49,4.49,2.99,4.98,4.98,1.9,1.9,USD,,,,,,,,,,,,,,,,,34.5,4,,,,,,,,,98,5,,,9.99,5,19.99,5,35,1,,,,,50,2,,,,,,,EUR,2.71,3.15,Trainer Gallery Rare Holo,magnezone,Pokémon,https://www.tcggo.com/pokemon/crown-zenith/magnezone-gg18,swsh12pt5gg-GG18,478036,singles
2026-08-23T17:19:56+02:00,,427,Asako Ito,asako-ito,CRZ GG19,GG19,691898,159,160,CRZ,Pokémon,pokemon,21,https://images.tcggo.com/tcggo/storage/3641/crown-zenith-logo.png,Crown Zenith,EUR,2208.81,EUR,1760.77,2023-01-20,2,Sword & Shield,sword-shield,crown-zenith,90,3802,https://images.tcggo.com/tcggo/storage/3821/altaria-crz-gg19-crown-zenith-pokemon.png,https://www.tcggo.com/external/cm/3802,https://www.tcggo.com/external/tcgplayer/3802,Altaria,Altaria GG19,8.65,8.54,259,EUR,,,,,,80,,,,49,8.97,8.69,8.69,6.8,6.8,8.97,8.5,9.8,3,3,USD,74.47,5,,,,,18.14,1,,,,,,,,,31.4,5,,,,,,,,,205.59,5,6.09,1,13.45,5,22.42,5,,,,,8.97,1,,,,,,,10.03,1,EUR,6.71,7.14,Trainer Gallery Rare Holo,altaria,Pokémon,https://www.tcggo.com/pokemon/crown-zenith/altaria-gg19,swsh12pt5gg-GG19,475444,singles
2026-08-23T17:19:56+02:00,,385,Teeziro,teeziro,CRZ GG20,GG20,691899,159,160,CRZ,Pokémon,pokemon,21,https://images.tcggo.com/tcggo/storage/3641/crown-zenith-logo.png,Crown Zenith,EUR,2208.81,EUR,1760.77,2023-01-20,2,Sword & Shield,sword-shield,crown-zenith,120,3803,https://images.tcggo.com/tcggo/storage/3822/latias-crz-gg20-crown-zenith-pokemon.png,https://www.tcggo.com/external/cm/3803,https://www.tcggo.com/external/tcgplayer/3803,Latias,Latias GG20,25.49,21.64,305,EUR,,,,,,,45,450,,45,16.84,18,19.75,24.5,24.5,19,24.85,25,14.5,14.5,USD,91.52,5,19.76,1,,,22.78,5,,,,,,,22.29,3,75.94,5,,,,,18.76,5,99.99,2,348.44,5,13.01,5,17.87,5,26.8,5,,,,,,,223.36,5,,,,,26.06,5,EUR,11.91,13.68,Trainer Gallery Rare Holo,latias,Pokémon,https://www.tcggo.com/pokemon/crown-zenith/latias-gg20,swsh12pt5gg-GG20,478038,singles
2026-08-23T17:19:56+02:00,,522,You Iribi,you-iribi,CRZ GG21,GG21,691900,159,160,CRZ,Pokémon,pokemon,21,https://images.tcggo.com/tcggo/storage/3641/crown-zenith-logo.png,Crown Zenith,EUR,2208.81,EUR,1760.77,2023-01-20,2,Sword & Shield,sword-shield,crown-zenith,160,3804,https://images.tcggo.com/tcggo/storage/3823/hisuian-goodra-crz-gg21-crown-zenith-pokemon.png,https://www.tcggo.com/external/cm/3804,https://www.tcggo.com/external/tcgplayer/3804,Hisuian Goodra,Hisuian Goodra GG21,3.7,3.56,294,EUR,[],,,,,,,,,,3,3,3,3.45,3.45,3,3.95,3.95,1.29,1.29,,,,,,,,,,,,,,,,,,,,,,,,,,,,,,,,,,,,,,,,,,,,,,,,,,EUR,2.23,2.46,Trainer Gallery Rare Holo,hisuian-goodra,Pokémon,https://www.tcggo.com/pokemon/crown-zenith/hisuian-goodra-gg21,swsh12pt5gg-GG21,478039,singles
2026-08-23T17:19:56+02:00,,438,Miki Tanaka,miki-tanaka,CRZ GG22,GG22,691901,159,160,CRZ,Pokémon,pokemon,21,https://images.tcggo.com/tcggo/storage/3641/crown-zenith-logo.png,Crown Zenith,EUR,2208.81,EUR,1760.77,2023-01-20,2,Sword & Shield,sword-shield,crown-zenith,70,3805,https://images.tcggo.com/tcggo/storage/3824/ditto-crz-gg22-crown-zenith-pokemon.png,https://www.tcggo.com/external/cm/3805,https://www.tcggo.com/external/tcgplayer/3805,Ditto,Ditto GG22,12.61,14.71,313,EUR,,,,,,,,,,55,12,11,11,12,12,12,6.99,6.99,4,4,USD,124.58,5,,,14.99,3,21.25,5,,,,,,,20.07,1,343.09,5,,,,,25,5,,,632.86,5,13.38,5,24.72,5,53.61,5,,,,,,,402.05,2,,,,,34.38,2,EUR,12.79,14.53,Trainer Gallery Rare Holo,ditto,Pokémon,https://www.tcggo.com/pokemon/crown-zenith/ditto-gg22,swsh12pt5gg-GG22,475445,singles
2026-08-23T17:19:56+02:00,,397,Kurata So,kurata-so,CRZ GG23,GG23,691902,159,160,CRZ,Pokémon,pokemon,21,https://images.tcggo.com/tcggo/storage/3641/crown-zenith-logo.png,Crown Zenith,EUR,2208.81,EUR,1760.77,2023-01-20,2,Sword & Shield,sword-shield,crown-zenith,60,3806,https://images.tcggo.com/tcggo/storage/3825/dunsparce-crz-gg23-crown-zenith-pokemon.png,https://www.tcggo.com/external/cm/3806,https://www.tcggo.com/external/tcgplayer/3806,Dunsparce,Dunsparce GG23,3.1,3.24,423,EUR,[],,,,,,,,,,1,3.4,3.4,2.5,2.5,1,2.99,2.99,0.9,0.9,,,,,,,,,,,,,,,,,,,,,,,,,,,,,,,,,,,,,,,,,,,,,,,,,,EUR,1.91,2.25,Trainer Gallery Rare Holo,dunsparce,Pokémon,https://www.tcggo.com/pokemon/crown-zenith/dunsparce-gg23,swsh12pt5gg-GG23,478041,singles
2026-08-23T17:19:56+02:00,,409,Yuu Nishida,yuu-nishida,CRZ GG24,GG24,691903,159,160,CRZ,Pokémon,pokemon,21,https://images.tcggo.com/tcggo/storage/3641/crown-zenith-logo.png,Crown Zenith,EUR,2208.81,EUR,1760.77,2023-01-20,2,Sword & Shield,sword-shield,crown-zenith,110,3807,https://images.tcggo.com/tcggo/storage/3826/miltank-crz-gg24-crown-zenith-pokemon.png,https://www.tcggo.com/external/cm/3807,https://www.tcggo.com/external/tcgplayer/3807,Miltank,Miltank GG24,8.34,7.9,262,EUR,,,,,,,,115,,50,7.3,7.45,7.95,5,5,7.3,6,6,2.8,2.8,USD,85.32,5,,,15.96,3,26.24,3,,,,,,,24.08,1,49.34,5,,,,,16.15,1,,,250.45,5,14.95,1,14.95,5,31.39,5,,,,,,,93.63,1,,,,,26.22,2,EUR,11.13,12.81,Trainer Gallery Rare Holo,miltank,Pokémon,https://www.tcggo.com/pokemon/crown-zenith/miltank-gg24,swsh12pt5gg-GG24,478043,singles
2026-08-23T17:19:56+02:00,,545,Amelicart,amelicart,CRZ GG25,GG25,691904,159,160,CRZ,Pokémon,pokemon,21,https://images.tcggo.com/tcggo/storage/3641/crown-zenith-logo.png,Crown Zenith,EUR,2208.81,EUR,1760.77,2023-01-20,2,Sword & Shield,sword-shield,crown-zenith,120,3808,https://images.tcggo.com/tcggo/storage/3827/bibarel-crz-gg25-crown-zenith-pokemon.png,https://www.tcggo.com/external/cm/3808,https://www.tcggo.com/external/tcgplayer/3808,Bibarel,Bibarel GG25,3.9,3.83,466,EUR,[],,,,,,,,,,2.5,3.5,3.5,2.85,2.85,2.5,3.5,3.5,1.49,1.49,,,,,,,,,,,,,,,,,,,,,,,,,,,,,,,,,,,,,,,,,,,,,,,,,,EUR,2.37,2.39,Trainer Gallery Rare Holo,bibarel,Pokémon,https://www.tcggo.com/pokemon/crown-zenith/bibarel-gg25,swsh12pt5gg-GG25,475643,singles
2026-08-23T17:19:56+02:00,,378,Kouki Saitou,kouki-saitou,CRZ GG26,GG26,691905,159,160,CRZ,Pokémon,pokemon,21,https://images.tcggo.com/tcggo/storage/3641/crown-zenith-logo.png,Crown Zenith,EUR,2208.81,EUR,1760.77,2023-01-20,2,Sword & Shield,sword-shield,crown-zenith,60,3809,https://images.tcggo.com/tcggo/storage/3828/riolu-crz-gg26-crown-zenith-pokemon.png,https://www.tcggo.com/external/cm/3809,https://www.tcggo.com/external/tcgplayer/3809,Riolu,Riolu GG26,11.19,10.99,301,EUR,,,,,,,,19,,25,8.43,11,11.49,13,13,9.5,9.98,9.98,4,4,USD,94.66,4,15,1,,,23.96,5,,,,,,,,,27.7,5,,,21.88,1,14.27,4,,,113.54,5,11.54,1,12.06,5,25.91,5,31.17,1,,,,,68.44,2,,,,,11.09,2,EUR,6.62,7.07,Trainer Gallery Rare Holo,riolu,Pokémon,https://www.tcggo.com/pokemon/crown-zenith/riolu-gg26,swsh12pt5gg-GG26,478045,singles
2026-08-23T17:19:56+02:00,,378,Kouki Saitou,kouki-saitou,CRZ GG27,GG27,691906,159,160,CRZ,Pokémon,pokemon,21,https://images.tcggo.com/tcggo/storage/3641/crown-zenith-logo.png,Crown Zenith,EUR,2208.81,EUR,1760.77,2023-01-20,2,Sword & Shield,sword-shield,crown-zenith,50,3810,https://images.tcggo.com/tcggo/storage/3829/swablu-crz-gg27-crown-zenith-pokemon.png,https://www.tcggo.com/external/cm/3810,https://www.tcggo.com/external/tcgplayer/3810,Swablu,Swablu GG27,7.15,7.7,296,EUR,[],,,,,,,,,,4.82,9.29,9.29,5,5,5.5,5.8,6,4,4,,,,,,,,,,,,,,,,,,,,,,,,,,,,,,,,,,,,,,,,,,,,,,,,,,EUR,3.98,4.24,Trainer Gallery Rare Holo,swablu,Pokémon,https://www.tcggo.com/pokemon/crown-zenith/swablu-gg27,swsh12pt5gg-GG27,478046,singles
2026-08-23T17:19:56+02:00,,378,Kouki Saitou,kouki-saitou,CRZ GG28,GG28,691907,159,160,CRZ,Pokémon,pokemon,21,https://images.tcggo.com/tcggo/storage/3641/crown-zenith-logo.png,Crown Zenith,EUR,2208.81,EUR,1760.77,2023-01-20,2,Sword & Shield,sword-shield,crown-zenith,60,3811,https://images.tcggo.com/tcggo/storage/3830/duskull-crz-gg28-crown-zenith-pokemon.png,https://www.tcggo.com/external/cm/3811,https://www.tcggo.com/external/tcgplayer/3811,Duskull,Duskull GG28,5.06,5.04,320,EUR,,,,,,40,,,,,4,5.1,5.1,5,5,4,5,5,2.99,2.99,,,,,,,,,,,,,,,,,,,,,,,,,,,,,,,,,,,,,,,,,,,,,,,,,,EUR,2.66,3.01,Trainer Gallery Rare Holo,duskull,Pokémon,https://www.tcggo.com/pokemon/crown-zenith/duskull-gg28,swsh12pt5gg-GG28,478047,singles
2026-08-23T17:19:56+02:00,,378,Kouki Saitou,kouki-saitou,CRZ GG29,GG29,691908,159,160,CRZ,Pokémon,pokemon,21,https://images.tcggo.com/tcggo/storage/3641/crown-zenith-logo.png,Crown Zenith,EUR,2208.81,EUR,1760.77,2023-01-20,2,Sword & Shield,sword-shield,crown-zenith,60,3812,https://images.tcggo.com/tcggo/storage/3831/bidoof-crz-gg29-crown-zenith-pokemon.png,https://www.tcggo.com/external/cm/3812,https://www.tcggo.com/external/tcgplayer/3812,Bidoof,Bidoof GG29,7.25,7.19,283,EUR,,,,,,,,300,,,3,7.3,7.3,4,4,3,2.8,2.8,2.9,2.9,USD,,,,,,,,,,,,,,,,,21.5,5,,,,,,,,,104,5,18,1,14.75,4,14.99,5,,,,,,,,,,,,,,,EUR,4.74,5.13,Trainer Gallery Rare Holo,bidoof,Pokémon,https://www.tcggo.com/pokemon/crown-zenith/bidoof-gg29,swsh12pt5gg-GG29,478048,singles
2026-08-23T17:19:56+02:00,,378,Kouki Saitou,kouki-saitou,CRZ GG30,GG30,691909,159,160,CRZ,Pokémon,pokemon,21,https://images.tcggo.com/tcggo/storage/3641/crown-zenith-logo.png,Crown Zenith,EUR,2208.81,EUR,1760.77,2023-01-20,2,Sword & Shield,sword-shield,crown-zenith,60,3813,https://images.tcggo.com/tcggo/storage/3832/pikachu-crz-gg30-crown-zenith-pokemon.png,https://www.tcggo.com/external/cm/3813,https://www.tcggo.com/external/tcgplayer/3813,Pikachu,Pikachu GG30,59.75,53.66,400,EUR,,,,,,,,,80,249,39.72,40,40,50,50,45.34,45,49.99,39.9,39.9,USD,156.7,5,30.51,2,33.13,3,42.3,5,,,,,,,62.12,4,132.04,5,25.38,2,30,1,43.97,5,,,356.54,5,32.75,5,32.28,5,64.99,5,100.12,2,,,,,380.75,5,,,,,69.55,5,EUR,36.84,43.17,Trainer Gallery Rare Holo,pikachu,Pokémon,https://www.tcggo.com/pokemon/crown-zenith/pikachu-gg30,swsh12pt5gg-GG30,478058,singles
2026-08-23T17:19:56+02:00,,378,Kouki Saitou,kouki-saitou,CRZ GG31,GG31,691910,159,160,CRZ,Pokémon,pokemon,21,https://images.tcggo.com/tcggo/storage/3641/crown-zenith-logo.png,Crown Zenith,EUR,2208.81,EUR,1760.77,2023-01-20,2,Sword & Shield,sword-shield,crown-zenith,80,3814,https://images.tcggo.com/tcggo/storage/3833/turtwig-crz-gg31-crown-zenith-pokemon.png,https://www.tcggo.com/external/cm/3814,https://www.tcggo.com/external/tcgplayer/3814,Turtwig,Turtwig GG31,11.53,11.14,313,EUR,[],,,,,,,,,,9.9,13.35,13.35,11.99,11.99,9.9,10,10,4.5,4.5,USD,124.33,2,,,,,25.88,3,,,,,,,,,44.67,5,,,18.58,1,22.29,5,,,263.56,5,16.07,5,15.26,5,31.26,5,,,,,,,142.68,3,,,,,,,EUR,6.69,7.68,Trainer Gallery Rare Holo,turtwig,Pokémon,https://www.tcggo.com/pokemon/crown-zenith/turtwig-gg31,swsh12pt5gg-GG31,478059,singles
2026-08-23T17:19:56+02:00,,378,Kouki Saitou,kouki-saitou,CRZ GG32,GG32,691911,159,160,CRZ,Pokémon,pokemon,21,https://images.tcggo.com/tcggo/storage/3641/crown-zenith-logo.png,Crown Zenith,EUR,2208.81,EUR,1760.77,2023-01-20,2,Sword & Shield,sword-shield,crown-zenith,70,3815,https://images.tcggo.com/tcggo/storage/3834/paras-crz-gg32-crown-zenith-pokemon.png,https://www.tcggo.com/external/cm/3815,https://www.tcggo.com/external/tcgplayer/3815,Paras,Paras GG32,12.14,12.3,229,EUR,[],,,,,,,,,,7,12.89,12.89,14.5,14.5,7,7.95,7.97,6,6,USD,64.46,3,,,9.5,1,,,,,,,,,,,18.78,5,,,,,15.96,5,,,155.58,5,13.15,2,10.04,4,25.33,5,,,,,,,,,,,,,25.69,1,EUR,3.91,4.12,Trainer Gallery Rare Holo,paras,Pokémon,https://www.tcggo.com/pokemon/crown-zenith/paras-gg32,swsh12pt5gg-GG32,478061,singles
2026-08-23T17:19:56+02:00,,378,Kouki Saitou,kouki-saitou,CRZ GG33,GG33,298768,159,160,CRZ,Pokémon,pokemon,21,https://images.tcggo.com/tcggo/storage/3641/crown-zenith-logo.png,Crown Zenith,EUR,2208.81,EUR,1760.77,2023-01-20,2,Sword & Shield,sword-shield,crown-zenith,60,3816,https://images.tcggo.com/tcggo/storage/3835/poochyena-crz-gg33-crown-zenith-pokemon.png,https://www.tcggo.com/external/cm/3816,https://www.tcggo.com/external/tcgplayer/3816,Poochyena,Poochyena GG33,7.59,7.71,274,EUR,[],,,,,,,,,,4.95,8.35,8.35,7,7,4.95,5.5,5.5,2.48,2.48,USD,,,,,,,30.65,2,,,,,,,,,19.95,2,,,,,,,,,100.14,5,,,13.51,5,20.41,5,,,,,,,83.43,1,,,,,,,EUR,3.51,3.97,Trainer Gallery Rare Holo,poochyena,Pokémon,https://www.tcggo.com/pokemon/crown-zenith/poochyena-gg33,swsh12pt5gg-GG33,478062,singles
2026-08-23T17:19:56+02:00,,378,Kouki Saitou,kouki-saitou,CRZ GG34,GG34,691913,159,160,CRZ,Pokémon,pokemon,21,https://images.tcggo.com/tcggo/storage/3641/crown-zenith-logo.png,Crown Zenith,EUR,2208.81,EUR,1760.77,2023-01-20,2,Sword & Shield,sword-shield,crown-zenith,60,3817,https://images.tcggo.com/tcggo/storage/3836/mareep-crz-gg34-crown-zenith-pokemon.png,https://www.tcggo.com/external/cm/3817,https://www.tcggo.com/external/tcgplayer/3817,Mareep,Mareep GG34,11.39,11.31,286,EUR,[],,,,,,,,,,10.75,13.49,13.49,8,8,10.75,12,12,5,5,USD,67.71,2,,,,,19.67,4,,,,,,,,,31.27,5,,,,,13.66,2,,,189.86,5,9.83,1,7.06,5,26.51,5,,,,,,,,,,,,,,,EUR,4.44,4.69,Trainer Gallery Rare Holo,mareep,Pokémon,https://www.tcggo.com/pokemon/crown-zenith/mareep-gg34,swsh12pt5gg-GG34,478063,singles
2026-08-23T17:19:56+02:00,,535,Jiro Sasumo,jiro-sasumo,CRZ GG35,GG35,691915,159,160,CRZ,Pokémon,pokemon,21,https://images.tcggo.com/tcggo/storage/3641/crown-zenith-logo.png,Crown Zenith,EUR,2208.81,EUR,1760.77,2023-01-20,2,Sword & Shield,sword-shield,crown-zenith,260,3818,https://images.tcggo.com/tcggo/storage/3837/leafeon-vstar-crz-gg35-crown-zenith-pokemon.png,https://www.tcggo.com/external/cm/3818,https://www.tcggo.com/external/tcgplayer/3818,Leafeon VSTAR,Leafeon VSTAR GG35,91.55,84.69,270,EUR,,400,,,,149,,210,,94,75,68,68,76.99,76.99,75,105,105,47.9,47.9,USD,131.11,5,,,,,82.62,5,,,339.78,4,,,47.85,1,111.21,5,,,,,66,5,,,195.72,5,65.86,2,62.27,5,78.29,5,67.88,1,60,1,,,222.41,5,,,,,75.51,4,EUR,56.97,67.53,Rare Holo VSTAR,leafeon-vstar,Pokémon,https://www.tcggo.com/pokemon/crown-zenith/leafeon-vstar-gg35,swsh12pt5gg-GG35,477060,singles
2026-08-23T17:19:56+02:00,,437,Shigenori Negishi,shigenori-negishi,CRZ GG36,GG36,691916,159,160,CRZ,Pokémon,pokemon,21,https://images.tcggo.com/tcggo/storage/3641/crown-zenith-logo.png,Crown Zenith,EUR,2208.81,EUR,1760.77,2023-01-20,2,Sword & Shield,sword-shield,crown-zenith,230,3819,https://images.tcggo.com/tcggo/storage/3838/entei-v-crz-gg36-crown-zenith-pokemon.png,https://www.tcggo.com/external/cm/3819,https://www.tcggo.com/external/tcgplayer/3819,Entei V,Entei V GG36,59.76,49.41,318,EUR,,,,,,69,,189,,85,45,45,45,45,45,45,78,78,33,33,USD,99.25,5,,,,,49.55,5,,,,,,,57.58,1,84.75,5,,,34.77,1,44.95,5,,,137.9,5,,,44.6,5,58.6,5,77.92,2,,,38.01,1,176.87,5,,,,,66.9,5,EUR,37.09,46.54,Rare Holo V,entei-v,Pokémon,https://www.tcggo.com/pokemon/crown-zenith/entei-v-gg36,swsh12pt5gg-GG36,478065,singles
2026-08-23T17:19:56+02:00,,554,nagano,nagano,CRZ GG37,GG37,691917,159,160,CRZ,Pokémon,pokemon,21,https://images.tcggo.com/tcggo/storage/3641/crown-zenith-logo.png,Crown Zenith,EUR,2208.81,EUR,1760.77,2023-01-20,2,Sword & Shield,sword-shield,crown-zenith,260,3820,https://images.tcggo.com/tcggo/storage/3839/simisear-vstar-crz-gg37-crown-zenith-pokemon.png,https://www.tcggo.com/external/cm/3820,https://www.tcggo.com/external/tcgplayer/3820,Simisear VSTAR,Simisear VSTAR GG37,24.15,22.6,221,EUR,,,,,,,,199,30,95,21.99,20.99,20.99,28.98,28.98,21.99,22,22,12.5,12.5,USD,59.5,5,12.68,1,,,27.99,5,,,,,,,,,62.54,5,,,,,28.59,3,,,136.62,5,16.14,2,18.42,4,34.99,5,,,,,,,125.08,5,,,24.08,1,45.11,4,EUR,20.64,22.73,Rare Holo VSTAR,simisear-vstar,Pokémon,https://www.tcggo.com/pokemon/crown-zenith/simisear-vstar-gg37,swsh12pt5gg-GG37,478066,singles
2026-08-23T17:19:56+02:00,,460,Atsushi Furusawa,atsushi-furusawa,CRZ GG38,GG38,691918,159,160,CRZ,Pokémon,pokemon,21,https://images.tcggo.com/tcggo/storage/3641/crown-zenith-logo.png,Crown Zenith,EUR,2208.81,EUR,1760.77,2023-01-20,2,Sword & Shield,sword-shield,crown-zenith,210,3821,https://images.tcggo.com/tcggo/storage/3840/suicune-v-crz-gg38-crown-zenith-pokemon.png,https://www.tcggo.com/external/cm/3821,https://www.tcggo.com/external/tcgplayer/3821,Suicune V,Suicune V GG38,76.22,70.68,310,EUR,,,,,,149,79,260,,85,64,67,67,60,60,64,105,105,44.99,44.99,USD,119.12,5,,,,,54.25,5,,,,,48,1,66,1,98.68,5,,,,,40.21,5,,,197.36,5,42.01,3,43.96,5,53.83,5,108.75,2,,,59.13,1,219.8,5,,,,,80.73,5,EUR,40.55,50.83,Rare Holo V,suicune-v,Pokémon,https://www.tcggo.com/pokemon/crown-zenith/suicune-v-gg38,swsh12pt5gg-GG38,478067,singles
2026-08-23T17:19:56+02:00,,386,Jerky,jerky,CRZ GG39,GG39,691919,159,160,CRZ,Pokémon,pokemon,21,https://images.tcggo.com/tcggo/storage/3641/crown-zenith-logo.png,Crown Zenith,EUR,2208.81,EUR,1760.77,2023-01-20,2,Sword & Shield,sword-shield,crown-zenith,170,3822,https://images.tcggo.com/tcggo/storage/3841/lumineon-v-crz-gg39-crown-zenith-pokemon.png,https://www.tcggo.com/external/cm/3822,https://www.tcggo.com/external/tcgplayer/3822,Lumineon V,Lumineon V GG39,31.31,23.31,295,EUR,,,,,,119,,159,,50,22.5,23.98,23.98,21,21,22.5,29.5,29.5,12,12,USD,70.36,5,,,23.51,1,32.38,5,,,,,,,,,46.26,5,,,,,14.66,5,,,133.44,5,,,19.56,5,26.69,5,,,,,,,85,3,,,20,1,25.19,4,EUR,15.01,16.73,Rare Holo V,lumineon-v,Pokémon,https://www.tcggo.com/pokemon/crown-zenith/lumineon-v-gg39,swsh12pt5gg-GG39,478068,singles
2026-08-23T17:19:56+02:00,,396,Gemi,gemi,CRZ GG40,GG40,691920,159,160,CRZ,Pokémon,pokemon,21,https://images.tcggo.com/tcggo/storage/3641/crown-zenith-logo.png,Crown Zenith,EUR,2208.81,EUR,1760.77,2023-01-20,2,Sword & Shield,sword-shield,crown-zenith,260,3823,https://images.tcggo.com/tcggo/storage/3842/glaceon-vstar-crz-gg40-crown-zenith-pokemon.png,https://www.tcggo.com/external/cm/3823,https://www.tcggo.com/external/tcgplayer/3823,Glaceon VSTAR,Glaceon VSTAR GG40,80.95,79.62,287,EUR,,129,,99,,119,,175,,70,49,75,75,48.99,48.99,49,80,80,44.5,44.5,USD,94.99,5,,,,,52.25,5,,,233.63,2,,,53.83,3,98.01,5,,,58.31,1,49.88,5,,,140,5,36.63,3,58.31,5,42.61,5,105.59,1,,,,,160,5,53.82,1,,,55,5,EUR,45.31,52.7,Rare Holo VSTAR,glaceon-vstar,Pokémon,https://www.tcggo.com/pokemon/crown-zenith/glaceon-vstar-gg40,swsh12pt5gg-GG40,477061,singles
2026-08-23T17:19:56+02:00,,405,nagimiso,nagimiso,CRZ GG41,GG41,691921,159,160,CRZ,Pokémon,pokemon,21,https://images.tcggo.com/tcggo/storage/3641/crown-zenith-logo.png,Crown Zenith,EUR,2208.81,EUR,1760.77,2023-01-20,2,Sword & Shield,sword-shield,crown-zenith,200,3824,https://images.tcggo.com/tcggo/storage/3843/raikou-v-crz-gg41-crown-zenith-pokemon.png,https://www.tcggo.com/external/cm/3824,https://www.tcggo.com/external/tcgplayer/3824,Raikou V,Raikou V GG41,64.14,50.37,285,EUR,,94,,,,,,215,132,75,48.15,47,47,50,50,50,85,85,30,31.5,USD,114.25,5,,,,,93.58,5,166.17,1,,,,,32.58,1,93.67,5,,,,,35.8,5,,,146.82,5,,,44.6,5,44.6,5,55.75,3,,,,,196.25,5,,,40.57,2,49.81,5,EUR,31.77,37.18,Rare Holo V,raikou-v,Pokémon,https://www.tcggo.com/pokemon/crown-zenith/raikou-v-gg41,swsh12pt5gg-GG41,478069,singles
2026-08-23T17:19:56+02:00,,529,aoki,aoki,CRZ GG42,GG42,691922,159,160,CRZ,Pokémon,pokemon,21,https://images.tcggo.com/tcggo/storage/3641/crown-zenith-logo.png,Crown Zenith,EUR,2208.81,EUR,1760.77,2023-01-20,2,Sword & Shield,sword-shield,crown-zenith,320,3825,https://images.tcggo.com/tcggo/storage/3844/zeraora-vmax-crz-gg42-crown-zenith-pokemon.png,https://www.tcggo.com/external/cm/3825,https://www.tcggo.com/external/tcgplayer/3825,Zeraora VMAX,Zeraora VMAX GG42,40.46,34.98,212,EUR,,,,,,200,,47,,92,29,25,25,29.99,29.99,29,65,65,17,17,USD,59.45,5,,,26.67,2,26.42,1,,,147.82,1,,,,,50.23,5,,,,,18.47,4,,,81.12,5,,,13.34,5,22.43,5,,,,,,,86.37,5,,,,,,,EUR,16.02,17.07,Rare Holo VMAX,zeraora-vmax,Pokémon,https://www.tcggo.com/pokemon/crown-zenith/zeraora-vmax-gg42,swsh12pt5gg-GG42,477062,singles
2026-08-23T17:19:56+02:00,,407,Ligton,ligton,CRZ GG43,GG43,691923,159,160,CRZ,Pokémon,pokemon,21,https://images.tcggo.com/tcggo/storage/3641/crown-zenith-logo.png,Crown Zenith,EUR,2208.81,EUR,1760.77,2023-01-20,2,Sword & Shield,sword-shield,crown-zenith,270,3826,https://images.tcggo.com/tcggo/storage/3845/zeraora-vstar-crz-gg43-crown-zenith-pokemon.png,https://www.tcggo.com/external/cm/3826,https://www.tcggo.com/external/tcgplayer/3826,Zeraora VSTAR,Zeraora VSTAR GG43,33.96,33.23,236,EUR,,115,,,59,64,,130,41,,28,30.5,30.5,25,25,28,75,75,19,19,USD,54.52,5,,,,,29.43,1,,,,,,,,,46.58,5,,,7.5,2,22.3,5,,,171.35,5,,,22.3,5,35.39,5,35.88,2,,,14.48,2,107.05,5,,,,,,,EUR,13.17,14.59,Rare Holo VSTAR,zeraora-vstar,Pokémon,https://www.tcggo.com/pokemon/crown-zenith/zeraora-vstar-gg43,swsh12pt5gg-GG43,478071,singles
2026-08-23T17:19:56+02:00,,373,GOSSAN,gossan,CRZ GG44,GG44,674368,159,160,CRZ,Pokémon,pokemon,21,https://images.tcggo.com/tcggo/storage/3641/crown-zenith-logo.png,Crown Zenith,EUR,2208.81,EUR,1760.77,2023-01-20,2,Sword & Shield,sword-shield,crown-zenith,280,3827,https://images.tcggo.com/tcggo/storage/3846/mewtwo-vstar-crz-gg44-crown-zenith-pokemon.png,https://www.tcggo.com/external/cm/3827,https://www.tcggo.com/external/tcgplayer/3827,Mewtwo VSTAR,Mewtwo VSTAR GG44,294.5,320.62,335,EUR,,,1800,,345,525,309,324,,309,200,170,170,200,200,200,250,250,199.97,199.97,USD,309.55,5,,,,,228.4,5,,,1069.61,5,,,243.09,3,347.9,5,,,,,220.58,5,,,551.09,5,,,213.62,5,244.99,5,450,2,,,139.39,1,568.18,5,,,,,260.32,5,EUR,207.6,256.41,Rare Holo VSTAR,mewtwo-vstar,Pokémon,https://www.tcggo.com/pokemon/crown-zenith/mewtwo-vstar-gg44,swsh12pt5gg-GG44,477057,singles
2026-08-23T17:19:56+02:00,,426,Akira Komayama,akira-komayama,CRZ GG45,GG45,691925,159,160,CRZ,Pokémon,pokemon,21,https://images.tcggo.com/tcggo/storage/3641/crown-zenith-logo.png,Crown Zenith,EUR,2208.81,EUR,1760.77,2023-01-20,2,Sword & Shield,sword-shield,crown-zenith,330,3828,https://images.tcggo.com/tcggo/storage/3847/deoxys-vmax-crz-gg45-crown-zenith-pokemon.png,https://www.tcggo.com/external/cm/3828,https://www.tcggo.com/external/tcgplayer/3828,Deoxys VMAX,Deoxys VMAX GG45,55.26,58.34,236,EUR,,,,,49,109,,185,,99,43.99,37.99,37.99,43.95,43.95,43.99,54,54,24.9,24.9,USD,79.99,5,,,,,43.34,5,,,431.7,2,,,77.52,1,96.74,5,,,58.85,1,46.47,5,,,149.52,5,,,45.99,3,47.64,5,135.22,1,,,,,244.15,5,,,108.32,1,70.76,5,EUR,43.46,47.03,Rare Holo VMAX,deoxys-vmax,Pokémon,https://www.tcggo.com/pokemon/crown-zenith/deoxys-vmax-gg45,swsh12pt5gg-GG45,477354,singles
2026-08-23T17:19:56+02:00,,429,DOM,dom,CRZ GG46,GG46,691926,159,160,CRZ,Pokémon,pokemon,21,https://images.tcggo.com/tcggo/storage/3641/crown-zenith-logo.png,Crown Zenith,EUR,2208.81,EUR,1760.77,2023-01-20,2,Sword & Shield,sword-shield,crown-zenith,270,3829,https://images.tcggo.com/tcggo/storage/3848/deoxys-vstar-crz-gg46-crown-zenith-pokemon.png,https://www.tcggo.com/external/cm/3829,https://www.tcggo.com/external/tcgplayer/3829,Deoxys VSTAR,Deoxys VSTAR GG46,55.52,64.7,237,EUR,,,,,,119,29,69,,76,42.09,42.87,42.87,45,45,45,99.99,99.99,32.99,32.99,USD,93.58,5,,,35.6,1,39.63,5,,,,,,,52.17,2,89.72,5,,,35.89,1,45,3,,,233.23,5,35.89,3,39.99,5,53.83,5,,,,,22.43,1,145,5,,,,,36,5,EUR,30.68,36.94,Rare Holo VSTAR,deoxys-vstar,Pokémon,https://www.tcggo.com/pokemon/crown-zenith/deoxys-vstar-gg46,swsh12pt5gg-GG46,477059,singles
2026-08-23T17:19:56+02:00,,503,sui,sui,CRZ GG47,GG47,691927,159,160,CRZ,Pokémon,pokemon,21,https://images.tcggo.com/tcggo/storage/3641/crown-zenith-logo.png,Crown Zenith,EUR,2208.81,EUR,1760.77,2023-01-20,2,Sword & Shield,sword-shield,crown-zenith,320,3830,https://images.tcggo.com/tcggo/storage/3849/hatterene-vmax-crz-gg47-crown-zenith-pokemon.png,https://www.tcggo.com/external/cm/3830,https://www.tcggo.com/external/tcgplayer/3830,Hatterene VMAX,Hatterene VMAX GG47,8.04,8.54,255,EUR,,,,,,,,23,,20,6.9,6.49,6.49,7,7,6.9,13.5,13.5,4.5,4.5,USD,47.13,4,,,,,,,,,10.79,1,,,,,19.33,3,,,,,,,,,57.49,5,,,,,17.68,5,,,,,,,,,,,,,,,EUR,4.71,5.01,Rare Holo VMAX,hatterene-vmax,Pokémon,https://www.tcggo.com/pokemon/crown-zenith/hatterene-vmax-gg47,swsh12pt5gg-GG47,478074,singles
2026-08-23T17:19:56+02:00,,555,Hataya,hataya,CRZ GG48,GG48,691928,159,160,CRZ,Pokémon,pokemon,21,https://images.tcggo.com/tcggo/storage/3641/crown-zenith-logo.png,Crown Zenith,EUR,2208.81,EUR,1760.77,2023-01-20,2,Sword & Shield,sword-shield,crown-zenith,220,3831,https://images.tcggo.com/tcggo/storage/3850/zacian-v-crz-gg48-crown-zenith-pokemon.png,https://www.tcggo.com/external/cm/3831,https://www.tcggo.com/external/tcgplayer/3831,Zacian V,Zacian V GG48,32.33,27.22,244,EUR,,,,,,130,,100,40,47,22,22,22,22,22,22,56,56,17,17,USD,62.06,5,,,25.75,2,31.58,5,,,,,,,35.99,1,52.82,5,,,13.5,1,22.01,5,,,123.24,5,,,21.5,5,35.21,5,31,1,,,,,98.31,5,,,,,53.32,1,EUR,19.31,21.37,Rare Holo V,zacian-v,Pokémon,https://www.tcggo.com/pokemon/crown-zenith/zacian-v-gg48,swsh12pt5gg-GG48,478075,singles
2026-08-23T17:19:56+02:00,,401,Yuka Morii,yuka-morii,CRZ GG49,GG49,691929,159,160,CRZ,Pokémon,pokemon,21,https://images.tcggo.com/tcggo/storage/3641/crown-zenith-logo.png,Crown Zenith,EUR,2208.81,EUR,1760.77,2023-01-20,2,Sword & Shield,sword-shield,crown-zenith,210,3832,https://images.tcggo.com/tcggo/storage/3851/drapion-v-crz-gg49-crown-zenith-pokemon.png,https://www.tcggo.com/external/cm/3832,https://www.tcggo.com/external/tcgplayer/3832,Drapion V,Drapion V GG49,9.34,8.94,247,EUR,,,,,,99,,85,,25,7.89,8.99,8.99,9.5,9.5,9.12,9,9,5.44,5.44,USD,43.73,5,,,10.07,1,19.79,1,,,,,,,,,31.13,5,,,13.3,1,10.2,4,,,97.87,5,,,11.97,3,17.79,5,,,,,,,62.27,3,,,,,19.57,1,EUR,7.58,6.75,Rare Holo V,drapion-v,Pokémon,https://www.tcggo.com/pokemon/crown-zenith/drapion-v-gg49,swsh12pt5gg-GG49,478076,singles
2026-08-23T17:19:56+02:00,,516,Pani Kobayashi,pani-kobayashi,CRZ GG50,GG50,691930,159,160,CRZ,Pokémon,pokemon,21,https://images.tcggo.com/tcggo/storage/3641/crown-zenith-logo.png,Crown Zenith,EUR,2208.81,EUR,1760.77,2023-01-20,2,Sword & Shield,sword-shield,crown-zenith,270,3833,https://images.tcggo.com/tcggo/storage/3852/darkrai-vstar-crz-gg50-crown-zenith-pokemon.png,https://www.tcggo.com/external/cm/3833,https://www.tcggo.com/external/tcgplayer/3833,Darkrai VSTAR,Darkrai VSTAR GG50,112.03,124.26,309,EUR,,,,,150,,,319,,110,91.8,84.99,84.99,120,120,91.8,140,140,95,95,USD,145,5,,,83.25,1,82.86,5,,,,,,,94.57,2,158.46,5,,,40,1,90.96,5,,,212.75,5,32.94,1,68.96,5,96.83,5,165.89,2,44.57,1,,,330.13,5,,,,,109.16,5,EUR,44.62,50.33,Rare Holo VSTAR,darkrai-vstar,Pokémon,https://www.tcggo.com/pokemon/crown-zenith/darkrai-vstar-gg50,swsh12pt5gg-GG50,478077,singles
2026-08-23T17:19:56+02:00,,414,kodama,kodama,CRZ GG51,GG51,691931,159,160,CRZ,Pokémon,pokemon,21,https://images.tcggo.com/tcggo/storage/3641/crown-zenith-logo.png,Crown Zenith,EUR,2208.81,EUR,1760.77,2023-01-20,2,Sword & Shield,sword-shield,crown-zenith,220,3834,https://images.tcggo.com/tcggo/storage/3853/hisuian-samurott-v-crz-gg51-crown-zenith-pokemon.png,https://www.tcggo.com/external/cm/3834,https://www.tcggo.com/external/tcgplayer/3834,Hisuian Samurott V,Hisuian Samurott V GG51,20.6,20.01,221,EUR,,,,,,,,110,25,35,16.85,15,15,28.9,28.9,19,28,28,14.49,14.49,USD,47.08,5,,,,,21.25,3,,,,,,,22.29,1,42.89,5,,,,,12.35,4,,,97.39,5,,,16.94,5,21.88,5,20,3,,,,,62.43,5,,,,,,,EUR,11.38,12.82,Rare Holo V,hisuian-samurott-v,Pokémon,https://www.tcggo.com/pokemon/crown-zenith/hisuian-samurott-v-gg51,swsh12pt5gg-GG51,478078,singles
2026-08-23T17:19:56+02:00,,440,Shibuzoh.,shibuzoh,CRZ GG52,GG52,691932,159,160,CRZ,Pokémon,pokemon,21,https://images.tcggo.com/tcggo/storage/3641/crown-zenith-logo.png,Crown Zenith,EUR,2208.81,EUR,1760.77,2023-01-20,2,Sword & Shield,sword-shield,crown-zenith,270,3835,https://images.tcggo.com/tcggo/storage/3854/hisuian-samurott-vstar-crz-gg52-crown-zenith-pokemon.png,https://www.tcggo.com/external/cm/3835,https://www.tcggo.com/external/tcgplayer/3835,Hisuian Samurott VSTAR,Hisuian Samurott VSTAR GG52,13.53,12.74,227,EUR,,,,,,69,,100,,39,11.5,13.98,13.98,8,8,11.5,25.5,25.5,8.5,8.5,USD,42,5,,,,,17.68,2,,,,,,,,,51.73,5,,,,,14.5,2,,,90,5,,,13,3,24.97,5,,,,,,,54.87,3,,,,,17.7,1,EUR,7.7,8.42,Rare Holo VSTAR,hisuian-samurott-vstar,Pokémon,https://www.tcggo.com/pokemon/crown-zenith/hisuian-samurott-vstar-gg52,swsh12pt5gg-GG52,478079,singles
2026-08-23T17:19:56+02:00,,394,OKACHEKE,okacheke,CRZ GG53,GG53,691933,159,160,CRZ,Pokémon,pokemon,21,https://images.tcggo.com/tcggo/storage/3641/crown-zenith-logo.png,Crown Zenith,EUR,2208.81,EUR,1760.77,2023-01-20,2,Sword & Shield,sword-shield,crown-zenith,220,3836,https://images.tcggo.com/tcggo/storage/3855/hoopa-v-crz-gg53-crown-zenith-pokemon.png,https://www.tcggo.com/external/cm/3836,https://www.tcggo.com/external/tcgplayer/3836,Hoopa V,Hoopa V GG53,14.02,12.81,192,EUR,,,,,,49,,200,,40,13.99,10,12.99,15,15,13.99,25,25,9.5,9.5,USD,47.08,5,,,,,24.94,2,,,,,,,13.76,1,28.99,5,,,,,17.24,2,,,91.06,5,,,10.78,5,24.97,5,,,,,,,77.64,2,,,,,,,EUR,7.45,8.44,Rare Holo V,hoopa-v,Pokémon,https://www.tcggo.com/pokemon/crown-zenith/hoopa-v-gg53,swsh12pt5gg-GG53,477181,singles
2026-08-23T17:19:56+02:00,,487,Haru Akasaka,haru-akasaka,CRZ GG54,GG54,691934,159,160,CRZ,Pokémon,pokemon,21,https://images.tcggo.com/tcggo/storage/3641/crown-zenith-logo.png,Crown Zenith,EUR,2208.81,EUR,1760.77,2023-01-20,2,Sword & Shield,sword-shield,crown-zenith,220,3837,https://images.tcggo.com/tcggo/storage/3856/zamazenta-v-crz-gg54-crown-zenith-pokemon.png,https://www.tcggo.com/external/cm/3837,https://www.tcggo.com/external/tcgplayer/3837,Zamazenta V,Zamazenta V GG54,28.54,26.16,248,EUR,,,,,40,123,,143,,49,23.99,23.99,23.99,24,24,23.99,61,61,16,16,USD,54.52,5,,,,,22.29,4,,,,,,,,,44.6,5,,,22.41,1,15.51,3,,,89.21,5,9.5,1,23.19,5,26.75,5,,,,,,,111.51,5,,,,,28.99,4,EUR,15.98,17.45,Rare Holo V,zamazenta-v,Pokémon,https://www.tcggo.com/pokemon/crown-zenith/zamazenta-v-gg54,swsh12pt5gg-GG54,478081,singles
2026-08-23T17:19:56+02:00,,435,Aya Kusube,aya-kusube,CRZ GG55,GG55,691935,159,160,CRZ,Pokémon,pokemon,21,https://images.tcggo.com/tcggo/storage/3641/crown-zenith-logo.png,Crown Zenith,EUR,2208.81,EUR,1760.77,2023-01-20,2,Sword & Shield,sword-shield,crown-zenith,300,3838,https://images.tcggo.com/tcggo/storage/3857/regigigas-vstar-crz-gg55-crown-zenith-pokemon.png,https://www.tcggo.com/external/cm/3838,https://www.tcggo.com/external/tcgplayer/3838,Regigigas VSTAR,Regigigas VSTAR GG55,32.29,28.35,233,EUR,,,,,,,,130,,57,24,24.9,24.9,25,25,24,38.9,38.9,19.99,19.99,USD,59.45,5,,,,,24.43,2,,,,,,,19.13,2,40.14,5,,,,,20.06,4,,,83.63,5,,,17.83,5,31.21,5,,,,,,,102.59,5,11.55,1,,,31.22,1,EUR,14.49,15.38,Rare Holo VSTAR,regigigas-vstar,Pokémon,https://www.tcggo.com/pokemon/crown-zenith/regigigas-vstar-gg55,swsh12pt5gg-GG55,478083,singles
2026-08-23T17:19:56+02:00,,433,SIE NANAHARA,sie-nanahara,CRZ GG56,GG56,691936,159,160,CRZ,Pokémon,pokemon,21,https://images.tcggo.com/tcggo/storage/3641/crown-zenith-logo.png,Crown Zenith,EUR,2208.81,EUR,1760.77,2023-01-20,2,Sword & Shield,sword-shield,crown-zenith,270,3839,https://images.tcggo.com/tcggo/storage/3858/hisuian-zoroark-vstar-crz-gg56-crown-zenith-pokemon.png,https://www.tcggo.com/external/cm/3839,https://www.tcggo.com/external/tcgplayer/3839,Hisuian Zoroark VSTAR,Hisuian Zoroark VSTAR GG56,52.01,44.62,214,EUR,,,,,,,75,170,,57,35,45,45,43.98,43.98,35,84,84,39.95,39.95,USD,85,5,,,,,43.56,5,,,209.32,1,,,,,76.26,5,,,,,30,1,,,144.89,5,28.97,3,33.64,5,52.03,5,60.11,2,,,,,107.66,5,,,,,31.27,5,EUR,28.94,31.42,Rare Holo VSTAR,hisuian-zoroark-vstar,Pokémon,https://www.tcggo.com/pokemon/crown-zenith/hisuian-zoroark-vstar-gg56,swsh12pt5gg-GG56,477050,singles
2026-08-23T17:19:56+02:00,,463,Naoki Saito,naoki-saito,CRZ GG57,GG57,691937,159,160,CRZ,Pokémon,pokemon,21,https://images.tcggo.com/tcggo/storage/3641/crown-zenith-logo.png,Crown Zenith,EUR,2208.81,EUR,1760.77,2023-01-20,2,Sword & Shield,sword-shield,crown-zenith,0,3840,https://images.tcggo.com/tcggo/storage/3859/adaman-crz-gg57-crown-zenith-pokemon.png,https://www.tcggo.com/external/cm/3840,https://www.tcggo.com/external/tcgplayer/3840,Adaman,Adaman GG57,5.83,5.79,289,EUR,,,,,,,,39,,20,4.99,4.5,4.5,6,6,4.99,8,8,3,3,,,,,,,,,,,,,,,,,,,,,,,,,,,,,,,,,,,,,,,,,,,,,,,,,,EUR,4.38,4.29,Rare Ultra,adaman,Trainer,https://www.tcggo.com/pokemon/crown-zenith/adaman-gg57,swsh12pt5gg-GG57,478085,singles
2026-08-23T17:19:56+02:00,,500,chibi,chibi,CRZ GG58,GG58,691938,159,160,CRZ,Pokémon,pokemon,21,https://images.tcggo.com/tcggo/storage/3641/crown-zenith-logo.png,Crown Zenith,EUR,2208.81,EUR,1760.77,2023-01-20,2,Sword & Shield,sword-shield,crown-zenith,0,3841,https://images.tcggo.com/tcggo/storage/3860/cherens-care-crz-gg58-crown-zenith-pokemon.png,https://www.tcggo.com/external/cm/3841,https://www.tcggo.com/external/tcgplayer/3841,Cheren's Care,Cheren's Care GG58,5.81,6.56,273,EUR,,,,,,,24,44,,,4.3,5.9,5.9,7,7,4.3,7.75,7.75,2.5,2.5,,,,,,,,,,,,,,,,,,,,,,,,,,,,,,,,,,,,,,,,,,,,,,,,,,EUR,2.72,2.72,Rare Ultra,cherens-care,Trainer,https://www.tcggo.com/pokemon/crown-zenith/cherens-care-gg58,swsh12pt5gg-GG58,478086,singles
2026-08-23T17:19:56+02:00,,454,kantaro,kantaro,CRZ GG59,GG59,691939,159,160,CRZ,Pokémon,pokemon,21,https://images.tcggo.com/tcggo/storage/3641/crown-zenith-logo.png,Crown Zenith,EUR,2208.81,EUR,1760.77,2023-01-20,2,Sword & Shield,sword-shield,crown-zenith,0,3842,https://images.tcggo.com/tcggo/storage/3861/colresss-experiment-crz-gg59-crown-zenith-pokemon.png,https://www.tcggo.com/external/cm/3842,https://www.tcggo.com/external/tcgplayer/3842,Colress's Experiment,Colress's Experiment GG59,4.48,4.38,384,EUR,,,,,,,,39,,30,3,3.99,3.99,4.5,4.5,3,6,6,2.9,2.9,USD,,,,,,,,,,,,,,,,,5,1,,,,,9.99,1,,,39.99,5,,,,,22.5,1,,,,,,,,,,,,,,,EUR,2.28,2.56,Rare Ultra,colresss-experiment,Trainer,https://www.tcggo.com/pokemon/crown-zenith/colresss-experiment-gg59,swsh12pt5gg-GG59,478087,singles
2026-08-23T17:19:56+02:00,,413,Atsuya Uki,atsuya-uki,CRZ GG60,GG60,691940,159,160,CRZ,Pokémon,pokemon,21,https://images.tcggo.com/tcggo/storage/3641/crown-zenith-logo.png,Crown Zenith,EUR,2208.81,EUR,1760.77,2023-01-20,2,Sword & Shield,sword-shield,crown-zenith,0,3843,https://images.tcggo.com/tcggo/storage/3862/cynthias-ambition-crz-gg60-crown-zenith-pokemon.png,https://www.tcggo.com/external/cm/3843,https://www.tcggo.com/external/tcgplayer/3843,Cynthia's Ambition,Cynthia's Ambition GG60,27.52,28.4,239,EUR,,,,,59,59,,109,39,38,24,26.5,26.5,35,35,24,27,27,17.99,17.99,USD,70.8,5,,,,,25.29,3,,,,,,,,,53.08,5,,,,,17.79,5,,,97.87,5,16.5,3,19.57,5,20.93,5,,,,,,,133.45,5,,,,,14.4,2,EUR,16.97,17.17,Rare Ultra,cynthias-ambition,Trainer,https://www.tcggo.com/pokemon/crown-zenith/cynthias-ambition-gg60,swsh12pt5gg-GG60,477052,singles
2026-08-23T17:19:56+02:00,,357,Yoriyuki Ikegami,yoriyuki-ikegami,CRZ GG61,GG61,691941,159,160,CRZ,Pokémon,pokemon,21,https://images.tcggo.com/tcggo/storage/3641/crown-zenith-logo.png,Crown Zenith,EUR,2208.81,EUR,1760.77,2023-01-20,2,Sword & Shield,sword-shield,crown-zenith,0,3844,https://images.tcggo.com/tcggo/storage/3863/gardenias-vigor-crz-gg61-crown-zenith-pokemon.png,https://www.tcggo.com/external/cm/3844,https://www.tcggo.com/external/tcgplayer/3844,Gardenia's Vigor,Gardenia's Vigor GG61,12.77,11.78,219,EUR,,,,,,55,,199,,30,10,11.9,11.9,15,15,10,18,18,8.79,8.79,USD,41.74,4,,,,,21.55,2,,,,,,,,,31.2,5,,,,,7.41,1,,,62.53,5,5.92,1,15.09,2,17.86,5,,,,,,,75.74,2,,,,,,,EUR,10.5,10.44,Rare Ultra,gardenias-vigor,Trainer,https://www.tcggo.com/pokemon/crown-zenith/gardenias-vigor-gg61,swsh12pt5gg-GG61,477058,singles
2026-08-23T17:19:56+02:00,,368,Oswaldo KATO,oswaldo-kato,CRZ GG62,GG62,691942,159,160,CRZ,Pokémon,pokemon,21,https://images.tcggo.com/tcggo/storage/3641/crown-zenith-logo.png,Crown Zenith,EUR,2208.81,EUR,1760.77,2023-01-20,2,Sword & Shield,sword-shield,crown-zenith,0,3845,https://images.tcggo.com/tcggo/storage/3864/grant-crz-gg62-crown-zenith-pokemon.png,https://www.tcggo.com/external/cm/3845,https://www.tcggo.com/external/tcgplayer/3845,Grant,Grant GG62,3.91,4.18,336,EUR,,,,,,60,,69,,,2.5,2.99,2.99,4,4,2.5,5.6,5.6,2.99,2.99,,,,,,,,,,,,,,,,,,,,,,,,,,,,,,,,,,,,,,,,,,,,,,,,,,EUR,1.94,1.94,Rare Ultra,grant,Trainer,https://www.tcggo.com/pokemon/crown-zenith/grant-gg62,swsh12pt5gg-GG62,478091,singles
2026-08-23T17:19:56+02:00,,463,Naoki Saito,naoki-saito,CRZ GG63,GG63,691943,159,160,CRZ,Pokémon,pokemon,21,https://images.tcggo.com/tcggo/storage/3641/crown-zenith-logo.png,Crown Zenith,EUR,2208.81,EUR,1760.77,2023-01-20,2,Sword & Shield,sword-shield,crown-zenith,0,3846,https://images.tcggo.com/tcggo/storage/3865/irida-crz-gg63-crown-zenith-pokemon.png,https://www.tcggo.com/external/cm/3846,https://www.tcggo.com/external/tcgplayer/3846,Irida,Irida GG63,8.78,10.55,424,EUR,,,,,,29,,80,,28,7.5,6.99,6.99,9.5,9.5,7.5,9.8,9.8,3.49,3.49,USD,25.45,1,,,,,11,1,,,,,,,12.5,1,16.07,5,,,6.24,1,18.47,2,,,41.87,5,14.48,1,10.43,5,19.73,5,,,,,,,35.89,2,,,,,14.5,1,EUR,5.98,6.61,Rare Ultra,irida,Trainer,https://www.tcggo.com/pokemon/crown-zenith/irida-gg63,swsh12pt5gg-GG63,478092,singles
2026-08-23T17:19:56+02:00,,391,saino misaki,saino-misaki,CRZ GG64,GG64,691944,159,160,CRZ,Pokémon,pokemon,21,https://images.tcggo.com/tcggo/storage/3641/crown-zenith-logo.png,Crown Zenith,EUR,2208.81,EUR,1760.77,2023-01-20,2,Sword & Shield,sword-shield,crown-zenith,0,3847,https://images.tcggo.com/tcggo/storage/3866/melony-crz-gg64-crown-zenith-pokemon.png,https://www.tcggo.com/external/cm/3847,https://www.tcggo.com/external/tcgplayer/3847,Melony,Melony GG64,6.51,6.32,259,EUR,,,,,,,,59,,29,5.2,4.88,4.88,6,6,5.99,7,7,2.5,2.5,USD,,,,,,,,,,,,,,,19.5,1,21.5,2,,,,,,,,,51,5,,,11,2,19.5,5,,,,,,,,,,,,,,,EUR,5.34,5.38,Rare Ultra,melony,Trainer,https://www.tcggo.com/pokemon/crown-zenith/melony-gg64,swsh12pt5gg-GG64,478093,singles
2026-08-23T17:19:56+02:00,,459,GIDORA,gidora,CRZ GG65,GG65,691945,159,160,CRZ,Pokémon,pokemon,21,https://images.tcggo.com/tcggo/storage/3641/crown-zenith-logo.png,Crown Zenith,EUR,2208.81,EUR,1760.77,2023-01-20,2,Sword & Shield,sword-shield,crown-zenith,0,3848,https://images.tcggo.com/tcggo/storage/3867/raihan-crz-gg65-crown-zenith-pokemon.png,https://www.tcggo.com/external/cm/3848,https://www.tcggo.com/external/tcgplayer/3848,Raihan,Raihan GG65,5.38,5.41,307,EUR,,,,,,,,,20,25,4,5,5,7,7,4,7,7,2.99,2.99,,,,,,,,,,,,,,,,,,,,,,,,,,,,,,,,,,,,,,,,,,,,,,,,,,EUR,3.17,3.42,Rare Ultra,raihan,Trainer,https://www.tcggo.com/pokemon/crown-zenith/raihan-gg65,swsh12pt5gg-GG65,478095,singles
2026-08-23T17:19:56+02:00,,364,Toshinao Aoki,toshinao-aoki,CRZ GG66,GG66,691946,159,160,CRZ,Pokémon,pokemon,21,https://images.tcggo.com/tcggo/storage/3641/crown-zenith-logo.png,Crown Zenith,EUR,2208.81,EUR,1760.77,2023-01-20,2,Sword & Shield,sword-shield,crown-zenith,0,3849,https://images.tcggo.com/tcggo/storage/3868/roxanne-crz-gg66-crown-zenith-pokemon.png,https://www.tcggo.com/external/cm/3849,https://www.tcggo.com/external/tcgplayer/3849,Roxanne,Roxanne GG66,6.87,6.66,309,EUR,,,,,,,,45,,,2.5,6,6,7,7,2.5,6,6,3.5,3.5,USD,27.03,2,,,,,26.42,1,,,,,,,,,16.98,5,,,,,26.79,1,,,78.49,5,,,15,1,17.83,5,,,,,,,,,,,,,,,EUR,4.05,4.27,Rare Ultra,roxanne,Trainer,https://www.tcggo.com/pokemon/crown-zenith/roxanne-gg66,swsh12pt5gg-GG66,478096,singles
2026-08-23T17:19:56+02:00,,434,AKIRA EGAWA,akira-egawa,CRZ GG67,GG67,691947,159,160,CRZ,Pokémon,pokemon,21,https://images.tcggo.com/tcggo/storage/3641/crown-zenith-logo.png,Crown Zenith,EUR,2208.81,EUR,1760.77,2023-01-20,2,Sword & Shield,sword-shield,crown-zenith,280,3850,https://images.tcggo.com/tcggo/storage/3869/origin-forme-palkia-vstar-crz-gg67-crown-zenith-pokemon.png,https://www.tcggo.com/external/cm/3850,https://www.tcggo.com/external/tcgplayer/3850,Origin Forme Palkia VSTAR,Origin Forme Palkia VSTAR GG67,162.3,185.91,273,EUR,,300,,,,249,,375,,164,125,124,124,140,140,125,144,144,89.99,89.99,USD,150.42,5,,,84.35,3,77.05,5,,,,,,,120,2,133.81,5,,,88.5,1,101.32,2,,,307.9,5,115.96,1,90.32,5,121.31,5,,,,,,,249.99,5,89.21,2,,,85,4,EUR,80.21,86.23,Rare Secret,origin-forme-palkia-vstar,Pokémon,https://www.tcggo.com/pokemon/crown-zenith/origin-forme-palkia-vstar-gg67,swsh12pt5gg-GG67,478097,singles
2026-08-23T17:19:56+02:00,,434,AKIRA EGAWA,akira-egawa,CRZ GG68,GG68,691948,159,160,CRZ,Pokémon,pokemon,21,https://images.tcggo.com/tcggo/storage/3641/crown-zenith-logo.png,Crown Zenith,EUR,2208.81,EUR,1760.77,2023-01-20,2,Sword & Shield,sword-shield,crown-zenith,280,3851,https://images.tcggo.com/tcggo/storage/3870/origin-forme-dialga-vstar-crz-gg68-crown-zenith-pokemon.png,https://www.tcggo.com/external/cm/3851,https://www.tcggo.com/external/tcgplayer/3851,Origin Forme Dialga VSTAR,Origin Forme Dialga VSTAR GG68,148.38,144.88,260,EUR,,,,,,220,,339,,139,119.16,130,130,140,140,120,125,125,95,95,USD,138.98,5,,,,,98.75,5,,,322.17,2,,,82.43,1,170.46,5,,,74.95,1,86.85,4,,,318.5,5,,,82.73,5,93.46,5,150,1,,,,,318.45,5,,,,,101.5,5,EUR,90.31,102.71,Rare Secret,origin-forme-dialga-vstar,Pokémon,https://www.tcggo.com/pokemon/crown-zenith/origin-forme-dialga-vstar-gg68,swsh12pt5gg-GG68,478099,singles
2026-08-23T17:19:56+02:00,,434,AKIRA EGAWA,akira-egawa,CRZ GG69,GG69,691949,159,160,CRZ,Pokémon,pokemon,21,https://images.tcggo.com/tcggo/storage/3641/crown-zenith-logo.png,Crown Zenith,EUR,2208.81,EUR,1760.77,2023-01-20,2,Sword & Shield,sword-shield,crown-zenith,280,3852,https://images.tcggo.com/tcggo/storage/3871/giratina-vstar-crz-gg69-crown-zenith-pokemon.png,https://www.tcggo.com/external/cm/3852,https://www.tcggo.com/external/tcgplayer/3852,Giratina VSTAR,Giratina VSTAR GG69,364.09,372.87,315,EUR,,,,,,,,685,367,360,324.95,274.99,274.99,240,240,330,275,275,180,180,USD,336,5,,,,,224.22,3,,,895.9,5,,,307.75,3,401.43,5,,,,,208.18,5,,,622.8,5,220.04,1,223.76,5,298.06,5,279.29,1,,,,,636.75,5,,,,,329.2,5,EUR,194.31,213.67,Rare Secret,giratina-vstar,Pokémon,https://www.tcggo.com/pokemon/crown-zenith/giratina-vstar-gg69,swsh12pt5gg-GG69,478100,singles
2026-08-23T17:19:56+02:00,,434,AKIRA EGAWA,akira-egawa,CRZ GG70,GG70,691950,159,160,CRZ,Pokémon,pokemon,21,https://images.tcggo.com/tcggo/storage/3641/crown-zenith-logo.png,Crown Zenith,EUR,2208.81,EUR,1760.77,2023-01-20,2,Sword & Shield,sword-shield,crown-zenith,280,3853,https://images.tcggo.com/tcggo/storage/3872/arceus-vstar-crz-gg70-crown-zenith-pokemon.png,https://www.tcggo.com/external/cm/3853,https://www.tcggo.com/external/tcgplayer/3853,Arceus VSTAR,Arceus VSTAR GG70,228.91,226.29,251,EUR,,,300,,,327,,280,,225,199,175,175,145,145,199,165,165,150,150,USD,196.92,5,,,,,122.19,4,,,625,1,,,109.19,2,214.09,5,,,,,118.17,3,,,298.18,5,110,1,130.5,5,146.82,5,154.73,2,,,,,381.81,5,,,,,188.67,5,EUR,115.16,127.15,Rare Secret,arceus-vstar,Pokémon,https://www.tcggo.com/pokemon/crown-zenith/arceus-vstar-gg70,swsh12pt5gg-GG70,478101,singles
