captured_at,artist,artist.id,artist.name,artist.slug,card_code_number,card_number,cardmarket_id,episode.cards_printed_total,episode.cards_total,episode.code,episode.game.name,episode.game.slug,episode.id,episode.logo,episode.name,episode.prices.cardmarket.currency,episode.prices.cardmarket.total,episode.prices.tcgplayer.currency,episode.prices.tcgplayer.total,episode.released_at,episode.series.id,episode.series.name,episode.series.slug,episode.slug,hp,id,image,links.cardmarket,links.tcgplayer,name,name_numbered,prices.cardmarket.30d_average,prices.cardmarket.7d_average,prices.cardmarket.available_items,prices.cardmarket.currency,prices.cardmarket.graded,prices.cardmarket.graded.bgs.bgs10,prices.cardmarket.graded.bgs.bgs8,prices.cardmarket.graded.bgs.bgs9,prices.cardmarket.graded.cgc.cgc10,prices.cardmarket.graded.cgc.cgc8,prices.cardmarket.graded.cgc.cgc9,prices.cardmarket.graded.psa.psa10,prices.cardmarket.graded.psa.psa8,prices.cardmarket.graded.psa.psa9,prices.cardmarket.lowest_near_mint,prices.cardmarket.lowest_near_mint_DE,prices.cardmarket.lowest_near_mint_DE_EU_only,prices.cardmarket.lowest_near_mint_ES,prices.cardmarket.lowest_near_mint_ES_EU_only,prices.cardmarket.lowest_near_mint_EU_only,prices.cardmarket.lowest_near_mint_FR,prices.cardmarket.lowest_near_mint_FR_EU_only,prices.cardmarket.lowest_near_mint_IT,prices.cardmarket.lowest_near_mint_IT_EU_only,prices.ebay.currency,prices.ebay.graded.ace.10.median_price,prices.ebay.graded.ace.10.sample_size,prices.ebay.graded.ace.7.median_price,prices.ebay.graded.ace.7.sample_size,prices.ebay.graded.ace.8.median_price,prices.ebay.graded.ace.8.sample_size,prices.ebay.graded.ace.9.median_price,prices.ebay.graded.ace.9.sample_size,prices.ebay.graded.bgs.9.median_price,prices.ebay.graded.bgs.9.sample_size,prices.ebay.graded.cgc.10.median_price,prices.ebay.graded.cgc.10.sample_size,prices.ebay.graded.cgc.7.median_price,prices.ebay.graded.cgc.7.sample_size,prices.ebay.graded.cgc.8.median_price,prices.ebay.graded.cgc.8.sample_size,prices.ebay.graded.cgc.9.median_price,prices.ebay.graded.cgc.9.sample_size,prices.ebay.graded.gma.10.median_price,prices.ebay.graded.gma.10.sample_size,prices.ebay.graded.psa.10.median_price,prices.ebay.graded.psa.10.sample_size,prices.ebay.graded.psa.7.median_price,prices.ebay.graded.psa.7.sample_size,prices.ebay.graded.psa.8.median_price,prices.ebay.graded.psa.8.sample_size,prices.ebay.graded.psa.9.median_price,prices.ebay.graded.psa.9.sample_size,prices.ebay.graded.sgc.10.median_price,prices.ebay.graded.sgc.10.sample_size,prices.ebay.graded.sgc.8.median_price,prices.ebay.graded.sgc.8.sample_size,prices.ebay.graded.sgc.9.median_price,prices.ebay.graded.sgc.9.sample_size,prices.ebay.graded.tag.10.median_price,prices.ebay.graded.tag.10.sample_size,prices.ebay.graded.tag.8.median_price,prices.ebay.graded.tag.8.sample_size,prices.ebay.graded.tag.9.median_price,prices.ebay.graded.tag.9.sample_size,prices.tcg_player.currency,prices.tcg_player.market_price,prices.tcg_player.mid_price,rarity,slug,supertype,tcggo_url,tcgid,tcgplayer_id,type
2026-08-23T17:19:56+02:00,,357,Yoriyuki Ikegami,yoriyuki-ikegami,PAR 1,1,740477,182,266,PAR,Pokémon,pokemon,15,https://images.tcggo.com/tcggo/storage/2228/paradox-rift-logo.png,Paradox Rift,EUR,792.99,EUR,1072.45,2023-11-03,1,Scarlet & Violet,scarlet-violet,paradox-rift,50,2218,https://images.tcggo.com/tcggo/storage/2230/surskit-par-1-paradox-rift-pokemon.png,https://www.tcggo.com/external/cm/2218,https://www.tcggo.com/external/tcgplayer/2218,Surskit,Surskit 1,0.03,0.03,12694,EUR,[],,,,,,,,,,0.02,0.02,0.02,0.02,0.02,0.02,0.02,0.02,0.02,0.02,,,,,,,,,,,,,,,,,,,,,,,,,,,,,,,,,,,,,,,,,,EUR,0.14,0.09,Common,surskit,Pokémon,https://www.tcggo.com/pokemon/paradox-rift/surskit-1,sv4-1,523584,singles
2026-08-23T17:19:56+02:00,,454,kantaro,kantaro,PAR 2,2,740478,182,266,PAR,Pokémon,pokemon,15,https://images.tcggo.com/tcggo/storage/2228/paradox-rift-logo.png,Paradox Rift,EUR,792.99,EUR,1072.45,2023-11-03,1,Scarlet & Violet,scarlet-violet,paradox-rift,100,2219,https://images.tcggo.com/tcggo/storage/2231/masquerain-par-2-paradox-rift-pokemon.png,https://www.tcggo.com/external/cm/2219,https://www.tcggo.com/external/tcgplayer/2219,Masquerain,Masquerain 2,0.03,0.03,7918,EUR,[],,,,,,,,,,0.02,0.02,0.02,0.02,0.02,0.02,0.02,0.02,0.02,0.02,,,,,,,,,,,,,,,,,,,,,,,,,,,,,,,,,,,,,,,,,,EUR,0.15,0.09,Uncommon,masquerain,Pokémon,https://www.tcggo.com/pokemon/paradox-rift/masquerain-2,sv4-2,523585,singles
2026-08-23T17:19:56+02:00,,380,5ban Graphics,5ban-graphics,PAR 3,3,740479,182,266,PAR,Pokémon,pokemon,15,https://images.tcggo.com/tcggo/storage/2228/paradox-rift-logo.png,Paradox Rift,EUR,792.99,EUR,1072.45,2023-11-03,1,Scarlet & Violet,scarlet-violet,paradox-rift,250,2220,https://images.tcggo.com/tcggo/storage/2232/froslass-ex-par-3-paradox-rift-pokemon.png,https://www.tcggo.com/external/cm/2220,https://www.tcggo.com/external/tcgplayer/2220,Froslass ex,Froslass ex 3,0.72,0.66,1461,EUR,[],,,,,,,,,,0.3,0.3,0.3,0.45,0.45,0.3,0.5,0.65,0.05,0.05,,,,,,,,,,,,,,,,,,,,,,,,,,,,,,,,,,,,,,,,,,EUR,0.68,0.78,Double Rare,froslass-ex,Pokémon,https://www.tcggo.com/pokemon/paradox-rift/froslass-ex-3,sv4-3,523587,singles
2026-08-23T17:19:56+02:00,,386,Jerky,jerky,PAR 4,4,740480,182,266,PAR,Pokémon,pokemon,15,https://images.tcggo.com/tcggo/storage/2228/paradox-rift-logo.png,Paradox Rift,EUR,792.99,EUR,1072.45,2023-11-03,1,Scarlet & Violet,scarlet-violet,paradox-rift,70,2221,https://images.tcggo.com/tcggo/storage/2233/pansage-par-4-paradox-rift-pokemon.png,https://www.tcggo.com/external/cm/2221,https://www.tcggo.com/external/tcgplayer/2221,Pansage,Pansage 4,0.03,0.03,12696,EUR,[],,,,,,,,,,0.02,0.02,0.02,0.02,0.02,0.02,0.02,0.02,0.02,0.02,,,,,,,,,,,,,,,,,,,,,,,,,,,,,,,,,,,,,,,,,,EUR,0.11,0.09,Common,pansage,Pokémon,https://www.tcggo.com/pokemon/paradox-rift/pansage-4,sv4-4,523603,singles
2026-08-23T17:19:56+02:00,,397,Kurata So,kurata-so,PAR 5,5,740481,182,266,PAR,Pokémon,pokemon,15,https://images.tcggo.com/tcggo/storage/2228/paradox-rift-logo.png,Paradox Rift,EUR,792.99,EUR,1072.45,2023-11-03,1,Scarlet & Violet,scarlet-violet,paradox-rift,100,2222,https://images.tcggo.com/tcggo/storage/2234/simisage-par-5-paradox-rift-pokemon.png,https://www.tcggo.com/external/cm/2222,https://www.tcggo.com/external/tcgplayer/2222,Simisage,Simisage 5,0.03,0.02,7909,EUR,[],,,,,,,,,,0.02,0.02,0.02,0.02,0.02,0.02,0.02,0.02,0.02,0.02,,,,,,,,,,,,,,,,,,,,,,,,,,,,,,,,,,,,,,,,,,EUR,0.17,0.11,Uncommon,simisage,Pokémon,https://www.tcggo.com/pokemon/paradox-rift/simisage-5,sv4-5,523604,singles
2026-08-23T17:19:56+02:00,,387,Scav,scav,PAR 6,6,740482,182,266,PAR,Pokémon,pokemon,15,https://images.tcggo.com/tcggo/storage/2228/paradox-rift-logo.png,Paradox Rift,EUR,792.99,EUR,1072.45,2023-11-03,1,Scarlet & Violet,scarlet-violet,paradox-rift,60,2223,https://images.tcggo.com/tcggo/storage/2235/dwebble-par-6-paradox-rift-pokemon.png,https://www.tcggo.com/external/cm/2223,https://www.tcggo.com/external/tcgplayer/2223,Dwebble,Dwebble 6,0.03,0.03,12791,EUR,[],,,,,,,,,,0.02,0.02,0.02,0.02,0.02,0.02,0.02,0.02,0.02,0.02,,,,,,,,,,,,,,,,,,,,,,,,,,,,,,,,,,,,,,,,,,EUR,0.15,0.1,Common,dwebble,Pokémon,https://www.tcggo.com/pokemon/paradox-rift/dwebble-6,sv4-6,523605,singles
2026-08-23T17:19:56+02:00,,521,Shin Nagasawa,shin-nagasawa,PAR 7,7,740483,182,266,PAR,Pokémon,pokemon,15,https://images.tcggo.com/tcggo/storage/2228/paradox-rift-logo.png,Paradox Rift,EUR,792.99,EUR,1072.45,2023-11-03,1,Scarlet & Violet,scarlet-violet,paradox-rift,130,2224,https://images.tcggo.com/tcggo/storage/2236/crustle-par-7-paradox-rift-pokemon.png,https://www.tcggo.com/external/cm/2224,https://www.tcggo.com/external/tcgplayer/2224,Crustle,Crustle 7,0.04,0.03,7789,EUR,[],,,,,,,,,,0.02,0.02,0.02,0.02,0.02,0.02,0.02,0.02,0.02,0.02,,,,,,,,,,,,,,,,,,,,,,,,,,,,,,,,,,,,,,,,,,EUR,0.11,0.1,Common,crustle,Pokémon,https://www.tcggo.com/pokemon/paradox-rift/crustle-7,sv4-7,523606,singles
2026-08-23T17:19:56+02:00,,378,Kouki Saitou,kouki-saitou,PAR 8,8,740484,182,266,PAR,Pokémon,pokemon,15,https://images.tcggo.com/tcggo/storage/2228/paradox-rift-logo.png,Paradox Rift,EUR,792.99,EUR,1072.45,2023-11-03,1,Scarlet & Violet,scarlet-violet,paradox-rift,60,2225,https://images.tcggo.com/tcggo/storage/2237/bounsweet-par-8-paradox-rift-pokemon.png,https://www.tcggo.com/external/cm/2225,https://www.tcggo.com/external/tcgplayer/2225,Bounsweet,Bounsweet 8,0.03,0.03,12503,EUR,[],,,,,,,,,,0.02,0.02,0.02,0.02,0.02,0.02,0.02,0.02,0.02,0.02,,,,,,,,,,,,,,,,,,,,,,,,,,,,,,,,,,,,,,,,,,EUR,0.14,0.1,Common,bounsweet,Pokémon,https://www.tcggo.com/pokemon/paradox-rift/bounsweet-8,sv4-8,523607,singles
2026-08-23T17:19:56+02:00,,418,Kariya,kariya,PAR 9,9,740485,182,266,PAR,Pokémon,pokemon,15,https://images.tcggo.com/tcggo/storage/2228/paradox-rift-logo.png,Paradox Rift,EUR,792.99,EUR,1072.45,2023-11-03,1,Scarlet & Violet,scarlet-violet,paradox-rift,90,2226,https://images.tcggo.com/tcggo/storage/2238/steenee-par-9-paradox-rift-pokemon.png,https://www.tcggo.com/external/cm/2226,https://www.tcggo.com/external/tcgplayer/2226,Steenee,Steenee 9,0.03,0.03,11693,EUR,[],,,,,,,,,,0.02,0.02,0.02,0.02,0.02,0.02,0.02,0.02,0.02,0.02,,,,,,,,,,,,,,,,,,,,,,,,,,,,,,,,,,,,,,,,,,EUR,0.22,0.11,Uncommon,steenee,Pokémon,https://www.tcggo.com/pokemon/paradox-rift/steenee-9,sv4-9,523608,singles
2026-08-23T17:19:56+02:00,,374,OKUBO,okubo,PAR 10,10,740486,182,266,PAR,Pokémon,pokemon,15,https://images.tcggo.com/tcggo/storage/2228/paradox-rift-logo.png,Paradox Rift,EUR,792.99,EUR,1072.45,2023-11-03,1,Scarlet & Violet,scarlet-violet,paradox-rift,50,2227,https://images.tcggo.com/tcggo/storage/2239/blipbug-par-10-paradox-rift-pokemon.png,https://www.tcggo.com/external/cm/2227,https://www.tcggo.com/external/tcgplayer/2227,Blipbug,Blipbug 10,0.04,0.03,13113,EUR,[],,,,,,,,,,0.02,0.02,0.02,0.02,0.02,0.02,0.02,0.02,0.02,0.02,,,,,,,,,,,,,,,,,,,,,,,,,,,,,,,,,,,,,,,,,,EUR,0.12,0.1,Common,blipbug,Pokémon,https://www.tcggo.com/pokemon/paradox-rift/blipbug-10,sv4-10,523609,singles
2026-08-23T17:19:56+02:00,,487,Haru Akasaka,haru-akasaka,PAR 11,11,740487,182,266,PAR,Pokémon,pokemon,15,https://images.tcggo.com/tcggo/storage/2228/paradox-rift-logo.png,Paradox Rift,EUR,792.99,EUR,1072.45,2023-11-03,1,Scarlet & Violet,scarlet-violet,paradox-rift,80,2228,https://images.tcggo.com/tcggo/storage/2240/dottler-par-11-paradox-rift-pokemon.png,https://www.tcggo.com/external/cm/2228,https://www.tcggo.com/external/tcgplayer/2228,Dottler,Dottler 11,0.03,0.04,7988,EUR,[],,,,,,,,,,0.02,0.02,0.02,0.02,0.02,0.02,0.02,0.02,0.02,0.02,,,,,,,,,,,,,,,,,,,,,,,,,,,,,,,,,,,,,,,,,,EUR,0.09,0.11,Common,dottler,Pokémon,https://www.tcggo.com/pokemon/paradox-rift/dottler-11,sv4-11,523610,singles
2026-08-23T17:19:56+02:00,,392,Oku,oku,PAR 12,12,740488,182,266,PAR,Pokémon,pokemon,15,https://images.tcggo.com/tcggo/storage/2228/paradox-rift-logo.png,Paradox Rift,EUR,792.99,EUR,1072.45,2023-11-03,1,Scarlet & Violet,scarlet-violet,paradox-rift,130,2229,https://images.tcggo.com/tcggo/storage/2241/orbeetle-par-12-paradox-rift-pokemon.png,https://www.tcggo.com/external/cm/2229,https://www.tcggo.com/external/tcgplayer/2229,Orbeetle,Orbeetle 12,0.03,0.02,7970,EUR,[],,,,,,,,,,0.02,0.02,0.02,0.02,0.02,0.02,0.02,0.02,0.02,0.02,,,,,,,,,,,,,,,,,,,,,,,,,,,,,,,,,,,,,,,,,,EUR,0.2,0.09,Uncommon,orbeetle,Pokémon,https://www.tcggo.com/pokemon/paradox-rift/orbeetle-12,sv4-12,523611,singles
2026-08-23T17:19:56+02:00,,516,Pani Kobayashi,pani-kobayashi,PAR 13,13,740489,182,266,PAR,Pokémon,pokemon,15,https://images.tcggo.com/tcggo/storage/2228/paradox-rift-logo.png,Paradox Rift,EUR,792.99,EUR,1072.45,2023-11-03,1,Scarlet & Violet,scarlet-violet,paradox-rift,40,2230,https://images.tcggo.com/tcggo/storage/2242/nymble-par-13-paradox-rift-pokemon.png,https://www.tcggo.com/external/cm/2230,https://www.tcggo.com/external/tcgplayer/2230,Nymble,Nymble 13,0.03,0.04,8620,EUR,[],,,,,,,,,,0.02,0.02,0.02,0.02,0.02,0.02,0.02,0.02,0.02,0.02,,,,,,,,,,,,,,,,,,,,,,,,,,,,,,,,,,,,,,,,,,EUR,0.11,0.12,Common,nymble,Pokémon,https://www.tcggo.com/pokemon/paradox-rift/nymble-13,sv4-13,523612,singles
2026-08-23T17:19:56+02:00,,378,Kouki Saitou,kouki-saitou,PAR 14,14,740490,182,266,PAR,Pokémon,pokemon,15,https://images.tcggo.com/tcggo/storage/2228/paradox-rift-logo.png,Paradox Rift,EUR,792.99,EUR,1072.45,2023-11-03,1,Scarlet & Violet,scarlet-violet,paradox-rift,50,2231,https://images.tcggo.com/tcggo/storage/2243/nymble-par-14-paradox-rift-pokemon.png,https://www.tcggo.com/external/cm/2231,https://www.tcggo.com/external/tcgplayer/2231,Nymble,Nymble 14,0.03,0.03,7859,EUR,[],,,,,,,,,,0.02,0.02,0.02,0.02,0.02,0.02,0.02,0.02,0.02,0.02,,,,,,,,,,,,,,,,,,,,,,,,,,,,,,,,,,,,,,,,,,EUR,0.13,0.1,Common,nymble,Pokémon,https://www.tcggo.com/pokemon/paradox-rift/nymble-14,sv4-14,523614,singles
2026-08-23T17:19:56+02:00,,441,Tomokazu Komiya,tomokazu-komiya,PAR 15,15,740491,182,266,PAR,Pokémon,pokemon,15,https://images.tcggo.com/tcggo/storage/2228/paradox-rift-logo.png,Paradox Rift,EUR,792.99,EUR,1072.45,2023-11-03,1,Scarlet & Violet,scarlet-violet,paradox-rift,50,2232,https://images.tcggo.com/tcggo/storage/2244/toedscool-par-15-paradox-rift-pokemon.png,https://www.tcggo.com/external/cm/2232,https://www.tcggo.com/external/tcgplayer/2232,Toedscool,Toedscool 15,0.04,0.06,7231,EUR,[],,,,,,,,,,0.02,0.02,0.02,0.02,0.02,0.02,0.02,0.02,0.02,0.02,,,,,,,,,,,,,,,,,,,,,,,,,,,,,,,,,,,,,,,,,,EUR,0.17,0.13,Common,toedscool,Pokémon,https://www.tcggo.com/pokemon/paradox-rift/toedscool-15,sv4-15,523615,singles
2026-08-23T17:19:56+02:00,,377,Souichirou Gunjima,souichirou-gunjima,PAR 16,16,740492,182,266,PAR,Pokémon,pokemon,15,https://images.tcggo.com/tcggo/storage/2228/paradox-rift-logo.png,Paradox Rift,EUR,792.99,EUR,1072.45,2023-11-03,1,Scarlet & Violet,scarlet-violet,paradox-rift,60,2233,https://images.tcggo.com/tcggo/storage/2245/toedscool-par-16-paradox-rift-pokemon.png,https://www.tcggo.com/external/cm/2233,https://www.tcggo.com/external/tcgplayer/2233,Toedscool,Toedscool 16,0.04,0.03,6339,EUR,[],,,,,,,,,,0.02,0.02,0.02,0.02,0.02,0.02,0.02,0.02,0.02,0.02,,,,,,,,,,,,,,,,,,,,,,,,,,,,,,,,,,,,,,,,,,EUR,0.14,0.16,Common,toedscool,Pokémon,https://www.tcggo.com/pokemon/paradox-rift/toedscool-16,sv4-16,523616,singles
2026-08-23T17:19:56+02:00,,364,Toshinao Aoki,toshinao-aoki,PAR 17,17,740493,182,266,PAR,Pokémon,pokemon,15,https://images.tcggo.com/tcggo/storage/2228/paradox-rift-logo.png,Paradox Rift,EUR,792.99,EUR,1072.45,2023-11-03,1,Scarlet & Violet,scarlet-violet,paradox-rift,120,2234,https://images.tcggo.com/tcggo/storage/2246/toedscruel-par-17-paradox-rift-pokemon.png,https://www.tcggo.com/external/cm/2234,https://www.tcggo.com/external/tcgplayer/2234,Toedscruel,Toedscruel 17,0.04,0.04,5872,EUR,[],,,,,,,,,,0.02,0.02,0.02,0.02,0.02,0.02,0.02,0.02,0.02,0.02,,,,,,,,,,,,,,,,,,,,,,,,,,,,,,,,,,,,,,,,,,EUR,0.21,0.17,Uncommon,toedscruel,Pokémon,https://www.tcggo.com/pokemon/paradox-rift/toedscruel-17,sv4-17,523617,singles
2026-08-23T17:19:56+02:00,,378,Kouki Saitou,kouki-saitou,PAR 18,18,740494,182,266,PAR,Pokémon,pokemon,15,https://images.tcggo.com/tcggo/storage/2228/paradox-rift-logo.png,Paradox Rift,EUR,792.99,EUR,1072.45,2023-11-03,1,Scarlet & Violet,scarlet-violet,paradox-rift,130,2235,https://images.tcggo.com/tcggo/storage/2248/wo-chien-par-18-paradox-rift-pokemon.png,https://www.tcggo.com/external/cm/2235,https://www.tcggo.com/external/tcgplayer/2235,Wo-Chien,Wo-Chien 18,0.08,0.1,6976,EUR,[],,,,,,,,,,0.02,0.02,0.02,0.02,0.02,0.02,0.02,0.02,0.02,0.02,,,,,,,,,,,,,,,,,,,,,,,,,,,,,,,,,,,,,,,,,,EUR,0.22,0.16,rare,wo-chien,Pokémon,https://www.tcggo.com/pokemon/paradox-rift/wo-chien-18,sv4-18,523618,singles
2026-08-23T17:19:56+02:00,,362,Naoyo Kimura,naoyo-kimura,PAR 19,19,740495,182,266,PAR,Pokémon,pokemon,15,https://images.tcggo.com/tcggo/storage/2228/paradox-rift-logo.png,Paradox Rift,EUR,792.99,EUR,1072.45,2023-11-03,1,Scarlet & Violet,scarlet-violet,paradox-rift,30,2236,https://images.tcggo.com/tcggo/storage/2247/magby-par-19-paradox-rift-pokemon.png,https://www.tcggo.com/external/cm/2236,https://www.tcggo.com/external/tcgplayer/2236,Magby,Magby 19,0.04,0.05,12287,EUR,[],,,,,,,,,,0.02,0.02,0.02,0.02,0.02,0.02,0.02,0.02,0.02,0.02,,,,,,,,,,,,,,,,,,,,,,,,,,,,,,,,,,,,,,,,,,EUR,0.23,0.12,Common,magby,Pokémon,https://www.tcggo.com/pokemon/paradox-rift/magby-19,sv4-19,523619,singles
2026-08-23T17:19:56+02:00,,358,LINNE,linne,PAR 20,20,740496,182,266,PAR,Pokémon,pokemon,15,https://images.tcggo.com/tcggo/storage/2228/paradox-rift-logo.png,Paradox Rift,EUR,792.99,EUR,1072.45,2023-11-03,1,Scarlet & Violet,scarlet-violet,paradox-rift,70,2237,https://images.tcggo.com/tcggo/storage/2249/pansear-par-20-paradox-rift-pokemon.png,https://www.tcggo.com/external/cm/2237,https://www.tcggo.com/external/tcgplayer/2237,Pansear,Pansear 20,0.03,0.03,12794,EUR,[],,,,,,,,,,0.02,0.02,0.02,0.02,0.02,0.02,0.02,0.02,0.02,0.02,,,,,,,,,,,,,,,,,,,,,,,,,,,,,,,,,,,,,,,,,,EUR,0.09,0.09,Common,pansear,Pokémon,https://www.tcggo.com/pokemon/paradox-rift/pansear-20,sv4-20,523621,singles
2026-08-23T17:19:56+02:00,,491,Yuya Oka,yuya-oka,PAR 21,21,740497,182,266,PAR,Pokémon,pokemon,15,https://images.tcggo.com/tcggo/storage/2228/paradox-rift-logo.png,Paradox Rift,EUR,792.99,EUR,1072.45,2023-11-03,1,Scarlet & Violet,scarlet-violet,paradox-rift,100,2238,https://images.tcggo.com/tcggo/storage/2250/simisear-par-21-paradox-rift-pokemon.png,https://www.tcggo.com/external/cm/2238,https://www.tcggo.com/external/tcgplayer/2238,Simisear,Simisear 21,0.03,0.02,8203,EUR,[],,,,,,,,,,0.02,0.02,0.02,0.02,0.02,0.02,0.02,0.02,0.02,0.02,,,,,,,,,,,,,,,,,,,,,,,,,,,,,,,,,,,,,,,,,,EUR,0.17,0.1,Uncommon,simisear,Pokémon,https://www.tcggo.com/pokemon/paradox-rift/simisear-21,sv4-21,523622,singles
2026-08-23T17:19:56+02:00,,395,Nisota Niso,nisota-niso,PAR 22,22,740498,182,266,PAR,Pokémon,pokemon,15,https://images.tcggo.com/tcggo/storage/2228/paradox-rift-logo.png,Paradox Rift,EUR,792.99,EUR,1072.45,2023-11-03,1,Scarlet & Violet,scarlet-violet,paradox-rift,130,2239,https://images.tcggo.com/tcggo/storage/2251/volcanion-par-22-paradox-rift-pokemon.png,https://www.tcggo.com/external/cm/2239,https://www.tcggo.com/external/tcgplayer/2239,Volcanion,Volcanion 22,0.08,0.09,7094,EUR,[],,,,,,,,,,0.02,0.02,0.02,0.02,0.02,0.02,0.02,0.02,0.02,0.02,,,,,,,,,,,,,,,,,,,,,,,,,,,,,,,,,,,,,,,,,,EUR,0.12,0.13,rare,volcanion,Pokémon,https://www.tcggo.com/pokemon/paradox-rift/volcanion-22,sv4-22,523625,singles
2026-08-23T17:19:56+02:00,,396,Gemi,gemi,PAR 23,23,740499,182,266,PAR,Pokémon,pokemon,15,https://images.tcggo.com/tcggo/storage/2228/paradox-rift-logo.png,Paradox Rift,EUR,792.99,EUR,1072.45,2023-11-03,1,Scarlet & Violet,scarlet-violet,paradox-rift,80,2240,https://images.tcggo.com/tcggo/storage/2252/fuecoco-par-23-paradox-rift-pokemon.png,https://www.tcggo.com/external/cm/2240,https://www.tcggo.com/external/tcgplayer/2240,Fuecoco,Fuecoco 23,0.03,0.03,12306,EUR,[],,,,,,,,,,0.02,0.02,0.02,0.02,0.02,0.02,0.02,0.02,0.02,0.02,,,,,,,,,,,,,,,,,,,,,,,,,,,,,,,,,,,,,,,,,,EUR,0.15,0.12,Common,fuecoco,Pokémon,https://www.tcggo.com/pokemon/paradox-rift/fuecoco-23,sv4-23,523630,singles
2026-08-23T17:19:56+02:00,,516,Pani Kobayashi,pani-kobayashi,PAR 24,24,740500,182,266,PAR,Pokémon,pokemon,15,https://images.tcggo.com/tcggo/storage/2228/paradox-rift-logo.png,Paradox Rift,EUR,792.99,EUR,1072.45,2023-11-03,1,Scarlet & Violet,scarlet-violet,paradox-rift,100,2241,https://images.tcggo.com/tcggo/storage/2253/crocalor-par-24-paradox-rift-pokemon.png,https://www.tcggo.com/external/cm/2241,https://www.tcggo.com/external/tcgplayer/2241,Crocalor,Crocalor 24,0.03,0.04,11715,EUR,[],,,,,,,,,,0.02,0.02,0.02,0.02,0.02,0.02,0.02,0.02,0.02,0.02,,,,,,,,,,,,,,,,,,,,,,,,,,,,,,,,,,,,,,,,,,EUR,0.15,0.09,Uncommon,crocalor,Pokémon,https://www.tcggo.com/pokemon/paradox-rift/crocalor-24,sv4-24,523631,singles
2026-08-23T17:19:56+02:00,,454,kantaro,kantaro,PAR 25,25,740501,182,266,PAR,Pokémon,pokemon,15,https://images.tcggo.com/tcggo/storage/2228/paradox-rift-logo.png,Paradox Rift,EUR,792.99,EUR,1072.45,2023-11-03,1,Scarlet & Violet,scarlet-violet,paradox-rift,60,2242,https://images.tcggo.com/tcggo/storage/2254/charcadet-par-25-paradox-rift-pokemon.png,https://www.tcggo.com/external/cm/2242,https://www.tcggo.com/external/tcgplayer/2242,Charcadet,Charcadet 25,0.03,0.03,7624,EUR,[],,,,,,,,,,0.02,0.02,0.02,0.02,0.02,0.02,0.02,0.02,0.02,0.02,,,,,,,,,,,,,,,,,,,,,,,,,,,,,,,,,,,,,,,,,,EUR,0.21,0.13,Common,charcadet,Pokémon,https://www.tcggo.com/pokemon/paradox-rift/charcadet-25,sv4-25,523633,singles
2026-08-23T17:19:56+02:00,,482,Mizue,mizue,PAR 26,26,740502,182,266,PAR,Pokémon,pokemon,15,https://images.tcggo.com/tcggo/storage/2228/paradox-rift-logo.png,Paradox Rift,EUR,792.99,EUR,1072.45,2023-11-03,1,Scarlet & Violet,scarlet-violet,paradox-rift,80,2243,https://images.tcggo.com/tcggo/storage/2255/charcadet-par-26-paradox-rift-pokemon.png,https://www.tcggo.com/external/cm/2243,https://www.tcggo.com/external/tcgplayer/2243,Charcadet,Charcadet 26,0.05,0.04,6670,EUR,[],,,,,,,,,,0.02,0.02,0.02,0.02,0.02,0.02,0.02,0.02,0.02,0.02,,,,,,,,,,,,,,,,,,,,,,,,,,,,,,,,,,,,,,,,,,EUR,0.15,0.17,Common,charcadet,Pokémon,https://www.tcggo.com/pokemon/paradox-rift/charcadet-26,sv4-26,523634,singles
2026-08-23T17:19:56+02:00,,490,takuyoa,takuyoa,PAR 27,27,740503,182,266,PAR,Pokémon,pokemon,15,https://images.tcggo.com/tcggo/storage/2228/paradox-rift-logo.png,Paradox Rift,EUR,792.99,EUR,1072.45,2023-11-03,1,Scarlet & Violet,scarlet-violet,paradox-rift,260,2244,https://images.tcggo.com/tcggo/storage/2256/armarouge-ex-par-27-paradox-rift-pokemon.png,https://www.tcggo.com/external/cm/2244,https://www.tcggo.com/external/tcgplayer/2244,Armarouge ex,Armarouge ex 27,0.7,0.67,1446,EUR,[],,,,,,,,,,0.25,0.25,0.25,0.4,0.4,0.25,0.5,0.5,0.1,0.1,,,,,,,,,,,,,,,,,,,,,,,,,,,,,,,,,,,,,,,,,,EUR,0.83,0.85,Double Rare,armarouge-ex,Pokémon,https://www.tcggo.com/pokemon/paradox-rift/armarouge-ex-27,sv4-27,523636,singles
2026-08-23T17:19:56+02:00,,378,Kouki Saitou,kouki-saitou,PAR 28,28,740504,182,266,PAR,Pokémon,pokemon,15,https://images.tcggo.com/tcggo/storage/2228/paradox-rift-logo.png,Paradox Rift,EUR,792.99,EUR,1072.45,2023-11-03,1,Scarlet & Violet,scarlet-violet,paradox-rift,130,2245,https://images.tcggo.com/tcggo/storage/2257/iron-moth-par-28-paradox-rift-pokemon.png,https://www.tcggo.com/external/cm/2245,https://www.tcggo.com/external/tcgplayer/2245,Iron Moth,Iron Moth 28,0.07,0.08,7323,EUR,[],,,,,,,,,,0.02,0.02,0.02,0.02,0.02,0.02,0.02,0.02,0.02,0.02,USD,,,,,,,,,,,26.85,1,,,,,,,,,106.15,1,,,,,,,,,,,,,,,,,,,EUR,0.15,0.15,rare,iron-moth,Pokémon,https://www.tcggo.com/pokemon/paradox-rift/iron-moth-28,sv4-28,523637,singles
2026-08-23T17:19:56+02:00,,368,Oswaldo KATO,oswaldo-kato,PAR 29,29,740505,182,266,PAR,Pokémon,pokemon,15,https://images.tcggo.com/tcggo/storage/2228/paradox-rift-logo.png,Paradox Rift,EUR,792.99,EUR,1072.45,2023-11-03,1,Scarlet & Violet,scarlet-violet,paradox-rift,110,2246,https://images.tcggo.com/tcggo/storage/2258/chi-yu-par-29-paradox-rift-pokemon.png,https://www.tcggo.com/external/cm/2246,https://www.tcggo.com/external/tcgplayer/2246,Chi-Yu,Chi-Yu 29,0.18,0.16,1644,EUR,[],,,,,,,,,,0.02,0.05,0.05,0.04,0.04,0.02,0.05,0.05,0.05,0.05,,,,,,,,,,,,,,,,,,,,,,,,,,,,,,,,,,,,,,,,,,EUR,0.18,0.17,rare,chi-yu,Pokémon,https://www.tcggo.com/pokemon/paradox-rift/chi-yu-29,sv4-29,523638,singles
2026-08-23T17:19:56+02:00,,359,HYOGONOSUKE,hyogonosuke,PAR 30,30,740506,182,266,PAR,Pokémon,pokemon,15,https://images.tcggo.com/tcggo/storage/2228/paradox-rift-logo.png,Paradox Rift,EUR,792.99,EUR,1072.45,2023-11-03,1,Scarlet & Violet,scarlet-violet,paradox-rift,60,2247,https://images.tcggo.com/tcggo/storage/2259/horsea-par-30-paradox-rift-pokemon.png,https://www.tcggo.com/external/cm/2247,https://www.tcggo.com/external/tcgplayer/2247,Horsea,Horsea 30,0.05,0.04,11184,EUR,[],,,,,,,,,,0.02,0.02,0.02,0.02,0.02,0.02,0.02,0.02,0.02,0.02,,,,,,,,,,,,,,,,,,,,,,,,,,,,,,,,,,,,,,,,,,EUR,0.21,0.12,Common,horsea,Pokémon,https://www.tcggo.com/pokemon/paradox-rift/horsea-30,sv4-30,523639,singles
2026-08-23T17:19:56+02:00,,485,otumami,otumami,PAR 31,31,740507,182,266,PAR,Pokémon,pokemon,15,https://images.tcggo.com/tcggo/storage/2228/paradox-rift-logo.png,Paradox Rift,EUR,792.99,EUR,1072.45,2023-11-03,1,Scarlet & Violet,scarlet-violet,paradox-rift,90,2248,https://images.tcggo.com/tcggo/storage/2260/seadra-par-31-paradox-rift-pokemon.png,https://www.tcggo.com/external/cm/2248,https://www.tcggo.com/external/tcgplayer/2248,Seadra,Seadra 31,0.04,0.03,7601,EUR,[],,,,,,,,,,0.02,0.02,0.02,0.02,0.02,0.02,0.02,0.02,0.02,0.02,,,,,,,,,,,,,,,,,,,,,,,,,,,,,,,,,,,,,,,,,,EUR,0.11,0.1,Common,seadra,Pokémon,https://www.tcggo.com/pokemon/paradox-rift/seadra-31,sv4-31,523640,singles
2026-08-23T17:19:56+02:00,,471,Tonji Matsuno,tonji-matsuno,PAR 32,32,786600,182,266,PAR,Pokémon,pokemon,15,https://images.tcggo.com/tcggo/storage/2228/paradox-rift-logo.png,Paradox Rift,EUR,792.99,EUR,1072.45,2023-11-03,1,Scarlet & Violet,scarlet-violet,paradox-rift,150,2249,https://images.tcggo.com/tcggo/storage/2261/kingdra-par-32-paradox-rift-pokemon.png,https://www.tcggo.com/external/cm/2249,https://www.tcggo.com/external/tcgplayer/2249,Kingdra,Kingdra 32,0.11,0.08,6175,EUR,[],,,,,,,,,,0.02,0.02,0.02,0.02,0.02,0.02,0.02,0.02,0.02,0.02,,,,,,,,,,,,,,,,,,,,,,,,,,,,,,,,,,,,,,,,,,EUR,0.22,0.17,rare,kingdra,Pokémon,https://www.tcggo.com/pokemon/paradox-rift/kingdra-32,sv4-32,523641,singles
2026-08-23T17:19:56+02:00,,478,Midori Harada,midori-harada,PAR 33,33,740509,182,266,PAR,Pokémon,pokemon,15,https://images.tcggo.com/tcggo/storage/2228/paradox-rift-logo.png,Paradox Rift,EUR,792.99,EUR,1072.45,2023-11-03,1,Scarlet & Violet,scarlet-violet,paradox-rift,70,2250,https://images.tcggo.com/tcggo/storage/2262/remoraid-par-33-paradox-rift-pokemon.png,https://www.tcggo.com/external/cm/2250,https://www.tcggo.com/external/tcgplayer/2250,Remoraid,Remoraid 33,0.04,0.02,12964,EUR,[],,,,,,,,,,0.02,0.02,0.02,0.02,0.02,0.02,0.02,0.02,0.02,0.02,,,,,,,,,,,,,,,,,,,,,,,,,,,,,,,,,,,,,,,,,,EUR,0.09,0.09,Common,remoraid,Pokémon,https://www.tcggo.com/pokemon/paradox-rift/remoraid-33,sv4-33,523642,singles
2026-08-23T17:19:56+02:00,,401,Yuka Morii,yuka-morii,PAR 34,34,740510,182,266,PAR,Pokémon,pokemon,15,https://images.tcggo.com/tcggo/storage/2228/paradox-rift-logo.png,Paradox Rift,EUR,792.99,EUR,1072.45,2023-11-03,1,Scarlet & Violet,scarlet-violet,paradox-rift,110,2251,https://images.tcggo.com/tcggo/storage/2264/octillery-par-34-paradox-rift-pokemon.png,https://www.tcggo.com/external/cm/2251,https://www.tcggo.com/external/tcgplayer/2251,Octillery,Octillery 34,0.05,0.05,6865,EUR,[],,,,,,,,,,0.02,0.02,0.02,0.02,0.02,0.02,0.02,0.02,0.02,0.02,,,,,,,,,,,,,,,,,,,,,,,,,,,,,,,,,,,,,,,,,,EUR,0.26,0.13,Common,octillery,Pokémon,https://www.tcggo.com/pokemon/paradox-rift/octillery-34,sv4-34,523643,singles
2026-08-23T17:19:56+02:00,,431,Tetsu Kayama,tetsu-kayama,PAR 35,35,740511,182,266,PAR,Pokémon,pokemon,15,https://images.tcggo.com/tcggo/storage/2228/paradox-rift-logo.png,Paradox Rift,EUR,792.99,EUR,1072.45,2023-11-03,1,Scarlet & Violet,scarlet-violet,paradox-rift,30,2252,https://images.tcggo.com/tcggo/storage/2263/feebas-par-35-paradox-rift-pokemon.png,https://www.tcggo.com/external/cm/2252,https://www.tcggo.com/external/tcgplayer/2252,Feebas,Feebas 35,0.03,0.03,12434,EUR,[],,,,,,,,,,0.02,0.02,0.02,0.02,0.02,0.02,0.02,0.02,0.02,0.02,,,,,,,,,,,,,,,,,,,,,,,,,,,,,,,,,,,,,,,,,,EUR,0.13,0.09,Common,feebas,Pokémon,https://www.tcggo.com/pokemon/paradox-rift/feebas-35,sv4-35,523644,singles
2026-08-23T17:19:56+02:00,,413,Atsuya Uki,atsuya-uki,PAR 36,36,740512,182,266,PAR,Pokémon,pokemon,15,https://images.tcggo.com/tcggo/storage/2228/paradox-rift-logo.png,Paradox Rift,EUR,792.99,EUR,1072.45,2023-11-03,1,Scarlet & Violet,scarlet-violet,paradox-rift,120,2253,https://images.tcggo.com/tcggo/storage/2265/milotic-par-36-paradox-rift-pokemon.png,https://www.tcggo.com/external/cm/2253,https://www.tcggo.com/external/tcgplayer/2253,Milotic,Milotic 36,0.07,0.06,6649,EUR,[],,,,,,,,,,0.02,0.02,0.02,0.02,0.02,0.02,0.02,0.02,0.02,0.02,,,,,,,,,,,,,,,,,,,,,,,,,,,,,,,,,,,,,,,,,,EUR,0.24,0.17,rare,milotic,Pokémon,https://www.tcggo.com/pokemon/paradox-rift/milotic-36,sv4-36,523645,singles
2026-08-23T17:19:56+02:00,,417,satoma,satoma,PAR 37,37,740513,182,266,PAR,Pokémon,pokemon,15,https://images.tcggo.com/tcggo/storage/2228/paradox-rift-logo.png,Paradox Rift,EUR,792.99,EUR,1072.45,2023-11-03,1,Scarlet & Violet,scarlet-violet,paradox-rift,60,2254,https://images.tcggo.com/tcggo/storage/2266/snorunt-par-37-paradox-rift-pokemon.png,https://www.tcggo.com/external/cm/2254,https://www.tcggo.com/external/tcgplayer/2254,Snorunt,Snorunt 37,0.04,0.03,11744,EUR,[],,,,,,,,,,0.02,0.02,0.02,0.02,0.02,0.02,0.02,0.02,0.02,0.02,,,,,,,,,,,,,,,,,,,,,,,,,,,,,,,,,,,,,,,,,,EUR,0.14,0.13,Common,snorunt,Pokémon,https://www.tcggo.com/pokemon/paradox-rift/snorunt-37,sv4-37,523646,singles
2026-08-23T17:19:56+02:00,,380,5ban Graphics,5ban-graphics,PAR 38,38,740514,182,266,PAR,Pokémon,pokemon,15,https://images.tcggo.com/tcggo/storage/2228/paradox-rift-logo.png,Paradox Rift,EUR,792.99,EUR,1072.45,2023-11-03,1,Scarlet & Violet,scarlet-violet,paradox-rift,320,2255,https://images.tcggo.com/tcggo/storage/2267/garchomp-ex-par-38-paradox-rift-pokemon.png,https://www.tcggo.com/external/cm/2255,https://www.tcggo.com/external/tcgplayer/2255,Garchomp ex,Garchomp ex 38,0.95,0.97,1046,EUR,[],,,,,,,,,,0.48,0.45,0.45,0.5,0.5,0.48,0.9,0.9,0.3,0.3,,,,,,,,,,,,,,,,,,,,,,,,,,,,,,,,,,,,,,,,,,EUR,0.87,0.85,Double Rare,garchomp-ex,Pokémon,https://www.tcggo.com/pokemon/paradox-rift/garchomp-ex-38,sv4-38,523647,singles
2026-08-23T17:19:56+02:00,,449,miki kudo,miki-kudo,PAR 39,39,740515,182,266,PAR,Pokémon,pokemon,15,https://images.tcggo.com/tcggo/storage/2228/paradox-rift-logo.png,Paradox Rift,EUR,792.99,EUR,1072.45,2023-11-03,1,Scarlet & Violet,scarlet-violet,paradox-rift,30,2256,https://images.tcggo.com/tcggo/storage/2268/mantyke-par-39-paradox-rift-pokemon.png,https://www.tcggo.com/external/cm/2256,https://www.tcggo.com/external/tcgplayer/2256,Mantyke,Mantyke 39,0.04,0.03,11776,EUR,[],,,,,,,,,,0.02,0.02,0.02,0.02,0.02,0.02,0.02,0.02,0.02,0.02,,,,,,,,,,,,,,,,,,,,,,,,,,,,,,,,,,,,,,,,,,EUR,0.24,0.13,Common,mantyke,Pokémon,https://www.tcggo.com/pokemon/paradox-rift/mantyke-39,sv4-39,523648,singles
2026-08-23T17:19:56+02:00,,518,Ryuta Fuse,ryuta-fuse,PAR 40,40,740516,182,266,PAR,Pokémon,pokemon,15,https://images.tcggo.com/tcggo/storage/2228/paradox-rift-logo.png,Paradox Rift,EUR,792.99,EUR,1072.45,2023-11-03,1,Scarlet & Violet,scarlet-violet,paradox-rift,130,2257,https://images.tcggo.com/tcggo/storage/2269/palkia-par-40-paradox-rift-pokemon.png,https://www.tcggo.com/external/cm/2257,https://www.tcggo.com/external/tcgplayer/2257,Palkia,Palkia 40,0.08,0.09,,EUR,[],,,,,,,,,,0.03,0.02,0.02,0.02,0.02,0.03,0.02,0.02,0.02,0.02,,,,,,,,,,,,,,,,,,,,,,,,,,,,,,,,,,,,,,,,,,EUR,0.21,0.17,rare,palkia,Pokémon,https://www.tcggo.com/pokemon/paradox-rift/palkia-40,sv4-40,523649,singles
2026-08-23T17:19:56+02:00,,528,Natsumi Yoshida,natsumi-yoshida,PAR 41,41,740517,182,266,PAR,Pokémon,pokemon,15,https://images.tcggo.com/tcggo/storage/2228/paradox-rift-logo.png,Paradox Rift,EUR,792.99,EUR,1072.45,2023-11-03,1,Scarlet & Violet,scarlet-violet,paradox-rift,70,2258,https://images.tcggo.com/tcggo/storage/2270/panpour-par-41-paradox-rift-pokemon.png,https://www.tcggo.com/external/cm/2258,https://www.tcggo.com/external/tcgplayer/2258,Panpour,Panpour 41,0.03,0.04,12795,EUR,[],,,,,,,,,,0.02,0.02,0.02,0.02,0.02,0.02,0.02,0.02,0.02,0.02,,,,,,,,,,,,,,,,,,,,,,,,,,,,,,,,,,,,,,,,,,EUR,0.17,0.1,Common,panpour,Pokémon,https://www.tcggo.com/pokemon/paradox-rift/panpour-41,sv4-41,523650,singles
2026-08-23T17:19:56+02:00,,405,nagimiso,nagimiso,PAR 42,42,740518,182,266,PAR,Pokémon,pokemon,15,https://images.tcggo.com/tcggo/storage/2228/paradox-rift-logo.png,Paradox Rift,EUR,792.99,EUR,1072.45,2023-11-03,1,Scarlet & Violet,scarlet-violet,paradox-rift,100,2259,https://images.tcggo.com/tcggo/storage/2271/simipour-par-42-paradox-rift-pokemon.png,https://www.tcggo.com/external/cm/2259,https://www.tcggo.com/external/tcgplayer/2259,Simipour,Simipour 42,0.03,0.04,8050,EUR,[],,,,,,,,,,0.02,0.02,0.02,0.02,0.02,0.02,0.02,0.02,0.02,0.02,,,,,,,,,,,,,,,,,,,,,,,,,,,,,,,,,,,,,,,,,,EUR,0.2,0.1,Uncommon,simipour,Pokémon,https://www.tcggo.com/pokemon/paradox-rift/simipour-42,sv4-42,523651,singles
2026-08-23T17:19:56+02:00,,449,miki kudo,miki-kudo,PAR 43,43,740519,182,266,PAR,Pokémon,pokemon,15,https://images.tcggo.com/tcggo/storage/2228/paradox-rift-logo.png,Paradox Rift,EUR,792.99,EUR,1072.45,2023-11-03,1,Scarlet & Violet,scarlet-violet,paradox-rift,60,2260,https://images.tcggo.com/tcggo/storage/2272/vanillite-par-43-paradox-rift-pokemon.png,https://www.tcggo.com/external/cm/2260,https://www.tcggo.com/external/tcgplayer/2260,Vanillite,Vanillite 43,0.03,0.02,12555,EUR,[],,,,,,,,,,0.02,0.02,0.02,0.02,0.02,0.02,0.02,0.02,0.02,0.02,,,,,,,,,,,,,,,,,,,,,,,,,,,,,,,,,,,,,,,,,,EUR,0.16,0.09,Common,vanillite,Pokémon,https://www.tcggo.com/pokemon/paradox-rift/vanillite-43,sv4-43,523652,singles
2026-08-23T17:19:56+02:00,,479,Lee HyunJung,lee-hyunjung,PAR 44,44,740521,182,266,PAR,Pokémon,pokemon,15,https://images.tcggo.com/tcggo/storage/2228/paradox-rift-logo.png,Paradox Rift,EUR,792.99,EUR,1072.45,2023-11-03,1,Scarlet & Violet,scarlet-violet,paradox-rift,90,2261,https://images.tcggo.com/tcggo/storage/2273/vanillish-par-44-paradox-rift-pokemon.png,https://www.tcggo.com/external/cm/2261,https://www.tcggo.com/external/tcgplayer/2261,Vanillish,Vanillish 44,0.03,0.04,7497,EUR,[],,,,,,,,,,0.02,0.02,0.02,0.02,0.02,0.02,0.02,0.02,0.02,0.02,,,,,,,,,,,,,,,,,,,,,,,,,,,,,,,,,,,,,,,,,,EUR,0.13,0.12,Common,vanillish,Pokémon,https://www.tcggo.com/pokemon/paradox-rift/vanillish-44,sv4-44,523653,singles
2026-08-23T17:19:56+02:00,,494,Nelnal,nelnal,PAR 45,45,740525,182,266,PAR,Pokémon,pokemon,15,https://images.tcggo.com/tcggo/storage/2228/paradox-rift-logo.png,Paradox Rift,EUR,792.99,EUR,1072.45,2023-11-03,1,Scarlet & Violet,scarlet-violet,paradox-rift,150,2262,https://images.tcggo.com/tcggo/storage/2274/vanilluxe-par-45-paradox-rift-pokemon.png,https://www.tcggo.com/external/cm/2262,https://www.tcggo.com/external/tcgplayer/2262,Vanilluxe,Vanilluxe 45,0.04,0.02,7466,EUR,[],,,,,,,,,,0.02,0.02,0.02,0.02,0.02,0.02,0.02,0.02,0.02,0.02,,,,,,,,,,,,,,,,,,,,,,,,,,,,,,,,,,,,,,,,,,EUR,0.24,0.11,Uncommon,vanilluxe,Pokémon,https://www.tcggo.com/pokemon/paradox-rift/vanilluxe-45,sv4-45,523654,singles
2026-08-23T17:19:56+02:00,,380,5ban Graphics,5ban-graphics,PAR 46,46,740526,182,266,PAR,Pokémon,pokemon,15,https://images.tcggo.com/tcggo/storage/2228/paradox-rift-logo.png,Paradox Rift,EUR,792.99,EUR,1072.45,2023-11-03,1,Scarlet & Violet,scarlet-violet,paradox-rift,310,2263,https://images.tcggo.com/tcggo/storage/2275/tsareena-ex-par-46-paradox-rift-pokemon.png,https://www.tcggo.com/external/cm/2263,https://www.tcggo.com/external/tcgplayer/2263,Tsareena ex,Tsareena ex 46,0.72,0.78,1322,EUR,[],,,,,,,,,,0.1,0.2,0.2,0.45,0.45,0.1,0.5,0.5,0.06,0.06,,,,,,,,,,,,,,,,,,,,,,,,,,,,,,,,,,,,,,,,,,EUR,0.57,0.72,Double Rare,tsareena-ex,Pokémon,https://www.tcggo.com/pokemon/paradox-rift/tsareena-ex-46,sv4-46,523655,singles
2026-08-23T17:19:56+02:00,,437,Shigenori Negishi,shigenori-negishi,PAR 47,47,740527,182,266,PAR,Pokémon,pokemon,15,https://images.tcggo.com/tcggo/storage/2228/paradox-rift-logo.png,Paradox Rift,EUR,792.99,EUR,1072.45,2023-11-03,1,Scarlet & Violet,scarlet-violet,paradox-rift,70,2264,https://images.tcggo.com/tcggo/storage/2276/wimpod-par-47-paradox-rift-pokemon.png,https://www.tcggo.com/external/cm/2264,https://www.tcggo.com/external/tcgplayer/2264,Wimpod,Wimpod 47,0.03,0.03,8887,EUR,[],,,,,,,,,,0.02,0.02,0.02,0.02,0.02,0.02,0.02,0.02,0.02,0.02,,,,,,,,,,,,,,,,,,,,,,,,,,,,,,,,,,,,,,,,,,EUR,0.11,0.1,Common,wimpod,Pokémon,https://www.tcggo.com/pokemon/paradox-rift/wimpod-47,sv4-47,523656,singles
2026-08-23T17:19:56+02:00,,381,sowsow,sowsow,PAR 48,48,740530,182,266,PAR,Pokémon,pokemon,15,https://images.tcggo.com/tcggo/storage/2228/paradox-rift-logo.png,Paradox Rift,EUR,792.99,EUR,1072.45,2023-11-03,1,Scarlet & Violet,scarlet-violet,paradox-rift,70,2265,https://images.tcggo.com/tcggo/storage/2277/wimpod-par-48-paradox-rift-pokemon.png,https://www.tcggo.com/external/cm/2265,https://www.tcggo.com/external/tcgplayer/2265,Wimpod,Wimpod 48,0.05,0.05,7277,EUR,[],,,,,,,,,,0.03,0.02,0.02,0.02,0.02,0.02,0.02,0.02,0.02,0.02,,,,,,,,,,,,,,,,,,,,,,,,,,,,,,,,,,,,,,,,,,EUR,0.14,0.1,Common,wimpod,Pokémon,https://www.tcggo.com/pokemon/paradox-rift/wimpod-48,sv4-48,523657,singles
2026-08-23T17:19:56+02:00,,405,nagimiso,nagimiso,PAR 49,49,740532,182,266,PAR,Pokémon,pokemon,15,https://images.tcggo.com/tcggo/storage/2228/paradox-rift-logo.png,Paradox Rift,EUR,792.99,EUR,1072.45,2023-11-03,1,Scarlet & Violet,scarlet-violet,paradox-rift,140,2266,https://images.tcggo.com/tcggo/storage/2278/golisopod-par-49-paradox-rift-pokemon.png,https://www.tcggo.com/external/cm/2266,https://www.tcggo.com/external/tcgplayer/2266,Golisopod,Golisopod 49,0.08,0.07,7555,EUR,[],,,,,,,,,,0.02,0.02,0.02,0.02,0.02,0.02,0.02,0.02,0.02,0.02,,,,,,,,,,,,,,,,,,,,,,,,,,,,,,,,,,,,,,,,,,EUR,0.21,0.16,rare,golisopod,Pokémon,https://www.tcggo.com/pokemon/paradox-rift/golisopod-49,sv4-49,523659,singles
2026-08-23T17:19:56+02:00,,489,N-DESIGN Inc.,n-design-inc,PAR 50,50,740535,182,266,PAR,Pokémon,pokemon,15,https://images.tcggo.com/tcggo/storage/2228/paradox-rift-logo.png,Paradox Rift,EUR,792.99,EUR,1072.45,2023-11-03,1,Scarlet & Violet,scarlet-violet,paradox-rift,270,2267,https://images.tcggo.com/tcggo/storage/2279/golisopod-ex-par-50-paradox-rift-pokemon.png,https://www.tcggo.com/external/cm/2267,https://www.tcggo.com/external/tcgplayer/2267,Golisopod ex,Golisopod ex 50,0.62,0.55,1657,EUR,[],,,,,,,,,,0.1,0.25,0.25,0.4,0.4,0.1,0.49,0.49,0.05,0.05,,,,,,,,,,,,,,,,,,,,,,,,,,,,,,,,,,,,,,,,,,EUR,0.58,0.84,Double Rare,golisopod-ex,Pokémon,https://www.tcggo.com/pokemon/paradox-rift/golisopod-ex-50,sv4-50,523660,singles
2026-08-23T17:19:56+02:00,,440,Shibuzoh.,shibuzoh,PAR 51,51,740539,182,266,PAR,Pokémon,pokemon,15,https://images.tcggo.com/tcggo/storage/2228/paradox-rift-logo.png,Paradox Rift,EUR,792.99,EUR,1072.45,2023-11-03,1,Scarlet & Violet,scarlet-violet,paradox-rift,50,2268,https://images.tcggo.com/tcggo/storage/2280/wiglett-par-51-paradox-rift-pokemon.png,https://www.tcggo.com/external/cm/2268,https://www.tcggo.com/external/tcgplayer/2268,Wiglett,Wiglett 51,0.04,0.06,7359,EUR,[],,,,,,,,,,0.02,0.02,0.02,0.02,0.02,0.02,0.02,0.02,0.02,0.02,,,,,,,,,,,,,,,,,,,,,,,,,,,,,,,,,,,,,,,,,,EUR,0.14,0.13,Common,wiglett,Pokémon,https://www.tcggo.com/pokemon/paradox-rift/wiglett-51,sv4-51,523661,singles
2026-08-23T17:19:56+02:00,,441,Tomokazu Komiya,tomokazu-komiya,PAR 52,52,740542,182,266,PAR,Pokémon,pokemon,15,https://images.tcggo.com/tcggo/storage/2228/paradox-rift-logo.png,Paradox Rift,EUR,792.99,EUR,1072.45,2023-11-03,1,Scarlet & Violet,scarlet-violet,paradox-rift,60,2269,https://images.tcggo.com/tcggo/storage/2281/wiglett-par-52-paradox-rift-pokemon.png,https://www.tcggo.com/external/cm/2269,https://www.tcggo.com/external/tcgplayer/2269,Wiglett,Wiglett 52,0.05,0.06,7237,EUR,[],,,,,,,,,,0.02,0.02,0.02,0.02,0.02,0.02,0.02,0.02,0.02,0.02,,,,,,,,,,,,,,,,,,,,,,,,,,,,,,,,,,,,,,,,,,EUR,0.17,0.13,Common,wiglett,Pokémon,https://www.tcggo.com/pokemon/paradox-rift/wiglett-52,sv4-52,523662,singles
2026-08-23T17:19:56+02:00,,378,Kouki Saitou,kouki-saitou,PAR 53,53,740543,182,266,PAR,Pokémon,pokemon,15,https://images.tcggo.com/tcggo/storage/2228/paradox-rift-logo.png,Paradox Rift,EUR,792.99,EUR,1072.45,2023-11-03,1,Scarlet & Violet,scarlet-violet,paradox-rift,90,2270,https://images.tcggo.com/tcggo/storage/2282/wugtrio-par-53-paradox-rift-pokemon.png,https://www.tcggo.com/external/cm/2270,https://www.tcggo.com/external/tcgplayer/2270,Wugtrio,Wugtrio 53,0.03,0.04,8102,EUR,[],,,,,,,,,,0.03,0.02,0.02,0.02,0.02,0.02,0.02,0.02,0.02,0.02,,,,,,,,,,,,,,,,,,,,,,,,,,,,,,,,,,,,,,,,,,EUR,0.17,0.09,Uncommon,wugtrio,Pokémon,https://www.tcggo.com/pokemon/paradox-rift/wugtrio-53,sv4-53,523663,singles
2026-08-23T17:19:56+02:00,,368,Oswaldo KATO,oswaldo-kato,PAR 54,54,740544,182,266,PAR,Pokémon,pokemon,15,https://images.tcggo.com/tcggo/storage/2228/paradox-rift-logo.png,Paradox Rift,EUR,792.99,EUR,1072.45,2023-11-03,1,Scarlet & Violet,scarlet-violet,paradox-rift,120,2271,https://images.tcggo.com/tcggo/storage/2283/veluza-par-54-paradox-rift-pokemon.png,https://www.tcggo.com/external/cm/2271,https://www.tcggo.com/external/tcgplayer/2271,Veluza,Veluza 54,0.03,0.03,11881,EUR,[],,,,,,,,,,0.02,0.02,0.02,0.02,0.02,0.02,0.02,0.02,0.02,0.02,,,,,,,,,,,,,,,,,,,,,,,,,,,,,,,,,,,,,,,,,,EUR,0.12,0.09,Uncommon,veluza,Pokémon,https://www.tcggo.com/pokemon/paradox-rift/veluza-54,sv4-54,523664,singles
2026-08-23T17:19:56+02:00,,378,Kouki Saitou,kouki-saitou,PAR 55,55,740545,182,266,PAR,Pokémon,pokemon,15,https://images.tcggo.com/tcggo/storage/2228/paradox-rift-logo.png,Paradox Rift,EUR,792.99,EUR,1072.45,2023-11-03,1,Scarlet & Violet,scarlet-violet,paradox-rift,160,2272,https://images.tcggo.com/tcggo/storage/2284/dondozo-par-55-paradox-rift-pokemon.png,https://www.tcggo.com/external/cm/2272,https://www.tcggo.com/external/tcgplayer/2272,Dondozo,Dondozo 55,0.03,0.03,11944,EUR,[],,,,,,,,,,0.02,0.02,0.02,0.02,0.02,0.02,0.02,0.02,0.02,0.02,,,,,,,,,,,,,,,,,,,,,,,,,,,,,,,,,,,,,,,,,,EUR,0.15,0.1,Uncommon,dondozo,Pokémon,https://www.tcggo.com/pokemon/paradox-rift/dondozo-55,sv4-55,523665,singles
2026-08-23T17:19:56+02:00,,368,Oswaldo KATO,oswaldo-kato,PAR 56,56,740547,182,266,PAR,Pokémon,pokemon,15,https://images.tcggo.com/tcggo/storage/2228/paradox-rift-logo.png,Paradox Rift,EUR,792.99,EUR,1072.45,2023-11-03,1,Scarlet & Violet,scarlet-violet,paradox-rift,100,2273,https://images.tcggo.com/tcggo/storage/2285/iron-bundle-par-56-paradox-rift-pokemon.png,https://www.tcggo.com/external/cm/2273,https://www.tcggo.com/external/tcgplayer/2273,Iron Bundle,Iron Bundle 56,0.05,0.07,10035,EUR,[],,,,,,,,,,0.02,0.02,0.02,0.02,0.02,0.02,0.02,0.02,0.02,0.02,,,,,,,,,,,,,,,,,,,,,,,,,,,,,,,,,,,,,,,,,,EUR,0.26,0.15,Uncommon,iron-bundle,Pokémon,https://www.tcggo.com/pokemon/paradox-rift/iron-bundle-56,sv4-56,523666,singles
2026-08-23T17:19:56+02:00,,363,Anesaki Dynamic,anesaki-dynamic,PAR 57,57,740548,182,266,PAR,Pokémon,pokemon,15,https://images.tcggo.com/tcggo/storage/2228/paradox-rift-logo.png,Paradox Rift,EUR,792.99,EUR,1072.45,2023-11-03,1,Scarlet & Violet,scarlet-violet,paradox-rift,120,2274,https://images.tcggo.com/tcggo/storage/2286/chien-pao-par-57-paradox-rift-pokemon.png,https://www.tcggo.com/external/cm/2274,https://www.tcggo.com/external/tcgplayer/2274,Chien-Pao,Chien-Pao 57,0.08,0.06,,EUR,[],,,,,,,,,,0.02,0.02,0.02,0.02,0.02,0.02,0.02,0.02,0.02,0.02,,,,,,,,,,,,,,,,,,,,,,,,,,,,,,,,,,,,,,,,,,EUR,0.15,0.14,rare,chien-pao,Pokémon,https://www.tcggo.com/pokemon/paradox-rift/chien-pao-57,sv4-57,523668,singles
2026-08-23T17:19:56+02:00,,371,aky CG Works,aky-cg-works,PAR 58,58,740549,182,266,PAR,Pokémon,pokemon,15,https://images.tcggo.com/tcggo/storage/2228/paradox-rift-logo.png,Paradox Rift,EUR,792.99,EUR,1072.45,2023-11-03,1,Scarlet & Violet,scarlet-violet,paradox-rift,230,2275,https://images.tcggo.com/tcggo/storage/2287/mewtwo-ex-par-58-paradox-rift-pokemon.png,https://www.tcggo.com/external/cm/2275,https://www.tcggo.com/external/tcgplayer/2275,Mewtwo ex,Mewtwo ex 58,2.13,2.27,676,EUR,[],,,,,,,,,,1.4,1.95,1.95,1.9,1.9,1.4,1.8,1.8,1,1,,,,,,,,,,,,,,,,,,,,,,,,,,,,,,,,,,,,,,,,,,EUR,2.13,2.05,Double Rare,mewtwo-ex,Pokémon,https://www.tcggo.com/pokemon/paradox-rift/mewtwo-ex-58,sv4-58,523670,singles
2026-08-23T17:19:56+02:00,,529,aoki,aoki,PAR 59,59,740550,182,266,PAR,Pokémon,pokemon,15,https://images.tcggo.com/tcggo/storage/2228/paradox-rift-logo.png,Paradox Rift,EUR,792.99,EUR,1072.45,2023-11-03,1,Scarlet & Violet,scarlet-violet,paradox-rift,30,2276,https://images.tcggo.com/tcggo/storage/2288/elekid-par-59-paradox-rift-pokemon.png,https://www.tcggo.com/external/cm/2276,https://www.tcggo.com/external/tcgplayer/2276,Elekid,Elekid 59,0.04,0.04,11857,EUR,[],,,,,,,,,,0.02,0.02,0.02,0.02,0.02,0.02,0.02,0.02,0.02,0.02,,,,,,,,,,,,,,,,,,,,,,,,,,,,,,,,,,,,,,,,,,EUR,0.21,0.13,Common,elekid,Pokémon,https://www.tcggo.com/pokemon/paradox-rift/elekid-59,sv4-59,523671,singles
2026-08-23T17:19:56+02:00,,498,Sekio,sekio,PAR 60,60,740551,182,266,PAR,Pokémon,pokemon,15,https://images.tcggo.com/tcggo/storage/2228/paradox-rift-logo.png,Paradox Rift,EUR,792.99,EUR,1072.45,2023-11-03,1,Scarlet & Violet,scarlet-violet,paradox-rift,70,2277,https://images.tcggo.com/tcggo/storage/2289/plusle-par-60-paradox-rift-pokemon.png,https://www.tcggo.com/external/cm/2277,https://www.tcggo.com/external/tcgplayer/2277,Plusle,Plusle 60,0.05,0.04,11837,EUR,[],,,,,,,,,,0.02,0.02,0.02,0.02,0.02,0.02,0.02,0.02,0.02,0.02,,,,,,,,,,,,,,,,,,,,,,,,,,,,,,,,,,,,,,,,,,EUR,0.21,0.13,Common,plusle,Pokémon,https://www.tcggo.com/pokemon/paradox-rift/plusle-60,sv4-60,523673,singles
2026-08-23T17:19:56+02:00,,406,Narumi Sato,narumi-sato,PAR 61,61,740552,182,266,PAR,Pokémon,pokemon,15,https://images.tcggo.com/tcggo/storage/2228/paradox-rift-logo.png,Paradox Rift,EUR,792.99,EUR,1072.45,2023-11-03,1,Scarlet & Violet,scarlet-violet,paradox-rift,70,2278,https://images.tcggo.com/tcggo/storage/2290/minun-par-61-paradox-rift-pokemon.png,https://www.tcggo.com/external/cm/2278,https://www.tcggo.com/external/tcgplayer/2278,Minun,Minun 61,0.05,0.04,10993,EUR,[],,,,,,,,,,0.02,0.02,0.02,0.02,0.02,0.02,0.02,0.02,0.02,0.02,,,,,,,,,,,,,,,,,,,,,,,,,,,,,,,,,,,,,,,,,,EUR,0.24,0.13,Common,minun,Pokémon,https://www.tcggo.com/pokemon/paradox-rift/minun-61,sv4-61,523674,singles
2026-08-23T17:19:56+02:00,,421,Shinji Kanda,shinji-kanda,PAR 62,62,740553,182,266,PAR,Pokémon,pokemon,15,https://images.tcggo.com/tcggo/storage/2228/paradox-rift-logo.png,Paradox Rift,EUR,792.99,EUR,1072.45,2023-11-03,1,Scarlet & Violet,scarlet-violet,paradox-rift,60,2279,https://images.tcggo.com/tcggo/storage/2291/blitzle-par-62-paradox-rift-pokemon.png,https://www.tcggo.com/external/cm/2279,https://www.tcggo.com/external/tcgplayer/2279,Blitzle,Blitzle 62,0.04,0.03,11487,EUR,[],,,,,,,,,,0.02,0.02,0.02,0.02,0.02,0.02,0.02,0.02,0.02,0.02,,,,,,,,,,,,,,,,,,,,,,,,,,,,,,,,,,,,,,,,,,EUR,0.18,0.15,Common,blitzle,Pokémon,https://www.tcggo.com/pokemon/paradox-rift/blitzle-62,sv4-62,523675,singles
2026-08-23T17:19:56+02:00,,373,GOSSAN,gossan,PAR 63,63,740554,182,266,PAR,Pokémon,pokemon,15,https://images.tcggo.com/tcggo/storage/2228/paradox-rift-logo.png,Paradox Rift,EUR,792.99,EUR,1072.45,2023-11-03,1,Scarlet & Violet,scarlet-violet,paradox-rift,120,2280,https://images.tcggo.com/tcggo/storage/2292/zebstrika-par-63-paradox-rift-pokemon.png,https://www.tcggo.com/external/cm/2280,https://www.tcggo.com/external/tcgplayer/2280,Zebstrika,Zebstrika 63,0.03,0.04,8074,EUR,[],,,,,,,,,,0.02,0.02,0.02,0.02,0.02,0.02,0.02,0.02,0.02,0.02,,,,,,,,,,,,,,,,,,,,,,,,,,,,,,,,,,,,,,,,,,EUR,0.16,0.09,Uncommon,zebstrika,Pokémon,https://www.tcggo.com/pokemon/paradox-rift/zebstrika-63,sv4-63,523679,singles
2026-08-23T17:19:56+02:00,,393,Kedamahadaitai Yawarakai,kedamahadaitai-yawarakai,PAR 64,64,740555,182,266,PAR,Pokémon,pokemon,15,https://images.tcggo.com/tcggo/storage/2228/paradox-rift-logo.png,Paradox Rift,EUR,792.99,EUR,1072.45,2023-11-03,1,Scarlet & Violet,scarlet-violet,paradox-rift,40,2281,https://images.tcggo.com/tcggo/storage/2293/joltik-par-64-paradox-rift-pokemon.png,https://www.tcggo.com/external/cm/2281,https://www.tcggo.com/external/tcgplayer/2281,Joltik,Joltik 64,0.04,0.05,12552,EUR,[],,,,,,,,,,0.02,0.02,0.02,0.02,0.02,0.02,0.02,0.02,0.02,0.02,,,,,,,,,,,,,,,,,,,,,,,,,,,,,,,,,,,,,,,,,,EUR,0.16,0.13,Common,joltik,Pokémon,https://www.tcggo.com/pokemon/paradox-rift/joltik-64,sv4-64,523698,singles
2026-08-23T17:19:56+02:00,,398,Taira Akitsu,taira-akitsu,PAR 65,65,740556,182,266,PAR,Pokémon,pokemon,15,https://images.tcggo.com/tcggo/storage/2228/paradox-rift-logo.png,Paradox Rift,EUR,792.99,EUR,1072.45,2023-11-03,1,Scarlet & Violet,scarlet-violet,paradox-rift,100,2282,https://images.tcggo.com/tcggo/storage/2294/galvantula-par-65-paradox-rift-pokemon.png,https://www.tcggo.com/external/cm/2282,https://www.tcggo.com/external/tcgplayer/2282,Galvantula,Galvantula 65,0.04,0.04,7401,EUR,[],,,,,,,,,,0.02,0.02,0.02,0.02,0.02,0.02,0.02,0.02,0.02,0.02,,,,,,,,,,,,,,,,,,,,,,,,,,,,,,,,,,,,,,,,,,EUR,0.12,0.1,Common,galvantula,Pokémon,https://www.tcggo.com/pokemon/paradox-rift/galvantula-65,sv4-65,523699,singles
2026-08-23T17:19:56+02:00,,443,Shiburingaru,shiburingaru,PAR 66,66,740557,182,266,PAR,Pokémon,pokemon,15,https://images.tcggo.com/tcggo/storage/2228/paradox-rift-logo.png,Paradox Rift,EUR,792.99,EUR,1072.45,2023-11-03,1,Scarlet & Violet,scarlet-violet,paradox-rift,130,2283,https://images.tcggo.com/tcggo/storage/2296/zekrom-par-66-paradox-rift-pokemon.png,https://www.tcggo.com/external/cm/2283,https://www.tcggo.com/external/tcgplayer/2283,Zekrom,Zekrom 66,0.1,0.09,,EUR,[],,,,,,,,,,0.02,0.02,0.02,0.02,0.02,0.02,0.02,0.02,0.02,0.02,,,,,,,,,,,,,,,,,,,,,,,,,,,,,,,,,,,,,,,,,,EUR,0.2,0.17,rare,zekrom,Pokémon,https://www.tcggo.com/pokemon/paradox-rift/zekrom-66,sv4-66,523700,singles
2026-08-23T17:19:56+02:00,,360,Saya Tsuruta,saya-tsuruta,PAR 67,67,740558,182,266,PAR,Pokémon,pokemon,15,https://images.tcggo.com/tcggo/storage/2228/paradox-rift-logo.png,Paradox Rift,EUR,792.99,EUR,1072.45,2023-11-03,1,Scarlet & Violet,scarlet-violet,paradox-rift,90,2284,https://images.tcggo.com/tcggo/storage/2295/oricorio-par-67-paradox-rift-pokemon.png,https://www.tcggo.com/external/cm/2284,https://www.tcggo.com/external/tcgplayer/2284,Oricorio,Oricorio 67,0.04,0.03,12541,EUR,[],,,,,,,,,,0.02,0.02,0.02,0.02,0.02,0.02,0.02,0.02,0.02,0.02,,,,,,,,,,,,,,,,,,,,,,,,,,,,,,,,,,,,,,,,,,EUR,0.17,0.11,Common,oricorio,Pokémon,https://www.tcggo.com/pokemon/paradox-rift/oricorio-67,sv4-67,523702,singles
2026-08-23T17:19:56+02:00,,462,hncl,hncl,PAR 68,68,740559,182,266,PAR,Pokémon,pokemon,15,https://images.tcggo.com/tcggo/storage/2228/paradox-rift-logo.png,Paradox Rift,EUR,792.99,EUR,1072.45,2023-11-03,1,Scarlet & Violet,scarlet-violet,paradox-rift,210,2285,https://images.tcggo.com/tcggo/storage/2297/tapu-koko-ex-par-68-paradox-rift-pokemon.png,https://www.tcggo.com/external/cm/2285,https://www.tcggo.com/external/tcgplayer/2285,Tapu Koko ex,Tapu Koko ex 68,0.71,0.73,1733,EUR,[],,,,,,,,,,0.3,0.25,0.25,0.19,0.19,0.3,0.5,0.5,0.19,0.19,,,,,,,,,,,,,,,,,,,,,,,,,,,,,,,,,,,,,,,,,,EUR,0.56,0.85,Double Rare,tapu-koko-ex,Pokémon,https://www.tcggo.com/pokemon/paradox-rift/tapu-koko-ex-68,sv4-68,523703,singles
2026-08-23T17:19:56+02:00,,401,Yuka Morii,yuka-morii,PAR 69,69,740561,182,266,PAR,Pokémon,pokemon,15,https://images.tcggo.com/tcggo/storage/2228/paradox-rift-logo.png,Paradox Rift,EUR,792.99,EUR,1072.45,2023-11-03,1,Scarlet & Violet,scarlet-violet,paradox-rift,70,2286,https://images.tcggo.com/tcggo/storage/2298/toxel-par-69-paradox-rift-pokemon.png,https://www.tcggo.com/external/cm/2286,https://www.tcggo.com/external/tcgplayer/2286,Toxel,Toxel 69,0.06,0.04,12436,EUR,[],,,,,,,,,,0.02,0.02,0.02,0.02,0.02,0.02,0.02,0.02,0.02,0.02,,,,,,,,,,,,,,,,,,,,,,,,,,,,,,,,,,,,,,,,,,EUR,0.3,0.1,Common,toxel,Pokémon,https://www.tcggo.com/pokemon/paradox-rift/toxel-69,sv4-69,523705,singles
2026-08-23T17:19:56+02:00,,384,PLANETA Mochizuki,planeta-mochizuki,PAR 70,70,740562,182,266,PAR,Pokémon,pokemon,15,https://images.tcggo.com/tcggo/storage/2228/paradox-rift-logo.png,Paradox Rift,EUR,792.99,EUR,1072.45,2023-11-03,1,Scarlet & Violet,scarlet-violet,paradox-rift,230,2287,https://images.tcggo.com/tcggo/storage/2299/iron-hands-ex-par-70-paradox-rift-pokemon.png,https://www.tcggo.com/external/cm/2287,https://www.tcggo.com/external/tcgplayer/2287,Iron Hands ex,Iron Hands ex 70,0.64,0.56,1391,EUR,[],,,,,,,,,,0.1,0.2,0.2,0.5,0.5,0.1,0.5,0.5,0.1,0.1,,,,,,,,,,,,,,,,,,,,,,,,,,,,,,,,,,,,,,,,,,EUR,0.83,0.85,Double Rare,iron-hands-ex,Pokémon,https://www.tcggo.com/pokemon/paradox-rift/iron-hands-ex-70,sv4-70,523706,singles
2026-08-23T17:19:56+02:00,,513,ryoma uratsuka,ryoma-uratsuka,PAR 71,71,740563,182,266,PAR,Pokémon,pokemon,15,https://images.tcggo.com/tcggo/storage/2228/paradox-rift-logo.png,Paradox Rift,EUR,792.99,EUR,1072.45,2023-11-03,1,Scarlet & Violet,scarlet-violet,paradox-rift,50,2288,https://images.tcggo.com/tcggo/storage/2300/natu-par-71-paradox-rift-pokemon.png,https://www.tcggo.com/external/cm/2288,https://www.tcggo.com/external/tcgplayer/2288,Natu,Natu 71,0.03,0.05,12599,EUR,[],,,,,,,,,,0.02,0.02,0.02,0.02,0.02,0.02,0.02,0.02,0.02,0.02,,,,,,,,,,,,,,,,,,,,,,,,,,,,,,,,,,,,,,,,,,EUR,0.18,0.13,Common,natu,Pokémon,https://www.tcggo.com/pokemon/paradox-rift/natu-71,sv4-71,523707,singles
2026-08-23T17:19:56+02:00,,431,Tetsu Kayama,tetsu-kayama,PAR 72,72,740564,182,266,PAR,Pokémon,pokemon,15,https://images.tcggo.com/tcggo/storage/2228/paradox-rift-logo.png,Paradox Rift,EUR,792.99,EUR,1072.45,2023-11-03,1,Scarlet & Violet,scarlet-violet,paradox-rift,100,2289,https://images.tcggo.com/tcggo/storage/2301/xatu-par-72-paradox-rift-pokemon.png,https://www.tcggo.com/external/cm/2289,https://www.tcggo.com/external/tcgplayer/2289,Xatu,Xatu 72,0.11,0.11,6305,EUR,[],,,,,,,,,,0.03,0.02,0.02,0.02,0.02,0.02,0.02,0.02,0.02,0.02,,,,,,,,,,,,,,,,,,,,,,,,,,,,,,,,,,,,,,,,,,EUR,0.21,0.17,rare,xatu,Pokémon,https://www.tcggo.com/pokemon/paradox-rift/xatu-72,sv4-72,523725,singles
2026-08-23T17:19:56+02:00,,500,chibi,chibi,PAR 73,73,740565,182,266,PAR,Pokémon,pokemon,15,https://images.tcggo.com/tcggo/storage/2228/paradox-rift-logo.png,Paradox Rift,EUR,792.99,EUR,1072.45,2023-11-03,1,Scarlet & Violet,scarlet-violet,paradox-rift,110,2290,https://images.tcggo.com/tcggo/storage/2302/latios-par-73-paradox-rift-pokemon.png,https://www.tcggo.com/external/cm/2290,https://www.tcggo.com/external/tcgplayer/2290,Latios,Latios 73,0.12,0.11,,EUR,[],,,,,,,,,,0.02,0.02,0.02,0.05,0.05,0.02,0.02,0.02,0.02,0.02,,,,,,,,,,,,,,,,,,,,,,,,,,,,,,,,,,,,,,,,,,EUR,0.24,0.21,rare,latios,Pokémon,https://www.tcggo.com/pokemon/paradox-rift/latios-73,sv4-73,523727,singles
2026-08-23T17:19:56+02:00,,360,Saya Tsuruta,saya-tsuruta,PAR 74,74,740566,182,266,PAR,Pokémon,pokemon,15,https://images.tcggo.com/tcggo/storage/2228/paradox-rift-logo.png,Paradox Rift,EUR,792.99,EUR,1072.45,2023-11-03,1,Scarlet & Violet,scarlet-violet,paradox-rift,120,2291,https://images.tcggo.com/tcggo/storage/2304/deoxys-par-74-paradox-rift-pokemon.png,https://www.tcggo.com/external/cm/2291,https://www.tcggo.com/external/tcgplayer/2291,Deoxys,Deoxys 74,0.11,0.08,4566,EUR,[],,,,,,,,,,0.03,0.02,0.02,0.02,0.02,0.02,0.02,0.02,0.02,0.02,,,,,,,,,,,,,,,,,,,,,,,,,,,,,,,,,,,,,,,,,,EUR,0.26,0.2,rare,deoxys,Pokémon,https://www.tcggo.com/pokemon/paradox-rift/deoxys-74,sv4-74,523734,singles
2026-08-23T17:19:56+02:00,,492,Misa Tsutsui,misa-tsutsui,PAR 75,75,740567,182,266,PAR,Pokémon,pokemon,15,https://images.tcggo.com/tcggo/storage/2228/paradox-rift-logo.png,Paradox Rift,EUR,792.99,EUR,1072.45,2023-11-03,1,Scarlet & Violet,scarlet-violet,paradox-rift,70,2292,https://images.tcggo.com/tcggo/storage/2303/yamask-par-75-paradox-rift-pokemon.png,https://www.tcggo.com/external/cm/2292,https://www.tcggo.com/external/tcgplayer/2292,Yamask,Yamask 75,0.03,0.03,13242,EUR,[],,,,,,,,,,0.02,0.02,0.02,0.02,0.02,0.02,0.02,0.02,0.02,0.02,,,,,,,,,,,,,,,,,,,,,,,,,,,,,,,,,,,,,,,,,,EUR,0.14,0.09,Common,yamask,Pokémon,https://www.tcggo.com/pokemon/paradox-rift/yamask-75,sv4-75,523735,singles
2026-08-23T17:19:56+02:00,,408,kawayoo,kawayoo,PAR 76,76,740568,182,266,PAR,Pokémon,pokemon,15,https://images.tcggo.com/tcggo/storage/2228/paradox-rift-logo.png,Paradox Rift,EUR,792.99,EUR,1072.45,2023-11-03,1,Scarlet & Violet,scarlet-violet,paradox-rift,260,2293,https://images.tcggo.com/tcggo/storage/2305/cofagrigus-ex-par-76-paradox-rift-pokemon.png,https://www.tcggo.com/external/cm/2293,https://www.tcggo.com/external/tcgplayer/2293,Cofagrigus ex,Cofagrigus ex 76,0.61,0.66,1514,EUR,[],,,,,,,,,,0.19,0.1,0.1,0.35,0.35,0.19,0.4,0.4,0.15,0.15,,,,,,,,,,,,,,,,,,,,,,,,,,,,,,,,,,,,,,,,,,EUR,0.73,0.73,Double Rare,cofagrigus-ex,Pokémon,https://www.tcggo.com/pokemon/paradox-rift/cofagrigus-ex-76,sv4-76,523736,singles
2026-08-23T17:19:56+02:00,,391,saino misaki,saino-misaki,PAR 77,77,740569,182,266,PAR,Pokémon,pokemon,15,https://images.tcggo.com/tcggo/storage/2228/paradox-rift-logo.png,Paradox Rift,EUR,792.99,EUR,1072.45,2023-11-03,1,Scarlet & Violet,scarlet-violet,paradox-rift,60,2294,https://images.tcggo.com/tcggo/storage/2306/pumpkaboo-par-77-paradox-rift-pokemon.png,https://www.tcggo.com/external/cm/2294,https://www.tcggo.com/external/tcgplayer/2294,Pumpkaboo,Pumpkaboo 77,0.03,0.03,12528,EUR,[],,,,,,,,,,0.02,0.02,0.02,0.02,0.02,0.02,0.02,0.02,0.02,0.02,,,,,,,,,,,,,,,,,,,,,,,,,,,,,,,,,,,,,,,,,,EUR,0.25,0.1,Common,pumpkaboo,Pokémon,https://www.tcggo.com/pokemon/paradox-rift/pumpkaboo-77,sv4-77,523743,singles
2026-08-23T17:19:56+02:00,,415,nisimono,nisimono,PAR 78,78,740570,182,266,PAR,Pokémon,pokemon,15,https://images.tcggo.com/tcggo/storage/2228/paradox-rift-logo.png,Paradox Rift,EUR,792.99,EUR,1072.45,2023-11-03,1,Scarlet & Violet,scarlet-violet,paradox-rift,110,2295,https://images.tcggo.com/tcggo/storage/2307/gourgeist-par-78-paradox-rift-pokemon.png,https://www.tcggo.com/external/cm/2295,https://www.tcggo.com/external/tcgplayer/2295,Gourgeist,Gourgeist 78,0.04,0.03,7640,EUR,[],,,,,,,,,,0.02,0.02,0.02,0.02,0.02,0.02,0.02,0.02,0.02,0.02,,,,,,,,,,,,,,,,,,,,,,,,,,,,,,,,,,,,,,,,,,EUR,0.18,0.13,Uncommon,gourgeist,Pokémon,https://www.tcggo.com/pokemon/paradox-rift/gourgeist-78,sv4-78,523744,singles
2026-08-23T17:19:56+02:00,,482,Mizue,mizue,PAR 79,79,740571,182,266,PAR,Pokémon,pokemon,15,https://images.tcggo.com/tcggo/storage/2228/paradox-rift-logo.png,Paradox Rift,EUR,792.99,EUR,1072.45,2023-11-03,1,Scarlet & Violet,scarlet-violet,paradox-rift,40,2296,https://images.tcggo.com/tcggo/storage/2308/flittle-par-79-paradox-rift-pokemon.png,https://www.tcggo.com/external/cm/2296,https://www.tcggo.com/external/tcgplayer/2296,Flittle,Flittle 79,0.04,0.03,7821,EUR,[],,,,,,,,,,0.02,0.02,0.02,0.02,0.02,0.02,0.02,0.02,0.02,0.02,,,,,,,,,,,,,,,,,,,,,,,,,,,,,,,,,,,,,,,,,,EUR,0.14,0.1,Common,flittle,Pokémon,https://www.tcggo.com/pokemon/paradox-rift/flittle-79,sv4-79,523745,singles
2026-08-23T17:19:56+02:00,,414,kodama,kodama,PAR 80,80,740572,182,266,PAR,Pokémon,pokemon,15,https://images.tcggo.com/tcggo/storage/2228/paradox-rift-logo.png,Paradox Rift,EUR,792.99,EUR,1072.45,2023-11-03,1,Scarlet & Violet,scarlet-violet,paradox-rift,50,2297,https://images.tcggo.com/tcggo/storage/2309/flittle-par-80-paradox-rift-pokemon.png,https://www.tcggo.com/external/cm/2297,https://www.tcggo.com/external/tcgplayer/2297,Flittle,Flittle 80,0.03,0.03,8560,EUR,[],,,,,,,,,,0.02,0.02,0.02,0.02,0.02,0.02,0.02,0.02,0.02,0.02,,,,,,,,,,,,,,,,,,,,,,,,,,,,,,,,,,,,,,,,,,EUR,0.12,0.11,Common,flittle,Pokémon,https://www.tcggo.com/pokemon/paradox-rift/flittle-80,sv4-80,523746,singles
2026-08-23T17:19:56+02:00,,385,Teeziro,teeziro,PAR 81,81,740573,182,266,PAR,Pokémon,pokemon,15,https://images.tcggo.com/tcggo/storage/2228/paradox-rift-logo.png,Paradox Rift,EUR,792.99,EUR,1072.45,2023-11-03,1,Scarlet & Violet,scarlet-violet,paradox-rift,120,2298,https://images.tcggo.com/tcggo/storage/2310/espathra-par-81-paradox-rift-pokemon.png,https://www.tcggo.com/external/cm/2298,https://www.tcggo.com/external/tcgplayer/2298,Espathra,Espathra 81,0.06,0.08,7230,EUR,[],,,,,,,,,,0.02,0.02,0.02,0.02,0.02,0.02,0.02,0.02,0.02,0.02,,,,,,,,,,,,,,,,,,,,,,,,,,,,,,,,,,,,,,,,,,EUR,0.21,0.15,rare,espathra,Pokémon,https://www.tcggo.com/pokemon/paradox-rift/espathra-81,sv4-81,523747,singles
2026-08-23T17:19:56+02:00,,385,Teeziro,teeziro,PAR 82,82,740574,182,266,PAR,Pokémon,pokemon,15,https://images.tcggo.com/tcggo/storage/2228/paradox-rift-logo.png,Paradox Rift,EUR,792.99,EUR,1072.45,2023-11-03,1,Scarlet & Violet,scarlet-violet,paradox-rift,60,2299,https://images.tcggo.com/tcggo/storage/2311/tinkatink-par-82-paradox-rift-pokemon.png,https://www.tcggo.com/external/cm/2299,https://www.tcggo.com/external/tcgplayer/2299,Tinkatink,Tinkatink 82,0.03,0.03,7477,EUR,[],,,,,,,,,,0.02,0.02,0.02,0.02,0.02,0.02,0.02,0.02,0.02,0.02,,,,,,,,,,,,,,,,,,,,,,,,,,,,,,,,,,,,,,,,,,EUR,0.15,0.13,Common,tinkatink,Pokémon,https://www.tcggo.com/pokemon/paradox-rift/tinkatink-82,sv4-82,523748,singles
2026-08-23T17:19:56+02:00,,368,Oswaldo KATO,oswaldo-kato,PAR 83,83,740575,182,266,PAR,Pokémon,pokemon,15,https://images.tcggo.com/tcggo/storage/2228/paradox-rift-logo.png,Paradox Rift,EUR,792.99,EUR,1072.45,2023-11-03,1,Scarlet & Violet,scarlet-violet,paradox-rift,70,2300,https://images.tcggo.com/tcggo/storage/2312/tinkatink-par-83-paradox-rift-pokemon.png,https://www.tcggo.com/external/cm/2300,https://www.tcggo.com/external/tcgplayer/2300,Tinkatink,Tinkatink 83,0.04,0.04,7251,EUR,[],,,,,,,,,,0.02,0.02,0.02,0.02,0.02,0.02,0.02,0.02,0.02,0.02,,,,,,,,,,,,,,,,,,,,,,,,,,,,,,,,,,,,,,,,,,EUR,0.15,0.13,Common,tinkatink,Pokémon,https://www.tcggo.com/pokemon/paradox-rift/tinkatink-83,sv4-83,523749,singles
2026-08-23T17:19:56+02:00,,377,Souichirou Gunjima,souichirou-gunjima,PAR 84,84,740576,182,266,PAR,Pokémon,pokemon,15,https://images.tcggo.com/tcggo/storage/2228/paradox-rift-logo.png,Paradox Rift,EUR,792.99,EUR,1072.45,2023-11-03,1,Scarlet & Violet,scarlet-violet,paradox-rift,80,2301,https://images.tcggo.com/tcggo/storage/2313/tinkatuff-par-84-paradox-rift-pokemon.png,https://www.tcggo.com/external/cm/2301,https://www.tcggo.com/external/tcgplayer/2301,Tinkatuff,Tinkatuff 84,0.03,0.03,7334,EUR,[],,,,,,,,,,0.02,0.02,0.02,0.02,0.02,0.02,0.02,0.02,0.02,0.02,,,,,,,,,,,,,,,,,,,,,,,,,,,,,,,,,,,,,,,,,,EUR,0.18,0.13,Common,tinkatuff,Pokémon,https://www.tcggo.com/pokemon/paradox-rift/tinkatuff-84,sv4-84,523750,singles
2026-08-23T17:19:56+02:00,,382,KEIICHIRO ITO,keiichiro-ito,PAR 85,85,740577,182,266,PAR,Pokémon,pokemon,15,https://images.tcggo.com/tcggo/storage/2228/paradox-rift-logo.png,Paradox Rift,EUR,792.99,EUR,1072.45,2023-11-03,1,Scarlet & Violet,scarlet-violet,paradox-rift,130,2302,https://images.tcggo.com/tcggo/storage/2314/tinkaton-par-85-paradox-rift-pokemon.png,https://www.tcggo.com/external/cm/2302,https://www.tcggo.com/external/tcgplayer/2302,Tinkaton,Tinkaton 85,0.04,0.03,7547,EUR,[],,,,,,,,,,0.02,0.02,0.02,0.02,0.02,0.02,0.02,0.02,0.02,0.02,,,,,,,,,,,,,,,,,,,,,,,,,,,,,,,,,,,,,,,,,,EUR,0.25,0.13,Uncommon,tinkaton,Pokémon,https://www.tcggo.com/pokemon/paradox-rift/tinkaton-85,sv4-85,523751,singles
2026-08-23T17:19:56+02:00,,486,Ryota Murayama,ryota-murayama,PAR 86,86,740578,182,266,PAR,Pokémon,pokemon,15,https://images.tcggo.com/tcggo/storage/2228/paradox-rift-logo.png,Paradox Rift,EUR,792.99,EUR,1072.45,2023-11-03,1,Scarlet & Violet,scarlet-violet,paradox-rift,90,2303,https://images.tcggo.com/tcggo/storage/2315/scream-tail-par-86-paradox-rift-pokemon.png,https://www.tcggo.com/external/cm/2303,https://www.tcggo.com/external/tcgplayer/2303,Scream Tail,Scream Tail 86,0.04,0.03,10637,EUR,[],,,,,,,,,,0.02,0.02,0.02,0.02,0.02,0.02,0.02,0.02,0.02,0.02,,,,,,,,,,,,,,,,,,,,,,,,,,,,,,,,,,,,,,,,,,EUR,0.25,0.13,Uncommon,scream-tail,Pokémon,https://www.tcggo.com/pokemon/paradox-rift/scream-tail-86,sv4-86,523752,singles
2026-08-23T17:19:56+02:00,,482,Mizue,mizue,PAR 87,87,740579,182,266,PAR,Pokémon,pokemon,15,https://images.tcggo.com/tcggo/storage/2228/paradox-rift-logo.png,Paradox Rift,EUR,792.99,EUR,1072.45,2023-11-03,1,Scarlet & Violet,scarlet-violet,paradox-rift,50,2304,https://images.tcggo.com/tcggo/storage/2316/gimmighoul-par-87-paradox-rift-pokemon.png,https://www.tcggo.com/external/cm/2304,https://www.tcggo.com/external/tcgplayer/2304,Gimmighoul,Gimmighoul 87,0.07,0.06,6564,EUR,[],,,,,,,,,,0.02,0.02,0.02,0.02,0.02,0.02,0.02,0.02,0.02,0.02,,,,,,,,,,,,,,,,,,,,,,,,,,,,,,,,,,,,,,,,,,EUR,0.19,0.14,Common,gimmighoul,Pokémon,https://www.tcggo.com/pokemon/paradox-rift/gimmighoul-87,sv4-87,523753,singles
2026-08-23T17:19:56+02:00,,378,Kouki Saitou,kouki-saitou,PAR 88,88,740580,182,266,PAR,Pokémon,pokemon,15,https://images.tcggo.com/tcggo/storage/2228/paradox-rift-logo.png,Paradox Rift,EUR,792.99,EUR,1072.45,2023-11-03,1,Scarlet & Violet,scarlet-violet,paradox-rift,70,2305,https://images.tcggo.com/tcggo/storage/2317/gimmighoul-par-88-paradox-rift-pokemon.png,https://www.tcggo.com/external/cm/2305,https://www.tcggo.com/external/tcgplayer/2305,Gimmighoul,Gimmighoul 88,0.04,0.04,6367,EUR,[],,,,,,,,,,0.03,0.02,0.02,0.02,0.02,0.02,0.02,0.02,0.02,0.02,,,,,,,,,,,,,,,,,,,,,,,,,,,,,,,,,,,,,,,,,,EUR,0.16,0.13,Common,gimmighoul,Pokémon,https://www.tcggo.com/pokemon/paradox-rift/gimmighoul-88,sv4-88,523754,singles
2026-08-23T17:19:56+02:00,,371,aky CG Works,aky-cg-works,PAR 89,89,740582,182,266,PAR,Pokémon,pokemon,15,https://images.tcggo.com/tcggo/storage/2228/paradox-rift-logo.png,Paradox Rift,EUR,792.99,EUR,1072.45,2023-11-03,1,Scarlet & Violet,scarlet-violet,paradox-rift,220,2306,https://images.tcggo.com/tcggo/storage/2318/iron-valiant-ex-par-89-paradox-rift-pokemon.png,https://www.tcggo.com/external/cm/2306,https://www.tcggo.com/external/tcgplayer/2306,Iron Valiant ex,Iron Valiant ex 89,0.63,0.66,1535,EUR,[],,,,,,,,,,0.1,0.29,0.29,0.15,0.15,0.1,0.5,0.5,0.15,0.15,,,,,,,,,,,,,,,,,,,,,,,,,,,,,,,,,,,,,,,,,,EUR,0.68,0.76,Double Rare,iron-valiant-ex,Pokémon,https://www.tcggo.com/pokemon/paradox-rift/iron-valiant-ex-89,sv4-89,523756,singles
2026-08-23T17:19:56+02:00,,443,Shiburingaru,shiburingaru,PAR 90,90,740586,182,266,PAR,Pokémon,pokemon,15,https://images.tcggo.com/tcggo/storage/2228/paradox-rift-logo.png,Paradox Rift,EUR,792.99,EUR,1072.45,2023-11-03,1,Scarlet & Violet,scarlet-violet,paradox-rift,120,2307,https://images.tcggo.com/tcggo/storage/2319/onix-par-90-paradox-rift-pokemon.png,https://www.tcggo.com/external/cm/2307,https://www.tcggo.com/external/tcgplayer/2307,Onix,Onix 90,0.03,0.04,12490,EUR,[],,,,,,,,,,0.02,0.02,0.02,0.02,0.02,0.02,0.02,0.02,0.02,0.02,,,,,,,,,,,,,,,,,,,,,,,,,,,,,,,,,,,,,,,,,,EUR,0.12,0.11,Common,onix,Pokémon,https://www.tcggo.com/pokemon/paradox-rift/onix-90,sv4-90,523757,singles
2026-08-23T17:19:56+02:00,,359,HYOGONOSUKE,hyogonosuke,PAR 91,91,740588,182,266,PAR,Pokémon,pokemon,15,https://images.tcggo.com/tcggo/storage/2228/paradox-rift-logo.png,Paradox Rift,EUR,792.99,EUR,1072.45,2023-11-03,1,Scarlet & Violet,scarlet-violet,paradox-rift,70,2308,https://images.tcggo.com/tcggo/storage/2320/gligar-par-91-paradox-rift-pokemon.png,https://www.tcggo.com/external/cm/2308,https://www.tcggo.com/external/tcgplayer/2308,Gligar,Gligar 91,0.05,0.04,11630,EUR,[],,,,,,,,,,0.02,0.02,0.02,0.02,0.02,0.02,0.02,0.02,0.02,0.02,,,,,,,,,,,,,,,,,,,,,,,,,,,,,,,,,,,,,,,,,,EUR,0.13,0.1,Common,gligar,Pokémon,https://www.tcggo.com/pokemon/paradox-rift/gligar-91,sv4-91,523758,singles
2026-08-23T17:19:56+02:00,,373,GOSSAN,gossan,PAR 92,92,740589,182,266,PAR,Pokémon,pokemon,15,https://images.tcggo.com/tcggo/storage/2228/paradox-rift-logo.png,Paradox Rift,EUR,792.99,EUR,1072.45,2023-11-03,1,Scarlet & Violet,scarlet-violet,paradox-rift,120,2309,https://images.tcggo.com/tcggo/storage/2321/gliscor-par-92-paradox-rift-pokemon.png,https://www.tcggo.com/external/cm/2309,https://www.tcggo.com/external/tcgplayer/2309,Gliscor,Gliscor 92,0.04,0.05,8020,EUR,[],,,,,,,,,,0.02,0.02,0.02,0.02,0.02,0.02,0.02,0.02,0.02,0.02,,,,,,,,,,,,,,,,,,,,,,,,,,,,,,,,,,,,,,,,,,EUR,0.15,0.1,Uncommon,gliscor,Pokémon,https://www.tcggo.com/pokemon/paradox-rift/gliscor-92,sv4-92,523759,singles
2026-08-23T17:19:56+02:00,,428,Uta,uta,PAR 93,93,740591,182,266,PAR,Pokémon,pokemon,15,https://images.tcggo.com/tcggo/storage/2228/paradox-rift-logo.png,Paradox Rift,EUR,792.99,EUR,1072.45,2023-11-03,1,Scarlet & Violet,scarlet-violet,paradox-rift,130,2310,https://images.tcggo.com/tcggo/storage/2322/groudon-par-93-paradox-rift-pokemon.png,https://www.tcggo.com/external/cm/2310,https://www.tcggo.com/external/tcgplayer/2310,Groudon,Groudon 93,0.09,0.08,5145,EUR,[],,,,,,,,,,0.03,0.02,0.02,0.02,0.02,0.02,0.02,0.02,0.02,0.02,,,,,,,,,,,,,,,,,,,,,,,,,,,,,,,,,,,,,,,,,,EUR,0.22,0.15,rare,groudon,Pokémon,https://www.tcggo.com/pokemon/paradox-rift/groudon-93,sv4-93,523762,singles
2026-08-23T17:19:56+02:00,,391,saino misaki,saino-misaki,PAR 94,94,740597,182,266,PAR,Pokémon,pokemon,15,https://images.tcggo.com/tcggo/storage/2228/paradox-rift-logo.png,Paradox Rift,EUR,792.99,EUR,1072.45,2023-11-03,1,Scarlet & Violet,scarlet-violet,paradox-rift,70,2311,https://images.tcggo.com/tcggo/storage/2323/gible-par-94-paradox-rift-pokemon.png,https://www.tcggo.com/external/cm/2311,https://www.tcggo.com/external/tcgplayer/2311,Gible,Gible 94,0.04,0.03,12105,EUR,[],,,,,,,,,,0.02,0.02,0.02,0.02,0.02,0.02,0.02,0.02,0.02,0.02,,,,,,,,,,,,,,,,,,,,,,,,,,,,,,,,,,,,,,,,,,EUR,0.15,0.12,Common,gible,Pokémon,https://www.tcggo.com/pokemon/paradox-rift/gible-94,sv4-94,523764,singles
2026-08-23T17:19:56+02:00,,395,Nisota Niso,nisota-niso,PAR 95,95,740600,182,266,PAR,Pokémon,pokemon,15,https://images.tcggo.com/tcggo/storage/2228/paradox-rift-logo.png,Paradox Rift,EUR,792.99,EUR,1072.45,2023-11-03,1,Scarlet & Violet,scarlet-violet,paradox-rift,100,2312,https://images.tcggo.com/tcggo/storage/2324/gabite-par-95-paradox-rift-pokemon.png,https://www.tcggo.com/external/cm/2312,https://www.tcggo.com/external/tcgplayer/2312,Gabite,Gabite 95,0.04,0.03,6852,EUR,[],,,,,,,,,,0.02,0.02,0.02,0.02,0.02,0.02,0.02,0.02,0.02,0.02,,,,,,,,,,,,,,,,,,,,,,,,,,,,,,,,,,,,,,,,,,EUR,0.15,0.13,Common,gabite,Pokémon,https://www.tcggo.com/pokemon/paradox-rift/gabite-95,sv4-95,523765,singles
2026-08-23T17:19:56+02:00,,528,Natsumi Yoshida,natsumi-yoshida,PAR 96,96,740608,182,266,PAR,Pokémon,pokemon,15,https://images.tcggo.com/tcggo/storage/2228/paradox-rift-logo.png,Paradox Rift,EUR,792.99,EUR,1072.45,2023-11-03,1,Scarlet & Violet,scarlet-violet,paradox-rift,60,2313,https://images.tcggo.com/tcggo/storage/2325/mienfoo-par-96-paradox-rift-pokemon.png,https://www.tcggo.com/external/cm/2313,https://www.tcggo.com/external/tcgplayer/2313,Mienfoo,Mienfoo 96,0.03,0.03,13237,EUR,[],,,,,,,,,,0.02,0.02,0.02,0.02,0.02,0.02,0.02,0.02,0.02,0.02,,,,,,,,,,,,,,,,,,,,,,,,,,,,,,,,,,,,,,,,,,EUR,0.09,0.09,Common,mienfoo,Pokémon,https://www.tcggo.com/pokemon/paradox-rift/mienfoo-96,sv4-96,523766,singles
2026-08-23T17:19:56+02:00,,424,Mousho,mousho,PAR 97,97,740609,182,266,PAR,Pokémon,pokemon,15,https://images.tcggo.com/tcggo/storage/2228/paradox-rift-logo.png,Paradox Rift,EUR,792.99,EUR,1072.45,2023-11-03,1,Scarlet & Violet,scarlet-violet,paradox-rift,100,2314,https://images.tcggo.com/tcggo/storage/2326/mienshao-par-97-paradox-rift-pokemon.png,https://www.tcggo.com/external/cm/2314,https://www.tcggo.com/external/tcgplayer/2314,Mienshao,Mienshao 97,0.03,0.02,8166,EUR,[],,,,,,,,,,0.02,0.02,0.02,0.02,0.02,0.02,0.02,0.02,0.02,0.02,,,,,,,,,,,,,,,,,,,,,,,,,,,,,,,,,,,,,,,,,,EUR,0.15,0.09,Uncommon,mienshao,Pokémon,https://www.tcggo.com/pokemon/paradox-rift/mienshao-97,sv4-97,523767,singles
2026-08-23T17:19:56+02:00,,380,5ban Graphics,5ban-graphics,PAR 98,98,740611,182,266,PAR,Pokémon,pokemon,15,https://images.tcggo.com/tcggo/storage/2228/paradox-rift-logo.png,Paradox Rift,EUR,792.99,EUR,1072.45,2023-11-03,1,Scarlet & Violet,scarlet-violet,paradox-rift,220,2315,https://images.tcggo.com/tcggo/storage/2327/hoopa-ex-par-98-paradox-rift-pokemon.png,https://www.tcggo.com/external/cm/2315,https://www.tcggo.com/external/tcgplayer/2315,Hoopa ex,Hoopa ex 98,0.7,0.64,1172,EUR,[],,,,,,,,,,0.45,0.3,0.3,0.4,0.4,0.45,0.8,0.8,0.3,0.3,,,,,,,,,,,,,,,,,,,,,,,,,,,,,,,,,,,,,,,,,,EUR,0.74,0.85,Double Rare,hoopa-ex,Pokémon,https://www.tcggo.com/pokemon/paradox-rift/hoopa-ex-98,sv4-98,523768,singles
2026-08-23T17:19:56+02:00,,374,OKUBO,okubo,PAR 99,99,740613,182,266,PAR,Pokémon,pokemon,15,https://images.tcggo.com/tcggo/storage/2228/paradox-rift-logo.png,Paradox Rift,EUR,792.99,EUR,1072.45,2023-11-03,1,Scarlet & Violet,scarlet-violet,paradox-rift,70,2316,https://images.tcggo.com/tcggo/storage/2328/minior-par-99-paradox-rift-pokemon.png,https://www.tcggo.com/external/cm/2316,https://www.tcggo.com/external/tcgplayer/2316,Minior,Minior 99,0.05,0.04,11308,EUR,[],,,,,,,,,,0.02,0.02,0.02,0.02,0.02,0.02,0.02,0.02,0.02,0.02,,,,,,,,,,,,,,,,,,,,,,,,,,,,,,,,,,,,,,,,,,EUR,0.23,0.12,Uncommon,minior,Pokémon,https://www.tcggo.com/pokemon/paradox-rift/minior-99,sv4-99,523769,singles
2026-08-23T17:19:56+02:00,,380,5ban Graphics,5ban-graphics,PAR 100,100,740614,182,266,PAR,Pokémon,pokemon,15,https://images.tcggo.com/tcggo/storage/2228/paradox-rift-logo.png,Paradox Rift,EUR,792.99,EUR,1072.45,2023-11-03,1,Scarlet & Violet,scarlet-violet,paradox-rift,260,2317,https://images.tcggo.com/tcggo/storage/2329/toxtricity-ex-par-100-paradox-rift-pokemon.png,https://www.tcggo.com/external/cm/2317,https://www.tcggo.com/external/tcgplayer/2317,Toxtricity ex,Toxtricity ex 100,0.66,0.68,1413,EUR,[],,,,,,,,,,0.2,0.3,0.3,0.5,0.5,0.2,0.8,0.8,0.1,0.1,,,,,,,,,,,,,,,,,,,,,,,,,,,,,,,,,,,,,,,,,,EUR,0.73,0.85,Double Rare,toxtricity-ex,Pokémon,https://www.tcggo.com/pokemon/paradox-rift/toxtricity-ex-100,sv4-100,523770,singles
2026-08-23T17:19:56+02:00,,482,Mizue,mizue,PAR 101,101,740615,182,266,PAR,Pokémon,pokemon,15,https://images.tcggo.com/tcggo/storage/2228/paradox-rift-logo.png,Paradox Rift,EUR,792.99,EUR,1072.45,2023-11-03,1,Scarlet & Violet,scarlet-violet,paradox-rift,60,2318,https://images.tcggo.com/tcggo/storage/2330/nacli-par-101-paradox-rift-pokemon.png,https://www.tcggo.com/external/cm/2318,https://www.tcggo.com/external/tcgplayer/2318,Nacli,Nacli 101,0.03,0.03,7900,EUR,[],,,,,,,,,,0.02,0.02,0.02,0.02,0.02,0.02,0.02,0.02,0.02,0.02,,,,,,,,,,,,,,,,,,,,,,,,,,,,,,,,,,,,,,,,,,EUR,0.09,0.09,Common,nacli,Pokémon,https://www.tcggo.com/pokemon/paradox-rift/nacli-101,sv4-101,523771,singles
2026-08-23T17:19:56+02:00,,516,Pani Kobayashi,pani-kobayashi,PAR 102,102,740616,182,266,PAR,Pokémon,pokemon,15,https://images.tcggo.com/tcggo/storage/2228/paradox-rift-logo.png,Paradox Rift,EUR,792.99,EUR,1072.45,2023-11-03,1,Scarlet & Violet,scarlet-violet,paradox-rift,70,2319,https://images.tcggo.com/tcggo/storage/2331/nacli-par-102-paradox-rift-pokemon.png,https://www.tcggo.com/external/cm/2319,https://www.tcggo.com/external/tcgplayer/2319,Nacli,Nacli 102,0.04,0.04,7165,EUR,[],,,,,,,,,,0.02,0.02,0.02,0.02,0.02,0.02,0.02,0.02,0.02,0.02,,,,,,,,,,,,,,,,,,,,,,,,,,,,,,,,,,,,,,,,,,EUR,0.09,0.1,Common,nacli,Pokémon,https://www.tcggo.com/pokemon/paradox-rift/nacli-102,sv4-102,523772,singles
2026-08-23T17:19:56+02:00,,382,KEIICHIRO ITO,keiichiro-ito,PAR 103,103,740617,182,266,PAR,Pokémon,pokemon,15,https://images.tcggo.com/tcggo/storage/2228/paradox-rift-logo.png,Paradox Rift,EUR,792.99,EUR,1072.45,2023-11-03,1,Scarlet & Violet,scarlet-violet,paradox-rift,100,2320,https://images.tcggo.com/tcggo/storage/2332/naclstack-par-103-paradox-rift-pokemon.png,https://www.tcggo.com/external/cm/2320,https://www.tcggo.com/external/tcgplayer/2320,Naclstack,Naclstack 103,0.04,0.04,7767,EUR,[],,,,,,,,,,0.02,0.02,0.02,0.02,0.02,0.02,0.02,0.02,0.02,0.02,,,,,,,,,,,,,,,,,,,,,,,,,,,,,,,,,,,,,,,,,,EUR,0.1,0.12,Common,naclstack,Pokémon,https://www.tcggo.com/pokemon/paradox-rift/naclstack-103,sv4-103,523773,singles
2026-08-23T17:19:56+02:00,,377,Souichirou Gunjima,souichirou-gunjima,PAR 104,104,740619,182,266,PAR,Pokémon,pokemon,15,https://images.tcggo.com/tcggo/storage/2228/paradox-rift-logo.png,Paradox Rift,EUR,792.99,EUR,1072.45,2023-11-03,1,Scarlet & Violet,scarlet-violet,paradox-rift,160,2321,https://images.tcggo.com/tcggo/storage/2333/garganacl-par-104-paradox-rift-pokemon.png,https://www.tcggo.com/external/cm/2321,https://www.tcggo.com/external/tcgplayer/2321,Garganacl,Garganacl 104,0.07,0.06,7137,EUR,[],,,,,,,,,,0.02,0.02,0.02,0.02,0.02,0.02,0.02,0.02,0.02,0.02,,,,,,,,,,,,,,,,,,,,,,,,,,,,,,,,,,,,,,,,,,EUR,0.15,0.15,rare,garganacl,Pokémon,https://www.tcggo.com/pokemon/paradox-rift/garganacl-104,sv4-104,523774,singles
2026-08-23T17:19:56+02:00,,491,Yuya Oka,yuya-oka,PAR 105,105,740620,182,266,PAR,Pokémon,pokemon,15,https://images.tcggo.com/tcggo/storage/2228/paradox-rift-logo.png,Paradox Rift,EUR,792.99,EUR,1072.45,2023-11-03,1,Scarlet & Violet,scarlet-violet,paradox-rift,120,2322,https://images.tcggo.com/tcggo/storage/2334/klawf-par-105-paradox-rift-pokemon.png,https://www.tcggo.com/external/cm/2322,https://www.tcggo.com/external/tcgplayer/2322,Klawf,Klawf 105,0.04,0.03,6828,EUR,[],,,,,,,,,,0.02,0.02,0.02,0.02,0.02,0.02,0.02,0.02,0.02,0.02,,,,,,,,,,,,,,,,,,,,,,,,,,,,,,,,,,,,,,,,,,EUR,0.22,0.14,Uncommon,klawf,Pokémon,https://www.tcggo.com/pokemon/paradox-rift/klawf-105,sv4-105,523777,singles
2026-08-23T17:19:56+02:00,,363,Anesaki Dynamic,anesaki-dynamic,PAR 106,106,740621,182,266,PAR,Pokémon,pokemon,15,https://images.tcggo.com/tcggo/storage/2228/paradox-rift-logo.png,Paradox Rift,EUR,792.99,EUR,1072.45,2023-11-03,1,Scarlet & Violet,scarlet-violet,paradox-rift,110,2323,https://images.tcggo.com/tcggo/storage/2335/flamigo-par-106-paradox-rift-pokemon.png,https://www.tcggo.com/external/cm/2323,https://www.tcggo.com/external/tcgplayer/2323,Flamigo,Flamigo 106,0.03,0.03,12962,EUR,[],,,,,,,,,,0.02,0.02,0.02,0.02,0.02,0.02,0.02,0.02,0.02,0.02,,,,,,,,,,,,,,,,,,,,,,,,,,,,,,,,,,,,,,,,,,EUR,0.12,0.09,Common,flamigo,Pokémon,https://www.tcggo.com/pokemon/paradox-rift/flamigo-106,sv4-106,523778,singles
2026-08-23T17:19:56+02:00,,363,Anesaki Dynamic,anesaki-dynamic,PAR 107,107,740623,182,266,PAR,Pokémon,pokemon,15,https://images.tcggo.com/tcggo/storage/2228/paradox-rift-logo.png,Paradox Rift,EUR,792.99,EUR,1072.45,2023-11-03,1,Scarlet & Violet,scarlet-violet,paradox-rift,140,2324,https://images.tcggo.com/tcggo/storage/2336/slither-wing-par-107-paradox-rift-pokemon.png,https://www.tcggo.com/external/cm/2324,https://www.tcggo.com/external/tcgplayer/2324,Slither Wing,Slither Wing 107,0.03,0.03,11020,EUR,[],,,,,,,,,,0.02,0.02,0.02,0.02,0.02,0.02,0.02,0.02,0.02,0.02,USD,,,,,,,,,,,10.04,1,,,,,,,,,52.78,2,,,,,14.5,4,,,,,,,,,,,,,EUR,0.27,0.13,Uncommon,slither-wing,Pokémon,https://www.tcggo.com/pokemon/paradox-rift/slither-wing-107,sv4-107,523779,singles
2026-08-23T17:19:56+02:00,,384,PLANETA Mochizuki,planeta-mochizuki,PAR 108,108,740625,182,266,PAR,Pokémon,pokemon,15,https://images.tcggo.com/tcggo/storage/2228/paradox-rift-logo.png,Paradox Rift,EUR,792.99,EUR,1072.45,2023-11-03,1,Scarlet & Violet,scarlet-violet,paradox-rift,220,2325,https://images.tcggo.com/tcggo/storage/2337/sandy-shocks-ex-par-108-paradox-rift-pokemon.png,https://www.tcggo.com/external/cm/2325,https://www.tcggo.com/external/tcgplayer/2325,Sandy Shocks ex,Sandy Shocks ex 108,0.63,0.63,1688,EUR,[],,,,,,,,,,0.2,0.2,0.2,0.2,0.2,0.2,0.5,0.5,0.05,0.05,,,,,,,,,,,,,,,,,,,,,,,,,,,,,,,,,,,,,,,,,,EUR,0.55,0.77,Double Rare,sandy-shocks-ex,Pokémon,https://www.tcggo.com/pokemon/paradox-rift/sandy-shocks-ex-108,sv4-108,523780,singles
2026-08-23T17:19:56+02:00,,434,AKIRA EGAWA,akira-egawa,PAR 109,109,740627,182,266,PAR,Pokémon,pokemon,15,https://images.tcggo.com/tcggo/storage/2228/paradox-rift-logo.png,Paradox Rift,EUR,792.99,EUR,1072.45,2023-11-03,1,Scarlet & Violet,scarlet-violet,paradox-rift,140,2326,https://images.tcggo.com/tcggo/storage/2338/ting-lu-par-109-paradox-rift-pokemon.png,https://www.tcggo.com/external/cm/2326,https://www.tcggo.com/external/tcgplayer/2326,Ting-Lu,Ting-Lu 109,0.1,0.08,6812,EUR,[],,,,,,,,,,0.02,0.02,0.02,0.02,0.02,0.02,0.02,0.02,0.02,0.02,,,,,,,,,,,,,,,,,,,,,,,,,,,,,,,,,,,,,,,,,,EUR,0.23,0.15,rare,ting-lu,Pokémon,https://www.tcggo.com/pokemon/paradox-rift/ting-lu-109,sv4-109,523781,singles
2026-08-23T17:19:56+02:00,,530,Sumiyoshi Kizuki,sumiyoshi-kizuki,PAR 110,110,740628,182,266,PAR,Pokémon,pokemon,15,https://images.tcggo.com/tcggo/storage/2228/paradox-rift-logo.png,Paradox Rift,EUR,792.99,EUR,1072.45,2023-11-03,1,Scarlet & Violet,scarlet-violet,paradox-rift,50,2327,https://images.tcggo.com/tcggo/storage/2339/zubat-par-110-paradox-rift-pokemon.png,https://www.tcggo.com/external/cm/2327,https://www.tcggo.com/external/tcgplayer/2327,Zubat,Zubat 110,0.03,0.03,12473,EUR,[],,,,,,,,,,0.02,0.02,0.02,0.02,0.02,0.02,0.02,0.02,0.02,0.02,,,,,,,,,,,,,,,,,,,,,,,,,,,,,,,,,,,,,,,,,,EUR,0.09,0.09,Common,zubat,Pokémon,https://www.tcggo.com/pokemon/paradox-rift/zubat-110,sv4-110,523783,singles
2026-08-23T17:19:56+02:00,,531,Eri Yamaki,eri-yamaki,PAR 111,111,740629,182,266,PAR,Pokémon,pokemon,15,https://images.tcggo.com/tcggo/storage/2228/paradox-rift-logo.png,Paradox Rift,EUR,792.99,EUR,1072.45,2023-11-03,1,Scarlet & Violet,scarlet-violet,paradox-rift,80,2328,https://images.tcggo.com/tcggo/storage/2340/golbat-par-111-paradox-rift-pokemon.png,https://www.tcggo.com/external/cm/2328,https://www.tcggo.com/external/tcgplayer/2328,Golbat,Golbat 111,0.04,0.03,7358,EUR,[],,,,,,,,,,0.02,0.02,0.02,0.02,0.02,0.02,0.02,0.02,0.02,0.02,,,,,,,,,,,,,,,,,,,,,,,,,,,,,,,,,,,,,,,,,,EUR,0.19,0.11,Common,golbat,Pokémon,https://www.tcggo.com/pokemon/paradox-rift/golbat-111,sv4-111,523784,singles
2026-08-23T17:19:56+02:00,,428,Uta,uta,PAR 112,112,740630,182,266,PAR,Pokémon,pokemon,15,https://images.tcggo.com/tcggo/storage/2228/paradox-rift-logo.png,Paradox Rift,EUR,792.99,EUR,1072.45,2023-11-03,1,Scarlet & Violet,scarlet-violet,paradox-rift,130,2329,https://images.tcggo.com/tcggo/storage/2341/crobat-par-112-paradox-rift-pokemon.png,https://www.tcggo.com/external/cm/2329,https://www.tcggo.com/external/tcgplayer/2329,Crobat,Crobat 112,0.03,0.05,7452,EUR,[],,,,,,,,,,0.02,0.02,0.02,0.02,0.02,0.02,0.02,0.02,0.02,0.02,,,,,,,,,,,,,,,,,,,,,,,,,,,,,,,,,,,,,,,,,,EUR,0.2,0.1,Uncommon,crobat,Pokémon,https://www.tcggo.com/pokemon/paradox-rift/crobat-112,sv4-112,523786,singles
2026-08-23T17:19:56+02:00,,421,Shinji Kanda,shinji-kanda,PAR 113,113,740632,182,266,PAR,Pokémon,pokemon,15,https://images.tcggo.com/tcggo/storage/2228/paradox-rift-logo.png,Paradox Rift,EUR,792.99,EUR,1072.45,2023-11-03,1,Scarlet & Violet,scarlet-violet,paradox-rift,100,2330,https://images.tcggo.com/tcggo/storage/2342/absol-par-113-paradox-rift-pokemon.png,https://www.tcggo.com/external/cm/2330,https://www.tcggo.com/external/tcgplayer/2330,Absol,Absol 113,0.06,0.09,9750,EUR,[],,,,,,,,,,0.02,0.02,0.02,0.02,0.02,0.02,0.02,0.02,0.02,0.02,,,,,,,,,,,,,,,,,,,,,,,,,,,,,,,,,,,,,,,,,,EUR,0.3,0.14,Uncommon,absol,Pokémon,https://www.tcggo.com/pokemon/paradox-rift/absol-113,sv4-113,523787,singles
2026-08-23T17:19:56+02:00,,507,0313,0313,PAR 114,114,740635,182,266,PAR,Pokémon,pokemon,15,https://images.tcggo.com/tcggo/storage/2228/paradox-rift-logo.png,Paradox Rift,EUR,792.99,EUR,1072.45,2023-11-03,1,Scarlet & Violet,scarlet-violet,paradox-rift,60,2331,https://images.tcggo.com/tcggo/storage/2343/purrloin-par-114-paradox-rift-pokemon.png,https://www.tcggo.com/external/cm/2331,https://www.tcggo.com/external/tcgplayer/2331,Purrloin,Purrloin 114,0.03,0.03,12563,EUR,[],,,,,,,,,,0.02,0.02,0.02,0.02,0.02,0.02,0.02,0.02,0.02,0.02,,,,,,,,,,,,,,,,,,,,,,,,,,,,,,,,,,,,,,,,,,EUR,0.15,0.09,Common,purrloin,Pokémon,https://www.tcggo.com/pokemon/paradox-rift/purrloin-114,sv4-114,523788,singles
2026-08-23T17:19:56+02:00,,504,Yoshioka,yoshioka,PAR 115,115,740638,182,266,PAR,Pokémon,pokemon,15,https://images.tcggo.com/tcggo/storage/2228/paradox-rift-logo.png,Paradox Rift,EUR,792.99,EUR,1072.45,2023-11-03,1,Scarlet & Violet,scarlet-violet,paradox-rift,100,2332,https://images.tcggo.com/tcggo/storage/2344/liepard-par-115-paradox-rift-pokemon.png,https://www.tcggo.com/external/cm/2332,https://www.tcggo.com/external/tcgplayer/2332,Liepard,Liepard 115,0.03,0.03,7003,EUR,[],,,,,,,,,,0.02,0.02,0.02,0.02,0.02,0.02,0.02,0.02,0.02,0.02,,,,,,,,,,,,,,,,,,,,,,,,,,,,,,,,,,,,,,,,,,EUR,0.15,0.13,Common,liepard,Pokémon,https://www.tcggo.com/pokemon/paradox-rift/liepard-115,sv4-115,523789,singles
2026-08-23T17:19:56+02:00,,438,Miki Tanaka,miki-tanaka,PAR 116,116,740640,182,266,PAR,Pokémon,pokemon,15,https://images.tcggo.com/tcggo/storage/2228/paradox-rift-logo.png,Paradox Rift,EUR,792.99,EUR,1072.45,2023-11-03,1,Scarlet & Violet,scarlet-violet,paradox-rift,70,2333,https://images.tcggo.com/tcggo/storage/2345/trubbish-par-116-paradox-rift-pokemon.png,https://www.tcggo.com/external/cm/2333,https://www.tcggo.com/external/tcgplayer/2333,Trubbish,Trubbish 116,0.03,0.04,12709,EUR,[],,,,,,,,,,0.02,0.02,0.02,0.02,0.02,0.02,0.02,0.02,0.02,0.02,,,,,,,,,,,,,,,,,,,,,,,,,,,,,,,,,,,,,,,,,,EUR,0.16,0.1,Common,trubbish,Pokémon,https://www.tcggo.com/pokemon/paradox-rift/trubbish-116,sv4-116,523790,singles
2026-08-23T17:19:56+02:00,,435,Aya Kusube,aya-kusube,PAR 117,117,740644,182,266,PAR,Pokémon,pokemon,15,https://images.tcggo.com/tcggo/storage/2228/paradox-rift-logo.png,Paradox Rift,EUR,792.99,EUR,1072.45,2023-11-03,1,Scarlet & Violet,scarlet-violet,paradox-rift,120,2334,https://images.tcggo.com/tcggo/storage/2346/garbodor-par-117-paradox-rift-pokemon.png,https://www.tcggo.com/external/cm/2334,https://www.tcggo.com/external/tcgplayer/2334,Garbodor,Garbodor 117,0.03,0.03,7645,EUR,[],,,,,,,,,,0.02,0.02,0.02,0.02,0.02,0.02,0.02,0.02,0.02,0.02,,,,,,,,,,,,,,,,,,,,,,,,,,,,,,,,,,,,,,,,,,EUR,0.25,0.1,Uncommon,garbodor,Pokémon,https://www.tcggo.com/pokemon/paradox-rift/garbodor-117,sv4-117,523791,singles
2026-08-23T17:19:56+02:00,,408,kawayoo,kawayoo,PAR 118,118,740647,182,266,PAR,Pokémon,pokemon,15,https://images.tcggo.com/tcggo/storage/2228/paradox-rift-logo.png,Paradox Rift,EUR,792.99,EUR,1072.45,2023-11-03,1,Scarlet & Violet,scarlet-violet,paradox-rift,130,2335,https://images.tcggo.com/tcggo/storage/2347/yveltal-par-118-paradox-rift-pokemon.png,https://www.tcggo.com/external/cm/2335,https://www.tcggo.com/external/tcgplayer/2335,Yveltal,Yveltal 118,0.08,0.06,5770,EUR,[],,,,,,,,,,0.02,0.02,0.02,0.02,0.02,0.02,0.02,0.02,0.02,0.02,,,,,,,,,,,,,,,,,,,,,,,,,,,,,,,,,,,,,,,,,,EUR,0.21,0.15,rare,yveltal,Pokémon,https://www.tcggo.com/pokemon/paradox-rift/yveltal-118,sv4-118,523793,singles
2026-08-23T17:19:56+02:00,,409,Yuu Nishida,yuu-nishida,PAR 119,119,740650,182,266,PAR,Pokémon,pokemon,15,https://images.tcggo.com/tcggo/storage/2228/paradox-rift-logo.png,Paradox Rift,EUR,792.99,EUR,1072.45,2023-11-03,1,Scarlet & Violet,scarlet-violet,paradox-rift,70,2336,https://images.tcggo.com/tcggo/storage/2348/nickit-par-119-paradox-rift-pokemon.png,https://www.tcggo.com/external/cm/2336,https://www.tcggo.com/external/tcgplayer/2336,Nickit,Nickit 119,0.03,0.03,12555,EUR,[],,,,,,,,,,0.02,0.02,0.02,0.02,0.02,0.02,0.02,0.02,0.02,0.02,,,,,,,,,,,,,,,,,,,,,,,,,,,,,,,,,,,,,,,,,,EUR,0.17,0.09,Common,nickit,Pokémon,https://www.tcggo.com/pokemon/paradox-rift/nickit-119,sv4-119,523794,singles
2026-08-23T17:19:56+02:00,,433,SIE NANAHARA,sie-nanahara,PAR 120,120,740651,182,266,PAR,Pokémon,pokemon,15,https://images.tcggo.com/tcggo/storage/2228/paradox-rift-logo.png,Paradox Rift,EUR,792.99,EUR,1072.45,2023-11-03,1,Scarlet & Violet,scarlet-violet,paradox-rift,110,2337,https://images.tcggo.com/tcggo/storage/2349/thievul-par-120-paradox-rift-pokemon.png,https://www.tcggo.com/external/cm/2337,https://www.tcggo.com/external/tcgplayer/2337,Thievul,Thievul 120,0.08,0.08,5852,EUR,[],,,,,,,,,,0.02,0.02,0.02,0.02,0.02,0.02,0.02,0.02,0.02,0.02,,,,,,,,,,,,,,,,,,,,,,,,,,,,,,,,,,,,,,,,,,EUR,0.18,0.13,rare,thievul,Pokémon,https://www.tcggo.com/pokemon/paradox-rift/thievul-120,sv4-120,523795,singles
2026-08-23T17:19:56+02:00,,496,Cona Nitanda,cona-nitanda,PAR 121,121,740654,182,266,PAR,Pokémon,pokemon,15,https://images.tcggo.com/tcggo/storage/2228/paradox-rift-logo.png,Paradox Rift,EUR,792.99,EUR,1072.45,2023-11-03,1,Scarlet & Violet,scarlet-violet,paradox-rift,70,2338,https://images.tcggo.com/tcggo/storage/2350/morpeko-par-121-paradox-rift-pokemon.png,https://www.tcggo.com/external/cm/2338,https://www.tcggo.com/external/tcgplayer/2338,Morpeko,Morpeko 121,0.09,0.09,5207,EUR,[],,,,,,,,,,0.03,0.02,0.02,0.02,0.02,0.02,0.02,0.02,0.02,0.02,,,,,,,,,,,,,,,,,,,,,,,,,,,,,,,,,,,,,,,,,,EUR,0.26,0.17,rare,morpeko,Pokémon,https://www.tcggo.com/pokemon/paradox-rift/morpeko-121,sv4-121,523796,singles
2026-08-23T17:19:56+02:00,,377,Souichirou Gunjima,souichirou-gunjima,PAR 122,122,740657,182,266,PAR,Pokémon,pokemon,15,https://images.tcggo.com/tcggo/storage/2228/paradox-rift-logo.png,Paradox Rift,EUR,792.99,EUR,1072.45,2023-11-03,1,Scarlet & Violet,scarlet-violet,paradox-rift,120,2339,https://images.tcggo.com/tcggo/storage/2351/lokix-par-122-paradox-rift-pokemon.png,https://www.tcggo.com/external/cm/2339,https://www.tcggo.com/external/tcgplayer/2339,Lokix,Lokix 122,0.07,0.07,5930,EUR,[],,,,,,,,,,0.02,0.02,0.02,0.02,0.02,0.02,0.02,0.02,0.02,0.02,,,,,,,,,,,,,,,,,,,,,,,,,,,,,,,,,,,,,,,,,,EUR,0.15,0.17,rare,lokix,Pokémon,https://www.tcggo.com/pokemon/paradox-rift/lokix-122,sv4-122,523797,singles
2026-08-23T17:19:56+02:00,,363,Anesaki Dynamic,anesaki-dynamic,PAR 123,123,748125,182,266,PAR,Pokémon,pokemon,15,https://images.tcggo.com/tcggo/storage/2228/paradox-rift-logo.png,Paradox Rift,EUR,792.99,EUR,1072.45,2023-11-03,1,Scarlet & Violet,scarlet-violet,paradox-rift,120,2340,https://images.tcggo.com/tcggo/storage/2352/brute-bonnet-par-123-paradox-rift-pokemon.png,https://www.tcggo.com/external/cm/2340,https://www.tcggo.com/external/tcgplayer/2340,Brute Bonnet,Brute Bonnet 123,0.11,0.1,3810,EUR,[],,,,,,,,,,0.02,0.02,0.02,0.02,0.02,0.02,0.02,0.02,0.02,0.02,,,,,,,,,,,,,,,,,,,,,,,,,,,,,,,,,,,,,,,,,,EUR,0.27,0.19,rare,brute-bonnet,Pokémon,https://www.tcggo.com/pokemon/paradox-rift/brute-bonnet-123,sv4-123,523799,singles
2026-08-23T17:19:56+02:00,,490,takuyoa,takuyoa,PAR 124,124,740661,182,266,PAR,Pokémon,pokemon,15,https://images.tcggo.com/tcggo/storage/2228/paradox-rift-logo.png,Paradox Rift,EUR,792.99,EUR,1072.45,2023-11-03,1,Scarlet & Violet,scarlet-violet,paradox-rift,230,2341,https://images.tcggo.com/tcggo/storage/2353/roaring-moon-ex-par-124-paradox-rift-pokemon.png,https://www.tcggo.com/external/cm/2341,https://www.tcggo.com/external/tcgplayer/2341,Roaring Moon ex,Roaring Moon ex 124,0.73,0.77,1331,EUR,[],,,,,,,,,,0.1,0.25,0.25,0.7,0.7,0.1,0.5,0.5,0.1,0.1,,,,,,,,,,,,,,,,,,,,,,,,,,,,,,,,,,,,,,,,,,EUR,0.64,0.85,Double Rare,roaring-moon-ex,Pokémon,https://www.tcggo.com/pokemon/paradox-rift/roaring-moon-ex-124,sv4-124,523800,singles
2026-08-23T17:19:56+02:00,,532,Po-Suzuki,po-suzuki,PAR 125,125,740662,182,266,PAR,Pokémon,pokemon,15,https://images.tcggo.com/tcggo/storage/2228/paradox-rift-logo.png,Paradox Rift,EUR,792.99,EUR,1072.45,2023-11-03,1,Scarlet & Violet,scarlet-violet,paradox-rift,180,2342,https://images.tcggo.com/tcggo/storage/2354/steelix-par-125-paradox-rift-pokemon.png,https://www.tcggo.com/external/cm/2342,https://www.tcggo.com/external/tcgplayer/2342,Steelix,Steelix 125,0.12,0.07,4998,EUR,[],,,,,,,,,,0.03,0.02,0.02,0.02,0.02,0.02,0.02,0.02,0.02,0.02,,,,,,,,,,,,,,,,,,,,,,,,,,,,,,,,,,,,,,,,,,EUR,0.25,0.17,rare,steelix,Pokémon,https://www.tcggo.com/pokemon/paradox-rift/steelix-125,sv4-125,523801,singles
2026-08-23T17:19:56+02:00,,362,Naoyo Kimura,naoyo-kimura,PAR 126,126,740663,182,266,PAR,Pokémon,pokemon,15,https://images.tcggo.com/tcggo/storage/2228/paradox-rift-logo.png,Paradox Rift,EUR,792.99,EUR,1072.45,2023-11-03,1,Scarlet & Violet,scarlet-violet,paradox-rift,70,2343,https://images.tcggo.com/tcggo/storage/2355/jirachi-par-126-paradox-rift-pokemon.png,https://www.tcggo.com/external/cm/2343,https://www.tcggo.com/external/tcgplayer/2343,Jirachi,Jirachi 126,0.06,0.07,5808,EUR,[],,,,,,,,,,0.03,0.02,0.02,0.02,0.02,0.02,0.02,0.02,0.02,0.02,,,,,,,,,,,,,,,,,,,,,,,,,,,,,,,,,,,,,,,,,,EUR,0.25,0.15,Common,jirachi,Pokémon,https://www.tcggo.com/pokemon/paradox-rift/jirachi-126,sv4-126,523803,singles
2026-08-23T17:19:56+02:00,,438,Miki Tanaka,miki-tanaka,PAR 127,127,740664,182,266,PAR,Pokémon,pokemon,15,https://images.tcggo.com/tcggo/storage/2228/paradox-rift-logo.png,Paradox Rift,EUR,792.99,EUR,1072.45,2023-11-03,1,Scarlet & Violet,scarlet-violet,paradox-rift,70,2344,https://images.tcggo.com/tcggo/storage/2356/ferroseed-par-127-paradox-rift-pokemon.png,https://www.tcggo.com/external/cm/2344,https://www.tcggo.com/external/tcgplayer/2344,Ferroseed,Ferroseed 127,0.03,0.03,13093,EUR,[],,,,,,,,,,0.02,0.02,0.02,0.02,0.02,0.02,0.02,0.02,0.02,0.02,,,,,,,,,,,,,,,,,,,,,,,,,,,,,,,,,,,,,,,,,,EUR,0.11,0.09,Common,ferroseed,Pokémon,https://www.tcggo.com/pokemon/paradox-rift/ferroseed-127,sv4-127,523804,singles
2026-08-23T17:19:56+02:00,,533,SATOSHI NAKAI,satoshi-nakai,PAR 128,128,740665,182,266,PAR,Pokémon,pokemon,15,https://images.tcggo.com/tcggo/storage/2228/paradox-rift-logo.png,Paradox Rift,EUR,792.99,EUR,1072.45,2023-11-03,1,Scarlet & Violet,scarlet-violet,paradox-rift,140,2345,https://images.tcggo.com/tcggo/storage/2357/ferrothorn-par-128-paradox-rift-pokemon.png,https://www.tcggo.com/external/cm/2345,https://www.tcggo.com/external/tcgplayer/2345,Ferrothorn,Ferrothorn 128,0.03,0.02,8076,EUR,[],,,,,,,,,,0.02,0.02,0.02,0.02,0.02,0.02,0.02,0.02,0.02,0.02,,,,,,,,,,,,,,,,,,,,,,,,,,,,,,,,,,,,,,,,,,EUR,0.16,0.1,Uncommon,ferrothorn,Pokémon,https://www.tcggo.com/pokemon/paradox-rift/ferrothorn-128,sv4-128,523805,singles
2026-08-23T17:19:56+02:00,,483,Kyoko Umemoto,kyoko-umemoto,PAR 129,129,740667,182,266,PAR,Pokémon,pokemon,15,https://images.tcggo.com/tcggo/storage/2228/paradox-rift-logo.png,Paradox Rift,EUR,792.99,EUR,1072.45,2023-11-03,1,Scarlet & Violet,scarlet-violet,paradox-rift,70,2346,https://images.tcggo.com/tcggo/storage/2358/durant-par-129-paradox-rift-pokemon.png,https://www.tcggo.com/external/cm/2346,https://www.tcggo.com/external/tcgplayer/2346,Durant,Durant 129,0.03,0.02,12102,EUR,[],,,,,,,,,,0.02,0.02,0.02,0.02,0.02,0.02,0.02,0.02,0.02,0.02,,,,,,,,,,,,,,,,,,,,,,,,,,,,,,,,,,,,,,,,,,EUR,0.15,0.09,Uncommon,durant,Pokémon,https://www.tcggo.com/pokemon/paradox-rift/durant-129,sv4-129,523806,singles
2026-08-23T17:19:56+02:00,,529,aoki,aoki,PAR 130,130,740668,182,266,PAR,Pokémon,pokemon,15,https://images.tcggo.com/tcggo/storage/2228/paradox-rift-logo.png,Paradox Rift,EUR,792.99,EUR,1072.45,2023-11-03,1,Scarlet & Violet,scarlet-violet,paradox-rift,60,2347,https://images.tcggo.com/tcggo/storage/2359/honedge-par-130-paradox-rift-pokemon.png,https://www.tcggo.com/external/cm/2347,https://www.tcggo.com/external/tcgplayer/2347,Honedge,Honedge 130,0.03,0.03,8645,EUR,[],,,,,,,,,,0.02,0.02,0.02,0.02,0.02,0.02,0.02,0.02,0.02,0.02,,,,,,,,,,,,,,,,,,,,,,,,,,,,,,,,,,,,,,,,,,EUR,0.14,0.09,Common,honedge,Pokémon,https://www.tcggo.com/pokemon/paradox-rift/honedge-130,sv4-130,523807,singles
2026-08-23T17:19:56+02:00,,534,Nagomi Nijo,nagomi-nijo,PAR 131,131,740669,182,266,PAR,Pokémon,pokemon,15,https://images.tcggo.com/tcggo/storage/2228/paradox-rift-logo.png,Paradox Rift,EUR,792.99,EUR,1072.45,2023-11-03,1,Scarlet & Violet,scarlet-violet,paradox-rift,60,2348,https://images.tcggo.com/tcggo/storage/2360/honedge-par-131-paradox-rift-pokemon.png,https://www.tcggo.com/external/cm/2348,https://www.tcggo.com/external/tcgplayer/2348,Honedge,Honedge 131,0.03,0.04,7164,EUR,[],,,,,,,,,,0.02,0.02,0.02,0.02,0.02,0.02,0.02,0.02,0.02,0.02,,,,,,,,,,,,,,,,,,,,,,,,,,,,,,,,,,,,,,,,,,EUR,0.17,0.13,Common,honedge,Pokémon,https://www.tcggo.com/pokemon/paradox-rift/honedge-131,sv4-131,523808,singles
2026-08-23T17:19:56+02:00,,502,Bun Toujo,bun-toujo,PAR 132,132,740670,182,266,PAR,Pokémon,pokemon,15,https://images.tcggo.com/tcggo/storage/2228/paradox-rift-logo.png,Paradox Rift,EUR,792.99,EUR,1072.45,2023-11-03,1,Scarlet & Violet,scarlet-violet,paradox-rift,90,2349,https://images.tcggo.com/tcggo/storage/2361/doublade-par-132-paradox-rift-pokemon.png,https://www.tcggo.com/external/cm/2349,https://www.tcggo.com/external/tcgplayer/2349,Doublade,Doublade 132,0.03,0.03,8044,EUR,[],,,,,,,,,,0.02,0.02,0.02,0.02,0.02,0.02,0.02,0.02,0.02,0.02,,,,,,,,,,,,,,,,,,,,,,,,,,,,,,,,,,,,,,,,,,EUR,0.15,0.12,Common,doublade,Pokémon,https://www.tcggo.com/pokemon/paradox-rift/doublade-132,sv4-132,523809,singles
2026-08-23T17:19:56+02:00,,437,Shigenori Negishi,shigenori-negishi,PAR 133,133,740671,182,266,PAR,Pokémon,pokemon,15,https://images.tcggo.com/tcggo/storage/2228/paradox-rift-logo.png,Paradox Rift,EUR,792.99,EUR,1072.45,2023-11-03,1,Scarlet & Violet,scarlet-violet,paradox-rift,90,2350,https://images.tcggo.com/tcggo/storage/2362/doublade-par-133-paradox-rift-pokemon.png,https://www.tcggo.com/external/cm/2350,https://www.tcggo.com/external/tcgplayer/2350,Doublade,Doublade 133,0.03,0.03,7600,EUR,[],,,,,,,,,,0.02,0.02,0.02,0.02,0.02,0.02,0.02,0.02,0.02,0.02,,,,,,,,,,,,,,,,,,,,,,,,,,,,,,,,,,,,,,,,,,EUR,0.17,0.11,Common,doublade,Pokémon,https://www.tcggo.com/pokemon/paradox-rift/doublade-133,sv4-133,523810,singles
2026-08-23T17:19:56+02:00,,535,Jiro Sasumo,jiro-sasumo,PAR 134,134,740672,182,266,PAR,Pokémon,pokemon,15,https://images.tcggo.com/tcggo/storage/2228/paradox-rift-logo.png,Paradox Rift,EUR,792.99,EUR,1072.45,2023-11-03,1,Scarlet & Violet,scarlet-violet,paradox-rift,150,2351,https://images.tcggo.com/tcggo/storage/2363/aegislash-par-134-paradox-rift-pokemon.png,https://www.tcggo.com/external/cm/2351,https://www.tcggo.com/external/tcgplayer/2351,Aegislash,Aegislash 134,0.09,0.11,5323,EUR,[],,,,,,,,,,0.02,0.02,0.02,0.02,0.02,0.02,0.02,0.02,0.02,0.02,,,,,,,,,,,,,,,,,,,,,,,,,,,,,,,,,,,,,,,,,,EUR,0.17,0.17,rare,aegislash,Pokémon,https://www.tcggo.com/pokemon/paradox-rift/aegislash-134,sv4-134,523813,singles
2026-08-23T17:19:56+02:00,,369,toriyufu,toriyufu,PAR 135,135,740673,182,266,PAR,Pokémon,pokemon,15,https://images.tcggo.com/tcggo/storage/2228/paradox-rift-logo.png,Paradox Rift,EUR,792.99,EUR,1072.45,2023-11-03,1,Scarlet & Violet,scarlet-violet,paradox-rift,330,2352,https://images.tcggo.com/tcggo/storage/2364/aegislash-ex-par-135-paradox-rift-pokemon.png,https://www.tcggo.com/external/cm/2352,https://www.tcggo.com/external/tcgplayer/2352,Aegislash ex,Aegislash ex 135,0.59,0.6,1895,EUR,[],,,,,,,,,,0.25,0.15,0.15,0.2,0.2,0.25,0.4,0.4,0.05,0.05,,,,,,,,,,,,,,,,,,,,,,,,,,,,,,,,,,,,,,,,,,EUR,0.62,0.79,Double Rare,aegislash-ex,Pokémon,https://www.tcggo.com/pokemon/paradox-rift/aegislash-ex-135,sv4-135,523814,singles
2026-08-23T17:19:56+02:00,,471,Tonji Matsuno,tonji-matsuno,PAR 136,136,766963,182,266,PAR,Pokémon,pokemon,15,https://images.tcggo.com/tcggo/storage/2228/paradox-rift-logo.png,Paradox Rift,EUR,792.99,EUR,1072.45,2023-11-03,1,Scarlet & Violet,scarlet-violet,paradox-rift,120,2353,https://images.tcggo.com/tcggo/storage/2365/zacian-par-136-paradox-rift-pokemon.png,https://www.tcggo.com/external/cm/2353,https://www.tcggo.com/external/tcgplayer/2353,Zacian,Zacian 136,0.1,0.07,5138,EUR,[],,,,,,,,,,0.02,0.02,0.02,0.02,0.02,0.02,0.02,0.02,0.02,0.02,,,,,,,,,,,,,,,,,,,,,,,,,,,,,,,,,,,,,,,,,,EUR,0.2,0.16,rare,zacian,Pokémon,https://www.tcggo.com/pokemon/paradox-rift/zacian-136,sv4-136,523815,singles
2026-08-23T17:19:56+02:00,,380,5ban Graphics,5ban-graphics,PAR 137,137,740675,182,266,PAR,Pokémon,pokemon,15,https://images.tcggo.com/tcggo/storage/2228/paradox-rift-logo.png,Paradox Rift,EUR,792.99,EUR,1072.45,2023-11-03,1,Scarlet & Violet,scarlet-violet,paradox-rift,330,2354,https://images.tcggo.com/tcggo/storage/2366/skeledirge-ex-par-137-paradox-rift-pokemon.png,https://www.tcggo.com/external/cm/2354,https://www.tcggo.com/external/tcgplayer/2354,Skeledirge ex,Skeledirge ex 137,0.66,0.64,1641,EUR,[],,,,,,,,,,0.15,0.35,0.35,0.4,0.4,0.15,0.45,0.45,0.1,0.1,,,,,,,,,,,,,,,,,,,,,,,,,,,,,,,,,,,,,,,,,,EUR,0.62,0.74,Double Rare,skeledirge-ex,Pokémon,https://www.tcggo.com/pokemon/paradox-rift/skeledirge-ex-137,sv4-137,523816,singles
2026-08-23T17:19:56+02:00,,516,Pani Kobayashi,pani-kobayashi,PAR 138,138,740676,182,266,PAR,Pokémon,pokemon,15,https://images.tcggo.com/tcggo/storage/2228/paradox-rift-logo.png,Paradox Rift,EUR,792.99,EUR,1072.45,2023-11-03,1,Scarlet & Violet,scarlet-violet,paradox-rift,140,2355,https://images.tcggo.com/tcggo/storage/2367/orthworm-par-138-paradox-rift-pokemon.png,https://www.tcggo.com/external/cm/2355,https://www.tcggo.com/external/tcgplayer/2355,Orthworm,Orthworm 138,0.03,0.03,11613,EUR,[],,,,,,,,,,0.02,0.02,0.02,0.02,0.02,0.02,0.02,0.02,0.02,0.02,,,,,,,,,,,,,,,,,,,,,,,,,,,,,,,,,,,,,,,,,,EUR,0.13,0.09,Uncommon,orthworm,Pokémon,https://www.tcggo.com/pokemon/paradox-rift/orthworm-138,sv4-138,523817,singles
2026-08-23T17:19:56+02:00,,490,takuyoa,takuyoa,PAR 139,139,740677,182,266,PAR,Pokémon,pokemon,15,https://images.tcggo.com/tcggo/storage/2228/paradox-rift-logo.png,Paradox Rift,EUR,792.99,EUR,1072.45,2023-11-03,1,Scarlet & Violet,scarlet-violet,paradox-rift,260,2356,https://images.tcggo.com/tcggo/storage/2372/gholdengo-ex-par-139-paradox-rift-pokemon.png,https://www.tcggo.com/external/cm/2356,https://www.tcggo.com/external/tcgplayer/2356,Gholdengo ex,Gholdengo ex 139,0.87,0.79,1193,EUR,,,,,,,,,,24,0.45,0.39,0.39,0.7,0.7,0.45,0.45,0.45,0.15,0.15,,,,,,,,,,,,,,,,,,,,,,,,,,,,,,,,,,,,,,,,,,EUR,0.97,2.36,Double Rare,gholdengo-ex,Pokémon,https://www.tcggo.com/pokemon/paradox-rift/gholdengo-ex-139,sv4-139,523818,singles
2026-08-23T17:19:56+02:00,,526,Saki Hayashiro,saki-hayashiro,PAR 140,140,740678,182,266,PAR,Pokémon,pokemon,15,https://images.tcggo.com/tcggo/storage/2228/paradox-rift-logo.png,Paradox Rift,EUR,792.99,EUR,1072.45,2023-11-03,1,Scarlet & Violet,scarlet-violet,paradox-rift,260,2357,https://images.tcggo.com/tcggo/storage/2368/altaria-ex-par-140-paradox-rift-pokemon.png,https://www.tcggo.com/external/cm/2357,https://www.tcggo.com/external/tcgplayer/2357,Altaria ex,Altaria ex 140,0.72,0.68,1417,EUR,[],,,,,,,,,,0.4,0.25,0.25,0.6,0.6,0.4,0.65,0.65,0.14,0.14,,,,,,,,,,,,,,,,,,,,,,,,,,,,,,,,,,,,,,,,,,EUR,0.77,0.81,Double Rare,altaria-ex,Pokémon,https://www.tcggo.com/pokemon/paradox-rift/altaria-ex-140,sv4-140,523821,singles
2026-08-23T17:19:56+02:00,,440,Shibuzoh.,shibuzoh,PAR 141,141,740679,182,266,PAR,Pokémon,pokemon,15,https://images.tcggo.com/tcggo/storage/2228/paradox-rift-logo.png,Paradox Rift,EUR,792.99,EUR,1072.45,2023-11-03,1,Scarlet & Violet,scarlet-violet,paradox-rift,70,2358,https://images.tcggo.com/tcggo/storage/2369/tatsugiri-par-141-paradox-rift-pokemon.png,https://www.tcggo.com/external/cm/2358,https://www.tcggo.com/external/tcgplayer/2358,Tatsugiri,Tatsugiri 141,0.03,0.03,11052,EUR,[],,,,,,,,,,0.02,0.02,0.02,0.02,0.02,0.02,0.02,0.02,0.02,0.02,,,,,,,,,,,,,,,,,,,,,,,,,,,,,,,,,,,,,,,,,,EUR,0.27,0.13,Uncommon,tatsugiri,Pokémon,https://www.tcggo.com/pokemon/paradox-rift/tatsugiri-141,sv4-141,523822,singles
2026-08-23T17:19:56+02:00,,412,Taiga Kayama,taiga-kayama,PAR 142,142,740680,182,266,PAR,Pokémon,pokemon,15,https://images.tcggo.com/tcggo/storage/2228/paradox-rift-logo.png,Paradox Rift,EUR,792.99,EUR,1072.45,2023-11-03,1,Scarlet & Violet,scarlet-violet,paradox-rift,60,2359,https://images.tcggo.com/tcggo/storage/2370/porygon-par-142-paradox-rift-pokemon.png,https://www.tcggo.com/external/cm/2359,https://www.tcggo.com/external/tcgplayer/2359,Porygon,Porygon 142,0.03,0.03,12573,EUR,[],,,,,,,,,,0.02,0.02,0.02,0.02,0.02,0.02,0.02,0.02,0.02,0.02,,,,,,,,,,,,,,,,,,,,,,,,,,,,,,,,,,,,,,,,,,EUR,0.18,0.1,Common,porygon,Pokémon,https://www.tcggo.com/pokemon/paradox-rift/porygon-142,sv4-142,523823,singles
2026-08-23T17:19:56+02:00,,493,kurumitsu,kurumitsu,PAR 143,143,740681,182,266,PAR,Pokémon,pokemon,15,https://images.tcggo.com/tcggo/storage/2228/paradox-rift-logo.png,Paradox Rift,EUR,792.99,EUR,1072.45,2023-11-03,1,Scarlet & Violet,scarlet-violet,paradox-rift,90,2360,https://images.tcggo.com/tcggo/storage/2371/porygon2-par-143-paradox-rift-pokemon.png,https://www.tcggo.com/external/cm/2360,https://www.tcggo.com/external/tcgplayer/2360,Porygon2,Porygon2 143,0.03,0.03,7286,EUR,[],,,,,,,,,,0.02,0.02,0.02,0.02,0.02,0.02,0.02,0.02,0.02,0.02,,,,,,,,,,,,,,,,,,,,,,,,,,,,,,,,,,,,,,,,,,EUR,0.21,0.15,Common,porygon2,Pokémon,https://www.tcggo.com/pokemon/paradox-rift/porygon2-143,sv4-143,523824,singles
2026-08-23T17:19:56+02:00,,509,hatachu,hatachu,PAR 144,144,740682,182,266,PAR,Pokémon,pokemon,15,https://images.tcggo.com/tcggo/storage/2228/paradox-rift-logo.png,Paradox Rift,EUR,792.99,EUR,1072.45,2023-11-03,1,Scarlet & Violet,scarlet-violet,paradox-rift,150,2361,https://images.tcggo.com/tcggo/storage/2375/porygon-z-par-144-paradox-rift-pokemon.png,https://www.tcggo.com/external/cm/2361,https://www.tcggo.com/external/tcgplayer/2361,Porygon-Z,Porygon-Z 144,0.06,0.05,5460,EUR,[],,,,,,,,,,0.03,0.02,0.02,0.02,0.02,0.02,0.02,0.02,0.02,0.02,,,,,,,,,,,,,,,,,,,,,,,,,,,,,,,,,,,,,,,,,,EUR,0.26,0.17,rare,porygon-z,Pokémon,https://www.tcggo.com/pokemon/paradox-rift/porygon-z-144,sv4-144,523825,singles
2026-08-23T17:19:56+02:00,,404,aspara,aspara,PAR 145,145,740684,182,266,PAR,Pokémon,pokemon,15,https://images.tcggo.com/tcggo/storage/2228/paradox-rift-logo.png,Paradox Rift,EUR,792.99,EUR,1072.45,2023-11-03,1,Scarlet & Violet,scarlet-violet,paradox-rift,60,2362,https://images.tcggo.com/tcggo/storage/2373/aipom-par-145-paradox-rift-pokemon.png,https://www.tcggo.com/external/cm/2362,https://www.tcggo.com/external/tcgplayer/2362,Aipom,Aipom 145,0.03,0.03,12513,EUR,[],,,,,,,,,,0.02,0.02,0.02,0.02,0.02,0.02,0.02,0.02,0.02,0.02,,,,,,,,,,,,,,,,,,,,,,,,,,,,,,,,,,,,,,,,,,EUR,0.12,0.09,Common,aipom,Pokémon,https://www.tcggo.com/pokemon/paradox-rift/aipom-145,sv4-145,523826,singles
2026-08-23T17:19:56+02:00,,402,Hitoshi Ariga,hitoshi-ariga,PAR 146,146,740685,182,266,PAR,Pokémon,pokemon,15,https://images.tcggo.com/tcggo/storage/2228/paradox-rift-logo.png,Paradox Rift,EUR,792.99,EUR,1072.45,2023-11-03,1,Scarlet & Violet,scarlet-violet,paradox-rift,100,2363,https://images.tcggo.com/tcggo/storage/2374/ambipom-par-146-paradox-rift-pokemon.png,https://www.tcggo.com/external/cm/2363,https://www.tcggo.com/external/tcgplayer/2363,Ambipom,Ambipom 146,0.03,0.03,8057,EUR,[],,,,,,,,,,0.02,0.02,0.02,0.02,0.02,0.02,0.02,0.02,0.02,0.02,,,,,,,,,,,,,,,,,,,,,,,,,,,,,,,,,,,,,,,,,,EUR,0.15,0.09,Uncommon,ambipom,Pokémon,https://www.tcggo.com/pokemon/paradox-rift/ambipom-146,sv4-146,523827,singles
2026-08-23T17:19:56+02:00,,381,sowsow,sowsow,PAR 147,147,740687,182,266,PAR,Pokémon,pokemon,15,https://images.tcggo.com/tcggo/storage/2228/paradox-rift-logo.png,Paradox Rift,EUR,792.99,EUR,1072.45,2023-11-03,1,Scarlet & Violet,scarlet-violet,paradox-rift,120,2364,https://images.tcggo.com/tcggo/storage/2376/miltank-par-147-paradox-rift-pokemon.png,https://www.tcggo.com/external/cm/2364,https://www.tcggo.com/external/tcgplayer/2364,Miltank,Miltank 147,0.04,0.03,6784,EUR,[],,,,,,,,,,0.02,0.02,0.02,0.02,0.02,0.02,0.02,0.02,0.02,0.02,,,,,,,,,,,,,,,,,,,,,,,,,,,,,,,,,,,,,,,,,,EUR,0.16,0.13,Common,miltank,Pokémon,https://www.tcggo.com/pokemon/paradox-rift/miltank-147,sv4-147,523828,singles
2026-08-23T17:19:56+02:00,,503,sui,sui,PAR 148,148,740688,182,266,PAR,Pokémon,pokemon,15,https://images.tcggo.com/tcggo/storage/2228/paradox-rift-logo.png,Paradox Rift,EUR,792.99,EUR,1072.45,2023-11-03,1,Scarlet & Violet,scarlet-violet,paradox-rift,70,2365,https://images.tcggo.com/tcggo/storage/2377/whismur-par-148-paradox-rift-pokemon.png,https://www.tcggo.com/external/cm/2365,https://www.tcggo.com/external/tcgplayer/2365,Whismur,Whismur 148,0.03,0.03,12438,EUR,[],,,,,,,,,,0.02,0.02,0.02,0.02,0.02,0.02,0.02,0.02,0.02,0.02,,,,,,,,,,,,,,,,,,,,,,,,,,,,,,,,,,,,,,,,,,EUR,0.15,0.09,Common,whismur,Pokémon,https://www.tcggo.com/pokemon/paradox-rift/whismur-148,sv4-148,523829,singles
2026-08-23T17:19:56+02:00,,425,Yukiko Baba,yukiko-baba,PAR 149,149,740689,182,266,PAR,Pokémon,pokemon,15,https://images.tcggo.com/tcggo/storage/2228/paradox-rift-logo.png,Paradox Rift,EUR,792.99,EUR,1072.45,2023-11-03,1,Scarlet & Violet,scarlet-violet,paradox-rift,100,2366,https://images.tcggo.com/tcggo/storage/2378/loudred-par-149-paradox-rift-pokemon.png,https://www.tcggo.com/external/cm/2366,https://www.tcggo.com/external/tcgplayer/2366,Loudred,Loudred 149,0.03,0.04,7272,EUR,[],,,,,,,,,,0.02,0.02,0.02,0.02,0.02,0.02,0.02,0.02,0.02,0.02,,,,,,,,,,,,,,,,,,,,,,,,,,,,,,,,,,,,,,,,,,EUR,0.11,0.09,Common,loudred,Pokémon,https://www.tcggo.com/pokemon/paradox-rift/loudred-149,sv4-149,523830,singles
2026-08-23T17:19:56+02:00,,358,LINNE,linne,PAR 150,150,740690,182,266,PAR,Pokémon,pokemon,15,https://images.tcggo.com/tcggo/storage/2228/paradox-rift-logo.png,Paradox Rift,EUR,792.99,EUR,1072.45,2023-11-03,1,Scarlet & Violet,scarlet-violet,paradox-rift,160,2367,https://images.tcggo.com/tcggo/storage/2379/exploud-par-150-paradox-rift-pokemon.png,https://www.tcggo.com/external/cm/2367,https://www.tcggo.com/external/tcgplayer/2367,Exploud,Exploud 150,0.04,0.06,7449,EUR,[],,,,,,,,,,0.02,0.02,0.02,0.02,0.02,0.02,0.02,0.02,0.02,0.02,,,,,,,,,,,,,,,,,,,,,,,,,,,,,,,,,,,,,,,,,,EUR,0.2,0.11,Uncommon,exploud,Pokémon,https://www.tcggo.com/pokemon/paradox-rift/exploud-150,sv4-150,523831,singles
2026-08-23T17:19:56+02:00,,488,Masakazu Fukuda,masakazu-fukuda,PAR 151,151,740691,182,266,PAR,Pokémon,pokemon,15,https://images.tcggo.com/tcggo/storage/2228/paradox-rift-logo.png,Paradox Rift,EUR,792.99,EUR,1072.45,2023-11-03,1,Scarlet & Violet,scarlet-violet,paradox-rift,80,2368,https://images.tcggo.com/tcggo/storage/2380/spinda-par-151-paradox-rift-pokemon.png,https://www.tcggo.com/external/cm/2368,https://www.tcggo.com/external/tcgplayer/2368,Spinda,Spinda 151,0.03,0.03,12615,EUR,[],,,,,,,,,,0.02,0.02,0.02,0.02,0.02,0.02,0.02,0.02,0.02,0.02,,,,,,,,,,,,,,,,,,,,,,,,,,,,,,,,,,,,,,,,,,EUR,0.14,0.1,Common,spinda,Pokémon,https://www.tcggo.com/pokemon/paradox-rift/spinda-151,sv4-151,523832,singles
2026-08-23T17:19:56+02:00,,359,HYOGONOSUKE,hyogonosuke,PAR 152,152,740692,182,266,PAR,Pokémon,pokemon,15,https://images.tcggo.com/tcggo/storage/2228/paradox-rift-logo.png,Paradox Rift,EUR,792.99,EUR,1072.45,2023-11-03,1,Scarlet & Violet,scarlet-violet,paradox-rift,50,2369,https://images.tcggo.com/tcggo/storage/2381/swablu-par-152-paradox-rift-pokemon.png,https://www.tcggo.com/external/cm/2369,https://www.tcggo.com/external/tcgplayer/2369,Swablu,Swablu 152,0.04,0.08,11940,EUR,[],,,,,,,,,,0.02,0.02,0.02,0.02,0.02,0.02,0.02,0.02,0.02,0.02,,,,,,,,,,,,,,,,,,,,,,,,,,,,,,,,,,,,,,,,,,EUR,0.15,0.11,Common,swablu,Pokémon,https://www.tcggo.com/pokemon/paradox-rift/swablu-152,sv4-152,523833,singles
2026-08-23T17:19:56+02:00,,440,Shibuzoh.,shibuzoh,PAR 153,153,740693,182,266,PAR,Pokémon,pokemon,15,https://images.tcggo.com/tcggo/storage/2228/paradox-rift-logo.png,Paradox Rift,EUR,792.99,EUR,1072.45,2023-11-03,1,Scarlet & Violet,scarlet-violet,paradox-rift,30,2370,https://images.tcggo.com/tcggo/storage/2382/tandemaus-par-153-paradox-rift-pokemon.png,https://www.tcggo.com/external/cm/2370,https://www.tcggo.com/external/tcgplayer/2370,Tandemaus,Tandemaus 153,0.05,0.05,6472,EUR,[],,,,,,,,,,0.02,0.02,0.02,0.02,0.02,0.02,0.02,0.02,0.02,0.02,,,,,,,,,,,,,,,,,,,,,,,,,,,,,,,,,,,,,,,,,,EUR,0.21,0.16,Common,tandemaus,Pokémon,https://www.tcggo.com/pokemon/paradox-rift/tandemaus-153,sv4-153,523834,singles
2026-08-23T17:19:56+02:00,,426,Akira Komayama,akira-komayama,PAR 154,154,740694,182,266,PAR,Pokémon,pokemon,15,https://images.tcggo.com/tcggo/storage/2228/paradox-rift-logo.png,Paradox Rift,EUR,792.99,EUR,1072.45,2023-11-03,1,Scarlet & Violet,scarlet-violet,paradox-rift,40,2371,https://images.tcggo.com/tcggo/storage/2383/tandemaus-par-154-paradox-rift-pokemon.png,https://www.tcggo.com/external/cm/2371,https://www.tcggo.com/external/tcgplayer/2371,Tandemaus,Tandemaus 154,0.05,0.06,6798,EUR,[],,,,,,,,,,0.02,0.02,0.02,0.02,0.02,0.02,0.02,0.02,0.02,0.02,,,,,,,,,,,,,,,,,,,,,,,,,,,,,,,,,,,,,,,,,,EUR,0.25,0.15,Common,tandemaus,Pokémon,https://www.tcggo.com/pokemon/paradox-rift/tandemaus-154,sv4-154,523835,singles
2026-08-23T17:19:56+02:00,,380,5ban Graphics,5ban-graphics,PAR 155,155,740695,182,266,PAR,Pokémon,pokemon,15,https://images.tcggo.com/tcggo/storage/2228/paradox-rift-logo.png,Paradox Rift,EUR,792.99,EUR,1072.45,2023-11-03,1,Scarlet & Violet,scarlet-violet,paradox-rift,230,2372,https://images.tcggo.com/tcggo/storage/2384/maushold-ex-par-155-paradox-rift-pokemon.png,https://www.tcggo.com/external/cm/2372,https://www.tcggo.com/external/tcgplayer/2372,Maushold ex,Maushold ex 155,0.83,0.78,2568,EUR,[],,,,,,,,,,0.15,0.3,0.3,0.7,0.7,0.15,0.4,0.4,0.1,0.1,,,,,,,,,,,,,,,,,,,,,,,,,,,,,,,,,,,,,,,,,,EUR,1.23,0.88,Double Rare,maushold-ex,Pokémon,https://www.tcggo.com/pokemon/paradox-rift/maushold-ex-155,sv4-155,523836,singles
2026-08-23T17:19:56+02:00,,384,PLANETA Mochizuki,planeta-mochizuki,PAR 156,156,740696,182,266,PAR,Pokémon,pokemon,15,https://images.tcggo.com/tcggo/storage/2228/paradox-rift-logo.png,Paradox Rift,EUR,792.99,EUR,1072.45,2023-11-03,1,Scarlet & Violet,scarlet-violet,paradox-rift,200,2373,https://images.tcggo.com/tcggo/storage/2385/bombirdier-ex-par-156-paradox-rift-pokemon.png,https://www.tcggo.com/external/cm/2373,https://www.tcggo.com/external/tcgplayer/2373,Bombirdier ex,Bombirdier ex 156,0.62,0.61,1536,EUR,[],,,,,,,,,,0.3,0.25,0.25,0.35,0.35,0.3,0.4,0.4,0.14,0.14,,,,,,,,,,,,,,,,,,,,,,,,,,,,,,,,,,,,,,,,,,EUR,0.49,0.85,Double Rare,bombirdier-ex,Pokémon,https://www.tcggo.com/pokemon/paradox-rift/bombirdier-ex-156,sv4-156,523837,singles
2026-08-23T17:19:56+02:00,,408,kawayoo,kawayoo,PAR 157,157,740697,182,266,PAR,Pokémon,pokemon,15,https://images.tcggo.com/tcggo/storage/2228/paradox-rift-logo.png,Paradox Rift,EUR,792.99,EUR,1072.45,2023-11-03,1,Scarlet & Violet,scarlet-violet,paradox-rift,120,2374,https://images.tcggo.com/tcggo/storage/2386/cyclizar-par-157-paradox-rift-pokemon.png,https://www.tcggo.com/external/cm/2374,https://www.tcggo.com/external/tcgplayer/2374,Cyclizar,Cyclizar 157,0.03,0.03,12175,EUR,[],,,,,,,,,,0.02,0.02,0.02,0.02,0.02,0.02,0.02,0.02,0.02,0.02,,,,,,,,,,,,,,,,,,,,,,,,,,,,,,,,,,,,,,,,,,EUR,0.11,0.09,Uncommon,cyclizar,Pokémon,https://www.tcggo.com/pokemon/paradox-rift/cyclizar-157,sv4-157,523838,singles
2026-08-23T17:19:56+02:00,,377,Souichirou Gunjima,souichirou-gunjima,PAR 158,158,740698,182,266,PAR,Pokémon,pokemon,15,https://images.tcggo.com/tcggo/storage/2228/paradox-rift-logo.png,Paradox Rift,EUR,792.99,EUR,1072.45,2023-11-03,1,Scarlet & Violet,scarlet-violet,paradox-rift,130,2375,https://images.tcggo.com/tcggo/storage/2387/iron-jugulis-par-158-paradox-rift-pokemon.png,https://www.tcggo.com/external/cm/2375,https://www.tcggo.com/external/tcgplayer/2375,Iron Jugulis,Iron Jugulis 158,0.09,0.12,5392,EUR,[],,,,,,,,,,0.02,0.02,0.02,0.02,0.02,0.02,0.02,0.02,0.02,0.02,,,,,,,,,,,,,,,,,,,,,,,,,,,,,,,,,,,,,,,,,,EUR,0.17,0.17,rare,iron-jugulis,Pokémon,https://www.tcggo.com/pokemon/paradox-rift/iron-jugulis-158,sv4-158,523839,singles
2026-08-23T17:19:56+02:00,,380,5ban Graphics,5ban-graphics,PAR 159,159,740700,182,266,PAR,Pokémon,pokemon,15,https://images.tcggo.com/tcggo/storage/2228/paradox-rift-logo.png,Paradox Rift,EUR,792.99,EUR,1072.45,2023-11-03,1,Scarlet & Violet,scarlet-violet,paradox-rift,0,2376,https://images.tcggo.com/tcggo/storage/2388/ancient-booster-energy-capsule-par-159-paradox-rift-pokemon.png,https://www.tcggo.com/external/cm/2376,https://www.tcggo.com/external/tcgplayer/2376,Ancient Booster Energy Capsule,Ancient Booster Energy Capsule 159,0.05,0.03,10468,EUR,[],,,,,,,,,,0.02,0.02,0.02,0.02,0.02,0.02,0.02,0.02,0.02,0.02,,,,,,,,,,,,,,,,,,,,,,,,,,,,,,,,,,,,,,,,,,EUR,0.14,0.13,Uncommon,ancient-booster-energy-capsule,Trainer,https://www.tcggo.com/pokemon/paradox-rift/ancient-booster-energy-capsule-159,sv4-159,523840,singles
2026-08-23T17:19:56+02:00,,458,Toyste Beach,toyste-beach,PAR 160,160,740701,182,266,PAR,Pokémon,pokemon,15,https://images.tcggo.com/tcggo/storage/2228/paradox-rift-logo.png,Paradox Rift,EUR,792.99,EUR,1072.45,2023-11-03,1,Scarlet & Violet,scarlet-violet,paradox-rift,0,2377,https://images.tcggo.com/tcggo/storage/2389/counter-catcher-par-160-paradox-rift-pokemon.png,https://www.tcggo.com/external/cm/2377,https://www.tcggo.com/external/tcgplayer/2377,Counter Catcher,Counter Catcher 160,0.28,0.24,3152,EUR,[],,,,,,,,,,0.02,0.02,0.02,0.02,0.02,0.02,0.02,0.02,0.02,0.02,,,,,,,,,,,,,,,,,,,,,,,,,,,,,,,,,,,,,,,,,,EUR,0.32,0.85,Uncommon,counter-catcher,Trainer,https://www.tcggo.com/pokemon/paradox-rift/counter-catcher-160,sv4-160,523841,singles
2026-08-23T17:19:56+02:00,,453,AYUMI ODASHIMA,ayumi-odashima,PAR 161,161,740702,182,266,PAR,Pokémon,pokemon,15,https://images.tcggo.com/tcggo/storage/2228/paradox-rift-logo.png,Paradox Rift,EUR,792.99,EUR,1072.45,2023-11-03,1,Scarlet & Violet,scarlet-violet,paradox-rift,0,2378,https://images.tcggo.com/tcggo/storage/2390/cursed-duster-par-161-paradox-rift-pokemon.png,https://www.tcggo.com/external/cm/2378,https://www.tcggo.com/external/tcgplayer/2378,Cursed Duster,Cursed Duster 161,0.02,0.03,11539,EUR,[],,,,,,,,,,0.02,0.02,0.02,0.02,0.02,0.02,0.02,0.02,0.02,0.02,,,,,,,,,,,,,,,,,,,,,,,,,,,,,,,,,,,,,,,,,,EUR,0.22,0.1,Uncommon,cursed-duster,Trainer,https://www.tcggo.com/pokemon/paradox-rift/cursed-duster-161,sv4-161,523842,singles
2026-08-23T17:19:56+02:00,,517,Ayaka Yoshida,ayaka-yoshida,PAR 162,162,740703,182,266,PAR,Pokémon,pokemon,15,https://images.tcggo.com/tcggo/storage/2228/paradox-rift-logo.png,Paradox Rift,EUR,792.99,EUR,1072.45,2023-11-03,1,Scarlet & Violet,scarlet-violet,paradox-rift,0,2379,https://images.tcggo.com/tcggo/storage/2391/defiance-vest-par-162-paradox-rift-pokemon.png,https://www.tcggo.com/external/cm/2379,https://www.tcggo.com/external/tcgplayer/2379,Defiance Vest,Defiance Vest 162,0.03,0.02,10374,EUR,[],,,,,,,,,,0.03,0.02,0.02,0.02,0.02,0.02,0.02,0.02,0.02,0.02,,,,,,,,,,,,,,,,,,,,,,,,,,,,,,,,,,,,,,,,,,EUR,0.22,0.12,Uncommon,defiance-vest,Trainer,https://www.tcggo.com/pokemon/paradox-rift/defiance-vest-162,sv4-162,523843,singles
2026-08-23T17:19:56+02:00,,453,AYUMI ODASHIMA,ayumi-odashima,PAR 163,163,740704,182,266,PAR,Pokémon,pokemon,15,https://images.tcggo.com/tcggo/storage/2228/paradox-rift-logo.png,Paradox Rift,EUR,792.99,EUR,1072.45,2023-11-03,1,Scarlet & Violet,scarlet-violet,paradox-rift,0,2380,https://images.tcggo.com/tcggo/storage/2392/earthen-vessel-par-163-paradox-rift-pokemon.png,https://www.tcggo.com/external/cm/2380,https://www.tcggo.com/external/tcgplayer/2380,Earthen Vessel,Earthen Vessel 163,0.09,0.13,8429,EUR,[],,,,,,,,,,0.02,0.02,0.02,0.02,0.02,0.02,0.02,0.02,0.02,0.02,,,,,,,,,,,,,,,,,,,,,,,,,,,,,,,,,,,,,,,,,,EUR,0.32,0.21,Uncommon,earthen-vessel,Trainer,https://www.tcggo.com/pokemon/paradox-rift/earthen-vessel-163,sv4-163,523844,singles
2026-08-23T17:19:56+02:00,,380,5ban Graphics,5ban-graphics,PAR 164,164,740705,182,266,PAR,Pokémon,pokemon,15,https://images.tcggo.com/tcggo/storage/2228/paradox-rift-logo.png,Paradox Rift,EUR,792.99,EUR,1072.45,2023-11-03,1,Scarlet & Violet,scarlet-violet,paradox-rift,0,2381,https://images.tcggo.com/tcggo/storage/2393/future-booster-energy-capsule-par-164-paradox-rift-pokemon.png,https://www.tcggo.com/external/cm/2381,https://www.tcggo.com/external/tcgplayer/2381,Future Booster Energy Capsule,Future Booster Energy Capsule 164,0.03,0.03,11772,EUR,[],,,,,,,,,,0.03,0.02,0.02,0.02,0.02,0.02,0.02,0.02,0.02,0.02,,,,,,,,,,,,,,,,,,,,,,,,,,,,,,,,,,,,,,,,,,EUR,0.2,0.13,Uncommon,future-booster-energy-capsule,Trainer,https://www.tcggo.com/pokemon/paradox-rift/future-booster-energy-capsule-164,sv4-164,523845,singles
2026-08-23T17:19:56+02:00,,426,Akira Komayama,akira-komayama,PAR 165,165,740707,182,266,PAR,Pokémon,pokemon,15,https://images.tcggo.com/tcggo/storage/2228/paradox-rift-logo.png,Paradox Rift,EUR,792.99,EUR,1072.45,2023-11-03,1,Scarlet & Violet,scarlet-violet,paradox-rift,0,2382,https://images.tcggo.com/tcggo/storage/2394/larry-par-165-paradox-rift-pokemon.png,https://www.tcggo.com/external/cm/2382,https://www.tcggo.com/external/tcgplayer/2382,Larry,Larry 165,0.04,0.02,7943,EUR,[],,,,,,,,,,0.02,0.02,0.02,0.02,0.02,0.02,0.02,0.02,0.02,0.02,,,,,,,,,,,,,,,,,,,,,,,,,,,,,,,,,,,,,,,,,,EUR,0.23,0.13,Common,larry,Trainer,https://www.tcggo.com/pokemon/paradox-rift/larry-165,sv4-165,523846,singles
2026-08-23T17:19:56+02:00,,458,Toyste Beach,toyste-beach,PAR 166,166,740708,182,266,PAR,Pokémon,pokemon,15,https://images.tcggo.com/tcggo/storage/2228/paradox-rift-logo.png,Paradox Rift,EUR,792.99,EUR,1072.45,2023-11-03,1,Scarlet & Violet,scarlet-violet,paradox-rift,0,2383,https://images.tcggo.com/tcggo/storage/2395/luxurious-cape-par-166-paradox-rift-pokemon.png,https://www.tcggo.com/external/cm/2383,https://www.tcggo.com/external/tcgplayer/2383,Luxurious Cape,Luxurious Cape 166,0.07,0.05,7517,EUR,[],,,,,,,,,,0.03,0.02,0.02,0.02,0.02,0.02,0.02,0.02,0.02,0.02,,,,,,,,,,,,,,,,,,,,,,,,,,,,,,,,,,,,,,,,,,EUR,0.25,0.17,Uncommon,luxurious-cape,Trainer,https://www.tcggo.com/pokemon/paradox-rift/luxurious-cape-166,sv4-166,523847,singles
2026-08-23T17:19:56+02:00,,512,kirisAki,kirisaki,PAR 167,167,740709,182,266,PAR,Pokémon,pokemon,15,https://images.tcggo.com/tcggo/storage/2228/paradox-rift-logo.png,Paradox Rift,EUR,792.99,EUR,1072.45,2023-11-03,1,Scarlet & Violet,scarlet-violet,paradox-rift,0,2384,https://images.tcggo.com/tcggo/storage/2396/mela-par-167-paradox-rift-pokemon.png,https://www.tcggo.com/external/cm/2384,https://www.tcggo.com/external/tcgplayer/2384,Mela,Mela 167,0.04,0.04,11467,EUR,[],,,,,,,,,,0.02,0.02,0.02,0.02,0.02,0.02,0.02,0.02,0.02,0.02,,,,,,,,,,,,,,,,,,,,,,,,,,,,,,,,,,,,,,,,,,EUR,0.21,0.15,Uncommon,mela,Trainer,https://www.tcggo.com/pokemon/paradox-rift/mela-167,sv4-167,523848,singles
2026-08-23T17:19:56+02:00,,456,Hideki Ishikawa,hideki-ishikawa,PAR 168,168,740710,182,266,PAR,Pokémon,pokemon,15,https://images.tcggo.com/tcggo/storage/2228/paradox-rift-logo.png,Paradox Rift,EUR,792.99,EUR,1072.45,2023-11-03,1,Scarlet & Violet,scarlet-violet,paradox-rift,0,2385,https://images.tcggo.com/tcggo/storage/2397/norman-par-168-paradox-rift-pokemon.png,https://www.tcggo.com/external/cm/2385,https://www.tcggo.com/external/tcgplayer/2385,Norman,Norman 168,0.03,0.03,10980,EUR,[],,,,,,,,,,0.02,0.02,0.02,0.02,0.02,0.02,0.02,0.02,0.02,0.02,,,,,,,,,,,,,,,,,,,,,,,,,,,,,,,,,,,,,,,,,,EUR,0.16,0.1,Uncommon,norman,Trainer,https://www.tcggo.com/pokemon/paradox-rift/norman-168,sv4-168,523849,singles
2026-08-23T17:19:56+02:00,,496,Cona Nitanda,cona-nitanda,PAR 169,169,740711,182,266,PAR,Pokémon,pokemon,15,https://images.tcggo.com/tcggo/storage/2228/paradox-rift-logo.png,Paradox Rift,EUR,792.99,EUR,1072.45,2023-11-03,1,Scarlet & Violet,scarlet-violet,paradox-rift,0,2386,https://images.tcggo.com/tcggo/storage/2398/parasol-lady-par-169-paradox-rift-pokemon.png,https://www.tcggo.com/external/cm/2386,https://www.tcggo.com/external/tcgplayer/2386,Parasol Lady,Parasol Lady 169,0.04,0.03,10767,EUR,[],,,,,,,,,,0.03,0.02,0.02,0.02,0.02,0.02,0.02,0.02,0.02,0.02,,,,,,,,,,,,,,,,,,,,,,,,,,,,,,,,,,,,,,,,,,EUR,0.15,0.1,Common,parasol-lady,Trainer,https://www.tcggo.com/pokemon/paradox-rift/parasol-lady-169,sv4-169,523850,singles
2026-08-23T17:19:56+02:00,,520,Megumi Mizutani,megumi-mizutani,PAR 170,170,740712,182,266,PAR,Pokémon,pokemon,15,https://images.tcggo.com/tcggo/storage/2228/paradox-rift-logo.png,Paradox Rift,EUR,792.99,EUR,1072.45,2023-11-03,1,Scarlet & Violet,scarlet-violet,paradox-rift,0,2387,https://images.tcggo.com/tcggo/storage/2399/professor-sadas-vitality-par-170-paradox-rift-pokemon.png,https://www.tcggo.com/external/cm/2387,https://www.tcggo.com/external/tcgplayer/2387,Professor Sada's Vitality,Professor Sada's Vitality 170,0.04,0.03,10129,EUR,[],,,,,,,,,,0.02,0.02,0.02,0.02,0.02,0.02,0.02,0.02,0.02,0.02,,,,,,,,,,,,,,,,,,,,,,,,,,,,,,,,,,,,,,,,,,EUR,0.2,0.14,Uncommon,professor-sadas-vitality,Trainer,https://www.tcggo.com/pokemon/paradox-rift/professor-sadas-vitality-170,sv4-170,523851,singles
2026-08-23T17:19:56+02:00,,462,hncl,hncl,PAR 171,171,740713,182,266,PAR,Pokémon,pokemon,15,https://images.tcggo.com/tcggo/storage/2228/paradox-rift-logo.png,Paradox Rift,EUR,792.99,EUR,1072.45,2023-11-03,1,Scarlet & Violet,scarlet-violet,paradox-rift,0,2388,https://images.tcggo.com/tcggo/storage/2400/professor-turos-scenario-par-171-paradox-rift-pokemon.png,https://www.tcggo.com/external/cm/2388,https://www.tcggo.com/external/tcgplayer/2388,Professor Turo's Scenario,Professor Turo's Scenario 171,0.04,0.03,9368,EUR,[],,,,,,,,,,0.02,0.02,0.02,0.02,0.02,0.02,0.02,0.02,0.02,0.02,,,,,,,,,,,,,,,,,,,,,,,,,,,,,,,,,,,,,,,,,,EUR,0.27,0.21,Uncommon,professor-turos-scenario,Trainer,https://www.tcggo.com/pokemon/paradox-rift/professor-turos-scenario-171,sv4-171,523852,singles
2026-08-23T17:19:56+02:00,,459,GIDORA,gidora,PAR 172,172,740714,182,266,PAR,Pokémon,pokemon,15,https://images.tcggo.com/tcggo/storage/2228/paradox-rift-logo.png,Paradox Rift,EUR,792.99,EUR,1072.45,2023-11-03,1,Scarlet & Violet,scarlet-violet,paradox-rift,0,2389,https://images.tcggo.com/tcggo/storage/2401/rika-par-172-paradox-rift-pokemon.png,https://www.tcggo.com/external/cm/2389,https://www.tcggo.com/external/tcgplayer/2389,Rika,Rika 172,0.04,0.03,12874,EUR,[],,,,,,,,,,0.02,0.02,0.02,0.02,0.02,0.02,0.02,0.02,0.02,0.02,,,,,,,,,,,,,,,,,,,,,,,,,,,,,,,,,,,,,,,,,,EUR,0.21,0.12,Uncommon,rika,Trainer,https://www.tcggo.com/pokemon/paradox-rift/rika-172,sv4-172,523853,singles
2026-08-23T17:19:56+02:00,,518,Ryuta Fuse,ryuta-fuse,PAR 173,173,740716,182,266,PAR,Pokémon,pokemon,15,https://images.tcggo.com/tcggo/storage/2228/paradox-rift-logo.png,Paradox Rift,EUR,792.99,EUR,1072.45,2023-11-03,1,Scarlet & Violet,scarlet-violet,paradox-rift,0,2390,https://images.tcggo.com/tcggo/storage/2402/roark-par-173-paradox-rift-pokemon.png,https://www.tcggo.com/external/cm/2390,https://www.tcggo.com/external/tcgplayer/2390,Roark,Roark 173,0.04,0.03,10781,EUR,[],,,,,,,,,,0.02,0.02,0.02,0.02,0.02,0.02,0.02,0.02,0.02,0.02,,,,,,,,,,,,,,,,,,,,,,,,,,,,,,,,,,,,,,,,,,EUR,0.19,0.13,Uncommon,roark,Trainer,https://www.tcggo.com/pokemon/paradox-rift/roark-173,sv4-173,523854,singles
2026-08-23T17:19:56+02:00,,495,yuu,yuu,PAR 174,174,740717,182,266,PAR,Pokémon,pokemon,15,https://images.tcggo.com/tcggo/storage/2228/paradox-rift-logo.png,Paradox Rift,EUR,792.99,EUR,1072.45,2023-11-03,1,Scarlet & Violet,scarlet-violet,paradox-rift,0,2391,https://images.tcggo.com/tcggo/storage/2403/shauntal-par-174-paradox-rift-pokemon.png,https://www.tcggo.com/external/cm/2391,https://www.tcggo.com/external/tcgplayer/2391,Shauntal,Shauntal 174,0.04,0.03,11173,EUR,[],,,,,,,,,,0.02,0.02,0.02,0.02,0.02,0.02,0.02,0.02,0.02,0.02,,,,,,,,,,,,,,,,,,,,,,,,,,,,,,,,,,,,,,,,,,EUR,0.17,0.11,Uncommon,shauntal,Trainer,https://www.tcggo.com/pokemon/paradox-rift/shauntal-174,sv4-174,523855,singles
2026-08-23T17:19:56+02:00,,453,AYUMI ODASHIMA,ayumi-odashima,PAR 175,175,740718,182,266,PAR,Pokémon,pokemon,15,https://images.tcggo.com/tcggo/storage/2228/paradox-rift-logo.png,Paradox Rift,EUR,792.99,EUR,1072.45,2023-11-03,1,Scarlet & Violet,scarlet-violet,paradox-rift,120,2392,https://images.tcggo.com/tcggo/storage/2404/snorlax-doll-par-175-paradox-rift-pokemon.png,https://www.tcggo.com/external/cm/2392,https://www.tcggo.com/external/tcgplayer/2392,Snorlax Doll,Snorlax Doll 175,0.08,0.07,8937,EUR,[],,,,,,,,,,0.03,0.02,0.02,0.02,0.02,0.02,0.02,0.02,0.02,0.02,,,,,,,,,,,,,,,,,,,,,,,,,,,,,,,,,,,,,,,,,,EUR,0.49,0.2,Uncommon,snorlax-doll,Trainer,https://www.tcggo.com/pokemon/paradox-rift/snorlax-doll-175,sv4-175,523856,singles
2026-08-23T17:19:56+02:00,,461,Studio Bora Inc.,studio-bora-inc,PAR 176,176,740719,182,266,PAR,Pokémon,pokemon,15,https://images.tcggo.com/tcggo/storage/2228/paradox-rift-logo.png,Paradox Rift,EUR,792.99,EUR,1072.45,2023-11-03,1,Scarlet & Violet,scarlet-violet,paradox-rift,0,2393,https://images.tcggo.com/tcggo/storage/2405/technical-machine-blindside-par-176-paradox-rift-pokemon.png,https://www.tcggo.com/external/cm/2393,https://www.tcggo.com/external/tcgplayer/2393,Technical Machine: Blindside,Technical Machine: Blindside 176,0.03,0.03,11317,EUR,[],,,,,,,,,,0.03,0.02,0.02,0.02,0.02,0.02,0.02,0.02,0.02,0.02,,,,,,,,,,,,,,,,,,,,,,,,,,,,,,,,,,,,,,,,,,EUR,0.19,0.13,Uncommon,technical-machine-blindside,Trainer,https://www.tcggo.com/pokemon/paradox-rift/technical-machine-blindside-176,sv4-176,523857,singles
2026-08-23T17:19:56+02:00,,461,Studio Bora Inc.,studio-bora-inc,PAR 177,177,740720,182,266,PAR,Pokémon,pokemon,15,https://images.tcggo.com/tcggo/storage/2228/paradox-rift-logo.png,Paradox Rift,EUR,792.99,EUR,1072.45,2023-11-03,1,Scarlet & Violet,scarlet-violet,paradox-rift,0,2394,https://images.tcggo.com/tcggo/storage/2406/technical-machine-devolution-par-177-paradox-rift-pokemon.png,https://www.tcggo.com/external/cm/2394,https://www.tcggo.com/external/tcgplayer/2394,Technical Machine: Devolution,Technical Machine: Devolution 177,0.07,0.07,8049,EUR,[],,,,,,,,,,0.03,0.02,0.02,0.02,0.02,0.02,0.02,0.02,0.02,0.02,,,,,,,,,,,,,,,,,,,,,,,,,,,,,,,,,,,,,,,,,,EUR,0.3,0.19,Uncommon,technical-machine-devolution,Trainer,https://www.tcggo.com/pokemon/paradox-rift/technical-machine-devolution-177,sv4-177,523858,singles
2026-08-23T17:19:56+02:00,,461,Studio Bora Inc.,studio-bora-inc,PAR 178,178,740721,182,266,PAR,Pokémon,pokemon,15,https://images.tcggo.com/tcggo/storage/2228/paradox-rift-logo.png,Paradox Rift,EUR,792.99,EUR,1072.45,2023-11-03,1,Scarlet & Violet,scarlet-violet,paradox-rift,0,2395,https://images.tcggo.com/tcggo/storage/2407/technical-machine-evolution-par-178-paradox-rift-pokemon.png,https://www.tcggo.com/external/cm/2395,https://www.tcggo.com/external/tcgplayer/2395,Technical Machine: Evolution,Technical Machine: Evolution 178,0.09,0.1,6553,EUR,[],,,,,,,,,,0.02,0.02,0.02,0.02,0.02,0.02,0.02,0.02,0.02,0.02,,,,,,,,,,,,,,,,,,,,,,,,,,,,,,,,,,,,,,,,,,EUR,0.42,0.27,Uncommon,technical-machine-evolution,Trainer,https://www.tcggo.com/pokemon/paradox-rift/technical-machine-evolution-178,sv4-178,523859,singles
2026-08-23T17:19:56+02:00,,461,Studio Bora Inc.,studio-bora-inc,PAR 179,179,740722,182,266,PAR,Pokémon,pokemon,15,https://images.tcggo.com/tcggo/storage/2228/paradox-rift-logo.png,Paradox Rift,EUR,792.99,EUR,1072.45,2023-11-03,1,Scarlet & Violet,scarlet-violet,paradox-rift,0,2396,https://images.tcggo.com/tcggo/storage/2408/technical-machine-turbo-energize-par-179-paradox-rift-pokemon.png,https://www.tcggo.com/external/cm/2396,https://www.tcggo.com/external/tcgplayer/2396,Technical Machine: Turbo Energize,Technical Machine: Turbo Energize 179,0.05,0.04,7328,EUR,[],,,,,,,,,,0.03,0.02,0.02,0.02,0.02,0.02,0.02,0.02,0.02,0.02,,,,,,,,,,,,,,,,,,,,,,,,,,,,,,,,,,,,,,,,,,EUR,0.28,0.19,Uncommon,technical-machine-turbo-energize,Trainer,https://www.tcggo.com/pokemon/paradox-rift/technical-machine-turbo-energize-179,sv4-179,523860,singles
2026-08-23T17:19:56+02:00,,464,inose yukie,inose-yukie,PAR 180,180,740723,182,266,PAR,Pokémon,pokemon,15,https://images.tcggo.com/tcggo/storage/2228/paradox-rift-logo.png,Paradox Rift,EUR,792.99,EUR,1072.45,2023-11-03,1,Scarlet & Violet,scarlet-violet,paradox-rift,0,2397,https://images.tcggo.com/tcggo/storage/2409/techno-radar-par-180-paradox-rift-pokemon.png,https://www.tcggo.com/external/cm/2397,https://www.tcggo.com/external/tcgplayer/2397,Techno Radar,Techno Radar 180,0.03,0.02,12054,EUR,[],,,,,,,,,,0.02,0.02,0.02,0.02,0.02,0.02,0.02,0.02,0.02,0.02,,,,,,,,,,,,,,,,,,,,,,,,,,,,,,,,,,,,,,,,,,EUR,0.17,0.13,Uncommon,techno-radar,Trainer,https://www.tcggo.com/pokemon/paradox-rift/techno-radar-180,sv4-180,523861,singles
2026-08-23T17:19:56+02:00,,463,Naoki Saito,naoki-saito,PAR 181,181,740724,182,266,PAR,Pokémon,pokemon,15,https://images.tcggo.com/tcggo/storage/2228/paradox-rift-logo.png,Paradox Rift,EUR,792.99,EUR,1072.45,2023-11-03,1,Scarlet & Violet,scarlet-violet,paradox-rift,0,2398,https://images.tcggo.com/tcggo/storage/2410/tulip-par-181-paradox-rift-pokemon.png,https://www.tcggo.com/external/cm/2398,https://www.tcggo.com/external/tcgplayer/2398,Tulip,Tulip 181,0.06,0.09,9319,EUR,[],,,,,,,,,,0.02,0.02,0.02,0.02,0.02,0.02,0.02,0.02,0.02,0.02,,,,,,,,,,,,,,,,,,,,,,,,,,,,,,,,,,,,,,,,,,EUR,0.26,0.18,Uncommon,tulip,Trainer,https://www.tcggo.com/pokemon/paradox-rift/tulip-181,sv4-181,523862,singles
2026-08-23T17:19:56+02:00,,,,,PAR 182,182,740725,182,266,PAR,Pokémon,pokemon,15,https://images.tcggo.com/tcggo/storage/2228/paradox-rift-logo.png,Paradox Rift,EUR,792.99,EUR,1072.45,2023-11-03,1,Scarlet & Violet,scarlet-violet,paradox-rift,0,2399,https://images.tcggo.com/tcggo/storage/2411/medical-energy-par-182-paradox-rift-pokemon.png,https://www.tcggo.com/external/cm/2399,https://www.tcggo.com/external/tcgplayer/2399,Medical Energy,Medical Energy 182,0.04,0.04,9972,EUR,[],,,,,,,,,,0.03,0.02,0.02,0.02,0.02,0.02,0.02,0.02,0.02,0.02,,,,,,,,,,,,,,,,,,,,,,,,,,,,,,,,,,,,,,,,,,EUR,0.22,0.13,Uncommon,medical-energy,Energy,https://www.tcggo.com/pokemon/paradox-rift/medical-energy-182,sv4-182,523863,singles
2026-08-23T17:19:56+02:00,,374,OKUBO,okubo,PAR 183,183,740726,182,266,PAR,Pokémon,pokemon,15,https://images.tcggo.com/tcggo/storage/2228/paradox-rift-logo.png,Paradox Rift,EUR,792.99,EUR,1072.45,2023-11-03,1,Scarlet & Violet,scarlet-violet,paradox-rift,130,2400,https://images.tcggo.com/tcggo/storage/2412/crustle-par-183-paradox-rift-pokemon.png,https://www.tcggo.com/external/cm/2400,https://www.tcggo.com/external/tcgplayer/2400,Crustle,Crustle 183,3.43,3.52,412,EUR,,,,,50,,,79,25,39,3.33,2.5,2.5,4.85,4.85,3.33,3,3,1.99,1.99,,,,,,,,,,,,,,,,,,,,,,,,,,,,,,,,,,,,,,,,,,EUR,5.07,3.35,Illustration Rare,crustle,Pokémon,https://www.tcggo.com/pokemon/paradox-rift/crustle-183,sv4-183,523864,singles
2026-08-23T17:19:56+02:00,,431,Tetsu Kayama,tetsu-kayama,PAR 184,184,740727,182,266,PAR,Pokémon,pokemon,15,https://images.tcggo.com/tcggo/storage/2228/paradox-rift-logo.png,Paradox Rift,EUR,792.99,EUR,1072.45,2023-11-03,1,Scarlet & Violet,scarlet-violet,paradox-rift,80,2401,https://images.tcggo.com/tcggo/storage/2413/dottler-par-184-paradox-rift-pokemon.png,https://www.tcggo.com/external/cm/2401,https://www.tcggo.com/external/tcgplayer/2401,Dottler,Dottler 184,3.63,3.4,368,EUR,[],,,,,,,,,,2.8,2.5,2.5,3.5,3.5,2.8,4.8,4.8,1.69,1.69,,,,,,,,,,,,,,,,,,,,,,,,,,,,,,,,,,,,,,,,,,EUR,4.94,3.48,Illustration Rare,dottler,Pokémon,https://www.tcggo.com/pokemon/paradox-rift/dottler-184,sv4-184,523865,singles
2026-08-23T17:19:56+02:00,,382,KEIICHIRO ITO,keiichiro-ito,PAR 185,185,740728,182,266,PAR,Pokémon,pokemon,15,https://images.tcggo.com/tcggo/storage/2228/paradox-rift-logo.png,Paradox Rift,EUR,792.99,EUR,1072.45,2023-11-03,1,Scarlet & Violet,scarlet-violet,paradox-rift,120,2402,https://images.tcggo.com/tcggo/storage/2414/toedscruel-par-185-paradox-rift-pokemon.png,https://www.tcggo.com/external/cm/2402,https://www.tcggo.com/external/tcgplayer/2402,Toedscruel,Toedscruel 185,4.39,4.12,386,EUR,[],,,,,,,,,,5,2.75,2.75,5.98,5.98,5,4.9,5,1.7,1.7,,,,,,,,,,,,,,,,,,,,,,,,,,,,,,,,,,,,,,,,,,EUR,5.87,5.98,Illustration Rare,toedscruel,Pokémon,https://www.tcggo.com/pokemon/paradox-rift/toedscruel-185,sv4-185,523866,singles
2026-08-23T17:19:56+02:00,,416,Mina Nakai,mina-nakai,PAR 186,186,740729,182,266,PAR,Pokémon,pokemon,15,https://images.tcggo.com/tcggo/storage/2228/paradox-rift-logo.png,Paradox Rift,EUR,792.99,EUR,1072.45,2023-11-03,1,Scarlet & Violet,scarlet-violet,paradox-rift,30,2403,https://images.tcggo.com/tcggo/storage/2415/magby-par-186-paradox-rift-pokemon.png,https://www.tcggo.com/external/cm/2403,https://www.tcggo.com/external/tcgplayer/2403,Magby,Magby 186,16.42,21.08,212,EUR,[],,,,,,,,,,15,10,10,23.95,23.95,15,16.99,16.99,7.5,7.5,USD,45.02,3,,,14.83,1,21.43,2,,,35.67,5,,,,,9.1,4,,,178.41,5,,,14.5,5,19.77,5,39.99,1,,,14.27,1,92.32,2,,,22.13,1,EUR,20.25,14.16,Illustration Rare,magby,Pokémon,https://www.tcggo.com/pokemon/paradox-rift/magby-186,sv4-186,523867,singles
2026-08-23T17:19:56+02:00,,436,Takeshi Nakamura,takeshi-nakamura,PAR 187,187,740730,182,266,PAR,Pokémon,pokemon,15,https://images.tcggo.com/tcggo/storage/2228/paradox-rift-logo.png,Paradox Rift,EUR,792.99,EUR,1072.45,2023-11-03,1,Scarlet & Violet,scarlet-violet,paradox-rift,130,2404,https://images.tcggo.com/tcggo/storage/2416/iron-moth-par-187-paradox-rift-pokemon.png,https://www.tcggo.com/external/cm/2404,https://www.tcggo.com/external/tcgplayer/2404,Iron Moth,Iron Moth 187,4.75,5.12,346,EUR,,,,,,,,75,,22,4,3,3,5.35,5.35,4,5.5,5.5,2.5,2.5,,,,,,,,,,,,,,,,,,,,,,,,,,,,,,,,,,,,,,,,,,EUR,7.81,4.8,Illustration Rare,iron-moth,Pokémon,https://www.tcggo.com/pokemon/paradox-rift/iron-moth-187,sv4-187,523868,singles
2026-08-23T17:19:56+02:00,,406,Narumi Sato,narumi-sato,PAR 188,188,740731,182,266,PAR,Pokémon,pokemon,15,https://images.tcggo.com/tcggo/storage/2228/paradox-rift-logo.png,Paradox Rift,EUR,792.99,EUR,1072.45,2023-11-03,1,Scarlet & Violet,scarlet-violet,paradox-rift,60,2405,https://images.tcggo.com/tcggo/storage/2417/snorunt-par-188-paradox-rift-pokemon.png,https://www.tcggo.com/external/cm/2405,https://www.tcggo.com/external/tcgplayer/2405,Snorunt,Snorunt 188,7.85,7.71,369,EUR,[],,,,,,,,,,7,5.3,5.3,7,7,7,7,7,3.45,3.45,USD,,,,,,,,,,,31.29,1,,,,,8.94,1,,,67.07,5,,,,,14.53,5,,,,,,,58.12,1,,,,,EUR,9.32,6.84,Illustration Rare,snorunt,Pokémon,https://www.tcggo.com/pokemon/paradox-rift/snorunt-188,sv4-188,523869,singles
2026-08-23T17:19:56+02:00,,403,rika,rika,PAR 189,189,740732,182,266,PAR,Pokémon,pokemon,15,https://images.tcggo.com/tcggo/storage/2228/paradox-rift-logo.png,Paradox Rift,EUR,792.99,EUR,1072.45,2023-11-03,1,Scarlet & Violet,scarlet-violet,paradox-rift,30,2406,https://images.tcggo.com/tcggo/storage/2418/mantyke-par-189-paradox-rift-pokemon.png,https://www.tcggo.com/external/cm/2406,https://www.tcggo.com/external/tcgplayer/2406,Mantyke,Mantyke 189,19.32,16.74,225,EUR,,,,,29,,,180,,,24,15,15,18,18,24,16,16,7.95,7.95,USD,62.57,5,,,18.85,1,21.25,3,,,34.94,5,,,,,20.07,3,,,193.84,5,26.76,3,22.3,5,28.25,5,,,26.78,1,,,158.44,2,35,1,18.74,2,EUR,29.58,18.93,Illustration Rare,mantyke,Pokémon,https://www.tcggo.com/pokemon/paradox-rift/mantyke-189,sv4-189,523870,singles
2026-08-23T17:19:56+02:00,,412,Taiga Kayama,taiga-kayama,PAR 190,190,845406,182,266,PAR,Pokémon,pokemon,15,https://images.tcggo.com/tcggo/storage/2228/paradox-rift-logo.png,Paradox Rift,EUR,792.99,EUR,1072.45,2023-11-03,1,Scarlet & Violet,scarlet-violet,paradox-rift,90,2407,https://images.tcggo.com/tcggo/storage/2419/vanillish-par-190-paradox-rift-pokemon.png,https://www.tcggo.com/external/cm/2407,https://www.tcggo.com/external/tcgplayer/2407,Vanillish,Vanillish 190,2.8,2.95,798,EUR,[],,,,,,,,,,2.5,1.95,1.95,10,10,2.5,2.98,2.98,2,2,,,,,,,,,,,,,,,,,,,,,,,,,,,,,,,,,,,,,,,,,,EUR,9.78,6.94,Illustration Rare,vanillish,Pokémon,https://www.tcggo.com/pokemon/paradox-rift/vanillish-190,sv4-190,523871,singles
2026-08-23T17:19:56+02:00,,392,Oku,oku,PAR 191,191,740734,182,266,PAR,Pokémon,pokemon,15,https://images.tcggo.com/tcggo/storage/2228/paradox-rift-logo.png,Paradox Rift,EUR,792.99,EUR,1072.45,2023-11-03,1,Scarlet & Violet,scarlet-violet,paradox-rift,70,2408,https://images.tcggo.com/tcggo/storage/2420/wimpod-par-191-paradox-rift-pokemon.png,https://www.tcggo.com/external/cm/2408,https://www.tcggo.com/external/tcgplayer/2408,Wimpod,Wimpod 191,7.33,7.71,239,EUR,[],,,,,,,,,,7.99,6.7,6.7,9.5,9.5,7.99,5.98,5.98,3.5,3.5,USD,30.45,2,,,,,11.85,1,,,28.74,4,,,,,,,,,89.32,5,,,9.82,2,22.33,5,8.56,1,,,,,,,,,,,EUR,12.07,5.98,Illustration Rare,wimpod,Pokémon,https://www.tcggo.com/pokemon/paradox-rift/wimpod-191,sv4-191,523872,singles
2026-08-23T17:19:56+02:00,,440,Shibuzoh.,shibuzoh,PAR 192,192,740738,182,266,PAR,Pokémon,pokemon,15,https://images.tcggo.com/tcggo/storage/2228/paradox-rift-logo.png,Paradox Rift,EUR,792.99,EUR,1072.45,2023-11-03,1,Scarlet & Violet,scarlet-violet,paradox-rift,120,2409,https://images.tcggo.com/tcggo/storage/2421/veluza-par-192-paradox-rift-pokemon.png,https://www.tcggo.com/external/cm/2409,https://www.tcggo.com/external/tcgplayer/2409,Veluza,Veluza 192,5.85,5.89,281,EUR,,,,,,,,80,,29,6.99,4.19,4.19,5,5,6.99,5.5,5.5,3.66,3.66,,,,,,,,,,,,,,,,,,,,,,,,,,,,,,,,,,,,,,,,,,EUR,9.91,5.78,Illustration Rare,veluza,Pokémon,https://www.tcggo.com/pokemon/paradox-rift/veluza-192,sv4-192,523873,singles
2026-08-23T17:19:56+02:00,,394,OKACHEKE,okacheke,PAR 193,193,740736,182,266,PAR,Pokémon,pokemon,15,https://images.tcggo.com/tcggo/storage/2228/paradox-rift-logo.png,Paradox Rift,EUR,792.99,EUR,1072.45,2023-11-03,1,Scarlet & Violet,scarlet-violet,paradox-rift,70,2410,https://images.tcggo.com/tcggo/storage/2422/plusle-par-193-paradox-rift-pokemon.png,https://www.tcggo.com/external/cm/2410,https://www.tcggo.com/external/tcgplayer/2410,Plusle,Plusle 193,26.48,28.89,172,EUR,[],,,,,,,,,,29.99,24,24,29.99,29.99,29.99,24,24,15,15,USD,59.5,5,,,,,24.91,4,33.97,1,44.88,5,,,,,29.43,2,,,273.62,5,16.01,1,40.89,5,39.47,5,,,,,,,163.89,4,,,30,1,EUR,41.33,34.18,Illustration Rare,plusle,Pokémon,https://www.tcggo.com/pokemon/paradox-rift/plusle-193,sv4-193,523874,singles
2026-08-23T17:19:56+02:00,,394,OKACHEKE,okacheke,PAR 194,194,740737,182,266,PAR,Pokémon,pokemon,15,https://images.tcggo.com/tcggo/storage/2228/paradox-rift-logo.png,Paradox Rift,EUR,792.99,EUR,1072.45,2023-11-03,1,Scarlet & Violet,scarlet-violet,paradox-rift,70,2411,https://images.tcggo.com/tcggo/storage/2423/minun-par-194-paradox-rift-pokemon.png,https://www.tcggo.com/external/cm/2411,https://www.tcggo.com/external/tcgplayer/2411,Minun,Minun 194,24.96,22.87,178,EUR,,,,29,,,,250,,,29,20,20,24.98,24.98,29,25,27,13.99,13.99,USD,70.2,5,,,17.09,2,35.13,5,30.95,1,80.04,3,,,,,31.39,2,,,198.12,5,26,1,24.33,4,48.92,5,34.57,1,,,,,125.45,3,,,35.58,5,EUR,39.93,37.21,Illustration Rare,minun,Pokémon,https://www.tcggo.com/pokemon/paradox-rift/minun-194,sv4-194,523875,singles
2026-08-23T17:19:56+02:00,,468,matazo,matazo,PAR 195,195,740738,182,266,PAR,Pokémon,pokemon,15,https://images.tcggo.com/tcggo/storage/2228/paradox-rift-logo.png,Paradox Rift,EUR,792.99,EUR,1072.45,2023-11-03,1,Scarlet & Violet,scarlet-violet,paradox-rift,60,2412,https://images.tcggo.com/tcggo/storage/2424/blitzle-par-195-paradox-rift-pokemon.png,https://www.tcggo.com/external/cm/2412,https://www.tcggo.com/external/tcgplayer/2412,Blitzle,Blitzle 195,7.07,7.11,247,EUR,[],,,,,,,,,,6,6.9,6.9,6.39,6.39,6,6.5,6.5,4.89,4.89,USD,43.69,2,,,,,22.74,1,7.63,2,28.11,1,,,,,9.06,1,,,117.89,5,,,10.88,5,14.9,5,12.47,1,,,,,48.69,2,,,7.94,1,EUR,9.5,5.6,Illustration Rare,blitzle,Pokémon,https://www.tcggo.com/pokemon/paradox-rift/blitzle-195,sv4-195,523876,singles
2026-08-23T17:19:56+02:00,,460,Atsushi Furusawa,atsushi-furusawa,PAR 196,196,281840,182,266,PAR,Pokémon,pokemon,15,https://images.tcggo.com/tcggo/storage/2228/paradox-rift-logo.png,Paradox Rift,EUR,792.99,EUR,1072.45,2023-11-03,1,Scarlet & Violet,scarlet-violet,paradox-rift,40,2413,https://images.tcggo.com/tcggo/storage/2425/joltik-par-196-paradox-rift-pokemon.png,https://www.tcggo.com/external/cm/2413,https://www.tcggo.com/external/tcgplayer/2413,Joltik,Joltik 196,10.5,12.23,180,EUR,[],,,,,,,,,,17,8.25,8.25,8.5,8.5,17,8.99,8.99,4.6,4.6,USD,,,,,,,,,53.52,1,31.24,1,,,,,,,,,128.98,5,11.16,1,13.98,4,29.74,5,,,,,,,,,,,,,EUR,23.32,14.41,Illustration Rare,joltik,Pokémon,https://www.tcggo.com/pokemon/paradox-rift/joltik-196,sv4-196,523877,singles
2026-08-23T17:19:56+02:00,,434,AKIRA EGAWA,akira-egawa,PAR 197,197,740740,182,266,PAR,Pokémon,pokemon,15,https://images.tcggo.com/tcggo/storage/2228/paradox-rift-logo.png,Paradox Rift,EUR,792.99,EUR,1072.45,2023-11-03,1,Scarlet & Violet,scarlet-violet,paradox-rift,120,2414,https://images.tcggo.com/tcggo/storage/2426/espathra-par-197-paradox-rift-pokemon.png,https://www.tcggo.com/external/cm/2414,https://www.tcggo.com/external/tcgplayer/2414,Espathra,Espathra 197,7.91,8.27,262,EUR,,,,,,,,85,,75,7.2,5.8,5.8,6.8,6.8,7.2,9,9,4.99,4.99,USD,40.82,2,,,,,17.79,1,,,84.58,2,,,,,12.26,1,,,80.25,5,,,9.16,2,16.04,5,,,,,,,,,,,,,EUR,8.53,5.31,Illustration Rare,espathra,Pokémon,https://www.tcggo.com/pokemon/paradox-rift/espathra-197,sv4-197,523878,singles
2026-08-23T17:19:56+02:00,,426,Akira Komayama,akira-komayama,PAR 198,198,740741,182,266,PAR,Pokémon,pokemon,15,https://images.tcggo.com/tcggo/storage/2228/paradox-rift-logo.png,Paradox Rift,EUR,792.99,EUR,1072.45,2023-11-03,1,Scarlet & Violet,scarlet-violet,paradox-rift,70,2415,https://images.tcggo.com/tcggo/storage/2427/gimmighoul-par-198-paradox-rift-pokemon.png,https://www.tcggo.com/external/cm/2415,https://www.tcggo.com/external/tcgplayer/2415,Gimmighoul,Gimmighoul 198,7.47,9.09,348,EUR,[],,,,,,,,,,9.62,4.5,4.5,9.5,9.5,10,6.5,6.5,3.99,3.99,USD,41.92,5,,,,,18.82,4,,,44.21,5,,,,,17.86,1,,,118.01,5,10.42,1,10.8,5,30.9,5,,,,,18.58,1,98.27,1,,,,,EUR,12.37,9.77,Illustration Rare,gimmighoul,Pokémon,https://www.tcggo.com/pokemon/paradox-rift/gimmighoul-198,sv4-198,523879,singles
2026-08-23T17:19:56+02:00,,510,Nurikabe,nurikabe,PAR 199,199,740742,182,266,PAR,Pokémon,pokemon,15,https://images.tcggo.com/tcggo/storage/2228/paradox-rift-logo.png,Paradox Rift,EUR,792.99,EUR,1072.45,2023-11-03,1,Scarlet & Violet,scarlet-violet,paradox-rift,130,2416,https://images.tcggo.com/tcggo/storage/2428/groudon-par-199-paradox-rift-pokemon.png,https://www.tcggo.com/external/cm/2416,https://www.tcggo.com/external/tcgplayer/2416,Groudon,Groudon 199,137.42,273,275,EUR,,155,,175,,,,699,,130,111.75,74.99,74.99,85,85,111.75,185,185,49,49,USD,196.92,5,,,89.99,1,83.25,5,121.11,3,206.33,5,,,89.71,1,88.69,5,,,463.52,5,88.82,1,79.99,5,111.24,5,,,,,,,497.26,5,,,120,5,EUR,104.31,89.09,Illustration Rare,groudon,Pokémon,https://www.tcggo.com/pokemon/paradox-rift/groudon-199,sv4-199,523880,singles
2026-08-23T17:19:56+02:00,,398,Taira Akitsu,taira-akitsu,PAR 200,200,740743,182,266,PAR,Pokémon,pokemon,15,https://images.tcggo.com/tcggo/storage/2228/paradox-rift-logo.png,Paradox Rift,EUR,792.99,EUR,1072.45,2023-11-03,1,Scarlet & Violet,scarlet-violet,paradox-rift,100,2417,https://images.tcggo.com/tcggo/storage/2429/mienshao-par-200-paradox-rift-pokemon.png,https://www.tcggo.com/external/cm/2417,https://www.tcggo.com/external/tcgplayer/2417,Mienshao,Mienshao 200,6.43,6.41,326,EUR,[],,,,,,,,,,5.8,4.69,4.69,6.49,6.49,5.8,9,9,4,4,USD,,,,,,,20.51,2,,,,,,,,,,,,,84.75,5,5.95,1,10.27,2,16.05,5,,,,,,,73.6,1,,,,,EUR,8.47,5.87,Illustration Rare,mienshao,Pokémon,https://www.tcggo.com/pokemon/paradox-rift/mienshao-200,sv4-200,523881,singles
2026-08-23T17:19:56+02:00,,507,0313,0313,PAR 201,201,275652,182,266,PAR,Pokémon,pokemon,15,https://images.tcggo.com/tcggo/storage/2228/paradox-rift-logo.png,Paradox Rift,EUR,792.99,EUR,1072.45,2023-11-03,1,Scarlet & Violet,scarlet-violet,paradox-rift,70,2418,https://images.tcggo.com/tcggo/storage/2430/minior-par-201-paradox-rift-pokemon.png,https://www.tcggo.com/external/cm/2418,https://www.tcggo.com/external/tcgplayer/2418,Minior,Minior 201,9,8.74,266,EUR,[],,,,,,,,,,10,6.89,6.89,10,10,10,8,8,4.5,4.5,USD,50.15,4,,,,,19.76,5,,,50.94,2,,,,,,,,,107.31,5,9.11,2,15.98,5,21.41,5,,,,,10.97,2,98.1,1,,,,,EUR,22.47,14.52,Illustration Rare,minior,Pokémon,https://www.tcggo.com/pokemon/paradox-rift/minior-201,sv4-201,523882,singles
2026-08-23T17:19:56+02:00,,414,kodama,kodama,PAR 202,202,740745,182,266,PAR,Pokémon,pokemon,15,https://images.tcggo.com/tcggo/storage/2228/paradox-rift-logo.png,Paradox Rift,EUR,792.99,EUR,1072.45,2023-11-03,1,Scarlet & Violet,scarlet-violet,paradox-rift,160,2419,https://images.tcggo.com/tcggo/storage/2431/garganacl-par-202-paradox-rift-pokemon.png,https://www.tcggo.com/external/cm/2419,https://www.tcggo.com/external/tcgplayer/2419,Garganacl,Garganacl 202,3.89,3.34,362,EUR,,,,,,,,90,,19,3,2,2,4.9,4.9,3.5,4.2,4.2,1.79,1.79,,,,,,,,,,,,,,,,,,,,,,,,,,,,,,,,,,,,,,,,,,EUR,6.07,3.05,Illustration Rare,garganacl,Pokémon,https://www.tcggo.com/pokemon/paradox-rift/garganacl-202,sv4-202,523883,singles
2026-08-23T17:19:56+02:00,,436,Takeshi Nakamura,takeshi-nakamura,PAR 203,203,740746,182,266,PAR,Pokémon,pokemon,15,https://images.tcggo.com/tcggo/storage/2228/paradox-rift-logo.png,Paradox Rift,EUR,792.99,EUR,1072.45,2023-11-03,1,Scarlet & Violet,scarlet-violet,paradox-rift,140,2420,https://images.tcggo.com/tcggo/storage/2432/slither-wing-par-203-paradox-rift-pokemon.png,https://www.tcggo.com/external/cm/2420,https://www.tcggo.com/external/tcgplayer/2420,Slither Wing,Slither Wing 203,3.9,3.88,459,EUR,,,,,,,,55,,,3.5,2.7,2.7,3.9,3.9,3.5,5,5,2,2,,,,,,,,,,,,,,,,,,,,,,,,,,,,,,,,,,,,,,,,,,EUR,5.5,3.85,Illustration Rare,slither-wing,Pokémon,https://www.tcggo.com/pokemon/paradox-rift/slither-wing-203,sv4-203,523884,singles
2026-08-23T17:19:56+02:00,,466,Shinya Komatsu,shinya-komatsu,PAR 204,204,740747,182,266,PAR,Pokémon,pokemon,15,https://images.tcggo.com/tcggo/storage/2228/paradox-rift-logo.png,Paradox Rift,EUR,792.99,EUR,1072.45,2023-11-03,1,Scarlet & Violet,scarlet-violet,paradox-rift,120,2421,https://images.tcggo.com/tcggo/storage/2433/garbodor-par-204-paradox-rift-pokemon.png,https://www.tcggo.com/external/cm/2421,https://www.tcggo.com/external/tcgplayer/2421,Garbodor,Garbodor 204,8.18,8.41,253,EUR,,,,,,,,129,,,9.45,5,5,7.3,7.3,9.45,7.69,7.69,4.8,4.8,USD,41.92,4,,,,,24.35,1,,,102.38,1,,,,,23.08,1,,,156.31,5,,,17.79,4,28.58,5,,,,,,,,,,,19.89,2,EUR,17.69,10.09,Illustration Rare,garbodor,Pokémon,https://www.tcggo.com/pokemon/paradox-rift/garbodor-204,sv4-204,523885,singles
2026-08-23T17:19:56+02:00,,420,Masako Tomii,masako-tomii,PAR 205,205,740748,182,266,PAR,Pokémon,pokemon,15,https://images.tcggo.com/tcggo/storage/2228/paradox-rift-logo.png,Paradox Rift,EUR,792.99,EUR,1072.45,2023-11-03,1,Scarlet & Violet,scarlet-violet,paradox-rift,130,2422,https://images.tcggo.com/tcggo/storage/2434/yveltal-par-205-paradox-rift-pokemon.png,https://www.tcggo.com/external/cm/2422,https://www.tcggo.com/external/tcgplayer/2422,Yveltal,Yveltal 205,18.16,19.22,303,EUR,,,,,,,,199,,80,19.99,12.5,12.5,20,20,19.99,26.5,29,10.95,11,USD,88.52,5,27.82,1,21.84,2,32.06,5,,,53.37,5,,,,,19.1,2,,,152.71,5,20.08,2,18.32,5,31.14,5,,,,,,,140,3,,,25,5,EUR,27.8,17.09,Illustration Rare,yveltal,Pokémon,https://www.tcggo.com/pokemon/paradox-rift/yveltal-205,sv4-205,523886,singles
2026-08-23T17:19:56+02:00,,409,Yuu Nishida,yuu-nishida,PAR 206,206,740749,182,266,PAR,Pokémon,pokemon,15,https://images.tcggo.com/tcggo/storage/2228/paradox-rift-logo.png,Paradox Rift,EUR,792.99,EUR,1072.45,2023-11-03,1,Scarlet & Violet,scarlet-violet,paradox-rift,70,2423,https://images.tcggo.com/tcggo/storage/2435/morpeko-par-206-paradox-rift-pokemon.png,https://www.tcggo.com/external/cm/2423,https://www.tcggo.com/external/tcgplayer/2423,Morpeko,Morpeko 206,20.04,19.54,199,EUR,,,,,,,40,250,,55,24.71,17,17,20,20,24.71,19.98,19.98,7.9,7.9,USD,87.38,5,,,,,22.74,5,,,71.36,5,,,,,24.09,5,,,189.56,5,31.22,1,24.2,5,37.55,5,,,,,31.22,1,115.53,4,,,36,5,EUR,49.81,25.64,Illustration Rare,morpeko,Pokémon,https://www.tcggo.com/pokemon/paradox-rift/morpeko-206,sv4-206,523887,singles
2026-08-23T17:19:56+02:00,,441,Tomokazu Komiya,tomokazu-komiya,PAR 207,207,740750,182,266,PAR,Pokémon,pokemon,15,https://images.tcggo.com/tcggo/storage/2228/paradox-rift-logo.png,Paradox Rift,EUR,792.99,EUR,1072.45,2023-11-03,1,Scarlet & Violet,scarlet-violet,paradox-rift,120,2424,https://images.tcggo.com/tcggo/storage/2436/brute-bonnet-par-207-paradox-rift-pokemon.png,https://www.tcggo.com/external/cm/2424,https://www.tcggo.com/external/tcgplayer/2424,Brute Bonnet,Brute Bonnet 207,10.74,11.43,312,EUR,,,,,,,,229,,50,12,7.5,7.5,7,7,12,9.98,9.98,6.5,6.5,USD,49.55,5,,,,,16.44,2,,,40.13,5,,,,,17.83,3,,,201.03,5,14.9,1,17.86,5,29.69,5,,,,,17.84,1,88.34,4,,,17.98,4,EUR,15.93,8.55,Illustration Rare,brute-bonnet,Pokémon,https://www.tcggo.com/pokemon/paradox-rift/brute-bonnet-207,sv4-207,523888,singles
2026-08-23T17:19:56+02:00,,415,nisimono,nisimono,PAR 208,208,740751,182,266,PAR,Pokémon,pokemon,15,https://images.tcggo.com/tcggo/storage/2228/paradox-rift-logo.png,Paradox Rift,EUR,792.99,EUR,1072.45,2023-11-03,1,Scarlet & Violet,scarlet-violet,paradox-rift,180,2425,https://images.tcggo.com/tcggo/storage/2437/steelix-par-208-paradox-rift-pokemon.png,https://www.tcggo.com/external/cm/2425,https://www.tcggo.com/external/tcgplayer/2425,Steelix,Steelix 208,27.22,28.95,341,EUR,,,,,130,,,75,,55,25,17,17,18,18,25,24.5,24.5,15.5,15.5,USD,69.43,5,,,,,29.99,5,,,49.35,5,,,,,,,,,138.32,5,11.5,5,16.07,5,31.4,5,,,,,,,113.36,5,,,39,2,EUR,35.51,26.52,Illustration Rare,steelix,Pokémon,https://www.tcggo.com/pokemon/paradox-rift/steelix-208,sv4-208,523889,singles
2026-08-23T17:19:56+02:00,,397,Kurata So,kurata-so,PAR 209,209,816828,182,266,PAR,Pokémon,pokemon,15,https://images.tcggo.com/tcggo/storage/2228/paradox-rift-logo.png,Paradox Rift,EUR,792.99,EUR,1072.45,2023-11-03,1,Scarlet & Violet,scarlet-violet,paradox-rift,140,2426,https://images.tcggo.com/tcggo/storage/2438/ferrothorn-par-209-paradox-rift-pokemon.png,https://www.tcggo.com/external/cm/2426,https://www.tcggo.com/external/tcgplayer/2426,Ferrothorn,Ferrothorn 209,4.67,4.71,303,EUR,[],,,,,,,,,,4,3.9,3.9,5.95,5.95,4,6.5,6.5,3,3,,,,,,,,,,,,,,,,,,,,,,,,,,,,,,,,,,,,,,,,,,EUR,5.26,4.18,Illustration Rare,ferrothorn,Pokémon,https://www.tcggo.com/pokemon/paradox-rift/ferrothorn-209,sv4-209,523890,singles
2026-08-23T17:19:56+02:00,,388,Takumi Wada,takumi-wada,PAR 210,210,740753,182,266,PAR,Pokémon,pokemon,15,https://images.tcggo.com/tcggo/storage/2228/paradox-rift-logo.png,Paradox Rift,EUR,792.99,EUR,1072.45,2023-11-03,1,Scarlet & Violet,scarlet-violet,paradox-rift,150,2427,https://images.tcggo.com/tcggo/storage/2439/aegislash-par-210-paradox-rift-pokemon.png,https://www.tcggo.com/external/cm/2427,https://www.tcggo.com/external/tcgplayer/2427,Aegislash,Aegislash 210,6.98,11.37,273,EUR,,,,,29,,,130,,35,6.49,4.3,4.3,8.5,8.5,6.49,7.9,7.9,3.6,3.6,USD,,,,,,,,,,,,,5.61,1,,,,,,,110.27,5,,,10.76,3,21.52,5,,,,,,,,,,,,,EUR,11.06,6.06,Illustration Rare,aegislash,Pokémon,https://www.tcggo.com/pokemon/paradox-rift/aegislash-210,sv4-210,523891,singles
2026-08-23T17:19:56+02:00,,401,Yuka Morii,yuka-morii,PAR 211,211,740754,182,266,PAR,Pokémon,pokemon,15,https://images.tcggo.com/tcggo/storage/2228/paradox-rift-logo.png,Paradox Rift,EUR,792.99,EUR,1072.45,2023-11-03,1,Scarlet & Violet,scarlet-violet,paradox-rift,60,2428,https://images.tcggo.com/tcggo/storage/2440/aipom-par-211-paradox-rift-pokemon.png,https://www.tcggo.com/external/cm/2428,https://www.tcggo.com/external/tcgplayer/2428,Aipom,Aipom 211,14.96,14.26,229,EUR,,,,,,,,190,,50,18,14.41,14.41,19,19,18,8.8,8.8,4.5,4.5,USD,42.11,1,,,,,28.68,2,,,49.34,5,,,,,10.7,1,,,128.96,5,,,26.42,5,47.69,5,,,,,,,170.45,1,,,,,EUR,25.02,10.4,Illustration Rare,aipom,Pokémon,https://www.tcggo.com/pokemon/paradox-rift/aipom-211,sv4-211,523892,singles
2026-08-23T17:19:56+02:00,,536,NC Empire,nc-empire,PAR 212,212,740755,182,266,PAR,Pokémon,pokemon,15,https://images.tcggo.com/tcggo/storage/2228/paradox-rift-logo.png,Paradox Rift,EUR,792.99,EUR,1072.45,2023-11-03,1,Scarlet & Violet,scarlet-violet,paradox-rift,100,2429,https://images.tcggo.com/tcggo/storage/2442/loudred-par-212-paradox-rift-pokemon.png,https://www.tcggo.com/external/cm/2429,https://www.tcggo.com/external/tcgplayer/2429,Loudred,Loudred 212,9.57,12.03,291,EUR,,,,,79,,,100,,44,11,4.99,4.99,14.85,14.85,11,9.99,9.99,6,6,USD,49.07,5,,,,,21.25,5,6.32,1,37.37,5,,,,,13.86,2,,,84.48,5,,,14.21,4,25.38,5,,,,,20,1,80.63,2,,,24.3,2,EUR,15.5,10.37,Illustration Rare,loudred,Pokémon,https://www.tcggo.com/pokemon/paradox-rift/loudred-212,sv4-212,523893,singles
2026-08-23T17:19:56+02:00,,535,Jiro Sasumo,jiro-sasumo,PAR 213,213,740756,182,266,PAR,Pokémon,pokemon,15,https://images.tcggo.com/tcggo/storage/2228/paradox-rift-logo.png,Paradox Rift,EUR,792.99,EUR,1072.45,2023-11-03,1,Scarlet & Violet,scarlet-violet,paradox-rift,50,2430,https://images.tcggo.com/tcggo/storage/2441/swablu-par-213-paradox-rift-pokemon.png,https://www.tcggo.com/external/cm/2430,https://www.tcggo.com/external/tcgplayer/2430,Swablu,Swablu 213,17.55,18.1,300,EUR,,,,,,,,159,,49,19.26,15,15,23,23,22.5,14,14,5.99,5.99,USD,48.61,5,,,,,18.06,3,7.07,1,53.65,5,,,,,,,,,134.18,5,15,1,17.8,5,31.21,5,,,,,13.42,1,89.5,2,,,15.24,1,EUR,21.09,18.33,Illustration Rare,swablu,Pokémon,https://www.tcggo.com/pokemon/paradox-rift/swablu-213,sv4-213,523894,singles
2026-08-23T17:19:56+02:00,,373,GOSSAN,gossan,PAR 214,214,740757,182,266,PAR,Pokémon,pokemon,15,https://images.tcggo.com/tcggo/storage/2228/paradox-rift-logo.png,Paradox Rift,EUR,792.99,EUR,1072.45,2023-11-03,1,Scarlet & Violet,scarlet-violet,paradox-rift,150,2431,https://images.tcggo.com/tcggo/storage/2444/porygon-z-par-214-paradox-rift-pokemon.png,https://www.tcggo.com/external/cm/2431,https://www.tcggo.com/external/tcgplayer/2431,Porygon-Z,Porygon-Z 214,7.2,7.12,311,EUR,[],,,,,,,,,,8.99,5.39,5.39,10.5,10.5,8.99,9.2,9.2,4,4,USD,41.92,5,,,,,17.36,2,,,52.17,5,,,,,12.47,4,,,138.27,5,,,15.24,5,31.22,5,,,,,,,133.76,1,,,19.62,1,EUR,13.35,8.32,Illustration Rare,porygon-z,Pokémon,https://www.tcggo.com/pokemon/paradox-rift/porygon-z-214,sv4-214,523895,singles
2026-08-23T17:19:56+02:00,,416,Mina Nakai,mina-nakai,PAR 215,215,740758,182,266,PAR,Pokémon,pokemon,15,https://images.tcggo.com/tcggo/storage/2228/paradox-rift-logo.png,Paradox Rift,EUR,792.99,EUR,1072.45,2023-11-03,1,Scarlet & Violet,scarlet-violet,paradox-rift,120,2432,https://images.tcggo.com/tcggo/storage/2443/cyclizar-par-215-paradox-rift-pokemon.png,https://www.tcggo.com/external/cm/2432,https://www.tcggo.com/external/tcgplayer/2432,Cyclizar,Cyclizar 215,4.74,4.54,312,EUR,[],,,,,,,,,,3,3.3,3.3,5.5,5.5,3,4.95,4.95,2.99,2.99,,,,,,,,,,,,,,,,,,,,,,,,,,,,,,,,,,,,,,,,,,EUR,6.78,4.54,Illustration Rare,cyclizar,Pokémon,https://www.tcggo.com/pokemon/paradox-rift/cyclizar-215,sv4-215,523896,singles
2026-08-23T17:19:56+02:00,,459,GIDORA,gidora,PAR 216,216,740759,182,266,PAR,Pokémon,pokemon,15,https://images.tcggo.com/tcggo/storage/2228/paradox-rift-logo.png,Paradox Rift,EUR,792.99,EUR,1072.45,2023-11-03,1,Scarlet & Violet,scarlet-violet,paradox-rift,130,2433,https://images.tcggo.com/tcggo/storage/2446/iron-jugulis-par-216-paradox-rift-pokemon.png,https://www.tcggo.com/external/cm/2433,https://www.tcggo.com/external/tcgplayer/2433,Iron Jugulis,Iron Jugulis 216,5.45,5.41,319,EUR,,,,,,,28,130,,22,5,4,4,6,6,5,6.5,6.5,4,4,USD,55,1,,,,,,,,,,,,,,,,,,,67.99,5,,,8.86,1,21.43,5,,,17.74,1,,,,,,,,,EUR,9.14,7.26,Illustration Rare,iron-jugulis,Pokémon,https://www.tcggo.com/pokemon/paradox-rift/iron-jugulis-216,sv4-216,523897,singles
2026-08-23T17:19:56+02:00,,380,5ban Graphics,5ban-graphics,PAR 217,217,740760,182,266,PAR,Pokémon,pokemon,15,https://images.tcggo.com/tcggo/storage/2228/paradox-rift-logo.png,Paradox Rift,EUR,792.99,EUR,1072.45,2023-11-03,1,Scarlet & Violet,scarlet-violet,paradox-rift,250,2434,https://images.tcggo.com/tcggo/storage/2445/froslass-ex-par-217-paradox-rift-pokemon.png,https://www.tcggo.com/external/cm/2434,https://www.tcggo.com/external/tcgplayer/2434,Froslass ex,Froslass ex 217,2.04,2.17,443,EUR,[],,,,,,,,,,0.6,0.85,1,3,3,0.6,2.18,2.18,0.99,0.99,,,,,,,,,,,,,,,,,,,,,,,,,,,,,,,,,,,,,,,,,,EUR,2.38,1.68,Ultra Rare,froslass-ex,Pokémon,https://www.tcggo.com/pokemon/paradox-rift/froslass-ex-217,sv4-217,523898,singles
2026-08-23T17:19:56+02:00,,490,takuyoa,takuyoa,PAR 218,218,740761,182,266,PAR,Pokémon,pokemon,15,https://images.tcggo.com/tcggo/storage/2228/paradox-rift-logo.png,Paradox Rift,EUR,792.99,EUR,1072.45,2023-11-03,1,Scarlet & Violet,scarlet-violet,paradox-rift,260,2435,https://images.tcggo.com/tcggo/storage/2447/armarouge-ex-par-218-paradox-rift-pokemon.png,https://www.tcggo.com/external/cm/2435,https://www.tcggo.com/external/tcgplayer/2435,Armarouge ex,Armarouge ex 218,2.01,2.05,426,EUR,[],,,,,,,,,,1.5,1.7,1.7,1.99,1.99,1.5,0.8,0.8,0.9,0.9,,,,,,,,,,,,,,,,,,,,,,,,,,,,,,,,,,,,,,,,,,EUR,2.03,1.63,Ultra Rare,armarouge-ex,Pokémon,https://www.tcggo.com/pokemon/paradox-rift/armarouge-ex-218,sv4-218,523899,singles
2026-08-23T17:19:56+02:00,,380,5ban Graphics,5ban-graphics,PAR 219,219,740762,182,266,PAR,Pokémon,pokemon,15,https://images.tcggo.com/tcggo/storage/2228/paradox-rift-logo.png,Paradox Rift,EUR,792.99,EUR,1072.45,2023-11-03,1,Scarlet & Violet,scarlet-violet,paradox-rift,320,2436,https://images.tcggo.com/tcggo/storage/2448/garchomp-ex-par-219-paradox-rift-pokemon.png,https://www.tcggo.com/external/cm/2436,https://www.tcggo.com/external/tcgplayer/2436,Garchomp ex,Garchomp ex 219,5.12,6.31,352,EUR,,,,,,,,275,,,4,4,4,5,5,4,4,4,2.6,2.6,,,,,,,,,,,,,,,,,,,,,,,,,,,,,,,,,,,,,,,,,,EUR,6.89,5.13,Ultra Rare,garchomp-ex,Pokémon,https://www.tcggo.com/pokemon/paradox-rift/garchomp-ex-219,sv4-219,523900,singles
2026-08-23T17:19:56+02:00,,380,5ban Graphics,5ban-graphics,PAR 220,220,740763,182,266,PAR,Pokémon,pokemon,15,https://images.tcggo.com/tcggo/storage/2228/paradox-rift-logo.png,Paradox Rift,EUR,792.99,EUR,1072.45,2023-11-03,1,Scarlet & Violet,scarlet-violet,paradox-rift,310,2437,https://images.tcggo.com/tcggo/storage/2449/tsareena-ex-par-220-paradox-rift-pokemon.png,https://www.tcggo.com/external/cm/2437,https://www.tcggo.com/external/tcgplayer/2437,Tsareena ex,Tsareena ex 220,2.2,2.31,488,EUR,[],,,,,,,,,,1.6,1.49,1.49,1.6,1.6,1.6,2.85,2.85,1.3,1.3,,,,,,,,,,,,,,,,,,,,,,,,,,,,,,,,,,,,,,,,,,EUR,2.5,1.82,Ultra Rare,tsareena-ex,Pokémon,https://www.tcggo.com/pokemon/paradox-rift/tsareena-ex-220,sv4-220,523901,singles
2026-08-23T17:19:56+02:00,,489,N-DESIGN Inc.,n-design-inc,PAR 221,221,740764,182,266,PAR,Pokémon,pokemon,15,https://images.tcggo.com/tcggo/storage/2228/paradox-rift-logo.png,Paradox Rift,EUR,792.99,EUR,1072.45,2023-11-03,1,Scarlet & Violet,scarlet-violet,paradox-rift,270,2438,https://images.tcggo.com/tcggo/storage/2450/golisopod-ex-par-221-paradox-rift-pokemon.png,https://www.tcggo.com/external/cm/2438,https://www.tcggo.com/external/tcgplayer/2438,Golisopod ex,Golisopod ex 221,1.9,1.94,449,EUR,[],,,,,,,,,,1.6,1,1,3.5,3.5,1.6,2.49,2.49,0.49,0.49,,,,,,,,,,,,,,,,,,,,,,,,,,,,,,,,,,,,,,,,,,EUR,1.56,1.65,Ultra Rare,golisopod-ex,Pokémon,https://www.tcggo.com/pokemon/paradox-rift/golisopod-ex-221,sv4-221,523902,singles
2026-08-23T17:19:56+02:00,,511,PLANETA Igarashi,planeta-igarashi,PAR 222,222,740765,182,266,PAR,Pokémon,pokemon,15,https://images.tcggo.com/tcggo/storage/2228/paradox-rift-logo.png,Paradox Rift,EUR,792.99,EUR,1072.45,2023-11-03,1,Scarlet & Violet,scarlet-violet,paradox-rift,210,2439,https://images.tcggo.com/tcggo/storage/2451/tapu-koko-ex-par-222-paradox-rift-pokemon.png,https://www.tcggo.com/external/cm/2439,https://www.tcggo.com/external/tcgplayer/2439,Tapu Koko ex,Tapu Koko ex 222,1.91,1.99,475,EUR,,,,,,,,60,,,1.8,1.29,1.29,2.95,2.95,1.8,2.99,2.99,1,1,,,,,,,,,,,,,,,,,,,,,,,,,,,,,,,,,,,,,,,,,,EUR,1.85,1.7,Ultra Rare,tapu-koko-ex,Pokémon,https://www.tcggo.com/pokemon/paradox-rift/tapu-koko-ex-222,sv4-222,523903,singles
2026-08-23T17:19:56+02:00,,384,PLANETA Mochizuki,planeta-mochizuki,PAR 223,223,740766,182,266,PAR,Pokémon,pokemon,15,https://images.tcggo.com/tcggo/storage/2228/paradox-rift-logo.png,Paradox Rift,EUR,792.99,EUR,1072.45,2023-11-03,1,Scarlet & Violet,scarlet-violet,paradox-rift,230,2440,https://images.tcggo.com/tcggo/storage/2452/iron-hands-ex-par-223-paradox-rift-pokemon.png,https://www.tcggo.com/external/cm/2440,https://www.tcggo.com/external/tcgplayer/2440,Iron Hands ex,Iron Hands ex 223,1.95,2.05,566,EUR,[],,,,,,,,,,1.73,1.15,1.15,4.3,4.3,1.73,2,2,0.9,0.9,,,,,,,,,,,,,,,,,,,,,,,,,,,,,,,,,,,,,,,,,,EUR,1.5,2.32,Ultra Rare,iron-hands-ex,Pokémon,https://www.tcggo.com/pokemon/paradox-rift/iron-hands-ex-223,sv4-223,523904,singles
2026-08-23T17:19:56+02:00,,457,Eske Yoshinob,eske-yoshinob,PAR 224,224,740767,182,266,PAR,Pokémon,pokemon,15,https://images.tcggo.com/tcggo/storage/2228/paradox-rift-logo.png,Paradox Rift,EUR,792.99,EUR,1072.45,2023-11-03,1,Scarlet & Violet,scarlet-violet,paradox-rift,260,2441,https://images.tcggo.com/tcggo/storage/2453/cofagrigus-ex-par-224-paradox-rift-pokemon.png,https://www.tcggo.com/external/cm/2441,https://www.tcggo.com/external/tcgplayer/2441,Cofagrigus ex,Cofagrigus ex 224,1.83,1.94,464,EUR,[],,,,,,,,,,1,0.99,0.99,2,2,1.5,2.5,2.5,0.7,0.7,,,,,,,,,,,,,,,,,,,,,,,,,,,,,,,,,,,,,,,,,,EUR,1.87,1.67,Ultra Rare,cofagrigus-ex,Pokémon,https://www.tcggo.com/pokemon/paradox-rift/cofagrigus-ex-224,sv4-224,523905,singles
2026-08-23T17:19:56+02:00,,371,aky CG Works,aky-cg-works,PAR 225,225,740768,182,266,PAR,Pokémon,pokemon,15,https://images.tcggo.com/tcggo/storage/2228/paradox-rift-logo.png,Paradox Rift,EUR,792.99,EUR,1072.45,2023-11-03,1,Scarlet & Violet,scarlet-violet,paradox-rift,220,2442,https://images.tcggo.com/tcggo/storage/2454/iron-valiant-ex-par-225-paradox-rift-pokemon.png,https://www.tcggo.com/external/cm/2442,https://www.tcggo.com/external/tcgplayer/2442,Iron Valiant ex,Iron Valiant ex 225,2.45,2.62,493,EUR,[],,,,,,,,,,1.9,1.1,1.1,2.6,2.6,1.9,3.99,3.99,1.4,1.4,,,,,,,,,,,,,,,,,,,,,,,,,,,,,,,,,,,,,,,,,,EUR,2.22,2.13,Ultra Rare,iron-valiant-ex,Pokémon,https://www.tcggo.com/pokemon/paradox-rift/iron-valiant-ex-225,sv4-225,523906,singles
2026-08-23T17:19:56+02:00,,380,5ban Graphics,5ban-graphics,PAR 226,226,740773,182,266,PAR,Pokémon,pokemon,15,https://images.tcggo.com/tcggo/storage/2228/paradox-rift-logo.png,Paradox Rift,EUR,792.99,EUR,1072.45,2023-11-03,1,Scarlet & Violet,scarlet-violet,paradox-rift,220,2443,https://images.tcggo.com/tcggo/storage/2455/hoopa-ex-par-226-paradox-rift-pokemon.png,https://www.tcggo.com/external/cm/2443,https://www.tcggo.com/external/tcgplayer/2443,Hoopa ex,Hoopa ex 226,2.65,2.62,402,EUR,[],,,,,,,,,,2.5,1.35,1.35,2.5,2.5,2.5,2.5,2.5,1.5,1.5,,,,,,,,,,,,,,,,,,,,,,,,,,,,,,,,,,,,,,,,,,EUR,3.5,2.66,Ultra Rare,hoopa-ex,Pokémon,https://www.tcggo.com/pokemon/paradox-rift/hoopa-ex-226,sv4-226,523907,singles
2026-08-23T17:19:56+02:00,,380,5ban Graphics,5ban-graphics,PAR 227,227,740770,182,266,PAR,Pokémon,pokemon,15,https://images.tcggo.com/tcggo/storage/2228/paradox-rift-logo.png,Paradox Rift,EUR,792.99,EUR,1072.45,2023-11-03,1,Scarlet & Violet,scarlet-violet,paradox-rift,260,2444,https://images.tcggo.com/tcggo/storage/2456/toxtricity-ex-par-227-paradox-rift-pokemon.png,https://www.tcggo.com/external/cm/2444,https://www.tcggo.com/external/tcgplayer/2444,Toxtricity ex,Toxtricity ex 227,2.43,2.39,398,EUR,[],,,,,,,,,,2,1.8,1.8,2.22,3.3,2,2.99,2.99,1,1,,,,,,,,,,,,,,,,,,,,,,,,,,,,,,,,,,,,,,,,,,EUR,3.16,2.56,Ultra Rare,toxtricity-ex,Pokémon,https://www.tcggo.com/pokemon/paradox-rift/toxtricity-ex-227,sv4-227,523908,singles
2026-08-23T17:19:56+02:00,,384,PLANETA Mochizuki,planeta-mochizuki,PAR 228,228,740771,182,266,PAR,Pokémon,pokemon,15,https://images.tcggo.com/tcggo/storage/2228/paradox-rift-logo.png,Paradox Rift,EUR,792.99,EUR,1072.45,2023-11-03,1,Scarlet & Violet,scarlet-violet,paradox-rift,220,2445,https://images.tcggo.com/tcggo/storage/2457/sandy-shocks-ex-par-228-paradox-rift-pokemon.png,https://www.tcggo.com/external/cm/2445,https://www.tcggo.com/external/tcgplayer/2445,Sandy Shocks ex,Sandy Shocks ex 228,1.82,1.88,435,EUR,[],,,,,,,,,,1.09,0.99,0.99,2.9,2.9,1.09,1.8,1.8,0.84,0.84,,,,,,,,,,,,,,,,,,,,,,,,,,,,,,,,,,,,,,,,,,EUR,1.93,1.71,Ultra Rare,sandy-shocks-ex,Pokémon,https://www.tcggo.com/pokemon/paradox-rift/sandy-shocks-ex-228,sv4-228,523909,singles
2026-08-23T17:19:56+02:00,,490,takuyoa,takuyoa,PAR 229,229,740772,182,266,PAR,Pokémon,pokemon,15,https://images.tcggo.com/tcggo/storage/2228/paradox-rift-logo.png,Paradox Rift,EUR,792.99,EUR,1072.45,2023-11-03,1,Scarlet & Violet,scarlet-violet,paradox-rift,230,2446,https://images.tcggo.com/tcggo/storage/2458/roaring-moon-ex-par-229-paradox-rift-pokemon.png,https://www.tcggo.com/external/cm/2446,https://www.tcggo.com/external/tcgplayer/2446,Roaring Moon ex,Roaring Moon ex 229,2.88,2.57,514,EUR,,35,,,,,,,,30,1.98,2,2,4,4,1.98,2,2,1.19,1.19,USD,,,,,,,,,,,15.99,1,,,,,,,4,1,59,5,,,12.5,1,19.99,5,,,,,,,40.5,2,,,,,EUR,3.36,3.41,Ultra Rare,roaring-moon-ex,Pokémon,https://www.tcggo.com/pokemon/paradox-rift/roaring-moon-ex-229,sv4-229,523910,singles
2026-08-23T17:19:56+02:00,,519,Satoshi Shirai,satoshi-shirai,PAR 230,230,740773,182,266,PAR,Pokémon,pokemon,15,https://images.tcggo.com/tcggo/storage/2228/paradox-rift-logo.png,Paradox Rift,EUR,792.99,EUR,1072.45,2023-11-03,1,Scarlet & Violet,scarlet-violet,paradox-rift,330,2447,https://images.tcggo.com/tcggo/storage/2459/aegislash-ex-par-230-paradox-rift-pokemon.png,https://www.tcggo.com/external/cm/2447,https://www.tcggo.com/external/tcgplayer/2447,Aegislash ex,Aegislash ex 230,2.02,1.68,407,EUR,[],,,,,,,,,,1.49,1,1,1,1,1.49,1.4,1.4,0.65,0.65,,,,,,,,,,,,,,,,,,,,,,,,,,,,,,,,,,,,,,,,,,EUR,1.78,1.53,Ultra Rare,aegislash-ex,Pokémon,https://www.tcggo.com/pokemon/paradox-rift/aegislash-ex-230,sv4-230,523911,singles
2026-08-23T17:19:56+02:00,,490,takuyoa,takuyoa,PAR 231,231,740774,182,266,PAR,Pokémon,pokemon,15,https://images.tcggo.com/tcggo/storage/2228/paradox-rift-logo.png,Paradox Rift,EUR,792.99,EUR,1072.45,2023-11-03,1,Scarlet & Violet,scarlet-violet,paradox-rift,260,2448,https://images.tcggo.com/tcggo/storage/2460/gholdengo-ex-par-231-paradox-rift-pokemon.png,https://www.tcggo.com/external/cm/2448,https://www.tcggo.com/external/tcgplayer/2448,Gholdengo ex,Gholdengo ex 231,2.8,3.17,545,EUR,[],,,,,,,,,,2.88,1.5,1.5,4,4,2.88,3,3,0.98,0.98,,,,,,,,,,,,,,,,,,,,,,,,,,,,,,,,,,,,,,,,,,EUR,3.13,4.32,Ultra Rare,gholdengo-ex,Pokémon,https://www.tcggo.com/pokemon/paradox-rift/gholdengo-ex-231,sv4-231,523912,singles
2026-08-23T17:19:56+02:00,,526,Saki Hayashiro,saki-hayashiro,PAR 232,232,740775,182,266,PAR,Pokémon,pokemon,15,https://images.tcggo.com/tcggo/storage/2228/paradox-rift-logo.png,Paradox Rift,EUR,792.99,EUR,1072.45,2023-11-03,1,Scarlet & Violet,scarlet-violet,paradox-rift,260,2449,https://images.tcggo.com/tcggo/storage/2461/altaria-ex-par-232-paradox-rift-pokemon.png,https://www.tcggo.com/external/cm/2449,https://www.tcggo.com/external/tcgplayer/2449,Altaria ex,Altaria ex 232,2.8,2.84,393,EUR,[],,,,,,,,,,2.69,2,2,3,3,2.8,2.3,2.3,1.8,1.8,USD,,,,,,,,,,,24.5,2,,,,,31.03,1,,,48.33,4,,,7.95,3,15.11,4,,,,,,,,,,,,,EUR,3.44,2.56,Ultra Rare,altaria-ex,Pokémon,https://www.tcggo.com/pokemon/paradox-rift/altaria-ex-232,sv4-232,523913,singles
2026-08-23T17:19:56+02:00,,380,5ban Graphics,5ban-graphics,PAR 233,233,740776,182,266,PAR,Pokémon,pokemon,15,https://images.tcggo.com/tcggo/storage/2228/paradox-rift-logo.png,Paradox Rift,EUR,792.99,EUR,1072.45,2023-11-03,1,Scarlet & Violet,scarlet-violet,paradox-rift,230,2450,https://images.tcggo.com/tcggo/storage/2462/maushold-ex-par-233-paradox-rift-pokemon.png,https://www.tcggo.com/external/cm/2450,https://www.tcggo.com/external/tcgplayer/2450,Maushold ex,Maushold ex 233,5.95,6.13,221,EUR,[],,,,,,,,,,5,5,5,10,10,5,4.3,4.3,2.5,2.5,,,,,,,,,,,,,,,,,,,,,,,,,,,,,,,,,,,,,,,,,,EUR,13.1,8.66,Ultra Rare,maushold-ex,Pokémon,https://www.tcggo.com/pokemon/paradox-rift/maushold-ex-233,sv4-233,523914,singles
2026-08-23T17:19:56+02:00,,384,PLANETA Mochizuki,planeta-mochizuki,PAR 234,234,740777,182,266,PAR,Pokémon,pokemon,15,https://images.tcggo.com/tcggo/storage/2228/paradox-rift-logo.png,Paradox Rift,EUR,792.99,EUR,1072.45,2023-11-03,1,Scarlet & Violet,scarlet-violet,paradox-rift,200,2451,https://images.tcggo.com/tcggo/storage/2463/bombirdier-ex-par-234-paradox-rift-pokemon.png,https://www.tcggo.com/external/cm/2451,https://www.tcggo.com/external/tcgplayer/2451,Bombirdier ex,Bombirdier ex 234,1.86,2.04,532,EUR,[],,,,,,,,,,1.85,1.3,1.3,1.5,1.5,1.85,1.99,1.99,0.7,0.7,,,,,,,,,,,,,,,,,,,,,,,,,,,,,,,,,,,,,,,,,,EUR,1.78,1.38,Ultra Rare,bombirdier-ex,Pokémon,https://www.tcggo.com/pokemon/paradox-rift/bombirdier-ex-234,sv4-234,523915,singles
2026-08-23T17:19:56+02:00,,426,Akira Komayama,akira-komayama,PAR 235,235,740778,182,266,PAR,Pokémon,pokemon,15,https://images.tcggo.com/tcggo/storage/2228/paradox-rift-logo.png,Paradox Rift,EUR,792.99,EUR,1072.45,2023-11-03,1,Scarlet & Violet,scarlet-violet,paradox-rift,0,2452,https://images.tcggo.com/tcggo/storage/2464/larry-par-235-paradox-rift-pokemon.png,https://www.tcggo.com/external/cm/2452,https://www.tcggo.com/external/tcgplayer/2452,Larry,Larry 235,1.22,1.27,576,EUR,[],,,,,,,,,,0.9,0.89,0.89,1.5,1.5,0.9,1,1,0.49,0.49,,,,,,,,,,,,,,,,,,,,,,,,,,,,,,,,,,,,,,,,,,EUR,1.58,1.54,Ultra Rare,larry,Trainer,https://www.tcggo.com/pokemon/paradox-rift/larry-235,sv4-235,523916,singles
2026-08-23T17:19:56+02:00,,512,kirisAki,kirisaki,PAR 236,236,740779,182,266,PAR,Pokémon,pokemon,15,https://images.tcggo.com/tcggo/storage/2228/paradox-rift-logo.png,Paradox Rift,EUR,792.99,EUR,1072.45,2023-11-03,1,Scarlet & Violet,scarlet-violet,paradox-rift,0,2453,https://images.tcggo.com/tcggo/storage/2465/mela-par-236-paradox-rift-pokemon.png,https://www.tcggo.com/external/cm/2453,https://www.tcggo.com/external/tcgplayer/2453,Mela,Mela 236,1.85,1.97,542,EUR,,,,,,,,80,,39,1.85,1.2,1.2,4,4,1.85,1.9,1.9,0.99,0.99,,,,,,,,,,,,,,,,,,,,,,,,,,,,,,,,,,,,,,,,,,EUR,2.11,2.35,Ultra Rare,mela,Trainer,https://www.tcggo.com/pokemon/paradox-rift/mela-236,sv4-236,523917,singles
2026-08-23T17:19:56+02:00,,456,Hideki Ishikawa,hideki-ishikawa,PAR 237,237,740780,182,266,PAR,Pokémon,pokemon,15,https://images.tcggo.com/tcggo/storage/2228/paradox-rift-logo.png,Paradox Rift,EUR,792.99,EUR,1072.45,2023-11-03,1,Scarlet & Violet,scarlet-violet,paradox-rift,0,2454,https://images.tcggo.com/tcggo/storage/2466/norman-par-237-paradox-rift-pokemon.png,https://www.tcggo.com/external/cm/2454,https://www.tcggo.com/external/tcgplayer/2454,Norman,Norman 237,1.4,1.31,481,EUR,[],,,,,,,,,,1,0.7,0.7,2.45,2.45,1,1,1,0.6,0.6,,,,,,,,,,,,,,,,,,,,,,,,,,,,,,,,,,,,,,,,,,EUR,1.09,1.28,Ultra Rare,norman,Trainer,https://www.tcggo.com/pokemon/paradox-rift/norman-237,sv4-237,523918,singles
2026-08-23T17:19:56+02:00,,496,Cona Nitanda,cona-nitanda,PAR 238,238,836106,182,266,PAR,Pokémon,pokemon,15,https://images.tcggo.com/tcggo/storage/2228/paradox-rift-logo.png,Paradox Rift,EUR,792.99,EUR,1072.45,2023-11-03,1,Scarlet & Violet,scarlet-violet,paradox-rift,0,2455,https://images.tcggo.com/tcggo/storage/2467/parasol-lady-par-238-paradox-rift-pokemon.png,https://www.tcggo.com/external/cm/2455,https://www.tcggo.com/external/tcgplayer/2455,Parasol Lady,Parasol Lady 238,3.13,3.55,441,EUR,[],,,,,,,,,,2.5,1.5,1.5,5,5,2.5,4.5,4.5,1,1,,,,,,,,,,,,,,,,,,,,,,,,,,,,,,,,,,,,,,,,,,EUR,3.52,3.77,Ultra Rare,parasol-lady,Trainer,https://www.tcggo.com/pokemon/paradox-rift/parasol-lady-238,sv4-238,523919,singles
2026-08-23T17:19:56+02:00,,520,Megumi Mizutani,megumi-mizutani,PAR 239,239,740782,182,266,PAR,Pokémon,pokemon,15,https://images.tcggo.com/tcggo/storage/2228/paradox-rift-logo.png,Paradox Rift,EUR,792.99,EUR,1072.45,2023-11-03,1,Scarlet & Violet,scarlet-violet,paradox-rift,0,2456,https://images.tcggo.com/tcggo/storage/2468/professor-sadas-vitality-par-239-paradox-rift-pokemon.png,https://www.tcggo.com/external/cm/2456,https://www.tcggo.com/external/tcgplayer/2456,Professor Sada's Vitality,Professor Sada's Vitality 239,1.75,1.61,729,EUR,,,,,,,,34,,,1.18,0.9,0.9,2.99,2.99,1.18,2,2,0.8,0.8,,,,,,,,,,,,,,,,,,,,,,,,,,,,,,,,,,,,,,,,,,EUR,1.43,2.21,Ultra Rare,professor-sadas-vitality,Trainer,https://www.tcggo.com/pokemon/paradox-rift/professor-sadas-vitality-239,sv4-239,523920,singles
2026-08-23T17:19:56+02:00,,462,hncl,hncl,PAR 240,240,740783,182,266,PAR,Pokémon,pokemon,15,https://images.tcggo.com/tcggo/storage/2228/paradox-rift-logo.png,Paradox Rift,EUR,792.99,EUR,1072.45,2023-11-03,1,Scarlet & Violet,scarlet-violet,paradox-rift,0,2457,https://images.tcggo.com/tcggo/storage/2469/professor-turos-scenario-par-240-paradox-rift-pokemon.png,https://www.tcggo.com/external/cm/2457,https://www.tcggo.com/external/tcgplayer/2457,Professor Turo's Scenario,Professor Turo's Scenario 240,1.54,1.51,628,EUR,[],,,,,,,,,,1,0.95,0.95,3.5,3.5,1,1.8,1.8,0.85,0.85,,,,,,,,,,,,,,,,,,,,,,,,,,,,,,,,,,,,,,,,,,EUR,1.26,2.98,Ultra Rare,professor-turos-scenario,Trainer,https://www.tcggo.com/pokemon/paradox-rift/professor-turos-scenario-240,sv4-240,523921,singles
2026-08-23T17:19:56+02:00,,459,GIDORA,gidora,PAR 241,241,740784,182,266,PAR,Pokémon,pokemon,15,https://images.tcggo.com/tcggo/storage/2228/paradox-rift-logo.png,Paradox Rift,EUR,792.99,EUR,1072.45,2023-11-03,1,Scarlet & Violet,scarlet-violet,paradox-rift,0,2458,https://images.tcggo.com/tcggo/storage/2470/rika-par-241-paradox-rift-pokemon.png,https://www.tcggo.com/external/cm/2458,https://www.tcggo.com/external/tcgplayer/2458,Rika,Rika 241,1.85,1.84,524,EUR,,,,,,,,39,,,1.8,0.99,0.99,3,3,1.8,1,1,0.45,0.45,,,,,,,,,,,,,,,,,,,,,,,,,,,,,,,,,,,,,,,,,,EUR,2.42,2.14,Ultra Rare,rika,Trainer,https://www.tcggo.com/pokemon/paradox-rift/rika-241,sv4-241,523922,singles
2026-08-23T17:19:56+02:00,,518,Ryuta Fuse,ryuta-fuse,PAR 242,242,740785,182,266,PAR,Pokémon,pokemon,15,https://images.tcggo.com/tcggo/storage/2228/paradox-rift-logo.png,Paradox Rift,EUR,792.99,EUR,1072.45,2023-11-03,1,Scarlet & Violet,scarlet-violet,paradox-rift,0,2459,https://images.tcggo.com/tcggo/storage/2471/roark-par-242-paradox-rift-pokemon.png,https://www.tcggo.com/external/cm/2459,https://www.tcggo.com/external/tcgplayer/2459,Roark,Roark 242,1.53,1.39,607,EUR,[],,,,,,,,,,1,0.89,0.89,2.7,2.7,1,1,1,0.75,0.75,,,,,,,,,,,,,,,,,,,,,,,,,,,,,,,,,,,,,,,,,,EUR,1.19,1.24,Ultra Rare,roark,Trainer,https://www.tcggo.com/pokemon/paradox-rift/roark-242,sv4-242,523923,singles
2026-08-23T17:19:56+02:00,,477,En Morikura,en-morikura,PAR 243,243,740786,182,266,PAR,Pokémon,pokemon,15,https://images.tcggo.com/tcggo/storage/2228/paradox-rift-logo.png,Paradox Rift,EUR,792.99,EUR,1072.45,2023-11-03,1,Scarlet & Violet,scarlet-violet,paradox-rift,0,2460,https://images.tcggo.com/tcggo/storage/2472/shauntal-par-243-paradox-rift-pokemon.png,https://www.tcggo.com/external/cm/2460,https://www.tcggo.com/external/tcgplayer/2460,Shauntal,Shauntal 243,1.49,1.72,565,EUR,[],,,,,,,,,,0.5,0.8,0.8,2.95,2.95,0.5,1.8,1.8,0.4,0.4,,,,,,,,,,,,,,,,,,,,,,,,,,,,,,,,,,,,,,,,,,EUR,1.5,1.62,Ultra Rare,shauntal,Trainer,https://www.tcggo.com/pokemon/paradox-rift/shauntal-243,sv4-243,523924,singles
2026-08-23T17:19:56+02:00,,463,Naoki Saito,naoki-saito,PAR 244,244,740787,182,266,PAR,Pokémon,pokemon,15,https://images.tcggo.com/tcggo/storage/2228/paradox-rift-logo.png,Paradox Rift,EUR,792.99,EUR,1072.45,2023-11-03,1,Scarlet & Violet,scarlet-violet,paradox-rift,0,2461,https://images.tcggo.com/tcggo/storage/2473/tulip-par-244-paradox-rift-pokemon.png,https://www.tcggo.com/external/cm/2461,https://www.tcggo.com/external/tcgplayer/2461,Tulip,Tulip 244,2.01,2.07,476,EUR,,,,,35,,,,,,2.5,1.3,1.3,3,3,2.5,1.99,1.99,0.99,0.99,,,,,,,,,,,,,,,,,,,,,,,,,,,,,,,,,,,,,,,,,,EUR,3.45,3.51,Ultra Rare,tulip,Trainer,https://www.tcggo.com/pokemon/paradox-rift/tulip-244,sv4-244,523925,singles
2026-08-23T17:19:56+02:00,,368,Oswaldo KATO,oswaldo-kato,PAR 245,245,740788,182,266,PAR,Pokémon,pokemon,15,https://images.tcggo.com/tcggo/storage/2228/paradox-rift-logo.png,Paradox Rift,EUR,792.99,EUR,1072.45,2023-11-03,1,Scarlet & Violet,scarlet-violet,paradox-rift,320,2462,https://images.tcggo.com/tcggo/storage/2474/garchomp-ex-par-245-paradox-rift-pokemon.png,https://www.tcggo.com/external/cm/2462,https://www.tcggo.com/external/tcgplayer/2462,Garchomp ex,Garchomp ex 245,39.18,36.82,275,EUR,,,,,800,350,55,290,,99,29.99,27,27,49.99,49.99,29.99,42,42,29.9,29.9,USD,85.58,5,,,,,34.03,5,37.97,2,62.8,5,,,,,37.82,4,,,191.4,5,22.54,4,30.66,5,31.04,5,72.52,2,,,,,141.52,5,,,54.66,4,EUR,30.44,26.62,Special Illustration Rare,garchomp-ex,Pokémon,https://www.tcggo.com/pokemon/paradox-rift/garchomp-ex-245,sv4-245,523926,singles
2026-08-23T17:19:56+02:00,,392,Oku,oku,PAR 246,246,740789,182,266,PAR,Pokémon,pokemon,15,https://images.tcggo.com/tcggo/storage/2228/paradox-rift-logo.png,Paradox Rift,EUR,792.99,EUR,1072.45,2023-11-03,1,Scarlet & Violet,scarlet-violet,paradox-rift,270,2463,https://images.tcggo.com/tcggo/storage/2475/golisopod-ex-par-246-paradox-rift-pokemon.png,https://www.tcggo.com/external/cm/2463,https://www.tcggo.com/external/tcgplayer/2463,Golisopod ex,Golisopod ex 246,20.21,20.88,200,EUR,,,,,,,,299,34,60,16,19,19,24.98,24.98,16,30,30,12,12,USD,75.71,3,,,,,,,18.59,1,59.8,5,,,,,20.5,3,,,163.83,5,,,17.69,5,35.39,5,70.77,1,,,,,123.05,1,,,31.37,1,EUR,26.54,16.24,Special Illustration Rare,golisopod-ex,Pokémon,https://www.tcggo.com/pokemon/paradox-rift/golisopod-ex-246,sv4-246,523927,singles
2026-08-23T17:19:56+02:00,,386,Jerky,jerky,PAR 247,247,740790,182,266,PAR,Pokémon,pokemon,15,https://images.tcggo.com/tcggo/storage/2228/paradox-rift-logo.png,Paradox Rift,EUR,792.99,EUR,1072.45,2023-11-03,1,Scarlet & Violet,scarlet-violet,paradox-rift,210,2464,https://images.tcggo.com/tcggo/storage/2476/tapu-koko-ex-par-247-paradox-rift-pokemon.png,https://www.tcggo.com/external/cm/2464,https://www.tcggo.com/external/tcgplayer/2464,Tapu Koko ex,Tapu Koko ex 247,14.66,14.41,293,EUR,,,,,49,,,179,,31,13,10.3,13.9,19,19,13,23,23,12.5,12.5,USD,59.5,5,,,,,23.73,5,20.07,2,50,5,,,,,19.05,2,,,221.22,5,16.73,2,14.99,5,31.21,5,,,,,,,120.43,4,,,22.3,1,EUR,15.26,14.58,Special Illustration Rare,tapu-koko-ex,Pokémon,https://www.tcggo.com/pokemon/paradox-rift/tapu-koko-ex-247,sv4-247,523928,singles
2026-08-23T17:19:56+02:00,,364,Toshinao Aoki,toshinao-aoki,PAR 248,248,740791,182,266,PAR,Pokémon,pokemon,15,https://images.tcggo.com/tcggo/storage/2228/paradox-rift-logo.png,Paradox Rift,EUR,792.99,EUR,1072.45,2023-11-03,1,Scarlet & Violet,scarlet-violet,paradox-rift,230,2465,https://images.tcggo.com/tcggo/storage/2477/iron-hands-ex-par-248-paradox-rift-pokemon.png,https://www.tcggo.com/external/cm/2465,https://www.tcggo.com/external/tcgplayer/2465,Iron Hands ex,Iron Hands ex 248,10.33,10.23,507,EUR,,,,,,,,125,,60,9,9,9,18,18,9,13.5,13.5,8,8,USD,50,5,,,,,36.75,1,,,44.6,3,,,,,17.84,1,,,83.85,5,,,17.85,3,27.97,5,20.48,1,,,,,,,,,12.27,1,EUR,10.29,10.42,Special Illustration Rare,iron-hands-ex,Pokémon,https://www.tcggo.com/pokemon/paradox-rift/iron-hands-ex-248,sv4-248,523929,singles
2026-08-23T17:19:56+02:00,,454,kantaro,kantaro,PAR 249,249,740792,182,266,PAR,Pokémon,pokemon,15,https://images.tcggo.com/tcggo/storage/2228/paradox-rift-logo.png,Paradox Rift,EUR,792.99,EUR,1072.45,2023-11-03,1,Scarlet & Violet,scarlet-violet,paradox-rift,220,2466,https://images.tcggo.com/tcggo/storage/2478/iron-valiant-ex-par-249-paradox-rift-pokemon.png,https://www.tcggo.com/external/cm/2466,https://www.tcggo.com/external/tcgplayer/2466,Iron Valiant ex,Iron Valiant ex 249,24.19,30.12,328,EUR,,,,49,89,,39,130,,40,17.99,17.99,17.99,19.95,19.95,17.99,43,43,15,15,USD,64.46,5,,,,,24.73,5,23.01,2,45.42,5,,,,,23.08,5,,,133.97,5,7.63,1,26.75,5,28.59,5,12.5,1,,,,,117.64,5,,,32.42,2,EUR,16.98,20.34,Special Illustration Rare,iron-valiant-ex,Pokémon,https://www.tcggo.com/pokemon/paradox-rift/iron-valiant-ex-249,sv4-249,523930,singles
2026-08-23T17:19:56+02:00,,364,Toshinao Aoki,toshinao-aoki,PAR 250,250,740793,182,266,PAR,Pokémon,pokemon,15,https://images.tcggo.com/tcggo/storage/2228/paradox-rift-logo.png,Paradox Rift,EUR,792.99,EUR,1072.45,2023-11-03,1,Scarlet & Violet,scarlet-violet,paradox-rift,220,2467,https://images.tcggo.com/tcggo/storage/2479/sandy-shocks-ex-par-250-paradox-rift-pokemon.png,https://www.tcggo.com/external/cm/2467,https://www.tcggo.com/external/tcgplayer/2467,Sandy Shocks ex,Sandy Shocks ex 250,7.07,7.47,360,EUR,,,,,,,,80,,22,5.5,6,6.99,6.95,6.95,5.5,14.49,14.49,5,5,USD,40.57,2,,,,,12.78,3,,,16.04,5,,,,,,,,,79.84,5,15.96,1,15.07,2,17.04,5,,,,,,,,,,,,,EUR,7.62,6.66,Special Illustration Rare,sandy-shocks-ex,Pokémon,https://www.tcggo.com/pokemon/paradox-rift/sandy-shocks-ex-250,sv4-250,523931,singles
2026-08-23T17:19:56+02:00,,486,Ryota Murayama,ryota-murayama,PAR 251,251,740794,182,266,PAR,Pokémon,pokemon,15,https://images.tcggo.com/tcggo/storage/2228/paradox-rift-logo.png,Paradox Rift,EUR,792.99,EUR,1072.45,2023-11-03,1,Scarlet & Violet,scarlet-violet,paradox-rift,230,2468,https://images.tcggo.com/tcggo/storage/2480/roaring-moon-ex-par-251-paradox-rift-pokemon.png,https://www.tcggo.com/external/cm/2468,https://www.tcggo.com/external/tcgplayer/2468,Roaring Moon ex,Roaring Moon ex 251,42.3,44.39,418,EUR,,,55,,199,,40,99,,43,31.99,30,30,39.99,39.99,31.99,69.99,69.99,28,28,USD,73.75,5,,,,,37,5,35.88,1,89.71,5,,,,,34.09,5,,,157,5,32.6,1,31.39,5,33.28,5,,,,,,,218,5,,,,,EUR,33.42,36.15,Special Illustration Rare,roaring-moon-ex,Pokémon,https://www.tcggo.com/pokemon/paradox-rift/roaring-moon-ex-251,sv4-251,523932,singles
2026-08-23T17:19:56+02:00,,426,Akira Komayama,akira-komayama,PAR 252,252,740795,182,266,PAR,Pokémon,pokemon,15,https://images.tcggo.com/tcggo/storage/2228/paradox-rift-logo.png,Paradox Rift,EUR,792.99,EUR,1072.45,2023-11-03,1,Scarlet & Violet,scarlet-violet,paradox-rift,260,2469,https://images.tcggo.com/tcggo/storage/2481/gholdengo-ex-par-252-paradox-rift-pokemon.png,https://www.tcggo.com/external/cm/2469,https://www.tcggo.com/external/tcgplayer/2469,Gholdengo ex,Gholdengo ex 252,23.38,23.86,272,EUR,,,,25,125,,,160,,42,22,21.94,21.94,25,25,22,30,30,19,19,USD,72.92,3,,,,,20.83,5,,,43.07,5,,,,,16.48,3,,,157,5,,,25,5,38.21,5,38.88,1,,,,,105.24,4,,,35.79,4,EUR,27.44,20.05,Special Illustration Rare,gholdengo-ex,Pokémon,https://www.tcggo.com/pokemon/paradox-rift/gholdengo-ex-252,sv4-252,523933,singles
2026-08-23T17:19:56+02:00,,535,Jiro Sasumo,jiro-sasumo,PAR 253,253,740796,182,266,PAR,Pokémon,pokemon,15,https://images.tcggo.com/tcggo/storage/2228/paradox-rift-logo.png,Paradox Rift,EUR,792.99,EUR,1072.45,2023-11-03,1,Scarlet & Violet,scarlet-violet,paradox-rift,260,2470,https://images.tcggo.com/tcggo/storage/2482/altaria-ex-par-253-paradox-rift-pokemon.png,https://www.tcggo.com/external/cm/2470,https://www.tcggo.com/external/tcgplayer/2470,Altaria ex,Altaria ex 253,73.06,66.83,292,EUR,,,,55,150,,65,340,,73,52.95,61.95,61.95,59.98,59.98,52.95,88,88,59,59,USD,124.58,5,,,,,49.04,5,,,89.71,5,,,53.83,2,35.77,3,,,269.25,5,,,47.55,5,60.41,5,101.49,2,,,,,204.63,3,,,49.99,4,EUR,50.39,45.13,Special Illustration Rare,altaria-ex,Pokémon,https://www.tcggo.com/pokemon/paradox-rift/altaria-ex-253,sv4-253,523934,singles
2026-08-23T17:19:56+02:00,,403,rika,rika,PAR 254,254,740797,182,266,PAR,Pokémon,pokemon,15,https://images.tcggo.com/tcggo/storage/2228/paradox-rift-logo.png,Paradox Rift,EUR,792.99,EUR,1072.45,2023-11-03,1,Scarlet & Violet,scarlet-violet,paradox-rift,0,2471,https://images.tcggo.com/tcggo/storage/2483/mela-par-254-paradox-rift-pokemon.png,https://www.tcggo.com/external/cm/2471,https://www.tcggo.com/external/tcgplayer/2471,Mela,Mela 254,6.72,6.54,371,EUR,,,,,69,,,100,,25,5.5,5.95,5.95,14,14,5.5,9.5,9.5,4.99,4.99,USD,34.68,1,,,,,,,,,,,,,,,10.07,2,,,68.92,5,,,,,19.99,3,,,,,,,,,,,,,EUR,7.56,6.62,Special Illustration Rare,mela,Trainer,https://www.tcggo.com/pokemon/paradox-rift/mela-254,sv4-254,523935,singles
2026-08-23T17:19:56+02:00,,477,En Morikura,en-morikura,PAR 255,255,740798,182,266,PAR,Pokémon,pokemon,15,https://images.tcggo.com/tcggo/storage/2228/paradox-rift-logo.png,Paradox Rift,EUR,792.99,EUR,1072.45,2023-11-03,1,Scarlet & Violet,scarlet-violet,paradox-rift,0,2472,https://images.tcggo.com/tcggo/storage/2484/parasol-lady-par-255-paradox-rift-pokemon.png,https://www.tcggo.com/external/cm/2472,https://www.tcggo.com/external/tcgplayer/2472,Parasol Lady,Parasol Lady 255,11.4,10.89,341,EUR,,,,,,,,110,,35,10,10,10,11,11,10,15.5,15.9,6.8,6.8,USD,44.6,3,,,,,11.4,3,,,44.67,5,,,,,16.5,3,,,107.21,5,,,14.4,3,26.8,5,,,,,,,,,,,14.69,2,EUR,13.03,10.58,Special Illustration Rare,parasol-lady,Trainer,https://www.tcggo.com/pokemon/paradox-rift/parasol-lady-255,sv4-255,523936,singles
2026-08-23T17:19:56+02:00,,486,Ryota Murayama,ryota-murayama,PAR 256,256,740799,182,266,PAR,Pokémon,pokemon,15,https://images.tcggo.com/tcggo/storage/2228/paradox-rift-logo.png,Paradox Rift,EUR,792.99,EUR,1072.45,2023-11-03,1,Scarlet & Violet,scarlet-violet,paradox-rift,0,2473,https://images.tcggo.com/tcggo/storage/2485/professor-sadas-vitality-par-256-paradox-rift-pokemon.png,https://www.tcggo.com/external/cm/2473,https://www.tcggo.com/external/tcgplayer/2473,Professor Sada's Vitality,Professor Sada's Vitality 256,5.66,5.25,513,EUR,,,,,,,,100,,19,4.49,5.5,5.5,11.5,11.5,4.49,9,9,4.85,4.85,,,,,,,,,,,,,,,,,,,,,,,,,,,,,,,,,,,,,,,,,,EUR,6.91,6.77,Special Illustration Rare,professor-sadas-vitality,Trainer,https://www.tcggo.com/pokemon/paradox-rift/professor-sadas-vitality-256,sv4-256,523937,singles
2026-08-23T17:19:56+02:00,,460,Atsushi Furusawa,atsushi-furusawa,PAR 257,257,740800,182,266,PAR,Pokémon,pokemon,15,https://images.tcggo.com/tcggo/storage/2228/paradox-rift-logo.png,Paradox Rift,EUR,792.99,EUR,1072.45,2023-11-03,1,Scarlet & Violet,scarlet-violet,paradox-rift,0,2474,https://images.tcggo.com/tcggo/storage/2486/professor-turos-scenario-par-257-paradox-rift-pokemon.png,https://www.tcggo.com/external/cm/2474,https://www.tcggo.com/external/tcgplayer/2474,Professor Turo's Scenario,Professor Turo's Scenario 257,5.86,5.39,503,EUR,,,,,,,,42,,,4.5,4.5,4.5,9.89,9.89,4.5,8.9,8.99,3.98,3.98,,,,,,,,,,,,,,,,,,,,,,,,,,,,,,,,,,,,,,,,,,EUR,4.83,6.2,Special Illustration Rare,professor-turos-scenario,Trainer,https://www.tcggo.com/pokemon/paradox-rift/professor-turos-scenario-257,sv4-257,523938,singles
2026-08-23T17:19:56+02:00,,454,kantaro,kantaro,PAR 258,258,740801,182,266,PAR,Pokémon,pokemon,15,https://images.tcggo.com/tcggo/storage/2228/paradox-rift-logo.png,Paradox Rift,EUR,792.99,EUR,1072.45,2023-11-03,1,Scarlet & Violet,scarlet-violet,paradox-rift,0,2475,https://images.tcggo.com/tcggo/storage/2487/rika-par-258-paradox-rift-pokemon.png,https://www.tcggo.com/external/cm/2475,https://www.tcggo.com/external/tcgplayer/2475,Rika,Rika 258,5.74,5.96,350,EUR,,,,,,,,,,25,5,5,5,7.2,7.2,5,9.95,9.95,4.69,4.69,,,,,,,,,,,,,,,,,,,,,,,,,,,,,,,,,,,,,,,,,,EUR,7.62,6.26,Special Illustration Rare,rika,Trainer,https://www.tcggo.com/pokemon/paradox-rift/rika-258,sv4-258,523939,singles
2026-08-23T17:19:56+02:00,,434,AKIRA EGAWA,akira-egawa,PAR 259,259,740802,182,266,PAR,Pokémon,pokemon,15,https://images.tcggo.com/tcggo/storage/2228/paradox-rift-logo.png,Paradox Rift,EUR,792.99,EUR,1072.45,2023-11-03,1,Scarlet & Violet,scarlet-violet,paradox-rift,0,2476,https://images.tcggo.com/tcggo/storage/2488/tulip-par-259-paradox-rift-pokemon.png,https://www.tcggo.com/external/cm/2476,https://www.tcggo.com/external/tcgplayer/2476,Tulip,Tulip 259,6.1,6.45,362,EUR,,,,,,,,65,,70,5,4.99,4.99,12,12,5,9.99,9.99,3.5,3.5,,,,,,,,,,,,,,,,,,,,,,,,,,,,,,,,,,,,,,,,,,EUR,6.49,6.4,Special Illustration Rare,tulip,Trainer,https://www.tcggo.com/pokemon/paradox-rift/tulip-259,sv4-259,523940,singles
2026-08-23T17:19:56+02:00,,380,5ban Graphics,5ban-graphics,PAR 260,260,740803,182,266,PAR,Pokémon,pokemon,15,https://images.tcggo.com/tcggo/storage/2228/paradox-rift-logo.png,Paradox Rift,EUR,792.99,EUR,1072.45,2023-11-03,1,Scarlet & Violet,scarlet-violet,paradox-rift,320,2477,https://images.tcggo.com/tcggo/storage/2489/garchomp-ex-par-260-paradox-rift-pokemon.png,https://www.tcggo.com/external/cm/2477,https://www.tcggo.com/external/tcgplayer/2477,Garchomp ex,Garchomp ex 260,10.11,9.38,332,EUR,,,,,,,,135,,74,7,10,10,9,9,7,12,12,6.99,6.99,USD,46.59,5,,,,,17.02,5,22.42,1,30.25,2,,,,,14.67,2,,,98.68,5,12.34,1,12.28,5,21.25,5,,,,,,,67.07,4,,,19.32,1,EUR,14.85,11.5,Hyper Rare,garchomp-ex,Pokémon,https://www.tcggo.com/pokemon/paradox-rift/garchomp-ex-260,sv4-260,523941,singles
2026-08-23T17:19:56+02:00,,371,aky CG Works,aky-cg-works,PAR 261,261,740804,182,266,PAR,Pokémon,pokemon,15,https://images.tcggo.com/tcggo/storage/2228/paradox-rift-logo.png,Paradox Rift,EUR,792.99,EUR,1072.45,2023-11-03,1,Scarlet & Violet,scarlet-violet,paradox-rift,220,2478,https://images.tcggo.com/tcggo/storage/2490/iron-valiant-ex-par-261-paradox-rift-pokemon.png,https://www.tcggo.com/external/cm/2478,https://www.tcggo.com/external/tcgplayer/2478,Iron Valiant ex,Iron Valiant ex 261,3.83,3.71,520,EUR,,,,,,,,100,,65,2.99,3.4,3.4,4,4,2.99,7.48,7.48,2.3,2.3,,,,,,,,,,,,,,,,,,,,,,,,,,,,,,,,,,,,,,,,,,EUR,4.59,3.85,Hyper Rare,iron-valiant-ex,Pokémon,https://www.tcggo.com/pokemon/paradox-rift/iron-valiant-ex-261,sv4-261,523942,singles
2026-08-23T17:19:56+02:00,,490,takuyoa,takuyoa,PAR 262,262,740805,182,266,PAR,Pokémon,pokemon,15,https://images.tcggo.com/tcggo/storage/2228/paradox-rift-logo.png,Paradox Rift,EUR,792.99,EUR,1072.45,2023-11-03,1,Scarlet & Violet,scarlet-violet,paradox-rift,230,2479,https://images.tcggo.com/tcggo/storage/2491/roaring-moon-ex-par-262-paradox-rift-pokemon.png,https://www.tcggo.com/external/cm/2479,https://www.tcggo.com/external/tcgplayer/2479,Roaring Moon ex,Roaring Moon ex 262,5.6,5.73,472,EUR,,,,,,,,185,35,24,3.62,4.5,4.5,5,5,3.62,7.99,8.98,3,3,,,,,,,,,,,,,,,,,,,,,,,,,,,,,,,,,,,,,,,,,,EUR,5.45,5.51,Hyper Rare,roaring-moon-ex,Pokémon,https://www.tcggo.com/pokemon/paradox-rift/roaring-moon-ex-262,sv4-262,523943,singles
2026-08-23T17:19:56+02:00,,368,Oswaldo KATO,oswaldo-kato,PAR 263,263,740806,182,266,PAR,Pokémon,pokemon,15,https://images.tcggo.com/tcggo/storage/2228/paradox-rift-logo.png,Paradox Rift,EUR,792.99,EUR,1072.45,2023-11-03,1,Scarlet & Violet,scarlet-violet,paradox-rift,0,2480,https://images.tcggo.com/tcggo/storage/2492/beach-court-par-263-paradox-rift-pokemon.png,https://www.tcggo.com/external/cm/2480,https://www.tcggo.com/external/tcgplayer/2480,Beach Court,Beach Court 263,2.69,2.55,538,EUR,[],,,,,,,,,,1.8,2.1,2.1,3.6,3.6,1.8,4.39,4.39,1.6,1.6,,,,,,,,,,,,,,,,,,,,,,,,,,,,,,,,,,,,,,,,,,EUR,2.61,2.35,Hyper Rare,beach-court,Trainer,https://www.tcggo.com/pokemon/paradox-rift/beach-court-263,sv4-263,523944,singles
2026-08-23T17:19:56+02:00,,458,Toyste Beach,toyste-beach,PAR 264,264,740807,182,266,PAR,Pokémon,pokemon,15,https://images.tcggo.com/tcggo/storage/2228/paradox-rift-logo.png,Paradox Rift,EUR,792.99,EUR,1072.45,2023-11-03,1,Scarlet & Violet,scarlet-violet,paradox-rift,0,2481,https://images.tcggo.com/tcggo/storage/2493/counter-catcher-par-264-paradox-rift-pokemon.png,https://www.tcggo.com/external/cm/2481,https://www.tcggo.com/external/tcgplayer/2481,Counter Catcher,Counter Catcher 264,2.93,2.83,586,EUR,[],,,,,,,,,,2.24,2.35,2.35,4,4,2.24,2.99,2.99,2.9,2.9,,,,,,,,,,,,,,,,,,,,,,,,,,,,,,,,,,,,,,,,,,EUR,1.84,5,Hyper Rare,counter-catcher,Trainer,https://www.tcggo.com/pokemon/paradox-rift/counter-catcher-264,sv4-264,523945,singles
2026-08-23T17:19:56+02:00,,458,Toyste Beach,toyste-beach,PAR 265,265,740808,182,266,PAR,Pokémon,pokemon,15,https://images.tcggo.com/tcggo/storage/2228/paradox-rift-logo.png,Paradox Rift,EUR,792.99,EUR,1072.45,2023-11-03,1,Scarlet & Violet,scarlet-violet,paradox-rift,0,2482,https://images.tcggo.com/tcggo/storage/2494/luxurious-cape-par-265-paradox-rift-pokemon.png,https://www.tcggo.com/external/cm/2482,https://www.tcggo.com/external/tcgplayer/2482,Luxurious Cape,Luxurious Cape 265,2.49,2.52,531,EUR,[],,,,,,,,,,1.99,2.19,2.19,3.8,3.8,1.99,2.5,2.5,1.47,1.47,,,,,,,,,,,,,,,,,,,,,,,,,,,,,,,,,,,,,,,,,,EUR,2.74,2.62,Hyper Rare,luxurious-cape,Trainer,https://www.tcggo.com/pokemon/paradox-rift/luxurious-cape-265,sv4-265,523946,singles
2026-08-23T17:19:56+02:00,,,,,PAR 266,266,740809,182,266,PAR,Pokémon,pokemon,15,https://images.tcggo.com/tcggo/storage/2228/paradox-rift-logo.png,Paradox Rift,EUR,792.99,EUR,1072.45,2023-11-03,1,Scarlet & Violet,scarlet-violet,paradox-rift,0,2483,https://images.tcggo.com/tcggo/storage/2495/reversal-energy-par-266-paradox-rift-pokemon.png,https://www.tcggo.com/external/cm/2483,https://www.tcggo.com/external/tcgplayer/2483,Reversal Energy,Reversal Energy 266,2.31,2.19,622,EUR,[],,,,,,,,,,1.98,1.5,1.5,3,3,1.98,2.97,2.97,1.5,1.5,,,,,,,,,,,,,,,,,,,,,,,,,,,,,,,,,,,,,,,,,,EUR,2.03,2.94,Hyper Rare,reversal-energy,Energy,https://www.tcggo.com/pokemon/paradox-rift/reversal-energy-266,sv4-266,523947,singles
