captured_at,artist,artist.id,artist.name,artist.slug,card_code_number,card_number,cardmarket_id,episode.cards_printed_total,episode.cards_total,episode.code,episode.game.name,episode.game.slug,episode.id,episode.logo,episode.name,episode.prices.cardmarket.currency,episode.prices.cardmarket.total,episode.prices.tcgplayer.currency,episode.prices.tcgplayer.total,episode.released_at,episode.series.id,episode.series.name,episode.series.slug,episode.slug,hp,id,image,links.cardmarket,links.tcgplayer,name,name_numbered,prices.cardmarket.30d_average,prices.cardmarket.7d_average,prices.cardmarket.available_items,prices.cardmarket.currency,prices.cardmarket.graded,prices.cardmarket.graded.bgs.bgs9,prices.cardmarket.graded.cgc.cgc10,prices.cardmarket.graded.cgc.cgc8,prices.cardmarket.graded.cgc.cgc9,prices.cardmarket.graded.psa.psa10,prices.cardmarket.graded.psa.psa8,prices.cardmarket.graded.psa.psa9,prices.cardmarket.lowest_near_mint,prices.cardmarket.lowest_near_mint_DE,prices.cardmarket.lowest_near_mint_DE_EU_only,prices.cardmarket.lowest_near_mint_ES,prices.cardmarket.lowest_near_mint_ES_EU_only,prices.cardmarket.lowest_near_mint_EU_only,prices.cardmarket.lowest_near_mint_FR,prices.cardmarket.lowest_near_mint_FR_EU_only,prices.cardmarket.lowest_near_mint_IT,prices.cardmarket.lowest_near_mint_IT_EU_only,prices.ebay.currency,prices.ebay.graded.ace.10.median_price,prices.ebay.graded.ace.10.sample_size,prices.ebay.graded.ace.7.median_price,prices.ebay.graded.ace.7.sample_size,prices.ebay.graded.ace.8.median_price,prices.ebay.graded.ace.8.sample_size,prices.ebay.graded.ace.9.median_price,prices.ebay.graded.ace.9.sample_size,prices.ebay.graded.bgs.8.median_price,prices.ebay.graded.bgs.8.sample_size,prices.ebay.graded.bgs.9.median_price,prices.ebay.graded.bgs.9.sample_size,prices.ebay.graded.cgc.10.median_price,prices.ebay.graded.cgc.10.sample_size,prices.ebay.graded.cgc.7.median_price,prices.ebay.graded.cgc.7.sample_size,prices.ebay.graded.cgc.8.median_price,prices.ebay.graded.cgc.8.sample_size,prices.ebay.graded.cgc.9.median_price,prices.ebay.graded.cgc.9.sample_size,prices.ebay.graded.mnt.9.median_price,prices.ebay.graded.mnt.9.sample_size,prices.ebay.graded.psa.10.median_price,prices.ebay.graded.psa.10.sample_size,prices.ebay.graded.psa.7.median_price,prices.ebay.graded.psa.7.sample_size,prices.ebay.graded.psa.8.median_price,prices.ebay.graded.psa.8.sample_size,prices.ebay.graded.psa.9.median_price,prices.ebay.graded.psa.9.sample_size,prices.ebay.graded.sgc.10.median_price,prices.ebay.graded.sgc.10.sample_size,prices.ebay.graded.sgc.9.median_price,prices.ebay.graded.sgc.9.sample_size,prices.ebay.graded.tag.10.median_price,prices.ebay.graded.tag.10.sample_size,prices.ebay.graded.tag.8.median_price,prices.ebay.graded.tag.8.sample_size,prices.ebay.graded.tag.9.median_price,prices.ebay.graded.tag.9.sample_size,prices.tcg_player.currency,prices.tcg_player.market_price,prices.tcg_player.mid_price,rarity,slug,supertype,tcggo_url,tcgid,tcgplayer_id,type
2026-08-23T17:19:56+02:00,,360,Saya Tsuruta,saya-tsuruta,OBF 6,6,725086,197,230,OBF,Pokémon,pokemon,17,https://images.tcggo.com/tcggo/storage/38783/obf.png,Obsidian Flames,EUR,312.31,EUR,425.9,2023-08-11,1,Scarlet & Violet,scarlet-violet,obsidian-flames,60,2691,https://images.tcggo.com/tcggo/storage/2705/surskit-obf-6-obsidian-flames-pokemon.png,https://www.tcggo.com/external/cm/2691,https://www.tcggo.com/external/tcgplayer/2691,Surskit,Surskit 6,0.03,0.03,12544,EUR,[],,,,,,,,0.02,0.02,0.02,0.02,0.02,0.02,0.02,0.02,0.02,0.02,,,,,,,,,,,,,,,,,,,,,,,,,,,,,,,,,,,,,,,,,,EUR,0.16,0.09,Common,surskit,Pokémon,https://www.tcggo.com/pokemon/obsidian-flames/surskit-6,sv3-6,509658,singles
2026-08-23T17:19:56+02:00,,487,Haru Akasaka,haru-akasaka,OBF 2,2,725082,197,230,OBF,Pokémon,pokemon,17,https://images.tcggo.com/tcggo/storage/38783/obf.png,Obsidian Flames,EUR,312.31,EUR,425.9,2023-08-11,1,Scarlet & Violet,scarlet-violet,obsidian-flames,80,2692,https://images.tcggo.com/tcggo/storage/2706/gloom-obf-2-obsidian-flames-pokemon.png,https://www.tcggo.com/external/cm/2692,https://www.tcggo.com/external/tcgplayer/2692,Gloom,Gloom 2,0.05,0.04,4272,EUR,[],,,,,,,,0.02,0.02,0.02,0.02,0.02,0.02,0.02,0.02,0.02,0.02,,,,,,,,,,,,,,,,,,,,,,,,,,,,,,,,,,,,,,,,,,EUR,0.25,0.12,Common,gloom,Pokémon,https://www.tcggo.com/pokemon/obsidian-flames/gloom-2,sv3-2,509653,singles
2026-08-23T17:19:56+02:00,,478,Midori Harada,midori-harada,OBF 1,1,725081,197,230,OBF,Pokémon,pokemon,17,https://images.tcggo.com/tcggo/storage/38783/obf.png,Obsidian Flames,EUR,312.31,EUR,425.9,2023-08-11,1,Scarlet & Violet,scarlet-violet,obsidian-flames,50,2693,https://images.tcggo.com/tcggo/storage/2707/oddish-obf-1-obsidian-flames-pokemon.png,https://www.tcggo.com/external/cm/2693,https://www.tcggo.com/external/tcgplayer/2693,Oddish,Oddish 1,0.04,0.04,12192,EUR,[],,,,,,,,0.02,0.02,0.02,0.02,0.02,0.02,0.02,0.02,0.02,0.02,,,,,,,,,,,,,,,,,,,,,,,,,,,,,,,,,,,,,,,,,,EUR,0.19,0.12,Common,oddish,Pokémon,https://www.tcggo.com/pokemon/obsidian-flames/oddish-1,sv3-1,509637,singles
2026-08-23T17:19:56+02:00,,406,Narumi Sato,narumi-sato,OBF 11,11,725091,197,230,OBF,Pokémon,pokemon,17,https://images.tcggo.com/tcggo/storage/38783/obf.png,Obsidian Flames,EUR,312.31,EUR,425.9,2023-08-11,1,Scarlet & Violet,scarlet-violet,obsidian-flames,60,2694,https://images.tcggo.com/tcggo/storage/2708/phantump-obf-11-obsidian-flames-pokemon.png,https://www.tcggo.com/external/cm/2694,https://www.tcggo.com/external/tcgplayer/2694,Phantump,Phantump 11,0.03,0.02,12578,EUR,[],,,,,,,,0.02,0.02,0.02,0.02,0.02,0.02,0.02,0.02,0.02,0.02,,,,,,,,,,,,,,,,,,,,,,,,,,,,,,,,,,,,,,,,,,EUR,0.16,0.1,Common,phantump,Pokémon,https://www.tcggo.com/pokemon/obsidian-flames/phantump-11,sv3-11,509671,singles
2026-08-23T17:19:56+02:00,,405,nagimiso,nagimiso,OBF 17,17,725097,197,230,OBF,Pokémon,pokemon,17,https://images.tcggo.com/tcggo/storage/38783/obf.png,Obsidian Flames,EUR,312.31,EUR,425.9,2023-08-11,1,Scarlet & Violet,scarlet-violet,obsidian-flames,90,2695,https://images.tcggo.com/tcggo/storage/2709/steenee-obf-17-obsidian-flames-pokemon.png,https://www.tcggo.com/external/cm/2695,https://www.tcggo.com/external/tcgplayer/2695,Steenee,Steenee 17,0.04,0.03,6673,EUR,[],,,,,,,,0.02,0.02,0.02,0.02,0.02,0.02,0.02,0.02,0.02,0.02,,,,,,,,,,,,,,,,,,,,,,,,,,,,,,,,,,,,,,,,,,EUR,0.18,0.12,Common,steenee,Pokémon,https://www.tcggo.com/pokemon/obsidian-flames/steenee-17,sv3-17,509748,singles
2026-08-23T17:19:56+02:00,,486,Ryota Murayama,ryota-murayama,OBF 27,27,725107,197,230,OBF,Pokémon,pokemon,17,https://images.tcggo.com/tcggo/storage/38783/obf.png,Obsidian Flames,EUR,312.31,EUR,425.9,2023-08-11,1,Scarlet & Violet,scarlet-violet,obsidian-flames,90,2696,https://images.tcggo.com/tcggo/storage/2710/charmeleon-obf-27-obsidian-flames-pokemon.png,https://www.tcggo.com/external/cm/2696,https://www.tcggo.com/external/tcgplayer/2696,Charmeleon,Charmeleon 27,0.05,0.06,6349,EUR,[],,,,,,,,0.02,0.02,0.02,0.02,0.02,0.02,0.02,0.02,0.02,0.02,,,,,,,,,,,,,,,,,,,,,,,,,,,,,,,,,,,,,,,,,,EUR,0.32,0.15,Uncommon,charmeleon,Pokémon,https://www.tcggo.com/pokemon/obsidian-flames/charmeleon-27,sv3-27,509708,singles
2026-08-23T17:19:56+02:00,,443,Shiburingaru,shiburingaru,OBF 32,32,725112,197,230,OBF,Pokémon,pokemon,17,https://images.tcggo.com/tcggo/storage/38783/obf.png,Obsidian Flames,EUR,312.31,EUR,425.9,2023-08-11,1,Scarlet & Violet,scarlet-violet,obsidian-flames,140,2697,https://images.tcggo.com/tcggo/storage/2711/camerupt-obf-32-obsidian-flames-pokemon.png,https://www.tcggo.com/external/cm/2697,https://www.tcggo.com/external/tcgplayer/2697,Camerupt,Camerupt 32,0.03,0.03,8459,EUR,[],,,,,,,,0.02,0.02,0.02,0.02,0.02,0.02,0.02,0.02,0.02,0.02,,,,,,,,,,,,,,,,,,,,,,,,,,,,,,,,,,,,,,,,,,EUR,0.21,0.12,Uncommon,camerupt,Pokémon,https://www.tcggo.com/pokemon/obsidian-flames/camerupt-32,sv3-32,509728,singles
2026-08-23T17:19:56+02:00,,526,Saki Hayashiro,saki-hayashiro,OBF 33,33,608728,197,230,OBF,Pokémon,pokemon,17,https://images.tcggo.com/tcggo/storage/38783/obf.png,Obsidian Flames,EUR,312.31,EUR,425.9,2023-08-11,1,Scarlet & Violet,scarlet-violet,obsidian-flames,190,2698,https://images.tcggo.com/tcggo/storage/2712/victini-ex-obf-33-obsidian-flames-pokemon.png,https://www.tcggo.com/external/cm/2698,https://www.tcggo.com/external/tcgplayer/2698,Victini ex,Victini ex 33,1.05,1.1,633,EUR,[],,,,,,,,0.5,0.45,0.45,1.25,1.25,0.5,0.79,0.79,0.38,0.38,,,,,,,,,,,,,,,,,,,,,,,,,,,,,,,,,,,,,,,,,,EUR,0.8,0.9,Double Rare,victini-ex,Pokémon,https://www.tcggo.com/pokemon/obsidian-flames/victini-ex-33,sv3-33,509731,singles
2026-08-23T17:19:56+02:00,,491,Yuya Oka,yuya-oka,OBF 35,35,725115,197,230,OBF,Pokémon,pokemon,17,https://images.tcggo.com/tcggo/storage/38783/obf.png,Obsidian Flames,EUR,312.31,EUR,425.9,2023-08-11,1,Scarlet & Violet,scarlet-violet,obsidian-flames,140,2699,https://images.tcggo.com/tcggo/storage/2713/darmanitan-obf-35-obsidian-flames-pokemon.png,https://www.tcggo.com/external/cm/2699,https://www.tcggo.com/external/tcgplayer/2699,Darmanitan,Darmanitan 35,0.03,0.03,7349,EUR,[],,,,,,,,0.03,0.02,0.02,0.02,0.02,0.02,0.02,0.02,0.02,0.02,,,,,,,,,,,,,,,,,,,,,,,,,,,,,,,,,,,,,,,,,,EUR,0.21,0.09,Uncommon,darmanitan,Pokémon,https://www.tcggo.com/pokemon/obsidian-flames/darmanitan-35-1,sv3-35,509735,singles
2026-08-23T17:19:56+02:00,,521,Shin Nagasawa,shin-nagasawa,OBF 4,4,725084,197,230,OBF,Pokémon,pokemon,17,https://images.tcggo.com/tcggo/storage/38783/obf.png,Obsidian Flames,EUR,312.31,EUR,425.9,2023-08-11,1,Scarlet & Violet,scarlet-violet,obsidian-flames,80,2700,https://images.tcggo.com/tcggo/storage/2714/scyther-obf-4-obsidian-flames-pokemon.png,https://www.tcggo.com/external/cm/2700,https://www.tcggo.com/external/tcgplayer/2700,Scyther,Scyther 4,0.06,0.06,6184,EUR,[],,,,,,,,0.02,0.02,0.02,0.02,0.02,0.02,0.02,0.02,0.02,0.02,,,,,,,,,,,,,,,,,,,,,,,,,,,,,,,,,,,,,,,,,,EUR,0.23,0.13,Common,scyther,Pokémon,https://www.tcggo.com/pokemon/obsidian-flames/scyther-4,sv3-4,509655,singles
2026-08-23T17:19:56+02:00,,522,You Iribi,you-iribi,OBF 9,9,725089,197,230,OBF,Pokémon,pokemon,17,https://images.tcggo.com/tcggo/storage/38783/obf.png,Obsidian Flames,EUR,312.31,EUR,425.9,2023-08-11,1,Scarlet & Violet,scarlet-violet,obsidian-flames,50,2701,https://images.tcggo.com/tcggo/storage/2715/foongus-obf-9-obsidian-flames-pokemon.png,https://www.tcggo.com/external/cm/2701,https://www.tcggo.com/external/tcgplayer/2701,Foongus,Foongus 9,0.03,0.03,12466,EUR,[],,,,,,,,0.02,0.02,0.02,0.02,0.02,0.02,0.02,0.02,0.02,0.02,,,,,,,,,,,,,,,,,,,,,,,,,,,,,,,,,,,,,,,,,,EUR,0.2,0.09,Common,foongus,Pokémon,https://www.tcggo.com/pokemon/obsidian-flames/foongus-9,sv3-9,509665,singles
2026-08-23T17:19:56+02:00,,516,Pani Kobayashi,pani-kobayashi,OBF 24,24,725104,197,230,OBF,Pokémon,pokemon,17,https://images.tcggo.com/tcggo/storage/38783/obf.png,Obsidian Flames,EUR,312.31,EUR,425.9,2023-08-11,1,Scarlet & Violet,scarlet-violet,obsidian-flames,70,2702,https://images.tcggo.com/tcggo/storage/2716/capsakid-obf-24-obsidian-flames-pokemon.png,https://www.tcggo.com/external/cm/2702,https://www.tcggo.com/external/tcgplayer/2702,Capsakid,Capsakid 24,0.04,0.04,4399,EUR,[],,,,,,,,0.02,0.02,0.02,0.02,0.02,0.02,0.02,0.02,0.02,0.02,,,,,,,,,,,,,,,,,,,,,,,,,,,,,,,,,,,,,,,,,,EUR,0.23,0.1,Common,capsakid,Pokémon,https://www.tcggo.com/pokemon/obsidian-flames/capsakid-24,sv3-24,510900,singles
2026-08-23T17:19:56+02:00,,414,kodama,kodama,OBF 25,25,725105,197,230,OBF,Pokémon,pokemon,17,https://images.tcggo.com/tcggo/storage/38783/obf.png,Obsidian Flames,EUR,312.31,EUR,425.9,2023-08-11,1,Scarlet & Violet,scarlet-violet,obsidian-flames,110,2703,https://images.tcggo.com/tcggo/storage/2717/scovillain-obf-25-obsidian-flames-pokemon.png,https://www.tcggo.com/external/cm/2703,https://www.tcggo.com/external/tcgplayer/2703,Scovillain,Scovillain 25,0.05,0.04,17286,EUR,[],,,,,,,,0.02,0.02,0.02,0.02,0.02,0.02,0.02,0.02,0.02,0.02,,,,,,,,,,,,,,,,,,,,,,,,,,,,,,,,,,,,,,,,,,EUR,0.22,0.13,rare,scovillain,Pokémon,https://www.tcggo.com/pokemon/obsidian-flames/scovillain-25,sv3-25,509776,singles
2026-08-23T17:19:56+02:00,,482,Mizue,mizue,OBF 31,31,725111,197,230,OBF,Pokémon,pokemon,17,https://images.tcggo.com/tcggo/storage/38783/obf.png,Obsidian Flames,EUR,312.31,EUR,425.9,2023-08-11,1,Scarlet & Violet,scarlet-violet,obsidian-flames,90,2704,https://images.tcggo.com/tcggo/storage/2718/numel-obf-31-obsidian-flames-pokemon.png,https://www.tcggo.com/external/cm/2704,https://www.tcggo.com/external/tcgplayer/2704,Numel,Numel 31,0.03,0.03,13903,EUR,[],,,,,,,,0.02,0.02,0.02,0.02,0.02,0.02,0.02,0.02,0.02,0.02,,,,,,,,,,,,,,,,,,,,,,,,,,,,,,,,,,,,,,,,,,EUR,0.13,0.11,Common,numel,Pokémon,https://www.tcggo.com/pokemon/obsidian-flames/numel-31,sv3-31,509726,singles
2026-08-23T17:19:56+02:00,,438,Miki Tanaka,miki-tanaka,OBF 34,34,725114,197,230,OBF,Pokémon,pokemon,17,https://images.tcggo.com/tcggo/storage/38783/obf.png,Obsidian Flames,EUR,312.31,EUR,425.9,2023-08-11,1,Scarlet & Violet,scarlet-violet,obsidian-flames,80,2705,https://images.tcggo.com/tcggo/storage/2719/darumaka-obf-34-obsidian-flames-pokemon.png,https://www.tcggo.com/external/cm/2705,https://www.tcggo.com/external/tcgplayer/2705,Darumaka,Darumaka 34,0.03,0.03,12660,EUR,[],,,,,,,,0.02,0.02,0.02,0.02,0.02,0.02,0.02,0.02,0.02,0.02,,,,,,,,,,,,,,,,,,,,,,,,,,,,,,,,,,,,,,,,,,EUR,0.11,0.09,Common,darumaka,Pokémon,https://www.tcggo.com/pokemon/obsidian-flames/darumaka-34-1,sv3-34,509733,singles
2026-08-23T17:19:56+02:00,,359,HYOGONOSUKE,hyogonosuke,OBF 8,8,725088,197,230,OBF,Pokémon,pokemon,17,https://images.tcggo.com/tcggo/storage/38783/obf.png,Obsidian Flames,EUR,312.31,EUR,425.9,2023-08-11,1,Scarlet & Violet,scarlet-violet,obsidian-flames,50,2706,https://images.tcggo.com/tcggo/storage/2720/combee-obf-8-obsidian-flames-pokemon.png,https://www.tcggo.com/external/cm/2706,https://www.tcggo.com/external/tcgplayer/2706,Combee,Combee 8,0.04,0.03,11426,EUR,[],,,,,,,,0.02,0.02,0.02,0.02,0.02,0.02,0.02,0.02,0.02,0.02,,,,,,,,,,,,,,,,,,,,,,,,,,,,,,,,,,,,,,,,,,EUR,0.18,0.11,Common,combee,Pokémon,https://www.tcggo.com/pokemon/obsidian-flames/combee-8,sv3-8,509662,singles
2026-08-23T17:19:56+02:00,,503,sui,sui,OBF 3,3,725083,197,230,OBF,Pokémon,pokemon,17,https://images.tcggo.com/tcggo/storage/38783/obf.png,Obsidian Flames,EUR,312.31,EUR,425.9,2023-08-11,1,Scarlet & Violet,scarlet-violet,obsidian-flames,130,2707,https://images.tcggo.com/tcggo/storage/2721/bellossom-obf-3-obsidian-flames-pokemon.png,https://www.tcggo.com/external/cm/2707,https://www.tcggo.com/external/tcgplayer/2707,Bellossom,Bellossom 3,0.09,0.11,2286,EUR,[],,,,,,,,0.03,0.02,0.02,0.02,0.02,0.02,0.02,0.02,0.02,0.02,,,,,,,,,,,,,,,,,,,,,,,,,,,,,,,,,,,,,,,,,,EUR,0.3,0.14,Uncommon,bellossom,Pokémon,https://www.tcggo.com/pokemon/obsidian-flames/bellossom-3,sv3-3,509654,singles
2026-08-23T17:19:56+02:00,,397,Kurata So,kurata-so,OBF 5,5,725085,197,230,OBF,Pokémon,pokemon,17,https://images.tcggo.com/tcggo/storage/38783/obf.png,Obsidian Flames,EUR,312.31,EUR,425.9,2023-08-11,1,Scarlet & Violet,scarlet-violet,obsidian-flames,80,2708,https://images.tcggo.com/tcggo/storage/2722/shuckle-obf-5-obsidian-flames-pokemon.png,https://www.tcggo.com/external/cm/2708,https://www.tcggo.com/external/tcgplayer/2708,Shuckle,Shuckle 5,0.04,0.05,4208,EUR,[],,,,,,,,0.02,0.02,0.02,0.02,0.02,0.02,0.02,0.02,0.02,0.02,,,,,,,,,,,,,,,,,,,,,,,,,,,,,,,,,,,,,,,,,,EUR,0.24,0.14,Common,shuckle,Pokémon,https://www.tcggo.com/pokemon/obsidian-flames/shuckle-5,sv3-5,509657,singles
2026-08-23T17:19:56+02:00,,487,Haru Akasaka,haru-akasaka,OBF 7,7,725087,197,230,OBF,Pokémon,pokemon,17,https://images.tcggo.com/tcggo/storage/38783/obf.png,Obsidian Flames,EUR,312.31,EUR,425.9,2023-08-11,1,Scarlet & Violet,scarlet-violet,obsidian-flames,100,2709,https://images.tcggo.com/tcggo/storage/2723/masquerain-obf-7-obsidian-flames-pokemon.png,https://www.tcggo.com/external/cm/2709,https://www.tcggo.com/external/tcgplayer/2709,Masquerain,Masquerain 7,0.04,0.03,7190,EUR,[],,,,,,,,0.03,0.02,0.02,0.02,0.02,0.02,0.02,0.02,0.02,0.02,,,,,,,,,,,,,,,,,,,,,,,,,,,,,,,,,,,,,,,,,,EUR,0.21,0.1,Uncommon,masquerain,Pokémon,https://www.tcggo.com/pokemon/obsidian-flames/masquerain-7,sv3-7,509660,singles
2026-08-23T17:19:56+02:00,,508,Nobuhiro Imagawa,nobuhiro-imagawa,OBF 10,10,725090,197,230,OBF,Pokémon,pokemon,17,https://images.tcggo.com/tcggo/storage/38783/obf.png,Obsidian Flames,EUR,312.31,EUR,425.9,2023-08-11,1,Scarlet & Violet,scarlet-violet,obsidian-flames,110,2710,https://images.tcggo.com/tcggo/storage/2724/amoonguss-obf-10-obsidian-flames-pokemon.png,https://www.tcggo.com/external/cm/2710,https://www.tcggo.com/external/tcgplayer/2710,Amoonguss,Amoonguss 10,0.06,0.06,2931,EUR,[],,,,,,,,0.03,0.02,0.02,0.02,0.02,0.02,0.02,0.02,0.02,0.02,,,,,,,,,,,,,,,,,,,,,,,,,,,,,,,,,,,,,,,,,,EUR,0.22,0.13,Uncommon,amoonguss,Pokémon,https://www.tcggo.com/pokemon/obsidian-flames/amoonguss-10,sv3-10,509700,singles
2026-08-23T17:19:56+02:00,,363,Anesaki Dynamic,anesaki-dynamic,OBF 12,12,725092,197,230,OBF,Pokémon,pokemon,17,https://images.tcggo.com/tcggo/storage/38783/obf.png,Obsidian Flames,EUR,312.31,EUR,425.9,2023-08-11,1,Scarlet & Violet,scarlet-violet,obsidian-flames,140,2711,https://images.tcggo.com/tcggo/storage/2725/trevenant-obf-12-obsidian-flames-pokemon.png,https://www.tcggo.com/external/cm/2711,https://www.tcggo.com/external/tcgplayer/2711,Trevenant,Trevenant 12,0.04,0.04,7210,EUR,[],,,,,,,,0.02,0.02,0.02,0.02,0.02,0.02,0.02,0.02,0.02,0.02,,,,,,,,,,,,,,,,,,,,,,,,,,,,,,,,,,,,,,,,,,EUR,0.19,0.1,Uncommon,trevenant,Pokémon,https://www.tcggo.com/pokemon/obsidian-flames/trevenant-12,sv3-12,509672,singles
2026-08-23T17:19:56+02:00,,384,PLANETA Mochizuki,planeta-mochizuki,OBF 15,15,725095,197,230,OBF,Pokémon,pokemon,17,https://images.tcggo.com/tcggo/storage/38783/obf.png,Obsidian Flames,EUR,312.31,EUR,425.9,2023-08-11,1,Scarlet & Violet,scarlet-violet,obsidian-flames,320,2712,https://images.tcggo.com/tcggo/storage/2726/decidueye-ex-obf-15-obsidian-flames-pokemon.png,https://www.tcggo.com/external/cm/2712,https://www.tcggo.com/external/tcgplayer/2712,Decidueye ex,Decidueye ex 15,0.79,0.7,1291,EUR,[],,,,,,,,0.15,0.2,0.2,1.68,1.68,0.15,0.25,0.25,0.2,0.2,,,,,,,,,,,,,,,,,,,,,,,,,,,,,,,,,,,,,,,,,,EUR,0.78,0.85,Double Rare,decidueye-ex,Pokémon,https://www.tcggo.com/pokemon/obsidian-flames/decidueye-ex-15,sv3-15,509719,singles
2026-08-23T17:19:56+02:00,,397,Kurata So,kurata-so,OBF 16,16,725096,197,230,OBF,Pokémon,pokemon,17,https://images.tcggo.com/tcggo/storage/38783/obf.png,Obsidian Flames,EUR,312.31,EUR,425.9,2023-08-11,1,Scarlet & Violet,scarlet-violet,obsidian-flames,60,2713,https://images.tcggo.com/tcggo/storage/2727/bounsweet-obf-16-obsidian-flames-pokemon.png,https://www.tcggo.com/external/cm/2713,https://www.tcggo.com/external/tcgplayer/2713,Bounsweet,Bounsweet 16,0.03,0.03,12003,EUR,[],,,,,,,,0.02,0.02,0.02,0.02,0.02,0.02,0.02,0.02,0.02,0.02,,,,,,,,,,,,,,,,,,,,,,,,,,,,,,,,,,,,,,,,,,EUR,0.2,0.1,Common,bounsweet,Pokémon,https://www.tcggo.com/pokemon/obsidian-flames/bounsweet-16,sv3-16,509734,singles
2026-08-23T17:19:56+02:00,,460,Atsushi Furusawa,atsushi-furusawa,OBF 18,18,725098,197,230,OBF,Pokémon,pokemon,17,https://images.tcggo.com/tcggo/storage/38783/obf.png,Obsidian Flames,EUR,312.31,EUR,425.9,2023-08-11,1,Scarlet & Violet,scarlet-violet,obsidian-flames,160,2714,https://images.tcggo.com/tcggo/storage/2728/tsareena-obf-18-obsidian-flames-pokemon.png,https://www.tcggo.com/external/cm/2714,https://www.tcggo.com/external/tcgplayer/2714,Tsareena,Tsareena 18,0.07,0.05,2794,EUR,[],,,,,,,,0.02,0.02,0.02,0.02,0.02,0.02,0.02,0.02,0.02,0.02,,,,,,,,,,,,,,,,,,,,,,,,,,,,,,,,,,,,,,,,,,EUR,0.21,0.13,Uncommon,tsareena,Pokémon,https://www.tcggo.com/pokemon/obsidian-flames/tsareena-18,sv3-18,509751,singles
2026-08-23T17:19:56+02:00,,420,Masako Tomii,masako-tomii,OBF 19,19,725099,197,230,OBF,Pokémon,pokemon,17,https://images.tcggo.com/tcggo/storage/38783/obf.png,Obsidian Flames,EUR,312.31,EUR,425.9,2023-08-11,1,Scarlet & Violet,scarlet-violet,obsidian-flames,50,2715,https://images.tcggo.com/tcggo/storage/2729/smoliv-obf-19-obsidian-flames-pokemon.png,https://www.tcggo.com/external/cm/2715,https://www.tcggo.com/external/tcgplayer/2715,Smoliv,Smoliv 19,0.03,0.02,11964,EUR,[],,,,,,,,0.02,0.02,0.02,0.02,0.02,0.02,0.02,0.02,0.02,0.02,,,,,,,,,,,,,,,,,,,,,,,,,,,,,,,,,,,,,,,,,,EUR,0.16,0.1,Common,smoliv,Pokémon,https://www.tcggo.com/pokemon/obsidian-flames/smoliv-19,sv3-19,509754,singles
2026-08-23T17:19:56+02:00,,482,Mizue,mizue,OBF 20,20,725100,197,230,OBF,Pokémon,pokemon,17,https://images.tcggo.com/tcggo/storage/38783/obf.png,Obsidian Flames,EUR,312.31,EUR,425.9,2023-08-11,1,Scarlet & Violet,scarlet-violet,obsidian-flames,80,2716,https://images.tcggo.com/tcggo/storage/2730/dolliv-obf-20-obsidian-flames-pokemon.png,https://www.tcggo.com/external/cm/2716,https://www.tcggo.com/external/tcgplayer/2716,Dolliv,Dolliv 20,0.05,0.04,4064,EUR,[],,,,,,,,0.02,0.02,0.02,0.02,0.02,0.02,0.02,0.02,0.02,0.02,,,,,,,,,,,,,,,,,,,,,,,,,,,,,,,,,,,,,,,,,,EUR,0.21,0.13,Common,dolliv,Pokémon,https://www.tcggo.com/pokemon/obsidian-flames/dolliv-20,sv3-20,509757,singles
2026-08-23T17:19:56+02:00,,380,5ban Graphics,5ban-graphics,OBF 22,22,725102,197,230,OBF,Pokémon,pokemon,17,https://images.tcggo.com/tcggo/storage/38783/obf.png,Obsidian Flames,EUR,312.31,EUR,425.9,2023-08-11,1,Scarlet & Violet,scarlet-violet,obsidian-flames,270,2717,https://images.tcggo.com/tcggo/storage/2731/toedscruel-ex-obf-22-obsidian-flames-pokemon.png,https://www.tcggo.com/external/cm/2717,https://www.tcggo.com/external/tcgplayer/2717,Toedscruel ex,Toedscruel ex 22,0.78,0.72,878,EUR,[],,,,,,,,0.3,0.4,0.4,0.99,0.99,0.3,0.55,0.55,0.2,0.2,,,,,,,,,,,,,,,,,,,,,,,,,,,,,,,,,,,,,,,,,,EUR,0.71,0.85,Double Rare,toedscruel-ex,Pokémon,https://www.tcggo.com/pokemon/obsidian-flames/toedscruel-ex-22,sv3-22,509767,singles
2026-08-23T17:19:56+02:00,,507,0313,0313,OBF 28,28,725108,197,230,OBF,Pokémon,pokemon,17,https://images.tcggo.com/tcggo/storage/38783/obf.png,Obsidian Flames,EUR,312.31,EUR,425.9,2023-08-11,1,Scarlet & Violet,scarlet-violet,obsidian-flames,60,2718,https://images.tcggo.com/tcggo/storage/2732/vulpix-obf-28-obsidian-flames-pokemon.png,https://www.tcggo.com/external/cm/2718,https://www.tcggo.com/external/tcgplayer/2718,Vulpix,Vulpix 28,0.05,0.04,11071,EUR,[],,,,,,,,0.03,0.02,0.02,0.02,0.02,0.02,0.02,0.02,0.02,0.02,,,,,,,,,,,,,,,,,,,,,,,,,,,,,,,,,,,,,,,,,,EUR,0.22,0.1,Common,vulpix,Pokémon,https://www.tcggo.com/pokemon/obsidian-flames/vulpix-28,sv3-28,509717,singles
2026-08-23T17:19:56+02:00,,441,Tomokazu Komiya,tomokazu-komiya,OBF 13,13,725093,197,230,OBF,Pokémon,pokemon,17,https://images.tcggo.com/tcggo/storage/38783/obf.png,Obsidian Flames,EUR,312.31,EUR,425.9,2023-08-11,1,Scarlet & Violet,scarlet-violet,obsidian-flames,70,2719,https://images.tcggo.com/tcggo/storage/2733/rowlet-obf-13-obsidian-flames-pokemon.png,https://www.tcggo.com/external/cm/2719,https://www.tcggo.com/external/tcgplayer/2719,Rowlet,Rowlet 13,0.05,0.05,11023,EUR,[],,,,,,,,0.02,0.02,0.02,0.02,0.02,0.02,0.02,0.02,0.02,0.02,,,,,,,,,,,,,,,,,,,,,,,,,,,,,,,,,,,,,,,,,,EUR,0.27,0.15,Common,rowlet,Pokémon,https://www.tcggo.com/pokemon/obsidian-flames/rowlet-13,sv3-13,509692,singles
2026-08-23T17:19:56+02:00,,503,sui,sui,OBF 14,14,725094,197,230,OBF,Pokémon,pokemon,17,https://images.tcggo.com/tcggo/storage/38783/obf.png,Obsidian Flames,EUR,312.31,EUR,425.9,2023-08-11,1,Scarlet & Violet,scarlet-violet,obsidian-flames,90,2720,https://images.tcggo.com/tcggo/storage/2734/dartrix-obf-14-obsidian-flames-pokemon.png,https://www.tcggo.com/external/cm/2720,https://www.tcggo.com/external/tcgplayer/2720,Dartrix,Dartrix 14,0.04,0.04,7347,EUR,[],,,,,,,,0.03,0.02,0.02,0.02,0.02,0.02,0.02,0.02,0.02,0.02,,,,,,,,,,,,,,,,,,,,,,,,,,,,,,,,,,,,,,,,,,EUR,0.22,0.11,Uncommon,dartrix,Pokémon,https://www.tcggo.com/pokemon/obsidian-flames/dartrix-14,sv3-14,509705,singles
2026-08-23T17:19:56+02:00,,382,KEIICHIRO ITO,keiichiro-ito,OBF 21,21,725101,197,230,OBF,Pokémon,pokemon,17,https://images.tcggo.com/tcggo/storage/38783/obf.png,Obsidian Flames,EUR,312.31,EUR,425.9,2023-08-11,1,Scarlet & Violet,scarlet-violet,obsidian-flames,140,2721,https://images.tcggo.com/tcggo/storage/2735/arboliva-obf-21-obsidian-flames-pokemon.png,https://www.tcggo.com/external/cm/2721,https://www.tcggo.com/external/tcgplayer/2721,Arboliva,Arboliva 21,0.06,0.07,2782,EUR,[],,,,,,,,0.02,0.02,0.02,0.02,0.02,0.02,0.02,0.02,0.02,0.02,,,,,,,,,,,,,,,,,,,,,,,,,,,,,,,,,,,,,,,,,,EUR,0.2,0.15,Uncommon,arboliva,Pokémon,https://www.tcggo.com/pokemon/obsidian-flames/arboliva-21,sv3-21,509762,singles
2026-08-23T17:19:56+02:00,,521,Shin Nagasawa,shin-nagasawa,OBF 23,23,725103,197,230,OBF,Pokémon,pokemon,17,https://images.tcggo.com/tcggo/storage/38783/obf.png,Obsidian Flames,EUR,312.31,EUR,425.9,2023-08-11,1,Scarlet & Violet,scarlet-violet,obsidian-flames,50,2722,https://images.tcggo.com/tcggo/storage/2736/capsakid-obf-23-obsidian-flames-pokemon.png,https://www.tcggo.com/external/cm/2722,https://www.tcggo.com/external/tcgplayer/2722,Capsakid,Capsakid 23,0.03,0.03,4695,EUR,[],,,,,,,,0.02,0.02,0.02,0.02,0.02,0.02,0.02,0.02,0.02,0.02,,,,,,,,,,,,,,,,,,,,,,,,,,,,,,,,,,,,,,,,,,EUR,0.21,0.13,Common,capsakid,Pokémon,https://www.tcggo.com/pokemon/obsidian-flames/capsakid-23,sv3-23,509771,singles
2026-08-23T17:19:56+02:00,,429,DOM,dom,OBF 26,26,725106,197,230,OBF,Pokémon,pokemon,17,https://images.tcggo.com/tcggo/storage/38783/obf.png,Obsidian Flames,EUR,312.31,EUR,425.9,2023-08-11,1,Scarlet & Violet,scarlet-violet,obsidian-flames,60,2723,https://images.tcggo.com/tcggo/storage/2737/charmander-obf-26-obsidian-flames-pokemon.png,https://www.tcggo.com/external/cm/2723,https://www.tcggo.com/external/tcgplayer/2723,Charmander,Charmander 26,0.06,0.05,8572,EUR,[],,,,,,,,0.02,0.02,0.02,0.02,0.02,0.02,0.02,0.02,0.02,0.02,,,,,,,,,,,,,,,,,,,,,,,,,,,,,,,,,,,,,,,,,,EUR,0.3,0.17,Common,charmander,Pokémon,https://www.tcggo.com/pokemon/obsidian-flames/charmander-26,sv3-26,509703,singles
2026-08-23T17:19:56+02:00,,504,Yoshioka,yoshioka,OBF 29,29,725109,197,230,OBF,Pokémon,pokemon,17,https://images.tcggo.com/tcggo/storage/38783/obf.png,Obsidian Flames,EUR,312.31,EUR,425.9,2023-08-11,1,Scarlet & Violet,scarlet-violet,obsidian-flames,120,2724,https://images.tcggo.com/tcggo/storage/2738/ninetales-obf-29-obsidian-flames-pokemon.png,https://www.tcggo.com/external/cm/2724,https://www.tcggo.com/external/tcgplayer/2724,Ninetales,Ninetales 29,0.06,0.04,6135,EUR,[],,,,,,,,0.02,0.02,0.02,0.02,0.02,0.02,0.02,0.02,0.02,0.02,,,,,,,,,,,,,,,,,,,,,,,,,,,,,,,,,,,,,,,,,,EUR,0.36,0.13,Uncommon,ninetales,Pokémon,https://www.tcggo.com/pokemon/obsidian-flames/ninetales-29,sv3-29,509724,singles
2026-08-23T17:19:56+02:00,,369,toriyufu,toriyufu,OBF 30,30,725110,197,230,OBF,Pokémon,pokemon,17,https://images.tcggo.com/tcggo/storage/38783/obf.png,Obsidian Flames,EUR,312.31,EUR,425.9,2023-08-11,1,Scarlet & Violet,scarlet-violet,obsidian-flames,130,2725,https://images.tcggo.com/tcggo/storage/2739/entei-obf-30-obsidian-flames-pokemon.png,https://www.tcggo.com/external/cm/2725,https://www.tcggo.com/external/tcgplayer/2725,Entei,Entei 30,0.06,0.06,14536,EUR,[],,,,,,,,0.03,0.02,0.02,0.02,0.02,0.02,0.02,0.02,0.02,0.02,,,,,,,,,,,,,,,,,,,,,,,,,,,,,,,,,,,,,,,,,,EUR,0.3,0.17,rare,entei,Pokémon,https://www.tcggo.com/pokemon/obsidian-flames/entei-30,sv3-30,509725,singles
2026-08-23T17:19:56+02:00,,534,Nagomi Nijo,nagomi-nijo,OBF 36,36,725116,197,230,OBF,Pokémon,pokemon,17,https://images.tcggo.com/tcggo/storage/38783/obf.png,Obsidian Flames,EUR,312.31,EUR,425.9,2023-08-11,1,Scarlet & Violet,scarlet-violet,obsidian-flames,60,2726,https://images.tcggo.com/tcggo/storage/2740/litwick-obf-36-obsidian-flames-pokemon.png,https://www.tcggo.com/external/cm/2726,https://www.tcggo.com/external/tcgplayer/2726,Litwick,Litwick 36,0.03,0.04,11967,EUR,[],,,,,,,,0.03,0.02,0.02,0.02,0.02,0.02,0.02,0.02,0.02,0.02,,,,,,,,,,,,,,,,,,,,,,,,,,,,,,,,,,,,,,,,,,EUR,0.21,0.12,Common,litwick,Pokémon,https://www.tcggo.com/pokemon/obsidian-flames/litwick-36-1,sv3-36,509737,singles
2026-08-23T17:19:56+02:00,,380,5ban Graphics,5ban-graphics,OBF 42,42,725122,197,230,OBF,Pokémon,pokemon,17,https://images.tcggo.com/tcggo/storage/38783/obf.png,Obsidian Flames,EUR,312.31,EUR,425.9,2023-08-11,1,Scarlet & Violet,scarlet-violet,obsidian-flames,210,2727,https://images.tcggo.com/tcggo/storage/2741/eiscue-ex-obf-42-obsidian-flames-pokemon.png,https://www.tcggo.com/external/cm/2727,https://www.tcggo.com/external/tcgplayer/2727,Eiscue ex,Eiscue ex 42,0.85,0.75,911,EUR,[],,,,,,,,0.15,0.4,0.4,1,1,0.15,0.49,0.3,0.2,0.2,,,,,,,,,,,,,,,,,,,,,,,,,,,,,,,,,,,,,,,,,,EUR,0.63,0.85,Double Rare,eiscue-ex,Pokémon,https://www.tcggo.com/pokemon/obsidian-flames/eiscue-ex-42,sv3-42,509753,singles
2026-08-23T17:19:56+02:00,,468,matazo,matazo,OBF 45,45,725125,197,230,OBF,Pokémon,pokemon,17,https://images.tcggo.com/tcggo/storage/38783/obf.png,Obsidian Flames,EUR,312.31,EUR,425.9,2023-08-11,1,Scarlet & Violet,scarlet-violet,obsidian-flames,110,2728,https://images.tcggo.com/tcggo/storage/2742/lapras-obf-45-obsidian-flames-pokemon.png,https://www.tcggo.com/external/cm/2728,https://www.tcggo.com/external/tcgplayer/2728,Lapras,Lapras 45,0.06,0.07,6171,EUR,[],,,,,,,,0.02,0.02,0.02,0.02,0.02,0.02,0.02,0.02,0.02,0.02,,,,,,,,,,,,,,,,,,,,,,,,,,,,,,,,,,,,,,,,,,EUR,0.32,0.14,Uncommon,lapras,Pokémon,https://www.tcggo.com/pokemon/obsidian-flames/lapras-45,sv3-45,509761,singles
2026-08-23T17:19:56+02:00,,386,Jerky,jerky,OBF 48,48,725128,197,230,OBF,Pokémon,pokemon,17,https://images.tcggo.com/tcggo/storage/38783/obf.png,Obsidian Flames,EUR,312.31,EUR,425.9,2023-08-11,1,Scarlet & Violet,scarlet-violet,obsidian-flames,70,2729,https://images.tcggo.com/tcggo/storage/2743/buizel-obf-48-obsidian-flames-pokemon.png,https://www.tcggo.com/external/cm/2729,https://www.tcggo.com/external/tcgplayer/2729,Buizel,Buizel 48,0.03,0.03,12477,EUR,[],,,,,,,,0.02,0.02,0.02,0.02,0.02,0.02,0.02,0.02,0.02,0.02,,,,,,,,,,,,,,,,,,,,,,,,,,,,,,,,,,,,,,,,,,EUR,0.17,0.09,Common,buizel,Pokémon,https://www.tcggo.com/pokemon/obsidian-flames/buizel-48,sv3-48,509772,singles
2026-08-23T17:19:56+02:00,,492,Misa Tsutsui,misa-tsutsui,OBF 54,54,725134,197,230,OBF,Pokémon,pokemon,17,https://images.tcggo.com/tcggo/storage/38783/obf.png,Obsidian Flames,EUR,312.31,EUR,425.9,2023-08-11,1,Scarlet & Violet,scarlet-violet,obsidian-flames,150,2730,https://images.tcggo.com/tcggo/storage/2744/beartic-obf-54-obsidian-flames-pokemon.png,https://www.tcggo.com/external/cm/2730,https://www.tcggo.com/external/tcgplayer/2730,Beartic,Beartic 54,0.04,0.03,7031,EUR,[],,,,,,,,0.02,0.02,0.02,0.02,0.02,0.02,0.02,0.02,0.02,0.02,,,,,,,,,,,,,,,,,,,,,,,,,,,,,,,,,,,,,,,,,,EUR,0.19,0.13,Uncommon,beartic,Pokémon,https://www.tcggo.com/pokemon/obsidian-flames/beartic-54,sv3-54,509800,singles
2026-08-23T17:19:56+02:00,,516,Pani Kobayashi,pani-kobayashi,OBF 58,58,725138,197,230,OBF,Pokémon,pokemon,17,https://images.tcggo.com/tcggo/storage/38783/obf.png,Obsidian Flames,EUR,312.31,EUR,425.9,2023-08-11,1,Scarlet & Violet,scarlet-violet,obsidian-flames,60,2731,https://images.tcggo.com/tcggo/storage/2745/wiglett-obf-58-obsidian-flames-pokemon.png,https://www.tcggo.com/external/cm/2731,https://www.tcggo.com/external/tcgplayer/2731,Wiglett,Wiglett 58,0.03,0.02,12721,EUR,[],,,,,,,,0.02,0.02,0.02,0.02,0.02,0.02,0.02,0.02,0.02,0.02,,,,,,,,,,,,,,,,,,,,,,,,,,,,,,,,,,,,,,,,,,EUR,0.15,0.09,Common,wiglett,Pokémon,https://www.tcggo.com/pokemon/obsidian-flames/wiglett-58,sv3-58,509807,singles
2026-08-23T17:19:56+02:00,,414,kodama,kodama,OBF 60,60,725140,197,230,OBF,Pokémon,pokemon,17,https://images.tcggo.com/tcggo/storage/38783/obf.png,Obsidian Flames,EUR,312.31,EUR,425.9,2023-08-11,1,Scarlet & Violet,scarlet-violet,obsidian-flames,50,2732,https://images.tcggo.com/tcggo/storage/2746/finizen-obf-60-obsidian-flames-pokemon.png,https://www.tcggo.com/external/cm/2732,https://www.tcggo.com/external/tcgplayer/2732,Finizen,Finizen 60,0.04,0.04,5060,EUR,[],,,,,,,,0.02,0.02,0.02,0.02,0.02,0.02,0.02,0.02,0.02,0.02,,,,,,,,,,,,,,,,,,,,,,,,,,,,,,,,,,,,,,,,,,EUR,0.29,0.14,Common,finizen,Pokémon,https://www.tcggo.com/pokemon/obsidian-flames/finizen-60,sv3-60,509812,singles
2026-08-23T17:19:56+02:00,,377,Souichirou Gunjima,souichirou-gunjima,OBF 62,62,725142,197,230,OBF,Pokémon,pokemon,17,https://images.tcggo.com/tcggo/storage/38783/obf.png,Obsidian Flames,EUR,312.31,EUR,425.9,2023-08-11,1,Scarlet & Violet,scarlet-violet,obsidian-flames,150,2733,https://images.tcggo.com/tcggo/storage/2747/palafin-obf-62-obsidian-flames-pokemon.png,https://www.tcggo.com/external/cm/2733,https://www.tcggo.com/external/tcgplayer/2733,Palafin,Palafin 62,0.04,0.04,16886,EUR,[],,,,,,,,0.03,0.02,0.02,0.02,0.02,0.02,0.02,0.02,0.02,0.02,,,,,,,,,,,,,,,,,,,,,,,,,,,,,,,,,,,,,,,,,,EUR,0.2,0.15,rare,palafin,Pokémon,https://www.tcggo.com/pokemon/obsidian-flames/palafin-62,sv3-62,509819,singles
2026-08-23T17:19:56+02:00,,493,kurumitsu,kurumitsu,OBF 64,64,725144,197,230,OBF,Pokémon,pokemon,17,https://images.tcggo.com/tcggo/storage/38783/obf.png,Obsidian Flames,EUR,312.31,EUR,425.9,2023-08-11,1,Scarlet & Violet,scarlet-violet,obsidian-flames,90,2734,https://images.tcggo.com/tcggo/storage/2748/magneton-obf-64-obsidian-flames-pokemon.png,https://www.tcggo.com/external/cm/2734,https://www.tcggo.com/external/tcgplayer/2734,Magneton,Magneton 64,0.05,0.04,4249,EUR,[],,,,,,,,0.02,0.02,0.02,0.02,0.02,0.02,0.02,0.02,0.02,0.02,,,,,,,,,,,,,,,,,,,,,,,,,,,,,,,,,,,,,,,,,,EUR,0.21,0.13,Common,magneton,Pokémon,https://www.tcggo.com/pokemon/obsidian-flames/magneton-64,sv3-64,509826,singles
2026-08-23T17:19:56+02:00,,363,Anesaki Dynamic,anesaki-dynamic,OBF 65,65,725145,197,230,OBF,Pokémon,pokemon,17,https://images.tcggo.com/tcggo/storage/38783/obf.png,Obsidian Flames,EUR,312.31,EUR,425.9,2023-08-11,1,Scarlet & Violet,scarlet-violet,obsidian-flames,170,2735,https://images.tcggo.com/tcggo/storage/2749/magnezone-obf-65-obsidian-flames-pokemon.png,https://www.tcggo.com/external/cm/2735,https://www.tcggo.com/external/tcgplayer/2735,Magnezone,Magnezone 65,0.06,0.05,2778,EUR,[],,,,,,,,0.02,0.02,0.02,0.02,0.02,0.02,0.02,0.02,0.02,0.02,,,,,,,,,,,,,,,,,,,,,,,,,,,,,,,,,,,,,,,,,,EUR,0.23,0.13,Uncommon,magnezone,Pokémon,https://www.tcggo.com/pokemon/obsidian-flames/magnezone-65,sv3-65,509829,singles
2026-08-23T17:19:56+02:00,,373,GOSSAN,gossan,OBF 70,70,725150,197,230,OBF,Pokémon,pokemon,17,https://images.tcggo.com/tcggo/storage/38783/obf.png,Obsidian Flames,EUR,312.31,EUR,425.9,2023-08-11,1,Scarlet & Violet,scarlet-violet,obsidian-flames,110,2736,https://images.tcggo.com/tcggo/storage/2750/thundurus-obf-70-obsidian-flames-pokemon.png,https://www.tcggo.com/external/cm/2736,https://www.tcggo.com/external/tcgplayer/2736,Thundurus,Thundurus 70,0.04,0.05,16642,EUR,[],,,,,,,,0.03,0.02,0.02,0.02,0.02,0.02,0.02,0.02,0.02,0.02,,,,,,,,,,,,,,,,,,,,,,,,,,,,,,,,,,,,,,,,,,EUR,0.21,0.13,rare,thundurus,Pokémon,https://www.tcggo.com/pokemon/obsidian-flames/thundurus-70,sv3-70,509837,singles
2026-08-23T17:19:56+02:00,,434,AKIRA EGAWA,akira-egawa,OBF 71,71,725151,197,230,OBF,Pokémon,pokemon,17,https://images.tcggo.com/tcggo/storage/38783/obf.png,Obsidian Flames,EUR,312.31,EUR,425.9,2023-08-11,1,Scarlet & Violet,scarlet-violet,obsidian-flames,70,2737,https://images.tcggo.com/tcggo/storage/2751/toxel-obf-71-obsidian-flames-pokemon.png,https://www.tcggo.com/external/cm/2737,https://www.tcggo.com/external/tcgplayer/2737,Toxel,Toxel 71,0.05,0.04,7910,EUR,[],,,,,,,,0.02,0.02,0.02,0.02,0.02,0.02,0.02,0.02,0.02,0.02,,,,,,,,,,,,,,,,,,,,,,,,,,,,,,,,,,,,,,,,,,EUR,0.22,0.15,Common,toxel,Pokémon,https://www.tcggo.com/pokemon/obsidian-flames/toxel-71,sv3-71,509841,singles
2026-08-23T17:19:56+02:00,,512,kirisAki,kirisaki,OBF 74,74,725154,197,230,OBF,Pokémon,pokemon,17,https://images.tcggo.com/tcggo/storage/38783/obf.png,Obsidian Flames,EUR,312.31,EUR,425.9,2023-08-11,1,Scarlet & Violet,scarlet-violet,obsidian-flames,50,2738,https://images.tcggo.com/tcggo/storage/2752/tadbulb-obf-74-obsidian-flames-pokemon.png,https://www.tcggo.com/external/cm/2738,https://www.tcggo.com/external/tcgplayer/2738,Tadbulb,Tadbulb 74,0.04,0.04,4631,EUR,[],,,,,,,,0.02,0.02,0.02,0.02,0.02,0.02,0.02,0.02,0.02,0.02,,,,,,,,,,,,,,,,,,,,,,,,,,,,,,,,,,,,,,,,,,EUR,0.19,0.12,Common,tadbulb,Pokémon,https://www.tcggo.com/pokemon/obsidian-flames/tadbulb-74,sv3-74,509850,singles
2026-08-23T17:19:56+02:00,,519,Satoshi Shirai,satoshi-shirai,OBF 82,82,725162,197,230,OBF,Pokémon,pokemon,17,https://images.tcggo.com/tcggo/storage/38783/obf.png,Obsidian Flames,EUR,312.31,EUR,425.9,2023-08-11,1,Scarlet & Violet,scarlet-violet,obsidian-flames,260,2739,https://images.tcggo.com/tcggo/storage/2753/clefable-ex-obf-82-obsidian-flames-pokemon.png,https://www.tcggo.com/external/cm/2739,https://www.tcggo.com/external/tcgplayer/2739,Clefable ex,Clefable ex 82,1.12,1.08,662,EUR,[],,,,,,,,0.69,0.5,0.5,0.99,0.99,0.69,0.85,0.85,0.4,0.4,,,,,,,,,,,,,,,,,,,,,,,,,,,,,,,,,,,,,,,,,,EUR,0.96,0.89,Double Rare,clefable-ex,Pokémon,https://www.tcggo.com/pokemon/obsidian-flames/clefable-ex-82,sv3-82,509821,singles
2026-08-23T17:19:56+02:00,,496,Cona Nitanda,cona-nitanda,OBF 86,86,725166,197,230,OBF,Pokémon,pokemon,17,https://images.tcggo.com/tcggo/storage/38783/obf.png,Obsidian Flames,EUR,312.31,EUR,425.9,2023-08-11,1,Scarlet & Violet,scarlet-violet,obsidian-flames,110,2740,https://images.tcggo.com/tcggo/storage/2754/espeon-obf-86-obsidian-flames-pokemon.png,https://www.tcggo.com/external/cm/2740,https://www.tcggo.com/external/tcgplayer/2740,Espeon,Espeon 86,0.14,0.14,4420,EUR,[],,,,,,,,0.03,0.02,0.02,0.02,0.02,0.02,0.02,0.02,0.02,0.02,USD,,,,,,,,,,,,,,,,,,,,,,,199.04,1,,,,,23.56,4,,,,,,,,,,,EUR,0.95,0.21,Uncommon,espeon,Pokémon,https://www.tcggo.com/pokemon/obsidian-flames/espeon-86,sv3-86,509848,singles
2026-08-23T17:19:56+02:00,,479,Lee HyunJung,lee-hyunjung,OBF 88,88,725168,197,230,OBF,Pokémon,pokemon,17,https://images.tcggo.com/tcggo/storage/38783/obf.png,Obsidian Flames,EUR,312.31,EUR,425.9,2023-08-11,1,Scarlet & Violet,scarlet-violet,obsidian-flames,130,2741,https://images.tcggo.com/tcggo/storage/2755/granbull-obf-88-obsidian-flames-pokemon.png,https://www.tcggo.com/external/cm/2741,https://www.tcggo.com/external/tcgplayer/2741,Granbull,Granbull 88,0.04,0.05,6944,EUR,[],,,,,,,,0.02,0.02,0.02,0.02,0.02,0.02,0.02,0.02,0.02,0.02,,,,,,,,,,,,,,,,,,,,,,,,,,,,,,,,,,,,,,,,,,EUR,0.25,0.1,Uncommon,granbull,Pokémon,https://www.tcggo.com/pokemon/obsidian-flames/granbull-88,sv3-88,509860,singles
2026-08-23T17:19:56+02:00,,387,Scav,scav,OBF 94,94,725174,197,230,OBF,Pokémon,pokemon,17,https://images.tcggo.com/tcggo/storage/38783/obf.png,Obsidian Flames,EUR,312.31,EUR,425.9,2023-08-11,1,Scarlet & Violet,scarlet-violet,obsidian-flames,70,2742,https://images.tcggo.com/tcggo/storage/2756/baltoy-obf-94-obsidian-flames-pokemon.png,https://www.tcggo.com/external/cm/2742,https://www.tcggo.com/external/tcgplayer/2742,Baltoy,Baltoy 94,0.03,0.02,12386,EUR,[],,,,,,,,0.02,0.02,0.02,0.02,0.02,0.02,0.02,0.02,0.02,0.02,,,,,,,,,,,,,,,,,,,,,,,,,,,,,,,,,,,,,,,,,,EUR,0.15,0.09,Common,baltoy,Pokémon,https://www.tcggo.com/pokemon/obsidian-flames/baltoy-94,sv3-94,509876,singles
2026-08-23T17:19:56+02:00,,437,Shigenori Negishi,shigenori-negishi,OBF 95,95,725175,197,230,OBF,Pokémon,pokemon,17,https://images.tcggo.com/tcggo/storage/38783/obf.png,Obsidian Flames,EUR,312.31,EUR,425.9,2023-08-11,1,Scarlet & Violet,scarlet-violet,obsidian-flames,120,2743,https://images.tcggo.com/tcggo/storage/2757/claydol-obf-95-obsidian-flames-pokemon.png,https://www.tcggo.com/external/cm/2743,https://www.tcggo.com/external/tcgplayer/2743,Claydol,Claydol 95,0.04,0.04,17066,EUR,[],,,,,,,,0.02,0.02,0.02,0.02,0.02,0.02,0.02,0.02,0.02,0.02,,,,,,,,,,,,,,,,,,,,,,,,,,,,,,,,,,,,,,,,,,EUR,0.21,0.13,rare,claydol,Pokémon,https://www.tcggo.com/pokemon/obsidian-flames/claydol-95,sv3-95,509924,singles
2026-08-23T17:19:56+02:00,,380,5ban Graphics,5ban-graphics,OBF 96,96,725176,197,230,OBF,Pokémon,pokemon,17,https://images.tcggo.com/tcggo/storage/38783/obf.png,Obsidian Flames,EUR,312.31,EUR,425.9,2023-08-11,1,Scarlet & Violet,scarlet-violet,obsidian-flames,270,2744,https://images.tcggo.com/tcggo/storage/2758/vespiquen-ex-obf-96-obsidian-flames-pokemon.png,https://www.tcggo.com/external/cm/2744,https://www.tcggo.com/external/tcgplayer/2744,Vespiquen ex,Vespiquen ex 96,0.96,0.81,838,EUR,[],,,,,,,,0.39,0.44,0.5,0.8,0.8,0.39,0.5,0.4,0.15,0.15,,,,,,,,,,,,,,,,,,,,,,,,,,,,,,,,,,,,,,,,,,EUR,0.71,0.81,Double Rare,vespiquen-ex,Pokémon,https://www.tcggo.com/pokemon/obsidian-flames/vespiquen-ex-96,sv3-96,509926,singles
2026-08-23T17:19:56+02:00,,401,Yuka Morii,yuka-morii,OBF 97,97,725177,197,230,OBF,Pokémon,pokemon,17,https://images.tcggo.com/tcggo/storage/38783/obf.png,Obsidian Flames,EUR,312.31,EUR,425.9,2023-08-11,1,Scarlet & Violet,scarlet-violet,obsidian-flames,30,2745,https://images.tcggo.com/tcggo/storage/2759/sinistea-obf-97-obsidian-flames-pokemon.png,https://www.tcggo.com/external/cm/2745,https://www.tcggo.com/external/tcgplayer/2745,Sinistea,Sinistea 97,0.06,0.07,5938,EUR,[],,,,,,,,0.02,0.02,0.02,0.02,0.02,0.02,0.02,0.02,0.02,0.02,,,,,,,,,,,,,,,,,,,,,,,,,,,,,,,,,,,,,,,,,,EUR,0.34,0.16,Common,sinistea,Pokémon,https://www.tcggo.com/pokemon/obsidian-flames/sinistea-97,sv3-97,509930,singles
2026-08-23T17:19:56+02:00,,394,OKACHEKE,okacheke,OBF 103,103,725183,197,230,OBF,Pokémon,pokemon,17,https://images.tcggo.com/tcggo/storage/38783/obf.png,Obsidian Flames,EUR,312.31,EUR,425.9,2023-08-11,1,Scarlet & Violet,scarlet-violet,obsidian-flames,50,2746,https://images.tcggo.com/tcggo/storage/2760/diglett-obf-103-obsidian-flames-pokemon.png,https://www.tcggo.com/external/cm/2746,https://www.tcggo.com/external/tcgplayer/2746,Diglett,Diglett 103,0.05,0.1,6633,EUR,[],,,,,,,,0.02,0.02,0.02,0.02,0.02,0.02,0.02,0.02,0.02,0.02,,,,,,,,,,,,,,,,,,,,,,,,,,,,,,,,,,,,,,,,,,EUR,0.18,0.13,Common,diglett,Pokémon,https://www.tcggo.com/pokemon/obsidian-flames/diglett-103,sv3-103,509790,singles
2026-08-23T17:19:56+02:00,,387,Scav,scav,OBF 108,108,725188,197,230,OBF,Pokémon,pokemon,17,https://images.tcggo.com/tcggo/storage/38783/obf.png,Obsidian Flames,EUR,312.31,EUR,425.9,2023-08-11,1,Scarlet & Violet,scarlet-violet,obsidian-flames,70,2747,https://images.tcggo.com/tcggo/storage/2761/barboach-obf-108-obsidian-flames-pokemon.png,https://www.tcggo.com/external/cm/2747,https://www.tcggo.com/external/tcgplayer/2747,Barboach,Barboach 108,0.04,0.03,6894,EUR,[],,,,,,,,0.02,0.02,0.02,0.02,0.02,0.02,0.02,0.02,0.02,0.02,,,,,,,,,,,,,,,,,,,,,,,,,,,,,,,,,,,,,,,,,,EUR,0.19,0.11,Common,barboach,Pokémon,https://www.tcggo.com/pokemon/obsidian-flames/barboach-108,sv3-108,509797,singles
2026-08-23T17:19:56+02:00,,507,0313,0313,OBF 109,109,725189,197,230,OBF,Pokémon,pokemon,17,https://images.tcggo.com/tcggo/storage/38783/obf.png,Obsidian Flames,EUR,312.31,EUR,425.9,2023-08-11,1,Scarlet & Violet,scarlet-violet,obsidian-flames,140,2748,https://images.tcggo.com/tcggo/storage/2762/whiscash-obf-109-obsidian-flames-pokemon.png,https://www.tcggo.com/external/cm/2748,https://www.tcggo.com/external/tcgplayer/2748,Whiscash,Whiscash 109,0.05,0.05,6958,EUR,[],,,,,,,,0.02,0.02,0.02,0.02,0.02,0.02,0.02,0.02,0.02,0.02,,,,,,,,,,,,,,,,,,,,,,,,,,,,,,,,,,,,,,,,,,EUR,0.2,0.13,Uncommon,whiscash,Pokémon,https://www.tcggo.com/pokemon/obsidian-flames/whiscash-109,sv3-109,509801,singles
2026-08-23T17:19:56+02:00,,534,Nagomi Nijo,nagomi-nijo,OBF 114,114,725194,197,230,OBF,Pokémon,pokemon,17,https://images.tcggo.com/tcggo/storage/38783/obf.png,Obsidian Flames,EUR,312.31,EUR,425.9,2023-08-11,1,Scarlet & Violet,scarlet-violet,obsidian-flames,90,2749,https://images.tcggo.com/tcggo/storage/2763/crabrawler-obf-114-obsidian-flames-pokemon.png,https://www.tcggo.com/external/cm/2749,https://www.tcggo.com/external/tcgplayer/2749,Crabrawler,Crabrawler 114,0.04,0.03,6882,EUR,[],,,,,,,,0.02,0.02,0.02,0.02,0.02,0.02,0.02,0.02,0.02,0.02,,,,,,,,,,,,,,,,,,,,,,,,,,,,,,,,,,,,,,,,,,EUR,0.16,0.12,Common,crabrawler,Pokémon,https://www.tcggo.com/pokemon/obsidian-flames/crabrawler-114,sv3-114,509839,singles
2026-08-23T17:19:56+02:00,,492,Misa Tsutsui,misa-tsutsui,OBF 115,115,725195,197,230,OBF,Pokémon,pokemon,17,https://images.tcggo.com/tcggo/storage/38783/obf.png,Obsidian Flames,EUR,312.31,EUR,425.9,2023-08-11,1,Scarlet & Violet,scarlet-violet,obsidian-flames,160,2750,https://images.tcggo.com/tcggo/storage/2764/crabominable-obf-115-obsidian-flames-pokemon.png,https://www.tcggo.com/external/cm/2750,https://www.tcggo.com/external/tcgplayer/2750,Crabominable,Crabominable 115,0.03,0.03,7333,EUR,[],,,,,,,,0.02,0.02,0.02,0.02,0.02,0.02,0.02,0.02,0.02,0.02,,,,,,,,,,,,,,,,,,,,,,,,,,,,,,,,,,,,,,,,,,EUR,0.19,0.1,Uncommon,crabominable,Pokémon,https://www.tcggo.com/pokemon/obsidian-flames/crabominable-115,sv3-115,509842,singles
2026-08-23T17:19:56+02:00,,386,Jerky,jerky,OBF 116,116,725196,197,230,OBF,Pokémon,pokemon,17,https://images.tcggo.com/tcggo/storage/38783/obf.png,Obsidian Flames,EUR,312.31,EUR,425.9,2023-08-11,1,Scarlet & Violet,scarlet-violet,obsidian-flames,60,2751,https://images.tcggo.com/tcggo/storage/2765/rockruff-obf-116-obsidian-flames-pokemon.png,https://www.tcggo.com/external/cm/2751,https://www.tcggo.com/external/tcgplayer/2751,Rockruff,Rockruff 116,0.05,0.03,6745,EUR,[],,,,,,,,0.02,0.02,0.02,0.02,0.02,0.02,0.02,0.02,0.02,0.02,,,,,,,,,,,,,,,,,,,,,,,,,,,,,,,,,,,,,,,,,,EUR,0.15,0.13,Common,rockruff,Pokémon,https://www.tcggo.com/pokemon/obsidian-flames/rockruff-116,sv3-116,509856,singles
2026-08-23T17:19:56+02:00,,375,Mitsuhiro Arita,mitsuhiro-arita,OBF 117,117,725197,197,230,OBF,Pokémon,pokemon,17,https://images.tcggo.com/tcggo/storage/38783/obf.png,Obsidian Flames,EUR,312.31,EUR,425.9,2023-08-11,1,Scarlet & Violet,scarlet-violet,obsidian-flames,130,2752,https://images.tcggo.com/tcggo/storage/2766/lycanroc-obf-117-obsidian-flames-pokemon.png,https://www.tcggo.com/external/cm/2752,https://www.tcggo.com/external/tcgplayer/2752,Lycanroc,Lycanroc 117,0.04,0.06,6890,EUR,[],,,,,,,,0.02,0.02,0.02,0.02,0.02,0.02,0.02,0.02,0.02,0.02,,,,,,,,,,,,,,,,,,,,,,,,,,,,,,,,,,,,,,,,,,EUR,0.27,0.11,Uncommon,lycanroc,Pokémon,https://www.tcggo.com/pokemon/obsidian-flames/lycanroc-117,sv3-117,509865,singles
2026-08-23T17:19:56+02:00,,379,Sanosuke Sakuma,sanosuke-sakuma,OBF 121,121,725201,197,230,OBF,Pokémon,pokemon,17,https://images.tcggo.com/tcggo/storage/38783/obf.png,Obsidian Flames,EUR,312.31,EUR,425.9,2023-08-11,1,Scarlet & Violet,scarlet-violet,obsidian-flames,60,2753,https://images.tcggo.com/tcggo/storage/2767/glimmet-obf-121-obsidian-flames-pokemon.png,https://www.tcggo.com/external/cm/2753,https://www.tcggo.com/external/tcgplayer/2753,Glimmet,Glimmet 121,0.05,0.04,4355,EUR,[],,,,,,,,0.02,0.02,0.02,0.02,0.02,0.02,0.02,0.02,0.02,0.02,,,,,,,,,,,,,,,,,,,,,,,,,,,,,,,,,,,,,,,,,,EUR,0.18,0.13,Common,glimmet,Pokémon,https://www.tcggo.com/pokemon/obsidian-flames/glimmet-121,sv3-121,509873,singles
2026-08-23T17:19:56+02:00,,516,Pani Kobayashi,pani-kobayashi,OBF 127,127,725207,197,230,OBF,Pokémon,pokemon,17,https://images.tcggo.com/tcggo/storage/38783/obf.png,Obsidian Flames,EUR,312.31,EUR,425.9,2023-08-11,1,Scarlet & Violet,scarlet-violet,obsidian-flames,70,2754,https://images.tcggo.com/tcggo/storage/2768/paldean-wooper-obf-127-obsidian-flames-pokemon.png,https://www.tcggo.com/external/cm/2754,https://www.tcggo.com/external/tcgplayer/2754,Paldean Wooper,Paldean Wooper 127,0.05,0.06,4219,EUR,[],,,,,,,,0.02,0.02,0.02,0.02,0.02,0.02,0.02,0.02,0.02,0.02,,,,,,,,,,,,,,,,,,,,,,,,,,,,,,,,,,,,,,,,,,EUR,0.32,0.13,Common,paldean-wooper,Pokémon,https://www.tcggo.com/pokemon/obsidian-flames/paldean-wooper-127,sv3-127,509883,singles
2026-08-23T17:19:56+02:00,,521,Shin Nagasawa,shin-nagasawa,OBF 129,129,725209,197,230,OBF,Pokémon,pokemon,17,https://images.tcggo.com/tcggo/storage/38783/obf.png,Obsidian Flames,EUR,312.31,EUR,425.9,2023-08-11,1,Scarlet & Violet,scarlet-violet,obsidian-flames,140,2755,https://images.tcggo.com/tcggo/storage/2769/paldean-clodsire-obf-129-obsidian-flames-pokemon.png,https://www.tcggo.com/external/cm/2755,https://www.tcggo.com/external/tcgplayer/2755,Paldean Clodsire,Paldean Clodsire 129,0.06,0.09,2404,EUR,[],,,,,,,,0.02,0.02,0.02,0.02,0.02,0.02,0.02,0.02,0.02,0.02,,,,,,,,,,,,,,,,,,,,,,,,,,,,,,,,,,,,,,,,,,EUR,0.32,0.15,Uncommon,paldean-clodsire,Pokémon,https://www.tcggo.com/pokemon/obsidian-flames/paldean-clodsire-129,sv3-129,509887,singles
2026-08-23T17:19:56+02:00,,485,otumami,otumami,OBF 39,39,725119,197,230,OBF,Pokémon,pokemon,17,https://images.tcggo.com/tcggo/storage/38783/obf.png,Obsidian Flames,EUR,312.31,EUR,425.9,2023-08-11,1,Scarlet & Violet,scarlet-violet,obsidian-flames,110,2756,https://images.tcggo.com/tcggo/storage/2770/heatmor-obf-39-obsidian-flames-pokemon.png,https://www.tcggo.com/external/cm/2756,https://www.tcggo.com/external/tcgplayer/2756,Heatmor,Heatmor 39,0.03,0.02,7104,EUR,[],,,,,,,,0.02,0.02,0.02,0.02,0.02,0.02,0.02,0.02,0.02,0.02,,,,,,,,,,,,,,,,,,,,,,,,,,,,,,,,,,,,,,,,,,EUR,0.15,0.1,Common,heatmor,Pokémon,https://www.tcggo.com/pokemon/obsidian-flames/heatmor-39,sv3-39,509744,singles
2026-08-23T17:19:56+02:00,,378,Kouki Saitou,kouki-saitou,OBF 49,49,725129,197,230,OBF,Pokémon,pokemon,17,https://images.tcggo.com/tcggo/storage/38783/obf.png,Obsidian Flames,EUR,312.31,EUR,425.9,2023-08-11,1,Scarlet & Violet,scarlet-violet,obsidian-flames,110,2757,https://images.tcggo.com/tcggo/storage/2771/floatzel-obf-49-obsidian-flames-pokemon.png,https://www.tcggo.com/external/cm/2757,https://www.tcggo.com/external/tcgplayer/2757,Floatzel,Floatzel 49,0.03,0.03,7445,EUR,[],,,,,,,,0.03,0.02,0.02,0.02,0.02,0.02,0.02,0.02,0.02,0.02,,,,,,,,,,,,,,,,,,,,,,,,,,,,,,,,,,,,,,,,,,EUR,0.19,0.12,Uncommon,floatzel,Pokémon,https://www.tcggo.com/pokemon/obsidian-flames/floatzel-49,sv3-49,509774,singles
2026-08-23T17:19:56+02:00,,374,OKUBO,okubo,OBF 50,50,725130,197,230,OBF,Pokémon,pokemon,17,https://images.tcggo.com/tcggo/storage/38783/obf.png,Obsidian Flames,EUR,312.31,EUR,425.9,2023-08-11,1,Scarlet & Violet,scarlet-violet,obsidian-flames,70,2758,https://images.tcggo.com/tcggo/storage/2772/tympole-obf-50-obsidian-flames-pokemon.png,https://www.tcggo.com/external/cm/2758,https://www.tcggo.com/external/tcgplayer/2758,Tympole,Tympole 50,0.03,0.03,12363,EUR,[],,,,,,,,0.02,0.02,0.02,0.02,0.02,0.02,0.02,0.02,0.02,0.02,,,,,,,,,,,,,,,,,,,,,,,,,,,,,,,,,,,,,,,,,,EUR,0.15,0.09,Common,tympole,Pokémon,https://www.tcggo.com/pokemon/obsidian-flames/tympole-50,sv3-50,509775,singles
2026-08-23T17:19:56+02:00,,482,Mizue,mizue,OBF 53,53,725133,197,230,OBF,Pokémon,pokemon,17,https://images.tcggo.com/tcggo/storage/38783/obf.png,Obsidian Flames,EUR,312.31,EUR,425.9,2023-08-11,1,Scarlet & Violet,scarlet-violet,obsidian-flames,70,2759,https://images.tcggo.com/tcggo/storage/2773/cubchoo-obf-53-obsidian-flames-pokemon.png,https://www.tcggo.com/external/cm/2759,https://www.tcggo.com/external/tcgplayer/2759,Cubchoo,Cubchoo 53,0.04,0.03,6818,EUR,[],,,,,,,,0.02,0.02,0.02,0.02,0.02,0.02,0.02,0.02,0.02,0.02,,,,,,,,,,,,,,,,,,,,,,,,,,,,,,,,,,,,,,,,,,EUR,0.13,0.1,Common,cubchoo,Pokémon,https://www.tcggo.com/pokemon/obsidian-flames/cubchoo-53,sv3-53,509798,singles
2026-08-23T17:19:56+02:00,,512,kirisAki,kirisaki,OBF 55,55,725135,197,230,OBF,Pokémon,pokemon,17,https://images.tcggo.com/tcggo/storage/38783/obf.png,Obsidian Flames,EUR,312.31,EUR,425.9,2023-08-11,1,Scarlet & Violet,scarlet-violet,obsidian-flames,90,2760,https://images.tcggo.com/tcggo/storage/2774/cryogonal-obf-55-obsidian-flames-pokemon.png,https://www.tcggo.com/external/cm/2760,https://www.tcggo.com/external/tcgplayer/2760,Cryogonal,Cryogonal 55,0.04,0.03,7226,EUR,[],,,,,,,,0.02,0.02,0.02,0.02,0.02,0.02,0.02,0.02,0.02,0.02,,,,,,,,,,,,,,,,,,,,,,,,,,,,,,,,,,,,,,,,,,EUR,0.15,0.09,Common,cryogonal,Pokémon,https://www.tcggo.com/pokemon/obsidian-flames/cryogonal-55,sv3-55,509802,singles
2026-08-23T17:19:56+02:00,,488,Masakazu Fukuda,masakazu-fukuda,OBF 63,63,725143,197,230,OBF,Pokémon,pokemon,17,https://images.tcggo.com/tcggo/storage/38783/obf.png,Obsidian Flames,EUR,312.31,EUR,425.9,2023-08-11,1,Scarlet & Violet,scarlet-violet,obsidian-flames,60,2761,https://images.tcggo.com/tcggo/storage/2775/magnemite-obf-63-obsidian-flames-pokemon.png,https://www.tcggo.com/external/cm/2761,https://www.tcggo.com/external/tcgplayer/2761,Magnemite,Magnemite 63,0.03,0.02,12163,EUR,[],,,,,,,,0.02,0.02,0.02,0.02,0.02,0.02,0.02,0.02,0.02,0.02,,,,,,,,,,,,,,,,,,,,,,,,,,,,,,,,,,,,,,,,,,EUR,0.19,0.1,Common,magnemite,Pokémon,https://www.tcggo.com/pokemon/obsidian-flames/magnemite-63,sv3-63,509823,singles
2026-08-23T17:19:56+02:00,,380,5ban Graphics,5ban-graphics,OBF 66,66,725146,197,230,OBF,Pokémon,pokemon,17,https://images.tcggo.com/tcggo/storage/38783/obf.png,Obsidian Flames,EUR,312.31,EUR,425.9,2023-08-11,1,Scarlet & Violet,scarlet-violet,obsidian-flames,340,2762,https://images.tcggo.com/tcggo/storage/2776/tyranitar-ex-obf-66-obsidian-flames-pokemon.png,https://www.tcggo.com/external/cm/2762,https://www.tcggo.com/external/tcgplayer/2762,Tyranitar ex,Tyranitar ex 66,1.23,1.28,770,EUR,[],,,,,,,,0.9,0.8,0.8,1,1,0.9,1,1,0.2,0.2,,,,,,,,,,,,,,,,,,,,,,,,,,,,,,,,,,,,,,,,,,EUR,1.13,1.07,Double Rare,tyranitar-ex,Pokémon,https://www.tcggo.com/pokemon/obsidian-flames/tyranitar-ex-66,sv3-66,509831,singles
2026-08-23T17:19:56+02:00,,484,Kagemaru Himeno,kagemaru-himeno,OBF 67,67,725147,197,230,OBF,Pokémon,pokemon,17,https://images.tcggo.com/tcggo/storage/38783/obf.png,Obsidian Flames,EUR,312.31,EUR,425.9,2023-08-11,1,Scarlet & Violet,scarlet-violet,obsidian-flames,40,2763,https://images.tcggo.com/tcggo/storage/2777/tynamo-obf-67-obsidian-flames-pokemon.png,https://www.tcggo.com/external/cm/2763,https://www.tcggo.com/external/tcgplayer/2763,Tynamo,Tynamo 67,0.03,0.02,12515,EUR,[],,,,,,,,0.02,0.02,0.02,0.02,0.02,0.02,0.02,0.02,0.02,0.02,,,,,,,,,,,,,,,,,,,,,,,,,,,,,,,,,,,,,,,,,,EUR,0.15,0.09,Common,tynamo,Pokémon,https://www.tcggo.com/pokemon/obsidian-flames/tynamo-67,sv3-67,509832,singles
2026-08-23T17:19:56+02:00,,377,Souichirou Gunjima,souichirou-gunjima,OBF 68,68,725148,197,230,OBF,Pokémon,pokemon,17,https://images.tcggo.com/tcggo/storage/38783/obf.png,Obsidian Flames,EUR,312.31,EUR,425.9,2023-08-11,1,Scarlet & Violet,scarlet-violet,obsidian-flames,90,2764,https://images.tcggo.com/tcggo/storage/2778/eelektrik-obf-68-obsidian-flames-pokemon.png,https://www.tcggo.com/external/cm/2764,https://www.tcggo.com/external/tcgplayer/2764,Eelektrik,Eelektrik 68,0.05,0.06,4627,EUR,[],,,,,,,,0.02,0.02,0.02,0.02,0.02,0.02,0.02,0.02,0.02,0.02,,,,,,,,,,,,,,,,,,,,,,,,,,,,,,,,,,,,,,,,,,EUR,0.15,0.09,Common,eelektrik,Pokémon,https://www.tcggo.com/pokemon/obsidian-flames/eelektrik-68,sv3-68,509834,singles
2026-08-23T17:19:56+02:00,,488,Masakazu Fukuda,masakazu-fukuda,OBF 69,69,725149,197,230,OBF,Pokémon,pokemon,17,https://images.tcggo.com/tcggo/storage/38783/obf.png,Obsidian Flames,EUR,312.31,EUR,425.9,2023-08-11,1,Scarlet & Violet,scarlet-violet,obsidian-flames,160,2765,https://images.tcggo.com/tcggo/storage/2779/eelektross-obf-69-obsidian-flames-pokemon.png,https://www.tcggo.com/external/cm/2765,https://www.tcggo.com/external/tcgplayer/2765,Eelektross,Eelektross 69,0.05,0.06,2980,EUR,[],,,,,,,,0.02,0.02,0.02,0.02,0.02,0.02,0.02,0.02,0.02,0.02,,,,,,,,,,,,,,,,,,,,,,,,,,,,,,,,,,,,,,,,,,EUR,0.21,0.13,Uncommon,eelektross,Pokémon,https://www.tcggo.com/pokemon/obsidian-flames/eelektross-69,sv3-69,509835,singles
2026-08-23T17:19:56+02:00,,521,Shin Nagasawa,shin-nagasawa,OBF 76,76,725156,197,230,OBF,Pokémon,pokemon,17,https://images.tcggo.com/tcggo/storage/38783/obf.png,Obsidian Flames,EUR,312.31,EUR,425.9,2023-08-11,1,Scarlet & Violet,scarlet-violet,obsidian-flames,60,2766,https://images.tcggo.com/tcggo/storage/2780/tadbulb-obf-76-obsidian-flames-pokemon.png,https://www.tcggo.com/external/cm/2766,https://www.tcggo.com/external/tcgplayer/2766,Tadbulb,Tadbulb 76,0.04,0.05,4453,EUR,[],,,,,,,,0.02,0.02,0.02,0.02,0.02,0.02,0.02,0.02,0.02,0.02,,,,,,,,,,,,,,,,,,,,,,,,,,,,,,,,,,,,,,,,,,EUR,0.15,0.11,Common,tadbulb,Pokémon,https://www.tcggo.com/pokemon/obsidian-flames/tadbulb-76,sv3-76,509853,singles
2026-08-23T17:19:56+02:00,,493,kurumitsu,kurumitsu,OBF 80,80,725160,197,230,OBF,Pokémon,pokemon,17,https://images.tcggo.com/tcggo/storage/38783/obf.png,Obsidian Flames,EUR,312.31,EUR,425.9,2023-08-11,1,Scarlet & Violet,scarlet-violet,obsidian-flames,30,2767,https://images.tcggo.com/tcggo/storage/2781/cleffa-obf-80-obsidian-flames-pokemon.png,https://www.tcggo.com/external/cm/2767,https://www.tcggo.com/external/tcgplayer/2767,Cleffa,Cleffa 80,0.17,0.21,2500,EUR,[],,,,,,,,0.02,0.02,0.02,0.03,0.03,0.02,0.02,0.02,0.02,0.02,,,,,,,,,,,,,,,,,,,,,,,,,,,,,,,,,,,,,,,,,,EUR,0.36,0.25,Common,cleffa,Pokémon,https://www.tcggo.com/pokemon/obsidian-flames/cleffa-80,sv3-80,509809,singles
2026-08-23T17:19:56+02:00,,401,Yuka Morii,yuka-morii,OBF 81,81,725161,197,230,OBF,Pokémon,pokemon,17,https://images.tcggo.com/tcggo/storage/38783/obf.png,Obsidian Flames,EUR,312.31,EUR,425.9,2023-08-11,1,Scarlet & Violet,scarlet-violet,obsidian-flames,60,2768,https://images.tcggo.com/tcggo/storage/2782/clefairy-obf-81-obsidian-flames-pokemon.png,https://www.tcggo.com/external/cm/2768,https://www.tcggo.com/external/tcgplayer/2768,Clefairy,Clefairy 81,0.08,0.05,5325,EUR,[],,,,,,,,0.02,0.02,0.02,0.02,0.02,0.02,0.02,0.02,0.02,0.02,,,,,,,,,,,,,,,,,,,,,,,,,,,,,,,,,,,,,,,,,,EUR,0.44,0.17,Common,clefairy,Pokémon,https://www.tcggo.com/pokemon/obsidian-flames/clefairy-81,sv3-81,509811,singles
2026-08-23T17:19:56+02:00,,528,Natsumi Yoshida,natsumi-yoshida,OBF 83,83,725163,197,230,OBF,Pokémon,pokemon,17,https://images.tcggo.com/tcggo/storage/38783/obf.png,Obsidian Flames,EUR,312.31,EUR,425.9,2023-08-11,1,Scarlet & Violet,scarlet-violet,obsidian-flames,50,2769,https://images.tcggo.com/tcggo/storage/2783/togepi-obf-83-obsidian-flames-pokemon.png,https://www.tcggo.com/external/cm/2769,https://www.tcggo.com/external/tcgplayer/2769,Togepi,Togepi 83,0.04,0.05,11388,EUR,[],,,,,,,,0.02,0.02,0.02,0.02,0.02,0.02,0.02,0.02,0.02,0.02,,,,,,,,,,,,,,,,,,,,,,,,,,,,,,,,,,,,,,,,,,EUR,0.26,0.16,Common,togepi,Pokémon,https://www.tcggo.com/pokemon/obsidian-flames/togepi-83,sv3-83,509825,singles
2026-08-23T17:19:56+02:00,,496,Cona Nitanda,cona-nitanda,OBF 85,85,725165,197,230,OBF,Pokémon,pokemon,17,https://images.tcggo.com/tcggo/storage/38783/obf.png,Obsidian Flames,EUR,312.31,EUR,425.9,2023-08-11,1,Scarlet & Violet,scarlet-violet,obsidian-flames,150,2770,https://images.tcggo.com/tcggo/storage/2784/togekiss-obf-85-obsidian-flames-pokemon.png,https://www.tcggo.com/external/cm/2770,https://www.tcggo.com/external/tcgplayer/2770,Togekiss,Togekiss 85,0.06,0.05,15849,EUR,[],,,,,,,,0.02,0.02,0.02,0.02,0.02,0.02,0.02,0.02,0.02,0.02,,,,,,,,,,,,,,,,,,,,,,,,,,,,,,,,,,,,,,,,,,EUR,0.25,0.16,rare,togekiss,Pokémon,https://www.tcggo.com/pokemon/obsidian-flames/togekiss-85,sv3-85,509840,singles
2026-08-23T17:19:56+02:00,,498,Sekio,sekio,OBF 87,87,725167,197,230,OBF,Pokémon,pokemon,17,https://images.tcggo.com/tcggo/storage/38783/obf.png,Obsidian Flames,EUR,312.31,EUR,425.9,2023-08-11,1,Scarlet & Violet,scarlet-violet,obsidian-flames,80,2771,https://images.tcggo.com/tcggo/storage/2785/snubbull-obf-87-obsidian-flames-pokemon.png,https://www.tcggo.com/external/cm/2771,https://www.tcggo.com/external/tcgplayer/2771,Snubbull,Snubbull 87,0.05,0.04,6575,EUR,[],,,,,,,,0.03,0.02,0.02,0.02,0.02,0.02,0.02,0.02,0.02,0.02,,,,,,,,,,,,,,,,,,,,,,,,,,,,,,,,,,,,,,,,,,EUR,0.19,0.1,Common,snubbull,Pokémon,https://www.tcggo.com/pokemon/obsidian-flames/snubbull-87,sv3-87,509854,singles
2026-08-23T17:19:56+02:00,,431,Tetsu Kayama,tetsu-kayama,OBF 92,92,725172,197,230,OBF,Pokémon,pokemon,17,https://images.tcggo.com/tcggo/storage/38783/obf.png,Obsidian Flames,EUR,312.31,EUR,425.9,2023-08-11,1,Scarlet & Violet,scarlet-violet,obsidian-flames,90,2772,https://images.tcggo.com/tcggo/storage/2786/lunatone-obf-92-obsidian-flames-pokemon.png,https://www.tcggo.com/external/cm/2772,https://www.tcggo.com/external/tcgplayer/2772,Lunatone,Lunatone 92,0.04,0.04,7169,EUR,[],,,,,,,,0.02,0.02,0.02,0.02,0.02,0.02,0.02,0.02,0.02,0.02,,,,,,,,,,,,,,,,,,,,,,,,,,,,,,,,,,,,,,,,,,EUR,0.2,0.13,Uncommon,lunatone,Pokémon,https://www.tcggo.com/pokemon/obsidian-flames/lunatone-92,sv3-92,509871,singles
2026-08-23T17:19:56+02:00,,516,Pani Kobayashi,pani-kobayashi,OBF 100,100,725180,197,230,OBF,Pokémon,pokemon,17,https://images.tcggo.com/tcggo/storage/38783/obf.png,Obsidian Flames,EUR,312.31,EUR,425.9,2023-08-11,1,Scarlet & Violet,scarlet-violet,obsidian-flames,80,2773,https://images.tcggo.com/tcggo/storage/2787/greavard-obf-100-obsidian-flames-pokemon.png,https://www.tcggo.com/external/cm/2773,https://www.tcggo.com/external/tcgplayer/2773,Greavard,Greavard 100,0.04,0.03,6923,EUR,[],,,,,,,,0.02,0.02,0.02,0.02,0.02,0.02,0.02,0.02,0.02,0.02,,,,,,,,,,,,,,,,,,,,,,,,,,,,,,,,,,,,,,,,,,EUR,0.18,0.1,Common,greavard,Pokémon,https://www.tcggo.com/pokemon/obsidian-flames/greavard-100,sv3-100,509947,singles
2026-08-23T17:19:56+02:00,,523,KYUPIYAMA,kyupiyama,OBF 105,105,725185,197,230,OBF,Pokémon,pokemon,17,https://images.tcggo.com/tcggo/storage/38783/obf.png,Obsidian Flames,EUR,312.31,EUR,425.9,2023-08-11,1,Scarlet & Violet,scarlet-violet,obsidian-flames,70,2774,https://images.tcggo.com/tcggo/storage/2788/larvitar-obf-105-obsidian-flames-pokemon.png,https://www.tcggo.com/external/cm/2774,https://www.tcggo.com/external/tcgplayer/2774,Larvitar,Larvitar 105,0.03,0.03,11789,EUR,[],,,,,,,,0.02,0.02,0.02,0.02,0.02,0.02,0.02,0.02,0.02,0.02,,,,,,,,,,,,,,,,,,,,,,,,,,,,,,,,,,,,,,,,,,EUR,0.15,0.09,Common,larvitar,Pokémon,https://www.tcggo.com/pokemon/obsidian-flames/larvitar-105,sv3-105,509792,singles
2026-08-23T17:19:56+02:00,,377,Souichirou Gunjima,souichirou-gunjima,OBF 106,106,725186,197,230,OBF,Pokémon,pokemon,17,https://images.tcggo.com/tcggo/storage/38783/obf.png,Obsidian Flames,EUR,312.31,EUR,425.9,2023-08-11,1,Scarlet & Violet,scarlet-violet,obsidian-flames,80,2775,https://images.tcggo.com/tcggo/storage/2789/pupitar-obf-106-obsidian-flames-pokemon.png,https://www.tcggo.com/external/cm/2775,https://www.tcggo.com/external/tcgplayer/2775,Pupitar,Pupitar 106,0.04,0.03,7147,EUR,[],,,,,,,,0.02,0.02,0.02,0.02,0.02,0.02,0.02,0.02,0.02,0.02,,,,,,,,,,,,,,,,,,,,,,,,,,,,,,,,,,,,,,,,,,EUR,0.21,0.1,Uncommon,pupitar,Pokémon,https://www.tcggo.com/pokemon/obsidian-flames/pupitar-106,sv3-106,509793,singles
2026-08-23T17:19:56+02:00,,378,Kouki Saitou,kouki-saitou,OBF 119,119,725199,197,230,OBF,Pokémon,pokemon,17,https://images.tcggo.com/tcggo/storage/38783/obf.png,Obsidian Flames,EUR,312.31,EUR,425.9,2023-08-11,1,Scarlet & Violet,scarlet-violet,obsidian-flames,130,2776,https://images.tcggo.com/tcggo/storage/2790/toedscruel-obf-119-obsidian-flames-pokemon.png,https://www.tcggo.com/external/cm/2776,https://www.tcggo.com/external/tcgplayer/2776,Toedscruel,Toedscruel 119,0.03,0.03,7764,EUR,[],,,,,,,,0.02,0.02,0.02,0.02,0.02,0.02,0.02,0.02,0.02,0.02,,,,,,,,,,,,,,,,,,,,,,,,,,,,,,,,,,,,,,,,,,EUR,0.15,0.09,Uncommon,toedscruel,Pokémon,https://www.tcggo.com/pokemon/obsidian-flames/toedscruel-119,sv3-119,509868,singles
2026-08-23T17:19:56+02:00,,371,aky CG Works,aky-cg-works,OBF 124,124,725204,197,230,OBF,Pokémon,pokemon,17,https://images.tcggo.com/tcggo/storage/38783/obf.png,Obsidian Flames,EUR,312.31,EUR,425.9,2023-08-11,1,Scarlet & Violet,scarlet-violet,obsidian-flames,230,2777,https://images.tcggo.com/tcggo/storage/2791/koraidon-ex-obf-124-obsidian-flames-pokemon.png,https://www.tcggo.com/external/cm/2777,https://www.tcggo.com/external/tcgplayer/2777,Koraidon ex,Koraidon ex 124,0.86,0.87,782,EUR,[],,,,,,,,0.35,0.57,0.57,0.99,0.99,0.35,0.6,0.6,0.27,0.27,,,,,,,,,,,,,,,,,,,,,,,,,,,,,,,,,,,,,,,,,,EUR,0.64,0.85,Double Rare,koraidon-ex,Pokémon,https://www.tcggo.com/pokemon/obsidian-flames/koraidon-ex-124,sv3-124,509878,singles
2026-08-23T17:19:56+02:00,,435,Aya Kusube,aya-kusube,OBF 37,37,725117,197,230,OBF,Pokémon,pokemon,17,https://images.tcggo.com/tcggo/storage/38783/obf.png,Obsidian Flames,EUR,312.31,EUR,425.9,2023-08-11,1,Scarlet & Violet,scarlet-violet,obsidian-flames,80,2778,https://images.tcggo.com/tcggo/storage/2792/lampent-obf-37-obsidian-flames-pokemon.png,https://www.tcggo.com/external/cm/2778,https://www.tcggo.com/external/tcgplayer/2778,Lampent,Lampent 37,0.04,0.03,4387,EUR,[],,,,,,,,0.02,0.02,0.02,0.02,0.02,0.02,0.02,0.02,0.02,0.02,,,,,,,,,,,,,,,,,,,,,,,,,,,,,,,,,,,,,,,,,,EUR,0.27,0.13,Common,lampent,Pokémon,https://www.tcggo.com/pokemon/obsidian-flames/lampent-37-1,sv3-37,509739,singles
2026-08-23T17:19:56+02:00,,425,Yukiko Baba,yukiko-baba,OBF 41,41,725121,197,230,OBF,Pokémon,pokemon,17,https://images.tcggo.com/tcggo/storage/38783/obf.png,Obsidian Flames,EUR,312.31,EUR,425.9,2023-08-11,1,Scarlet & Violet,scarlet-violet,obsidian-flames,140,2779,https://images.tcggo.com/tcggo/storage/2793/volcarona-obf-41-obsidian-flames-pokemon.png,https://www.tcggo.com/external/cm/2779,https://www.tcggo.com/external/tcgplayer/2779,Volcarona,Volcarona 41,0.04,0.04,7218,EUR,[],,,,,,,,0.02,0.02,0.02,0.02,0.02,0.02,0.02,0.02,0.02,0.02,,,,,,,,,,,,,,,,,,,,,,,,,,,,,,,,,,,,,,,,,,EUR,0.21,0.1,Uncommon,volcarona,Pokémon,https://www.tcggo.com/pokemon/obsidian-flames/volcarona-41,sv3-41,509747,singles
2026-08-23T17:19:56+02:00,,377,Souichirou Gunjima,souichirou-gunjima,OBF 44,44,725124,197,230,OBF,Pokémon,pokemon,17,https://images.tcggo.com/tcggo/storage/38783/obf.png,Obsidian Flames,EUR,312.31,EUR,425.9,2023-08-11,1,Scarlet & Violet,scarlet-violet,obsidian-flames,120,2780,https://images.tcggo.com/tcggo/storage/2794/armarouge-obf-44-obsidian-flames-pokemon.png,https://www.tcggo.com/external/cm/2780,https://www.tcggo.com/external/tcgplayer/2780,Armarouge,Armarouge 44,0.03,0.03,7146,EUR,[],,,,,,,,0.02,0.02,0.02,0.02,0.02,0.02,0.02,0.02,0.02,0.02,,,,,,,,,,,,,,,,,,,,,,,,,,,,,,,,,,,,,,,,,,EUR,0.23,0.12,Uncommon,armarouge,Pokémon,https://www.tcggo.com/pokemon/obsidian-flames/armarouge-44,sv3-44,509756,singles
2026-08-23T17:19:56+02:00,,471,Tonji Matsuno,tonji-matsuno,OBF 47,47,725127,197,230,OBF,Pokémon,pokemon,17,https://images.tcggo.com/tcggo/storage/38783/obf.png,Obsidian Flames,EUR,312.31,EUR,425.9,2023-08-11,1,Scarlet & Violet,scarlet-violet,obsidian-flames,120,2781,https://images.tcggo.com/tcggo/storage/2795/sharpedo-obf-47-obsidian-flames-pokemon.png,https://www.tcggo.com/external/cm/2781,https://www.tcggo.com/external/tcgplayer/2781,Sharpedo,Sharpedo 47,0.04,0.04,7009,EUR,[],,,,,,,,0.02,0.02,0.02,0.02,0.02,0.02,0.02,0.02,0.02,0.02,,,,,,,,,,,,,,,,,,,,,,,,,,,,,,,,,,,,,,,,,,EUR,0.21,0.11,Uncommon,sharpedo,Pokémon,https://www.tcggo.com/pokemon/obsidian-flames/sharpedo-47,sv3-47,509770,singles
2026-08-23T17:19:56+02:00,,492,Misa Tsutsui,misa-tsutsui,OBF 52,52,725132,197,230,OBF,Pokémon,pokemon,17,https://images.tcggo.com/tcggo/storage/38783/obf.png,Obsidian Flames,EUR,312.31,EUR,425.9,2023-08-11,1,Scarlet & Violet,scarlet-violet,obsidian-flames,170,2782,https://images.tcggo.com/tcggo/storage/2796/seismitoad-obf-52-obsidian-flames-pokemon.png,https://www.tcggo.com/external/cm/2782,https://www.tcggo.com/external/tcgplayer/2782,Seismitoad,Seismitoad 52,0.07,0.05,2572,EUR,[],,,,,,,,0.03,0.02,0.02,0.02,0.02,0.02,0.02,0.02,0.02,0.02,,,,,,,,,,,,,,,,,,,,,,,,,,,,,,,,,,,,,,,,,,EUR,0.22,0.13,Uncommon,seismitoad,Pokémon,https://www.tcggo.com/pokemon/obsidian-flames/seismitoad-52,sv3-52,509796,singles
2026-08-23T17:19:56+02:00,,363,Anesaki Dynamic,anesaki-dynamic,OBF 72,72,725152,197,230,OBF,Pokémon,pokemon,17,https://images.tcggo.com/tcggo/storage/38783/obf.png,Obsidian Flames,EUR,312.31,EUR,425.9,2023-08-11,1,Scarlet & Violet,scarlet-violet,obsidian-flames,140,2783,https://images.tcggo.com/tcggo/storage/2797/toxtricity-obf-72-obsidian-flames-pokemon.png,https://www.tcggo.com/external/cm/2783,https://www.tcggo.com/external/tcgplayer/2783,Toxtricity,Toxtricity 72,0.22,0.19,769,EUR,[],,,,,,,,0.02,0.02,0.02,0.03,0.03,0.02,0.04,0.04,0.02,0.02,,,,,,,,,,,,,,,,,,,,,,,,,,,,,,,,,,,,,,,,,,EUR,0.19,0.13,rare,toxtricity,Pokémon,https://www.tcggo.com/pokemon/obsidian-flames/toxtricity-72,sv3-72,509844,singles
2026-08-23T17:19:56+02:00,,378,Kouki Saitou,kouki-saitou,OBF 77,77,725157,197,230,OBF,Pokémon,pokemon,17,https://images.tcggo.com/tcggo/storage/38783/obf.png,Obsidian Flames,EUR,312.31,EUR,425.9,2023-08-11,1,Scarlet & Violet,scarlet-violet,obsidian-flames,130,2784,https://images.tcggo.com/tcggo/storage/2798/bellibolt-obf-77-obsidian-flames-pokemon.png,https://www.tcggo.com/external/cm/2784,https://www.tcggo.com/external/tcgplayer/2784,Bellibolt,Bellibolt 77,0.06,0.05,2924,EUR,[],,,,,,,,0.02,0.02,0.02,0.02,0.02,0.02,0.02,0.02,0.02,0.02,,,,,,,,,,,,,,,,,,,,,,,,,,,,,,,,,,,,,,,,,,EUR,0.26,0.13,Uncommon,bellibolt,Pokémon,https://www.tcggo.com/pokemon/obsidian-flames/bellibolt-77,sv3-77,509858,singles
2026-08-23T17:19:56+02:00,,507,0313,0313,OBF 89,89,725169,197,230,OBF,Pokémon,pokemon,17,https://images.tcggo.com/tcggo/storage/38783/obf.png,Obsidian Flames,EUR,312.31,EUR,425.9,2023-08-11,1,Scarlet & Violet,scarlet-violet,obsidian-flames,100,2785,https://images.tcggo.com/tcggo/storage/2799/mawile-obf-89-obsidian-flames-pokemon.png,https://www.tcggo.com/external/cm/2785,https://www.tcggo.com/external/tcgplayer/2785,Mawile,Mawile 89,0.04,0.05,6605,EUR,[],,,,,,,,0.02,0.02,0.02,0.02,0.02,0.02,0.02,0.02,0.02,0.02,,,,,,,,,,,,,,,,,,,,,,,,,,,,,,,,,,,,,,,,,,EUR,0.22,0.13,Common,mawile,Pokémon,https://www.tcggo.com/pokemon/obsidian-flames/mawile-89,sv3-89,511758,singles
2026-08-23T17:19:56+02:00,,373,GOSSAN,gossan,OBF 90,90,725170,197,230,OBF,Pokémon,pokemon,17,https://images.tcggo.com/tcggo/storage/38783/obf.png,Obsidian Flames,EUR,312.31,EUR,425.9,2023-08-11,1,Scarlet & Violet,scarlet-violet,obsidian-flames,70,2786,https://images.tcggo.com/tcggo/storage/2800/spoink-obf-90-obsidian-flames-pokemon.png,https://www.tcggo.com/external/cm/2786,https://www.tcggo.com/external/tcgplayer/2786,Spoink,Spoink 90,0.05,0.04,6844,EUR,[],,,,,,,,0.03,0.02,0.02,0.02,0.02,0.02,0.02,0.02,0.02,0.02,,,,,,,,,,,,,,,,,,,,,,,,,,,,,,,,,,,,,,,,,,EUR,0.15,0.12,Common,spoink,Pokémon,https://www.tcggo.com/pokemon/obsidian-flames/spoink-90,sv3-90,509863,singles
2026-08-23T17:19:56+02:00,,440,Shibuzoh.,shibuzoh,OBF 99,99,725179,197,230,OBF,Pokémon,pokemon,17,https://images.tcggo.com/tcggo/storage/38783/obf.png,Obsidian Flames,EUR,312.31,EUR,425.9,2023-08-11,1,Scarlet & Violet,scarlet-violet,obsidian-flames,70,2787,https://images.tcggo.com/tcggo/storage/2801/greavard-obf-99-obsidian-flames-pokemon.png,https://www.tcggo.com/external/cm/2787,https://www.tcggo.com/external/tcgplayer/2787,Greavard,Greavard 99,0.04,0.05,4429,EUR,[],,,,,,,,0.02,0.02,0.02,0.02,0.02,0.02,0.02,0.02,0.02,0.02,,,,,,,,,,,,,,,,,,,,,,,,,,,,,,,,,,,,,,,,,,EUR,0.23,0.13,Common,greavard,Pokémon,https://www.tcggo.com/pokemon/obsidian-flames/greavard-99,sv3-99,509933,singles
2026-08-23T17:19:56+02:00,,508,Nobuhiro Imagawa,nobuhiro-imagawa,OBF 107,107,725187,197,230,OBF,Pokémon,pokemon,17,https://images.tcggo.com/tcggo/storage/38783/obf.png,Obsidian Flames,EUR,312.31,EUR,425.9,2023-08-11,1,Scarlet & Violet,scarlet-violet,obsidian-flames,90,2788,https://images.tcggo.com/tcggo/storage/2802/nosepass-obf-107-obsidian-flames-pokemon.png,https://www.tcggo.com/external/cm/2788,https://www.tcggo.com/external/tcgplayer/2788,Nosepass,Nosepass 107,0.04,0.04,6885,EUR,[],,,,,,,,0.02,0.02,0.02,0.02,0.02,0.02,0.02,0.02,0.02,0.02,,,,,,,,,,,,,,,,,,,,,,,,,,,,,,,,,,,,,,,,,,EUR,0.16,0.11,Common,nosepass,Pokémon,https://www.tcggo.com/pokemon/obsidian-flames/nosepass-107,sv3-107,509795,singles
2026-08-23T17:19:56+02:00,,482,Mizue,mizue,OBF 110,110,725190,197,230,OBF,Pokémon,pokemon,17,https://images.tcggo.com/tcggo/storage/38783/obf.png,Obsidian Flames,EUR,312.31,EUR,425.9,2023-08-11,1,Scarlet & Violet,scarlet-violet,obsidian-flames,30,2789,https://images.tcggo.com/tcggo/storage/2803/bonsly-obf-110-obsidian-flames-pokemon.png,https://www.tcggo.com/external/cm/2789,https://www.tcggo.com/external/tcgplayer/2789,Bonsly,Bonsly 110,0.05,0.04,6079,EUR,[],,,,,,,,0.02,0.02,0.02,0.02,0.02,0.02,0.02,0.02,0.02,0.02,,,,,,,,,,,,,,,,,,,,,,,,,,,,,,,,,,,,,,,,,,EUR,0.26,0.14,Common,bonsly,Pokémon,https://www.tcggo.com/pokemon/obsidian-flames/bonsly-110,sv3-110,509804,singles
2026-08-23T17:19:56+02:00,,381,sowsow,sowsow,OBF 111,111,725191,197,230,OBF,Pokémon,pokemon,17,https://images.tcggo.com/tcggo/storage/38783/obf.png,Obsidian Flames,EUR,312.31,EUR,425.9,2023-08-11,1,Scarlet & Violet,scarlet-violet,obsidian-flames,70,2790,https://images.tcggo.com/tcggo/storage/2804/drilbur-obf-111-obsidian-flames-pokemon.png,https://www.tcggo.com/external/cm/2790,https://www.tcggo.com/external/tcgplayer/2790,Drilbur,Drilbur 111,0.04,0.03,6726,EUR,[],,,,,,,,0.02,0.02,0.02,0.02,0.02,0.02,0.02,0.02,0.02,0.02,,,,,,,,,,,,,,,,,,,,,,,,,,,,,,,,,,,,,,,,,,EUR,0.17,0.11,Common,drilbur,Pokémon,https://www.tcggo.com/pokemon/obsidian-flames/drilbur-111,sv3-111,509808,singles
2026-08-23T17:19:56+02:00,,530,Sumiyoshi Kizuki,sumiyoshi-kizuki,OBF 112,112,725192,197,230,OBF,Pokémon,pokemon,17,https://images.tcggo.com/tcggo/storage/38783/obf.png,Obsidian Flames,EUR,312.31,EUR,425.9,2023-08-11,1,Scarlet & Violet,scarlet-violet,obsidian-flames,120,2791,https://images.tcggo.com/tcggo/storage/2805/stunfisk-obf-112-obsidian-flames-pokemon.png,https://www.tcggo.com/external/cm/2791,https://www.tcggo.com/external/tcgplayer/2791,Stunfisk,Stunfisk 112,0.03,0.03,7482,EUR,[],,,,,,,,0.02,0.02,0.02,0.02,0.02,0.02,0.02,0.02,0.02,0.02,,,,,,,,,,,,,,,,,,,,,,,,,,,,,,,,,,,,,,,,,,EUR,0.21,0.09,Uncommon,stunfisk,Pokémon,https://www.tcggo.com/pokemon/obsidian-flames/stunfisk-112,sv3-112,509814,singles
2026-08-23T17:19:56+02:00,,371,aky CG Works,aky-cg-works,OBF 120,120,725200,197,230,OBF,Pokémon,pokemon,17,https://images.tcggo.com/tcggo/storage/38783/obf.png,Obsidian Flames,EUR,312.31,EUR,425.9,2023-08-11,1,Scarlet & Violet,scarlet-violet,obsidian-flames,220,2792,https://images.tcggo.com/tcggo/storage/2806/klawf-ex-obf-120-obsidian-flames-pokemon.png,https://www.tcggo.com/external/cm/2792,https://www.tcggo.com/external/tcgplayer/2792,Klawf ex,Klawf ex 120,0.88,0.84,870,EUR,[],,,,,,,,0.3,0.35,0.35,0.69,0.69,0.3,0.6,0.6,0.05,0.05,,,,,,,,,,,,,,,,,,,,,,,,,,,,,,,,,,,,,,,,,,EUR,0.76,0.81,Double Rare,klawf-ex,Pokémon,https://www.tcggo.com/pokemon/obsidian-flames/klawf-ex-120,sv3-120,509869,singles
2026-08-23T17:19:56+02:00,,378,Kouki Saitou,kouki-saitou,OBF 128,128,725208,197,230,OBF,Pokémon,pokemon,17,https://images.tcggo.com/tcggo/storage/38783/obf.png,Obsidian Flames,EUR,312.31,EUR,425.9,2023-08-11,1,Scarlet & Violet,scarlet-violet,obsidian-flames,140,2793,https://images.tcggo.com/tcggo/storage/2807/paldean-clodsire-obf-128-obsidian-flames-pokemon.png,https://www.tcggo.com/external/cm/2793,https://www.tcggo.com/external/tcgplayer/2793,Paldean Clodsire,Paldean Clodsire 128,0.08,0.06,2547,EUR,[],,,,,,,,0.03,0.02,0.02,0.02,0.02,0.02,0.02,0.02,0.02,0.02,,,,,,,,,,,,,,,,,,,,,,,,,,,,,,,,,,,,,,,,,,EUR,0.32,0.13,Uncommon,paldean-clodsire,Pokémon,https://www.tcggo.com/pokemon/obsidian-flames/paldean-clodsire-128,sv3-128,509884,singles
2026-08-23T17:19:56+02:00,,487,Haru Akasaka,haru-akasaka,OBF 38,38,725118,197,230,OBF,Pokémon,pokemon,17,https://images.tcggo.com/tcggo/storage/38783/obf.png,Obsidian Flames,EUR,312.31,EUR,425.9,2023-08-11,1,Scarlet & Violet,scarlet-violet,obsidian-flames,150,2794,https://images.tcggo.com/tcggo/storage/2808/chandelure-obf-38-obsidian-flames-pokemon.png,https://www.tcggo.com/external/cm/2794,https://www.tcggo.com/external/tcgplayer/2794,Chandelure,Chandelure 38,0.06,0.06,2781,EUR,[],,,,,,,,0.02,0.02,0.02,0.02,0.02,0.02,0.02,0.02,0.02,0.02,,,,,,,,,,,,,,,,,,,,,,,,,,,,,,,,,,,,,,,,,,EUR,0.29,0.13,Uncommon,chandelure,Pokémon,https://www.tcggo.com/pokemon/obsidian-flames/chandelure-38-1,sv3-38,509742,singles
2026-08-23T17:19:56+02:00,,401,Yuka Morii,yuka-morii,OBF 40,40,725120,197,230,OBF,Pokémon,pokemon,17,https://images.tcggo.com/tcggo/storage/38783/obf.png,Obsidian Flames,EUR,312.31,EUR,425.9,2023-08-11,1,Scarlet & Violet,scarlet-violet,obsidian-flames,80,2795,https://images.tcggo.com/tcggo/storage/2809/larvesta-obf-40-obsidian-flames-pokemon.png,https://www.tcggo.com/external/cm/2795,https://www.tcggo.com/external/tcgplayer/2795,Larvesta,Larvesta 40,0.04,0.03,11734,EUR,[],,,,,,,,0.02,0.02,0.02,0.02,0.02,0.02,0.02,0.02,0.02,0.02,,,,,,,,,,,,,,,,,,,,,,,,,,,,,,,,,,,,,,,,,,EUR,0.2,0.1,Common,larvesta,Pokémon,https://www.tcggo.com/pokemon/obsidian-flames/larvesta-40,sv3-40,509746,singles
2026-08-23T17:19:56+02:00,,360,Saya Tsuruta,saya-tsuruta,OBF 43,43,725123,197,230,OBF,Pokémon,pokemon,17,https://images.tcggo.com/tcggo/storage/38783/obf.png,Obsidian Flames,EUR,312.31,EUR,425.9,2023-08-11,1,Scarlet & Violet,scarlet-violet,obsidian-flames,70,2796,https://images.tcggo.com/tcggo/storage/2810/charcadet-obf-43-obsidian-flames-pokemon.png,https://www.tcggo.com/external/cm/2796,https://www.tcggo.com/external/tcgplayer/2796,Charcadet,Charcadet 43,0.03,0.03,12120,EUR,[],,,,,,,,0.02,0.02,0.02,0.02,0.02,0.02,0.02,0.02,0.02,0.02,,,,,,,,,,,,,,,,,,,,,,,,,,,,,,,,,,,,,,,,,,EUR,0.17,0.11,Common,charcadet,Pokémon,https://www.tcggo.com/pokemon/obsidian-flames/charcadet-43,sv3-43,509755,singles
2026-08-23T17:19:56+02:00,,386,Jerky,jerky,OBF 46,46,725126,197,230,OBF,Pokémon,pokemon,17,https://images.tcggo.com/tcggo/storage/38783/obf.png,Obsidian Flames,EUR,312.31,EUR,425.9,2023-08-11,1,Scarlet & Violet,scarlet-violet,obsidian-flames,50,2797,https://images.tcggo.com/tcggo/storage/2811/carvanha-obf-46-obsidian-flames-pokemon.png,https://www.tcggo.com/external/cm/2797,https://www.tcggo.com/external/tcgplayer/2797,Carvanha,Carvanha 46,0.04,0.03,6919,EUR,[],,,,,,,,0.02,0.02,0.02,0.02,0.02,0.02,0.02,0.02,0.02,0.02,,,,,,,,,,,,,,,,,,,,,,,,,,,,,,,,,,,,,,,,,,EUR,0.11,0.1,Common,carvanha,Pokémon,https://www.tcggo.com/pokemon/obsidian-flames/carvanha-46,sv3-46,509763,singles
2026-08-23T17:19:56+02:00,,381,sowsow,sowsow,OBF 51,51,725131,197,230,OBF,Pokémon,pokemon,17,https://images.tcggo.com/tcggo/storage/38783/obf.png,Obsidian Flames,EUR,312.31,EUR,425.9,2023-08-11,1,Scarlet & Violet,scarlet-violet,obsidian-flames,100,2798,https://images.tcggo.com/tcggo/storage/2812/palpitoad-obf-51-obsidian-flames-pokemon.png,https://www.tcggo.com/external/cm/2798,https://www.tcggo.com/external/tcgplayer/2798,Palpitoad,Palpitoad 51,0.06,0.04,4152,EUR,[],,,,,,,,0.02,0.02,0.02,0.02,0.02,0.02,0.02,0.02,0.02,0.02,,,,,,,,,,,,,,,,,,,,,,,,,,,,,,,,,,,,,,,,,,EUR,0.21,0.11,Common,palpitoad,Pokémon,https://www.tcggo.com/pokemon/obsidian-flames/palpitoad-51,sv3-51,509794,singles
2026-08-23T17:19:56+02:00,,413,Atsuya Uki,atsuya-uki,OBF 56,56,725136,197,230,OBF,Pokémon,pokemon,17,https://images.tcggo.com/tcggo/storage/38783/obf.png,Obsidian Flames,EUR,312.31,EUR,425.9,2023-08-11,1,Scarlet & Violet,scarlet-violet,obsidian-flames,70,2799,https://images.tcggo.com/tcggo/storage/2813/froakie-obf-56-obsidian-flames-pokemon.png,https://www.tcggo.com/external/cm/2799,https://www.tcggo.com/external/tcgplayer/2799,Froakie,Froakie 56,0.08,0.04,10138,EUR,[],,,,,,,,0.02,0.02,0.02,0.02,0.02,0.02,0.02,0.02,0.02,0.02,,,,,,,,,,,,,,,,,,,,,,,,,,,,,,,,,,,,,,,,,,EUR,0.26,0.13,Common,froakie,Pokémon,https://www.tcggo.com/pokemon/obsidian-flames/froakie-56-1,sv3-56,509803,singles
2026-08-23T17:19:56+02:00,,471,Tonji Matsuno,tonji-matsuno,OBF 57,57,725137,197,230,OBF,Pokémon,pokemon,17,https://images.tcggo.com/tcggo/storage/38783/obf.png,Obsidian Flames,EUR,312.31,EUR,425.9,2023-08-11,1,Scarlet & Violet,scarlet-violet,obsidian-flames,90,2800,https://images.tcggo.com/tcggo/storage/2814/frogadier-obf-57-obsidian-flames-pokemon.png,https://www.tcggo.com/external/cm/2800,https://www.tcggo.com/external/tcgplayer/2800,Frogadier,Frogadier 57,0.26,0.22,1302,EUR,[],,,,,,,,0.02,0.02,0.02,0.2,0.2,0.02,0.02,0.02,0.02,0.02,,,,,,,,,,,,,,,,,,,,,,,,,,,,,,,,,,,,,,,,,,EUR,0.21,0.13,Uncommon,frogadier,Pokémon,https://www.tcggo.com/pokemon/obsidian-flames/frogadier-57-1,sv3-57,509805,singles
2026-08-23T17:19:56+02:00,,426,Akira Komayama,akira-komayama,OBF 59,59,725139,197,230,OBF,Pokémon,pokemon,17,https://images.tcggo.com/tcggo/storage/38783/obf.png,Obsidian Flames,EUR,312.31,EUR,425.9,2023-08-11,1,Scarlet & Violet,scarlet-violet,obsidian-flames,90,2801,https://images.tcggo.com/tcggo/storage/2815/wugtrio-obf-59-obsidian-flames-pokemon.png,https://www.tcggo.com/external/cm/2801,https://www.tcggo.com/external/tcgplayer/2801,Wugtrio,Wugtrio 59,0.04,0.03,7645,EUR,[],,,,,,,,0.02,0.02,0.02,0.02,0.02,0.02,0.02,0.02,0.02,0.02,,,,,,,,,,,,,,,,,,,,,,,,,,,,,,,,,,,,,,,,,,EUR,0.2,0.11,Uncommon,wugtrio,Pokémon,https://www.tcggo.com/pokemon/obsidian-flames/wugtrio-59,sv3-59,509810,singles
2026-08-23T17:19:56+02:00,,378,Kouki Saitou,kouki-saitou,OBF 61,61,725141,197,230,OBF,Pokémon,pokemon,17,https://images.tcggo.com/tcggo/storage/38783/obf.png,Obsidian Flames,EUR,312.31,EUR,425.9,2023-08-11,1,Scarlet & Violet,scarlet-violet,obsidian-flames,90,2802,https://images.tcggo.com/tcggo/storage/2816/finizen-obf-61-obsidian-flames-pokemon.png,https://www.tcggo.com/external/cm/2802,https://www.tcggo.com/external/tcgplayer/2802,Finizen,Finizen 61,0.05,0.04,4211,EUR,[],,,,,,,,0.02,0.02,0.02,0.02,0.02,0.02,0.02,0.02,0.02,0.02,,,,,,,,,,,,,,,,,,,,,,,,,,,,,,,,,,,,,,,,,,EUR,0.26,0.1,Common,finizen,Pokémon,https://www.tcggo.com/pokemon/obsidian-flames/finizen-61,sv3-61,509816,singles
2026-08-23T17:19:56+02:00,,371,aky CG Works,aky-cg-works,OBF 73,73,725153,197,230,OBF,Pokémon,pokemon,17,https://images.tcggo.com/tcggo/storage/38783/obf.png,Obsidian Flames,EUR,312.31,EUR,425.9,2023-08-11,1,Scarlet & Violet,scarlet-violet,obsidian-flames,300,2803,https://images.tcggo.com/tcggo/storage/2817/pawmot-ex-obf-73-obsidian-flames-pokemon.png,https://www.tcggo.com/external/cm/2803,https://www.tcggo.com/external/tcgplayer/2803,Pawmot ex,Pawmot ex 73,0.86,0.76,2581,EUR,[],,,,,,,,0.3,0.39,0.39,0.49,0.49,0.3,0.3,0.3,0.04,0.04,,,,,,,,,,,,,,,,,,,,,,,,,,,,,,,,,,,,,,,,,,EUR,0.74,0.85,Double Rare,pawmot-ex,Pokémon,https://www.tcggo.com/pokemon/obsidian-flames/pawmot-ex-73,sv3-73,509846,singles
2026-08-23T17:19:56+02:00,,360,Saya Tsuruta,saya-tsuruta,OBF 75,75,725155,197,230,OBF,Pokémon,pokemon,17,https://images.tcggo.com/tcggo/storage/38783/obf.png,Obsidian Flames,EUR,312.31,EUR,425.9,2023-08-11,1,Scarlet & Violet,scarlet-violet,obsidian-flames,60,2804,https://images.tcggo.com/tcggo/storage/2818/tadbulb-obf-75-obsidian-flames-pokemon.png,https://www.tcggo.com/external/cm/2804,https://www.tcggo.com/external/tcgplayer/2804,Tadbulb,Tadbulb 75,0.04,0.03,4551,EUR,[],,,,,,,,0.02,0.02,0.02,0.02,0.02,0.02,0.02,0.02,0.02,0.02,,,,,,,,,,,,,,,,,,,,,,,,,,,,,,,,,,,,,,,,,,EUR,0.22,0.13,Common,tadbulb,Pokémon,https://www.tcggo.com/pokemon/obsidian-flames/tadbulb-75,sv3-75,509851,singles
2026-08-23T17:19:56+02:00,,364,Toshinao Aoki,toshinao-aoki,OBF 78,78,725158,197,230,OBF,Pokémon,pokemon,17,https://images.tcggo.com/tcggo/storage/38783/obf.png,Obsidian Flames,EUR,312.31,EUR,425.9,2023-08-11,1,Scarlet & Violet,scarlet-violet,obsidian-flames,140,2805,https://images.tcggo.com/tcggo/storage/2819/bellibolt-obf-78-obsidian-flames-pokemon.png,https://www.tcggo.com/external/cm/2805,https://www.tcggo.com/external/tcgplayer/2805,Bellibolt,Bellibolt 78,0.06,0.08,2897,EUR,[],,,,,,,,0.02,0.02,0.02,0.02,0.02,0.02,0.02,0.02,0.02,0.02,,,,,,,,,,,,,,,,,,,,,,,,,,,,,,,,,,,,,,,,,,EUR,0.26,0.13,Uncommon,bellibolt,Pokémon,https://www.tcggo.com/pokemon/obsidian-flames/bellibolt-78,sv3-78,509862,singles
2026-08-23T17:19:56+02:00,,380,5ban Graphics,5ban-graphics,OBF 79,79,725159,197,230,OBF,Pokémon,pokemon,17,https://images.tcggo.com/tcggo/storage/38783/obf.png,Obsidian Flames,EUR,312.31,EUR,425.9,2023-08-11,1,Scarlet & Violet,scarlet-violet,obsidian-flames,220,2806,https://images.tcggo.com/tcggo/storage/2820/miraidon-ex-obf-79-obsidian-flames-pokemon.png,https://www.tcggo.com/external/cm/2806,https://www.tcggo.com/external/tcgplayer/2806,Miraidon ex,Miraidon ex 79,0.97,1.1,771,EUR,[],,,,,,,,0.5,0.4,0.4,2.7,2.7,0.5,0.79,0.79,0.38,0.38,,,,,,,,,,,,,,,,,,,,,,,,,,,,,,,,,,,,,,,,,,EUR,0.89,0.85,Double Rare,miraidon-ex,Pokémon,https://www.tcggo.com/pokemon/obsidian-flames/miraidon-ex-79,sv3-79,509864,singles
2026-08-23T17:19:56+02:00,,483,Kyoko Umemoto,kyoko-umemoto,OBF 84,84,725164,197,230,OBF,Pokémon,pokemon,17,https://images.tcggo.com/tcggo/storage/38783/obf.png,Obsidian Flames,EUR,312.31,EUR,425.9,2023-08-11,1,Scarlet & Violet,scarlet-violet,obsidian-flames,90,2807,https://images.tcggo.com/tcggo/storage/2821/togetic-obf-84-obsidian-flames-pokemon.png,https://www.tcggo.com/external/cm/2807,https://www.tcggo.com/external/tcgplayer/2807,Togetic,Togetic 84,0.05,0.06,7499,EUR,[],,,,,,,,0.02,0.02,0.02,0.02,0.02,0.02,0.02,0.02,0.02,0.02,,,,,,,,,,,,,,,,,,,,,,,,,,,,,,,,,,,,,,,,,,EUR,0.28,0.13,Uncommon,togetic,Pokémon,https://www.tcggo.com/pokemon/obsidian-flames/togetic-84,sv3-84,509833,singles
2026-08-23T17:19:56+02:00,,387,Scav,scav,OBF 91,91,725171,197,230,OBF,Pokémon,pokemon,17,https://images.tcggo.com/tcggo/storage/38783/obf.png,Obsidian Flames,EUR,312.31,EUR,425.9,2023-08-11,1,Scarlet & Violet,scarlet-violet,obsidian-flames,120,2808,https://images.tcggo.com/tcggo/storage/2822/grumpig-obf-91-obsidian-flames-pokemon.png,https://www.tcggo.com/external/cm/2808,https://www.tcggo.com/external/tcgplayer/2808,Grumpig,Grumpig 91,0.04,0.03,7098,EUR,[],,,,,,,,0.02,0.02,0.02,0.02,0.02,0.02,0.02,0.02,0.02,0.02,,,,,,,,,,,,,,,,,,,,,,,,,,,,,,,,,,,,,,,,,,EUR,0.2,0.1,Uncommon,grumpig,Pokémon,https://www.tcggo.com/pokemon/obsidian-flames/grumpig-91,sv3-91,509867,singles
2026-08-23T17:19:56+02:00,,431,Tetsu Kayama,tetsu-kayama,OBF 93,93,725173,197,230,OBF,Pokémon,pokemon,17,https://images.tcggo.com/tcggo/storage/38783/obf.png,Obsidian Flames,EUR,312.31,EUR,425.9,2023-08-11,1,Scarlet & Violet,scarlet-violet,obsidian-flames,90,2809,https://images.tcggo.com/tcggo/storage/2823/solrock-obf-93-obsidian-flames-pokemon.png,https://www.tcggo.com/external/cm/2809,https://www.tcggo.com/external/tcgplayer/2809,Solrock,Solrock 93,0.03,0.04,7750,EUR,[],,,,,,,,0.02,0.02,0.02,0.02,0.02,0.02,0.02,0.02,0.02,0.02,,,,,,,,,,,,,,,,,,,,,,,,,,,,,,,,,,,,,,,,,,EUR,0.2,0.12,Uncommon,solrock,Pokémon,https://www.tcggo.com/pokemon/obsidian-flames/solrock-93,sv3-93,509872,singles
2026-08-23T17:19:56+02:00,,520,Megumi Mizutani,megumi-mizutani,OBF 98,98,725178,197,230,OBF,Pokémon,pokemon,17,https://images.tcggo.com/tcggo/storage/38783/obf.png,Obsidian Flames,EUR,312.31,EUR,425.9,2023-08-11,1,Scarlet & Violet,scarlet-violet,obsidian-flames,70,2810,https://images.tcggo.com/tcggo/storage/2824/polteageist-obf-98-obsidian-flames-pokemon.png,https://www.tcggo.com/external/cm/2810,https://www.tcggo.com/external/tcgplayer/2810,Polteageist,Polteageist 98,0.05,0.04,6902,EUR,[],,,,,,,,0.02,0.02,0.02,0.02,0.02,0.02,0.02,0.02,0.02,0.02,,,,,,,,,,,,,,,,,,,,,,,,,,,,,,,,,,,,,,,,,,EUR,0.21,0.13,Uncommon,polteageist,Pokémon,https://www.tcggo.com/pokemon/obsidian-flames/polteageist-98,sv3-98,509931,singles
2026-08-23T17:19:56+02:00,,360,Saya Tsuruta,saya-tsuruta,OBF 101,101,725181,197,230,OBF,Pokémon,pokemon,17,https://images.tcggo.com/tcggo/storage/38783/obf.png,Obsidian Flames,EUR,312.31,EUR,425.9,2023-08-11,1,Scarlet & Violet,scarlet-violet,obsidian-flames,140,2811,https://images.tcggo.com/tcggo/storage/2825/houndstone-obf-101-obsidian-flames-pokemon.png,https://www.tcggo.com/external/cm/2811,https://www.tcggo.com/external/tcgplayer/2811,Houndstone,Houndstone 101,0.05,0.05,7385,EUR,[],,,,,,,,0.02,0.02,0.02,0.02,0.02,0.02,0.02,0.02,0.02,0.02,,,,,,,,,,,,,,,,,,,,,,,,,,,,,,,,,,,,,,,,,,EUR,0.21,0.12,Uncommon,houndstone,Pokémon,https://www.tcggo.com/pokemon/obsidian-flames/houndstone-101,sv3-101,509953,singles
2026-08-23T17:19:56+02:00,,380,5ban Graphics,5ban-graphics,OBF 102,102,725182,197,230,OBF,Pokémon,pokemon,17,https://images.tcggo.com/tcggo/storage/38783/obf.png,Obsidian Flames,EUR,312.31,EUR,425.9,2023-08-11,1,Scarlet & Violet,scarlet-violet,obsidian-flames,260,2812,https://images.tcggo.com/tcggo/storage/2826/houndstone-ex-obf-102-obsidian-flames-pokemon.png,https://www.tcggo.com/external/cm/2812,https://www.tcggo.com/external/tcgplayer/2812,Houndstone ex,Houndstone ex 102,0.85,0.74,805,EUR,[],,,,,,,,0.4,0.46,0.46,0.87,0.87,0.4,0.75,0.75,0.19,0.19,,,,,,,,,,,,,,,,,,,,,,,,,,,,,,,,,,,,,,,,,,EUR,0.85,0.85,Double Rare,houndstone-ex,Pokémon,https://www.tcggo.com/pokemon/obsidian-flames/houndstone-ex-102,sv3-102,509958,singles
2026-08-23T17:19:56+02:00,,494,Nelnal,nelnal,OBF 104,104,725184,197,230,OBF,Pokémon,pokemon,17,https://images.tcggo.com/tcggo/storage/38783/obf.png,Obsidian Flames,EUR,312.31,EUR,425.9,2023-08-11,1,Scarlet & Violet,scarlet-violet,obsidian-flames,90,2813,https://images.tcggo.com/tcggo/storage/2827/dugtrio-obf-104-obsidian-flames-pokemon.png,https://www.tcggo.com/external/cm/2813,https://www.tcggo.com/external/tcgplayer/2813,Dugtrio,Dugtrio 104,0.04,0.05,6923,EUR,[],,,,,,,,0.02,0.02,0.02,0.02,0.02,0.02,0.02,0.02,0.02,0.02,,,,,,,,,,,,,,,,,,,,,,,,,,,,,,,,,,,,,,,,,,EUR,0.21,0.13,Uncommon,dugtrio,Pokémon,https://www.tcggo.com/pokemon/obsidian-flames/dugtrio-104,sv3-104,509791,singles
2026-08-23T17:19:56+02:00,,533,SATOSHI NAKAI,satoshi-nakai,OBF 113,113,725193,197,230,OBF,Pokémon,pokemon,17,https://images.tcggo.com/tcggo/storage/38783/obf.png,Obsidian Flames,EUR,312.31,EUR,425.9,2023-08-11,1,Scarlet & Violet,scarlet-violet,obsidian-flames,140,2814,https://images.tcggo.com/tcggo/storage/2828/diggersby-obf-113-obsidian-flames-pokemon.png,https://www.tcggo.com/external/cm/2814,https://www.tcggo.com/external/tcgplayer/2814,Diggersby,Diggersby 113,0.04,0.04,7548,EUR,[],,,,,,,,0.02,0.02,0.02,0.02,0.02,0.02,0.02,0.02,0.02,0.02,,,,,,,,,,,,,,,,,,,,,,,,,,,,,,,,,,,,,,,,,,EUR,0.21,0.1,Uncommon,diggersby,Pokémon,https://www.tcggo.com/pokemon/obsidian-flames/diggersby-113,sv3-113,509836,singles
2026-08-23T17:19:56+02:00,,368,Oswaldo KATO,oswaldo-kato,OBF 118,118,725198,197,230,OBF,Pokémon,pokemon,17,https://images.tcggo.com/tcggo/storage/38783/obf.png,Obsidian Flames,EUR,312.31,EUR,425.9,2023-08-11,1,Scarlet & Violet,scarlet-violet,obsidian-flames,60,2815,https://images.tcggo.com/tcggo/storage/2829/toedscool-obf-118-obsidian-flames-pokemon.png,https://www.tcggo.com/external/cm/2815,https://www.tcggo.com/external/tcgplayer/2815,Toedscool,Toedscool 118,0.03,0.03,12533,EUR,[],,,,,,,,0.02,0.02,0.02,0.02,0.02,0.02,0.02,0.02,0.02,0.02,,,,,,,,,,,,,,,,,,,,,,,,,,,,,,,,,,,,,,,,,,EUR,0.15,0.1,Common,toedscool,Pokémon,https://www.tcggo.com/pokemon/obsidian-flames/toedscool-118,sv3-118,509866,singles
2026-08-23T17:19:56+02:00,,459,GIDORA,gidora,OBF 122,122,725202,197,230,OBF,Pokémon,pokemon,17,https://images.tcggo.com/tcggo/storage/38783/obf.png,Obsidian Flames,EUR,312.31,EUR,425.9,2023-08-11,1,Scarlet & Violet,scarlet-violet,obsidian-flames,70,2816,https://images.tcggo.com/tcggo/storage/2830/glimmet-obf-122-obsidian-flames-pokemon.png,https://www.tcggo.com/external/cm/2816,https://www.tcggo.com/external/tcgplayer/2816,Glimmet,Glimmet 122,0.04,0.04,4515,EUR,[],,,,,,,,0.02,0.02,0.02,0.02,0.02,0.02,0.02,0.02,0.02,0.02,,,,,,,,,,,,,,,,,,,,,,,,,,,,,,,,,,,,,,,,,,EUR,0.18,0.1,Common,glimmet,Pokémon,https://www.tcggo.com/pokemon/obsidian-flames/glimmet-122,sv3-122,509875,singles
2026-08-23T17:19:56+02:00,,380,5ban Graphics,5ban-graphics,OBF 123,123,725203,197,230,OBF,Pokémon,pokemon,17,https://images.tcggo.com/tcggo/storage/38783/obf.png,Obsidian Flames,EUR,312.31,EUR,425.9,2023-08-11,1,Scarlet & Violet,scarlet-violet,obsidian-flames,270,2817,https://images.tcggo.com/tcggo/storage/2831/glimmora-ex-obf-123-obsidian-flames-pokemon.png,https://www.tcggo.com/external/cm/2817,https://www.tcggo.com/external/tcgplayer/2817,Glimmora ex,Glimmora ex 123,0.86,0.83,912,EUR,[],,,,,,,,0.2,0.26,0.26,0.7,0.7,0.2,0.5,0.5,0.19,0.19,,,,,,,,,,,,,,,,,,,,,,,,,,,,,,,,,,,,,,,,,,EUR,0.64,0.84,Double Rare,glimmora-ex,Pokémon,https://www.tcggo.com/pokemon/obsidian-flames/glimmora-ex-123,sv3-123,509877,singles
2026-08-23T17:19:56+02:00,,380,5ban Graphics,5ban-graphics,OBF 125,125,725205,197,230,OBF,Pokémon,pokemon,17,https://images.tcggo.com/tcggo/storage/38783/obf.png,Obsidian Flames,EUR,312.31,EUR,425.9,2023-08-11,1,Scarlet & Violet,scarlet-violet,obsidian-flames,330,2818,https://images.tcggo.com/tcggo/storage/2832/charizard-ex-obf-125-obsidian-flames-pokemon.png,https://www.tcggo.com/external/cm/2818,https://www.tcggo.com/external/tcgplayer/2818,Charizard ex,Charizard ex 125,4.11,4.6,890,EUR,,,300,29,35,179,,40,2,2.99,2.99,2,2,2,2.9,2.9,2,2,,,,,,,,,,,,,,,,,,,,,,,,,,,,,,,,,,,,,,,,,,EUR,4.24,5.83,Double Rare,charizard-ex,Pokémon,https://www.tcggo.com/pokemon/obsidian-flames/charizard-ex-125,sv3-125,509879,singles
2026-08-23T17:19:56+02:00,,440,Shibuzoh.,shibuzoh,OBF 126,126,725206,197,230,OBF,Pokémon,pokemon,17,https://images.tcggo.com/tcggo/storage/38783/obf.png,Obsidian Flames,EUR,312.31,EUR,425.9,2023-08-11,1,Scarlet & Violet,scarlet-violet,obsidian-flames,60,2819,https://images.tcggo.com/tcggo/storage/2833/paldean-wooper-obf-126-obsidian-flames-pokemon.png,https://www.tcggo.com/external/cm/2819,https://www.tcggo.com/external/tcgplayer/2819,Paldean Wooper,Paldean Wooper 126,0.05,0.06,6074,EUR,[],,,,,,,,0.02,0.02,0.02,0.02,0.02,0.02,0.02,0.02,0.02,0.02,,,,,,,,,,,,,,,,,,,,,,,,,,,,,,,,,,,,,,,,,,EUR,0.26,0.14,Common,paldean-wooper,Pokémon,https://www.tcggo.com/pokemon/obsidian-flames/paldean-wooper-126,sv3-126,509880,singles
2026-08-23T17:19:56+02:00,,397,Kurata So,kurata-so,OBF 132,132,725212,197,230,OBF,Pokémon,pokemon,17,https://images.tcggo.com/tcggo/storage/38783/obf.png,Obsidian Flames,EUR,312.31,EUR,425.9,2023-08-11,1,Scarlet & Violet,scarlet-violet,obsidian-flames,70,2820,https://images.tcggo.com/tcggo/storage/2834/houndour-obf-132-obsidian-flames-pokemon.png,https://www.tcggo.com/external/cm/2820,https://www.tcggo.com/external/tcgplayer/2820,Houndour,Houndour 132,0.05,0.06,4394,EUR,[],,,,,,,,0.02,0.02,0.02,0.02,0.02,0.02,0.02,0.02,0.02,0.02,,,,,,,,,,,,,,,,,,,,,,,,,,,,,,,,,,,,,,,,,,EUR,0.24,0.13,Common,houndour,Pokémon,https://www.tcggo.com/pokemon/obsidian-flames/houndour-132,sv3-132,509891,singles
2026-08-23T17:19:56+02:00,,387,Scav,scav,OBF 131,131,725211,197,230,OBF,Pokémon,pokemon,17,https://images.tcggo.com/tcggo/storage/38783/obf.png,Obsidian Flames,EUR,312.31,EUR,425.9,2023-08-11,1,Scarlet & Violet,scarlet-violet,obsidian-flames,50,2821,https://images.tcggo.com/tcggo/storage/2835/houndour-obf-131-obsidian-flames-pokemon.png,https://www.tcggo.com/external/cm/2821,https://www.tcggo.com/external/tcgplayer/2821,Houndour,Houndour 131,0.04,0.05,4788,EUR,[],,,,,,,,0.02,0.02,0.02,0.02,0.02,0.02,0.02,0.02,0.02,0.02,,,,,,,,,,,,,,,,,,,,,,,,,,,,,,,,,,,,,,,,,,EUR,0.25,0.12,Common,houndour,Pokémon,https://www.tcggo.com/pokemon/obsidian-flames/houndour-131,sv3-131,509890,singles
2026-08-23T17:19:56+02:00,,487,Haru Akasaka,haru-akasaka,OBF 133,133,725213,197,230,OBF,Pokémon,pokemon,17,https://images.tcggo.com/tcggo/storage/38783/obf.png,Obsidian Flames,EUR,312.31,EUR,425.9,2023-08-11,1,Scarlet & Violet,scarlet-violet,obsidian-flames,130,2822,https://images.tcggo.com/tcggo/storage/2836/houndoom-obf-133-obsidian-flames-pokemon.png,https://www.tcggo.com/external/cm/2822,https://www.tcggo.com/external/tcgplayer/2822,Houndoom,Houndoom 133,0.05,0.05,7087,EUR,[],,,,,,,,0.02,0.02,0.02,0.02,0.02,0.02,0.02,0.02,0.02,0.02,,,,,,,,,,,,,,,,,,,,,,,,,,,,,,,,,,,,,,,,,,EUR,0.25,0.12,Uncommon,houndoom,Pokémon,https://www.tcggo.com/pokemon/obsidian-flames/houndoom-133,sv3-133,509893,singles
2026-08-23T17:19:56+02:00,,485,otumami,otumami,OBF 141,141,725221,197,230,OBF,Pokémon,pokemon,17,https://images.tcggo.com/tcggo/storage/38783/obf.png,Obsidian Flames,EUR,312.31,EUR,425.9,2023-08-11,1,Scarlet & Violet,scarlet-violet,obsidian-flames,140,2823,https://images.tcggo.com/tcggo/storage/2837/scizor-obf-141-obsidian-flames-pokemon.png,https://www.tcggo.com/external/cm/2823,https://www.tcggo.com/external/tcgplayer/2823,Scizor,Scizor 141,0.06,0.05,14277,EUR,[],,,,,,,,0.03,0.02,0.02,0.02,0.02,0.02,0.02,0.02,0.02,0.02,,,,,,,,,,,,,,,,,,,,,,,,,,,,,,,,,,,,,,,,,,EUR,0.22,0.15,rare,scizor,Pokémon,https://www.tcggo.com/pokemon/obsidian-flames/scizor-141,sv3-141,509919,singles
2026-08-23T17:19:56+02:00,,502,Bun Toujo,bun-toujo,OBF 136,136,725216,197,230,OBF,Pokémon,pokemon,17,https://images.tcggo.com/tcggo/storage/38783/obf.png,Obsidian Flames,EUR,312.31,EUR,425.9,2023-08-11,1,Scarlet & Violet,scarlet-violet,obsidian-flames,130,2824,https://images.tcggo.com/tcggo/storage/2838/darkrai-obf-136-obsidian-flames-pokemon.png,https://www.tcggo.com/external/cm/2824,https://www.tcggo.com/external/tcgplayer/2824,Darkrai,Darkrai 136,0.09,0.09,,EUR,[],,,,,,,,0.02,0.02,0.02,0.02,0.02,0.02,0.02,0.02,0.02,0.02,,,,,,,,,,,,,,,,,,,,,,,,,,,,,,,,,,,,,,,,,,EUR,0.23,0.15,rare,darkrai,Pokémon,https://www.tcggo.com/pokemon/obsidian-flames/darkrai-136,sv3-136,509900,singles
2026-08-23T17:19:56+02:00,,436,Takeshi Nakamura,takeshi-nakamura,OBF 142,142,725222,197,230,OBF,Pokémon,pokemon,17,https://images.tcggo.com/tcggo/storage/38783/obf.png,Obsidian Flames,EUR,312.31,EUR,425.9,2023-08-11,1,Scarlet & Violet,scarlet-violet,obsidian-flames,120,2825,https://images.tcggo.com/tcggo/storage/2839/skarmory-obf-142-obsidian-flames-pokemon.png,https://www.tcggo.com/external/cm/2825,https://www.tcggo.com/external/tcgplayer/2825,Skarmory,Skarmory 142,0.03,0.03,7409,EUR,[],,,,,,,,0.02,0.02,0.02,0.02,0.02,0.02,0.02,0.02,0.02,0.02,,,,,,,,,,,,,,,,,,,,,,,,,,,,,,,,,,,,,,,,,,EUR,0.26,0.11,Uncommon,skarmory,Pokémon,https://www.tcggo.com/pokemon/obsidian-flames/skarmory-142,sv3-142,509920,singles
2026-08-23T17:19:56+02:00,,443,Shiburingaru,shiburingaru,OBF 139,139,725219,197,230,OBF,Pokémon,pokemon,17,https://images.tcggo.com/tcggo/storage/38783/obf.png,Obsidian Flames,EUR,312.31,EUR,425.9,2023-08-11,1,Scarlet & Violet,scarlet-violet,obsidian-flames,70,2826,https://images.tcggo.com/tcggo/storage/2840/salandit-obf-139-obsidian-flames-pokemon.png,https://www.tcggo.com/external/cm/2826,https://www.tcggo.com/external/tcgplayer/2826,Salandit,Salandit 139,0.04,0.04,7171,EUR,[],,,,,,,,0.02,0.02,0.02,0.02,0.02,0.02,0.02,0.02,0.02,0.02,,,,,,,,,,,,,,,,,,,,,,,,,,,,,,,,,,,,,,,,,,EUR,0.18,0.09,Common,salandit,Pokémon,https://www.tcggo.com/pokemon/obsidian-flames/salandit-139,sv3-139,509911,singles
2026-08-23T17:19:56+02:00,,498,Sekio,sekio,OBF 151,151,725231,197,230,OBF,Pokémon,pokemon,17,https://images.tcggo.com/tcggo/storage/38783/obf.png,Obsidian Flames,EUR,312.31,EUR,425.9,2023-08-11,1,Scarlet & Violet,scarlet-violet,obsidian-flames,80,2827,https://images.tcggo.com/tcggo/storage/2841/togedemaru-obf-151-obsidian-flames-pokemon.png,https://www.tcggo.com/external/cm/2827,https://www.tcggo.com/external/tcgplayer/2827,Togedemaru,Togedemaru 151,0.04,0.03,6896,EUR,[],,,,,,,,0.02,0.02,0.02,0.02,0.02,0.02,0.02,0.02,0.02,0.02,,,,,,,,,,,,,,,,,,,,,,,,,,,,,,,,,,,,,,,,,,EUR,0.13,0.13,Common,togedemaru,Pokémon,https://www.tcggo.com/pokemon/obsidian-flames/togedemaru-151,sv3-151,509938,singles
2026-08-23T17:19:56+02:00,,421,Shinji Kanda,shinji-kanda,OBF 144,144,725224,197,230,OBF,Pokémon,pokemon,17,https://images.tcggo.com/tcggo/storage/38783/obf.png,Obsidian Flames,EUR,312.31,EUR,425.9,2023-08-11,1,Scarlet & Violet,scarlet-violet,obsidian-flames,70,2828,https://images.tcggo.com/tcggo/storage/2842/bronzor-obf-144-obsidian-flames-pokemon.png,https://www.tcggo.com/external/cm/2828,https://www.tcggo.com/external/tcgplayer/2828,Bronzor,Bronzor 144,0.06,0.06,5919,EUR,[],,,,,,,,0.02,0.02,0.02,0.02,0.02,0.02,0.02,0.02,0.02,0.02,,,,,,,,,,,,,,,,,,,,,,,,,,,,,,,,,,,,,,,,,,EUR,0.23,0.13,Common,bronzor,Pokémon,https://www.tcggo.com/pokemon/obsidian-flames/bronzor-144,sv3-144,509928,singles
2026-08-23T17:19:56+02:00,,508,Nobuhiro Imagawa,nobuhiro-imagawa,OBF 152,152,725232,197,230,OBF,Pokémon,pokemon,17,https://images.tcggo.com/tcggo/storage/38783/obf.png,Obsidian Flames,EUR,312.31,EUR,425.9,2023-08-11,1,Scarlet & Violet,scarlet-violet,obsidian-flames,70,2829,https://images.tcggo.com/tcggo/storage/2843/meltan-obf-152-obsidian-flames-pokemon.png,https://www.tcggo.com/external/cm/2829,https://www.tcggo.com/external/tcgplayer/2829,Meltan,Meltan 152,0.03,0.04,7469,EUR,[],,,,,,,,0.02,0.02,0.02,0.02,0.02,0.02,0.02,0.02,0.02,0.02,,,,,,,,,,,,,,,,,,,,,,,,,,,,,,,,,,,,,,,,,,EUR,0.15,0.11,Common,meltan,Pokémon,https://www.tcggo.com/pokemon/obsidian-flames/meltan-152,sv3-152,509939,singles
2026-08-23T17:19:56+02:00,,508,Nobuhiro Imagawa,nobuhiro-imagawa,OBF 145,145,725225,197,230,OBF,Pokémon,pokemon,17,https://images.tcggo.com/tcggo/storage/38783/obf.png,Obsidian Flames,EUR,312.31,EUR,425.9,2023-08-11,1,Scarlet & Violet,scarlet-violet,obsidian-flames,140,2830,https://images.tcggo.com/tcggo/storage/2844/bronzong-obf-145-obsidian-flames-pokemon.png,https://www.tcggo.com/external/cm/2830,https://www.tcggo.com/external/tcgplayer/2830,Bronzong,Bronzong 145,0.03,0.03,7692,EUR,[],,,,,,,,0.02,0.02,0.02,0.02,0.02,0.02,0.02,0.02,0.02,0.02,,,,,,,,,,,,,,,,,,,,,,,,,,,,,,,,,,,,,,,,,,EUR,0.2,0.1,Uncommon,bronzong,Pokémon,https://www.tcggo.com/pokemon/obsidian-flames/bronzong-145,sv3-145,509929,singles
2026-08-23T17:19:56+02:00,,511,PLANETA Igarashi,planeta-igarashi,OBF 153,153,725233,197,230,OBF,Pokémon,pokemon,17,https://images.tcggo.com/tcggo/storage/38783/obf.png,Obsidian Flames,EUR,312.31,EUR,425.9,2023-08-11,1,Scarlet & Violet,scarlet-violet,obsidian-flames,300,2831,https://images.tcggo.com/tcggo/storage/2845/melmetal-ex-obf-153-obsidian-flames-pokemon.png,https://www.tcggo.com/external/cm/2831,https://www.tcggo.com/external/tcgplayer/2831,Melmetal ex,Melmetal ex 153,0.91,0.85,810,EUR,[],,,,,,,,0.5,0.45,0.45,1,1,0.5,0.99,0.99,0.28,0.28,,,,,,,,,,,,,,,,,,,,,,,,,,,,,,,,,,,,,,,,,,EUR,0.57,0.85,Double Rare,melmetal-ex,Pokémon,https://www.tcggo.com/pokemon/obsidian-flames/melmetal-ex-153,sv3-153,509940,singles
2026-08-23T17:19:56+02:00,,459,GIDORA,gidora,OBF 149,149,725229,197,230,OBF,Pokémon,pokemon,17,https://images.tcggo.com/tcggo/storage/38783/obf.png,Obsidian Flames,EUR,312.31,EUR,425.9,2023-08-11,1,Scarlet & Violet,scarlet-violet,obsidian-flames,110,2832,https://images.tcggo.com/tcggo/storage/2847/bisharp-obf-149-obsidian-flames-pokemon.png,https://www.tcggo.com/external/cm/2832,https://www.tcggo.com/external/tcgplayer/2832,Bisharp,Bisharp 149,0.04,0.04,4544,EUR,[],,,,,,,,0.03,0.02,0.02,0.02,0.02,0.02,0.02,0.02,0.02,0.02,,,,,,,,,,,,,,,,,,,,,,,,,,,,,,,,,,,,,,,,,,EUR,0.17,0.13,Common,bisharp,Pokémon,https://www.tcggo.com/pokemon/obsidian-flames/bisharp-149,sv3-149,509936,singles
2026-08-23T17:19:56+02:00,,492,Misa Tsutsui,misa-tsutsui,OBF 158,158,725238,197,230,OBF,Pokémon,pokemon,17,https://images.tcggo.com/tcggo/storage/38783/obf.png,Obsidian Flames,EUR,312.31,EUR,425.9,2023-08-11,1,Scarlet & Violet,scarlet-violet,obsidian-flames,100,2833,https://images.tcggo.com/tcggo/storage/2846/dragonair-obf-158-obsidian-flames-pokemon.png,https://www.tcggo.com/external/cm/2833,https://www.tcggo.com/external/tcgplayer/2833,Dragonair,Dragonair 158,0.04,0.04,5945,EUR,[],,,,,,,,0.02,0.02,0.02,0.02,0.02,0.02,0.02,0.02,0.02,0.02,,,,,,,,,,,,,,,,,,,,,,,,,,,,,,,,,,,,,,,,,,EUR,0.31,0.14,Uncommon,dragonair,Pokémon,https://www.tcggo.com/pokemon/obsidian-flames/dragonair-158,sv3-158,509644,singles
2026-08-23T17:19:56+02:00,,486,Ryota Murayama,ryota-murayama,OBF 150,150,725230,197,230,OBF,Pokémon,pokemon,17,https://images.tcggo.com/tcggo/storage/38783/obf.png,Obsidian Flames,EUR,312.31,EUR,425.9,2023-08-11,1,Scarlet & Violet,scarlet-violet,obsidian-flames,180,2834,https://images.tcggo.com/tcggo/storage/2848/kingambit-obf-150-obsidian-flames-pokemon.png,https://www.tcggo.com/external/cm/2834,https://www.tcggo.com/external/tcgplayer/2834,Kingambit,Kingambit 150,0.06,0.06,2486,EUR,[],,,,,,,,0.02,0.02,0.02,0.02,0.02,0.02,0.02,0.02,0.02,0.02,,,,,,,,,,,,,,,,,,,,,,,,,,,,,,,,,,,,,,,,,,EUR,0.29,0.13,Uncommon,kingambit,Pokémon,https://www.tcggo.com/pokemon/obsidian-flames/kingambit-150,sv3-150,509937,singles
2026-08-23T17:19:56+02:00,,362,Naoyo Kimura,naoyo-kimura,OBF 162,162,725242,197,230,OBF,Pokémon,pokemon,17,https://images.tcggo.com/tcggo/storage/38783/obf.png,Obsidian Flames,EUR,312.31,EUR,425.9,2023-08-11,1,Scarlet & Violet,scarlet-violet,obsidian-flames,60,2835,https://images.tcggo.com/tcggo/storage/2849/pidgey-obf-162-obsidian-flames-pokemon.png,https://www.tcggo.com/external/cm/2835,https://www.tcggo.com/external/tcgplayer/2835,Pidgey,Pidgey 162,0.04,0.04,7079,EUR,[],,,,,,,,0.02,0.02,0.02,0.02,0.02,0.02,0.02,0.02,0.02,0.02,,,,,,,,,,,,,,,,,,,,,,,,,,,,,,,,,,,,,,,,,,EUR,0.24,0.15,Common,pidgey,Pokémon,https://www.tcggo.com/pokemon/obsidian-flames/pidgey-162,sv3-162,509666,singles
2026-08-23T17:19:56+02:00,,393,Kedamahadaitai Yawarakai,kedamahadaitai-yawarakai,OBF 137,137,725217,197,230,OBF,Pokémon,pokemon,17,https://images.tcggo.com/tcggo/storage/38783/obf.png,Obsidian Flames,EUR,312.31,EUR,425.9,2023-08-11,1,Scarlet & Violet,scarlet-violet,obsidian-flames,60,2836,https://images.tcggo.com/tcggo/storage/2850/inkay-obf-137-obsidian-flames-pokemon.png,https://www.tcggo.com/external/cm/2836,https://www.tcggo.com/external/tcgplayer/2836,Inkay,Inkay 137,0.04,0.04,6841,EUR,[],,,,,,,,0.02,0.02,0.02,0.02,0.02,0.02,0.02,0.02,0.02,0.02,,,,,,,,,,,,,,,,,,,,,,,,,,,,,,,,,,,,,,,,,,EUR,0.15,0.11,Common,inkay,Pokémon,https://www.tcggo.com/pokemon/obsidian-flames/inkay-137,sv3-137,509901,singles
2026-08-23T17:19:56+02:00,,403,rika,rika,OBF 130,130,725210,197,230,OBF,Pokémon,pokemon,17,https://images.tcggo.com/tcggo/storage/38783/obf.png,Obsidian Flames,EUR,312.31,EUR,425.9,2023-08-11,1,Scarlet & Violet,scarlet-violet,obsidian-flames,110,2837,https://images.tcggo.com/tcggo/storage/2851/umbreon-obf-130-obsidian-flames-pokemon.png,https://www.tcggo.com/external/cm/2837,https://www.tcggo.com/external/tcgplayer/2837,Umbreon,Umbreon 130,0.18,0.19,3812,EUR,[],,,,,,,,0.02,0.02,0.02,0.02,0.02,0.02,0.02,0.02,0.02,0.02,USD,36.75,4,,,14.99,1,15,5,,,,,37.34,5,,,,,35.88,5,,,98.68,5,50.93,3,19.44,5,20.63,5,59.21,1,,,,,,,,,EUR,2.38,0.24,Uncommon,umbreon,Pokémon,https://www.tcggo.com/pokemon/obsidian-flames/umbreon-130,sv3-130,509888,singles
2026-08-23T17:19:56+02:00,,494,Nelnal,nelnal,OBF 138,138,725218,197,230,OBF,Pokémon,pokemon,17,https://images.tcggo.com/tcggo/storage/38783/obf.png,Obsidian Flames,EUR,312.31,EUR,425.9,2023-08-11,1,Scarlet & Violet,scarlet-violet,obsidian-flames,120,2838,https://images.tcggo.com/tcggo/storage/2852/malamar-obf-138-obsidian-flames-pokemon.png,https://www.tcggo.com/external/cm/2838,https://www.tcggo.com/external/tcgplayer/2838,Malamar,Malamar 138,0.04,0.05,7364,EUR,[],,,,,,,,0.02,0.02,0.02,0.02,0.02,0.02,0.02,0.02,0.02,0.02,,,,,,,,,,,,,,,,,,,,,,,,,,,,,,,,,,,,,,,,,,EUR,0.18,0.09,Uncommon,malamar,Pokémon,https://www.tcggo.com/pokemon/obsidian-flames/malamar-138,sv3-138,509909,singles
2026-08-23T17:19:56+02:00,,437,Shigenori Negishi,shigenori-negishi,OBF 140,140,725220,197,230,OBF,Pokémon,pokemon,17,https://images.tcggo.com/tcggo/storage/38783/obf.png,Obsidian Flames,EUR,312.31,EUR,425.9,2023-08-11,1,Scarlet & Violet,scarlet-violet,obsidian-flames,120,2839,https://images.tcggo.com/tcggo/storage/2853/salazzle-obf-140-obsidian-flames-pokemon.png,https://www.tcggo.com/external/cm/2839,https://www.tcggo.com/external/tcgplayer/2839,Salazzle,Salazzle 140,0.03,0.03,7401,EUR,[],,,,,,,,0.02,0.02,0.02,0.02,0.02,0.02,0.02,0.02,0.02,0.02,,,,,,,,,,,,,,,,,,,,,,,,,,,,,,,,,,,,,,,,,,EUR,0.24,0.09,Uncommon,salazzle,Pokémon,https://www.tcggo.com/pokemon/obsidian-flames/salazzle-140,sv3-140,509912,singles
2026-08-23T17:19:56+02:00,,381,sowsow,sowsow,OBF 143,143,725223,197,230,OBF,Pokémon,pokemon,17,https://images.tcggo.com/tcggo/storage/38783/obf.png,Obsidian Flames,EUR,312.31,EUR,425.9,2023-08-11,1,Scarlet & Violet,scarlet-violet,obsidian-flames,90,2840,https://images.tcggo.com/tcggo/storage/2854/mawile-obf-143-obsidian-flames-pokemon.png,https://www.tcggo.com/external/cm/2840,https://www.tcggo.com/external/tcgplayer/2840,Mawile,Mawile 143,0.04,0.03,6912,EUR,[],,,,,,,,0.02,0.02,0.02,0.02,0.02,0.02,0.02,0.02,0.02,0.02,,,,,,,,,,,,,,,,,,,,,,,,,,,,,,,,,,,,,,,,,,EUR,0.24,0.1,Uncommon,mawile,Pokémon,https://www.tcggo.com/pokemon/obsidian-flames/mawile-143,sv3-143,509922,singles
2026-08-23T17:19:56+02:00,,408,kawayoo,kawayoo,OBF 147,147,725227,197,230,OBF,Pokémon,pokemon,17,https://images.tcggo.com/tcggo/storage/38783/obf.png,Obsidian Flames,EUR,312.31,EUR,425.9,2023-08-11,1,Scarlet & Violet,scarlet-violet,obsidian-flames,120,2841,https://images.tcggo.com/tcggo/storage/2855/excadrill-obf-147-obsidian-flames-pokemon.png,https://www.tcggo.com/external/cm/2841,https://www.tcggo.com/external/tcgplayer/2841,Excadrill,Excadrill 147,0.03,0.03,7374,EUR,[],,,,,,,,0.02,0.02,0.02,0.02,0.02,0.02,0.02,0.02,0.02,0.02,,,,,,,,,,,,,,,,,,,,,,,,,,,,,,,,,,,,,,,,,,EUR,0.2,0.09,Uncommon,excadrill,Pokémon,https://www.tcggo.com/pokemon/obsidian-flames/excadrill-147,sv3-147,509934,singles
2026-08-23T17:19:56+02:00,,417,satoma,satoma,OBF 157,157,725237,197,230,OBF,Pokémon,pokemon,17,https://images.tcggo.com/tcggo/storage/38783/obf.png,Obsidian Flames,EUR,312.31,EUR,425.9,2023-08-11,1,Scarlet & Violet,scarlet-violet,obsidian-flames,70,2842,https://images.tcggo.com/tcggo/storage/2856/dratini-obf-157-obsidian-flames-pokemon.png,https://www.tcggo.com/external/cm/2842,https://www.tcggo.com/external/tcgplayer/2842,Dratini,Dratini 157,0.04,0.04,10329,EUR,[],,,,,,,,0.02,0.02,0.02,0.02,0.02,0.02,0.02,0.02,0.02,0.02,,,,,,,,,,,,,,,,,,,,,,,,,,,,,,,,,,,,,,,,,,EUR,0.25,0.14,Common,dratini,Pokémon,https://www.tcggo.com/pokemon/obsidian-flames/dratini-157,sv3-157,509636,singles
2026-08-23T17:19:56+02:00,,380,5ban Graphics,5ban-graphics,OBF 159,159,725239,197,230,OBF,Pokémon,pokemon,17,https://images.tcggo.com/tcggo/storage/38783/obf.png,Obsidian Flames,EUR,312.31,EUR,425.9,2023-08-11,1,Scarlet & Violet,scarlet-violet,obsidian-flames,330,2843,https://images.tcggo.com/tcggo/storage/2857/dragonite-ex-obf-159-obsidian-flames-pokemon.png,https://www.tcggo.com/external/cm/2843,https://www.tcggo.com/external/tcgplayer/2843,Dragonite ex,Dragonite ex 159,2.23,1.92,587,EUR,,,49,10,,,,49,1.25,1.5,1.5,3,3,1.25,1.9,1.9,0.99,0.99,,,,,,,,,,,,,,,,,,,,,,,,,,,,,,,,,,,,,,,,,,EUR,2.34,1.68,Double Rare,dragonite-ex,Pokémon,https://www.tcggo.com/pokemon/obsidian-flames/dragonite-ex-159,sv3-159,509646,singles
2026-08-23T17:19:56+02:00,,509,hatachu,hatachu,OBF 161,161,725241,197,230,OBF,Pokémon,pokemon,17,https://images.tcggo.com/tcggo/storage/38783/obf.png,Obsidian Flames,EUR,312.31,EUR,425.9,2023-08-11,1,Scarlet & Violet,scarlet-violet,obsidian-flames,120,2844,https://images.tcggo.com/tcggo/storage/2858/drampa-obf-161-obsidian-flames-pokemon.png,https://www.tcggo.com/external/cm/2844,https://www.tcggo.com/external/tcgplayer/2844,Drampa,Drampa 161,0.07,0.06,3149,EUR,[],,,,,,,,0.03,0.02,0.02,0.02,0.02,0.02,0.02,0.02,0.02,0.02,,,,,,,,,,,,,,,,,,,,,,,,,,,,,,,,,,,,,,,,,,EUR,0.26,0.13,Uncommon,drampa,Pokémon,https://www.tcggo.com/pokemon/obsidian-flames/drampa-161,sv3-161,509664,singles
2026-08-23T17:19:56+02:00,,475,PLANETA Tsuji,planeta-tsuji,OBF 134,134,725214,197,230,OBF,Pokémon,pokemon,17,https://images.tcggo.com/tcggo/storage/38783/obf.png,Obsidian Flames,EUR,312.31,EUR,425.9,2023-08-11,1,Scarlet & Violet,scarlet-violet,obsidian-flames,270,2845,https://images.tcggo.com/tcggo/storage/2859/houndoom-ex-obf-134-obsidian-flames-pokemon.png,https://www.tcggo.com/external/cm/2845,https://www.tcggo.com/external/tcgplayer/2845,Houndoom ex,Houndoom ex 134,0.97,1,740,EUR,[],,,,,,,,0.02,0.7,0.7,0.7,0.7,0.02,0.5,0.5,0.3,0.3,,,,,,,,,,,,,,,,,,,,,,,,,,,,,,,,,,,,,,,,,,EUR,0.82,0.87,Double Rare,houndoom-ex,Pokémon,https://www.tcggo.com/pokemon/obsidian-flames/houndoom-ex-134,sv3-134,509894,singles
2026-08-23T17:19:56+02:00,,395,Nisota Niso,nisota-niso,OBF 135,135,725215,197,230,OBF,Pokémon,pokemon,17,https://images.tcggo.com/tcggo/storage/38783/obf.png,Obsidian Flames,EUR,312.31,EUR,425.9,2023-08-11,1,Scarlet & Violet,scarlet-violet,obsidian-flames,210,2846,https://images.tcggo.com/tcggo/storage/2860/absol-ex-obf-135-obsidian-flames-pokemon.png,https://www.tcggo.com/external/cm/2846,https://www.tcggo.com/external/tcgplayer/2846,Absol ex,Absol ex 135,1.03,1.17,792,EUR,[],,,,,,,,0.7,0.49,0.49,2,2,0.7,0.7,0.7,0.4,0.4,,,,,,,,,,,,,,,,,,,,,,,,,,,,,,,,,,,,,,,,,,EUR,0.95,0.88,Double Rare,absol-ex,Pokémon,https://www.tcggo.com/pokemon/obsidian-flames/absol-ex-135,sv3-135,509898,singles
2026-08-23T17:19:56+02:00,,490,takuyoa,takuyoa,OBF 146,146,725226,197,230,OBF,Pokémon,pokemon,17,https://images.tcggo.com/tcggo/storage/38783/obf.png,Obsidian Flames,EUR,312.31,EUR,425.9,2023-08-11,1,Scarlet & Violet,scarlet-violet,obsidian-flames,150,2847,https://images.tcggo.com/tcggo/storage/2861/probopass-obf-146-obsidian-flames-pokemon.png,https://www.tcggo.com/external/cm/2847,https://www.tcggo.com/external/tcgplayer/2847,Probopass,Probopass 146,0.03,0.03,7390,EUR,[],,,,,,,,0.02,0.02,0.02,0.02,0.02,0.02,0.02,0.02,0.02,0.02,,,,,,,,,,,,,,,,,,,,,,,,,,,,,,,,,,,,,,,,,,EUR,0.22,0.09,Uncommon,probopass,Pokémon,https://www.tcggo.com/pokemon/obsidian-flames/probopass-146,sv3-146,509932,singles
2026-08-23T17:19:56+02:00,,402,Hitoshi Ariga,hitoshi-ariga,OBF 148,148,725228,197,230,OBF,Pokémon,pokemon,17,https://images.tcggo.com/tcggo/storage/38783/obf.png,Obsidian Flames,EUR,312.31,EUR,425.9,2023-08-11,1,Scarlet & Violet,scarlet-violet,obsidian-flames,70,2848,https://images.tcggo.com/tcggo/storage/2862/pawniard-obf-148-obsidian-flames-pokemon.png,https://www.tcggo.com/external/cm/2848,https://www.tcggo.com/external/tcgplayer/2848,Pawniard,Pawniard 148,0.15,0.09,2221,EUR,[],,,,,,,,0.02,0.02,0.02,0.02,0.02,0.02,0.02,0.02,0.02,0.02,,,,,,,,,,,,,,,,,,,,,,,,,,,,,,,,,,,,,,,,,,EUR,0.16,0.09,Common,pawniard,Pokémon,https://www.tcggo.com/pokemon/obsidian-flames/pawniard-148,sv3-148,509935,singles
2026-08-23T17:19:56+02:00,,378,Kouki Saitou,kouki-saitou,OBF 154,154,725234,197,230,OBF,Pokémon,pokemon,17,https://images.tcggo.com/tcggo/storage/38783/obf.png,Obsidian Flames,EUR,312.31,EUR,425.9,2023-08-11,1,Scarlet & Violet,scarlet-violet,obsidian-flames,60,2849,https://images.tcggo.com/tcggo/storage/2863/varoom-obf-154-obsidian-flames-pokemon.png,https://www.tcggo.com/external/cm/2849,https://www.tcggo.com/external/tcgplayer/2849,Varoom,Varoom 154,0.04,0.03,5100,EUR,[],,,,,,,,0.02,0.02,0.02,0.02,0.02,0.02,0.02,0.02,0.02,0.02,,,,,,,,,,,,,,,,,,,,,,,,,,,,,,,,,,,,,,,,,,EUR,0.26,0.1,Common,varoom,Pokémon,https://www.tcggo.com/pokemon/obsidian-flames/varoom-154,sv3-154,509941,singles
2026-08-23T17:19:56+02:00,,360,Saya Tsuruta,saya-tsuruta,OBF 155,155,725235,197,230,OBF,Pokémon,pokemon,17,https://images.tcggo.com/tcggo/storage/38783/obf.png,Obsidian Flames,EUR,312.31,EUR,425.9,2023-08-11,1,Scarlet & Violet,scarlet-violet,obsidian-flames,70,2850,https://images.tcggo.com/tcggo/storage/2864/varoom-obf-155-obsidian-flames-pokemon.png,https://www.tcggo.com/external/cm/2850,https://www.tcggo.com/external/tcgplayer/2850,Varoom,Varoom 155,0.04,0.04,4462,EUR,[],,,,,,,,0.02,0.02,0.02,0.02,0.02,0.02,0.02,0.02,0.02,0.02,,,,,,,,,,,,,,,,,,,,,,,,,,,,,,,,,,,,,,,,,,EUR,0.25,0.11,Common,varoom,Pokémon,https://www.tcggo.com/pokemon/obsidian-flames/varoom-155,sv3-155,509942,singles
2026-08-23T17:19:56+02:00,,490,takuyoa,takuyoa,OBF 156,156,725236,197,230,OBF,Pokémon,pokemon,17,https://images.tcggo.com/tcggo/storage/38783/obf.png,Obsidian Flames,EUR,312.31,EUR,425.9,2023-08-11,1,Scarlet & Violet,scarlet-violet,obsidian-flames,280,2851,https://images.tcggo.com/tcggo/storage/2865/revavroom-ex-obf-156-obsidian-flames-pokemon.png,https://www.tcggo.com/external/cm/2851,https://www.tcggo.com/external/tcgplayer/2851,Revavroom ex,Revavroom ex 156,0.77,0.78,870,EUR,[],,,,,,,,0.31,0.45,0.45,0.6,0.6,0.45,0.5,0.5,0.2,0.2,,,,,,,,,,,,,,,,,,,,,,,,,,,,,,,,,,,,,,,,,,EUR,0.59,0.85,Double Rare,revavroom-ex,Pokémon,https://www.tcggo.com/pokemon/obsidian-flames/revavroom-ex-156,sv3-156,509943,singles
2026-08-23T17:19:56+02:00,,493,kurumitsu,kurumitsu,OBF 160,160,725240,197,230,OBF,Pokémon,pokemon,17,https://images.tcggo.com/tcggo/storage/38783/obf.png,Obsidian Flames,EUR,312.31,EUR,425.9,2023-08-11,1,Scarlet & Violet,scarlet-violet,obsidian-flames,120,2852,https://images.tcggo.com/tcggo/storage/2866/altaria-obf-160-obsidian-flames-pokemon.png,https://www.tcggo.com/external/cm/2852,https://www.tcggo.com/external/tcgplayer/2852,Altaria,Altaria 160,0.04,0.04,6827,EUR,[],,,,,,,,0.02,0.02,0.02,0.02,0.02,0.02,0.02,0.02,0.02,0.02,,,,,,,,,,,,,,,,,,,,,,,,,,,,,,,,,,,,,,,,,,EUR,0.24,0.13,Uncommon,altaria,Pokémon,https://www.tcggo.com/pokemon/obsidian-flames/altaria-160,sv3-160,509663,singles
2026-08-23T17:19:56+02:00,,490,takuyoa,takuyoa,OBF 164,164,725244,197,230,OBF,Pokémon,pokemon,17,https://images.tcggo.com/tcggo/storage/38783/obf.png,Obsidian Flames,EUR,312.31,EUR,425.9,2023-08-11,1,Scarlet & Violet,scarlet-violet,obsidian-flames,280,2853,https://images.tcggo.com/tcggo/storage/2867/pidgeot-ex-obf-164-obsidian-flames-pokemon.png,https://www.tcggo.com/external/cm/2853,https://www.tcggo.com/external/tcgplayer/2853,Pidgeot ex,Pidgeot ex 164,1.25,1.18,1013,EUR,[],,,,,,,,0.5,0.7,0.7,0.99,0.99,0.5,0.89,0.89,0.29,0.29,,,,,,,,,,,,,,,,,,,,,,,,,,,,,,,,,,,,,,,,,,EUR,1.03,2.82,Double Rare,pidgeot-ex,Pokémon,https://www.tcggo.com/pokemon/obsidian-flames/pidgeot-ex-164,sv3-164,509670,singles
2026-08-23T17:19:56+02:00,,491,Yuya Oka,yuya-oka,OBF 165,165,725245,197,230,OBF,Pokémon,pokemon,17,https://images.tcggo.com/tcggo/storage/38783/obf.png,Obsidian Flames,EUR,312.31,EUR,425.9,2023-08-11,1,Scarlet & Violet,scarlet-violet,obsidian-flames,130,2854,https://images.tcggo.com/tcggo/storage/2868/kangaskhan-obf-165-obsidian-flames-pokemon.png,https://www.tcggo.com/external/cm/2854,https://www.tcggo.com/external/tcgplayer/2854,Kangaskhan,Kangaskhan 165,0.04,0.04,6393,EUR,[],,,,,,,,0.03,0.02,0.02,0.02,0.02,0.02,0.02,0.02,0.02,0.02,,,,,,,,,,,,,,,,,,,,,,,,,,,,,,,,,,,,,,,,,,EUR,0.2,0.13,Uncommon,kangaskhan,Pokémon,https://www.tcggo.com/pokemon/obsidian-flames/kangaskhan-165,sv3-165,509673,singles
2026-08-23T17:19:56+02:00,,418,Kariya,kariya,OBF 163,163,725243,197,230,OBF,Pokémon,pokemon,17,https://images.tcggo.com/tcggo/storage/38783/obf.png,Obsidian Flames,EUR,312.31,EUR,425.9,2023-08-11,1,Scarlet & Violet,scarlet-violet,obsidian-flames,90,2855,https://images.tcggo.com/tcggo/storage/2869/pidgeotto-obf-163-obsidian-flames-pokemon.png,https://www.tcggo.com/external/cm/2855,https://www.tcggo.com/external/tcgplayer/2855,Pidgeotto,Pidgeotto 163,0.07,0.09,5062,EUR,[],,,,,,,,0.03,0.02,0.02,0.02,0.02,0.02,0.02,0.02,0.02,0.02,,,,,,,,,,,,,,,,,,,,,,,,,,,,,,,,,,,,,,,,,,EUR,0.27,0.17,Uncommon,pidgeotto,Pokémon,https://www.tcggo.com/pokemon/obsidian-flames/pidgeotto-163,sv3-163,509669,singles
2026-08-23T17:19:56+02:00,,513,ryoma uratsuka,ryoma-uratsuka,OBF 166,166,725246,197,230,OBF,Pokémon,pokemon,17,https://images.tcggo.com/tcggo/storage/38783/obf.png,Obsidian Flames,EUR,312.31,EUR,425.9,2023-08-11,1,Scarlet & Violet,scarlet-violet,obsidian-flames,70,2856,https://images.tcggo.com/tcggo/storage/2870/eevee-obf-166-obsidian-flames-pokemon.png,https://www.tcggo.com/external/cm/2856,https://www.tcggo.com/external/tcgplayer/2856,Eevee,Eevee 166,0.12,0.13,5013,EUR,[],,,,,,,,0.03,0.02,0.02,0.02,0.02,0.02,0.02,0.02,0.02,0.02,,,,,,,,,,,,,,,,,,,,,,,,,,,,,,,,,,,,,,,,,,EUR,0.45,0.19,Common,eevee,Pokémon,https://www.tcggo.com/pokemon/obsidian-flames/eevee-166,sv3-166,509689,singles
2026-08-23T17:19:56+02:00,,534,Nagomi Nijo,nagomi-nijo,OBF 168,168,725248,197,230,OBF,Pokémon,pokemon,17,https://images.tcggo.com/tcggo/storage/38783/obf.png,Obsidian Flames,EUR,312.31,EUR,425.9,2023-08-11,1,Scarlet & Violet,scarlet-violet,obsidian-flames,110,2857,https://images.tcggo.com/tcggo/storage/2871/linoone-obf-168-obsidian-flames-pokemon.png,https://www.tcggo.com/external/cm/2857,https://www.tcggo.com/external/tcgplayer/2857,Linoone,Linoone 168,0.03,0.03,7030,EUR,[],,,,,,,,0.02,0.02,0.02,0.02,0.02,0.02,0.02,0.02,0.02,0.02,,,,,,,,,,,,,,,,,,,,,,,,,,,,,,,,,,,,,,,,,,EUR,0.19,0.12,Uncommon,linoone,Pokémon,https://www.tcggo.com/pokemon/obsidian-flames/linoone-168,sv3-168,509696,singles
2026-08-23T17:19:56+02:00,,484,Kagemaru Himeno,kagemaru-himeno,OBF 167,167,725247,197,230,OBF,Pokémon,pokemon,17,https://images.tcggo.com/tcggo/storage/38783/obf.png,Obsidian Flames,EUR,312.31,EUR,425.9,2023-08-11,1,Scarlet & Violet,scarlet-violet,obsidian-flames,70,2858,https://images.tcggo.com/tcggo/storage/2872/zigzagoon-obf-167-obsidian-flames-pokemon.png,https://www.tcggo.com/external/cm/2858,https://www.tcggo.com/external/tcgplayer/2858,Zigzagoon,Zigzagoon 167,0.04,0.04,6759,EUR,[],,,,,,,,0.02,0.02,0.02,0.02,0.02,0.02,0.02,0.02,0.02,0.02,,,,,,,,,,,,,,,,,,,,,,,,,,,,,,,,,,,,,,,,,,EUR,0.17,0.13,Common,zigzagoon,Pokémon,https://www.tcggo.com/pokemon/obsidian-flames/zigzagoon-167,sv3-167,509690,singles
2026-08-23T17:19:56+02:00,,368,Oswaldo KATO,oswaldo-kato,OBF 169,169,725249,197,230,OBF,Pokémon,pokemon,17,https://images.tcggo.com/tcggo/storage/38783/obf.png,Obsidian Flames,EUR,312.31,EUR,425.9,2023-08-11,1,Scarlet & Violet,scarlet-violet,obsidian-flames,50,2859,https://images.tcggo.com/tcggo/storage/2873/swablu-obf-169-obsidian-flames-pokemon.png,https://www.tcggo.com/external/cm/2859,https://www.tcggo.com/external/tcgplayer/2859,Swablu,Swablu 169,0.04,0.03,7015,EUR,[],,,,,,,,0.02,0.02,0.02,0.02,0.02,0.02,0.02,0.02,0.02,0.02,,,,,,,,,,,,,,,,,,,,,,,,,,,,,,,,,,,,,,,,,,EUR,0.15,0.11,Common,swablu,Pokémon,https://www.tcggo.com/pokemon/obsidian-flames/swablu-169,sv3-169,509698,singles
2026-08-23T17:19:56+02:00,,401,Yuka Morii,yuka-morii,OBF 170,170,725250,197,230,OBF,Pokémon,pokemon,17,https://images.tcggo.com/tcggo/storage/38783/obf.png,Obsidian Flames,EUR,312.31,EUR,425.9,2023-08-11,1,Scarlet & Violet,scarlet-violet,obsidian-flames,50,2860,https://images.tcggo.com/tcggo/storage/2874/lillipup-obf-170-obsidian-flames-pokemon.png,https://www.tcggo.com/external/cm/2860,https://www.tcggo.com/external/tcgplayer/2860,Lillipup,Lillipup 170,0.04,0.05,12194,EUR,[],,,,,,,,0.02,0.02,0.02,0.02,0.02,0.02,0.02,0.02,0.02,0.02,,,,,,,,,,,,,,,,,,,,,,,,,,,,,,,,,,,,,,,,,,EUR,0.26,0.12,Common,lillipup,Pokémon,https://www.tcggo.com/pokemon/obsidian-flames/lillipup-170,sv3-170,509707,singles
2026-08-23T17:19:56+02:00,,491,Yuya Oka,yuya-oka,OBF 174,174,725254,197,230,OBF,Pokémon,pokemon,17,https://images.tcggo.com/tcggo/storage/38783/obf.png,Obsidian Flames,EUR,312.31,EUR,425.9,2023-08-11,1,Scarlet & Violet,scarlet-violet,obsidian-flames,120,2861,https://images.tcggo.com/tcggo/storage/2875/bouffalant-obf-174-obsidian-flames-pokemon.png,https://www.tcggo.com/external/cm/2861,https://www.tcggo.com/external/tcgplayer/2861,Bouffalant,Bouffalant 174,0.06,0.07,3309,EUR,[],,,,,,,,0.03,0.02,0.02,0.02,0.02,0.02,0.02,0.02,0.02,0.02,,,,,,,,,,,,,,,,,,,,,,,,,,,,,,,,,,,,,,,,,,EUR,0.22,0.13,Uncommon,bouffalant,Pokémon,https://www.tcggo.com/pokemon/obsidian-flames/bouffalant-174,sv3-174,509718,singles
2026-08-23T17:19:56+02:00,,391,saino misaki,saino-misaki,OBF 176,176,725256,197,230,OBF,Pokémon,pokemon,17,https://images.tcggo.com/tcggo/storage/38783/obf.png,Obsidian Flames,EUR,312.31,EUR,425.9,2023-08-11,1,Scarlet & Violet,scarlet-violet,obsidian-flames,70,2862,https://images.tcggo.com/tcggo/storage/2876/yungoos-obf-176-obsidian-flames-pokemon.png,https://www.tcggo.com/external/cm/2862,https://www.tcggo.com/external/tcgplayer/2862,Yungoos,Yungoos 176,0.04,0.04,7014,EUR,[],,,,,,,,0.02,0.02,0.02,0.02,0.02,0.02,0.02,0.02,0.02,0.02,,,,,,,,,,,,,,,,,,,,,,,,,,,,,,,,,,,,,,,,,,EUR,0.16,0.11,Common,yungoos,Pokémon,https://www.tcggo.com/pokemon/obsidian-flames/yungoos-176,sv3-176,509729,singles
2026-08-23T17:19:56+02:00,,380,5ban Graphics,5ban-graphics,OBF 179,179,725259,197,230,OBF,Pokémon,pokemon,17,https://images.tcggo.com/tcggo/storage/38783/obf.png,Obsidian Flames,EUR,312.31,EUR,425.9,2023-08-11,1,Scarlet & Violet,scarlet-violet,obsidian-flames,260,2863,https://images.tcggo.com/tcggo/storage/2877/greedent-ex-obf-179-obsidian-flames-pokemon.png,https://www.tcggo.com/external/cm/2863,https://www.tcggo.com/external/tcgplayer/2863,Greedent ex,Greedent ex 179,0.94,0.82,861,EUR,[],,,,,,,,0.4,0.5,0.5,0.65,0.65,0.4,0.6,0.6,0.1,0.1,,,,,,,,,,,,,,,,,,,,,,,,,,,,,,,,,,,,,,,,,,EUR,0.68,0.85,Double Rare,greedent-ex,Pokémon,https://www.tcggo.com/pokemon/obsidian-flames/greedent-ex-179,sv3-179,509759,singles
2026-08-23T17:19:56+02:00,,441,Tomokazu Komiya,tomokazu-komiya,OBF 181,181,725261,197,230,OBF,Pokémon,pokemon,17,https://images.tcggo.com/tcggo/storage/38783/obf.png,Obsidian Flames,EUR,312.31,EUR,425.9,2023-08-11,1,Scarlet & Violet,scarlet-violet,obsidian-flames,70,2864,https://images.tcggo.com/tcggo/storage/2878/lechonk-obf-181-obsidian-flames-pokemon.png,https://www.tcggo.com/external/cm/2864,https://www.tcggo.com/external/tcgplayer/2864,Lechonk,Lechonk 181,0.08,0.07,3686,EUR,[],,,,,,,,0.03,0.02,0.02,0.02,0.02,0.02,0.02,0.02,0.02,0.02,,,,,,,,,,,,,,,,,,,,,,,,,,,,,,,,,,,,,,,,,,EUR,0.32,0.13,Common,lechonk,Pokémon,https://www.tcggo.com/pokemon/obsidian-flames/lechonk-181,sv3-181,509764,singles
2026-08-23T17:19:56+02:00,,512,kirisAki,kirisaki,OBF 188,188,725268,197,230,OBF,Pokémon,pokemon,17,https://images.tcggo.com/tcggo/storage/38783/obf.png,Obsidian Flames,EUR,312.31,EUR,425.9,2023-08-11,1,Scarlet & Violet,scarlet-violet,obsidian-flames,0,2865,https://images.tcggo.com/tcggo/storage/2879/geeta-obf-188-obsidian-flames-pokemon.png,https://www.tcggo.com/external/cm/2865,https://www.tcggo.com/external/tcgplayer/2865,Geeta,Geeta 188,0.05,0.04,18807,EUR,[],,,,,,,,0.03,0.02,0.02,0.02,0.02,0.02,0.02,0.02,0.02,0.02,USD,,,,,,,,,,,,,,,,,,,,,,,29,5,,,7.99,2,10.03,4,,,,,,,,,,,EUR,0.19,0.13,rare,geeta,Trainer,https://www.tcggo.com/pokemon/obsidian-flames/geeta-188,sv3-188,509780,singles
2026-08-23T17:19:56+02:00,,458,Toyste Beach,toyste-beach,OBF 189,189,725269,197,230,OBF,Pokémon,pokemon,17,https://images.tcggo.com/tcggo/storage/38783/obf.png,Obsidian Flames,EUR,312.31,EUR,425.9,2023-08-11,1,Scarlet & Violet,scarlet-violet,obsidian-flames,0,2866,https://images.tcggo.com/tcggo/storage/2880/letter-of-encouragement-obf-189-obsidian-flames-pokemon.png,https://www.tcggo.com/external/cm/2866,https://www.tcggo.com/external/tcgplayer/2866,Letter of Encouragement,Letter of Encouragement 189,0.07,0.05,4145,EUR,[],,,,,,,,0.03,0.02,0.02,0.02,0.02,0.02,0.02,0.02,0.02,0.02,,,,,,,,,,,,,,,,,,,,,,,,,,,,,,,,,,,,,,,,,,EUR,0.28,0.15,Uncommon,letter-of-encouragement,Trainer,https://www.tcggo.com/pokemon/obsidian-flames/letter-of-encouragement-189,sv3-189,509781,singles
2026-08-23T17:19:56+02:00,,479,Lee HyunJung,lee-hyunjung,OBF 175,175,725255,197,230,OBF,Pokémon,pokemon,17,https://images.tcggo.com/tcggo/storage/38783/obf.png,Obsidian Flames,EUR,312.31,EUR,425.9,2023-08-11,1,Scarlet & Violet,scarlet-violet,obsidian-flames,70,2867,https://images.tcggo.com/tcggo/storage/2881/bunnelby-obf-175-obsidian-flames-pokemon.png,https://www.tcggo.com/external/cm/2867,https://www.tcggo.com/external/tcgplayer/2867,Bunnelby,Bunnelby 175,0.04,0.04,6824,EUR,[],,,,,,,,0.02,0.02,0.02,0.02,0.02,0.02,0.02,0.02,0.02,0.02,,,,,,,,,,,,,,,,,,,,,,,,,,,,,,,,,,,,,,,,,,EUR,0.17,0.1,Common,bunnelby,Pokémon,https://www.tcggo.com/pokemon/obsidian-flames/bunnelby-175,sv3-175,509727,singles
2026-08-23T17:19:56+02:00,,531,Eri Yamaki,eri-yamaki,OBF 177,177,725257,197,230,OBF,Pokémon,pokemon,17,https://images.tcggo.com/tcggo/storage/38783/obf.png,Obsidian Flames,EUR,312.31,EUR,425.9,2023-08-11,1,Scarlet & Violet,scarlet-violet,obsidian-flames,120,2868,https://images.tcggo.com/tcggo/storage/2882/gumshoos-obf-177-obsidian-flames-pokemon.png,https://www.tcggo.com/external/cm/2868,https://www.tcggo.com/external/tcgplayer/2868,Gumshoos,Gumshoos 177,0.03,0.04,7347,EUR,[],,,,,,,,0.02,0.02,0.02,0.02,0.02,0.02,0.02,0.02,0.02,0.02,,,,,,,,,,,,,,,,,,,,,,,,,,,,,,,,,,,,,,,,,,EUR,0.21,0.1,Uncommon,gumshoos,Pokémon,https://www.tcggo.com/pokemon/obsidian-flames/gumshoos-177,sv3-177,509730,singles
2026-08-23T17:19:56+02:00,,359,HYOGONOSUKE,hyogonosuke,OBF 180,180,725260,197,230,OBF,Pokémon,pokemon,17,https://images.tcggo.com/tcggo/storage/38783/obf.png,Obsidian Flames,EUR,312.31,EUR,425.9,2023-08-11,1,Scarlet & Violet,scarlet-violet,obsidian-flames,60,2869,https://images.tcggo.com/tcggo/storage/2883/lechonk-obf-180-obsidian-flames-pokemon.png,https://www.tcggo.com/external/cm/2869,https://www.tcggo.com/external/tcgplayer/2869,Lechonk,Lechonk 180,0.07,0.07,3285,EUR,[],,,,,,,,0.03,0.02,0.02,0.02,0.02,0.02,0.02,0.02,0.02,0.02,,,,,,,,,,,,,,,,,,,,,,,,,,,,,,,,,,,,,,,,,,EUR,0.31,0.15,Common,lechonk,Pokémon,https://www.tcggo.com/pokemon/obsidian-flames/lechonk-180,sv3-180,509760,singles
2026-08-23T17:19:56+02:00,,463,Naoki Saito,naoki-saito,OBF 190,190,725270,197,230,OBF,Pokémon,pokemon,17,https://images.tcggo.com/tcggo/storage/38783/obf.png,Obsidian Flames,EUR,312.31,EUR,425.9,2023-08-11,1,Scarlet & Violet,scarlet-violet,obsidian-flames,0,2870,https://images.tcggo.com/tcggo/storage/2884/ortega-obf-190-obsidian-flames-pokemon.png,https://www.tcggo.com/external/cm/2870,https://www.tcggo.com/external/tcgplayer/2870,Ortega,Ortega 190,0.06,0.05,5088,EUR,[],,,,,,,,0.02,0.02,0.02,0.02,0.02,0.02,0.02,0.02,0.02,0.02,,,,,,,,,,,,,,,,,,,,,,,,,,,,,,,,,,,,,,,,,,EUR,0.23,0.13,Uncommon,ortega,Trainer,https://www.tcggo.com/pokemon/obsidian-flames/ortega-190,sv3-190,509782,singles
2026-08-23T17:19:56+02:00,,515,Keisin,keisin,OBF 172,172,725252,197,230,OBF,Pokémon,pokemon,17,https://images.tcggo.com/tcggo/storage/38783/obf.png,Obsidian Flames,EUR,312.31,EUR,425.9,2023-08-11,1,Scarlet & Violet,scarlet-violet,obsidian-flames,160,2871,https://images.tcggo.com/tcggo/storage/2885/stoutland-obf-172-obsidian-flames-pokemon.png,https://www.tcggo.com/external/cm/2871,https://www.tcggo.com/external/tcgplayer/2871,Stoutland,Stoutland 172,0.07,0.05,3130,EUR,[],,,,,,,,0.02,0.02,0.02,0.02,0.02,0.02,0.02,0.02,0.02,0.02,,,,,,,,,,,,,,,,,,,,,,,,,,,,,,,,,,,,,,,,,,EUR,0.24,0.13,Uncommon,stoutland,Pokémon,https://www.tcggo.com/pokemon/obsidian-flames/stoutland-172,sv3-172,509713,singles
2026-08-23T17:19:56+02:00,,499,Tika Matsuno,tika-matsuno,OBF 173,173,725253,197,230,OBF,Pokémon,pokemon,17,https://images.tcggo.com/tcggo/storage/38783/obf.png,Obsidian Flames,EUR,312.31,EUR,425.9,2023-08-11,1,Scarlet & Violet,scarlet-violet,obsidian-flames,100,2872,https://images.tcggo.com/tcggo/storage/2886/audino-obf-173-obsidian-flames-pokemon.png,https://www.tcggo.com/external/cm/2872,https://www.tcggo.com/external/tcgplayer/2872,Audino,Audino 173,0.04,0.05,6770,EUR,[],,,,,,,,0.02,0.02,0.02,0.02,0.02,0.02,0.02,0.02,0.02,0.02,,,,,,,,,,,,,,,,,,,,,,,,,,,,,,,,,,,,,,,,,,EUR,0.23,0.13,Common,audino,Pokémon,https://www.tcggo.com/pokemon/obsidian-flames/audino-173,sv3-173,509714,singles
2026-08-23T17:19:56+02:00,,426,Akira Komayama,akira-komayama,OBF 184,184,725264,197,230,OBF,Pokémon,pokemon,17,https://images.tcggo.com/tcggo/storage/38783/obf.png,Obsidian Flames,EUR,312.31,EUR,425.9,2023-08-11,1,Scarlet & Violet,scarlet-violet,obsidian-flames,130,2873,https://images.tcggo.com/tcggo/storage/2887/oinkologne-obf-184-obsidian-flames-pokemon.png,https://www.tcggo.com/external/cm/2873,https://www.tcggo.com/external/tcgplayer/2873,Oinkologne,Oinkologne 184,0.06,0.05,3393,EUR,[],,,,,,,,0.02,0.02,0.02,0.02,0.02,0.02,0.02,0.02,0.02,0.02,,,,,,,,,,,,,,,,,,,,,,,,,,,,,,,,,,,,,,,,,,EUR,0.21,0.13,Uncommon,oinkologne,Pokémon,https://www.tcggo.com/pokemon/obsidian-flames/oinkologne-184,sv3-184,509773,singles
2026-08-23T17:19:56+02:00,,543,Hiroki Asanuma,hiroki-asanuma,OBF 185,185,725265,197,230,OBF,Pokémon,pokemon,17,https://images.tcggo.com/tcggo/storage/38783/obf.png,Obsidian Flames,EUR,312.31,EUR,425.9,2023-08-11,1,Scarlet & Violet,scarlet-violet,obsidian-flames,120,2874,https://images.tcggo.com/tcggo/storage/2888/flamigo-obf-185-obsidian-flames-pokemon.png,https://www.tcggo.com/external/cm/2874,https://www.tcggo.com/external/tcgplayer/2874,Flamigo,Flamigo 185,0.04,0.04,7290,EUR,[],,,,,,,,0.02,0.02,0.02,0.02,0.02,0.02,0.02,0.02,0.02,0.02,,,,,,,,,,,,,,,,,,,,,,,,,,,,,,,,,,,,,,,,,,EUR,0.27,0.1,Uncommon,flamigo,Pokémon,https://www.tcggo.com/pokemon/obsidian-flames/flamigo-185,sv3-185,510901,singles
2026-08-23T17:19:56+02:00,,459,GIDORA,gidora,OBF 186,186,725266,197,230,OBF,Pokémon,pokemon,17,https://images.tcggo.com/tcggo/storage/38783/obf.png,Obsidian Flames,EUR,312.31,EUR,425.9,2023-08-11,1,Scarlet & Violet,scarlet-violet,obsidian-flames,0,2875,https://images.tcggo.com/tcggo/storage/2889/arven-obf-186-obsidian-flames-pokemon.png,https://www.tcggo.com/external/cm/2875,https://www.tcggo.com/external/tcgplayer/2875,Arven,Arven 186,0.35,0.47,2651,EUR,[],,,,,,,,0.03,0.02,0.02,0.02,0.02,0.02,0.02,0.02,0.02,0.02,,,,,,,,,,,,,,,,,,,,,,,,,,,,,,,,,,,,,,,,,,EUR,1.88,0.52,Uncommon,arven,Trainer,https://www.tcggo.com/pokemon/obsidian-flames/arven-186,sv3-186,509778,singles
2026-08-23T17:19:56+02:00,,459,GIDORA,gidora,OBF 187,187,725267,197,230,OBF,Pokémon,pokemon,17,https://images.tcggo.com/tcggo/storage/38783/obf.png,Obsidian Flames,EUR,312.31,EUR,425.9,2023-08-11,1,Scarlet & Violet,scarlet-violet,obsidian-flames,0,2876,https://images.tcggo.com/tcggo/storage/2890/brassius-obf-187-obsidian-flames-pokemon.png,https://www.tcggo.com/external/cm/2876,https://www.tcggo.com/external/tcgplayer/2876,Brassius,Brassius 187,0.07,0.07,4568,EUR,[],,,,,,,,0.03,0.02,0.02,0.02,0.02,0.02,0.02,0.02,0.02,0.02,,,,,,,,,,,,,,,,,,,,,,,,,,,,,,,,,,,,,,,,,,EUR,0.26,0.13,Uncommon,brassius,Trainer,https://www.tcggo.com/pokemon/obsidian-flames/brassius-187,sv3-187,509779,singles
2026-08-23T17:19:56+02:00,,418,Kariya,kariya,OBF 171,171,725251,197,230,OBF,Pokémon,pokemon,17,https://images.tcggo.com/tcggo/storage/38783/obf.png,Obsidian Flames,EUR,312.31,EUR,425.9,2023-08-11,1,Scarlet & Violet,scarlet-violet,obsidian-flames,90,2877,https://images.tcggo.com/tcggo/storage/2891/herdier-obf-171-obsidian-flames-pokemon.png,https://www.tcggo.com/external/cm/2877,https://www.tcggo.com/external/tcgplayer/2877,Herdier,Herdier 171,0.05,0.05,4421,EUR,[],,,,,,,,0.02,0.02,0.02,0.02,0.02,0.02,0.02,0.02,0.02,0.02,,,,,,,,,,,,,,,,,,,,,,,,,,,,,,,,,,,,,,,,,,EUR,0.21,0.13,Common,herdier,Pokémon,https://www.tcggo.com/pokemon/obsidian-flames/herdier-171,sv3-171,509711,singles
2026-08-23T17:19:56+02:00,,412,Taiga Kayama,taiga-kayama,OBF 178,178,725258,197,230,OBF,Pokémon,pokemon,17,https://images.tcggo.com/tcggo/storage/38783/obf.png,Obsidian Flames,EUR,312.31,EUR,425.9,2023-08-11,1,Scarlet & Violet,scarlet-violet,obsidian-flames,60,2878,https://images.tcggo.com/tcggo/storage/2892/skwovet-obf-178-obsidian-flames-pokemon.png,https://www.tcggo.com/external/cm/2878,https://www.tcggo.com/external/tcgplayer/2878,Skwovet,Skwovet 178,0.05,0.05,6896,EUR,[],,,,,,,,0.02,0.02,0.02,0.02,0.02,0.02,0.02,0.02,0.02,0.02,,,,,,,,,,,,,,,,,,,,,,,,,,,,,,,,,,,,,,,,,,EUR,0.13,0.12,Common,skwovet,Pokémon,https://www.tcggo.com/pokemon/obsidian-flames/skwovet-178,sv3-178,509732,singles
2026-08-23T17:19:56+02:00,,514,Atsuko Nishida,atsuko-nishida,OBF 182,182,725262,197,230,OBF,Pokémon,pokemon,17,https://images.tcggo.com/tcggo/storage/38783/obf.png,Obsidian Flames,EUR,312.31,EUR,425.9,2023-08-11,1,Scarlet & Violet,scarlet-violet,obsidian-flames,70,2879,https://images.tcggo.com/tcggo/storage/2893/lechonk-obf-182-obsidian-flames-pokemon.png,https://www.tcggo.com/external/cm/2879,https://www.tcggo.com/external/tcgplayer/2879,Lechonk,Lechonk 182,0.05,0.04,6702,EUR,[],,,,,,,,0.02,0.02,0.02,0.02,0.02,0.02,0.02,0.02,0.02,0.02,,,,,,,,,,,,,,,,,,,,,,,,,,,,,,,,,,,,,,,,,,EUR,0.24,0.12,Common,lechonk,Pokémon,https://www.tcggo.com/pokemon/obsidian-flames/lechonk-182,sv3-182,509766,singles
2026-08-23T17:19:56+02:00,,516,Pani Kobayashi,pani-kobayashi,OBF 183,183,725263,197,230,OBF,Pokémon,pokemon,17,https://images.tcggo.com/tcggo/storage/38783/obf.png,Obsidian Flames,EUR,312.31,EUR,425.9,2023-08-11,1,Scarlet & Violet,scarlet-violet,obsidian-flames,120,2880,https://images.tcggo.com/tcggo/storage/2894/oinkologne-obf-183-obsidian-flames-pokemon.png,https://www.tcggo.com/external/cm/2880,https://www.tcggo.com/external/tcgplayer/2880,Oinkologne,Oinkologne 183,0.07,0.04,3020,EUR,[],,,,,,,,0.02,0.02,0.02,0.02,0.02,0.02,0.02,0.02,0.02,0.02,,,,,,,,,,,,,,,,,,,,,,,,,,,,,,,,,,,,,,,,,,EUR,0.24,0.14,Uncommon,oinkologne,Pokémon,https://www.tcggo.com/pokemon/obsidian-flames/oinkologne-183,sv3-183,509769,singles
2026-08-23T17:19:56+02:00,,458,Toyste Beach,toyste-beach,OBF 191,191,725271,197,230,OBF,Pokémon,pokemon,17,https://images.tcggo.com/tcggo/storage/38783/obf.png,Obsidian Flames,EUR,312.31,EUR,425.9,2023-08-11,1,Scarlet & Violet,scarlet-violet,obsidian-flames,0,2881,https://images.tcggo.com/tcggo/storage/2895/patrol-cap-obf-191-obsidian-flames-pokemon.png,https://www.tcggo.com/external/cm/2881,https://www.tcggo.com/external/tcgplayer/2881,Patrol Cap,Patrol Cap 191,0.09,0.07,5235,EUR,[],,,,,,,,0.02,0.02,0.02,0.02,0.02,0.02,0.02,0.02,0.02,0.02,,,,,,,,,,,,,,,,,,,,,,,,,,,,,,,,,,,,,,,,,,EUR,0.26,0.13,Uncommon,patrol-cap,Trainer,https://www.tcggo.com/pokemon/obsidian-flames/patrol-cap-191,sv3-191,509783,singles
2026-08-23T17:19:56+02:00,,495,yuu,yuu,OBF 193,193,725273,197,230,OBF,Pokémon,pokemon,17,https://images.tcggo.com/tcggo/storage/38783/obf.png,Obsidian Flames,EUR,312.31,EUR,425.9,2023-08-11,1,Scarlet & Violet,scarlet-violet,obsidian-flames,0,2882,https://images.tcggo.com/tcggo/storage/2896/poppy-obf-193-obsidian-flames-pokemon.png,https://www.tcggo.com/external/cm/2882,https://www.tcggo.com/external/tcgplayer/2882,Poppy,Poppy 193,0.07,0.05,4368,EUR,[],,,,,,,,0.02,0.02,0.02,0.02,0.02,0.02,0.02,0.02,0.02,0.02,,,,,,,,,,,,,,,,,,,,,,,,,,,,,,,,,,,,,,,,,,EUR,0.25,0.13,Uncommon,poppy,Trainer,https://www.tcggo.com/pokemon/obsidian-flames/poppy-193,sv3-193,509785,singles
2026-08-23T17:19:56+02:00,,517,Ayaka Yoshida,ayaka-yoshida,OBF 197,197,725277,197,230,OBF,Pokémon,pokemon,17,https://images.tcggo.com/tcggo/storage/38783/obf.png,Obsidian Flames,EUR,312.31,EUR,425.9,2023-08-11,1,Scarlet & Violet,scarlet-violet,obsidian-flames,0,2883,https://images.tcggo.com/tcggo/storage/2897/vengeful-punch-obf-197-obsidian-flames-pokemon.png,https://www.tcggo.com/external/cm/2883,https://www.tcggo.com/external/tcgplayer/2883,Vengeful Punch,Vengeful Punch 197,0.07,0.05,3687,EUR,[],,,,,,,,0.03,0.02,0.02,0.02,0.02,0.02,0.02,0.02,0.02,0.02,,,,,,,,,,,,,,,,,,,,,,,,,,,,,,,,,,,,,,,,,,EUR,0.3,0.16,Uncommon,vengeful-punch,Trainer,https://www.tcggo.com/pokemon/obsidian-flames/vengeful-punch-197,sv3-197,510898,singles
2026-08-23T17:19:56+02:00,,368,Oswaldo KATO,oswaldo-kato,OBF 192,192,725272,197,230,OBF,Pokémon,pokemon,17,https://images.tcggo.com/tcggo/storage/38783/obf.png,Obsidian Flames,EUR,312.31,EUR,425.9,2023-08-11,1,Scarlet & Violet,scarlet-violet,obsidian-flames,0,2884,https://images.tcggo.com/tcggo/storage/2898/pokemon-league-headquarters-obf-192-obsidian-flames-pokemon.png,https://www.tcggo.com/external/cm/2884,https://www.tcggo.com/external/tcgplayer/2884,Pokémon League Headquarters,Pokémon League Headquarters 192,0.11,0.06,3094,EUR,[],,,,,,,,0.02,0.02,0.02,0.02,0.02,0.02,0.02,0.02,0.02,0.02,,,,,,,,,,,,,,,,,,,,,,,,,,,,,,,,,,,,,,,,,,EUR,0.31,0.17,Uncommon,pokemon-league-headquarters,Trainer,https://www.tcggo.com/pokemon/obsidian-flames/pokemon-league-headquarters-192,sv3-192,509784,singles
2026-08-23T17:19:56+02:00,,426,Akira Komayama,akira-komayama,OBF 200,200,725280,197,230,OBF,Pokémon,pokemon,17,https://images.tcggo.com/tcggo/storage/38783/obf.png,Obsidian Flames,EUR,312.31,EUR,425.9,2023-08-11,1,Scarlet & Violet,scarlet-violet,obsidian-flames,150,2885,https://images.tcggo.com/tcggo/storage/2899/palafin-obf-200-obsidian-flames-pokemon.png,https://www.tcggo.com/external/cm/2885,https://www.tcggo.com/external/tcgplayer/2885,Palafin,Palafin 200,3.2,2.65,590,EUR,[],,,,,,,,2.95,1.99,1.99,3.99,3.99,2.95,2.97,2.97,1.15,1.15,,,,,,,,,,,,,,,,,,,,,,,,,,,,,,,,,,,,,,,,,,EUR,4.84,3.38,Illustration Rare,palafin,Pokémon,https://www.tcggo.com/pokemon/obsidian-flames/palafin-200,sv3-200,509946,singles
2026-08-23T17:19:56+02:00,,405,nagimiso,nagimiso,OBF 195,195,725275,197,230,OBF,Pokémon,pokemon,17,https://images.tcggo.com/tcggo/storage/38783/obf.png,Obsidian Flames,EUR,312.31,EUR,425.9,2023-08-11,1,Scarlet & Violet,scarlet-violet,obsidian-flames,0,2886,https://images.tcggo.com/tcggo/storage/2900/team-star-grunt-obf-195-obsidian-flames-pokemon.png,https://www.tcggo.com/external/cm/2886,https://www.tcggo.com/external/tcgplayer/2886,Team Star Grunt,Team Star Grunt 195,0.07,0.04,4781,EUR,[],,,,,,,,0.02,0.02,0.02,0.02,0.02,0.02,0.02,0.02,0.02,0.02,,,,,,,,,,,,,,,,,,,,,,,,,,,,,,,,,,,,,,,,,,EUR,0.24,0.13,Uncommon,team-star-grunt,Trainer,https://www.tcggo.com/pokemon/obsidian-flames/team-star-grunt-195,sv3-195,509787,singles
2026-08-23T17:19:56+02:00,,380,5ban Graphics,5ban-graphics,OBF 212,212,725292,197,230,OBF,Pokémon,pokemon,17,https://images.tcggo.com/tcggo/storage/38783/obf.png,Obsidian Flames,EUR,312.31,EUR,425.9,2023-08-11,1,Scarlet & Violet,scarlet-violet,obsidian-flames,270,2887,https://images.tcggo.com/tcggo/storage/2901/vespiquen-ex-obf-212-obsidian-flames-pokemon.png,https://www.tcggo.com/external/cm/2887,https://www.tcggo.com/external/tcgplayer/2887,Vespiquen ex,Vespiquen ex 212,1.37,1.28,816,EUR,[],,,,,,,,1,0.9,0.9,1.49,1.49,1,1.5,1.5,0.15,0.15,,,,,,,,,,,,,,,,,,,,,,,,,,,,,,,,,,,,,,,,,,EUR,1.18,1.13,Ultra Rare,vespiquen-ex,Pokémon,https://www.tcggo.com/pokemon/obsidian-flames/vespiquen-ex-212,sv3-212,509961,singles
2026-08-23T17:19:56+02:00,,433,SIE NANAHARA,sie-nanahara,OBF 199,199,725279,197,230,OBF,Pokémon,pokemon,17,https://images.tcggo.com/tcggo/storage/38783/obf.png,Obsidian Flames,EUR,312.31,EUR,425.9,2023-08-11,1,Scarlet & Violet,scarlet-violet,obsidian-flames,120,2888,https://images.tcggo.com/tcggo/storage/2902/ninetales-obf-199-obsidian-flames-pokemon.png,https://www.tcggo.com/external/cm/2888,https://www.tcggo.com/external/tcgplayer/2888,Ninetales,Ninetales 199,32.17,43.67,451,EUR,,,,,,450,45,69,31.06,22.99,22.99,27.99,27.99,31.5,34,34,16,16,USD,300.48,4,,,35.08,5,34.99,5,,,26.91,1,105,5,21,1,,,33.64,5,,,297.97,5,24.15,5,33.64,5,47.55,5,,,,,300.25,5,,,44.86,5,EUR,34.56,30.26,Illustration Rare,ninetales,Pokémon,https://www.tcggo.com/pokemon/obsidian-flames/ninetales-199,sv3-199,509945,singles
2026-08-23T17:19:56+02:00,,380,5ban Graphics,5ban-graphics,OBF 215,215,725294,197,230,OBF,Pokémon,pokemon,17,https://images.tcggo.com/tcggo/storage/38783/obf.png,Obsidian Flames,EUR,312.31,EUR,425.9,2023-08-11,1,Scarlet & Violet,scarlet-violet,obsidian-flames,330,2889,https://images.tcggo.com/tcggo/storage/2903/charizard-ex-obf-215-obsidian-flames-pokemon.png,https://www.tcggo.com/external/cm/2889,https://www.tcggo.com/external/tcgplayer/2889,Charizard ex,Charizard ex 215,17,17.73,598,EUR,,,110,,,160,49,60,14,13.8,13.8,20,20,17.98,15,15,7.85,7.85,USD,78.08,5,,,21.3,3,31.58,5,,,25.66,2,54.27,5,,,,,27.65,5,,,169.49,5,26.42,5,28.54,5,38.35,5,60,3,,,129.55,5,,,31.21,3,EUR,19.24,17.85,Ultra Rare,charizard-ex,Pokémon,https://www.tcggo.com/pokemon/obsidian-flames/charizard-ex-215,sv3-215,509963,singles
2026-08-23T17:19:56+02:00,,359,HYOGONOSUKE,hyogonosuke,OBF 202,202,725282,197,230,OBF,Pokémon,pokemon,17,https://images.tcggo.com/tcggo/storage/38783/obf.png,Obsidian Flames,EUR,312.31,EUR,425.9,2023-08-11,1,Scarlet & Violet,scarlet-violet,obsidian-flames,30,2890,https://images.tcggo.com/tcggo/storage/2904/cleffa-obf-202-obsidian-flames-pokemon.png,https://www.tcggo.com/external/cm/2890,https://www.tcggo.com/external/tcgplayer/2890,Cleffa,Cleffa 202,23.69,23.44,424,EUR,,39,,,99,449,,95,26,18.99,18.99,30,30,26,22,22,11,11,USD,,,29.52,1,32.68,5,52.25,5,,,69.15,4,151.64,5,,,,,32.71,5,,,303.3,5,19.99,5,35.67,5,70.47,5,,,,,356.82,5,,,57.98,5,EUR,33.55,24.29,Illustration Rare,cleffa,Pokémon,https://www.tcggo.com/pokemon/obsidian-flames/cleffa-202,sv3-202,509949,singles
2026-08-23T17:19:56+02:00,,490,takuyoa,takuyoa,OBF 217,217,725297,197,230,OBF,Pokémon,pokemon,17,https://images.tcggo.com/tcggo/storage/38783/obf.png,Obsidian Flames,EUR,312.31,EUR,425.9,2023-08-11,1,Scarlet & Violet,scarlet-violet,obsidian-flames,280,2891,https://images.tcggo.com/tcggo/storage/2905/pidgeot-ex-obf-217-obsidian-flames-pokemon.png,https://www.tcggo.com/external/cm/2891,https://www.tcggo.com/external/tcgplayer/2891,Pidgeot ex,Pidgeot ex 217,2.31,2.38,866,EUR,,,60,,,40,,,1,1.75,1.75,2.95,2.95,1,1.99,1.99,0.5,0.5,,,,,,,,,,,,,,,,,,,,,,,,,,,,,,,,,,,,,,,,,,EUR,1.99,2.56,Ultra Rare,pidgeot-ex,Pokémon,https://www.tcggo.com/pokemon/obsidian-flames/pidgeot-ex-217,sv3-217,509966,singles
2026-08-23T17:19:56+02:00,,438,Miki Tanaka,miki-tanaka,OBF 203,203,725283,197,230,OBF,Pokémon,pokemon,17,https://images.tcggo.com/tcggo/storage/38783/obf.png,Obsidian Flames,EUR,312.31,EUR,425.9,2023-08-11,1,Scarlet & Violet,scarlet-violet,obsidian-flames,70,2892,https://images.tcggo.com/tcggo/storage/2906/larvitar-obf-203-obsidian-flames-pokemon.png,https://www.tcggo.com/external/cm/2892,https://www.tcggo.com/external/tcgplayer/2892,Larvitar,Larvitar 203,3.63,3.37,599,EUR,,,60,,,300,,29,2.59,2.89,2.89,3.99,3.99,2.59,2.75,2.75,1.49,1.49,,,,,,,,,,,,,,,,,,,,,,,,,,,,,,,,,,,,,,,,,,EUR,5.79,5.38,Illustration Rare,larvitar,Pokémon,https://www.tcggo.com/pokemon/obsidian-flames/larvitar-203,sv3-203,509950,singles
2026-08-23T17:19:56+02:00,,405,nagimiso,nagimiso,OBF 221,221,725301,197,230,OBF,Pokémon,pokemon,17,https://images.tcggo.com/tcggo/storage/38783/obf.png,Obsidian Flames,EUR,312.31,EUR,425.9,2023-08-11,1,Scarlet & Violet,scarlet-violet,obsidian-flames,0,2893,https://images.tcggo.com/tcggo/storage/2907/ryme-obf-221-obsidian-flames-pokemon.png,https://www.tcggo.com/external/cm/2893,https://www.tcggo.com/external/tcgplayer/2893,Ryme,Ryme 221,1.04,1.17,1032,EUR,[],,,,,,,,0.5,0.39,0.39,0.99,0.99,0.5,0.8,0.8,0.28,0.28,,,,,,,,,,,,,,,,,,,,,,,,,,,,,,,,,,,,,,,,,,EUR,0.74,0.9,Ultra Rare,ryme,Trainer,https://www.tcggo.com/pokemon/obsidian-flames/ryme-221,sv3-221,509975,singles
2026-08-23T17:19:56+02:00,,523,KYUPIYAMA,kyupiyama,OBF 204,204,725284,197,230,OBF,Pokémon,pokemon,17,https://images.tcggo.com/tcggo/storage/38783/obf.png,Obsidian Flames,EUR,312.31,EUR,425.9,2023-08-11,1,Scarlet & Violet,scarlet-violet,obsidian-flames,50,2894,https://images.tcggo.com/tcggo/storage/2908/houndour-obf-204-obsidian-flames-pokemon.png,https://www.tcggo.com/external/cm/2894,https://www.tcggo.com/external/tcgplayer/2894,Houndour,Houndour 204,5.31,5.33,670,EUR,,,39,,,220,35,45,5.9,4,4,5,5,5.9,4.98,4.98,1.49,1.49,,,,,,,,,,,,,,,,,,,,,,,,,,,,,,,,,,,,,,,,,,EUR,9.28,6.87,Illustration Rare,houndour,Pokémon,https://www.tcggo.com/pokemon/obsidian-flames/houndour-204,sv3-204,509951,singles
2026-08-23T17:19:56+02:00,,364,Toshinao Aoki,toshinao-aoki,OBF 222,222,725302,197,230,OBF,Pokémon,pokemon,17,https://images.tcggo.com/tcggo/storage/38783/obf.png,Obsidian Flames,EUR,312.31,EUR,425.9,2023-08-11,1,Scarlet & Violet,scarlet-violet,obsidian-flames,210,2895,https://images.tcggo.com/tcggo/storage/2909/eiscue-ex-obf-222-obsidian-flames-pokemon.png,https://www.tcggo.com/external/cm/2895,https://www.tcggo.com/external/tcgplayer/2895,Eiscue ex,Eiscue ex 222,4.19,4.23,506,EUR,,,,,29,99,25,34,3.86,3,3,5.95,5.95,3.86,4.9,4.98,1.69,1.69,,,,,,,,,,,,,,,,,,,,,,,,,,,,,,,,,,,,,,,,,,EUR,5.29,4.27,Special Illustration Rare,eiscue-ex,Pokémon,https://www.tcggo.com/pokemon/obsidian-flames/eiscue-ex-222,sv3-222,509979,singles
2026-08-23T17:19:56+02:00,,377,Souichirou Gunjima,souichirou-gunjima,OBF 206,206,725286,197,230,OBF,Pokémon,pokemon,17,https://images.tcggo.com/tcggo/storage/38783/obf.png,Obsidian Flames,EUR,312.31,EUR,425.9,2023-08-11,1,Scarlet & Violet,scarlet-violet,obsidian-flames,60,2896,https://images.tcggo.com/tcggo/storage/2910/varoom-obf-206-obsidian-flames-pokemon.png,https://www.tcggo.com/external/cm/2896,https://www.tcggo.com/external/tcgplayer/2896,Varoom,Varoom 206,2.25,2.28,778,EUR,[],,,,,,,,1.49,1.49,1.49,2.49,2.49,1.49,2,2,0.88,0.88,,,,,,,,,,,,,,,,,,,,,,,,,,,,,,,,,,,,,,,,,,EUR,2.32,2.25,Illustration Rare,varoom,Pokémon,https://www.tcggo.com/pokemon/obsidian-flames/varoom-206,sv3-206,509954,singles
2026-08-23T17:19:56+02:00,,386,Jerky,jerky,OBF 225,225,725305,197,230,OBF,Pokémon,pokemon,17,https://images.tcggo.com/tcggo/storage/38783/obf.png,Obsidian Flames,EUR,312.31,EUR,425.9,2023-08-11,1,Scarlet & Violet,scarlet-violet,obsidian-flames,280,2897,https://images.tcggo.com/tcggo/storage/2911/pidgeot-ex-obf-225-obsidian-flames-pokemon.png,https://www.tcggo.com/external/cm/2897,https://www.tcggo.com/external/tcgplayer/2897,Pidgeot ex,Pidgeot ex 225,18.57,17.65,398,EUR,,,87,,,280,,46,19.25,17,17,24.9,24.9,21.5,14.5,14.5,9.95,10,USD,72.92,5,,,22.51,4,23.32,5,,,12.3,3,67.37,5,,,,,22.45,5,,,143.95,5,17.68,1,22.45,5,32.34,5,62.87,3,,,96.4,5,,,30,3,EUR,15.81,17.34,Special Illustration Rare,pidgeot-ex,Pokémon,https://www.tcggo.com/pokemon/obsidian-flames/pidgeot-ex-225,sv3-225,509983,singles
2026-08-23T17:19:56+02:00,,386,Jerky,jerky,OBF 207,207,725287,197,230,OBF,Pokémon,pokemon,17,https://images.tcggo.com/tcggo/storage/38783/obf.png,Obsidian Flames,EUR,312.31,EUR,425.9,2023-08-11,1,Scarlet & Violet,scarlet-violet,obsidian-flames,60,2898,https://images.tcggo.com/tcggo/storage/2912/pidgey-obf-207-obsidian-flames-pokemon.png,https://www.tcggo.com/external/cm/2898,https://www.tcggo.com/external/tcgplayer/2898,Pidgey,Pidgey 207,11.65,11.38,440,EUR,,,,,,190,41,42,14.95,12,12,12.5,12.5,15,6.98,6.98,4.44,4.44,USD,112.31,2,,,17.85,5,26.72,5,,,14.24,2,61.88,5,,,10.61,1,17.68,5,,,163.06,5,8.18,2,21.4,5,23.77,5,44.6,1,7.82,1,110.55,5,,,19.99,5,EUR,13.5,12.81,Illustration Rare,pidgey,Pokémon,https://www.tcggo.com/pokemon/obsidian-flames/pidgey-207,sv3-207,509955,singles
2026-08-23T17:19:56+02:00,,429,DOM,dom,OBF 226,226,725306,197,230,OBF,Pokémon,pokemon,17,https://images.tcggo.com/tcggo/storage/38783/obf.png,Obsidian Flames,EUR,312.31,EUR,425.9,2023-08-11,1,Scarlet & Violet,scarlet-violet,obsidian-flames,0,2899,https://images.tcggo.com/tcggo/storage/2913/geeta-obf-226-obsidian-flames-pokemon.png,https://www.tcggo.com/external/cm/2899,https://www.tcggo.com/external/tcgplayer/2899,Geeta,Geeta 226,2.7,2.72,705,EUR,,25,,,29,44,,50,1.99,1.8,1.8,2.5,2.5,2.5,2.5,2.5,1.1,1.1,,,,,,,,,,,,,,,,,,,,,,,,,,,,,,,,,,,,,,,,,,EUR,2.78,2.57,Special Illustration Rare,geeta,Trainer,https://www.tcggo.com/pokemon/obsidian-flames/geeta-226,sv3-226,509986,singles
2026-08-23T17:19:56+02:00,,380,5ban Graphics,5ban-graphics,OBF 213,213,725293,197,230,OBF,Pokémon,pokemon,17,https://images.tcggo.com/tcggo/storage/38783/obf.png,Obsidian Flames,EUR,312.31,EUR,425.9,2023-08-11,1,Scarlet & Violet,scarlet-violet,obsidian-flames,270,2900,https://images.tcggo.com/tcggo/storage/2914/glimmora-ex-obf-213-obsidian-flames-pokemon.png,https://www.tcggo.com/external/cm/2900,https://www.tcggo.com/external/tcgplayer/2900,Glimmora ex,Glimmora ex 213,0.95,1.02,1129,EUR,[],,,,,,,,0.5,0.5,0.5,0.95,0.95,0.5,0.7,0.7,0.15,0.15,,,,,,,,,,,,,,,,,,,,,,,,,,,,,,,,,,,,,,,,,,EUR,1.06,0.94,Ultra Rare,glimmora-ex,Pokémon,https://www.tcggo.com/pokemon/obsidian-flames/glimmora-ex-213,sv3-213,509962,singles
2026-08-23T17:19:56+02:00,,380,5ban Graphics,5ban-graphics,OBF 228,228,725308,197,230,OBF,Pokémon,pokemon,17,https://images.tcggo.com/tcggo/storage/38783/obf.png,Obsidian Flames,EUR,312.31,EUR,425.9,2023-08-11,1,Scarlet & Violet,scarlet-violet,obsidian-flames,330,2901,https://images.tcggo.com/tcggo/storage/2915/charizard-ex-obf-228-obsidian-flames-pokemon.png,https://www.tcggo.com/external/cm/2901,https://www.tcggo.com/external/tcgplayer/2901,Charizard ex,Charizard ex 228,28.42,28.34,591,EUR,,,150,80,99,270,,85,29.99,24,24,28,28,29.99,28,28,16.99,16.99,USD,120,5,41.61,2,38.64,1,39.85,5,,,59.75,4,116.63,5,,,,,29.91,5,59.99,1,291.58,5,35.89,5,44.86,5,45.53,5,100,5,40,3,273,5,,,62.8,5,EUR,31.44,36.91,Hyper Rare,charizard-ex,Pokémon,https://www.tcggo.com/pokemon/obsidian-flames/charizard-ex-228,sv3-228,509989,singles
2026-08-23T17:19:56+02:00,,,,,OBF 230,230,725310,197,230,OBF,Pokémon,pokemon,17,https://images.tcggo.com/tcggo/storage/38783/obf.png,Obsidian Flames,EUR,312.31,EUR,425.9,2023-08-11,1,Scarlet & Violet,scarlet-violet,obsidian-flames,0,2902,https://images.tcggo.com/tcggo/storage/2916/basic-fire-energy-obf-230-obsidian-flames-pokemon.png,https://www.tcggo.com/external/cm/2902,https://www.tcggo.com/external/tcgplayer/2902,Basic Fire Energy,Basic Fire Energy 230,2.7,2.71,771,EUR,,,,,,99,,14,2,2,2,3.5,3.5,2,2,2,1.7,1.7,,,,,,,,,,,,,,,,,,,,,,,,,,,,,,,,,,,,,,,,,,EUR,3.42,3.66,Hyper Rare,basic-fire-energy,Energy,https://www.tcggo.com/pokemon/obsidian-flames/basic-fire-energy-230,sv3-230,509992,singles
2026-08-23T17:19:56+02:00,,368,Oswaldo KATO,oswaldo-kato,OBF 229,229,725309,197,230,OBF,Pokémon,pokemon,17,https://images.tcggo.com/tcggo/storage/38783/obf.png,Obsidian Flames,EUR,312.31,EUR,425.9,2023-08-11,1,Scarlet & Violet,scarlet-violet,obsidian-flames,0,2903,https://images.tcggo.com/tcggo/storage/2917/artazon-obf-229-obsidian-flames-pokemon.png,https://www.tcggo.com/external/cm/2903,https://www.tcggo.com/external/tcgplayer/2903,Artazon,Artazon 229,1.52,1.64,1210,EUR,,30,,,,40,,,1,0.99,0.99,2.99,2.99,1,1.5,1.5,0.5,0.5,,,,,,,,,,,,,,,,,,,,,,,,,,,,,,,,,,,,,,,,,,EUR,1.15,1.89,Hyper Rare,artazon,Trainer,https://www.tcggo.com/pokemon/obsidian-flames/artazon-229,sv3-229,509990,singles
2026-08-23T17:19:56+02:00,,386,Jerky,jerky,OBF 208,208,725288,197,230,OBF,Pokémon,pokemon,17,https://images.tcggo.com/tcggo/storage/38783/obf.png,Obsidian Flames,EUR,312.31,EUR,425.9,2023-08-11,1,Scarlet & Violet,scarlet-violet,obsidian-flames,90,2904,https://images.tcggo.com/tcggo/storage/2918/pidgeotto-obf-208-obsidian-flames-pokemon.png,https://www.tcggo.com/external/cm/2904,https://www.tcggo.com/external/tcgplayer/2904,Pidgeotto,Pidgeotto 208,11.88,11.7,415,EUR,,,,,24,250,,,6.02,12,12,12.8,12.8,13,5.99,5.99,3.3,3.3,USD,,,14.9,1,19.76,3,20.74,5,,,,,57.5,4,,,,,9.01,5,,,164.03,5,8.55,5,15.02,5,21.31,5,,,,,133.77,1,,,22.5,3,EUR,10.23,8.31,Illustration Rare,pidgeotto,Pokémon,https://www.tcggo.com/pokemon/obsidian-flames/pidgeotto-208,sv3-208,509956,singles
2026-08-23T17:19:56+02:00,,405,nagimiso,nagimiso,OBF 194,194,725274,197,230,OBF,Pokémon,pokemon,17,https://images.tcggo.com/tcggo/storage/38783/obf.png,Obsidian Flames,EUR,312.31,EUR,425.9,2023-08-11,1,Scarlet & Violet,scarlet-violet,obsidian-flames,0,2905,https://images.tcggo.com/tcggo/storage/2919/ryme-obf-194-obsidian-flames-pokemon.png,https://www.tcggo.com/external/cm/2905,https://www.tcggo.com/external/tcgplayer/2905,Ryme,Ryme 194,0.05,0.04,8928,EUR,[],,,,,,,,0.02,0.02,0.02,0.02,0.02,0.02,0.02,0.02,0.02,0.02,,,,,,,,,,,,,,,,,,,,,,,,,,,,,,,,,,,,,,,,,,EUR,0.21,0.13,Common,ryme,Trainer,https://www.tcggo.com/pokemon/obsidian-flames/ryme-194,sv3-194,509786,singles
2026-08-23T17:19:56+02:00,,406,Narumi Sato,narumi-sato,OBF 209,209,725289,197,230,OBF,Pokémon,pokemon,17,https://images.tcggo.com/tcggo/storage/38783/obf.png,Obsidian Flames,EUR,312.31,EUR,425.9,2023-08-11,1,Scarlet & Violet,scarlet-violet,obsidian-flames,60,2906,https://images.tcggo.com/tcggo/storage/2920/lechonk-obf-209-obsidian-flames-pokemon.png,https://www.tcggo.com/external/cm/2906,https://www.tcggo.com/external/tcgplayer/2906,Lechonk,Lechonk 209,5.37,6.35,517,EUR,,,,,,200,,40,6.98,3.99,3.99,7.5,7.5,6.98,2.9,2.9,1.5,1.5,USD,,,,,20,5,23.73,3,,,,,59.5,2,,,,,18.17,5,,,189.31,5,8.75,4,14.39,5,27.26,5,,,,,159.02,1,,,27.26,1,EUR,11.35,7.95,Illustration Rare,lechonk,Pokémon,https://www.tcggo.com/pokemon/obsidian-flames/lechonk-209,sv3-209,509957,singles
2026-08-23T17:19:56+02:00,,368,Oswaldo KATO,oswaldo-kato,OBF 196,196,725276,197,230,OBF,Pokémon,pokemon,17,https://images.tcggo.com/tcggo/storage/38783/obf.png,Obsidian Flames,EUR,312.31,EUR,425.9,2023-08-11,1,Scarlet & Violet,scarlet-violet,obsidian-flames,0,2907,https://images.tcggo.com/tcggo/storage/2921/town-store-obf-196-obsidian-flames-pokemon.png,https://www.tcggo.com/external/cm/2907,https://www.tcggo.com/external/tcgplayer/2907,Town Store,Town Store 196,0.07,0.06,5099,EUR,[],,,,,,,,0.03,0.02,0.02,0.02,0.02,0.02,0.02,0.02,0.02,0.02,,,,,,,,,,,,,,,,,,,,,,,,,,,,,,,,,,,,,,,,,,EUR,0.29,0.22,Common,town-store,Trainer,https://www.tcggo.com/pokemon/obsidian-flames/town-store-196,sv3-196,509788,singles
2026-08-23T17:19:56+02:00,,380,5ban Graphics,5ban-graphics,OBF 211,211,725291,197,230,OBF,Pokémon,pokemon,17,https://images.tcggo.com/tcggo/storage/38783/obf.png,Obsidian Flames,EUR,312.31,EUR,425.9,2023-08-11,1,Scarlet & Violet,scarlet-violet,obsidian-flames,340,2908,https://images.tcggo.com/tcggo/storage/2922/tyranitar-ex-obf-211-obsidian-flames-pokemon.png,https://www.tcggo.com/external/cm/2908,https://www.tcggo.com/external/tcgplayer/2908,Tyranitar ex,Tyranitar ex 211,2.87,2.98,612,EUR,,,,,,115,,36,1.49,1.5,1.5,3,3,1.49,3,3,1,1,USD,,,,,,,,,,,,,40,5,,,,,19,2,,,70,5,,,15,3,17.41,5,37.5,5,,,,,,,,,EUR,4.52,4.23,Ultra Rare,tyranitar-ex,Pokémon,https://www.tcggo.com/pokemon/obsidian-flames/tyranitar-ex-211,sv3-211,509960,singles
2026-08-23T17:19:56+02:00,,420,Masako Tomii,masako-tomii,OBF 198,198,725278,197,230,OBF,Pokémon,pokemon,17,https://images.tcggo.com/tcggo/storage/38783/obf.png,Obsidian Flames,EUR,312.31,EUR,425.9,2023-08-11,1,Scarlet & Violet,scarlet-violet,obsidian-flames,80,2909,https://images.tcggo.com/tcggo/storage/2923/gloom-obf-198-obsidian-flames-pokemon.png,https://www.tcggo.com/external/cm/2909,https://www.tcggo.com/external/tcgplayer/2909,Gloom,Gloom 198,17.01,14.61,424,EUR,,,,,40,480,35,45,19.5,14,14,28,28,19.5,11,12.15,4,4,USD,139.34,2,15.96,1,26.41,5,34.66,5,,,43.71,3,123.06,5,,,,,31.58,5,,,234.17,5,16.73,5,26.76,5,40.14,5,,,24.99,2,200,5,20.15,2,40,5,EUR,19.99,16.8,Illustration Rare,gloom,Pokémon,https://www.tcggo.com/pokemon/obsidian-flames/gloom-198,sv3-198,509944,singles
2026-08-23T17:19:56+02:00,,384,PLANETA Mochizuki,planeta-mochizuki,OBF 214,214,725295,197,230,OBF,Pokémon,pokemon,17,https://images.tcggo.com/tcggo/storage/38783/obf.png,Obsidian Flames,EUR,312.31,EUR,425.9,2023-08-11,1,Scarlet & Violet,scarlet-violet,obsidian-flames,210,2910,https://images.tcggo.com/tcggo/storage/2924/absol-ex-obf-214-obsidian-flames-pokemon.png,https://www.tcggo.com/external/cm/2910,https://www.tcggo.com/external/tcgplayer/2910,Absol ex,Absol ex 214,2.13,2.19,672,EUR,[],,,,,,,,0.25,1.48,1.48,3,3,0.25,1.3,1.29,0.65,0.65,,,,,,,,,,,,,,,,,,,,,,,,,,,,,,,,,,,,,,,,,,EUR,2.16,2.14,Ultra Rare,absol-ex,Pokémon,https://www.tcggo.com/pokemon/obsidian-flames/absol-ex-214,sv3-214,509964,singles
2026-08-23T17:19:56+02:00,,382,KEIICHIRO ITO,keiichiro-ito,OBF 201,201,725281,197,230,OBF,Pokémon,pokemon,17,https://images.tcggo.com/tcggo/storage/38783/obf.png,Obsidian Flames,EUR,312.31,EUR,425.9,2023-08-11,1,Scarlet & Violet,scarlet-violet,obsidian-flames,140,2911,https://images.tcggo.com/tcggo/storage/2925/bellibolt-obf-201-obsidian-flames-pokemon.png,https://www.tcggo.com/external/cm/2911,https://www.tcggo.com/external/tcgplayer/2911,Bellibolt,Bellibolt 201,3.15,2.91,584,EUR,[],,,,,,,,2.85,2.3,2.3,3.95,3.95,2.85,2.9,2.9,0.98,0.98,,,,,,,,,,,,,,,,,,,,,,,,,,,,,,,,,,,,,,,,,,EUR,5.27,3.85,Illustration Rare,bellibolt,Pokémon,https://www.tcggo.com/pokemon/obsidian-flames/bellibolt-201,sv3-201,509948,singles
2026-08-23T17:19:56+02:00,,495,yuu,yuu,OBF 220,220,725300,197,230,OBF,Pokémon,pokemon,17,https://images.tcggo.com/tcggo/storage/38783/obf.png,Obsidian Flames,EUR,312.31,EUR,425.9,2023-08-11,1,Scarlet & Violet,scarlet-violet,obsidian-flames,0,2912,https://images.tcggo.com/tcggo/storage/2926/poppy-obf-220-obsidian-flames-pokemon.png,https://www.tcggo.com/external/cm/2912,https://www.tcggo.com/external/tcgplayer/2912,Poppy,Poppy 220,1.14,0.97,975,EUR,[],,,,,,,,1,0.69,0.69,1,1,1,1,1,0.4,0.4,,,,,,,,,,,,,,,,,,,,,,,,,,,,,,,,,,,,,,,,,,EUR,0.99,1.28,Ultra Rare,poppy,Trainer,https://www.tcggo.com/pokemon/obsidian-flames/poppy-220,sv3-220,509973,singles
2026-08-23T17:19:56+02:00,,392,Oku,oku,OBF 205,205,725285,197,230,OBF,Pokémon,pokemon,17,https://images.tcggo.com/tcggo/storage/38783/obf.png,Obsidian Flames,EUR,312.31,EUR,425.9,2023-08-11,1,Scarlet & Violet,scarlet-violet,obsidian-flames,140,2913,https://images.tcggo.com/tcggo/storage/2927/scizor-obf-205-obsidian-flames-pokemon.png,https://www.tcggo.com/external/cm/2913,https://www.tcggo.com/external/tcgplayer/2913,Scizor,Scizor 205,14.03,9.02,535,EUR,,,,,,380,35,40,8.5,6.9,6.9,13,13,8.5,13,13,4.98,4.98,USD,198.6,1,13,3,13.84,5,15.81,5,,,16.82,1,134.57,5,,,,,20.93,5,,,291.57,5,11.59,5,22.43,5,23.18,5,,,15.33,1,167.21,5,19.35,2,28.91,4,EUR,12.97,11.5,Illustration Rare,scizor,Pokémon,https://www.tcggo.com/pokemon/obsidian-flames/scizor-205,sv3-205,509952,singles
2026-08-23T17:19:56+02:00,,434,AKIRA EGAWA,akira-egawa,OBF 223,223,725303,197,230,OBF,Pokémon,pokemon,17,https://images.tcggo.com/tcggo/storage/38783/obf.png,Obsidian Flames,EUR,312.31,EUR,425.9,2023-08-11,1,Scarlet & Violet,scarlet-violet,obsidian-flames,330,2914,https://images.tcggo.com/tcggo/storage/2928/charizard-ex-obf-223-obsidian-flames-pokemon.png,https://www.tcggo.com/external/cm/2914,https://www.tcggo.com/external/tcgplayer/2914,Charizard ex,Charizard ex 223,101.38,107.77,718,EUR,,199,450,140,270,349,150,149,84.24,79,79,93,93,96,86,86,57.99,62.99,USD,278.04,5,72.91,1,80.62,5,88.42,5,150,1,150,5,201.85,5,139.95,1,91.29,2,112.34,5,,,589.91,5,81.44,5,94.21,5,130.09,5,364.73,1,139.95,1,642.99,5,115,1,148.04,5,EUR,94.1,107.9,Special Illustration Rare,charizard-ex,Pokémon,https://www.tcggo.com/pokemon/obsidian-flames/charizard-ex-223,sv3-223,509980,singles
2026-08-23T17:19:56+02:00,,380,5ban Graphics,5ban-graphics,OBF 210,210,725290,197,230,OBF,Pokémon,pokemon,17,https://images.tcggo.com/tcggo/storage/38783/obf.png,Obsidian Flames,EUR,312.31,EUR,425.9,2023-08-11,1,Scarlet & Violet,scarlet-violet,obsidian-flames,210,2915,https://images.tcggo.com/tcggo/storage/2929/eiscue-ex-obf-210-obsidian-flames-pokemon.png,https://www.tcggo.com/external/cm/2915,https://www.tcggo.com/external/tcgplayer/2915,Eiscue ex,Eiscue ex 210,1.51,1.34,725,EUR,[],,,,,,,,0.99,0.99,0.99,1.49,1.49,0.99,1,1,0.45,0.45,,,,,,,,,,,,,,,,,,,,,,,,,,,,,,,,,,,,,,,,,,EUR,1.64,1.41,Ultra Rare,eiscue-ex,Pokémon,https://www.tcggo.com/pokemon/obsidian-flames/eiscue-ex-210,sv3-210,509959,singles
2026-08-23T17:19:56+02:00,,490,takuyoa,takuyoa,OBF 216,216,725296,197,230,OBF,Pokémon,pokemon,17,https://images.tcggo.com/tcggo/storage/38783/obf.png,Obsidian Flames,EUR,312.31,EUR,425.9,2023-08-11,1,Scarlet & Violet,scarlet-violet,obsidian-flames,280,2916,https://images.tcggo.com/tcggo/storage/2931/revavroom-ex-obf-216-obsidian-flames-pokemon.png,https://www.tcggo.com/external/cm/2916,https://www.tcggo.com/external/tcgplayer/2916,Revavroom ex,Revavroom ex 216,0.93,0.78,1162,EUR,[],,,,,,,,0.3,0.35,0.35,0.98,0.98,0.3,0.75,0.75,0.2,0.2,,,,,,,,,,,,,,,,,,,,,,,,,,,,,,,,,,,,,,,,,,EUR,0.77,0.9,Ultra Rare,revavroom-ex,Pokémon,https://www.tcggo.com/pokemon/obsidian-flames/revavroom-ex-216,sv3-216,509965,singles
2026-08-23T17:19:56+02:00,,512,kirisAki,kirisaki,OBF 218,218,725298,197,230,OBF,Pokémon,pokemon,17,https://images.tcggo.com/tcggo/storage/38783/obf.png,Obsidian Flames,EUR,312.31,EUR,425.9,2023-08-11,1,Scarlet & Violet,scarlet-violet,obsidian-flames,0,2917,https://images.tcggo.com/tcggo/storage/2930/geeta-obf-218-obsidian-flames-pokemon.png,https://www.tcggo.com/external/cm/2917,https://www.tcggo.com/external/tcgplayer/2917,Geeta,Geeta 218,1.11,1.14,1004,EUR,[],,,,,,,,0.98,0.5,0.5,1.7,1.7,0.98,0.85,0.85,0.28,0.28,,,,,,,,,,,,,,,,,,,,,,,,,,,,,,,,,,,,,,,,,,EUR,0.93,1.09,Ultra Rare,geeta,Trainer,https://www.tcggo.com/pokemon/obsidian-flames/geeta-218,sv3-218,509967,singles
2026-08-23T17:19:56+02:00,,463,Naoki Saito,naoki-saito,OBF 219,219,725299,197,230,OBF,Pokémon,pokemon,17,https://images.tcggo.com/tcggo/storage/38783/obf.png,Obsidian Flames,EUR,312.31,EUR,425.9,2023-08-11,1,Scarlet & Violet,scarlet-violet,obsidian-flames,0,2918,https://images.tcggo.com/tcggo/storage/2932/ortega-obf-219-obsidian-flames-pokemon.png,https://www.tcggo.com/external/cm/2918,https://www.tcggo.com/external/tcgplayer/2918,Ortega,Ortega 219,1.12,1.09,970,EUR,[],,,,,,,,0.75,0.8,0.8,1.44,1.44,0.9,0.49,0.49,0.25,0.25,,,,,,,,,,,,,,,,,,,,,,,,,,,,,,,,,,,,,,,,,,EUR,0.87,1.02,Ultra Rare,ortega,Trainer,https://www.tcggo.com/pokemon/obsidian-flames/ortega-219,sv3-219,509970,singles
2026-08-23T17:19:56+02:00,,377,Souichirou Gunjima,souichirou-gunjima,OBF 224,224,725304,197,230,OBF,Pokémon,pokemon,17,https://images.tcggo.com/tcggo/storage/38783/obf.png,Obsidian Flames,EUR,312.31,EUR,425.9,2023-08-11,1,Scarlet & Violet,scarlet-violet,obsidian-flames,280,2919,https://images.tcggo.com/tcggo/storage/2933/revavroom-ex-obf-224-obsidian-flames-pokemon.png,https://www.tcggo.com/external/cm/2919,https://www.tcggo.com/external/tcgplayer/2919,Revavroom ex,Revavroom ex 224,4.22,4.16,593,EUR,,,,,,50,,22,3,3.49,3.49,3.5,3.5,3,5,5,1.5,1.5,,,,,,,,,,,,,,,,,,,,,,,,,,,,,,,,,,,,,,,,,,EUR,4.8,3.79,Special Illustration Rare,revavroom-ex,Pokémon,https://www.tcggo.com/pokemon/obsidian-flames/revavroom-ex-224,sv3-224,509982,singles
2026-08-23T17:19:56+02:00,,486,Ryota Murayama,ryota-murayama,OBF 227,227,725307,197,230,OBF,Pokémon,pokemon,17,https://images.tcggo.com/tcggo/storage/38783/obf.png,Obsidian Flames,EUR,312.31,EUR,425.9,2023-08-11,1,Scarlet & Violet,scarlet-violet,obsidian-flames,0,2920,https://images.tcggo.com/tcggo/storage/2934/poppy-obf-227-obsidian-flames-pokemon.png,https://www.tcggo.com/external/cm/2920,https://www.tcggo.com/external/tcgplayer/2920,Poppy,Poppy 227,2.3,2.2,717,EUR,,,,,,100,,40,1.5,1.8,1.8,2.98,2.98,1.5,2.5,2.5,0.9,0.9,,,,,,,,,,,,,,,,,,,,,,,,,,,,,,,,,,,,,,,,,,EUR,2.51,2.56,Special Illustration Rare,poppy,Trainer,https://www.tcggo.com/pokemon/obsidian-flames/poppy-227,sv3-227,509987,singles
