captured_at,artist.id,artist.name,artist.slug,card_code_number,card_number,cardmarket_id,episode.cards_printed_total,episode.cards_total,episode.code,episode.game.name,episode.game.slug,episode.id,episode.logo,episode.name,episode.prices.cardmarket.currency,episode.prices.cardmarket.total,episode.prices.tcgplayer.currency,episode.prices.tcgplayer.total,episode.released_at,episode.series.id,episode.series.name,episode.series.slug,episode.slug,hp,id,image,links.cardmarket,links.tcgplayer,name,name_numbered,prices.cardmarket.30d_average,prices.cardmarket.7d_average,prices.cardmarket.available_items,prices.cardmarket.currency,prices.cardmarket.graded,prices.cardmarket.graded.bgs.bgs10,prices.cardmarket.graded.bgs.bgs8,prices.cardmarket.graded.bgs.bgs9,prices.cardmarket.graded.cgc.cgc10,prices.cardmarket.graded.cgc.cgc9,prices.cardmarket.graded.psa.psa10,prices.cardmarket.graded.psa.psa8,prices.cardmarket.graded.psa.psa9,prices.cardmarket.lowest_near_mint,prices.cardmarket.lowest_near_mint_DE,prices.cardmarket.lowest_near_mint_DE_EU_only,prices.cardmarket.lowest_near_mint_ES,prices.cardmarket.lowest_near_mint_ES_EU_only,prices.cardmarket.lowest_near_mint_EU_only,prices.cardmarket.lowest_near_mint_FR,prices.cardmarket.lowest_near_mint_FR_EU_only,prices.cardmarket.lowest_near_mint_IT,prices.cardmarket.lowest_near_mint_IT_EU_only,prices.ebay.currency,prices.ebay.graded.ace.10.median_price,prices.ebay.graded.ace.10.sample_size,prices.ebay.graded.ace.8.median_price,prices.ebay.graded.ace.8.sample_size,prices.ebay.graded.ace.9.median_price,prices.ebay.graded.ace.9.sample_size,prices.ebay.graded.bgs.10.median_price,prices.ebay.graded.bgs.10.sample_size,prices.ebay.graded.bgs.9.median_price,prices.ebay.graded.bgs.9.sample_size,prices.ebay.graded.cgc.10.median_price,prices.ebay.graded.cgc.10.sample_size,prices.ebay.graded.cgc.8.median_price,prices.ebay.graded.cgc.8.sample_size,prices.ebay.graded.cgc.9.median_price,prices.ebay.graded.cgc.9.sample_size,prices.ebay.graded.psa.10.median_price,prices.ebay.graded.psa.10.sample_size,prices.ebay.graded.psa.7.median_price,prices.ebay.graded.psa.7.sample_size,prices.ebay.graded.psa.8.median_price,prices.ebay.graded.psa.8.sample_size,prices.ebay.graded.psa.9.median_price,prices.ebay.graded.psa.9.sample_size,prices.ebay.graded.sgc.10.median_price,prices.ebay.graded.sgc.10.sample_size,prices.ebay.graded.sgc.8.median_price,prices.ebay.graded.sgc.8.sample_size,prices.ebay.graded.sgc.9.median_price,prices.ebay.graded.sgc.9.sample_size,prices.ebay.graded.tag.10.median_price,prices.ebay.graded.tag.10.sample_size,prices.ebay.graded.tag.8.median_price,prices.ebay.graded.tag.8.sample_size,prices.ebay.graded.tag.9.median_price,prices.ebay.graded.tag.9.sample_size,prices.tcg_player.currency,prices.tcg_player.market_price,prices.tcg_player.mid_price,rarity,slug,supertype,tcggo_url,tcgid,tcgplayer_id,type
2026-08-23T17:19:56+02:00,378,Kouki Saitou,kouki-saitou,PAF 1,1,751527,91,245,PAF,Pokémon,pokemon,14,https://images.tcggo.com/tcggo/storage/1981/paldean-fates-logo.png,Paldean Fates,EUR,1810.89,EUR,2341.33,2024-01-26,1,Scarlet & Violet,scarlet-violet,paldean-fates,70,1973,https://images.tcggo.com/tcggo/storage/1983/pineco-paf-1-paldean-fates-pokemon.png,https://www.tcggo.com/external/cm/1973,https://www.tcggo.com/external/tcgplayer/1973,Pineco,Pineco 1,0.03,0.03,18688,EUR,[],,,,,,,,,0.02,0.02,0.02,0.02,0.02,0.02,0.02,0.02,0.02,0.02,,,,,,,,,,,,,,,,,,,,,,,,,,,,,,,,,,,,,,EUR,0.13,0.09,Common,pineco,Pokémon,https://www.tcggo.com/pokemon/paldean-fates/pineco-1,sv4pt5-1,534132,singles
2026-08-23T17:19:56+02:00,380,5ban Graphics,5ban-graphics,PAF 2,2,751528,91,245,PAF,Pokémon,pokemon,14,https://images.tcggo.com/tcggo/storage/1981/paldean-fates-logo.png,Paldean Fates,EUR,1810.89,EUR,2341.33,2024-01-26,1,Scarlet & Violet,scarlet-violet,paldean-fates,270,1974,https://images.tcggo.com/tcggo/storage/1984/forretress-ex-paf-2-paldean-fates-pokemon.png,https://www.tcggo.com/external/cm/1974,https://www.tcggo.com/external/tcgplayer/1974,Forretress ex,Forretress ex 2,0.59,0.62,3208,EUR,[],,,,,,,,,0.1,0.39,0.39,0.2,0.2,0.1,0.4,0.4,0.03,0.03,,,,,,,,,,,,,,,,,,,,,,,,,,,,,,,,,,,,,,EUR,0.47,0.84,Double Rare,forretress-ex,Pokémon,https://www.tcggo.com/pokemon/paldean-fates/forretress-ex-2,sv4pt5-2,534133,singles
2026-08-23T17:19:56+02:00,449,miki kudo,miki-kudo,PAF 9,9,751535,91,245,PAF,Pokémon,pokemon,14,https://images.tcggo.com/tcggo/storage/1981/paldean-fates-logo.png,Paldean Fates,EUR,1810.89,EUR,2341.33,2024-01-26,1,Scarlet & Violet,scarlet-violet,paldean-fates,80,1975,https://images.tcggo.com/tcggo/storage/1985/magmar-paf-9-paldean-fates-pokemon.png,https://www.tcggo.com/external/cm/1975,https://www.tcggo.com/external/tcgplayer/1975,Magmar,Magmar 9,0.03,0.03,18191,EUR,[],,,,,,,,,0.02,0.02,0.02,0.02,0.02,0.02,0.02,0.02,0.02,0.02,,,,,,,,,,,,,,,,,,,,,,,,,,,,,,,,,,,,,,EUR,0.21,0.09,Common,magmar,Pokémon,https://www.tcggo.com/pokemon/paldean-fates/magmar-9,sv4pt5-9,534149,singles
2026-08-23T17:19:56+02:00,420,Masako Tomii,masako-tomii,PAF 3,3,751529,91,245,PAF,Pokémon,pokemon,14,https://images.tcggo.com/tcggo/storage/1981/paldean-fates-logo.png,Paldean Fates,EUR,1810.89,EUR,2341.33,2024-01-26,1,Scarlet & Violet,scarlet-violet,paldean-fates,110,1976,https://images.tcggo.com/tcggo/storage/1986/maractus-paf-3-paldean-fates-pokemon.png,https://www.tcggo.com/external/cm/1976,https://www.tcggo.com/external/tcgplayer/1976,Maractus,Maractus 3,0.03,0.03,18154,EUR,[],,,,,,,,,0.02,0.02,0.02,0.02,0.02,0.02,0.02,0.02,0.02,0.02,,,,,,,,,,,,,,,,,,,,,,,,,,,,,,,,,,,,,,EUR,0.15,0.09,Common,maractus,Pokémon,https://www.tcggo.com/pokemon/paldean-fates/maractus-3,sv4pt5-3,534136,singles
2026-08-23T17:19:56+02:00,447,Hasuno,hasuno,PAF 10,10,751536,91,245,PAF,Pokémon,pokemon,14,https://images.tcggo.com/tcggo/storage/1981/paldean-fates-logo.png,Paldean Fates,EUR,1810.89,EUR,2341.33,2024-01-26,1,Scarlet & Violet,scarlet-violet,paldean-fates,140,1977,https://images.tcggo.com/tcggo/storage/1987/magmortar-paf-10-paldean-fates-pokemon.png,https://www.tcggo.com/external/cm/1977,https://www.tcggo.com/external/tcgplayer/1977,Magmortar,Magmortar 10,0.82,0.63,11491,EUR,[],,,,,,,,,0.03,0.02,0.02,0.05,0.05,0.03,0.02,0.02,0.02,0.02,,,,,,,,,,,,,,,,,,,,,,,,,,,,,,,,,,,,,,EUR,0.15,0.13,rare,magmortar,Pokémon,https://www.tcggo.com/pokemon/paldean-fates/magmortar-10,sv4pt5-10,534150,singles
2026-08-23T17:19:56+02:00,387,Scav,scav,PAF 13,13,751539,91,245,PAF,Pokémon,pokemon,14,https://images.tcggo.com/tcggo/storage/1981/paldean-fates-logo.png,Paldean Fates,EUR,1810.89,EUR,2341.33,2024-01-26,1,Scarlet & Violet,scarlet-violet,paldean-fates,90,1978,https://images.tcggo.com/tcggo/storage/1988/heat-rotom-paf-13-paldean-fates-pokemon.png,https://www.tcggo.com/external/cm/1978,https://www.tcggo.com/external/tcgplayer/1978,Heat Rotom,Heat Rotom 13,0.07,0.06,11865,EUR,[],,,,,,,,,0.03,0.02,0.02,0.02,0.02,0.02,0.02,0.02,0.02,0.02,,,,,,,,,,,,,,,,,,,,,,,,,,,,,,,,,,,,,,EUR,0.16,0.13,rare,heat-rotom,Pokémon,https://www.tcggo.com/pokemon/paldean-fates/heat-rotom-13,sv4pt5-13,534154,singles
2026-08-23T17:19:56+02:00,396,Gemi,gemi,PAF 16,16,751543,91,245,PAF,Pokémon,pokemon,14,https://images.tcggo.com/tcggo/storage/1981/paldean-fates-logo.png,Paldean Fates,EUR,1810.89,EUR,2341.33,2024-01-26,1,Scarlet & Violet,scarlet-violet,paldean-fates,110,1979,https://images.tcggo.com/tcggo/storage/1989/lapras-paf-16-paldean-fates-pokemon.png,https://www.tcggo.com/external/cm/1979,https://www.tcggo.com/external/tcgplayer/1979,Lapras,Lapras 16,0.04,0.04,16894,EUR,[],,,,,,,,,0.02,0.02,0.02,0.02,0.02,0.02,0.02,0.02,0.02,0.02,,,,,,,,,,,,,,,,,,,,,,,,,,,,,,,,,,,,,,EUR,0.17,0.09,Common,lapras,Pokémon,https://www.tcggo.com/pokemon/paldean-fates/lapras-16,sv4pt5-16,534158,singles
2026-08-23T17:19:56+02:00,394,OKACHEKE,okacheke,PAF 18,18,751545,91,245,PAF,Pokémon,pokemon,14,https://images.tcggo.com/tcggo/storage/1981/paldean-fates-logo.png,Paldean Fates,EUR,1810.89,EUR,2341.33,2024-01-26,1,Scarlet & Violet,scarlet-violet,paldean-fates,70,1980,https://images.tcggo.com/tcggo/storage/1990/pikachu-paf-18-paldean-fates-pokemon.png,https://www.tcggo.com/external/cm/1980,https://www.tcggo.com/external/tcgplayer/1980,Pikachu,Pikachu 18,0.1,0.1,13144,EUR,[],,,,,,,,,0.02,0.02,0.02,0.02,0.02,0.02,0.02,0.02,0.02,0.02,USD,,,,,,,,,,,74.3,1,,,,,,,,,,,45.52,1,,,,,,,,,,,,,EUR,0.34,0.17,Common,pikachu,Pokémon,https://www.tcggo.com/pokemon/paldean-fates/pikachu-18,sv4pt5-18,534163,singles
2026-08-23T17:19:56+02:00,417,satoma,satoma,PAF 12,12,751538,91,245,PAF,Pokémon,pokemon,14,https://images.tcggo.com/tcggo/storage/1981/paldean-fates-logo.png,Paldean Fates,EUR,1810.89,EUR,2341.33,2024-01-26,1,Scarlet & Violet,scarlet-violet,paldean-fates,130,1981,https://images.tcggo.com/tcggo/storage/1991/camerupt-paf-12-paldean-fates-pokemon.png,https://www.tcggo.com/external/cm/1981,https://www.tcggo.com/external/tcgplayer/1981,Camerupt,Camerupt 12,0.03,0.03,18202,EUR,[],,,,,,,,,0.02,0.02,0.02,0.02,0.02,0.02,0.02,0.02,0.02,0.02,,,,,,,,,,,,,,,,,,,,,,,,,,,,,,,,,,,,,,EUR,0.2,0.09,Uncommon,camerupt,Pokémon,https://www.tcggo.com/pokemon/paldean-fates/camerupt-12,sv4pt5-12,534153,singles
2026-08-23T17:19:56+02:00,405,nagimiso,nagimiso,PAF 14,14,751540,91,245,PAF,Pokémon,pokemon,14,https://images.tcggo.com/tcggo/storage/1981/paldean-fates-logo.png,Paldean Fates,EUR,1810.89,EUR,2341.33,2024-01-26,1,Scarlet & Violet,scarlet-violet,paldean-fates,70,1982,https://images.tcggo.com/tcggo/storage/1992/charcadet-paf-14-paldean-fates-pokemon.png,https://www.tcggo.com/external/cm/1982,https://www.tcggo.com/external/tcgplayer/1982,Charcadet,Charcadet 14,0.03,0.04,18251,EUR,[],,,,,,,,,0.02,0.02,0.02,0.02,0.02,0.02,0.02,0.02,0.02,0.02,,,,,,,,,,,,,,,,,,,,,,,,,,,,,,,,,,,,,,EUR,0.15,0.09,Common,charcadet,Pokémon,https://www.tcggo.com/pokemon/paldean-fates/charcadet-14,sv4pt5-14,534155,singles
2026-08-23T17:19:56+02:00,434,AKIRA EGAWA,akira-egawa,PAF 22,22,751552,91,245,PAF,Pokémon,pokemon,14,https://images.tcggo.com/tcggo/storage/1981/paldean-fates-logo.png,Paldean Fates,EUR,1810.89,EUR,2341.33,2024-01-26,1,Scarlet & Violet,scarlet-violet,paldean-fates,120,1983,https://images.tcggo.com/tcggo/storage/1993/kilowattrel-paf-22-paldean-fates-pokemon.png,https://www.tcggo.com/external/cm/1983,https://www.tcggo.com/external/tcgplayer/1983,Kilowattrel,Kilowattrel 22,0.03,0.02,18380,EUR,[],,,,,,,,,0.02,0.02,0.02,0.02,0.02,0.02,0.02,0.02,0.02,0.02,,,,,,,,,,,,,,,,,,,,,,,,,,,,,,,,,,,,,,EUR,0.17,0.09,Uncommon,kilowattrel,Pokémon,https://www.tcggo.com/pokemon/paldean-fates/kilowattrel-22,sv4pt5-22,534168,singles
2026-08-23T17:19:56+02:00,418,Kariya,kariya,PAF 23,23,751556,91,245,PAF,Pokémon,pokemon,14,https://images.tcggo.com/tcggo/storage/1981/paldean-fates-logo.png,Paldean Fates,EUR,1810.89,EUR,2341.33,2024-01-26,1,Scarlet & Violet,scarlet-violet,paldean-fates,60,1984,https://images.tcggo.com/tcggo/storage/1994/exeggcute-paf-23-paldean-fates-pokemon.png,https://www.tcggo.com/external/cm/1984,https://www.tcggo.com/external/tcgplayer/1984,Exeggcute,Exeggcute 23,0.03,0.02,18011,EUR,[],,,,,,,,,0.02,0.02,0.02,0.02,0.02,0.02,0.02,0.02,0.02,0.02,,,,,,,,,,,,,,,,,,,,,,,,,,,,,,,,,,,,,,EUR,0.15,0.09,Common,exeggcute,Pokémon,https://www.tcggo.com/pokemon/paldean-fates/exeggcute-23,sv4pt5-23,534169,singles
2026-08-23T17:19:56+02:00,385,Teeziro,teeziro,PAF 25,25,751558,91,245,PAF,Pokémon,pokemon,14,https://images.tcggo.com/tcggo/storage/1981/paldean-fates-logo.png,Paldean Fates,EUR,1810.89,EUR,2341.33,2024-01-26,1,Scarlet & Violet,scarlet-violet,paldean-fates,50,1985,https://images.tcggo.com/tcggo/storage/1995/natu-paf-25-paldean-fates-pokemon.png,https://www.tcggo.com/external/cm/1985,https://www.tcggo.com/external/tcgplayer/1985,Natu,Natu 25,0.03,0.04,17520,EUR,[],,,,,,,,,0.02,0.02,0.02,0.02,0.02,0.02,0.02,0.02,0.02,0.02,,,,,,,,,,,,,,,,,,,,,,,,,,,,,,,,,,,,,,EUR,0.14,0.09,Common,natu,Pokémon,https://www.tcggo.com/pokemon/paldean-fates/natu-25,sv4pt5-25,535993,singles
2026-08-23T17:19:56+02:00,521,Shin Nagasawa,shin-nagasawa,PAF 4,4,751530,91,245,PAF,Pokémon,pokemon,14,https://images.tcggo.com/tcggo/storage/1981/paldean-fates-logo.png,Paldean Fates,EUR,1810.89,EUR,2341.33,2024-01-26,1,Scarlet & Violet,scarlet-violet,paldean-fates,50,1986,https://images.tcggo.com/tcggo/storage/1996/toedscool-paf-4-paldean-fates-pokemon.png,https://www.tcggo.com/external/cm/1986,https://www.tcggo.com/external/tcgplayer/1986,Toedscool,Toedscool 4,0.03,0.02,18452,EUR,[],,,,,,,,,0.02,0.02,0.02,0.02,0.02,0.02,0.02,0.02,0.02,0.02,,,,,,,,,,,,,,,,,,,,,,,,,,,,,,,,,,,,,,EUR,0.13,0.09,Common,toedscool,Pokémon,https://www.tcggo.com/pokemon/paldean-fates/toedscool-4,sv4pt5-4,534137,singles
2026-08-23T17:19:56+02:00,380,5ban Graphics,5ban-graphics,PAF 5,5,751531,91,245,PAF,Pokémon,pokemon,14,https://images.tcggo.com/tcggo/storage/1981/paldean-fates-logo.png,Paldean Fates,EUR,1810.89,EUR,2341.33,2024-01-26,1,Scarlet & Violet,scarlet-violet,paldean-fates,270,1987,https://images.tcggo.com/tcggo/storage/1997/toedscruel-ex-paf-5-paldean-fates-pokemon.png,https://www.tcggo.com/external/cm/1987,https://www.tcggo.com/external/tcgplayer/1987,Toedscruel ex,Toedscruel ex 5,0.53,0.42,3173,EUR,[],,,,,,,,,0.1,0.2,0.2,0.25,0.25,0.1,0.35,0.35,0.02,0.02,,,,,,,,,,,,,,,,,,,,,,,,,,,,,,,,,,,,,,EUR,0.42,0.77,Double Rare,toedscruel-ex,Pokémon,https://www.tcggo.com/pokemon/paldean-fates/toedscruel-ex-5,sv4pt5-5,534139,singles
2026-08-23T17:19:56+02:00,490,takuyoa,takuyoa,PAF 6,6,751532,91,245,PAF,Pokémon,pokemon,14,https://images.tcggo.com/tcggo/storage/1981/paldean-fates-logo.png,Paldean Fates,EUR,1810.89,EUR,2341.33,2024-01-26,1,Scarlet & Violet,scarlet-violet,paldean-fates,260,1988,https://images.tcggo.com/tcggo/storage/1998/espathra-ex-paf-6-paldean-fates-pokemon.png,https://www.tcggo.com/external/cm/1988,https://www.tcggo.com/external/tcgplayer/1988,Espathra ex,Espathra ex 6,0.57,0.54,3172,EUR,[],,,,,,,,,0.1,0.2,0.2,0.29,0.29,0.1,0.3,0.3,0.02,0.02,,,,,,,,,,,,,,,,,,,,,,,,,,,,,,,,,,,,,,EUR,0.5,0.81,Double Rare,espathra-ex,Pokémon,https://www.tcggo.com/pokemon/paldean-fates/espathra-ex-6,sv4pt5-6,534140,singles
2026-08-23T17:19:56+02:00,459,GIDORA,gidora,PAF 7,7,751533,91,245,PAF,Pokémon,pokemon,14,https://images.tcggo.com/tcggo/storage/1981/paldean-fates-logo.png,Paldean Fates,EUR,1810.89,EUR,2341.33,2024-01-26,1,Scarlet & Violet,scarlet-violet,paldean-fates,70,1989,https://images.tcggo.com/tcggo/storage/1999/charmander-paf-7-paldean-fates-pokemon.png,https://www.tcggo.com/external/cm/1989,https://www.tcggo.com/external/tcgplayer/1989,Charmander,Charmander 7,0.09,0.04,14465,EUR,[],,,,,,,,,0.02,0.02,0.02,0.02,0.02,0.02,0.02,0.02,0.02,0.02,,,,,,,,,,,,,,,,,,,,,,,,,,,,,,,,,,,,,,EUR,0.25,0.15,Common,charmander,Pokémon,https://www.tcggo.com/pokemon/paldean-fates/charmander-7,sv4pt5-7,534142,singles
2026-08-23T17:19:56+02:00,403,rika,rika,PAF 17,17,751544,91,245,PAF,Pokémon,pokemon,14,https://images.tcggo.com/tcggo/storage/1981/paldean-fates-logo.png,Paldean Fates,EUR,1810.89,EUR,2341.33,2024-01-26,1,Scarlet & Violet,scarlet-violet,paldean-fates,70,1990,https://images.tcggo.com/tcggo/storage/2000/frigibax-paf-17-paldean-fates-pokemon.png,https://www.tcggo.com/external/cm/1990,https://www.tcggo.com/external/tcgplayer/1990,Frigibax,Frigibax 17,0.03,0.03,17482,EUR,[],,,,,,,,,0.02,0.02,0.02,0.02,0.02,0.02,0.02,0.02,0.02,0.02,,,,,,,,,,,,,,,,,,,,,,,,,,,,,,,,,,,,,,EUR,0.17,0.11,Common,frigibax,Pokémon,https://www.tcggo.com/pokemon/paldean-fates/frigibax-17,sv4pt5-17,534161,singles
2026-08-23T17:19:56+02:00,362,Naoyo Kimura,naoyo-kimura,PAF 19,19,751546,91,245,PAF,Pokémon,pokemon,14,https://images.tcggo.com/tcggo/storage/1981/paldean-fates-logo.png,Paldean Fates,EUR,1810.89,EUR,2341.33,2024-01-26,1,Scarlet & Violet,scarlet-violet,paldean-fates,120,1991,https://images.tcggo.com/tcggo/storage/2001/raichu-paf-19-paldean-fates-pokemon.png,https://www.tcggo.com/external/cm/1991,https://www.tcggo.com/external/tcgplayer/1991,Raichu,Raichu 19,0.13,0.12,8936,EUR,[],,,,,,,,,0.03,0.02,0.02,0.02,0.02,0.02,0.02,0.02,0.02,0.02,,,,,,,,,,,,,,,,,,,,,,,,,,,,,,,,,,,,,,EUR,0.26,0.16,rare,raichu,Pokémon,https://www.tcggo.com/pokemon/paldean-fates/raichu-19,sv4pt5-19,534165,singles
2026-08-23T17:19:56+02:00,495,yuu,yuu,PAF 20,20,751549,91,245,PAF,Pokémon,pokemon,14,https://images.tcggo.com/tcggo/storage/1981/paldean-fates-logo.png,Paldean Fates,EUR,1810.89,EUR,2341.33,2024-01-26,1,Scarlet & Violet,scarlet-violet,paldean-fates,60,1992,https://images.tcggo.com/tcggo/storage/2002/chinchou-paf-20-paldean-fates-pokemon.png,https://www.tcggo.com/external/cm/1992,https://www.tcggo.com/external/tcgplayer/1992,Chinchou,Chinchou 20,0.03,0.03,18140,EUR,[],,,,,,,,,0.02,0.02,0.02,0.02,0.02,0.02,0.02,0.02,0.02,0.02,,,,,,,,,,,,,,,,,,,,,,,,,,,,,,,,,,,,,,EUR,0.09,0.09,Common,chinchou,Pokémon,https://www.tcggo.com/pokemon/paldean-fates/chinchou-20,sv4pt5-20,534166,singles
2026-08-23T17:19:56+02:00,471,Tonji Matsuno,tonji-matsuno,PAF 8,8,751534,91,245,PAF,Pokémon,pokemon,14,https://images.tcggo.com/tcggo/storage/1981/paldean-fates-logo.png,Paldean Fates,EUR,1810.89,EUR,2341.33,2024-01-26,1,Scarlet & Violet,scarlet-violet,paldean-fates,90,1993,https://images.tcggo.com/tcggo/storage/2003/charmeleon-paf-8-paldean-fates-pokemon.png,https://www.tcggo.com/external/cm/1993,https://www.tcggo.com/external/tcgplayer/1993,Charmeleon,Charmeleon 8,0.06,0.05,15973,EUR,[],,,,,,,,,0.02,0.02,0.02,0.02,0.02,0.02,0.02,0.02,0.02,0.02,,,,,,,,,,,,,,,,,,,,,,,,,,,,,,,,,,,,,,EUR,0.22,0.13,Uncommon,charmeleon,Pokémon,https://www.tcggo.com/pokemon/paldean-fates/charmeleon-8,sv4pt5-8,534143,singles
2026-08-23T17:19:56+02:00,416,Mina Nakai,mina-nakai,PAF 11,11,751537,91,245,PAF,Pokémon,pokemon,14,https://images.tcggo.com/tcggo/storage/1981/paldean-fates-logo.png,Paldean Fates,EUR,1810.89,EUR,2341.33,2024-01-26,1,Scarlet & Violet,scarlet-violet,paldean-fates,80,1994,https://images.tcggo.com/tcggo/storage/2004/numel-paf-11-paldean-fates-pokemon.png,https://www.tcggo.com/external/cm/1994,https://www.tcggo.com/external/tcgplayer/1994,Numel,Numel 11,0.03,0.03,18465,EUR,[],,,,,,,,,0.02,0.02,0.02,0.02,0.02,0.02,0.02,0.02,0.02,0.02,,,,,,,,,,,,,,,,,,,,,,,,,,,,,,,,,,,,,,EUR,0.15,0.11,Common,numel,Pokémon,https://www.tcggo.com/pokemon/paldean-fates/numel-11,sv4pt5-11,534152,singles
2026-08-23T17:19:56+02:00,434,AKIRA EGAWA,akira-egawa,PAF 15,15,751541,91,245,PAF,Pokémon,pokemon,14,https://images.tcggo.com/tcggo/storage/1981/paldean-fates-logo.png,Paldean Fates,EUR,1810.89,EUR,2341.33,2024-01-26,1,Scarlet & Violet,scarlet-violet,paldean-fates,130,1995,https://images.tcggo.com/tcggo/storage/2005/armarouge-paf-15-paldean-fates-pokemon.png,https://www.tcggo.com/external/cm/1995,https://www.tcggo.com/external/tcgplayer/1995,Armarouge,Armarouge 15,0.06,0.06,11416,EUR,[],,,,,,,,,0.03,0.02,0.02,0.02,0.02,0.02,0.02,0.02,0.02,0.02,,,,,,,,,,,,,,,,,,,,,,,,,,,,,,,,,,,,,,EUR,0.22,0.14,rare,armarouge,Pokémon,https://www.tcggo.com/pokemon/paldean-fates/armarouge-15,sv4pt5-15,534156,singles
2026-08-23T17:19:56+02:00,404,aspara,aspara,PAF 21,21,751551,91,245,PAF,Pokémon,pokemon,14,https://images.tcggo.com/tcggo/storage/1981/paldean-fates-logo.png,Paldean Fates,EUR,1810.89,EUR,2341.33,2024-01-26,1,Scarlet & Violet,scarlet-violet,paldean-fates,120,1996,https://images.tcggo.com/tcggo/storage/2006/lanturn-paf-21-paldean-fates-pokemon.png,https://www.tcggo.com/external/cm/1996,https://www.tcggo.com/external/tcgplayer/1996,Lanturn,Lanturn 21,0.03,0.04,17702,EUR,[],,,,,,,,,0.02,0.02,0.02,0.02,0.02,0.02,0.02,0.02,0.02,0.02,,,,,,,,,,,,,,,,,,,,,,,,,,,,,,,,,,,,,,EUR,0.15,0.09,Uncommon,lanturn,Pokémon,https://www.tcggo.com/pokemon/paldean-fates/lanturn-21,sv4pt5-21,534167,singles
2026-08-23T17:19:56+02:00,357,Yoriyuki Ikegami,yoriyuki-ikegami,PAF 24,24,751557,91,245,PAF,Pokémon,pokemon,14,https://images.tcggo.com/tcggo/storage/1981/paldean-fates-logo.png,Paldean Fates,EUR,1810.89,EUR,2341.33,2024-01-26,1,Scarlet & Violet,scarlet-violet,paldean-fates,130,1997,https://images.tcggo.com/tcggo/storage/2007/exeggutor-paf-24-paldean-fates-pokemon.png,https://www.tcggo.com/external/cm/1997,https://www.tcggo.com/external/tcgplayer/1997,Exeggutor,Exeggutor 24,0.09,0.1,11413,EUR,[],,,,,,,,,0.03,0.02,0.02,0.02,0.02,0.02,0.02,0.02,0.02,0.02,,,,,,,,,,,,,,,,,,,,,,,,,,,,,,,,,,,,,,EUR,0.16,0.13,rare,exeggutor,Pokémon,https://www.tcggo.com/pokemon/paldean-fates/exeggutor-24,sv4pt5-24,534170,singles
2026-08-23T17:19:56+02:00,429,DOM,dom,PAF 26,26,751559,91,245,PAF,Pokémon,pokemon,14,https://images.tcggo.com/tcggo/storage/1981/paldean-fates-logo.png,Paldean Fates,EUR,1810.89,EUR,2341.33,2024-01-26,1,Scarlet & Violet,scarlet-violet,paldean-fates,100,1998,https://images.tcggo.com/tcggo/storage/2008/xatu-paf-26-paldean-fates-pokemon.png,https://www.tcggo.com/external/cm/1998,https://www.tcggo.com/external/tcgplayer/1998,Xatu,Xatu 26,0.1,0.2,10391,EUR,[],,,,,,,,,0.03,0.02,0.02,0.02,0.02,0.02,0.02,0.02,0.02,0.02,,,,,,,,,,,,,,,,,,,,,,,,,,,,,,,,,,,,,,EUR,0.2,0.15,rare,xatu,Pokémon,https://www.tcggo.com/pokemon/paldean-fates/xatu-26,sv4pt5-26,534171,singles
2026-08-23T17:19:56+02:00,489,N-DESIGN Inc.,n-design-inc,PAF 29,29,751562,91,245,PAF,Pokémon,pokemon,14,https://images.tcggo.com/tcggo/storage/1981/paldean-fates-logo.png,Paldean Fates,EUR,1810.89,EUR,2341.33,2024-01-26,1,Scarlet & Violet,scarlet-violet,paldean-fates,310,1999,https://images.tcggo.com/tcggo/storage/2009/gardevoir-ex-paf-29-paldean-fates-pokemon.png,https://www.tcggo.com/external/cm/1999,https://www.tcggo.com/external/tcgplayer/1999,Gardevoir ex,Gardevoir ex 29,0.74,0.66,2362,EUR,[],,,,,,,,,0.3,0.49,0.49,0.5,0.5,0.3,0.5,0.5,0.04,0.04,,,,,,,,,,,,,,,,,,,,,,,,,,,,,,,,,,,,,,EUR,0.6,0.85,Double Rare,gardevoir-ex,Pokémon,https://www.tcggo.com/pokemon/paldean-fates/gardevoir-ex-29,sv4pt5-29,534175,singles
2026-08-23T17:19:56+02:00,503,sui,sui,PAF 30,30,751563,91,245,PAF,Pokémon,pokemon,14,https://images.tcggo.com/tcggo/storage/1981/paldean-fates-logo.png,Paldean Fates,EUR,1810.89,EUR,2341.33,2024-01-26,1,Scarlet & Violet,scarlet-violet,paldean-fates,70,2000,https://images.tcggo.com/tcggo/storage/2010/chimecho-paf-30-paldean-fates-pokemon.png,https://www.tcggo.com/external/cm/2000,https://www.tcggo.com/external/tcgplayer/2000,Chimecho,Chimecho 30,0.03,0.02,,EUR,[],,,,,,,,,0.02,0.02,0.02,0.02,0.02,0.02,0.02,0.02,0.02,0.02,,,,,,,,,,,,,,,,,,,,,,,,,,,,,,,,,,,,,,EUR,0.18,0.09,Common,chimecho,Pokémon,https://www.tcggo.com/pokemon/paldean-fates/chimecho-30,sv4pt5-30,534176,singles
2026-08-23T17:19:56+02:00,378,Kouki Saitou,kouki-saitou,PAF 43,43,751580,91,245,PAF,Pokémon,pokemon,14,https://images.tcggo.com/tcggo/storage/1981/paldean-fates-logo.png,Paldean Fates,EUR,1810.89,EUR,2341.33,2024-01-26,1,Scarlet & Violet,scarlet-violet,paldean-fates,140,2001,https://images.tcggo.com/tcggo/storage/2011/houndstone-paf-43-paldean-fates-pokemon.png,https://www.tcggo.com/external/cm/2001,https://www.tcggo.com/external/tcgplayer/2001,Houndstone,Houndstone 43,0.05,0.05,10971,EUR,[],,,,,,,,,0.02,0.02,0.02,0.02,0.02,0.02,0.02,0.02,0.02,0.02,,,,,,,,,,,,,,,,,,,,,,,,,,,,,,,,,,,,,,EUR,0.15,0.13,rare,houndstone,Pokémon,https://www.tcggo.com/pokemon/paldean-fates/houndstone-43,sv4pt5-43,534190,singles
2026-08-23T17:19:56+02:00,363,Anesaki Dynamic,anesaki-dynamic,PAF 47,47,751584,91,245,PAF,Pokémon,pokemon,14,https://images.tcggo.com/tcggo/storage/1981/paldean-fates-logo.png,Paldean Fates,EUR,1810.89,EUR,2341.33,2024-01-26,1,Scarlet & Violet,scarlet-violet,paldean-fates,140,2002,https://images.tcggo.com/tcggo/storage/2012/annihilape-paf-47-paldean-fates-pokemon.png,https://www.tcggo.com/external/cm/2002,https://www.tcggo.com/external/tcgplayer/2002,Annihilape,Annihilape 47,0.06,0.05,10368,EUR,[],,,,,,,,,0.03,0.02,0.02,0.02,0.02,0.02,0.02,0.02,0.02,0.02,,,,,,,,,,,,,,,,,,,,,,,,,,,,,,,,,,,,,,EUR,0.16,0.13,rare,annihilape,Pokémon,https://www.tcggo.com/pokemon/paldean-fates/annihilape-47,sv4pt5-47,534197,singles
2026-08-23T17:19:56+02:00,381,sowsow,sowsow,PAF 60,60,751598,91,245,PAF,Pokémon,pokemon,14,https://images.tcggo.com/tcggo/storage/1981/paldean-fates-logo.png,Paldean Fates,EUR,1810.89,EUR,2341.33,2024-01-26,1,Scarlet & Violet,scarlet-violet,paldean-fates,70,2003,https://images.tcggo.com/tcggo/storage/2013/scraggy-paf-60-paldean-fates-pokemon.png,https://www.tcggo.com/external/cm/2003,https://www.tcggo.com/external/tcgplayer/2003,Scraggy,Scraggy 60,0.03,0.03,18428,EUR,[],,,,,,,,,0.02,0.02,0.02,0.02,0.02,0.02,0.02,0.02,0.02,0.02,,,,,,,,,,,,,,,,,,,,,,,,,,,,,,,,,,,,,,EUR,0.13,0.09,Common,scraggy,Pokémon,https://www.tcggo.com/pokemon/paldean-fates/scraggy-60,sv4pt5-60,534422,singles
2026-08-23T17:19:56+02:00,484,Kagemaru Himeno,kagemaru-himeno,PAF 32,32,751568,91,245,PAF,Pokémon,pokemon,14,https://images.tcggo.com/tcggo/storage/1981/paldean-fates-logo.png,Paldean Fates,EUR,1810.89,EUR,2341.33,2024-01-26,1,Scarlet & Violet,scarlet-violet,paldean-fates,60,2004,https://images.tcggo.com/tcggo/storage/2014/woobat-paf-32-paldean-fates-pokemon.png,https://www.tcggo.com/external/cm/2004,https://www.tcggo.com/external/tcgplayer/2004,Woobat,Woobat 32,0.02,0.02,18573,EUR,[],,,,,,,,,0.02,0.02,0.02,0.02,0.02,0.02,0.02,0.02,0.02,0.02,,,,,,,,,,,,,,,,,,,,,,,,,,,,,,,,,,,,,,EUR,0.12,0.09,Common,woobat,Pokémon,https://www.tcggo.com/pokemon/paldean-fates/woobat-32,sv4pt5-32,534178,singles
2026-08-23T17:19:56+02:00,416,Mina Nakai,mina-nakai,PAF 71,71,751609,91,245,PAF,Pokémon,pokemon,14,https://images.tcggo.com/tcggo/storage/1981/paldean-fates-logo.png,Paldean Fates,EUR,1810.89,EUR,2341.33,2024-01-26,1,Scarlet & Violet,scarlet-violet,paldean-fates,70,2005,https://images.tcggo.com/tcggo/storage/2015/lechonk-paf-71-paldean-fates-pokemon.png,https://www.tcggo.com/external/cm/2005,https://www.tcggo.com/external/tcgplayer/2005,Lechonk,Lechonk 71,0.03,0.02,17976,EUR,[],,,,,,,,,0.02,0.02,0.02,0.02,0.02,0.02,0.02,0.02,0.02,0.02,,,,,,,,,,,,,,,,,,,,,,,,,,,,,,,,,,,,,,EUR,0.11,0.09,Common,lechonk,Pokémon,https://www.tcggo.com/pokemon/paldean-fates/lechonk-71,sv4pt5-71,534433,singles
2026-08-23T17:19:56+02:00,458,Toyste Beach,toyste-beach,PAF 79,79,751617,91,245,PAF,Pokémon,pokemon,14,https://images.tcggo.com/tcggo/storage/1981/paldean-fates-logo.png,Paldean Fates,EUR,1810.89,EUR,2341.33,2024-01-26,1,Scarlet & Violet,scarlet-violet,paldean-fates,0,2006,https://images.tcggo.com/tcggo/storage/2016/electric-generator-paf-79-paldean-fates-pokemon.png,https://www.tcggo.com/external/cm/2006,https://www.tcggo.com/external/tcgplayer/2006,Electric Generator,Electric Generator 79,0.04,0.05,18365,EUR,[],,,,,,,,,0.02,0.02,0.02,0.02,0.02,0.02,0.02,0.02,0.02,0.02,,,,,,,,,,,,,,,,,,,,,,,,,,,,,,,,,,,,,,EUR,0.21,0.13,Uncommon,electric-generator,Trainer,https://www.tcggo.com/pokemon/paldean-fates/electric-generator-79,sv4pt5-79,534441,singles
2026-08-23T17:19:56+02:00,406,Narumi Sato,narumi-sato,PAF 33,33,751570,91,245,PAF,Pokémon,pokemon,14,https://images.tcggo.com/tcggo/storage/1981/paldean-fates-logo.png,Paldean Fates,EUR,1810.89,EUR,2341.33,2024-01-26,1,Scarlet & Violet,scarlet-violet,paldean-fates,90,2007,https://images.tcggo.com/tcggo/storage/2017/swoobat-paf-33-paldean-fates-pokemon.png,https://www.tcggo.com/external/cm/2007,https://www.tcggo.com/external/tcgplayer/2007,Swoobat,Swoobat 33,0.03,0.02,18341,EUR,[],,,,,,,,,0.02,0.02,0.02,0.02,0.02,0.02,0.02,0.02,0.02,0.02,,,,,,,,,,,,,,,,,,,,,,,,,,,,,,,,,,,,,,EUR,0.14,0.09,Uncommon,swoobat,Pokémon,https://www.tcggo.com/pokemon/paldean-fates/swoobat-33,sv4pt5-33,534179,singles
2026-08-23T17:19:56+02:00,458,Toyste Beach,toyste-beach,PAF 84,84,751623,91,245,PAF,Pokémon,pokemon,14,https://images.tcggo.com/tcggo/storage/1981/paldean-fates-logo.png,Paldean Fates,EUR,1810.89,EUR,2341.33,2024-01-26,1,Scarlet & Violet,scarlet-violet,paldean-fates,0,2008,https://images.tcggo.com/tcggo/storage/2018/nest-ball-paf-84-paldean-fates-pokemon.png,https://www.tcggo.com/external/cm/2008,https://www.tcggo.com/external/tcgplayer/2008,Nest Ball,Nest Ball 84,0.14,0.11,9345,EUR,[],,,,,,,,,0.02,0.02,0.02,0.02,0.02,0.02,0.02,0.02,0.02,0.02,,,,,,,,,,,,,,,,,,,,,,,,,,,,,,,,,,,,,,EUR,0.36,0.21,Uncommon,nest-ball,Trainer,https://www.tcggo.com/pokemon/paldean-fates/nest-ball-84,sv4pt5-84,534446,singles
2026-08-23T17:19:56+02:00,499,Tika Matsuno,tika-matsuno,PAF 36,36,751573,91,245,PAF,Pokémon,pokemon,14,https://images.tcggo.com/tcggo/storage/1981/paldean-fates-logo.png,Paldean Fates,EUR,1810.89,EUR,2341.33,2024-01-26,1,Scarlet & Violet,scarlet-violet,paldean-fates,70,2009,https://images.tcggo.com/tcggo/storage/2019/dedenne-paf-36-paldean-fates-pokemon.png,https://www.tcggo.com/external/cm/2009,https://www.tcggo.com/external/tcgplayer/2009,Dedenne,Dedenne 36,0.04,0.03,16910,EUR,[],,,,,,,,,0.02,0.02,0.02,0.02,0.02,0.02,0.02,0.02,0.02,0.02,,,,,,,,,,,,,,,,,,,,,,,,,,,,,,,,,,,,,,EUR,0.18,0.1,Common,dedenne,Pokémon,https://www.tcggo.com/pokemon/paldean-fates/dedenne-36,sv4pt5-36,534182,singles
2026-08-23T17:19:56+02:00,496,Cona Nitanda,cona-nitanda,PAF 85,85,751624,91,245,PAF,Pokémon,pokemon,14,https://images.tcggo.com/tcggo/storage/1981/paldean-fates-logo.png,Paldean Fates,EUR,1810.89,EUR,2341.33,2024-01-26,1,Scarlet & Violet,scarlet-violet,paldean-fates,0,2010,https://images.tcggo.com/tcggo/storage/2020/paldean-student-paf-85-paldean-fates-pokemon.png,https://www.tcggo.com/external/cm/2010,https://www.tcggo.com/external/tcgplayer/2010,Paldean Student,Paldean Student 85,0.03,0.03,22735,EUR,[],,,,,,,,,0.02,0.02,0.02,0.02,0.02,0.02,0.02,0.02,0.02,0.02,,,,,,,,,,,,,,,,,,,,,,,,,,,,,,,,,,,,,,EUR,0.11,0.09,Common,paldean-student,Trainer,https://www.tcggo.com/pokemon/paldean-fates/paldean-student-85,sv4pt5-85,534447,singles
2026-08-23T17:19:56+02:00,482,Mizue,mizue,PAF 38,38,794905,91,245,PAF,Pokémon,pokemon,14,https://images.tcggo.com/tcggo/storage/1981/paldean-fates-logo.png,Paldean Fates,EUR,1810.89,EUR,2341.33,2024-01-26,1,Scarlet & Violet,scarlet-violet,paldean-fates,50,2011,https://images.tcggo.com/tcggo/storage/2021/fidough-paf-38-paldean-fates-pokemon.png,https://www.tcggo.com/external/cm/2011,https://www.tcggo.com/external/tcgplayer/2011,Fidough,Fidough 38,0.03,0.03,,EUR,[],,,,,,,,,0.02,0.02,0.02,0.02,0.02,0.02,0.02,0.02,0.02,0.02,,,,,,,,,,,,,,,,,,,,,,,,,,,,,,,,,,,,,,EUR,0.15,0.11,Common,fidough,Pokémon,https://www.tcggo.com/pokemon/paldean-fates/fidough-38,sv4pt5-38,534184,singles
2026-08-23T17:19:56+02:00,463,Naoki Saito,naoki-saito,PAF 86,86,751625,91,245,PAF,Pokémon,pokemon,14,https://images.tcggo.com/tcggo/storage/1981/paldean-fates-logo.png,Paldean Fates,EUR,1810.89,EUR,2341.33,2024-01-26,1,Scarlet & Violet,scarlet-violet,paldean-fates,0,2012,https://images.tcggo.com/tcggo/storage/2022/paldean-student-paf-86-paldean-fates-pokemon.png,https://www.tcggo.com/external/cm/2012,https://www.tcggo.com/external/tcgplayer/2012,Paldean Student,Paldean Student 86,0.03,0.02,22388,EUR,[],,,,,,,,,0.02,0.02,0.02,0.02,0.02,0.02,0.02,0.02,0.02,0.02,,,,,,,,,,,,,,,,,,,,,,,,,,,,,,,,,,,,,,EUR,0.13,0.09,Common,paldean-student,Trainer,https://www.tcggo.com/pokemon/paldean-fates/paldean-student-86,sv4pt5-86,534448,singles
2026-08-23T17:19:56+02:00,522,You Iribi,you-iribi,PAF 39,39,751576,91,245,PAF,Pokémon,pokemon,14,https://images.tcggo.com/tcggo/storage/1981/paldean-fates-logo.png,Paldean Fates,EUR,1810.89,EUR,2341.33,2024-01-26,1,Scarlet & Violet,scarlet-violet,paldean-fates,90,2013,https://images.tcggo.com/tcggo/storage/2023/dachsbun-paf-39-paldean-fates-pokemon.png,https://www.tcggo.com/external/cm/2013,https://www.tcggo.com/external/tcgplayer/2013,Dachsbun,Dachsbun 39,0.03,0.03,17688,EUR,[],,,,,,,,,0.02,0.02,0.02,0.02,0.02,0.02,0.02,0.02,0.02,0.02,,,,,,,,,,,,,,,,,,,,,,,,,,,,,,,,,,,,,,EUR,0.21,0.09,Uncommon,dachsbun,Pokémon,https://www.tcggo.com/pokemon/paldean-fates/dachsbun-39,sv4pt5-39,534185,singles
2026-08-23T17:19:56+02:00,461,Studio Bora Inc.,studio-bora-inc,PAF 90,90,751629,91,245,PAF,Pokémon,pokemon,14,https://images.tcggo.com/tcggo/storage/1981/paldean-fates-logo.png,Paldean Fates,EUR,1810.89,EUR,2341.33,2024-01-26,1,Scarlet & Violet,scarlet-violet,paldean-fates,0,2014,https://images.tcggo.com/tcggo/storage/2024/technical-machine-crisis-punch-paf-90-paldean-fates-pokemon.png,https://www.tcggo.com/external/cm/2014,https://www.tcggo.com/external/tcgplayer/2014,Technical Machine: Crisis Punch,Technical Machine: Crisis Punch 90,0.02,0.03,23714,EUR,[],,,,,,,,,0.02,0.02,0.02,0.02,0.02,0.02,0.02,0.02,0.02,0.02,,,,,,,,,,,,,,,,,,,,,,,,,,,,,,,,,,,,,,EUR,0.19,0.09,Uncommon,technical-machine-crisis-punch,Trainer,https://www.tcggo.com/pokemon/paldean-fates/technical-machine-crisis-punch-90,sv4pt5-90,534452,singles
2026-08-23T17:19:56+02:00,408,kawayoo,kawayoo,PAF 41,41,751578,91,245,PAF,Pokémon,pokemon,14,https://images.tcggo.com/tcggo/storage/1981/paldean-fates-logo.png,Paldean Fates,EUR,1810.89,EUR,2341.33,2024-01-26,1,Scarlet & Violet,scarlet-violet,paldean-fates,30,2015,https://images.tcggo.com/tcggo/storage/2025/flittle-paf-41-paldean-fates-pokemon.png,https://www.tcggo.com/external/cm/2015,https://www.tcggo.com/external/tcgplayer/2015,Flittle,Flittle 41,0.02,0.03,18538,EUR,[],,,,,,,,,0.02,0.02,0.02,0.02,0.02,0.02,0.02,0.02,0.02,0.02,,,,,,,,,,,,,,,,,,,,,,,,,,,,,,,,,,,,,,EUR,0.14,0.09,Common,flittle,Pokémon,https://www.tcggo.com/pokemon/paldean-fates/flittle-41,sv4pt5-41,534187,singles
2026-08-23T17:19:56+02:00,517,Ayaka Yoshida,ayaka-yoshida,PAF 91,91,751630,91,245,PAF,Pokémon,pokemon,14,https://images.tcggo.com/tcggo/storage/1981/paldean-fates-logo.png,Paldean Fates,EUR,1810.89,EUR,2341.33,2024-01-26,1,Scarlet & Violet,scarlet-violet,paldean-fates,0,2016,https://images.tcggo.com/tcggo/storage/2026/ultra-ball-paf-91-paldean-fates-pokemon.png,https://www.tcggo.com/external/cm/2016,https://www.tcggo.com/external/tcgplayer/2016,Ultra Ball,Ultra Ball 91,0.1,0.07,12977,EUR,[],,,,,,,,,0.02,0.02,0.02,0.02,0.02,0.02,0.02,0.02,0.02,0.02,,,,,,,,,,,,,,,,,,,,,,,,,,,,,,,,,,,,,,EUR,0.66,0.17,Uncommon,ultra-ball,Trainer,https://www.tcggo.com/pokemon/paldean-fates/ultra-ball-91,sv4pt5-91,534453,singles
2026-08-23T17:19:56+02:00,374,OKUBO,okubo,PAF 44,44,751581,91,245,PAF,Pokémon,pokemon,14,https://images.tcggo.com/tcggo/storage/1981/paldean-fates-logo.png,Paldean Fates,EUR,1810.89,EUR,2341.33,2024-01-26,1,Scarlet & Violet,scarlet-violet,paldean-fates,50,2017,https://images.tcggo.com/tcggo/storage/2027/gimmighoul-paf-44-paldean-fates-pokemon.png,https://www.tcggo.com/external/cm/2017,https://www.tcggo.com/external/tcgplayer/2017,Gimmighoul,Gimmighoul 44,0.03,0.03,18150,EUR,[],,,,,,,,,0.02,0.02,0.02,0.02,0.02,0.02,0.02,0.02,0.02,0.02,,,,,,,,,,,,,,,,,,,,,,,,,,,,,,,,,,,,,,EUR,0.11,0.09,Common,gimmighoul,Pokémon,https://www.tcggo.com/pokemon/paldean-fates/gimmighoul-44,sv4pt5-44,534191,singles
2026-08-23T17:19:56+02:00,402,Hitoshi Ariga,hitoshi-ariga,PAF 95,95,751634,91,245,PAF,Pokémon,pokemon,14,https://images.tcggo.com/tcggo/storage/1981/paldean-fates-logo.png,Paldean Fates,EUR,1810.89,EUR,2341.33,2024-01-26,1,Scarlet & Violet,scarlet-violet,paldean-fates,80,2018,https://images.tcggo.com/tcggo/storage/2028/scyther-paf-95-paldean-fates-pokemon.png,https://www.tcggo.com/external/cm/2018,https://www.tcggo.com/external/tcgplayer/2018,Scyther,Scyther 95,7.24,8.04,189,EUR,,,,,39,,140,,,6,5.5,6.98,8.99,8.99,6,10.5,10.5,3,3,,,,,,,,,,,,,,,,,,,,,,,,,,,,,,,,,,,,,,EUR,9.21,6.15,Shiny Rare,scyther,Pokémon,https://www.tcggo.com/pokemon/paldean-fates/scyther-95,sv4pt5-95,534463,singles
2026-08-23T17:19:56+02:00,513,ryoma uratsuka,ryoma-uratsuka,PAF 50,50,751587,91,245,PAF,Pokémon,pokemon,14,https://images.tcggo.com/tcggo/storage/1981/paldean-fates-logo.png,Paldean Fates,EUR,1810.89,EUR,2341.33,2024-01-26,1,Scarlet & Violet,scarlet-violet,paldean-fates,70,2019,https://images.tcggo.com/tcggo/storage/2029/barboach-paf-50-paldean-fates-pokemon.png,https://www.tcggo.com/external/cm/2019,https://www.tcggo.com/external/tcgplayer/2019,Barboach,Barboach 50,0.03,0.03,18079,EUR,[],,,,,,,,,0.02,0.02,0.02,0.02,0.02,0.02,0.02,0.02,0.02,0.02,,,,,,,,,,,,,,,,,,,,,,,,,,,,,,,,,,,,,,EUR,0.16,0.13,Common,barboach,Pokémon,https://www.tcggo.com/pokemon/paldean-fates/barboach-50,sv4pt5-50,534211,singles
2026-08-23T17:19:56+02:00,387,Scav,scav,PAF 99,99,751638,91,245,PAF,Pokémon,pokemon,14,https://images.tcggo.com/tcggo/storage/1981/paldean-fates-logo.png,Paldean Fates,EUR,1810.89,EUR,2341.33,2024-01-26,1,Scarlet & Violet,scarlet-violet,paldean-fates,70,2020,https://images.tcggo.com/tcggo/storage/2030/pineco-paf-99-paldean-fates-pokemon.png,https://www.tcggo.com/external/cm/2020,https://www.tcggo.com/external/tcgplayer/2020,Pineco,Pineco 99,2.76,3.03,250,EUR,[],,,,,,,,,2,1.79,1.79,4.5,4.5,2,3.8,3.8,1,1,,,,,,,,,,,,,,,,,,,,,,,,,,,,,,,,,,,,,,EUR,2.36,2.01,Shiny Rare,pineco,Pokémon,https://www.tcggo.com/pokemon/paldean-fates/pineco-99,sv4pt5-99,534470,singles
2026-08-23T17:19:56+02:00,393,Kedamahadaitai Yawarakai,kedamahadaitai-yawarakai,PAF 51,51,751588,91,245,PAF,Pokémon,pokemon,14,https://images.tcggo.com/tcggo/storage/1981/paldean-fates-logo.png,Paldean Fates,EUR,1810.89,EUR,2341.33,2024-01-26,1,Scarlet & Violet,scarlet-violet,paldean-fates,70,2021,https://images.tcggo.com/tcggo/storage/2031/clobbopus-paf-51-paldean-fates-pokemon.png,https://www.tcggo.com/external/cm/2021,https://www.tcggo.com/external/tcgplayer/2021,Clobbopus,Clobbopus 51,0.03,0.02,18159,EUR,[],,,,,,,,,0.02,0.02,0.02,0.02,0.02,0.02,0.02,0.02,0.02,0.02,,,,,,,,,,,,,,,,,,,,,,,,,,,,,,,,,,,,,,EUR,0.13,0.09,Common,clobbopus,Pokémon,https://www.tcggo.com/pokemon/paldean-fates/clobbopus-51,sv4pt5-51,534387,singles
2026-08-23T17:19:56+02:00,360,Saya Tsuruta,saya-tsuruta,PAF 100,100,751639,91,245,PAF,Pokémon,pokemon,14,https://images.tcggo.com/tcggo/storage/1981/paldean-fates-logo.png,Paldean Fates,EUR,1810.89,EUR,2341.33,2024-01-26,1,Scarlet & Violet,scarlet-violet,paldean-fates,90,2022,https://images.tcggo.com/tcggo/storage/2032/snover-paf-100-paldean-fates-pokemon.png,https://www.tcggo.com/external/cm/2022,https://www.tcggo.com/external/tcgplayer/2022,Snover,Snover 100,2.51,2.14,291,EUR,[],,,,,,,,,1.4,2,2,4,4,1.4,3,3,1.72,1.72,,,,,,,,,,,,,,,,,,,,,,,,,,,,,,,,,,,,,,EUR,2.25,2.15,Shiny Rare,snover,Pokémon,https://www.tcggo.com/pokemon/paldean-fates/snover-100,sv4pt5-100,534471,singles
2026-08-23T17:19:56+02:00,379,Sanosuke Sakuma,sanosuke-sakuma,PAF 52,52,751589,91,245,PAF,Pokémon,pokemon,14,https://images.tcggo.com/tcggo/storage/1981/paldean-fates-logo.png,Paldean Fates,EUR,1810.89,EUR,2341.33,2024-01-26,1,Scarlet & Violet,scarlet-violet,paldean-fates,120,2023,https://images.tcggo.com/tcggo/storage/2033/grapploct-paf-52-paldean-fates-pokemon.png,https://www.tcggo.com/external/cm/2023,https://www.tcggo.com/external/tcgplayer/2023,Grapploct,Grapploct 52,0.03,0.03,17963,EUR,[],,,,,,,,,0.02,0.02,0.02,0.02,0.02,0.02,0.02,0.02,0.02,0.02,,,,,,,,,,,,,,,,,,,,,,,,,,,,,,,,,,,,,,EUR,0.16,0.09,Uncommon,grapploct,Pokémon,https://www.tcggo.com/pokemon/paldean-fates/grapploct-52,sv4pt5-52,534414,singles
2026-08-23T17:19:56+02:00,402,Hitoshi Ariga,hitoshi-ariga,PAF 101,101,751640,91,245,PAF,Pokémon,pokemon,14,https://images.tcggo.com/tcggo/storage/1981/paldean-fates-logo.png,Paldean Fates,EUR,1810.89,EUR,2341.33,2024-01-26,1,Scarlet & Violet,scarlet-violet,paldean-fates,150,2024,https://images.tcggo.com/tcggo/storage/2034/abomasnow-paf-101-paldean-fates-pokemon.png,https://www.tcggo.com/external/cm/2024,https://www.tcggo.com/external/tcgplayer/2024,Abomasnow,Abomasnow 101,2.21,1.61,252,EUR,[],,,,,,,,,1.25,1.5,1.5,2,2,1.25,4,4,1.28,1.28,,,,,,,,,,,,,,,,,,,,,,,,,,,,,,,,,,,,,,EUR,2.1,1.71,Shiny Rare,abomasnow,Pokémon,https://www.tcggo.com/pokemon/paldean-fates/abomasnow-101,sv4pt5-101,534472,singles
2026-08-23T17:19:56+02:00,378,Kouki Saitou,kouki-saitou,PAF 58,58,751596,91,245,PAF,Pokémon,pokemon,14,https://images.tcggo.com/tcggo/storage/1981/paldean-fates-logo.png,Paldean Fates,EUR,1810.89,EUR,2341.33,2024-01-26,1,Scarlet & Violet,scarlet-violet,paldean-fates,60,2025,https://images.tcggo.com/tcggo/storage/2035/paldean-wooper-paf-58-paldean-fates-pokemon.png,https://www.tcggo.com/external/cm/2025,https://www.tcggo.com/external/tcgplayer/2025,Paldean Wooper,Paldean Wooper 58,0.03,0.03,18431,EUR,[],,,,,,,,,0.02,0.02,0.02,0.02,0.02,0.02,0.02,0.02,0.02,0.02,,,,,,,,,,,,,,,,,,,,,,,,,,,,,,,,,,,,,,EUR,0.16,0.09,Common,paldean-wooper,Pokémon,https://www.tcggo.com/pokemon/paldean-fates/paldean-wooper-58,sv4pt5-58,534420,singles
2026-08-23T17:19:56+02:00,431,Tetsu Kayama,tetsu-kayama,PAF 64,64,751602,91,245,PAF,Pokémon,pokemon,14,https://images.tcggo.com/tcggo/storage/1981/paldean-fates-logo.png,Paldean Fates,EUR,1810.89,EUR,2341.33,2024-01-26,1,Scarlet & Violet,scarlet-violet,paldean-fates,60,2026,https://images.tcggo.com/tcggo/storage/2036/varoom-paf-64-paldean-fates-pokemon.png,https://www.tcggo.com/external/cm/2026,https://www.tcggo.com/external/tcgplayer/2026,Varoom,Varoom 64,0.03,0.03,18121,EUR,[],,,,,,,,,0.02,0.02,0.02,0.02,0.02,0.02,0.02,0.02,0.02,0.02,,,,,,,,,,,,,,,,,,,,,,,,,,,,,,,,,,,,,,EUR,0.12,0.09,Common,varoom,Pokémon,https://www.tcggo.com/pokemon/paldean-fates/varoom-64,sv4pt5-64,534426,singles
2026-08-23T17:19:56+02:00,459,GIDORA,gidora,PAF 70,70,751608,91,245,PAF,Pokémon,pokemon,14,https://images.tcggo.com/tcggo/storage/1981/paldean-fates-logo.png,Paldean Fates,EUR,1810.89,EUR,2341.33,2024-01-26,1,Scarlet & Violet,scarlet-violet,paldean-fates,120,2027,https://images.tcggo.com/tcggo/storage/2037/cyclizar-paf-70-paldean-fates-pokemon.png,https://www.tcggo.com/external/cm/2027,https://www.tcggo.com/external/tcgplayer/2027,Cyclizar,Cyclizar 70,0.06,0.09,12161,EUR,[],,,,,,,,,0.03,0.02,0.02,0.02,0.02,0.02,0.02,0.02,0.02,0.02,,,,,,,,,,,,,,,,,,,,,,,,,,,,,,,,,,,,,,EUR,0.16,0.13,rare,cyclizar,Pokémon,https://www.tcggo.com/pokemon/paldean-fates/cyclizar-70,sv4pt5-70,534432,singles
2026-08-23T17:19:56+02:00,426,Akira Komayama,akira-komayama,PAF 72,72,751610,91,245,PAF,Pokémon,pokemon,14,https://images.tcggo.com/tcggo/storage/1981/paldean-fates-logo.png,Paldean Fates,EUR,1810.89,EUR,2341.33,2024-01-26,1,Scarlet & Violet,scarlet-violet,paldean-fates,130,2028,https://images.tcggo.com/tcggo/storage/2038/oinkologne-paf-72-paldean-fates-pokemon.png,https://www.tcggo.com/external/cm/2028,https://www.tcggo.com/external/tcgplayer/2028,Oinkologne,Oinkologne 72,0.03,0.03,18469,EUR,[],,,,,,,,,0.02,0.02,0.02,0.02,0.02,0.02,0.02,0.02,0.02,0.02,,,,,,,,,,,,,,,,,,,,,,,,,,,,,,,,,,,,,,EUR,0.15,0.09,Uncommon,oinkologne,Pokémon,https://www.tcggo.com/pokemon/paldean-fates/oinkologne-72,sv4pt5-72,534434,singles
2026-08-23T17:19:56+02:00,368,Oswaldo KATO,oswaldo-kato,PAF 73,73,751611,91,245,PAF,Pokémon,pokemon,14,https://images.tcggo.com/tcggo/storage/1981/paldean-fates-logo.png,Paldean Fates,EUR,1810.89,EUR,2341.33,2024-01-26,1,Scarlet & Violet,scarlet-violet,paldean-fates,30,2029,https://images.tcggo.com/tcggo/storage/2039/tandemaus-paf-73-paldean-fates-pokemon.png,https://www.tcggo.com/external/cm/2029,https://www.tcggo.com/external/tcgplayer/2029,Tandemaus,Tandemaus 73,0.03,0.03,17083,EUR,[],,,,,,,,,0.02,0.02,0.02,0.02,0.02,0.02,0.02,0.02,0.02,0.02,,,,,,,,,,,,,,,,,,,,,,,,,,,,,,,,,,,,,,EUR,0.22,0.11,Common,tandemaus,Pokémon,https://www.tcggo.com/pokemon/paldean-fates/tandemaus-73,sv4pt5-73,534435,singles
2026-08-23T17:19:56+02:00,373,GOSSAN,gossan,PAF 78,78,747518,91,245,PAF,Pokémon,pokemon,14,https://images.tcggo.com/tcggo/storage/1981/paldean-fates-logo.png,Paldean Fates,EUR,1810.89,EUR,2341.33,2024-01-26,1,Scarlet & Violet,scarlet-violet,paldean-fates,0,2030,https://images.tcggo.com/tcggo/storage/2040/clive-paf-78-paldean-fates-pokemon.png,https://www.tcggo.com/external/cm/2030,https://www.tcggo.com/external/tcgplayer/2030,Clive,Clive 78,49.37,56.62,97,EUR,[],,,,,,,,,0.02,0.02,0.02,0.02,0.02,0.02,0.02,0.02,0.02,0.02,,,,,,,,,,,,,,,,,,,,,,,,,,,,,,,,,,,,,,EUR,0.16,0.09,Uncommon,clive,Trainer,https://www.tcggo.com/pokemon/paldean-fates/clive-78,sv4pt5-78,534440,singles
2026-08-23T17:19:56+02:00,379,Sanosuke Sakuma,sanosuke-sakuma,PAF 82,82,751621,91,245,PAF,Pokémon,pokemon,14,https://images.tcggo.com/tcggo/storage/1981/paldean-fates-logo.png,Paldean Fates,EUR,1810.89,EUR,2341.33,2024-01-26,1,Scarlet & Violet,scarlet-violet,paldean-fates,0,2031,https://images.tcggo.com/tcggo/storage/2041/nemona-paf-82-paldean-fates-pokemon.png,https://www.tcggo.com/external/cm/2031,https://www.tcggo.com/external/tcgplayer/2031,Nemona,Nemona 82,0.03,0.03,21407,EUR,[],,,,,,,,,0.02,0.02,0.02,0.02,0.02,0.02,0.02,0.02,0.02,0.02,,,,,,,,,,,,,,,,,,,,,,,,,,,,,,,,,,,,,,EUR,0.12,0.09,Common,nemona,Trainer,https://www.tcggo.com/pokemon/paldean-fates/nemona-82,sv4pt5-82,534444,singles
2026-08-23T17:19:56+02:00,512,kirisAki,kirisaki,PAF 87,87,751626,91,245,PAF,Pokémon,pokemon,14,https://images.tcggo.com/tcggo/storage/1981/paldean-fates-logo.png,Paldean Fates,EUR,1810.89,EUR,2341.33,2024-01-26,1,Scarlet & Violet,scarlet-violet,paldean-fates,0,2032,https://images.tcggo.com/tcggo/storage/2042/professors-research-paf-87-paldean-fates-pokemon.png,https://www.tcggo.com/external/cm/2032,https://www.tcggo.com/external/tcgplayer/2032,Professor's Research,Professor's Research 87,0.14,0.08,,EUR,[],,,,,,,,,0.02,0.02,0.02,,,0.02,0.02,0.02,0.02,0.02,,,,,,,,,,,,,,,,,,,,,,,,,,,,,,,,,,,,,,EUR,0.15,0.13,rare,professors-research,Trainer,https://www.tcggo.com/pokemon/paldean-fates/professors-research-87,sv4pt5-87,534449,singles
2026-08-23T17:19:56+02:00,512,kirisAki,kirisaki,PAF 88,88,751627,91,245,PAF,Pokémon,pokemon,14,https://images.tcggo.com/tcggo/storage/1981/paldean-fates-logo.png,Paldean Fates,EUR,1810.89,EUR,2341.33,2024-01-26,1,Scarlet & Violet,scarlet-violet,paldean-fates,0,2033,https://images.tcggo.com/tcggo/storage/2043/professors-research-paf-88-paldean-fates-pokemon.png,https://www.tcggo.com/external/cm/2033,https://www.tcggo.com/external/tcgplayer/2033,Professor's Research,Professor's Research 88,0.07,0.03,,EUR,[],,,,,,,,,0.02,0.02,0.02,0.02,0.02,0.02,0.02,0.02,0.02,0.02,,,,,,,,,,,,,,,,,,,,,,,,,,,,,,,,,,,,,,EUR,0.17,0.13,rare,professors-research,Trainer,https://www.tcggo.com/pokemon/paldean-fates/professors-research-88,sv4pt5-88,534450,singles
2026-08-23T17:19:56+02:00,461,Studio Bora Inc.,studio-bora-inc,PAF 89,89,751628,91,245,PAF,Pokémon,pokemon,14,https://images.tcggo.com/tcggo/storage/1981/paldean-fates-logo.png,Paldean Fates,EUR,1810.89,EUR,2341.33,2024-01-26,1,Scarlet & Violet,scarlet-violet,paldean-fates,0,2034,https://images.tcggo.com/tcggo/storage/2044/rare-candy-paf-89-paldean-fates-pokemon.png,https://www.tcggo.com/external/cm/2034,https://www.tcggo.com/external/tcgplayer/2034,Rare Candy,Rare Candy 89,0.08,0.1,16614,EUR,[],,,,,,,,,0.02,0.02,0.02,0.02,0.02,0.02,0.02,0.02,0.02,0.02,,,,,,,,,,,,,,,,,,,,,,,,,,,,,,,,,,,,,,EUR,0.25,0.17,Common,rare-candy,Trainer,https://www.tcggo.com/pokemon/paldean-fates/rare-candy-89,sv4pt5-89,534451,singles
2026-08-23T17:19:56+02:00,394,OKACHEKE,okacheke,PAF 93,93,751632,91,245,PAF,Pokémon,pokemon,14,https://images.tcggo.com/tcggo/storage/1981/paldean-fates-logo.png,Paldean Fates,EUR,1810.89,EUR,2341.33,2024-01-26,1,Scarlet & Violet,scarlet-violet,paldean-fates,70,2035,https://images.tcggo.com/tcggo/storage/2045/gloom-paf-93-paldean-fates-pokemon.png,https://www.tcggo.com/external/cm/2035,https://www.tcggo.com/external/tcgplayer/2035,Gloom,Gloom 93,4.48,4.79,253,EUR,[],,,,,,,,,3.6,3.5,3.5,4.5,4.5,3.6,6.5,6.5,2,2,,,,,,,,,,,,,,,,,,,,,,,,,,,,,,,,,,,,,,EUR,4.14,3.26,Shiny Rare,gloom,Pokémon,https://www.tcggo.com/pokemon/paldean-fates/gloom-93,sv4pt5-93,534460,singles
2026-08-23T17:19:56+02:00,485,otumami,otumami,PAF 102,102,751641,91,245,PAF,Pokémon,pokemon,14,https://images.tcggo.com/tcggo/storage/1981/paldean-fates-logo.png,Paldean Fates,EUR,1810.89,EUR,2341.33,2024-01-26,1,Scarlet & Violet,scarlet-violet,paldean-fates,60,2036,https://images.tcggo.com/tcggo/storage/2046/smoliv-paf-102-paldean-fates-pokemon.png,https://www.tcggo.com/external/cm/2036,https://www.tcggo.com/external/tcgplayer/2036,Smoliv,Smoliv 102,3.31,3.08,190,EUR,[],,,,,,,,,2.2,2,2.4,4.8,4.8,2.2,3.95,3.95,0.94,0.94,,,,,,,,,,,,,,,,,,,,,,,,,,,,,,,,,,,,,,EUR,5.16,2.8,Shiny Rare,smoliv,Pokémon,https://www.tcggo.com/pokemon/paldean-fates/smoliv-102,sv4pt5-102,534473,singles
2026-08-23T17:19:56+02:00,499,Tika Matsuno,tika-matsuno,PAF 27,27,751560,91,245,PAF,Pokémon,pokemon,14,https://images.tcggo.com/tcggo/storage/1981/paldean-fates-logo.png,Paldean Fates,EUR,1810.89,EUR,2341.33,2024-01-26,1,Scarlet & Violet,scarlet-violet,paldean-fates,70,2037,https://images.tcggo.com/tcggo/storage/2047/ralts-paf-27-paldean-fates-pokemon.png,https://www.tcggo.com/external/cm/2037,https://www.tcggo.com/external/tcgplayer/2037,Ralts,Ralts 27,0.04,0.04,14881,EUR,[],,,,,,,,,0.02,0.02,0.02,0.02,0.02,0.02,0.02,0.02,0.02,0.02,,,,,,,,,,,,,,,,,,,,,,,,,,,,,,,,,,,,,,EUR,0.12,0.13,Common,ralts,Pokémon,https://www.tcggo.com/pokemon/paldean-fates/ralts-27,sv4pt5-27,534173,singles
2026-08-23T17:19:56+02:00,359,HYOGONOSUKE,hyogonosuke,PAF 31,31,751566,91,245,PAF,Pokémon,pokemon,14,https://images.tcggo.com/tcggo/storage/1981/paldean-fates-logo.png,Paldean Fates,EUR,1810.89,EUR,2341.33,2024-01-26,1,Scarlet & Violet,scarlet-violet,paldean-fates,30,2038,https://images.tcggo.com/tcggo/storage/2048/mime-jr-paf-31-paldean-fates-pokemon.png,https://www.tcggo.com/external/cm/2038,https://www.tcggo.com/external/tcgplayer/2038,Mime Jr.,Mime Jr. 31,0.06,0.05,16656,EUR,[],,,,,,,,,0.02,0.02,0.02,0.02,0.02,0.02,0.02,0.02,0.02,0.02,,,,,,,,,,,,,,,,,,,,,,,,,,,,,,,,,,,,,,EUR,0.16,0.13,Common,mime-jr,Pokémon,https://www.tcggo.com/pokemon/paldean-fates/mime-jr-31,sv4pt5-31,534177,singles
2026-08-23T17:19:56+02:00,493,kurumitsu,kurumitsu,PAF 34,34,751571,91,245,PAF,Pokémon,pokemon,14,https://images.tcggo.com/tcggo/storage/1981/paldean-fates-logo.png,Paldean Fates,EUR,1810.89,EUR,2341.33,2024-01-26,1,Scarlet & Violet,scarlet-violet,paldean-fates,60,2039,https://images.tcggo.com/tcggo/storage/2049/cottonee-paf-34-paldean-fates-pokemon.png,https://www.tcggo.com/external/cm/2039,https://www.tcggo.com/external/tcgplayer/2039,Cottonee,Cottonee 34,0.03,0.02,18549,EUR,[],,,,,,,,,0.02,0.02,0.02,0.02,0.02,0.02,0.02,0.02,0.02,0.02,,,,,,,,,,,,,,,,,,,,,,,,,,,,,,,,,,,,,,EUR,0.14,0.09,Common,cottonee,Pokémon,https://www.tcggo.com/pokemon/paldean-fates/cottonee-34,sv4pt5-34,534180,singles
2026-08-23T17:19:56+02:00,486,Ryota Murayama,ryota-murayama,PAF 40,40,751577,91,245,PAF,Pokémon,pokemon,14,https://images.tcggo.com/tcggo/storage/1981/paldean-fates-logo.png,Paldean Fates,EUR,1810.89,EUR,2341.33,2024-01-26,1,Scarlet & Violet,scarlet-violet,paldean-fates,140,2040,https://images.tcggo.com/tcggo/storage/2050/ceruledge-paf-40-paldean-fates-pokemon.png,https://www.tcggo.com/external/cm/2040,https://www.tcggo.com/external/tcgplayer/2040,Ceruledge,Ceruledge 40,0.07,0.08,11301,EUR,[],,,,,,,,,0.02,0.02,0.02,0.02,0.02,0.02,0.02,0.02,0.02,0.02,USD,,,,,,,,,,,13.28,3,,,8.85,3,,,,,,,13.27,1,,,,,,,,,,,,,EUR,0.21,0.17,rare,ceruledge,Pokémon,https://www.tcggo.com/pokemon/paldean-fates/ceruledge-40,sv4pt5-40,534186,singles
2026-08-23T17:19:56+02:00,518,Ryuta Fuse,ryuta-fuse,PAF 46,46,751583,91,245,PAF,Pokémon,pokemon,14,https://images.tcggo.com/tcggo/storage/1981/paldean-fates-logo.png,Paldean Fates,EUR,1810.89,EUR,2341.33,2024-01-26,1,Scarlet & Violet,scarlet-violet,paldean-fates,90,2041,https://images.tcggo.com/tcggo/storage/2051/primeape-paf-46-paldean-fates-pokemon.png,https://www.tcggo.com/external/cm/2041,https://www.tcggo.com/external/tcgplayer/2041,Primeape,Primeape 46,0.02,0.03,18053,EUR,[],,,,,,,,,0.02,0.02,0.02,0.02,0.02,0.02,0.02,0.02,0.02,0.02,,,,,,,,,,,,,,,,,,,,,,,,,,,,,,,,,,,,,,EUR,0.2,0.09,Uncommon,primeape,Pokémon,https://www.tcggo.com/pokemon/paldean-fates/primeape-46,sv4pt5-46,534194,singles
2026-08-23T17:19:56+02:00,521,Shin Nagasawa,shin-nagasawa,PAF 49,49,751586,91,245,PAF,Pokémon,pokemon,14,https://images.tcggo.com/tcggo/storage/1981/paldean-fates-logo.png,Paldean Fates,EUR,1810.89,EUR,2341.33,2024-01-26,1,Scarlet & Violet,scarlet-violet,paldean-fates,150,2042,https://images.tcggo.com/tcggo/storage/2052/donphan-paf-49-paldean-fates-pokemon.png,https://www.tcggo.com/external/cm/2042,https://www.tcggo.com/external/tcgplayer/2042,Donphan,Donphan 49,0.03,0.03,17959,EUR,[],,,,,,,,,0.02,0.02,0.02,0.02,0.02,0.02,0.02,0.02,0.02,0.02,,,,,,,,,,,,,,,,,,,,,,,,,,,,,,,,,,,,,,EUR,0.16,0.09,Uncommon,donphan,Pokémon,https://www.tcggo.com/pokemon/paldean-fates/donphan-49,sv4pt5-49,534210,singles
2026-08-23T17:19:56+02:00,408,kawayoo,kawayoo,PAF 53,53,751590,91,245,PAF,Pokémon,pokemon,14,https://images.tcggo.com/tcggo/storage/1981/paldean-fates-logo.png,Paldean Fates,EUR,1810.89,EUR,2341.33,2024-01-26,1,Scarlet & Violet,scarlet-violet,paldean-fates,250,2043,https://images.tcggo.com/tcggo/storage/2053/great-tusk-ex-paf-53-paldean-fates-pokemon.png,https://www.tcggo.com/external/cm/2043,https://www.tcggo.com/external/tcgplayer/2043,Great Tusk ex,Great Tusk ex 53,0.44,0.49,3253,EUR,[],,,,,,,,,0.1,0.25,0.25,0.2,0.2,0.1,0.1,0.1,0.02,0.02,,,,,,,,,,,,,,,,,,,,,,,,,,,,,,,,,,,,,,EUR,0.49,0.85,Double Rare,great-tusk-ex,Pokémon,https://www.tcggo.com/pokemon/paldean-fates/great-tusk-ex-53,sv4pt5-53,534415,singles
2026-08-23T17:19:56+02:00,424,Mousho,mousho,PAF 61,61,751599,91,245,PAF,Pokémon,pokemon,14,https://images.tcggo.com/tcggo/storage/1981/paldean-fates-logo.png,Paldean Fates,EUR,1810.89,EUR,2341.33,2024-01-26,1,Scarlet & Violet,scarlet-violet,paldean-fates,120,2044,https://images.tcggo.com/tcggo/storage/2054/scrafty-paf-61-paldean-fates-pokemon.png,https://www.tcggo.com/external/cm/2044,https://www.tcggo.com/external/tcgplayer/2044,Scrafty,Scrafty 61,0.03,0.03,18596,EUR,[],,,,,,,,,0.02,0.02,0.02,0.02,0.02,0.02,0.02,0.02,0.02,0.02,,,,,,,,,,,,,,,,,,,,,,,,,,,,,,,,,,,,,,EUR,0.17,0.13,Uncommon,scrafty,Pokémon,https://www.tcggo.com/pokemon/paldean-fates/scrafty-61,sv4pt5-61,534423,singles
2026-08-23T17:19:56+02:00,363,Anesaki Dynamic,anesaki-dynamic,PAF 65,65,751603,91,245,PAF,Pokémon,pokemon,14,https://images.tcggo.com/tcggo/storage/1981/paldean-fates-logo.png,Paldean Fates,EUR,1810.89,EUR,2341.33,2024-01-26,1,Scarlet & Violet,scarlet-violet,paldean-fates,140,2045,https://images.tcggo.com/tcggo/storage/2055/revavroom-paf-65-paldean-fates-pokemon.png,https://www.tcggo.com/external/cm/2045,https://www.tcggo.com/external/tcgplayer/2045,Revavroom,Revavroom 65,0.06,0.06,10209,EUR,[],,,,,,,,,0.03,0.02,0.02,0.02,0.02,0.02,0.02,0.02,0.02,0.02,,,,,,,,,,,,,,,,,,,,,,,,,,,,,,,,,,,,,,EUR,0.14,0.13,rare,revavroom,Pokémon,https://www.tcggo.com/pokemon/paldean-fates/revavroom-65,sv4pt5-65,534427,singles
2026-08-23T17:19:56+02:00,500,chibi,chibi,PAF 68,68,751606,91,245,PAF,Pokémon,pokemon,14,https://images.tcggo.com/tcggo/storage/1981/paldean-fates-logo.png,Paldean Fates,EUR,1810.89,EUR,2341.33,2024-01-26,1,Scarlet & Violet,scarlet-violet,paldean-fates,70,2046,https://images.tcggo.com/tcggo/storage/2056/noibat-paf-68-paldean-fates-pokemon.png,https://www.tcggo.com/external/cm/2046,https://www.tcggo.com/external/tcgplayer/2046,Noibat,Noibat 68,0.03,0.03,18446,EUR,[],,,,,,,,,0.02,0.02,0.02,0.02,0.02,0.02,0.02,0.02,0.02,0.02,,,,,,,,,,,,,,,,,,,,,,,,,,,,,,,,,,,,,,EUR,0.15,0.09,Common,noibat,Pokémon,https://www.tcggo.com/pokemon/paldean-fates/noibat-68,sv4pt5-68,534430,singles
2026-08-23T17:19:56+02:00,395,Nisota Niso,nisota-niso,PAF 69,69,751607,91,245,PAF,Pokémon,pokemon,14,https://images.tcggo.com/tcggo/storage/1981/paldean-fates-logo.png,Paldean Fates,EUR,1810.89,EUR,2341.33,2024-01-26,1,Scarlet & Violet,scarlet-violet,paldean-fates,260,2047,https://images.tcggo.com/tcggo/storage/2057/noivern-ex-paf-69-paldean-fates-pokemon.png,https://www.tcggo.com/external/cm/2047,https://www.tcggo.com/external/tcgplayer/2047,Noivern ex,Noivern ex 69,0.56,0.61,3229,EUR,[],,,,,,,,,0.1,0.37,0.39,0.3,0.3,0.1,0.44,0.44,0.05,0.05,,,,,,,,,,,,,,,,,,,,,,,,,,,,,,,,,,,,,,EUR,0.54,0.82,Double Rare,noivern-ex,Pokémon,https://www.tcggo.com/pokemon/paldean-fates/noivern-ex-69,sv4pt5-69,534431,singles
2026-08-23T17:19:56+02:00,368,Oswaldo KATO,oswaldo-kato,PAF 76,76,751614,91,245,PAF,Pokémon,pokemon,14,https://images.tcggo.com/tcggo/storage/1981/paldean-fates-logo.png,Paldean Fates,EUR,1810.89,EUR,2341.33,2024-01-26,1,Scarlet & Violet,scarlet-violet,paldean-fates,0,2048,https://images.tcggo.com/tcggo/storage/2058/artazon-paf-76-paldean-fates-pokemon.png,https://www.tcggo.com/external/cm/2048,https://www.tcggo.com/external/tcgplayer/2048,Artazon,Artazon 76,0.07,0.06,14101,EUR,[],,,,,,,,,0.03,0.02,0.02,0.02,0.02,0.02,0.02,0.02,0.02,0.02,,,,,,,,,,,,,,,,,,,,,,,,,,,,,,,,,,,,,,EUR,0.25,0.2,Uncommon,artazon,Trainer,https://www.tcggo.com/pokemon/paldean-fates/artazon-76,sv4pt5-76,534438,singles
2026-08-23T17:19:56+02:00,454,kantaro,kantaro,PAF 77,77,751615,91,245,PAF,Pokémon,pokemon,14,https://images.tcggo.com/tcggo/storage/1981/paldean-fates-logo.png,Paldean Fates,EUR,1810.89,EUR,2341.33,2024-01-26,1,Scarlet & Violet,scarlet-violet,paldean-fates,0,2049,https://images.tcggo.com/tcggo/storage/2059/atticus-paf-77-paldean-fates-pokemon.png,https://www.tcggo.com/external/cm/2049,https://www.tcggo.com/external/tcgplayer/2049,Atticus,Atticus 77,0.02,0.02,23266,EUR,[],,,,,,,,,0.02,0.02,0.02,0.02,0.02,0.02,0.02,0.02,0.02,0.02,,,,,,,,,,,,,,,,,,,,,,,,,,,,,,,,,,,,,,EUR,0.2,0.09,Uncommon,atticus,Trainer,https://www.tcggo.com/pokemon/paldean-fates/atticus-77,sv4pt5-77,534439,singles
2026-08-23T17:19:56+02:00,485,otumami,otumami,PAF 92,92,751631,91,245,PAF,Pokémon,pokemon,14,https://images.tcggo.com/tcggo/storage/1981/paldean-fates-logo.png,Paldean Fates,EUR,1810.89,EUR,2341.33,2024-01-26,1,Scarlet & Violet,scarlet-violet,paldean-fates,60,2050,https://images.tcggo.com/tcggo/storage/2060/oddish-paf-92-paldean-fates-pokemon.png,https://www.tcggo.com/external/cm/2050,https://www.tcggo.com/external/tcgplayer/2050,Oddish,Oddish 92,5.35,5.41,172,EUR,[],,,,,,,,,4,4.6,4.6,6.5,6.5,4,5,5,1.8,1.8,,,,,,,,,,,,,,,,,,,,,,,,,,,,,,,,,,,,,,EUR,9.28,5.97,Shiny Rare,oddish,Pokémon,https://www.tcggo.com/pokemon/paldean-fates/oddish-92,sv4pt5-92,534459,singles
2026-08-23T17:19:56+02:00,360,Saya Tsuruta,saya-tsuruta,PAF 96,96,751635,91,245,PAF,Pokémon,pokemon,14,https://images.tcggo.com/tcggo/storage/1981/paldean-fates-logo.png,Paldean Fates,EUR,1810.89,EUR,2341.33,2024-01-26,1,Scarlet & Violet,scarlet-violet,paldean-fates,50,2051,https://images.tcggo.com/tcggo/storage/2061/hoppip-paf-96-paldean-fates-pokemon.png,https://www.tcggo.com/external/cm/2051,https://www.tcggo.com/external/tcgplayer/2051,Hoppip,Hoppip 96,3.74,3.9,223,EUR,[],,,,,,,,,3,2.5,2.5,10,10,3,4.8,4.8,1.94,1.94,,,,,,,,,,,,,,,,,,,,,,,,,,,,,,,,,,,,,,EUR,3.71,2.44,Shiny Rare,hoppip,Pokémon,https://www.tcggo.com/pokemon/paldean-fates/hoppip-96,sv4pt5-96,534465,singles
2026-08-23T17:19:56+02:00,482,Mizue,mizue,PAF 97,97,751636,91,245,PAF,Pokémon,pokemon,14,https://images.tcggo.com/tcggo/storage/1981/paldean-fates-logo.png,Paldean Fates,EUR,1810.89,EUR,2341.33,2024-01-26,1,Scarlet & Violet,scarlet-violet,paldean-fates,70,2052,https://images.tcggo.com/tcggo/storage/2062/skiploom-paf-97-paldean-fates-pokemon.png,https://www.tcggo.com/external/cm/2052,https://www.tcggo.com/external/tcgplayer/2052,Skiploom,Skiploom 97,3.25,3.08,228,EUR,[],,,,,,,,,2.1,2.9,2.9,3,3,2.1,3.05,3.09,1.5,1.5,,,,,,,,,,,,,,,,,,,,,,,,,,,,,,,,,,,,,,EUR,2.6,2.37,Shiny Rare,skiploom,Pokémon,https://www.tcggo.com/pokemon/paldean-fates/skiploom-97,sv4pt5-97,534466,singles
2026-08-23T17:19:56+02:00,479,Lee HyunJung,lee-hyunjung,PAF 98,98,751637,91,245,PAF,Pokémon,pokemon,14,https://images.tcggo.com/tcggo/storage/1981/paldean-fates-logo.png,Paldean Fates,EUR,1810.89,EUR,2341.33,2024-01-26,1,Scarlet & Violet,scarlet-violet,paldean-fates,90,2053,https://images.tcggo.com/tcggo/storage/2063/jumpluff-paf-98-paldean-fates-pokemon.png,https://www.tcggo.com/external/cm/2053,https://www.tcggo.com/external/tcgplayer/2053,Jumpluff,Jumpluff 98,3.3,3.06,210,EUR,[],,,,,,,,,3,1.15,2.45,7.99,7.99,3,3.85,3.9,1.5,1.5,,,,,,,,,,,,,,,,,,,,,,,,,,,,,,,,,,,,,,EUR,4.48,2.56,Shiny Rare,jumpluff,Pokémon,https://www.tcggo.com/pokemon/paldean-fates/jumpluff-98,sv4pt5-98,534469,singles
2026-08-23T17:19:56+02:00,391,saino misaki,saino-misaki,PAF 103,103,751642,91,245,PAF,Pokémon,pokemon,14,https://images.tcggo.com/tcggo/storage/1981/paldean-fates-logo.png,Paldean Fates,EUR,1810.89,EUR,2341.33,2024-01-26,1,Scarlet & Violet,scarlet-violet,paldean-fates,90,2054,https://images.tcggo.com/tcggo/storage/2064/dolliv-paf-103-paldean-fates-pokemon.png,https://www.tcggo.com/external/cm/2054,https://www.tcggo.com/external/tcgplayer/2054,Dolliv,Dolliv 103,2.57,2.79,254,EUR,[],,,,,,,,,1.99,1.95,1.95,3.5,3.5,1.99,3,3,1,1,,,,,,,,,,,,,,,,,,,,,,,,,,,,,,,,,,,,,,EUR,2.39,2.15,Shiny Rare,dolliv,Pokémon,https://www.tcggo.com/pokemon/paldean-fates/dolliv-103,sv4pt5-103,534475,singles
2026-08-23T17:19:56+02:00,456,Hideki Ishikawa,hideki-ishikawa,PAF 104,104,751643,91,245,PAF,Pokémon,pokemon,14,https://images.tcggo.com/tcggo/storage/1981/paldean-fates-logo.png,Paldean Fates,EUR,1810.89,EUR,2341.33,2024-01-26,1,Scarlet & Violet,scarlet-violet,paldean-fates,150,2055,https://images.tcggo.com/tcggo/storage/2065/arboliva-paf-104-paldean-fates-pokemon.png,https://www.tcggo.com/external/cm/2055,https://www.tcggo.com/external/tcgplayer/2055,Arboliva,Arboliva 104,2.23,1.96,251,EUR,[],,,,,,,,,1.8,1.29,1.29,3.5,3.5,1.8,3.5,3.5,1,1,,,,,,,,,,,,,,,,,,,,,,,,,,,,,,,,,,,,,,EUR,2.48,1.71,Shiny Rare,arboliva,Pokémon,https://www.tcggo.com/pokemon/paldean-fates/arboliva-104,sv4pt5-104,534476,singles
2026-08-23T17:19:56+02:00,408,kawayoo,kawayoo,PAF 28,28,751561,91,245,PAF,Pokémon,pokemon,14,https://images.tcggo.com/tcggo/storage/1981/paldean-fates-logo.png,Paldean Fates,EUR,1810.89,EUR,2341.33,2024-01-26,1,Scarlet & Violet,scarlet-violet,paldean-fates,90,2056,https://images.tcggo.com/tcggo/storage/2066/kirlia-paf-28-paldean-fates-pokemon.png,https://www.tcggo.com/external/cm/2056,https://www.tcggo.com/external/tcgplayer/2056,Kirlia,Kirlia 28,0.05,0.03,15095,EUR,[],,,,,,,,,0.02,0.02,0.02,0.02,0.02,0.02,0.02,0.02,0.02,0.02,,,,,,,,,,,,,,,,,,,,,,,,,,,,,,,,,,,,,,EUR,0.21,0.13,Uncommon,kirlia,Pokémon,https://www.tcggo.com/pokemon/paldean-fates/kirlia-28,sv4pt5-28,534174,singles
2026-08-23T17:19:56+02:00,523,KYUPIYAMA,kyupiyama,PAF 35,35,751572,91,245,PAF,Pokémon,pokemon,14,https://images.tcggo.com/tcggo/storage/1981/paldean-fates-logo.png,Paldean Fates,EUR,1810.89,EUR,2341.33,2024-01-26,1,Scarlet & Violet,scarlet-violet,paldean-fates,90,2057,https://images.tcggo.com/tcggo/storage/2067/whimsicott-paf-35-paldean-fates-pokemon.png,https://www.tcggo.com/external/cm/2057,https://www.tcggo.com/external/tcgplayer/2057,Whimsicott,Whimsicott 35,0.02,0.03,17991,EUR,[],,,,,,,,,0.02,0.02,0.02,0.02,0.02,0.02,0.02,0.02,0.02,0.02,,,,,,,,,,,,,,,,,,,,,,,,,,,,,,,,,,,,,,EUR,0.18,0.09,Uncommon,whimsicott,Pokémon,https://www.tcggo.com/pokemon/paldean-fates/whimsicott-35,sv4pt5-35,534181,singles
2026-08-23T17:19:56+02:00,484,Kagemaru Himeno,kagemaru-himeno,PAF 37,37,751574,91,245,PAF,Pokémon,pokemon,14,https://images.tcggo.com/tcggo/storage/1981/paldean-fates-logo.png,Paldean Fates,EUR,1810.89,EUR,2341.33,2024-01-26,1,Scarlet & Violet,scarlet-violet,paldean-fates,70,2058,https://images.tcggo.com/tcggo/storage/2068/mimikyu-paf-37-paldean-fates-pokemon.png,https://www.tcggo.com/external/cm/2058,https://www.tcggo.com/external/tcgplayer/2058,Mimikyu,Mimikyu 37,0.12,0.11,7700,EUR,[],,,,,,,,,0.02,0.02,0.02,0.02,0.02,0.02,0.02,0.02,0.02,0.02,,,,,,,,,,,,,,,,,,,,,,,,,,,,,,,,,,,,,,EUR,0.29,0.18,rare,mimikyu,Pokémon,https://www.tcggo.com/pokemon/paldean-fates/mimikyu-37,sv4pt5-37,534183,singles
2026-08-23T17:19:56+02:00,495,yuu,yuu,PAF 42,42,794906,91,245,PAF,Pokémon,pokemon,14,https://images.tcggo.com/tcggo/storage/1981/paldean-fates-logo.png,Paldean Fates,EUR,1810.89,EUR,2341.33,2024-01-26,1,Scarlet & Violet,scarlet-violet,paldean-fates,70,2059,https://images.tcggo.com/tcggo/storage/2069/greavard-paf-42-paldean-fates-pokemon.png,https://www.tcggo.com/external/cm/2059,https://www.tcggo.com/external/tcgplayer/2059,Greavard,Greavard 42,0.03,0.02,,EUR,[],,,,,,,,,0.02,0.02,0.02,0.02,0.02,0.02,0.02,0.02,0.02,0.02,,,,,,,,,,,,,,,,,,,,,,,,,,,,,,,,,,,,,,EUR,0.15,0.09,Common,greavard,Pokémon,https://www.tcggo.com/pokemon/paldean-fates/greavard-42,sv4pt5-42,534188,singles
2026-08-23T17:19:56+02:00,405,nagimiso,nagimiso,PAF 45,45,751582,91,245,PAF,Pokémon,pokemon,14,https://images.tcggo.com/tcggo/storage/1981/paldean-fates-logo.png,Paldean Fates,EUR,1810.89,EUR,2341.33,2024-01-26,1,Scarlet & Violet,scarlet-violet,paldean-fates,60,2060,https://images.tcggo.com/tcggo/storage/2070/mankey-paf-45-paldean-fates-pokemon.png,https://www.tcggo.com/external/cm/2060,https://www.tcggo.com/external/tcgplayer/2060,Mankey,Mankey 45,0.03,0.04,18100,EUR,[],,,,,,,,,0.02,0.02,0.02,0.02,0.02,0.02,0.02,0.02,0.02,0.02,,,,,,,,,,,,,,,,,,,,,,,,,,,,,,,,,,,,,,EUR,0.15,0.09,Common,mankey,Pokémon,https://www.tcggo.com/pokemon/paldean-fates/mankey-45,sv4pt5-45,534192,singles
2026-08-23T17:19:56+02:00,514,Atsuko Nishida,atsuko-nishida,PAF 48,48,751585,91,245,PAF,Pokémon,pokemon,14,https://images.tcggo.com/tcggo/storage/1981/paldean-fates-logo.png,Paldean Fates,EUR,1810.89,EUR,2341.33,2024-01-26,1,Scarlet & Violet,scarlet-violet,paldean-fates,80,2061,https://images.tcggo.com/tcggo/storage/2071/phanpy-paf-48-paldean-fates-pokemon.png,https://www.tcggo.com/external/cm/2061,https://www.tcggo.com/external/tcgplayer/2061,Phanpy,Phanpy 48,0.04,0.04,17360,EUR,[],,,,,,,,,0.02,0.02,0.02,0.02,0.02,0.02,0.02,0.02,0.02,0.02,,,,,,,,,,,,,,,,,,,,,,,,,,,,,,,,,,,,,,EUR,0.2,0.1,Common,phanpy,Pokémon,https://www.tcggo.com/pokemon/paldean-fates/phanpy-48,sv4pt5-48,534198,singles
2026-08-23T17:19:56+02:00,380,5ban Graphics,5ban-graphics,PAF 54,54,751591,91,245,PAF,Pokémon,pokemon,14,https://images.tcggo.com/tcggo/storage/1981/paldean-fates-logo.png,Paldean Fates,EUR,1810.89,EUR,2341.33,2024-01-26,1,Scarlet & Violet,scarlet-violet,paldean-fates,330,2062,https://images.tcggo.com/tcggo/storage/2072/charizard-ex-paf-54-paldean-fates-pokemon.png,https://www.tcggo.com/external/cm/2062,https://www.tcggo.com/external/tcgplayer/2062,Charizard ex,Charizard ex 54,3.3,3.34,948,EUR,,,,,40,,120,59,55,1.49,3.95,3.95,2,2,1.49,2.5,2.5,1.45,1.45,,,,,,,,,,,,,,,,,,,,,,,,,,,,,,,,,,,,,,EUR,4.53,3.91,Double Rare,charizard-ex,Pokémon,https://www.tcggo.com/pokemon/paldean-fates/charizard-ex-54,sv4pt5-54,534416,singles
2026-08-23T17:19:56+02:00,508,Nobuhiro Imagawa,nobuhiro-imagawa,PAF 55,55,751592,91,245,PAF,Pokémon,pokemon,14,https://images.tcggo.com/tcggo/storage/1981/paldean-fates-logo.png,Paldean Fates,EUR,1810.89,EUR,2341.33,2024-01-26,1,Scarlet & Violet,scarlet-violet,paldean-fates,50,2063,https://images.tcggo.com/tcggo/storage/2073/gastly-paf-55-paldean-fates-pokemon.png,https://www.tcggo.com/external/cm/2063,https://www.tcggo.com/external/tcgplayer/2063,Gastly,Gastly 55,0.04,0.04,15647,EUR,[],,,,,,,,,0.02,0.02,0.02,0.02,0.02,0.02,0.02,0.02,0.02,0.02,,,,,,,,,,,,,,,,,,,,,,,,,,,,,,,,,,,,,,EUR,0.18,0.11,Common,gastly,Pokémon,https://www.tcggo.com/pokemon/paldean-fates/gastly-55,sv4pt5-55,534417,singles
2026-08-23T17:19:56+02:00,429,DOM,dom,PAF 56,56,751593,91,245,PAF,Pokémon,pokemon,14,https://images.tcggo.com/tcggo/storage/1981/paldean-fates-logo.png,Paldean Fates,EUR,1810.89,EUR,2341.33,2024-01-26,1,Scarlet & Violet,scarlet-violet,paldean-fates,80,2064,https://images.tcggo.com/tcggo/storage/2074/haunter-paf-56-paldean-fates-pokemon.png,https://www.tcggo.com/external/cm/2064,https://www.tcggo.com/external/tcgplayer/2064,Haunter,Haunter 56,0.04,0.03,15393,EUR,[],,,,,,,,,0.02,0.02,0.02,0.02,0.02,0.02,0.02,0.02,0.02,0.02,,,,,,,,,,,,,,,,,,,,,,,,,,,,,,,,,,,,,,EUR,0.24,0.17,Common,haunter,Pokémon,https://www.tcggo.com/pokemon/paldean-fates/haunter-56,sv4pt5-56,534418,singles
2026-08-23T17:19:56+02:00,494,Nelnal,nelnal,PAF 57,57,751595,91,245,PAF,Pokémon,pokemon,14,https://images.tcggo.com/tcggo/storage/1981/paldean-fates-logo.png,Paldean Fates,EUR,1810.89,EUR,2341.33,2024-01-26,1,Scarlet & Violet,scarlet-violet,paldean-fates,130,2065,https://images.tcggo.com/tcggo/storage/2075/gengar-paf-57-paldean-fates-pokemon.png,https://www.tcggo.com/external/cm/2065,https://www.tcggo.com/external/tcgplayer/2065,Gengar,Gengar 57,0.09,0.1,8585,EUR,[],,,,,,,,,0.02,0.02,0.02,0.02,0.02,0.02,0.02,0.02,0.02,0.02,,,,,,,,,,,,,,,,,,,,,,,,,,,,,,,,,,,,,,EUR,2.04,0.21,Uncommon,gengar,Pokémon,https://www.tcggo.com/pokemon/paldean-fates/gengar-57,sv4pt5-57,534419,singles
2026-08-23T17:19:56+02:00,384,PLANETA Mochizuki,planeta-mochizuki,PAF 59,59,751597,91,245,PAF,Pokémon,pokemon,14,https://images.tcggo.com/tcggo/storage/1981/paldean-fates-logo.png,Paldean Fates,EUR,1810.89,EUR,2341.33,2024-01-26,1,Scarlet & Violet,scarlet-violet,paldean-fates,280,2066,https://images.tcggo.com/tcggo/storage/2076/paldean-clodsire-ex-paf-59-paldean-fates-pokemon.png,https://www.tcggo.com/external/cm/2066,https://www.tcggo.com/external/tcgplayer/2066,Paldean Clodsire ex,Paldean Clodsire ex 59,0.5,0.58,2833,EUR,[],,,,,,,,,0.15,0.15,0.15,0.13,0.13,0.15,0.29,0.29,0.02,0.02,,,,,,,,,,,,,,,,,,,,,,,,,,,,,,,,,,,,,,EUR,0.51,0.77,Double Rare,paldean-clodsire-ex,Pokémon,https://www.tcggo.com/pokemon/paldean-fates/paldean-clodsire-ex-59,sv4pt5-59,534421,singles
2026-08-23T17:19:56+02:00,429,DOM,dom,PAF 62,62,794907,91,245,PAF,Pokémon,pokemon,14,https://images.tcggo.com/tcggo/storage/1981/paldean-fates-logo.png,Paldean Fates,EUR,1810.89,EUR,2341.33,2024-01-26,1,Scarlet & Violet,scarlet-violet,paldean-fates,60,2067,https://images.tcggo.com/tcggo/storage/2077/maschiff-paf-62-paldean-fates-pokemon.png,https://www.tcggo.com/external/cm/2067,https://www.tcggo.com/external/tcgplayer/2067,Maschiff,Maschiff 62,0.02,0.02,,EUR,[],,,,,,,,,0.02,0.02,0.02,0.02,0.02,0.02,0.02,0.02,0.02,0.02,,,,,,,,,,,,,,,,,,,,,,,,,,,,,,,,,,,,,,EUR,0.15,0.09,Common,maschiff,Pokémon,https://www.tcggo.com/pokemon/paldean-fates/maschiff-62,sv4pt5-62,534424,singles
2026-08-23T17:19:56+02:00,524,KIYOTAKA OSHIYAMA,kiyotaka-oshiyama,PAF 63,63,751601,91,245,PAF,Pokémon,pokemon,14,https://images.tcggo.com/tcggo/storage/1981/paldean-fates-logo.png,Paldean Fates,EUR,1810.89,EUR,2341.33,2024-01-26,1,Scarlet & Violet,scarlet-violet,paldean-fates,130,2068,https://images.tcggo.com/tcggo/storage/2078/mabosstiff-paf-63-paldean-fates-pokemon.png,https://www.tcggo.com/external/cm/2068,https://www.tcggo.com/external/tcgplayer/2068,Mabosstiff,Mabosstiff 63,0.06,0.07,10713,EUR,[],,,,,,,,,0.02,0.02,0.02,0.02,0.02,0.02,0.02,0.02,0.02,0.02,,,,,,,,,,,,,,,,,,,,,,,,,,,,,,,,,,,,,,EUR,0.16,0.15,rare,mabosstiff,Pokémon,https://www.tcggo.com/pokemon/paldean-fates/mabosstiff-63,sv4pt5-63,534425,singles
2026-08-23T17:19:56+02:00,369,toriyufu,toriyufu,PAF 66,66,751604,91,245,PAF,Pokémon,pokemon,14,https://images.tcggo.com/tcggo/storage/1981/paldean-fates-logo.png,Paldean Fates,EUR,1810.89,EUR,2341.33,2024-01-26,1,Scarlet & Violet,scarlet-violet,paldean-fates,220,2069,https://images.tcggo.com/tcggo/storage/2079/iron-treads-ex-paf-66-paldean-fates-pokemon.png,https://www.tcggo.com/external/cm/2069,https://www.tcggo.com/external/tcgplayer/2069,Iron Treads ex,Iron Treads ex 66,0.48,0.45,3564,EUR,[],,,,,,,,,0.02,0.24,0.24,0.2,0.2,0.02,0.2,0.2,0.02,0.02,,,,,,,,,,,,,,,,,,,,,,,,,,,,,,,,,,,,,,EUR,0.44,0.84,Double Rare,iron-treads-ex,Pokémon,https://www.tcggo.com/pokemon/paldean-fates/iron-treads-ex-66,sv4pt5-66,534428,singles
2026-08-23T17:19:56+02:00,375,Mitsuhiro Arita,mitsuhiro-arita,PAF 67,67,751605,91,245,PAF,Pokémon,pokemon,14,https://images.tcggo.com/tcggo/storage/1981/paldean-fates-logo.png,Paldean Fates,EUR,1810.89,EUR,2341.33,2024-01-26,1,Scarlet & Violet,scarlet-violet,paldean-fates,130,2070,https://images.tcggo.com/tcggo/storage/2080/gholdengo-paf-67-paldean-fates-pokemon.png,https://www.tcggo.com/external/cm/2070,https://www.tcggo.com/external/tcgplayer/2070,Gholdengo,Gholdengo 67,0.08,0.1,11425,EUR,[],,,,,,,,,0.03,0.02,0.02,0.02,0.02,0.02,0.02,0.02,0.02,0.02,,,,,,,,,,,,,,,,,,,,,,,,,,,,,,,,,,,,,,EUR,0.14,0.13,rare,gholdengo,Pokémon,https://www.tcggo.com/pokemon/paldean-fates/gholdengo-67,sv4pt5-67,534429,singles
2026-08-23T17:19:56+02:00,524,KIYOTAKA OSHIYAMA,kiyotaka-oshiyama,PAF 74,74,751612,91,245,PAF,Pokémon,pokemon,14,https://images.tcggo.com/tcggo/storage/1981/paldean-fates-logo.png,Paldean Fates,EUR,1810.89,EUR,2341.33,2024-01-26,1,Scarlet & Violet,scarlet-violet,paldean-fates,70,2071,https://images.tcggo.com/tcggo/storage/2081/maushold-paf-74-paldean-fates-pokemon.png,https://www.tcggo.com/external/cm/2071,https://www.tcggo.com/external/tcgplayer/2071,Maushold,Maushold 74,0.03,0.03,17119,EUR,[],,,,,,,,,0.02,0.02,0.02,0.02,0.02,0.02,0.02,0.02,0.02,0.02,,,,,,,,,,,,,,,,,,,,,,,,,,,,,,,,,,,,,,EUR,0.22,0.14,Uncommon,maushold,Pokémon,https://www.tcggo.com/pokemon/paldean-fates/maushold-74,sv4pt5-74,534436,singles
2026-08-23T17:19:56+02:00,384,PLANETA Mochizuki,planeta-mochizuki,PAF 75,75,751613,91,245,PAF,Pokémon,pokemon,14,https://images.tcggo.com/tcggo/storage/1981/paldean-fates-logo.png,Paldean Fates,EUR,1810.89,EUR,2341.33,2024-01-26,1,Scarlet & Violet,scarlet-violet,paldean-fates,160,2072,https://images.tcggo.com/tcggo/storage/2082/squawkabilly-ex-paf-75-paldean-fates-pokemon.png,https://www.tcggo.com/external/cm/2072,https://www.tcggo.com/external/tcgplayer/2072,Squawkabilly ex,Squawkabilly ex 75,0.53,0.55,2665,EUR,[],,,,,,,,,0.2,0.3,0.3,0.4,0.4,0.2,0.28,0.28,0.02,0.02,,,,,,,,,,,,,,,,,,,,,,,,,,,,,,,,,,,,,,EUR,0.46,0.68,Double Rare,squawkabilly-ex,Pokémon,https://www.tcggo.com/pokemon/paldean-fates/squawkabilly-ex-75,sv4pt5-75,534437,singles
2026-08-23T17:19:56+02:00,379,Sanosuke Sakuma,sanosuke-sakuma,PAF 80,80,751619,91,245,PAF,Pokémon,pokemon,14,https://images.tcggo.com/tcggo/storage/1981/paldean-fates-logo.png,Paldean Fates,EUR,1810.89,EUR,2341.33,2024-01-26,1,Scarlet & Violet,scarlet-violet,paldean-fates,0,2073,https://images.tcggo.com/tcggo/storage/2083/iono-paf-80-paldean-fates-pokemon.png,https://www.tcggo.com/external/cm/2073,https://www.tcggo.com/external/tcgplayer/2073,Iono,Iono 80,0.09,0.08,11797,EUR,[],,,,,,,,,0.02,0.02,0.02,0.02,0.02,0.02,0.02,0.02,0.02,0.02,,,,,,,,,,,,,,,,,,,,,,,,,,,,,,,,,,,,,,EUR,0.38,0.23,Uncommon,iono,Trainer,https://www.tcggo.com/pokemon/paldean-fates/iono-80,sv4pt5-80,534442,singles
2026-08-23T17:19:56+02:00,453,AYUMI ODASHIMA,ayumi-odashima,PAF 81,81,751620,91,245,PAF,Pokémon,pokemon,14,https://images.tcggo.com/tcggo/storage/1981/paldean-fates-logo.png,Paldean Fates,EUR,1810.89,EUR,2341.33,2024-01-26,1,Scarlet & Violet,scarlet-violet,paldean-fates,0,2074,https://images.tcggo.com/tcggo/storage/2084/moonlit-hill-paf-81-paldean-fates-pokemon.png,https://www.tcggo.com/external/cm/2074,https://www.tcggo.com/external/tcgplayer/2074,Moonlit Hill,Moonlit Hill 81,0.03,0.04,23810,EUR,[],,,,,,,,,0.02,0.02,0.02,0.02,0.02,0.02,0.02,0.02,0.02,0.02,,,,,,,,,,,,,,,,,,,,,,,,,,,,,,,,,,,,,,EUR,0.22,0.1,Uncommon,moonlit-hill,Trainer,https://www.tcggo.com/pokemon/paldean-fates/moonlit-hill-81,sv4pt5-81,534443,singles
2026-08-23T17:19:56+02:00,453,AYUMI ODASHIMA,ayumi-odashima,PAF 83,83,751622,91,245,PAF,Pokémon,pokemon,14,https://images.tcggo.com/tcggo/storage/1981/paldean-fates-logo.png,Paldean Fates,EUR,1810.89,EUR,2341.33,2024-01-26,1,Scarlet & Violet,scarlet-violet,paldean-fates,0,2075,https://images.tcggo.com/tcggo/storage/2085/nemonas-backpack-paf-83-paldean-fates-pokemon.png,https://www.tcggo.com/external/cm/2075,https://www.tcggo.com/external/tcgplayer/2075,Nemona's Backpack,Nemona's Backpack 83,0.02,0.02,23362,EUR,[],,,,,,,,,0.02,0.02,0.02,0.02,0.02,0.02,0.02,0.02,0.02,0.02,,,,,,,,,,,,,,,,,,,,,,,,,,,,,,,,,,,,,,EUR,0.24,0.09,Uncommon,nemonas-backpack,Trainer,https://www.tcggo.com/pokemon/paldean-fates/nemonas-backpack-83,sv4pt5-83,534445,singles
2026-08-23T17:19:56+02:00,507,0313,0313,PAF 94,94,751633,91,245,PAF,Pokémon,pokemon,14,https://images.tcggo.com/tcggo/storage/1981/paldean-fates-logo.png,Paldean Fates,EUR,1810.89,EUR,2341.33,2024-01-26,1,Scarlet & Violet,scarlet-violet,paldean-fates,140,2076,https://images.tcggo.com/tcggo/storage/2086/vileplume-paf-94-paldean-fates-pokemon.png,https://www.tcggo.com/external/cm/2076,https://www.tcggo.com/external/tcgplayer/2076,Vileplume,Vileplume 94,4.57,4.27,205,EUR,[],,,,,,,,,4,3.95,3.95,3.45,3.45,4,4.2,4.2,2,2,,,,,,,,,,,,,,,,,,,,,,,,,,,,,,,,,,,,,,EUR,7.66,4.49,Shiny Rare,vileplume,Pokémon,https://www.tcggo.com/pokemon/paldean-fates/vileplume-94,sv4pt5-94,534462,singles
2026-08-23T17:19:56+02:00,381,sowsow,sowsow,PAF 109,109,751648,91,245,PAF,Pokémon,pokemon,14,https://images.tcggo.com/tcggo/storage/1981/paldean-fates-logo.png,Paldean Fates,EUR,1810.89,EUR,2341.33,2024-01-26,1,Scarlet & Violet,scarlet-violet,paldean-fates,70,2077,https://images.tcggo.com/tcggo/storage/2087/charmander-paf-109-paldean-fates-pokemon.png,https://www.tcggo.com/external/cm/2077,https://www.tcggo.com/external/tcgplayer/2077,Charmander,Charmander 109,27.73,28.79,197,EUR,,,,,149,85,239,,95,33,19.99,19.99,25,25,33,34,39,14.8,14.8,USD,74.47,5,,,31.57,3,,,,,63.67,5,,,21.61,4,189.18,5,22.24,3,31.28,5,44.11,5,100,1,,,,,116.45,4,,,44.48,1,EUR,43.11,25.04,Shiny Rare,charmander,Pokémon,https://www.tcggo.com/pokemon/paldean-fates/charmander-109,sv4pt5-109,534483,singles
2026-08-23T17:19:56+02:00,518,Ryuta Fuse,ryuta-fuse,PAF 112,112,751651,91,245,PAF,Pokémon,pokemon,14,https://images.tcggo.com/tcggo/storage/1981/paldean-fates-logo.png,Paldean Fates,EUR,1810.89,EUR,2341.33,2024-01-26,1,Scarlet & Violet,scarlet-violet,paldean-fates,130,2078,https://images.tcggo.com/tcggo/storage/2088/entei-paf-112-paldean-fates-pokemon.png,https://www.tcggo.com/external/cm/2078,https://www.tcggo.com/external/tcgplayer/2078,Entei,Entei 112,10.9,12.93,210,EUR,,,,,,,245,,35,9,8.4,8.4,10,10,9,6.9,11,4.46,4.46,USD,63.92,4,,,,,,,40.21,1,19.36,5,,,8.19,2,248.28,5,19.36,1,17.86,1,31.26,5,89.32,1,,,26.8,1,,,,,,,EUR,10.58,10.02,Shiny Rare,entei,Pokémon,https://www.tcggo.com/pokemon/paldean-fates/entei-112,sv4pt5-112,534493,singles
2026-08-23T17:19:56+02:00,426,Akira Komayama,akira-komayama,PAF 113,113,751652,91,245,PAF,Pokémon,pokemon,14,https://images.tcggo.com/tcggo/storage/1981/paldean-fates-logo.png,Paldean Fates,EUR,1810.89,EUR,2341.33,2024-01-26,1,Scarlet & Violet,scarlet-violet,paldean-fates,90,2079,https://images.tcggo.com/tcggo/storage/2089/oricorio-paf-113-paldean-fates-pokemon.png,https://www.tcggo.com/external/cm/2079,https://www.tcggo.com/external/tcgplayer/2079,Oricorio,Oricorio 113,2.6,2.79,281,EUR,[],,,,,,,,,2,1.5,1.5,4.45,4.45,2,2.5,2.5,1.4,1.4,,,,,,,,,,,,,,,,,,,,,,,,,,,,,,,,,,,,,,EUR,2.21,1.91,Shiny Rare,oricorio,Pokémon,https://www.tcggo.com/pokemon/paldean-fates/oricorio-113,sv4pt5-113,534494,singles
2026-08-23T17:19:56+02:00,492,Misa Tsutsui,misa-tsutsui,PAF 108,108,751647,91,245,PAF,Pokémon,pokemon,14,https://images.tcggo.com/tcggo/storage/1981/paldean-fates-logo.png,Paldean Fates,EUR,1810.89,EUR,2341.33,2024-01-26,1,Scarlet & Violet,scarlet-violet,paldean-fates,50,2080,https://images.tcggo.com/tcggo/storage/2090/rellor-paf-108-paldean-fates-pokemon.png,https://www.tcggo.com/external/cm/2080,https://www.tcggo.com/external/tcgplayer/2080,Rellor,Rellor 108,2.13,2.16,304,EUR,[],,,,,,,,,1.45,0.97,1.25,1.4,1.4,1.45,2.94,2.94,1,1,,,,,,,,,,,,,,,,,,,,,,,,,,,,,,,,,,,,,,EUR,1.69,1.76,Shiny Rare,rellor,Pokémon,https://www.tcggo.com/pokemon/paldean-fates/rellor-108,sv4pt5-108,534482,singles
2026-08-23T17:19:56+02:00,488,Masakazu Fukuda,masakazu-fukuda,PAF 114,114,751653,91,245,PAF,Pokémon,pokemon,14,https://images.tcggo.com/tcggo/storage/1981/paldean-fates-logo.png,Paldean Fates,EUR,1810.89,EUR,2341.33,2024-01-26,1,Scarlet & Violet,scarlet-violet,paldean-fates,70,2081,https://images.tcggo.com/tcggo/storage/2091/charcadet-paf-114-paldean-fates-pokemon.png,https://www.tcggo.com/external/cm/2081,https://www.tcggo.com/external/tcgplayer/2081,Charcadet,Charcadet 114,3.67,3.61,186,EUR,[],,,,,,,,,3,3,3,6,6,3,3.5,3.5,2.5,2.5,,,,,,,,,,,,,,,,,,,,,,,,,,,,,,,,,,,,,,EUR,5.83,4.53,Shiny Rare,charcadet,Pokémon,https://www.tcggo.com/pokemon/paldean-fates/charcadet-114,sv4pt5-114,534496,singles
2026-08-23T17:19:56+02:00,460,Atsushi Furusawa,atsushi-furusawa,PAF 115,115,751654,91,245,PAF,Pokémon,pokemon,14,https://images.tcggo.com/tcggo/storage/1981/paldean-fates-logo.png,Paldean Fates,EUR,1810.89,EUR,2341.33,2024-01-26,1,Scarlet & Violet,scarlet-violet,paldean-fates,130,2082,https://images.tcggo.com/tcggo/storage/2092/armarouge-paf-115-paldean-fates-pokemon.png,https://www.tcggo.com/external/cm/2082,https://www.tcggo.com/external/tcgplayer/2082,Armarouge,Armarouge 115,3.63,3.73,200,EUR,[],,,,,,,,,2.84,2,3,3.8,3.8,2.84,3.5,3.5,1,1,,,,,,,,,,,,,,,,,,,,,,,,,,,,,,,,,,,,,,EUR,5.16,3.56,Shiny Rare,armarouge,Pokémon,https://www.tcggo.com/pokemon/paldean-fates/armarouge-115,sv4pt5-115,534497,singles
2026-08-23T17:19:56+02:00,398,Taira Akitsu,taira-akitsu,PAF 116,116,751655,91,245,PAF,Pokémon,pokemon,14,https://images.tcggo.com/tcggo/storage/1981/paldean-fates-logo.png,Paldean Fates,EUR,1810.89,EUR,2341.33,2024-01-26,1,Scarlet & Violet,scarlet-violet,paldean-fates,70,2083,https://images.tcggo.com/tcggo/storage/2093/slowpoke-paf-116-paldean-fates-pokemon.png,https://www.tcggo.com/external/cm/2083,https://www.tcggo.com/external/tcgplayer/2083,Slowpoke,Slowpoke 116,9.14,10.1,127,EUR,,,,,,,500,,,10.81,6.9,6.9,12.95,12.95,10.95,7,7,2.95,3,USD,,,,,,,,,,,,,,,,,252.73,5,,,29.95,2,28,3,,,,,,,,,,,,,EUR,16.65,7.32,Shiny Rare,slowpoke,Pokémon,https://www.tcggo.com/pokemon/paldean-fates/slowpoke-116,sv4pt5-116,534504,singles
2026-08-23T17:19:56+02:00,377,Souichirou Gunjima,souichirou-gunjima,PAF 117,117,751656,91,245,PAF,Pokémon,pokemon,14,https://images.tcggo.com/tcggo/storage/1981/paldean-fates-logo.png,Paldean Fates,EUR,1810.89,EUR,2341.33,2024-01-26,1,Scarlet & Violet,scarlet-violet,paldean-fates,100,2084,https://images.tcggo.com/tcggo/storage/2094/slowbro-paf-117-paldean-fates-pokemon.png,https://www.tcggo.com/external/cm/2084,https://www.tcggo.com/external/tcgplayer/2084,Slowbro,Slowbro 117,7.17,6.62,186,EUR,[],,,,,,,,,4,6,6,22,22,4,4.95,4.95,2.9,2.9,USD,,,,,,,,,,,31,1,,,,,110,5,,,,,40.5,4,,,,,,,,,,,,,EUR,15.28,5.76,Shiny Rare,slowbro,Pokémon,https://www.tcggo.com/pokemon/paldean-fates/slowbro-117,sv4pt5-117,534507,singles
2026-08-23T17:19:56+02:00,518,Ryuta Fuse,ryuta-fuse,PAF 105,105,751644,91,245,PAF,Pokémon,pokemon,14,https://images.tcggo.com/tcggo/storage/1981/paldean-fates-logo.png,Paldean Fates,EUR,1810.89,EUR,2341.33,2024-01-26,1,Scarlet & Violet,scarlet-violet,paldean-fates,50,2085,https://images.tcggo.com/tcggo/storage/2095/toedscool-paf-105-paldean-fates-pokemon.png,https://www.tcggo.com/external/cm/2085,https://www.tcggo.com/external/tcgplayer/2085,Toedscool,Toedscool 105,2.43,2.12,267,EUR,[],,,,,,,,,1.98,1.7,1.7,3.8,3.8,1.98,3.9,3.9,1.4,1.4,,,,,,,,,,,,,,,,,,,,,,,,,,,,,,,,,,,,,,EUR,2.21,2.19,Shiny Rare,toedscool,Pokémon,https://www.tcggo.com/pokemon/paldean-fates/toedscool-105,sv4pt5-105,534478,singles
2026-08-23T17:19:56+02:00,378,Kouki Saitou,kouki-saitou,PAF 110,110,751649,91,245,PAF,Pokémon,pokemon,14,https://images.tcggo.com/tcggo/storage/1981/paldean-fates-logo.png,Paldean Fates,EUR,1810.89,EUR,2341.33,2024-01-26,1,Scarlet & Violet,scarlet-violet,paldean-fates,90,2086,https://images.tcggo.com/tcggo/storage/2096/charmeleon-paf-110-paldean-fates-pokemon.png,https://www.tcggo.com/external/cm/2086,https://www.tcggo.com/external/tcgplayer/2086,Charmeleon,Charmeleon 110,14.78,15.14,224,EUR,,,,,,,100,,44,14,11.98,11.98,20,20,14,17.5,19,6.85,6.85,USD,57.42,3,,,26.42,1,,,,,36.56,5,,,16.05,1,116.62,5,,,11.5,1,44.85,5,45,1,,,,,,,,,16.72,1,EUR,12.21,13.67,Shiny Rare,charmeleon,Pokémon,https://www.tcggo.com/pokemon/paldean-fates/charmeleon-110,sv4pt5-110,534484,singles
2026-08-23T17:19:56+02:00,402,Hitoshi Ariga,hitoshi-ariga,PAF 111,111,751650,91,245,PAF,Pokémon,pokemon,14,https://images.tcggo.com/tcggo/storage/1981/paldean-fates-logo.png,Paldean Fates,EUR,1810.89,EUR,2341.33,2024-01-26,1,Scarlet & Violet,scarlet-violet,paldean-fates,130,2087,https://images.tcggo.com/tcggo/storage/2097/paldean-tauros-paf-111-paldean-fates-pokemon.png,https://www.tcggo.com/external/cm/2087,https://www.tcggo.com/external/tcgplayer/2087,Paldean Tauros,Paldean Tauros 111,3.35,3.15,246,EUR,,,,,49,,,,,1.79,2.44,2.44,4.9,4.9,1.79,3.95,3.95,1.74,1.74,,,,,,,,,,,,,,,,,,,,,,,,,,,,,,,,,,,,,,EUR,2.98,2.22,Shiny Rare,paldean-tauros,Pokémon,https://www.tcggo.com/pokemon/paldean-fates/paldean-tauros-111,sv4pt5-111,534485,singles
2026-08-23T17:19:56+02:00,395,Nisota Niso,nisota-niso,PAF 118,118,751657,91,245,PAF,Pokémon,pokemon,14,https://images.tcggo.com/tcggo/storage/1981/paldean-fates-logo.png,Paldean Fates,EUR,1810.89,EUR,2341.33,2024-01-26,1,Scarlet & Violet,scarlet-violet,paldean-fates,60,2088,https://images.tcggo.com/tcggo/storage/2098/staryu-paf-118-paldean-fates-pokemon.png,https://www.tcggo.com/external/cm/2088,https://www.tcggo.com/external/tcgplayer/2088,Staryu,Staryu 118,4.84,4.7,198,EUR,[],,,,,,,,,4,3.5,3.5,15,15,4,6,6,1.89,1.89,,,,,,,,,,,,,,,,,,,,,,,,,,,,,,,,,,,,,,EUR,5.63,3.42,Shiny Rare,staryu,Pokémon,https://www.tcggo.com/pokemon/paldean-fates/staryu-118,sv4pt5-118,534508,singles
2026-08-23T17:19:56+02:00,394,OKACHEKE,okacheke,PAF 106,106,751645,91,245,PAF,Pokémon,pokemon,14,https://images.tcggo.com/tcggo/storage/1981/paldean-fates-logo.png,Paldean Fates,EUR,1810.89,EUR,2341.33,2024-01-26,1,Scarlet & Violet,scarlet-violet,paldean-fates,70,2089,https://images.tcggo.com/tcggo/storage/2099/capsakid-paf-106-paldean-fates-pokemon.png,https://www.tcggo.com/external/cm/2089,https://www.tcggo.com/external/tcgplayer/2089,Capsakid,Capsakid 106,2.32,2.48,285,EUR,[],,,,,,,,,1.9,1.5,1.5,2,2,1.9,2.45,2.45,1,1,,,,,,,,,,,,,,,,,,,,,,,,,,,,,,,,,,,,,,EUR,2.1,1.84,Shiny Rare,capsakid,Pokémon,https://www.tcggo.com/pokemon/paldean-fates/capsakid-106,sv4pt5-106,534479,singles
2026-08-23T17:19:56+02:00,378,Kouki Saitou,kouki-saitou,PAF 107,107,751646,91,245,PAF,Pokémon,pokemon,14,https://images.tcggo.com/tcggo/storage/1981/paldean-fates-logo.png,Paldean Fates,EUR,1810.89,EUR,2341.33,2024-01-26,1,Scarlet & Violet,scarlet-violet,paldean-fates,110,2090,https://images.tcggo.com/tcggo/storage/2100/scovillain-paf-107-paldean-fates-pokemon.png,https://www.tcggo.com/external/cm/2090,https://www.tcggo.com/external/tcgplayer/2090,Scovillain,Scovillain 107,2.12,1.94,263,EUR,[],,,,,,,,,1.4,0.85,0.85,4,4,1.4,2.3,2.3,0.9,0.9,,,,,,,,,,,,,,,,,,,,,,,,,,,,,,,,,,,,,,EUR,1.88,1.71,Shiny Rare,scovillain,Pokémon,https://www.tcggo.com/pokemon/paldean-fates/scovillain-107,sv4pt5-107,534481,singles
2026-08-23T17:19:56+02:00,437,Shigenori Negishi,shigenori-negishi,PAF 119,119,751658,91,245,PAF,Pokémon,pokemon,14,https://images.tcggo.com/tcggo/storage/1981/paldean-fates-logo.png,Paldean Fates,EUR,1810.89,EUR,2341.33,2024-01-26,1,Scarlet & Violet,scarlet-violet,paldean-fates,90,2091,https://images.tcggo.com/tcggo/storage/2101/starmie-paf-119-paldean-fates-pokemon.png,https://www.tcggo.com/external/cm/2091,https://www.tcggo.com/external/tcgplayer/2091,Starmie,Starmie 119,4.48,4.45,228,EUR,[],,,,,,,,,3.99,4,4,4.5,4.5,3.99,4.5,4.5,1.95,1.95,,,,,,,,,,,,,,,,,,,,,,,,,,,,,,,,,,,,,,EUR,6.73,4.65,Shiny Rare,starmie,Pokémon,https://www.tcggo.com/pokemon/paldean-fates/starmie-119,sv4pt5-119,534510,singles
2026-08-23T17:19:56+02:00,483,Kyoko Umemoto,kyoko-umemoto,PAF 122,122,751661,91,245,PAF,Pokémon,pokemon,14,https://images.tcggo.com/tcggo/storage/1981/paldean-fates-logo.png,Paldean Fates,EUR,1810.89,EUR,2341.33,2024-01-26,1,Scarlet & Violet,scarlet-violet,paldean-fates,90,2092,https://images.tcggo.com/tcggo/storage/2102/wugtrio-paf-122-paldean-fates-pokemon.png,https://www.tcggo.com/external/cm/2092,https://www.tcggo.com/external/tcgplayer/2092,Wugtrio,Wugtrio 122,2.48,2.61,317,EUR,[],,,,,,,,,2,1.98,1.98,3,3,2,2.98,2.98,1,1,,,,,,,,,,,,,,,,,,,,,,,,,,,,,,,,,,,,,,EUR,2.82,2.07,Shiny Rare,wugtrio,Pokémon,https://www.tcggo.com/pokemon/paldean-fates/wugtrio-122,sv4pt5-122,534513,singles
2026-08-23T17:19:56+02:00,521,Shin Nagasawa,shin-nagasawa,PAF 124,124,751663,91,245,PAF,Pokémon,pokemon,14,https://images.tcggo.com/tcggo/storage/1981/paldean-fates-logo.png,Paldean Fates,EUR,1810.89,EUR,2341.33,2024-01-26,1,Scarlet & Violet,scarlet-violet,paldean-fates,150,2093,https://images.tcggo.com/tcggo/storage/2103/palafin-paf-124-paldean-fates-pokemon.png,https://www.tcggo.com/external/cm/2093,https://www.tcggo.com/external/tcgplayer/2093,Palafin,Palafin 124,2.62,2.26,247,EUR,[],,,,,,,,,1.8,1.8,1.8,4.9,4.9,1.8,3.99,3.99,1.4,1.4,,,,,,,,,,,,,,,,,,,,,,,,,,,,,,,,,,,,,,EUR,2.96,2.22,Shiny Rare,palafin,Pokémon,https://www.tcggo.com/pokemon/paldean-fates/palafin-124,sv4pt5-124,534515,singles
2026-08-23T17:19:56+02:00,398,Taira Akitsu,taira-akitsu,PAF 128,128,751667,91,245,PAF,Pokémon,pokemon,14,https://images.tcggo.com/tcggo/storage/1981/paldean-fates-logo.png,Paldean Fates,EUR,1810.89,EUR,2341.33,2024-01-26,1,Scarlet & Violet,scarlet-violet,paldean-fates,70,2094,https://images.tcggo.com/tcggo/storage/2104/frigibax-paf-128-paldean-fates-pokemon.png,https://www.tcggo.com/external/cm/2094,https://www.tcggo.com/external/tcgplayer/2094,Frigibax,Frigibax 128,2.84,2.65,244,EUR,[],,,,,,,,,2.9,2,2,4,4,2.9,2.4,2.4,1.2,1.2,USD,,,,,,,,,,,,,,,,,169.38,1,,,,,,,,,,,,,,,,,,,EUR,3.31,,Shiny Rare,frigibax,Pokémon,https://www.tcggo.com/pokemon/paldean-fates/frigibax-128,sv4pt5-128,534519,singles
2026-08-23T17:19:56+02:00,488,Masakazu Fukuda,masakazu-fukuda,PAF 134,134,751673,91,245,PAF,Pokémon,pokemon,14,https://images.tcggo.com/tcggo/storage/1981/paldean-fates-logo.png,Paldean Fates,EUR,1810.89,EUR,2341.33,2024-01-26,1,Scarlet & Violet,scarlet-violet,paldean-fates,90,2095,https://images.tcggo.com/tcggo/storage/2105/electrode-paf-134-paldean-fates-pokemon.png,https://www.tcggo.com/external/cm/2095,https://www.tcggo.com/external/tcgplayer/2095,Electrode,Electrode 134,3.45,3.28,224,EUR,[],,,,,,,,,2.95,2.95,2.95,6,6,2.95,4.6,4.99,1.87,1.87,,,,,,,,,,,,,,,,,,,,,,,,,,,,,,,,,,,,,,EUR,3.56,2.99,Shiny Rare,electrode,Pokémon,https://www.tcggo.com/pokemon/paldean-fates/electrode-134,sv4pt5-134,534527,singles
2026-08-23T17:19:56+02:00,377,Souichirou Gunjima,souichirou-gunjima,PAF 136,136,751675,91,245,PAF,Pokémon,pokemon,14,https://images.tcggo.com/tcggo/storage/1981/paldean-fates-logo.png,Paldean Fates,EUR,1810.89,EUR,2341.33,2024-01-26,1,Scarlet & Violet,scarlet-violet,paldean-fates,90,2096,https://images.tcggo.com/tcggo/storage/2106/luxio-paf-136-paldean-fates-pokemon.png,https://www.tcggo.com/external/cm/2096,https://www.tcggo.com/external/tcgplayer/2096,Luxio,Luxio 136,4.85,5.09,197,EUR,[],,,,,,,,,4.45,3.5,3.5,4,4,4.45,4.8,4.8,1.8,1.8,USD,,,,,,,,,,,,,,,,,302.31,1,,,16.15,1,9.75,1,,,,,,,,,,,,,EUR,4.7,3.79,Shiny Rare,luxio,Pokémon,https://www.tcggo.com/pokemon/paldean-fates/luxio-136,sv4pt5-136,534529,singles
2026-08-23T17:19:56+02:00,521,Shin Nagasawa,shin-nagasawa,PAF 139,139,751678,91,245,PAF,Pokémon,pokemon,14,https://images.tcggo.com/tcggo/storage/1981/paldean-fates-logo.png,Paldean Fates,EUR,1810.89,EUR,2341.33,2024-01-26,1,Scarlet & Violet,scarlet-violet,paldean-fates,110,2097,https://images.tcggo.com/tcggo/storage/2107/thundurus-paf-139-paldean-fates-pokemon.png,https://www.tcggo.com/external/cm/2097,https://www.tcggo.com/external/tcgplayer/2097,Thundurus,Thundurus 139,2.86,3.45,320,EUR,,,,,39,,,,,2,2.49,2.49,4.99,4.99,2,4,4,1.55,1.55,USD,,,,,,,,,,,,,,,,,,,,,,,16.4,1,,,,,,,,,,,,,EUR,2.25,2.16,Shiny Rare,thundurus,Pokémon,https://www.tcggo.com/pokemon/paldean-fates/thundurus-139,sv4pt5-139,534540,singles
2026-08-23T17:19:56+02:00,484,Kagemaru Himeno,kagemaru-himeno,PAF 127,127,751666,91,245,PAF,Pokémon,pokemon,14,https://images.tcggo.com/tcggo/storage/1981/paldean-fates-logo.png,Paldean Fates,EUR,1810.89,EUR,2341.33,2024-01-26,1,Scarlet & Violet,scarlet-violet,paldean-fates,70,2098,https://images.tcggo.com/tcggo/storage/2108/tatsugiri-paf-127-paldean-fates-pokemon.png,https://www.tcggo.com/external/cm/2098,https://www.tcggo.com/external/tcgplayer/2098,Tatsugiri,Tatsugiri 127,3.32,3.28,208,EUR,[],,,,,,,,,2.5,2.29,2.29,4,4,2.5,3,3,1.99,1.99,,,,,,,,,,,,,,,,,,,,,,,,,,,,,,,,,,,,,,EUR,6.13,4.49,Shiny Rare,tatsugiri,Pokémon,https://www.tcggo.com/pokemon/paldean-fates/tatsugiri-127,sv4pt5-127,534518,singles
2026-08-23T17:19:56+02:00,378,Kouki Saitou,kouki-saitou,PAF 129,129,751668,91,245,PAF,Pokémon,pokemon,14,https://images.tcggo.com/tcggo/storage/1981/paldean-fates-logo.png,Paldean Fates,EUR,1810.89,EUR,2341.33,2024-01-26,1,Scarlet & Violet,scarlet-violet,paldean-fates,90,2099,https://images.tcggo.com/tcggo/storage/2109/arctibax-paf-129-paldean-fates-pokemon.png,https://www.tcggo.com/external/cm/2099,https://www.tcggo.com/external/tcgplayer/2099,Arctibax,Arctibax 129,2.84,2.65,244,EUR,[],,,,,,,,,2.4,2,2,4.39,4.39,2.4,3,3,1.7,1.7,USD,,,,,,,,,,,,,,,,,,,13.5,1,,,,,,,,,,,,,,,,,EUR,3.1,2.88,Shiny Rare,arctibax,Pokémon,https://www.tcggo.com/pokemon/paldean-fates/arctibax-129,sv4pt5-129,534520,singles
2026-08-23T17:19:56+02:00,373,GOSSAN,gossan,PAF 130,130,751669,91,245,PAF,Pokémon,pokemon,14,https://images.tcggo.com/tcggo/storage/1981/paldean-fates-logo.png,Paldean Fates,EUR,1810.89,EUR,2341.33,2024-01-26,1,Scarlet & Violet,scarlet-violet,paldean-fates,160,2100,https://images.tcggo.com/tcggo/storage/2110/baxcalibur-paf-130-paldean-fates-pokemon.png,https://www.tcggo.com/external/cm/2100,https://www.tcggo.com/external/tcgplayer/2100,Baxcalibur,Baxcalibur 130,3.12,2.73,279,EUR,[],,,,,,,,,2.4,2.7,2.7,8.7,8.7,2.4,3,3,1,1,,,,,,,,,,,,,,,,,,,,,,,,,,,,,,,,,,,,,,EUR,3.72,3.29,Shiny Rare,baxcalibur,Pokémon,https://www.tcggo.com/pokemon/paldean-fates/baxcalibur-130,sv4pt5-130,534521,singles
2026-08-23T17:19:56+02:00,492,Misa Tsutsui,misa-tsutsui,PAF 133,133,751672,91,245,PAF,Pokémon,pokemon,14,https://images.tcggo.com/tcggo/storage/1981/paldean-fates-logo.png,Paldean Fates,EUR,1810.89,EUR,2341.33,2024-01-26,1,Scarlet & Violet,scarlet-violet,paldean-fates,60,2101,https://images.tcggo.com/tcggo/storage/2111/voltorb-paf-133-paldean-fates-pokemon.png,https://www.tcggo.com/external/cm/2101,https://www.tcggo.com/external/tcgplayer/2101,Voltorb,Voltorb 133,3.66,3.71,243,EUR,[],,,,,,,,,2.5,3.2,3.2,4.4,4.4,2.5,3.98,3.98,1.7,1.7,,,,,,,,,,,,,,,,,,,,,,,,,,,,,,,,,,,,,,EUR,4.18,2.38,Shiny Rare,voltorb,Pokémon,https://www.tcggo.com/pokemon/paldean-fates/voltorb-133,sv4pt5-133,534525,singles
2026-08-23T17:19:56+02:00,373,GOSSAN,gossan,PAF 120,120,751659,91,245,PAF,Pokémon,pokemon,14,https://images.tcggo.com/tcggo/storage/1981/paldean-fates-logo.png,Paldean Fates,EUR,1810.89,EUR,2341.33,2024-01-26,1,Scarlet & Violet,scarlet-violet,paldean-fates,130,2102,https://images.tcggo.com/tcggo/storage/2112/paldean-tauros-paf-120-paldean-fates-pokemon.png,https://www.tcggo.com/external/cm/2102,https://www.tcggo.com/external/tcgplayer/2102,Paldean Tauros,Paldean Tauros 120,2.91,3.08,260,EUR,[],,,,,,,,,2,2.25,2.25,3,3,2,3.95,4,0.99,0.99,,,,,,,,,,,,,,,,,,,,,,,,,,,,,,,,,,,,,,EUR,3.25,2.2,Shiny Rare,paldean-tauros,Pokémon,https://www.tcggo.com/pokemon/paldean-fates/paldean-tauros-120,sv4pt5-120,534511,singles
2026-08-23T17:19:56+02:00,494,Nelnal,nelnal,PAF 125,125,751667,91,245,PAF,Pokémon,pokemon,14,https://images.tcggo.com/tcggo/storage/1981/paldean-fates-logo.png,Paldean Fates,EUR,1810.89,EUR,2341.33,2024-01-26,1,Scarlet & Violet,scarlet-violet,paldean-fates,130,2103,https://images.tcggo.com/tcggo/storage/2113/veluza-paf-125-paldean-fates-pokemon.png,https://www.tcggo.com/external/cm/2103,https://www.tcggo.com/external/tcgplayer/2103,Veluza,Veluza 125,2.18,2.03,296,EUR,[],,,,,,,,,0.99,1.6,1.6,2.5,2.5,1.69,3,3,1,1,,,,,,,,,,,,,,,,,,,,,,,,,,,,,,,,,,,,,,EUR,2.34,1.72,Shiny Rare,veluza,Pokémon,https://www.tcggo.com/pokemon/paldean-fates/veluza-125,sv4pt5-125,534516,singles
2026-08-23T17:19:56+02:00,437,Shigenori Negishi,shigenori-negishi,PAF 126,126,751665,91,245,PAF,Pokémon,pokemon,14,https://images.tcggo.com/tcggo/storage/1981/paldean-fates-logo.png,Paldean Fates,EUR,1810.89,EUR,2341.33,2024-01-26,1,Scarlet & Violet,scarlet-violet,paldean-fates,160,2104,https://images.tcggo.com/tcggo/storage/2114/dondozo-paf-126-paldean-fates-pokemon.png,https://www.tcggo.com/external/cm/2104,https://www.tcggo.com/external/tcgplayer/2104,Dondozo,Dondozo 126,2.32,2.27,310,EUR,,,,,,,49,,,1.49,1.5,1.5,3.5,3.5,1.49,3.35,3.48,1.49,1.49,,,,,,,,,,,,,,,,,,,,,,,,,,,,,,,,,,,,,,EUR,3,2.56,Shiny Rare,dondozo,Pokémon,https://www.tcggo.com/pokemon/paldean-fates/dondozo-126,sv4pt5-126,534517,singles
2026-08-23T17:19:56+02:00,409,Yuu Nishida,yuu-nishida,PAF 131,131,751670,91,245,PAF,Pokémon,pokemon,14,https://images.tcggo.com/tcggo/storage/1981/paldean-fates-logo.png,Paldean Fates,EUR,1810.89,EUR,2341.33,2024-01-26,1,Scarlet & Violet,scarlet-violet,paldean-fates,70,2105,https://images.tcggo.com/tcggo/storage/2115/pikachu-paf-131-paldean-fates-pokemon.png,https://www.tcggo.com/external/cm/2105,https://www.tcggo.com/external/tcgplayer/2105,Pikachu,Pikachu 131,87.28,61.32,195,EUR,,,,,,,950,84,,72,40,40,53.95,53.95,72,59.99,59.99,39.99,39.99,USD,450,1,31.58,1,52,5,,,72.9,3,260.59,5,67,1,80.41,1,594.89,5,42.44,5,80.41,5,107.21,5,,,,,,,514.11,2,71.48,1,48.46,2,EUR,68.05,45.94,Shiny Rare,pikachu,Pokémon,https://www.tcggo.com/pokemon/paldean-fates/pikachu-131,sv4pt5-131,534522,singles
2026-08-23T17:19:56+02:00,391,saino misaki,saino-misaki,PAF 138,138,751677,91,245,PAF,Pokémon,pokemon,14,https://images.tcggo.com/tcggo/storage/1981/paldean-fates-logo.png,Paldean Fates,EUR,1810.89,EUR,2341.33,2024-01-26,1,Scarlet & Violet,scarlet-violet,paldean-fates,70,2106,https://images.tcggo.com/tcggo/storage/2116/pachirisu-paf-138-paldean-fates-pokemon.png,https://www.tcggo.com/external/cm/2106,https://www.tcggo.com/external/tcgplayer/2106,Pachirisu,Pachirisu 138,5.49,5.82,174,EUR,[],,,,,,,,,5,4.2,4.2,8,8,5,3.75,3.75,1.99,1.99,USD,,,,,,,,,,,,,,,,,54.93,2,,,,,26.48,2,,,,,,,,,,,,,EUR,8.68,5.13,Shiny Rare,pachirisu,Pokémon,https://www.tcggo.com/pokemon/paldean-fates/pachirisu-138,sv4pt5-138,534538,singles
2026-08-23T17:19:56+02:00,492,Misa Tsutsui,misa-tsutsui,PAF 121,121,751660,91,245,PAF,Pokémon,pokemon,14,https://images.tcggo.com/tcggo/storage/1981/paldean-fates-logo.png,Paldean Fates,EUR,1810.89,EUR,2341.33,2024-01-26,1,Scarlet & Violet,scarlet-violet,paldean-fates,50,2107,https://images.tcggo.com/tcggo/storage/2117/wiglett-paf-121-paldean-fates-pokemon.png,https://www.tcggo.com/external/cm/2107,https://www.tcggo.com/external/tcgplayer/2107,Wiglett,Wiglett 121,2.24,2.22,243,EUR,[],,,,,,,,,1.95,1.95,1.95,2.99,2.99,1.95,2,2,1,1,,,,,,,,,,,,,,,,,,,,,,,,,,,,,,,,,,,,,,EUR,2.76,2.35,Shiny Rare,wiglett,Pokémon,https://www.tcggo.com/pokemon/paldean-fates/wiglett-121,sv4pt5-121,534512,singles
2026-08-23T17:19:56+02:00,493,kurumitsu,kurumitsu,PAF 123,123,751662,91,245,PAF,Pokémon,pokemon,14,https://images.tcggo.com/tcggo/storage/1981/paldean-fates-logo.png,Paldean Fates,EUR,1810.89,EUR,2341.33,2024-01-26,1,Scarlet & Violet,scarlet-violet,paldean-fates,50,2108,https://images.tcggo.com/tcggo/storage/2118/finizen-paf-123-paldean-fates-pokemon.png,https://www.tcggo.com/external/cm/2108,https://www.tcggo.com/external/tcgplayer/2108,Finizen,Finizen 123,3.37,3.14,220,EUR,[],,,,,,,,,3.45,2.5,2.5,6,6,3.45,3.9,3.9,1,1,,,,,,,,,,,,,,,,,,,,,,,,,,,,,,,,,,,,,,EUR,3.85,3.44,Shiny Rare,finizen,Pokémon,https://www.tcggo.com/pokemon/paldean-fates/finizen-123,sv4pt5-123,534514,singles
2026-08-23T17:19:56+02:00,379,Sanosuke Sakuma,sanosuke-sakuma,PAF 132,132,751671,91,245,PAF,Pokémon,pokemon,14,https://images.tcggo.com/tcggo/storage/1981/paldean-fates-logo.png,Paldean Fates,EUR,1810.89,EUR,2341.33,2024-01-26,1,Scarlet & Violet,scarlet-violet,paldean-fates,120,2109,https://images.tcggo.com/tcggo/storage/2119/raichu-paf-132-paldean-fates-pokemon.png,https://www.tcggo.com/external/cm/2109,https://www.tcggo.com/external/tcgplayer/2109,Raichu,Raichu 132,11.84,10.99,263,EUR,,,,,59,,150,,44,11,9.1,9.1,8.9,8.9,11,20,20,4.95,4.95,USD,59.5,1,,,,,,,,,44.6,3,16.73,1,,,146.32,5,,,13.75,5,22.3,5,,,,,,,59.99,1,,,44.6,1,EUR,15.32,11.33,Shiny Rare,raichu,Pokémon,https://www.tcggo.com/pokemon/paldean-fates/raichu-132,sv4pt5-132,534523,singles
2026-08-23T17:19:56+02:00,360,Saya Tsuruta,saya-tsuruta,PAF 135,135,751674,91,245,PAF,Pokémon,pokemon,14,https://images.tcggo.com/tcggo/storage/1981/paldean-fates-logo.png,Paldean Fates,EUR,1810.89,EUR,2341.33,2024-01-26,1,Scarlet & Violet,scarlet-violet,paldean-fates,70,2110,https://images.tcggo.com/tcggo/storage/2120/shinx-paf-135-paldean-fates-pokemon.png,https://www.tcggo.com/external/cm/2110,https://www.tcggo.com/external/tcgplayer/2110,Shinx,Shinx 135,6.68,6.95,151,EUR,,,,,,,189,,,6.3,6,6,14,14,6.3,5.9,5.9,2,2,USD,,,,,,,,,,,17.99,1,,,,,107.92,5,,,,,26.97,5,,,,,,,67.46,2,,,,,EUR,14.3,8.55,Shiny Rare,shinx,Pokémon,https://www.tcggo.com/pokemon/paldean-fates/shinx-135,sv4pt5-135,534528,singles
2026-08-23T17:19:56+02:00,454,kantaro,kantaro,PAF 137,137,751676,91,245,PAF,Pokémon,pokemon,14,https://images.tcggo.com/tcggo/storage/1981/paldean-fates-logo.png,Paldean Fates,EUR,1810.89,EUR,2341.33,2024-01-26,1,Scarlet & Violet,scarlet-violet,paldean-fates,150,2111,https://images.tcggo.com/tcggo/storage/2121/luxray-paf-137-paldean-fates-pokemon.png,https://www.tcggo.com/external/cm/2111,https://www.tcggo.com/external/tcgplayer/2111,Luxray,Luxray 137,7.5,7.48,161,EUR,[],,,,,,,,,6.85,7,7,14,14,6.85,7.95,7.99,3.15,3.15,USD,,,,,,,,,,,37.65,2,,,,,138.11,5,,,9.29,1,31,3,60.64,2,,,,,57.76,1,,,,,EUR,9.62,7.49,Shiny Rare,luxray,Pokémon,https://www.tcggo.com/pokemon/paldean-fates/luxray-137,sv4pt5-137,534533,singles
2026-08-23T17:19:56+02:00,493,kurumitsu,kurumitsu,PAF 142,142,751681,91,245,PAF,Pokémon,pokemon,14,https://images.tcggo.com/tcggo/storage/1981/paldean-fates-logo.png,Paldean Fates,EUR,1810.89,EUR,2341.33,2024-01-26,1,Scarlet & Violet,scarlet-violet,paldean-fates,60,2112,https://images.tcggo.com/tcggo/storage/2122/pawmi-paf-142-paldean-fates-pokemon.png,https://www.tcggo.com/external/cm/2112,https://www.tcggo.com/external/tcgplayer/2112,Pawmi,Pawmi 142,3.2,2.77,227,EUR,[],,,,,,,,,2.5,2.98,2.98,8.7,8.7,2.5,3.73,3.73,0.99,0.99,,,,,,,,,,,,,,,,,,,,,,,,,,,,,,,,,,,,,,EUR,5.12,2.78,Shiny Rare,pawmi,Pokémon,https://www.tcggo.com/pokemon/paldean-fates/pawmi-142,sv4pt5-142,534577,singles
2026-08-23T17:19:56+02:00,460,Atsushi Furusawa,atsushi-furusawa,PAF 144,144,751683,91,245,PAF,Pokémon,pokemon,14,https://images.tcggo.com/tcggo/storage/1981/paldean-fates-logo.png,Paldean Fates,EUR,1810.89,EUR,2341.33,2024-01-26,1,Scarlet & Violet,scarlet-violet,paldean-fates,130,2113,https://images.tcggo.com/tcggo/storage/2123/pawmot-paf-144-paldean-fates-pokemon.png,https://www.tcggo.com/external/cm/2113,https://www.tcggo.com/external/tcgplayer/2113,Pawmot,Pawmot 144,3.08,3.04,252,EUR,,,,,,,59,,,2,2.8,2.8,3.8,3.8,2,3.5,3.5,0.7,0.7,,,,,,,,,,,,,,,,,,,,,,,,,,,,,,,,,,,,,,EUR,2.99,2.35,Shiny Rare,pawmot,Pokémon,https://www.tcggo.com/pokemon/paldean-fates/pawmot-144,sv4pt5-144,534581,singles
2026-08-23T17:19:56+02:00,387,Scav,scav,PAF 145,145,751684,91,245,PAF,Pokémon,pokemon,14,https://images.tcggo.com/tcggo/storage/1981/paldean-fates-logo.png,Paldean Fates,EUR,1810.89,EUR,2341.33,2024-01-26,1,Scarlet & Violet,scarlet-violet,paldean-fates,60,2114,https://images.tcggo.com/tcggo/storage/2124/wattrel-paf-145-paldean-fates-pokemon.png,https://www.tcggo.com/external/cm/2114,https://www.tcggo.com/external/tcgplayer/2114,Wattrel,Wattrel 145,2.35,1.94,269,EUR,[],,,,,,,,,1.9,1.35,1.35,4,4,1.9,2.45,2.99,1,1,,,,,,,,,,,,,,,,,,,,,,,,,,,,,,,,,,,,,,EUR,2.58,2.46,Shiny Rare,wattrel,Pokémon,https://www.tcggo.com/pokemon/paldean-fates/wattrel-145,sv4pt5-145,534582,singles
2026-08-23T17:19:56+02:00,459,GIDORA,gidora,PAF 141,141,751680,91,245,PAF,Pokémon,pokemon,14,https://images.tcggo.com/tcggo/storage/1981/paldean-fates-logo.png,Paldean Fates,EUR,1810.89,EUR,2341.33,2024-01-26,1,Scarlet & Violet,scarlet-violet,paldean-fates,140,2115,https://images.tcggo.com/tcggo/storage/2125/toxtricity-paf-141-paldean-fates-pokemon.png,https://www.tcggo.com/external/cm/2115,https://www.tcggo.com/external/tcgplayer/2115,Toxtricity,Toxtricity 141,2.65,2.55,277,EUR,[],,,,,,,,,1.5,1.95,1.95,3.5,3.5,1.5,3.49,3.49,1.5,1.5,,,,,,,,,,,,,,,,,,,,,,,,,,,,,,,,,,,,,,EUR,3.37,1.73,Shiny Rare,toxtricity,Pokémon,https://www.tcggo.com/pokemon/paldean-fates/toxtricity-141,sv4pt5-141,534576,singles
2026-08-23T17:19:56+02:00,395,Nisota Niso,nisota-niso,PAF 146,146,751685,91,245,PAF,Pokémon,pokemon,14,https://images.tcggo.com/tcggo/storage/1981/paldean-fates-logo.png,Paldean Fates,EUR,1810.89,EUR,2341.33,2024-01-26,1,Scarlet & Violet,scarlet-violet,paldean-fates,120,2116,https://images.tcggo.com/tcggo/storage/2126/kilowattrel-paf-146-paldean-fates-pokemon.png,https://www.tcggo.com/external/cm/2116,https://www.tcggo.com/external/tcgplayer/2116,Kilowattrel,Kilowattrel 146,2.36,2.41,339,EUR,,,,,29,,,,,1.5,1.49,1.49,2.8,2.8,1.5,3.2,3.2,1.8,1.8,,,,,,,,,,,,,,,,,,,,,,,,,,,,,,,,,,,,,,EUR,2.03,1.62,Shiny Rare,kilowattrel,Pokémon,https://www.tcggo.com/pokemon/paldean-fates/kilowattrel-146,sv4pt5-146,534584,singles
2026-08-23T17:19:56+02:00,479,Lee HyunJung,lee-hyunjung,PAF 140,140,751679,91,245,PAF,Pokémon,pokemon,14,https://images.tcggo.com/tcggo/storage/1981/paldean-fates-logo.png,Paldean Fates,EUR,1810.89,EUR,2341.33,2024-01-26,1,Scarlet & Violet,scarlet-violet,paldean-fates,70,2117,https://images.tcggo.com/tcggo/storage/2127/toxel-paf-140-paldean-fates-pokemon.png,https://www.tcggo.com/external/cm/2117,https://www.tcggo.com/external/tcgplayer/2117,Toxel,Toxel 140,2.77,2.98,267,EUR,[],,,,,,,,,2,2,2,4.5,4.5,2,2.99,2.99,0.79,0.79,,,,,,,,,,,,,,,,,,,,,,,,,,,,,,,,,,,,,,EUR,3.21,2.48,Shiny Rare,toxel,Pokémon,https://www.tcggo.com/pokemon/paldean-fates/toxel-140,sv4pt5-140,534574,singles
2026-08-23T17:19:56+02:00,482,Mizue,mizue,PAF 143,143,751682,91,245,PAF,Pokémon,pokemon,14,https://images.tcggo.com/tcggo/storage/1981/paldean-fates-logo.png,Paldean Fates,EUR,1810.89,EUR,2341.33,2024-01-26,1,Scarlet & Violet,scarlet-violet,paldean-fates,90,2118,https://images.tcggo.com/tcggo/storage/2128/pawmo-paf-143-paldean-fates-pokemon.png,https://www.tcggo.com/external/cm/2118,https://www.tcggo.com/external/tcgplayer/2118,Pawmo,Pawmo 143,3.28,3.17,205,EUR,[],,,,,,,,,2.8,2.49,2.49,2,2,2.8,3.8,3.8,1,1.45,,,,,,,,,,,,,,,,,,,,,,,,,,,,,,,,,,,,,,EUR,4.54,2.57,Shiny Rare,pawmo,Pokémon,https://www.tcggo.com/pokemon/paldean-fates/pawmo-143,sv4pt5-143,534579,singles
2026-08-23T17:19:56+02:00,484,Kagemaru Himeno,kagemaru-himeno,PAF 147,147,293005,91,245,PAF,Pokémon,pokemon,14,https://images.tcggo.com/tcggo/storage/1981/paldean-fates-logo.png,Paldean Fates,EUR,1810.89,EUR,2341.33,2024-01-26,1,Scarlet & Violet,scarlet-violet,paldean-fates,110,2119,https://images.tcggo.com/tcggo/storage/2129/wigglytuff-paf-147-paldean-fates-pokemon.png,https://www.tcggo.com/external/cm/2119,https://www.tcggo.com/external/tcgplayer/2119,Wigglytuff,Wigglytuff 147,3.61,3.39,186,EUR,[],,,,,,,,,3,2,2,4,4,3,3,3,1.5,1.5,,,,,,,,,,,,,,,,,,,,,,,,,,,,,,,,,,,,,,EUR,5.29,2.73,Shiny Rare,wigglytuff,Pokémon,https://www.tcggo.com/pokemon/paldean-fates/wigglytuff-147,sv4pt5-147,534616,singles
2026-08-23T17:19:56+02:00,378,Kouki Saitou,kouki-saitou,PAF 148,148,751687,91,245,PAF,Pokémon,pokemon,14,https://images.tcggo.com/tcggo/storage/1981/paldean-fates-logo.png,Paldean Fates,EUR,1810.89,EUR,2341.33,2024-01-26,1,Scarlet & Violet,scarlet-violet,paldean-fates,50,2120,https://images.tcggo.com/tcggo/storage/2130/abra-paf-148-paldean-fates-pokemon.png,https://www.tcggo.com/external/cm/2120,https://www.tcggo.com/external/tcgplayer/2120,Abra,Abra 148,5.28,4.81,914,EUR,[],,,,,,,,,7.5,8.79,8.79,10,10,7.5,5.9,6,2.5,2.5,USD,,,,,,,,,,,8.46,1,,,6.7,2,119.38,5,,,,,28.11,5,,,,,,,70.8,1,,,,,EUR,12.88,5.79,Shiny Rare,abra,Pokémon,https://www.tcggo.com/pokemon/paldean-fates/abra-148,sv4pt5-148,534631,singles
2026-08-23T17:19:56+02:00,381,sowsow,sowsow,PAF 151,151,751690,91,245,PAF,Pokémon,pokemon,14,https://images.tcggo.com/tcggo/storage/1981/paldean-fates-logo.png,Paldean Fates,EUR,1810.89,EUR,2341.33,2024-01-26,1,Scarlet & Violet,scarlet-violet,paldean-fates,50,2121,https://images.tcggo.com/tcggo/storage/2131/natu-paf-151-paldean-fates-pokemon.png,https://www.tcggo.com/external/cm/2121,https://www.tcggo.com/external/tcgplayer/2121,Natu,Natu 151,2.73,2.63,254,EUR,,,,,50,,,,,1.9,1.99,1.99,5,5,2.2,3.49,3.49,1.49,1.49,USD,,,,,,,,,,,,,,,9.4,1,63.5,2,,,,,19.5,3,,,,,,,,,,,,,EUR,2.37,2.15,Shiny Rare,natu,Pokémon,https://www.tcggo.com/pokemon/paldean-fates/natu-151,sv4pt5-151,534642,singles
2026-08-23T17:19:56+02:00,405,nagimiso,nagimiso,PAF 152,152,751691,91,245,PAF,Pokémon,pokemon,14,https://images.tcggo.com/tcggo/storage/1981/paldean-fates-logo.png,Paldean Fates,EUR,1810.89,EUR,2341.33,2024-01-26,1,Scarlet & Violet,scarlet-violet,paldean-fates,100,2122,https://images.tcggo.com/tcggo/storage/2132/xatu-paf-152-paldean-fates-pokemon.png,https://www.tcggo.com/external/cm/2122,https://www.tcggo.com/external/tcgplayer/2122,Xatu,Xatu 152,2.95,2.66,292,EUR,[],,,,,,,,,2.4,2,2,4.2,4.2,2.4,3.49,3.49,1.6,1.6,,,,,,,,,,,,,,,,,,,,,,,,,,,,,,,,,,,,,,EUR,2.44,2.3,Shiny Rare,xatu,Pokémon,https://www.tcggo.com/pokemon/paldean-fates/xatu-152,sv4pt5-152,534646,singles
2026-08-23T17:19:56+02:00,495,yuu,yuu,PAF 153,153,751692,91,245,PAF,Pokémon,pokemon,14,https://images.tcggo.com/tcggo/storage/1981/paldean-fates-logo.png,Paldean Fates,EUR,1810.89,EUR,2341.33,2024-01-26,1,Scarlet & Violet,scarlet-violet,paldean-fates,70,2123,https://images.tcggo.com/tcggo/storage/2133/ralts-paf-153-paldean-fates-pokemon.png,https://www.tcggo.com/external/cm/2123,https://www.tcggo.com/external/tcgplayer/2123,Ralts,Ralts 153,7.7,7.49,241,EUR,,,,,,,39,,35,7.7,7,7,8,8,7.7,6,6,2.98,2.98,USD,41.62,1,,,,,,,17.87,1,21.5,3,,,,,74.99,5,,,11.17,2,17.83,5,,,,,,,,,,,,,EUR,8.2,7.68,Shiny Rare,ralts,Pokémon,https://www.tcggo.com/pokemon/paldean-fates/ralts-153,sv4pt5-153,534650,singles
2026-08-23T17:19:56+02:00,518,Ryuta Fuse,ryuta-fuse,PAF 154,154,751693,91,245,PAF,Pokémon,pokemon,14,https://images.tcggo.com/tcggo/storage/1981/paldean-fates-logo.png,Paldean Fates,EUR,1810.89,EUR,2341.33,2024-01-26,1,Scarlet & Violet,scarlet-violet,paldean-fates,90,2124,https://images.tcggo.com/tcggo/storage/2134/kirlia-paf-154-paldean-fates-pokemon.png,https://www.tcggo.com/external/cm/2124,https://www.tcggo.com/external/tcgplayer/2124,Kirlia,Kirlia 154,6.08,5.89,217,EUR,[],,,,,,,,,5.5,5,5,5.5,5.5,5.5,6.95,6.95,3,3,USD,,,,,14.9,1,,,,,60,1,,,,,97.39,5,,,,,23.03,2,13.4,1,,,,,,,,,,,EUR,6.04,6.1,Shiny Rare,kirlia,Pokémon,https://www.tcggo.com/pokemon/paldean-fates/kirlia-154,sv4pt5-154,534659,singles
2026-08-23T17:19:56+02:00,483,Kyoko Umemoto,kyoko-umemoto,PAF 155,155,751694,91,245,PAF,Pokémon,pokemon,14,https://images.tcggo.com/tcggo/storage/1981/paldean-fates-logo.png,Paldean Fates,EUR,1810.89,EUR,2341.33,2024-01-26,1,Scarlet & Violet,scarlet-violet,paldean-fates,70,2125,https://images.tcggo.com/tcggo/storage/2135/drifloon-paf-155-paldean-fates-pokemon.png,https://www.tcggo.com/external/cm/2125,https://www.tcggo.com/external/tcgplayer/2125,Drifloon,Drifloon 155,4.37,4.17,257,EUR,[],,,,,,,,,4,3.49,3.49,5.99,5.99,4,4.05,4.05,1.97,1.97,USD,,,,,,,,,,,4.31,1,,,,,75,3,,,,,25.75,2,,,,,,,,,,,,,EUR,4.74,4.26,Shiny Rare,drifloon,Pokémon,https://www.tcggo.com/pokemon/paldean-fates/drifloon-155,sv4pt5-155,534662,singles
2026-08-23T17:19:56+02:00,485,otumami,otumami,PAF 156,156,751695,91,245,PAF,Pokémon,pokemon,14,https://images.tcggo.com/tcggo/storage/1981/paldean-fates-logo.png,Paldean Fates,EUR,1810.89,EUR,2341.33,2024-01-26,1,Scarlet & Violet,scarlet-violet,paldean-fates,110,2126,https://images.tcggo.com/tcggo/storage/2136/drifblim-paf-156-paldean-fates-pokemon.png,https://www.tcggo.com/external/cm/2126,https://www.tcggo.com/external/tcgplayer/2126,Drifblim,Drifblim 156,2.81,2.71,254,EUR,[],,,,,,,,,2.45,2.2,2.2,2,2,2.45,2.9,2.9,1.4,1.4,,,,,,,,,,,,,,,,,,,,,,,,,,,,,,,,,,,,,,EUR,2.97,2.41,Shiny Rare,drifblim,Pokémon,https://www.tcggo.com/pokemon/paldean-fates/drifblim-156,sv4pt5-156,534670,singles
2026-08-23T17:19:56+02:00,506,MAHOU,mahou,PAF 158,158,751697,91,245,PAF,Pokémon,pokemon,14,https://images.tcggo.com/tcggo/storage/1981/paldean-fates-logo.png,Paldean Fates,EUR,1810.89,EUR,2341.33,2024-01-26,1,Scarlet & Violet,scarlet-violet,paldean-fates,60,2127,https://images.tcggo.com/tcggo/storage/2137/spiritomb-paf-158-paldean-fates-pokemon.png,https://www.tcggo.com/external/cm/2127,https://www.tcggo.com/external/tcgplayer/2127,Spiritomb,Spiritomb 158,3.96,3.45,196,EUR,[],,,,,,,,,3,2.75,2.9,4.99,4.99,3,4.5,4.5,1.9,1.9,,,,,,,,,,,,,,,,,,,,,,,,,,,,,,,,,,,,,,EUR,5.38,3.85,Shiny Rare,spiritomb,Pokémon,https://www.tcggo.com/pokemon/paldean-fates/spiritomb-158,sv4pt5-158,534680,singles
2026-08-23T17:19:56+02:00,495,yuu,yuu,PAF 165,165,751704,91,245,PAF,Pokémon,pokemon,14,https://images.tcggo.com/tcggo/storage/1981/paldean-fates-logo.png,Paldean Fates,EUR,1810.89,EUR,2341.33,2024-01-26,1,Scarlet & Violet,scarlet-violet,paldean-fates,60,2128,https://images.tcggo.com/tcggo/storage/2138/tinkatink-paf-165-paldean-fates-pokemon.png,https://www.tcggo.com/external/cm/2128,https://www.tcggo.com/external/tcgplayer/2128,Tinkatink,Tinkatink 165,3.08,2.8,163,EUR,[],,,,,,,,,2.9,1.5,1.5,3.49,3.49,2.9,3,3,1.49,1.49,,,,,,,,,,,,,,,,,,,,,,,,,,,,,,,,,,,,,,EUR,6.58,4.27,Shiny Rare,tinkatink,Pokémon,https://www.tcggo.com/pokemon/paldean-fates/tinkatink-165,sv4pt5-165,534697,singles
2026-08-23T17:19:56+02:00,402,Hitoshi Ariga,hitoshi-ariga,PAF 171,171,751710,91,245,PAF,Pokémon,pokemon,14,https://images.tcggo.com/tcggo/storage/1981/paldean-fates-logo.png,Paldean Fates,EUR,1810.89,EUR,2341.33,2024-01-26,1,Scarlet & Violet,scarlet-violet,paldean-fates,140,2129,https://images.tcggo.com/tcggo/storage/2139/annihilape-paf-171-paldean-fates-pokemon.png,https://www.tcggo.com/external/cm/2129,https://www.tcggo.com/external/tcgplayer/2129,Annihilape,Annihilape 171,3.06,2.68,246,EUR,[],,,,,,,,,2.45,2.39,2.39,4,4,2.45,2.5,2.5,1.45,1.45,,,,,,,,,,,,,,,,,,,,,,,,,,,,,,,,,,,,,,EUR,3.32,2.66,Shiny Rare,annihilape,Pokémon,https://www.tcggo.com/pokemon/paldean-fates/annihilape-171,sv4pt5-171,534733,singles
2026-08-23T17:19:56+02:00,409,Yuu Nishida,yuu-nishida,PAF 176,176,751715,91,245,PAF,Pokémon,pokemon,14,https://images.tcggo.com/tcggo/storage/1981/paldean-fates-logo.png,Paldean Fates,EUR,1810.89,EUR,2341.33,2024-01-26,1,Scarlet & Violet,scarlet-violet,paldean-fates,70,2130,https://images.tcggo.com/tcggo/storage/2140/nacli-paf-176-paldean-fates-pokemon.png,https://www.tcggo.com/external/cm/2130,https://www.tcggo.com/external/tcgplayer/2130,Nacli,Nacli 176,1.96,1.72,275,EUR,[],,,,,,,,,1.7,1.45,1.45,3,3,1.79,2,2,1,1,,,,,,,,,,,,,,,,,,,,,,,,,,,,,,,,,,,,,,EUR,1.99,1.63,Shiny Rare,nacli,Pokémon,https://www.tcggo.com/pokemon/paldean-fates/nacli-176,sv4pt5-176,534762,singles
2026-08-23T17:19:56+02:00,378,Kouki Saitou,kouki-saitou,PAF 178,178,751717,91,245,PAF,Pokémon,pokemon,14,https://images.tcggo.com/tcggo/storage/1981/paldean-fates-logo.png,Paldean Fates,EUR,1810.89,EUR,2341.33,2024-01-26,1,Scarlet & Violet,scarlet-violet,paldean-fates,180,2131,https://images.tcggo.com/tcggo/storage/2141/garganacl-paf-178-paldean-fates-pokemon.png,https://www.tcggo.com/external/cm/2131,https://www.tcggo.com/external/tcgplayer/2131,Garganacl,Garganacl 178,2.35,2.43,329,EUR,[],,,,,,,,,1.8,1.7,1.7,2.3,2.3,1.8,3,3,1,1,,,,,,,,,,,,,,,,,,,,,,,,,,,,,,,,,,,,,,EUR,1.94,1.87,Shiny Rare,garganacl,Pokémon,https://www.tcggo.com/pokemon/paldean-fates/garganacl-178,sv4pt5-178,534923,singles
2026-08-23T17:19:56+02:00,395,Nisota Niso,nisota-niso,PAF 180,180,751719,91,245,PAF,Pokémon,pokemon,14,https://images.tcggo.com/tcggo/storage/1981/paldean-fates-logo.png,Paldean Fates,EUR,1810.89,EUR,2341.33,2024-01-26,1,Scarlet & Violet,scarlet-violet,paldean-fates,60,2132,https://images.tcggo.com/tcggo/storage/2142/paldean-wooper-paf-180-paldean-fates-pokemon.png,https://www.tcggo.com/external/cm/2132,https://www.tcggo.com/external/tcgplayer/2132,Paldean Wooper,Paldean Wooper 180,4.8,4.63,133,EUR,[],,,,,,,,,4.6,4.48,4.48,7.5,7.5,4.6,3.4,3.4,1.9,1.9,,,,,,,,,,,,,,,,,,,,,,,,,,,,,,,,,,,,,,EUR,10.24,7.66,Shiny Rare,paldean-wooper,Pokémon,https://www.tcggo.com/pokemon/paldean-fates/paldean-wooper-180,sv4pt5-180,535093,singles
2026-08-23T17:19:56+02:00,492,Misa Tsutsui,misa-tsutsui,PAF 185,185,751724,91,245,PAF,Pokémon,pokemon,14,https://images.tcggo.com/tcggo/storage/1981/paldean-fates-logo.png,Paldean Fates,EUR,1810.89,EUR,2341.33,2024-01-26,1,Scarlet & Violet,scarlet-violet,paldean-fates,70,2133,https://images.tcggo.com/tcggo/storage/2143/pawniard-paf-185-paldean-fates-pokemon.png,https://www.tcggo.com/external/cm/2133,https://www.tcggo.com/external/tcgplayer/2133,Pawniard,Pawniard 185,2.73,2.59,265,EUR,[],,,,,,,,,1.9,1.95,1.95,2.3,2.3,1.9,4.25,4.25,1,1,,,,,,,,,,,,,,,,,,,,,,,,,,,,,,,,,,,,,,EUR,2.46,1.91,Shiny Rare,pawniard,Pokémon,https://www.tcggo.com/pokemon/paldean-fates/pawniard-185,sv4pt5-185,535126,singles
2026-08-23T17:19:56+02:00,377,Souichirou Gunjima,souichirou-gunjima,PAF 186,186,751725,91,245,PAF,Pokémon,pokemon,14,https://images.tcggo.com/tcggo/storage/1981/paldean-fates-logo.png,Paldean Fates,EUR,1810.89,EUR,2341.33,2024-01-26,1,Scarlet & Violet,scarlet-violet,paldean-fates,120,2134,https://images.tcggo.com/tcggo/storage/2144/bisharp-paf-186-paldean-fates-pokemon.png,https://www.tcggo.com/external/cm/2134,https://www.tcggo.com/external/tcgplayer/2134,Bisharp,Bisharp 186,2.68,2.99,292,EUR,,,,,29,,2,,,2,2,2,3.4,3.4,2,3.99,3.99,1.3,1.3,,,,,,,,,,,,,,,,,,,,,,,,,,,,,,,,,,,,,,EUR,2.6,2.14,Shiny Rare,bisharp,Pokémon,https://www.tcggo.com/pokemon/paldean-fates/bisharp-186,sv4pt5-186,535130,singles
2026-08-23T17:19:56+02:00,402,Hitoshi Ariga,hitoshi-ariga,PAF 188,188,751727,91,245,PAF,Pokémon,pokemon,14,https://images.tcggo.com/tcggo/storage/1981/paldean-fates-logo.png,Paldean Fates,EUR,1810.89,EUR,2341.33,2024-01-26,1,Scarlet & Violet,scarlet-violet,paldean-fates,130,2135,https://images.tcggo.com/tcggo/storage/2145/mabosstiff-paf-188-paldean-fates-pokemon.png,https://www.tcggo.com/external/cm/2135,https://www.tcggo.com/external/tcgplayer/2135,Mabosstiff,Mabosstiff 188,2.19,2.14,311,EUR,[],,,,,,,,,1,1.49,1.49,3.8,3.8,1,2,2,1.5,1.5,,,,,,,,,,,,,,,,,,,,,,,,,,,,,,,,,,,,,,EUR,1.7,1.68,Shiny Rare,mabosstiff,Pokémon,https://www.tcggo.com/pokemon/paldean-fates/mabosstiff-188,sv4pt5-188,535135,singles
2026-08-23T17:19:56+02:00,485,otumami,otumami,PAF 189,189,751728,91,245,PAF,Pokémon,pokemon,14,https://images.tcggo.com/tcggo/storage/1981/paldean-fates-logo.png,Paldean Fates,EUR,1810.89,EUR,2341.33,2024-01-26,1,Scarlet & Violet,scarlet-violet,paldean-fates,50,2136,https://images.tcggo.com/tcggo/storage/2146/shroodle-paf-189-paldean-fates-pokemon.png,https://www.tcggo.com/external/cm/2136,https://www.tcggo.com/external/tcgplayer/2136,Shroodle,Shroodle 189,2.21,2.05,272,EUR,[],,,,,,,,,1.7,1,1,3.5,3.5,1.7,2.45,2.5,1,1,,,,,,,,,,,,,,,,,,,,,,,,,,,,,,,,,,,,,,EUR,2.09,1.82,Shiny Rare,shroodle,Pokémon,https://www.tcggo.com/pokemon/paldean-fates/shroodle-189,sv4pt5-189,535143,singles
2026-08-23T17:19:56+02:00,387,Scav,scav,PAF 190,190,751729,91,245,PAF,Pokémon,pokemon,14,https://images.tcggo.com/tcggo/storage/1981/paldean-fates-logo.png,Paldean Fates,EUR,1810.89,EUR,2341.33,2024-01-26,1,Scarlet & Violet,scarlet-violet,paldean-fates,90,2137,https://images.tcggo.com/tcggo/storage/2147/grafaiai-paf-190-paldean-fates-pokemon.png,https://www.tcggo.com/external/cm/2137,https://www.tcggo.com/external/tcgplayer/2137,Grafaiai,Grafaiai 190,2.21,2.03,309,EUR,[],,,,,,,,,1.5,1.45,1.45,1.2,1.2,1.5,2.5,2.5,1.1,1.1,,,,,,,,,,,,,,,,,,,,,,,,,,,,,,,,,,,,,,EUR,1.86,1.79,Shiny Rare,grafaiai,Pokémon,https://www.tcggo.com/pokemon/paldean-fates/grafaiai-190,sv4pt5-190,535145,singles
2026-08-23T17:19:56+02:00,483,Kyoko Umemoto,kyoko-umemoto,PAF 164,164,751703,91,245,PAF,Pokémon,pokemon,14,https://images.tcggo.com/tcggo/storage/1981/paldean-fates-logo.png,Paldean Fates,EUR,1810.89,EUR,2341.33,2024-01-26,1,Scarlet & Violet,scarlet-violet,paldean-fates,30,2138,https://images.tcggo.com/tcggo/storage/2148/flittle-paf-164-paldean-fates-pokemon.png,https://www.tcggo.com/external/cm/2138,https://www.tcggo.com/external/tcgplayer/2138,Flittle,Flittle 164,2.26,2.07,259,EUR,[],,,,,,,,,1.5,1.75,1.8,3,3,1.5,3,3,1,1,,,,,,,,,,,,,,,,,,,,,,,,,,,,,,,,,,,,,,EUR,2.05,1.97,Shiny Rare,flittle,Pokémon,https://www.tcggo.com/pokemon/paldean-fates/flittle-164,sv4pt5-164,534694,singles
2026-08-23T17:19:56+02:00,484,Kagemaru Himeno,kagemaru-himeno,PAF 167,167,798930,91,245,PAF,Pokémon,pokemon,14,https://images.tcggo.com/tcggo/storage/1981/paldean-fates-logo.png,Paldean Fates,EUR,1810.89,EUR,2341.33,2024-01-26,1,Scarlet & Violet,scarlet-violet,paldean-fates,140,2139,https://images.tcggo.com/tcggo/storage/2149/tinkaton-paf-167-paldean-fates-pokemon.png,https://www.tcggo.com/external/cm/2139,https://www.tcggo.com/external/tcgplayer/2139,Tinkaton,Tinkaton 167,4.14,4.13,203,EUR,[],,,,,,,,,3.5,2,2,6,6,3.5,3.9,3.9,1.9,1.9,USD,,,,,,,,,,,,,,,,,79.71,5,,,,,19.74,4,,,,,,,,,,,,,EUR,9.04,5.2,Shiny Rare,tinkaton,Pokémon,https://www.tcggo.com/pokemon/paldean-fates/tinkaton-167,sv4pt5-167,534704,singles
2026-08-23T17:19:56+02:00,521,Shin Nagasawa,shin-nagasawa,PAF 183,183,751722,91,245,PAF,Pokémon,pokemon,14,https://images.tcggo.com/tcggo/storage/1981/paldean-fates-logo.png,Paldean Fates,EUR,1810.89,EUR,2341.33,2024-01-26,1,Scarlet & Violet,scarlet-violet,paldean-fates,110,2140,https://images.tcggo.com/tcggo/storage/2150/weavile-paf-183-paldean-fates-pokemon.png,https://www.tcggo.com/external/cm/2140,https://www.tcggo.com/external/tcgplayer/2140,Weavile,Weavile 183,2.92,2.93,277,EUR,[],,,,,,,,,2,2,2,5.8,5.8,2,4.5,4.5,1.48,1.48,,,,,,,,,,,,,,,,,,,,,,,,,,,,,,,,,,,,,,EUR,2.54,1.85,Shiny Rare,weavile,Pokémon,https://www.tcggo.com/pokemon/paldean-fates/weavile-183,sv4pt5-183,535118,singles
2026-08-23T17:19:56+02:00,373,GOSSAN,gossan,PAF 191,191,751730,91,245,PAF,Pokémon,pokemon,14,https://images.tcggo.com/tcggo/storage/1981/paldean-fates-logo.png,Paldean Fates,EUR,1810.89,EUR,2341.33,2024-01-26,1,Scarlet & Violet,scarlet-violet,paldean-fates,140,2141,https://images.tcggo.com/tcggo/storage/2151/scizor-paf-191-paldean-fates-pokemon.png,https://www.tcggo.com/external/cm/2141,https://www.tcggo.com/external/tcgplayer/2141,Scizor,Scizor 191,6.25,6.5,217,EUR,,,,,,24,44,,,5.5,5.4,5.4,7.95,7.95,5.5,6.5,6.5,3.99,3.99,USD,,,,,,,,,,,,,,,,,89.25,4,,,,,29,4,,,,,,,,,,,,,EUR,8.38,6.41,Shiny Rare,scizor,Pokémon,https://www.tcggo.com/pokemon/paldean-fates/scizor-191,sv4pt5-191,535149,singles
2026-08-23T17:19:56+02:00,360,Saya Tsuruta,saya-tsuruta,PAF 157,157,751696,91,245,PAF,Pokémon,pokemon,14,https://images.tcggo.com/tcggo/storage/1981/paldean-fates-logo.png,Paldean Fates,EUR,1810.89,EUR,2341.33,2024-01-26,1,Scarlet & Violet,scarlet-violet,paldean-fates,30,2142,https://images.tcggo.com/tcggo/storage/2152/mime-jr-paf-157-paldean-fates-pokemon.png,https://www.tcggo.com/external/cm/2142,https://www.tcggo.com/external/tcgplayer/2142,Mime Jr.,Mime Jr. 157,3.27,2.78,252,EUR,[],,,,,,,,,1.8,1.39,2,11,11,1.8,3.45,3.9,1.34,1.34,,,,,,,,,,,,,,,,,,,,,,,,,,,,,,,,,,,,,,EUR,4.4,3.15,Shiny Rare,mime-jr,Pokémon,https://www.tcggo.com/pokemon/paldean-fates/mime-jr-157,sv4pt5-157,534671,singles
2026-08-23T17:19:56+02:00,494,Nelnal,nelnal,PAF 160,160,751699,91,245,PAF,Pokémon,pokemon,14,https://images.tcggo.com/tcggo/storage/1981/paldean-fates-logo.png,Paldean Fates,EUR,1810.89,EUR,2341.33,2024-01-26,1,Scarlet & Violet,scarlet-violet,paldean-fates,70,2143,https://images.tcggo.com/tcggo/storage/2153/mimikyu-paf-160-paldean-fates-pokemon.png,https://www.tcggo.com/external/cm/2143,https://www.tcggo.com/external/tcgplayer/2143,Mimikyu,Mimikyu 160,28.47,26.91,164,EUR,,,,,,,114,,39,25,22,22,24.95,24.95,25,34.5,38,19.8,19.8,USD,62.18,3,,,40.02,4,,,,,71.47,1,,,24.99,3,336.42,5,31.4,1,31.6,2,89.85,5,,,,,,,136.45,1,,,40,1,EUR,42.06,21.85,Shiny Rare,mimikyu,Pokémon,https://www.tcggo.com/pokemon/paldean-fates/mimikyu-160,sv4pt5-160,534683,singles
2026-08-23T17:19:56+02:00,379,Sanosuke Sakuma,sanosuke-sakuma,PAF 161,161,751700,91,245,PAF,Pokémon,pokemon,14,https://images.tcggo.com/tcggo/storage/1981/paldean-fates-logo.png,Paldean Fates,EUR,1810.89,EUR,2341.33,2024-01-26,1,Scarlet & Violet,scarlet-violet,paldean-fates,90,2144,https://images.tcggo.com/tcggo/storage/2154/dachsbun-paf-161-paldean-fates-pokemon.png,https://www.tcggo.com/external/cm/2144,https://www.tcggo.com/external/tcgplayer/2144,Dachsbun,Dachsbun 161,3.58,3.83,192,EUR,[],,,,,,,,,2.8,2.3,3.19,4,4,3,3.7,3.7,1.3,1.3,,,,,,,,,,,,,,,,,,,,,,,,,,,,,,,,,,,,,,EUR,8.98,4.4,Shiny Rare,dachsbun,Pokémon,https://www.tcggo.com/pokemon/paldean-fates/dachsbun-161,sv4pt5-161,534685,singles
2026-08-23T17:19:56+02:00,378,Kouki Saitou,kouki-saitou,PAF 162,162,751701,91,245,PAF,Pokémon,pokemon,14,https://images.tcggo.com/tcggo/storage/1981/paldean-fates-logo.png,Paldean Fates,EUR,1810.89,EUR,2341.33,2024-01-26,1,Scarlet & Violet,scarlet-violet,paldean-fates,140,2145,https://images.tcggo.com/tcggo/storage/2155/ceruledge-paf-162-paldean-fates-pokemon.png,https://www.tcggo.com/external/cm/2145,https://www.tcggo.com/external/tcgplayer/2145,Ceruledge,Ceruledge 162,5.46,5.36,150,EUR,[],,,,,,,,,4,4.5,4.5,6.5,6.5,4,5,5,2.3,2.3,,,,,,,,,,,,,,,,,,,,,,,,,,,,,,,,,,,,,,EUR,9.56,6.11,Shiny Rare,ceruledge,Pokémon,https://www.tcggo.com/pokemon/paldean-fates/ceruledge-162,sv4pt5-162,534687,singles
2026-08-23T17:19:56+02:00,521,Shin Nagasawa,shin-nagasawa,PAF 168,168,751707,91,245,PAF,Pokémon,pokemon,14,https://images.tcggo.com/tcggo/storage/1981/paldean-fates-logo.png,Paldean Fates,EUR,1810.89,EUR,2341.33,2024-01-26,1,Scarlet & Violet,scarlet-violet,paldean-fates,140,2146,https://images.tcggo.com/tcggo/storage/2156/houndstone-paf-168-paldean-fates-pokemon.png,https://www.tcggo.com/external/cm/2146,https://www.tcggo.com/external/tcgplayer/2146,Houndstone,Houndstone 168,2.57,2.33,312,EUR,[],,,,,,,,,1.95,1.45,1.45,3.4,3.4,1.95,3.8,3.8,1,1,,,,,,,,,,,,,,,,,,,,,,,,,,,,,,,,,,,,,,EUR,2.38,1.71,Shiny Rare,houndstone,Pokémon,https://www.tcggo.com/pokemon/paldean-fates/houndstone-168,sv4pt5-168,534724,singles
2026-08-23T17:19:56+02:00,387,Scav,scav,PAF 170,170,751709,91,245,PAF,Pokémon,pokemon,14,https://images.tcggo.com/tcggo/storage/1981/paldean-fates-logo.png,Paldean Fates,EUR,1810.89,EUR,2341.33,2024-01-26,1,Scarlet & Violet,scarlet-violet,paldean-fates,90,2147,https://images.tcggo.com/tcggo/storage/2157/primeape-paf-170-paldean-fates-pokemon.png,https://www.tcggo.com/external/cm/2147,https://www.tcggo.com/external/tcgplayer/2147,Primeape,Primeape 170,3.71,3.52,228,EUR,[],,,,,,,,,2.99,3.28,3.28,3.9,3.9,2.99,5.89,5.89,1.48,1.48,,,,,,,,,,,,,,,,,,,,,,,,,,,,,,,,,,,,,,EUR,3.56,2.91,Shiny Rare,primeape,Pokémon,https://www.tcggo.com/pokemon/paldean-fates/primeape-170,sv4pt5-170,534730,singles
2026-08-23T17:19:56+02:00,377,Souichirou Gunjima,souichirou-gunjima,PAF 175,175,751714,91,245,PAF,Pokémon,pokemon,14,https://images.tcggo.com/tcggo/storage/1981/paldean-fates-logo.png,Paldean Fates,EUR,1810.89,EUR,2341.33,2024-01-26,1,Scarlet & Violet,scarlet-violet,paldean-fates,70,2148,https://images.tcggo.com/tcggo/storage/2158/hawlucha-paf-175-paldean-fates-pokemon.png,https://www.tcggo.com/external/cm/2148,https://www.tcggo.com/external/tcgplayer/2148,Hawlucha,Hawlucha 175,4.62,4.26,221,EUR,[],,,,,,,,,3.99,3.38,3.38,8,8,3.99,4,4,2.98,2.98,USD,,,,,,,,,,,40,1,,,,,,,,,,,41.45,2,,,,,,,,,,,,,EUR,6.54,7.69,Shiny Rare,hawlucha,Pokémon,https://www.tcggo.com/pokemon/paldean-fates/hawlucha-175,sv4pt5-175,534755,singles
2026-08-23T17:19:56+02:00,485,otumami,otumami,PAF 177,177,751716,91,245,PAF,Pokémon,pokemon,14,https://images.tcggo.com/tcggo/storage/1981/paldean-fates-logo.png,Paldean Fates,EUR,1810.89,EUR,2341.33,2024-01-26,1,Scarlet & Violet,scarlet-violet,paldean-fates,100,2149,https://images.tcggo.com/tcggo/storage/2159/naclstack-paf-177-paldean-fates-pokemon.png,https://www.tcggo.com/external/cm/2149,https://www.tcggo.com/external/tcgplayer/2149,Naclstack,Naclstack 177,2.11,2.18,305,EUR,[],,,,,,,,,0.95,1.14,1.14,2.5,2.5,1.5,2.8,2.9,1,1,,,,,,,,,,,,,,,,,,,,,,,,,,,,,,,,,,,,,,EUR,2.3,1.72,Shiny Rare,naclstack,Pokémon,https://www.tcggo.com/pokemon/paldean-fates/naclstack-177,sv4pt5-177,534921,singles
2026-08-23T17:19:56+02:00,402,Hitoshi Ariga,hitoshi-ariga,PAF 181,181,751720,91,245,PAF,Pokémon,pokemon,14,https://images.tcggo.com/tcggo/storage/1981/paldean-fates-logo.png,Paldean Fates,EUR,1810.89,EUR,2341.33,2024-01-26,1,Scarlet & Violet,scarlet-violet,paldean-fates,60,2150,https://images.tcggo.com/tcggo/storage/2160/murkrow-paf-181-paldean-fates-pokemon.png,https://www.tcggo.com/external/cm/2150,https://www.tcggo.com/external/tcgplayer/2150,Murkrow,Murkrow 181,2.9,2.74,232,EUR,[],,,,,,,,,2.29,1,1,10.99,10.99,2.29,3.95,5,1.6,1.6,,,,,,,,,,,,,,,,,,,,,,,,,,,,,,,,,,,,,,EUR,2.98,2.99,Shiny Rare,murkrow,Pokémon,https://www.tcggo.com/pokemon/paldean-fates/murkrow-181,sv4pt5-181,535097,singles
2026-08-23T17:19:56+02:00,484,Kagemaru Himeno,kagemaru-himeno,PAF 182,182,751721,91,245,PAF,Pokémon,pokemon,14,https://images.tcggo.com/tcggo/storage/1981/paldean-fates-logo.png,Paldean Fates,EUR,1810.89,EUR,2341.33,2024-01-26,1,Scarlet & Violet,scarlet-violet,paldean-fates,70,2151,https://images.tcggo.com/tcggo/storage/2161/sneasel-paf-182-paldean-fates-pokemon.png,https://www.tcggo.com/external/cm/2151,https://www.tcggo.com/external/tcgplayer/2151,Sneasel,Sneasel 182,2.86,2.52,275,EUR,[],,,,,,,,,1.99,2,2,4.5,4.5,2,4.9,4.9,1.8,1.8,,,,,,,,,,,,,,,,,,,,,,,,,,,,,,,,,,,,,,EUR,3.05,2.79,Shiny Rare,sneasel,Pokémon,https://www.tcggo.com/pokemon/paldean-fates/sneasel-182,sv4pt5-182,535110,singles
2026-08-23T17:19:56+02:00,405,nagimiso,nagimiso,PAF 184,184,751720,91,245,PAF,Pokémon,pokemon,14,https://images.tcggo.com/tcggo/storage/1981/paldean-fates-logo.png,Paldean Fates,EUR,1810.89,EUR,2341.33,2024-01-26,1,Scarlet & Violet,scarlet-violet,paldean-fates,70,2152,https://images.tcggo.com/tcggo/storage/2162/sableye-paf-184-paldean-fates-pokemon.png,https://www.tcggo.com/external/cm/2152,https://www.tcggo.com/external/tcgplayer/2152,Sableye,Sableye 184,3.78,3.74,212,EUR,[],,,,,,,,,2.9,3.4,3.4,8.99,8.99,2.9,5.5,5.5,2,2,,,,,,,,,,,,,,,,,,,,,,,,,,,,,,,,,,,,,,EUR,7.42,4.49,Shiny Rare,sableye,Pokémon,https://www.tcggo.com/pokemon/paldean-fates/sableye-184,sv4pt5-184,535122,singles
2026-08-23T17:19:56+02:00,377,Souichirou Gunjima,souichirou-gunjima,PAF 149,149,751688,91,245,PAF,Pokémon,pokemon,14,https://images.tcggo.com/tcggo/storage/1981/paldean-fates-logo.png,Paldean Fates,EUR,1810.89,EUR,2341.33,2024-01-26,1,Scarlet & Violet,scarlet-violet,paldean-fates,80,2153,https://images.tcggo.com/tcggo/storage/2163/kadabra-paf-149-paldean-fates-pokemon.png,https://www.tcggo.com/external/cm/2153,https://www.tcggo.com/external/tcgplayer/2153,Kadabra,Kadabra 149,5.99,5.98,222,EUR,[],,,,,,,,,5,4.4,4.4,6.99,6.99,5,7.99,7.99,3.47,3.47,USD,,,,,,,,,,,45,3,,,9.99,1,75,5,,,14.99,1,30,1,,,,,,,,,,,,,EUR,6.62,4.26,Shiny Rare,kadabra,Pokémon,https://www.tcggo.com/pokemon/paldean-fates/kadabra-149,sv4pt5-149,534634,singles
2026-08-23T17:19:56+02:00,482,Mizue,mizue,PAF 150,150,751689,91,245,PAF,Pokémon,pokemon,14,https://images.tcggo.com/tcggo/storage/1981/paldean-fates-logo.png,Paldean Fates,EUR,1810.89,EUR,2341.33,2024-01-26,1,Scarlet & Violet,scarlet-violet,paldean-fates,30,2154,https://images.tcggo.com/tcggo/storage/2164/cleffa-paf-150-paldean-fates-pokemon.png,https://www.tcggo.com/external/cm/2154,https://www.tcggo.com/external/tcgplayer/2154,Cleffa,Cleffa 150,2.67,2.49,398,EUR,[],,,,,,,,,2,1.75,2,3,3,2,2,2,0.85,0.85,,,,,,,,,,,,,,,,,,,,,,,,,,,,,,,,,,,,,,EUR,7.44,2.95,Shiny Rare,cleffa,Pokémon,https://www.tcggo.com/pokemon/paldean-fates/cleffa-150,sv4pt5-150,534636,singles
2026-08-23T17:19:56+02:00,495,yuu,yuu,PAF 159,159,751698,91,245,PAF,Pokémon,pokemon,14,https://images.tcggo.com/tcggo/storage/1981/paldean-fates-logo.png,Paldean Fates,EUR,1810.89,EUR,2341.33,2024-01-26,1,Scarlet & Violet,scarlet-violet,paldean-fates,70,2155,https://images.tcggo.com/tcggo/storage/2165/klefki-paf-159-paldean-fates-pokemon.png,https://www.tcggo.com/external/cm/2155,https://www.tcggo.com/external/tcgplayer/2155,Klefki,Klefki 159,3.38,3.07,262,EUR,[],,,,,,,,,2.5,2.8,2.8,6,6,2.5,3.98,3.98,1,1,,,,,,,,,,,,,,,,,,,,,,,,,,,,,,,,,,,,,,EUR,3,3.74,Shiny Rare,klefki,Pokémon,https://www.tcggo.com/pokemon/paldean-fates/klefki-159,sv4pt5-159,534681,singles
2026-08-23T17:19:56+02:00,494,Nelnal,nelnal,PAF 163,163,751702,91,245,PAF,Pokémon,pokemon,14,https://images.tcggo.com/tcggo/storage/1981/paldean-fates-logo.png,Paldean Fates,EUR,1810.89,EUR,2341.33,2024-01-26,1,Scarlet & Violet,scarlet-violet,paldean-fates,70,2156,https://images.tcggo.com/tcggo/storage/2166/rabsca-paf-163-paldean-fates-pokemon.png,https://www.tcggo.com/external/cm/2156,https://www.tcggo.com/external/tcgplayer/2156,Rabsca,Rabsca 163,2.28,2.38,311,EUR,[],,,,,,,,,1,1.5,1.5,3.3,3.3,1,3.45,3.47,0.99,0.99,,,,,,,,,,,,,,,,,,,,,,,,,,,,,,,,,,,,,,EUR,2.04,1.68,Shiny Rare,rabsca,Pokémon,https://www.tcggo.com/pokemon/paldean-fates/rabsca-163,sv4pt5-163,534693,singles
2026-08-23T17:19:56+02:00,409,Yuu Nishida,yuu-nishida,PAF 166,166,751705,91,245,PAF,Pokémon,pokemon,14,https://images.tcggo.com/tcggo/storage/1981/paldean-fates-logo.png,Paldean Fates,EUR,1810.89,EUR,2341.33,2024-01-26,1,Scarlet & Violet,scarlet-violet,paldean-fates,90,2157,https://images.tcggo.com/tcggo/storage/2167/tinkatuff-paf-166-paldean-fates-pokemon.png,https://www.tcggo.com/external/cm/2157,https://www.tcggo.com/external/tcgplayer/2157,Tinkatuff,Tinkatuff 166,3.36,3.5,223,EUR,[],,,,,,,,,2,2.5,2.5,7.5,7.5,2,4.45,4.45,1.4,1.4,,,,,,,,,,,,,,,,,,,,,,,,,,,,,,,,,,,,,,EUR,5.48,4.15,Shiny Rare,tinkatuff,Pokémon,https://www.tcggo.com/pokemon/paldean-fates/tinkatuff-166,sv4pt5-166,534699,singles
2026-08-23T17:19:56+02:00,405,nagimiso,nagimiso,PAF 169,169,751708,91,245,PAF,Pokémon,pokemon,14,https://images.tcggo.com/tcggo/storage/1981/paldean-fates-logo.png,Paldean Fates,EUR,1810.89,EUR,2341.33,2024-01-26,1,Scarlet & Violet,scarlet-violet,paldean-fates,60,2158,https://images.tcggo.com/tcggo/storage/2168/mankey-paf-169-paldean-fates-pokemon.png,https://www.tcggo.com/external/cm/2158,https://www.tcggo.com/external/tcgplayer/2158,Mankey,Mankey 169,3.99,3.94,225,EUR,[],,,,,,,,,3,3.6,3.6,4.25,4.25,3,5,5.5,1.5,1.5,,,,,,,,,,,,,,,,,,,,,,,,,,,,,,,,,,,,,,EUR,4.13,2.82,Shiny Rare,mankey,Pokémon,https://www.tcggo.com/pokemon/paldean-fates/mankey-169,sv4pt5-169,534728,singles
2026-08-23T17:19:56+02:00,405,nagimiso,nagimiso,PAF 172,172,751711,91,245,PAF,Pokémon,pokemon,14,https://images.tcggo.com/tcggo/storage/1981/paldean-fates-logo.png,Paldean Fates,EUR,1810.89,EUR,2341.33,2024-01-26,1,Scarlet & Violet,scarlet-violet,paldean-fates,130,2159,https://images.tcggo.com/tcggo/storage/2169/paldean-tauros-paf-172-paldean-fates-pokemon.png,https://www.tcggo.com/external/cm/2159,https://www.tcggo.com/external/tcgplayer/2159,Paldean Tauros,Paldean Tauros 172,2.84,2.78,250,EUR,[],,,,,,,,,1.99,2.15,2.15,2,2,1.99,2,2,1.43,1.43,,,,,,,,,,,,,,,,,,,,,,,,,,,,,,,,,,,,,,EUR,3.05,2.12,Shiny Rare,paldean-tauros,Pokémon,https://www.tcggo.com/pokemon/paldean-fates/paldean-tauros-172,sv4pt5-172,535956,singles
2026-08-23T17:19:56+02:00,381,sowsow,sowsow,PAF 173,173,751712,91,245,PAF,Pokémon,pokemon,14,https://images.tcggo.com/tcggo/storage/1981/paldean-fates-logo.png,Paldean Fates,EUR,1810.89,EUR,2341.33,2024-01-26,1,Scarlet & Violet,scarlet-violet,paldean-fates,70,2160,https://images.tcggo.com/tcggo/storage/2170/riolu-paf-173-paldean-fates-pokemon.png,https://www.tcggo.com/external/cm/2160,https://www.tcggo.com/external/tcgplayer/2160,Riolu,Riolu 173,9.45,9.11,175,EUR,[],,,,,,,,,9.25,8,8,10,10,9.25,8.5,8.5,3.5,3.5,USD,57.01,2,,,,,,,,,,,,,,,127,5,,,11.92,3,22.33,5,,,,,,,,,,,,,EUR,11.46,8.37,Shiny Rare,riolu,Pokémon,https://www.tcggo.com/pokemon/paldean-fates/riolu-173,sv4pt5-173,534749,singles
2026-08-23T17:19:56+02:00,521,Shin Nagasawa,shin-nagasawa,PAF 174,174,751713,91,245,PAF,Pokémon,pokemon,14,https://images.tcggo.com/tcggo/storage/1981/paldean-fates-logo.png,Paldean Fates,EUR,1810.89,EUR,2341.33,2024-01-26,1,Scarlet & Violet,scarlet-violet,paldean-fates,130,2161,https://images.tcggo.com/tcggo/storage/2171/lucario-paf-174-paldean-fates-pokemon.png,https://www.tcggo.com/external/cm/2161,https://www.tcggo.com/external/tcgplayer/2161,Lucario,Lucario 174,18.55,15.77,148,EUR,,,,,100,,,,20,18.99,12.99,12.99,12,12,18.99,19,19,4.9,4.9,USD,82.62,5,,,35.13,1,,,,,66.35,5,,,,,208.15,5,,,7.06,2,23.04,5,,,,,,,,,,,,,EUR,22.09,15.27,Shiny Rare,lucario,Pokémon,https://www.tcggo.com/pokemon/paldean-fates/lucario-174,sv4pt5-174,534753,singles
2026-08-23T17:19:56+02:00,405,nagimiso,nagimiso,PAF 179,179,751718,91,245,PAF,Pokémon,pokemon,14,https://images.tcggo.com/tcggo/storage/1981/paldean-fates-logo.png,Paldean Fates,EUR,1810.89,EUR,2341.33,2024-01-26,1,Scarlet & Violet,scarlet-violet,paldean-fates,40,2162,https://images.tcggo.com/tcggo/storage/2172/glimmet-paf-179-paldean-fates-pokemon.png,https://www.tcggo.com/external/cm/2162,https://www.tcggo.com/external/tcgplayer/2162,Glimmet,Glimmet 179,2.27,2,316,EUR,[],,,,,,,,,1.99,1.08,1.08,3.93,3.93,1.99,2.9,2.9,1.4,1.4,,,,,,,,,,,,,,,,,,,,,,,,,,,,,,,,,,,,,,EUR,1.87,1.92,Shiny Rare,glimmet,Pokémon,https://www.tcggo.com/pokemon/paldean-fates/glimmet-179,sv4pt5-179,535089,singles
2026-08-23T17:19:56+02:00,521,Shin Nagasawa,shin-nagasawa,PAF 187,187,751726,91,245,PAF,Pokémon,pokemon,14,https://images.tcggo.com/tcggo/storage/1981/paldean-fates-logo.png,Paldean Fates,EUR,1810.89,EUR,2341.33,2024-01-26,1,Scarlet & Violet,scarlet-violet,paldean-fates,170,2163,https://images.tcggo.com/tcggo/storage/2173/kingambit-paf-187-paldean-fates-pokemon.png,https://www.tcggo.com/external/cm/2163,https://www.tcggo.com/external/tcgplayer/2163,Kingambit,Kingambit 187,2.55,2.22,246,EUR,[],,,,,,,,,1.45,1.5,1.5,3.99,3.99,1.45,3.49,3.49,1.8,1.8,,,,,,,,,,,,,,,,,,,,,,,,,,,,,,,,,,,,,,EUR,2.76,2.44,Shiny Rare,kingambit,Pokémon,https://www.tcggo.com/pokemon/paldean-fates/kingambit-187,sv4pt5-187,535132,singles
2026-08-23T17:19:56+02:00,488,Masakazu Fukuda,masakazu-fukuda,PAF 192,192,751731,91,245,PAF,Pokémon,pokemon,14,https://images.tcggo.com/tcggo/storage/1981/paldean-fates-logo.png,Paldean Fates,EUR,1810.89,EUR,2341.33,2024-01-26,1,Scarlet & Violet,scarlet-violet,paldean-fates,60,2164,https://images.tcggo.com/tcggo/storage/2174/varoom-paf-192-paldean-fates-pokemon.png,https://www.tcggo.com/external/cm/2164,https://www.tcggo.com/external/tcgplayer/2164,Varoom,Varoom 192,2.09,2.19,302,EUR,[],,,,,,,,,1,1,1,2.95,2.95,1,2.2,2.2,0.99,0.99,,,,,,,,,,,,,,,,,,,,,,,,,,,,,,,,,,,,,,EUR,1.82,1.56,Shiny Rare,varoom,Pokémon,https://www.tcggo.com/pokemon/paldean-fates/varoom-192,sv4pt5-192,535151,singles
2026-08-23T17:19:56+02:00,373,GOSSAN,gossan,PAF 193,193,751732,91,245,PAF,Pokémon,pokemon,14,https://images.tcggo.com/tcggo/storage/1981/paldean-fates-logo.png,Paldean Fates,EUR,1810.89,EUR,2341.33,2024-01-26,1,Scarlet & Violet,scarlet-violet,paldean-fates,140,2165,https://images.tcggo.com/tcggo/storage/2175/revavroom-paf-193-paldean-fates-pokemon.png,https://www.tcggo.com/external/cm/2165,https://www.tcggo.com/external/tcgplayer/2165,Revavroom,Revavroom 193,8.8,8.51,162,EUR,[],,,,,,,,,1,1.5,1.5,3,3,1,2.25,2.25,1.4,1.4,,,,,,,,,,,,,,,,,,,,,,,,,,,,,,,,,,,,,,EUR,1.85,1.88,Shiny Rare,revavroom,Pokémon,https://www.tcggo.com/pokemon/paldean-fates/revavroom-193,sv4pt5-193,535153,singles
2026-08-23T17:19:56+02:00,381,sowsow,sowsow,PAF 196,196,751735,91,245,PAF,Pokémon,pokemon,14,https://images.tcggo.com/tcggo/storage/1981/paldean-fates-logo.png,Paldean Fates,EUR,1810.89,EUR,2341.33,2024-01-26,1,Scarlet & Violet,scarlet-violet,paldean-fates,50,2166,https://images.tcggo.com/tcggo/storage/2176/pidgey-paf-196-paldean-fates-pokemon.png,https://www.tcggo.com/external/cm/2166,https://www.tcggo.com/external/tcgplayer/2166,Pidgey,Pidgey 196,6.66,6.63,290,EUR,[],,,,,,,,,5,5.95,5.95,8,8,5,4.5,4.5,3.47,3.47,USD,50.18,1,,,,,,,,,89.25,1,,,,,66.2,5,,,,,24.98,5,,,,,,,,,,,19.77,1,EUR,5.84,6.03,Shiny Rare,pidgey,Pokémon,https://www.tcggo.com/pokemon/paldean-fates/pidgey-196,sv4pt5-196,535163,singles
2026-08-23T17:19:56+02:00,492,Misa Tsutsui,misa-tsutsui,PAF 198,198,751737,91,245,PAF,Pokémon,pokemon,14,https://images.tcggo.com/tcggo/storage/1981/paldean-fates-logo.png,Paldean Fates,EUR,1810.89,EUR,2341.33,2024-01-26,1,Scarlet & Violet,scarlet-violet,paldean-fates,70,2167,https://images.tcggo.com/tcggo/storage/2177/jigglypuff-paf-198-paldean-fates-pokemon.png,https://www.tcggo.com/external/cm/2167,https://www.tcggo.com/external/tcgplayer/2167,Jigglypuff,Jigglypuff 198,12.95,12.23,189,EUR,[],,,,,,,,,18.95,12.9,12.9,13,13,18.95,7.3,7.4,2.5,2.5,USD,129.99,1,,,,,,,,,86.38,2,,,,,150.62,5,,,,,35.44,5,,,,,,,177.19,1,,,,,EUR,24.32,7.98,Shiny Rare,jigglypuff,Pokémon,https://www.tcggo.com/pokemon/paldean-fates/jigglypuff-198,sv4pt5-198,535174,singles
2026-08-23T17:19:56+02:00,360,Saya Tsuruta,saya-tsuruta,PAF 199,199,751738,91,245,PAF,Pokémon,pokemon,14,https://images.tcggo.com/tcggo/storage/1981/paldean-fates-logo.png,Paldean Fates,EUR,1810.89,EUR,2341.33,2024-01-26,1,Scarlet & Violet,scarlet-violet,paldean-fates,70,2168,https://images.tcggo.com/tcggo/storage/2178/doduo-paf-199-paldean-fates-pokemon.png,https://www.tcggo.com/external/cm/2168,https://www.tcggo.com/external/tcgplayer/2168,Doduo,Doduo 199,3.59,3.84,205,EUR,[],,,,,,,,,2.9,1.95,1.95,5.98,5.98,3,3.45,3.45,1.34,1.34,,,,,,,,,,,,,,,,,,,,,,,,,,,,,,,,,,,,,,EUR,3.79,2.99,Shiny Rare,doduo,Pokémon,https://www.tcggo.com/pokemon/paldean-fates/doduo-199,sv4pt5-199,535183,singles
2026-08-23T17:19:56+02:00,494,Nelnal,nelnal,PAF 194,194,751733,91,245,PAF,Pokémon,pokemon,14,https://images.tcggo.com/tcggo/storage/1981/paldean-fates-logo.png,Paldean Fates,EUR,1810.89,EUR,2341.33,2024-01-26,1,Scarlet & Violet,scarlet-violet,paldean-fates,70,2169,https://images.tcggo.com/tcggo/storage/2179/noibat-paf-194-paldean-fates-pokemon.png,https://www.tcggo.com/external/cm/2169,https://www.tcggo.com/external/tcgplayer/2169,Noibat,Noibat 194,3.26,3.37,228,EUR,[],,,,,,,,,1.5,2.7,2.7,9,9,1.5,4.55,4.75,2,2,USD,,,,,,,,,,,5.13,2,,,,,74,1,,,,,17.49,2,,,,,,,,,,,,,EUR,4.68,3.59,Shiny Rare,noibat,Pokémon,https://www.tcggo.com/pokemon/paldean-fates/noibat-194,sv4pt5-194,535155,singles
2026-08-23T17:19:56+02:00,377,Souichirou Gunjima,souichirou-gunjima,PAF 195,195,751734,91,245,PAF,Pokémon,pokemon,14,https://images.tcggo.com/tcggo/storage/1981/paldean-fates-logo.png,Paldean Fates,EUR,1810.89,EUR,2341.33,2024-01-26,1,Scarlet & Violet,scarlet-violet,paldean-fates,120,2170,https://images.tcggo.com/tcggo/storage/2180/cyclizar-paf-195-paldean-fates-pokemon.png,https://www.tcggo.com/external/cm/2170,https://www.tcggo.com/external/tcgplayer/2170,Cyclizar,Cyclizar 195,2.63,2.3,265,EUR,[],,,,,,,,,2,1.79,1.79,4.75,4.75,2,2.95,2.99,1.8,1.8,,,,,,,,,,,,,,,,,,,,,,,,,,,,,,,,,,,,,,EUR,2.12,1.74,Shiny Rare,cyclizar,Pokémon,https://www.tcggo.com/pokemon/paldean-fates/cyclizar-195,sv4pt5-195,535157,singles
2026-08-23T17:19:56+02:00,378,Kouki Saitou,kouki-saitou,PAF 197,197,751736,91,245,PAF,Pokémon,pokemon,14,https://images.tcggo.com/tcggo/storage/1981/paldean-fates-logo.png,Paldean Fates,EUR,1810.89,EUR,2341.33,2024-01-26,1,Scarlet & Violet,scarlet-violet,paldean-fates,80,2171,https://images.tcggo.com/tcggo/storage/2181/pidgeotto-paf-197-paldean-fates-pokemon.png,https://www.tcggo.com/external/cm/2171,https://www.tcggo.com/external/tcgplayer/2171,Pidgeotto,Pidgeotto 197,5.14,5.09,240,EUR,[],,,,,,,,,4.55,4.7,4.7,6.5,6.5,4.55,4.95,6,3,3,,,,,,,,,,,,,,,,,,,,,,,,,,,,,,,,,,,,,,EUR,4.36,5.22,Shiny Rare,pidgeotto,Pokémon,https://www.tcggo.com/pokemon/paldean-fates/pidgeotto-197,sv4pt5-197,535165,singles
2026-08-23T17:19:56+02:00,405,nagimiso,nagimiso,PAF 200,200,751739,91,245,PAF,Pokémon,pokemon,14,https://images.tcggo.com/tcggo/storage/1981/paldean-fates-logo.png,Paldean Fates,EUR,1810.89,EUR,2341.33,2024-01-26,1,Scarlet & Violet,scarlet-violet,paldean-fates,100,2172,https://images.tcggo.com/tcggo/storage/2182/dodrio-paf-200-paldean-fates-pokemon.png,https://www.tcggo.com/external/cm/2172,https://www.tcggo.com/external/tcgplayer/2172,Dodrio,Dodrio 200,4.03,4.29,225,EUR,[],,,,,,,,,3.5,3,3,6,6,3.5,3.99,3.99,1,1,,,,,,,,,,,,,,,,,,,,,,,,,,,,,,,,,,,,,,EUR,3.81,3.25,Shiny Rare,dodrio,Pokémon,https://www.tcggo.com/pokemon/paldean-fates/dodrio-200,sv4pt5-200,535185,singles
2026-08-23T17:19:56+02:00,507,0313,0313,PAF 201,201,751740,91,245,PAF,Pokémon,pokemon,14,https://images.tcggo.com/tcggo/storage/1981/paldean-fates-logo.png,Paldean Fates,EUR,1810.89,EUR,2341.33,2024-01-26,1,Scarlet & Violet,scarlet-violet,paldean-fates,60,2173,https://images.tcggo.com/tcggo/storage/2183/ditto-paf-201-paldean-fates-pokemon.png,https://www.tcggo.com/external/cm/2173,https://www.tcggo.com/external/tcgplayer/2173,Ditto,Ditto 201,22.58,22.11,186,EUR,[],,,,,,,,,33,14.49,14.49,25,25,33,14.95,15,7.9,7.9,USD,,,,,,,,,59.86,1,151.89,5,,,30,1,290.37,5,,,31.8,3,67.01,5,,,,,,,357.38,5,,,38.45,2,EUR,35.02,28.21,Shiny Rare,ditto,Pokémon,https://www.tcggo.com/pokemon/paldean-fates/ditto-201,sv4pt5-201,535191,singles
2026-08-23T17:19:56+02:00,437,Shigenori Negishi,shigenori-negishi,PAF 202,202,751741,91,245,PAF,Pokémon,pokemon,14,https://images.tcggo.com/tcggo/storage/1981/paldean-fates-logo.png,Paldean Fates,EUR,1810.89,EUR,2341.33,2024-01-26,1,Scarlet & Violet,scarlet-violet,paldean-fates,150,2174,https://images.tcggo.com/tcggo/storage/2184/snorlax-paf-202-paldean-fates-pokemon.png,https://www.tcggo.com/external/cm/2174,https://www.tcggo.com/external/tcgplayer/2174,Snorlax,Snorlax 202,27.66,29.82,182,EUR,,,,,,,385,,79,29.9,24,24,29.9,29.9,29.9,20,20,7,7.5,USD,101.59,4,28.48,1,44.81,4,,,,,56,1,,,25.24,2,236.24,5,,,60.75,4,51.59,5,,,,,,,200,5,,,45.48,3,EUR,46.43,34.49,Shiny Rare,snorlax,Pokémon,https://www.tcggo.com/pokemon/paldean-fates/snorlax-202,sv4pt5-202,535193,singles
2026-08-23T17:19:56+02:00,493,kurumitsu,kurumitsu,PAF 203,203,751742,91,245,PAF,Pokémon,pokemon,14,https://images.tcggo.com/tcggo/storage/1981/paldean-fates-logo.png,Paldean Fates,EUR,1810.89,EUR,2341.33,2024-01-26,1,Scarlet & Violet,scarlet-violet,paldean-fates,70,2175,https://images.tcggo.com/tcggo/storage/2185/wingull-paf-203-paldean-fates-pokemon.png,https://www.tcggo.com/external/cm/2175,https://www.tcggo.com/external/tcgplayer/2175,Wingull,Wingull 203,3.02,2.97,238,EUR,[],,,,,,,,,2.4,2.8,2.8,4.9,4.9,2.4,3.8,3.8,1.99,1.99,,,,,,,,,,,,,,,,,,,,,,,,,,,,,,,,,,,,,,EUR,2.72,2.44,Shiny Rare,wingull,Pokémon,https://www.tcggo.com/pokemon/paldean-fates/wingull-203,sv4pt5-203,535196,singles
2026-08-23T17:19:56+02:00,488,Masakazu Fukuda,masakazu-fukuda,PAF 204,204,751743,91,245,PAF,Pokémon,pokemon,14,https://images.tcggo.com/tcggo/storage/1981/paldean-fates-logo.png,Paldean Fates,EUR,1810.89,EUR,2341.33,2024-01-26,1,Scarlet & Violet,scarlet-violet,paldean-fates,120,2176,https://images.tcggo.com/tcggo/storage/2186/pelipper-paf-204-paldean-fates-pokemon.png,https://www.tcggo.com/external/cm/2176,https://www.tcggo.com/external/tcgplayer/2176,Pelipper,Pelipper 204,2.67,2.81,293,EUR,[],,,,,,,,,2.22,1.99,1.99,2.5,2.5,2.22,2.5,2.5,1.15,1.15,USD,,,,,,,,,,,,,,,,,79.81,1,,,,,18.63,3,,,,,,,,,,,6.7,1,EUR,2.4,2.14,Shiny Rare,pelipper,Pokémon,https://www.tcggo.com/pokemon/paldean-fates/pelipper-204,sv4pt5-204,535200,singles
2026-08-23T17:19:56+02:00,437,Shigenori Negishi,shigenori-negishi,PAF 210,210,751749,91,245,PAF,Pokémon,pokemon,14,https://images.tcggo.com/tcggo/storage/1981/paldean-fates-logo.png,Paldean Fates,EUR,1810.89,EUR,2341.33,2024-01-26,1,Scarlet & Violet,scarlet-violet,paldean-fates,70,2177,https://images.tcggo.com/tcggo/storage/2187/maushold-paf-210-paldean-fates-pokemon.png,https://www.tcggo.com/external/cm/2177,https://www.tcggo.com/external/tcgplayer/2177,Maushold,Maushold 210,16.04,17.04,139,EUR,[],,,,,,,,,21,13.95,19.95,19.94,19.94,21,6,6,3.99,3.99,USD,120.91,1,,,,,,,,,23.04,1,,,,,160.52,5,,,23.23,2,30.48,5,,,,,,,,,,,29.99,1,EUR,25.53,17.12,Shiny Rare,maushold,Pokémon,https://www.tcggo.com/pokemon/paldean-fates/maushold-210,sv4pt5-210,535215,singles
2026-08-23T17:19:56+02:00,492,Misa Tsutsui,misa-tsutsui,PAF 208,208,751747,91,245,PAF,Pokémon,pokemon,14,https://images.tcggo.com/tcggo/storage/1981/paldean-fates-logo.png,Paldean Fates,EUR,1810.89,EUR,2341.33,2024-01-26,1,Scarlet & Violet,scarlet-violet,paldean-fates,130,2178,https://images.tcggo.com/tcggo/storage/2188/oinkologne-paf-208-paldean-fates-pokemon.png,https://www.tcggo.com/external/cm/2178,https://www.tcggo.com/external/tcgplayer/2178,Oinkologne,Oinkologne 208,2.9,3.57,209,EUR,[],,,,,,,,,1,2,2,500,500,1,3.7,3.7,1.4,1.4,,,,,,,,,,,,,,,,,,,,,,,,,,,,,,,,,,,,,,EUR,4.23,2.5,Shiny Rare,oinkologne,Pokémon,https://www.tcggo.com/pokemon/paldean-fates/oinkologne-208,sv4pt5-208,535955,singles
2026-08-23T17:19:56+02:00,479,Lee HyunJung,lee-hyunjung,PAF 209,209,751748,91,245,PAF,Pokémon,pokemon,14,https://images.tcggo.com/tcggo/storage/1981/paldean-fates-logo.png,Paldean Fates,EUR,1810.89,EUR,2341.33,2024-01-26,1,Scarlet & Violet,scarlet-violet,paldean-fates,30,2179,https://images.tcggo.com/tcggo/storage/2189/tandemaus-paf-209-paldean-fates-pokemon.png,https://www.tcggo.com/external/cm/2179,https://www.tcggo.com/external/tcgplayer/2179,Tandemaus,Tandemaus 209,17.33,14.26,180,EUR,[],,,,,,,,,20,14.5,14.5,18,18,20,5.5,5.5,2.9,2.9,USD,,,,,,,,,,,34.92,5,,,35.8,1,120.85,5,,,,,22.28,2,,,,,,,,,,,,,EUR,23.9,18.35,Shiny Rare,tandemaus,Pokémon,https://www.tcggo.com/pokemon/paldean-fates/tandemaus-209,sv4pt5-209,535214,singles
2026-08-23T17:19:56+02:00,380,5ban Graphics,5ban-graphics,PAF 213,213,751752,91,245,PAF,Pokémon,pokemon,14,https://images.tcggo.com/tcggo/storage/1981/paldean-fates-logo.png,Paldean Fates,EUR,1810.89,EUR,2341.33,2024-01-26,1,Scarlet & Violet,scarlet-violet,paldean-fates,270,2180,https://images.tcggo.com/tcggo/storage/2190/toedscruel-ex-paf-213-paldean-fates-pokemon.png,https://www.tcggo.com/external/cm/2180,https://www.tcggo.com/external/tcgplayer/2180,Toedscruel ex,Toedscruel ex 213,1.29,1.24,904,EUR,[],,,,,,,,,0.5,0.99,0.99,0.75,0.75,0.5,1.2,1.39,0.3,0.3,,,,,,,,,,,,,,,,,,,,,,,,,,,,,,,,,,,,,,EUR,1.48,1.18,Shiny Ultra Rare,toedscruel-ex,Pokémon,https://www.tcggo.com/pokemon/paldean-fates/toedscruel-ex-213,sv4pt5-213,535299,singles
2026-08-23T17:19:56+02:00,430,akagi,akagi,PAF 225,225,751772,91,245,PAF,Pokémon,pokemon,14,https://images.tcggo.com/tcggo/storage/1981/paldean-fates-logo.png,Paldean Fates,EUR,1810.89,EUR,2341.33,2024-01-26,1,Scarlet & Violet,scarlet-violet,paldean-fates,150,2181,https://images.tcggo.com/tcggo/storage/2191/palafin-paf-225-paldean-fates-pokemon.png,https://www.tcggo.com/external/cm/2181,https://www.tcggo.com/external/tcgplayer/2181,Palafin,Palafin 225,1.41,1.25,2359,EUR,[],,,,,,,,,0.79,0.89,0.89,0.99,0.99,0.79,0.9,0.9,0.34,0.34,,,,,,,,,,,,,,,,,,,,,,,,,,,,,,,,,,,,,,EUR,1.98,1.55,Illustration Rare,palafin,Pokémon,https://www.tcggo.com/pokemon/paldean-fates/palafin-225,sv4pt5-225,534736,singles
2026-08-23T17:19:56+02:00,525,USGMEN,usgmen,PAF 232,232,751779,91,245,PAF,Pokémon,pokemon,14,https://images.tcggo.com/tcggo/storage/1981/paldean-fates-logo.png,Paldean Fates,EUR,1810.89,EUR,2341.33,2024-01-26,1,Scarlet & Violet,scarlet-violet,paldean-fates,180,2182,https://images.tcggo.com/tcggo/storage/2192/mew-ex-paf-232-paldean-fates-pokemon.png,https://www.tcggo.com/external/cm/2182,https://www.tcggo.com/external/tcgplayer/2182,Mew ex,Mew ex 232,842.91,935.93,289,EUR,,,725,1150,1999,,2799,740,895,699,599,599,659.95,699.9,699,304.99,304.99,289,289,USD,1205.25,5,,,635.92,5,189508.79,1,766.3,5,1110.2,5,,,700,5,2616.63,5,606.43,5,710.23,5,691.54,5,1582.79,2,650,1,,,3177.33,5,532.35,1,1031.7,5,EUR,853.73,683.76,Special Illustration Rare,mew-ex,Pokémon,https://www.tcggo.com/pokemon/paldean-fates/mew-ex-232,sv4pt5-232,534919,singles
2026-08-23T17:19:56+02:00,404,aspara,aspara,PAF 238,238,751785,91,245,PAF,Pokémon,pokemon,14,https://images.tcggo.com/tcggo/storage/1981/paldean-fates-logo.png,Paldean Fates,EUR,1810.89,EUR,2341.33,2024-01-26,1,Scarlet & Violet,scarlet-violet,paldean-fates,0,2183,https://images.tcggo.com/tcggo/storage/2193/nemona-paf-238-paldean-fates-pokemon.png,https://www.tcggo.com/external/cm/2183,https://www.tcggo.com/external/tcgplayer/2183,Nemona,Nemona 238,5.74,5.62,363,EUR,,,,,49,,59,,34,4,5,5,8,8,4,6,6,2.9,2.9,,,,,,,,,,,,,,,,,,,,,,,,,,,,,,,,,,,,,,EUR,6.46,5.32,Special Illustration Rare,nemona,Trainer,https://www.tcggo.com/pokemon/paldean-fates/nemona-238,sv4pt5-238,535104,singles
2026-08-23T17:19:56+02:00,380,5ban Graphics,5ban-graphics,PAF 212,212,751751,91,245,PAF,Pokémon,pokemon,14,https://images.tcggo.com/tcggo/storage/1981/paldean-fates-logo.png,Paldean Fates,EUR,1810.89,EUR,2341.33,2024-01-26,1,Scarlet & Violet,scarlet-violet,paldean-fates,270,2184,https://images.tcggo.com/tcggo/storage/2194/forretress-ex-paf-212-paldean-fates-pokemon.png,https://www.tcggo.com/external/cm/2184,https://www.tcggo.com/external/tcgplayer/2184,Forretress ex,Forretress ex 212,1.18,1.22,930,EUR,[],,,,,,,,,0.4,0.9,0.9,1,1,0.4,1,1,0.14,0.14,,,,,,,,,,,,,,,,,,,,,,,,,,,,,,,,,,,,,,EUR,0.8,0.91,Shiny Ultra Rare,forretress-ex,Pokémon,https://www.tcggo.com/pokemon/paldean-fates/forretress-ex-212,sv4pt5-212,535297,singles
2026-08-23T17:19:56+02:00,490,takuyoa,takuyoa,PAF 214,214,751753,91,245,PAF,Pokémon,pokemon,14,https://images.tcggo.com/tcggo/storage/1981/paldean-fates-logo.png,Paldean Fates,EUR,1810.89,EUR,2341.33,2024-01-26,1,Scarlet & Violet,scarlet-violet,paldean-fates,260,2185,https://images.tcggo.com/tcggo/storage/2195/espathra-ex-paf-214-paldean-fates-pokemon.png,https://www.tcggo.com/external/cm/2185,https://www.tcggo.com/external/tcgplayer/2185,Espathra ex,Espathra ex 214,1.42,2.54,1153,EUR,[],,,,,,,,,0.49,0.85,0.85,0.8,0.8,0.49,0.99,1,0.25,0.25,,,,,,,,,,,,,,,,,,,,,,,,,,,,,,,,,,,,,,EUR,1.05,0.95,Shiny Ultra Rare,espathra-ex,Pokémon,https://www.tcggo.com/pokemon/paldean-fates/espathra-ex-214,sv4pt5-214,535303,singles
2026-08-23T17:19:56+02:00,470,REND,rend,PAF 226,226,751773,91,245,PAF,Pokémon,pokemon,14,https://images.tcggo.com/tcggo/storage/1981/paldean-fates-logo.png,Paldean Fates,EUR,1810.89,EUR,2341.33,2024-01-26,1,Scarlet & Violet,scarlet-violet,paldean-fates,60,2186,https://images.tcggo.com/tcggo/storage/2196/pawmi-paf-226-paldean-fates-pokemon.png,https://www.tcggo.com/external/cm/2186,https://www.tcggo.com/external/tcgplayer/2186,Pawmi,Pawmi 226,2.16,1.67,1912,EUR,[],,,,,,,,,0.5,2.5,2.99,1.5,1.5,0.5,1,1,0.4,0.4,,,,,,,,,,,,,,,,,,,,,,,,,,,,,,,,,,,,,,EUR,2.93,2,Illustration Rare,pawmi,Pokémon,https://www.tcggo.com/pokemon/paldean-fates/pawmi-226,sv4pt5-226,534739,singles
2026-08-23T17:19:56+02:00,373,GOSSAN,gossan,PAF 227,227,751774,91,245,PAF,Pokémon,pokemon,14,https://images.tcggo.com/tcggo/storage/1981/paldean-fates-logo.png,Paldean Fates,EUR,1810.89,EUR,2341.33,2024-01-26,1,Scarlet & Violet,scarlet-violet,paldean-fates,0,2187,https://images.tcggo.com/tcggo/storage/2198/clive-paf-227-paldean-fates-pokemon.png,https://www.tcggo.com/external/cm/2187,https://www.tcggo.com/external/tcgplayer/2187,Clive,Clive 227,0.57,0.52,3565,EUR,[],,,,,,,,,0.05,0.02,0.02,0.45,0.45,0.05,0.2,0.2,0.02,0.02,,,,,,,,,,,,,,,,,,,,,,,,,,,,,,,,,,,,,,EUR,0.49,0.67,Ultra Rare,clive,Trainer,https://www.tcggo.com/pokemon/paldean-fates/clive-227,sv4pt5-227,534743,singles
2026-08-23T17:19:56+02:00,456,Hideki Ishikawa,hideki-ishikawa,PAF 228,228,751775,91,245,PAF,Pokémon,pokemon,14,https://images.tcggo.com/tcggo/storage/1981/paldean-fates-logo.png,Paldean Fates,EUR,1810.89,EUR,2341.33,2024-01-26,1,Scarlet & Violet,scarlet-violet,paldean-fates,0,2188,https://images.tcggo.com/tcggo/storage/2197/judge-paf-228-paldean-fates-pokemon.png,https://www.tcggo.com/external/cm/2188,https://www.tcggo.com/external/tcgplayer/2188,Judge,Judge 228,0.99,1.05,1557,EUR,[],,,,,,,,,0.49,0.7,0.7,0.5,0.5,0.49,0.5,0.5,0.05,0.05,,,,,,,,,,,,,,,,,,,,,,,,,,,,,,,,,,,,,,EUR,0.82,1.28,Ultra Rare,judge,Trainer,https://www.tcggo.com/pokemon/paldean-fates/judge-228,sv4pt5-228,534748,singles
2026-08-23T17:19:56+02:00,496,Cona Nitanda,cona-nitanda,PAF 230,230,751777,91,245,PAF,Pokémon,pokemon,14,https://images.tcggo.com/tcggo/storage/1981/paldean-fates-logo.png,Paldean Fates,EUR,1810.89,EUR,2341.33,2024-01-26,1,Scarlet & Violet,scarlet-violet,paldean-fates,0,2189,https://images.tcggo.com/tcggo/storage/2199/paldean-student-paf-230-paldean-fates-pokemon.png,https://www.tcggo.com/external/cm/2189,https://www.tcggo.com/external/tcgplayer/2189,Paldean Student,Paldean Student 230,0.73,0.88,2775,EUR,[],,,,,,,,,,,,0.5,0.5,,,,,,,,,,,,,,,,,,,,,,,,,,,,,,,,,,,,,,,,,,,EUR,0.64,0.85,Ultra Rare,paldean-student,Trainer,https://www.tcggo.com/pokemon/paldean-fates/paldean-student-230,sv4pt5-230,534757,singles
2026-08-23T17:19:56+02:00,463,Naoki Saito,naoki-saito,PAF 231,231,751778,91,245,PAF,Pokémon,pokemon,14,https://images.tcggo.com/tcggo/storage/1981/paldean-fates-logo.png,Paldean Fates,EUR,1810.89,EUR,2341.33,2024-01-26,1,Scarlet & Violet,scarlet-violet,paldean-fates,0,2190,https://images.tcggo.com/tcggo/storage/2200/paldean-student-paf-231-paldean-fates-pokemon.png,https://www.tcggo.com/external/cm/2190,https://www.tcggo.com/external/tcgplayer/2190,Paldean Student,Paldean Student 231,0.74,0.8,2994,EUR,[],,,,,,,,,0.4,0.24,0.24,0.5,0.5,0.4,0.2,0.2,0.05,0.05,,,,,,,,,,,,,,,,,,,,,,,,,,,,,,,,,,,,,,EUR,0.63,0.85,Ultra Rare,paldean-student,Trainer,https://www.tcggo.com/pokemon/paldean-fates/paldean-student-231,sv4pt5-231,534758,singles
2026-08-23T17:19:56+02:00,404,aspara,aspara,PAF 235,235,751782,91,245,PAF,Pokémon,pokemon,14,https://images.tcggo.com/tcggo/storage/1981/paldean-fates-logo.png,Paldean Fates,EUR,1810.89,EUR,2341.33,2024-01-26,1,Scarlet & Violet,scarlet-violet,paldean-fates,0,2191,https://images.tcggo.com/tcggo/storage/2201/arven-paf-235-paldean-fates-pokemon.png,https://www.tcggo.com/external/cm/2191,https://www.tcggo.com/external/tcgplayer/2191,Arven,Arven 235,6.23,6.01,466,EUR,,,,,45,,42,,30,5,5.5,5.5,11,11,5,6.05,6.05,4.74,4.74,,,,,,,,,,,,,,,,,,,,,,,,,,,,,,,,,,,,,,EUR,8.14,9.37,Special Illustration Rare,arven,Trainer,https://www.tcggo.com/pokemon/paldean-fates/arven-235,sv4pt5-235,535095,singles
2026-08-23T17:19:56+02:00,380,5ban Graphics,5ban-graphics,PAF 243,243,751790,91,245,PAF,Pokémon,pokemon,14,https://images.tcggo.com/tcggo/storage/1981/paldean-fates-logo.png,Paldean Fates,EUR,1810.89,EUR,2341.33,2024-01-26,1,Scarlet & Violet,scarlet-violet,paldean-fates,220,2192,https://images.tcggo.com/tcggo/storage/2202/miraidon-ex-paf-243-paldean-fates-pokemon.png,https://www.tcggo.com/external/cm/2192,https://www.tcggo.com/external/tcgplayer/2192,Miraidon ex,Miraidon ex 243,12.35,11.43,224,EUR,,,,,,,99,,,8.98,12,12,10,10,8.98,20,20,7,7,USD,207.25,1,,,22.57,2,,,,,19.9,2,,,16.05,1,148.45,5,,,9.48,2,21.38,5,,,,,,,151.65,1,,,,,EUR,13.56,10.07,Hyper Rare,miraidon-ex,Pokémon,https://www.tcggo.com/pokemon/paldean-fates/miraidon-ex-243,sv4pt5-243,535124,singles
2026-08-23T17:19:56+02:00,426,Akira Komayama,akira-komayama,PAF 211,211,751750,91,245,PAF,Pokémon,pokemon,14,https://images.tcggo.com/tcggo/storage/1981/paldean-fates-logo.png,Paldean Fates,EUR,1810.89,EUR,2341.33,2024-01-26,1,Scarlet & Violet,scarlet-violet,paldean-fates,110,2193,https://images.tcggo.com/tcggo/storage/2203/flamigo-paf-211-paldean-fates-pokemon.png,https://www.tcggo.com/external/cm/2193,https://www.tcggo.com/external/tcgplayer/2193,Flamigo,Flamigo 211,2.7,2.51,270,EUR,[],,,,,,,,,1.99,1.99,1.99,3.75,3.75,1.99,3,3,1.45,1.5,,,,,,,,,,,,,,,,,,,,,,,,,,,,,,,,,,,,,,EUR,2.9,2.55,Shiny Rare,flamigo,Pokémon,https://www.tcggo.com/pokemon/paldean-fates/flamigo-211,sv4pt5-211,535217,singles
2026-08-23T17:19:56+02:00,475,PLANETA Tsuji,planeta-tsuji,PAF 215,215,751754,91,245,PAF,Pokémon,pokemon,14,https://images.tcggo.com/tcggo/storage/1981/paldean-fates-logo.png,Paldean Fates,EUR,1810.89,EUR,2341.33,2024-01-26,1,Scarlet & Violet,scarlet-violet,paldean-fates,310,2194,https://images.tcggo.com/tcggo/storage/2204/alakazam-ex-paf-215-paldean-fates-pokemon.png,https://www.tcggo.com/external/cm/2194,https://www.tcggo.com/external/tcgplayer/2194,Alakazam ex,Alakazam ex 215,3.4,3.53,445,EUR,,,,,90,,150,,,2,2.89,2.89,3.5,3.5,2,4,4,1,1,,,,,,,,,,,,,,,,,,,,,,,,,,,,,,,,,,,,,,EUR,5.96,4.25,Shiny Ultra Rare,alakazam-ex,Pokémon,https://www.tcggo.com/pokemon/paldean-fates/alakazam-ex-215,sv4pt5-215,535524,singles
2026-08-23T17:19:56+02:00,371,aky CG Works,aky-cg-works,PAF 216,216,751763,91,245,PAF,Pokémon,pokemon,14,https://images.tcggo.com/tcggo/storage/1981/paldean-fates-logo.png,Paldean Fates,EUR,1810.89,EUR,2341.33,2024-01-26,1,Scarlet & Violet,scarlet-violet,paldean-fates,180,2195,https://images.tcggo.com/tcggo/storage/2205/mew-ex-paf-216-paldean-fates-pokemon.png,https://www.tcggo.com/external/cm/2195,https://www.tcggo.com/external/tcgplayer/2195,Mew ex,Mew ex 216,18.93,19.84,325,EUR,,,,,350,80,375,,129,19,19.9,19.9,24,24,19,17,17.5,8.95,8.95,USD,161.84,5,,,39.63,5,,,,,178.4,5,,,34.51,5,234.91,5,,,35.68,5,51.29,5,78.97,2,,,,,208.15,5,,,53.52,5,EUR,31.06,29.91,Shiny Ultra Rare,mew-ex,Pokémon,https://www.tcggo.com/pokemon/paldean-fates/mew-ex-216,sv4pt5-216,535527,singles
2026-08-23T17:19:56+02:00,489,N-DESIGN Inc.,n-design-inc,PAF 217,217,751764,91,245,PAF,Pokémon,pokemon,14,https://images.tcggo.com/tcggo/storage/1981/paldean-fates-logo.png,Paldean Fates,EUR,1810.89,EUR,2341.33,2024-01-26,1,Scarlet & Violet,scarlet-violet,paldean-fates,310,2196,https://images.tcggo.com/tcggo/storage/2206/gardevoir-ex-paf-217-paldean-fates-pokemon.png,https://www.tcggo.com/external/cm/2196,https://www.tcggo.com/external/tcgplayer/2196,Gardevoir ex,Gardevoir ex 217,5.26,4.44,401,EUR,,,,,60,,85,,50,4,3.5,3.5,7,7,4,4,4,1.8,1.8,USD,,,,,,,,,,,40,4,,,,,90,5,15.5,1,18,5,18,5,,,,,,,95,1,,,,,EUR,7.42,7.34,Shiny Ultra Rare,gardevoir-ex,Pokémon,https://www.tcggo.com/pokemon/paldean-fates/gardevoir-ex-217,sv4pt5-217,535530,singles
2026-08-23T17:19:56+02:00,380,5ban Graphics,5ban-graphics,PAF 218,218,281828,91,245,PAF,Pokémon,pokemon,14,https://images.tcggo.com/tcggo/storage/1981/paldean-fates-logo.png,Paldean Fates,EUR,1810.89,EUR,2341.33,2024-01-26,1,Scarlet & Violet,scarlet-violet,paldean-fates,270,2197,https://images.tcggo.com/tcggo/storage/2208/glimmora-ex-paf-218-paldean-fates-pokemon.png,https://www.tcggo.com/external/cm/2197,https://www.tcggo.com/external/tcgplayer/2197,Glimmora ex,Glimmora ex 218,11.45,9.87,100,EUR,[],,,,,,,,,0.7,0.5,0.5,0.9,0.9,0.7,0.8,0.8,0.19,0.19,,,,,,,,,,,,,,,,,,,,,,,,,,,,,,,,,,,,,,EUR,1.12,0.85,Shiny Ultra Rare,glimmora-ex,Pokémon,https://www.tcggo.com/pokemon/paldean-fates/glimmora-ex-218,sv4pt5-218,535534,singles
2026-08-23T17:19:56+02:00,384,PLANETA Mochizuki,planeta-mochizuki,PAF 219,219,751766,91,245,PAF,Pokémon,pokemon,14,https://images.tcggo.com/tcggo/storage/1981/paldean-fates-logo.png,Paldean Fates,EUR,1810.89,EUR,2341.33,2024-01-26,1,Scarlet & Violet,scarlet-violet,paldean-fates,280,2198,https://images.tcggo.com/tcggo/storage/2207/paldean-clodsire-ex-paf-219-paldean-fates-pokemon.png,https://www.tcggo.com/external/cm/2198,https://www.tcggo.com/external/tcgplayer/2198,Paldean Clodsire ex,Paldean Clodsire ex 219,1.29,1.24,759,EUR,[],,,,,,,,,0.98,1,1,1,1,0.98,1,1,0.4,0.4,,,,,,,,,,,,,,,,,,,,,,,,,,,,,,,,,,,,,,EUR,2.31,1.56,Shiny Ultra Rare,paldean-clodsire-ex,Pokémon,https://www.tcggo.com/pokemon/paldean-fates/paldean-clodsire-ex-219,sv4pt5-219,535537,singles
2026-08-23T17:19:56+02:00,457,Eske Yoshinob,eske-yoshinob,PAF 220,220,751767,91,245,PAF,Pokémon,pokemon,14,https://images.tcggo.com/tcggo/storage/1981/paldean-fates-logo.png,Paldean Fates,EUR,1810.89,EUR,2341.33,2024-01-26,1,Scarlet & Violet,scarlet-violet,paldean-fates,260,2199,https://images.tcggo.com/tcggo/storage/2209/noivern-ex-paf-220-paldean-fates-pokemon.png,https://www.tcggo.com/external/cm/2199,https://www.tcggo.com/external/tcgplayer/2199,Noivern ex,Noivern ex 220,1.55,1.54,799,EUR,[],,,,,,,,,0.98,1,1,1.45,1.45,0.98,1.45,1.49,0.38,0.38,,,,,,,,,,,,,,,,,,,,,,,,,,,,,,,,,,,,,,EUR,1.27,1.5,Shiny Ultra Rare,noivern-ex,Pokémon,https://www.tcggo.com/pokemon/paldean-fates/noivern-ex-220,sv4pt5-220,535541,singles
2026-08-23T17:19:56+02:00,431,Tetsu Kayama,tetsu-kayama,PAF 224,224,751771,91,245,PAF,Pokémon,pokemon,14,https://images.tcggo.com/tcggo/storage/1981/paldean-fates-logo.png,Paldean Fates,EUR,1810.89,EUR,2341.33,2024-01-26,1,Scarlet & Violet,scarlet-violet,paldean-fates,90,2200,https://images.tcggo.com/tcggo/storage/2210/wugtrio-paf-224-paldean-fates-pokemon.png,https://www.tcggo.com/external/cm/2200,https://www.tcggo.com/external/tcgplayer/2200,Wugtrio,Wugtrio 224,1.3,1.26,1995,EUR,[],,,,,,,,,0.75,0.9,0.9,1,1,0.85,0.8,1,0.49,0.49,,,,,,,,,,,,,,,,,,,,,,,,,,,,,,,,,,,,,,EUR,2.14,1.63,Illustration Rare,wugtrio,Pokémon,https://www.tcggo.com/pokemon/paldean-fates/wugtrio-224,sv4pt5-224,534731,singles
2026-08-23T17:19:56+02:00,366,Kuroimori,kuroimori,PAF 233,233,751780,91,245,PAF,Pokémon,pokemon,14,https://images.tcggo.com/tcggo/storage/1981/paldean-fates-logo.png,Paldean Fates,EUR,1810.89,EUR,2341.33,2024-01-26,1,Scarlet & Violet,scarlet-violet,paldean-fates,310,2201,https://images.tcggo.com/tcggo/storage/2212/gardevoir-ex-paf-233-paldean-fates-pokemon.png,https://www.tcggo.com/external/cm/2201,https://www.tcggo.com/external/tcgplayer/2201,Gardevoir ex,Gardevoir ex 233,153.9,151.91,268,EUR,,,,,207,,380,,175,139,145.99,145.99,145,145,139,150,150,83.95,83.95,USD,197.94,5,,,109.13,5,,,,,152.02,5,120.6,2,134.99,5,327.09,5,,,135.59,5,156.87,5,,,,,,,334.52,5,,,164.19,5,EUR,151.64,119.66,Special Illustration Rare,gardevoir-ex,Pokémon,https://www.tcggo.com/pokemon/paldean-fates/gardevoir-ex-233,sv4pt5-233,535085,singles
2026-08-23T17:19:56+02:00,412,Taiga Kayama,taiga-kayama,PAF 236,236,751783,91,245,PAF,Pokémon,pokemon,14,https://images.tcggo.com/tcggo/storage/1981/paldean-fates-logo.png,Paldean Fates,EUR,1810.89,EUR,2341.33,2024-01-26,1,Scarlet & Violet,scarlet-violet,paldean-fates,0,2202,https://images.tcggo.com/tcggo/storage/2211/clive-paf-236-paldean-fates-pokemon.png,https://www.tcggo.com/external/cm/2202,https://www.tcggo.com/external/tcgplayer/2202,Clive,Clive 236,20.6,20.32,249,EUR,,,,,80,,444,,,18,18,18,30,30,18,18,18,9.78,9.78,USD,69.43,5,,,34.68,5,,,19.36,1,69.99,5,,,15.38,2,178.69,5,,,20.07,5,30.62,5,,,,,,,120.15,2,8.55,1,19.5,1,EUR,20.47,15.02,Special Illustration Rare,clive,Trainer,https://www.tcggo.com/pokemon/paldean-fates/clive-236,sv4pt5-236,535098,singles
2026-08-23T17:19:56+02:00,371,aky CG Works,aky-cg-works,PAF 242,242,751789,91,245,PAF,Pokémon,pokemon,14,https://images.tcggo.com/tcggo/storage/1981/paldean-fates-logo.png,Paldean Fates,EUR,1810.89,EUR,2341.33,2024-01-26,1,Scarlet & Violet,scarlet-violet,paldean-fates,220,2203,https://images.tcggo.com/tcggo/storage/2213/chien-pao-ex-paf-242-paldean-fates-pokemon.png,https://www.tcggo.com/external/cm/2203,https://www.tcggo.com/external/tcgplayer/2203,Chien-Pao ex,Chien-Pao ex 242,7.92,8.14,239,EUR,,,,,,,60,,40,5,7,7,10,10,5,10,11.99,3.8,3.8,USD,,,,,24.95,1,,,7.1,1,22.43,5,,,8.97,1,89.71,5,,,18.73,1,16.14,5,,,,,,,85.11,2,,,,,EUR,9.25,6.83,Hyper Rare,chien-pao-ex,Pokémon,https://www.tcggo.com/pokemon/paldean-fates/chien-pao-ex-242,sv4pt5-242,535120,singles
2026-08-23T17:19:56+02:00,380,5ban Graphics,5ban-graphics,PAF 244,244,751791,91,245,PAF,Pokémon,pokemon,14,https://images.tcggo.com/tcggo/storage/1981/paldean-fates-logo.png,Paldean Fates,EUR,1810.89,EUR,2341.33,2024-01-26,1,Scarlet & Violet,scarlet-violet,paldean-fates,240,2204,https://images.tcggo.com/tcggo/storage/2214/ting-lu-ex-paf-244-paldean-fates-pokemon.png,https://www.tcggo.com/external/cm/2204,https://www.tcggo.com/external/tcgplayer/2204,Ting-Lu ex,Ting-Lu ex 244,5.83,5.74,281,EUR,,,,,,,85,,,4,5,5,6,6,4,9.89,9.89,1.99,1.99,,,,,,,,,,,,,,,,,,,,,,,,,,,,,,,,,,,,,,EUR,5.78,4.53,Hyper Rare,ting-lu-ex,Pokémon,https://www.tcggo.com/pokemon/paldean-fates/ting-lu-ex-244,sv4pt5-244,535127,singles
2026-08-23T17:19:56+02:00,379,Sanosuke Sakuma,sanosuke-sakuma,PAF 205,205,751744,91,245,PAF,Pokémon,pokemon,14,https://images.tcggo.com/tcggo/storage/1981/paldean-fates-logo.png,Paldean Fates,EUR,1810.89,EUR,2341.33,2024-01-26,1,Scarlet & Violet,scarlet-violet,paldean-fates,60,2205,https://images.tcggo.com/tcggo/storage/2215/skwovet-paf-205-paldean-fates-pokemon.png,https://www.tcggo.com/external/cm/2205,https://www.tcggo.com/external/tcgplayer/2205,Skwovet,Skwovet 205,2.87,2.67,247,EUR,[],,,,,,,,,2.69,2.5,2.5,2.9,2.9,2.69,3,3,1.48,1.48,USD,,,,,,,,,,,,,,,,,49.91,4,,,,,16.99,1,,,,,,,,,,,,,EUR,2.85,1.94,Shiny Rare,skwovet,Pokémon,https://www.tcggo.com/pokemon/paldean-fates/skwovet-205,sv4pt5-205,535201,singles
2026-08-23T17:19:56+02:00,484,Kagemaru Himeno,kagemaru-himeno,PAF 206,206,751745,91,245,PAF,Pokémon,pokemon,14,https://images.tcggo.com/tcggo/storage/1981/paldean-fates-logo.png,Paldean Fates,EUR,1810.89,EUR,2341.33,2024-01-26,1,Scarlet & Violet,scarlet-violet,paldean-fates,120,2206,https://images.tcggo.com/tcggo/storage/2216/greedent-paf-206-paldean-fates-pokemon.png,https://www.tcggo.com/external/cm/2206,https://www.tcggo.com/external/tcgplayer/2206,Greedent,Greedent 206,2.38,2.52,277,EUR,[],,,,,,,,,1.9,1.33,2,3.2,3.2,1.9,2,2,1.4,1.4,,,,,,,,,,,,,,,,,,,,,,,,,,,,,,,,,,,,,,EUR,2.13,1.71,Shiny Rare,greedent,Pokémon,https://www.tcggo.com/pokemon/paldean-fates/greedent-206,sv4pt5-206,535203,singles
2026-08-23T17:19:56+02:00,426,Akira Komayama,akira-komayama,PAF 207,207,751746,91,245,PAF,Pokémon,pokemon,14,https://images.tcggo.com/tcggo/storage/1981/paldean-fates-logo.png,Paldean Fates,EUR,1810.89,EUR,2341.33,2024-01-26,1,Scarlet & Violet,scarlet-violet,paldean-fates,70,2207,https://images.tcggo.com/tcggo/storage/2217/lechonk-paf-207-paldean-fates-pokemon.png,https://www.tcggo.com/external/cm/2207,https://www.tcggo.com/external/tcgplayer/2207,Lechonk,Lechonk 207,5.02,5.1,183,EUR,[],,,,,,,,,5,3.5,3.5,5,5,6,3.5,3.5,2,2,USD,,,,,,,,,,,29.25,2,,,9.5,1,107.5,1,,,50,1,29,4,,,,,,,,,,,,,EUR,14.8,6.56,Shiny Rare,lechonk,Pokémon,https://www.tcggo.com/pokemon/paldean-fates/lechonk-207,sv4pt5-207,535213,singles
2026-08-23T17:19:56+02:00,490,takuyoa,takuyoa,PAF 221,221,751768,91,245,PAF,Pokémon,pokemon,14,https://images.tcggo.com/tcggo/storage/1981/paldean-fates-logo.png,Paldean Fates,EUR,1810.89,EUR,2341.33,2024-01-26,1,Scarlet & Violet,scarlet-violet,paldean-fates,280,2208,https://images.tcggo.com/tcggo/storage/2218/pidgeot-ex-paf-221-paldean-fates-pokemon.png,https://www.tcggo.com/external/cm/2208,https://www.tcggo.com/external/tcgplayer/2208,Pidgeot ex,Pidgeot ex 221,2.5,2.7,763,EUR,,,,,,,,,19,1.8,1.79,1.8,2,2,1.8,1.8,1.8,0.91,0.91,,,,,,,,,,,,,,,,,,,,,,,,,,,,,,,,,,,,,,EUR,2.44,3.1,Shiny Ultra Rare,pidgeot-ex,Pokémon,https://www.tcggo.com/pokemon/paldean-fates/pidgeot-ex-221,sv4pt5-221,535559,singles
2026-08-23T17:19:56+02:00,526,Saki Hayashiro,saki-hayashiro,PAF 222,222,751769,91,245,PAF,Pokémon,pokemon,14,https://images.tcggo.com/tcggo/storage/1981/paldean-fates-logo.png,Paldean Fates,EUR,1810.89,EUR,2341.33,2024-01-26,1,Scarlet & Violet,scarlet-violet,paldean-fates,250,2209,https://images.tcggo.com/tcggo/storage/2219/wigglytuff-ex-paf-222-paldean-fates-pokemon.png,https://www.tcggo.com/external/cm/2209,https://www.tcggo.com/external/tcgplayer/2209,Wigglytuff ex,Wigglytuff ex 222,2,1.88,663,EUR,[],,,,,,,,,1.5,1.3,1.5,1.7,1.7,1.5,1.89,1.99,0.5,0.5,,,,,,,,,,,,,,,,,,,,,,,,,,,,,,,,,,,,,,EUR,2.5,1.7,Shiny Ultra Rare,wigglytuff-ex,Pokémon,https://www.tcggo.com/pokemon/paldean-fates/wigglytuff-ex-222,sv4pt5-222,535562,singles
2026-08-23T17:19:56+02:00,384,PLANETA Mochizuki,planeta-mochizuki,PAF 223,223,751770,91,245,PAF,Pokémon,pokemon,14,https://images.tcggo.com/tcggo/storage/1981/paldean-fates-logo.png,Paldean Fates,EUR,1810.89,EUR,2341.33,2024-01-26,1,Scarlet & Violet,scarlet-violet,paldean-fates,160,2210,https://images.tcggo.com/tcggo/storage/2220/squawkabilly-ex-paf-223-paldean-fates-pokemon.png,https://www.tcggo.com/external/cm/2210,https://www.tcggo.com/external/tcgplayer/2210,Squawkabilly ex,Squawkabilly ex 223,1.36,1.3,930,EUR,[],,,,,,,,,0.8,0.2,0.2,1.35,1.35,0.8,0.95,0.95,0.3,0.3,,,,,,,,,,,,,,,,,,,,,,,,,,,,,,,,,,,,,,EUR,1.29,1.07,Shiny Ultra Rare,squawkabilly-ex,Pokémon,https://www.tcggo.com/pokemon/paldean-fates/squawkabilly-ex-223,sv4pt5-223,535654,singles
2026-08-23T17:19:56+02:00,379,Sanosuke Sakuma,sanosuke-sakuma,PAF 229,229,751776,91,245,PAF,Pokémon,pokemon,14,https://images.tcggo.com/tcggo/storage/1981/paldean-fates-logo.png,Paldean Fates,EUR,1810.89,EUR,2341.33,2024-01-26,1,Scarlet & Violet,scarlet-violet,paldean-fates,0,2211,https://images.tcggo.com/tcggo/storage/2221/nemona-paf-229-paldean-fates-pokemon.png,https://www.tcggo.com/external/cm/2211,https://www.tcggo.com/external/tcgplayer/2211,Nemona,Nemona 229,0.84,0.7,2622,EUR,[],,,,,,,,,0.19,0.25,0.25,0.95,0.95,0.19,0.5,0.5,0.1,0.1,,,,,,,,,,,,,,,,,,,,,,,,,,,,,,,,,,,,,,EUR,0.65,0.85,Ultra Rare,nemona,Trainer,https://www.tcggo.com/pokemon/paldean-fates/nemona-229,sv4pt5-229,534754,singles
2026-08-23T17:19:56+02:00,434,AKIRA EGAWA,akira-egawa,PAF 234,234,751781,91,245,PAF,Pokémon,pokemon,14,https://images.tcggo.com/tcggo/storage/1981/paldean-fates-logo.png,Paldean Fates,EUR,1810.89,EUR,2341.33,2024-01-26,1,Scarlet & Violet,scarlet-violet,paldean-fates,330,2212,https://images.tcggo.com/tcggo/storage/2222/charizard-ex-paf-234-paldean-fates-pokemon.png,https://www.tcggo.com/external/cm/2212,https://www.tcggo.com/external/tcgplayer/2212,Charizard ex,Charizard ex 234,250.95,216.54,386,EUR,,549,245,,449,,699,,255,220,199,199,250,250,220,225,225,150,150,USD,337.79,5,,,193.63,5,3000,1,293.17,5,257.92,5,,,223.77,5,606.31,5,201.22,5,237.74,5,246.71,5,354.03,1,,,249.98,2,784.99,5,,,297.68,5,EUR,244.67,276.06,Special Illustration Rare,charizard-ex,Pokémon,https://www.tcggo.com/pokemon/paldean-fates/charizard-ex-234,sv4pt5-234,535090,singles
2026-08-23T17:19:56+02:00,527,hanabushi,hanabushi,PAF 237,237,751784,91,245,PAF,Pokémon,pokemon,14,https://images.tcggo.com/tcggo/storage/1981/paldean-fates-logo.png,Paldean Fates,EUR,1810.89,EUR,2341.33,2024-01-26,1,Scarlet & Violet,scarlet-violet,paldean-fates,0,2213,https://images.tcggo.com/tcggo/storage/2223/iono-paf-237-paldean-fates-pokemon.png,https://www.tcggo.com/external/cm/2213,https://www.tcggo.com/external/tcgplayer/2213,Iono,Iono 237,19.87,22.31,501,EUR,,,,,70,,33,,39,18,17,17,22,22,19,18,18,11,11,USD,59.99,5,,,25.99,5,,,,,46.37,5,,,15.5,1,85.22,5,17.84,1,22.43,5,26.91,5,,,,,,,70.5,2,,,20.66,2,EUR,22.07,24.78,Special Illustration Rare,iono,Trainer,https://www.tcggo.com/pokemon/paldean-fates/iono-237,sv4pt5-237,535101,singles
2026-08-23T17:19:56+02:00,404,aspara,aspara,PAF 239,239,751786,91,245,PAF,Pokémon,pokemon,14,https://images.tcggo.com/tcggo/storage/1981/paldean-fates-logo.png,Paldean Fates,EUR,1810.89,EUR,2341.33,2024-01-26,1,Scarlet & Violet,scarlet-violet,paldean-fates,0,2214,https://images.tcggo.com/tcggo/storage/2224/penny-paf-239-paldean-fates-pokemon.png,https://www.tcggo.com/external/cm/2214,https://www.tcggo.com/external/tcgplayer/2214,Penny,Penny 239,13.11,11.46,295,EUR,,,,,,,250,29,45,10,11,11,14,14,10,24,24,7,7,USD,89.19,2,,,32.98,1,,,14.89,1,137.32,5,,,20.33,5,87.48,5,10.42,3,25.65,5,26.58,5,,,,,24.99,1,106.69,4,,,15,1,EUR,13.43,19.68,Special Illustration Rare,penny,Trainer,https://www.tcggo.com/pokemon/paldean-fates/penny-239,sv4pt5-239,535108,singles
2026-08-23T17:19:56+02:00,380,5ban Graphics,5ban-graphics,PAF 240,240,751787,91,245,PAF,Pokémon,pokemon,14,https://images.tcggo.com/tcggo/storage/1981/paldean-fates-logo.png,Paldean Fates,EUR,1810.89,EUR,2341.33,2024-01-26,1,Scarlet & Violet,scarlet-violet,paldean-fates,230,2215,https://images.tcggo.com/tcggo/storage/2225/wo-chien-ex-paf-240-paldean-fates-pokemon.png,https://www.tcggo.com/external/cm/2215,https://www.tcggo.com/external/tcgplayer/2215,Wo-Chien ex,Wo-Chien ex 240,6.67,6.75,272,EUR,,,,,,,75,,30,5.25,6,5,5,5,5.25,7.45,7.45,3.9,3.9,USD,,,,,15.88,4,,,,,16.49,4,,,0.96,1,97.55,5,7.02,1,,,17.5,5,,,,,,,,,,,,,EUR,5.94,5.66,Hyper Rare,wo-chien-ex,Pokémon,https://www.tcggo.com/pokemon/paldean-fates/wo-chien-ex-240,sv4pt5-240,535112,singles
2026-08-23T17:19:56+02:00,411,PLANETA Yamashita,planeta-yamashita,PAF 241,241,751788,91,245,PAF,Pokémon,pokemon,14,https://images.tcggo.com/tcggo/storage/1981/paldean-fates-logo.png,Paldean Fates,EUR,1810.89,EUR,2341.33,2024-01-26,1,Scarlet & Violet,scarlet-violet,paldean-fates,190,2216,https://images.tcggo.com/tcggo/storage/2226/chi-yu-ex-paf-241-paldean-fates-pokemon.png,https://www.tcggo.com/external/cm/2216,https://www.tcggo.com/external/tcgplayer/2216,Chi-Yu ex,Chi-Yu ex 241,7.94,7.99,221,EUR,,,,,,,99,,50,7.49,7.99,7.99,7.4,7.4,7.49,10.8,10.88,4,4,USD,54.95,1,,,,,,,,,50.75,2,,,,,71.36,5,,,,,26.76,5,,,,,,,68.39,1,,,,,EUR,10.49,8.44,Hyper Rare,chi-yu-ex,Pokémon,https://www.tcggo.com/pokemon/paldean-fates/chi-yu-ex-241,sv4pt5-241,535116,singles
2026-08-23T17:19:56+02:00,371,aky CG Works,aky-cg-works,PAF 245,245,751792,91,245,PAF,Pokémon,pokemon,14,https://images.tcggo.com/tcggo/storage/1981/paldean-fates-logo.png,Paldean Fates,EUR,1810.89,EUR,2341.33,2024-01-26,1,Scarlet & Violet,scarlet-violet,paldean-fates,230,2217,https://images.tcggo.com/tcggo/storage/2227/koraidon-ex-paf-245-paldean-fates-pokemon.png,https://www.tcggo.com/external/cm/2217,https://www.tcggo.com/external/tcgplayer/2217,Koraidon ex,Koraidon ex 245,12.94,13.19,196,EUR,,,,,,,199,,55,11,7.04,11.8,12,12,12.49,14.99,14.99,8,8,USD,117.69,2,,,,,,,,,29.42,1,,,3.16,1,106.68,5,,,9.17,2,20.52,5,31.07,2,,,,,30.48,1,17.84,1,,,EUR,11.46,10.43,Hyper Rare,koraidon-ex,Pokémon,https://www.tcggo.com/pokemon/paldean-fates/koraidon-ex-245,sv4pt5-245,535134,singles
