captured_at,artist.id,artist.name,artist.slug,card_code_number,card_number,cardmarket_id,episode.cards_printed_total,episode.cards_total,episode.code,episode.game.name,episode.game.slug,episode.id,episode.logo,episode.name,episode.prices.cardmarket.currency,episode.prices.cardmarket.total,episode.prices.tcgplayer.currency,episode.prices.tcgplayer.total,episode.released_at,episode.series.id,episode.series.name,episode.series.slug,episode.slug,hp,id,image,links.cardmarket,links.tcgplayer,name,name_numbered,prices.cardmarket.30d_average,prices.cardmarket.7d_average,prices.cardmarket.available_items,prices.cardmarket.currency,prices.cardmarket.graded,prices.cardmarket.graded.bgs.bgs10,prices.cardmarket.graded.bgs.bgs9,prices.cardmarket.graded.cgc.cgc10,prices.cardmarket.graded.cgc.cgc9,prices.cardmarket.graded.psa.psa10,prices.cardmarket.graded.psa.psa8,prices.cardmarket.graded.psa.psa9,prices.cardmarket.lowest_near_mint,prices.cardmarket.lowest_near_mint_DE,prices.cardmarket.lowest_near_mint_DE_EU_only,prices.cardmarket.lowest_near_mint_ES,prices.cardmarket.lowest_near_mint_ES_EU_only,prices.cardmarket.lowest_near_mint_EU_only,prices.cardmarket.lowest_near_mint_FR,prices.cardmarket.lowest_near_mint_FR_EU_only,prices.cardmarket.lowest_near_mint_IT,prices.cardmarket.lowest_near_mint_IT_EU_only,prices.ebay.currency,prices.ebay.graded.ace.10.median_price,prices.ebay.graded.ace.10.sample_size,prices.ebay.graded.ace.7.median_price,prices.ebay.graded.ace.7.sample_size,prices.ebay.graded.ace.8.median_price,prices.ebay.graded.ace.8.sample_size,prices.ebay.graded.ace.9.median_price,prices.ebay.graded.ace.9.sample_size,prices.ebay.graded.bgs.9.median_price,prices.ebay.graded.bgs.9.sample_size,prices.ebay.graded.cgc.10.median_price,prices.ebay.graded.cgc.10.sample_size,prices.ebay.graded.cgc.7.median_price,prices.ebay.graded.cgc.7.sample_size,prices.ebay.graded.cgc.8.median_price,prices.ebay.graded.cgc.8.sample_size,prices.ebay.graded.cgc.9.median_price,prices.ebay.graded.cgc.9.sample_size,prices.ebay.graded.psa.10.median_price,prices.ebay.graded.psa.10.sample_size,prices.ebay.graded.psa.7.median_price,prices.ebay.graded.psa.7.sample_size,prices.ebay.graded.psa.8.median_price,prices.ebay.graded.psa.8.sample_size,prices.ebay.graded.psa.9.median_price,prices.ebay.graded.psa.9.sample_size,prices.ebay.graded.sgc.10.median_price,prices.ebay.graded.sgc.10.sample_size,prices.ebay.graded.sgc.9.median_price,prices.ebay.graded.sgc.9.sample_size,prices.ebay.graded.tag.10.median_price,prices.ebay.graded.tag.10.sample_size,prices.ebay.graded.tag.9.median_price,prices.ebay.graded.tag.9.sample_size,prices.tcg_player.currency,prices.tcg_player.market_price,prices.tcg_player.mid_price,rarity,slug,supertype,tcggo_url,tcgid,tcgplayer_id,type
2026-08-23T17:19:56+02:00,526,Saki Hayashiro,saki-hayashiro,SCR 1,1,785852,142,175,SCR,Pokémon,pokemon,10,https://images.tcggo.com/tcggo/storage/1257/stellar-crown-logo.png,Stellar Crown,EUR,379.37,EUR,533.58,2024-09-13,1,Scarlet & Violet,scarlet-violet,stellar-crown,340,1255,https://images.tcggo.com/tcggo/storage/1259/venusaur-ex-scr-1-stellar-crown-pokemon.png,https://www.tcggo.com/external/cm/1255,https://www.tcggo.com/external/tcgplayer/1255,Venusaur ex,Venusaur ex 1,1.57,1.55,,EUR,[],,,,,,,,0.8,1.49,1.49,1,1,0.8,1,1,0.3,0.3,USD,,,,,,,22.54,1,,,34.73,1,,,,,,,83.54,2,,,,,26.69,1,,,,,,,,,EUR,1.45,1.07,Double Rare,venusaur-ex,Pokémon,https://www.tcggo.com/pokemon/stellar-crown/venusaur-ex-1,sv7-1,567227,singles
2026-08-23T17:19:56+02:00,432,Whisker,whisker,SCR 2,2,785855,142,175,SCR,Pokémon,pokemon,10,https://images.tcggo.com/tcggo/storage/1257/stellar-crown-logo.png,Stellar Crown,EUR,379.37,EUR,533.58,2024-09-13,1,Scarlet & Violet,scarlet-violet,stellar-crown,60,1256,https://images.tcggo.com/tcggo/storage/1260/ledyba-scr-2-stellar-crown-pokemon.png,https://www.tcggo.com/external/cm/1256,https://www.tcggo.com/external/tcgplayer/1256,Ledyba,Ledyba 2,0.03,0.04,10638,EUR,[],,,,,,,,0.02,0.02,0.02,0.02,0.02,0.02,0.02,0.02,0.02,0.02,,,,,,,,,,,,,,,,,,,,,,,,,,,,,,,,,,,,EUR,0.21,0.09,Common,ledyba,Pokémon,https://www.tcggo.com/pokemon/stellar-crown/ledyba-2,sv7-2,567228,singles
2026-08-23T17:19:56+02:00,420,Masako Tomii,masako-tomii,SCR 3,3,785856,142,175,SCR,Pokémon,pokemon,10,https://images.tcggo.com/tcggo/storage/1257/stellar-crown-logo.png,Stellar Crown,EUR,379.37,EUR,533.58,2024-09-13,1,Scarlet & Violet,scarlet-violet,stellar-crown,90,1257,https://images.tcggo.com/tcggo/storage/1261/ledian-scr-3-stellar-crown-pokemon.png,https://www.tcggo.com/external/cm/1257,https://www.tcggo.com/external/tcgplayer/1257,Ledian,Ledian 3,0.18,0.14,1321,EUR,[],,,,,,,,0.02,0.05,0.05,0.02,0.02,0.02,0.02,0.02,0.02,0.02,,,,,,,,,,,,,,,,,,,,,,,,,,,,,,,,,,,,EUR,0.22,0.13,rare,ledian,Pokémon,https://www.tcggo.com/pokemon/stellar-crown/ledian-3,sv7-3,567229,singles
2026-08-23T17:19:56+02:00,361,Ounishi,ounishi,SCR 5,5,785858,142,175,SCR,Pokémon,pokemon,10,https://images.tcggo.com/tcggo/storage/1257/stellar-crown-logo.png,Stellar Crown,EUR,379.37,EUR,533.58,2024-09-13,1,Scarlet & Violet,scarlet-violet,stellar-crown,100,1258,https://images.tcggo.com/tcggo/storage/1262/lileep-scr-5-stellar-crown-pokemon.png,https://www.tcggo.com/external/cm/1258,https://www.tcggo.com/external/tcgplayer/1258,Lileep,Lileep 5,0.04,0.04,8855,EUR,[],,,,,,,,0.02,0.02,0.02,0.02,0.02,0.02,0.02,0.02,0.02,0.02,,,,,,,,,,,,,,,,,,,,,,,,,,,,,,,,,,,,EUR,0.24,0.11,Common,lileep,Pokémon,https://www.tcggo.com/pokemon/stellar-crown/lileep-5,sv7-5,567231,singles
2026-08-23T17:19:56+02:00,417,satoma,satoma,SCR 4,4,785857,142,175,SCR,Pokémon,pokemon,10,https://images.tcggo.com/tcggo/storage/1257/stellar-crown-logo.png,Stellar Crown,EUR,379.37,EUR,533.58,2024-09-13,1,Scarlet & Violet,scarlet-violet,stellar-crown,80,1259,https://images.tcggo.com/tcggo/storage/1263/celebi-scr-4-stellar-crown-pokemon.png,https://www.tcggo.com/external/cm/1259,https://www.tcggo.com/external/tcgplayer/1259,Celebi,Celebi 4,0.05,0.06,9295,EUR,[],,,,,,,,0.02,0.02,0.02,0.02,0.02,0.02,0.02,0.02,0.02,0.02,,,,,,,,,,,,,,,,,,,,,,,,,,,,,,,,,,,,EUR,0.21,0.13,Uncommon,celebi,Pokémon,https://www.tcggo.com/pokemon/stellar-crown/celebi-4,sv7-4,567230,singles
2026-08-23T17:19:56+02:00,449,miki kudo,miki-kudo,SCR 6,6,785859,142,175,SCR,Pokémon,pokemon,10,https://images.tcggo.com/tcggo/storage/1257/stellar-crown-logo.png,Stellar Crown,EUR,379.37,EUR,533.58,2024-09-13,1,Scarlet & Violet,scarlet-violet,stellar-crown,150,1260,https://images.tcggo.com/tcggo/storage/1264/cradily-scr-6-stellar-crown-pokemon.png,https://www.tcggo.com/external/cm/1260,https://www.tcggo.com/external/tcgplayer/1260,Cradily,Cradily 6,0.07,0.09,8358,EUR,[],,,,,,,,0.02,0.02,0.02,0.02,0.02,0.02,0.02,0.02,0.02,0.02,,,,,,,,,,,,,,,,,,,,,,,,,,,,,,,,,,,,EUR,0.24,0.15,rare,cradily,Pokémon,https://www.tcggo.com/pokemon/stellar-crown/cradily-6,sv7-6,567232,singles
2026-08-23T17:19:56+02:00,424,Mousho,mousho,SCR 7,7,785860,142,175,SCR,Pokémon,pokemon,10,https://images.tcggo.com/tcggo/storage/1257/stellar-crown-logo.png,Stellar Crown,EUR,379.37,EUR,533.58,2024-09-13,1,Scarlet & Violet,scarlet-violet,stellar-crown,110,1261,https://images.tcggo.com/tcggo/storage/1265/carnivine-scr-7-stellar-crown-pokemon.png,https://www.tcggo.com/external/cm/1261,https://www.tcggo.com/external/tcgplayer/1261,Carnivine,Carnivine 7,0.03,0.02,9428,EUR,[],,,,,,,,0.03,0.02,0.02,0.02,0.02,0.02,0.02,0.02,0.02,0.02,,,,,,,,,,,,,,,,,,,,,,,,,,,,,,,,,,,,EUR,0.18,0.09,Common,carnivine,Pokémon,https://www.tcggo.com/pokemon/stellar-crown/carnivine-7,sv7-7,567233,singles
2026-08-23T17:19:56+02:00,386,Jerky,jerky,SCR 9,9,785862,142,175,SCR,Pokémon,pokemon,10,https://images.tcggo.com/tcggo/storage/1257/stellar-crown-logo.png,Stellar Crown,EUR,379.37,EUR,533.58,2024-09-13,1,Scarlet & Violet,scarlet-violet,stellar-crown,70,1262,https://images.tcggo.com/tcggo/storage/1266/grubbin-scr-9-stellar-crown-pokemon.png,https://www.tcggo.com/external/cm/1262,https://www.tcggo.com/external/tcgplayer/1262,Grubbin,Grubbin 9,0.03,0.03,9616,EUR,[],,,,,,,,0.02,0.02,0.02,0.02,0.02,0.02,0.02,0.02,0.02,0.02,,,,,,,,,,,,,,,,,,,,,,,,,,,,,,,,,,,,EUR,0.18,0.09,Common,grubbin,Pokémon,https://www.tcggo.com/pokemon/stellar-crown/grubbin-9,sv7-9,567235,singles
2026-08-23T17:19:56+02:00,545,Amelicart,amelicart,SCR 8,8,785861,142,175,SCR,Pokémon,pokemon,10,https://images.tcggo.com/tcggo/storage/1257/stellar-crown-logo.png,Stellar Crown,EUR,379.37,EUR,533.58,2024-09-13,1,Scarlet & Violet,scarlet-violet,stellar-crown,90,1263,https://images.tcggo.com/tcggo/storage/1267/mow-rotom-scr-8-stellar-crown-pokemon.png,https://www.tcggo.com/external/cm/1263,https://www.tcggo.com/external/tcgplayer/1263,Mow Rotom,Mow Rotom 8,0.03,0.04,9587,EUR,[],,,,,,,,0.02,0.02,0.02,0.02,0.02,0.02,0.02,0.02,0.02,0.02,,,,,,,,,,,,,,,,,,,,,,,,,,,,,,,,,,,,EUR,0.2,0.09,Common,mow-rotom,Pokémon,https://www.tcggo.com/pokemon/stellar-crown/mow-rotom-8,sv7-8,567234,singles
2026-08-23T17:19:56+02:00,782,Heisuke Kitazawa,heisuke-kitazawa,SCR 10,10,785863,142,175,SCR,Pokémon,pokemon,10,https://images.tcggo.com/tcggo/storage/1257/stellar-crown-logo.png,Stellar Crown,EUR,379.37,EUR,533.58,2024-09-13,1,Scarlet & Violet,scarlet-violet,stellar-crown,60,1264,https://images.tcggo.com/tcggo/storage/1268/gossifleur-scr-10-stellar-crown-pokemon.png,https://www.tcggo.com/external/cm/1264,https://www.tcggo.com/external/tcgplayer/1264,Gossifleur,Gossifleur 10,0.03,0.03,9605,EUR,[],,,,,,,,0.02,0.02,0.02,0.02,0.02,0.02,0.02,0.02,0.02,0.02,,,,,,,,,,,,,,,,,,,,,,,,,,,,,,,,,,,,EUR,0.2,0.1,Common,gossifleur,Pokémon,https://www.tcggo.com/pokemon/stellar-crown/gossifleur-10,sv7-10,567236,singles
2026-08-23T17:19:56+02:00,824,Yuka Tanaka,yuka-tanaka,SCR 11,11,785864,142,175,SCR,Pokémon,pokemon,10,https://images.tcggo.com/tcggo/storage/1257/stellar-crown-logo.png,Stellar Crown,EUR,379.37,EUR,533.58,2024-09-13,1,Scarlet & Violet,scarlet-violet,stellar-crown,90,1265,https://images.tcggo.com/tcggo/storage/1269/eldegoss-scr-11-stellar-crown-pokemon.png,https://www.tcggo.com/external/cm/1265,https://www.tcggo.com/external/tcgplayer/1265,Eldegoss,Eldegoss 11,0.03,0.03,10526,EUR,[],,,,,,,,0.02,0.02,0.02,0.02,0.02,0.02,0.02,0.02,0.02,0.02,,,,,,,,,,,,,,,,,,,,,,,,,,,,,,,,,,,,EUR,0.19,0.09,Uncommon,eldegoss,Pokémon,https://www.tcggo.com/pokemon/stellar-crown/eldegoss-11,sv7-11,567237,singles
2026-08-23T17:19:56+02:00,357,Yoriyuki Ikegami,yoriyuki-ikegami,SCR 12,12,785865,142,175,SCR,Pokémon,pokemon,10,https://images.tcggo.com/tcggo/storage/1257/stellar-crown-logo.png,Stellar Crown,EUR,379.37,EUR,533.58,2024-09-13,1,Scarlet & Violet,scarlet-violet,stellar-crown,40,1266,https://images.tcggo.com/tcggo/storage/1270/applin-scr-12-stellar-crown-pokemon.png,https://www.tcggo.com/external/cm/1266,https://www.tcggo.com/external/tcgplayer/1266,Applin,Applin 12,0.06,0.07,9043,EUR,[],,,,,,,,0.02,0.02,0.02,0.02,0.02,0.02,0.02,0.02,0.02,0.02,,,,,,,,,,,,,,,,,,,,,,,,,,,,,,,,,,,,EUR,0.26,0.11,Common,applin,Pokémon,https://www.tcggo.com/pokemon/stellar-crown/applin-12,sv7-12,567238,singles
2026-08-23T17:19:56+02:00,377,Souichirou Gunjima,souichirou-gunjima,SCR 13,13,785866,142,175,SCR,Pokémon,pokemon,10,https://images.tcggo.com/tcggo/storage/1257/stellar-crown-logo.png,Stellar Crown,EUR,379.37,EUR,533.58,2024-09-13,1,Scarlet & Violet,scarlet-violet,stellar-crown,90,1267,https://images.tcggo.com/tcggo/storage/1271/dipplin-scr-13-stellar-crown-pokemon.png,https://www.tcggo.com/external/cm/1267,https://www.tcggo.com/external/tcgplayer/1267,Dipplin,Dipplin 13,0.05,0.03,4646,EUR,[],,,,,,,,0.02,0.02,0.02,0.02,0.02,0.02,0.02,0.02,0.02,0.02,,,,,,,,,,,,,,,,,,,,,,,,,,,,,,,,,,,,EUR,0.21,0.13,Common,dipplin,Pokémon,https://www.tcggo.com/pokemon/stellar-crown/dipplin-13,sv7-13,567239,singles
2026-08-23T17:19:56+02:00,380,5ban Graphics,5ban-graphics,SCR 14,14,785867,142,175,SCR,Pokémon,pokemon,10,https://images.tcggo.com/tcggo/storage/1257/stellar-crown-logo.png,Stellar Crown,EUR,379.37,EUR,533.58,2024-09-13,1,Scarlet & Violet,scarlet-violet,stellar-crown,330,1268,https://images.tcggo.com/tcggo/storage/1272/hydrapple-ex-scr-14-stellar-crown-pokemon.png,https://www.tcggo.com/external/cm/1268,https://www.tcggo.com/external/tcgplayer/1268,Hydrapple ex,Hydrapple ex 14,1.06,0.98,1060,EUR,[],,,,,,,,0.2,0.45,0.45,0.5,0.5,0.4,0.69,0.69,0.2,0.2,,,,,,,,,,,,,,,,,,,,,,,,,,,,,,,,,,,,EUR,1.17,0.77,Double Rare,hydrapple-ex,Pokémon,https://www.tcggo.com/pokemon/stellar-crown/hydrapple-ex-14,sv7-14,567240,singles
2026-08-23T17:19:56+02:00,359,HYOGONOSUKE,hyogonosuke,SCR 15,15,785868,142,175,SCR,Pokémon,pokemon,10,https://images.tcggo.com/tcggo/storage/1257/stellar-crown-logo.png,Stellar Crown,EUR,379.37,EUR,533.58,2024-09-13,1,Scarlet & Violet,scarlet-violet,stellar-crown,50,1269,https://images.tcggo.com/tcggo/storage/1273/nymble-scr-15-stellar-crown-pokemon.png,https://www.tcggo.com/external/cm/1269,https://www.tcggo.com/external/tcgplayer/1269,Nymble,Nymble 15,0.04,0.03,5116,EUR,[],,,,,,,,0.02,0.02,0.02,0.02,0.02,0.02,0.02,0.02,0.02,0.02,,,,,,,,,,,,,,,,,,,,,,,,,,,,,,,,,,,,EUR,0.17,0.12,Common,nymble,Pokémon,https://www.tcggo.com/pokemon/stellar-crown/nymble-15,sv7-15,567241,singles
2026-08-23T17:19:56+02:00,430,akagi,akagi,SCR 16,16,785869,142,175,SCR,Pokémon,pokemon,10,https://images.tcggo.com/tcggo/storage/1257/stellar-crown-logo.png,Stellar Crown,EUR,379.37,EUR,533.58,2024-09-13,1,Scarlet & Violet,scarlet-violet,stellar-crown,110,1270,https://images.tcggo.com/tcggo/storage/1274/lokix-scr-16-stellar-crown-pokemon.png,https://www.tcggo.com/external/cm/1270,https://www.tcggo.com/external/tcgplayer/1270,Lokix,Lokix 16,0.04,0.04,5139,EUR,[],,,,,,,,0.02,0.02,0.02,0.02,0.02,0.02,0.02,0.02,0.02,0.02,,,,,,,,,,,,,,,,,,,,,,,,,,,,,,,,,,,,EUR,0.17,0.04,Common,lokix,Pokémon,https://www.tcggo.com/pokemon/stellar-crown/lokix-16,sv7-16,567242,singles
2026-08-23T17:19:56+02:00,431,Tetsu Kayama,tetsu-kayama,SCR 17,17,785870,142,175,SCR,Pokémon,pokemon,10,https://images.tcggo.com/tcggo/storage/1257/stellar-crown-logo.png,Stellar Crown,EUR,379.37,EUR,533.58,2024-09-13,1,Scarlet & Violet,scarlet-violet,stellar-crown,60,1271,https://images.tcggo.com/tcggo/storage/1275/toedscool-scr-17-stellar-crown-pokemon.png,https://www.tcggo.com/external/cm/1271,https://www.tcggo.com/external/tcgplayer/1271,Toedscool,Toedscool 17,0.03,0.02,9000,EUR,[],,,,,,,,0.02,0.02,0.02,0.02,0.02,0.02,0.02,0.02,0.02,0.02,,,,,,,,,,,,,,,,,,,,,,,,,,,,,,,,,,,,EUR,0.21,0.13,Common,toedscool,Pokémon,https://www.tcggo.com/pokemon/stellar-crown/toedscool-17,sv7-17,567243,singles
2026-08-23T17:19:56+02:00,429,DOM,dom,SCR 18,18,785871,142,175,SCR,Pokémon,pokemon,10,https://images.tcggo.com/tcggo/storage/1257/stellar-crown-logo.png,Stellar Crown,EUR,379.37,EUR,533.58,2024-09-13,1,Scarlet & Violet,scarlet-violet,stellar-crown,140,1272,https://images.tcggo.com/tcggo/storage/1276/toedscruel-scr-18-stellar-crown-pokemon.png,https://www.tcggo.com/external/cm/1272,https://www.tcggo.com/external/tcgplayer/1272,Toedscruel,Toedscruel 18,0.03,0.05,10839,EUR,[],,,,,,,,0.02,0.02,0.02,0.02,0.02,0.02,0.02,0.02,0.02,0.02,,,,,,,,,,,,,,,,,,,,,,,,,,,,,,,,,,,,EUR,0.15,0.09,Uncommon,toedscruel,Pokémon,https://www.tcggo.com/pokemon/stellar-crown/toedscruel-18,sv7-18,567244,singles
2026-08-23T17:19:56+02:00,460,Atsushi Furusawa,atsushi-furusawa,SCR 19,19,785872,142,175,SCR,Pokémon,pokemon,10,https://images.tcggo.com/tcggo/storage/1257/stellar-crown-logo.png,Stellar Crown,EUR,379.37,EUR,533.58,2024-09-13,1,Scarlet & Violet,scarlet-violet,stellar-crown,70,1273,https://images.tcggo.com/tcggo/storage/1277/ponyta-scr-19-stellar-crown-pokemon.png,https://www.tcggo.com/external/cm/1273,https://www.tcggo.com/external/tcgplayer/1273,Ponyta,Ponyta 19,0.04,0.07,8932,EUR,[],,,,,,,,0.02,0.02,0.02,0.02,0.02,0.02,0.02,0.02,0.02,0.02,,,,,,,,,,,,,,,,,,,,,,,,,,,,,,,,,,,,EUR,0.22,0.13,Common,ponyta,Pokémon,https://www.tcggo.com/pokemon/stellar-crown/ponyta-19,sv7-19,567245,singles
2026-08-23T17:19:56+02:00,444,danciao,danciao,SCR 20,20,785873,142,175,SCR,Pokémon,pokemon,10,https://images.tcggo.com/tcggo/storage/1257/stellar-crown-logo.png,Stellar Crown,EUR,379.37,EUR,533.58,2024-09-13,1,Scarlet & Violet,scarlet-violet,stellar-crown,120,1274,https://images.tcggo.com/tcggo/storage/1278/rapidash-scr-20-stellar-crown-pokemon.png,https://www.tcggo.com/external/cm/1274,https://www.tcggo.com/external/tcgplayer/1274,Rapidash,Rapidash 20,0.03,0.04,9923,EUR,[],,,,,,,,0.02,0.02,0.02,0.02,0.02,0.02,0.02,0.02,0.02,0.02,,,,,,,,,,,,,,,,,,,,,,,,,,,,,,,,,,,,EUR,0.21,0.11,Uncommon,rapidash,Pokémon,https://www.tcggo.com/pokemon/stellar-crown/rapidash-20,sv7-20,567246,singles
2026-08-23T17:19:56+02:00,507,0313,0313,SCR 21,21,785874,142,175,SCR,Pokémon,pokemon,10,https://images.tcggo.com/tcggo/storage/1257/stellar-crown-logo.png,Stellar Crown,EUR,379.37,EUR,533.58,2024-09-13,1,Scarlet & Violet,scarlet-violet,stellar-crown,70,1275,https://images.tcggo.com/tcggo/storage/1279/pansear-scr-21-stellar-crown-pokemon.png,https://www.tcggo.com/external/cm/1275,https://www.tcggo.com/external/tcgplayer/1275,Pansear,Pansear 21,0.03,0.04,9777,EUR,[],,,,,,,,0.02,0.02,0.02,0.02,0.02,0.02,0.02,0.02,0.02,0.02,,,,,,,,,,,,,,,,,,,,,,,,,,,,,,,,,,,,EUR,0.2,0.09,Common,pansear,Pokémon,https://www.tcggo.com/pokemon/stellar-crown/pansear-21,sv7-21,567247,singles
2026-08-23T17:19:56+02:00,450,Iwamoto05,iwamoto05,SCR 22,22,785875,142,175,SCR,Pokémon,pokemon,10,https://images.tcggo.com/tcggo/storage/1257/stellar-crown-logo.png,Stellar Crown,EUR,379.37,EUR,533.58,2024-09-13,1,Scarlet & Violet,scarlet-violet,stellar-crown,130,1276,https://images.tcggo.com/tcggo/storage/1280/reshiram-scr-22-stellar-crown-pokemon.png,https://www.tcggo.com/external/cm/1276,https://www.tcggo.com/external/tcgplayer/1276,Reshiram,Reshiram 22,0.03,0.05,,EUR,[],,,,,,,,0.02,0.02,0.02,0.02,0.02,0.02,0.02,0.02,0.02,0.02,,,,,,,,,,,,,,,,,,,,,,,,,,,,,,,,,,,,EUR,0.21,0.13,Uncommon,reshiram,Pokémon,https://www.tcggo.com/pokemon/stellar-crown/reshiram-22,sv7-22,567248,singles
2026-08-23T17:19:56+02:00,480,Taiga Kasai,taiga-kasai,SCR 24,24,785877,142,175,SCR,Pokémon,pokemon,10,https://images.tcggo.com/tcggo/storage/1257/stellar-crown-logo.png,Stellar Crown,EUR,379.37,EUR,533.58,2024-09-13,1,Scarlet & Violet,scarlet-violet,stellar-crown,120,1277,https://images.tcggo.com/tcggo/storage/1281/salazzle-scr-24-stellar-crown-pokemon.png,https://www.tcggo.com/external/cm/1277,https://www.tcggo.com/external/tcgplayer/1277,Salazzle,Salazzle 24,0.03,0.02,10829,EUR,[],,,,,,,,0.02,0.02,0.02,0.02,0.02,0.02,0.02,0.02,0.02,0.02,,,,,,,,,,,,,,,,,,,,,,,,,,,,,,,,,,,,EUR,0.13,0.09,Uncommon,salazzle,Pokémon,https://www.tcggo.com/pokemon/stellar-crown/salazzle-24,sv7-24,567250,singles
2026-08-23T17:19:56+02:00,771,Felicia Chen,felicia-chen,SCR 23,23,785876,142,175,SCR,Pokémon,pokemon,10,https://images.tcggo.com/tcggo/storage/1257/stellar-crown-logo.png,Stellar Crown,EUR,379.37,EUR,533.58,2024-09-13,1,Scarlet & Violet,scarlet-violet,stellar-crown,70,1278,https://images.tcggo.com/tcggo/storage/1282/salandit-scr-23-stellar-crown-pokemon.png,https://www.tcggo.com/external/cm/1278,https://www.tcggo.com/external/tcgplayer/1278,Salandit,Salandit 23,0.03,0.03,9465,EUR,[],,,,,,,,0.02,0.02,0.02,0.02,0.02,0.02,0.02,0.02,0.02,0.02,,,,,,,,,,,,,,,,,,,,,,,,,,,,,,,,,,,,EUR,0.22,0.09,Common,salandit,Pokémon,https://www.tcggo.com/pokemon/stellar-crown/salandit-23,sv7-23,567249,singles
2026-08-23T17:19:56+02:00,434,AKIRA EGAWA,akira-egawa,SCR 25,25,785878,142,175,SCR,Pokémon,pokemon,10,https://images.tcggo.com/tcggo/storage/1257/stellar-crown-logo.png,Stellar Crown,EUR,379.37,EUR,533.58,2024-09-13,1,Scarlet & Violet,scarlet-violet,stellar-crown,130,1279,https://images.tcggo.com/tcggo/storage/1283/turtonator-scr-25-stellar-crown-pokemon.png,https://www.tcggo.com/external/cm/1279,https://www.tcggo.com/external/tcgplayer/1279,Turtonator,Turtonator 25,0.03,0.03,9658,EUR,[],,,,,,,,0.02,0.02,0.02,0.02,0.02,0.02,0.02,0.02,0.02,0.02,,,,,,,,,,,,,,,,,,,,,,,,,,,,,,,,,,,,EUR,0.19,0.09,Common,turtonator,Pokémon,https://www.tcggo.com/pokemon/stellar-crown/turtonator-25,sv7-25,567251,singles
2026-08-23T17:19:56+02:00,496,Cona Nitanda,cona-nitanda,SCR 26,26,785879,142,175,SCR,Pokémon,pokemon,10,https://images.tcggo.com/tcggo/storage/1257/stellar-crown-logo.png,Stellar Crown,EUR,379.37,EUR,533.58,2024-09-13,1,Scarlet & Violet,scarlet-violet,stellar-crown,70,1280,https://images.tcggo.com/tcggo/storage/1284/scorbunny-scr-26-stellar-crown-pokemon.png,https://www.tcggo.com/external/cm/1280,https://www.tcggo.com/external/tcgplayer/1280,Scorbunny,Scorbunny 26,0.05,0.08,8670,EUR,[],,,,,,,,0.03,0.02,0.02,0.02,0.02,0.02,0.02,0.02,0.02,0.02,,,,,,,,,,,,,,,,,,,,,,,,,,,,,,,,,,,,EUR,0.22,0.13,Common,scorbunny,Pokémon,https://www.tcggo.com/pokemon/stellar-crown/scorbunny-26,sv7-26,567252,singles
2026-08-23T17:19:56+02:00,404,aspara,aspara,SCR 27,27,785880,142,175,SCR,Pokémon,pokemon,10,https://images.tcggo.com/tcggo/storage/1257/stellar-crown-logo.png,Stellar Crown,EUR,379.37,EUR,533.58,2024-09-13,1,Scarlet & Violet,scarlet-violet,stellar-crown,90,1281,https://images.tcggo.com/tcggo/storage/1285/raboot-scr-27-stellar-crown-pokemon.png,https://www.tcggo.com/external/cm/1281,https://www.tcggo.com/external/tcgplayer/1281,Raboot,Raboot 27,0.04,0.03,4308,EUR,[],,,,,,,,0.03,0.02,0.02,0.02,0.02,0.02,0.02,0.02,0.02,0.02,,,,,,,,,,,,,,,,,,,,,,,,,,,,,,,,,,,,EUR,0.18,0.14,Common,raboot,Pokémon,https://www.tcggo.com/pokemon/stellar-crown/raboot-27,sv7-27,567253,singles
2026-08-23T17:19:56+02:00,380,5ban Graphics,5ban-graphics,SCR 28,28,785881,142,175,SCR,Pokémon,pokemon,10,https://images.tcggo.com/tcggo/storage/1257/stellar-crown-logo.png,Stellar Crown,EUR,379.37,EUR,533.58,2024-09-13,1,Scarlet & Violet,scarlet-violet,stellar-crown,320,1282,https://images.tcggo.com/tcggo/storage/1286/cinderace-ex-scr-28-stellar-crown-pokemon.png,https://www.tcggo.com/external/cm/1282,https://www.tcggo.com/external/tcgplayer/1282,Cinderace ex,Cinderace ex 28,1.03,1.06,1136,EUR,[],,,,,,,,0.45,0.64,0.64,0.39,0.39,0.45,1,1,0.2,0.2,,,,,,,,,,,,,,,,,,,,,,,,,,,,,,,,,,,,EUR,0.75,0.79,Double Rare,cinderace-ex,Pokémon,https://www.tcggo.com/pokemon/stellar-crown/cinderace-ex-28,sv7-28,567254,singles
2026-08-23T17:19:56+02:00,511,PLANETA Igarashi,planeta-igarashi,SCR 30,30,785883,142,175,SCR,Pokémon,pokemon,10,https://images.tcggo.com/tcggo/storage/1257/stellar-crown-logo.png,Stellar Crown,EUR,379.37,EUR,533.58,2024-09-13,1,Scarlet & Violet,scarlet-violet,stellar-crown,330,1283,https://images.tcggo.com/tcggo/storage/1287/blastoise-ex-scr-30-stellar-crown-pokemon.png,https://www.tcggo.com/external/cm/1283,https://www.tcggo.com/external/tcgplayer/1283,Blastoise ex,Blastoise ex 30,2.39,2.5,,EUR,[],,,,,,,,1,2,2,1.8,1.8,1,1,1,1,1,,,,,,,,,,,,,,,,,,,,,,,,,,,,,,,,,,,,EUR,2.38,1.8,Double Rare,blastoise-ex,Pokémon,https://www.tcggo.com/pokemon/stellar-crown/blastoise-ex-30,sv7-30,567256,singles
2026-08-23T17:19:56+02:00,403,rika,rika,SCR 31,31,785884,142,175,SCR,Pokémon,pokemon,10,https://images.tcggo.com/tcggo/storage/1257/stellar-crown-logo.png,Stellar Crown,EUR,379.37,EUR,533.58,2024-09-13,1,Scarlet & Violet,scarlet-violet,stellar-crown,130,1284,https://images.tcggo.com/tcggo/storage/1288/lapras-scr-31-stellar-crown-pokemon.png,https://www.tcggo.com/external/cm/1284,https://www.tcggo.com/external/tcgplayer/1284,Lapras,Lapras 31,0.05,0.06,9163,EUR,[],,,,,,,,0.02,0.02,0.02,0.02,0.02,0.02,0.02,0.02,0.02,0.02,USD,,,,,,,,,,,,,,,,,,,126.68,2,,,,,,,,,,,,,,,EUR,0.25,0.13,Uncommon,lapras,Pokémon,https://www.tcggo.com/pokemon/stellar-crown/lapras-31,sv7-31,567257,singles
2026-08-23T17:19:56+02:00,442,Krgc,krgc,SCR 29,29,785882,142,175,SCR,Pokémon,pokemon,10,https://images.tcggo.com/tcggo/storage/1257/stellar-crown-logo.png,Stellar Crown,EUR,379.37,EUR,533.58,2024-09-13,1,Scarlet & Violet,scarlet-violet,stellar-crown,70,1285,https://images.tcggo.com/tcggo/storage/1289/charcadet-scr-29-stellar-crown-pokemon.png,https://www.tcggo.com/external/cm/1285,https://www.tcggo.com/external/tcgplayer/1285,Charcadet,Charcadet 29,0.03,0.04,9442,EUR,[],,,,,,,,0.02,0.02,0.02,0.02,0.02,0.02,0.02,0.02,0.02,0.02,,,,,,,,,,,,,,,,,,,,,,,,,,,,,,,,,,,,EUR,0.13,0.1,Common,charcadet,Pokémon,https://www.tcggo.com/pokemon/stellar-crown/charcadet-29,sv7-29,567255,singles
2026-08-23T17:19:56+02:00,380,5ban Graphics,5ban-graphics,SCR 32,32,785886,142,175,SCR,Pokémon,pokemon,10,https://images.tcggo.com/tcggo/storage/1257/stellar-crown-logo.png,Stellar Crown,EUR,379.37,EUR,533.58,2024-09-13,1,Scarlet & Violet,scarlet-violet,stellar-crown,220,1286,https://images.tcggo.com/tcggo/storage/1290/lapras-ex-scr-32-stellar-crown-pokemon.png,https://www.tcggo.com/external/cm/1286,https://www.tcggo.com/external/tcgplayer/1286,Lapras ex,Lapras ex 32,1.43,1.39,907,EUR,[],,,,,,,,0.49,0.8,0.99,1,1,0.49,1.2,1.2,0.3,0.3,,,,,,,,,,,,,,,,,,,,,,,,,,,,,,,,,,,,EUR,1.42,1.27,Double Rare,lapras-ex,Pokémon,https://www.tcggo.com/pokemon/stellar-crown/lapras-ex-32,sv7-32,567258,singles
2026-08-23T17:19:56+02:00,455,MARINA Chikazawa,marina-chikazawa,SCR 33,33,785887,142,175,SCR,Pokémon,pokemon,10,https://images.tcggo.com/tcggo/storage/1257/stellar-crown-logo.png,Stellar Crown,EUR,379.37,EUR,533.58,2024-09-13,1,Scarlet & Violet,scarlet-violet,stellar-crown,70,1287,https://images.tcggo.com/tcggo/storage/1291/marill-scr-33-stellar-crown-pokemon.png,https://www.tcggo.com/external/cm/1287,https://www.tcggo.com/external/tcgplayer/1287,Marill,Marill 33,0.03,0.03,8839,EUR,[],,,,,,,,0.03,0.02,0.02,0.02,0.02,0.02,0.02,0.02,0.02,0.02,,,,,,,,,,,,,,,,,,,,,,,,,,,,,,,,,,,,EUR,0.21,0.12,Common,marill,Pokémon,https://www.tcggo.com/pokemon/stellar-crown/marill-33,sv7-33,567259,singles
2026-08-23T17:19:56+02:00,386,Jerky,jerky,SCR 34,34,785888,142,175,SCR,Pokémon,pokemon,10,https://images.tcggo.com/tcggo/storage/1257/stellar-crown-logo.png,Stellar Crown,EUR,379.37,EUR,533.58,2024-09-13,1,Scarlet & Violet,scarlet-violet,stellar-crown,120,1288,https://images.tcggo.com/tcggo/storage/1292/azumarill-scr-34-stellar-crown-pokemon.png,https://www.tcggo.com/external/cm/1288,https://www.tcggo.com/external/tcgplayer/1288,Azumarill,Azumarill 34,0.04,0.04,10317,EUR,[],,,,,,,,0.03,0.02,0.02,0.02,0.02,0.02,0.02,0.02,0.02,0.02,,,,,,,,,,,,,,,,,,,,,,,,,,,,,,,,,,,,EUR,0.1,0.09,Uncommon,azumarill,Pokémon,https://www.tcggo.com/pokemon/stellar-crown/azumarill-34,sv7-34,567260,singles
2026-08-23T17:19:56+02:00,425,Yukiko Baba,yukiko-baba,SCR 35,35,785889,142,175,SCR,Pokémon,pokemon,10,https://images.tcggo.com/tcggo/storage/1257/stellar-crown-logo.png,Stellar Crown,EUR,379.37,EUR,533.58,2024-09-13,1,Scarlet & Violet,scarlet-violet,stellar-crown,50,1289,https://images.tcggo.com/tcggo/storage/1293/finneon-scr-35-stellar-crown-pokemon.png,https://www.tcggo.com/external/cm/1289,https://www.tcggo.com/external/tcgplayer/1289,Finneon,Finneon 35,0.03,0.04,9388,EUR,[],,,,,,,,0.02,0.02,0.02,0.02,0.02,0.02,0.02,0.02,0.03,0.02,,,,,,,,,,,,,,,,,,,,,,,,,,,,,,,,,,,,EUR,0.22,0.09,Common,finneon,Pokémon,https://www.tcggo.com/pokemon/stellar-crown/finneon-35,sv7-35,567261,singles
2026-08-23T17:19:56+02:00,437,Shigenori Negishi,shigenori-negishi,SCR 36,36,785890,142,175,SCR,Pokémon,pokemon,10,https://images.tcggo.com/tcggo/storage/1257/stellar-crown-logo.png,Stellar Crown,EUR,379.37,EUR,533.58,2024-09-13,1,Scarlet & Violet,scarlet-violet,stellar-crown,110,1290,https://images.tcggo.com/tcggo/storage/1294/lumineon-scr-36-stellar-crown-pokemon.png,https://www.tcggo.com/external/cm/1290,https://www.tcggo.com/external/tcgplayer/1290,Lumineon,Lumineon 36,0.03,0.04,10376,EUR,[],,,,,,,,0.03,0.02,0.02,0.02,0.02,0.03,0.02,0.02,0.02,0.02,,,,,,,,,,,,,,,,,,,,,,,,,,,,,,,,,,,,EUR,0.19,0.09,Uncommon,lumineon,Pokémon,https://www.tcggo.com/pokemon/stellar-crown/lumineon-36,sv7-36,567262,singles
2026-08-23T17:19:56+02:00,446,takashi shiraishi,takashi-shiraishi,SCR 37,37,785891,142,175,SCR,Pokémon,pokemon,10,https://images.tcggo.com/tcggo/storage/1257/stellar-crown-logo.png,Stellar Crown,EUR,379.37,EUR,533.58,2024-09-13,1,Scarlet & Violet,scarlet-violet,stellar-crown,100,1291,https://images.tcggo.com/tcggo/storage/1295/tirtouga-scr-37-stellar-crown-pokemon.png,https://www.tcggo.com/external/cm/1291,https://www.tcggo.com/external/tcgplayer/1291,Tirtouga,Tirtouga 37,0.03,0.04,9276,EUR,[],,,,,,,,0.02,0.02,0.02,0.02,0.02,0.02,0.02,0.02,0.02,0.02,,,,,,,,,,,,,,,,,,,,,,,,,,,,,,,,,,,,EUR,0.26,0.09,Common,tirtouga,Pokémon,https://www.tcggo.com/pokemon/stellar-crown/tirtouga-37,sv7-37,567263,singles
2026-08-23T17:19:56+02:00,358,LINNE,linne,SCR 38,38,785892,142,175,SCR,Pokémon,pokemon,10,https://images.tcggo.com/tcggo/storage/1257/stellar-crown-logo.png,Stellar Crown,EUR,379.37,EUR,533.58,2024-09-13,1,Scarlet & Violet,scarlet-violet,stellar-crown,160,1292,https://images.tcggo.com/tcggo/storage/1296/carracosta-scr-38-stellar-crown-pokemon.png,https://www.tcggo.com/external/cm/1292,https://www.tcggo.com/external/tcgplayer/1292,Carracosta,Carracosta 38,0.07,0.16,8965,EUR,[],,,,,,,,0.02,0.02,0.02,0.02,0.02,0.02,0.02,0.02,0.02,0.02,,,,,,,,,,,,,,,,,,,,,,,,,,,,,,,,,,,,EUR,0.26,0.13,rare,carracosta,Pokémon,https://www.tcggo.com/pokemon/stellar-crown/carracosta-38,sv7-38,567264,singles
2026-08-23T17:19:56+02:00,376,MINAMINAMI Take,minaminami-take,SCR 39,39,785893,142,175,SCR,Pokémon,pokemon,10,https://images.tcggo.com/tcggo/storage/1257/stellar-crown-logo.png,Stellar Crown,EUR,379.37,EUR,533.58,2024-09-13,1,Scarlet & Violet,scarlet-violet,stellar-crown,60,1293,https://images.tcggo.com/tcggo/storage/1297/froakie-scr-39-stellar-crown-pokemon.png,https://www.tcggo.com/external/cm/1293,https://www.tcggo.com/external/tcgplayer/1293,Froakie,Froakie 39,0.03,0.03,8956,EUR,[],,,,,,,,0.02,0.02,0.02,0.02,0.02,0.02,0.02,0.02,0.02,0.02,,,,,,,,,,,,,,,,,,,,,,,,,,,,,,,,,,,,EUR,0.22,0.13,Common,froakie,Pokémon,https://www.tcggo.com/pokemon/stellar-crown/froakie-39,sv7-39,567265,singles
2026-08-23T17:19:56+02:00,518,Ryuta Fuse,ryuta-fuse,SCR 40,40,785894,142,175,SCR,Pokémon,pokemon,10,https://images.tcggo.com/tcggo/storage/1257/stellar-crown-logo.png,Stellar Crown,EUR,379.37,EUR,533.58,2024-09-13,1,Scarlet & Violet,scarlet-violet,stellar-crown,90,1294,https://images.tcggo.com/tcggo/storage/1298/frogadier-scr-40-stellar-crown-pokemon.png,https://www.tcggo.com/external/cm/1294,https://www.tcggo.com/external/tcgplayer/1294,Frogadier,Frogadier 40,0.04,0.07,10168,EUR,[],,,,,,,,0.02,0.02,0.02,0.02,0.02,0.02,0.02,0.02,0.02,0.02,,,,,,,,,,,,,,,,,,,,,,,,,,,,,,,,,,,,EUR,0.22,0.1,Uncommon,frogadier,Pokémon,https://www.tcggo.com/pokemon/stellar-crown/frogadier-40,sv7-40,567266,singles
2026-08-23T17:19:56+02:00,380,5ban Graphics,5ban-graphics,SCR 41,41,785895,142,175,SCR,Pokémon,pokemon,10,https://images.tcggo.com/tcggo/storage/1257/stellar-crown-logo.png,Stellar Crown,EUR,379.37,EUR,533.58,2024-09-13,1,Scarlet & Violet,scarlet-violet,stellar-crown,300,1295,https://images.tcggo.com/tcggo/storage/1299/greninja-ex-scr-41-stellar-crown-pokemon.png,https://www.tcggo.com/external/cm/1295,https://www.tcggo.com/external/tcgplayer/1295,Greninja ex,Greninja ex 41,0.88,0.92,,EUR,[],,,,,,,,0.49,0.45,0.67,0.48,0.48,0.49,0.9,1.3,0.3,0.3,USD,,,,,,,,,,,,,,,,,13.67,1,,,,,,,,,,,,,,,,,EUR,1.09,0.85,Double Rare,greninja-ex,Pokémon,https://www.tcggo.com/pokemon/stellar-crown/greninja-ex-41,sv7-41,567267,singles
2026-08-23T17:19:56+02:00,405,nagimiso,nagimiso,SCR 42,42,785896,142,175,SCR,Pokémon,pokemon,10,https://images.tcggo.com/tcggo/storage/1257/stellar-crown-logo.png,Stellar Crown,EUR,379.37,EUR,533.58,2024-09-13,1,Scarlet & Violet,scarlet-violet,stellar-crown,160,1296,https://images.tcggo.com/tcggo/storage/1300/crabominable-scr-42-stellar-crown-pokemon.png,https://www.tcggo.com/external/cm/1296,https://www.tcggo.com/external/tcgplayer/1296,Crabominable,Crabominable 42,0.03,0.03,11363,EUR,[],,,,,,,,0.02,0.02,0.02,0.02,0.02,0.02,0.02,0.02,0.02,0.02,,,,,,,,,,,,,,,,,,,,,,,,,,,,,,,,,,,,EUR,0.16,0.09,Uncommon,crabominable,Pokémon,https://www.tcggo.com/pokemon/stellar-crown/crabominable-42,sv7-42,567268,singles
2026-08-23T17:19:56+02:00,422,Dsuke,dsuke,SCR 44,44,785898,142,175,SCR,Pokémon,pokemon,10,https://images.tcggo.com/tcggo/storage/1257/stellar-crown-logo.png,Stellar Crown,EUR,379.37,EUR,533.58,2024-09-13,1,Scarlet & Violet,scarlet-violet,stellar-crown,140,1297,https://images.tcggo.com/tcggo/storage/1301/drednaw-scr-44-stellar-crown-pokemon.png,https://www.tcggo.com/external/cm/1297,https://www.tcggo.com/external/tcgplayer/1297,Drednaw,Drednaw 44,0.05,0.07,9129,EUR,[],,,,,,,,0.02,0.02,0.02,0.02,0.02,0.02,0.02,0.02,0.02,0.02,,,,,,,,,,,,,,,,,,,,,,,,,,,,,,,,,,,,EUR,0.21,0.13,rare,drednaw,Pokémon,https://www.tcggo.com/pokemon/stellar-crown/drednaw-44,sv7-44,567270,singles
2026-08-23T17:19:56+02:00,401,Yuka Morii,yuka-morii,SCR 43,43,785897,142,175,SCR,Pokémon,pokemon,10,https://images.tcggo.com/tcggo/storage/1257/stellar-crown-logo.png,Stellar Crown,EUR,379.37,EUR,533.58,2024-09-13,1,Scarlet & Violet,scarlet-violet,stellar-crown,80,1298,https://images.tcggo.com/tcggo/storage/1303/chewtle-scr-43-stellar-crown-pokemon.png,https://www.tcggo.com/external/cm/1298,https://www.tcggo.com/external/tcgplayer/1298,Chewtle,Chewtle 43,0.06,0.06,4456,EUR,[],,,,,,,,0.02,0.02,0.02,0.02,0.02,0.02,0.02,0.02,0.03,0.02,,,,,,,,,,,,,,,,,,,,,,,,,,,,,,,,,,,,EUR,0.32,0.15,Common,chewtle,Pokémon,https://www.tcggo.com/pokemon/stellar-crown/chewtle-43,sv7-43,567269,singles
2026-08-23T17:19:56+02:00,472,GOTO minori,goto-minori,SCR 45,45,785899,142,175,SCR,Pokémon,pokemon,10,https://images.tcggo.com/tcggo/storage/1257/stellar-crown-logo.png,Stellar Crown,EUR,379.37,EUR,533.58,2024-09-13,1,Scarlet & Violet,scarlet-violet,stellar-crown,130,1299,https://images.tcggo.com/tcggo/storage/1302/veluza-scr-45-stellar-crown-pokemon.png,https://www.tcggo.com/external/cm/1299,https://www.tcggo.com/external/tcgplayer/1299,Veluza,Veluza 45,0.03,0.02,14883,EUR,[],,,,,,,,0.02,0.02,0.02,0.02,0.02,0.02,0.02,0.02,0.02,0.02,,,,,,,,,,,,,,,,,,,,,,,,,,,,,,,,,,,,EUR,0.13,0.09,Uncommon,veluza,Pokémon,https://www.tcggo.com/pokemon/stellar-crown/veluza-45,sv7-45,567271,singles
2026-08-23T17:19:56+02:00,368,Oswaldo KATO,oswaldo-kato,SCR 46,46,785900,142,175,SCR,Pokémon,pokemon,10,https://images.tcggo.com/tcggo/storage/1257/stellar-crown-logo.png,Stellar Crown,EUR,379.37,EUR,533.58,2024-09-13,1,Scarlet & Violet,scarlet-violet,stellar-crown,90,1300,https://images.tcggo.com/tcggo/storage/1304/electabuzz-scr-46-stellar-crown-pokemon.png,https://www.tcggo.com/external/cm/1300,https://www.tcggo.com/external/tcgplayer/1300,Electabuzz,Electabuzz 46,0.03,0.03,9368,EUR,[],,,,,,,,0.02,0.02,0.02,0.02,0.02,0.02,0.02,0.02,0.02,0.02,,,,,,,,,,,,,,,,,,,,,,,,,,,,,,,,,,,,EUR,0.2,0.09,Common,electabuzz,Pokémon,https://www.tcggo.com/pokemon/stellar-crown/electabuzz-46,sv7-46,567272,singles
2026-08-23T17:19:56+02:00,500,chibi,chibi,SCR 47,47,785901,142,175,SCR,Pokémon,pokemon,10,https://images.tcggo.com/tcggo/storage/1257/stellar-crown-logo.png,Stellar Crown,EUR,379.37,EUR,533.58,2024-09-13,1,Scarlet & Violet,scarlet-violet,stellar-crown,150,1301,https://images.tcggo.com/tcggo/storage/1305/electivire-scr-47-stellar-crown-pokemon.png,https://www.tcggo.com/external/cm/1301,https://www.tcggo.com/external/tcgplayer/1301,Electivire,Electivire 47,0.03,0.03,10487,EUR,[],,,,,,,,0.02,0.02,0.02,0.02,0.02,0.02,0.02,0.02,0.02,0.02,,,,,,,,,,,,,,,,,,,,,,,,,,,,,,,,,,,,EUR,0.21,0.09,Uncommon,electivire,Pokémon,https://www.tcggo.com/pokemon/stellar-crown/electivire-47,sv7-47,567273,singles
2026-08-23T17:19:56+02:00,377,Souichirou Gunjima,souichirou-gunjima,SCR 48,48,785902,142,175,SCR,Pokémon,pokemon,10,https://images.tcggo.com/tcggo/storage/1257/stellar-crown-logo.png,Stellar Crown,EUR,379.37,EUR,533.58,2024-09-13,1,Scarlet & Violet,scarlet-violet,stellar-crown,70,1302,https://images.tcggo.com/tcggo/storage/1306/chinchou-scr-48-stellar-crown-pokemon.png,https://www.tcggo.com/external/cm/1302,https://www.tcggo.com/external/tcgplayer/1302,Chinchou,Chinchou 48,0.03,0.04,9611,EUR,[],,,,,,,,0.02,0.02,0.02,0.02,0.02,0.02,0.02,0.02,0.02,0.02,,,,,,,,,,,,,,,,,,,,,,,,,,,,,,,,,,,,EUR,0.13,0.09,Common,chinchou,Pokémon,https://www.tcggo.com/pokemon/stellar-crown/chinchou-48,sv7-48,567274,singles
2026-08-23T17:19:56+02:00,426,Akira Komayama,akira-komayama,SCR 49,49,785903,142,175,SCR,Pokémon,pokemon,10,https://images.tcggo.com/tcggo/storage/1257/stellar-crown-logo.png,Stellar Crown,EUR,379.37,EUR,533.58,2024-09-13,1,Scarlet & Violet,scarlet-violet,stellar-crown,120,1303,https://images.tcggo.com/tcggo/storage/1307/lanturn-scr-49-stellar-crown-pokemon.png,https://www.tcggo.com/external/cm/1303,https://www.tcggo.com/external/tcgplayer/1303,Lanturn,Lanturn 49,0.04,0.06,10675,EUR,[],,,,,,,,0.02,0.02,0.02,0.02,0.02,0.02,0.02,0.02,0.02,0.02,,,,,,,,,,,,,,,,,,,,,,,,,,,,,,,,,,,,EUR,0.09,0.09,Uncommon,lanturn,Pokémon,https://www.tcggo.com/pokemon/stellar-crown/lanturn-49,sv7-49,567275,singles
2026-08-23T17:19:56+02:00,395,Nisota Niso,nisota-niso,SCR 50,50,785904,142,175,SCR,Pokémon,pokemon,10,https://images.tcggo.com/tcggo/storage/1257/stellar-crown-logo.png,Stellar Crown,EUR,379.37,EUR,533.58,2024-09-13,1,Scarlet & Violet,scarlet-violet,stellar-crown,30,1304,https://images.tcggo.com/tcggo/storage/1308/joltik-scr-50-stellar-crown-pokemon.png,https://www.tcggo.com/external/cm/1304,https://www.tcggo.com/external/tcgplayer/1304,Joltik,Joltik 50,0.07,0.08,7003,EUR,[],,,,,,,,0.02,0.02,0.02,0.02,0.02,0.02,0.02,0.02,0.02,0.02,,,,,,,,,,,,,,,,,,,,,,,,,,,,,,,,,,,,EUR,0.31,0.17,Common,joltik,Pokémon,https://www.tcggo.com/pokemon/stellar-crown/joltik-50,sv7-50,567276,singles
2026-08-23T17:19:56+02:00,380,5ban Graphics,5ban-graphics,SCR 51,51,785905,142,175,SCR,Pokémon,pokemon,10,https://images.tcggo.com/tcggo/storage/1257/stellar-crown-logo.png,Stellar Crown,EUR,379.37,EUR,533.58,2024-09-13,1,Scarlet & Violet,scarlet-violet,stellar-crown,260,1305,https://images.tcggo.com/tcggo/storage/1309/galvantula-ex-scr-51-stellar-crown-pokemon.png,https://www.tcggo.com/external/cm/1305,https://www.tcggo.com/external/tcgplayer/1305,Galvantula ex,Galvantula ex 51,0.78,0.84,1432,EUR,[],,,,,,,,0.1,0.45,0.45,0.3,0.3,0.1,0.99,0.99,0.2,0.2,,,,,,,,,,,,,,,,,,,,,,,,,,,,,,,,,,,,EUR,0.74,0.85,Double Rare,galvantula-ex,Pokémon,https://www.tcggo.com/pokemon/stellar-crown/galvantula-ex-51,sv7-51,567277,singles
2026-08-23T17:19:56+02:00,400,Makura Tami,makura-tami,SCR 52,52,785906,142,175,SCR,Pokémon,pokemon,10,https://images.tcggo.com/tcggo/storage/1257/stellar-crown-logo.png,Stellar Crown,EUR,379.37,EUR,533.58,2024-09-13,1,Scarlet & Violet,scarlet-violet,stellar-crown,80,1306,https://images.tcggo.com/tcggo/storage/1310/charjabug-scr-52-stellar-crown-pokemon.png,https://www.tcggo.com/external/cm/1306,https://www.tcggo.com/external/tcgplayer/1306,Charjabug,Charjabug 52,0.03,0.04,9537,EUR,[],,,,,,,,0.02,0.02,0.02,0.02,0.02,0.02,0.02,0.02,0.02,0.02,,,,,,,,,,,,,,,,,,,,,,,,,,,,,,,,,,,,EUR,0.24,0.09,Common,charjabug,Pokémon,https://www.tcggo.com/pokemon/stellar-crown/charjabug-52,sv7-52,567278,singles
2026-08-23T17:19:56+02:00,443,Shiburingaru,shiburingaru,SCR 53,53,785907,142,175,SCR,Pokémon,pokemon,10,https://images.tcggo.com/tcggo/storage/1257/stellar-crown-logo.png,Stellar Crown,EUR,379.37,EUR,533.58,2024-09-13,1,Scarlet & Violet,scarlet-violet,stellar-crown,160,1307,https://images.tcggo.com/tcggo/storage/1311/vikavolt-scr-53-stellar-crown-pokemon.png,https://www.tcggo.com/external/cm/1307,https://www.tcggo.com/external/tcgplayer/1307,Vikavolt,Vikavolt 53,0.03,0.02,10918,EUR,[],,,,,,,,0.02,0.02,0.02,0.02,0.02,0.02,0.02,0.02,0.02,0.02,,,,,,,,,,,,,,,,,,,,,,,,,,,,,,,,,,,,EUR,0.21,0.09,Uncommon,vikavolt,Pokémon,https://www.tcggo.com/pokemon/stellar-crown/vikavolt-53,sv7-53,567279,singles
2026-08-23T17:19:56+02:00,363,Anesaki Dynamic,anesaki-dynamic,SCR 55,55,785909,142,175,SCR,Pokémon,pokemon,10,https://images.tcggo.com/tcggo/storage/1257/stellar-crown-logo.png,Stellar Crown,EUR,379.37,EUR,533.58,2024-09-13,1,Scarlet & Violet,scarlet-violet,stellar-crown,120,1308,https://images.tcggo.com/tcggo/storage/1312/zeraora-scr-55-stellar-crown-pokemon.png,https://www.tcggo.com/external/cm/1308,https://www.tcggo.com/external/tcgplayer/1308,Zeraora,Zeraora 55,0.06,0.07,8826,EUR,[],,,,,,,,0.02,0.02,0.02,0.02,0.02,0.02,0.02,0.02,0.02,0.02,,,,,,,,,,,,,,,,,,,,,,,,,,,,,,,,,,,,EUR,0.21,0.13,rare,zeraora,Pokémon,https://www.tcggo.com/pokemon/stellar-crown/zeraora-55,sv7-55,567281,singles
2026-08-23T17:19:56+02:00,148,Rianti Hidayat,rianti-hidayat,SCR 54,54,785908,142,175,SCR,Pokémon,pokemon,10,https://images.tcggo.com/tcggo/storage/1257/stellar-crown-logo.png,Stellar Crown,EUR,379.37,EUR,533.58,2024-09-13,1,Scarlet & Violet,scarlet-violet,stellar-crown,80,1309,https://images.tcggo.com/tcggo/storage/1313/togedemaru-scr-54-stellar-crown-pokemon.png,https://www.tcggo.com/external/cm/1309,https://www.tcggo.com/external/tcgplayer/1309,Togedemaru,Togedemaru 54,0.03,0.03,14068,EUR,[],,,,,,,,0.02,0.02,0.02,0.02,0.02,0.02,0.02,0.02,0.02,0.02,,,,,,,,,,,,,,,,,,,,,,,,,,,,,,,,,,,,EUR,0.18,0.09,Uncommon,togedemaru,Pokémon,https://www.tcggo.com/pokemon/stellar-crown/togedemaru-54,sv7-54,567280,singles
2026-08-23T17:19:56+02:00,528,Natsumi Yoshida,natsumi-yoshida,SCR 56,56,785910,142,175,SCR,Pokémon,pokemon,10,https://images.tcggo.com/tcggo/storage/1257/stellar-crown-logo.png,Stellar Crown,EUR,379.37,EUR,533.58,2024-09-13,1,Scarlet & Violet,scarlet-violet,stellar-crown,40,1310,https://images.tcggo.com/tcggo/storage/1314/pawmi-scr-56-stellar-crown-pokemon.png,https://www.tcggo.com/external/cm/1310,https://www.tcggo.com/external/tcgplayer/1310,Pawmi,Pawmi 56,0.04,0.03,9487,EUR,[],,,,,,,,0.02,0.02,0.02,0.02,0.02,0.02,0.02,0.02,0.02,0.02,,,,,,,,,,,,,,,,,,,,,,,,,,,,,,,,,,,,EUR,0.21,0.1,Common,pawmi,Pokémon,https://www.tcggo.com/pokemon/stellar-crown/pawmi-56,sv7-56,567282,singles
2026-08-23T17:19:56+02:00,385,Teeziro,teeziro,SCR 57,57,785911,142,175,SCR,Pokémon,pokemon,10,https://images.tcggo.com/tcggo/storage/1257/stellar-crown-logo.png,Stellar Crown,EUR,379.37,EUR,533.58,2024-09-13,1,Scarlet & Violet,scarlet-violet,stellar-crown,80,1311,https://images.tcggo.com/tcggo/storage/1315/slowpoke-scr-57-stellar-crown-pokemon.png,https://www.tcggo.com/external/cm/1311,https://www.tcggo.com/external/tcgplayer/1311,Slowpoke,Slowpoke 57,0.26,0.38,511,EUR,[],,,,,,,,0.02,0.05,0.05,0.02,0.02,0.02,0.02,0.02,0.02,0.02,,,,,,,,,,,,,,,,,,,,,,,,,,,,,,,,,,,,EUR,3.95,0.19,Common,slowpoke,Pokémon,https://www.tcggo.com/pokemon/stellar-crown/slowpoke-57,sv7-57,567283,singles
2026-08-23T17:19:56+02:00,431,Tetsu Kayama,tetsu-kayama,SCR 58,58,785912,142,175,SCR,Pokémon,pokemon,10,https://images.tcggo.com/tcggo/storage/1257/stellar-crown-logo.png,Stellar Crown,EUR,379.37,EUR,533.58,2024-09-13,1,Scarlet & Violet,scarlet-violet,stellar-crown,120,1312,https://images.tcggo.com/tcggo/storage/1316/slowking-scr-58-stellar-crown-pokemon.png,https://www.tcggo.com/external/cm/1312,https://www.tcggo.com/external/tcgplayer/1312,Slowking,Slowking 58,0.11,0.08,6400,EUR,[],,,,,,,,0.02,0.02,0.02,0.02,0.02,0.02,0.02,0.02,0.02,0.02,,,,,,,,,,,,,,,,,,,,,,,,,,,,,,,,,,,,EUR,0.34,0.13,Uncommon,slowking,Pokémon,https://www.tcggo.com/pokemon/stellar-crown/slowking-58,sv7-58,567284,singles
2026-08-23T17:19:56+02:00,454,kantaro,kantaro,SCR 59,59,785913,142,175,SCR,Pokémon,pokemon,10,https://images.tcggo.com/tcggo/storage/1257/stellar-crown-logo.png,Stellar Crown,EUR,379.37,EUR,533.58,2024-09-13,1,Scarlet & Violet,scarlet-violet,stellar-crown,130,1313,https://images.tcggo.com/tcggo/storage/1317/mewtwo-scr-59-stellar-crown-pokemon.png,https://www.tcggo.com/external/cm/1313,https://www.tcggo.com/external/tcgplayer/1313,Mewtwo,Mewtwo 59,0.09,0.05,7572,EUR,[],,,,,,,,0.03,0.02,0.02,0.02,0.02,0.02,0.02,0.02,0.02,0.02,,,,,,,,,,,,,,,,,,,,,,,,,,,,,,,,,,,,EUR,0.62,0.21,Uncommon,mewtwo,Pokémon,https://www.tcggo.com/pokemon/stellar-crown/mewtwo-59,sv7-59,567285,singles
2026-08-23T17:19:56+02:00,438,Miki Tanaka,miki-tanaka,SCR 60,60,785914,142,175,SCR,Pokémon,pokemon,10,https://images.tcggo.com/tcggo/storage/1257/stellar-crown-logo.png,Stellar Crown,EUR,379.37,EUR,533.58,2024-09-13,1,Scarlet & Violet,scarlet-violet,stellar-crown,70,1314,https://images.tcggo.com/tcggo/storage/1318/drifloon-scr-60-stellar-crown-pokemon.png,https://www.tcggo.com/external/cm/1314,https://www.tcggo.com/external/tcgplayer/1314,Drifloon,Drifloon 60,0.03,0.03,11047,EUR,[],,,,,,,,0.02,0.02,0.02,0.02,0.02,0.02,0.02,0.02,0.02,0.02,,,,,,,,,,,,,,,,,,,,,,,,,,,,,,,,,,,,EUR,0.21,0.09,Common,drifloon,Pokémon,https://www.tcggo.com/pokemon/stellar-crown/drifloon-60,sv7-60,567286,singles
2026-08-23T17:19:56+02:00,381,sowsow,sowsow,SCR 61,61,785915,142,175,SCR,Pokémon,pokemon,10,https://images.tcggo.com/tcggo/storage/1257/stellar-crown-logo.png,Stellar Crown,EUR,379.37,EUR,533.58,2024-09-13,1,Scarlet & Violet,scarlet-violet,stellar-crown,130,1315,https://images.tcggo.com/tcggo/storage/1319/drifblim-scr-61-stellar-crown-pokemon.png,https://www.tcggo.com/external/cm/1315,https://www.tcggo.com/external/tcgplayer/1315,Drifblim,Drifblim 61,0.03,0.04,11588,EUR,[],,,,,,,,0.02,0.02,0.02,0.02,0.02,0.02,0.02,0.02,0.02,0.02,,,,,,,,,,,,,,,,,,,,,,,,,,,,,,,,,,,,EUR,0.2,0.1,Uncommon,drifblim,Pokémon,https://www.tcggo.com/pokemon/stellar-crown/drifblim-61,sv7-61,567287,singles
2026-08-23T17:19:56+02:00,529,aoki,aoki,SCR 62,62,785916,142,175,SCR,Pokémon,pokemon,10,https://images.tcggo.com/tcggo/storage/1257/stellar-crown-logo.png,Stellar Crown,EUR,379.37,EUR,533.58,2024-09-13,1,Scarlet & Violet,scarlet-violet,stellar-crown,70,1316,https://images.tcggo.com/tcggo/storage/1320/yamask-scr-62-stellar-crown-pokemon.png,https://www.tcggo.com/external/cm/1316,https://www.tcggo.com/external/tcgplayer/1316,Yamask,Yamask 62,0.03,0.03,7979,EUR,[],,,,,,,,0.02,0.02,0.02,0.02,0.02,0.02,0.02,0.02,0.02,0.02,,,,,,,,,,,,,,,,,,,,,,,,,,,,,,,,,,,,EUR,0.29,0.09,Common,yamask,Pokémon,https://www.tcggo.com/pokemon/stellar-crown/yamask-62,sv7-62,567288,singles
2026-08-23T17:19:56+02:00,391,saino misaki,saino-misaki,SCR 63,63,785917,142,175,SCR,Pokémon,pokemon,10,https://images.tcggo.com/tcggo/storage/1257/stellar-crown-logo.png,Stellar Crown,EUR,379.37,EUR,533.58,2024-09-13,1,Scarlet & Violet,scarlet-violet,stellar-crown,70,1317,https://images.tcggo.com/tcggo/storage/1321/comfey-scr-63-stellar-crown-pokemon.png,https://www.tcggo.com/external/cm/1317,https://www.tcggo.com/external/tcgplayer/1317,Comfey,Comfey 63,0.03,0.03,9435,EUR,[],,,,,,,,0.02,0.02,0.02,0.02,0.02,0.02,0.02,0.02,0.02,0.02,,,,,,,,,,,,,,,,,,,,,,,,,,,,,,,,,,,,EUR,0.25,0.11,Common,comfey,Pokémon,https://www.tcggo.com/pokemon/stellar-crown/comfey-63,sv7-63,567289,singles
2026-08-23T17:19:56+02:00,394,OKACHEKE,okacheke,SCR 64,64,785918,142,175,SCR,Pokémon,pokemon,10,https://images.tcggo.com/tcggo/storage/1257/stellar-crown-logo.png,Stellar Crown,EUR,379.37,EUR,533.58,2024-09-13,1,Scarlet & Violet,scarlet-violet,stellar-crown,60,1318,https://images.tcggo.com/tcggo/storage/1322/milcery-scr-64-stellar-crown-pokemon.png,https://www.tcggo.com/external/cm/1318,https://www.tcggo.com/external/tcgplayer/1318,Milcery,Milcery 64,0.04,0.05,7841,EUR,[],,,,,,,,0.02,0.02,0.02,0.02,0.02,0.02,0.02,0.02,0.02,0.02,,,,,,,,,,,,,,,,,,,,,,,,,,,,,,,,,,,,EUR,0.29,0.1,Common,milcery,Pokémon,https://www.tcggo.com/pokemon/stellar-crown/milcery-64,sv7-64,567290,singles
2026-08-23T17:19:56+02:00,528,Natsumi Yoshida,natsumi-yoshida,SCR 65,65,785919,142,175,SCR,Pokémon,pokemon,10,https://images.tcggo.com/tcggo/storage/1257/stellar-crown-logo.png,Stellar Crown,EUR,379.37,EUR,533.58,2024-09-13,1,Scarlet & Violet,scarlet-violet,stellar-crown,110,1319,https://images.tcggo.com/tcggo/storage/1323/alcremie-scr-65-stellar-crown-pokemon.png,https://www.tcggo.com/external/cm/1319,https://www.tcggo.com/external/tcgplayer/1319,Alcremie,Alcremie 65,0.09,0.04,8613,EUR,[],,,,,,,,0.02,0.02,0.02,0.02,0.02,0.02,0.02,0.02,0.02,0.02,,,,,,,,,,,,,,,,,,,,,,,,,,,,,,,,,,,,EUR,0.25,0.17,rare,alcremie,Pokémon,https://www.tcggo.com/pokemon/stellar-crown/alcremie-65,sv7-65,567291,singles
2026-08-23T17:19:56+02:00,406,Narumi Sato,narumi-sato,SCR 66,66,785920,142,175,SCR,Pokémon,pokemon,10,https://images.tcggo.com/tcggo/storage/1257/stellar-crown-logo.png,Stellar Crown,EUR,379.37,EUR,533.58,2024-09-13,1,Scarlet & Violet,scarlet-violet,stellar-crown,60,1320,https://images.tcggo.com/tcggo/storage/1324/fidough-scr-66-stellar-crown-pokemon.png,https://www.tcggo.com/external/cm/1320,https://www.tcggo.com/external/tcgplayer/1320,Fidough,Fidough 66,0.04,0.05,9150,EUR,[],,,,,,,,0.02,0.02,0.02,0.02,0.02,0.02,0.02,0.02,0.02,0.02,,,,,,,,,,,,,,,,,,,,,,,,,,,,,,,,,,,,EUR,0.25,0.13,Common,fidough,Pokémon,https://www.tcggo.com/pokemon/stellar-crown/fidough-66,sv7-66,567292,singles
2026-08-23T17:19:56+02:00,522,You Iribi,you-iribi,SCR 67,67,785921,142,175,SCR,Pokémon,pokemon,10,https://images.tcggo.com/tcggo/storage/1257/stellar-crown-logo.png,Stellar Crown,EUR,379.37,EUR,533.58,2024-09-13,1,Scarlet & Violet,scarlet-violet,stellar-crown,250,1321,https://images.tcggo.com/tcggo/storage/1325/dachsbun-ex-scr-67-stellar-crown-pokemon.png,https://www.tcggo.com/external/cm/1321,https://www.tcggo.com/external/tcgplayer/1321,Dachsbun ex,Dachsbun ex 67,0.85,0.93,1337,EUR,[],,,,,,,,0.39,0.44,0.44,0.39,0.39,0.39,1,1,0.15,0.15,,,,,,,,,,,,,,,,,,,,,,,,,,,,,,,,,,,,EUR,0.93,0.85,Double Rare,dachsbun-ex,Pokémon,https://www.tcggo.com/pokemon/stellar-crown/dachsbun-ex-67,sv7-67,567293,singles
2026-08-23T17:19:56+02:00,409,Yuu Nishida,yuu-nishida,SCR 68,68,785922,142,175,SCR,Pokémon,pokemon,10,https://images.tcggo.com/tcggo/storage/1257/stellar-crown-logo.png,Stellar Crown,EUR,379.37,EUR,533.58,2024-09-13,1,Scarlet & Violet,scarlet-violet,stellar-crown,50,1322,https://images.tcggo.com/tcggo/storage/1326/flittle-scr-68-stellar-crown-pokemon.png,https://www.tcggo.com/external/cm/1322,https://www.tcggo.com/external/tcgplayer/1322,Flittle,Flittle 68,0.04,0.04,5114,EUR,[],,,,,,,,0.02,0.02,0.02,0.02,0.02,0.02,0.02,0.02,0.02,0.02,,,,,,,,,,,,,,,,,,,,,,,,,,,,,,,,,,,,EUR,0.15,0.13,Common,flittle,Pokémon,https://www.tcggo.com/pokemon/stellar-crown/flittle-68,sv7-68,567294,singles
2026-08-23T17:19:56+02:00,486,Ryota Murayama,ryota-murayama,SCR 69,69,785923,142,175,SCR,Pokémon,pokemon,10,https://images.tcggo.com/tcggo/storage/1257/stellar-crown-logo.png,Stellar Crown,EUR,379.37,EUR,533.58,2024-09-13,1,Scarlet & Violet,scarlet-violet,stellar-crown,130,1323,https://images.tcggo.com/tcggo/storage/1327/espathra-scr-69-stellar-crown-pokemon.png,https://www.tcggo.com/external/cm/1323,https://www.tcggo.com/external/tcgplayer/1323,Espathra,Espathra 69,0.04,0.04,3510,EUR,[],,,,,,,,0.02,0.02,0.02,0.02,0.02,0.02,0.02,0.02,0.02,0.02,,,,,,,,,,,,,,,,,,,,,,,,,,,,,,,,,,,,EUR,0.29,0.13,Common,espathra,Pokémon,https://www.tcggo.com/pokemon/stellar-crown/espathra-69,sv7-69,567295,singles
2026-08-23T17:19:56+02:00,438,Miki Tanaka,miki-tanaka,SCR 70,70,785924,142,175,SCR,Pokémon,pokemon,10,https://images.tcggo.com/tcggo/storage/1257/stellar-crown-logo.png,Stellar Crown,EUR,379.37,EUR,533.58,2024-09-13,1,Scarlet & Violet,scarlet-violet,stellar-crown,80,1324,https://images.tcggo.com/tcggo/storage/1328/greavard-scr-70-stellar-crown-pokemon.png,https://www.tcggo.com/external/cm/1324,https://www.tcggo.com/external/tcgplayer/1324,Greavard,Greavard 70,0.03,0.03,9623,EUR,[],,,,,,,,0.02,0.02,0.02,0.02,0.02,0.02,0.02,0.02,0.02,0.02,,,,,,,,,,,,,,,,,,,,,,,,,,,,,,,,,,,,EUR,0.15,0.1,Common,greavard,Pokémon,https://www.tcggo.com/pokemon/stellar-crown/greavard-70,sv7-70,567296,singles
2026-08-23T17:19:56+02:00,459,GIDORA,gidora,SCR 71,71,785925,142,175,SCR,Pokémon,pokemon,10,https://images.tcggo.com/tcggo/storage/1257/stellar-crown-logo.png,Stellar Crown,EUR,379.37,EUR,533.58,2024-09-13,1,Scarlet & Violet,scarlet-violet,stellar-crown,140,1325,https://images.tcggo.com/tcggo/storage/1329/iron-boulder-scr-71-stellar-crown-pokemon.png,https://www.tcggo.com/external/cm/1325,https://www.tcggo.com/external/tcgplayer/1325,Iron Boulder,Iron Boulder 71,1.78,1.48,192,EUR,[],,,,,,,,0.03,0.02,0.02,0.02,0.02,0.02,0.02,0.02,0.02,0.02,,,,,,,,,,,,,,,,,,,,,,,,,,,,,,,,,,,,EUR,0.22,0.13,rare,iron-boulder,Pokémon,https://www.tcggo.com/pokemon/stellar-crown/iron-boulder-71,sv7-71,567297,singles
2026-08-23T17:19:56+02:00,764,svlt,svlt,SCR 72,72,785926,142,175,SCR,Pokémon,pokemon,10,https://images.tcggo.com/tcggo/storage/1257/stellar-crown-logo.png,Stellar Crown,EUR,379.37,EUR,533.58,2024-09-13,1,Scarlet & Violet,scarlet-violet,stellar-crown,70,1326,https://images.tcggo.com/tcggo/storage/1330/cubone-scr-72-stellar-crown-pokemon.png,https://www.tcggo.com/external/cm/1326,https://www.tcggo.com/external/tcgplayer/1326,Cubone,Cubone 72,0.04,0.04,8262,EUR,[],,,,,,,,0.02,0.02,0.02,0.02,0.02,0.02,0.02,0.02,0.02,0.02,,,,,,,,,,,,,,,,,,,,,,,,,,,,,,,,,,,,EUR,0.27,0.13,Common,cubone,Pokémon,https://www.tcggo.com/pokemon/stellar-crown/cubone-72,sv7-72,567298,singles
2026-08-23T17:19:56+02:00,448,cochi8i,cochi8i,SCR 73,73,785927,142,175,SCR,Pokémon,pokemon,10,https://images.tcggo.com/tcggo/storage/1257/stellar-crown-logo.png,Stellar Crown,EUR,379.37,EUR,533.58,2024-09-13,1,Scarlet & Violet,scarlet-violet,stellar-crown,120,1327,https://images.tcggo.com/tcggo/storage/1331/marowak-scr-73-stellar-crown-pokemon.png,https://www.tcggo.com/external/cm/1327,https://www.tcggo.com/external/tcgplayer/1327,Marowak,Marowak 73,0.04,0.04,9663,EUR,[],,,,,,,,0.02,0.02,0.02,0.02,0.02,0.02,0.02,0.02,0.02,0.02,,,,,,,,,,,,,,,,,,,,,,,,,,,,,,,,,,,,EUR,0.21,0.1,Uncommon,marowak,Pokémon,https://www.tcggo.com/pokemon/stellar-crown/marowak-73,sv7-73,567299,singles
2026-08-23T17:19:56+02:00,414,kodama,kodama,SCR 74,74,785928,142,175,SCR,Pokémon,pokemon,10,https://images.tcggo.com/tcggo/storage/1257/stellar-crown-logo.png,Stellar Crown,EUR,379.37,EUR,533.58,2024-09-13,1,Scarlet & Violet,scarlet-violet,stellar-crown,100,1328,https://images.tcggo.com/tcggo/storage/1332/rhyhorn-scr-74-stellar-crown-pokemon.png,https://www.tcggo.com/external/cm/1328,https://www.tcggo.com/external/tcgplayer/1328,Rhyhorn,Rhyhorn 74,0.03,0.03,9491,EUR,[],,,,,,,,0.02,0.02,0.02,0.02,0.02,0.02,0.02,0.02,0.02,0.02,,,,,,,,,,,,,,,,,,,,,,,,,,,,,,,,,,,,EUR,0.15,0.09,Common,rhyhorn,Pokémon,https://www.tcggo.com/pokemon/stellar-crown/rhyhorn-74,sv7-74,567300,singles
2026-08-23T17:19:56+02:00,518,Ryuta Fuse,ryuta-fuse,SCR 75,75,785929,142,175,SCR,Pokémon,pokemon,10,https://images.tcggo.com/tcggo/storage/1257/stellar-crown-logo.png,Stellar Crown,EUR,379.37,EUR,533.58,2024-09-13,1,Scarlet & Violet,scarlet-violet,stellar-crown,140,1329,https://images.tcggo.com/tcggo/storage/1333/rhydon-scr-75-stellar-crown-pokemon.png,https://www.tcggo.com/external/cm/1329,https://www.tcggo.com/external/tcgplayer/1329,Rhydon,Rhydon 75,0.04,0.05,4916,EUR,[],,,,,,,,0.02,0.02,0.02,0.02,0.02,0.02,0.02,0.02,0.02,0.02,,,,,,,,,,,,,,,,,,,,,,,,,,,,,,,,,,,,EUR,0.2,0.13,Common,rhydon,Pokémon,https://www.tcggo.com/pokemon/stellar-crown/rhydon-75,sv7-75,567301,singles
2026-08-23T17:19:56+02:00,375,Mitsuhiro Arita,mitsuhiro-arita,SCR 76,76,785930,142,175,SCR,Pokémon,pokemon,10,https://images.tcggo.com/tcggo/storage/1257/stellar-crown-logo.png,Stellar Crown,EUR,379.37,EUR,533.58,2024-09-13,1,Scarlet & Violet,scarlet-violet,stellar-crown,200,1330,https://images.tcggo.com/tcggo/storage/1334/rhyperior-scr-76-stellar-crown-pokemon.png,https://www.tcggo.com/external/cm/1330,https://www.tcggo.com/external/tcgplayer/1330,Rhyperior,Rhyperior 76,0.08,0.1,,EUR,[],,,,,,,,0.02,0.02,0.02,0.02,0.02,0.02,0.02,0.02,0.02,0.02,,,,,,,,,,,,,,,,,,,,,,,,,,,,,,,,,,,,EUR,0.2,0.13,rare,rhyperior,Pokémon,https://www.tcggo.com/pokemon/stellar-crown/rhyperior-76,sv7-76,567302,singles
2026-08-23T17:19:56+02:00,472,GOTO minori,goto-minori,SCR 77,77,785931,142,175,SCR,Pokémon,pokemon,10,https://images.tcggo.com/tcggo/storage/1257/stellar-crown-logo.png,Stellar Crown,EUR,379.37,EUR,533.58,2024-09-13,1,Scarlet & Violet,scarlet-violet,stellar-crown,70,1331,https://images.tcggo.com/tcggo/storage/1335/meditite-scr-77-stellar-crown-pokemon.png,https://www.tcggo.com/external/cm/1331,https://www.tcggo.com/external/tcgplayer/1331,Meditite,Meditite 77,0.04,0.04,3470,EUR,[],,,,,,,,0.02,0.02,0.02,0.02,0.02,0.02,0.02,0.02,0.02,0.02,,,,,,,,,,,,,,,,,,,,,,,,,,,,,,,,,,,,EUR,0.3,0.14,Common,meditite,Pokémon,https://www.tcggo.com/pokemon/stellar-crown/meditite-77,sv7-77,567303,singles
2026-08-23T17:19:56+02:00,409,Yuu Nishida,yuu-nishida,SCR 78,78,785932,142,175,SCR,Pokémon,pokemon,10,https://images.tcggo.com/tcggo/storage/1257/stellar-crown-logo.png,Stellar Crown,EUR,379.37,EUR,533.58,2024-09-13,1,Scarlet & Violet,scarlet-violet,stellar-crown,70,1332,https://images.tcggo.com/tcggo/storage/1336/meditite-scr-78-stellar-crown-pokemon.png,https://www.tcggo.com/external/cm/1332,https://www.tcggo.com/external/tcgplayer/1332,Meditite,Meditite 78,0.04,0.04,3413,EUR,[],,,,,,,,0.02,0.02,0.02,0.02,0.02,0.02,0.02,0.02,0.02,0.02,,,,,,,,,,,,,,,,,,,,,,,,,,,,,,,,,,,,EUR,0.27,0.11,Common,meditite,Pokémon,https://www.tcggo.com/pokemon/stellar-crown/meditite-78,sv7-78,567304,singles
2026-08-23T17:19:56+02:00,469,Fujimoto Gold,fujimoto-gold,SCR 79,79,785933,142,175,SCR,Pokémon,pokemon,10,https://images.tcggo.com/tcggo/storage/1257/stellar-crown-logo.png,Stellar Crown,EUR,379.37,EUR,533.58,2024-09-13,1,Scarlet & Violet,scarlet-violet,stellar-crown,110,1333,https://images.tcggo.com/tcggo/storage/1337/medicham-scr-79-stellar-crown-pokemon.png,https://www.tcggo.com/external/cm/1333,https://www.tcggo.com/external/tcgplayer/1333,Medicham,Medicham 79,0.04,0.05,4940,EUR,[],,,,,,,,0.02,0.02,0.02,0.02,0.02,0.02,0.02,0.02,0.02,0.02,,,,,,,,,,,,,,,,,,,,,,,,,,,,,,,,,,,,EUR,0.19,0.11,Common,medicham,Pokémon,https://www.tcggo.com/pokemon/stellar-crown/medicham-79,sv7-79,567305,singles
2026-08-23T17:19:56+02:00,411,PLANETA Yamashita,planeta-yamashita,SCR 80,80,785934,142,175,SCR,Pokémon,pokemon,10,https://images.tcggo.com/tcggo/storage/1257/stellar-crown-logo.png,Stellar Crown,EUR,379.37,EUR,533.58,2024-09-13,1,Scarlet & Violet,scarlet-violet,stellar-crown,260,1334,https://images.tcggo.com/tcggo/storage/1338/medicham-ex-scr-80-stellar-crown-pokemon.png,https://www.tcggo.com/external/cm/1334,https://www.tcggo.com/external/tcgplayer/1334,Medicham ex,Medicham ex 80,0.64,0.71,1802,EUR,[],,,,,,,,0.1,0.45,0.45,0.35,0.35,0.1,0.5,0.5,0.1,0.1,,,,,,,,,,,,,,,,,,,,,,,,,,,,,,,,,,,,EUR,0.52,0.85,Double Rare,medicham-ex,Pokémon,https://www.tcggo.com/pokemon/stellar-crown/medicham-ex-80,sv7-80,567306,singles
2026-08-23T17:19:56+02:00,377,Souichirou Gunjima,souichirou-gunjima,SCR 81,81,785935,142,175,SCR,Pokémon,pokemon,10,https://images.tcggo.com/tcggo/storage/1257/stellar-crown-logo.png,Stellar Crown,EUR,379.37,EUR,533.58,2024-09-13,1,Scarlet & Violet,scarlet-violet,stellar-crown,70,1335,https://images.tcggo.com/tcggo/storage/1339/riolu-scr-81-stellar-crown-pokemon.png,https://www.tcggo.com/external/cm/1335,https://www.tcggo.com/external/tcgplayer/1335,Riolu,Riolu 81,0.05,0.08,8875,EUR,[],,,,,,,,0.02,0.02,0.02,0.02,0.02,0.02,0.02,0.02,0.02,0.02,,,,,,,,,,,,,,,,,,,,,,,,,,,,,,,,,,,,EUR,0.2,0.09,Common,riolu,Pokémon,https://www.tcggo.com/pokemon/stellar-crown/riolu-81,sv7-81,567307,singles
2026-08-23T17:19:56+02:00,511,PLANETA Igarashi,planeta-igarashi,SCR 82,82,785936,142,175,SCR,Pokémon,pokemon,10,https://images.tcggo.com/tcggo/storage/1257/stellar-crown-logo.png,Stellar Crown,EUR,379.37,EUR,533.58,2024-09-13,1,Scarlet & Violet,scarlet-violet,stellar-crown,250,1336,https://images.tcggo.com/tcggo/storage/1340/lucario-ex-scr-82-stellar-crown-pokemon.png,https://www.tcggo.com/external/cm/1336,https://www.tcggo.com/external/tcgplayer/1336,Lucario ex,Lucario ex 82,0.81,0.79,1086,EUR,[],,,,,,,,0.32,0.43,0.45,0.49,0.49,0.45,0.7,0.7,0.2,0.2,,,,,,,,,,,,,,,,,,,,,,,,,,,,,,,,,,,,EUR,0.68,0.82,Double Rare,lucario-ex,Pokémon,https://www.tcggo.com/pokemon/stellar-crown/lucario-ex-82,sv7-82,567308,singles
2026-08-23T17:19:56+02:00,418,Kariya,kariya,SCR 83,83,785937,142,175,SCR,Pokémon,pokemon,10,https://images.tcggo.com/tcggo/storage/1257/stellar-crown-logo.png,Stellar Crown,EUR,379.37,EUR,533.58,2024-09-13,1,Scarlet & Violet,scarlet-violet,stellar-crown,60,1337,https://images.tcggo.com/tcggo/storage/1341/mienfoo-scr-83-stellar-crown-pokemon.png,https://www.tcggo.com/external/cm/1337,https://www.tcggo.com/external/tcgplayer/1337,Mienfoo,Mienfoo 83,0.03,0.03,9367,EUR,[],,,,,,,,0.02,0.02,0.02,0.02,0.02,0.02,0.02,0.02,0.02,0.02,,,,,,,,,,,,,,,,,,,,,,,,,,,,,,,,,,,,EUR,0.15,0.09,Common,mienfoo,Pokémon,https://www.tcggo.com/pokemon/stellar-crown/mienfoo-83,sv7-83,567309,singles
2026-08-23T17:19:56+02:00,376,MINAMINAMI Take,minaminami-take,SCR 84,84,785938,142,175,SCR,Pokémon,pokemon,10,https://images.tcggo.com/tcggo/storage/1257/stellar-crown-logo.png,Stellar Crown,EUR,379.37,EUR,533.58,2024-09-13,1,Scarlet & Violet,scarlet-violet,stellar-crown,90,1338,https://images.tcggo.com/tcggo/storage/1342/mienshao-scr-84-stellar-crown-pokemon.png,https://www.tcggo.com/external/cm/1338,https://www.tcggo.com/external/tcgplayer/1338,Mienshao,Mienshao 84,0.03,0.03,10547,EUR,[],,,,,,,,0.02,0.02,0.02,0.02,0.02,0.02,0.02,0.02,0.02,0.02,,,,,,,,,,,,,,,,,,,,,,,,,,,,,,,,,,,,EUR,0.16,0.09,Uncommon,mienshao,Pokémon,https://www.tcggo.com/pokemon/stellar-crown/mienshao-84,sv7-84,567310,singles
2026-08-23T17:19:56+02:00,372,Tomomi Ozaki,tomomi-ozaki,SCR 85,85,785939,142,175,SCR,Pokémon,pokemon,10,https://images.tcggo.com/tcggo/storage/1257/stellar-crown-logo.png,Stellar Crown,EUR,379.37,EUR,533.58,2024-09-13,1,Scarlet & Violet,scarlet-violet,stellar-crown,70,1339,https://images.tcggo.com/tcggo/storage/1343/pancham-scr-85-stellar-crown-pokemon.png,https://www.tcggo.com/external/cm/1339,https://www.tcggo.com/external/tcgplayer/1339,Pancham,Pancham 85,0.03,0.02,9314,EUR,[],,,,,,,,0.02,0.02,0.02,0.02,0.02,0.02,0.02,0.02,0.02,0.02,,,,,,,,,,,,,,,,,,,,,,,,,,,,,,,,,,,,EUR,0.21,0.12,Common,pancham,Pokémon,https://www.tcggo.com/pokemon/stellar-crown/pancham-85,sv7-85,567311,singles
2026-08-23T17:19:56+02:00,535,Jiro Sasumo,jiro-sasumo,SCR 86,86,785940,142,175,SCR,Pokémon,pokemon,10,https://images.tcggo.com/tcggo/storage/1257/stellar-crown-logo.png,Stellar Crown,EUR,379.37,EUR,533.58,2024-09-13,1,Scarlet & Violet,scarlet-violet,stellar-crown,110,1340,https://images.tcggo.com/tcggo/storage/1344/diancie-scr-86-stellar-crown-pokemon.png,https://www.tcggo.com/external/cm/1340,https://www.tcggo.com/external/tcgplayer/1340,Diancie,Diancie 86,0.03,0.04,10117,EUR,[],,,,,,,,0.02,0.02,0.02,0.02,0.02,0.02,0.02,0.02,0.02,0.02,,,,,,,,,,,,,,,,,,,,,,,,,,,,,,,,,,,,EUR,0.2,0.1,Uncommon,diancie,Pokémon,https://www.tcggo.com/pokemon/stellar-crown/diancie-86,sv7-86,567312,singles
2026-08-23T17:19:56+02:00,387,Scav,scav,SCR 87,87,785941,142,175,SCR,Pokémon,pokemon,10,https://images.tcggo.com/tcggo/storage/1257/stellar-crown-logo.png,Stellar Crown,EUR,379.37,EUR,533.58,2024-09-13,1,Scarlet & Violet,scarlet-violet,stellar-crown,90,1341,https://images.tcggo.com/tcggo/storage/1345/crabrawler-scr-87-stellar-crown-pokemon.png,https://www.tcggo.com/external/cm/1341,https://www.tcggo.com/external/tcgplayer/1341,Crabrawler,Crabrawler 87,0.03,0.03,10672,EUR,[],,,,,,,,0.02,0.02,0.02,0.02,0.02,0.02,0.02,0.02,0.02,0.02,,,,,,,,,,,,,,,,,,,,,,,,,,,,,,,,,,,,EUR,0.17,0.09,Common,crabrawler,Pokémon,https://www.tcggo.com/pokemon/stellar-crown/crabrawler-87,sv7-87,567313,singles
2026-08-23T17:19:56+02:00,383,Gapao,gapao,SCR 88,88,785942,142,175,SCR,Pokémon,pokemon,10,https://images.tcggo.com/tcggo/storage/1257/stellar-crown-logo.png,Stellar Crown,EUR,379.37,EUR,533.58,2024-09-13,1,Scarlet & Violet,scarlet-violet,stellar-crown,110,1342,https://images.tcggo.com/tcggo/storage/1346/falinks-scr-88-stellar-crown-pokemon.png,https://www.tcggo.com/external/cm/1342,https://www.tcggo.com/external/tcgplayer/1342,Falinks,Falinks 88,0.04,0.04,4806,EUR,[],,,,,,,,0.03,0.02,0.02,0.02,0.02,0.02,0.02,0.02,0.02,0.02,,,,,,,,,,,,,,,,,,,,,,,,,,,,,,,,,,,,EUR,0.2,0.13,Common,falinks,Pokémon,https://www.tcggo.com/pokemon/stellar-crown/falinks-88,sv7-88,567314,singles
2026-08-23T17:19:56+02:00,380,5ban Graphics,5ban-graphics,SCR 89,89,785943,142,175,SCR,Pokémon,pokemon,10,https://images.tcggo.com/tcggo/storage/1257/stellar-crown-logo.png,Stellar Crown,EUR,379.37,EUR,533.58,2024-09-13,1,Scarlet & Violet,scarlet-violet,stellar-crown,340,1343,https://images.tcggo.com/tcggo/storage/1347/garganacl-ex-scr-89-stellar-crown-pokemon.png,https://www.tcggo.com/external/cm/1343,https://www.tcggo.com/external/tcgplayer/1343,Garganacl ex,Garganacl ex 89,0.59,0.77,1845,EUR,[],,,,,,,,0.09,0.19,0.19,0.3,0.3,0.09,0.6,0.6,0.1,0.1,,,,,,,,,,,,,,,,,,,,,,,,,,,,,,,,,,,,EUR,0.62,0.82,Double Rare,garganacl-ex,Pokémon,https://www.tcggo.com/pokemon/stellar-crown/garganacl-ex-89,sv7-89,567315,singles
2026-08-23T17:19:56+02:00,408,kawayoo,kawayoo,SCR 90,90,785944,142,175,SCR,Pokémon,pokemon,10,https://images.tcggo.com/tcggo/storage/1257/stellar-crown-logo.png,Stellar Crown,EUR,379.37,EUR,533.58,2024-09-13,1,Scarlet & Violet,scarlet-violet,stellar-crown,130,1344,https://images.tcggo.com/tcggo/storage/1348/koraidon-scr-90-stellar-crown-pokemon.png,https://www.tcggo.com/external/cm/1344,https://www.tcggo.com/external/tcgplayer/1344,Koraidon,Koraidon 90,0.03,0.02,13748,EUR,[],,,,,,,,0.02,0.02,0.02,0.02,0.02,0.02,0.02,0.02,0.02,0.02,,,,,,,,,,,,,,,,,,,,,,,,,,,,,,,,,,,,EUR,0.15,0.09,Uncommon,koraidon,Pokémon,https://www.tcggo.com/pokemon/stellar-crown/koraidon-90,sv7-90,567316,singles
2026-08-23T17:19:56+02:00,410,Shimaris Yukichi,shimaris-yukichi,SCR 91,91,785945,142,175,SCR,Pokémon,pokemon,10,https://images.tcggo.com/tcggo/storage/1257/stellar-crown-logo.png,Stellar Crown,EUR,379.37,EUR,533.58,2024-09-13,1,Scarlet & Violet,scarlet-violet,stellar-crown,70,1345,https://images.tcggo.com/tcggo/storage/1350/gulpin-scr-91-stellar-crown-pokemon.png,https://www.tcggo.com/external/cm/1345,https://www.tcggo.com/external/tcgplayer/1345,Gulpin,Gulpin 91,0.05,0.04,4432,EUR,[],,,,,,,,0.02,0.02,0.02,0.02,0.02,0.02,0.02,0.02,0.02,0.02,,,,,,,,,,,,,,,,,,,,,,,,,,,,,,,,,,,,EUR,0.24,0.13,Common,gulpin,Pokémon,https://www.tcggo.com/pokemon/stellar-crown/gulpin-91,sv7-91,567317,singles
2026-08-23T17:19:56+02:00,394,OKACHEKE,okacheke,SCR 92,92,785946,142,175,SCR,Pokémon,pokemon,10,https://images.tcggo.com/tcggo/storage/1257/stellar-crown-logo.png,Stellar Crown,EUR,379.37,EUR,533.58,2024-09-13,1,Scarlet & Violet,scarlet-violet,stellar-crown,130,1346,https://images.tcggo.com/tcggo/storage/1349/swalot-scr-92-stellar-crown-pokemon.png,https://www.tcggo.com/external/cm/1346,https://www.tcggo.com/external/tcgplayer/1346,Swalot,Swalot 92,0.04,0.04,10094,EUR,[],,,,,,,,0.02,0.02,0.02,0.02,0.02,0.02,0.02,0.02,0.02,0.02,,,,,,,,,,,,,,,,,,,,,,,,,,,,,,,,,,,,EUR,0.27,0.13,Uncommon,swalot,Pokémon,https://www.tcggo.com/pokemon/stellar-crown/swalot-92,sv7-92,567318,singles
2026-08-23T17:19:56+02:00,382,KEIICHIRO ITO,keiichiro-ito,SCR 93,93,785947,142,175,SCR,Pokémon,pokemon,10,https://images.tcggo.com/tcggo/storage/1257/stellar-crown-logo.png,Stellar Crown,EUR,379.37,EUR,533.58,2024-09-13,1,Scarlet & Violet,scarlet-violet,stellar-crown,140,1347,https://images.tcggo.com/tcggo/storage/1351/pangoro-scr-93-stellar-crown-pokemon.png,https://www.tcggo.com/external/cm/1347,https://www.tcggo.com/external/tcgplayer/1347,Pangoro,Pangoro 93,0.03,0.02,10682,EUR,[],,,,,,,,0.02,0.02,0.02,0.02,0.02,0.02,0.02,0.02,0.02,0.02,,,,,,,,,,,,,,,,,,,,,,,,,,,,,,,,,,,,EUR,0.18,0.09,Uncommon,pangoro,Pokémon,https://www.tcggo.com/pokemon/stellar-crown/pangoro-93,sv7-93,567319,singles
2026-08-23T17:19:56+02:00,441,Tomokazu Komiya,tomokazu-komiya,SCR 94,94,785948,142,175,SCR,Pokémon,pokemon,10,https://images.tcggo.com/tcggo/storage/1257/stellar-crown-logo.png,Stellar Crown,EUR,379.37,EUR,533.58,2024-09-13,1,Scarlet & Violet,scarlet-violet,stellar-crown,70,1348,https://images.tcggo.com/tcggo/storage/1352/impidimp-scr-94-stellar-crown-pokemon.png,https://www.tcggo.com/external/cm/1348,https://www.tcggo.com/external/tcgplayer/1348,Impidimp,Impidimp 94,0.04,0.03,9022,EUR,[],,,,,,,,0.02,0.02,0.02,0.02,0.02,0.02,0.02,0.02,0.02,0.02,,,,,,,,,,,,,,,,,,,,,,,,,,,,,,,,,,,,EUR,0.26,0.11,Common,impidimp,Pokémon,https://www.tcggo.com/pokemon/stellar-crown/impidimp-94,sv7-94,567320,singles
2026-08-23T17:19:56+02:00,399,Mékayu,mekayu,SCR 95,95,785949,142,175,SCR,Pokémon,pokemon,10,https://images.tcggo.com/tcggo/storage/1257/stellar-crown-logo.png,Stellar Crown,EUR,379.37,EUR,533.58,2024-09-13,1,Scarlet & Violet,scarlet-violet,stellar-crown,90,1349,https://images.tcggo.com/tcggo/storage/1353/morgrem-scr-95-stellar-crown-pokemon.png,https://www.tcggo.com/external/cm/1349,https://www.tcggo.com/external/tcgplayer/1349,Morgrem,Morgrem 95,0.04,0.05,4883,EUR,[],,,,,,,,0.02,0.02,0.02,0.02,0.02,0.02,0.02,0.02,0.02,0.02,,,,,,,,,,,,,,,,,,,,,,,,,,,,,,,,,,,,EUR,0.21,0.12,Common,morgrem,Pokémon,https://www.tcggo.com/pokemon/stellar-crown/morgrem-95,sv7-95,567321,singles
2026-08-23T17:19:56+02:00,439,Kazumasa Yasukuni,kazumasa-yasukuni,SCR 96,96,785950,142,175,SCR,Pokémon,pokemon,10,https://images.tcggo.com/tcggo/storage/1257/stellar-crown-logo.png,Stellar Crown,EUR,379.37,EUR,533.58,2024-09-13,1,Scarlet & Violet,scarlet-violet,stellar-crown,170,1350,https://images.tcggo.com/tcggo/storage/1354/grimmsnarl-scr-96-stellar-crown-pokemon.png,https://www.tcggo.com/external/cm/1350,https://www.tcggo.com/external/tcgplayer/1350,Grimmsnarl,Grimmsnarl 96,0.05,0.04,,EUR,[],,,,,,,,0.02,0.02,0.02,0.02,0.02,0.02,0.02,0.02,0.02,0.02,,,,,,,,,,,,,,,,,,,,,,,,,,,,,,,,,,,,EUR,0.17,0.13,rare,grimmsnarl,Pokémon,https://www.tcggo.com/pokemon/stellar-crown/grimmsnarl-96,sv7-96,567322,singles
2026-08-23T17:19:56+02:00,435,Aya Kusube,aya-kusube,SCR 97,97,785951,142,175,SCR,Pokémon,pokemon,10,https://images.tcggo.com/tcggo/storage/1257/stellar-crown-logo.png,Stellar Crown,EUR,379.37,EUR,533.58,2024-09-13,1,Scarlet & Violet,scarlet-violet,stellar-crown,100,1351,https://images.tcggo.com/tcggo/storage/1355/bombirdier-scr-97-stellar-crown-pokemon.png,https://www.tcggo.com/external/cm/1351,https://www.tcggo.com/external/tcgplayer/1351,Bombirdier,Bombirdier 97,0.03,0.06,9682,EUR,[],,,,,,,,0.02,0.02,0.02,0.02,0.02,0.02,0.02,0.02,0.02,0.02,,,,,,,,,,,,,,,,,,,,,,,,,,,,,,,,,,,,EUR,0.18,0.09,Common,bombirdier,Pokémon,https://www.tcggo.com/pokemon/stellar-crown/bombirdier-97,sv7-97,567323,singles
2026-08-23T17:19:56+02:00,366,Kuroimori,kuroimori,SCR 98,98,785952,142,175,SCR,Pokémon,pokemon,10,https://images.tcggo.com/tcggo/storage/1257/stellar-crown-logo.png,Stellar Crown,EUR,379.37,EUR,533.58,2024-09-13,1,Scarlet & Violet,scarlet-violet,stellar-crown,80,1352,https://images.tcggo.com/tcggo/storage/1356/jirachi-scr-98-stellar-crown-pokemon.png,https://www.tcggo.com/external/cm/1352,https://www.tcggo.com/external/tcgplayer/1352,Jirachi,Jirachi 98,0.04,0.04,12162,EUR,[],,,,,,,,0.02,0.02,0.02,0.02,0.02,0.02,0.02,0.02,0.02,0.02,,,,,,,,,,,,,,,,,,,,,,,,,,,,,,,,,,,,EUR,0.28,0.15,Uncommon,jirachi,Pokémon,https://www.tcggo.com/pokemon/stellar-crown/jirachi-98,sv7-98,567324,singles
2026-08-23T17:19:56+02:00,389,osare,osare,SCR 99,99,785953,142,175,SCR,Pokémon,pokemon,10,https://images.tcggo.com/tcggo/storage/1257/stellar-crown-logo.png,Stellar Crown,EUR,379.37,EUR,533.58,2024-09-13,1,Scarlet & Violet,scarlet-violet,stellar-crown,60,1353,https://images.tcggo.com/tcggo/storage/1357/klink-scr-99-stellar-crown-pokemon.png,https://www.tcggo.com/external/cm/1353,https://www.tcggo.com/external/tcgplayer/1353,Klink,Klink 99,0.03,0.03,9820,EUR,[],,,,,,,,0.02,0.02,0.02,0.02,0.02,0.02,0.02,0.02,0.02,0.02,,,,,,,,,,,,,,,,,,,,,,,,,,,,,,,,,,,,EUR,0.2,0.09,Common,klink,Pokémon,https://www.tcggo.com/pokemon/stellar-crown/klink-99,sv7-99,567325,singles
2026-08-23T17:19:56+02:00,416,Mina Nakai,mina-nakai,SCR 100,100,785954,142,175,SCR,Pokémon,pokemon,10,https://images.tcggo.com/tcggo/storage/1257/stellar-crown-logo.png,Stellar Crown,EUR,379.37,EUR,533.58,2024-09-13,1,Scarlet & Violet,scarlet-violet,stellar-crown,90,1354,https://images.tcggo.com/tcggo/storage/1358/klang-scr-100-stellar-crown-pokemon.png,https://www.tcggo.com/external/cm/1354,https://www.tcggo.com/external/tcgplayer/1354,Klang,Klang 100,0.04,0.04,5324,EUR,[],,,,,,,,0.02,0.02,0.02,0.02,0.02,0.02,0.02,0.02,0.02,0.02,,,,,,,,,,,,,,,,,,,,,,,,,,,,,,,,,,,,EUR,0.18,0.11,Common,klang,Pokémon,https://www.tcggo.com/pokemon/stellar-crown/klang-100,sv7-100,567326,singles
2026-08-23T17:19:56+02:00,471,Tonji Matsuno,tonji-matsuno,SCR 101,101,785955,142,175,SCR,Pokémon,pokemon,10,https://images.tcggo.com/tcggo/storage/1257/stellar-crown-logo.png,Stellar Crown,EUR,379.37,EUR,533.58,2024-09-13,1,Scarlet & Violet,scarlet-violet,stellar-crown,140,1355,https://images.tcggo.com/tcggo/storage/1359/klinklang-scr-101-stellar-crown-pokemon.png,https://www.tcggo.com/external/cm/1355,https://www.tcggo.com/external/tcgplayer/1355,Klinklang,Klinklang 101,0.07,0.1,,EUR,[],,,,,,,,0.02,0.02,0.02,0.02,0.02,0.02,0.02,0.02,0.02,0.02,,,,,,,,,,,,,,,,,,,,,,,,,,,,,,,,,,,,EUR,0.2,0.13,rare,klinklang,Pokémon,https://www.tcggo.com/pokemon/stellar-crown/klinklang-101,sv7-101,567327,singles
2026-08-23T17:19:56+02:00,401,Yuka Morii,yuka-morii,SCR 102,102,785956,142,175,SCR,Pokémon,pokemon,10,https://images.tcggo.com/tcggo/storage/1257/stellar-crown-logo.png,Stellar Crown,EUR,379.37,EUR,533.58,2024-09-13,1,Scarlet & Violet,scarlet-violet,stellar-crown,60,1356,https://images.tcggo.com/tcggo/storage/1360/meltan-scr-102-stellar-crown-pokemon.png,https://www.tcggo.com/external/cm/1356,https://www.tcggo.com/external/tcgplayer/1356,Meltan,Meltan 102,0.08,0.08,4587,EUR,[],,,,,,,,0.02,0.02,0.02,0.02,0.02,0.02,0.02,0.02,0.02,0.02,,,,,,,,,,,,,,,,,,,,,,,,,,,,,,,,,,,,EUR,0.3,0.15,Common,meltan,Pokémon,https://www.tcggo.com/pokemon/stellar-crown/meltan-102,sv7-102,567328,singles
2026-08-23T17:19:56+02:00,822,Apios,apios,SCR 103,103,785957,142,175,SCR,Pokémon,pokemon,10,https://images.tcggo.com/tcggo/storage/1257/stellar-crown-logo.png,Stellar Crown,EUR,379.37,EUR,533.58,2024-09-13,1,Scarlet & Violet,scarlet-violet,stellar-crown,70,1357,https://images.tcggo.com/tcggo/storage/1361/meltan-scr-103-stellar-crown-pokemon.png,https://www.tcggo.com/external/cm/1357,https://www.tcggo.com/external/tcgplayer/1357,Meltan,Meltan 103,0.04,0.04,4895,EUR,[],,,,,,,,0.02,0.02,0.02,0.02,0.02,0.02,0.02,0.02,0.02,0.02,,,,,,,,,,,,,,,,,,,,,,,,,,,,,,,,,,,,EUR,0.18,0.13,Common,meltan,Pokémon,https://www.tcggo.com/pokemon/stellar-crown/meltan-103,sv7-103,567329,singles
2026-08-23T17:19:56+02:00,388,Takumi Wada,takumi-wada,SCR 104,104,785958,142,175,SCR,Pokémon,pokemon,10,https://images.tcggo.com/tcggo/storage/1257/stellar-crown-logo.png,Stellar Crown,EUR,379.37,EUR,533.58,2024-09-13,1,Scarlet & Violet,scarlet-violet,stellar-crown,160,1358,https://images.tcggo.com/tcggo/storage/1362/melmetal-scr-104-stellar-crown-pokemon.png,https://www.tcggo.com/external/cm/1358,https://www.tcggo.com/external/tcgplayer/1358,Melmetal,Melmetal 104,0.06,0.06,,EUR,[],,,,,,,,0.02,0.02,0.02,0.02,0.02,0.02,0.02,0.02,0.02,0.02,,,,,,,,,,,,,,,,,,,,,,,,,,,,,,,,,,,,EUR,0.19,0.13,rare,melmetal,Pokémon,https://www.tcggo.com/pokemon/stellar-crown/melmetal-104,sv7-104,567330,singles
2026-08-23T17:19:56+02:00,490,takuyoa,takuyoa,SCR 105,105,785959,142,175,SCR,Pokémon,pokemon,10,https://images.tcggo.com/tcggo/storage/1257/stellar-crown-logo.png,Stellar Crown,EUR,379.37,EUR,533.58,2024-09-13,1,Scarlet & Violet,scarlet-violet,stellar-crown,280,1359,https://images.tcggo.com/tcggo/storage/1363/melmetal-ex-scr-105-stellar-crown-pokemon.png,https://www.tcggo.com/external/cm/1359,https://www.tcggo.com/external/tcgplayer/1359,Melmetal ex,Melmetal ex 105,0.63,0.62,,EUR,[],,,,,,,,0.11,0.39,0.39,0.35,0.35,0.12,0.5,0.5,0.11,0.11,,,,,,,,,,,,,,,,,,,,,,,,,,,,,,,,,,,,EUR,0.69,0.77,Double Rare,melmetal-ex,Pokémon,https://www.tcggo.com/pokemon/stellar-crown/melmetal-ex-105,sv7-105,567331,singles
2026-08-23T17:19:56+02:00,436,Takeshi Nakamura,takeshi-nakamura,SCR 106,106,785960,142,175,SCR,Pokémon,pokemon,10,https://images.tcggo.com/tcggo/storage/1257/stellar-crown-logo.png,Stellar Crown,EUR,379.37,EUR,533.58,2024-09-13,1,Scarlet & Violet,scarlet-violet,stellar-crown,130,1360,https://images.tcggo.com/tcggo/storage/1364/duraludon-scr-106-stellar-crown-pokemon.png,https://www.tcggo.com/external/cm/1360,https://www.tcggo.com/external/tcgplayer/1360,Duraludon,Duraludon 106,0.05,0.07,7877,EUR,[],,,,,,,,0.03,0.02,0.02,0.02,0.02,0.02,0.02,0.02,0.02,0.02,,,,,,,,,,,,,,,,,,,,,,,,,,,,,,,,,,,,EUR,0.18,0.13,Common,duraludon,Pokémon,https://www.tcggo.com/pokemon/stellar-crown/duraludon-106,sv7-106,567332,singles
2026-08-23T17:19:56+02:00,368,Oswaldo KATO,oswaldo-kato,SCR 107,107,785961,142,175,SCR,Pokémon,pokemon,10,https://images.tcggo.com/tcggo/storage/1257/stellar-crown-logo.png,Stellar Crown,EUR,379.37,EUR,533.58,2024-09-13,1,Scarlet & Violet,scarlet-violet,stellar-crown,180,1361,https://images.tcggo.com/tcggo/storage/1365/archaludon-scr-107-stellar-crown-pokemon.png,https://www.tcggo.com/external/cm/1361,https://www.tcggo.com/external/tcgplayer/1361,Archaludon,Archaludon 107,0.03,0.03,10503,EUR,[],,,,,,,,0.02,0.02,0.02,0.02,0.02,0.02,0.02,0.02,0.02,0.02,USD,,,,,,,,,,,,,,,,,7.48,1,201.57,2,,,10.09,1,16.94,5,,,,,,,,,EUR,0.17,0.13,rare,archaludon,Pokémon,https://www.tcggo.com/pokemon/stellar-crown/archaludon-107,sv7-107,567333,singles
2026-08-23T17:19:56+02:00,443,Shiburingaru,shiburingaru,SCR 108,108,785962,142,175,SCR,Pokémon,pokemon,10,https://images.tcggo.com/tcggo/storage/1257/stellar-crown-logo.png,Stellar Crown,EUR,379.37,EUR,533.58,2024-09-13,1,Scarlet & Violet,scarlet-violet,stellar-crown,80,1362,https://images.tcggo.com/tcggo/storage/1366/varoom-scr-108-stellar-crown-pokemon.png,https://www.tcggo.com/external/cm/1362,https://www.tcggo.com/external/tcgplayer/1362,Varoom,Varoom 108,0.03,0.03,9835,EUR,[],,,,,,,,0.02,0.02,0.02,0.02,0.02,0.02,0.02,0.02,0.02,0.02,,,,,,,,,,,,,,,,,,,,,,,,,,,,,,,,,,,,EUR,0.15,0.09,Common,varoom,Pokémon,https://www.tcggo.com/pokemon/stellar-crown/varoom-108,sv7-108,567334,singles
2026-08-23T17:19:56+02:00,373,GOSSAN,gossan,SCR 109,109,785963,142,175,SCR,Pokémon,pokemon,10,https://images.tcggo.com/tcggo/storage/1257/stellar-crown-logo.png,Stellar Crown,EUR,379.37,EUR,533.58,2024-09-13,1,Scarlet & Violet,scarlet-violet,stellar-crown,150,1363,https://images.tcggo.com/tcggo/storage/1367/revavroom-scr-109-stellar-crown-pokemon.png,https://www.tcggo.com/external/cm/1363,https://www.tcggo.com/external/tcgplayer/1363,Revavroom,Revavroom 109,0.03,0.02,10907,EUR,[],,,,,,,,0.02,0.02,0.02,0.02,0.02,0.02,0.02,0.02,0.02,0.02,,,,,,,,,,,,,,,,,,,,,,,,,,,,,,,,,,,,EUR,0.21,0.09,Uncommon,revavroom,Pokémon,https://www.tcggo.com/pokemon/stellar-crown/revavroom-109,sv7-109,567335,singles
2026-08-23T17:19:56+02:00,411,PLANETA Yamashita,planeta-yamashita,SCR 110,110,785964,142,175,SCR,Pokémon,pokemon,10,https://images.tcggo.com/tcggo/storage/1257/stellar-crown-logo.png,Stellar Crown,EUR,379.37,EUR,533.58,2024-09-13,1,Scarlet & Violet,scarlet-violet,stellar-crown,220,1364,https://images.tcggo.com/tcggo/storage/1368/orthworm-ex-scr-110-stellar-crown-pokemon.png,https://www.tcggo.com/external/cm/1364,https://www.tcggo.com/external/tcgplayer/1364,Orthworm ex,Orthworm ex 110,0.65,0.66,1854,EUR,[],,,,,,,,0.05,0.25,0.3,0.2,0.2,0.05,0.79,0.79,0.07,0.07,,,,,,,,,,,,,,,,,,,,,,,,,,,,,,,,,,,,EUR,0.63,0.69,Double Rare,orthworm-ex,Pokémon,https://www.tcggo.com/pokemon/stellar-crown/orthworm-ex-110,sv7-110,567336,singles
2026-08-23T17:19:56+02:00,414,kodama,kodama,SCR 111,111,785965,142,175,SCR,Pokémon,pokemon,10,https://images.tcggo.com/tcggo/storage/1257/stellar-crown-logo.png,Stellar Crown,EUR,379.37,EUR,533.58,2024-09-13,1,Scarlet & Violet,scarlet-violet,stellar-crown,130,1365,https://images.tcggo.com/tcggo/storage/1369/raging-bolt-scr-111-stellar-crown-pokemon.png,https://www.tcggo.com/external/cm/1365,https://www.tcggo.com/external/tcgplayer/1365,Raging Bolt,Raging Bolt 111,0.09,0.12,7616,EUR,[],,,,,,,,0.03,0.03,0.02,0.02,0.02,0.02,0.02,0.02,0.02,0.02,USD,,,,,,,,,11.21,1,13.46,1,,,,,11.03,2,231.32,5,,,13.64,1,17.79,5,,,,,,,,,EUR,0.22,0.17,rare,raging-bolt,Pokémon,https://www.tcggo.com/pokemon/stellar-crown/raging-bolt-111,sv7-111,567337,singles
2026-08-23T17:19:56+02:00,419,Uninori,uninori,SCR 112,112,785966,142,175,SCR,Pokémon,pokemon,10,https://images.tcggo.com/tcggo/storage/1257/stellar-crown-logo.png,Stellar Crown,EUR,379.37,EUR,533.58,2024-09-13,1,Scarlet & Violet,scarlet-violet,stellar-crown,120,1366,https://images.tcggo.com/tcggo/storage/1370/tauros-scr-112-stellar-crown-pokemon.png,https://www.tcggo.com/external/cm/1366,https://www.tcggo.com/external/tcgplayer/1366,Tauros,Tauros 112,0.04,0.03,9221,EUR,[],,,,,,,,0.02,0.02,0.02,0.02,0.02,0.02,0.02,0.02,0.02,0.02,,,,,,,,,,,,,,,,,,,,,,,,,,,,,,,,,,,,EUR,0.24,0.09,Common,tauros,Pokémon,https://www.tcggo.com/pokemon/stellar-crown/tauros-112,sv7-112,567338,singles
2026-08-23T17:19:56+02:00,416,Mina Nakai,mina-nakai,SCR 113,113,785967,142,175,SCR,Pokémon,pokemon,10,https://images.tcggo.com/tcggo/storage/1257/stellar-crown-logo.png,Stellar Crown,EUR,379.37,EUR,533.58,2024-09-13,1,Scarlet & Violet,scarlet-violet,stellar-crown,60,1367,https://images.tcggo.com/tcggo/storage/1371/eevee-scr-113-stellar-crown-pokemon.png,https://www.tcggo.com/external/cm/1367,https://www.tcggo.com/external/tcgplayer/1367,Eevee,Eevee 113,0.08,0.1,6035,EUR,[],,,,,,,,0.02,0.02,0.02,0.02,0.02,0.02,0.02,0.02,0.02,0.02,,,,,,,,,,,,,,,,,,,,,,,,,,,,,,,,,,,,EUR,0.35,0.21,Common,eevee,Pokémon,https://www.tcggo.com/pokemon/stellar-crown/eevee-113,sv7-113,567339,singles
2026-08-23T17:19:56+02:00,465,Yukihiro Tada,yukihiro-tada,SCR 114,114,785968,142,175,SCR,Pokémon,pokemon,10,https://images.tcggo.com/tcggo/storage/1257/stellar-crown-logo.png,Stellar Crown,EUR,379.37,EUR,533.58,2024-09-13,1,Scarlet & Violet,scarlet-violet,stellar-crown,70,1368,https://images.tcggo.com/tcggo/storage/1372/hoothoot-scr-114-stellar-crown-pokemon.png,https://www.tcggo.com/external/cm/1368,https://www.tcggo.com/external/tcgplayer/1368,Hoothoot,Hoothoot 114,0.11,0.07,2545,EUR,[],,,,,,,,0.03,0.02,0.02,0.02,0.02,0.02,0.02,0.02,0.02,0.02,,,,,,,,,,,,,,,,,,,,,,,,,,,,,,,,,,,,EUR,0.32,0.29,Common,hoothoot,Pokémon,https://www.tcggo.com/pokemon/stellar-crown/hoothoot-114,sv7-114,567340,singles
2026-08-23T17:19:56+02:00,468,matazo,matazo,SCR 115,115,785969,142,175,SCR,Pokémon,pokemon,10,https://images.tcggo.com/tcggo/storage/1257/stellar-crown-logo.png,Stellar Crown,EUR,379.37,EUR,533.58,2024-09-13,1,Scarlet & Violet,scarlet-violet,stellar-crown,100,1369,https://images.tcggo.com/tcggo/storage/1373/noctowl-scr-115-stellar-crown-pokemon.png,https://www.tcggo.com/external/cm/1369,https://www.tcggo.com/external/tcgplayer/1369,Noctowl,Noctowl 115,0.07,0.07,6086,EUR,[],,,,,,,,0.03,0.02,0.02,0.02,0.02,0.02,0.02,0.02,0.02,0.02,,,,,,,,,,,,,,,,,,,,,,,,,,,,,,,,,,,,EUR,0.21,0.22,rare,noctowl,Pokémon,https://www.tcggo.com/pokemon/stellar-crown/noctowl-115,sv7-115,567341,singles
2026-08-23T17:19:56+02:00,473,Yuriko Akase,yuriko-akase,SCR 116,116,785970,142,175,SCR,Pokémon,pokemon,10,https://images.tcggo.com/tcggo/storage/1257/stellar-crown-logo.png,Stellar Crown,EUR,379.37,EUR,533.58,2024-09-13,1,Scarlet & Violet,scarlet-violet,stellar-crown,60,1370,https://images.tcggo.com/tcggo/storage/1374/glameow-scr-116-stellar-crown-pokemon.png,https://www.tcggo.com/external/cm/1370,https://www.tcggo.com/external/tcgplayer/1370,Glameow,Glameow 116,0.04,0.04,8905,EUR,[],,,,,,,,0.02,0.02,0.02,0.02,0.02,0.02,0.02,0.02,0.02,0.02,,,,,,,,,,,,,,,,,,,,,,,,,,,,,,,,,,,,EUR,0.21,0.11,Common,glameow,Pokémon,https://www.tcggo.com/pokemon/stellar-crown/glameow-116,sv7-116,567342,singles
2026-08-23T17:19:56+02:00,370,Saboteri,saboteri,SCR 117,117,785971,142,175,SCR,Pokémon,pokemon,10,https://images.tcggo.com/tcggo/storage/1257/stellar-crown-logo.png,Stellar Crown,EUR,379.37,EUR,533.58,2024-09-13,1,Scarlet & Violet,scarlet-violet,stellar-crown,120,1371,https://images.tcggo.com/tcggo/storage/1376/purugly-scr-117-stellar-crown-pokemon.png,https://www.tcggo.com/external/cm/1371,https://www.tcggo.com/external/tcgplayer/1371,Purugly,Purugly 117,0.03,0.03,9509,EUR,[],,,,,,,,0.02,0.02,0.02,0.02,0.02,0.02,0.02,0.02,0.02,0.02,,,,,,,,,,,,,,,,,,,,,,,,,,,,,,,,,,,,EUR,0.2,0.09,Common,purugly,Pokémon,https://www.tcggo.com/pokemon/stellar-crown/purugly-117,sv7-117,567343,singles
2026-08-23T17:19:56+02:00,364,Toshinao Aoki,toshinao-aoki,SCR 118,118,785972,142,175,SCR,Pokémon,pokemon,10,https://images.tcggo.com/tcggo/storage/1257/stellar-crown-logo.png,Stellar Crown,EUR,379.37,EUR,533.58,2024-09-13,1,Scarlet & Violet,scarlet-violet,stellar-crown,70,1372,https://images.tcggo.com/tcggo/storage/1375/fan-rotom-scr-118-stellar-crown-pokemon.png,https://www.tcggo.com/external/cm/1372,https://www.tcggo.com/external/tcgplayer/1372,Fan Rotom,Fan Rotom 118,0.06,0.07,9250,EUR,[],,,,,,,,0.02,0.02,0.02,0.02,0.02,0.02,0.02,0.02,0.02,0.02,,,,,,,,,,,,,,,,,,,,,,,,,,,,,,,,,,,,EUR,0.21,0.13,Common,fan-rotom,Pokémon,https://www.tcggo.com/pokemon/stellar-crown/fan-rotom-118,sv7-118,567344,singles
2026-08-23T17:19:56+02:00,373,GOSSAN,gossan,SCR 119,119,785973,142,175,SCR,Pokémon,pokemon,10,https://images.tcggo.com/tcggo/storage/1257/stellar-crown-logo.png,Stellar Crown,EUR,379.37,EUR,533.58,2024-09-13,1,Scarlet & Violet,scarlet-violet,stellar-crown,100,1373,https://images.tcggo.com/tcggo/storage/1377/bouffalant-scr-119-stellar-crown-pokemon.png,https://www.tcggo.com/external/cm/1373,https://www.tcggo.com/external/tcgplayer/1373,Bouffalant,Bouffalant 119,0.23,0.17,1572,EUR,[],,,,,,,,0.02,0.05,0.05,0.02,0.02,0.02,0.02,0.02,0.06,0.06,,,,,,,,,,,,,,,,,,,,,,,,,,,,,,,,,,,,EUR,0.21,0.17,rare,bouffalant,Pokémon,https://www.tcggo.com/pokemon/stellar-crown/bouffalant-119,sv7-119,567345,singles
2026-08-23T17:19:56+02:00,419,Uninori,uninori,SCR 120,120,785974,142,175,SCR,Pokémon,pokemon,10,https://images.tcggo.com/tcggo/storage/1257/stellar-crown-logo.png,Stellar Crown,EUR,379.37,EUR,533.58,2024-09-13,1,Scarlet & Violet,scarlet-violet,stellar-crown,110,1374,https://images.tcggo.com/tcggo/storage/1378/tornadus-scr-120-stellar-crown-pokemon.png,https://www.tcggo.com/external/cm/1374,https://www.tcggo.com/external/tcgplayer/1374,Tornadus,Tornadus 120,0.03,0.03,10500,EUR,[],,,,,,,,0.02,0.02,0.02,0.02,0.02,0.02,0.02,0.02,0.02,0.02,,,,,,,,,,,,,,,,,,,,,,,,,,,,,,,,,,,,EUR,0.18,0.09,Uncommon,tornadus,Pokémon,https://www.tcggo.com/pokemon/stellar-crown/tornadus-120,sv7-120,567346,singles
2026-08-23T17:19:56+02:00,385,Teeziro,teeziro,SCR 121,121,785975,142,175,SCR,Pokémon,pokemon,10,https://images.tcggo.com/tcggo/storage/1257/stellar-crown-logo.png,Stellar Crown,EUR,379.37,EUR,533.58,2024-09-13,1,Scarlet & Violet,scarlet-violet,stellar-crown,60,1375,https://images.tcggo.com/tcggo/storage/1379/fletchling-scr-121-stellar-crown-pokemon.png,https://www.tcggo.com/external/cm/1375,https://www.tcggo.com/external/tcgplayer/1375,Fletchling,Fletchling 121,0.03,0.03,9497,EUR,[],,,,,,,,0.02,0.02,0.02,0.02,0.02,0.02,0.02,0.02,0.02,0.02,,,,,,,,,,,,,,,,,,,,,,,,,,,,,,,,,,,,EUR,0.12,0.09,Common,fletchling,Pokémon,https://www.tcggo.com/pokemon/stellar-crown/fletchling-121,sv7-121,567348,singles
2026-08-23T17:19:56+02:00,583,Julie Hang,julie-hang,SCR 122,122,785976,142,175,SCR,Pokémon,pokemon,10,https://images.tcggo.com/tcggo/storage/1257/stellar-crown-logo.png,Stellar Crown,EUR,379.37,EUR,533.58,2024-09-13,1,Scarlet & Violet,scarlet-violet,stellar-crown,90,1376,https://images.tcggo.com/tcggo/storage/1380/fletchinder-scr-122-stellar-crown-pokemon.png,https://www.tcggo.com/external/cm/1376,https://www.tcggo.com/external/tcgplayer/1376,Fletchinder,Fletchinder 122,0.04,0.05,4871,EUR,[],,,,,,,,0.02,0.02,0.02,0.02,0.02,0.02,0.02,0.02,0.02,0.02,,,,,,,,,,,,,,,,,,,,,,,,,,,,,,,,,,,,EUR,0.21,0.13,Common,fletchinder,Pokémon,https://www.tcggo.com/pokemon/stellar-crown/fletchinder-122,sv7-122,567353,singles
2026-08-23T17:19:56+02:00,510,Nurikabe,nurikabe,SCR 123,123,785977,142,175,SCR,Pokémon,pokemon,10,https://images.tcggo.com/tcggo/storage/1257/stellar-crown-logo.png,Stellar Crown,EUR,379.37,EUR,533.58,2024-09-13,1,Scarlet & Violet,scarlet-violet,stellar-crown,140,1377,https://images.tcggo.com/tcggo/storage/1381/talonflame-scr-123-stellar-crown-pokemon.png,https://www.tcggo.com/external/cm/1377,https://www.tcggo.com/external/tcgplayer/1377,Talonflame,Talonflame 123,0.03,0.03,10606,EUR,[],,,,,,,,0.02,0.02,0.02,0.02,0.02,0.02,0.02,0.02,0.02,0.02,,,,,,,,,,,,,,,,,,,,,,,,,,,,,,,,,,,,EUR,0.18,0.09,Uncommon,talonflame,Pokémon,https://www.tcggo.com/pokemon/stellar-crown/talonflame-123,sv7-123,567356,singles
2026-08-23T17:19:56+02:00,779,Wintr Wandr,wintr-wandr,SCR 124,124,785978,142,175,SCR,Pokémon,pokemon,10,https://images.tcggo.com/tcggo/storage/1257/stellar-crown-logo.png,Stellar Crown,EUR,379.37,EUR,533.58,2024-09-13,1,Scarlet & Violet,scarlet-violet,stellar-crown,70,1378,https://images.tcggo.com/tcggo/storage/1382/wooloo-scr-124-stellar-crown-pokemon.png,https://www.tcggo.com/external/cm/1378,https://www.tcggo.com/external/tcgplayer/1378,Wooloo,Wooloo 124,0.04,0.04,8760,EUR,[],,,,,,,,0.02,0.02,0.02,0.02,0.02,0.02,0.02,0.02,0.02,0.02,,,,,,,,,,,,,,,,,,,,,,,,,,,,,,,,,,,,EUR,0.24,0.11,Common,wooloo,Pokémon,https://www.tcggo.com/pokemon/stellar-crown/wooloo-124,sv7-124,567358,singles
2026-08-23T17:19:56+02:00,359,HYOGONOSUKE,hyogonosuke,SCR 125,125,785979,142,175,SCR,Pokémon,pokemon,10,https://images.tcggo.com/tcggo/storage/1257/stellar-crown-logo.png,Stellar Crown,EUR,379.37,EUR,533.58,2024-09-13,1,Scarlet & Violet,scarlet-violet,stellar-crown,130,1379,https://images.tcggo.com/tcggo/storage/1383/dubwool-scr-125-stellar-crown-pokemon.png,https://www.tcggo.com/external/cm/1379,https://www.tcggo.com/external/tcgplayer/1379,Dubwool,Dubwool 125,0.03,0.04,10621,EUR,[],,,,,,,,0.02,0.02,0.02,0.02,0.02,0.02,0.02,0.02,0.02,0.02,,,,,,,,,,,,,,,,,,,,,,,,,,,,,,,,,,,,EUR,0.15,0.09,Uncommon,dubwool,Pokémon,https://www.tcggo.com/pokemon/stellar-crown/dubwool-125,sv7-125,567365,singles
2026-08-23T17:19:56+02:00,470,REND,rend,SCR 126,126,785980,142,175,SCR,Pokémon,pokemon,10,https://images.tcggo.com/tcggo/storage/1257/stellar-crown-logo.png,Stellar Crown,EUR,379.37,EUR,533.58,2024-09-13,1,Scarlet & Violet,scarlet-violet,stellar-crown,50,1380,https://images.tcggo.com/tcggo/storage/1384/lechonk-scr-126-stellar-crown-pokemon.png,https://www.tcggo.com/external/cm/1380,https://www.tcggo.com/external/tcgplayer/1380,Lechonk,Lechonk 126,0.03,0.04,9167,EUR,[],,,,,,,,0.02,0.02,0.02,0.02,0.02,0.02,0.02,0.02,0.02,0.02,,,,,,,,,,,,,,,,,,,,,,,,,,,,,,,,,,,,EUR,0.2,0.09,Common,lechonk,Pokémon,https://www.tcggo.com/pokemon/stellar-crown/lechonk-126,sv7-126,567369,singles
2026-08-23T17:19:56+02:00,510,Nurikabe,nurikabe,SCR 127,127,785981,142,175,SCR,Pokémon,pokemon,10,https://images.tcggo.com/tcggo/storage/1257/stellar-crown-logo.png,Stellar Crown,EUR,379.37,EUR,533.58,2024-09-13,1,Scarlet & Violet,scarlet-violet,stellar-crown,110,1381,https://images.tcggo.com/tcggo/storage/1385/cyclizar-scr-127-stellar-crown-pokemon.png,https://www.tcggo.com/external/cm/1381,https://www.tcggo.com/external/tcgplayer/1381,Cyclizar,Cyclizar 127,0.03,0.02,9717,EUR,[],,,,,,,,0.02,0.02,0.02,0.02,0.02,0.02,0.02,0.02,0.02,0.02,,,,,,,,,,,,,,,,,,,,,,,,,,,,,,,,,,,,EUR,0.15,0.09,Common,cyclizar,Pokémon,https://www.tcggo.com/pokemon/stellar-crown/cyclizar-127,sv7-127,567372,singles
2026-08-23T17:19:56+02:00,380,5ban Graphics,5ban-graphics,SCR 128,128,785982,142,175,SCR,Pokémon,pokemon,10,https://images.tcggo.com/tcggo/storage/1257/stellar-crown-logo.png,Stellar Crown,EUR,379.37,EUR,533.58,2024-09-13,1,Scarlet & Violet,scarlet-violet,stellar-crown,230,1382,https://images.tcggo.com/tcggo/storage/1386/terapagos-ex-scr-128-stellar-crown-pokemon.png,https://www.tcggo.com/external/cm/1382,https://www.tcggo.com/external/tcgplayer/1382,Terapagos ex,Terapagos ex 128,1.06,0.98,1418,EUR,[],,,,,,,,0.5,0.5,0.5,0.45,0.45,0.55,0.49,0.49,0.45,0.45,,,,,,,,,,,,,,,,,,,,,,,,,,,,,,,,,,,,EUR,0.68,0.91,Double Rare,terapagos-ex,Pokémon,https://www.tcggo.com/pokemon/stellar-crown/terapagos-ex-128,sv7-128,567376,singles
2026-08-23T17:19:56+02:00,453,AYUMI ODASHIMA,ayumi-odashima,SCR 129,129,785983,142,175,SCR,Pokémon,pokemon,10,https://images.tcggo.com/tcggo/storage/1257/stellar-crown-logo.png,Stellar Crown,EUR,379.37,EUR,533.58,2024-09-13,1,Scarlet & Violet,scarlet-violet,stellar-crown,60,1383,https://images.tcggo.com/tcggo/storage/1387/antique-cover-fossil-scr-129-stellar-crown-pokemon.png,https://www.tcggo.com/external/cm/1383,https://www.tcggo.com/external/tcgplayer/1383,Antique Cover Fossil,Antique Cover Fossil 129,0.04,0.04,4252,EUR,[],,,,,,,,0.02,0.02,0.02,0.02,0.02,0.02,0.02,0.02,0.02,0.02,,,,,,,,,,,,,,,,,,,,,,,,,,,,,,,,,,,,EUR,0.25,0.13,Common,antique-cover-fossil,Trainer,https://www.tcggo.com/pokemon/stellar-crown/antique-cover-fossil-129,sv7-129,567378,singles
2026-08-23T17:19:56+02:00,453,AYUMI ODASHIMA,ayumi-odashima,SCR 130,130,785984,142,175,SCR,Pokémon,pokemon,10,https://images.tcggo.com/tcggo/storage/1257/stellar-crown-logo.png,Stellar Crown,EUR,379.37,EUR,533.58,2024-09-13,1,Scarlet & Violet,scarlet-violet,stellar-crown,60,1384,https://images.tcggo.com/tcggo/storage/1389/antique-root-fossil-scr-130-stellar-crown-pokemon.png,https://www.tcggo.com/external/cm/1384,https://www.tcggo.com/external/tcgplayer/1384,Antique Root Fossil,Antique Root Fossil 130,0.07,0.04,4034,EUR,[],,,,,,,,0.03,0.02,0.02,0.02,0.02,0.02,0.02,0.02,0.02,0.02,,,,,,,,,,,,,,,,,,,,,,,,,,,,,,,,,,,,EUR,0.28,0.13,Common,antique-root-fossil,Trainer,https://www.tcggo.com/pokemon/stellar-crown/antique-root-fossil-130,sv7-130,567380,singles
2026-08-23T17:19:56+02:00,455,MARINA Chikazawa,marina-chikazawa,SCR 131,131,785985,142,175,SCR,Pokémon,pokemon,10,https://images.tcggo.com/tcggo/storage/1257/stellar-crown-logo.png,Stellar Crown,EUR,379.37,EUR,533.58,2024-09-13,1,Scarlet & Violet,scarlet-violet,stellar-crown,0,1385,https://images.tcggo.com/tcggo/storage/1388/area-zero-underdepths-scr-131-stellar-crown-pokemon.png,https://www.tcggo.com/external/cm/1385,https://www.tcggo.com/external/tcgplayer/1385,Area Zero Underdepths,Area Zero Underdepths 131,0.1,0.11,10855,EUR,[],,,,,,,,0.02,0.02,0.02,0.02,0.02,0.02,0.02,0.02,0.02,0.02,,,,,,,,,,,,,,,,,,,,,,,,,,,,,,,,,,,,EUR,0.22,0.13,Uncommon,area-zero-underdepths,Trainer,https://www.tcggo.com/pokemon/stellar-crown/area-zero-underdepths-131,sv7-131,567384,singles
2026-08-23T17:19:56+02:00,463,Naoki Saito,naoki-saito,SCR 132,132,785986,142,175,SCR,Pokémon,pokemon,10,https://images.tcggo.com/tcggo/storage/1257/stellar-crown-logo.png,Stellar Crown,EUR,379.37,EUR,533.58,2024-09-13,1,Scarlet & Violet,scarlet-violet,stellar-crown,0,1386,https://images.tcggo.com/tcggo/storage/1390/briar-scr-132-stellar-crown-pokemon.png,https://www.tcggo.com/external/cm/1386,https://www.tcggo.com/external/tcgplayer/1386,Briar,Briar 132,0.05,0.04,12309,EUR,[],,,,,,,,0.02,0.02,0.02,0.02,0.02,0.02,0.02,0.02,0.02,0.02,,,,,,,,,,,,,,,,,,,,,,,,,,,,,,,,,,,,EUR,0.2,0.13,Uncommon,briar,Trainer,https://www.tcggo.com/pokemon/stellar-crown/briar-132,sv7-132,567385,singles
2026-08-23T17:19:56+02:00,459,GIDORA,gidora,SCR 133,133,785987,142,175,SCR,Pokémon,pokemon,10,https://images.tcggo.com/tcggo/storage/1257/stellar-crown-logo.png,Stellar Crown,EUR,379.37,EUR,533.58,2024-09-13,1,Scarlet & Violet,scarlet-violet,stellar-crown,0,1387,https://images.tcggo.com/tcggo/storage/1391/crispin-scr-133-stellar-crown-pokemon.png,https://www.tcggo.com/external/cm/1387,https://www.tcggo.com/external/tcgplayer/1387,Crispin,Crispin 133,0.15,0.13,6777,EUR,[],,,,,,,,0.02,0.02,0.02,0.02,0.02,0.02,0.02,0.02,0.02,0.02,,,,,,,,,,,,,,,,,,,,,,,,,,,,,,,,,,,,EUR,1.13,0.18,Uncommon,crispin,Trainer,https://www.tcggo.com/pokemon/stellar-crown/crispin-133,sv7-133,567390,singles
2026-08-23T17:19:56+02:00,464,inose yukie,inose-yukie,SCR 134,134,785988,142,175,SCR,Pokémon,pokemon,10,https://images.tcggo.com/tcggo/storage/1257/stellar-crown-logo.png,Stellar Crown,EUR,379.37,EUR,533.58,2024-09-13,1,Scarlet & Violet,scarlet-violet,stellar-crown,0,1388,https://images.tcggo.com/tcggo/storage/1393/deluxe-bomb-scr-134-stellar-crown-pokemon.png,https://www.tcggo.com/external/cm/1388,https://www.tcggo.com/external/tcgplayer/1388,Deluxe Bomb,Deluxe Bomb 134,0.44,0.47,3503,EUR,[],,,,,,,,0.05,0.09,0.09,0.2,0.2,0.09,0.09,0.09,0.02,0.02,,,,,,,,,,,,,,,,,,,,,,,,,,,,,,,,,,,,EUR,0.27,0.4,ACE SPEC Rare,deluxe-bomb,Trainer,https://www.tcggo.com/pokemon/stellar-crown/deluxe-bomb-134,sv7-134,567392,singles
2026-08-23T17:19:56+02:00,458,Toyste Beach,toyste-beach,SCR 135,135,785989,142,175,SCR,Pokémon,pokemon,10,https://images.tcggo.com/tcggo/storage/1257/stellar-crown-logo.png,Stellar Crown,EUR,379.37,EUR,533.58,2024-09-13,1,Scarlet & Violet,scarlet-violet,stellar-crown,0,1389,https://images.tcggo.com/tcggo/storage/1392/glass-trumpet-scr-135-stellar-crown-pokemon.png,https://www.tcggo.com/external/cm/1389,https://www.tcggo.com/external/tcgplayer/1389,Glass Trumpet,Glass Trumpet 135,0.05,0.09,13870,EUR,[],,,,,,,,0.02,0.02,0.02,0.02,0.02,0.02,0.02,0.02,0.02,0.02,,,,,,,,,,,,,,,,,,,,,,,,,,,,,,,,,,,,EUR,0.16,0.13,Uncommon,glass-trumpet,Trainer,https://www.tcggo.com/pokemon/stellar-crown/glass-trumpet-135,sv7-135,567394,singles
2026-08-23T17:19:56+02:00,453,AYUMI ODASHIMA,ayumi-odashima,SCR 136,136,785990,142,175,SCR,Pokémon,pokemon,10,https://images.tcggo.com/tcggo/storage/1257/stellar-crown-logo.png,Stellar Crown,EUR,379.37,EUR,533.58,2024-09-13,1,Scarlet & Violet,scarlet-violet,stellar-crown,0,1390,https://images.tcggo.com/tcggo/storage/1395/grand-tree-scr-136-stellar-crown-pokemon.png,https://www.tcggo.com/external/cm/1390,https://www.tcggo.com/external/tcgplayer/1390,Grand Tree,Grand Tree 136,0.49,0.44,2952,EUR,[],,,,,,,,0.07,0.09,0.09,0.6,0.6,0.07,0.09,0.09,0.05,0.05,,,,,,,,,,,,,,,,,,,,,,,,,,,,,,,,,,,,EUR,0.33,0.42,ACE SPEC Rare,grand-tree,Trainer,https://www.tcggo.com/pokemon/stellar-crown/grand-tree-136,sv7-136,567397,singles
2026-08-23T17:19:56+02:00,458,Toyste Beach,toyste-beach,SCR 137,137,785991,142,175,SCR,Pokémon,pokemon,10,https://images.tcggo.com/tcggo/storage/1257/stellar-crown-logo.png,Stellar Crown,EUR,379.37,EUR,533.58,2024-09-13,1,Scarlet & Violet,scarlet-violet,stellar-crown,0,1391,https://images.tcggo.com/tcggo/storage/1394/gravity-gemstone-scr-137-stellar-crown-pokemon.png,https://www.tcggo.com/external/cm/1391,https://www.tcggo.com/external/tcgplayer/1391,Gravity Gemstone,Gravity Gemstone 137,0.06,0.08,11999,EUR,[],,,,,,,,0.02,0.02,0.02,0.02,0.02,0.02,0.02,0.02,0.02,0.02,,,,,,,,,,,,,,,,,,,,,,,,,,,,,,,,,,,,EUR,0.26,0.13,Uncommon,gravity-gemstone,Trainer,https://www.tcggo.com/pokemon/stellar-crown/gravity-gemstone-137,sv7-137,567400,singles
2026-08-23T17:19:56+02:00,456,Hideki Ishikawa,hideki-ishikawa,SCR 138,138,785992,142,175,SCR,Pokémon,pokemon,10,https://images.tcggo.com/tcggo/storage/1257/stellar-crown-logo.png,Stellar Crown,EUR,379.37,EUR,533.58,2024-09-13,1,Scarlet & Violet,scarlet-violet,stellar-crown,0,1392,https://images.tcggo.com/tcggo/storage/1396/kofu-scr-138-stellar-crown-pokemon.png,https://www.tcggo.com/external/cm/1392,https://www.tcggo.com/external/tcgplayer/1392,Kofu,Kofu 138,0.04,0.04,14144,EUR,[],,,,,,,,0.02,0.02,0.02,0.02,0.02,0.02,0.02,0.02,0.02,0.02,,,,,,,,,,,,,,,,,,,,,,,,,,,,,,,,,,,,EUR,0.19,0.13,Uncommon,kofu,Trainer,https://www.tcggo.com/pokemon/stellar-crown/kofu-138,sv7-138,567404,singles
2026-08-23T17:19:56+02:00,379,Sanosuke Sakuma,sanosuke-sakuma,SCR 139,139,785993,142,175,SCR,Pokémon,pokemon,10,https://images.tcggo.com/tcggo/storage/1257/stellar-crown-logo.png,Stellar Crown,EUR,379.37,EUR,533.58,2024-09-13,1,Scarlet & Violet,scarlet-violet,stellar-crown,0,1393,https://images.tcggo.com/tcggo/storage/1397/lacey-scr-139-stellar-crown-pokemon.png,https://www.tcggo.com/external/cm/1393,https://www.tcggo.com/external/tcgplayer/1393,Lacey,Lacey 139,0.04,0.03,14625,EUR,[],,,,,,,,0.02,0.02,0.02,0.02,0.02,0.02,0.02,0.02,0.02,0.02,,,,,,,,,,,,,,,,,,,,,,,,,,,,,,,,,,,,EUR,0.19,0.1,Uncommon,lacey,Trainer,https://www.tcggo.com/pokemon/stellar-crown/lacey-139,sv7-139,567407,singles
2026-08-23T17:19:56+02:00,461,Studio Bora Inc.,studio-bora-inc,SCR 140,140,785994,142,175,SCR,Pokémon,pokemon,10,https://images.tcggo.com/tcggo/storage/1257/stellar-crown-logo.png,Stellar Crown,EUR,379.37,EUR,533.58,2024-09-13,1,Scarlet & Violet,scarlet-violet,stellar-crown,0,1394,https://images.tcggo.com/tcggo/storage/1398/occa-berry-scr-140-stellar-crown-pokemon.png,https://www.tcggo.com/external/cm/1394,https://www.tcggo.com/external/tcgplayer/1394,Occa Berry,Occa Berry 140,0.03,0.04,13110,EUR,[],,,,,,,,0.02,0.02,0.02,0.02,0.02,0.02,0.02,0.02,0.02,0.02,,,,,,,,,,,,,,,,,,,,,,,,,,,,,,,,,,,,EUR,0.18,0.09,Uncommon,occa-berry,Trainer,https://www.tcggo.com/pokemon/stellar-crown/occa-berry-140,sv7-140,567409,singles
2026-08-23T17:19:56+02:00,461,Studio Bora Inc.,studio-bora-inc,SCR 141,141,785995,142,175,SCR,Pokémon,pokemon,10,https://images.tcggo.com/tcggo/storage/1257/stellar-crown-logo.png,Stellar Crown,EUR,379.37,EUR,533.58,2024-09-13,1,Scarlet & Violet,scarlet-violet,stellar-crown,0,1395,https://images.tcggo.com/tcggo/storage/1399/payapa-berry-scr-141-stellar-crown-pokemon.png,https://www.tcggo.com/external/cm/1395,https://www.tcggo.com/external/tcgplayer/1395,Payapa Berry,Payapa Berry 141,0.04,0.05,11158,EUR,[],,,,,,,,0.02,0.02,0.02,0.02,0.02,0.02,0.02,0.02,0.02,0.02,,,,,,,,,,,,,,,,,,,,,,,,,,,,,,,,,,,,EUR,0.27,0.12,Uncommon,payapa-berry,Trainer,https://www.tcggo.com/pokemon/stellar-crown/payapa-berry-141,sv7-141,567414,singles
2026-08-23T17:19:56+02:00,458,Toyste Beach,toyste-beach,SCR 142,142,785996,142,175,SCR,Pokémon,pokemon,10,https://images.tcggo.com/tcggo/storage/1257/stellar-crown-logo.png,Stellar Crown,EUR,379.37,EUR,533.58,2024-09-13,1,Scarlet & Violet,scarlet-violet,stellar-crown,0,1396,https://images.tcggo.com/tcggo/storage/1400/sparkling-crystal-scr-142-stellar-crown-pokemon.png,https://www.tcggo.com/external/cm/1396,https://www.tcggo.com/external/tcgplayer/1396,Sparkling Crystal,Sparkling Crystal 142,0.42,0.41,2620,EUR,[],,,,,,,,0.09,0.07,0.07,0.1,0.1,0.09,0.2,0.2,0.08,0.08,,,,,,,,,,,,,,,,,,,,,,,,,,,,,,,,,,,,EUR,0.32,0.43,ACE SPEC Rare,sparkling-crystal,Trainer,https://www.tcggo.com/pokemon/stellar-crown/sparkling-crystal-142,sv7-142,567416,singles
2026-08-23T17:19:56+02:00,365,Orca,orca,SCR 143,143,785997,142,175,SCR,Pokémon,pokemon,10,https://images.tcggo.com/tcggo/storage/1257/stellar-crown-logo.png,Stellar Crown,EUR,379.37,EUR,533.58,2024-09-13,1,Scarlet & Violet,scarlet-violet,stellar-crown,70,1397,https://images.tcggo.com/tcggo/storage/1401/bulbasaur-scr-143-stellar-crown-pokemon.png,https://www.tcggo.com/external/cm/1397,https://www.tcggo.com/external/tcgplayer/1397,Bulbasaur,Bulbasaur 143,83.47,84.65,424,EUR,,,,239,,139,59,115,80.14,65.99,65.99,80,80,84.99,69,70,54.89,54.89,USD,147.67,5,,,59.97,3,79.67,5,95.64,2,169.03,5,,,,,118.21,3,284.91,5,78.62,1,73.27,5,82.54,5,141.45,3,,,293.58,5,133.45,5,EUR,86.83,93.51,Illustration Rare,bulbasaur,Pokémon,https://www.tcggo.com/pokemon/stellar-crown/bulbasaur-143,sv7-143,567418,singles
2026-08-23T17:19:56+02:00,359,HYOGONOSUKE,hyogonosuke,SCR 144,144,785998,142,175,SCR,Pokémon,pokemon,10,https://images.tcggo.com/tcggo/storage/1257/stellar-crown-logo.png,Stellar Crown,EUR,379.37,EUR,533.58,2024-09-13,1,Scarlet & Violet,scarlet-violet,stellar-crown,90,1398,https://images.tcggo.com/tcggo/storage/1402/ledian-scr-144-stellar-crown-pokemon.png,https://www.tcggo.com/external/cm/1398,https://www.tcggo.com/external/tcgplayer/1398,Ledian,Ledian 144,4.46,4.21,487,EUR,,,,60,,30,,,3.89,3,3,3.5,3.5,3.89,4.99,4.99,1.99,1.99,,,,,,,,,,,,,,,,,,,,,,,,,,,,,,,,,,,,EUR,5.26,3.76,Illustration Rare,ledian,Pokémon,https://www.tcggo.com/pokemon/stellar-crown/ledian-144,sv7-144,567420,singles
2026-08-23T17:19:56+02:00,783,Mori Yuu,mori-yuu,SCR 145,145,785999,142,175,SCR,Pokémon,pokemon,10,https://images.tcggo.com/tcggo/storage/1257/stellar-crown-logo.png,Stellar Crown,EUR,379.37,EUR,533.58,2024-09-13,1,Scarlet & Violet,scarlet-violet,stellar-crown,100,1399,https://images.tcggo.com/tcggo/storage/1403/lileep-scr-145-stellar-crown-pokemon.png,https://www.tcggo.com/external/cm/1399,https://www.tcggo.com/external/tcgplayer/1399,Lileep,Lileep 145,4.31,4.22,428,EUR,,,,,,90,,28,3.9,3.2,3.2,3.5,3.5,3.9,5,5,1.5,1.5,,,,,,,,,,,,,,,,,,,,,,,,,,,,,,,,,,,,EUR,8.79,4.72,Illustration Rare,lileep,Pokémon,https://www.tcggo.com/pokemon/stellar-crown/lileep-145,sv7-145,567421,singles
2026-08-23T17:19:56+02:00,465,Yukihiro Tada,yukihiro-tada,SCR 146,146,786000,142,175,SCR,Pokémon,pokemon,10,https://images.tcggo.com/tcggo/storage/1257/stellar-crown-logo.png,Stellar Crown,EUR,379.37,EUR,533.58,2024-09-13,1,Scarlet & Violet,scarlet-violet,stellar-crown,130,1400,https://images.tcggo.com/tcggo/storage/1404/turtonator-scr-146-stellar-crown-pokemon.png,https://www.tcggo.com/external/cm/1400,https://www.tcggo.com/external/tcgplayer/1400,Turtonator,Turtonator 146,3.43,3.2,544,EUR,,,,,,70,40,25,2.5,2.29,2.29,3,3,2.5,4.9,4.9,1.5,1.5,,,,,,,,,,,,,,,,,,,,,,,,,,,,,,,,,,,,EUR,4.06,2.99,Illustration Rare,turtonator,Pokémon,https://www.tcggo.com/pokemon/stellar-crown/turtonator-146,sv7-146,567424,singles
2026-08-23T17:19:56+02:00,403,rika,rika,SCR 147,147,786001,142,175,SCR,Pokémon,pokemon,10,https://images.tcggo.com/tcggo/storage/1257/stellar-crown-logo.png,Stellar Crown,EUR,379.37,EUR,533.58,2024-09-13,1,Scarlet & Violet,scarlet-violet,stellar-crown,90,1401,https://images.tcggo.com/tcggo/storage/1405/raboot-scr-147-stellar-crown-pokemon.png,https://www.tcggo.com/external/cm/1401,https://www.tcggo.com/external/tcgplayer/1401,Raboot,Raboot 147,5.72,4.81,547,EUR,,,,39,,92,,32,4,4,4,5,5,4,7.4,7.4,1.9,1.9,,,,,,,,,,,,,,,,,,,,,,,,,,,,,,,,,,,,EUR,6.7,5.03,Illustration Rare,raboot,Pokémon,https://www.tcggo.com/pokemon/stellar-crown/raboot-147,sv7-147,567427,singles
2026-08-23T17:19:56+02:00,370,Saboteri,saboteri,SCR 148,148,786002,142,175,SCR,Pokémon,pokemon,10,https://images.tcggo.com/tcggo/storage/1257/stellar-crown-logo.png,Stellar Crown,EUR,379.37,EUR,533.58,2024-09-13,1,Scarlet & Violet,scarlet-violet,stellar-crown,60,1402,https://images.tcggo.com/tcggo/storage/1406/squirtle-scr-148-stellar-crown-pokemon.png,https://www.tcggo.com/external/cm/1402,https://www.tcggo.com/external/tcgplayer/1402,Squirtle,Squirtle 148,84.9,83.32,432,EUR,,,150,205,,394,,139,88.23,75,75,90,90,90,68,68,59,59,USD,183.65,5,,,69.02,5,75.4,5,115.18,3,188.4,5,,,,,88.54,3,269.16,5,94.35,2,96,5,116.64,5,169.25,2,,,358.87,5,134.58,5,EUR,99.77,108.22,Illustration Rare,squirtle,Pokémon,https://www.tcggo.com/pokemon/stellar-crown/squirtle-148,sv7-148,567429,singles
2026-08-23T17:19:56+02:00,455,MARINA Chikazawa,marina-chikazawa,SCR 150,150,786004,142,175,SCR,Pokémon,pokemon,10,https://images.tcggo.com/tcggo/storage/1257/stellar-crown-logo.png,Stellar Crown,EUR,379.37,EUR,533.58,2024-09-13,1,Scarlet & Violet,scarlet-violet,stellar-crown,30,1403,https://images.tcggo.com/tcggo/storage/1407/joltik-scr-150-stellar-crown-pokemon.png,https://www.tcggo.com/external/cm/1403,https://www.tcggo.com/external/tcgplayer/1403,Joltik,Joltik 150,4.55,4.55,528,EUR,,,,38,,100,,,3.5,3,3,5,5,3.5,4.3,4.3,2.5,2.5,,,,,,,,,,,,,,,,,,,,,,,,,,,,,,,,,,,,EUR,6.99,5.13,Illustration Rare,joltik,Pokémon,https://www.tcggo.com/pokemon/stellar-crown/joltik-150,sv7-150,567433,singles
2026-08-23T17:19:56+02:00,375,Mitsuhiro Arita,mitsuhiro-arita,SCR 149,149,845407,142,175,SCR,Pokémon,pokemon,10,https://images.tcggo.com/tcggo/storage/1257/stellar-crown-logo.png,Stellar Crown,EUR,379.37,EUR,533.58,2024-09-13,1,Scarlet & Violet,scarlet-violet,stellar-crown,160,1404,https://images.tcggo.com/tcggo/storage/1408/crabominable-scr-149-stellar-crown-pokemon.png,https://www.tcggo.com/external/cm/1404,https://www.tcggo.com/external/tcgplayer/1404,Crabominable,Crabominable 149,1.66,1.68,1725,EUR,,,,28,,55,,23,1,0.96,0.96,,,1,1.8,1.8,0.49,0.49,,,,,,,,,,,,,,,,,,,,,,,,,,,,,,,,,,,,EUR,2.59,2.15,Illustration Rare,crabominable,Pokémon,https://www.tcggo.com/pokemon/stellar-crown/crabominable-149,sv7-149,567431,singles
2026-08-23T17:19:56+02:00,439,Kazumasa Yasukuni,kazumasa-yasukuni,SCR 151,151,786005,142,175,SCR,Pokémon,pokemon,10,https://images.tcggo.com/tcggo/storage/1257/stellar-crown-logo.png,Stellar Crown,EUR,379.37,EUR,533.58,2024-09-13,1,Scarlet & Violet,scarlet-violet,stellar-crown,120,1405,https://images.tcggo.com/tcggo/storage/1409/zeraora-scr-151-stellar-crown-pokemon.png,https://www.tcggo.com/external/cm/1405,https://www.tcggo.com/external/tcgplayer/1405,Zeraora,Zeraora 151,12.2,9.55,442,EUR,,,35,,,110,,35,8.45,4.35,4.36,10,10,8,21.9,21.9,5,5,USD,47.08,5,10.67,1,20.44,1,18.76,5,,,45.43,5,,,,,12.55,2,90,5,7.95,3,14.5,5,24.24,5,,,,,70.43,3,30,1,EUR,12.22,8.55,Illustration Rare,zeraora,Pokémon,https://www.tcggo.com/pokemon/stellar-crown/zeraora-151,sv7-151,567434,singles
2026-08-23T17:19:56+02:00,422,Dsuke,dsuke,SCR 152,152,786006,142,175,SCR,Pokémon,pokemon,10,https://images.tcggo.com/tcggo/storage/1257/stellar-crown-logo.png,Stellar Crown,EUR,379.37,EUR,533.58,2024-09-13,1,Scarlet & Violet,scarlet-violet,stellar-crown,60,1406,https://images.tcggo.com/tcggo/storage/1410/milcery-scr-152-stellar-crown-pokemon.png,https://www.tcggo.com/external/cm/1406,https://www.tcggo.com/external/tcgplayer/1406,Milcery,Milcery 152,6.93,7.32,318,EUR,[],,,,,,,,7,4.89,4.89,5,5,9,7,7,3.38,3.38,USD,47.08,5,,,,,13.32,2,,,30.25,4,,,,,,,67.26,5,,,9.34,3,17.93,5,,,,,72.39,1,,,EUR,16.21,10.26,Illustration Rare,milcery,Pokémon,https://www.tcggo.com/pokemon/stellar-crown/milcery-152,sv7-152,567435,singles
2026-08-23T17:19:56+02:00,386,Jerky,jerky,SCR 154,154,786008,142,175,SCR,Pokémon,pokemon,10,https://images.tcggo.com/tcggo/storage/1257/stellar-crown-logo.png,Stellar Crown,EUR,379.37,EUR,533.58,2024-09-13,1,Scarlet & Violet,scarlet-violet,stellar-crown,70,1407,https://images.tcggo.com/tcggo/storage/1411/gulpin-scr-154-stellar-crown-pokemon.png,https://www.tcggo.com/external/cm/1407,https://www.tcggo.com/external/tcgplayer/1407,Gulpin,Gulpin 154,6.82,4.89,323,EUR,,,,,,108,22,34,4,4.2,4.2,4.5,4.5,4,4.5,4.5,2.45,2.45,,,,,,,,,,,,,,,,,,,,,,,,,,,,,,,,,,,,EUR,11.21,8.76,Illustration Rare,gulpin,Pokémon,https://www.tcggo.com/pokemon/stellar-crown/gulpin-154,sv7-154,567439,singles
2026-08-23T17:19:56+02:00,364,Toshinao Aoki,toshinao-aoki,SCR 155,155,786009,142,175,SCR,Pokémon,pokemon,10,https://images.tcggo.com/tcggo/storage/1257/stellar-crown-logo.png,Stellar Crown,EUR,379.37,EUR,533.58,2024-09-13,1,Scarlet & Violet,scarlet-violet,stellar-crown,180,1408,https://images.tcggo.com/tcggo/storage/1412/archaludon-scr-155-stellar-crown-pokemon.png,https://www.tcggo.com/external/cm/1408,https://www.tcggo.com/external/tcgplayer/1408,Archaludon,Archaludon 155,3.06,2.81,617,EUR,[],,,,,,,,2.25,1.4,1.4,3,3,2.25,3,3.99,1.2,1.2,,,,,,,,,,,,,,,,,,,,,,,,,,,,,,,,,,,,EUR,3.32,2.56,Illustration Rare,archaludon,Pokémon,https://www.tcggo.com/pokemon/stellar-crown/archaludon-155,sv7-155,567441,singles
2026-08-23T17:19:56+02:00,473,Yuriko Akase,yuriko-akase,SCR 153,153,786007,142,175,SCR,Pokémon,pokemon,10,https://images.tcggo.com/tcggo/storage/1257/stellar-crown-logo.png,Stellar Crown,EUR,379.37,EUR,533.58,2024-09-13,1,Scarlet & Violet,scarlet-violet,stellar-crown,70,1409,https://images.tcggo.com/tcggo/storage/1413/meditite-scr-153-stellar-crown-pokemon.png,https://www.tcggo.com/external/cm/1409,https://www.tcggo.com/external/tcgplayer/1409,Meditite,Meditite 153,5.32,4.71,424,EUR,[],,,,,,,,2,2.4,3,4.85,4.85,2,5.49,5.49,2.5,2.5,,,,,,,,,,,,,,,,,,,,,,,,,,,,,,,,,,,,EUR,6.84,4.5,Illustration Rare,meditite,Pokémon,https://www.tcggo.com/pokemon/stellar-crown/meditite-153,sv7-153,567436,singles
2026-08-23T17:19:56+02:00,380,5ban Graphics,5ban-graphics,SCR 156,156,786010,142,175,SCR,Pokémon,pokemon,10,https://images.tcggo.com/tcggo/storage/1257/stellar-crown-logo.png,Stellar Crown,EUR,379.37,EUR,533.58,2024-09-13,1,Scarlet & Violet,scarlet-violet,stellar-crown,330,1410,https://images.tcggo.com/tcggo/storage/1414/hydrapple-ex-scr-156-stellar-crown-pokemon.png,https://www.tcggo.com/external/cm/1410,https://www.tcggo.com/external/tcgplayer/1410,Hydrapple ex,Hydrapple ex 156,2.17,2.23,517,EUR,,25,,,,45,,,1,1.1,1.1,3,3,1,1.99,2,0.7,0.7,,,,,,,,,,,,,,,,,,,,,,,,,,,,,,,,,,,,EUR,2.5,1.91,Ultra Rare,hydrapple-ex,Pokémon,https://www.tcggo.com/pokemon/stellar-crown/hydrapple-ex-156,sv7-156,567443,singles
2026-08-23T17:19:56+02:00,380,5ban Graphics,5ban-graphics,SCR 158,158,786012,142,175,SCR,Pokémon,pokemon,10,https://images.tcggo.com/tcggo/storage/1257/stellar-crown-logo.png,Stellar Crown,EUR,379.37,EUR,533.58,2024-09-13,1,Scarlet & Violet,scarlet-violet,stellar-crown,220,1411,https://images.tcggo.com/tcggo/storage/1415/lapras-ex-scr-158-stellar-crown-pokemon.png,https://www.tcggo.com/external/cm/1411,https://www.tcggo.com/external/tcgplayer/1411,Lapras ex,Lapras ex 158,3.64,3.91,557,EUR,,,,,,,,30,3.25,2.95,2.95,4.25,4.25,3.25,4.9,4.9,1.8,1.8,USD,38.07,1,,,,,,,,,40.5,4,,,,,,,68.51,5,9.01,1,11.5,1,20,5,,,,,59.99,3,,,EUR,5.89,4.27,Ultra Rare,lapras-ex,Pokémon,https://www.tcggo.com/pokemon/stellar-crown/lapras-ex-158,sv7-158,567448,singles
2026-08-23T17:19:56+02:00,380,5ban Graphics,5ban-graphics,SCR 157,157,786011,142,175,SCR,Pokémon,pokemon,10,https://images.tcggo.com/tcggo/storage/1257/stellar-crown-logo.png,Stellar Crown,EUR,379.37,EUR,533.58,2024-09-13,1,Scarlet & Violet,scarlet-violet,stellar-crown,320,1412,https://images.tcggo.com/tcggo/storage/1416/cinderace-ex-scr-157-stellar-crown-pokemon.png,https://www.tcggo.com/external/cm/1412,https://www.tcggo.com/external/tcgplayer/1412,Cinderace ex,Cinderace ex 157,2.45,2.69,613,EUR,,,,,,99,,40,1.75,1.95,1.95,2.2,2.2,1.75,4,4,1,1,,,,,,,,,,,,,,,,,,,,,,,,,,,,,,,,,,,,EUR,2.95,2.81,Ultra Rare,cinderace-ex,Pokémon,https://www.tcggo.com/pokemon/stellar-crown/cinderace-ex-157,sv7-157,567447,singles
2026-08-23T17:19:56+02:00,380,5ban Graphics,5ban-graphics,SCR 159,159,786013,142,175,SCR,Pokémon,pokemon,10,https://images.tcggo.com/tcggo/storage/1257/stellar-crown-logo.png,Stellar Crown,EUR,379.37,EUR,533.58,2024-09-13,1,Scarlet & Violet,scarlet-violet,stellar-crown,260,1413,https://images.tcggo.com/tcggo/storage/1417/galvantula-ex-scr-159-stellar-crown-pokemon.png,https://www.tcggo.com/external/cm/1413,https://www.tcggo.com/external/tcgplayer/1413,Galvantula ex,Galvantula ex 159,1.53,1.56,717,EUR,[],,,,,,,,1,1,1,1.9,1.9,1,2,2,0.95,0.95,,,,,,,,,,,,,,,,,,,,,,,,,,,,,,,,,,,,EUR,1.68,1.7,Ultra Rare,galvantula-ex,Pokémon,https://www.tcggo.com/pokemon/stellar-crown/galvantula-ex-159,sv7-159,567449,singles
2026-08-23T17:19:56+02:00,384,PLANETA Mochizuki,planeta-mochizuki,SCR 160,160,786014,142,175,SCR,Pokémon,pokemon,10,https://images.tcggo.com/tcggo/storage/1257/stellar-crown-logo.png,Stellar Crown,EUR,379.37,EUR,533.58,2024-09-13,1,Scarlet & Violet,scarlet-violet,stellar-crown,250,1414,https://images.tcggo.com/tcggo/storage/1418/dachsbun-ex-scr-160-stellar-crown-pokemon.png,https://www.tcggo.com/external/cm/1414,https://www.tcggo.com/external/tcgplayer/1414,Dachsbun ex,Dachsbun ex 160,1.75,1.62,582,EUR,[],,,,,,,,1.19,1,1,1.28,1.28,1.19,1.99,1.99,0.45,0.45,,,,,,,,,,,,,,,,,,,,,,,,,,,,,,,,,,,,EUR,3.62,2.56,Ultra Rare,dachsbun-ex,Pokémon,https://www.tcggo.com/pokemon/stellar-crown/dachsbun-ex-160,sv7-160,567452,singles
2026-08-23T17:19:56+02:00,411,PLANETA Yamashita,planeta-yamashita,SCR 161,161,786015,142,175,SCR,Pokémon,pokemon,10,https://images.tcggo.com/tcggo/storage/1257/stellar-crown-logo.png,Stellar Crown,EUR,379.37,EUR,533.58,2024-09-13,1,Scarlet & Violet,scarlet-violet,stellar-crown,260,1415,https://images.tcggo.com/tcggo/storage/1419/medicham-ex-scr-161-stellar-crown-pokemon.png,https://www.tcggo.com/external/cm/1415,https://www.tcggo.com/external/tcgplayer/1415,Medicham ex,Medicham ex 161,1.19,1.22,1047,EUR,[],,,,,,,,0.5,0.5,0.5,0.99,0.99,0.5,1.75,1.75,0.4,0.4,,,,,,,,,,,,,,,,,,,,,,,,,,,,,,,,,,,,EUR,1.04,1.03,Ultra Rare,medicham-ex,Pokémon,https://www.tcggo.com/pokemon/stellar-crown/medicham-ex-161,sv7-161,567455,singles
2026-08-23T17:19:56+02:00,384,PLANETA Mochizuki,planeta-mochizuki,SCR 162,162,786016,142,175,SCR,Pokémon,pokemon,10,https://images.tcggo.com/tcggo/storage/1257/stellar-crown-logo.png,Stellar Crown,EUR,379.37,EUR,533.58,2024-09-13,1,Scarlet & Violet,scarlet-violet,stellar-crown,220,1416,https://images.tcggo.com/tcggo/storage/1420/orthworm-ex-scr-162-stellar-crown-pokemon.png,https://www.tcggo.com/external/cm/1416,https://www.tcggo.com/external/tcgplayer/1416,Orthworm ex,Orthworm ex 162,1.23,1.36,1097,EUR,[],,,,,,,,0.49,0.35,0.35,0.5,0.5,0.9,0.99,0.99,0.25,0.25,,,,,,,,,,,,,,,,,,,,,,,,,,,,,,,,,,,,EUR,0.97,0.89,Ultra Rare,orthworm-ex,Pokémon,https://www.tcggo.com/pokemon/stellar-crown/orthworm-ex-162,sv7-162,567457,singles
2026-08-23T17:19:56+02:00,463,Naoki Saito,naoki-saito,SCR 163,163,786017,142,175,SCR,Pokémon,pokemon,10,https://images.tcggo.com/tcggo/storage/1257/stellar-crown-logo.png,Stellar Crown,EUR,379.37,EUR,533.58,2024-09-13,1,Scarlet & Violet,scarlet-violet,stellar-crown,0,1417,https://images.tcggo.com/tcggo/storage/1422/briar-scr-163-stellar-crown-pokemon.png,https://www.tcggo.com/external/cm/1417,https://www.tcggo.com/external/tcgplayer/1417,Briar,Briar 163,2.01,2.02,670,EUR,,,10,50,,50,,,1.85,1.1,1.1,4.1,4.1,1.9,1.8,2,0.95,0.95,,,,,,,,,,,,,,,,,,,,,,,,,,,,,,,,,,,,EUR,1.76,1.8,Ultra Rare,briar,Trainer,https://www.tcggo.com/pokemon/stellar-crown/briar-163,sv7-163,567460,singles
2026-08-23T17:19:56+02:00,459,GIDORA,gidora,SCR 164,164,786018,142,175,SCR,Pokémon,pokemon,10,https://images.tcggo.com/tcggo/storage/1257/stellar-crown-logo.png,Stellar Crown,EUR,379.37,EUR,533.58,2024-09-13,1,Scarlet & Violet,scarlet-violet,stellar-crown,0,1418,https://images.tcggo.com/tcggo/storage/1421/crispin-scr-164-stellar-crown-pokemon.png,https://www.tcggo.com/external/cm/1418,https://www.tcggo.com/external/tcgplayer/1418,Crispin,Crispin 164,6.13,5.92,445,EUR,[],,,,,,,,5.91,4,4,11.99,11.99,5.99,5,5,5.98,5.98,USD,31.88,1,,,,,,,,,24.61,2,,,,,,,31.21,5,,,,,24.99,5,,,,,53.11,1,,,EUR,5.52,10.22,Ultra Rare,crispin,Trainer,https://www.tcggo.com/pokemon/stellar-crown/crispin-164,sv7-164,567465,singles
2026-08-23T17:19:56+02:00,456,Hideki Ishikawa,hideki-ishikawa,SCR 165,165,786019,142,175,SCR,Pokémon,pokemon,10,https://images.tcggo.com/tcggo/storage/1257/stellar-crown-logo.png,Stellar Crown,EUR,379.37,EUR,533.58,2024-09-13,1,Scarlet & Violet,scarlet-violet,stellar-crown,0,1419,https://images.tcggo.com/tcggo/storage/1423/kofu-scr-165-stellar-crown-pokemon.png,https://www.tcggo.com/external/cm/1419,https://www.tcggo.com/external/tcgplayer/1419,Kofu,Kofu 165,1.14,1.08,894,EUR,[],,,,,,,,0.49,0.3,0.3,0.99,0.99,0.5,1,1,0.29,0.29,,,,,,,,,,,,,,,,,,,,,,,,,,,,,,,,,,,,EUR,0.99,0.85,Ultra Rare,kofu,Trainer,https://www.tcggo.com/pokemon/stellar-crown/kofu-165,sv7-165,567467,singles
2026-08-23T17:19:56+02:00,379,Sanosuke Sakuma,sanosuke-sakuma,SCR 166,166,786020,142,175,SCR,Pokémon,pokemon,10,https://images.tcggo.com/tcggo/storage/1257/stellar-crown-logo.png,Stellar Crown,EUR,379.37,EUR,533.58,2024-09-13,1,Scarlet & Violet,scarlet-violet,stellar-crown,0,1420,https://images.tcggo.com/tcggo/storage/1424/lacey-scr-166-stellar-crown-pokemon.png,https://www.tcggo.com/external/cm/1420,https://www.tcggo.com/external/tcgplayer/1420,Lacey,Lacey 166,2.03,2.01,734,EUR,,,24,,,25,,,1.75,0.99,0.99,4.9,4.9,1.75,1.75,1.75,0.75,0.75,,,,,,,,,,,,,,,,,,,,,,,,,,,,,,,,,,,,EUR,2.71,2.35,Ultra Rare,lacey,Trainer,https://www.tcggo.com/pokemon/stellar-crown/lacey-166,sv7-166,567470,singles
2026-08-23T17:19:56+02:00,385,Teeziro,teeziro,SCR 167,167,786021,142,175,SCR,Pokémon,pokemon,10,https://images.tcggo.com/tcggo/storage/1257/stellar-crown-logo.png,Stellar Crown,EUR,379.37,EUR,533.58,2024-09-13,1,Scarlet & Violet,scarlet-violet,stellar-crown,330,1421,https://images.tcggo.com/tcggo/storage/1425/hydrapple-ex-scr-167-stellar-crown-pokemon.png,https://www.tcggo.com/external/cm/1421,https://www.tcggo.com/external/tcgplayer/1421,Hydrapple ex,Hydrapple ex 167,23.63,23.36,309,EUR,,,,79,,130,,35,23,18,18,20.99,20.99,23,29.99,29.99,19,19,USD,49.56,5,,,,,23.52,4,,,26.92,5,,,,,28.43,2,107.66,5,,,23.33,5,31.4,5,,,,,,,,,EUR,32.82,21.02,Special Illustration Rare,hydrapple-ex,Pokémon,https://www.tcggo.com/pokemon/stellar-crown/hydrapple-ex-167,sv7-167,567472,singles
2026-08-23T17:19:56+02:00,455,MARINA Chikazawa,marina-chikazawa,SCR 168,168,786022,142,175,SCR,Pokémon,pokemon,10,https://images.tcggo.com/tcggo/storage/1257/stellar-crown-logo.png,Stellar Crown,EUR,379.37,EUR,533.58,2024-09-13,1,Scarlet & Violet,scarlet-violet,stellar-crown,260,1422,https://images.tcggo.com/tcggo/storage/1426/galvantula-ex-scr-168-stellar-crown-pokemon.png,https://www.tcggo.com/external/cm/1422,https://www.tcggo.com/external/tcgplayer/1422,Galvantula ex,Galvantula ex 168,18.02,16.3,403,EUR,,,,84,,80,,30,15,16,16,15.99,15.99,15,28,28,13.9,13.9,USD,59.5,1,,,22,1,22.28,5,,,20.76,5,,,,,19,3,76.26,5,,,15.5,5,20.81,5,,,,,61.32,3,,,EUR,16.24,14.35,Special Illustration Rare,galvantula-ex,Pokémon,https://www.tcggo.com/pokemon/stellar-crown/galvantula-ex-168,sv7-168,567474,singles
2026-08-23T17:19:56+02:00,409,Yuu Nishida,yuu-nishida,SCR 169,169,786023,142,175,SCR,Pokémon,pokemon,10,https://images.tcggo.com/tcggo/storage/1257/stellar-crown-logo.png,Stellar Crown,EUR,379.37,EUR,533.58,2024-09-13,1,Scarlet & Violet,scarlet-violet,stellar-crown,250,1423,https://images.tcggo.com/tcggo/storage/1427/dachsbun-ex-scr-169-stellar-crown-pokemon.png,https://www.tcggo.com/external/cm/1423,https://www.tcggo.com/external/tcgplayer/1423,Dachsbun ex,Dachsbun ex 169,34.73,35.24,223,EUR,,,74,49,,216,35,49,17.99,28,28,24.9,24.9,35,39.99,39.99,17.45,17.45,USD,85.32,5,,,29.68,1,42.73,5,44.84,1,112.1,5,,,,,37.9,5,167.4,5,,,41.92,5,71.78,5,,,,,127.34,3,21.5,1,EUR,57.17,38.59,Special Illustration Rare,dachsbun-ex,Pokémon,https://www.tcggo.com/pokemon/stellar-crown/dachsbun-ex-169,sv7-169,567476,singles
2026-08-23T17:19:56+02:00,370,Saboteri,saboteri,SCR 170,170,786024,142,175,SCR,Pokémon,pokemon,10,https://images.tcggo.com/tcggo/storage/1257/stellar-crown-logo.png,Stellar Crown,EUR,379.37,EUR,533.58,2024-09-13,1,Scarlet & Violet,scarlet-violet,stellar-crown,230,1424,https://images.tcggo.com/tcggo/storage/1428/terapagos-ex-scr-170-stellar-crown-pokemon.png,https://www.tcggo.com/external/cm/1424,https://www.tcggo.com/external/tcgplayer/1424,Terapagos ex,Terapagos ex 170,50.4,35.99,449,EUR,,,99,59,55,95,59,57,26.48,29.99,29.99,42.9,42.9,35,55,55,39,39,USD,109.18,2,,,,,34.66,5,48.1,2,89.71,5,,,36,2,47.17,4,627.99,5,,,35.88,5,36.33,5,,,45.48,1,205.59,5,52.93,5,EUR,32.82,32.45,Special Illustration Rare,terapagos-ex,Pokémon,https://www.tcggo.com/pokemon/stellar-crown/terapagos-ex-170,sv7-170,567478,singles
2026-08-23T17:19:56+02:00,429,DOM,dom,SCR 171,171,786025,142,175,SCR,Pokémon,pokemon,10,https://images.tcggo.com/tcggo/storage/1257/stellar-crown-logo.png,Stellar Crown,EUR,379.37,EUR,533.58,2024-09-13,1,Scarlet & Violet,scarlet-violet,stellar-crown,0,1425,https://images.tcggo.com/tcggo/storage/1429/briar-scr-171-stellar-crown-pokemon.png,https://www.tcggo.com/external/cm/1425,https://www.tcggo.com/external/tcgplayer/1425,Briar,Briar 171,14.88,12.76,336,EUR,[],,,,,,,,12.99,10.5,10.5,15,15,12.99,19.5,20,12.99,12.99,USD,44.82,2,,,,,,,,,18.5,3,,,,,9.3,1,75.83,5,,,11.4,2,22.24,5,,,,,,,,,EUR,10.39,11.32,Special Illustration Rare,briar,Trainer,https://www.tcggo.com/pokemon/stellar-crown/briar-171,sv7-171,567482,singles
2026-08-23T17:19:56+02:00,377,Souichirou Gunjima,souichirou-gunjima,SCR 172,172,786026,142,175,SCR,Pokémon,pokemon,10,https://images.tcggo.com/tcggo/storage/1257/stellar-crown-logo.png,Stellar Crown,EUR,379.37,EUR,533.58,2024-09-13,1,Scarlet & Violet,scarlet-violet,stellar-crown,0,1426,https://images.tcggo.com/tcggo/storage/1430/lacey-scr-172-stellar-crown-pokemon.png,https://www.tcggo.com/external/cm/1426,https://www.tcggo.com/external/tcgplayer/1426,Lacey,Lacey 172,17.92,16.64,382,EUR,,,49,,,74,,34,16,14.5,14.5,19.95,19.95,16.75,25,25,14,14,USD,55.35,1,,,,,,,10.78,1,28.26,5,9.22,1,,,,,52.04,5,,,14.19,4,22.3,5,18.21,1,,,60,3,17.83,1,EUR,15.37,15.89,Special Illustration Rare,lacey,Trainer,https://www.tcggo.com/pokemon/stellar-crown/lacey-172,sv7-172,567484,singles
2026-08-23T17:19:56+02:00,380,5ban Graphics,5ban-graphics,SCR 173,173,786027,142,175,SCR,Pokémon,pokemon,10,https://images.tcggo.com/tcggo/storage/1257/stellar-crown-logo.png,Stellar Crown,EUR,379.37,EUR,533.58,2024-09-13,1,Scarlet & Violet,scarlet-violet,stellar-crown,230,1427,https://images.tcggo.com/tcggo/storage/1431/terapagos-ex-scr-173-stellar-crown-pokemon.png,https://www.tcggo.com/external/cm/1427,https://www.tcggo.com/external/tcgplayer/1427,Terapagos ex,Terapagos ex 173,14.55,14.23,330,EUR,,,,,,55,,,13.54,12.65,12.65,11,11,15,19.95,19.95,7,7,USD,26.42,5,,,,,34.66,1,,,42.29,3,,,,,9.77,1,37.11,5,10.04,1,,,22.23,5,,,,,53.99,4,,,EUR,10.09,8.8,Hyper Rare,terapagos-ex,Pokémon,https://www.tcggo.com/pokemon/stellar-crown/terapagos-ex-173,sv7-173,567486,singles
2026-08-23T17:19:56+02:00,455,MARINA Chikazawa,marina-chikazawa,SCR 174,174,786028,142,175,SCR,Pokémon,pokemon,10,https://images.tcggo.com/tcggo/storage/1257/stellar-crown-logo.png,Stellar Crown,EUR,379.37,EUR,533.58,2024-09-13,1,Scarlet & Violet,scarlet-violet,stellar-crown,0,1428,https://images.tcggo.com/tcggo/storage/1432/area-zero-underdepths-scr-174-stellar-crown-pokemon.png,https://www.tcggo.com/external/cm/1428,https://www.tcggo.com/external/tcgplayer/1428,Area Zero Underdepths,Area Zero Underdepths 174,10.61,11.65,277,EUR,,,,,,49,,34,11.4,7.3,7.3,13,13,12,10,10,7,7,USD,,,,,,,,,,,,,,,,,7.42,1,25.56,5,,,13.39,1,11.49,5,,,,,,,,,EUR,8.6,8.52,Hyper Rare,area-zero-underdepths,Trainer,https://www.tcggo.com/pokemon/stellar-crown/area-zero-underdepths-174,sv7-174,567490,singles
2026-08-23T17:19:56+02:00,458,Toyste Beach,toyste-beach,SCR 175,175,786029,142,175,SCR,Pokémon,pokemon,10,https://images.tcggo.com/tcggo/storage/1257/stellar-crown-logo.png,Stellar Crown,EUR,379.37,EUR,533.58,2024-09-13,1,Scarlet & Violet,scarlet-violet,stellar-crown,0,1429,https://images.tcggo.com/tcggo/storage/1433/bravery-charm-scr-175-stellar-crown-pokemon.png,https://www.tcggo.com/external/cm/1429,https://www.tcggo.com/external/tcgplayer/1429,Bravery Charm,Bravery Charm 175,6.11,6.28,438,EUR,[],,,,,,,,4.99,4.4,4.4,7.5,7.5,4.99,8.5,8.5,4,4,USD,15,1,,,,,,,,,,,,,,,,,,,,,,,10.75,2,,,,,,,,,EUR,3.73,6.64,Hyper Rare,bravery-charm,Trainer,https://www.tcggo.com/pokemon/stellar-crown/bravery-charm-175,sv7-175,567491,singles
