captured_at,artist,artist.id,artist.name,artist.slug,card_code_number,card_number,cardmarket_id,episode.cards_printed_total,episode.cards_total,episode.code,episode.game.name,episode.game.slug,episode.id,episode.logo,episode.name,episode.prices.cardmarket.currency,episode.prices.cardmarket.total,episode.prices.tcgplayer.currency,episode.prices.tcgplayer.total,episode.released_at,episode.series.id,episode.series.name,episode.series.slug,episode.slug,hp,id,image,links.cardmarket,links.tcgplayer,name,name_numbered,prices.cardmarket.30d_average,prices.cardmarket.7d_average,prices.cardmarket.available_items,prices.cardmarket.currency,prices.cardmarket.graded,prices.cardmarket.graded.bgs.bgs10,prices.cardmarket.graded.bgs.bgs9,prices.cardmarket.graded.cgc.cgc10,prices.cardmarket.graded.cgc.cgc8,prices.cardmarket.graded.cgc.cgc9,prices.cardmarket.graded.psa.psa10,prices.cardmarket.graded.psa.psa8,prices.cardmarket.graded.psa.psa9,prices.cardmarket.lowest_near_mint,prices.cardmarket.lowest_near_mint_DE,prices.cardmarket.lowest_near_mint_DE_EU_only,prices.cardmarket.lowest_near_mint_ES,prices.cardmarket.lowest_near_mint_ES_EU_only,prices.cardmarket.lowest_near_mint_EU_only,prices.cardmarket.lowest_near_mint_FR,prices.cardmarket.lowest_near_mint_FR_EU_only,prices.cardmarket.lowest_near_mint_IT,prices.cardmarket.lowest_near_mint_IT_EU_only,prices.ebay.currency,prices.ebay.graded.ace.10.median_price,prices.ebay.graded.ace.10.sample_size,prices.ebay.graded.ace.7.median_price,prices.ebay.graded.ace.7.sample_size,prices.ebay.graded.ace.8.median_price,prices.ebay.graded.ace.8.sample_size,prices.ebay.graded.ace.9.median_price,prices.ebay.graded.ace.9.sample_size,prices.ebay.graded.bgs.10.median_price,prices.ebay.graded.bgs.10.sample_size,prices.ebay.graded.bgs.8.median_price,prices.ebay.graded.bgs.8.sample_size,prices.ebay.graded.bgs.9.median_price,prices.ebay.graded.bgs.9.sample_size,prices.ebay.graded.cgc.10.median_price,prices.ebay.graded.cgc.10.sample_size,prices.ebay.graded.cgc.8.median_price,prices.ebay.graded.cgc.8.sample_size,prices.ebay.graded.cgc.9.median_price,prices.ebay.graded.cgc.9.sample_size,prices.ebay.graded.gma.10.median_price,prices.ebay.graded.gma.10.sample_size,prices.ebay.graded.psa.10.median_price,prices.ebay.graded.psa.10.sample_size,prices.ebay.graded.psa.7.median_price,prices.ebay.graded.psa.7.sample_size,prices.ebay.graded.psa.8.median_price,prices.ebay.graded.psa.8.sample_size,prices.ebay.graded.psa.9.median_price,prices.ebay.graded.psa.9.sample_size,prices.ebay.graded.sgc.10.median_price,prices.ebay.graded.sgc.10.sample_size,prices.ebay.graded.sgc.8.median_price,prices.ebay.graded.sgc.8.sample_size,prices.ebay.graded.sgc.9.median_price,prices.ebay.graded.sgc.9.sample_size,prices.ebay.graded.tag.10.median_price,prices.ebay.graded.tag.10.sample_size,prices.ebay.graded.tag.7.median_price,prices.ebay.graded.tag.7.sample_size,prices.ebay.graded.tag.8.median_price,prices.ebay.graded.tag.8.sample_size,prices.ebay.graded.tag.9.median_price,prices.ebay.graded.tag.9.sample_size,prices.tcg_player.currency,prices.tcg_player.market_price,prices.tcg_player.mid_price,rarity,slug,supertype,tcggo_url,tcgid,tcgplayer_id,type
2026-08-23T17:19:56+02:00,,431,Tetsu Kayama,tetsu-kayama,SSP 1,1,794256,191,252,SSP,Pokémon,pokemon,172,https://images.tcggo.com/tcggo/storage/20954/surging-sparks-logo.png,Surging Sparks,EUR,1064.67,EUR,1090.76,2024-11-08,1,Scarlet & Violet,scarlet-violet,surging-sparks,30,20789,https://images.tcggo.com/tcggo/storage/20956/exeggcute-ssp-1-surging-sparks.png,https://www.tcggo.com/external/cm/20789,https://www.tcggo.com/external/tcgplayer/20789,Exeggcute,Exeggcute 1,0.04,0.04,6513,EUR,[],,,,,,,,,0.03,0.02,0.02,0.02,0.02,0.02,0.02,0.02,0.02,0.02,,,,,,,,,,,,,,,,,,,,,,,,,,,,,,,,,,,,,,,,,,,,,,EUR,0.24,0.13,Common,exeggcute,Pokémon,https://www.tcggo.com/pokemon/surging-sparks/exeggcute-1-4,sv8-1,589939,singles
2026-08-23T17:19:56+02:00,,374,OKUBO,okubo,SSP 2,2,794257,191,252,SSP,Pokémon,pokemon,172,https://images.tcggo.com/tcggo/storage/20954/surging-sparks-logo.png,Surging Sparks,EUR,1064.67,EUR,1090.76,2024-11-08,1,Scarlet & Violet,scarlet-violet,surging-sparks,50,20790,https://images.tcggo.com/tcggo/storage/20957/exeggcute-ssp-2-surging-sparks.png,https://www.tcggo.com/external/cm/20790,https://www.tcggo.com/external/tcgplayer/20790,Exeggcute,Exeggcute 2,0.04,0.04,6516,EUR,[],,,,,,,,,0.03,0.02,0.02,0.02,0.02,0.02,0.02,0.02,0.02,0.02,,,,,,,,,,,,,,,,,,,,,,,,,,,,,,,,,,,,,,,,,,,,,,EUR,0.32,0.12,Common,exeggcute,Pokémon,https://www.tcggo.com/pokemon/surging-sparks/exeggcute-2,sv8-2,589940,singles
2026-08-23T17:19:56+02:00,,368,Oswaldo KATO,oswaldo-kato,SSP 3,3,794258,191,252,SSP,Pokémon,pokemon,172,https://images.tcggo.com/tcggo/storage/20954/surging-sparks-logo.png,Surging Sparks,EUR,1064.67,EUR,1090.76,2024-11-08,1,Scarlet & Violet,scarlet-violet,surging-sparks,130,20791,https://images.tcggo.com/tcggo/storage/20958/exeggutor-ssp-3-surging-sparks.png,https://www.tcggo.com/external/cm/20791,https://www.tcggo.com/external/tcgplayer/20791,Exeggutor,Exeggutor 3,0.03,0.03,9627,EUR,[],,,,,,,,,0.02,0.02,0.02,0.02,0.02,0.02,0.02,0.02,0.02,0.02,,,,,,,,,,,,,,,,,,,,,,,,,,,,,,,,,,,,,,,,,,,,,,EUR,0.19,0.1,Uncommon,exeggutor,Pokémon,https://www.tcggo.com/pokemon/surging-sparks/exeggutor-3,sv8-3,589942,singles
2026-08-23T17:19:56+02:00,,475,PLANETA Tsuji,planeta-tsuji,SSP 4,4,794259,191,252,SSP,Pokémon,pokemon,172,https://images.tcggo.com/tcggo/storage/20954/surging-sparks-logo.png,Surging Sparks,EUR,1064.67,EUR,1090.76,2024-11-08,1,Scarlet & Violet,scarlet-violet,surging-sparks,190,20792,https://images.tcggo.com/tcggo/storage/20959/durant-ex-ssp-4-surging-sparks.png,https://www.tcggo.com/external/cm/20792,https://www.tcggo.com/external/tcgplayer/20792,Durant ex,Durant ex 4,0.56,0.51,2382,EUR,[],,,,,,,,,0.1,0.3,0.3,0.24,0.24,0.1,0.49,0.49,0.02,0.02,,,,,,,,,,,,,,,,,,,,,,,,,,,,,,,,,,,,,,,,,,,,,,EUR,0.5,0.64,Double Rare,durant-ex,Pokémon,https://www.tcggo.com/pokemon/surging-sparks/durant-ex-4,sv8-4,589928,singles
2026-08-23T17:19:56+02:00,,780,Iori Suzuki,iori-suzuki,SSP 5,5,794260,191,252,SSP,Pokémon,pokemon,172,https://images.tcggo.com/tcggo/storage/20954/surging-sparks-logo.png,Surging Sparks,EUR,1064.67,EUR,1090.76,2024-11-08,1,Scarlet & Violet,scarlet-violet,surging-sparks,40,20793,https://images.tcggo.com/tcggo/storage/20960/scatterbug-ssp-5-surging-sparks.png,https://www.tcggo.com/external/cm/20793,https://www.tcggo.com/external/tcgplayer/20793,Scatterbug,Scatterbug 5,0.03,0.03,,EUR,[],,,,,,,,,0.02,0.02,0.02,0.02,0.02,0.02,0.02,0.02,0.02,0.02,,,,,,,,,,,,,,,,,,,,,,,,,,,,,,,,,,,,,,,,,,,,,,EUR,0.2,0.09,Common,scatterbug,Pokémon,https://www.tcggo.com/pokemon/surging-sparks/scatterbug-5-1,sv8-5,590039,singles
2026-08-23T17:19:56+02:00,,767,tono,tono,SSP 6,6,794261,191,252,SSP,Pokémon,pokemon,172,https://images.tcggo.com/tcggo/storage/20954/surging-sparks-logo.png,Surging Sparks,EUR,1064.67,EUR,1090.76,2024-11-08,1,Scarlet & Violet,scarlet-violet,surging-sparks,80,20794,https://images.tcggo.com/tcggo/storage/20961/spewpa-ssp-6-surging-sparks.png,https://www.tcggo.com/external/cm/20794,https://www.tcggo.com/external/tcgplayer/20794,Spewpa,Spewpa 6,0.03,0.03,,EUR,[],,,,,,,,,0.02,0.02,0.02,0.02,0.02,0.02,0.02,0.02,0.02,0.02,,,,,,,,,,,,,,,,,,,,,,,,,,,,,,,,,,,,,,,,,,,,,,EUR,0.14,0.1,Common,spewpa,Pokémon,https://www.tcggo.com/pokemon/surging-sparks/spewpa-6,sv8-6,590061,singles
2026-08-23T17:19:56+02:00,,545,Amelicart,amelicart,SSP 7,7,794262,191,252,SSP,Pokémon,pokemon,172,https://images.tcggo.com/tcggo/storage/20954/surging-sparks-logo.png,Surging Sparks,EUR,1064.67,EUR,1090.76,2024-11-08,1,Scarlet & Violet,scarlet-violet,surging-sparks,120,20795,https://images.tcggo.com/tcggo/storage/20962/vivillon-ssp-7-surging-sparks.png,https://www.tcggo.com/external/cm/20795,https://www.tcggo.com/external/tcgplayer/20795,Vivillon,Vivillon 7,0.03,0.03,,EUR,[],,,,,,,,,0.02,0.02,0.02,0.02,0.02,0.02,0.02,0.02,0.02,0.02,,,,,,,,,,,,,,,,,,,,,,,,,,,,,,,,,,,,,,,,,,,,,,EUR,0.29,0.13,Uncommon,vivillon,Pokémon,https://www.tcggo.com/pokemon/surging-sparks/vivillon-7,sv8-7,590089,singles
2026-08-23T17:19:56+02:00,,441,Tomokazu Komiya,tomokazu-komiya,SSP 8,8,794263,191,252,SSP,Pokémon,pokemon,172,https://images.tcggo.com/tcggo/storage/20954/surging-sparks-logo.png,Surging Sparks,EUR,1064.67,EUR,1090.76,2024-11-08,1,Scarlet & Violet,scarlet-violet,surging-sparks,60,20796,https://images.tcggo.com/tcggo/storage/20963/morelull-ssp-8-surging-sparks.png,https://www.tcggo.com/external/cm/20796,https://www.tcggo.com/external/tcgplayer/20796,Morelull,Morelull 8,0.03,0.03,,EUR,[],,,,,,,,,0.02,0.02,0.02,0.02,0.02,0.02,0.02,0.02,0.02,0.02,,,,,,,,,,,,,,,,,,,,,,,,,,,,,,,,,,,,,,,,,,,,,,EUR,0.2,0.09,Common,morelull,Pokémon,https://www.tcggo.com/pokemon/surging-sparks/morelull-8,sv8-8,590009,singles
2026-08-23T17:19:56+02:00,,435,Aya Kusube,aya-kusube,SSP 9,9,794264,191,252,SSP,Pokémon,pokemon,172,https://images.tcggo.com/tcggo/storage/20954/surging-sparks-logo.png,Surging Sparks,EUR,1064.67,EUR,1090.76,2024-11-08,1,Scarlet & Violet,scarlet-violet,surging-sparks,110,20797,https://images.tcggo.com/tcggo/storage/20964/shiinotic-ssp-9-surging-sparks.png,https://www.tcggo.com/external/cm/20797,https://www.tcggo.com/external/tcgplayer/20797,Shiinotic,Shiinotic 9,0.03,0.03,,EUR,[],,,,,,,,,0.02,0.02,0.02,0.02,0.02,0.02,0.02,0.02,0.02,0.02,,,,,,,,,,,,,,,,,,,,,,,,,,,,,,,,,,,,,,,,,,,,,,EUR,0.27,0.09,Uncommon,shiinotic,Pokémon,https://www.tcggo.com/pokemon/surging-sparks/shiinotic-9,sv8-9,590045,singles
2026-08-23T17:19:56+02:00,,783,Mori Yuu,mori-yuu,SSP 10,10,794265,191,252,SSP,Pokémon,pokemon,172,https://images.tcggo.com/tcggo/storage/20954/surging-sparks-logo.png,Surging Sparks,EUR,1064.67,EUR,1090.76,2024-11-08,1,Scarlet & Violet,scarlet-violet,surging-sparks,130,20798,https://images.tcggo.com/tcggo/storage/20965/dhelmise-ssp-10-surging-sparks.png,https://www.tcggo.com/external/cm/20798,https://www.tcggo.com/external/tcgplayer/20798,Dhelmise,Dhelmise 10,0.03,0.03,,EUR,[],,,,,,,,,0.02,0.02,0.02,0.02,0.02,0.02,0.02,0.02,0.02,0.02,,,,,,,,,,,,,,,,,,,,,,,,,,,,,,,,,,,,,,,,,,,,,,EUR,0.22,0.09,Common,dhelmise,Pokémon,https://www.tcggo.com/pokemon/surging-sparks/dhelmise-10,sv8-10,589917,singles
2026-08-23T17:19:56+02:00,,373,GOSSAN,gossan,SSP 11,11,794266,191,252,SSP,Pokémon,pokemon,172,https://images.tcggo.com/tcggo/storage/20954/surging-sparks-logo.png,Surging Sparks,EUR,1064.67,EUR,1090.76,2024-11-08,1,Scarlet & Violet,scarlet-violet,surging-sparks,120,20799,https://images.tcggo.com/tcggo/storage/20966/zarude-ssp-11-surging-sparks.png,https://www.tcggo.com/external/cm/20799,https://www.tcggo.com/external/tcgplayer/20799,Zarude,Zarude 11,0.06,0.08,11387,EUR,[],,,,,,,,,0.03,0.02,0.02,0.02,0.02,0.02,0.02,0.02,0.02,0.02,,,,,,,,,,,,,,,,,,,,,,,,,,,,,,,,,,,,,,,,,,,,,,EUR,0.25,0.15,rare,zarude,Pokémon,https://www.tcggo.com/pokemon/surging-sparks/zarude-11,sv8-11,590099,singles
2026-08-23T17:19:56+02:00,,583,Julie Hang,julie-hang,SSP 12,12,794267,191,252,SSP,Pokémon,pokemon,172,https://images.tcggo.com/tcggo/storage/20954/surging-sparks-logo.png,Surging Sparks,EUR,1064.67,EUR,1090.76,2024-11-08,1,Scarlet & Violet,scarlet-violet,surging-sparks,70,20800,https://images.tcggo.com/tcggo/storage/20967/capsakid-ssp-12-surging-sparks.png,https://www.tcggo.com/external/cm/20800,https://www.tcggo.com/external/tcgplayer/20800,Capsakid,Capsakid 12,0.02,0.03,,EUR,[],,,,,,,,,0.02,0.02,0.02,0.02,0.02,0.02,0.02,0.02,0.02,0.02,,,,,,,,,,,,,,,,,,,,,,,,,,,,,,,,,,,,,,,,,,,,,,EUR,0.16,0.09,Common,capsakid,Pokémon,https://www.tcggo.com/pokemon/surging-sparks/capsakid-12,sv8-12,589886,singles
2026-08-23T17:19:56+02:00,,364,Toshinao Aoki,toshinao-aoki,SSP 13,13,794268,191,252,SSP,Pokémon,pokemon,172,https://images.tcggo.com/tcggo/storage/20954/surging-sparks-logo.png,Surging Sparks,EUR,1064.67,EUR,1090.76,2024-11-08,1,Scarlet & Violet,scarlet-violet,surging-sparks,40,20801,https://images.tcggo.com/tcggo/storage/20968/rellor-ssp-13-surging-sparks.png,https://www.tcggo.com/external/cm/20801,https://www.tcggo.com/external/tcgplayer/20801,Rellor,Rellor 13,0.02,0.02,,EUR,[],,,,,,,,,0.02,0.02,0.02,0.02,0.02,0.02,0.02,0.02,0.02,0.02,,,,,,,,,,,,,,,,,,,,,,,,,,,,,,,,,,,,,,,,,,,,,,EUR,0.17,0.09,Common,rellor,Pokémon,https://www.tcggo.com/pokemon/surging-sparks/rellor-13,sv8-13,590035,singles
2026-08-23T17:19:56+02:00,,420,Masako Tomii,masako-tomii,SSP 14,14,794269,191,252,SSP,Pokémon,pokemon,172,https://images.tcggo.com/tcggo/storage/20954/surging-sparks-logo.png,Surging Sparks,EUR,1064.67,EUR,1090.76,2024-11-08,1,Scarlet & Violet,scarlet-violet,surging-sparks,70,20802,https://images.tcggo.com/tcggo/storage/20969/rabsca-ssp-14-surging-sparks.png,https://www.tcggo.com/external/cm/20802,https://www.tcggo.com/external/tcgplayer/20802,Rabsca,Rabsca 14,0.04,0.06,13756,EUR,[],,,,,,,,,0.02,0.02,0.02,0.02,0.02,0.02,0.02,0.02,0.02,0.02,,,,,,,,,,,,,,,,,,,,,,,,,,,,,,,,,,,,,,,,,,,,,,EUR,0.23,0.13,rare,rabsca,Pokémon,https://www.tcggo.com/pokemon/surging-sparks/rabsca-14,sv8-14,590033,singles
2026-08-23T17:19:56+02:00,,444,danciao,danciao,SSP 15,15,794270,191,252,SSP,Pokémon,pokemon,172,https://images.tcggo.com/tcggo/storage/20954/surging-sparks-logo.png,Surging Sparks,EUR,1064.67,EUR,1090.76,2024-11-08,1,Scarlet & Violet,scarlet-violet,surging-sparks,130,20803,https://images.tcggo.com/tcggo/storage/20970/wo-chien-ssp-15-surging-sparks.png,https://www.tcggo.com/external/cm/20803,https://www.tcggo.com/external/tcgplayer/20803,Wo-Chien,Wo-Chien 15,0.03,0.03,,EUR,[],,,,,,,,,0.02,0.02,0.02,0.02,0.02,0.02,0.02,0.02,0.02,0.02,,,,,,,,,,,,,,,,,,,,,,,,,,,,,,,,,,,,,,,,,,,,,,EUR,0.26,0.13,Uncommon,wo-chien,Pokémon,https://www.tcggo.com/pokemon/surging-sparks/wo-chien-15,sv8-15,590095,singles
2026-08-23T17:19:56+02:00,,406,Narumi Sato,narumi-sato,SSP 16,16,794271,191,252,SSP,Pokémon,pokemon,172,https://images.tcggo.com/tcggo/storage/20954/surging-sparks-logo.png,Surging Sparks,EUR,1064.67,EUR,1090.76,2024-11-08,1,Scarlet & Violet,scarlet-violet,surging-sparks,70,20804,https://images.tcggo.com/tcggo/storage/22350/vulpix-ssp-16-surging-sparks.png,https://www.tcggo.com/external/cm/20804,https://www.tcggo.com/external/tcgplayer/20804,Vulpix,Vulpix 16,0.06,0.05,,EUR,[],,,,,,,,,0.02,0.02,0.02,0.02,0.02,0.02,0.02,0.02,0.02,0.02,,,,,,,,,,,,,,,,,,,,,,,,,,,,,,,,,,,,,,,,,,,,,,EUR,0.24,0.13,Common,vulpix,Pokémon,https://www.tcggo.com/pokemon/surging-sparks/vulpix-16,sv8-16,590092,singles
2026-08-23T17:19:56+02:00,,830,Kamome Shirahama,kamome-shirahama,SSP 17,17,794272,191,252,SSP,Pokémon,pokemon,172,https://images.tcggo.com/tcggo/storage/20954/surging-sparks-logo.png,Surging Sparks,EUR,1064.67,EUR,1090.76,2024-11-08,1,Scarlet & Violet,scarlet-violet,surging-sparks,120,20805,https://images.tcggo.com/tcggo/storage/20971/ninetales-ssp-17-surging-sparks.png,https://www.tcggo.com/external/cm/20805,https://www.tcggo.com/external/tcgplayer/20805,Ninetales,Ninetales 17,0.05,0.04,,EUR,[],,,,,,,,,0.02,0.02,0.02,0.02,0.02,0.02,0.02,0.02,0.02,0.02,,,,,,,,,,,,,,,,,,,,,,,,,,,,,,,,,,,,,,,,,,,,,,EUR,0.32,0.14,Uncommon,ninetales,Pokémon,https://www.tcggo.com/pokemon/surging-sparks/ninetales-17-2,sv8-17,590010,singles
2026-08-23T17:19:56+02:00,,480,Taiga Kasai,taiga-kasai,SSP 18,18,794273,191,252,SSP,Pokémon,pokemon,172,https://images.tcggo.com/tcggo/storage/20954/surging-sparks-logo.png,Surging Sparks,EUR,1064.67,EUR,1090.76,2024-11-08,1,Scarlet & Violet,scarlet-violet,surging-sparks,130,20806,https://images.tcggo.com/tcggo/storage/20972/paldean-tauros-ssp-18-surging-sparks.png,https://www.tcggo.com/external/cm/20806,https://www.tcggo.com/external/tcgplayer/20806,Paldean Tauros,Paldean Tauros 18,0.03,0.04,,EUR,[],,,,,,,,,0.02,0.02,0.02,0.02,0.02,0.02,0.02,0.02,0.02,0.02,,,,,,,,,,,,,,,,,,,,,,,,,,,,,,,,,,,,,,,,,,,,,,EUR,0.28,0.09,Uncommon,paldean-tauros,Pokémon,https://www.tcggo.com/pokemon/surging-sparks/paldean-tauros-18,sv8-18,590014,singles
2026-08-23T17:19:56+02:00,,414,kodama,kodama,SSP 19,19,794274,191,252,SSP,Pokémon,pokemon,172,https://images.tcggo.com/tcggo/storage/20954/surging-sparks-logo.png,Surging Sparks,EUR,1064.67,EUR,1090.76,2024-11-08,1,Scarlet & Violet,scarlet-violet,surging-sparks,130,20807,https://images.tcggo.com/tcggo/storage/20973/ho-oh-ssp-19-surging-sparks.png,https://www.tcggo.com/external/cm/20807,https://www.tcggo.com/external/tcgplayer/20807,Ho-Oh,Ho-Oh 19,0.05,0.06,,EUR,[],,,,,,,,,0.02,0.02,0.02,0.02,0.02,0.02,0.02,0.02,0.02,0.02,,,,,,,,,,,,,,,,,,,,,,,,,,,,,,,,,,,,,,,,,,,,,,EUR,0.26,0.13,Uncommon,ho-oh,Pokémon,https://www.tcggo.com/pokemon/surging-sparks/ho-oh-19,sv8-19,589964,singles
2026-08-23T17:19:56+02:00,,389,osare,osare,SSP 20,20,794275,191,252,SSP,Pokémon,pokemon,172,https://images.tcggo.com/tcggo/storage/20954/surging-sparks-logo.png,Surging Sparks,EUR,1064.67,EUR,1090.76,2024-11-08,1,Scarlet & Violet,scarlet-violet,surging-sparks,70,20808,https://images.tcggo.com/tcggo/storage/20974/castform-sunny-form-ssp-20-surging-sparks.png,https://www.tcggo.com/external/cm/20808,https://www.tcggo.com/external/tcgplayer/20808,Castform Sunny Form,Castform Sunny Form 20,0.03,0.03,,EUR,[],,,,,,,,,0.02,0.02,0.02,0.02,0.02,0.02,0.02,0.02,0.02,0.02,,,,,,,,,,,,,,,,,,,,,,,,,,,,,,,,,,,,,,,,,,,,,,EUR,0.15,0.1,Common,castform-sunny-form,Pokémon,https://www.tcggo.com/pokemon/surging-sparks/castform-sunny-form-20,sv8-20,589887,singles
2026-08-23T17:19:56+02:00,,507,0313,0313,SSP 21,21,794276,191,252,SSP,Pokémon,pokemon,172,https://images.tcggo.com/tcggo/storage/20954/surging-sparks-logo.png,Surging Sparks,EUR,1064.67,EUR,1090.76,2024-11-08,1,Scarlet & Violet,scarlet-violet,surging-sparks,70,20809,https://images.tcggo.com/tcggo/storage/20975/victini-ssp-21-surging-sparks.png,https://www.tcggo.com/external/cm/20809,https://www.tcggo.com/external/tcgplayer/20809,Victini,Victini 21,0.05,0.06,,EUR,[],,,,,,,,,0.02,0.02,0.02,0.02,0.02,0.02,0.02,0.02,0.02,0.02,,,,,,,,,,,,,,,,,,,,,,,,,,,,,,,,,,,,,,,,,,,,,,EUR,0.26,0.16,Uncommon,victini,Pokémon,https://www.tcggo.com/pokemon/surging-sparks/victini-21,sv8-21,590087,singles
2026-08-23T17:19:56+02:00,,779,Wintr Wandr,wintr-wandr,SSP 22,22,794277,191,252,SSP,Pokémon,pokemon,172,https://images.tcggo.com/tcggo/storage/20954/surging-sparks-logo.png,Surging Sparks,EUR,1064.67,EUR,1090.76,2024-11-08,1,Scarlet & Violet,scarlet-violet,surging-sparks,60,20810,https://images.tcggo.com/tcggo/storage/20976/pansear-ssp-22-surging-sparks.png,https://www.tcggo.com/external/cm/20810,https://www.tcggo.com/external/tcgplayer/20810,Pansear,Pansear 22,0.03,0.03,,EUR,[],,,,,,,,,0.03,0.02,0.02,0.02,0.02,0.02,0.02,0.02,0.02,0.02,,,,,,,,,,,,,,,,,,,,,,,,,,,,,,,,,,,,,,,,,,,,,,EUR,0.16,0.09,Common,pansear,Pokémon,https://www.tcggo.com/pokemon/surging-sparks/pansear-22-2,sv8-22,590020,singles
2026-08-23T17:19:56+02:00,,480,Taiga Kasai,taiga-kasai,SSP 23,23,794278,191,252,SSP,Pokémon,pokemon,172,https://images.tcggo.com/tcggo/storage/20954/surging-sparks-logo.png,Surging Sparks,EUR,1064.67,EUR,1090.76,2024-11-08,1,Scarlet & Violet,scarlet-violet,surging-sparks,90,20811,https://images.tcggo.com/tcggo/storage/20977/simisear-ssp-23-surging-sparks.png,https://www.tcggo.com/external/cm/20811,https://www.tcggo.com/external/tcgplayer/20811,Simisear,Simisear 23,0.03,0.03,,EUR,[],,,,,,,,,0.02,0.02,0.02,0.02,0.02,0.02,0.02,0.02,0.02,0.02,,,,,,,,,,,,,,,,,,,,,,,,,,,,,,,,,,,,,,,,,,,,,,EUR,0.18,0.09,Common,simisear,Pokémon,https://www.tcggo.com/pokemon/surging-sparks/simisear-23-2,sv8-23,590049,singles
2026-08-23T17:19:56+02:00,,455,MARINA Chikazawa,marina-chikazawa,SSP 24,24,794279,191,252,SSP,Pokémon,pokemon,172,https://images.tcggo.com/tcggo/storage/20954/surging-sparks-logo.png,Surging Sparks,EUR,1064.67,EUR,1090.76,2024-11-08,1,Scarlet & Violet,scarlet-violet,surging-sparks,70,20812,https://images.tcggo.com/tcggo/storage/20978/larvesta-ssp-24-surging-sparks.png,https://www.tcggo.com/external/cm/20812,https://www.tcggo.com/external/tcgplayer/20812,Larvesta,Larvesta 24,0.02,0.02,,EUR,[],,,,,,,,,0.02,0.02,0.02,0.02,0.02,0.02,0.02,0.02,0.02,0.02,,,,,,,,,,,,,,,,,,,,,,,,,,,,,,,,,,,,,,,,,,,,,,EUR,0.16,0.09,Common,larvesta,Pokémon,https://www.tcggo.com/pokemon/surging-sparks/larvesta-24-1,sv8-24,589981,singles
2026-08-23T17:19:56+02:00,,468,matazo,matazo,SSP 25,25,794280,191,252,SSP,Pokémon,pokemon,172,https://images.tcggo.com/tcggo/storage/20954/surging-sparks-logo.png,Surging Sparks,EUR,1064.67,EUR,1090.76,2024-11-08,1,Scarlet & Violet,scarlet-violet,surging-sparks,140,20813,https://images.tcggo.com/tcggo/storage/20979/volcarona-ssp-25-surging-sparks.png,https://www.tcggo.com/external/cm/20813,https://www.tcggo.com/external/tcgplayer/20813,Volcarona,Volcarona 25,0.04,0.03,,EUR,[],,,,,,,,,0.02,0.02,0.02,0.02,0.02,0.02,0.02,0.02,0.02,0.02,,,,,,,,,,,,,,,,,,,,,,,,,,,,,,,,,,,,,,,,,,,,,,EUR,0.21,0.11,Common,volcarona,Pokémon,https://www.tcggo.com/pokemon/surging-sparks/volcarona-25-1,sv8-25,590091,singles
2026-08-23T17:19:56+02:00,,782,Heisuke Kitazawa,heisuke-kitazawa,SSP 26,26,794281,191,252,SSP,Pokémon,pokemon,172,https://images.tcggo.com/tcggo/storage/20954/surging-sparks-logo.png,Surging Sparks,EUR,1064.67,EUR,1090.76,2024-11-08,1,Scarlet & Violet,scarlet-violet,surging-sparks,90,20814,https://images.tcggo.com/tcggo/storage/20980/oricorio-ssp-26-surging-sparks.png,https://www.tcggo.com/external/cm/20814,https://www.tcggo.com/external/tcgplayer/20814,Oricorio,Oricorio 26,0.03,0.03,,EUR,[],,,,,,,,,0.02,0.02,0.02,0.02,0.02,0.02,0.02,0.02,0.02,0.02,,,,,,,,,,,,,,,,,,,,,,,,,,,,,,,,,,,,,,,,,,,,,,EUR,0.2,0.09,Common,oricorio,Pokémon,https://www.tcggo.com/pokemon/surging-sparks/oricorio-26,sv8-26,590012,singles
2026-08-23T17:19:56+02:00,,777,Minahamu,minahamu,SSP 27,27,794282,191,252,SSP,Pokémon,pokemon,172,https://images.tcggo.com/tcggo/storage/20954/surging-sparks-logo.png,Surging Sparks,EUR,1064.67,EUR,1090.76,2024-11-08,1,Scarlet & Violet,scarlet-violet,surging-sparks,80,20815,https://images.tcggo.com/tcggo/storage/20981/sizzlipede-ssp-27-surging-sparks.png,https://www.tcggo.com/external/cm/20815,https://www.tcggo.com/external/tcgplayer/20815,Sizzlipede,Sizzlipede 27,0.02,0.02,,EUR,[],,,,,,,,,0.02,0.02,0.02,0.02,0.02,0.02,0.02,0.02,0.02,0.02,,,,,,,,,,,,,,,,,,,,,,,,,,,,,,,,,,,,,,,,,,,,,,EUR,0.11,0.09,Common,sizzlipede,Pokémon,https://www.tcggo.com/pokemon/surging-sparks/sizzlipede-27,sv8-27,590050,singles
2026-08-23T17:19:56+02:00,,778,Aliya Chen,aliya-chen,SSP 28,28,794283,191,252,SSP,Pokémon,pokemon,172,https://images.tcggo.com/tcggo/storage/20954/surging-sparks-logo.png,Surging Sparks,EUR,1064.67,EUR,1090.76,2024-11-08,1,Scarlet & Violet,scarlet-violet,surging-sparks,130,20816,https://images.tcggo.com/tcggo/storage/20982/centiskorch-ssp-28-surging-sparks.png,https://www.tcggo.com/external/cm/20816,https://www.tcggo.com/external/tcgplayer/20816,Centiskorch,Centiskorch 28,0.03,0.03,,EUR,[],,,,,,,,,0.02,0.02,0.02,0.02,0.02,0.02,0.02,0.02,0.02,0.02,,,,,,,,,,,,,,,,,,,,,,,,,,,,,,,,,,,,,,,,,,,,,,EUR,0.23,0.1,Common,centiskorch,Pokémon,https://www.tcggo.com/pokemon/surging-sparks/centiskorch-28,sv8-28,589889,singles
2026-08-23T17:19:56+02:00,,372,Tomomi Ozaki,tomomi-ozaki,SSP 29,29,794286,191,252,SSP,Pokémon,pokemon,172,https://images.tcggo.com/tcggo/storage/20954/surging-sparks-logo.png,Surging Sparks,EUR,1064.67,EUR,1090.76,2024-11-08,1,Scarlet & Violet,scarlet-violet,surging-sparks,80,20817,https://images.tcggo.com/tcggo/storage/20983/fuecoco-ssp-29-surging-sparks.png,https://www.tcggo.com/external/cm/20817,https://www.tcggo.com/external/tcgplayer/20817,Fuecoco,Fuecoco 29,0.03,0.03,,EUR,[],,,,,,,,,0.02,0.02,0.02,0.02,0.02,0.02,0.02,0.02,0.02,0.02,,,,,,,,,,,,,,,,,,,,,,,,,,,,,,,,,,,,,,,,,,,,,,EUR,0.18,0.09,Common,fuecoco,Pokémon,https://www.tcggo.com/pokemon/surging-sparks/fuecoco-29,sv8-29,589952,singles
2026-08-23T17:19:56+02:00,,413,Atsuya Uki,atsuya-uki,SSP 30,30,794287,191,252,SSP,Pokémon,pokemon,172,https://images.tcggo.com/tcggo/storage/20954/surging-sparks-logo.png,Surging Sparks,EUR,1064.67,EUR,1090.76,2024-11-08,1,Scarlet & Violet,scarlet-violet,surging-sparks,110,20818,https://images.tcggo.com/tcggo/storage/20984/crocalor-ssp-30-surging-sparks.png,https://www.tcggo.com/external/cm/20818,https://www.tcggo.com/external/tcgplayer/20818,Crocalor,Crocalor 30,0.03,0.03,,EUR,[],,,,,,,,,0.02,0.02,0.02,0.02,0.02,0.02,0.02,0.02,0.02,0.02,,,,,,,,,,,,,,,,,,,,,,,,,,,,,,,,,,,,,,,,,,,,,,EUR,0.16,0.13,Common,crocalor,Pokémon,https://www.tcggo.com/pokemon/surging-sparks/crocalor-30,sv8-30,589908,singles
2026-08-23T17:19:56+02:00,,430,akagi,akagi,SSP 31,31,833332,191,252,SSP,Pokémon,pokemon,172,https://images.tcggo.com/tcggo/storage/20954/surging-sparks-logo.png,Surging Sparks,EUR,1064.67,EUR,1090.76,2024-11-08,1,Scarlet & Violet,scarlet-violet,surging-sparks,180,20819,https://images.tcggo.com/tcggo/storage/20985/skeledirge-ssp-31-surging-sparks.png,https://www.tcggo.com/external/cm/20819,https://www.tcggo.com/external/tcgplayer/20819,Skeledirge,Skeledirge 31,0.42,0.6,94,EUR,[],,,,,,,,,0.02,,,,,0.02,,,1,1,,,,,,,,,,,,,,,,,,,,,,,,,,,,,,,,,,,,,,,,,,,,,,EUR,0.24,0.13,rare,skeledirge,Pokémon,https://www.tcggo.com/pokemon/surging-sparks/skeledirge-31,sv8-31,590053,singles
2026-08-23T17:19:56+02:00,,418,Kariya,kariya,SSP 32,32,794292,191,252,SSP,Pokémon,pokemon,172,https://images.tcggo.com/tcggo/storage/20954/surging-sparks-logo.png,Surging Sparks,EUR,1064.67,EUR,1090.76,2024-11-08,1,Scarlet & Violet,scarlet-violet,surging-sparks,70,20820,https://images.tcggo.com/tcggo/storage/20986/charcadet-ssp-32-surging-sparks.png,https://www.tcggo.com/external/cm/20820,https://www.tcggo.com/external/tcgplayer/20820,Charcadet,Charcadet 32,0.06,0.03,,EUR,[],,,,,,,,,0.03,0.02,0.02,0.02,0.02,0.02,0.02,0.02,0.02,0.02,,,,,,,,,,,,,,,,,,,,,,,,,,,,,,,,,,,,,,,,,,,,,,EUR,0.21,0.18,Common,charcadet,Pokémon,https://www.tcggo.com/pokemon/surging-sparks/charcadet-32,sv8-32,589896,singles
2026-08-23T17:19:56+02:00,,399,Mékayu,mekayu,SSP 33,33,794295,191,252,SSP,Pokémon,pokemon,172,https://images.tcggo.com/tcggo/storage/20954/surging-sparks-logo.png,Surging Sparks,EUR,1064.67,EUR,1090.76,2024-11-08,1,Scarlet & Violet,scarlet-violet,surging-sparks,80,20821,https://images.tcggo.com/tcggo/storage/20987/charcadet-ssp-33-surging-sparks.png,https://www.tcggo.com/external/cm/20821,https://www.tcggo.com/external/tcgplayer/20821,Charcadet,Charcadet 33,0.03,0.04,,EUR,[],,,,,,,,,0.03,0.02,0.02,0.02,0.02,0.02,0.02,0.02,0.02,0.02,,,,,,,,,,,,,,,,,,,,,,,,,,,,,,,,,,,,,,,,,,,,,,EUR,0.2,0.1,Common,charcadet,Pokémon,https://www.tcggo.com/pokemon/surging-sparks/charcadet-33,sv8-33,589897,singles
2026-08-23T17:19:56+02:00,,429,DOM,dom,SSP 34,34,794297,191,252,SSP,Pokémon,pokemon,172,https://images.tcggo.com/tcggo/storage/20954/surging-sparks-logo.png,Surging Sparks,EUR,1064.67,EUR,1090.76,2024-11-08,1,Scarlet & Violet,scarlet-violet,surging-sparks,140,20822,https://images.tcggo.com/tcggo/storage/20988/armarouge-ssp-34-surging-sparks.png,https://www.tcggo.com/external/cm/20822,https://www.tcggo.com/external/tcgplayer/20822,Armarouge,Armarouge 34,0.03,0.03,,EUR,[],,,,,,,,,0.02,0.02,0.02,0.02,0.02,0.02,0.02,0.02,0.02,0.02,,,,,,,,,,,,,,,,,,,,,,,,,,,,,,,,,,,,,,,,,,,,,,EUR,0.26,0.1,Uncommon,armarouge,Pokémon,https://www.tcggo.com/pokemon/surging-sparks/armarouge-34,sv8-34,589870,singles
2026-08-23T17:19:56+02:00,,454,kantaro,kantaro,SSP 35,35,794299,191,252,SSP,Pokémon,pokemon,172,https://images.tcggo.com/tcggo/storage/20954/surging-sparks-logo.png,Surging Sparks,EUR,1064.67,EUR,1090.76,2024-11-08,1,Scarlet & Violet,scarlet-violet,surging-sparks,140,20823,https://images.tcggo.com/tcggo/storage/20989/ceruledge-ssp-35-surging-sparks.png,https://www.tcggo.com/external/cm/20823,https://www.tcggo.com/external/tcgplayer/20823,Ceruledge,Ceruledge 35,0.03,0.03,,EUR,[],,,,,,,,,0.02,0.02,0.02,0.02,0.02,0.02,0.02,0.02,0.02,0.02,,,,,,,,,,,,,,,,,,,,,,,,,,,,,,,,,,,,,,,,,,,,,,EUR,0.27,0.11,Uncommon,ceruledge,Pokémon,https://www.tcggo.com/pokemon/surging-sparks/ceruledge-35,sv8-35,589890,singles
2026-08-23T17:19:56+02:00,,380,5ban Graphics,5ban-graphics,SSP 36,36,794302,191,252,SSP,Pokémon,pokemon,172,https://images.tcggo.com/tcggo/storage/20954/surging-sparks-logo.png,Surging Sparks,EUR,1064.67,EUR,1090.76,2024-11-08,1,Scarlet & Violet,scarlet-violet,surging-sparks,270,20824,https://images.tcggo.com/tcggo/storage/20990/ceruledge-ex-ssp-36-surging-sparks.png,https://www.tcggo.com/external/cm/20824,https://www.tcggo.com/external/tcgplayer/20824,Ceruledge ex,Ceruledge ex 36,1.48,1.49,913,EUR,[],,,,,,,,,0.6,0.65,0.65,1.3,1.3,0.6,0.75,0.75,0.35,0.35,,,,,,,,,,,,,,,,,,,,,,,,,,,,,,,,,,,,,,,,,,,,,,EUR,1.04,1.66,Double Rare,ceruledge-ex,Pokémon,https://www.tcggo.com/pokemon/surging-sparks/ceruledge-ex-36,sv8-36,589892,singles
2026-08-23T17:19:56+02:00,,384,PLANETA Mochizuki,planeta-mochizuki,SSP 37,37,794303,191,252,SSP,Pokémon,pokemon,172,https://images.tcggo.com/tcggo/storage/20954/surging-sparks-logo.png,Surging Sparks,EUR,1064.67,EUR,1090.76,2024-11-08,1,Scarlet & Violet,scarlet-violet,surging-sparks,260,20825,https://images.tcggo.com/tcggo/storage/20991/scovillain-ex-ssp-37-surging-sparks.png,https://www.tcggo.com/external/cm/20825,https://www.tcggo.com/external/tcgplayer/20825,Scovillain ex,Scovillain ex 37,0.52,0.48,2435,EUR,[],,,,,,,,,0.1,0.18,0.18,0.15,0.15,0.1,0.4,0.4,0.02,0.02,,,,,,,,,,,,,,,,,,,,,,,,,,,,,,,,,,,,,,,,,,,,,,EUR,0.55,0.64,Double Rare,scovillain-ex,Pokémon,https://www.tcggo.com/pokemon/surging-sparks/scovillain-ex-37,sv8-37,590040,singles
2026-08-23T17:19:56+02:00,,434,AKIRA EGAWA,akira-egawa,SSP 38,38,794304,191,252,SSP,Pokémon,pokemon,172,https://images.tcggo.com/tcggo/storage/20954/surging-sparks-logo.png,Surging Sparks,EUR,1064.67,EUR,1090.76,2024-11-08,1,Scarlet & Violet,scarlet-violet,surging-sparks,130,20826,https://images.tcggo.com/tcggo/storage/20992/gouging-fire-ssp-38-surging-sparks.png,https://www.tcggo.com/external/cm/20826,https://www.tcggo.com/external/tcgplayer/20826,Gouging Fire,Gouging Fire 38,0.25,0.35,865,EUR,[],,,,,,,,,0.02,0.02,0.02,0.03,0.03,0.02,0.05,0.05,0.02,0.02,,,,,,,,,,,,,,,,,,,,,,,,,,,,,,,,,,,,,,,,,,,,,,EUR,0.27,0.15,rare,gouging-fire,Pokémon,https://www.tcggo.com/pokemon/surging-sparks/gouging-fire-38,sv8-38,589958,singles
2026-08-23T17:19:56+02:00,,445,toi8,toi8,SSP 39,39,794305,191,252,SSP,Pokémon,pokemon,172,https://images.tcggo.com/tcggo/storage/20954/surging-sparks-logo.png,Surging Sparks,EUR,1064.67,EUR,1090.76,2024-11-08,1,Scarlet & Violet,scarlet-violet,surging-sparks,130,20827,https://images.tcggo.com/tcggo/storage/20993/paldean-tauros-ssp-39-surging-sparks.png,https://www.tcggo.com/external/cm/20827,https://www.tcggo.com/external/tcgplayer/20827,Paldean Tauros,Paldean Tauros 39,0.03,0.04,9877,EUR,[],,,,,,,,,0.02,0.02,0.02,0.02,0.02,0.02,0.02,0.02,0.02,0.02,,,,,,,,,,,,,,,,,,,,,,,,,,,,,,,,,,,,,,,,,,,,,,EUR,0.26,0.11,Uncommon,paldean-tauros,Pokémon,https://www.tcggo.com/pokemon/surging-sparks/paldean-tauros-39,sv8-39,590015,singles
2026-08-23T17:19:56+02:00,,417,satoma,satoma,SSP 40,40,794306,191,252,SSP,Pokémon,pokemon,172,https://images.tcggo.com/tcggo/storage/20954/surging-sparks-logo.png,Surging Sparks,EUR,1064.67,EUR,1090.76,2024-11-08,1,Scarlet & Violet,scarlet-violet,surging-sparks,110,20828,https://images.tcggo.com/tcggo/storage/20994/mantine-ssp-40-surging-sparks.png,https://www.tcggo.com/external/cm/20828,https://www.tcggo.com/external/tcgplayer/20828,Mantine,Mantine 40,0.03,0.03,6554,EUR,[],,,,,,,,,0.02,0.02,0.02,0.02,0.02,0.02,0.02,0.02,0.02,0.02,,,,,,,,,,,,,,,,,,,,,,,,,,,,,,,,,,,,,,,,,,,,,,EUR,0.28,0.11,Common,mantine,Pokémon,https://www.tcggo.com/pokemon/surging-sparks/mantine-40,sv8-40,589996,singles
2026-08-23T17:19:56+02:00,,393,Kedamahadaitai Yawarakai,kedamahadaitai-yawarakai,SSP 41,41,794307,191,252,SSP,Pokémon,pokemon,172,https://images.tcggo.com/tcggo/storage/20954/surging-sparks-logo.png,Surging Sparks,EUR,1064.67,EUR,1090.76,2024-11-08,1,Scarlet & Violet,scarlet-violet,surging-sparks,30,20829,https://images.tcggo.com/tcggo/storage/20995/feebas-ssp-41-surging-sparks.png,https://www.tcggo.com/external/cm/20829,https://www.tcggo.com/external/tcgplayer/20829,Feebas,Feebas 41,0.03,0.03,8576,EUR,[],,,,,,,,,0.03,0.02,0.02,0.02,0.02,0.02,0.02,0.02,0.02,0.02,,,,,,,,,,,,,,,,,,,,,,,,,,,,,,,,,,,,,,,,,,,,,,EUR,0.21,0.1,Common,feebas,Pokémon,https://www.tcggo.com/pokemon/surging-sparks/feebas-41,sv8-41,589943,singles
2026-08-23T17:19:56+02:00,,462,hncl,hncl,SSP 42,42,794308,191,252,SSP,Pokémon,pokemon,172,https://images.tcggo.com/tcggo/storage/20954/surging-sparks-logo.png,Surging Sparks,EUR,1064.67,EUR,1090.76,2024-11-08,1,Scarlet & Violet,scarlet-violet,surging-sparks,270,20830,https://images.tcggo.com/tcggo/storage/20996/milotic-ex-ssp-42-surging-sparks.png,https://www.tcggo.com/external/cm/20830,https://www.tcggo.com/external/tcgplayer/20830,Milotic ex,Milotic ex 42,0.69,0.68,1932,EUR,[],,,,,,,,,0.24,0.43,0.43,0.5,0.5,0.24,0.7,0.7,0.15,0.15,,,,,,,,,,,,,,,,,,,,,,,,,,,,,,,,,,,,,,,,,,,,,,EUR,0.57,0.71,Double Rare,milotic-ex,Pokémon,https://www.tcggo.com/pokemon/surging-sparks/milotic-ex-42,sv8-42,590004,singles
2026-08-23T17:19:56+02:00,,385,Teeziro,teeziro,SSP 43,43,794309,191,252,SSP,Pokémon,pokemon,172,https://images.tcggo.com/tcggo/storage/20954/surging-sparks-logo.png,Surging Sparks,EUR,1064.67,EUR,1090.76,2024-11-08,1,Scarlet & Violet,scarlet-violet,surging-sparks,70,20831,https://images.tcggo.com/tcggo/storage/20997/spheal-ssp-43-surging-sparks.png,https://www.tcggo.com/external/cm/20831,https://www.tcggo.com/external/tcgplayer/20831,Spheal,Spheal 43,0.03,0.03,14301,EUR,[],,,,,,,,,0.02,0.02,0.02,0.02,0.02,0.02,0.02,0.02,0.02,0.02,,,,,,,,,,,,,,,,,,,,,,,,,,,,,,,,,,,,,,,,,,,,,,EUR,0.26,0.1,Common,spheal,Pokémon,https://www.tcggo.com/pokemon/surging-sparks/spheal-43,sv8-43,590062,singles
2026-08-23T17:19:56+02:00,,416,Mina Nakai,mina-nakai,SSP 44,44,794310,191,252,SSP,Pokémon,pokemon,172,https://images.tcggo.com/tcggo/storage/20954/surging-sparks-logo.png,Surging Sparks,EUR,1064.67,EUR,1090.76,2024-11-08,1,Scarlet & Violet,scarlet-violet,surging-sparks,100,20832,https://images.tcggo.com/tcggo/storage/20998/sealeo-ssp-44-surging-sparks.png,https://www.tcggo.com/external/cm/20832,https://www.tcggo.com/external/tcgplayer/20832,Sealeo,Sealeo 44,0.04,0.03,9002,EUR,[],,,,,,,,,0.02,0.02,0.02,0.02,0.02,0.02,0.02,0.02,0.02,0.02,,,,,,,,,,,,,,,,,,,,,,,,,,,,,,,,,,,,,,,,,,,,,,EUR,0.19,0.09,Common,sealeo,Pokémon,https://www.tcggo.com/pokemon/surging-sparks/sealeo-44,sv8-44,590043,singles
2026-08-23T17:19:56+02:00,,375,Mitsuhiro Arita,mitsuhiro-arita,SSP 45,45,794311,191,252,SSP,Pokémon,pokemon,172,https://images.tcggo.com/tcggo/storage/20954/surging-sparks-logo.png,Surging Sparks,EUR,1064.67,EUR,1090.76,2024-11-08,1,Scarlet & Violet,scarlet-violet,surging-sparks,170,20833,https://images.tcggo.com/tcggo/storage/20999/walrein-ssp-45-surging-sparks.png,https://www.tcggo.com/external/cm/20833,https://www.tcggo.com/external/tcgplayer/20833,Walrein,Walrein 45,0.03,0.03,9512,EUR,[],,,,,,,,,0.02,0.02,0.02,0.02,0.02,0.02,0.02,0.02,0.02,0.02,,,,,,,,,,,,,,,,,,,,,,,,,,,,,,,,,,,,,,,,,,,,,,EUR,0.26,0.1,Uncommon,walrein,Pokémon,https://www.tcggo.com/pokemon/surging-sparks/walrein-45,sv8-45,590093,singles
2026-08-23T17:19:56+02:00,,466,Shinya Komatsu,shinya-komatsu,SSP 46,46,794312,191,252,SSP,Pokémon,pokemon,172,https://images.tcggo.com/tcggo/storage/20954/surging-sparks-logo.png,Surging Sparks,EUR,1064.67,EUR,1090.76,2024-11-08,1,Scarlet & Violet,scarlet-violet,surging-sparks,70,20834,https://images.tcggo.com/tcggo/storage/21000/shellos-ssp-46-surging-sparks.png,https://www.tcggo.com/external/cm/20834,https://www.tcggo.com/external/tcgplayer/20834,Shellos,Shellos 46,0.02,0.02,15639,EUR,[],,,,,,,,,0.02,0.02,0.02,0.02,0.02,0.02,0.02,0.02,0.02,0.02,,,,,,,,,,,,,,,,,,,,,,,,,,,,,,,,,,,,,,,,,,,,,,EUR,0.21,0.09,Common,shellos,Pokémon,https://www.tcggo.com/pokemon/surging-sparks/shellos-46,sv8-46,590044,singles
2026-08-23T17:19:56+02:00,,503,sui,sui,SSP 47,47,794313,191,252,SSP,Pokémon,pokemon,172,https://images.tcggo.com/tcggo/storage/20954/surging-sparks-logo.png,Surging Sparks,EUR,1064.67,EUR,1090.76,2024-11-08,1,Scarlet & Violet,scarlet-violet,surging-sparks,90,20835,https://images.tcggo.com/tcggo/storage/21001/cryogonal-ssp-47-surging-sparks.png,https://www.tcggo.com/external/cm/20835,https://www.tcggo.com/external/tcgplayer/20835,Cryogonal,Cryogonal 47,0.25,0.15,1665,EUR,[],,,,,,,,,0.02,0.02,0.02,0.02,0.02,0.02,0.02,0.02,0.02,0.02,,,,,,,,,,,,,,,,,,,,,,,,,,,,,,,,,,,,,,,,,,,,,,EUR,0.15,0.13,Common,cryogonal,Pokémon,https://www.tcggo.com/pokemon/surging-sparks/cryogonal-47,sv8-47,589909,singles
2026-08-23T17:19:56+02:00,,408,kawayoo,kawayoo,SSP 48,48,794314,191,252,SSP,Pokémon,pokemon,172,https://images.tcggo.com/tcggo/storage/20954/surging-sparks-logo.png,Surging Sparks,EUR,1064.67,EUR,1090.76,2024-11-08,1,Scarlet & Violet,scarlet-violet,surging-sparks,230,20836,https://images.tcggo.com/tcggo/storage/21002/black-kyurem-ex-ssp-48-surging-sparks.png,https://www.tcggo.com/external/cm/20836,https://www.tcggo.com/external/tcgplayer/20836,Black Kyurem ex,Black Kyurem ex 48,0.64,0.63,2120,EUR,[],,,,,,,,,0.35,0.15,0.15,0.2,0.2,0.35,0.5,0.5,0.1,0.1,USD,,,,,,,,,,,,,,,,,,,,,,,49.14,5,,,,,,,,,,,,,,,,,,,,,EUR,0.5,0.68,Double Rare,black-kyurem-ex,Pokémon,https://www.tcggo.com/pokemon/surging-sparks/black-kyurem-ex-48,sv8-48,589874,singles
2026-08-23T17:19:56+02:00,,440,Shibuzoh.,shibuzoh,SSP 49,49,794315,191,252,SSP,Pokémon,pokemon,172,https://images.tcggo.com/tcggo/storage/20954/surging-sparks-logo.png,Surging Sparks,EUR,1064.67,EUR,1090.76,2024-11-08,1,Scarlet & Violet,scarlet-violet,surging-sparks,110,20837,https://images.tcggo.com/tcggo/storage/21003/bruxish-ssp-49-surging-sparks.png,https://www.tcggo.com/external/cm/20837,https://www.tcggo.com/external/tcgplayer/20837,Bruxish,Bruxish 49,0.03,0.03,10016,EUR,[],,,,,,,,,0.02,0.02,0.02,0.02,0.02,0.02,0.02,0.02,0.02,0.02,,,,,,,,,,,,,,,,,,,,,,,,,,,,,,,,,,,,,,,,,,,,,,EUR,0.25,0.09,Uncommon,bruxish,Pokémon,https://www.tcggo.com/pokemon/surging-sparks/bruxish-49,sv8-49,589883,singles
2026-08-23T17:19:56+02:00,,370,Saboteri,saboteri,SSP 50,50,794316,191,252,SSP,Pokémon,pokemon,172,https://images.tcggo.com/tcggo/storage/20954/surging-sparks-logo.png,Surging Sparks,EUR,1064.67,EUR,1090.76,2024-11-08,1,Scarlet & Violet,scarlet-violet,surging-sparks,60,20838,https://images.tcggo.com/tcggo/storage/21004/quaxly-ssp-50-surging-sparks.png,https://www.tcggo.com/external/cm/20838,https://www.tcggo.com/external/tcgplayer/20838,Quaxly,Quaxly 50,0.02,0.02,16375,EUR,[],,,,,,,,,0.02,0.02,0.02,0.02,0.02,0.02,0.02,0.02,0.02,0.02,,,,,,,,,,,,,,,,,,,,,,,,,,,,,,,,,,,,,,,,,,,,,,EUR,0.16,0.09,Common,quaxly,Pokémon,https://www.tcggo.com/pokemon/surging-sparks/quaxly-50-1,sv8-50,590031,singles
2026-08-23T17:19:56+02:00,,394,OKACHEKE,okacheke,SSP 51,51,794317,191,252,SSP,Pokémon,pokemon,172,https://images.tcggo.com/tcggo/storage/20954/surging-sparks-logo.png,Surging Sparks,EUR,1064.67,EUR,1090.76,2024-11-08,1,Scarlet & Violet,scarlet-violet,surging-sparks,100,20839,https://images.tcggo.com/tcggo/storage/21005/quaxwell-ssp-51-surging-sparks.png,https://www.tcggo.com/external/cm/20839,https://www.tcggo.com/external/tcgplayer/20839,Quaxwell,Quaxwell 51,0.03,0.02,9745,EUR,[],,,,,,,,,0.02,0.02,0.02,0.02,0.02,0.02,0.02,0.02,0.02,0.02,,,,,,,,,,,,,,,,,,,,,,,,,,,,,,,,,,,,,,,,,,,,,,EUR,0.23,0.09,Common,quaxwell,Pokémon,https://www.tcggo.com/pokemon/surging-sparks/quaxwell-51-1,sv8-51,590032,singles
2026-08-23T17:19:56+02:00,,405,nagimiso,nagimiso,SSP 52,52,794318,191,252,SSP,Pokémon,pokemon,172,https://images.tcggo.com/tcggo/storage/20954/surging-sparks-logo.png,Surging Sparks,EUR,1064.67,EUR,1090.76,2024-11-08,1,Scarlet & Violet,scarlet-violet,surging-sparks,170,20840,https://images.tcggo.com/tcggo/storage/21006/quaquaval-ssp-52-surging-sparks.png,https://www.tcggo.com/external/cm/20840,https://www.tcggo.com/external/tcgplayer/20840,Quaquaval,Quaquaval 52,0.03,0.02,10525,EUR,[],,,,,,,,,0.02,0.02,0.02,0.02,0.02,0.02,0.02,0.02,0.02,0.02,,,,,,,,,,,,,,,,,,,,,,,,,,,,,,,,,,,,,,,,,,,,,,EUR,0.22,0.09,Uncommon,quaquaval,Pokémon,https://www.tcggo.com/pokemon/surging-sparks/quaquaval-52,sv8-52,590030,singles
2026-08-23T17:19:56+02:00,,772,Ayako Ozaki,ayako-ozaki,SSP 53,53,794319,191,252,SSP,Pokémon,pokemon,172,https://images.tcggo.com/tcggo/storage/20954/surging-sparks-logo.png,Surging Sparks,EUR,1064.67,EUR,1090.76,2024-11-08,1,Scarlet & Violet,scarlet-violet,surging-sparks,100,20841,https://images.tcggo.com/tcggo/storage/21007/cetoddle-ssp-53-surging-sparks.png,https://www.tcggo.com/external/cm/20841,https://www.tcggo.com/external/tcgplayer/20841,Cetoddle,Cetoddle 53,0.04,0.03,9174,EUR,[],,,,,,,,,0.02,0.02,0.02,0.02,0.02,0.02,0.02,0.02,0.02,0.02,,,,,,,,,,,,,,,,,,,,,,,,,,,,,,,,,,,,,,,,,,,,,,EUR,0.2,0.09,Common,cetoddle,Pokémon,https://www.tcggo.com/pokemon/surging-sparks/cetoddle-53-1,sv8-53,589895,singles
2026-08-23T17:19:56+02:00,,428,Uta,uta,SSP 54,54,794320,191,252,SSP,Pokémon,pokemon,172,https://images.tcggo.com/tcggo/storage/20954/surging-sparks-logo.png,Surging Sparks,EUR,1064.67,EUR,1090.76,2024-11-08,1,Scarlet & Violet,scarlet-violet,surging-sparks,180,20842,https://images.tcggo.com/tcggo/storage/21008/cetitan-ssp-54-surging-sparks.png,https://www.tcggo.com/external/cm/20842,https://www.tcggo.com/external/tcgplayer/20842,Cetitan,Cetitan 54,0.03,0.03,9337,EUR,[],,,,,,,,,0.02,0.02,0.02,0.02,0.02,0.02,0.02,0.02,0.02,0.02,,,,,,,,,,,,,,,,,,,,,,,,,,,,,,,,,,,,,,,,,,,,,,EUR,0.15,0.09,Common,cetitan,Pokémon,https://www.tcggo.com/pokemon/surging-sparks/cetitan-54,sv8-54,589893,singles
2026-08-23T17:19:56+02:00,,403,rika,rika,SSP 55,55,794321,191,252,SSP,Pokémon,pokemon,172,https://images.tcggo.com/tcggo/storage/20954/surging-sparks-logo.png,Surging Sparks,EUR,1064.67,EUR,1090.76,2024-11-08,1,Scarlet & Violet,scarlet-violet,surging-sparks,100,20843,https://images.tcggo.com/tcggo/storage/21009/iron-bundle-ssp-55-surging-sparks.png,https://www.tcggo.com/external/cm/20843,https://www.tcggo.com/external/tcgplayer/20843,Iron Bundle,Iron Bundle 55,0.03,0.02,9943,EUR,[],,,,,,,,,0.02,0.02,0.02,0.02,0.02,0.02,0.02,0.02,0.02,0.02,,,,,,,,,,,,,,,,,,,,,,,,,,,,,,,,,,,,,,,,,,,,,,EUR,0.27,0.09,Uncommon,iron-bundle,Pokémon,https://www.tcggo.com/pokemon/surging-sparks/iron-bundle-55,sv8-55,589969,singles
2026-08-23T17:19:56+02:00,,491,Yuya Oka,yuya-oka,SSP 56,56,794322,191,252,SSP,Pokémon,pokemon,172,https://images.tcggo.com/tcggo/storage/20954/surging-sparks-logo.png,Surging Sparks,EUR,1064.67,EUR,1090.76,2024-11-08,1,Scarlet & Violet,scarlet-violet,surging-sparks,120,20844,https://images.tcggo.com/tcggo/storage/21010/chien-pao-ssp-56-surging-sparks.png,https://www.tcggo.com/external/cm/20844,https://www.tcggo.com/external/tcgplayer/20844,Chien-Pao,Chien-Pao 56,0.1,0.11,11573,EUR,[],,,,,,,,,0.02,0.02,0.02,0.02,0.02,0.02,0.02,0.02,0.02,0.02,,,,,,,,,,,,,,,,,,,,,,,,,,,,,,,,,,,,,,,,,,,,,,EUR,0.28,0.18,rare,chien-pao,Pokémon,https://www.tcggo.com/pokemon/surging-sparks/chien-pao-56,sv8-56,589898,singles
2026-08-23T17:19:56+02:00,,371,aky CG Works,aky-cg-works,SSP 57,57,794329,191,252,SSP,Pokémon,pokemon,172,https://images.tcggo.com/tcggo/storage/20954/surging-sparks-logo.png,Surging Sparks,EUR,1064.67,EUR,1090.76,2024-11-08,1,Scarlet & Violet,scarlet-violet,surging-sparks,200,20845,https://images.tcggo.com/tcggo/storage/21011/pikachu-ex-ssp-57-surging-sparks.png,https://www.tcggo.com/external/cm/20845,https://www.tcggo.com/external/tcgplayer/20845,Pikachu ex,Pikachu ex 57,3.96,3.94,984,EUR,,,,38,,,190,,,3.44,2,2,3,3,3.75,2.5,3,1.3,1.3,,,,,,,,,,,,,,,,,,,,,,,,,,,,,,,,,,,,,,,,,,,,,,EUR,3.74,3.91,Double Rare,pikachu-ex,Pokémon,https://www.tcggo.com/pokemon/surging-sparks/pikachu-ex-57,sv8-57,590025,singles
2026-08-23T17:19:56+02:00,,825,Hoshino KURO,hoshino-kuro,SSP 58,58,794332,191,252,SSP,Pokémon,pokemon,172,https://images.tcggo.com/tcggo/storage/20954/surging-sparks-logo.png,Surging Sparks,EUR,1064.67,EUR,1090.76,2024-11-08,1,Scarlet & Violet,scarlet-violet,surging-sparks,60,20846,https://images.tcggo.com/tcggo/storage/21012/magnemite-ssp-58-surging-sparks.png,https://www.tcggo.com/external/cm/20846,https://www.tcggo.com/external/tcgplayer/20846,Magnemite,Magnemite 58,0.03,0.03,16010,EUR,[],,,,,,,,,0.02,0.02,0.02,0.02,0.02,0.02,0.02,0.02,0.02,0.02,,,,,,,,,,,,,,,,,,,,,,,,,,,,,,,,,,,,,,,,,,,,,,EUR,0.19,0.09,Common,magnemite,Pokémon,https://www.tcggo.com/pokemon/surging-sparks/magnemite-58-1,sv8-58,589992,singles
2026-08-23T17:19:56+02:00,,395,Nisota Niso,nisota-niso,SSP 59,59,794334,191,252,SSP,Pokémon,pokemon,172,https://images.tcggo.com/tcggo/storage/20954/surging-sparks-logo.png,Surging Sparks,EUR,1064.67,EUR,1090.76,2024-11-08,1,Scarlet & Violet,scarlet-violet,surging-sparks,100,20847,https://images.tcggo.com/tcggo/storage/21013/magneton-ssp-59-surging-sparks.png,https://www.tcggo.com/external/cm/20847,https://www.tcggo.com/external/tcgplayer/20847,Magneton,Magneton 59,0.03,0.03,10007,EUR,[],,,,,,,,,0.02,0.02,0.02,0.02,0.02,0.02,0.02,0.02,0.02,0.02,,,,,,,,,,,,,,,,,,,,,,,,,,,,,,,,,,,,,,,,,,,,,,EUR,0.32,0.15,Uncommon,magneton,Pokémon,https://www.tcggo.com/pokemon/surging-sparks/magneton-59-1,sv8-59,589993,singles
2026-08-23T17:19:56+02:00,,532,Po-Suzuki,po-suzuki,SSP 60,60,794336,191,252,SSP,Pokémon,pokemon,172,https://images.tcggo.com/tcggo/storage/20954/surging-sparks-logo.png,Surging Sparks,EUR,1064.67,EUR,1090.76,2024-11-08,1,Scarlet & Violet,scarlet-violet,surging-sparks,170,20848,https://images.tcggo.com/tcggo/storage/21014/magnezone-ssp-60-surging-sparks.png,https://www.tcggo.com/external/cm/20848,https://www.tcggo.com/external/tcgplayer/20848,Magnezone,Magnezone 60,0.02,0.02,10614,EUR,[],,,,,,,,,0.02,0.02,0.02,0.02,0.02,0.02,0.02,0.02,0.02,0.02,,,,,,,,,,,,,,,,,,,,,,,,,,,,,,,,,,,,,,,,,,,,,,EUR,0.23,0.09,Uncommon,magnezone,Pokémon,https://www.tcggo.com/pokemon/surging-sparks/magnezone-60-1,sv8-60,589994,singles
2026-08-23T17:19:56+02:00,,786,Shinya Mizuno,shinya-mizuno,SSP 61,61,794339,191,252,SSP,Pokémon,pokemon,172,https://images.tcggo.com/tcggo/storage/20954/surging-sparks-logo.png,Surging Sparks,EUR,1064.67,EUR,1090.76,2024-11-08,1,Scarlet & Violet,scarlet-violet,surging-sparks,80,20849,https://images.tcggo.com/tcggo/storage/21015/rotom-ssp-61-surging-sparks.png,https://www.tcggo.com/external/cm/20849,https://www.tcggo.com/external/tcgplayer/20849,Rotom,Rotom 61,0.03,0.03,15713,EUR,[],,,,,,,,,0.02,0.02,0.02,0.02,0.02,0.02,0.02,0.02,0.02,0.02,,,,,,,,,,,,,,,,,,,,,,,,,,,,,,,,,,,,,,,,,,,,,,EUR,0.16,0.09,Common,rotom,Pokémon,https://www.tcggo.com/pokemon/surging-sparks/rotom-61,sv8-61,590036,singles
2026-08-23T17:19:56+02:00,,773,kamonabe,kamonabe,SSP 62,62,794341,191,252,SSP,Pokémon,pokemon,172,https://images.tcggo.com/tcggo/storage/20954/surging-sparks-logo.png,Surging Sparks,EUR,1064.67,EUR,1090.76,2024-11-08,1,Scarlet & Violet,scarlet-violet,surging-sparks,70,20850,https://images.tcggo.com/tcggo/storage/21016/blitzle-ssp-62-surging-sparks.png,https://www.tcggo.com/external/cm/20850,https://www.tcggo.com/external/tcgplayer/20850,Blitzle,Blitzle 62,0.03,0.03,15759,EUR,[],,,,,,,,,0.02,0.02,0.02,0.02,0.02,0.02,0.02,0.02,0.02,0.02,,,,,,,,,,,,,,,,,,,,,,,,,,,,,,,,,,,,,,,,,,,,,,EUR,0.18,0.09,Common,blitzle,Pokémon,https://www.tcggo.com/pokemon/surging-sparks/blitzle-62-1,sv8-62,589876,singles
2026-08-23T17:19:56+02:00,,379,Sanosuke Sakuma,sanosuke-sakuma,SSP 63,63,794343,191,252,SSP,Pokémon,pokemon,172,https://images.tcggo.com/tcggo/storage/20954/surging-sparks-logo.png,Surging Sparks,EUR,1064.67,EUR,1090.76,2024-11-08,1,Scarlet & Violet,scarlet-violet,surging-sparks,130,20851,https://images.tcggo.com/tcggo/storage/21017/zebstrika-ssp-63-surging-sparks.png,https://www.tcggo.com/external/cm/20851,https://www.tcggo.com/external/tcgplayer/20851,Zebstrika,Zebstrika 63,0.03,0.03,9322,EUR,[],,,,,,,,,0.02,0.02,0.02,0.02,0.02,0.02,0.02,0.02,0.02,0.02,,,,,,,,,,,,,,,,,,,,,,,,,,,,,,,,,,,,,,,,,,,,,,EUR,0.18,0.09,Common,zebstrika,Pokémon,https://www.tcggo.com/pokemon/surging-sparks/zebstrika-63-1,sv8-63,590100,singles
2026-08-23T17:19:56+02:00,,438,Miki Tanaka,miki-tanaka,SSP 64,64,794345,191,252,SSP,Pokémon,pokemon,172,https://images.tcggo.com/tcggo/storage/20954/surging-sparks-logo.png,Surging Sparks,EUR,1064.67,EUR,1090.76,2024-11-08,1,Scarlet & Violet,scarlet-violet,surging-sparks,110,20852,https://images.tcggo.com/tcggo/storage/21018/stunfisk-ssp-64-surging-sparks.png,https://www.tcggo.com/external/cm/20852,https://www.tcggo.com/external/tcgplayer/20852,Stunfisk,Stunfisk 64,0.03,0.03,9701,EUR,[],,,,,,,,,0.02,0.02,0.02,0.02,0.02,0.02,0.02,0.02,0.02,0.02,,,,,,,,,,,,,,,,,,,,,,,,,,,,,,,,,,,,,,,,,,,,,,EUR,0.15,0.09,Common,stunfisk,Pokémon,https://www.tcggo.com/pokemon/surging-sparks/stunfisk-64,sv8-64,590064,singles
2026-08-23T17:19:56+02:00,,377,Souichirou Gunjima,souichirou-gunjima,SSP 65,65,794346,191,252,SSP,Pokémon,pokemon,172,https://images.tcggo.com/tcggo/storage/20954/surging-sparks-logo.png,Surging Sparks,EUR,1064.67,EUR,1090.76,2024-11-08,1,Scarlet & Violet,scarlet-violet,surging-sparks,120,20853,https://images.tcggo.com/tcggo/storage/21019/tapu-koko-ssp-65-surging-sparks.png,https://www.tcggo.com/external/cm/20853,https://www.tcggo.com/external/tcgplayer/20853,Tapu Koko,Tapu Koko 65,0.06,0.06,11292,EUR,[],,,,,,,,,0.03,0.02,0.02,0.02,0.02,0.02,0.02,0.02,0.02,0.02,,,,,,,,,,,,,,,,,,,,,,,,,,,,,,,,,,,,,,,,,,,,,,EUR,0.3,0.13,rare,tapu-koko,Pokémon,https://www.tcggo.com/pokemon/surging-sparks/tapu-koko-65,sv8-65,590071,singles
2026-08-23T17:19:56+02:00,,516,Pani Kobayashi,pani-kobayashi,SSP 66,66,794347,191,252,SSP,Pokémon,pokemon,172,https://images.tcggo.com/tcggo/storage/20954/surging-sparks-logo.png,Surging Sparks,EUR,1064.67,EUR,1090.76,2024-11-08,1,Scarlet & Violet,scarlet-violet,surging-sparks,60,20854,https://images.tcggo.com/tcggo/storage/21020/wattrel-ssp-66-surging-sparks.png,https://www.tcggo.com/external/cm/20854,https://www.tcggo.com/external/tcgplayer/20854,Wattrel,Wattrel 66,0.02,0.03,15713,EUR,[],,,,,,,,,0.02,0.02,0.02,0.02,0.02,0.02,0.02,0.02,0.02,0.02,,,,,,,,,,,,,,,,,,,,,,,,,,,,,,,,,,,,,,,,,,,,,,EUR,0.2,0.09,Common,wattrel,Pokémon,https://www.tcggo.com/pokemon/surging-sparks/wattrel-66,sv8-66,590094,singles
2026-08-23T17:19:56+02:00,,382,KEIICHIRO ITO,keiichiro-ito,SSP 67,67,794349,191,252,SSP,Pokémon,pokemon,172,https://images.tcggo.com/tcggo/storage/20954/surging-sparks-logo.png,Surging Sparks,EUR,1064.67,EUR,1090.76,2024-11-08,1,Scarlet & Violet,scarlet-violet,surging-sparks,120,20855,https://images.tcggo.com/tcggo/storage/21021/kilowattrel-ssp-67-surging-sparks.png,https://www.tcggo.com/external/cm/20855,https://www.tcggo.com/external/tcgplayer/20855,Kilowattrel,Kilowattrel 67,0.03,0.03,10375,EUR,[],,,,,,,,,0.02,0.02,0.02,0.02,0.02,0.02,0.02,0.02,0.02,0.02,,,,,,,,,,,,,,,,,,,,,,,,,,,,,,,,,,,,,,,,,,,,,,EUR,0.25,0.09,Uncommon,kilowattrel,Pokémon,https://www.tcggo.com/pokemon/surging-sparks/kilowattrel-67,sv8-67,589976,singles
2026-08-23T17:19:56+02:00,,411,PLANETA Yamashita,planeta-yamashita,SSP 68,68,794350,191,252,SSP,Pokémon,pokemon,172,https://images.tcggo.com/tcggo/storage/20954/surging-sparks-logo.png,Surging Sparks,EUR,1064.67,EUR,1090.76,2024-11-08,1,Scarlet & Violet,scarlet-violet,surging-sparks,260,20856,https://images.tcggo.com/tcggo/storage/21022/kilowattrel-ex-ssp-68-surging-sparks.png,https://www.tcggo.com/external/cm/20856,https://www.tcggo.com/external/tcgplayer/20856,Kilowattrel ex,Kilowattrel ex 68,0.49,0.51,2469,EUR,[],,,,,,,,,0.19,0.2,0.25,0.15,0.15,0.19,0.29,0.29,0.04,0.04,,,,,,,,,,,,,,,,,,,,,,,,,,,,,,,,,,,,,,,,,,,,,,EUR,0.89,0.65,Double Rare,kilowattrel-ex,Pokémon,https://www.tcggo.com/pokemon/surging-sparks/kilowattrel-ex-68,sv8-68,589977,singles
2026-08-23T17:19:56+02:00,,510,Nurikabe,nurikabe,SSP 69,69,794352,191,252,SSP,Pokémon,pokemon,172,https://images.tcggo.com/tcggo/storage/20954/surging-sparks-logo.png,Surging Sparks,EUR,1064.67,EUR,1090.76,2024-11-08,1,Scarlet & Violet,scarlet-violet,surging-sparks,120,20857,https://images.tcggo.com/tcggo/storage/21023/miraidon-ssp-69-surging-sparks.png,https://www.tcggo.com/external/cm/20857,https://www.tcggo.com/external/tcgplayer/20857,Miraidon,Miraidon 69,0.03,0.03,9756,EUR,[],,,,,,,,,0.02,0.02,0.02,0.02,0.02,0.02,0.02,0.02,0.02,0.02,,,,,,,,,,,,,,,,,,,,,,,,,,,,,,,,,,,,,,,,,,,,,,EUR,0.25,0.09,Uncommon,miraidon,Pokémon,https://www.tcggo.com/pokemon/surging-sparks/miraidon-69,sv8-69,590008,singles
2026-08-23T17:19:56+02:00,,829,Yoko Hishida,yoko-hishida,SSP 70,70,794359,191,252,SSP,Pokémon,pokemon,172,https://images.tcggo.com/tcggo/storage/20954/surging-sparks-logo.png,Surging Sparks,EUR,1064.67,EUR,1090.76,2024-11-08,1,Scarlet & Violet,scarlet-violet,surging-sparks,50,20858,https://images.tcggo.com/tcggo/storage/21024/togepi-ssp-70-surging-sparks.png,https://www.tcggo.com/external/cm/20858,https://www.tcggo.com/external/tcgplayer/20858,Togepi,Togepi 70,0.03,0.03,14012,EUR,[],,,,,,,,,0.02,0.02,0.02,0.02,0.02,0.02,0.02,0.02,0.02,0.02,,,,,,,,,,,,,,,,,,,,,,,,,,,,,,,,,,,,,,,,,,,,,,EUR,0.23,0.11,Common,togepi,Pokémon,https://www.tcggo.com/pokemon/surging-sparks/togepi-70-1,sv8-70,590079,singles
2026-08-23T17:19:56+02:00,,385,Teeziro,teeziro,SSP 71,71,794360,191,252,SSP,Pokémon,pokemon,172,https://images.tcggo.com/tcggo/storage/20954/surging-sparks-logo.png,Surging Sparks,EUR,1064.67,EUR,1090.76,2024-11-08,1,Scarlet & Violet,scarlet-violet,surging-sparks,90,20859,https://images.tcggo.com/tcggo/storage/21025/togetic-ssp-71-surging-sparks.png,https://www.tcggo.com/external/cm/20859,https://www.tcggo.com/external/tcgplayer/20859,Togetic,Togetic 71,0.04,0.06,8145,EUR,[],,,,,,,,,0.02,0.02,0.02,0.02,0.02,0.02,0.02,0.02,0.02,0.02,,,,,,,,,,,,,,,,,,,,,,,,,,,,,,,,,,,,,,,,,,,,,,EUR,0.21,0.13,Common,togetic,Pokémon,https://www.tcggo.com/pokemon/surging-sparks/togetic-71,sv8-71,590080,singles
2026-08-23T17:19:56+02:00,,774,Narano,narano,SSP 72,72,794362,191,252,SSP,Pokémon,pokemon,172,https://images.tcggo.com/tcggo/storage/20954/surging-sparks-logo.png,Surging Sparks,EUR,1064.67,EUR,1090.76,2024-11-08,1,Scarlet & Violet,scarlet-violet,surging-sparks,140,20860,https://images.tcggo.com/tcggo/storage/21026/togekiss-ssp-72-surging-sparks.png,https://www.tcggo.com/external/cm/20860,https://www.tcggo.com/external/tcgplayer/20860,Togekiss,Togekiss 72,0.07,0.05,,EUR,[],,,,,,,,,0.03,0.02,0.02,0.02,0.02,0.02,0.02,0.02,0.02,0.02,,,,,,,,,,,,,,,,,,,,,,,,,,,,,,,,,,,,,,,,,,,,,,EUR,0.34,0.16,rare,togekiss,Pokémon,https://www.tcggo.com/pokemon/surging-sparks/togekiss-72,sv8-72,590078,singles
2026-08-23T17:19:56+02:00,,410,Shimaris Yukichi,shimaris-yukichi,SSP 73,73,794365,191,252,SSP,Pokémon,pokemon,172,https://images.tcggo.com/tcggo/storage/20954/surging-sparks-logo.png,Surging Sparks,EUR,1064.67,EUR,1090.76,2024-11-08,1,Scarlet & Violet,scarlet-violet,surging-sparks,60,20861,https://images.tcggo.com/tcggo/storage/21027/marill-ssp-73-surging-sparks.png,https://www.tcggo.com/external/cm/20861,https://www.tcggo.com/external/tcgplayer/20861,Marill,Marill 73,0.03,0.03,14596,EUR,[],,,,,,,,,0.02,0.02,0.02,0.02,0.02,0.02,0.02,0.02,0.02,0.02,,,,,,,,,,,,,,,,,,,,,,,,,,,,,,,,,,,,,,,,,,,,,,EUR,0.2,0.1,Common,marill,Pokémon,https://www.tcggo.com/pokemon/surging-sparks/marill-73,sv8-73,589997,singles
2026-08-23T17:19:56+02:00,,365,Orca,orca,SSP 74,74,794367,191,252,SSP,Pokémon,pokemon,172,https://images.tcggo.com/tcggo/storage/20954/surging-sparks-logo.png,Surging Sparks,EUR,1064.67,EUR,1090.76,2024-11-08,1,Scarlet & Violet,scarlet-violet,surging-sparks,120,20862,https://images.tcggo.com/tcggo/storage/21028/azumarill-ssp-74-surging-sparks.png,https://www.tcggo.com/external/cm/20862,https://www.tcggo.com/external/tcgplayer/20862,Azumarill,Azumarill 74,0.03,0.03,8770,EUR,[],,,,,,,,,0.02,0.02,0.02,0.02,0.02,0.02,0.02,0.02,0.02,0.02,,,,,,,,,,,,,,,,,,,,,,,,,,,,,,,,,,,,,,,,,,,,,,EUR,0.26,0.11,Uncommon,azumarill,Pokémon,https://www.tcggo.com/pokemon/surging-sparks/azumarill-74,sv8-74,589872,singles
2026-08-23T17:19:56+02:00,,360,Saya Tsuruta,saya-tsuruta,SSP 75,75,794369,191,252,SSP,Pokémon,pokemon,172,https://images.tcggo.com/tcggo/storage/20954/surging-sparks-logo.png,Surging Sparks,EUR,1064.67,EUR,1090.76,2024-11-08,1,Scarlet & Violet,scarlet-violet,surging-sparks,30,20863,https://images.tcggo.com/tcggo/storage/21029/smoochum-ssp-75-surging-sparks.png,https://www.tcggo.com/external/cm/20863,https://www.tcggo.com/external/tcgplayer/20863,Smoochum,Smoochum 75,0.07,0.09,4441,EUR,[],,,,,,,,,0.02,0.02,0.02,0.02,0.02,0.02,0.02,0.02,0.02,0.02,,,,,,,,,,,,,,,,,,,,,,,,,,,,,,,,,,,,,,,,,,,,,,EUR,0.32,0.17,Common,smoochum,Pokémon,https://www.tcggo.com/pokemon/surging-sparks/smoochum-75,sv8-75,590059,singles
2026-08-23T17:19:56+02:00,,490,takuyoa,takuyoa,SSP 76,76,794373,191,252,SSP,Pokémon,pokemon,172,https://images.tcggo.com/tcggo/storage/20954/surging-sparks-logo.png,Surging Sparks,EUR,1064.67,EUR,1090.76,2024-11-08,1,Scarlet & Violet,scarlet-violet,surging-sparks,210,20864,https://images.tcggo.com/tcggo/storage/21030/latias-ex-ssp-76-surging-sparks.png,https://www.tcggo.com/external/cm/20864,https://www.tcggo.com/external/tcgplayer/20864,Latias ex,Latias ex 76,4.97,5,506,EUR,[],,,,,,,,,4,3.97,3.97,6.5,6.5,4,3.7,3.7,3,3,USD,,,,,,,,,,,,,,,,,,,,,,,21.56,1,,,,,6.88,2,,,,,,,,,,,,,,,EUR,4.97,3.42,Double Rare,latias-ex,Pokémon,https://www.tcggo.com/pokemon/surging-sparks/latias-ex-76,sv8-76,589983,singles
2026-08-23T17:19:56+02:00,,454,kantaro,kantaro,SSP 77,77,794375,191,252,SSP,Pokémon,pokemon,172,https://images.tcggo.com/tcggo/storage/20954/surging-sparks-logo.png,Surging Sparks,EUR,1064.67,EUR,1090.76,2024-11-08,1,Scarlet & Violet,scarlet-violet,surging-sparks,120,20865,https://images.tcggo.com/tcggo/storage/21031/latios-ssp-77-surging-sparks.png,https://www.tcggo.com/external/cm/20865,https://www.tcggo.com/external/tcgplayer/20865,Latios,Latios 77,0.03,0.03,9386,EUR,[],,,,,,,,,0.02,0.02,0.02,0.02,0.02,0.02,0.02,0.02,0.02,0.02,,,,,,,,,,,,,,,,,,,,,,,,,,,,,,,,,,,,,,,,,,,,,,EUR,0.26,0.09,Uncommon,latios,Pokémon,https://www.tcggo.com/pokemon/surging-sparks/latios-77,sv8-77,589986,singles
2026-08-23T17:19:56+02:00,,359,HYOGONOSUKE,hyogonosuke,SSP 78,78,794377,191,252,SSP,Pokémon,pokemon,172,https://images.tcggo.com/tcggo/storage/20954/surging-sparks-logo.png,Surging Sparks,EUR,1064.67,EUR,1090.76,2024-11-08,1,Scarlet & Violet,scarlet-violet,surging-sparks,70,20866,https://images.tcggo.com/tcggo/storage/21032/uxie-ssp-78-surging-sparks.png,https://www.tcggo.com/external/cm/20866,https://www.tcggo.com/external/tcgplayer/20866,Uxie,Uxie 78,0.05,0.05,5072,EUR,[],,,,,,,,,0.02,0.02,0.02,0.02,0.02,0.02,0.02,0.02,0.02,0.02,,,,,,,,,,,,,,,,,,,,,,,,,,,,,,,,,,,,,,,,,,,,,,EUR,0.38,0.13,Common,uxie,Pokémon,https://www.tcggo.com/pokemon/surging-sparks/uxie-78,sv8-78,590084,singles
2026-08-23T17:19:56+02:00,,359,HYOGONOSUKE,hyogonosuke,SSP 79,79,794379,191,252,SSP,Pokémon,pokemon,172,https://images.tcggo.com/tcggo/storage/20954/surging-sparks-logo.png,Surging Sparks,EUR,1064.67,EUR,1090.76,2024-11-08,1,Scarlet & Violet,scarlet-violet,surging-sparks,70,20867,https://images.tcggo.com/tcggo/storage/21033/mesprit-ssp-79-surging-sparks.png,https://www.tcggo.com/external/cm/20867,https://www.tcggo.com/external/tcgplayer/20867,Mesprit,Mesprit 79,0.05,0.04,5487,EUR,[],,,,,,,,,0.02,0.02,0.02,0.02,0.02,0.02,0.02,0.02,0.02,0.02,,,,,,,,,,,,,,,,,,,,,,,,,,,,,,,,,,,,,,,,,,,,,,EUR,0.27,0.13,Common,mesprit,Pokémon,https://www.tcggo.com/pokemon/surging-sparks/mesprit-79,sv8-79,590002,singles
2026-08-23T17:19:56+02:00,,359,HYOGONOSUKE,hyogonosuke,SSP 80,80,794380,191,252,SSP,Pokémon,pokemon,172,https://images.tcggo.com/tcggo/storage/20954/surging-sparks-logo.png,Surging Sparks,EUR,1064.67,EUR,1090.76,2024-11-08,1,Scarlet & Violet,scarlet-violet,surging-sparks,70,20868,https://images.tcggo.com/tcggo/storage/21034/azelf-ssp-80-surging-sparks.png,https://www.tcggo.com/external/cm/20868,https://www.tcggo.com/external/tcgplayer/20868,Azelf,Azelf 80,0.05,0.04,5257,EUR,[],,,,,,,,,0.02,0.02,0.02,0.02,0.02,0.02,0.02,0.02,0.02,0.02,,,,,,,,,,,,,,,,,,,,,,,,,,,,,,,,,,,,,,,,,,,,,,EUR,0.25,0.13,Common,azelf,Pokémon,https://www.tcggo.com/pokemon/surging-sparks/azelf-80,sv8-80,589871,singles
2026-08-23T17:19:56+02:00,,764,svlt,svlt,SSP 81,81,794381,191,252,SSP,Pokémon,pokemon,172,https://images.tcggo.com/tcggo/storage/20954/surging-sparks-logo.png,Surging Sparks,EUR,1064.67,EUR,1090.76,2024-11-08,1,Scarlet & Violet,scarlet-violet,surging-sparks,110,20869,https://images.tcggo.com/tcggo/storage/21035/sigilyph-ssp-81-surging-sparks.png,https://www.tcggo.com/external/cm/20869,https://www.tcggo.com/external/tcgplayer/20869,Sigilyph,Sigilyph 81,0.03,0.03,6603,EUR,[],,,,,,,,,0.02,0.02,0.02,0.02,0.02,0.02,0.02,0.02,0.02,0.02,,,,,,,,,,,,,,,,,,,,,,,,,,,,,,,,,,,,,,,,,,,,,,EUR,0.22,0.09,Common,sigilyph,Pokémon,https://www.tcggo.com/pokemon/surging-sparks/sigilyph-81,sv8-81,590048,singles
2026-08-23T17:19:56+02:00,,766,IKEDA Saki,ikeda-saki,SSP 82,82,794382,191,252,SSP,Pokémon,pokemon,172,https://images.tcggo.com/tcggo/storage/20954/surging-sparks-logo.png,Surging Sparks,EUR,1064.67,EUR,1090.76,2024-11-08,1,Scarlet & Violet,scarlet-violet,surging-sparks,70,20870,https://images.tcggo.com/tcggo/storage/21036/yamask-ssp-82-surging-sparks.png,https://www.tcggo.com/external/cm/20870,https://www.tcggo.com/external/tcgplayer/20870,Yamask,Yamask 82,0.03,0.03,15583,EUR,[],,,,,,,,,0.02,0.02,0.02,0.02,0.02,0.02,0.02,0.02,0.02,0.02,,,,,,,,,,,,,,,,,,,,,,,,,,,,,,,,,,,,,,,,,,,,,,EUR,0.18,0.09,Common,yamask,Pokémon,https://www.tcggo.com/pokemon/surging-sparks/yamask-82,sv8-82,590097,singles
2026-08-23T17:19:56+02:00,,443,Shiburingaru,shiburingaru,SSP 83,83,794384,191,252,SSP,Pokémon,pokemon,172,https://images.tcggo.com/tcggo/storage/20954/surging-sparks-logo.png,Surging Sparks,EUR,1064.67,EUR,1090.76,2024-11-08,1,Scarlet & Violet,scarlet-violet,surging-sparks,120,20871,https://images.tcggo.com/tcggo/storage/21037/cofagrigus-ssp-83-surging-sparks.png,https://www.tcggo.com/external/cm/20871,https://www.tcggo.com/external/tcgplayer/20871,Cofagrigus,Cofagrigus 83,0.07,0.07,13079,EUR,[],,,,,,,,,0.03,0.02,0.02,0.02,0.02,0.02,0.02,0.02,0.02,0.02,,,,,,,,,,,,,,,,,,,,,,,,,,,,,,,,,,,,,,,,,,,,,,EUR,0.27,0.14,rare,cofagrigus,Pokémon,https://www.tcggo.com/pokemon/surging-sparks/cofagrigus-83,sv8-83,589905,singles
2026-08-23T17:19:56+02:00,,528,Natsumi Yoshida,natsumi-yoshida,SSP 84,84,794386,191,252,SSP,Pokémon,pokemon,172,https://images.tcggo.com/tcggo/storage/20954/surging-sparks-logo.png,Surging Sparks,EUR,1064.67,EUR,1090.76,2024-11-08,1,Scarlet & Violet,scarlet-violet,surging-sparks,60,20872,https://images.tcggo.com/tcggo/storage/21038/espurr-ssp-84-surging-sparks.png,https://www.tcggo.com/external/cm/20872,https://www.tcggo.com/external/tcgplayer/20872,Espurr,Espurr 84,0.03,0.02,14906,EUR,[],,,,,,,,,0.02,0.02,0.02,0.02,0.02,0.02,0.02,0.02,0.02,0.02,,,,,,,,,,,,,,,,,,,,,,,,,,,,,,,,,,,,,,,,,,,,,,EUR,0.36,0.12,Common,espurr,Pokémon,https://www.tcggo.com/pokemon/surging-sparks/espurr-84,sv8-84,589936,singles
2026-08-23T17:19:56+02:00,,357,Yoriyuki Ikegami,yoriyuki-ikegami,SSP 85,85,794388,191,252,SSP,Pokémon,pokemon,172,https://images.tcggo.com/tcggo/storage/20954/surging-sparks-logo.png,Surging Sparks,EUR,1064.67,EUR,1090.76,2024-11-08,1,Scarlet & Violet,scarlet-violet,surging-sparks,90,20873,https://images.tcggo.com/tcggo/storage/21039/meowstic-ssp-85-surging-sparks.png,https://www.tcggo.com/external/cm/20873,https://www.tcggo.com/external/tcgplayer/20873,Meowstic,Meowstic 85,0.03,0.03,9556,EUR,[],,,,,,,,,0.02,0.02,0.02,0.02,0.02,0.02,0.02,0.02,0.02,0.02,,,,,,,,,,,,,,,,,,,,,,,,,,,,,,,,,,,,,,,,,,,,,,EUR,0.27,0.1,Uncommon,meowstic,Pokémon,https://www.tcggo.com/pokemon/surging-sparks/meowstic-85,sv8-85,590001,singles
2026-08-23T17:19:56+02:00,,380,5ban Graphics,5ban-graphics,SSP 86,86,794390,191,252,SSP,Pokémon,pokemon,172,https://images.tcggo.com/tcggo/storage/20954/surging-sparks-logo.png,Surging Sparks,EUR,1064.67,EUR,1090.76,2024-11-08,1,Scarlet & Violet,scarlet-violet,surging-sparks,270,20874,https://images.tcggo.com/tcggo/storage/21040/sylveon-ex-ssp-86-surging-sparks.png,https://www.tcggo.com/external/cm/20874,https://www.tcggo.com/external/tcgplayer/20874,Sylveon ex,Sylveon ex 86,1.76,1.86,1046,EUR,[],,,,,,,,,1,0.86,0.86,1.99,1.99,1,1.58,1.58,0.4,0.4,,,,,,,,,,,,,,,,,,,,,,,,,,,,,,,,,,,,,,,,,,,,,,EUR,1.94,1.92,Double Rare,sylveon-ex,Pokémon,https://www.tcggo.com/pokemon/surging-sparks/sylveon-ex-86,sv8-86,590069,singles
2026-08-23T17:19:56+02:00,,419,Uninori,uninori,SSP 87,87,794393,191,252,SSP,Pokémon,pokemon,172,https://images.tcggo.com/tcggo/storage/20954/surging-sparks-logo.png,Surging Sparks,EUR,1064.67,EUR,1090.76,2024-11-08,1,Scarlet & Violet,scarlet-violet,surging-sparks,70,20875,https://images.tcggo.com/tcggo/storage/21041/dedenne-ssp-87-surging-sparks.png,https://www.tcggo.com/external/cm/20875,https://www.tcggo.com/external/tcgplayer/20875,Dedenne,Dedenne 87,0.05,0.05,8178,EUR,[],,,,,,,,,0.02,0.02,0.02,0.02,0.02,0.02,0.02,0.02,0.02,0.02,,,,,,,,,,,,,,,,,,,,,,,,,,,,,,,,,,,,,,,,,,,,,,EUR,0.21,0.1,Common,dedenne,Pokémon,https://www.tcggo.com/pokemon/surging-sparks/dedenne-87,sv8-87,589914,singles
2026-08-23T17:19:56+02:00,,518,Ryuta Fuse,ryuta-fuse,SSP 88,88,794395,191,252,SSP,Pokémon,pokemon,172,https://images.tcggo.com/tcggo/storage/20954/surging-sparks-logo.png,Surging Sparks,EUR,1064.67,EUR,1090.76,2024-11-08,1,Scarlet & Violet,scarlet-violet,surging-sparks,130,20876,https://images.tcggo.com/tcggo/storage/21042/xerneas-ssp-88-surging-sparks.png,https://www.tcggo.com/external/cm/20876,https://www.tcggo.com/external/tcgplayer/20876,Xerneas,Xerneas 88,0.04,0.04,9228,EUR,[],,,,,,,,,0.02,0.02,0.02,0.02,0.02,0.02,0.02,0.02,0.02,0.02,,,,,,,,,,,,,,,,,,,,,,,,,,,,,,,,,,,,,,,,,,,,,,EUR,0.23,0.09,Uncommon,xerneas,Pokémon,https://www.tcggo.com/pokemon/surging-sparks/xerneas-88,sv8-88,590096,singles
2026-08-23T17:19:56+02:00,,391,saino misaki,saino-misaki,SSP 89,89,794397,191,252,SSP,Pokémon,pokemon,172,https://images.tcggo.com/tcggo/storage/20954/surging-sparks-logo.png,Surging Sparks,EUR,1064.67,EUR,1090.76,2024-11-08,1,Scarlet & Violet,scarlet-violet,surging-sparks,90,20877,https://images.tcggo.com/tcggo/storage/21043/oricorio-ssp-89-surging-sparks.png,https://www.tcggo.com/external/cm/20877,https://www.tcggo.com/external/tcgplayer/20877,Oricorio,Oricorio 89,0.03,0.03,9321,EUR,[],,,,,,,,,0.02,0.02,0.02,0.02,0.02,0.02,0.02,0.02,0.02,0.02,,,,,,,,,,,,,,,,,,,,,,,,,,,,,,,,,,,,,,,,,,,,,,EUR,0.17,0.09,Common,oricorio,Pokémon,https://www.tcggo.com/pokemon/surging-sparks/oricorio-89,sv8-89,590013,singles
2026-08-23T17:19:56+02:00,,828,Koji Nakata,koji-nakata,SSP 90,90,794399,191,252,SSP,Pokémon,pokemon,172,https://images.tcggo.com/tcggo/storage/20954/surging-sparks-logo.png,Surging Sparks,EUR,1064.67,EUR,1090.76,2024-11-08,1,Scarlet & Violet,scarlet-violet,surging-sparks,90,20878,https://images.tcggo.com/tcggo/storage/21044/sandygast-ssp-90-surging-sparks.png,https://www.tcggo.com/external/cm/20878,https://www.tcggo.com/external/tcgplayer/20878,Sandygast,Sandygast 90,0.02,0.02,15867,EUR,[],,,,,,,,,0.02,0.02,0.02,0.02,0.02,0.02,0.02,0.02,0.02,0.02,,,,,,,,,,,,,,,,,,,,,,,,,,,,,,,,,,,,,,,,,,,,,,EUR,0.18,0.09,Common,sandygast,Pokémon,https://www.tcggo.com/pokemon/surging-sparks/sandygast-90,sv8-90,590038,singles
2026-08-23T17:19:56+02:00,,380,5ban Graphics,5ban-graphics,SSP 91,91,794400,191,252,SSP,Pokémon,pokemon,172,https://images.tcggo.com/tcggo/storage/20954/surging-sparks-logo.png,Surging Sparks,EUR,1064.67,EUR,1090.76,2024-11-08,1,Scarlet & Violet,scarlet-violet,surging-sparks,280,20879,https://images.tcggo.com/tcggo/storage/21045/palossand-ex-ssp-91-surging-sparks.png,https://www.tcggo.com/external/cm/20879,https://www.tcggo.com/external/tcgplayer/20879,Palossand ex,Palossand ex 91,0.6,0.71,2110,EUR,[],,,,,,,,,0.09,0.3,0.3,0.13,0.14,0.09,0.5,0.5,0.03,0.03,,,,,,,,,,,,,,,,,,,,,,,,,,,,,,,,,,,,,,,,,,,,,,EUR,0.6,0.64,Double Rare,palossand-ex,Pokémon,https://www.tcggo.com/pokemon/surging-sparks/palossand-ex-91,sv8-91,590018,singles
2026-08-23T17:19:56+02:00,,528,Natsumi Yoshida,natsumi-yoshida,SSP 92,92,794401,191,252,SSP,Pokémon,pokemon,172,https://images.tcggo.com/tcggo/storage/20954/surging-sparks-logo.png,Surging Sparks,EUR,1064.67,EUR,1090.76,2024-11-08,1,Scarlet & Violet,scarlet-violet,surging-sparks,110,20880,https://images.tcggo.com/tcggo/storage/21046/tapu-lele-ssp-92-surging-sparks.png,https://www.tcggo.com/external/cm/20880,https://www.tcggo.com/external/tcgplayer/20880,Tapu Lele,Tapu Lele 92,0.07,0.07,,EUR,[],,,,,,,,,0.02,0.02,0.02,0.02,0.02,0.02,0.02,0.02,0.02,0.02,,,,,,,,,,,,,,,,,,,,,,,,,,,,,,,,,,,,,,,,,,,,,,EUR,0.27,0.13,rare,tapu-lele,Pokémon,https://www.tcggo.com/pokemon/surging-sparks/tapu-lele-92,sv8-92,590072,singles
2026-08-23T17:19:56+02:00,,498,Sekio,sekio,SSP 93,93,794402,191,252,SSP,Pokémon,pokemon,172,https://images.tcggo.com/tcggo/storage/20954/surging-sparks-logo.png,Surging Sparks,EUR,1064.67,EUR,1090.76,2024-11-08,1,Scarlet & Violet,scarlet-violet,surging-sparks,100,20881,https://images.tcggo.com/tcggo/storage/21047/indeedee-ssp-93-surging-sparks.png,https://www.tcggo.com/external/cm/20881,https://www.tcggo.com/external/tcgplayer/20881,Indeedee,Indeedee 93,0.03,0.03,9807,EUR,[],,,,,,,,,0.02,0.02,0.02,0.02,0.02,0.02,0.02,0.02,0.02,0.02,,,,,,,,,,,,,,,,,,,,,,,,,,,,,,,,,,,,,,,,,,,,,,EUR,0.24,0.09,Uncommon,indeedee,Pokémon,https://www.tcggo.com/pokemon/surging-sparks/indeedee-93,sv8-93,589968,singles
2026-08-23T17:19:56+02:00,,770,buchi,buchi,SSP 94,94,794403,191,252,SSP,Pokémon,pokemon,172,https://images.tcggo.com/tcggo/storage/20954/surging-sparks-logo.png,Surging Sparks,EUR,1064.67,EUR,1090.76,2024-11-08,1,Scarlet & Violet,scarlet-violet,surging-sparks,40,20882,https://images.tcggo.com/tcggo/storage/21048/flittle-ssp-94-surging-sparks.png,https://www.tcggo.com/external/cm/20882,https://www.tcggo.com/external/tcgplayer/20882,Flittle,Flittle 94,0.03,0.03,9490,EUR,[],,,,,,,,,0.02,0.02,0.02,0.02,0.02,0.02,0.02,0.02,0.02,0.02,,,,,,,,,,,,,,,,,,,,,,,,,,,,,,,,,,,,,,,,,,,,,,EUR,0.21,0.09,Common,flittle,Pokémon,https://www.tcggo.com/pokemon/surging-sparks/flittle-94,sv8-94,589948,singles
2026-08-23T17:19:56+02:00,,363,Anesaki Dynamic,anesaki-dynamic,SSP 95,95,794405,191,252,SSP,Pokémon,pokemon,172,https://images.tcggo.com/tcggo/storage/20954/surging-sparks-logo.png,Surging Sparks,EUR,1064.67,EUR,1090.76,2024-11-08,1,Scarlet & Violet,scarlet-violet,surging-sparks,120,20883,https://images.tcggo.com/tcggo/storage/21049/espathra-ssp-95-surging-sparks.png,https://www.tcggo.com/external/cm/20883,https://www.tcggo.com/external/tcgplayer/20883,Espathra,Espathra 95,0.03,0.02,10204,EUR,[],,,,,,,,,0.02,0.02,0.02,0.02,0.02,0.02,0.02,0.02,0.02,0.02,,,,,,,,,,,,,,,,,,,,,,,,,,,,,,,,,,,,,,,,,,,,,,EUR,0.24,0.09,Uncommon,espathra,Pokémon,https://www.tcggo.com/pokemon/surging-sparks/espathra-95,sv8-95,589935,singles
2026-08-23T17:19:56+02:00,,1249,Ebila,ebila,SSP 96,96,794407,191,252,SSP,Pokémon,pokemon,172,https://images.tcggo.com/tcggo/storage/20954/surging-sparks-logo.png,Surging Sparks,EUR,1064.67,EUR,1090.76,2024-11-08,1,Scarlet & Violet,scarlet-violet,surging-sparks,90,20884,https://images.tcggo.com/tcggo/storage/21050/flutter-mane-ssp-96-surging-sparks.png,https://www.tcggo.com/external/cm/20884,https://www.tcggo.com/external/tcgplayer/20884,Flutter Mane,Flutter Mane 96,0.03,0.03,9751,EUR,[],,,,,,,,,0.02,0.02,0.02,0.02,0.02,0.02,0.02,0.02,0.02,0.02,,,,,,,,,,,,,,,,,,,,,,,,,,,,,,,,,,,,,,,,,,,,,,EUR,0.23,0.09,Uncommon,flutter-mane,Pokémon,https://www.tcggo.com/pokemon/surging-sparks/flutter-mane-96,sv8-96,589949,singles
2026-08-23T17:19:56+02:00,,387,Scav,scav,SSP 97,97,794409,191,252,SSP,Pokémon,pokemon,172,https://images.tcggo.com/tcggo/storage/20954/surging-sparks-logo.png,Surging Sparks,EUR,1064.67,EUR,1090.76,2024-11-08,1,Scarlet & Violet,scarlet-violet,surging-sparks,70,20885,https://images.tcggo.com/tcggo/storage/21051/gimmighoul-ssp-97-surging-sparks.png,https://www.tcggo.com/external/cm/20885,https://www.tcggo.com/external/tcgplayer/20885,Gimmighoul,Gimmighoul 97,0.05,0.05,5208,EUR,[],,,,,,,,,0.02,0.02,0.02,0.02,0.02,0.02,0.02,0.02,0.02,0.02,,,,,,,,,,,,,,,,,,,,,,,,,,,,,,,,,,,,,,,,,,,,,,EUR,0.18,0.17,Common,gimmighoul,Pokémon,https://www.tcggo.com/pokemon/surging-sparks/gimmighoul-97,sv8-97,589955,singles
2026-08-23T17:19:56+02:00,,822,Apios,apios,SSP 98,98,794412,191,252,SSP,Pokémon,pokemon,172,https://images.tcggo.com/tcggo/storage/20954/surging-sparks-logo.png,Surging Sparks,EUR,1064.67,EUR,1090.76,2024-11-08,1,Scarlet & Violet,scarlet-violet,surging-sparks,60,20886,https://images.tcggo.com/tcggo/storage/21052/mankey-ssp-98-surging-sparks.png,https://www.tcggo.com/external/cm/20886,https://www.tcggo.com/external/tcgplayer/20886,Mankey,Mankey 98,0.02,0.02,15419,EUR,[],,,,,,,,,0.02,0.02,0.02,0.02,0.02,0.02,0.02,0.02,0.02,0.02,,,,,,,,,,,,,,,,,,,,,,,,,,,,,,,,,,,,,,,,,,,,,,EUR,0.18,0.09,Common,mankey,Pokémon,https://www.tcggo.com/pokemon/surging-sparks/mankey-98,sv8-98,589995,singles
2026-08-23T17:19:56+02:00,,771,Felicia Chen,felicia-chen,SSP 99,99,794414,191,252,SSP,Pokémon,pokemon,172,https://images.tcggo.com/tcggo/storage/20954/surging-sparks-logo.png,Surging Sparks,EUR,1064.67,EUR,1090.76,2024-11-08,1,Scarlet & Violet,scarlet-violet,surging-sparks,110,20887,https://images.tcggo.com/tcggo/storage/21053/primeape-ssp-99-surging-sparks.png,https://www.tcggo.com/external/cm/20887,https://www.tcggo.com/external/tcgplayer/20887,Primeape,Primeape 99,0.04,0.03,8684,EUR,[],,,,,,,,,0.02,0.02,0.02,0.02,0.02,0.02,0.02,0.02,0.02,0.02,,,,,,,,,,,,,,,,,,,,,,,,,,,,,,,,,,,,,,,,,,,,,,EUR,0.22,0.1,Common,primeape,Pokémon,https://www.tcggo.com/pokemon/surging-sparks/primeape-99,sv8-99,590029,singles
2026-08-23T17:19:56+02:00,,433,SIE NANAHARA,sie-nanahara,SSP 100,100,794416,191,252,SSP,Pokémon,pokemon,172,https://images.tcggo.com/tcggo/storage/20954/surging-sparks-logo.png,Surging Sparks,EUR,1064.67,EUR,1090.76,2024-11-08,1,Scarlet & Violet,scarlet-violet,surging-sparks,140,20888,https://images.tcggo.com/tcggo/storage/21054/annihilape-ssp-100-surging-sparks.png,https://www.tcggo.com/external/cm/20888,https://www.tcggo.com/external/tcgplayer/20888,Annihilape,Annihilape 100,0.05,0.07,8635,EUR,[],,,,,,,,,0.02,0.02,0.02,0.02,0.02,0.02,0.02,0.02,0.02,0.02,,,,,,,,,,,,,,,,,,,,,,,,,,,,,,,,,,,,,,,,,,,,,,EUR,0.29,0.12,Uncommon,annihilape,Pokémon,https://www.tcggo.com/pokemon/surging-sparks/annihilape-100,sv8-100,589863,singles
2026-08-23T17:19:56+02:00,,428,Uta,uta,SSP 101,101,794418,191,252,SSP,Pokémon,pokemon,172,https://images.tcggo.com/tcggo/storage/20954/surging-sparks-logo.png,Surging Sparks,EUR,1064.67,EUR,1090.76,2024-11-08,1,Scarlet & Violet,scarlet-violet,surging-sparks,130,20889,https://images.tcggo.com/tcggo/storage/21055/paldean-tauros-ssp-101-surging-sparks.png,https://www.tcggo.com/external/cm/20889,https://www.tcggo.com/external/tcgplayer/20889,Paldean Tauros,Paldean Tauros 101,0.03,0.03,10016,EUR,[],,,,,,,,,0.02,0.02,0.02,0.02,0.02,0.02,0.02,0.02,0.02,0.02,,,,,,,,,,,,,,,,,,,,,,,,,,,,,,,,,,,,,,,,,,,,,,EUR,0.27,0.09,Uncommon,paldean-tauros,Pokémon,https://www.tcggo.com/pokemon/surging-sparks/paldean-tauros-101,sv8-101,590016,singles
2026-08-23T17:19:56+02:00,,513,ryoma uratsuka,ryoma-uratsuka,SSP 102,102,794421,191,252,SSP,Pokémon,pokemon,172,https://images.tcggo.com/tcggo/storage/20954/surging-sparks-logo.png,Surging Sparks,EUR,1064.67,EUR,1090.76,2024-11-08,1,Scarlet & Violet,scarlet-violet,surging-sparks,80,20890,https://images.tcggo.com/tcggo/storage/21056/phanpy-ssp-102-surging-sparks.png,https://www.tcggo.com/external/cm/20890,https://www.tcggo.com/external/tcgplayer/20890,Phanpy,Phanpy 102,0.03,0.03,9022,EUR,[],,,,,,,,,0.02,0.02,0.02,0.02,0.02,0.02,0.02,0.02,0.02,0.02,,,,,,,,,,,,,,,,,,,,,,,,,,,,,,,,,,,,,,,,,,,,,,EUR,0.21,0.1,Common,phanpy,Pokémon,https://www.tcggo.com/pokemon/surging-sparks/phanpy-102,sv8-102,590023,singles
2026-08-23T17:19:56+02:00,,373,GOSSAN,gossan,SSP 103,103,794423,191,252,SSP,Pokémon,pokemon,172,https://images.tcggo.com/tcggo/storage/20954/surging-sparks-logo.png,Surging Sparks,EUR,1064.67,EUR,1090.76,2024-11-08,1,Scarlet & Violet,scarlet-violet,surging-sparks,150,20891,https://images.tcggo.com/tcggo/storage/21057/donphan-ssp-103-surging-sparks.png,https://www.tcggo.com/external/cm/20891,https://www.tcggo.com/external/tcgplayer/20891,Donphan,Donphan 103,0.03,0.03,9221,EUR,[],,,,,,,,,0.02,0.02,0.02,0.02,0.02,0.02,0.02,0.02,0.02,0.02,,,,,,,,,,,,,,,,,,,,,,,,,,,,,,,,,,,,,,,,,,,,,,EUR,0.19,0.09,Common,donphan,Pokémon,https://www.tcggo.com/pokemon/surging-sparks/donphan-103,sv8-103,589919,singles
2026-08-23T17:19:56+02:00,,412,Taiga Kayama,taiga-kayama,SSP 104,104,794425,191,252,SSP,Pokémon,pokemon,172,https://images.tcggo.com/tcggo/storage/20954/surging-sparks-logo.png,Surging Sparks,EUR,1064.67,EUR,1090.76,2024-11-08,1,Scarlet & Violet,scarlet-violet,surging-sparks,60,20892,https://images.tcggo.com/tcggo/storage/21058/trapinch-ssp-104-surging-sparks.png,https://www.tcggo.com/external/cm/20892,https://www.tcggo.com/external/tcgplayer/20892,Trapinch,Trapinch 104,0.02,0.02,14825,EUR,[],,,,,,,,,0.02,0.02,0.02,0.02,0.02,0.02,0.02,0.02,0.02,0.02,,,,,,,,,,,,,,,,,,,,,,,,,,,,,,,,,,,,,,,,,,,,,,EUR,0.23,0.09,Common,trapinch,Pokémon,https://www.tcggo.com/pokemon/surging-sparks/trapinch-104,sv8-104,590081,singles
2026-08-23T17:19:56+02:00,,385,Teeziro,teeziro,SSP 105,105,794427,191,252,SSP,Pokémon,pokemon,172,https://images.tcggo.com/tcggo/storage/20954/surging-sparks-logo.png,Surging Sparks,EUR,1064.67,EUR,1090.76,2024-11-08,1,Scarlet & Violet,scarlet-violet,surging-sparks,90,20893,https://images.tcggo.com/tcggo/storage/21059/vibrava-ssp-105-surging-sparks.png,https://www.tcggo.com/external/cm/20893,https://www.tcggo.com/external/tcgplayer/20893,Vibrava,Vibrava 105,0.04,0.03,8085,EUR,[],,,,,,,,,0.03,0.02,0.02,0.02,0.02,0.02,0.02,0.02,0.02,0.02,,,,,,,,,,,,,,,,,,,,,,,,,,,,,,,,,,,,,,,,,,,,,,EUR,0.26,0.13,Common,vibrava,Pokémon,https://www.tcggo.com/pokemon/surging-sparks/vibrava-105,sv8-105,590085,singles
2026-08-23T17:19:56+02:00,,380,5ban Graphics,5ban-graphics,SSP 106,106,794429,191,252,SSP,Pokémon,pokemon,172,https://images.tcggo.com/tcggo/storage/20954/surging-sparks-logo.png,Surging Sparks,EUR,1064.67,EUR,1090.76,2024-11-08,1,Scarlet & Violet,scarlet-violet,surging-sparks,310,20894,https://images.tcggo.com/tcggo/storage/21060/flygon-ex-ssp-106-surging-sparks.png,https://www.tcggo.com/external/cm/20894,https://www.tcggo.com/external/tcgplayer/20894,Flygon ex,Flygon ex 106,0.65,0.63,1990,EUR,[],,,,,,,,,0.3,0.45,0.45,0.39,0.39,0.3,0.49,0.49,0.1,0.1,,,,,,,,,,,,,,,,,,,,,,,,,,,,,,,,,,,,,,,,,,,,,,EUR,0.58,0.66,Double Rare,flygon-ex,Pokémon,https://www.tcggo.com/pokemon/surging-sparks/flygon-ex-106,sv8-106,589950,singles
2026-08-23T17:19:56+02:00,,387,Scav,scav,SSP 107,107,794433,191,252,SSP,Pokémon,pokemon,172,https://images.tcggo.com/tcggo/storage/20954/surging-sparks-logo.png,Surging Sparks,EUR,1064.67,EUR,1090.76,2024-11-08,1,Scarlet & Violet,scarlet-violet,surging-sparks,130,20895,https://images.tcggo.com/tcggo/storage/21061/gastrodon-ssp-107-surging-sparks.png,https://www.tcggo.com/external/cm/20895,https://www.tcggo.com/external/tcgplayer/20895,Gastrodon,Gastrodon 107,0.05,0.05,,EUR,[],,,,,,,,,0.03,0.02,0.02,0.02,0.02,0.02,0.02,0.02,0.02,0.02,,,,,,,,,,,,,,,,,,,,,,,,,,,,,,,,,,,,,,,,,,,,,,EUR,0.27,0.13,rare,gastrodon,Pokémon,https://www.tcggo.com/pokemon/surging-sparks/gastrodon-107,sv8-107,589953,singles
2026-08-23T17:19:56+02:00,,361,Ounishi,ounishi,SSP 108,108,794435,191,252,SSP,Pokémon,pokemon,172,https://images.tcggo.com/tcggo/storage/20954/surging-sparks-logo.png,Surging Sparks,EUR,1064.67,EUR,1090.76,2024-11-08,1,Scarlet & Violet,scarlet-violet,surging-sparks,70,20896,https://images.tcggo.com/tcggo/storage/21062/drilbur-ssp-108-surging-sparks.png,https://www.tcggo.com/external/cm/20896,https://www.tcggo.com/external/tcgplayer/20896,Drilbur,Drilbur 108,0.02,0.02,15959,EUR,[],,,,,,,,,0.02,0.02,0.02,0.02,0.02,0.02,0.02,0.02,0.02,0.02,,,,,,,,,,,,,,,,,,,,,,,,,,,,,,,,,,,,,,,,,,,,,,EUR,0.13,0.09,Common,drilbur,Pokémon,https://www.tcggo.com/pokemon/surging-sparks/drilbur-108,sv8-108,589926,singles
2026-08-23T17:19:56+02:00,,491,Yuya Oka,yuya-oka,SSP 109,109,794438,191,252,SSP,Pokémon,pokemon,172,https://images.tcggo.com/tcggo/storage/20954/surging-sparks-logo.png,Surging Sparks,EUR,1064.67,EUR,1090.76,2024-11-08,1,Scarlet & Violet,scarlet-violet,surging-sparks,120,20897,https://images.tcggo.com/tcggo/storage/21063/excadrill-ssp-109-surging-sparks.png,https://www.tcggo.com/external/cm/20897,https://www.tcggo.com/external/tcgplayer/20897,Excadrill,Excadrill 109,0.03,0.03,9288,EUR,[],,,,,,,,,0.02,0.02,0.02,0.02,0.02,0.02,0.02,0.02,0.02,0.02,,,,,,,,,,,,,,,,,,,,,,,,,,,,,,,,,,,,,,,,,,,,,,EUR,0.14,0.09,Common,excadrill,Pokémon,https://www.tcggo.com/pokemon/surging-sparks/excadrill-109,sv8-109,589938,singles
2026-08-23T17:19:56+02:00,,377,Souichirou Gunjima,souichirou-gunjima,SSP 110,110,794440,191,252,SSP,Pokémon,pokemon,172,https://images.tcggo.com/tcggo/storage/20954/surging-sparks-logo.png,Surging Sparks,EUR,1064.67,EUR,1090.76,2024-11-08,1,Scarlet & Violet,scarlet-violet,surging-sparks,130,20898,https://images.tcggo.com/tcggo/storage/21064/landorus-ssp-110-surging-sparks.png,https://www.tcggo.com/external/cm/20898,https://www.tcggo.com/external/tcgplayer/20898,Landorus,Landorus 110,0.05,0.08,11454,EUR,[],,,,,,,,,0.03,0.02,0.02,0.02,0.02,0.02,0.02,0.02,0.02,0.02,,,,,,,,,,,,,,,,,,,,,,,,,,,,,,,,,,,,,,,,,,,,,,EUR,0.28,0.13,rare,landorus,Pokémon,https://www.tcggo.com/pokemon/surging-sparks/landorus-110,sv8-110,589980,singles
2026-08-23T17:19:56+02:00,,385,Teeziro,teeziro,SSP 111,111,794442,191,252,SSP,Pokémon,pokemon,172,https://images.tcggo.com/tcggo/storage/20954/surging-sparks-logo.png,Surging Sparks,EUR,1064.67,EUR,1090.76,2024-11-08,1,Scarlet & Violet,scarlet-violet,surging-sparks,110,20899,https://images.tcggo.com/tcggo/storage/21065/passimian-ssp-111-surging-sparks.png,https://www.tcggo.com/external/cm/20899,https://www.tcggo.com/external/tcgplayer/20899,Passimian,Passimian 111,0.05,0.05,8720,EUR,[],,,,,,,,,0.02,0.02,0.02,0.02,0.02,0.02,0.02,0.02,0.02,0.02,,,,,,,,,,,,,,,,,,,,,,,,,,,,,,,,,,,,,,,,,,,,,,EUR,0.25,0.09,Uncommon,passimian,Pokémon,https://www.tcggo.com/pokemon/surging-sparks/passimian-111,sv8-111,590022,singles
2026-08-23T17:19:56+02:00,,410,Shimaris Yukichi,shimaris-yukichi,SSP 112,112,794445,191,252,SSP,Pokémon,pokemon,172,https://images.tcggo.com/tcggo/storage/20954/surging-sparks-logo.png,Surging Sparks,EUR,1064.67,EUR,1090.76,2024-11-08,1,Scarlet & Violet,scarlet-violet,surging-sparks,70,20900,https://images.tcggo.com/tcggo/storage/21066/clobbopus-ssp-112-surging-sparks.png,https://www.tcggo.com/external/cm/20900,https://www.tcggo.com/external/tcgplayer/20900,Clobbopus,Clobbopus 112,0.03,0.03,9347,EUR,[],,,,,,,,,0.02,0.02,0.02,0.02,0.02,0.02,0.02,0.02,0.02,0.02,,,,,,,,,,,,,,,,,,,,,,,,,,,,,,,,,,,,,,,,,,,,,,EUR,0.17,0.09,Common,clobbopus,Pokémon,https://www.tcggo.com/pokemon/surging-sparks/clobbopus-112-1,sv8-112,589903,singles
2026-08-23T17:19:56+02:00,,382,KEIICHIRO ITO,keiichiro-ito,SSP 113,113,794447,191,252,SSP,Pokémon,pokemon,172,https://images.tcggo.com/tcggo/storage/20954/surging-sparks-logo.png,Surging Sparks,EUR,1064.67,EUR,1090.76,2024-11-08,1,Scarlet & Violet,scarlet-violet,surging-sparks,140,20901,https://images.tcggo.com/tcggo/storage/21067/grapploct-ssp-113-surging-sparks.png,https://www.tcggo.com/external/cm/20901,https://www.tcggo.com/external/tcgplayer/20901,Grapploct,Grapploct 113,0.03,0.03,9303,EUR,[],,,,,,,,,0.02,0.02,0.02,0.02,0.02,0.02,0.02,0.02,0.02,0.02,,,,,,,,,,,,,,,,,,,,,,,,,,,,,,,,,,,,,,,,,,,,,,EUR,0.21,0.1,Common,grapploct,Pokémon,https://www.tcggo.com/pokemon/surging-sparks/grapploct-113-1,sv8-113,589960,singles
2026-08-23T17:19:56+02:00,,821,Eri Kamei,eri-kamei,SSP 114,114,794449,191,252,SSP,Pokémon,pokemon,172,https://images.tcggo.com/tcggo/storage/20954/surging-sparks-logo.png,Surging Sparks,EUR,1064.67,EUR,1090.76,2024-11-08,1,Scarlet & Violet,scarlet-violet,surging-sparks,70,20902,https://images.tcggo.com/tcggo/storage/21068/glimmet-ssp-114-surging-sparks.png,https://www.tcggo.com/external/cm/20902,https://www.tcggo.com/external/tcgplayer/20902,Glimmet,Glimmet 114,0.02,0.03,15571,EUR,[],,,,,,,,,0.02,0.02,0.02,0.02,0.02,0.02,0.02,0.02,0.02,0.02,,,,,,,,,,,,,,,,,,,,,,,,,,,,,,,,,,,,,,,,,,,,,,EUR,0.07,0.09,Common,glimmet,Pokémon,https://www.tcggo.com/pokemon/surging-sparks/glimmet-114,sv8-114,589956,singles
2026-08-23T17:19:56+02:00,,446,takashi shiraishi,takashi-shiraishi,SSP 115,115,794452,191,252,SSP,Pokémon,pokemon,172,https://images.tcggo.com/tcggo/storage/20954/surging-sparks-logo.png,Surging Sparks,EUR,1064.67,EUR,1090.76,2024-11-08,1,Scarlet & Violet,scarlet-violet,surging-sparks,130,20903,https://images.tcggo.com/tcggo/storage/21069/glimmora-ssp-115-surging-sparks.png,https://www.tcggo.com/external/cm/20903,https://www.tcggo.com/external/tcgplayer/20903,Glimmora,Glimmora 115,0.03,0.03,9283,EUR,[],,,,,,,,,0.02,0.02,0.02,0.02,0.02,0.02,0.02,0.02,0.02,0.02,,,,,,,,,,,,,,,,,,,,,,,,,,,,,,,,,,,,,,,,,,,,,,EUR,0.18,0.09,Common,glimmora,Pokémon,https://www.tcggo.com/pokemon/surging-sparks/glimmora-115,sv8-115,589957,singles
2026-08-23T17:19:56+02:00,,518,Ryuta Fuse,ryuta-fuse,SSP 116,116,794455,191,252,SSP,Pokémon,pokemon,172,https://images.tcggo.com/tcggo/storage/20954/surging-sparks-logo.png,Surging Sparks,EUR,1064.67,EUR,1090.76,2024-11-08,1,Scarlet & Violet,scarlet-violet,surging-sparks,130,20904,https://images.tcggo.com/tcggo/storage/21070/koraidon-ssp-116-surging-sparks.png,https://www.tcggo.com/external/cm/20904,https://www.tcggo.com/external/tcgplayer/20904,Koraidon,Koraidon 116,0.03,0.03,9239,EUR,[],,,,,,,,,0.02,0.02,0.02,0.02,0.02,0.02,0.02,0.02,0.02,0.02,,,,,,,,,,,,,,,,,,,,,,,,,,,,,,,,,,,,,,,,,,,,,,EUR,0.29,0.11,Uncommon,koraidon,Pokémon,https://www.tcggo.com/pokemon/surging-sparks/koraidon-116,sv8-116,589979,singles
2026-08-23T17:19:56+02:00,,765,YASHIRO Nanaco,yashiro-nanaco,SSP 117,117,794457,191,252,SSP,Pokémon,pokemon,172,https://images.tcggo.com/tcggo/storage/20954/surging-sparks-logo.png,Surging Sparks,EUR,1064.67,EUR,1090.76,2024-11-08,1,Scarlet & Violet,scarlet-violet,surging-sparks,70,20905,https://images.tcggo.com/tcggo/storage/21071/deino-ssp-117-surging-sparks.png,https://www.tcggo.com/external/cm/20905,https://www.tcggo.com/external/tcgplayer/20905,Deino,Deino 117,0.03,0.03,13880,EUR,[],,,,,,,,,0.02,0.02,0.02,0.02,0.02,0.02,0.02,0.02,0.02,0.02,,,,,,,,,,,,,,,,,,,,,,,,,,,,,,,,,,,,,,,,,,,,,,EUR,0.21,0.11,Common,deino,Pokémon,https://www.tcggo.com/pokemon/surging-sparks/deino-117,sv8-117,589916,singles
2026-08-23T17:19:56+02:00,,500,chibi,chibi,SSP 118,118,794459,191,252,SSP,Pokémon,pokemon,172,https://images.tcggo.com/tcggo/storage/20954/surging-sparks-logo.png,Surging Sparks,EUR,1064.67,EUR,1090.76,2024-11-08,1,Scarlet & Violet,scarlet-violet,surging-sparks,100,20906,https://images.tcggo.com/tcggo/storage/21072/zweilous-ssp-118-surging-sparks.png,https://www.tcggo.com/external/cm/20906,https://www.tcggo.com/external/tcgplayer/20906,Zweilous,Zweilous 118,0.03,0.03,8342,EUR,[],,,,,,,,,0.02,0.02,0.02,0.02,0.02,0.02,0.02,0.02,0.02,0.02,,,,,,,,,,,,,,,,,,,,,,,,,,,,,,,,,,,,,,,,,,,,,,EUR,0.2,0.12,Common,zweilous,Pokémon,https://www.tcggo.com/pokemon/surging-sparks/zweilous-118,sv8-118,590101,singles
2026-08-23T17:19:56+02:00,,380,5ban Graphics,5ban-graphics,SSP 119,119,794461,191,252,SSP,Pokémon,pokemon,172,https://images.tcggo.com/tcggo/storage/20954/surging-sparks-logo.png,Surging Sparks,EUR,1064.67,EUR,1090.76,2024-11-08,1,Scarlet & Violet,scarlet-violet,surging-sparks,330,20907,https://images.tcggo.com/tcggo/storage/21073/hydreigon-ex-ssp-119-surging-sparks.png,https://www.tcggo.com/external/cm/20907,https://www.tcggo.com/external/tcgplayer/20907,Hydreigon ex,Hydreigon ex 119,0.82,0.76,1604,EUR,[],,,,,,,,,0.29,0.5,0.5,0.25,0.25,0.29,0.9,0.9,0.2,0.2,,,,,,,,,,,,,,,,,,,,,,,,,,,,,,,,,,,,,,,,,,,,,,EUR,0.71,0.78,Double Rare,hydreigon-ex,Pokémon,https://www.tcggo.com/pokemon/surging-sparks/hydreigon-ex-119,sv8-119,589965,singles
2026-08-23T17:19:56+02:00,,425,Yukiko Baba,yukiko-baba,SSP 120,120,794463,191,252,SSP,Pokémon,pokemon,172,https://images.tcggo.com/tcggo/storage/20954/surging-sparks-logo.png,Surging Sparks,EUR,1064.67,EUR,1090.76,2024-11-08,1,Scarlet & Violet,scarlet-violet,surging-sparks,60,20908,https://images.tcggo.com/tcggo/storage/21074/shroodle-ssp-120-surging-sparks.png,https://www.tcggo.com/external/cm/20908,https://www.tcggo.com/external/tcgplayer/20908,Shroodle,Shroodle 120,0.02,0.02,15818,EUR,[],,,,,,,,,0.02,0.02,0.02,0.02,0.02,0.02,0.02,0.02,0.02,0.02,,,,,,,,,,,,,,,,,,,,,,,,,,,,,,,,,,,,,,,,,,,,,,EUR,0.1,0.09,Common,shroodle,Pokémon,https://www.tcggo.com/pokemon/surging-sparks/shroodle-120,sv8-120,590047,singles
2026-08-23T17:19:56+02:00,,536,NC Empire,nc-empire,SSP 121,121,794465,191,252,SSP,Pokémon,pokemon,172,https://images.tcggo.com/tcggo/storage/20954/surging-sparks-logo.png,Surging Sparks,EUR,1064.67,EUR,1090.76,2024-11-08,1,Scarlet & Violet,scarlet-violet,surging-sparks,100,20909,https://images.tcggo.com/tcggo/storage/21075/grafaiai-ssp-121-surging-sparks.png,https://www.tcggo.com/external/cm/20909,https://www.tcggo.com/external/tcgplayer/20909,Grafaiai,Grafaiai 121,0.03,0.03,9739,EUR,[],,,,,,,,,0.02,0.02,0.02,0.02,0.02,0.02,0.02,0.02,0.02,0.02,,,,,,,,,,,,,,,,,,,,,,,,,,,,,,,,,,,,,,,,,,,,,,EUR,0.26,0.09,Uncommon,grafaiai,Pokémon,https://www.tcggo.com/pokemon/surging-sparks/grafaiai-121,sv8-121,589959,singles
2026-08-23T17:19:56+02:00,,826,Akino Fukuji,akino-fukuji,SSP 122,122,745545,191,252,SSP,Pokémon,pokemon,172,https://images.tcggo.com/tcggo/storage/20954/surging-sparks-logo.png,Surging Sparks,EUR,1064.67,EUR,1090.76,2024-11-08,1,Scarlet & Violet,scarlet-violet,surging-sparks,50,20910,https://images.tcggo.com/tcggo/storage/21076/alolan-diglett-ssp-122-surging-sparks.png,https://www.tcggo.com/external/cm/20910,https://www.tcggo.com/external/tcgplayer/20910,Alolan Diglett,Alolan Diglett 122,0.03,0.03,15142,EUR,[],,,,,,,,,0.02,0.02,0.02,0.02,0.02,0.02,0.02,0.02,0.02,0.02,,,,,,,,,,,,,,,,,,,,,,,,,,,,,,,,,,,,,,,,,,,,,,EUR,0.16,0.09,Common,alolan-diglett,Pokémon,https://www.tcggo.com/pokemon/surging-sparks/alolan-diglett-122-1,sv8-122,589855,singles
2026-08-23T17:19:56+02:00,,422,Dsuke,dsuke,SSP 123,123,794496,191,252,SSP,Pokémon,pokemon,172,https://images.tcggo.com/tcggo/storage/20954/surging-sparks-logo.png,Surging Sparks,EUR,1064.67,EUR,1090.76,2024-11-08,1,Scarlet & Violet,scarlet-violet,surging-sparks,110,20911,https://images.tcggo.com/tcggo/storage/21077/alolan-dugtrio-ssp-123-surging-sparks.png,https://www.tcggo.com/external/cm/20911,https://www.tcggo.com/external/tcgplayer/20911,Alolan Dugtrio,Alolan Dugtrio 123,0.03,0.03,9116,EUR,[],,,,,,,,,0.02,0.02,0.02,0.02,0.02,0.02,0.02,0.02,0.02,0.02,,,,,,,,,,,,,,,,,,,,,,,,,,,,,,,,,,,,,,,,,,,,,,EUR,0.21,0.1,Uncommon,alolan-dugtrio,Pokémon,https://www.tcggo.com/pokemon/surging-sparks/alolan-dugtrio-123-1,sv8-123,589856,singles
2026-08-23T17:19:56+02:00,,408,kawayoo,kawayoo,SSP 124,124,794497,191,252,SSP,Pokémon,pokemon,172,https://images.tcggo.com/tcggo/storage/20954/surging-sparks-logo.png,Surging Sparks,EUR,1064.67,EUR,1090.76,2024-11-08,1,Scarlet & Violet,scarlet-violet,surging-sparks,110,20912,https://images.tcggo.com/tcggo/storage/21078/skarmory-ssp-124-surging-sparks.png,https://www.tcggo.com/external/cm/20912,https://www.tcggo.com/external/tcgplayer/20912,Skarmory,Skarmory 124,0.03,0.03,9254,EUR,[],,,,,,,,,0.02,0.02,0.02,0.02,0.02,0.02,0.02,0.02,0.02,0.02,,,,,,,,,,,,,,,,,,,,,,,,,,,,,,,,,,,,,,,,,,,,,,EUR,0.21,0.09,Common,skarmory,Pokémon,https://www.tcggo.com/pokemon/surging-sparks/skarmory-124,sv8-124,590051,singles
2026-08-23T17:19:56+02:00,,443,Shiburingaru,shiburingaru,SSP 125,125,836178,191,252,SSP,Pokémon,pokemon,172,https://images.tcggo.com/tcggo/storage/20954/surging-sparks-logo.png,Surging Sparks,EUR,1064.67,EUR,1090.76,2024-11-08,1,Scarlet & Violet,scarlet-violet,surging-sparks,130,20913,https://images.tcggo.com/tcggo/storage/21079/registeel-ssp-125-surging-sparks.png,https://www.tcggo.com/external/cm/20913,https://www.tcggo.com/external/tcgplayer/20913,Registeel,Registeel 125,0.03,0.03,9117,EUR,[],,,,,,,,,0.02,0.02,0.02,0.02,0.02,0.02,0.02,0.02,0.02,0.02,,,,,,,,,,,,,,,,,,,,,,,,,,,,,,,,,,,,,,,,,,,,,,EUR,0.28,0.1,Uncommon,registeel,Pokémon,https://www.tcggo.com/pokemon/surging-sparks/registeel-125,sv8-125,590034,singles
2026-08-23T17:19:56+02:00,,827,Nabatame Kazutaka,nabatame-kazutaka,SSP 126,126,794499,191,252,SSP,Pokémon,pokemon,172,https://images.tcggo.com/tcggo/storage/20954/surging-sparks-logo.png,Surging Sparks,EUR,1064.67,EUR,1090.76,2024-11-08,1,Scarlet & Violet,scarlet-violet,surging-sparks,60,20914,https://images.tcggo.com/tcggo/storage/21080/bronzor-ssp-126-surging-sparks.png,https://www.tcggo.com/external/cm/20914,https://www.tcggo.com/external/tcgplayer/20914,Bronzor,Bronzor 126,0.02,0.02,15988,EUR,[],,,,,,,,,0.02,0.02,0.02,0.02,0.02,0.02,0.02,0.02,0.02,0.02,,,,,,,,,,,,,,,,,,,,,,,,,,,,,,,,,,,,,,,,,,,,,,EUR,0.09,0.09,Common,bronzor,Pokémon,https://www.tcggo.com/pokemon/surging-sparks/bronzor-126,sv8-126,589882,singles
2026-08-23T17:19:56+02:00,,408,kawayoo,kawayoo,SSP 127,127,794500,191,252,SSP,Pokémon,pokemon,172,https://images.tcggo.com/tcggo/storage/20954/surging-sparks-logo.png,Surging Sparks,EUR,1064.67,EUR,1090.76,2024-11-08,1,Scarlet & Violet,scarlet-violet,surging-sparks,130,20915,https://images.tcggo.com/tcggo/storage/21081/bronzong-ssp-127-surging-sparks.png,https://www.tcggo.com/external/cm/20915,https://www.tcggo.com/external/tcgplayer/20915,Bronzong,Bronzong 127,0.03,0.03,9458,EUR,[],,,,,,,,,0.02,0.02,0.02,0.02,0.02,0.02,0.02,0.02,0.02,0.02,,,,,,,,,,,,,,,,,,,,,,,,,,,,,,,,,,,,,,,,,,,,,,EUR,0.12,0.09,Common,bronzong,Pokémon,https://www.tcggo.com/pokemon/surging-sparks/bronzong-127,sv8-127,589881,singles
2026-08-23T17:19:56+02:00,,423,mingo,mingo,SSP 128,128,794501,191,252,SSP,Pokémon,pokemon,172,https://images.tcggo.com/tcggo/storage/20954/surging-sparks-logo.png,Surging Sparks,EUR,1064.67,EUR,1090.76,2024-11-08,1,Scarlet & Violet,scarlet-violet,surging-sparks,70,20916,https://images.tcggo.com/tcggo/storage/21082/klefki-ssp-128-surging-sparks.png,https://www.tcggo.com/external/cm/20916,https://www.tcggo.com/external/tcgplayer/20916,Klefki,Klefki 128,0.03,0.03,9112,EUR,[],,,,,,,,,0.02,0.02,0.02,0.02,0.02,0.02,0.02,0.02,0.02,0.02,,,,,,,,,,,,,,,,,,,,,,,,,,,,,,,,,,,,,,,,,,,,,,EUR,0.21,0.1,Common,klefki,Pokémon,https://www.tcggo.com/pokemon/surging-sparks/klefki-128,sv8-128,589978,singles
2026-08-23T17:19:56+02:00,,471,Tonji Matsuno,tonji-matsuno,SSP 129,129,794502,191,252,SSP,Pokémon,pokemon,172,https://images.tcggo.com/tcggo/storage/20954/surging-sparks-logo.png,Surging Sparks,EUR,1064.67,EUR,1090.76,2024-11-08,1,Scarlet & Violet,scarlet-violet,surging-sparks,130,20917,https://images.tcggo.com/tcggo/storage/21083/duraludon-ssp-129-surging-sparks.png,https://www.tcggo.com/external/cm/20917,https://www.tcggo.com/external/tcgplayer/20917,Duraludon,Duraludon 129,0.03,0.04,,EUR,[],,,,,,,,,0.02,0.02,0.02,0.02,0.02,0.02,0.02,0.02,0.02,0.02,,,,,,,,,,,,,,,,,,,,,,,,,,,,,,,,,,,,,,,,,,,,,,EUR,0.21,0.09,Common,duraludon,Pokémon,https://www.tcggo.com/pokemon/surging-sparks/duraludon-129-1,sv8-129,589927,singles
2026-08-23T17:19:56+02:00,,380,5ban Graphics,5ban-graphics,SSP 130,130,841276,191,252,SSP,Pokémon,pokemon,172,https://images.tcggo.com/tcggo/storage/20954/surging-sparks-logo.png,Surging Sparks,EUR,1064.67,EUR,1090.76,2024-11-08,1,Scarlet & Violet,scarlet-violet,surging-sparks,300,20918,https://images.tcggo.com/tcggo/storage/21084/archaludon-ex-ssp-130-surging-sparks.png,https://www.tcggo.com/external/cm/20918,https://www.tcggo.com/external/tcgplayer/20918,Archaludon ex,Archaludon ex 130,0.5,0.52,2090,EUR,[],,,,,,,,,0.05,0.07,0.07,0.16,0.16,0.05,0.5,0.5,0.1,0.1,USD,,,,,,,,,,,,,7.82,1,11.17,1,,,,,,,43.78,5,10.72,1,7.74,3,11.54,5,,,,,,,35.73,1,,,,,,,EUR,0.5,0.66,Double Rare,archaludon-ex,Pokémon,https://www.tcggo.com/pokemon/surging-sparks/archaludon-ex-130,sv8-130,589867,singles
2026-08-23T17:19:56+02:00,,422,Dsuke,dsuke,SSP 131,131,794504,191,252,SSP,Pokémon,pokemon,172,https://images.tcggo.com/tcggo/storage/20954/surging-sparks-logo.png,Surging Sparks,EUR,1064.67,EUR,1090.76,2024-11-08,1,Scarlet & Violet,scarlet-violet,surging-sparks,130,20919,https://images.tcggo.com/tcggo/storage/21085/gholdengo-ssp-131-surging-sparks.png,https://www.tcggo.com/external/cm/20919,https://www.tcggo.com/external/tcgplayer/20919,Gholdengo,Gholdengo 131,0.03,0.04,9456,EUR,[],,,,,,,,,0.02,0.02,0.02,0.02,0.02,0.02,0.02,0.02,0.02,0.02,,,,,,,,,,,,,,,,,,,,,,,,,,,,,,,,,,,,,,,,,,,,,,EUR,0.28,0.11,Uncommon,gholdengo,Pokémon,https://www.tcggo.com/pokemon/surging-sparks/gholdengo-131,sv8-131,589954,singles
2026-08-23T17:19:56+02:00,,430,akagi,akagi,SSP 132,132,794505,191,252,SSP,Pokémon,pokemon,172,https://images.tcggo.com/tcggo/storage/20954/surging-sparks-logo.png,Surging Sparks,EUR,1064.67,EUR,1090.76,2024-11-08,1,Scarlet & Violet,scarlet-violet,surging-sparks,130,20920,https://images.tcggo.com/tcggo/storage/21086/iron-crown-ssp-132-surging-sparks.png,https://www.tcggo.com/external/cm/20920,https://www.tcggo.com/external/tcgplayer/20920,Iron Crown,Iron Crown 132,0.07,0.09,12313,EUR,[],,,,,,,,,0.03,0.02,0.02,0.02,0.02,0.02,0.02,0.02,0.02,0.02,,,,,,,,,,,,,,,,,,,,,,,,,,,,,,,,,,,,,,,,,,,,,,EUR,0.3,0.14,rare,iron-crown,Pokémon,https://www.tcggo.com/pokemon/surging-sparks/iron-crown-132,sv8-132,589970,singles
2026-08-23T17:19:56+02:00,,371,aky CG Works,aky-cg-works,SSP 133,133,794506,191,252,SSP,Pokémon,pokemon,172,https://images.tcggo.com/tcggo/storage/20954/surging-sparks-logo.png,Surging Sparks,EUR,1064.67,EUR,1090.76,2024-11-08,1,Scarlet & Violet,scarlet-violet,surging-sparks,300,20921,https://images.tcggo.com/tcggo/storage/21087/alolan-exeggutor-ex-ssp-133-surging-sparks.png,https://www.tcggo.com/external/cm/20921,https://www.tcggo.com/external/tcgplayer/20921,Alolan Exeggutor ex,Alolan Exeggutor ex 133,0.77,0.84,1818,EUR,[],,,,,,,,,0.08,0.4,0.4,0.38,0.38,0.08,0.49,0.49,0.09,0.09,,,,,,,,,,,,,,,,,,,,,,,,,,,,,,,,,,,,,,,,,,,,,,EUR,0.62,0.73,Double Rare,alolan-exeggutor-ex,Pokémon,https://www.tcggo.com/pokemon/surging-sparks/alolan-exeggutor-ex-133,sv8-133,589858,singles
2026-08-23T17:19:56+02:00,,403,rika,rika,SSP 134,134,794507,191,252,SSP,Pokémon,pokemon,172,https://images.tcggo.com/tcggo/storage/20954/surging-sparks-logo.png,Surging Sparks,EUR,1064.67,EUR,1090.76,2024-11-08,1,Scarlet & Violet,scarlet-violet,surging-sparks,120,20922,https://images.tcggo.com/tcggo/storage/21088/altaria-ssp-134-surging-sparks.png,https://www.tcggo.com/external/cm/20922,https://www.tcggo.com/external/tcgplayer/20922,Altaria,Altaria 134,0.04,0.03,9235,EUR,[],,,,,,,,,0.02,0.02,0.02,0.02,0.02,0.02,0.02,0.02,0.02,0.02,,,,,,,,,,,,,,,,,,,,,,,,,,,,,,,,,,,,,,,,,,,,,,EUR,0.26,0.1,Uncommon,altaria,Pokémon,https://www.tcggo.com/pokemon/surging-sparks/altaria-134,sv8-134,589861,singles
2026-08-23T17:19:56+02:00,,388,Takumi Wada,takumi-wada,SSP 135,135,786010,191,252,SSP,Pokémon,pokemon,172,https://images.tcggo.com/tcggo/storage/20954/surging-sparks-logo.png,Surging Sparks,EUR,1064.67,EUR,1090.76,2024-11-08,1,Scarlet & Violet,scarlet-violet,surging-sparks,130,20923,https://images.tcggo.com/tcggo/storage/21089/dialga-ssp-135-surging-sparks.png,https://www.tcggo.com/external/cm/20923,https://www.tcggo.com/external/tcgplayer/20923,Dialga,Dialga 135,0.07,0.07,10845,EUR,[],,,,,,,,,0.02,0.02,0.02,0.02,0.02,0.02,0.02,0.02,0.02,0.02,,,,,,,,,,,,,,,,,,,,,,,,,,,,,,,,,,,,,,,,,,,,,,EUR,0.27,0.13,rare,dialga,Pokémon,https://www.tcggo.com/pokemon/surging-sparks/dialga-135,sv8-135,589918,singles
2026-08-23T17:19:56+02:00,,444,danciao,danciao,SSP 136,136,794509,191,252,SSP,Pokémon,pokemon,172,https://images.tcggo.com/tcggo/storage/20954/surging-sparks-logo.png,Surging Sparks,EUR,1064.67,EUR,1090.76,2024-11-08,1,Scarlet & Violet,scarlet-violet,surging-sparks,130,20924,https://images.tcggo.com/tcggo/storage/21090/palkia-ssp-136-surging-sparks.png,https://www.tcggo.com/external/cm/20924,https://www.tcggo.com/external/tcgplayer/20924,Palkia,Palkia 136,0.07,0.07,10677,EUR,[],,,,,,,,,0.03,0.02,0.02,0.02,0.02,0.02,0.02,0.02,0.02,0.02,,,,,,,,,,,,,,,,,,,,,,,,,,,,,,,,,,,,,,,,,,,,,,EUR,0.26,0.13,rare,palkia,Pokémon,https://www.tcggo.com/pokemon/surging-sparks/palkia-136,sv8-136,590017,singles
2026-08-23T17:19:56+02:00,,148,Rianti Hidayat,rianti-hidayat,SSP 137,137,794510,191,252,SSP,Pokémon,pokemon,172,https://images.tcggo.com/tcggo/storage/20954/surging-sparks-logo.png,Surging Sparks,EUR,1064.67,EUR,1090.76,2024-11-08,1,Scarlet & Violet,scarlet-violet,surging-sparks,120,20925,https://images.tcggo.com/tcggo/storage/21091/turtonator-ssp-137-surging-sparks.png,https://www.tcggo.com/external/cm/20925,https://www.tcggo.com/external/tcgplayer/20925,Turtonator,Turtonator 137,0.03,0.03,10109,EUR,[],,,,,,,,,0.02,0.02,0.02,0.02,0.02,0.02,0.02,0.02,0.02,0.02,,,,,,,,,,,,,,,,,,,,,,,,,,,,,,,,,,,,,,,,,,,,,,EUR,0.26,0.1,Uncommon,turtonator,Pokémon,https://www.tcggo.com/pokemon/surging-sparks/turtonator-137,sv8-137,590082,singles
2026-08-23T17:19:56+02:00,,401,Yuka Morii,yuka-morii,SSP 138,138,794511,191,252,SSP,Pokémon,pokemon,172,https://images.tcggo.com/tcggo/storage/20954/surging-sparks-logo.png,Surging Sparks,EUR,1064.67,EUR,1090.76,2024-11-08,1,Scarlet & Violet,scarlet-violet,surging-sparks,40,20926,https://images.tcggo.com/tcggo/storage/21092/applin-ssp-138-surging-sparks.png,https://www.tcggo.com/external/cm/20926,https://www.tcggo.com/external/tcgplayer/20926,Applin,Applin 138,0.05,0.05,8781,EUR,[],,,,,,,,,0.02,0.02,0.02,0.02,0.02,0.02,0.02,0.02,0.02,0.02,,,,,,,,,,,,,,,,,,,,,,,,,,,,,,,,,,,,,,,,,,,,,,EUR,0.23,0.13,Common,applin,Pokémon,https://www.tcggo.com/pokemon/surging-sparks/applin-138,sv8-138,589866,singles
2026-08-23T17:19:56+02:00,,472,GOTO minori,goto-minori,SSP 139,139,794512,191,252,SSP,Pokémon,pokemon,172,https://images.tcggo.com/tcggo/storage/20954/surging-sparks-logo.png,Surging Sparks,EUR,1064.67,EUR,1090.76,2024-11-08,1,Scarlet & Violet,scarlet-violet,surging-sparks,80,20927,https://images.tcggo.com/tcggo/storage/21093/flapple-ssp-139-surging-sparks.png,https://www.tcggo.com/external/cm/20927,https://www.tcggo.com/external/tcgplayer/20927,Flapple,Flapple 139,0.04,0.04,9375,EUR,[],,,,,,,,,0.02,0.02,0.02,0.02,0.02,0.02,0.02,0.02,0.02,0.02,,,,,,,,,,,,,,,,,,,,,,,,,,,,,,,,,,,,,,,,,,,,,,EUR,0.23,0.1,Uncommon,flapple,Pokémon,https://www.tcggo.com/pokemon/surging-sparks/flapple-139,sv8-139,589946,singles
2026-08-23T17:19:56+02:00,,368,Oswaldo KATO,oswaldo-kato,SSP 140,140,794513,191,252,SSP,Pokémon,pokemon,172,https://images.tcggo.com/tcggo/storage/20954/surging-sparks-logo.png,Surging Sparks,EUR,1064.67,EUR,1090.76,2024-11-08,1,Scarlet & Violet,scarlet-violet,surging-sparks,90,20928,https://images.tcggo.com/tcggo/storage/21094/appletun-ssp-140-surging-sparks.png,https://www.tcggo.com/external/cm/20928,https://www.tcggo.com/external/tcgplayer/20928,Appletun,Appletun 140,0.04,0.04,9439,EUR,[],,,,,,,,,0.02,0.02,0.02,0.02,0.02,0.02,0.02,0.02,0.02,0.02,,,,,,,,,,,,,,,,,,,,,,,,,,,,,,,,,,,,,,,,,,,,,,EUR,0.26,0.12,Uncommon,appletun,Pokémon,https://www.tcggo.com/pokemon/surging-sparks/appletun-140,sv8-140,589864,singles
2026-08-23T17:19:56+02:00,,434,AKIRA EGAWA,akira-egawa,SSP 141,141,794514,191,252,SSP,Pokémon,pokemon,172,https://images.tcggo.com/tcggo/storage/20954/surging-sparks-logo.png,Surging Sparks,EUR,1064.67,EUR,1090.76,2024-11-08,1,Scarlet & Violet,scarlet-violet,surging-sparks,150,20929,https://images.tcggo.com/tcggo/storage/21095/eternatus-ssp-141-surging-sparks.png,https://www.tcggo.com/external/cm/20929,https://www.tcggo.com/external/tcgplayer/20929,Eternatus,Eternatus 141,0.06,0.06,10765,EUR,[],,,,,,,,,0.03,0.02,0.02,0.02,0.02,0.02,0.02,0.02,0.02,0.02,,,,,,,,,,,,,,,,,,,,,,,,,,,,,,,,,,,,,,,,,,,,,,EUR,0.25,0.13,rare,eternatus,Pokémon,https://www.tcggo.com/pokemon/surging-sparks/eternatus-141,sv8-141,589937,singles
2026-08-23T17:19:56+02:00,,380,5ban Graphics,5ban-graphics,SSP 142,142,794515,191,252,SSP,Pokémon,pokemon,172,https://images.tcggo.com/tcggo/storage/20954/surging-sparks-logo.png,Surging Sparks,EUR,1064.67,EUR,1090.76,2024-11-08,1,Scarlet & Violet,scarlet-violet,surging-sparks,160,20930,https://images.tcggo.com/tcggo/storage/21096/tatsugiri-ex-ssp-142-surging-sparks.png,https://www.tcggo.com/external/cm/20930,https://www.tcggo.com/external/tcgplayer/20930,Tatsugiri ex,Tatsugiri ex 142,0.63,0.55,2139,EUR,[],,,,,,,,,0.2,0.39,0.39,0.18,0.18,0.2,0.59,0.59,0.04,0.04,,,,,,,,,,,,,,,,,,,,,,,,,,,,,,,,,,,,,,,,,,,,,,EUR,0.53,0.73,Double Rare,tatsugiri-ex,Pokémon,https://www.tcggo.com/pokemon/surging-sparks/tatsugiri-ex-142,sv8-142,590073,singles
2026-08-23T17:19:56+02:00,,362,Naoyo Kimura,naoyo-kimura,SSP 143,143,794516,191,252,SSP,Pokémon,pokemon,172,https://images.tcggo.com/tcggo/storage/20954/surging-sparks-logo.png,Surging Sparks,EUR,1064.67,EUR,1090.76,2024-11-08,1,Scarlet & Violet,scarlet-violet,surging-sparks,50,20931,https://images.tcggo.com/tcggo/storage/21097/eevee-ssp-143-surging-sparks.png,https://www.tcggo.com/external/cm/20931,https://www.tcggo.com/external/tcgplayer/20931,Eevee,Eevee 143,0.06,0.05,5285,EUR,[],,,,,,,,,0.02,0.02,0.02,0.02,0.02,0.02,0.02,0.02,0.02,0.02,,,,,,,,,,,,,,,,,,,,,,,,,,,,,,,,,,,,,,,,,,,,,,EUR,0.38,0.18,Common,eevee,Pokémon,https://www.tcggo.com/pokemon/surging-sparks/eevee-143,sv8-143,589932,singles
2026-08-23T17:19:56+02:00,,361,Ounishi,ounishi,SSP 144,144,794517,191,252,SSP,Pokémon,pokemon,172,https://images.tcggo.com/tcggo/storage/20954/surging-sparks-logo.png,Surging Sparks,EUR,1064.67,EUR,1090.76,2024-11-08,1,Scarlet & Violet,scarlet-violet,surging-sparks,150,20932,https://images.tcggo.com/tcggo/storage/21098/snorlax-ssp-144-surging-sparks.png,https://www.tcggo.com/external/cm/20932,https://www.tcggo.com/external/tcgplayer/20932,Snorlax,Snorlax 144,0.05,0.05,5815,EUR,[],,,,,,,,,0.02,0.02,0.02,0.02,0.02,0.02,0.02,0.02,0.02,0.02,,,,,,,,,,,,,,,,,,,,,,,,,,,,,,,,,,,,,,,,,,,,,,EUR,0.56,0.21,Common,snorlax,Pokémon,https://www.tcggo.com/pokemon/surging-sparks/snorlax-144,sv8-144,590060,singles
2026-08-23T17:19:56+02:00,,435,Aya Kusube,aya-kusube,SSP 145,145,794518,191,252,SSP,Pokémon,pokemon,172,https://images.tcggo.com/tcggo/storage/20954/surging-sparks-logo.png,Surging Sparks,EUR,1064.67,EUR,1090.76,2024-11-08,1,Scarlet & Violet,scarlet-violet,surging-sparks,60,20933,https://images.tcggo.com/tcggo/storage/21099/slakoth-ssp-145-surging-sparks.png,https://www.tcggo.com/external/cm/20933,https://www.tcggo.com/external/tcgplayer/20933,Slakoth,Slakoth 145,0.03,0.02,15145,EUR,[],,,,,,,,,0.02,0.02,0.02,0.02,0.02,0.02,0.02,0.02,0.02,0.02,,,,,,,,,,,,,,,,,,,,,,,,,,,,,,,,,,,,,,,,,,,,,,EUR,0.21,0.09,Common,slakoth,Pokémon,https://www.tcggo.com/pokemon/surging-sparks/slakoth-145,sv8-145,590056,singles
2026-08-23T17:19:56+02:00,,397,Kurata So,kurata-so,SSP 146,146,794519,191,252,SSP,Pokémon,pokemon,172,https://images.tcggo.com/tcggo/storage/20954/surging-sparks-logo.png,Surging Sparks,EUR,1064.67,EUR,1090.76,2024-11-08,1,Scarlet & Violet,scarlet-violet,surging-sparks,90,20934,https://images.tcggo.com/tcggo/storage/21100/vigoroth-ssp-146-surging-sparks.png,https://www.tcggo.com/external/cm/20934,https://www.tcggo.com/external/tcgplayer/20934,Vigoroth,Vigoroth 146,0.03,0.03,6353,EUR,[],,,,,,,,,0.02,0.02,0.02,0.02,0.02,0.02,0.02,0.02,0.02,0.02,,,,,,,,,,,,,,,,,,,,,,,,,,,,,,,,,,,,,,,,,,,,,,EUR,0.25,0.11,Common,vigoroth,Pokémon,https://www.tcggo.com/pokemon/surging-sparks/vigoroth-146,sv8-146,590088,singles
2026-08-23T17:19:56+02:00,,511,PLANETA Igarashi,planeta-igarashi,SSP 147,147,794520,191,252,SSP,Pokémon,pokemon,172,https://images.tcggo.com/tcggo/storage/20954/surging-sparks-logo.png,Surging Sparks,EUR,1064.67,EUR,1090.76,2024-11-08,1,Scarlet & Violet,scarlet-violet,surging-sparks,340,20935,https://images.tcggo.com/tcggo/storage/21101/slaking-ex-ssp-147-surging-sparks.png,https://www.tcggo.com/external/cm/20935,https://www.tcggo.com/external/tcgplayer/20935,Slaking ex,Slaking ex 147,0.53,0.5,2411,EUR,[],,,,,,,,,0.1,0.2,0.2,0.2,0.2,0.1,0.3,0.5,0.02,0.02,,,,,,,,,,,,,,,,,,,,,,,,,,,,,,,,,,,,,,,,,,,,,,EUR,0.52,0.64,Double Rare,slaking-ex,Pokémon,https://www.tcggo.com/pokemon/surging-sparks/slaking-ex-147,sv8-147,590054,singles
2026-08-23T17:19:56+02:00,,381,sowsow,sowsow,SSP 148,148,794521,191,252,SSP,Pokémon,pokemon,172,https://images.tcggo.com/tcggo/storage/20954/surging-sparks-logo.png,Surging Sparks,EUR,1064.67,EUR,1090.76,2024-11-08,1,Scarlet & Violet,scarlet-violet,surging-sparks,50,20936,https://images.tcggo.com/tcggo/storage/21355/swablu-ssp-148-surging-sparks.png,https://www.tcggo.com/external/cm/20936,https://www.tcggo.com/external/tcgplayer/20936,Swablu,Swablu 148,0.03,0.02,15063,EUR,[],,,,,,,,,0.02,0.02,0.02,0.02,0.02,0.02,0.02,0.02,0.02,0.02,,,,,,,,,,,,,,,,,,,,,,,,,,,,,,,,,,,,,,,,,,,,,,EUR,0.21,0.09,Common,swablu,Pokémon,https://www.tcggo.com/pokemon/surging-sparks/swablu-148,sv8-148,590068,singles
2026-08-23T17:19:56+02:00,,407,Ligton,ligton,SSP 149,149,794522,191,252,SSP,Pokémon,pokemon,172,https://images.tcggo.com/tcggo/storage/20954/surging-sparks-logo.png,Surging Sparks,EUR,1064.67,EUR,1090.76,2024-11-08,1,Scarlet & Violet,scarlet-violet,surging-sparks,90,20937,https://images.tcggo.com/tcggo/storage/21102/zangoose-ssp-149-surging-sparks.png,https://www.tcggo.com/external/cm/20937,https://www.tcggo.com/external/tcgplayer/20937,Zangoose,Zangoose 149,0.03,0.04,9281,EUR,[],,,,,,,,,0.02,0.02,0.02,0.02,0.02,0.02,0.02,0.02,0.02,0.02,,,,,,,,,,,,,,,,,,,,,,,,,,,,,,,,,,,,,,,,,,,,,,EUR,0.14,0.1,Common,zangoose,Pokémon,https://www.tcggo.com/pokemon/surging-sparks/zangoose-149,sv8-149,590098,singles
2026-08-23T17:19:56+02:00,,421,Shinji Kanda,shinji-kanda,SSP 150,150,794523,191,252,SSP,Pokémon,pokemon,172,https://images.tcggo.com/tcggo/storage/20954/surging-sparks-logo.png,Surging Sparks,EUR,1064.67,EUR,1090.76,2024-11-08,1,Scarlet & Violet,scarlet-violet,surging-sparks,70,20938,https://images.tcggo.com/tcggo/storage/21103/kecleon-ssp-150-surging-sparks.png,https://www.tcggo.com/external/cm/20938,https://www.tcggo.com/external/tcgplayer/20938,Kecleon,Kecleon 150,0.05,0.04,7756,EUR,[],,,,,,,,,0.02,0.02,0.02,0.02,0.02,0.02,0.02,0.02,0.02,0.02,,,,,,,,,,,,,,,,,,,,,,,,,,,,,,,,,,,,,,,,,,,,,,EUR,0.22,0.11,Common,kecleon,Pokémon,https://www.tcggo.com/pokemon/surging-sparks/kecleon-150,sv8-150,589974,singles
2026-08-23T17:19:56+02:00,,363,Anesaki Dynamic,anesaki-dynamic,SSP 151,151,794524,191,252,SSP,Pokémon,pokemon,172,https://images.tcggo.com/tcggo/storage/20954/surging-sparks-logo.png,Surging Sparks,EUR,1064.67,EUR,1090.76,2024-11-08,1,Scarlet & Violet,scarlet-violet,surging-sparks,130,20939,https://images.tcggo.com/tcggo/storage/21104/bouffalant-ssp-151-surging-sparks.png,https://www.tcggo.com/external/cm/20939,https://www.tcggo.com/external/tcgplayer/20939,Bouffalant,Bouffalant 151,0.03,0.03,6666,EUR,[],,,,,,,,,0.02,0.02,0.02,0.02,0.02,0.02,0.02,0.02,0.02,0.02,,,,,,,,,,,,,,,,,,,,,,,,,,,,,,,,,,,,,,,,,,,,,,EUR,0.21,0.1,Common,bouffalant,Pokémon,https://www.tcggo.com/pokemon/surging-sparks/bouffalant-151,sv8-151,589877,singles
2026-08-23T17:19:56+02:00,,784,Nakamura Ippan,nakamura-ippan,SSP 152,152,794525,191,252,SSP,Pokémon,pokemon,172,https://images.tcggo.com/tcggo/storage/20954/surging-sparks-logo.png,Surging Sparks,EUR,1064.67,EUR,1090.76,2024-11-08,1,Scarlet & Violet,scarlet-violet,surging-sparks,70,20940,https://images.tcggo.com/tcggo/storage/21105/rufflet-ssp-152-surging-sparks.png,https://www.tcggo.com/external/cm/20940,https://www.tcggo.com/external/tcgplayer/20940,Rufflet,Rufflet 152,0.02,0.02,15493,EUR,[],,,,,,,,,0.02,0.02,0.02,0.02,0.02,0.02,0.02,0.02,0.02,0.02,,,,,,,,,,,,,,,,,,,,,,,,,,,,,,,,,,,,,,,,,,,,,,EUR,0.18,0.09,Common,rufflet,Pokémon,https://www.tcggo.com/pokemon/surging-sparks/rufflet-152,sv8-152,590037,singles
2026-08-23T17:19:56+02:00,,363,Anesaki Dynamic,anesaki-dynamic,SSP 153,153,794526,191,252,SSP,Pokémon,pokemon,172,https://images.tcggo.com/tcggo/storage/20954/surging-sparks-logo.png,Surging Sparks,EUR,1064.67,EUR,1090.76,2024-11-08,1,Scarlet & Violet,scarlet-violet,surging-sparks,130,20941,https://images.tcggo.com/tcggo/storage/21106/braviary-ssp-153-surging-sparks.png,https://www.tcggo.com/external/cm/20941,https://www.tcggo.com/external/tcgplayer/20941,Braviary,Braviary 153,0.03,0.02,9837,EUR,[],,,,,,,,,0.02,0.02,0.02,0.02,0.02,0.02,0.02,0.02,0.02,0.02,,,,,,,,,,,,,,,,,,,,,,,,,,,,,,,,,,,,,,,,,,,,,,EUR,0.2,0.09,Uncommon,braviary,Pokémon,https://www.tcggo.com/pokemon/surging-sparks/braviary-153,sv8-153,589878,singles
2026-08-23T17:19:56+02:00,,449,miki kudo,miki-kudo,SSP 154,154,794527,191,252,SSP,Pokémon,pokemon,172,https://images.tcggo.com/tcggo/storage/20954/surging-sparks-logo.png,Surging Sparks,EUR,1064.67,EUR,1090.76,2024-11-08,1,Scarlet & Violet,scarlet-violet,surging-sparks,70,20942,https://images.tcggo.com/tcggo/storage/21107/helioptile-ssp-154-surging-sparks.png,https://www.tcggo.com/external/cm/20942,https://www.tcggo.com/external/tcgplayer/20942,Helioptile,Helioptile 154,0.02,0.02,15622,EUR,[],,,,,,,,,0.02,0.02,0.02,0.02,0.02,0.02,0.02,0.02,0.02,0.02,,,,,,,,,,,,,,,,,,,,,,,,,,,,,,,,,,,,,,,,,,,,,,EUR,0.14,0.09,Common,helioptile,Pokémon,https://www.tcggo.com/pokemon/surging-sparks/helioptile-154,sv8-154,589963,singles
2026-08-23T17:19:56+02:00,,486,Ryota Murayama,ryota-murayama,SSP 155,155,794528,191,252,SSP,Pokémon,pokemon,172,https://images.tcggo.com/tcggo/storage/20954/surging-sparks-logo.png,Surging Sparks,EUR,1064.67,EUR,1090.76,2024-11-08,1,Scarlet & Violet,scarlet-violet,surging-sparks,110,20943,https://images.tcggo.com/tcggo/storage/21108/heliolisk-ssp-155-surging-sparks.png,https://www.tcggo.com/external/cm/20943,https://www.tcggo.com/external/tcgplayer/20943,Heliolisk,Heliolisk 155,0.03,0.03,6550,EUR,[],,,,,,,,,0.02,0.02,0.02,0.02,0.02,0.02,0.02,0.02,0.02,0.02,,,,,,,,,,,,,,,,,,,,,,,,,,,,,,,,,,,,,,,,,,,,,,EUR,0.23,0.09,Common,heliolisk,Pokémon,https://www.tcggo.com/pokemon/surging-sparks/heliolisk-155,sv8-155,589962,singles
2026-08-23T17:19:56+02:00,,370,Saboteri,saboteri,SSP 156,156,794529,191,252,SSP,Pokémon,pokemon,172,https://images.tcggo.com/tcggo/storage/20954/surging-sparks-logo.png,Surging Sparks,EUR,1064.67,EUR,1090.76,2024-11-08,1,Scarlet & Violet,scarlet-violet,surging-sparks,120,20944,https://images.tcggo.com/tcggo/storage/21109/oranguru-ssp-156-surging-sparks.png,https://www.tcggo.com/external/cm/20944,https://www.tcggo.com/external/tcgplayer/20944,Oranguru,Oranguru 156,0.03,0.04,9354,EUR,[],,,,,,,,,0.02,0.02,0.02,0.02,0.02,0.02,0.02,0.02,0.02,0.02,,,,,,,,,,,,,,,,,,,,,,,,,,,,,,,,,,,,,,,,,,,,,,EUR,0.21,0.09,Common,oranguru,Pokémon,https://www.tcggo.com/pokemon/surging-sparks/oranguru-156,sv8-156,590011,singles
2026-08-23T17:19:56+02:00,,525,USGMEN,usgmen,SSP 157,157,794530,191,252,SSP,Pokémon,pokemon,172,https://images.tcggo.com/tcggo/storage/20954/surging-sparks-logo.png,Surging Sparks,EUR,1064.67,EUR,1090.76,2024-11-08,1,Scarlet & Violet,scarlet-violet,surging-sparks,40,20945,https://images.tcggo.com/tcggo/storage/21110/tandemaus-ssp-157-surging-sparks.png,https://www.tcggo.com/external/cm/20945,https://www.tcggo.com/external/tcgplayer/20945,Tandemaus,Tandemaus 157,0.03,0.04,13942,EUR,[],,,,,,,,,0.02,0.02,0.02,0.02,0.02,0.02,0.02,0.02,0.02,0.02,,,,,,,,,,,,,,,,,,,,,,,,,,,,,,,,,,,,,,,,,,,,,,EUR,0.26,0.14,Common,tandemaus,Pokémon,https://www.tcggo.com/pokemon/surging-sparks/tandemaus-157,sv8-157,590070,singles
2026-08-23T17:19:56+02:00,,429,DOM,dom,SSP 158,158,794531,191,252,SSP,Pokémon,pokemon,172,https://images.tcggo.com/tcggo/storage/20954/surging-sparks-logo.png,Surging Sparks,EUR,1064.67,EUR,1090.76,2024-11-08,1,Scarlet & Violet,scarlet-violet,surging-sparks,80,20946,https://images.tcggo.com/tcggo/storage/21111/maushold-ssp-158-surging-sparks.png,https://www.tcggo.com/external/cm/20946,https://www.tcggo.com/external/tcgplayer/20946,Maushold,Maushold 158,0.04,0.05,8552,EUR,[],,,,,,,,,0.02,0.02,0.02,0.02,0.02,0.02,0.02,0.02,0.02,0.02,,,,,,,,,,,,,,,,,,,,,,,,,,,,,,,,,,,,,,,,,,,,,,EUR,0.36,0.17,Uncommon,maushold,Pokémon,https://www.tcggo.com/pokemon/surging-sparks/maushold-158,sv8-158,589998,singles
2026-08-23T17:19:56+02:00,,380,5ban Graphics,5ban-graphics,SSP 159,159,794532,191,252,SSP,Pokémon,pokemon,172,https://images.tcggo.com/tcggo/storage/20954/surging-sparks-logo.png,Surging Sparks,EUR,1064.67,EUR,1090.76,2024-11-08,1,Scarlet & Violet,scarlet-violet,surging-sparks,210,20947,https://images.tcggo.com/tcggo/storage/21112/cyclizar-ex-ssp-159-surging-sparks.png,https://www.tcggo.com/external/cm/20947,https://www.tcggo.com/external/tcgplayer/20947,Cyclizar ex,Cyclizar ex 159,0.56,0.52,2341,EUR,[],,,,,,,,,0.1,0.2,0.2,0.15,0.15,0.1,0.5,0.5,0.04,0.04,,,,,,,,,,,,,,,,,,,,,,,,,,,,,,,,,,,,,,,,,,,,,,EUR,0.61,0.64,Double Rare,cyclizar-ex,Pokémon,https://www.tcggo.com/pokemon/surging-sparks/cyclizar-ex-159,sv8-159,589910,singles
2026-08-23T17:19:56+02:00,,489,N-DESIGN Inc.,n-design-inc,SSP 160,160,794533,191,252,SSP,Pokémon,pokemon,172,https://images.tcggo.com/tcggo/storage/20954/surging-sparks-logo.png,Surging Sparks,EUR,1064.67,EUR,1090.76,2024-11-08,1,Scarlet & Violet,scarlet-violet,surging-sparks,200,20948,https://images.tcggo.com/tcggo/storage/21113/flamigo-ex-ssp-160-surging-sparks.png,https://www.tcggo.com/external/cm/20948,https://www.tcggo.com/external/tcgplayer/20948,Flamigo ex,Flamigo ex 160,0.5,0.46,2641,EUR,[],,,,,,,,,0.1,0.14,0.14,0.15,0.15,0.1,0.4,0.4,0.03,0.03,,,,,,,,,,,,,,,,,,,,,,,,,,,,,,,,,,,,,,,,,,,,,,EUR,0.53,0.64,Double Rare,flamigo-ex,Pokémon,https://www.tcggo.com/pokemon/surging-sparks/flamigo-ex-160,sv8-160,589945,singles
2026-08-23T17:19:56+02:00,,459,GIDORA,gidora,SSP 161,161,794534,191,252,SSP,Pokémon,pokemon,172,https://images.tcggo.com/tcggo/storage/20954/surging-sparks-logo.png,Surging Sparks,EUR,1064.67,EUR,1090.76,2024-11-08,1,Scarlet & Violet,scarlet-violet,surging-sparks,120,20949,https://images.tcggo.com/tcggo/storage/21114/terapagos-ssp-161-surging-sparks.png,https://www.tcggo.com/external/cm/20949,https://www.tcggo.com/external/tcgplayer/20949,Terapagos,Terapagos 161,0.07,0.11,12276,EUR,[],,,,,,,,,0.02,0.02,0.02,0.02,0.02,0.02,0.02,0.02,0.02,0.02,,,,,,,,,,,,,,,,,,,,,,,,,,,,,,,,,,,,,,,,,,,,,,EUR,0.26,0.15,rare,terapagos,Pokémon,https://www.tcggo.com/pokemon/surging-sparks/terapagos-161,sv8-161,590077,singles
2026-08-23T17:19:56+02:00,,458,Toyste Beach,toyste-beach,SSP 162,162,794535,191,252,SSP,Pokémon,pokemon,172,https://images.tcggo.com/tcggo/storage/20954/surging-sparks-logo.png,Surging Sparks,EUR,1064.67,EUR,1090.76,2024-11-08,1,Scarlet & Violet,scarlet-violet,surging-sparks,0,20950,https://images.tcggo.com/tcggo/storage/21115/amulet-of-hope-ssp-162-surging-sparks.png,https://www.tcggo.com/external/cm/20950,https://www.tcggo.com/external/tcgplayer/20950,Amulet of Hope,Amulet of Hope 162,0.53,0.47,1804,EUR,[],,,,,,,,,0.15,0.1,0.1,0.14,0.14,0.15,0.15,0.15,0.1,0.1,,,,,,,,,,,,,,,,,,,,,,,,,,,,,,,,,,,,,,,,,,,,,,EUR,0.38,0.41,ACE SPEC Rare,amulet-of-hope,Trainer,https://www.tcggo.com/pokemon/surging-sparks/amulet-of-hope-162,sv8-162,589862,singles
2026-08-23T17:19:56+02:00,,461,Studio Bora Inc.,studio-bora-inc,SSP 163,163,794536,191,252,SSP,Pokémon,pokemon,172,https://images.tcggo.com/tcggo/storage/20954/surging-sparks-logo.png,Surging Sparks,EUR,1064.67,EUR,1090.76,2024-11-08,1,Scarlet & Violet,scarlet-violet,surging-sparks,0,20951,https://images.tcggo.com/tcggo/storage/21116/babiri-berry-ssp-163-surging-sparks.png,https://www.tcggo.com/external/cm/20951,https://www.tcggo.com/external/tcgplayer/20951,Babiri Berry,Babiri Berry 163,0.03,0.03,12607,EUR,[],,,,,,,,,0.02,0.02,0.02,0.02,0.02,0.02,0.02,0.02,0.02,0.02,,,,,,,,,,,,,,,,,,,,,,,,,,,,,,,,,,,,,,,,,,,,,,EUR,0.21,0.09,Uncommon,babiri-berry,Trainer,https://www.tcggo.com/pokemon/surging-sparks/babiri-berry-163,sv8-163,589873,singles
2026-08-23T17:19:56+02:00,,458,Toyste Beach,toyste-beach,SSP 164,164,794537,191,252,SSP,Pokémon,pokemon,172,https://images.tcggo.com/tcggo/storage/20954/surging-sparks-logo.png,Surging Sparks,EUR,1064.67,EUR,1090.76,2024-11-08,1,Scarlet & Violet,scarlet-violet,surging-sparks,0,20952,https://images.tcggo.com/tcggo/storage/21117/brilliant-blender-ssp-164-surging-sparks.png,https://www.tcggo.com/external/cm/20952,https://www.tcggo.com/external/tcgplayer/20952,Brilliant Blender,Brilliant Blender 164,1.22,1.28,831,EUR,[],,,,,,,,,0.6,0.45,0.45,1.99,1.99,0.6,0.8,0.8,0.02,0.02,,,,,,,,,,,,,,,,,,,,,,,,,,,,,,,,,,,,,,,,,,,,,,EUR,0.79,0.51,ACE SPEC Rare,brilliant-blender,Trainer,https://www.tcggo.com/pokemon/surging-sparks/brilliant-blender-164,sv8-164,589880,singles
2026-08-23T17:19:56+02:00,,517,Ayaka Yoshida,ayaka-yoshida,SSP 165,165,794538,191,252,SSP,Pokémon,pokemon,172,https://images.tcggo.com/tcggo/storage/20954/surging-sparks-logo.png,Surging Sparks,EUR,1064.67,EUR,1090.76,2024-11-08,1,Scarlet & Violet,scarlet-violet,surging-sparks,0,20953,https://images.tcggo.com/tcggo/storage/21118/call-bell-ssp-165-surging-sparks.png,https://www.tcggo.com/external/cm/20953,https://www.tcggo.com/external/tcgplayer/20953,Call Bell,Call Bell 165,0.05,0.03,12224,EUR,[],,,,,,,,,0.03,0.02,0.02,0.02,0.02,0.02,0.02,0.02,0.02,0.02,,,,,,,,,,,,,,,,,,,,,,,,,,,,,,,,,,,,,,,,,,,,,,EUR,0.2,0.09,Uncommon,call-bell,Trainer,https://www.tcggo.com/pokemon/surging-sparks/call-bell-165,sv8-165,589885,singles
2026-08-23T17:19:56+02:00,,453,AYUMI ODASHIMA,ayumi-odashima,SSP 166,166,794539,191,252,SSP,Pokémon,pokemon,172,https://images.tcggo.com/tcggo/storage/20954/surging-sparks-logo.png,Surging Sparks,EUR,1064.67,EUR,1090.76,2024-11-08,1,Scarlet & Violet,scarlet-violet,surging-sparks,0,20954,https://images.tcggo.com/tcggo/storage/21119/chill-teaser-toy-ssp-166-surging-sparks.png,https://www.tcggo.com/external/cm/20954,https://www.tcggo.com/external/tcgplayer/20954,Chill Teaser Toy,Chill Teaser Toy 166,0.03,0.03,12821,EUR,[],,,,,,,,,0.02,0.02,0.02,0.02,0.02,0.02,0.02,0.02,0.02,0.02,,,,,,,,,,,,,,,,,,,,,,,,,,,,,,,,,,,,,,,,,,,,,,EUR,0.23,0.09,Uncommon,chill-teaser-toy,Trainer,https://www.tcggo.com/pokemon/surging-sparks/chill-teaser-toy-166,sv8-166,589899,singles
2026-08-23T17:19:56+02:00,,463,Naoki Saito,naoki-saito,SSP 167,167,794540,191,252,SSP,Pokémon,pokemon,172,https://images.tcggo.com/tcggo/storage/20954/surging-sparks-logo.png,Surging Sparks,EUR,1064.67,EUR,1090.76,2024-11-08,1,Scarlet & Violet,scarlet-violet,surging-sparks,0,20955,https://images.tcggo.com/tcggo/storage/21120/clemonts-quick-wit-ssp-167-surging-sparks.png,https://www.tcggo.com/external/cm/20955,https://www.tcggo.com/external/tcgplayer/20955,Clemont's Quick Wit,Clemont's Quick Wit 167,0.03,0.04,12063,EUR,[],,,,,,,,,0.02,0.02,0.02,0.02,0.02,0.02,0.02,0.02,0.02,0.02,,,,,,,,,,,,,,,,,,,,,,,,,,,,,,,,,,,,,,,,,,,,,,EUR,0.23,0.13,Uncommon,clemonts-quick-wit,Trainer,https://www.tcggo.com/pokemon/surging-sparks/clemonts-quick-wit-167,sv8-167,589900,singles
2026-08-23T17:19:56+02:00,,461,Studio Bora Inc.,studio-bora-inc,SSP 168,168,794541,191,252,SSP,Pokémon,pokemon,172,https://images.tcggo.com/tcggo/storage/20954/surging-sparks-logo.png,Surging Sparks,EUR,1064.67,EUR,1090.76,2024-11-08,1,Scarlet & Violet,scarlet-violet,surging-sparks,0,20956,https://images.tcggo.com/tcggo/storage/21121/colbur-berry-ssp-168-surging-sparks.png,https://www.tcggo.com/external/cm/20956,https://www.tcggo.com/external/tcgplayer/20956,Colbur Berry,Colbur Berry 168,0.03,0.03,12489,EUR,[],,,,,,,,,0.02,0.02,0.02,0.02,0.02,0.02,0.02,0.02,0.02,0.02,,,,,,,,,,,,,,,,,,,,,,,,,,,,,,,,,,,,,,,,,,,,,,EUR,0.23,0.09,Uncommon,colbur-berry,Trainer,https://www.tcggo.com/pokemon/surging-sparks/colbur-berry-168,sv8-168,589906,singles
2026-08-23T17:19:56+02:00,,458,Toyste Beach,toyste-beach,SSP 169,169,794542,191,252,SSP,Pokémon,pokemon,172,https://images.tcggo.com/tcggo/storage/20954/surging-sparks-logo.png,Surging Sparks,EUR,1064.67,EUR,1090.76,2024-11-08,1,Scarlet & Violet,scarlet-violet,surging-sparks,0,20957,https://images.tcggo.com/tcggo/storage/21122/counter-gain-ssp-169-surging-sparks.png,https://www.tcggo.com/external/cm/20957,https://www.tcggo.com/external/tcgplayer/20957,Counter Gain,Counter Gain 169,0.05,0.04,12335,EUR,[],,,,,,,,,0.02,0.02,0.02,0.02,0.02,0.02,0.02,0.02,0.02,0.02,,,,,,,,,,,,,,,,,,,,,,,,,,,,,,,,,,,,,,,,,,,,,,EUR,0.24,0.13,Uncommon,counter-gain,Trainer,https://www.tcggo.com/pokemon/surging-sparks/counter-gain-169,sv8-169,589907,singles
2026-08-23T17:19:56+02:00,,426,Akira Komayama,akira-komayama,SSP 170,170,794543,191,252,SSP,Pokémon,pokemon,172,https://images.tcggo.com/tcggo/storage/20954/surging-sparks-logo.png,Surging Sparks,EUR,1064.67,EUR,1090.76,2024-11-08,1,Scarlet & Violet,scarlet-violet,surging-sparks,0,20958,https://images.tcggo.com/tcggo/storage/21123/cyrano-ssp-170-surging-sparks.png,https://www.tcggo.com/external/cm/20958,https://www.tcggo.com/external/tcgplayer/20958,Cyrano,Cyrano 170,0.13,0.12,6739,EUR,[],,,,,,,,,0.02,0.02,0.02,0.02,0.02,0.02,0.02,0.02,0.02,0.02,,,,,,,,,,,,,,,,,,,,,,,,,,,,,,,,,,,,,,,,,,,,,,EUR,0.69,0.17,Uncommon,cyrano,Trainer,https://www.tcggo.com/pokemon/surging-sparks/cyrano-170,sv8-170,589912,singles
2026-08-23T17:19:56+02:00,,453,AYUMI ODASHIMA,ayumi-odashima,SSP 171,171,794544,191,252,SSP,Pokémon,pokemon,172,https://images.tcggo.com/tcggo/storage/20954/surging-sparks-logo.png,Surging Sparks,EUR,1064.67,EUR,1090.76,2024-11-08,1,Scarlet & Violet,scarlet-violet,surging-sparks,0,20959,https://images.tcggo.com/tcggo/storage/21124/deduction-kit-ssp-171-surging-sparks.png,https://www.tcggo.com/external/cm/20959,https://www.tcggo.com/external/tcgplayer/20959,Deduction Kit,Deduction Kit 171,0.03,0.03,12802,EUR,[],,,,,,,,,0.02,0.02,0.02,0.02,0.02,0.02,0.02,0.02,0.02,0.02,,,,,,,,,,,,,,,,,,,,,,,,,,,,,,,,,,,,,,,,,,,,,,EUR,0.21,0.1,Uncommon,deduction-kit,Trainer,https://www.tcggo.com/pokemon/surging-sparks/deduction-kit-171,sv8-171,589915,singles
2026-08-23T17:19:56+02:00,,453,AYUMI ODASHIMA,ayumi-odashima,SSP 172,172,794545,191,252,SSP,Pokémon,pokemon,172,https://images.tcggo.com/tcggo/storage/20954/surging-sparks-logo.png,Surging Sparks,EUR,1064.67,EUR,1090.76,2024-11-08,1,Scarlet & Violet,scarlet-violet,surging-sparks,0,20960,https://images.tcggo.com/tcggo/storage/21125/dragon-elixir-ssp-172-surging-sparks.png,https://www.tcggo.com/external/cm/20960,https://www.tcggo.com/external/tcgplayer/20960,Dragon Elixir,Dragon Elixir 172,0.03,0.04,12621,EUR,[],,,,,,,,,0.02,0.02,0.02,0.02,0.02,0.02,0.02,0.02,0.02,0.02,,,,,,,,,,,,,,,,,,,,,,,,,,,,,,,,,,,,,,,,,,,,,,EUR,0.27,0.09,Uncommon,dragon-elixir,Trainer,https://www.tcggo.com/pokemon/surging-sparks/dragon-elixir-172,sv8-172,589920,singles
2026-08-23T17:19:56+02:00,,456,Hideki Ishikawa,hideki-ishikawa,SSP 173,173,794546,191,252,SSP,Pokémon,pokemon,172,https://images.tcggo.com/tcggo/storage/20954/surging-sparks-logo.png,Surging Sparks,EUR,1064.67,EUR,1090.76,2024-11-08,1,Scarlet & Violet,scarlet-violet,surging-sparks,0,20961,https://images.tcggo.com/tcggo/storage/21126/drasna-ssp-173-surging-sparks.png,https://www.tcggo.com/external/cm/20961,https://www.tcggo.com/external/tcgplayer/20961,Drasna,Drasna 173,0.03,0.03,8530,EUR,[],,,,,,,,,0.02,0.02,0.02,0.02,0.02,0.02,0.02,0.02,0.02,0.02,,,,,,,,,,,,,,,,,,,,,,,,,,,,,,,,,,,,,,,,,,,,,,EUR,0.28,0.1,Common,drasna,Trainer,https://www.tcggo.com/pokemon/surging-sparks/drasna-173,sv8-173,589921,singles
2026-08-23T17:19:56+02:00,,459,GIDORA,gidora,SSP 174,174,794547,191,252,SSP,Pokémon,pokemon,172,https://images.tcggo.com/tcggo/storage/20954/surging-sparks-logo.png,Surging Sparks,EUR,1064.67,EUR,1090.76,2024-11-08,1,Scarlet & Violet,scarlet-violet,surging-sparks,0,20962,https://images.tcggo.com/tcggo/storage/21127/drayton-ssp-174-surging-sparks.png,https://www.tcggo.com/external/cm/20962,https://www.tcggo.com/external/tcgplayer/20962,Drayton,Drayton 174,0.04,0.03,15402,EUR,[],,,,,,,,,0.02,0.02,0.02,0.02,0.02,0.02,0.02,0.02,0.02,0.02,,,,,,,,,,,,,,,,,,,,,,,,,,,,,,,,,,,,,,,,,,,,,,EUR,0.26,0.14,Uncommon,drayton,Trainer,https://www.tcggo.com/pokemon/surging-sparks/drayton-174,sv8-174,589923,singles
2026-08-23T17:19:56+02:00,,461,Studio Bora Inc.,studio-bora-inc,SSP 175,175,794548,191,252,SSP,Pokémon,pokemon,172,https://images.tcggo.com/tcggo/storage/20954/surging-sparks-logo.png,Surging Sparks,EUR,1064.67,EUR,1090.76,2024-11-08,1,Scarlet & Violet,scarlet-violet,surging-sparks,0,20963,https://images.tcggo.com/tcggo/storage/21128/dusk-ball-ssp-175-surging-sparks.png,https://www.tcggo.com/external/cm/20963,https://www.tcggo.com/external/tcgplayer/20963,Dusk Ball,Dusk Ball 175,0.05,0.06,12409,EUR,[],,,,,,,,,0.03,0.02,0.02,0.02,0.02,0.02,0.02,0.02,0.02,0.02,,,,,,,,,,,,,,,,,,,,,,,,,,,,,,,,,,,,,,,,,,,,,,EUR,0.27,0.13,Uncommon,dusk-ball,Trainer,https://www.tcggo.com/pokemon/surging-sparks/dusk-ball-175,sv8-175,589931,singles
2026-08-23T17:19:56+02:00,,458,Toyste Beach,toyste-beach,SSP 176,176,794549,191,252,SSP,Pokémon,pokemon,172,https://images.tcggo.com/tcggo/storage/20954/surging-sparks-logo.png,Surging Sparks,EUR,1064.67,EUR,1090.76,2024-11-08,1,Scarlet & Violet,scarlet-violet,surging-sparks,0,20964,https://images.tcggo.com/tcggo/storage/21129/energy-search-pro-ssp-176-surging-sparks.png,https://www.tcggo.com/external/cm/20964,https://www.tcggo.com/external/tcgplayer/20964,Energy Search Pro,Energy Search Pro 176,0.77,0.69,1042,EUR,[],,,,,,,,,0.1,0.13,0.13,0.8,0.8,0.1,0.25,0.25,0.15,0.15,,,,,,,,,,,,,,,,,,,,,,,,,,,,,,,,,,,,,,,,,,,,,,EUR,0.5,0.66,ACE SPEC Rare,energy-search-pro,Trainer,https://www.tcggo.com/pokemon/surging-sparks/energy-search-pro-176,sv8-176,589933,singles
2026-08-23T17:19:56+02:00,,453,AYUMI ODASHIMA,ayumi-odashima,SSP 177,177,794550,191,252,SSP,Pokémon,pokemon,172,https://images.tcggo.com/tcggo/storage/20954/surging-sparks-logo.png,Surging Sparks,EUR,1064.67,EUR,1090.76,2024-11-08,1,Scarlet & Violet,scarlet-violet,surging-sparks,0,20965,https://images.tcggo.com/tcggo/storage/21130/gravity-mountain-ssp-177-surging-sparks.png,https://www.tcggo.com/external/cm/20965,https://www.tcggo.com/external/tcgplayer/20965,Gravity Mountain,Gravity Mountain 177,0.09,0.11,8337,EUR,[],,,,,,,,,0.02,0.02,0.02,0.02,0.02,0.02,0.02,0.02,0.02,0.02,,,,,,,,,,,,,,,,,,,,,,,,,,,,,,,,,,,,,,,,,,,,,,EUR,0.28,0.15,Uncommon,gravity-mountain,Trainer,https://www.tcggo.com/pokemon/surging-sparks/gravity-mountain-177,sv8-177,589961,singles
2026-08-23T17:19:56+02:00,,398,Taira Akitsu,taira-akitsu,SSP 178,178,794551,191,252,SSP,Pokémon,pokemon,172,https://images.tcggo.com/tcggo/storage/20954/surging-sparks-logo.png,Surging Sparks,EUR,1064.67,EUR,1090.76,2024-11-08,1,Scarlet & Violet,scarlet-violet,surging-sparks,0,20966,https://images.tcggo.com/tcggo/storage/21131/jasmines-gaze-ssp-178-surging-sparks.png,https://www.tcggo.com/external/cm/20966,https://www.tcggo.com/external/tcgplayer/20966,Jasmine's Gaze,Jasmine's Gaze 178,0.9,1.14,288,EUR,[],,,,,,,,,0.02,0.02,0.02,0.02,0.02,0.02,0.02,0.02,0.02,0.02,,,,,,,,,,,,,,,,,,,,,,,,,,,,,,,,,,,,,,,,,,,,,,EUR,0.26,0.09,Uncommon,jasmines-gaze,Trainer,https://www.tcggo.com/pokemon/surging-sparks/jasmines-gaze-178,sv8-178,589971,singles
2026-08-23T17:19:56+02:00,,477,En Morikura,en-morikura,SSP 179,179,794552,191,252,SSP,Pokémon,pokemon,172,https://images.tcggo.com/tcggo/storage/20954/surging-sparks-logo.png,Surging Sparks,EUR,1064.67,EUR,1090.76,2024-11-08,1,Scarlet & Violet,scarlet-violet,surging-sparks,0,20967,https://images.tcggo.com/tcggo/storage/21132/lisias-appeal-ssp-179-surging-sparks.png,https://www.tcggo.com/external/cm/20967,https://www.tcggo.com/external/tcgplayer/20967,Lisia's Appeal,Lisia's Appeal 179,0.04,0.03,11637,EUR,[],,,,,,,,,0.02,0.02,0.02,0.02,0.02,0.02,0.02,0.02,0.02,0.02,,,,,,,,,,,,,,,,,,,,,,,,,,,,,,,,,,,,,,,,,,,,,,EUR,0.29,0.13,Uncommon,lisias-appeal,Trainer,https://www.tcggo.com/pokemon/surging-sparks/lisias-appeal-179,sv8-179,589988,singles
2026-08-23T17:19:56+02:00,,781,imoniii,imoniii,SSP 180,180,794553,191,252,SSP,Pokémon,pokemon,172,https://images.tcggo.com/tcggo/storage/20954/surging-sparks-logo.png,Surging Sparks,EUR,1064.67,EUR,1090.76,2024-11-08,1,Scarlet & Violet,scarlet-violet,surging-sparks,0,20968,https://images.tcggo.com/tcggo/storage/21133/lively-stadium-ssp-180-surging-sparks.png,https://www.tcggo.com/external/cm/20968,https://www.tcggo.com/external/tcgplayer/20968,Lively Stadium,Lively Stadium 180,0.06,0.07,8972,EUR,[],,,,,,,,,0.02,0.02,0.02,0.02,0.02,0.02,0.02,0.02,0.02,0.02,,,,,,,,,,,,,,,,,,,,,,,,,,,,,,,,,,,,,,,,,,,,,,EUR,0.27,0.17,Uncommon,lively-stadium,Trainer,https://www.tcggo.com/pokemon/surging-sparks/lively-stadium-180,sv8-180,589991,singles
2026-08-23T17:19:56+02:00,,517,Ayaka Yoshida,ayaka-yoshida,SSP 181,181,794554,191,252,SSP,Pokémon,pokemon,172,https://images.tcggo.com/tcggo/storage/20954/surging-sparks-logo.png,Surging Sparks,EUR,1064.67,EUR,1090.76,2024-11-08,1,Scarlet & Violet,scarlet-violet,surging-sparks,0,20969,https://images.tcggo.com/tcggo/storage/21134/meddling-memo-ssp-181-surging-sparks.png,https://www.tcggo.com/external/cm/20969,https://www.tcggo.com/external/tcgplayer/20969,Meddling Memo,Meddling Memo 181,0.03,0.02,12704,EUR,[],,,,,,,,,0.02,0.02,0.02,0.02,0.02,0.02,0.02,0.02,0.02,0.02,,,,,,,,,,,,,,,,,,,,,,,,,,,,,,,,,,,,,,,,,,,,,,EUR,0.23,0.09,Uncommon,meddling-memo,Trainer,https://www.tcggo.com/pokemon/surging-sparks/meddling-memo-181,sv8-181,589999,singles
2026-08-23T17:19:56+02:00,,458,Toyste Beach,toyste-beach,SSP 182,182,794555,191,252,SSP,Pokémon,pokemon,172,https://images.tcggo.com/tcggo/storage/20954/surging-sparks-logo.png,Surging Sparks,EUR,1064.67,EUR,1090.76,2024-11-08,1,Scarlet & Violet,scarlet-violet,surging-sparks,0,20970,https://images.tcggo.com/tcggo/storage/21135/megaton-blower-ssp-182-surging-sparks.png,https://www.tcggo.com/external/cm/20970,https://www.tcggo.com/external/tcgplayer/20970,Megaton Blower,Megaton Blower 182,0.54,0.44,1747,EUR,[],,,,,,,,,0.05,0.04,0.04,0.49,0.49,0.05,0.3,0.3,0.09,0.09,,,,,,,,,,,,,,,,,,,,,,,,,,,,,,,,,,,,,,,,,,,,,,EUR,0.33,0.39,ACE SPEC Rare,megaton-blower,Trainer,https://www.tcggo.com/pokemon/surging-sparks/megaton-blower-182,sv8-182,590000,singles
2026-08-23T17:19:56+02:00,,464,inose yukie,inose-yukie,SSP 183,183,794556,191,252,SSP,Pokémon,pokemon,172,https://images.tcggo.com/tcggo/storage/20954/surging-sparks-logo.png,Surging Sparks,EUR,1064.67,EUR,1090.76,2024-11-08,1,Scarlet & Violet,scarlet-violet,surging-sparks,0,20971,https://images.tcggo.com/tcggo/storage/21136/miracle-headset-ssp-183-surging-sparks.png,https://www.tcggo.com/external/cm/20971,https://www.tcggo.com/external/tcgplayer/20971,Miracle Headset,Miracle Headset 183,1.08,0.92,964,EUR,[],,,,,,,,,0.4,0.1,0.1,1.5,1.5,0.4,0.45,0.45,0.15,0.15,,,,,,,,,,,,,,,,,,,,,,,,,,,,,,,,,,,,,,,,,,,,,,EUR,0.56,0.56,ACE SPEC Rare,miracle-headset,Trainer,https://www.tcggo.com/pokemon/surging-sparks/miracle-headset-183,sv8-183,590007,singles
2026-08-23T17:19:56+02:00,,461,Studio Bora Inc.,studio-bora-inc,SSP 184,184,794557,191,252,SSP,Pokémon,pokemon,172,https://images.tcggo.com/tcggo/storage/20954/surging-sparks-logo.png,Surging Sparks,EUR,1064.67,EUR,1090.76,2024-11-08,1,Scarlet & Violet,scarlet-violet,surging-sparks,0,20972,https://images.tcggo.com/tcggo/storage/21137/passho-berry-ssp-184-surging-sparks.png,https://www.tcggo.com/external/cm/20972,https://www.tcggo.com/external/tcgplayer/20972,Passho Berry,Passho Berry 184,0.03,0.03,12751,EUR,[],,,,,,,,,0.02,0.02,0.02,0.02,0.02,0.02,0.02,0.02,0.02,0.02,,,,,,,,,,,,,,,,,,,,,,,,,,,,,,,,,,,,,,,,,,,,,,EUR,0.24,0.09,Uncommon,passho-berry,Trainer,https://www.tcggo.com/pokemon/surging-sparks/passho-berry-184,sv8-184,590021,singles
2026-08-23T17:19:56+02:00,,464,inose yukie,inose-yukie,SSP 185,185,794558,191,252,SSP,Pokémon,pokemon,172,https://images.tcggo.com/tcggo/storage/20954/surging-sparks-logo.png,Surging Sparks,EUR,1064.67,EUR,1090.76,2024-11-08,1,Scarlet & Violet,scarlet-violet,surging-sparks,0,20973,https://images.tcggo.com/tcggo/storage/21138/precious-trolley-ssp-185-surging-sparks.png,https://www.tcggo.com/external/cm/20973,https://www.tcggo.com/external/tcgplayer/20973,Precious Trolley,Precious Trolley 185,3.69,3.95,476,EUR,[],,,,,,,,,3,2.75,2.75,4.99,4.99,3,2,2,1.9,1.9,,,,,,,,,,,,,,,,,,,,,,,,,,,,,,,,,,,,,,,,,,,,,,EUR,2.86,3.63,ACE SPEC Rare,precious-trolley,Trainer,https://www.tcggo.com/pokemon/surging-sparks/precious-trolley-185,sv8-185,590028,singles
2026-08-23T17:19:56+02:00,,517,Ayaka Yoshida,ayaka-yoshida,SSP 186,186,794559,191,252,SSP,Pokémon,pokemon,172,https://images.tcggo.com/tcggo/storage/20954/surging-sparks-logo.png,Surging Sparks,EUR,1064.67,EUR,1090.76,2024-11-08,1,Scarlet & Violet,scarlet-violet,surging-sparks,0,20974,https://images.tcggo.com/tcggo/storage/21139/scramble-switch-ssp-186-surging-sparks.png,https://www.tcggo.com/external/cm/20974,https://www.tcggo.com/external/tcgplayer/20974,Scramble Switch,Scramble Switch 186,0.54,0.51,1704,EUR,[],,,,,,,,,0.09,0.09,0.09,0.2,0.2,0.09,0.4,0.4,0.08,0.08,,,,,,,,,,,,,,,,,,,,,,,,,,,,,,,,,,,,,,,,,,,,,,EUR,0.42,0.43,ACE SPEC Rare,scramble-switch,Trainer,https://www.tcggo.com/pokemon/surging-sparks/scramble-switch-186,sv8-186,590042,singles
2026-08-23T17:19:56+02:00,,379,Sanosuke Sakuma,sanosuke-sakuma,SSP 187,187,794560,191,252,SSP,Pokémon,pokemon,172,https://images.tcggo.com/tcggo/storage/20954/surging-sparks-logo.png,Surging Sparks,EUR,1064.67,EUR,1090.76,2024-11-08,1,Scarlet & Violet,scarlet-violet,surging-sparks,0,20975,https://images.tcggo.com/tcggo/storage/21140/surfer-ssp-187-surging-sparks.png,https://www.tcggo.com/external/cm/20975,https://www.tcggo.com/external/tcgplayer/20975,Surfer,Surfer 187,0.06,0.07,15082,EUR,[],,,,,,,,,0.03,0.02,0.02,0.02,0.02,0.02,0.02,0.02,0.02,0.02,,,,,,,,,,,,,,,,,,,,,,,,,,,,,,,,,,,,,,,,,,,,,,EUR,0.21,0.13,Uncommon,surfer,Trainer,https://www.tcggo.com/pokemon/surging-sparks/surfer-187,sv8-187,590066,singles
2026-08-23T17:19:56+02:00,,461,Studio Bora Inc.,studio-bora-inc,SSP 188,188,794561,191,252,SSP,Pokémon,pokemon,172,https://images.tcggo.com/tcggo/storage/20954/surging-sparks-logo.png,Surging Sparks,EUR,1064.67,EUR,1090.76,2024-11-08,1,Scarlet & Violet,scarlet-violet,surging-sparks,0,20976,https://images.tcggo.com/tcggo/storage/21141/technical-machine-fluorite-ssp-188-surging-sparks.png,https://www.tcggo.com/external/cm/20976,https://www.tcggo.com/external/tcgplayer/20976,Technical Machine: Fluorite,Technical Machine: Fluorite 188,0.03,0.03,13571,EUR,[],,,,,,,,,0.02,0.02,0.02,0.02,0.02,0.02,0.02,0.02,0.02,0.02,,,,,,,,,,,,,,,,,,,,,,,,,,,,,,,,,,,,,,,,,,,,,,EUR,0.23,0.09,Uncommon,technical-machine-fluorite,Trainer,https://www.tcggo.com/pokemon/surging-sparks/technical-machine-fluorite-188,sv8-188,590075,singles
2026-08-23T17:19:56+02:00,,517,Ayaka Yoshida,ayaka-yoshida,SSP 189,189,794562,191,252,SSP,Pokémon,pokemon,172,https://images.tcggo.com/tcggo/storage/20954/surging-sparks-logo.png,Surging Sparks,EUR,1064.67,EUR,1090.76,2024-11-08,1,Scarlet & Violet,scarlet-violet,surging-sparks,0,20977,https://images.tcggo.com/tcggo/storage/21142/tera-orb-ssp-189-surging-sparks.png,https://www.tcggo.com/external/cm/20977,https://www.tcggo.com/external/tcgplayer/20977,Tera Orb,Tera Orb 189,0.07,0.06,11525,EUR,[],,,,,,,,,0.02,0.02,0.02,0.02,0.02,0.02,0.02,0.02,0.02,0.02,,,,,,,,,,,,,,,,,,,,,,,,,,,,,,,,,,,,,,,,,,,,,,EUR,0.26,0.13,Uncommon,tera-orb,Trainer,https://www.tcggo.com/pokemon/surging-sparks/tera-orb-189,sv8-189,590076,singles
2026-08-23T17:19:56+02:00,,426,Akira Komayama,akira-komayama,SSP 190,190,794563,191,252,SSP,Pokémon,pokemon,172,https://images.tcggo.com/tcggo/storage/20954/surging-sparks-logo.png,Surging Sparks,EUR,1064.67,EUR,1090.76,2024-11-08,1,Scarlet & Violet,scarlet-violet,surging-sparks,0,20978,https://images.tcggo.com/tcggo/storage/22093/tyme-ssp-190-surging-sparks.png,https://www.tcggo.com/external/cm/20978,https://www.tcggo.com/external/tcgplayer/20978,Tyme,Tyme 190,0.04,0.03,6528,EUR,[],,,,,,,,,0.02,0.02,0.02,0.02,0.02,0.02,0.02,0.02,0.02,0.02,,,,,,,,,,,,,,,,,,,,,,,,,,,,,,,,,,,,,,,,,,,,,,EUR,0.24,0.11,Uncommon,tyme,Trainer,https://www.tcggo.com/pokemon/surging-sparks/tyme-190,sv8-190,590083,singles
2026-08-23T17:19:56+02:00,,,,,SSP 191,191,794564,191,252,SSP,Pokémon,pokemon,172,https://images.tcggo.com/tcggo/storage/20954/surging-sparks-logo.png,Surging Sparks,EUR,1064.67,EUR,1090.76,2024-11-08,1,Scarlet & Violet,scarlet-violet,surging-sparks,0,20979,https://images.tcggo.com/tcggo/storage/21143/enriching-energy-ssp-191-surging-sparks.png,https://www.tcggo.com/external/cm/20979,https://www.tcggo.com/external/tcgplayer/20979,Enriching Energy,Enriching Energy 191,4.23,3.99,546,EUR,[],,,,,,,,,3.3,2.47,2.47,6.95,6.95,3.3,2.9,2.9,2.99,2.99,USD,,,,,,,,,,,,,,,,,,,,,,,27.4,1,,,7.5,1,9.68,2,,,,,,,,,,,,,,,EUR,2.92,2.38,ACE SPEC Rare,enriching-energy,Energy,https://www.tcggo.com/pokemon/surging-sparks/enriching-energy-191,sv8-191,589934,singles
2026-08-23T17:19:56+02:00,,473,Yuriko Akase,yuriko-akase,SSP 192,192,794565,191,252,SSP,Pokémon,pokemon,172,https://images.tcggo.com/tcggo/storage/20954/surging-sparks-logo.png,Surging Sparks,EUR,1064.67,EUR,1090.76,2024-11-08,1,Scarlet & Violet,scarlet-violet,surging-sparks,30,20980,https://images.tcggo.com/tcggo/storage/21144/exeggcute-ssp-192-surging-sparks.png,https://www.tcggo.com/external/cm/20980,https://www.tcggo.com/external/tcgplayer/20980,Exeggcute,Exeggcute 192,7.56,7.14,430,EUR,,,,,,,60,,40,8.4,5.77,6,6.99,6.99,8.99,6,6,2,2,USD,41.92,5,,,,,19.99,3,,,,,2.98,1,29.74,5,,,11.7,2,,,84.88,5,,,13.4,5,14.76,5,,,,,,,62.57,5,8.81,1,,,17.84,3,EUR,7.56,4.44,Illustration Rare,exeggcute,Pokémon,https://www.tcggo.com/pokemon/surging-sparks/exeggcute-192,sv8-192,589941,singles
2026-08-23T17:19:56+02:00,,470,REND,rend,SSP 193,193,794566,191,252,SSP,Pokémon,pokemon,172,https://images.tcggo.com/tcggo/storage/20954/surging-sparks-logo.png,Surging Sparks,EUR,1064.67,EUR,1090.76,2024-11-08,1,Scarlet & Violet,scarlet-violet,surging-sparks,120,20981,https://images.tcggo.com/tcggo/storage/21145/vivillon-ssp-193-surging-sparks.png,https://www.tcggo.com/external/cm/20981,https://www.tcggo.com/external/tcgplayer/20981,Vivillon,Vivillon 193,4.39,4.26,428,EUR,,,,,,,138,,39,4,2.5,2.5,3,3,4.5,4,4,1.5,1.5,,,,,,,,,,,,,,,,,,,,,,,,,,,,,,,,,,,,,,,,,,,,,,EUR,4.99,3.15,Illustration Rare,vivillon,Pokémon,https://www.tcggo.com/pokemon/surging-sparks/vivillon-193,sv8-193,590090,singles
2026-08-23T17:19:56+02:00,,468,matazo,matazo,SSP 194,194,794567,191,252,SSP,Pokémon,pokemon,172,https://images.tcggo.com/tcggo/storage/20954/surging-sparks-logo.png,Surging Sparks,EUR,1064.67,EUR,1090.76,2024-11-08,1,Scarlet & Violet,scarlet-violet,surging-sparks,110,20982,https://images.tcggo.com/tcggo/storage/21146/shiinotic-ssp-194-surging-sparks.png,https://www.tcggo.com/external/cm/20982,https://www.tcggo.com/external/tcgplayer/20982,Shiinotic,Shiinotic 194,3.02,3.2,482,EUR,,,,39,,,49,,25,2.5,1.5,1.5,2.99,2.99,2.9,3.7,3.7,1,1,,,,,,,,,,,,,,,,,,,,,,,,,,,,,,,,,,,,,,,,,,,,,,EUR,3.47,2.73,Illustration Rare,shiinotic,Pokémon,https://www.tcggo.com/pokemon/surging-sparks/shiinotic-194,sv8-194,590046,singles
2026-08-23T17:19:56+02:00,,774,Narano,narano,SSP 195,195,794568,191,252,SSP,Pokémon,pokemon,172,https://images.tcggo.com/tcggo/storage/20954/surging-sparks-logo.png,Surging Sparks,EUR,1064.67,EUR,1090.76,2024-11-08,1,Scarlet & Violet,scarlet-violet,surging-sparks,70,20983,https://images.tcggo.com/tcggo/storage/21147/castform-sunny-form-ssp-195-surging-sparks.png,https://www.tcggo.com/external/cm/20983,https://www.tcggo.com/external/tcgplayer/20983,Castform Sunny Form,Castform Sunny Form 195,6.14,6.06,406,EUR,,,,,,,130,,29,6.2,4.98,4.98,7.99,7.99,6.2,7.5,7.5,3,3,USD,34.68,5,,,,,12.88,5,,,,,,,35.73,5,,,9.06,2,,,89.35,5,,,12.5,5,15.82,5,,,,,,,60.01,2,,,,,7.8,3,EUR,7.47,5.42,Illustration Rare,castform-sunny-form,Pokémon,https://www.tcggo.com/pokemon/surging-sparks/castform-sunny-form-195,sv8-195,589888,singles
2026-08-23T17:19:56+02:00,,432,Whisker,whisker,SSP 196,196,794569,191,252,SSP,Pokémon,pokemon,172,https://images.tcggo.com/tcggo/storage/20954/surging-sparks-logo.png,Surging Sparks,EUR,1064.67,EUR,1090.76,2024-11-08,1,Scarlet & Violet,scarlet-violet,surging-sparks,70,20984,https://images.tcggo.com/tcggo/storage/23401/larvesta-ssp-196-surging-sparks.png,https://www.tcggo.com/external/cm/20984,https://www.tcggo.com/external/tcgplayer/20984,Larvesta,Larvesta 196,2.6,2.73,605,EUR,,,,50,,,54,33,20,2.25,1.49,1.49,2.3,2.3,2.49,2.99,2.99,0.99,0.99,,,,,,,,,,,,,,,,,,,,,,,,,,,,,,,,,,,,,,,,,,,,,,EUR,2.71,1.79,Illustration Rare,larvesta,Pokémon,https://www.tcggo.com/pokemon/surging-sparks/larvesta-196,sv8-196,589982,singles
2026-08-23T17:19:56+02:00,,390,Rond,rond,SSP 197,197,794570,191,252,SSP,Pokémon,pokemon,172,https://images.tcggo.com/tcggo/storage/20954/surging-sparks-logo.png,Surging Sparks,EUR,1064.67,EUR,1090.76,2024-11-08,1,Scarlet & Violet,scarlet-violet,surging-sparks,140,20985,https://images.tcggo.com/tcggo/storage/21148/ceruledge-ssp-197-surging-sparks.png,https://www.tcggo.com/external/cm/20985,https://www.tcggo.com/external/tcgplayer/20985,Ceruledge,Ceruledge 197,17.1,21.39,404,EUR,,,44,69,,,60,,45,18,12.5,12.5,17,17,18,18.5,19.9,8.27,8.27,USD,54.53,5,14.9,1,15.36,1,21.25,5,,,,,26.76,3,102.14,5,12.04,1,15,5,,,173.58,5,13.5,1,19.13,5,26.76,5,139.99,1,,,,,196.25,5,,,29.43,1,22.3,5,EUR,21.39,15.08,Illustration Rare,ceruledge,Pokémon,https://www.tcggo.com/pokemon/surging-sparks/ceruledge-197,sv8-197,589891,singles
2026-08-23T17:19:56+02:00,,366,Kuroimori,kuroimori,SSP 198,198,794571,191,252,SSP,Pokémon,pokemon,172,https://images.tcggo.com/tcggo/storage/20954/surging-sparks-logo.png,Surging Sparks,EUR,1064.67,EUR,1090.76,2024-11-08,1,Scarlet & Violet,scarlet-violet,surging-sparks,30,20986,https://images.tcggo.com/tcggo/storage/21149/feebas-ssp-198-surging-sparks.png,https://www.tcggo.com/external/cm/20986,https://www.tcggo.com/external/tcgplayer/20986,Feebas,Feebas 198,8.99,8.73,352,EUR,,,,,,,120,23,34,6,6.49,6.49,7.99,7.99,9.49,9,9,3.95,3.95,USD,67.74,5,,,,,18.76,5,,,,,,,35.73,5,,,10.7,3,,,133.12,5,19.62,1,10.42,5,19.36,5,52.71,1,,,,,71.34,3,,,,,22.34,3,EUR,8.68,5.7,Illustration Rare,feebas,Pokémon,https://www.tcggo.com/pokemon/surging-sparks/feebas-198,sv8-198,589944,singles
2026-08-23T17:19:56+02:00,,449,miki kudo,miki-kudo,SSP 199,199,794572,191,252,SSP,Pokémon,pokemon,172,https://images.tcggo.com/tcggo/storage/20954/surging-sparks-logo.png,Surging Sparks,EUR,1064.67,EUR,1090.76,2024-11-08,1,Scarlet & Violet,scarlet-violet,surging-sparks,70,20987,https://images.tcggo.com/tcggo/storage/21150/spheal-ssp-199-surging-sparks.png,https://www.tcggo.com/external/cm/20987,https://www.tcggo.com/external/tcgplayer/20987,Spheal,Spheal 199,6.93,6.13,432,EUR,[],,,,,,,,,7.5,6.5,6.5,5,5,7.5,5,5,2.45,2.45,USD,46.28,5,,,,,15.81,5,,,,,,,49.06,5,,,8.39,3,,,107.05,5,,,10.78,5,20.51,5,,,,,,,98.13,3,,,,,17.85,5,EUR,8.61,5.56,Illustration Rare,spheal,Pokémon,https://www.tcggo.com/pokemon/surging-sparks/spheal-199,sv8-199,590063,singles
2026-08-23T17:19:56+02:00,,375,Mitsuhiro Arita,mitsuhiro-arita,SSP 200,200,794573,191,252,SSP,Pokémon,pokemon,172,https://images.tcggo.com/tcggo/storage/20954/surging-sparks-logo.png,Surging Sparks,EUR,1064.67,EUR,1090.76,2024-11-08,1,Scarlet & Violet,scarlet-violet,surging-sparks,110,20988,https://images.tcggo.com/tcggo/storage/21151/bruxish-ssp-200-surging-sparks.png,https://www.tcggo.com/external/cm/20988,https://www.tcggo.com/external/tcgplayer/20988,Bruxish,Bruxish 200,2.67,2.66,482,EUR,[],,,,,,,,,2.5,1.8,1.8,1.9,1.9,2.5,3,3,0.95,0.95,,,,,,,,,,,,,,,,,,,,,,,,,,,,,,,,,,,,,,,,,,,,,,EUR,2.43,1.79,Illustration Rare,bruxish,Pokémon,https://www.tcggo.com/pokemon/surging-sparks/bruxish-200,sv8-200,589884,singles
2026-08-23T17:19:56+02:00,,386,Jerky,jerky,SSP 201,201,794574,191,252,SSP,Pokémon,pokemon,172,https://images.tcggo.com/tcggo/storage/20954/surging-sparks-logo.png,Surging Sparks,EUR,1064.67,EUR,1090.76,2024-11-08,1,Scarlet & Violet,scarlet-violet,surging-sparks,180,20989,https://images.tcggo.com/tcggo/storage/21152/cetitan-ssp-201-surging-sparks.png,https://www.tcggo.com/external/cm/20989,https://www.tcggo.com/external/tcgplayer/20989,Cetitan,Cetitan 201,2.75,2.67,579,EUR,,,,40,,,54,,45,2.2,1.5,1.5,2.49,2.49,2.5,2.85,2.85,0.8,0.8,,,,,,,,,,,,,,,,,,,,,,,,,,,,,,,,,,,,,,,,,,,,,,EUR,2.51,2.48,Illustration Rare,cetitan,Pokémon,https://www.tcggo.com/pokemon/surging-sparks/cetitan-201,sv8-201,589894,singles
2026-08-23T17:19:56+02:00,,489,N-DESIGN Inc.,n-design-inc,SSP 202,202,794575,191,252,SSP,Pokémon,pokemon,172,https://images.tcggo.com/tcggo/storage/20954/surging-sparks-logo.png,Surging Sparks,EUR,1064.67,EUR,1090.76,2024-11-08,1,Scarlet & Violet,scarlet-violet,surging-sparks,110,20990,https://images.tcggo.com/tcggo/storage/21153/stunfisk-ssp-202-surging-sparks.png,https://www.tcggo.com/external/cm/20990,https://www.tcggo.com/external/tcgplayer/20990,Stunfisk,Stunfisk 202,1.67,1.65,759,EUR,[],,,,,,,,,1.1,1,1,0.8,0.8,1.1,2,2,0.72,0.72,,,,,,,,,,,,,,,,,,,,,,,,,,,,,,,,,,,,,,,,,,,,,,EUR,2.09,1.54,Illustration Rare,stunfisk,Pokémon,https://www.tcggo.com/pokemon/surging-sparks/stunfisk-202,sv8-202,590065,singles
2026-08-23T17:19:56+02:00,,394,OKACHEKE,okacheke,SSP 203,203,794576,191,252,SSP,Pokémon,pokemon,172,https://images.tcggo.com/tcggo/storage/20954/surging-sparks-logo.png,Surging Sparks,EUR,1064.67,EUR,1090.76,2024-11-08,1,Scarlet & Violet,scarlet-violet,surging-sparks,120,20991,https://images.tcggo.com/tcggo/storage/21154/latios-ssp-203-surging-sparks.png,https://www.tcggo.com/external/cm/20991,https://www.tcggo.com/external/tcgplayer/20991,Latios,Latios 203,45.34,56.87,480,EUR,,,139,,,,300,40,55,32.69,26.98,26.98,27.5,27.5,32.69,48.75,48.75,16.5,16.5,USD,102.23,5,,,,,31.58,5,,,,,42,4,59.81,5,,,32.99,5,,,224.27,5,18.32,5,20.93,5,32.89,5,,,,,,,181.67,5,,,25,1,41.87,5,EUR,29.46,25.17,Illustration Rare,latios,Pokémon,https://www.tcggo.com/pokemon/surging-sparks/latios-203,sv8-203,589987,singles
2026-08-23T17:19:56+02:00,,359,HYOGONOSUKE,hyogonosuke,SSP 204,204,794577,191,252,SSP,Pokémon,pokemon,172,https://images.tcggo.com/tcggo/storage/20954/surging-sparks-logo.png,Surging Sparks,EUR,1064.67,EUR,1090.76,2024-11-08,1,Scarlet & Violet,scarlet-violet,surging-sparks,70,20992,https://images.tcggo.com/tcggo/storage/21155/mesprit-ssp-204-surging-sparks.png,https://www.tcggo.com/external/cm/20992,https://www.tcggo.com/external/tcgplayer/20992,Mesprit,Mesprit 204,14.51,14.29,406,EUR,,,,49,,,130,,45,18.5,10.49,10.49,15,15,18.5,22,22,6,6,USD,47.08,5,,,,,19.76,5,,,,,,,39.24,5,,,15,5,,,103.92,5,,,10.7,5,22.29,5,,,,,,,83.54,4,,,,,17.7,3,EUR,11.99,8.55,Illustration Rare,mesprit,Pokémon,https://www.tcggo.com/pokemon/surging-sparks/mesprit-204,sv8-204,590003,singles
2026-08-23T17:19:56+02:00,,370,Saboteri,saboteri,SSP 205,205,794578,191,252,SSP,Pokémon,pokemon,172,https://images.tcggo.com/tcggo/storage/20954/surging-sparks-logo.png,Surging Sparks,EUR,1064.67,EUR,1090.76,2024-11-08,1,Scarlet & Violet,scarlet-violet,surging-sparks,80,20993,https://images.tcggo.com/tcggo/storage/21156/phanpy-ssp-205-surging-sparks.png,https://www.tcggo.com/external/cm/20993,https://www.tcggo.com/external/tcgplayer/20993,Phanpy,Phanpy 205,7.19,6.78,389,EUR,[],,,,,,,,,7,5,5,7,7,7.5,4.9,4.9,2,2,USD,38.64,5,,,,,15.09,2,,,,,,,35.68,5,,,16,1,,,83.25,5,,,10.7,5,17.83,5,,,,,,,70.11,4,,,,,20,3,EUR,7.98,5.55,Illustration Rare,phanpy,Pokémon,https://www.tcggo.com/pokemon/surging-sparks/phanpy-205,sv8-205,590024,singles
2026-08-23T17:19:56+02:00,,369,toriyufu,toriyufu,SSP 206,206,794579,191,252,SSP,Pokémon,pokemon,172,https://images.tcggo.com/tcggo/storage/20954/surging-sparks-logo.png,Surging Sparks,EUR,1064.67,EUR,1090.76,2024-11-08,1,Scarlet & Violet,scarlet-violet,surging-sparks,90,20994,https://images.tcggo.com/tcggo/storage/21157/vibrava-ssp-206-surging-sparks.png,https://www.tcggo.com/external/cm/20994,https://www.tcggo.com/external/tcgplayer/20994,Vibrava,Vibrava 206,3.56,3.5,520,EUR,,,,35,,,50,,40,2.5,1.97,1.97,2.9,2.9,2.5,3.8,3.8,0.99,0.99,,,,,,,,,,,,,,,,,,,,,,,,,,,,,,,,,,,,,,,,,,,,,,EUR,3.67,2.34,Illustration Rare,vibrava,Pokémon,https://www.tcggo.com/pokemon/surging-sparks/vibrava-206,sv8-206,590086,singles
2026-08-23T17:19:56+02:00,,525,USGMEN,usgmen,SSP 207,207,794580,191,252,SSP,Pokémon,pokemon,172,https://images.tcggo.com/tcggo/storage/20954/surging-sparks-logo.png,Surging Sparks,EUR,1064.67,EUR,1090.76,2024-11-08,1,Scarlet & Violet,scarlet-violet,surging-sparks,70,20995,https://images.tcggo.com/tcggo/storage/21158/clobbopus-ssp-207-surging-sparks.png,https://www.tcggo.com/external/cm/20995,https://www.tcggo.com/external/tcgplayer/20995,Clobbopus,Clobbopus 207,4.39,3.62,520,EUR,[],,,,,,,,,4.99,2.5,2.5,4,4,4.99,4.5,4.5,1.9,1.9,,,,,,,,,,,,,,,,,,,,,,,,,,,,,,,,,,,,,,,,,,,,,,EUR,5.74,4.65,Illustration Rare,clobbopus,Pokémon,https://www.tcggo.com/pokemon/surging-sparks/clobbopus-207,sv8-207,589904,singles
2026-08-23T17:19:56+02:00,,465,Yukihiro Tada,yukihiro-tada,SSP 208,208,794581,191,252,SSP,Pokémon,pokemon,172,https://images.tcggo.com/tcggo/storage/20954/surging-sparks-logo.png,Surging Sparks,EUR,1064.67,EUR,1090.76,2024-11-08,1,Scarlet & Violet,scarlet-violet,surging-sparks,110,20996,https://images.tcggo.com/tcggo/storage/21159/alolan-dugtrio-ssp-208-surging-sparks.png,https://www.tcggo.com/external/cm/20996,https://www.tcggo.com/external/tcgplayer/20996,Alolan Dugtrio,Alolan Dugtrio 208,6.18,5.43,417,EUR,,,,,,,140,,45,8.9,4,4.5,4,4,8.9,4.5,4.5,1.99,1.99,USD,42.95,5,,,,,19.6,5,,,,,20.52,1,44.6,5,,,26.32,2,,,132.02,5,14.13,2,14.56,5,22.3,5,,,,,,,83.25,5,,,,,21.19,2,EUR,8.11,5.13,Illustration Rare,alolan-dugtrio,Pokémon,https://www.tcggo.com/pokemon/surging-sparks/alolan-dugtrio-208,sv8-208,589857,singles
2026-08-23T17:19:56+02:00,,388,Takumi Wada,takumi-wada,SSP 209,209,794582,191,252,SSP,Pokémon,pokemon,172,https://images.tcggo.com/tcggo/storage/20954/surging-sparks-logo.png,Surging Sparks,EUR,1064.67,EUR,1090.76,2024-11-08,1,Scarlet & Violet,scarlet-violet,surging-sparks,110,20997,https://images.tcggo.com/tcggo/storage/21160/skarmory-ssp-209-surging-sparks.png,https://www.tcggo.com/external/cm/20997,https://www.tcggo.com/external/tcgplayer/20997,Skarmory,Skarmory 209,9.14,8.75,468,EUR,,,,60,,150,150,,30,9.49,5.95,5.95,6,6,9.75,11.95,11.95,4,4,USD,54.53,5,,,15.8,1,19.72,5,,,,,11.53,1,53.52,5,6.7,1,13.16,5,,,98.13,5,10.5,1,15.36,5,20.07,5,,,,,,,108.15,5,,,,,22.3,5,EUR,7.53,6.89,Illustration Rare,skarmory,Pokémon,https://www.tcggo.com/pokemon/surging-sparks/skarmory-209,sv8-209,590052,singles
2026-08-23T17:19:56+02:00,,419,Uninori,uninori,SSP 210,210,794583,191,252,SSP,Pokémon,pokemon,172,https://images.tcggo.com/tcggo/storage/20954/surging-sparks-logo.png,Surging Sparks,EUR,1064.67,EUR,1090.76,2024-11-08,1,Scarlet & Violet,scarlet-violet,surging-sparks,80,20998,https://images.tcggo.com/tcggo/storage/21161/flapple-ssp-210-surging-sparks.png,https://www.tcggo.com/external/cm/20998,https://www.tcggo.com/external/tcgplayer/20998,Flapple,Flapple 210,3.27,3.26,423,EUR,[],,,,,,,,,2.95,2.5,2.5,2.45,2.45,2.95,3.89,3.89,1.5,1.5,,,,,,,,,,,,,,,,,,,,,,,,,,,,,,,,,,,,,,,,,,,,,,EUR,3.82,2.94,Illustration Rare,flapple,Pokémon,https://www.tcggo.com/pokemon/surging-sparks/flapple-210,sv8-210,589947,singles
2026-08-23T17:19:56+02:00,,376,MINAMINAMI Take,minaminami-take,SSP 211,211,794584,191,252,SSP,Pokémon,pokemon,172,https://images.tcggo.com/tcggo/storage/20954/surging-sparks-logo.png,Surging Sparks,EUR,1064.67,EUR,1090.76,2024-11-08,1,Scarlet & Violet,scarlet-violet,surging-sparks,90,20999,https://images.tcggo.com/tcggo/storage/21162/appletun-ssp-211-surging-sparks.png,https://www.tcggo.com/external/cm/20999,https://www.tcggo.com/external/tcgplayer/20999,Appletun,Appletun 211,4.52,4.44,406,EUR,[],,,,,,,,,4.19,3.48,3.48,4,4,4.8,4,4.2,1.5,1.5,,,,,,,,,,,,,,,,,,,,,,,,,,,,,,,,,,,,,,,,,,,,,,EUR,6.53,4.67,Illustration Rare,appletun,Pokémon,https://www.tcggo.com/pokemon/surging-sparks/appletun-211,sv8-211,589865,singles
2026-08-23T17:19:56+02:00,,399,Mékayu,mekayu,SSP 212,212,794585,191,252,SSP,Pokémon,pokemon,172,https://images.tcggo.com/tcggo/storage/20954/surging-sparks-logo.png,Surging Sparks,EUR,1064.67,EUR,1090.76,2024-11-08,1,Scarlet & Violet,scarlet-violet,surging-sparks,60,21000,https://images.tcggo.com/tcggo/storage/21163/slakoth-ssp-212-surging-sparks.png,https://www.tcggo.com/external/cm/21000,https://www.tcggo.com/external/tcgplayer/21000,Slakoth,Slakoth 212,8.97,8.7,329,EUR,,,,,,50,160,,45,9.77,7,7.49,6.99,6.99,10,5,5,2.9,2.9,USD,70,5,,,7.44,1,19.77,5,,,,,,,148.63,5,,,27.65,2,,,148.68,5,11.93,5,12.27,5,29.69,5,,,,,,,148.68,5,,,,,39.99,3,EUR,10.81,7.68,Illustration Rare,slakoth,Pokémon,https://www.tcggo.com/pokemon/surging-sparks/slakoth-212,sv8-212,590057,singles
2026-08-23T17:19:56+02:00,,783,Mori Yuu,mori-yuu,SSP 213,213,794586,191,252,SSP,Pokémon,pokemon,172,https://images.tcggo.com/tcggo/storage/20954/surging-sparks-logo.png,Surging Sparks,EUR,1064.67,EUR,1090.76,2024-11-08,1,Scarlet & Violet,scarlet-violet,surging-sparks,70,21001,https://images.tcggo.com/tcggo/storage/21164/kecleon-ssp-213-surging-sparks.png,https://www.tcggo.com/external/cm/21001,https://www.tcggo.com/external/tcgplayer/21001,Kecleon,Kecleon 213,5.01,4.84,386,EUR,,,,,,,76,,34,4.49,3.99,3.99,4,4,5,5,5,1.75,1.75,USD,,,,,,,,,,,,,,,35,5,,,16,1,35,1,82,5,8.01,5,16.5,5,15,5,,,,,2.75,1,66,1,,,,,20.25,2,EUR,7.57,4.54,Illustration Rare,kecleon,Pokémon,https://www.tcggo.com/pokemon/surging-sparks/kecleon-213,sv8-213,589975,singles
2026-08-23T17:19:56+02:00,,383,Gapao,gapao,SSP 214,214,794587,191,252,SSP,Pokémon,pokemon,172,https://images.tcggo.com/tcggo/storage/20954/surging-sparks-logo.png,Surging Sparks,EUR,1064.67,EUR,1090.76,2024-11-08,1,Scarlet & Violet,scarlet-violet,surging-sparks,130,21002,https://images.tcggo.com/tcggo/storage/21165/braviary-ssp-214-surging-sparks.png,https://www.tcggo.com/external/cm/21002,https://www.tcggo.com/external/tcgplayer/21002,Braviary,Braviary 214,5.24,5.47,514,EUR,[],,,,,,,,,4,3.99,4,5,5,4,6.3,7,3,3,,,,,,,,,,,,,,,,,,,,,,,,,,,,,,,,,,,,,,,,,,,,,,EUR,5.04,3.86,Illustration Rare,braviary,Pokémon,https://www.tcggo.com/pokemon/surging-sparks/braviary-214,sv8-214,589879,singles
2026-08-23T17:19:56+02:00,,475,PLANETA Tsuji,planeta-tsuji,SSP 215,215,794588,191,252,SSP,Pokémon,pokemon,172,https://images.tcggo.com/tcggo/storage/20954/surging-sparks-logo.png,Surging Sparks,EUR,1064.67,EUR,1090.76,2024-11-08,1,Scarlet & Violet,scarlet-violet,surging-sparks,190,21003,https://images.tcggo.com/tcggo/storage/21166/durant-ex-ssp-215-surging-sparks.png,https://www.tcggo.com/external/cm/21003,https://www.tcggo.com/external/tcgplayer/21003,Durant ex,Durant ex 215,1.19,1.22,897,EUR,[],,,,,,,,,0.79,0.8,0.8,1.5,1.5,0.79,1,1,0.19,0.19,,,,,,,,,,,,,,,,,,,,,,,,,,,,,,,,,,,,,,,,,,,,,,EUR,0.82,0.94,Ultra Rare,durant-ex,Pokémon,https://www.tcggo.com/pokemon/surging-sparks/durant-ex-215,sv8-215,589929,singles
2026-08-23T17:19:56+02:00,,511,PLANETA Igarashi,planeta-igarashi,SSP 216,216,794589,191,252,SSP,Pokémon,pokemon,172,https://images.tcggo.com/tcggo/storage/20954/surging-sparks-logo.png,Surging Sparks,EUR,1064.67,EUR,1090.76,2024-11-08,1,Scarlet & Violet,scarlet-violet,surging-sparks,260,21004,https://images.tcggo.com/tcggo/storage/21167/scovillain-ex-ssp-216-surging-sparks.png,https://www.tcggo.com/external/cm/21004,https://www.tcggo.com/external/tcgplayer/21004,Scovillain ex,Scovillain ex 216,1.17,1.13,862,EUR,[],,,,,,,,,0.9,0.49,0.49,0.9,0.9,0.89,0.9,0.9,0.2,0.2,,,,,,,,,,,,,,,,,,,,,,,,,,,,,,,,,,,,,,,,,,,,,,EUR,0.96,0.98,Ultra Rare,scovillain-ex,Pokémon,https://www.tcggo.com/pokemon/surging-sparks/scovillain-ex-216,sv8-216,590041,singles
2026-08-23T17:19:56+02:00,,489,N-DESIGN Inc.,n-design-inc,SSP 217,217,794590,191,252,SSP,Pokémon,pokemon,172,https://images.tcggo.com/tcggo/storage/20954/surging-sparks-logo.png,Surging Sparks,EUR,1064.67,EUR,1090.76,2024-11-08,1,Scarlet & Violet,scarlet-violet,surging-sparks,270,21005,https://images.tcggo.com/tcggo/storage/21168/milotic-ex-ssp-217-surging-sparks.png,https://www.tcggo.com/external/cm/21005,https://www.tcggo.com/external/tcgplayer/21005,Milotic ex,Milotic ex 217,2.42,2.18,572,EUR,[],,,,,,,,,1.85,1.98,1.98,2,2,1.85,2.25,3,0.89,0.89,,,,,,,,,,,,,,,,,,,,,,,,,,,,,,,,,,,,,,,,,,,,,,EUR,2.08,1.97,Ultra Rare,milotic-ex,Pokémon,https://www.tcggo.com/pokemon/surging-sparks/milotic-ex-217,sv8-217,590005,singles
2026-08-23T17:19:56+02:00,,489,N-DESIGN Inc.,n-design-inc,SSP 218,218,794591,191,252,SSP,Pokémon,pokemon,172,https://images.tcggo.com/tcggo/storage/20954/surging-sparks-logo.png,Surging Sparks,EUR,1064.67,EUR,1090.76,2024-11-08,1,Scarlet & Violet,scarlet-violet,surging-sparks,230,21006,https://images.tcggo.com/tcggo/storage/21169/black-kyurem-ex-ssp-218-surging-sparks.png,https://www.tcggo.com/external/cm/21006,https://www.tcggo.com/external/tcgplayer/21006,Black Kyurem ex,Black Kyurem ex 218,2.66,2.51,568,EUR,,,,,,,,,25,2,1.9,1.9,2,2,2,3,3,1.19,1.19,,,,,,,,,,,,,,,,,,,,,,,,,,,,,,,,,,,,,,,,,,,,,,EUR,1.89,2.22,Ultra Rare,black-kyurem-ex,Pokémon,https://www.tcggo.com/pokemon/surging-sparks/black-kyurem-ex-218,sv8-218,589875,singles
2026-08-23T17:19:56+02:00,,371,aky CG Works,aky-cg-works,SSP 219,219,794592,191,252,SSP,Pokémon,pokemon,172,https://images.tcggo.com/tcggo/storage/20954/surging-sparks-logo.png,Surging Sparks,EUR,1064.67,EUR,1090.76,2024-11-08,1,Scarlet & Violet,scarlet-violet,surging-sparks,200,21007,https://images.tcggo.com/tcggo/storage/21170/pikachu-ex-ssp-219-surging-sparks.png,https://www.tcggo.com/external/cm/21007,https://www.tcggo.com/external/tcgplayer/21007,Pikachu ex,Pikachu ex 219,25.35,31.03,417,EUR,,500,32,84,50,69,240,55,60,26.95,19,19.5,18,18,26.95,24,25,15,15,USD,78.08,5,,,,,31.76,5,300,1,,,30.65,1,98.68,5,,,32.99,5,,,179.42,5,34.99,5,33.39,5,41.92,5,,,,,35.89,1,174.94,5,,,,,45.47,5,EUR,26.03,24.62,Ultra Rare,pikachu-ex,Pokémon,https://www.tcggo.com/pokemon/surging-sparks/pikachu-ex-219,sv8-219,590026,singles
2026-08-23T17:19:56+02:00,,490,takuyoa,takuyoa,SSP 220,220,794593,191,252,SSP,Pokémon,pokemon,172,https://images.tcggo.com/tcggo/storage/20954/surging-sparks-logo.png,Surging Sparks,EUR,1064.67,EUR,1090.76,2024-11-08,1,Scarlet & Violet,scarlet-violet,surging-sparks,210,21008,https://images.tcggo.com/tcggo/storage/21171/latias-ex-ssp-220-surging-sparks.png,https://www.tcggo.com/external/cm/21008,https://www.tcggo.com/external/tcgplayer/21008,Latias ex,Latias ex 220,6.38,6.8,473,EUR,,,,,,,40,,59,6,4.99,4.99,9.49,9.49,6,6.99,6.99,3.83,3.83,USD,36.75,5,,,,,14.89,3,,,,,,,19.33,5,8.93,1,14,1,,,74.34,5,,,7.81,5,18.58,5,,,,,21.4,1,33.47,4,,,,,15.24,5,EUR,6.88,6.41,Ultra Rare,latias-ex,Pokémon,https://www.tcggo.com/pokemon/surging-sparks/latias-ex-220,sv8-220,589984,singles
2026-08-23T17:19:56+02:00,,380,5ban Graphics,5ban-graphics,SSP 221,221,794594,191,252,SSP,Pokémon,pokemon,172,https://images.tcggo.com/tcggo/storage/20954/surging-sparks-logo.png,Surging Sparks,EUR,1064.67,EUR,1090.76,2024-11-08,1,Scarlet & Violet,scarlet-violet,surging-sparks,280,21009,https://images.tcggo.com/tcggo/storage/21172/palossand-ex-ssp-221-surging-sparks.png,https://www.tcggo.com/external/cm/21009,https://www.tcggo.com/external/tcgplayer/21009,Palossand ex,Palossand ex 221,1.75,1.81,571,EUR,[],,,,,,,,,1.44,1.1,1.1,1.45,1.45,1.44,2,2,0.5,0.5,,,,,,,,,,,,,,,,,,,,,,,,,,,,,,,,,,,,,,,,,,,,,,EUR,1.81,1.31,Ultra Rare,palossand-ex,Pokémon,https://www.tcggo.com/pokemon/surging-sparks/palossand-ex-221,sv8-221,590019,singles
2026-08-23T17:19:56+02:00,,380,5ban Graphics,5ban-graphics,SSP 222,222,794595,191,252,SSP,Pokémon,pokemon,172,https://images.tcggo.com/tcggo/storage/20954/surging-sparks-logo.png,Surging Sparks,EUR,1064.67,EUR,1090.76,2024-11-08,1,Scarlet & Violet,scarlet-violet,surging-sparks,310,21010,https://images.tcggo.com/tcggo/storage/21173/flygon-ex-ssp-222-surging-sparks.png,https://www.tcggo.com/external/cm/21010,https://www.tcggo.com/external/tcgplayer/21010,Flygon ex,Flygon ex 222,2.54,2.42,582,EUR,,,,,,,45,,,1.99,1.99,1.99,2.59,2.59,1.99,2.9,2.9,0.9,0.9,,,,,,,,,,,,,,,,,,,,,,,,,,,,,,,,,,,,,,,,,,,,,,EUR,2.09,2.45,Ultra Rare,flygon-ex,Pokémon,https://www.tcggo.com/pokemon/surging-sparks/flygon-ex-222,sv8-222,589951,singles
2026-08-23T17:19:56+02:00,,380,5ban Graphics,5ban-graphics,SSP 223,223,794596,191,252,SSP,Pokémon,pokemon,172,https://images.tcggo.com/tcggo/storage/20954/surging-sparks-logo.png,Surging Sparks,EUR,1064.67,EUR,1090.76,2024-11-08,1,Scarlet & Violet,scarlet-violet,surging-sparks,330,21011,https://images.tcggo.com/tcggo/storage/21174/hydreigon-ex-ssp-223-surging-sparks.png,https://www.tcggo.com/external/cm/21011,https://www.tcggo.com/external/tcgplayer/21011,Hydreigon ex,Hydreigon ex 223,3.27,3.39,479,EUR,,,,,,,44,,25,2.5,2.78,2.78,4,4,2.5,3,3,1.4,1.4,,,,,,,,,,,,,,,,,,,,,,,,,,,,,,,,,,,,,,,,,,,,,,EUR,4.57,4.27,Ultra Rare,hydreigon-ex,Pokémon,https://www.tcggo.com/pokemon/surging-sparks/hydreigon-ex-223,sv8-223,589966,singles
2026-08-23T17:19:56+02:00,,380,5ban Graphics,5ban-graphics,SSP 224,224,794597,191,252,SSP,Pokémon,pokemon,172,https://images.tcggo.com/tcggo/storage/20954/surging-sparks-logo.png,Surging Sparks,EUR,1064.67,EUR,1090.76,2024-11-08,1,Scarlet & Violet,scarlet-violet,surging-sparks,300,21012,https://images.tcggo.com/tcggo/storage/21175/archaludon-ex-ssp-224-surging-sparks.png,https://www.tcggo.com/external/cm/21012,https://www.tcggo.com/external/tcgplayer/21012,Archaludon ex,Archaludon ex 224,1.34,1.27,874,EUR,[],,,,,,,,,0.7,0.96,0.96,1.2,1.2,0.7,1.5,1.5,0.5,0.5,,,,,,,,,,,,,,,,,,,,,,,,,,,,,,,,,,,,,,,,,,,,,,EUR,0.9,1.17,Ultra Rare,archaludon-ex,Pokémon,https://www.tcggo.com/pokemon/surging-sparks/archaludon-ex-224,sv8-224,589868,singles
2026-08-23T17:19:56+02:00,,371,aky CG Works,aky-cg-works,SSP 225,225,794598,191,252,SSP,Pokémon,pokemon,172,https://images.tcggo.com/tcggo/storage/20954/surging-sparks-logo.png,Surging Sparks,EUR,1064.67,EUR,1090.76,2024-11-08,1,Scarlet & Violet,scarlet-violet,surging-sparks,300,21013,https://images.tcggo.com/tcggo/storage/21176/alolan-exeggutor-ex-ssp-225-surging-sparks.png,https://www.tcggo.com/external/cm/21013,https://www.tcggo.com/external/tcgplayer/21013,Alolan Exeggutor ex,Alolan Exeggutor ex 225,2.75,2.48,593,EUR,,,,,,,69,,,1.99,1.99,1.99,3.2,3.2,1.99,3.49,3.49,0.8,0.8,,,,,,,,,,,,,,,,,,,,,,,,,,,,,,,,,,,,,,,,,,,,,,EUR,1.77,2.02,Ultra Rare,alolan-exeggutor-ex,Pokémon,https://www.tcggo.com/pokemon/surging-sparks/alolan-exeggutor-ex-225,sv8-225,589859,singles
2026-08-23T17:19:56+02:00,,380,5ban Graphics,5ban-graphics,SSP 226,226,794599,191,252,SSP,Pokémon,pokemon,172,https://images.tcggo.com/tcggo/storage/20954/surging-sparks-logo.png,Surging Sparks,EUR,1064.67,EUR,1090.76,2024-11-08,1,Scarlet & Violet,scarlet-violet,surging-sparks,160,21014,https://images.tcggo.com/tcggo/storage/21177/tatsugiri-ex-ssp-226-surging-sparks.png,https://www.tcggo.com/external/cm/21014,https://www.tcggo.com/external/tcgplayer/21014,Tatsugiri ex,Tatsugiri ex 226,1.57,1.57,641,EUR,,,,,,,49,,,0.98,0.99,0.99,1.49,1.49,0.98,2,2,0.69,0.69,,,,,,,,,,,,,,,,,,,,,,,,,,,,,,,,,,,,,,,,,,,,,,EUR,1.53,1.71,Ultra Rare,tatsugiri-ex,Pokémon,https://www.tcggo.com/pokemon/surging-sparks/tatsugiri-ex-226,sv8-226,590074,singles
2026-08-23T17:19:56+02:00,,511,PLANETA Igarashi,planeta-igarashi,SSP 227,227,794600,191,252,SSP,Pokémon,pokemon,172,https://images.tcggo.com/tcggo/storage/20954/surging-sparks-logo.png,Surging Sparks,EUR,1064.67,EUR,1090.76,2024-11-08,1,Scarlet & Violet,scarlet-violet,surging-sparks,340,21015,https://images.tcggo.com/tcggo/storage/21178/slaking-ex-ssp-227-surging-sparks.png,https://www.tcggo.com/external/cm/21015,https://www.tcggo.com/external/tcgplayer/21015,Slaking ex,Slaking ex 227,1.34,1.28,773,EUR,[],,,,,,,,,0.8,0.5,0.5,1.8,1.8,0.8,0.9,0.99,0.39,0.39,,,,,,,,,,,,,,,,,,,,,,,,,,,,,,,,,,,,,,,,,,,,,,EUR,0.91,1.02,Ultra Rare,slaking-ex,Pokémon,https://www.tcggo.com/pokemon/surging-sparks/slaking-ex-227,sv8-227,590055,singles
2026-08-23T17:19:56+02:00,,380,5ban Graphics,5ban-graphics,SSP 228,228,794601,191,252,SSP,Pokémon,pokemon,172,https://images.tcggo.com/tcggo/storage/20954/surging-sparks-logo.png,Surging Sparks,EUR,1064.67,EUR,1090.76,2024-11-08,1,Scarlet & Violet,scarlet-violet,surging-sparks,210,21016,https://images.tcggo.com/tcggo/storage/21179/cyclizar-ex-ssp-228-surging-sparks.png,https://www.tcggo.com/external/cm/21016,https://www.tcggo.com/external/tcgplayer/21016,Cyclizar ex,Cyclizar ex 228,1.69,1.66,553,EUR,[],,,,,,,,,1.11,1.2,1.2,1.7,1.7,1.11,1.9,1.9,0.5,0.5,,,,,,,,,,,,,,,,,,,,,,,,,,,,,,,,,,,,,,,,,,,,,,EUR,1.18,1.6,Ultra Rare,cyclizar-ex,Pokémon,https://www.tcggo.com/pokemon/surging-sparks/cyclizar-ex-228,sv8-228,589911,singles
2026-08-23T17:19:56+02:00,,463,Naoki Saito,naoki-saito,SSP 229,229,794602,191,252,SSP,Pokémon,pokemon,172,https://images.tcggo.com/tcggo/storage/20954/surging-sparks-logo.png,Surging Sparks,EUR,1064.67,EUR,1090.76,2024-11-08,1,Scarlet & Violet,scarlet-violet,surging-sparks,0,21017,https://images.tcggo.com/tcggo/storage/21180/clemonts-quick-wit-ssp-229-surging-sparks.png,https://www.tcggo.com/external/cm/21017,https://www.tcggo.com/external/tcgplayer/21017,Clemont's Quick Wit,Clemont's Quick Wit 229,1.52,1.49,810,EUR,[],,,,,,,,,1,0.89,0.89,1.8,1.8,1,1,1,0.4,0.4,,,,,,,,,,,,,,,,,,,,,,,,,,,,,,,,,,,,,,,,,,,,,,EUR,1.05,1.1,Ultra Rare,clemonts-quick-wit,Trainer,https://www.tcggo.com/pokemon/surging-sparks/clemonts-quick-wit-229,sv8-229,589901,singles
2026-08-23T17:19:56+02:00,,426,Akira Komayama,akira-komayama,SSP 230,230,794603,191,252,SSP,Pokémon,pokemon,172,https://images.tcggo.com/tcggo/storage/20954/surging-sparks-logo.png,Surging Sparks,EUR,1064.67,EUR,1090.76,2024-11-08,1,Scarlet & Violet,scarlet-violet,surging-sparks,0,21018,https://images.tcggo.com/tcggo/storage/21181/cyrano-ssp-230-surging-sparks.png,https://www.tcggo.com/external/cm/21018,https://www.tcggo.com/external/tcgplayer/21018,Cyrano,Cyrano 230,2.91,2.79,430,EUR,[],,,,,,,,,3.49,1.9,1.9,4,4,3.49,2.5,2.5,1,1,,,,,,,,,,,,,,,,,,,,,,,,,,,,,,,,,,,,,,,,,,,,,,EUR,2.16,5.45,Ultra Rare,cyrano,Trainer,https://www.tcggo.com/pokemon/surging-sparks/cyrano-230,sv8-230,589913,singles
2026-08-23T17:19:56+02:00,,456,Hideki Ishikawa,hideki-ishikawa,SSP 231,231,794604,191,252,SSP,Pokémon,pokemon,172,https://images.tcggo.com/tcggo/storage/20954/surging-sparks-logo.png,Surging Sparks,EUR,1064.67,EUR,1090.76,2024-11-08,1,Scarlet & Violet,scarlet-violet,surging-sparks,0,21019,https://images.tcggo.com/tcggo/storage/21182/drasna-ssp-231-surging-sparks.png,https://www.tcggo.com/external/cm/21019,https://www.tcggo.com/external/tcgplayer/21019,Drasna,Drasna 231,1.21,1.17,837,EUR,[],,,,,,,,,0.5,0.48,0.48,1.49,1.49,0.5,1.5,1.5,0.2,0.2,,,,,,,,,,,,,,,,,,,,,,,,,,,,,,,,,,,,,,,,,,,,,,EUR,0.79,1.03,Ultra Rare,drasna,Trainer,https://www.tcggo.com/pokemon/surging-sparks/drasna-231,sv8-231,589922,singles
2026-08-23T17:19:56+02:00,,459,GIDORA,gidora,SSP 232,232,794605,191,252,SSP,Pokémon,pokemon,172,https://images.tcggo.com/tcggo/storage/20954/surging-sparks-logo.png,Surging Sparks,EUR,1064.67,EUR,1090.76,2024-11-08,1,Scarlet & Violet,scarlet-violet,surging-sparks,0,21020,https://images.tcggo.com/tcggo/storage/21596/drayton-ssp-232-surging-sparks.png,https://www.tcggo.com/external/cm/21020,https://www.tcggo.com/external/tcgplayer/21020,Drayton,Drayton 232,1.31,1.18,747,EUR,[],,,,,,,,,0.8,0.7,0.7,1.84,1.84,0.8,1.4,1.4,0.15,0.15,,,,,,,,,,,,,,,,,,,,,,,,,,,,,,,,,,,,,,,,,,,,,,EUR,0.85,1.07,Ultra Rare,drayton,Trainer,https://www.tcggo.com/pokemon/surging-sparks/drayton-232,sv8-232,589924,singles
2026-08-23T17:19:56+02:00,,398,Taira Akitsu,taira-akitsu,SSP 233,233,794606,191,252,SSP,Pokémon,pokemon,172,https://images.tcggo.com/tcggo/storage/20954/surging-sparks-logo.png,Surging Sparks,EUR,1064.67,EUR,1090.76,2024-11-08,1,Scarlet & Violet,scarlet-violet,surging-sparks,0,21021,https://images.tcggo.com/tcggo/storage/21183/jasmines-gaze-ssp-233-surging-sparks.png,https://www.tcggo.com/external/cm/21021,https://www.tcggo.com/external/tcgplayer/21021,Jasmine's Gaze,Jasmine's Gaze 233,2.11,1.93,688,EUR,,,,,,,149,,20,1.7,1.19,1.19,2.4,2.4,1.7,1.95,1.95,0.5,0.5,,,,,,,,,,,,,,,,,,,,,,,,,,,,,,,,,,,,,,,,,,,,,,EUR,1.62,1.73,Ultra Rare,jasmines-gaze,Trainer,https://www.tcggo.com/pokemon/surging-sparks/jasmines-gaze-233,sv8-233,589972,singles
2026-08-23T17:19:56+02:00,,477,En Morikura,en-morikura,SSP 234,234,794607,191,252,SSP,Pokémon,pokemon,172,https://images.tcggo.com/tcggo/storage/20954/surging-sparks-logo.png,Surging Sparks,EUR,1064.67,EUR,1090.76,2024-11-08,1,Scarlet & Violet,scarlet-violet,surging-sparks,0,21022,https://images.tcggo.com/tcggo/storage/21184/lisias-appeal-ssp-234-surging-sparks.png,https://www.tcggo.com/external/cm/21022,https://www.tcggo.com/external/tcgplayer/21022,Lisia's Appeal,Lisia's Appeal 234,3.55,3.4,588,EUR,[],,,,,,,,,3,2.72,2.72,5,5,3,2.45,2.45,0.9,0.9,,,,,,,,,,,,,,,,,,,,,,,,,,,,,,,,,,,,,,,,,,,,,,EUR,3.68,2.97,Ultra Rare,lisias-appeal,Trainer,https://www.tcggo.com/pokemon/surging-sparks/lisias-appeal-234,sv8-234,589989,singles
2026-08-23T17:19:56+02:00,,379,Sanosuke Sakuma,sanosuke-sakuma,SSP 235,235,794608,191,252,SSP,Pokémon,pokemon,172,https://images.tcggo.com/tcggo/storage/20954/surging-sparks-logo.png,Surging Sparks,EUR,1064.67,EUR,1090.76,2024-11-08,1,Scarlet & Violet,scarlet-violet,surging-sparks,0,21023,https://images.tcggo.com/tcggo/storage/21185/surfer-ssp-235-surging-sparks.png,https://www.tcggo.com/external/cm/21023,https://www.tcggo.com/external/tcgplayer/21023,Surfer,Surfer 235,1.44,1.47,634,EUR,[],,,,,,,,,0.99,0.8,0.8,2.5,2.5,0.99,1,1,0.25,0.25,,,,,,,,,,,,,,,,,,,,,,,,,,,,,,,,,,,,,,,,,,,,,,EUR,1.07,1.08,Ultra Rare,surfer,Trainer,https://www.tcggo.com/pokemon/surging-sparks/surfer-235,sv8-235,590067,singles
2026-08-23T17:19:56+02:00,,389,osare,osare,SSP 236,236,794609,191,252,SSP,Pokémon,pokemon,172,https://images.tcggo.com/tcggo/storage/20954/surging-sparks-logo.png,Surging Sparks,EUR,1064.67,EUR,1090.76,2024-11-08,1,Scarlet & Violet,scarlet-violet,surging-sparks,190,21024,https://images.tcggo.com/tcggo/storage/21186/durant-ex-ssp-236-surging-sparks.png,https://www.tcggo.com/external/cm/21024,https://www.tcggo.com/external/tcgplayer/21024,Durant ex,Durant ex 236,22.21,22.06,255,EUR,[],,,,,,,,,25,18,18,21,21,25,22,22,15.8,15.8,USD,65,5,,,,,35.77,2,528.2,1,,,28.94,2,48.42,5,,,16.73,5,,,59.42,5,,,27.45,5,30.8,5,,,,,,,71.34,4,,,,,26.54,3,EUR,32.39,26.16,Special Illustration Rare,durant-ex,Pokémon,https://www.tcggo.com/pokemon/surging-sparks/durant-ex-236,sv8-236,589930,singles
2026-08-23T17:19:56+02:00,,366,Kuroimori,kuroimori,SSP 237,237,794610,191,252,SSP,Pokémon,pokemon,172,https://images.tcggo.com/tcggo/storage/20954/surging-sparks-logo.png,Surging Sparks,EUR,1064.67,EUR,1090.76,2024-11-08,1,Scarlet & Violet,scarlet-violet,surging-sparks,270,21025,https://images.tcggo.com/tcggo/storage/21187/milotic-ex-ssp-237-surging-sparks.png,https://www.tcggo.com/external/cm/21025,https://www.tcggo.com/external/tcgplayer/21025,Milotic ex,Milotic ex 237,124.24,132.41,256,EUR,,,,,,,340,,120,102.31,95,95,119,119,109.99,224.99,224.99,99,99,USD,134.92,5,,,,,89.32,5,,,,,67.26,1,160.58,5,,,125.55,2,,,305.02,5,58.07,1,90.96,5,93.82,5,,,,,,,287.98,5,,,90,1,113.86,5,EUR,105.55,89.53,Special Illustration Rare,milotic-ex,Pokémon,https://www.tcggo.com/pokemon/surging-sparks/milotic-ex-237,sv8-237,590006,singles
2026-08-23T17:19:56+02:00,,459,GIDORA,gidora,SSP 238,238,794611,191,252,SSP,Pokémon,pokemon,172,https://images.tcggo.com/tcggo/storage/20954/surging-sparks-logo.png,Surging Sparks,EUR,1064.67,EUR,1090.76,2024-11-08,1,Scarlet & Violet,scarlet-violet,surging-sparks,200,21026,https://images.tcggo.com/tcggo/storage/21188/pikachu-ex-ssp-238-surging-sparks.png,https://www.tcggo.com/external/cm/21026,https://www.tcggo.com/external/tcgplayer/21026,Pikachu ex,Pikachu ex 238,305.12,258.73,409,EUR,,,334,650,,344,853,275,329,275.99,170,170,260,260,275.99,375,375,244.5,244.5,USD,427.49,5,,,,,223.44,5,1402.6,2,218,1,239.37,5,312.7,5,,,219.64,5,,,780.28,5,212.25,4,204.75,5,223.36,5,,,,,,,684.98,5,,,,,230.81,5,EUR,249.91,256.41,Special Illustration Rare,pikachu-ex,Pokémon,https://www.tcggo.com/pokemon/surging-sparks/pikachu-ex-238,sv8-238,590027,singles
2026-08-23T17:19:56+02:00,,394,OKACHEKE,okacheke,SSP 239,239,794612,191,252,SSP,Pokémon,pokemon,172,https://images.tcggo.com/tcggo/storage/20954/surging-sparks-logo.png,Surging Sparks,EUR,1064.67,EUR,1090.76,2024-11-08,1,Scarlet & Violet,scarlet-violet,surging-sparks,210,21027,https://images.tcggo.com/tcggo/storage/21189/latias-ex-ssp-239-surging-sparks.png,https://www.tcggo.com/external/cm/21027,https://www.tcggo.com/external/tcgplayer/21027,Latias ex,Latias ex 239,178.36,186.86,298,EUR,,,210,,,,195,170,190,160,129.99,129.99,139.95,139.95,160,230,230,130,130,USD,212.42,5,,,,,134.99,5,683.48,1,,,215.91,2,183.16,5,,,156,4,,,490.51,5,79,1,117.27,5,156.35,5,,,,,,,491.4,5,,,,,168.86,5,EUR,152.91,159.68,Special Illustration Rare,latias-ex,Pokémon,https://www.tcggo.com/pokemon/surging-sparks/latias-ex-239,sv8-239,589985,singles
2026-08-23T17:19:56+02:00,,434,AKIRA EGAWA,akira-egawa,SSP 240,240,794613,191,252,SSP,Pokémon,pokemon,172,https://images.tcggo.com/tcggo/storage/20954/surging-sparks-logo.png,Surging Sparks,EUR,1064.67,EUR,1090.76,2024-11-08,1,Scarlet & Violet,scarlet-violet,surging-sparks,330,21028,https://images.tcggo.com/tcggo/storage/21190/hydreigon-ex-ssp-240-surging-sparks.png,https://www.tcggo.com/external/cm/21028,https://www.tcggo.com/external/tcgplayer/21028,Hydreigon ex,Hydreigon ex 240,34.77,42.52,343,EUR,,,,80,,,165,,44,33.99,25,25,28.3,28.3,33.99,50,50,26.89,26.89,USD,64.47,5,,,,,29,5,,,,,,,67.28,5,,,32.17,4,,,116.62,5,,,29,5,38.58,5,27.96,1,,,,,110,5,,,19.39,1,35.87,1,EUR,32.09,36.86,Special Illustration Rare,hydreigon-ex,Pokémon,https://www.tcggo.com/pokemon/surging-sparks/hydreigon-ex-240,sv8-240,589967,singles
2026-08-23T17:19:56+02:00,,786,Shinya Mizuno,shinya-mizuno,SSP 241,241,794614,191,252,SSP,Pokémon,pokemon,172,https://images.tcggo.com/tcggo/storage/20954/surging-sparks-logo.png,Surging Sparks,EUR,1064.67,EUR,1090.76,2024-11-08,1,Scarlet & Violet,scarlet-violet,surging-sparks,300,21029,https://images.tcggo.com/tcggo/storage/21191/archaludon-ex-ssp-241-surging-sparks.png,https://www.tcggo.com/external/cm/21029,https://www.tcggo.com/external/tcgplayer/21029,Archaludon ex,Archaludon ex 241,13.36,13.4,383,EUR,[],,,,,,,,,13.5,8,8,14.8,14.8,13.99,19.8,19.8,7.9,7.9,USD,35.41,5,,,,,19.06,2,,,,,8.55,1,23.7,2,,,11.53,1,,,55.31,5,,,11.99,5,19.09,5,,,,,,,41.7,3,,,,,16.38,1,EUR,10.58,11.21,Special Illustration Rare,archaludon-ex,Pokémon,https://www.tcggo.com/pokemon/surging-sparks/archaludon-ex-241,sv8-241,589869,singles
2026-08-23T17:19:56+02:00,,473,Yuriko Akase,yuriko-akase,SSP 242,242,794615,191,252,SSP,Pokémon,pokemon,172,https://images.tcggo.com/tcggo/storage/20954/surging-sparks-logo.png,Surging Sparks,EUR,1064.67,EUR,1090.76,2024-11-08,1,Scarlet & Violet,scarlet-violet,surging-sparks,300,21030,https://images.tcggo.com/tcggo/storage/21192/alolan-exeggutor-ex-ssp-242-surging-sparks.png,https://www.tcggo.com/external/cm/21030,https://www.tcggo.com/external/tcgplayer/21030,Alolan Exeggutor ex,Alolan Exeggutor ex 242,28.99,26.74,324,EUR,,,,63,,,,,48,27,24,24,23.5,23.5,27.5,35,35,19,19,USD,73.17,5,,,,,36.74,2,,,,,20.5,1,40.37,5,,,26.57,2,,,120.11,5,20,1,22.43,5,31.14,5,,,,,,,120.11,5,,,,,44.89,2,EUR,28.16,27.64,Special Illustration Rare,alolan-exeggutor-ex,Pokémon,https://www.tcggo.com/pokemon/surging-sparks/alolan-exeggutor-ex-242,sv8-242,589860,singles
2026-08-23T17:19:56+02:00,,786,Shinya Mizuno,shinya-mizuno,SSP 243,243,794616,191,252,SSP,Pokémon,pokemon,172,https://images.tcggo.com/tcggo/storage/20954/surging-sparks-logo.png,Surging Sparks,EUR,1064.67,EUR,1090.76,2024-11-08,1,Scarlet & Violet,scarlet-violet,surging-sparks,0,21031,https://images.tcggo.com/tcggo/storage/21193/clemonts-quick-wit-ssp-243-surging-sparks.png,https://www.tcggo.com/external/cm/21031,https://www.tcggo.com/external/tcgplayer/21031,Clemont's Quick Wit,Clemont's Quick Wit 243,9.83,9.75,338,EUR,,,,,,,95,64,,8.5,6.4,6.4,10,10,8.5,11.99,13.99,7.39,7.39,USD,21.99,3,,,,,21.25,1,,,,,,,11.51,4,,,,,,,46.75,5,7.76,2,,,13.38,5,,,,,,,,,,,,,9.99,1,EUR,7.22,7.67,Special Illustration Rare,clemonts-quick-wit,Trainer,https://www.tcggo.com/pokemon/surging-sparks/clemonts-quick-wit-243,sv8-243,589902,singles
2026-08-23T17:19:56+02:00,,429,DOM,dom,SSP 244,244,794617,191,252,SSP,Pokémon,pokemon,172,https://images.tcggo.com/tcggo/storage/20954/surging-sparks-logo.png,Surging Sparks,EUR,1064.67,EUR,1090.76,2024-11-08,1,Scarlet & Violet,scarlet-violet,surging-sparks,0,21032,https://images.tcggo.com/tcggo/storage/21194/drayton-ssp-244-surging-sparks.png,https://www.tcggo.com/external/cm/21032,https://www.tcggo.com/external/tcgplayer/21032,Drayton,Drayton 244,10.81,10.97,306,EUR,,,,,,,44,,40,9.95,7.5,7.5,9.95,9.95,9.95,15,15,6.5,6.5,USD,27.54,2,,,,,,,,,,,,,10.45,2,,,,,,,48.19,5,,,6.4,2,13.53,5,,,,,,,,,,,,,,,EUR,7.22,8.23,Special Illustration Rare,drayton,Trainer,https://www.tcggo.com/pokemon/surging-sparks/drayton-244,sv8-244,589925,singles
2026-08-23T17:19:56+02:00,,469,Fujimoto Gold,fujimoto-gold,SSP 245,245,794618,191,252,SSP,Pokémon,pokemon,172,https://images.tcggo.com/tcggo/storage/20954/surging-sparks-logo.png,Surging Sparks,EUR,1064.67,EUR,1090.76,2024-11-08,1,Scarlet & Violet,scarlet-violet,surging-sparks,0,21033,https://images.tcggo.com/tcggo/storage/21195/jasmines-gaze-ssp-245-surging-sparks.png,https://www.tcggo.com/external/cm/21033,https://www.tcggo.com/external/tcgplayer/21033,Jasmine's Gaze,Jasmine's Gaze 245,20.05,19.36,298,EUR,,,,,,,85,,55,20.21,17.49,17.49,20,20,20.21,27,28,13.2,14,USD,50.18,5,,,,,30.87,2,,,,,,,35.6,2,,,,,,,71.78,5,,,13.45,5,22.42,5,,,11.17,1,,,49.99,5,,,,,22.72,2,EUR,17.69,17.52,Special Illustration Rare,jasmines-gaze,Trainer,https://www.tcggo.com/pokemon/surging-sparks/jasmines-gaze-245,sv8-245,589973,singles
2026-08-23T17:19:56+02:00,,1246,Nobusawa/Mochipuyo,nobusawamochipuyo,SSP 246,246,794619,191,252,SSP,Pokémon,pokemon,172,https://images.tcggo.com/tcggo/storage/20954/surging-sparks-logo.png,Surging Sparks,EUR,1064.67,EUR,1090.76,2024-11-08,1,Scarlet & Violet,scarlet-violet,surging-sparks,0,21034,https://images.tcggo.com/tcggo/storage/21196/lisias-appeal-ssp-246-surging-sparks.png,https://www.tcggo.com/external/cm/21034,https://www.tcggo.com/external/tcgplayer/21034,Lisia's Appeal,Lisia's Appeal 246,25.65,23.05,334,EUR,,,60,,,,119,40,45,26,23.78,23.78,19.99,19.99,26,39,39,14,14,USD,47.58,5,,,,,20.08,3,,,,,22.33,1,39.61,5,,,25.99,1,,,78.35,5,28.17,1,15.86,5,22.74,5,40,1,,,,,67.65,5,,,,,23.18,2,EUR,22.6,25.64,Special Illustration Rare,lisias-appeal,Trainer,https://www.tcggo.com/pokemon/surging-sparks/lisias-appeal-246,sv8-246,589990,singles
2026-08-23T17:19:56+02:00,,371,aky CG Works,aky-cg-works,SSP 247,247,794621,191,252,SSP,Pokémon,pokemon,172,https://images.tcggo.com/tcggo/storage/20954/surging-sparks-logo.png,Surging Sparks,EUR,1064.67,EUR,1090.76,2024-11-08,1,Scarlet & Violet,scarlet-violet,surging-sparks,200,21035,https://images.tcggo.com/tcggo/storage/21197/pikachu-ex-ssp-247-surging-sparks.png,https://www.tcggo.com/external/cm/21035,https://www.tcggo.com/external/tcgplayer/21035,Pikachu ex,Pikachu ex 247,76.45,89.54,263,EUR,,,105,385,,,109,,96,77,59.95,59.95,75,75,77,75,75,49.5,49.5,USD,134.99,5,,,,,73.5,5,,,,,89.21,5,325.41,5,,,66.9,5,,,307.83,5,62.88,4,70.36,5,83.55,5,199.97,3,,,,,342.13,5,,,,,70.36,5,EUR,79.27,69.11,Hyper Rare,pikachu-ex,Pokémon,https://www.tcggo.com/pokemon/surging-sparks/pikachu-ex-247,sv8-247,593169,singles
2026-08-23T17:19:56+02:00,,371,aky CG Works,aky-cg-works,SSP 248,248,794620,191,252,SSP,Pokémon,pokemon,172,https://images.tcggo.com/tcggo/storage/20954/surging-sparks-logo.png,Surging Sparks,EUR,1064.67,EUR,1090.76,2024-11-08,1,Scarlet & Violet,scarlet-violet,surging-sparks,300,21036,https://images.tcggo.com/tcggo/storage/21198/alolan-exeggutor-ex-ssp-248-surging-sparks.png,https://www.tcggo.com/external/cm/21036,https://www.tcggo.com/external/tcgplayer/21036,Alolan Exeggutor ex,Alolan Exeggutor ex 248,12.82,12.59,308,EUR,,,,,,,130,,55,10,11.69,11.69,14,14,12,13.49,13.49,7,7,USD,37.28,2,,,,,,,,,,,,,27.5,2,,,9.99,2,,,60.21,5,8,1,10.4,3,22.3,5,,,,,,,80,1,,,,,20.07,4,EUR,9.13,9.4,Hyper Rare,alolan-exeggutor-ex,Pokémon,https://www.tcggo.com/pokemon/surging-sparks/alolan-exeggutor-ex-248,sv8-248,593855,singles
2026-08-23T17:19:56+02:00,,458,Toyste Beach,toyste-beach,SSP 249,249,794622,191,252,SSP,Pokémon,pokemon,172,https://images.tcggo.com/tcggo/storage/20954/surging-sparks-logo.png,Surging Sparks,EUR,1064.67,EUR,1090.76,2024-11-08,1,Scarlet & Violet,scarlet-violet,surging-sparks,0,21037,https://images.tcggo.com/tcggo/storage/21199/counter-gain-ssp-249-surging-sparks.png,https://www.tcggo.com/external/cm/21037,https://www.tcggo.com/external/tcgplayer/21037,Counter Gain,Counter Gain 249,4.91,4.92,436,EUR,,,,,,,39,,,3.8,2.9,2.9,3.5,3.5,3.8,6.5,6.5,2.2,2.2,,,,,,,,,,,,,,,,,,,,,,,,,,,,,,,,,,,,,,,,,,,,,,EUR,2.52,3.42,Hyper Rare,counter-gain,Trainer,https://www.tcggo.com/pokemon/surging-sparks/counter-gain-249,sv8-249,593856,singles
2026-08-23T17:19:56+02:00,,453,AYUMI ODASHIMA,ayumi-odashima,SSP 250,250,794623,191,252,SSP,Pokémon,pokemon,172,https://images.tcggo.com/tcggo/storage/20954/surging-sparks-logo.png,Surging Sparks,EUR,1064.67,EUR,1090.76,2024-11-08,1,Scarlet & Violet,scarlet-violet,surging-sparks,0,21038,https://images.tcggo.com/tcggo/storage/21200/gravity-mountain-ssp-250-surging-sparks.png,https://www.tcggo.com/external/cm/21038,https://www.tcggo.com/external/tcgplayer/21038,Gravity Mountain,Gravity Mountain 250,11.12,11.07,223,EUR,,,,,,,,,24,10,8.5,8.5,15,15,10,13,13,8.8,8.8,USD,,,,,,,,,,,,,,,15.25,3,,,4.46,1,,,56.5,5,,,20,1,15.92,5,,,,,,,,,,,,,,,EUR,10.15,8.72,Hyper Rare,gravity-mountain,Trainer,https://www.tcggo.com/pokemon/surging-sparks/gravity-mountain-250,sv8-250,593857,singles
2026-08-23T17:19:56+02:00,,458,Toyste Beach,toyste-beach,SSP 251,251,794624,191,252,SSP,Pokémon,pokemon,172,https://images.tcggo.com/tcggo/storage/20954/surging-sparks-logo.png,Surging Sparks,EUR,1064.67,EUR,1090.76,2024-11-08,1,Scarlet & Violet,scarlet-violet,surging-sparks,0,21039,https://images.tcggo.com/tcggo/storage/21201/night-stretcher-ssp-251-surging-sparks.png,https://www.tcggo.com/external/cm/21039,https://www.tcggo.com/external/tcgplayer/21039,Night Stretcher,Night Stretcher 251,8.84,9.97,322,EUR,,,,,,,49,,,9.95,6.9,6.9,14.99,14.99,9.95,8.99,8.99,7,7,USD,,,,,,,28.3,1,,,,,,,12.88,4,,,,,,,44.23,5,,,11.48,2,12.63,5,,,,,,,,,,,,,,,EUR,7.74,9.56,Hyper Rare,night-stretcher,Trainer,https://www.tcggo.com/pokemon/surging-sparks/night-stretcher-251,sv8-251,593859,singles
2026-08-23T17:19:56+02:00,,,,,SSP 252,252,794625,191,252,SSP,Pokémon,pokemon,172,https://images.tcggo.com/tcggo/storage/20954/surging-sparks-logo.png,Surging Sparks,EUR,1064.67,EUR,1090.76,2024-11-08,1,Scarlet & Violet,scarlet-violet,surging-sparks,0,21040,https://images.tcggo.com/tcggo/storage/21202/jet-energy-ssp-252-surging-sparks.png,https://www.tcggo.com/external/cm/21040,https://www.tcggo.com/external/tcgplayer/21040,Jet Energy,Jet Energy 252,5.78,6.17,390,EUR,,,,,,,49,,24,4.95,3,3,9.95,9.95,4.95,6,6,3.85,3.85,USD,,,,,,,,,,,,,,,,,,,,,,,24.53,5,6.05,1,,,12.7,5,,,,,,,,,,,,,,,EUR,3.76,6.85,Hyper Rare,jet-energy,Energy,https://www.tcggo.com/pokemon/surging-sparks/jet-energy-252,sv8-252,593861,singles
