captured_at,artist.id,artist.name,artist.slug,card_code_number,card_number,cardmarket_id,episode.cards_printed_total,episode.cards_total,episode.code,episode.game.name,episode.game.slug,episode.id,episode.logo,episode.name,episode.prices.cardmarket.currency,episode.prices.cardmarket.total,episode.prices.tcgplayer.currency,episode.prices.tcgplayer.total,episode.released_at,episode.series.id,episode.series.name,episode.series.slug,episode.slug,hp,id,image,links.cardmarket,links.tcgplayer,name,name_numbered,prices.cardmarket.30d_average,prices.cardmarket.7d_average,prices.cardmarket.available_items,prices.cardmarket.currency,prices.cardmarket.graded,prices.cardmarket.graded.bgs.bgs10,prices.cardmarket.graded.bgs.bgs10pristine,prices.cardmarket.graded.bgs.bgs8,prices.cardmarket.graded.bgs.bgs9,prices.cardmarket.graded.cgc.cgc10,prices.cardmarket.graded.cgc.cgc9,prices.cardmarket.graded.psa.psa10,prices.cardmarket.graded.psa.psa8,prices.cardmarket.graded.psa.psa9,prices.cardmarket.lowest_near_mint,prices.cardmarket.lowest_near_mint_DE,prices.cardmarket.lowest_near_mint_DE_EU_only,prices.cardmarket.lowest_near_mint_ES,prices.cardmarket.lowest_near_mint_ES_EU_only,prices.cardmarket.lowest_near_mint_EU_only,prices.cardmarket.lowest_near_mint_FR,prices.cardmarket.lowest_near_mint_FR_EU_only,prices.cardmarket.lowest_near_mint_IT,prices.cardmarket.lowest_near_mint_IT_EU_only,prices.ebay.currency,prices.ebay.graded.ace.10.median_price,prices.ebay.graded.ace.10.sample_size,prices.ebay.graded.ace.7.median_price,prices.ebay.graded.ace.7.sample_size,prices.ebay.graded.ace.8.median_price,prices.ebay.graded.ace.8.sample_size,prices.ebay.graded.ace.9.median_price,prices.ebay.graded.ace.9.sample_size,prices.ebay.graded.bgs.10.median_price,prices.ebay.graded.bgs.10.sample_size,prices.ebay.graded.bgs.8.median_price,prices.ebay.graded.bgs.8.sample_size,prices.ebay.graded.bgs.9.median_price,prices.ebay.graded.bgs.9.sample_size,prices.ebay.graded.cgc.10.median_price,prices.ebay.graded.cgc.10.sample_size,prices.ebay.graded.cgc.7.median_price,prices.ebay.graded.cgc.7.sample_size,prices.ebay.graded.cgc.8.median_price,prices.ebay.graded.cgc.8.sample_size,prices.ebay.graded.cgc.9.median_price,prices.ebay.graded.cgc.9.sample_size,prices.ebay.graded.psa.10.median_price,prices.ebay.graded.psa.10.sample_size,prices.ebay.graded.psa.7.median_price,prices.ebay.graded.psa.7.sample_size,prices.ebay.graded.psa.8.median_price,prices.ebay.graded.psa.8.sample_size,prices.ebay.graded.psa.9.median_price,prices.ebay.graded.psa.9.sample_size,prices.ebay.graded.sgc.10.median_price,prices.ebay.graded.sgc.10.sample_size,prices.ebay.graded.sgc.9.median_price,prices.ebay.graded.sgc.9.sample_size,prices.ebay.graded.tag.10.median_price,prices.ebay.graded.tag.10.sample_size,prices.ebay.graded.tag.7.median_price,prices.ebay.graded.tag.7.sample_size,prices.ebay.graded.tag.8.median_price,prices.ebay.graded.tag.8.sample_size,prices.ebay.graded.tag.9.median_price,prices.ebay.graded.tag.9.sample_size,prices.tcg_player.currency,prices.tcg_player.market_price,rarity,slug,supertype,tcggo_url,tcgid,tcgplayer_id,type
2026-08-23T17:19:56+02:00,359,HYOGONOSUKE,hyogonosuke,MEG 1,1,851072,132,188,MEG,Pokémon,pokemon,230,https://images.tcggo.com/tcggo/storage/24026/logof.png,Mega Evolution,EUR,1396.42,EUR,1415.81,2025-09-26,17,Mega Evolution,mega-evolution,mega-evolution,80,23820,https://images.tcggo.com/tcggo/storage/23942/bulbasaur-meg-1-mega-evolution.png,https://www.tcggo.com/external/cm/23820,https://www.tcggo.com/external/tcgplayer/23820,Bulbasaur,Bulbasaur 1,0.06,0.1,9522,EUR,[],,,,,,,,,,0.02,0.02,0.02,0.02,0.02,0.02,0.02,0.02,0.02,0.02,,,,,,,,,,,,,,,,,,,,,,,,,,,,,,,,,,,,,,,,,,,,EUR,0.24,Common,bulbasaur,Pokémon,https://www.tcggo.com/pokemon/mega-evolution/bulbasaur-1-6,me1-1,654340,singles
2026-08-23T17:19:56+02:00,388,Takumi Wada,takumi-wada,MEG 2,2,851073,132,188,MEG,Pokémon,pokemon,230,https://images.tcggo.com/tcggo/storage/24026/logof.png,Mega Evolution,EUR,1396.42,EUR,1415.81,2025-09-26,17,Mega Evolution,mega-evolution,mega-evolution,110,23821,https://images.tcggo.com/tcggo/storage/23954/ivysaur-meg-2-mega-evolution.png,https://www.tcggo.com/external/cm/23821,https://www.tcggo.com/external/tcgplayer/23821,Ivysaur,Ivysaur 2,0.08,0.09,3861,EUR,[],,,,,,,,,,0.02,0.02,0.02,0.02,0.02,0.02,0.02,0.02,0.02,0.02,,,,,,,,,,,,,,,,,,,,,,,,,,,,,,,,,,,,,,,,,,,,EUR,0.25,Common,ivysaur,Pokémon,https://www.tcggo.com/pokemon/mega-evolution/ivysaur-2-4,me1-2,654341,singles
2026-08-23T17:19:56+02:00,380,5ban Graphics,5ban-graphics,MEG 3,3,851074,132,188,MEG,Pokémon,pokemon,230,https://images.tcggo.com/tcggo/storage/24026/logof.png,Mega Evolution,EUR,1396.42,EUR,1415.81,2025-09-26,17,Mega Evolution,mega-evolution,mega-evolution,380,23822,https://images.tcggo.com/tcggo/storage/23966/mega-venusaur-ex-meg-3-mega-evolution.png,https://www.tcggo.com/external/cm/23822,https://www.tcggo.com/external/tcgplayer/23822,Mega Venusaur ex,Mega Venusaur ex 3,1.15,1.11,2389,EUR,[],,,,,,,,,,0.35,0.8,0.89,0.5,0.5,0.35,0.45,0.45,0.15,0.15,,,,,,,,,,,,,,,,,,,,,,,,,,,,,,,,,,,,,,,,,,,,EUR,0.84,Double Rare,mega-venusaur-ex,Pokémon,https://www.tcggo.com/pokemon/mega-evolution/mega-venusaur-ex-3,me1-3,654342,singles
2026-08-23T17:19:56+02:00,404,aspara,aspara,MEG 4,4,851075,132,188,MEG,Pokémon,pokemon,230,https://images.tcggo.com/tcggo/storage/24026/logof.png,Mega Evolution,EUR,1396.42,EUR,1415.81,2025-09-26,17,Mega Evolution,mega-evolution,mega-evolution,60,23823,https://images.tcggo.com/tcggo/storage/23978/exeggcute-meg-4-mega-evolution.png,https://www.tcggo.com/external/cm/23823,https://www.tcggo.com/external/tcgplayer/23823,Exeggcute,Exeggcute 4,0.03,0.03,14740,EUR,[],,,,,,,,,,0.03,0.02,0.02,0.02,0.02,0.02,0.02,0.02,0.02,0.02,,,,,,,,,,,,,,,,,,,,,,,,,,,,,,,,,,,,,,,,,,,,EUR,0.21,Common,exeggcute,Pokémon,https://www.tcggo.com/pokemon/mega-evolution/exeggcute-4-3,me1-4,654343,singles
2026-08-23T17:19:56+02:00,439,Kazumasa Yasukuni,kazumasa-yasukuni,MEG 5,5,851076,132,188,MEG,Pokémon,pokemon,230,https://images.tcggo.com/tcggo/storage/24026/logof.png,Mega Evolution,EUR,1396.42,EUR,1415.81,2025-09-26,17,Mega Evolution,mega-evolution,mega-evolution,140,23824,https://images.tcggo.com/tcggo/storage/23990/exeggutor-meg-5-mega-evolution.png,https://www.tcggo.com/external/cm/23824,https://www.tcggo.com/external/tcgplayer/23824,Exeggutor,Exeggutor 5,0.03,0.03,16275,EUR,[],,,,,,,,,,0.03,0.02,0.02,0.02,0.02,0.02,0.02,0.02,0.02,0.02,,,,,,,,,,,,,,,,,,,,,,,,,,,,,,,,,,,,,,,,,,,,EUR,0.19,Uncommon,exeggutor,Pokémon,https://www.tcggo.com/pokemon/mega-evolution/exeggutor-5-3,me1-5,654344,singles
2026-08-23T17:19:56+02:00,473,Yuriko Akase,yuriko-akase,MEG 6,6,851077,132,188,MEG,Pokémon,pokemon,230,https://images.tcggo.com/tcggo/storage/24026/logof.png,Mega Evolution,EUR,1396.42,EUR,1415.81,2025-09-26,17,Mega Evolution,mega-evolution,mega-evolution,80,23825,https://images.tcggo.com/tcggo/storage/24002/tangela-meg-6-mega-evolution.png,https://www.tcggo.com/external/cm/23825,https://www.tcggo.com/external/tcgplayer/23825,Tangela,Tangela 6,0.03,0.03,14177,EUR,[],,,,,,,,,,0.03,0.02,0.02,0.02,0.02,0.03,0.02,0.02,0.02,0.02,,,,,,,,,,,,,,,,,,,,,,,,,,,,,,,,,,,,,,,,,,,,EUR,0.18,Common,tangela,Pokémon,https://www.tcggo.com/pokemon/mega-evolution/tangela-6,me1-6,654345,singles
2026-08-23T17:19:56+02:00,470,REND,rend,MEG 7,7,851078,132,188,MEG,Pokémon,pokemon,230,https://images.tcggo.com/tcggo/storage/24026/logof.png,Mega Evolution,EUR,1396.42,EUR,1415.81,2025-09-26,17,Mega Evolution,mega-evolution,mega-evolution,150,23826,https://images.tcggo.com/tcggo/storage/24014/tangrowth-meg-7-mega-evolution.png,https://www.tcggo.com/external/cm/23826,https://www.tcggo.com/external/tcgplayer/23826,Tangrowth,Tangrowth 7,0.03,0.03,16066,EUR,[],,,,,,,,,,0.03,0.02,0.02,0.02,0.02,0.02,0.02,0.02,0.02,0.02,,,,,,,,,,,,,,,,,,,,,,,,,,,,,,,,,,,,,,,,,,,,EUR,0.19,Uncommon,tangrowth,Pokémon,https://www.tcggo.com/pokemon/mega-evolution/tangrowth-7,me1-7,654346,singles
2026-08-23T17:19:56+02:00,773,kamonabe,kamonabe,MEG 8,8,851079,132,188,MEG,Pokémon,pokemon,230,https://images.tcggo.com/tcggo/storage/24026/logof.png,Mega Evolution,EUR,1396.42,EUR,1415.81,2025-09-26,17,Mega Evolution,mega-evolution,mega-evolution,70,23827,https://images.tcggo.com/tcggo/storage/23838/chikorita-meg-8-mega-evolution.png,https://www.tcggo.com/external/cm/23827,https://www.tcggo.com/external/tcgplayer/23827,Chikorita,Chikorita 8,0.06,0.05,11211,EUR,[],,,,,,,,,,0.02,0.02,0.02,0.02,0.02,0.02,0.02,0.02,0.02,0.02,,,,,,,,,,,,,,,,,,,,,,,,,,,,,,,,,,,,,,,,,,,,EUR,0.21,Common,chikorita,Pokémon,https://www.tcggo.com/pokemon/mega-evolution/chikorita-8,me1-8,654347,singles
2026-08-23T17:19:56+02:00,415,nisimono,nisimono,MEG 9,9,851080,132,188,MEG,Pokémon,pokemon,230,https://images.tcggo.com/tcggo/storage/24026/logof.png,Mega Evolution,EUR,1396.42,EUR,1415.81,2025-09-26,17,Mega Evolution,mega-evolution,mega-evolution,110,23828,https://images.tcggo.com/tcggo/storage/23850/bayleef-meg-9-mega-evolution.png,https://www.tcggo.com/external/cm/23828,https://www.tcggo.com/external/tcgplayer/23828,Bayleef,Bayleef 9,0.1,0.11,4022,EUR,[],,,,,,,,,,0.02,0.02,0.02,0.02,0.02,0.02,0.02,0.02,0.02,0.02,,,,,,,,,,,,,,,,,,,,,,,,,,,,,,,,,,,,,,,,,,,,EUR,0.22,Common,bayleef,Pokémon,https://www.tcggo.com/pokemon/mega-evolution/bayleef-9,me1-9,654348,singles
2026-08-23T17:19:56+02:00,357,Yoriyuki Ikegami,yoriyuki-ikegami,MEG 10,10,851081,132,188,MEG,Pokémon,pokemon,230,https://images.tcggo.com/tcggo/storage/24026/logof.png,Mega Evolution,EUR,1396.42,EUR,1415.81,2025-09-26,17,Mega Evolution,mega-evolution,mega-evolution,160,23829,https://images.tcggo.com/tcggo/storage/23862/meganium-meg-10-mega-evolution.png,https://www.tcggo.com/external/cm/23829,https://www.tcggo.com/external/tcgplayer/23829,Meganium,Meganium 10,0.12,0.12,12250,EUR,[],,,,,,,,,,0.02,0.02,0.02,0.02,0.02,0.02,0.02,0.02,0.02,0.02,,,,,,,,,,,,,,,,,,,,,,,,,,,,,,,,,,,,,,,,,,,,EUR,0.24,rare,meganium,Pokémon,https://www.tcggo.com/pokemon/mega-evolution/meganium-10-1,me1-10,654349,singles
2026-08-23T17:19:56+02:00,466,Shinya Komatsu,shinya-komatsu,MEG 11,11,851082,132,188,MEG,Pokémon,pokemon,230,https://images.tcggo.com/tcggo/storage/24026/logof.png,Mega Evolution,EUR,1396.42,EUR,1415.81,2025-09-26,17,Mega Evolution,mega-evolution,mega-evolution,80,23830,https://images.tcggo.com/tcggo/storage/23874/shuckle-meg-11-mega-evolution.png,https://www.tcggo.com/external/cm/23830,https://www.tcggo.com/external/tcgplayer/23830,Shuckle,Shuckle 11,0.03,0.03,15403,EUR,[],,,,,,,,,,0.03,0.02,0.02,0.02,0.02,0.02,0.02,0.02,0.02,0.02,,,,,,,,,,,,,,,,,,,,,,,,,,,,,,,,,,,,,,,,,,,,EUR,0.18,Uncommon,shuckle,Pokémon,https://www.tcggo.com/pokemon/mega-evolution/shuckle-11-1,me1-11,654350,singles
2026-08-23T17:19:56+02:00,463,Naoki Saito,naoki-saito,MEG 12,12,851083,132,188,MEG,Pokémon,pokemon,230,https://images.tcggo.com/tcggo/storage/24026/logof.png,Mega Evolution,EUR,1396.42,EUR,1415.81,2025-09-26,17,Mega Evolution,mega-evolution,mega-evolution,80,23831,https://images.tcggo.com/tcggo/storage/23886/celebi-meg-12-mega-evolution.png,https://www.tcggo.com/external/cm/23831,https://www.tcggo.com/external/tcgplayer/23831,Celebi,Celebi 12,0.05,0.05,14406,EUR,[],,,,,,,,,,0.03,0.02,0.02,0.02,0.02,0.02,0.02,0.02,0.02,0.02,,,,,,,,,,,,,,,,,,,,,,,,,,,,,,,,,,,,,,,,,,,,EUR,0.21,Uncommon,celebi,Pokémon,https://www.tcggo.com/pokemon/mega-evolution/celebi-12,me1-12,654351,singles
2026-08-23T17:19:56+02:00,438,Miki Tanaka,miki-tanaka,MEG 13,13,851084,132,188,MEG,Pokémon,pokemon,230,https://images.tcggo.com/tcggo/storage/24026/logof.png,Mega Evolution,EUR,1396.42,EUR,1415.81,2025-09-26,17,Mega Evolution,mega-evolution,mega-evolution,60,23832,https://images.tcggo.com/tcggo/storage/23898/seedot-meg-13-mega-evolution.png,https://www.tcggo.com/external/cm/23832,https://www.tcggo.com/external/tcgplayer/23832,Seedot,Seedot 13,0.02,0.02,14665,EUR,[],,,,,,,,,,0.02,0.02,0.02,0.02,0.02,0.02,0.02,0.02,0.02,0.02,,,,,,,,,,,,,,,,,,,,,,,,,,,,,,,,,,,,,,,,,,,,EUR,0.18,Common,seedot,Pokémon,https://www.tcggo.com/pokemon/mega-evolution/seedot-13,me1-13,654352,singles
2026-08-23T17:19:56+02:00,446,takashi shiraishi,takashi-shiraishi,MEG 14,14,851085,132,188,MEG,Pokémon,pokemon,230,https://images.tcggo.com/tcggo/storage/24026/logof.png,Mega Evolution,EUR,1396.42,EUR,1415.81,2025-09-26,17,Mega Evolution,mega-evolution,mega-evolution,100,23833,https://images.tcggo.com/tcggo/storage/23909/nuzleaf-meg-14-mega-evolution.png,https://www.tcggo.com/external/cm/23833,https://www.tcggo.com/external/tcgplayer/23833,Nuzleaf,Nuzleaf 14,0.03,0.02,14584,EUR,[],,,,,,,,,,0.03,0.02,0.02,0.02,0.02,0.02,0.02,0.02,0.02,0.02,,,,,,,,,,,,,,,,,,,,,,,,,,,,,,,,,,,,,,,,,,,,EUR,0.18,Common,nuzleaf,Pokémon,https://www.tcggo.com/pokemon/mega-evolution/nuzleaf-14,me1-14,654353,singles
2026-08-23T17:19:56+02:00,419,Uninori,uninori,MEG 15,15,851086,132,188,MEG,Pokémon,pokemon,230,https://images.tcggo.com/tcggo/storage/24026/logof.png,Mega Evolution,EUR,1396.42,EUR,1415.81,2025-09-26,17,Mega Evolution,mega-evolution,mega-evolution,160,23834,https://images.tcggo.com/tcggo/storage/23920/shiftry-meg-15-mega-evolution.png,https://www.tcggo.com/external/cm/23834,https://www.tcggo.com/external/tcgplayer/23834,Shiftry,Shiftry 15,0.03,0.02,16393,EUR,[],,,,,,,,,,0.02,0.02,0.02,0.02,0.02,0.02,0.02,0.02,0.02,0.02,,,,,,,,,,,,,,,,,,,,,,,,,,,,,,,,,,,,,,,,,,,,EUR,0.2,Uncommon,shiftry,Pokémon,https://www.tcggo.com/pokemon/mega-evolution/shiftry-15,me1-15,654354,singles
2026-08-23T17:19:56+02:00,366,Kuroimori,kuroimori,MEG 16,16,851087,132,188,MEG,Pokémon,pokemon,230,https://images.tcggo.com/tcggo/storage/24026/logof.png,Mega Evolution,EUR,1396.42,EUR,1415.81,2025-09-26,17,Mega Evolution,mega-evolution,mega-evolution,50,23835,https://images.tcggo.com/tcggo/storage/23931/nincada-meg-16-mega-evolution.png,https://www.tcggo.com/external/cm/23835,https://www.tcggo.com/external/tcgplayer/23835,Nincada,Nincada 16,0.03,0.02,14123,EUR,[],,,,,,,,,,0.03,0.02,0.02,0.02,0.02,0.02,0.02,0.02,0.02,0.02,,,,,,,,,,,,,,,,,,,,,,,,,,,,,,,,,,,,,,,,,,,,EUR,0.18,Common,nincada,Pokémon,https://www.tcggo.com/pokemon/mega-evolution/nincada-16,me1-16,654355,singles
2026-08-23T17:19:56+02:00,822,Apios,apios,MEG 17,17,851088,132,188,MEG,Pokémon,pokemon,230,https://images.tcggo.com/tcggo/storage/24026/logof.png,Mega Evolution,EUR,1396.42,EUR,1415.81,2025-09-26,17,Mega Evolution,mega-evolution,mega-evolution,80,23836,https://images.tcggo.com/tcggo/storage/23943/ninjask-meg-17-mega-evolution.png,https://www.tcggo.com/external/cm/23836,https://www.tcggo.com/external/tcgplayer/23836,Ninjask,Ninjask 17,0.03,0.03,15642,EUR,[],,,,,,,,,,0.02,0.02,0.02,0.02,0.02,0.02,0.02,0.02,0.02,0.02,,,,,,,,,,,,,,,,,,,,,,,,,,,,,,,,,,,,,,,,,,,,EUR,0.2,Uncommon,ninjask,Pokémon,https://www.tcggo.com/pokemon/mega-evolution/ninjask-17,me1-17,654356,singles
2026-08-23T17:19:56+02:00,487,Haru Akasaka,haru-akasaka,MEG 18,18,851089,132,188,MEG,Pokémon,pokemon,230,https://images.tcggo.com/tcggo/storage/24026/logof.png,Mega Evolution,EUR,1396.42,EUR,1415.81,2025-09-26,17,Mega Evolution,mega-evolution,mega-evolution,120,23837,https://images.tcggo.com/tcggo/storage/23955/dhelmise-meg-18-mega-evolution.png,https://www.tcggo.com/external/cm/23837,https://www.tcggo.com/external/tcgplayer/23837,Dhelmise,Dhelmise 18,0.03,0.03,14835,EUR,[],,,,,,,,,,0.03,0.02,0.02,0.02,0.02,0.02,0.02,0.02,0.02,0.02,,,,,,,,,,,,,,,,,,,,,,,,,,,,,,,,,,,,,,,,,,,,EUR,0.21,Common,dhelmise,Pokémon,https://www.tcggo.com/pokemon/mega-evolution/dhelmise-18,me1-18,654357,singles
2026-08-23T17:19:56+02:00,362,Naoyo Kimura,naoyo-kimura,MEG 19,19,851090,132,188,MEG,Pokémon,pokemon,230,https://images.tcggo.com/tcggo/storage/24026/logof.png,Mega Evolution,EUR,1396.42,EUR,1415.81,2025-09-26,17,Mega Evolution,mega-evolution,mega-evolution,70,23838,https://images.tcggo.com/tcggo/storage/23967/vulpix-meg-19-mega-evolution.png,https://www.tcggo.com/external/cm/23838,https://www.tcggo.com/external/tcgplayer/23838,Vulpix,Vulpix 19,0.04,0.04,13583,EUR,[],,,,,,,,,,0.03,0.02,0.02,0.02,0.02,0.02,0.02,0.02,0.02,0.02,,,,,,,,,,,,,,,,,,,,,,,,,,,,,,,,,,,,,,,,,,,,EUR,0.23,Common,vulpix,Pokémon,https://www.tcggo.com/pokemon/mega-evolution/vulpix-19,me1-19,654358,singles
2026-08-23T17:19:56+02:00,417,satoma,satoma,MEG 20,20,851091,132,188,MEG,Pokémon,pokemon,230,https://images.tcggo.com/tcggo/storage/24026/logof.png,Mega Evolution,EUR,1396.42,EUR,1415.81,2025-09-26,17,Mega Evolution,mega-evolution,mega-evolution,120,23839,https://images.tcggo.com/tcggo/storage/23979/ninetales-meg-20-mega-evolution.png,https://www.tcggo.com/external/cm/23839,https://www.tcggo.com/external/tcgplayer/23839,Ninetales,Ninetales 20,0.03,0.03,14946,EUR,[],,,,,,,,,,0.03,0.02,0.02,0.02,0.02,0.02,0.02,0.02,0.02,0.02,,,,,,,,,,,,,,,,,,,,,,,,,,,,,,,,,,,,,,,,,,,,EUR,0.2,Uncommon,ninetales,Pokémon,https://www.tcggo.com/pokemon/mega-evolution/ninetales-20-1,me1-20,654359,singles
2026-08-23T17:19:56+02:00,779,Wintr Wandr,wintr-wandr,MEG 21,21,851092,132,188,MEG,Pokémon,pokemon,230,https://images.tcggo.com/tcggo/storage/24026/logof.png,Mega Evolution,EUR,1396.42,EUR,1415.81,2025-09-26,17,Mega Evolution,mega-evolution,mega-evolution,80,23840,https://images.tcggo.com/tcggo/storage/23991/numel-meg-21-mega-evolution.png,https://www.tcggo.com/external/cm/23840,https://www.tcggo.com/external/tcgplayer/23840,Numel,Numel 21,0.03,0.03,13673,EUR,[],,,,,,,,,,0.03,0.02,0.02,0.02,0.02,0.02,0.02,0.02,0.02,0.02,,,,,,,,,,,,,,,,,,,,,,,,,,,,,,,,,,,,,,,,,,,,EUR,0.21,Common,numel,Pokémon,https://www.tcggo.com/pokemon/mega-evolution/numel-21-1,me1-21,654360,singles
2026-08-23T17:19:56+02:00,380,5ban Graphics,5ban-graphics,MEG 22,22,851093,132,188,MEG,Pokémon,pokemon,230,https://images.tcggo.com/tcggo/storage/24026/logof.png,Mega Evolution,EUR,1396.42,EUR,1415.81,2025-09-26,17,Mega Evolution,mega-evolution,mega-evolution,340,23841,https://images.tcggo.com/tcggo/storage/24003/mega-camerupt-ex-meg-22-mega-evolution.png,https://www.tcggo.com/external/cm/23841,https://www.tcggo.com/external/tcgplayer/23841,Mega Camerupt ex,Mega Camerupt ex 22,0.44,0.44,4746,EUR,[],,,,,,,,,,0.05,0.17,0.2,0.05,0.05,0.05,0.14,0.14,0.02,0.02,,,,,,,,,,,,,,,,,,,,,,,,,,,,,,,,,,,,,,,,,,,,EUR,0.49,Double Rare,mega-camerupt-ex,Pokémon,https://www.tcggo.com/pokemon/mega-evolution/mega-camerupt-ex-22,me1-22,654361,singles
2026-08-23T17:19:56+02:00,397,Kurata So,kurata-so,MEG 23,23,851094,132,188,MEG,Pokémon,pokemon,230,https://images.tcggo.com/tcggo/storage/24026/logof.png,Mega Evolution,EUR,1396.42,EUR,1415.81,2025-09-26,17,Mega Evolution,mega-evolution,mega-evolution,70,23842,https://images.tcggo.com/tcggo/storage/24015/litleo-meg-23-mega-evolution.png,https://www.tcggo.com/external/cm/23842,https://www.tcggo.com/external/tcgplayer/23842,Litleo,Litleo 23,0.03,0.02,14498,EUR,[],,,,,,,,,,0.03,0.02,0.02,0.02,0.02,0.02,0.02,0.02,0.02,0.02,,,,,,,,,,,,,,,,,,,,,,,,,,,,,,,,,,,,,,,,,,,,EUR,0.15,Common,litleo,Pokémon,https://www.tcggo.com/pokemon/mega-evolution/litleo-23,me1-23,654362,singles
2026-08-23T17:19:56+02:00,382,KEIICHIRO ITO,keiichiro-ito,MEG 24,24,851095,132,188,MEG,Pokémon,pokemon,230,https://images.tcggo.com/tcggo/storage/24026/logof.png,Mega Evolution,EUR,1396.42,EUR,1415.81,2025-09-26,17,Mega Evolution,mega-evolution,mega-evolution,130,23843,https://images.tcggo.com/tcggo/storage/23839/pyroar-meg-24-mega-evolution.png,https://www.tcggo.com/external/cm/23843,https://www.tcggo.com/external/tcgplayer/23843,Pyroar,Pyroar 24,0.02,0.02,16140,EUR,[],,,,,,,,,,0.02,0.02,0.02,0.02,0.02,0.02,0.02,0.02,0.02,0.02,,,,,,,,,,,,,,,,,,,,,,,,,,,,,,,,,,,,,,,,,,,,EUR,0.19,Uncommon,pyroar,Pokémon,https://www.tcggo.com/pokemon/mega-evolution/pyroar-24,me1-24,654363,singles
2026-08-23T17:19:56+02:00,459,GIDORA,gidora,MEG 25,25,851096,132,188,MEG,Pokémon,pokemon,230,https://images.tcggo.com/tcggo/storage/24026/logof.png,Mega Evolution,EUR,1396.42,EUR,1415.81,2025-09-26,17,Mega Evolution,mega-evolution,mega-evolution,130,23844,https://images.tcggo.com/tcggo/storage/23851/volcanion-meg-25-mega-evolution.png,https://www.tcggo.com/external/cm/23844,https://www.tcggo.com/external/tcgplayer/23844,Volcanion,Volcanion 25,0.02,0.02,16002,EUR,[],,,,,,,,,,0.02,0.02,0.02,0.02,0.02,0.02,0.02,0.02,0.02,0.02,,,,,,,,,,,,,,,,,,,,,,,,,,,,,,,,,,,,,,,,,,,,EUR,0.19,Uncommon,volcanion,Pokémon,https://www.tcggo.com/pokemon/mega-evolution/volcanion-25-3,me1-25,654364,singles
2026-08-23T17:19:56+02:00,764,svlt,svlt,MEG 26,26,851097,132,188,MEG,Pokémon,pokemon,230,https://images.tcggo.com/tcggo/storage/24026/logof.png,Mega Evolution,EUR,1396.42,EUR,1415.81,2025-09-26,17,Mega Evolution,mega-evolution,mega-evolution,70,23845,https://images.tcggo.com/tcggo/storage/23863/scorbunny-meg-26-mega-evolution.png,https://www.tcggo.com/external/cm/23845,https://www.tcggo.com/external/tcgplayer/23845,Scorbunny,Scorbunny 26,0.03,0.03,14002,EUR,[],,,,,,,,,,0.02,0.02,0.02,0.02,0.02,0.02,0.02,0.02,0.02,0.02,,,,,,,,,,,,,,,,,,,,,,,,,,,,,,,,,,,,,,,,,,,,EUR,0.17,Common,scorbunny,Pokémon,https://www.tcggo.com/pokemon/mega-evolution/scorbunny-26-2,me1-26,654365,singles
2026-08-23T17:19:56+02:00,406,Narumi Sato,narumi-sato,MEG 27,27,851098,132,188,MEG,Pokémon,pokemon,230,https://images.tcggo.com/tcggo/storage/24026/logof.png,Mega Evolution,EUR,1396.42,EUR,1415.81,2025-09-26,17,Mega Evolution,mega-evolution,mega-evolution,100,23846,https://images.tcggo.com/tcggo/storage/23875/raboot-meg-27-mega-evolution.png,https://www.tcggo.com/external/cm/23846,https://www.tcggo.com/external/tcgplayer/23846,Raboot,Raboot 27,0.04,0.03,7359,EUR,[],,,,,,,,,,0.03,0.02,0.02,0.02,0.02,0.02,0.02,0.02,0.02,0.02,,,,,,,,,,,,,,,,,,,,,,,,,,,,,,,,,,,,,,,,,,,,EUR,0.17,Common,raboot,Pokémon,https://www.tcggo.com/pokemon/mega-evolution/raboot-27-2,me1-27,654366,singles
2026-08-23T17:19:56+02:00,470,REND,rend,MEG 28,28,851099,132,188,MEG,Pokémon,pokemon,230,https://images.tcggo.com/tcggo/storage/24026/logof.png,Mega Evolution,EUR,1396.42,EUR,1415.81,2025-09-26,17,Mega Evolution,mega-evolution,mega-evolution,160,23847,https://images.tcggo.com/tcggo/storage/23887/cinderace-meg-28-mega-evolution.png,https://www.tcggo.com/external/cm/23847,https://www.tcggo.com/external/tcgplayer/23847,Cinderace,Cinderace 28,0.07,0.07,13672,EUR,[],,,,,,,,,,0.02,0.02,0.02,0.02,0.02,0.02,0.02,0.02,0.02,0.02,,,,,,,,,,,,,,,,,,,,,,,,,,,,,,,,,,,,,,,,,,,,EUR,0.21,rare,cinderace,Pokémon,https://www.tcggo.com/pokemon/mega-evolution/cinderace-28-1,me1-28,654367,singles
2026-08-23T17:19:56+02:00,459,GIDORA,gidora,MEG 29,29,851100,132,188,MEG,Pokémon,pokemon,230,https://images.tcggo.com/tcggo/storage/24026/logof.png,Mega Evolution,EUR,1396.42,EUR,1415.81,2025-09-26,17,Mega Evolution,mega-evolution,mega-evolution,80,23848,https://images.tcggo.com/tcggo/storage/23899/sizzlipede-meg-29-mega-evolution.png,https://www.tcggo.com/external/cm/23848,https://www.tcggo.com/external/tcgplayer/23848,Sizzlipede,Sizzlipede 29,0.03,0.02,14705,EUR,[],,,,,,,,,,0.03,0.02,0.02,0.02,0.02,0.02,0.02,0.02,0.02,0.02,,,,,,,,,,,,,,,,,,,,,,,,,,,,,,,,,,,,,,,,,,,,EUR,0.21,Common,sizzlipede,Pokémon,https://www.tcggo.com/pokemon/mega-evolution/sizzlipede-29-1,me1-29,654368,singles
2026-08-23T17:19:56+02:00,443,Shiburingaru,shiburingaru,MEG 30,30,851101,132,188,MEG,Pokémon,pokemon,230,https://images.tcggo.com/tcggo/storage/24026/logof.png,Mega Evolution,EUR,1396.42,EUR,1415.81,2025-09-26,17,Mega Evolution,mega-evolution,mega-evolution,140,23849,https://images.tcggo.com/tcggo/storage/23910/centiskorch-meg-30-mega-evolution.png,https://www.tcggo.com/external/cm/23849,https://www.tcggo.com/external/tcgplayer/23849,Centiskorch,Centiskorch 30,0.03,0.02,16545,EUR,[],,,,,,,,,,0.02,0.02,0.02,0.02,0.02,0.02,0.02,0.02,0.02,0.02,,,,,,,,,,,,,,,,,,,,,,,,,,,,,,,,,,,,,,,,,,,,EUR,0.17,Uncommon,centiskorch,Pokémon,https://www.tcggo.com/pokemon/mega-evolution/centiskorch-30-1,me1-30,654369,singles
2026-08-23T17:19:56+02:00,396,Gemi,gemi,MEG 31,31,851102,132,188,MEG,Pokémon,pokemon,230,https://images.tcggo.com/tcggo/storage/24026/logof.png,Mega Evolution,EUR,1396.42,EUR,1415.81,2025-09-26,17,Mega Evolution,mega-evolution,mega-evolution,110,23850,https://images.tcggo.com/tcggo/storage/23921/chi-yu-meg-31-mega-evolution.png,https://www.tcggo.com/external/cm/23850,https://www.tcggo.com/external/tcgplayer/23850,Chi-Yu,Chi-Yu 31,0.03,0.03,15910,EUR,[],,,,,,,,,,0.03,0.02,0.02,0.02,0.02,0.02,0.02,0.02,0.02,0.02,,,,,,,,,,,,,,,,,,,,,,,,,,,,,,,,,,,,,,,,,,,,EUR,0.17,Uncommon,chi-yu,Pokémon,https://www.tcggo.com/pokemon/mega-evolution/chi-yu-31,me1-31,654370,singles
2026-08-23T17:19:56+02:00,410,Shimaris Yukichi,shimaris-yukichi,MEG 32,32,851103,132,188,MEG,Pokémon,pokemon,230,https://images.tcggo.com/tcggo/storage/24026/logof.png,Mega Evolution,EUR,1396.42,EUR,1415.81,2025-09-26,17,Mega Evolution,mega-evolution,mega-evolution,110,23851,https://images.tcggo.com/tcggo/storage/23932/mantine-meg-32-mega-evolution.png,https://www.tcggo.com/external/cm/23851,https://www.tcggo.com/external/tcgplayer/23851,Mantine,Mantine 32,0.03,0.03,14537,EUR,[],,,,,,,,,,0.02,0.02,0.02,0.02,0.02,0.02,0.02,0.02,0.02,0.02,,,,,,,,,,,,,,,,,,,,,,,,,,,,,,,,,,,,,,,,,,,,EUR,0.19,Common,mantine,Pokémon,https://www.tcggo.com/pokemon/mega-evolution/mantine-32,me1-32,654371,singles
2026-08-23T17:19:56+02:00,379,Sanosuke Sakuma,sanosuke-sakuma,MEG 33,33,851104,132,188,MEG,Pokémon,pokemon,230,https://images.tcggo.com/tcggo/storage/24026/logof.png,Mega Evolution,EUR,1396.42,EUR,1415.81,2025-09-26,17,Mega Evolution,mega-evolution,mega-evolution,80,23852,https://images.tcggo.com/tcggo/storage/23944/corphish-meg-33-mega-evolution.png,https://www.tcggo.com/external/cm/23852,https://www.tcggo.com/external/tcgplayer/23852,Corphish,Corphish 33,0.03,0.02,14661,EUR,[],,,,,,,,,,0.03,0.02,0.02,0.02,0.02,0.02,0.02,0.02,0.02,0.02,,,,,,,,,,,,,,,,,,,,,,,,,,,,,,,,,,,,,,,,,,,,EUR,0.21,Common,corphish,Pokémon,https://www.tcggo.com/pokemon/mega-evolution/corphish-33-1,me1-33,654372,singles
2026-08-23T17:19:56+02:00,395,Nisota Niso,nisota-niso,MEG 34,34,851105,132,188,MEG,Pokémon,pokemon,230,https://images.tcggo.com/tcggo/storage/24026/logof.png,Mega Evolution,EUR,1396.42,EUR,1415.81,2025-09-26,17,Mega Evolution,mega-evolution,mega-evolution,150,23853,https://images.tcggo.com/tcggo/storage/23956/kyogre-meg-34-mega-evolution.png,https://www.tcggo.com/external/cm/23853,https://www.tcggo.com/external/tcgplayer/23853,Kyogre,Kyogre 34,0.08,0.06,13466,EUR,[],,,,,,,,,,0.02,0.02,0.02,0.02,0.02,0.02,0.02,0.02,0.02,0.02,,,,,,,,,,,,,,,,,,,,,,,,,,,,,,,,,,,,,,,,,,,,EUR,0.21,rare,kyogre,Pokémon,https://www.tcggo.com/pokemon/mega-evolution/kyogre-34,me1-34,654373,singles
2026-08-23T17:19:56+02:00,516,Pani Kobayashi,pani-kobayashi,MEG 35,35,851106,132,188,MEG,Pokémon,pokemon,230,https://images.tcggo.com/tcggo/storage/24026/logof.png,Mega Evolution,EUR,1396.42,EUR,1415.81,2025-09-26,17,Mega Evolution,mega-evolution,mega-evolution,90,23854,https://images.tcggo.com/tcggo/storage/23968/snover-meg-35-mega-evolution.png,https://www.tcggo.com/external/cm/23854,https://www.tcggo.com/external/tcgplayer/23854,Snover,Snover 35,0.03,0.03,13579,EUR,[],,,,,,,,,,0.02,0.02,0.02,0.02,0.02,0.02,0.02,0.02,0.02,0.02,,,,,,,,,,,,,,,,,,,,,,,,,,,,,,,,,,,,,,,,,,,,EUR,0.21,Common,snover,Pokémon,https://www.tcggo.com/pokemon/mega-evolution/snover-35,me1-35,654374,singles
2026-08-23T17:19:56+02:00,380,5ban Graphics,5ban-graphics,MEG 36,36,851107,132,188,MEG,Pokémon,pokemon,230,https://images.tcggo.com/tcggo/storage/24026/logof.png,Mega Evolution,EUR,1396.42,EUR,1415.81,2025-09-26,17,Mega Evolution,mega-evolution,mega-evolution,350,23855,https://images.tcggo.com/tcggo/storage/23980/mega-abomasnow-ex-meg-36-mega-evolution.png,https://www.tcggo.com/external/cm/23855,https://www.tcggo.com/external/tcgplayer/23855,Mega Abomasnow ex,Mega Abomasnow ex 36,0.49,0.52,4402,EUR,[],,,,,,,,,,0.1,0.15,0.15,0.02,0.02,0.1,0.1,0.1,0.02,0.02,,,,,,,,,,,,,,,,,,,,,,,,,,,,,,,,,,,,,,,,,,,,EUR,0.45,Double Rare,mega-abomasnow-ex,Pokémon,https://www.tcggo.com/pokemon/mega-evolution/mega-abomasnow-ex-36,me1-36,654375,singles
2026-08-23T17:19:56+02:00,441,Tomokazu Komiya,tomokazu-komiya,MEG 37,37,851108,132,188,MEG,Pokémon,pokemon,230,https://images.tcggo.com/tcggo/storage/24026/logof.png,Mega Evolution,EUR,1396.42,EUR,1415.81,2025-09-26,17,Mega Evolution,mega-evolution,mega-evolution,80,23856,https://images.tcggo.com/tcggo/storage/23992/clauncher-meg-37-mega-evolution.png,https://www.tcggo.com/external/cm/23856,https://www.tcggo.com/external/tcgplayer/23856,Clauncher,Clauncher 37,0.03,0.03,14174,EUR,[],,,,,,,,,,0.03,0.02,0.02,0.02,0.02,0.02,0.02,0.02,0.02,0.02,,,,,,,,,,,,,,,,,,,,,,,,,,,,,,,,,,,,,,,,,,,,EUR,0.21,Common,clauncher,Pokémon,https://www.tcggo.com/pokemon/mega-evolution/clauncher-37,me1-37,654376,singles
2026-08-23T17:19:56+02:00,363,Anesaki Dynamic,anesaki-dynamic,MEG 38,38,851109,132,188,MEG,Pokémon,pokemon,230,https://images.tcggo.com/tcggo/storage/24026/logof.png,Mega Evolution,EUR,1396.42,EUR,1415.81,2025-09-26,17,Mega Evolution,mega-evolution,mega-evolution,130,23857,https://images.tcggo.com/tcggo/storage/24004/clawitzer-meg-38-mega-evolution.png,https://www.tcggo.com/external/cm/23857,https://www.tcggo.com/external/tcgplayer/23857,Clawitzer,Clawitzer 38,0.05,0.08,15687,EUR,[],,,,,,,,,,0.03,0.02,0.02,0.02,0.02,0.02,0.02,0.02,0.02,0.02,,,,,,,,,,,,,,,,,,,,,,,,,,,,,,,,,,,,,,,,,,,,EUR,0.19,rare,clawitzer,Pokémon,https://www.tcggo.com/pokemon/mega-evolution/clawitzer-38,me1-38,654377,singles
2026-08-23T17:19:56+02:00,398,Taira Akitsu,taira-akitsu,MEG 39,39,851110,132,188,MEG,Pokémon,pokemon,230,https://images.tcggo.com/tcggo/storage/24026/logof.png,Mega Evolution,EUR,1396.42,EUR,1415.81,2025-09-26,17,Mega Evolution,mega-evolution,mega-evolution,70,23858,https://images.tcggo.com/tcggo/storage/24016/sobble-meg-39-mega-evolution.png,https://www.tcggo.com/external/cm/23858,https://www.tcggo.com/external/tcgplayer/23858,Sobble,Sobble 39,0.03,0.02,14558,EUR,[],,,,,,,,,,0.03,0.02,0.02,0.02,0.02,0.02,0.02,0.02,0.02,0.02,,,,,,,,,,,,,,,,,,,,,,,,,,,,,,,,,,,,,,,,,,,,EUR,0.18,Common,sobble,Pokémon,https://www.tcggo.com/pokemon/mega-evolution/sobble-39,me1-39,654378,singles
2026-08-23T17:19:56+02:00,377,Souichirou Gunjima,souichirou-gunjima,MEG 40,40,851111,132,188,MEG,Pokémon,pokemon,230,https://images.tcggo.com/tcggo/storage/24026/logof.png,Mega Evolution,EUR,1396.42,EUR,1415.81,2025-09-26,17,Mega Evolution,mega-evolution,mega-evolution,100,23859,https://images.tcggo.com/tcggo/storage/23840/drizzile-meg-40-mega-evolution.png,https://www.tcggo.com/external/cm/23859,https://www.tcggo.com/external/tcgplayer/23859,Drizzile,Drizzile 40,0.04,0.05,7599,EUR,[],,,,,,,,,,0.02,0.02,0.02,0.02,0.02,0.02,0.02,0.02,0.02,0.02,,,,,,,,,,,,,,,,,,,,,,,,,,,,,,,,,,,,,,,,,,,,EUR,0.23,Common,drizzile,Pokémon,https://www.tcggo.com/pokemon/mega-evolution/drizzile-40,me1-40,654379,singles
2026-08-23T17:19:56+02:00,430,akagi,akagi,MEG 41,41,851112,132,188,MEG,Pokémon,pokemon,230,https://images.tcggo.com/tcggo/storage/24026/logof.png,Mega Evolution,EUR,1396.42,EUR,1415.81,2025-09-26,17,Mega Evolution,mega-evolution,mega-evolution,150,23860,https://images.tcggo.com/tcggo/storage/23852/inteleon-meg-41-mega-evolution.png,https://www.tcggo.com/external/cm/23860,https://www.tcggo.com/external/tcgplayer/23860,Inteleon,Inteleon 41,0.03,0.03,15961,EUR,[],,,,,,,,,,0.03,0.02,0.02,0.02,0.02,0.02,0.02,0.02,0.02,0.02,,,,,,,,,,,,,,,,,,,,,,,,,,,,,,,,,,,,,,,,,,,,EUR,0.2,Uncommon,inteleon,Pokémon,https://www.tcggo.com/pokemon/mega-evolution/inteleon-41,me1-41,654380,singles
2026-08-23T17:19:56+02:00,484,Kagemaru Himeno,kagemaru-himeno,MEG 42,42,851113,132,188,MEG,Pokémon,pokemon,230,https://images.tcggo.com/tcggo/storage/24026/logof.png,Mega Evolution,EUR,1396.42,EUR,1415.81,2025-09-26,17,Mega Evolution,mega-evolution,mega-evolution,50,23861,https://images.tcggo.com/tcggo/storage/23864/snom-meg-42-mega-evolution.png,https://www.tcggo.com/external/cm/23861,https://www.tcggo.com/external/tcgplayer/23861,Snom,Snom 42,0.04,0.04,14403,EUR,[],,,,,,,,,,0.02,0.02,0.02,0.02,0.02,0.02,0.02,0.02,0.02,0.02,,,,,,,,,,,,,,,,,,,,,,,,,,,,,,,,,,,,,,,,,,,,EUR,0.24,Common,snom,Pokémon,https://www.tcggo.com/pokemon/mega-evolution/snom-42,me1-42,654381,singles
2026-08-23T17:19:56+02:00,449,miki kudo,miki-kudo,MEG 43,43,851114,132,188,MEG,Pokémon,pokemon,230,https://images.tcggo.com/tcggo/storage/24026/logof.png,Mega Evolution,EUR,1396.42,EUR,1415.81,2025-09-26,17,Mega Evolution,mega-evolution,mega-evolution,110,23862,https://images.tcggo.com/tcggo/storage/23876/frosmoth-meg-43-mega-evolution.png,https://www.tcggo.com/external/cm/23862,https://www.tcggo.com/external/tcgplayer/23862,Frosmoth,Frosmoth 43,0.02,0.02,16232,EUR,[],,,,,,,,,,0.03,0.02,0.02,0.02,0.02,0.02,0.02,0.02,0.02,0.02,,,,,,,,,,,,,,,,,,,,,,,,,,,,,,,,,,,,,,,,,,,,EUR,0.21,Uncommon,frosmoth,Pokémon,https://www.tcggo.com/pokemon/mega-evolution/frosmoth-43,me1-43,654382,singles
2026-08-23T17:19:56+02:00,426,Akira Komayama,akira-komayama,MEG 44,44,851115,132,188,MEG,Pokémon,pokemon,230,https://images.tcggo.com/tcggo/storage/24026/logof.png,Mega Evolution,EUR,1396.42,EUR,1415.81,2025-09-26,17,Mega Evolution,mega-evolution,mega-evolution,110,23863,https://images.tcggo.com/tcggo/storage/23888/eiscue-meg-44-mega-evolution.png,https://www.tcggo.com/external/cm/23863,https://www.tcggo.com/external/tcgplayer/23863,Eiscue,Eiscue 44,0.03,0.03,14267,EUR,[],,,,,,,,,,0.02,0.02,0.02,0.02,0.02,0.02,0.02,0.02,0.02,0.02,,,,,,,,,,,,,,,,,,,,,,,,,,,,,,,,,,,,,,,,,,,,EUR,0.19,Common,eiscue,Pokémon,https://www.tcggo.com/pokemon/mega-evolution/eiscue-44-1,me1-44,654383,singles
2026-08-23T17:19:56+02:00,442,Krgc,krgc,MEG 45,45,851116,132,188,MEG,Pokémon,pokemon,230,https://images.tcggo.com/tcggo/storage/24026/logof.png,Mega Evolution,EUR,1396.42,EUR,1415.81,2025-09-26,17,Mega Evolution,mega-evolution,mega-evolution,70,23864,https://images.tcggo.com/tcggo/storage/23900/magnemite-meg-45-mega-evolution.png,https://www.tcggo.com/external/cm/23864,https://www.tcggo.com/external/tcgplayer/23864,Magnemite,Magnemite 45,0.03,0.03,14099,EUR,[],,,,,,,,,,0.03,0.02,0.02,0.02,0.02,0.02,0.02,0.02,0.02,0.02,,,,,,,,,,,,,,,,,,,,,,,,,,,,,,,,,,,,,,,,,,,,EUR,0.2,Common,magnemite,Pokémon,https://www.tcggo.com/pokemon/mega-evolution/magnemite-45,me1-45,654384,singles
2026-08-23T17:19:56+02:00,370,Saboteri,saboteri,MEG 46,46,851117,132,188,MEG,Pokémon,pokemon,230,https://images.tcggo.com/tcggo/storage/24026/logof.png,Mega Evolution,EUR,1396.42,EUR,1415.81,2025-09-26,17,Mega Evolution,mega-evolution,mega-evolution,90,23865,https://images.tcggo.com/tcggo/storage/23911/magneton-meg-46-mega-evolution.png,https://www.tcggo.com/external/cm/23865,https://www.tcggo.com/external/tcgplayer/23865,Magneton,Magneton 46,0.04,0.04,7420,EUR,[],,,,,,,,,,0.02,0.02,0.02,0.02,0.02,0.02,0.02,0.02,0.02,0.02,,,,,,,,,,,,,,,,,,,,,,,,,,,,,,,,,,,,,,,,,,,,EUR,0.21,Common,magneton,Pokémon,https://www.tcggo.com/pokemon/mega-evolution/magneton-46,me1-46,654385,singles
2026-08-23T17:19:56+02:00,405,nagimiso,nagimiso,MEG 47,47,851118,132,188,MEG,Pokémon,pokemon,230,https://images.tcggo.com/tcggo/storage/24026/logof.png,Mega Evolution,EUR,1396.42,EUR,1415.81,2025-09-26,17,Mega Evolution,mega-evolution,mega-evolution,160,23866,https://images.tcggo.com/tcggo/storage/23922/magnezone-meg-47-mega-evolution.png,https://www.tcggo.com/external/cm/23866,https://www.tcggo.com/external/tcgplayer/23866,Magnezone,Magnezone 47,0.02,0.02,16059,EUR,[],,,,,,,,,,0.03,0.02,0.02,0.02,0.02,0.02,0.02,0.02,0.02,0.02,,,,,,,,,,,,,,,,,,,,,,,,,,,,,,,,,,,,,,,,,,,,EUR,0.26,Uncommon,magnezone,Pokémon,https://www.tcggo.com/pokemon/mega-evolution/magnezone-47-1,me1-47,654386,singles
2026-08-23T17:19:56+02:00,388,Takumi Wada,takumi-wada,MEG 48,48,851119,132,188,MEG,Pokémon,pokemon,230,https://images.tcggo.com/tcggo/storage/24026/logof.png,Mega Evolution,EUR,1396.42,EUR,1415.81,2025-09-26,17,Mega Evolution,mega-evolution,mega-evolution,120,23867,https://images.tcggo.com/tcggo/storage/23933/raikou-meg-48-mega-evolution.png,https://www.tcggo.com/external/cm/23867,https://www.tcggo.com/external/tcgplayer/23867,Raikou,Raikou 48,0.09,0.13,13978,EUR,[],,,,,,,,,,0.03,0.02,0.02,0.02,0.02,0.02,0.02,0.02,0.02,0.02,,,,,,,,,,,,,,,,,,,,,,,,,,,,,,,,,,,,,,,,,,,,EUR,0.23,rare,raikou,Pokémon,https://www.tcggo.com/pokemon/mega-evolution/raikou-48,me1-48,654387,singles
2026-08-23T17:19:56+02:00,463,Naoki Saito,naoki-saito,MEG 49,49,851120,132,188,MEG,Pokémon,pokemon,230,https://images.tcggo.com/tcggo/storage/24026/logof.png,Mega Evolution,EUR,1396.42,EUR,1415.81,2025-09-26,17,Mega Evolution,mega-evolution,mega-evolution,70,23868,https://images.tcggo.com/tcggo/storage/23945/electrike-meg-49-mega-evolution.png,https://www.tcggo.com/external/cm/23868,https://www.tcggo.com/external/tcgplayer/23868,Electrike,Electrike 49,0.04,0.07,13449,EUR,[],,,,,,,,,,0.03,0.02,0.02,0.02,0.02,0.02,0.02,0.02,0.02,0.02,,,,,,,,,,,,,,,,,,,,,,,,,,,,,,,,,,,,,,,,,,,,EUR,0.22,Common,electrike,Pokémon,https://www.tcggo.com/pokemon/mega-evolution/electrike-49,me1-49,654388,singles
2026-08-23T17:19:56+02:00,380,5ban Graphics,5ban-graphics,MEG 50,50,851121,132,188,MEG,Pokémon,pokemon,230,https://images.tcggo.com/tcggo/storage/24026/logof.png,Mega Evolution,EUR,1396.42,EUR,1415.81,2025-09-26,17,Mega Evolution,mega-evolution,mega-evolution,330,23869,https://images.tcggo.com/tcggo/storage/23957/mega-manectric-ex-meg-50-mega-evolution.png,https://www.tcggo.com/external/cm/23869,https://www.tcggo.com/external/tcgplayer/23869,Mega Manectric ex,Mega Manectric ex 50,0.51,0.48,4184,EUR,[],,,,,,,,,,0.1,0.09,0.09,0.14,0.14,0.1,0.15,0.2,0.05,0.05,,,,,,,,,,,,,,,,,,,,,,,,,,,,,,,,,,,,,,,,,,,,EUR,0.5,Double Rare,mega-manectric-ex,Pokémon,https://www.tcggo.com/pokemon/mega-evolution/mega-manectric-ex-50,me1-50,654389,singles
2026-08-23T17:19:56+02:00,767,tono,tono,MEG 51,51,851122,132,188,MEG,Pokémon,pokemon,230,https://images.tcggo.com/tcggo/storage/24026/logof.png,Mega Evolution,EUR,1396.42,EUR,1415.81,2025-09-26,17,Mega Evolution,mega-evolution,mega-evolution,70,23870,https://images.tcggo.com/tcggo/storage/23969/pachirisu-meg-51-mega-evolution.png,https://www.tcggo.com/external/cm/23870,https://www.tcggo.com/external/tcgplayer/23870,Pachirisu,Pachirisu 51,0.03,0.02,13885,EUR,[],,,,,,,,,,0.02,0.02,0.02,0.02,0.02,0.02,0.02,0.02,0.02,0.02,,,,,,,,,,,,,,,,,,,,,,,,,,,,,,,,,,,,,,,,,,,,EUR,0.23,Common,pachirisu,Pokémon,https://www.tcggo.com/pokemon/mega-evolution/pachirisu-51,me1-51,654390,singles
2026-08-23T17:19:56+02:00,401,Yuka Morii,yuka-morii,MEG 52,52,851123,132,188,MEG,Pokémon,pokemon,230,https://images.tcggo.com/tcggo/storage/24026/logof.png,Mega Evolution,EUR,1396.42,EUR,1415.81,2025-09-26,17,Mega Evolution,mega-evolution,mega-evolution,70,23871,https://images.tcggo.com/tcggo/storage/23981/helioptile-meg-52-mega-evolution.png,https://www.tcggo.com/external/cm/23871,https://www.tcggo.com/external/tcgplayer/23871,Helioptile,Helioptile 52,0.03,0.03,14182,EUR,[],,,,,,,,,,0.02,0.02,0.02,0.02,0.02,0.02,0.02,0.02,0.02,0.02,,,,,,,,,,,,,,,,,,,,,,,,,,,,,,,,,,,,,,,,,,,,EUR,0.25,Common,helioptile,Pokémon,https://www.tcggo.com/pokemon/mega-evolution/helioptile-52,me1-52,654391,singles
2026-08-23T17:19:56+02:00,784,Nakamura Ippan,nakamura-ippan,MEG 53,53,851124,132,188,MEG,Pokémon,pokemon,230,https://images.tcggo.com/tcggo/storage/24026/logof.png,Mega Evolution,EUR,1396.42,EUR,1415.81,2025-09-26,17,Mega Evolution,mega-evolution,mega-evolution,120,23872,https://images.tcggo.com/tcggo/storage/23993/heliolisk-meg-53-mega-evolution.png,https://www.tcggo.com/external/cm/23872,https://www.tcggo.com/external/tcgplayer/23872,Heliolisk,Heliolisk 53,0.03,0.03,14735,EUR,[],,,,,,,,,,0.03,0.02,0.02,0.02,0.02,0.02,0.02,0.02,0.02,0.02,,,,,,,,,,,,,,,,,,,,,,,,,,,,,,,,,,,,,,,,,,,,EUR,0.18,Common,heliolisk,Pokémon,https://www.tcggo.com/pokemon/mega-evolution/heliolisk-53,me1-53,654392,singles
2026-08-23T17:19:56+02:00,365,Orca,orca,MEG 54,54,851125,132,188,MEG,Pokémon,pokemon,230,https://images.tcggo.com/tcggo/storage/24026/logof.png,Mega Evolution,EUR,1396.42,EUR,1415.81,2025-09-26,17,Mega Evolution,mega-evolution,mega-evolution,50,23873,https://images.tcggo.com/tcggo/storage/24005/abra-meg-54-mega-evolution.png,https://www.tcggo.com/external/cm/23873,https://www.tcggo.com/external/tcgplayer/23873,Abra,Abra 54,0.06,0.07,8920,EUR,[],,,,,,,,,,0.03,0.02,0.02,0.02,0.02,0.02,0.02,0.02,0.02,0.02,,,,,,,,,,,,,,,,,,,,,,,,,,,,,,,,,,,,,,,,,,,,EUR,0.25,Common,abra,Pokémon,https://www.tcggo.com/pokemon/mega-evolution/abra-54,me1-54,654393,singles
2026-08-23T17:19:56+02:00,370,Saboteri,saboteri,MEG 55,55,851126,132,188,MEG,Pokémon,pokemon,230,https://images.tcggo.com/tcggo/storage/24026/logof.png,Mega Evolution,EUR,1396.42,EUR,1415.81,2025-09-26,17,Mega Evolution,mega-evolution,mega-evolution,80,23874,https://images.tcggo.com/tcggo/storage/24017/kadabra-meg-55-mega-evolution.png,https://www.tcggo.com/external/cm/23874,https://www.tcggo.com/external/tcgplayer/23874,Kadabra,Kadabra 55,0.07,0.08,10639,EUR,[],,,,,,,,,,0.02,0.02,0.02,0.02,0.02,0.02,0.02,0.02,0.02,0.02,,,,,,,,,,,,,,,,,,,,,,,,,,,,,,,,,,,,,,,,,,,,EUR,0.29,Uncommon,kadabra,Pokémon,https://www.tcggo.com/pokemon/mega-evolution/kadabra-55,me1-55,654394,singles
2026-08-23T17:19:56+02:00,502,Bun Toujo,bun-toujo,MEG 56,56,851127,132,188,MEG,Pokémon,pokemon,230,https://images.tcggo.com/tcggo/storage/24026/logof.png,Mega Evolution,EUR,1396.42,EUR,1415.81,2025-09-26,17,Mega Evolution,mega-evolution,mega-evolution,140,23875,https://images.tcggo.com/tcggo/storage/23841/alakazam-meg-56-mega-evolution.png,https://www.tcggo.com/external/cm/23875,https://www.tcggo.com/external/tcgplayer/23875,Alakazam,Alakazam 56,0.14,0.14,9248,EUR,[],,,,,,,,,,0.02,0.02,0.02,0.02,0.02,0.02,0.02,0.02,0.02,0.02,,,,,,,,,,,,,,,,,,,,,,,,,,,,,,,,,,,,,,,,,,,,EUR,0.22,rare,alakazam,Pokémon,https://www.tcggo.com/pokemon/mega-evolution/alakazam-56,me1-56,654395,singles
2026-08-23T17:19:56+02:00,777,Minahamu,minahamu,MEG 57,57,851128,132,188,MEG,Pokémon,pokemon,230,https://images.tcggo.com/tcggo/storage/24026/logof.png,Mega Evolution,EUR,1396.42,EUR,1415.81,2025-09-26,17,Mega Evolution,mega-evolution,mega-evolution,110,23876,https://images.tcggo.com/tcggo/storage/23853/jynx-meg-57-mega-evolution.png,https://www.tcggo.com/external/cm/23876,https://www.tcggo.com/external/tcgplayer/23876,Jynx,Jynx 57,0.04,0.04,7694,EUR,[],,,,,,,,,,0.02,0.02,0.02,0.02,0.02,0.02,0.02,0.02,0.02,0.02,,,,,,,,,,,,,,,,,,,,,,,,,,,,,,,,,,,,,,,,,,,,EUR,0.18,Common,jynx,Pokémon,https://www.tcggo.com/pokemon/mega-evolution/jynx-57,me1-57,654396,singles
2026-08-23T17:19:56+02:00,787,Terada Tera,terada-tera,MEG 58,58,851129,132,188,MEG,Pokémon,pokemon,230,https://images.tcggo.com/tcggo/storage/24026/logof.png,Mega Evolution,EUR,1396.42,EUR,1415.81,2025-09-26,17,Mega Evolution,mega-evolution,mega-evolution,70,23877,https://images.tcggo.com/tcggo/storage/23865/ralts-meg-58-mega-evolution.png,https://www.tcggo.com/external/cm/23877,https://www.tcggo.com/external/tcgplayer/23877,Ralts,Ralts 58,0.04,0.04,11729,EUR,[],,,,,,,,,,0.03,0.02,0.02,0.02,0.02,0.02,0.02,0.02,0.02,0.02,,,,,,,,,,,,,,,,,,,,,,,,,,,,,,,,,,,,,,,,,,,,EUR,0.23,Common,ralts,Pokémon,https://www.tcggo.com/pokemon/mega-evolution/ralts-58,me1-58,654397,singles
2026-08-23T17:19:56+02:00,417,satoma,satoma,MEG 59,59,851130,132,188,MEG,Pokémon,pokemon,230,https://images.tcggo.com/tcggo/storage/24026/logof.png,Mega Evolution,EUR,1396.42,EUR,1415.81,2025-09-26,17,Mega Evolution,mega-evolution,mega-evolution,100,23878,https://images.tcggo.com/tcggo/storage/23877/kirlia-meg-59-mega-evolution.png,https://www.tcggo.com/external/cm/23878,https://www.tcggo.com/external/tcgplayer/23878,Kirlia,Kirlia 59,0.06,0.08,5480,EUR,[],,,,,,,,,,0.02,0.02,0.02,0.02,0.02,0.02,0.02,0.02,0.02,0.02,,,,,,,,,,,,,,,,,,,,,,,,,,,,,,,,,,,,,,,,,,,,EUR,0.27,Common,kirlia,Pokémon,https://www.tcggo.com/pokemon/mega-evolution/kirlia-59,me1-59,654398,singles
2026-08-23T17:19:56+02:00,490,takuyoa,takuyoa,MEG 60,60,851131,132,188,MEG,Pokémon,pokemon,230,https://images.tcggo.com/tcggo/storage/24026/logof.png,Mega Evolution,EUR,1396.42,EUR,1415.81,2025-09-26,17,Mega Evolution,mega-evolution,mega-evolution,360,23879,https://images.tcggo.com/tcggo/storage/23889/mega-gardevoir-ex-meg-60-mega-evolution.png,https://www.tcggo.com/external/cm/23879,https://www.tcggo.com/external/tcgplayer/23879,Mega Gardevoir ex,Mega Gardevoir ex 60,0.56,0.52,4115,EUR,[],,,,,,,,,,0.1,0.29,0.3,0.15,0.15,0.1,0.25,0.35,0.02,0.02,,,,,,,,,,,,,,,,,,,,,,,,,,,,,,,,,,,,,,,,,,,,EUR,0.53,Double Rare,mega-gardevoir-ex,Pokémon,https://www.tcggo.com/pokemon/mega-evolution/mega-gardevoir-ex-60,me1-60,654399,singles
2026-08-23T17:19:56+02:00,766,IKEDA Saki,ikeda-saki,MEG 61,61,851132,132,188,MEG,Pokémon,pokemon,230,https://images.tcggo.com/tcggo/storage/24026/logof.png,Mega Evolution,EUR,1396.42,EUR,1415.81,2025-09-26,17,Mega Evolution,mega-evolution,mega-evolution,60,23880,https://images.tcggo.com/tcggo/storage/23901/shedinja-meg-61-mega-evolution.png,https://www.tcggo.com/external/cm/23880,https://www.tcggo.com/external/tcgplayer/23880,Shedinja,Shedinja 61,0.03,0.03,15465,EUR,[],,,,,,,,,,0.03,0.02,0.02,0.02,0.02,0.02,0.02,0.02,0.02,0.02,,,,,,,,,,,,,,,,,,,,,,,,,,,,,,,,,,,,,,,,,,,,EUR,0.21,Uncommon,shedinja,Pokémon,https://www.tcggo.com/pokemon/mega-evolution/shedinja-61,me1-61,654400,singles
2026-08-23T17:19:56+02:00,445,toi8,toi8,MEG 62,62,851133,132,188,MEG,Pokémon,pokemon,230,https://images.tcggo.com/tcggo/storage/24026/logof.png,Mega Evolution,EUR,1396.42,EUR,1415.81,2025-09-26,17,Mega Evolution,mega-evolution,mega-evolution,70,23881,https://images.tcggo.com/tcggo/storage/23912/spoink-meg-62-mega-evolution.png,https://www.tcggo.com/external/cm/23881,https://www.tcggo.com/external/tcgplayer/23881,Spoink,Spoink 62,0.03,0.05,15003,EUR,[],,,,,,,,,,0.03,0.02,0.02,0.02,0.02,0.02,0.02,0.02,0.02,0.02,,,,,,,,,,,,,,,,,,,,,,,,,,,,,,,,,,,,,,,,,,,,EUR,0.21,Common,spoink,Pokémon,https://www.tcggo.com/pokemon/mega-evolution/spoink-62-1,me1-62,654401,singles
2026-08-23T17:19:56+02:00,448,cochi8i,cochi8i,MEG 63,63,851134,132,188,MEG,Pokémon,pokemon,230,https://images.tcggo.com/tcggo/storage/24026/logof.png,Mega Evolution,EUR,1396.42,EUR,1415.81,2025-09-26,17,Mega Evolution,mega-evolution,mega-evolution,120,23882,https://images.tcggo.com/tcggo/storage/23923/grumpig-meg-63-mega-evolution.png,https://www.tcggo.com/external/cm/23882,https://www.tcggo.com/external/tcgplayer/23882,Grumpig,Grumpig 63,0.02,0.02,16588,EUR,[],,,,,,,,,,0.03,0.02,0.02,0.02,0.02,0.02,0.02,0.02,0.02,0.02,,,,,,,,,,,,,,,,,,,,,,,,,,,,,,,,,,,,,,,,,,,,EUR,0.2,Uncommon,grumpig,Pokémon,https://www.tcggo.com/pokemon/mega-evolution/grumpig-63,me1-63,654402,singles
2026-08-23T17:19:56+02:00,439,Kazumasa Yasukuni,kazumasa-yasukuni,MEG 64,64,851135,132,188,MEG,Pokémon,pokemon,230,https://images.tcggo.com/tcggo/storage/24026/logof.png,Mega Evolution,EUR,1396.42,EUR,1415.81,2025-09-26,17,Mega Evolution,mega-evolution,mega-evolution,120,23883,https://images.tcggo.com/tcggo/storage/23934/xerneas-meg-64-mega-evolution.png,https://www.tcggo.com/external/cm/23883,https://www.tcggo.com/external/tcgplayer/23883,Xerneas,Xerneas 64,0.05,0.06,14881,EUR,[],,,,,,,,,,0.03,0.02,0.02,0.02,0.02,0.02,0.02,0.02,0.02,0.02,,,,,,,,,,,,,,,,,,,,,,,,,,,,,,,,,,,,,,,,,,,,EUR,0.21,rare,xerneas,Pokémon,https://www.tcggo.com/pokemon/mega-evolution/xerneas-64,me1-64,654403,singles
2026-08-23T17:19:56+02:00,406,Narumi Sato,narumi-sato,MEG 65,65,851136,132,188,MEG,Pokémon,pokemon,230,https://images.tcggo.com/tcggo/storage/24026/logof.png,Mega Evolution,EUR,1396.42,EUR,1415.81,2025-09-26,17,Mega Evolution,mega-evolution,mega-evolution,80,23884,https://images.tcggo.com/tcggo/storage/23946/greavard-meg-65-mega-evolution.png,https://www.tcggo.com/external/cm/23884,https://www.tcggo.com/external/tcgplayer/23884,Greavard,Greavard 65,0.02,0.02,14350,EUR,[],,,,,,,,,,0.03,0.02,0.02,0.02,0.02,0.02,0.02,0.02,0.02,0.02,,,,,,,,,,,,,,,,,,,,,,,,,,,,,,,,,,,,,,,,,,,,EUR,0.19,Common,greavard,Pokémon,https://www.tcggo.com/pokemon/mega-evolution/greavard-65,me1-65,654404,singles
2026-08-23T17:19:56+02:00,468,matazo,matazo,MEG 66,66,851137,132,188,MEG,Pokémon,pokemon,230,https://images.tcggo.com/tcggo/storage/24026/logof.png,Mega Evolution,EUR,1396.42,EUR,1415.81,2025-09-26,17,Mega Evolution,mega-evolution,mega-evolution,140,23885,https://images.tcggo.com/tcggo/storage/23958/houndstone-meg-66-mega-evolution.png,https://www.tcggo.com/external/cm/23885,https://www.tcggo.com/external/tcgplayer/23885,Houndstone,Houndstone 66,0.03,0.03,16304,EUR,[],,,,,,,,,,0.03,0.02,0.02,0.02,0.02,0.02,0.02,0.02,0.02,0.02,,,,,,,,,,,,,,,,,,,,,,,,,,,,,,,,,,,,,,,,,,,,EUR,0.18,Uncommon,houndstone,Pokémon,https://www.tcggo.com/pokemon/mega-evolution/houndstone-66,me1-66,654405,singles
2026-08-23T17:19:56+02:00,436,Takeshi Nakamura,takeshi-nakamura,MEG 67,67,851138,132,188,MEG,Pokémon,pokemon,230,https://images.tcggo.com/tcggo/storage/24026/logof.png,Mega Evolution,EUR,1396.42,EUR,1415.81,2025-09-26,17,Mega Evolution,mega-evolution,mega-evolution,70,23886,https://images.tcggo.com/tcggo/storage/23970/gimmighoul-meg-67-mega-evolution.png,https://www.tcggo.com/external/cm/23886,https://www.tcggo.com/external/tcgplayer/23886,Gimmighoul,Gimmighoul 67,0.03,0.02,14653,EUR,[],,,,,,,,,,0.03,0.02,0.02,0.02,0.02,0.02,0.02,0.02,0.02,0.02,,,,,,,,,,,,,,,,,,,,,,,,,,,,,,,,,,,,,,,,,,,,EUR,0.19,Common,gimmighoul,Pokémon,https://www.tcggo.com/pokemon/mega-evolution/gimmighoul-67,me1-67,654406,singles
2026-08-23T17:19:56+02:00,421,Shinji Kanda,shinji-kanda,MEG 68,68,851139,132,188,MEG,Pokémon,pokemon,230,https://images.tcggo.com/tcggo/storage/24026/logof.png,Mega Evolution,EUR,1396.42,EUR,1415.81,2025-09-26,17,Mega Evolution,mega-evolution,mega-evolution,70,23887,https://images.tcggo.com/tcggo/storage/23982/sandshrew-meg-68-mega-evolution.png,https://www.tcggo.com/external/cm/23887,https://www.tcggo.com/external/tcgplayer/23887,Sandshrew,Sandshrew 68,0.03,0.03,12672,EUR,[],,,,,,,,,,0.02,0.02,0.02,0.02,0.02,0.02,0.02,0.02,0.02,0.02,,,,,,,,,,,,,,,,,,,,,,,,,,,,,,,,,,,,,,,,,,,,EUR,0.22,Common,sandshrew,Pokémon,https://www.tcggo.com/pokemon/mega-evolution/sandshrew-68,me1-68,654407,singles
2026-08-23T17:19:56+02:00,781,imoniii,imoniii,MEG 69,69,851140,132,188,MEG,Pokémon,pokemon,230,https://images.tcggo.com/tcggo/storage/24026/logof.png,Mega Evolution,EUR,1396.42,EUR,1415.81,2025-09-26,17,Mega Evolution,mega-evolution,mega-evolution,120,23888,https://images.tcggo.com/tcggo/storage/23994/sandslash-meg-69-mega-evolution.png,https://www.tcggo.com/external/cm/23888,https://www.tcggo.com/external/tcgplayer/23888,Sandslash,Sandslash 69,0.03,0.02,14125,EUR,[],,,,,,,,,,0.03,0.02,0.02,0.02,0.02,0.02,0.02,0.02,0.02,0.02,,,,,,,,,,,,,,,,,,,,,,,,,,,,,,,,,,,,,,,,,,,,EUR,0.22,Common,sandslash,Pokémon,https://www.tcggo.com/pokemon/mega-evolution/sandslash-69,me1-69,654408,singles
2026-08-23T17:19:56+02:00,428,Uta,uta,MEG 70,70,851141,132,188,MEG,Pokémon,pokemon,230,https://images.tcggo.com/tcggo/storage/24026/logof.png,Mega Evolution,EUR,1396.42,EUR,1415.81,2025-09-26,17,Mega Evolution,mega-evolution,mega-evolution,120,23889,https://images.tcggo.com/tcggo/storage/24006/onix-meg-70-mega-evolution.png,https://www.tcggo.com/external/cm/23889,https://www.tcggo.com/external/tcgplayer/23889,Onix,Onix 70,0.03,0.03,14120,EUR,[],,,,,,,,,,0.02,0.02,0.02,0.02,0.02,0.02,0.02,0.02,0.02,0.02,,,,,,,,,,,,,,,,,,,,,,,,,,,,,,,,,,,,,,,,,,,,EUR,0.2,Common,onix,Pokémon,https://www.tcggo.com/pokemon/mega-evolution/onix-70,me1-70,654409,singles
2026-08-23T17:19:56+02:00,374,OKUBO,okubo,MEG 71,71,851142,132,188,MEG,Pokémon,pokemon,230,https://images.tcggo.com/tcggo/storage/24026/logof.png,Mega Evolution,EUR,1396.42,EUR,1415.81,2025-09-26,17,Mega Evolution,mega-evolution,mega-evolution,30,23890,https://images.tcggo.com/tcggo/storage/24018/tyrogue-meg-71-mega-evolution.png,https://www.tcggo.com/external/cm/23890,https://www.tcggo.com/external/tcgplayer/23890,Tyrogue,Tyrogue 71,0.03,0.03,13752,EUR,[],,,,,,,,,,0.03,0.02,0.02,0.02,0.02,0.02,0.02,0.02,0.02,0.02,,,,,,,,,,,,,,,,,,,,,,,,,,,,,,,,,,,,,,,,,,,,EUR,0.2,Common,tyrogue,Pokémon,https://www.tcggo.com/pokemon/mega-evolution/tyrogue-71,me1-71,654410,singles
2026-08-23T17:19:56+02:00,386,Jerky,jerky,MEG 72,72,851143,132,188,MEG,Pokémon,pokemon,230,https://images.tcggo.com/tcggo/storage/24026/logof.png,Mega Evolution,EUR,1396.42,EUR,1415.81,2025-09-26,17,Mega Evolution,mega-evolution,mega-evolution,80,23891,https://images.tcggo.com/tcggo/storage/23842/makuhita-meg-72-mega-evolution.png,https://www.tcggo.com/external/cm/23891,https://www.tcggo.com/external/tcgplayer/23891,Makuhita,Makuhita 72,0.05,0.05,10890,EUR,[],,,,,,,,,,0.03,0.02,0.02,0.02,0.02,0.02,0.02,0.02,0.02,0.02,,,,,,,,,,,,,,,,,,,,,,,,,,,,,,,,,,,,,,,,,,,,EUR,0.24,Common,makuhita,Pokémon,https://www.tcggo.com/pokemon/mega-evolution/makuhita-72,me1-72,654411,singles
2026-08-23T17:19:56+02:00,373,GOSSAN,gossan,MEG 73,73,851144,132,188,MEG,Pokémon,pokemon,230,https://images.tcggo.com/tcggo/storage/24026/logof.png,Mega Evolution,EUR,1396.42,EUR,1415.81,2025-09-26,17,Mega Evolution,mega-evolution,mega-evolution,150,23892,https://images.tcggo.com/tcggo/storage/23854/hariyama-meg-73-mega-evolution.png,https://www.tcggo.com/external/cm/23892,https://www.tcggo.com/external/tcgplayer/23892,Hariyama,Hariyama 73,0.09,0.12,12332,EUR,[],,,,,,,,,,0.03,0.02,0.02,0.02,0.02,0.02,0.02,0.02,0.02,0.02,,,,,,,,,,,,,,,,,,,,,,,,,,,,,,,,,,,,,,,,,,,,EUR,0.23,rare,hariyama,Pokémon,https://www.tcggo.com/pokemon/mega-evolution/hariyama-73,me1-73,654412,singles
2026-08-23T17:19:56+02:00,432,Whisker,whisker,MEG 74,74,851145,132,188,MEG,Pokémon,pokemon,230,https://images.tcggo.com/tcggo/storage/24026/logof.png,Mega Evolution,EUR,1396.42,EUR,1415.81,2025-09-26,17,Mega Evolution,mega-evolution,mega-evolution,110,23893,https://images.tcggo.com/tcggo/storage/23866/lunatone-meg-74-mega-evolution.png,https://www.tcggo.com/external/cm/23893,https://www.tcggo.com/external/tcgplayer/23893,Lunatone,Lunatone 74,0.09,0.09,11601,EUR,[],,,,,,,,,,0.02,0.02,0.02,0.02,0.02,0.02,0.02,0.02,0.02,0.02,,,,,,,,,,,,,,,,,,,,,,,,,,,,,,,,,,,,,,,,,,,,EUR,0.21,rare,lunatone,Pokémon,https://www.tcggo.com/pokemon/mega-evolution/lunatone-74,me1-74,654413,singles
2026-08-23T17:19:56+02:00,432,Whisker,whisker,MEG 75,75,851146,132,188,MEG,Pokémon,pokemon,230,https://images.tcggo.com/tcggo/storage/24026/logof.png,Mega Evolution,EUR,1396.42,EUR,1415.81,2025-09-26,17,Mega Evolution,mega-evolution,mega-evolution,110,23894,https://images.tcggo.com/tcggo/storage/23878/solrock-meg-75-mega-evolution.png,https://www.tcggo.com/external/cm/23894,https://www.tcggo.com/external/tcgplayer/23894,Solrock,Solrock 75,0.06,0.06,11814,EUR,[],,,,,,,,,,0.02,0.02,0.02,0.02,0.02,0.02,0.02,0.02,0.02,0.02,,,,,,,,,,,,,,,,,,,,,,,,,,,,,,,,,,,,,,,,,,,,EUR,0.26,Uncommon,solrock,Pokémon,https://www.tcggo.com/pokemon/mega-evolution/solrock-75,me1-75,654414,singles
2026-08-23T17:19:56+02:00,462,hncl,hncl,MEG 76,76,851147,132,188,MEG,Pokémon,pokemon,230,https://images.tcggo.com/tcggo/storage/24026/logof.png,Mega Evolution,EUR,1396.42,EUR,1415.81,2025-09-26,17,Mega Evolution,mega-evolution,mega-evolution,80,23895,https://images.tcggo.com/tcggo/storage/23890/riolu-meg-76-mega-evolution.png,https://www.tcggo.com/external/cm/23895,https://www.tcggo.com/external/tcgplayer/23895,Riolu,Riolu 76,0.06,0.08,10458,EUR,[],,,,,,,,,,0.02,0.02,0.02,0.02,0.02,0.02,0.02,0.02,0.02,0.02,,,,,,,,,,,,,,,,,,,,,,,,,,,,,,,,,,,,,,,,,,,,EUR,0.24,Common,riolu,Pokémon,https://www.tcggo.com/pokemon/mega-evolution/riolu-76-1,me1-76,654415,singles
2026-08-23T17:19:56+02:00,380,5ban Graphics,5ban-graphics,MEG 77,77,851148,132,188,MEG,Pokémon,pokemon,230,https://images.tcggo.com/tcggo/storage/24026/logof.png,Mega Evolution,EUR,1396.42,EUR,1415.81,2025-09-26,17,Mega Evolution,mega-evolution,mega-evolution,340,23896,https://images.tcggo.com/tcggo/storage/23902/mega-lucario-ex-meg-77-mega-evolution.png,https://www.tcggo.com/external/cm/23896,https://www.tcggo.com/external/tcgplayer/23896,Mega Lucario ex,Mega Lucario ex 77,1.05,1.07,2665,EUR,[],,,,,,,,,,0.5,0.5,0.5,0.9,0.9,0.5,0.5,0.5,0.18,0.18,,,,,,,,,,,,,,,,,,,,,,,,,,,,,,,,,,,,,,,,,,,,EUR,0.67,Double Rare,mega-lucario-ex,Pokémon,https://www.tcggo.com/pokemon/mega-evolution/mega-lucario-ex-77,me1-77,654416,singles
2026-08-23T17:19:56+02:00,468,matazo,matazo,MEG 78,78,851149,132,188,MEG,Pokémon,pokemon,230,https://images.tcggo.com/tcggo/storage/24026/logof.png,Mega Evolution,EUR,1396.42,EUR,1415.81,2025-09-26,17,Mega Evolution,mega-evolution,mega-evolution,70,23897,https://images.tcggo.com/tcggo/storage/23913/croagunk-meg-78-mega-evolution.png,https://www.tcggo.com/external/cm/23897,https://www.tcggo.com/external/tcgplayer/23897,Croagunk,Croagunk 78,0.02,0.02,14359,EUR,[],,,,,,,,,,0.03,0.02,0.02,0.02,0.02,0.02,0.02,0.02,0.02,0.02,,,,,,,,,,,,,,,,,,,,,,,,,,,,,,,,,,,,,,,,,,,,EUR,0.16,Common,croagunk,Pokémon,https://www.tcggo.com/pokemon/mega-evolution/croagunk-78-1,me1-78,654417,singles
2026-08-23T17:19:56+02:00,447,Hasuno,hasuno,MEG 79,79,851150,132,188,MEG,Pokémon,pokemon,230,https://images.tcggo.com/tcggo/storage/24026/logof.png,Mega Evolution,EUR,1396.42,EUR,1415.81,2025-09-26,17,Mega Evolution,mega-evolution,mega-evolution,130,23898,https://images.tcggo.com/tcggo/storage/23924/toxicroak-meg-79-mega-evolution.png,https://www.tcggo.com/external/cm/23898,https://www.tcggo.com/external/tcgplayer/23898,Toxicroak,Toxicroak 79,0.02,0.02,14557,EUR,[],,,,,,,,,,0.03,0.02,0.02,0.02,0.02,0.02,0.02,0.02,0.02,0.02,,,,,,,,,,,,,,,,,,,,,,,,,,,,,,,,,,,,,,,,,,,,EUR,0.21,Common,toxicroak,Pokémon,https://www.tcggo.com/pokemon/mega-evolution/toxicroak-79,me1-79,654418,singles
2026-08-23T17:19:56+02:00,372,Tomomi Ozaki,tomomi-ozaki,MEG 80,80,851151,132,188,MEG,Pokémon,pokemon,230,https://images.tcggo.com/tcggo/storage/24026/logof.png,Mega Evolution,EUR,1396.42,EUR,1415.81,2025-09-26,17,Mega Evolution,mega-evolution,mega-evolution,90,23899,https://images.tcggo.com/tcggo/storage/23935/marshadow-meg-80-mega-evolution.png,https://www.tcggo.com/external/cm/23899,https://www.tcggo.com/external/tcgplayer/23899,Marshadow,Marshadow 80,0.02,0.02,15758,EUR,[],,,,,,,,,,0.03,0.02,0.02,0.02,0.02,0.02,0.02,0.02,0.02,0.02,,,,,,,,,,,,,,,,,,,,,,,,,,,,,,,,,,,,,,,,,,,,EUR,0.17,Uncommon,marshadow,Pokémon,https://www.tcggo.com/pokemon/mega-evolution/marshadow-80-1,me1-80,654419,singles
2026-08-23T17:19:56+02:00,402,Hitoshi Ariga,hitoshi-ariga,MEG 81,81,851152,132,188,MEG,Pokémon,pokemon,230,https://images.tcggo.com/tcggo/storage/24026/logof.png,Mega Evolution,EUR,1396.42,EUR,1415.81,2025-09-26,17,Mega Evolution,mega-evolution,mega-evolution,130,23900,https://images.tcggo.com/tcggo/storage/23947/stonjourner-meg-81-mega-evolution.png,https://www.tcggo.com/external/cm/23900,https://www.tcggo.com/external/tcgplayer/23900,Stonjourner,Stonjourner 81,0.03,0.03,16487,EUR,[],,,,,,,,,,0.03,0.02,0.02,0.02,0.02,0.02,0.02,0.02,0.02,0.02,,,,,,,,,,,,,,,,,,,,,,,,,,,,,,,,,,,,,,,,,,,,EUR,0.18,Uncommon,stonjourner,Pokémon,https://www.tcggo.com/pokemon/mega-evolution/stonjourner-81,me1-81,654420,singles
2026-08-23T17:19:56+02:00,381,sowsow,sowsow,MEG 82,82,851153,132,188,MEG,Pokémon,pokemon,230,https://images.tcggo.com/tcggo/storage/24026/logof.png,Mega Evolution,EUR,1396.42,EUR,1415.81,2025-09-26,17,Mega Evolution,mega-evolution,mega-evolution,70,23901,https://images.tcggo.com/tcggo/storage/23959/nacli-meg-82-mega-evolution.png,https://www.tcggo.com/external/cm/23901,https://www.tcggo.com/external/tcgplayer/23901,Nacli,Nacli 82,0.03,0.03,14940,EUR,[],,,,,,,,,,0.03,0.02,0.02,0.02,0.02,0.02,0.02,0.02,0.02,0.02,,,,,,,,,,,,,,,,,,,,,,,,,,,,,,,,,,,,,,,,,,,,EUR,0.19,Common,nacli,Pokémon,https://www.tcggo.com/pokemon/mega-evolution/nacli-82,me1-82,654421,singles
2026-08-23T17:19:56+02:00,414,kodama,kodama,MEG 83,83,851154,132,188,MEG,Pokémon,pokemon,230,https://images.tcggo.com/tcggo/storage/24026/logof.png,Mega Evolution,EUR,1396.42,EUR,1415.81,2025-09-26,17,Mega Evolution,mega-evolution,mega-evolution,110,23902,https://images.tcggo.com/tcggo/storage/23971/naclstack-meg-83-mega-evolution.png,https://www.tcggo.com/external/cm/23902,https://www.tcggo.com/external/tcgplayer/23902,Naclstack,Naclstack 83,0.04,0.03,7972,EUR,[],,,,,,,,,,0.02,0.02,0.02,0.02,0.02,0.02,0.02,0.02,0.02,0.02,,,,,,,,,,,,,,,,,,,,,,,,,,,,,,,,,,,,,,,,,,,,EUR,0.2,Common,naclstack,Pokémon,https://www.tcggo.com/pokemon/mega-evolution/naclstack-83,me1-83,654422,singles
2026-08-23T17:19:56+02:00,444,danciao,danciao,MEG 84,84,851155,132,188,MEG,Pokémon,pokemon,230,https://images.tcggo.com/tcggo/storage/24026/logof.png,Mega Evolution,EUR,1396.42,EUR,1415.81,2025-09-26,17,Mega Evolution,mega-evolution,mega-evolution,180,23903,https://images.tcggo.com/tcggo/storage/23983/garganacl-meg-84-mega-evolution.png,https://www.tcggo.com/external/cm/23903,https://www.tcggo.com/external/tcgplayer/23903,Garganacl,Garganacl 84,0.03,0.03,16603,EUR,[],,,,,,,,,,0.03,0.02,0.02,0.02,0.02,0.02,0.02,0.02,0.02,0.02,,,,,,,,,,,,,,,,,,,,,,,,,,,,,,,,,,,,,,,,,,,,EUR,0.18,Uncommon,garganacl,Pokémon,https://www.tcggo.com/pokemon/mega-evolution/garganacl-84,me1-84,654423,singles
2026-08-23T17:19:56+02:00,408,kawayoo,kawayoo,MEG 85,85,851156,132,188,MEG,Pokémon,pokemon,230,https://images.tcggo.com/tcggo/storage/24026/logof.png,Mega Evolution,EUR,1396.42,EUR,1415.81,2025-09-26,17,Mega Evolution,mega-evolution,mega-evolution,130,23904,https://images.tcggo.com/tcggo/storage/23995/crawdaunt-meg-85-mega-evolution.png,https://www.tcggo.com/external/cm/23904,https://www.tcggo.com/external/tcgplayer/23904,Crawdaunt,Crawdaunt 85,0.02,0.03,15948,EUR,[],,,,,,,,,,0.02,0.02,0.02,0.02,0.02,0.02,0.02,0.02,0.02,0.02,,,,,,,,,,,,,,,,,,,,,,,,,,,,,,,,,,,,,,,,,,,,EUR,0.21,Uncommon,crawdaunt,Pokémon,https://www.tcggo.com/pokemon/mega-evolution/crawdaunt-85,me1-85,654424,singles
2026-08-23T17:19:56+02:00,371,aky CG Works,aky-cg-works,MEG 86,86,851157,132,188,MEG,Pokémon,pokemon,230,https://images.tcggo.com/tcggo/storage/24026/logof.png,Mega Evolution,EUR,1396.42,EUR,1415.81,2025-09-26,17,Mega Evolution,mega-evolution,mega-evolution,280,23905,https://images.tcggo.com/tcggo/storage/24007/mega-absol-ex-meg-86-mega-evolution.png,https://www.tcggo.com/external/cm/23905,https://www.tcggo.com/external/tcgplayer/23905,Mega Absol ex,Mega Absol ex 86,0.65,0.65,3439,EUR,[],,,,,,,,,,0.05,0.4,0.4,0.1,0.1,0.05,0.49,0.49,0.04,0.04,,,,,,,,,,,,,,,,,,,,,,,,,,,,,,,,,,,,,,,,,,,,EUR,0.6,Double Rare,mega-absol-ex,Pokémon,https://www.tcggo.com/pokemon/mega-evolution/mega-absol-ex-86,me1-86,654425,singles
2026-08-23T17:19:56+02:00,423,mingo,mingo,MEG 87,87,851158,132,188,MEG,Pokémon,pokemon,230,https://images.tcggo.com/tcggo/storage/24026/logof.png,Mega Evolution,EUR,1396.42,EUR,1415.81,2025-09-26,17,Mega Evolution,mega-evolution,mega-evolution,80,23906,https://images.tcggo.com/tcggo/storage/24019/spiritomb-meg-87-mega-evolution.png,https://www.tcggo.com/external/cm/23906,https://www.tcggo.com/external/tcgplayer/23906,Spiritomb,Spiritomb 87,0.03,0.02,15610,EUR,[],,,,,,,,,,0.03,0.02,0.02,0.02,0.02,0.02,0.02,0.02,0.02,0.02,,,,,,,,,,,,,,,,,,,,,,,,,,,,,,,,,,,,,,,,,,,,EUR,0.2,Uncommon,spiritomb,Pokémon,https://www.tcggo.com/pokemon/mega-evolution/spiritomb-87-1,me1-87,654426,singles
2026-08-23T17:19:56+02:00,430,akagi,akagi,MEG 88,88,851159,132,188,MEG,Pokémon,pokemon,230,https://images.tcggo.com/tcggo/storage/24026/logof.png,Mega Evolution,EUR,1396.42,EUR,1415.81,2025-09-26,17,Mega Evolution,mega-evolution,mega-evolution,110,23907,https://images.tcggo.com/tcggo/storage/23843/yveltal-meg-88-mega-evolution.png,https://www.tcggo.com/external/cm/23907,https://www.tcggo.com/external/tcgplayer/23907,Yveltal,Yveltal 88,0.12,0.08,12729,EUR,[],,,,,,,,,,0.03,0.02,0.02,0.02,0.02,0.02,0.02,0.02,0.02,0.02,,,,,,,,,,,,,,,,,,,,,,,,,,,,,,,,,,,,,,,,,,,,EUR,0.24,rare,yveltal,Pokémon,https://www.tcggo.com/pokemon/mega-evolution/yveltal-88,me1-88,654427,singles
2026-08-23T17:19:56+02:00,377,Souichirou Gunjima,souichirou-gunjima,MEG 89,89,851160,132,188,MEG,Pokémon,pokemon,230,https://images.tcggo.com/tcggo/storage/24026/logof.png,Mega Evolution,EUR,1396.42,EUR,1415.81,2025-09-26,17,Mega Evolution,mega-evolution,mega-evolution,70,23908,https://images.tcggo.com/tcggo/storage/23855/nickit-meg-89-mega-evolution.png,https://www.tcggo.com/external/cm/23908,https://www.tcggo.com/external/tcgplayer/23908,Nickit,Nickit 89,0.02,0.02,14229,EUR,[],,,,,,,,,,0.02,0.02,0.02,0.02,0.02,0.02,0.02,0.02,0.02,0.02,,,,,,,,,,,,,,,,,,,,,,,,,,,,,,,,,,,,,,,,,,,,EUR,0.19,Common,nickit,Pokémon,https://www.tcggo.com/pokemon/mega-evolution/nickit-89,me1-89,654428,singles
2026-08-23T17:19:56+02:00,513,ryoma uratsuka,ryoma-uratsuka,MEG 90,90,851161,132,188,MEG,Pokémon,pokemon,230,https://images.tcggo.com/tcggo/storage/24026/logof.png,Mega Evolution,EUR,1396.42,EUR,1415.81,2025-09-26,17,Mega Evolution,mega-evolution,mega-evolution,120,23909,https://images.tcggo.com/tcggo/storage/23867/thievul-meg-90-mega-evolution.png,https://www.tcggo.com/external/cm/23909,https://www.tcggo.com/external/tcgplayer/23909,Thievul,Thievul 90,0.03,0.03,14341,EUR,[],,,,,,,,,,0.03,0.02,0.02,0.02,0.02,0.02,0.02,0.02,0.02,0.02,,,,,,,,,,,,,,,,,,,,,,,,,,,,,,,,,,,,,,,,,,,,EUR,0.21,Common,thievul,Pokémon,https://www.tcggo.com/pokemon/mega-evolution/thievul-90,me1-90,654429,singles
2026-08-23T17:19:56+02:00,389,osare,osare,MEG 91,91,851162,132,188,MEG,Pokémon,pokemon,230,https://images.tcggo.com/tcggo/storage/24026/logof.png,Mega Evolution,EUR,1396.42,EUR,1415.81,2025-09-26,17,Mega Evolution,mega-evolution,mega-evolution,60,23910,https://images.tcggo.com/tcggo/storage/23879/shroodle-meg-91-mega-evolution.png,https://www.tcggo.com/external/cm/23910,https://www.tcggo.com/external/tcgplayer/23910,Shroodle,Shroodle 91,0.03,0.03,14317,EUR,[],,,,,,,,,,0.03,0.02,0.02,0.02,0.02,0.02,0.02,0.02,0.02,0.02,,,,,,,,,,,,,,,,,,,,,,,,,,,,,,,,,,,,,,,,,,,,EUR,0.22,Common,shroodle,Pokémon,https://www.tcggo.com/pokemon/mega-evolution/shroodle-91,me1-91,654430,singles
2026-08-23T17:19:56+02:00,422,Dsuke,dsuke,MEG 92,92,851163,132,188,MEG,Pokémon,pokemon,230,https://images.tcggo.com/tcggo/storage/24026/logof.png,Mega Evolution,EUR,1396.42,EUR,1415.81,2025-09-26,17,Mega Evolution,mega-evolution,mega-evolution,100,23911,https://images.tcggo.com/tcggo/storage/23891/grafaiai-meg-92-mega-evolution.png,https://www.tcggo.com/external/cm/23911,https://www.tcggo.com/external/tcgplayer/23911,Grafaiai,Grafaiai 92,0.02,0.02,14619,EUR,[],,,,,,,,,,0.03,0.02,0.02,0.02,0.02,0.02,0.02,0.02,0.02,0.02,,,,,,,,,,,,,,,,,,,,,,,,,,,,,,,,,,,,,,,,,,,,EUR,0.23,Common,grafaiai,Pokémon,https://www.tcggo.com/pokemon/mega-evolution/grafaiai-92,me1-92,654431,singles
2026-08-23T17:19:56+02:00,363,Anesaki Dynamic,anesaki-dynamic,MEG 93,93,851164,132,188,MEG,Pokémon,pokemon,230,https://images.tcggo.com/tcggo/storage/24026/logof.png,Mega Evolution,EUR,1396.42,EUR,1415.81,2025-09-26,17,Mega Evolution,mega-evolution,mega-evolution,200,23912,https://images.tcggo.com/tcggo/storage/23903/steelix-meg-93-mega-evolution.png,https://www.tcggo.com/external/cm/23912,https://www.tcggo.com/external/tcgplayer/23912,Steelix,Steelix 93,0.06,0.06,14802,EUR,[],,,,,,,,,,0.02,0.02,0.02,0.02,0.02,0.02,0.02,0.02,0.02,0.02,,,,,,,,,,,,,,,,,,,,,,,,,,,,,,,,,,,,,,,,,,,,EUR,0.21,rare,steelix,Pokémon,https://www.tcggo.com/pokemon/mega-evolution/steelix-93,me1-93,654432,singles
2026-08-23T17:19:56+02:00,371,aky CG Works,aky-cg-works,MEG 94,94,851165,132,188,MEG,Pokémon,pokemon,230,https://images.tcggo.com/tcggo/storage/24026/logof.png,Mega Evolution,EUR,1396.42,EUR,1415.81,2025-09-26,17,Mega Evolution,mega-evolution,mega-evolution,270,23913,https://images.tcggo.com/tcggo/storage/23914/mega-mawile-ex-meg-94-mega-evolution.png,https://www.tcggo.com/external/cm/23913,https://www.tcggo.com/external/tcgplayer/23913,Mega Mawile ex,Mega Mawile ex 94,0.48,0.49,4297,EUR,[],,,,,,,,,,0.09,0.1,0.09,0.23,0.23,0.09,0.05,0.1,0.02,0.02,,,,,,,,,,,,,,,,,,,,,,,,,,,,,,,,,,,,,,,,,,,,EUR,0.47,Double Rare,mega-mawile-ex,Pokémon,https://www.tcggo.com/pokemon/mega-evolution/mega-mawile-ex-94,me1-94,654433,singles
2026-08-23T17:19:56+02:00,385,Teeziro,teeziro,MEG 95,95,851166,132,188,MEG,Pokémon,pokemon,230,https://images.tcggo.com/tcggo/storage/24026/logof.png,Mega Evolution,EUR,1396.42,EUR,1415.81,2025-09-26,17,Mega Evolution,mega-evolution,mega-evolution,140,23914,https://images.tcggo.com/tcggo/storage/23925/dialga-meg-95-mega-evolution.png,https://www.tcggo.com/external/cm/23914,https://www.tcggo.com/external/tcgplayer/23914,Dialga,Dialga 95,0.06,0.07,13831,EUR,[],,,,,,,,,,0.02,0.02,0.02,0.02,0.02,0.02,0.02,0.02,0.02,0.02,,,,,,,,,,,,,,,,,,,,,,,,,,,,,,,,,,,,,,,,,,,,EUR,0.21,rare,dialga,Pokémon,https://www.tcggo.com/pokemon/mega-evolution/dialga-95,me1-95,654434,singles
2026-08-23T17:19:56+02:00,522,You Iribi,you-iribi,MEG 96,96,851167,132,188,MEG,Pokémon,pokemon,230,https://images.tcggo.com/tcggo/storage/24026/logof.png,Mega Evolution,EUR,1396.42,EUR,1415.81,2025-09-26,17,Mega Evolution,mega-evolution,mega-evolution,70,23915,https://images.tcggo.com/tcggo/storage/23936/tinkatink-meg-96-mega-evolution.png,https://www.tcggo.com/external/cm/23915,https://www.tcggo.com/external/tcgplayer/23915,Tinkatink,Tinkatink 96,0.03,0.03,14231,EUR,[],,,,,,,,,,0.03,0.02,0.02,0.02,0.02,0.02,0.02,0.02,0.02,0.02,,,,,,,,,,,,,,,,,,,,,,,,,,,,,,,,,,,,,,,,,,,,EUR,0.23,Common,tinkatink,Pokémon,https://www.tcggo.com/pokemon/mega-evolution/tinkatink-96,me1-96,654435,singles
2026-08-23T17:19:56+02:00,382,KEIICHIRO ITO,keiichiro-ito,MEG 97,97,851168,132,188,MEG,Pokémon,pokemon,230,https://images.tcggo.com/tcggo/storage/24026/logof.png,Mega Evolution,EUR,1396.42,EUR,1415.81,2025-09-26,17,Mega Evolution,mega-evolution,mega-evolution,90,23916,https://images.tcggo.com/tcggo/storage/23948/tinkatuff-meg-97-mega-evolution.png,https://www.tcggo.com/external/cm/23916,https://www.tcggo.com/external/tcgplayer/23916,Tinkatuff,Tinkatuff 97,0.03,0.03,14182,EUR,[],,,,,,,,,,0.03,0.02,0.02,0.02,0.02,0.02,0.02,0.02,0.02,0.02,,,,,,,,,,,,,,,,,,,,,,,,,,,,,,,,,,,,,,,,,,,,EUR,0.21,Common,tinkatuff,Pokémon,https://www.tcggo.com/pokemon/mega-evolution/tinkatuff-97,me1-97,654436,singles
2026-08-23T17:19:56+02:00,369,toriyufu,toriyufu,MEG 98,98,851169,132,188,MEG,Pokémon,pokemon,230,https://images.tcggo.com/tcggo/storage/24026/logof.png,Mega Evolution,EUR,1396.42,EUR,1415.81,2025-09-26,17,Mega Evolution,mega-evolution,mega-evolution,160,23917,https://images.tcggo.com/tcggo/storage/23960/tinkaton-meg-98-mega-evolution.png,https://www.tcggo.com/external/cm/23917,https://www.tcggo.com/external/tcgplayer/23917,Tinkaton,Tinkaton 98,0.03,0.02,15909,EUR,[],,,,,,,,,,0.03,0.02,0.02,0.02,0.02,0.02,0.02,0.02,0.02,0.02,,,,,,,,,,,,,,,,,,,,,,,,,,,,,,,,,,,,,,,,,,,,EUR,0.21,Uncommon,tinkaton,Pokémon,https://www.tcggo.com/pokemon/mega-evolution/tinkaton-98,me1-98,654437,singles
2026-08-23T17:19:56+02:00,465,Yukihiro Tada,yukihiro-tada,MEG 99,99,851170,132,188,MEG,Pokémon,pokemon,230,https://images.tcggo.com/tcggo/storage/24026/logof.png,Mega Evolution,EUR,1396.42,EUR,1415.81,2025-09-26,17,Mega Evolution,mega-evolution,mega-evolution,130,23918,https://images.tcggo.com/tcggo/storage/23972/gholdengo-meg-99-mega-evolution.png,https://www.tcggo.com/external/cm/23918,https://www.tcggo.com/external/tcgplayer/23918,Gholdengo,Gholdengo 99,0.03,0.02,16212,EUR,[],,,,,,,,,,0.03,0.02,0.02,0.02,0.02,0.02,0.02,0.02,0.02,0.02,,,,,,,,,,,,,,,,,,,,,,,,,,,,,,,,,,,,,,,,,,,,EUR,0.2,Uncommon,gholdengo,Pokémon,https://www.tcggo.com/pokemon/mega-evolution/gholdengo-99,me1-99,654438,singles
2026-08-23T17:19:56+02:00,380,5ban Graphics,5ban-graphics,MEG 100,100,851171,132,188,MEG,Pokémon,pokemon,230,https://images.tcggo.com/tcggo/storage/24026/logof.png,Mega Evolution,EUR,1396.42,EUR,1415.81,2025-09-26,17,Mega Evolution,mega-evolution,mega-evolution,280,23919,https://images.tcggo.com/tcggo/storage/23984/mega-latias-ex-meg-100-mega-evolution.png,https://www.tcggo.com/external/cm/23919,https://www.tcggo.com/external/tcgplayer/23919,Mega Latias ex,Mega Latias ex 100,0.52,0.54,4478,EUR,[],,,,,,,,,,0.1,0.1,0.2,0.19,0.19,0.1,0.25,0.25,0.04,0.04,,,,,,,,,,,,,,,,,,,,,,,,,,,,,,,,,,,,,,,,,,,,EUR,0.55,Double Rare,mega-latias-ex,Pokémon,https://www.tcggo.com/pokemon/mega-evolution/mega-latias-ex-100,me1-100,654439,singles
2026-08-23T17:19:56+02:00,419,Uninori,uninori,MEG 101,101,851172,132,188,MEG,Pokémon,pokemon,230,https://images.tcggo.com/tcggo/storage/24026/logof.png,Mega Evolution,EUR,1396.42,EUR,1415.81,2025-09-26,17,Mega Evolution,mega-evolution,mega-evolution,130,23920,https://images.tcggo.com/tcggo/storage/23996/latios-meg-101-mega-evolution.png,https://www.tcggo.com/external/cm/23920,https://www.tcggo.com/external/tcgplayer/23920,Latios,Latios 101,0.03,0.03,14890,EUR,[],,,,,,,,,,0.03,0.02,0.02,0.02,0.02,0.02,0.02,0.02,0.02,0.02,,,,,,,,,,,,,,,,,,,,,,,,,,,,,,,,,,,,,,,,,,,,EUR,0.18,Uncommon,latios,Pokémon,https://www.tcggo.com/pokemon/mega-evolution/latios-101,me1-101,654440,singles
2026-08-23T17:19:56+02:00,387,Scav,scav,MEG 102,102,851173,132,188,MEG,Pokémon,pokemon,230,https://images.tcggo.com/tcggo/storage/24026/logof.png,Mega Evolution,EUR,1396.42,EUR,1415.81,2025-09-26,17,Mega Evolution,mega-evolution,mega-evolution,60,23921,https://images.tcggo.com/tcggo/storage/24008/spearow-meg-102-mega-evolution.png,https://www.tcggo.com/external/cm/23921,https://www.tcggo.com/external/tcgplayer/23921,Spearow,Spearow 102,0.03,0.03,14106,EUR,[],,,,,,,,,,0.03,0.02,0.02,0.02,0.02,0.02,0.02,0.02,0.02,0.02,,,,,,,,,,,,,,,,,,,,,,,,,,,,,,,,,,,,,,,,,,,,EUR,0.21,Common,spearow,Pokémon,https://www.tcggo.com/pokemon/mega-evolution/spearow-102,me1-102,654441,singles
2026-08-23T17:19:56+02:00,370,Saboteri,saboteri,MEG 103,103,851174,132,188,MEG,Pokémon,pokemon,230,https://images.tcggo.com/tcggo/storage/24026/logof.png,Mega Evolution,EUR,1396.42,EUR,1415.81,2025-09-26,17,Mega Evolution,mega-evolution,mega-evolution,100,23922,https://images.tcggo.com/tcggo/storage/24020/fearow-meg-103-mega-evolution.png,https://www.tcggo.com/external/cm/23922,https://www.tcggo.com/external/tcgplayer/23922,Fearow,Fearow 103,0.03,0.03,13913,EUR,[],,,,,,,,,,0.03,0.02,0.02,0.02,0.02,0.02,0.02,0.02,0.02,0.02,,,,,,,,,,,,,,,,,,,,,,,,,,,,,,,,,,,,,,,,,,,,EUR,0.21,Common,fearow,Pokémon,https://www.tcggo.com/pokemon/mega-evolution/fearow-103,me1-103,654442,singles
2026-08-23T17:19:56+02:00,380,5ban Graphics,5ban-graphics,MEG 104,104,851175,132,188,MEG,Pokémon,pokemon,230,https://images.tcggo.com/tcggo/storage/24026/logof.png,Mega Evolution,EUR,1396.42,EUR,1415.81,2025-09-26,17,Mega Evolution,mega-evolution,mega-evolution,300,23923,https://images.tcggo.com/tcggo/storage/23844/mega-kangaskhan-ex-meg-104-mega-evolution.png,https://www.tcggo.com/external/cm/23923,https://www.tcggo.com/external/tcgplayer/23923,Mega Kangaskhan ex,Mega Kangaskhan ex 104,1.24,1.2,1709,EUR,[],,,,,,,,,,0.49,0.5,0.5,0.69,0.69,0.49,0.2,0.2,0.13,0.13,,,,,,,,,,,,,,,,,,,,,,,,,,,,,,,,,,,,,,,,,,,,EUR,0.87,Double Rare,mega-kangaskhan-ex,Pokémon,https://www.tcggo.com/pokemon/mega-evolution/mega-kangaskhan-ex-104,me1-104,654443,singles
2026-08-23T17:19:56+02:00,362,Naoyo Kimura,naoyo-kimura,MEG 105,105,851176,132,188,MEG,Pokémon,pokemon,230,https://images.tcggo.com/tcggo/storage/24026/logof.png,Mega Evolution,EUR,1396.42,EUR,1415.81,2025-09-26,17,Mega Evolution,mega-evolution,mega-evolution,90,23924,https://images.tcggo.com/tcggo/storage/23856/delibird-meg-105-mega-evolution.png,https://www.tcggo.com/external/cm/23924,https://www.tcggo.com/external/tcgplayer/23924,Delibird,Delibird 105,0.03,0.02,13984,EUR,[],,,,,,,,,,0.03,0.02,0.02,0.02,0.02,0.02,0.02,0.02,0.02,0.02,,,,,,,,,,,,,,,,,,,,,,,,,,,,,,,,,,,,,,,,,,,,EUR,0.21,Common,delibird,Pokémon,https://www.tcggo.com/pokemon/mega-evolution/delibird-105,me1-105,654444,singles
2026-08-23T17:19:56+02:00,378,Kouki Saitou,kouki-saitou,MEG 106,106,851177,132,188,MEG,Pokémon,pokemon,230,https://images.tcggo.com/tcggo/storage/24026/logof.png,Mega Evolution,EUR,1396.42,EUR,1415.81,2025-09-26,17,Mega Evolution,mega-evolution,mega-evolution,120,23925,https://images.tcggo.com/tcggo/storage/23868/miltank-meg-106-mega-evolution.png,https://www.tcggo.com/external/cm/23925,https://www.tcggo.com/external/tcgplayer/23925,Miltank,Miltank 106,0.03,0.03,14287,EUR,[],,,,,,,,,,0.03,0.02,0.02,0.02,0.02,0.02,0.02,0.02,0.02,0.02,,,,,,,,,,,,,,,,,,,,,,,,,,,,,,,,,,,,,,,,,,,,EUR,0.17,Common,miltank,Pokémon,https://www.tcggo.com/pokemon/mega-evolution/miltank-106,me1-106,654445,singles
2026-08-23T17:19:56+02:00,513,ryoma uratsuka,ryoma-uratsuka,MEG 107,107,851178,132,188,MEG,Pokémon,pokemon,230,https://images.tcggo.com/tcggo/storage/24026/logof.png,Mega Evolution,EUR,1396.42,EUR,1415.81,2025-09-26,17,Mega Evolution,mega-evolution,mega-evolution,70,23926,https://images.tcggo.com/tcggo/storage/23880/buneary-meg-107-mega-evolution.png,https://www.tcggo.com/external/cm/23926,https://www.tcggo.com/external/tcgplayer/23926,Buneary,Buneary 107,0.04,0.04,13446,EUR,[],,,,,,,,,,0.03,0.02,0.02,0.02,0.02,0.02,0.02,0.02,0.02,0.02,,,,,,,,,,,,,,,,,,,,,,,,,,,,,,,,,,,,,,,,,,,,EUR,0.19,Common,buneary,Pokémon,https://www.tcggo.com/pokemon/mega-evolution/buneary-107,me1-107,654446,singles
2026-08-23T17:19:56+02:00,368,Oswaldo KATO,oswaldo-kato,MEG 108,108,851179,132,188,MEG,Pokémon,pokemon,230,https://images.tcggo.com/tcggo/storage/24026/logof.png,Mega Evolution,EUR,1396.42,EUR,1415.81,2025-09-26,17,Mega Evolution,mega-evolution,mega-evolution,110,23927,https://images.tcggo.com/tcggo/storage/23892/lopunny-meg-108-mega-evolution.png,https://www.tcggo.com/external/cm/23927,https://www.tcggo.com/external/tcgplayer/23927,Lopunny,Lopunny 108,0.03,0.03,14137,EUR,[],,,,,,,,,,0.03,0.02,0.02,0.02,0.02,0.02,0.02,0.02,0.02,0.02,,,,,,,,,,,,,,,,,,,,,,,,,,,,,,,,,,,,,,,,,,,,EUR,0.19,Common,lopunny,Pokémon,https://www.tcggo.com/pokemon/mega-evolution/lopunny-108,me1-108,654447,singles
2026-08-23T17:19:56+02:00,399,Mékayu,mekayu,MEG 109,109,851180,132,188,MEG,Pokémon,pokemon,230,https://images.tcggo.com/tcggo/storage/24026/logof.png,Mega Evolution,EUR,1396.42,EUR,1415.81,2025-09-26,17,Mega Evolution,mega-evolution,mega-evolution,70,23928,https://images.tcggo.com/tcggo/storage/23904/yungoos-meg-109-mega-evolution.png,https://www.tcggo.com/external/cm/23928,https://www.tcggo.com/external/tcgplayer/23928,Yungoos,Yungoos 109,0.02,0.02,14471,EUR,[],,,,,,,,,,0.03,0.02,0.02,0.02,0.02,0.02,0.02,0.02,0.02,0.02,,,,,,,,,,,,,,,,,,,,,,,,,,,,,,,,,,,,,,,,,,,,EUR,0.21,Common,yungoos,Pokémon,https://www.tcggo.com/pokemon/mega-evolution/yungoos-109-1,me1-109,654448,singles
2026-08-23T17:19:56+02:00,437,Shigenori Negishi,shigenori-negishi,MEG 110,110,851181,132,188,MEG,Pokémon,pokemon,230,https://images.tcggo.com/tcggo/storage/24026/logof.png,Mega Evolution,EUR,1396.42,EUR,1415.81,2025-09-26,17,Mega Evolution,mega-evolution,mega-evolution,100,23929,https://images.tcggo.com/tcggo/storage/23915/gumshoos-meg-110-mega-evolution.png,https://www.tcggo.com/external/cm/23929,https://www.tcggo.com/external/tcgplayer/23929,Gumshoos,Gumshoos 110,0.02,0.03,15971,EUR,[],,,,,,,,,,0.03,0.02,0.02,0.02,0.02,0.02,0.02,0.02,0.02,0.02,,,,,,,,,,,,,,,,,,,,,,,,,,,,,,,,,,,,,,,,,,,,EUR,0.19,Uncommon,gumshoos,Pokémon,https://www.tcggo.com/pokemon/mega-evolution/gumshoos-110,me1-110,654449,singles
2026-08-23T17:19:56+02:00,440,Shibuzoh.,shibuzoh,MEG 111,111,851182,132,188,MEG,Pokémon,pokemon,230,https://images.tcggo.com/tcggo/storage/24026/logof.png,Mega Evolution,EUR,1396.42,EUR,1415.81,2025-09-26,17,Mega Evolution,mega-evolution,mega-evolution,70,23930,https://images.tcggo.com/tcggo/storage/23926/stufful-meg-111-mega-evolution.png,https://www.tcggo.com/external/cm/23930,https://www.tcggo.com/external/tcgplayer/23930,Stufful,Stufful 111,0.03,0.03,14189,EUR,[],,,,,,,,,,0.03,0.02,0.02,0.02,0.02,0.02,0.02,0.02,0.02,0.02,,,,,,,,,,,,,,,,,,,,,,,,,,,,,,,,,,,,,,,,,,,,EUR,0.22,Common,stufful,Pokémon,https://www.tcggo.com/pokemon/mega-evolution/stufful-111-1,me1-111,654450,singles
2026-08-23T17:19:56+02:00,359,HYOGONOSUKE,hyogonosuke,MEG 112,112,851183,132,188,MEG,Pokémon,pokemon,230,https://images.tcggo.com/tcggo/storage/24026/logof.png,Mega Evolution,EUR,1396.42,EUR,1415.81,2025-09-26,17,Mega Evolution,mega-evolution,mega-evolution,130,23931,https://images.tcggo.com/tcggo/storage/23937/bewear-meg-112-mega-evolution.png,https://www.tcggo.com/external/cm/23931,https://www.tcggo.com/external/tcgplayer/23931,Bewear,Bewear 112,0.03,0.03,14322,EUR,[],,,,,,,,,,0.03,0.02,0.02,0.02,0.02,0.02,0.02,0.02,0.02,0.02,,,,,,,,,,,,,,,,,,,,,,,,,,,,,,,,,,,,,,,,,,,,EUR,0.21,Common,bewear,Pokémon,https://www.tcggo.com/pokemon/mega-evolution/bewear-112-1,me1-112,654451,singles
2026-08-23T17:19:56+02:00,409,Yuu Nishida,yuu-nishida,MEG 113,113,851184,132,188,MEG,Pokémon,pokemon,230,https://images.tcggo.com/tcggo/storage/24026/logof.png,Mega Evolution,EUR,1396.42,EUR,1415.81,2025-09-26,17,Mega Evolution,mega-evolution,mega-evolution,0,23932,https://images.tcggo.com/tcggo/storage/23949/acerolas-mischief-meg-113-mega-evolution.png,https://www.tcggo.com/external/cm/23932,https://www.tcggo.com/external/tcgplayer/23932,Acerola's Mischief,Acerola's Mischief 113,0.05,0.04,11947,EUR,[],,,,,,,,,,0.03,0.02,0.02,0.02,0.02,0.02,0.02,0.02,0.02,0.02,,,,,,,,,,,,,,,,,,,,,,,,,,,,,,,,,,,,,,,,,,,,EUR,0.21,Uncommon,acerolas-mischief,Trainer,https://www.tcggo.com/pokemon/mega-evolution/acerolas-mischief-113,me1-113,654452,singles
2026-08-23T17:19:56+02:00,536,NC Empire,nc-empire,MEG 114,114,851185,132,188,MEG,Pokémon,pokemon,230,https://images.tcggo.com/tcggo/storage/24026/logof.png,Mega Evolution,EUR,1396.42,EUR,1415.81,2025-09-26,17,Mega Evolution,mega-evolution,mega-evolution,0,23933,https://images.tcggo.com/tcggo/storage/23961/bosss-orders-meg-114-mega-evolution.png,https://www.tcggo.com/external/cm/23933,https://www.tcggo.com/external/tcgplayer/23933,Boss's Orders,Boss's Orders 114,0.22,0.23,4867,EUR,[],,,,,,,,,,0.02,0.02,0.02,0.02,0.02,0.02,0.02,0.02,0.02,0.02,,,,,,,,,,,,,,,,,,,,,,,,,,,,,,,,,,,,,,,,,,,,EUR,0.3,Uncommon,bosss-orders,Trainer,https://www.tcggo.com/pokemon/mega-evolution/bosss-orders-114,me1-114,654453,singles
2026-08-23T17:19:56+02:00,461,Studio Bora Inc.,studio-bora-inc,MEG 115,115,851186,132,188,MEG,Pokémon,pokemon,230,https://images.tcggo.com/tcggo/storage/24026/logof.png,Mega Evolution,EUR,1396.42,EUR,1415.81,2025-09-26,17,Mega Evolution,mega-evolution,mega-evolution,0,23934,https://images.tcggo.com/tcggo/storage/23973/energy-switch-meg-115-mega-evolution.png,https://www.tcggo.com/external/cm/23934,https://www.tcggo.com/external/tcgplayer/23934,Energy Switch,Energy Switch 115,0.12,0.12,4962,EUR,[],,,,,,,,,,0.02,0.02,0.02,0.02,0.02,0.02,0.02,0.02,0.02,0.02,,,,,,,,,,,,,,,,,,,,,,,,,,,,,,,,,,,,,,,,,,,,EUR,0.25,Common,energy-switch,Trainer,https://www.tcggo.com/pokemon/mega-evolution/energy-switch-115,me1-115,654454,singles
2026-08-23T17:19:56+02:00,458,Toyste Beach,toyste-beach,MEG 116,116,851187,132,188,MEG,Pokémon,pokemon,230,https://images.tcggo.com/tcggo/storage/24026/logof.png,Mega Evolution,EUR,1396.42,EUR,1415.81,2025-09-26,17,Mega Evolution,mega-evolution,mega-evolution,0,23935,https://images.tcggo.com/tcggo/storage/23985/fighting-gong-meg-116-mega-evolution.png,https://www.tcggo.com/external/cm/23935,https://www.tcggo.com/external/tcgplayer/23935,Fighting Gong,Fighting Gong 116,0.11,0.11,11734,EUR,[],,,,,,,,,,0.02,0.02,0.02,0.02,0.02,0.02,0.02,0.02,0.02,0.02,,,,,,,,,,,,,,,,,,,,,,,,,,,,,,,,,,,,,,,,,,,,EUR,0.21,Uncommon,fighting-gong,Trainer,https://www.tcggo.com/pokemon/mega-evolution/fighting-gong-116,me1-116,654455,singles
2026-08-23T17:19:56+02:00,453,AYUMI ODASHIMA,ayumi-odashima,MEG 117,117,851188,132,188,MEG,Pokémon,pokemon,230,https://images.tcggo.com/tcggo/storage/24026/logof.png,Mega Evolution,EUR,1396.42,EUR,1415.81,2025-09-26,17,Mega Evolution,mega-evolution,mega-evolution,0,23936,https://images.tcggo.com/tcggo/storage/23997/forest-of-vitality-meg-117-mega-evolution.png,https://www.tcggo.com/external/cm/23936,https://www.tcggo.com/external/tcgplayer/23936,Forest of Vitality,Forest of Vitality 117,0.14,0.14,6043,EUR,[],,,,,,,,,,0.02,0.02,0.02,0.02,0.02,0.02,0.02,0.02,0.02,0.02,,,,,,,,,,,,,,,,,,,,,,,,,,,,,,,,,,,,,,,,,,,,EUR,0.28,Uncommon,forest-of-vitality,Trainer,https://www.tcggo.com/pokemon/mega-evolution/forest-of-vitality-117,me1-117,654456,singles
2026-08-23T17:19:56+02:00,461,Studio Bora Inc.,studio-bora-inc,MEG 118,118,851189,132,188,MEG,Pokémon,pokemon,230,https://images.tcggo.com/tcggo/storage/24026/logof.png,Mega Evolution,EUR,1396.42,EUR,1415.81,2025-09-26,17,Mega Evolution,mega-evolution,mega-evolution,0,23937,https://images.tcggo.com/tcggo/storage/24009/iron-defender-meg-118-mega-evolution.png,https://www.tcggo.com/external/cm/23937,https://www.tcggo.com/external/tcgplayer/23937,Iron Defender,Iron Defender 118,0.03,0.02,18451,EUR,[],,,,,,,,,,0.03,0.02,0.02,0.02,0.02,0.02,0.02,0.02,0.02,0.02,,,,,,,,,,,,,,,,,,,,,,,,,,,,,,,,,,,,,,,,,,,,EUR,0.2,Uncommon,iron-defender,Trainer,https://www.tcggo.com/pokemon/mega-evolution/iron-defender-118,me1-118,654457,singles
2026-08-23T17:19:56+02:00,460,Atsushi Furusawa,atsushi-furusawa,MEG 119,119,851190,132,188,MEG,Pokémon,pokemon,230,https://images.tcggo.com/tcggo/storage/24026/logof.png,Mega Evolution,EUR,1396.42,EUR,1415.81,2025-09-26,17,Mega Evolution,mega-evolution,mega-evolution,0,23938,https://images.tcggo.com/tcggo/storage/24021/lillies-determination-meg-119-mega-evolution.png,https://www.tcggo.com/external/cm/23938,https://www.tcggo.com/external/tcgplayer/23938,Lillie's Determination,Lillie's Determination 119,0.47,0.51,5787,EUR,[],,,,,,,,,,0.02,0.02,0.02,0.02,0.02,0.02,0.02,0.02,0.02,0.02,,,,,,,,,,,,,,,,,,,,,,,,,,,,,,,,,,,,,,,,,,,,EUR,0.86,Uncommon,lillies-determination,Trainer,https://www.tcggo.com/pokemon/mega-evolution/lillies-determination-119,me1-119,654458,singles
2026-08-23T17:19:56+02:00,456,Hideki Ishikawa,hideki-ishikawa,MEG 120,120,851191,132,188,MEG,Pokémon,pokemon,230,https://images.tcggo.com/tcggo/storage/24026/logof.png,Mega Evolution,EUR,1396.42,EUR,1415.81,2025-09-26,17,Mega Evolution,mega-evolution,mega-evolution,0,23939,https://images.tcggo.com/tcggo/storage/23845/lt-surges-bargain-meg-120-mega-evolution.png,https://www.tcggo.com/external/cm/23939,https://www.tcggo.com/external/tcgplayer/23939,Lt. Surge's Bargain,Lt. Surge's Bargain 120,0.04,0.05,12387,EUR,[],,,,,,,,,,0.03,0.02,0.02,0.02,0.02,0.02,0.02,0.02,0.02,0.02,,,,,,,,,,,,,,,,,,,,,,,,,,,,,,,,,,,,,,,,,,,,EUR,0.21,Uncommon,lt-surges-bargain,Trainer,https://www.tcggo.com/pokemon/mega-evolution/lt-surges-bargain-120,me1-120,654459,singles
2026-08-23T17:19:56+02:00,464,inose yukie,inose-yukie,MEG 121,121,851192,132,188,MEG,Pokémon,pokemon,230,https://images.tcggo.com/tcggo/storage/24026/logof.png,Mega Evolution,EUR,1396.42,EUR,1415.81,2025-09-26,17,Mega Evolution,mega-evolution,mega-evolution,0,23940,https://images.tcggo.com/tcggo/storage/23857/mega-signal-meg-121-mega-evolution.png,https://www.tcggo.com/external/cm/23940,https://www.tcggo.com/external/tcgplayer/23940,Mega Signal,Mega Signal 121,0.06,0.06,16751,EUR,[],,,,,,,,,,0.03,0.02,0.02,0.02,0.02,0.02,0.02,0.02,0.02,0.02,,,,,,,,,,,,,,,,,,,,,,,,,,,,,,,,,,,,,,,,,,,,EUR,0.21,Uncommon,mega-signal,Trainer,https://www.tcggo.com/pokemon/mega-evolution/mega-signal-121,me1-121,654460,singles
2026-08-23T17:19:56+02:00,453,AYUMI ODASHIMA,ayumi-odashima,MEG 122,122,851193,132,188,MEG,Pokémon,pokemon,230,https://images.tcggo.com/tcggo/storage/24026/logof.png,Mega Evolution,EUR,1396.42,EUR,1415.81,2025-09-26,17,Mega Evolution,mega-evolution,mega-evolution,0,23941,https://images.tcggo.com/tcggo/storage/23869/mystery-garden-meg-122-mega-evolution.png,https://www.tcggo.com/external/cm/23941,https://www.tcggo.com/external/tcgplayer/23941,Mystery Garden,Mystery Garden 122,0.05,0.05,12276,EUR,[],,,,,,,,,,0.03,0.02,0.02,0.02,0.02,0.02,0.02,0.02,0.02,0.02,,,,,,,,,,,,,,,,,,,,,,,,,,,,,,,,,,,,,,,,,,,,EUR,0.21,Uncommon,mystery-garden,Trainer,https://www.tcggo.com/pokemon/mega-evolution/mystery-garden-122,me1-122,654461,singles
2026-08-23T17:19:56+02:00,820,Tomowaka,tomowaka,MEG 123,123,851194,132,188,MEG,Pokémon,pokemon,230,https://images.tcggo.com/tcggo/storage/24026/logof.png,Mega Evolution,EUR,1396.42,EUR,1415.81,2025-09-26,17,Mega Evolution,mega-evolution,mega-evolution,0,23942,https://images.tcggo.com/tcggo/storage/23881/pokemon-center-lady-meg-123-mega-evolution.png,https://www.tcggo.com/external/cm/23942,https://www.tcggo.com/external/tcgplayer/23942,Pokémon Center Lady,Pokémon Center Lady 123,0.07,0.05,8060,EUR,[],,,,,,,,,,0.03,0.02,0.02,0.02,0.02,0.02,0.02,0.02,0.02,0.02,,,,,,,,,,,,,,,,,,,,,,,,,,,,,,,,,,,,,,,,,,,,EUR,0.22,Common,pokemon-center-lady,Trainer,https://www.tcggo.com/pokemon/mega-evolution/pokemon-center-lady-123,me1-123,654462,singles
2026-08-23T17:19:56+02:00,458,Toyste Beach,toyste-beach,MEG 124,124,851195,132,188,MEG,Pokémon,pokemon,230,https://images.tcggo.com/tcggo/storage/24026/logof.png,Mega Evolution,EUR,1396.42,EUR,1415.81,2025-09-26,17,Mega Evolution,mega-evolution,mega-evolution,0,23943,https://images.tcggo.com/tcggo/storage/23893/premium-power-pro-meg-124-mega-evolution.png,https://www.tcggo.com/external/cm/23943,https://www.tcggo.com/external/tcgplayer/23943,Premium Power Pro,Premium Power Pro 124,0.1,0.09,12910,EUR,[],,,,,,,,,,0.02,0.02,0.02,0.02,0.02,0.02,0.02,0.02,0.02,0.02,,,,,,,,,,,,,,,,,,,,,,,,,,,,,,,,,,,,,,,,,,,,EUR,0.24,Uncommon,premium-power-pro,Trainer,https://www.tcggo.com/pokemon/mega-evolution/premium-power-pro-124,me1-124,654463,singles
2026-08-23T17:19:56+02:00,461,Studio Bora Inc.,studio-bora-inc,MEG 125,125,851196,132,188,MEG,Pokémon,pokemon,230,https://images.tcggo.com/tcggo/storage/24026/logof.png,Mega Evolution,EUR,1396.42,EUR,1415.81,2025-09-26,17,Mega Evolution,mega-evolution,mega-evolution,0,23944,https://images.tcggo.com/tcggo/storage/23905/rare-candy-meg-125-mega-evolution.png,https://www.tcggo.com/external/cm/23944,https://www.tcggo.com/external/tcgplayer/23944,Rare Candy,Rare Candy 125,0.12,0.11,5527,EUR,[],,,,,,,,,,0.02,0.02,0.02,0.02,0.02,0.02,0.03,0.02,0.02,0.02,,,,,,,,,,,,,,,,,,,,,,,,,,,,,,,,,,,,,,,,,,,,EUR,0.25,Common,rare-candy,Trainer,https://www.tcggo.com/pokemon/mega-evolution/rare-candy-125,me1-125,654464,singles
2026-08-23T17:19:56+02:00,461,Studio Bora Inc.,studio-bora-inc,MEG 126,126,851197,132,188,MEG,Pokémon,pokemon,230,https://images.tcggo.com/tcggo/storage/24026/logof.png,Mega Evolution,EUR,1396.42,EUR,1415.81,2025-09-26,17,Mega Evolution,mega-evolution,mega-evolution,0,23945,https://images.tcggo.com/tcggo/storage/23916/repel-meg-126-mega-evolution.png,https://www.tcggo.com/external/cm/23945,https://www.tcggo.com/external/tcgplayer/23945,Repel,Repel 126,0.04,0.04,17893,EUR,[],,,,,,,,,,0.03,0.02,0.02,0.02,0.02,0.02,0.02,0.02,0.02,0.02,,,,,,,,,,,,,,,,,,,,,,,,,,,,,,,,,,,,,,,,,,,,EUR,0.19,Uncommon,repel,Trainer,https://www.tcggo.com/pokemon/mega-evolution/repel-126,me1-126,654465,singles
2026-08-23T17:19:56+02:00,781,imoniii,imoniii,MEG 127,127,851198,132,188,MEG,Pokémon,pokemon,230,https://images.tcggo.com/tcggo/storage/24026/logof.png,Mega Evolution,EUR,1396.42,EUR,1415.81,2025-09-26,17,Mega Evolution,mega-evolution,mega-evolution,0,23946,https://images.tcggo.com/tcggo/storage/23927/risky-ruins-meg-127-mega-evolution.png,https://www.tcggo.com/external/cm/23946,https://www.tcggo.com/external/tcgplayer/23946,Risky Ruins,Risky Ruins 127,0.1,0.1,8483,EUR,[],,,,,,,,,,0.02,0.02,0.02,0.02,0.02,0.02,0.02,0.02,0.02,0.02,,,,,,,,,,,,,,,,,,,,,,,,,,,,,,,,,,,,,,,,,,,,EUR,0.21,Uncommon,risky-ruins,Trainer,https://www.tcggo.com/pokemon/mega-evolution/risky-ruins-127,me1-127,654466,singles
2026-08-23T17:19:56+02:00,458,Toyste Beach,toyste-beach,MEG 128,128,851199,132,188,MEG,Pokémon,pokemon,230,https://images.tcggo.com/tcggo/storage/24026/logof.png,Mega Evolution,EUR,1396.42,EUR,1415.81,2025-09-26,17,Mega Evolution,mega-evolution,mega-evolution,0,23947,https://images.tcggo.com/tcggo/storage/23938/strange-timepiece-meg-128-mega-evolution.png,https://www.tcggo.com/external/cm/23947,https://www.tcggo.com/external/tcgplayer/23947,Strange Timepiece,Strange Timepiece 128,0.03,0.03,18074,EUR,[],,,,,,,,,,0.02,0.02,0.02,0.02,0.02,0.02,0.02,0.02,0.02,0.02,,,,,,,,,,,,,,,,,,,,,,,,,,,,,,,,,,,,,,,,,,,,EUR,0.18,Uncommon,strange-timepiece,Trainer,https://www.tcggo.com/pokemon/mega-evolution/strange-timepiece-128,me1-128,654467,singles
2026-08-23T17:19:56+02:00,453,AYUMI ODASHIMA,ayumi-odashima,MEG 129,129,851200,132,188,MEG,Pokémon,pokemon,230,https://images.tcggo.com/tcggo/storage/24026/logof.png,Mega Evolution,EUR,1396.42,EUR,1415.81,2025-09-26,17,Mega Evolution,mega-evolution,mega-evolution,0,23948,https://images.tcggo.com/tcggo/storage/23950/surfing-beach-meg-129-mega-evolution.png,https://www.tcggo.com/external/cm/23948,https://www.tcggo.com/external/tcgplayer/23948,Surfing Beach,Surfing Beach 129,0.09,0.08,8527,EUR,[],,,,,,,,,,0.02,0.02,0.02,0.02,0.02,0.02,0.02,0.02,0.02,0.02,,,,,,,,,,,,,,,,,,,,,,,,,,,,,,,,,,,,,,,,,,,,EUR,0.27,Uncommon,surfing-beach,Trainer,https://www.tcggo.com/pokemon/mega-evolution/surfing-beach-129,me1-129,654468,singles
2026-08-23T17:19:56+02:00,461,Studio Bora Inc.,studio-bora-inc,MEG 130,130,851201,132,188,MEG,Pokémon,pokemon,230,https://images.tcggo.com/tcggo/storage/24026/logof.png,Mega Evolution,EUR,1396.42,EUR,1415.81,2025-09-26,17,Mega Evolution,mega-evolution,mega-evolution,0,23949,https://images.tcggo.com/tcggo/storage/23962/switch-meg-130-mega-evolution.png,https://www.tcggo.com/external/cm/23949,https://www.tcggo.com/external/tcgplayer/23949,Switch,Switch 130,0.07,0.07,8602,EUR,[],,,,,,,,,,0.02,0.02,0.02,0.02,0.02,0.02,0.02,0.02,0.02,0.02,,,,,,,,,,,,,,,,,,,,,,,,,,,,,,,,,,,,,,,,,,,,EUR,0.24,Common,switch,Trainer,https://www.tcggo.com/pokemon/mega-evolution/switch-130,me1-130,654469,singles
2026-08-23T17:19:56+02:00,517,Ayaka Yoshida,ayaka-yoshida,MEG 131,131,851202,132,188,MEG,Pokémon,pokemon,230,https://images.tcggo.com/tcggo/storage/24026/logof.png,Mega Evolution,EUR,1396.42,EUR,1415.81,2025-09-26,17,Mega Evolution,mega-evolution,mega-evolution,0,23950,https://images.tcggo.com/tcggo/storage/23974/ultra-ball-meg-131-mega-evolution.png,https://www.tcggo.com/external/cm/23950,https://www.tcggo.com/external/tcgplayer/23950,Ultra Ball,Ultra Ball 131,0.14,0.13,5303,EUR,[],,,,,,,,,,0.02,0.02,0.02,0.02,0.02,0.02,0.02,0.02,0.02,0.02,,,,,,,,,,,,,,,,,,,,,,,,,,,,,,,,,,,,,,,,,,,,EUR,0.57,Common,ultra-ball,Trainer,https://www.tcggo.com/pokemon/mega-evolution/ultra-ball-131,me1-131,654470,singles
2026-08-23T17:19:56+02:00,780,Iori Suzuki,iori-suzuki,MEG 132,132,851203,132,188,MEG,Pokémon,pokemon,230,https://images.tcggo.com/tcggo/storage/24026/logof.png,Mega Evolution,EUR,1396.42,EUR,1415.81,2025-09-26,17,Mega Evolution,mega-evolution,mega-evolution,0,23951,https://images.tcggo.com/tcggo/storage/23986/wallys-compassion-meg-132-mega-evolution.png,https://www.tcggo.com/external/cm/23951,https://www.tcggo.com/external/tcgplayer/23951,Wally's Compassion,Wally's Compassion 132,0.11,0.09,7117,EUR,[],,,,,,,,,,0.03,0.02,0.02,0.02,0.02,0.02,0.02,0.02,0.02,0.02,,,,,,,,,,,,,,,,,,,,,,,,,,,,,,,,,,,,,,,,,,,,EUR,0.23,Uncommon,wallys-compassion,Trainer,https://www.tcggo.com/pokemon/mega-evolution/wallys-compassion-132,me1-132,654471,singles
2026-08-23T17:19:56+02:00,769,mashu,mashu,MEG 133,133,851204,132,188,MEG,Pokémon,pokemon,230,https://images.tcggo.com/tcggo/storage/24026/logof.png,Mega Evolution,EUR,1396.42,EUR,1415.81,2025-09-26,17,Mega Evolution,mega-evolution,mega-evolution,80,23952,https://images.tcggo.com/tcggo/storage/23998/bulbasaur-meg-133-mega-evolution.png,https://www.tcggo.com/external/cm/23952,https://www.tcggo.com/external/tcgplayer/23952,Bulbasaur,Bulbasaur 133,28.69,28.67,573,EUR,[],,,,,,,,,,24.99,20,22.4,20,20,24.99,36,36,14.88,14.88,USD,60,5,21.86,4,29.52,3,29.25,5,240.76,2,,,35.77,5,46.3,5,,,,,17.8,5,94.44,5,15.16,5,15.07,5,22.79,5,,,36.36,1,114.65,5,31.28,1,,,34.4,5,EUR,18.85,Illustration Rare,bulbasaur,Pokémon,https://www.tcggo.com/pokemon/mega-evolution/bulbasaur-133,me1-133,654472,singles
2026-08-23T17:19:56+02:00,769,mashu,mashu,MEG 134,134,851205,132,188,MEG,Pokémon,pokemon,230,https://images.tcggo.com/tcggo/storage/24026/logof.png,Mega Evolution,EUR,1396.42,EUR,1415.81,2025-09-26,17,Mega Evolution,mega-evolution,mega-evolution,110,23953,https://images.tcggo.com/tcggo/storage/24010/ivysaur-meg-134-mega-evolution.png,https://www.tcggo.com/external/cm/23953,https://www.tcggo.com/external/tcgplayer/23953,Ivysaur,Ivysaur 134,18.76,18.85,623,EUR,,,100,,,64,,115,40,50,19.8,15,15,14,14,20,24,24,8.5,8.5,USD,43.84,5,,,18.33,2,27.1,2,,,,,21.5,1,44.6,5,19.99,1,,,17.82,1,89.21,5,17.83,1,15.25,5,26.76,5,,,,,104.97,5,,,,,31.22,5,EUR,17.91,Illustration Rare,ivysaur,Pokémon,https://www.tcggo.com/pokemon/mega-evolution/ivysaur-134,me1-134,654473,singles
2026-08-23T17:19:56+02:00,465,Yukihiro Tada,yukihiro-tada,MEG 135,135,851206,132,188,MEG,Pokémon,pokemon,230,https://images.tcggo.com/tcggo/storage/24026/logof.png,Mega Evolution,EUR,1396.42,EUR,1415.81,2025-09-26,17,Mega Evolution,mega-evolution,mega-evolution,140,23954,https://images.tcggo.com/tcggo/storage/24022/exeggutor-meg-135-mega-evolution.png,https://www.tcggo.com/external/cm/23954,https://www.tcggo.com/external/tcgplayer/23954,Exeggutor,Exeggutor 135,6.09,7.07,501,EUR,,,,,,30,,85,,50,5,4.19,4.19,4,4,5,6.5,6.5,2.95,2.95,USD,,,,,,,,,,,,,,,30.38,5,,,24.5,1,18.41,1,54,5,,,13.25,4,19,5,,,,,58.99,4,,,,,26.99,2,EUR,4.63,Illustration Rare,exeggutor,Pokémon,https://www.tcggo.com/pokemon/mega-evolution/exeggutor-135,me1-135,654474,singles
2026-08-23T17:19:56+02:00,374,OKUBO,okubo,MEG 136,136,851210,132,188,MEG,Pokémon,pokemon,230,https://images.tcggo.com/tcggo/storage/24026/logof.png,Mega Evolution,EUR,1396.42,EUR,1415.81,2025-09-26,17,Mega Evolution,mega-evolution,mega-evolution,80,23955,https://images.tcggo.com/tcggo/storage/23846/shuckle-meg-136-mega-evolution.png,https://www.tcggo.com/external/cm/23955,https://www.tcggo.com/external/tcgplayer/23955,Shuckle,Shuckle 136,3.8,3.71,558,EUR,,,,,28,,20,10,,29,3.49,2.96,2.96,2.89,2.89,3.5,2.89,2.89,1.2,1.2,,,,,,,,,,,,,,,,,,,,,,,,,,,,,,,,,,,,,,,,,,,,EUR,6.79,Illustration Rare,shuckle,Pokémon,https://www.tcggo.com/pokemon/mega-evolution/shuckle-136,me1-136,654475,singles
2026-08-23T17:19:56+02:00,431,Tetsu Kayama,tetsu-kayama,MEG 137,137,851208,132,188,MEG,Pokémon,pokemon,230,https://images.tcggo.com/tcggo/storage/24026/logof.png,Mega Evolution,EUR,1396.42,EUR,1415.81,2025-09-26,17,Mega Evolution,mega-evolution,mega-evolution,80,23956,https://images.tcggo.com/tcggo/storage/23858/ninjask-meg-137-mega-evolution.png,https://www.tcggo.com/external/cm/23956,https://www.tcggo.com/external/tcgplayer/23956,Ninjask,Ninjask 137,3.24,3.46,510,EUR,,,,,,,,5,,45,3,1.99,1.99,2.9,2.9,3,3.8,3.8,2,2,,,,,,,,,,,,,,,,,,,,,,,,,,,,,,,,,,,,,,,,,,,,EUR,3.42,Illustration Rare,ninjask,Pokémon,https://www.tcggo.com/pokemon/mega-evolution/ninjask-137,me1-137,654476,singles
2026-08-23T17:19:56+02:00,391,saino misaki,saino-misaki,MEG 138,138,851209,132,188,MEG,Pokémon,pokemon,230,https://images.tcggo.com/tcggo/storage/24026/logof.png,Mega Evolution,EUR,1396.42,EUR,1415.81,2025-09-26,17,Mega Evolution,mega-evolution,mega-evolution,70,23957,https://images.tcggo.com/tcggo/storage/23870/vulpix-meg-138-mega-evolution.png,https://www.tcggo.com/external/cm/23957,https://www.tcggo.com/external/tcgplayer/23957,Vulpix,Vulpix 138,18.63,18.43,479,EUR,,,179,,,40,,105,,48,22,13,13,13.5,13.5,22,17,17,8.4,8.4,USD,54.52,5,,,,,,,150,3,,,,,37.46,5,,,,,15,5,71.36,5,17.84,1,12.5,5,21.56,5,,,,,89.2,5,,,,,22.3,5,EUR,17.39,Illustration Rare,vulpix,Pokémon,https://www.tcggo.com/pokemon/mega-evolution/vulpix-138,me1-138,654477,singles
2026-08-23T17:19:56+02:00,385,Teeziro,teeziro,MEG 139,139,851210,132,188,MEG,Pokémon,pokemon,230,https://images.tcggo.com/tcggo/storage/24026/logof.png,Mega Evolution,EUR,1396.42,EUR,1415.81,2025-09-26,17,Mega Evolution,mega-evolution,mega-evolution,70,23958,https://images.tcggo.com/tcggo/storage/23882/litleo-meg-139-mega-evolution.png,https://www.tcggo.com/external/cm/23958,https://www.tcggo.com/external/tcgplayer/23958,Litleo,Litleo 139,3.73,3.3,628,EUR,[],,,,,,,,,,3,2,2,1,1,3,3,3,1.25,1.25,,,,,,,,,,,,,,,,,,,,,,,,,,,,,,,,,,,,,,,,,,,,EUR,4.14,Illustration Rare,litleo,Pokémon,https://www.tcggo.com/pokemon/mega-evolution/litleo-139,me1-139,654478,singles
2026-08-23T17:19:56+02:00,510,Nurikabe,nurikabe,MEG 140,140,851211,132,188,MEG,Pokémon,pokemon,230,https://images.tcggo.com/tcggo/storage/24026/logof.png,Mega Evolution,EUR,1396.42,EUR,1415.81,2025-09-26,17,Mega Evolution,mega-evolution,mega-evolution,90,23959,https://images.tcggo.com/tcggo/storage/23894/snover-meg-140-mega-evolution.png,https://www.tcggo.com/external/cm/23959,https://www.tcggo.com/external/tcgplayer/23959,Snover,Snover 140,2.73,2.7,748,EUR,,,,,,,,17,,24,1.8,2.1,2.1,2.4,2.4,1.8,2.8,3.5,0.98,0.98,,,,,,,,,,,,,,,,,,,,,,,,,,,,,,,,,,,,,,,,,,,,EUR,2.08,Illustration Rare,snover,Pokémon,https://www.tcggo.com/pokemon/mega-evolution/snover-140,me1-140,654479,singles
2026-08-23T17:19:56+02:00,783,Mori Yuu,mori-yuu,MEG 141,141,851212,132,188,MEG,Pokémon,pokemon,230,https://images.tcggo.com/tcggo/storage/24026/logof.png,Mega Evolution,EUR,1396.42,EUR,1415.81,2025-09-26,17,Mega Evolution,mega-evolution,mega-evolution,130,23960,https://images.tcggo.com/tcggo/storage/23906/clawitzer-meg-141-mega-evolution.png,https://www.tcggo.com/external/cm/23960,https://www.tcggo.com/external/tcgplayer/23960,Clawitzer,Clawitzer 141,2.16,2.12,840,EUR,[],,,,,,,,,,1,1.49,1.49,1.49,1.49,1.5,1.99,2,0.99,0.99,,,,,,,,,,,,,,,,,,,,,,,,,,,,,,,,,,,,,,,,,,,,EUR,1.56,Illustration Rare,clawitzer,Pokémon,https://www.tcggo.com/pokemon/mega-evolution/clawitzer-141,me1-141,654480,singles
2026-08-23T17:19:56+02:00,407,Ligton,ligton,MEG 142,142,851213,132,188,MEG,Pokémon,pokemon,230,https://images.tcggo.com/tcggo/storage/24026/logof.png,Mega Evolution,EUR,1396.42,EUR,1415.81,2025-09-26,17,Mega Evolution,mega-evolution,mega-evolution,150,23961,https://images.tcggo.com/tcggo/storage/23917/inteleon-meg-142-mega-evolution.png,https://www.tcggo.com/external/cm/23961,https://www.tcggo.com/external/tcgplayer/23961,Inteleon,Inteleon 142,2.96,2.96,639,EUR,[],,,,,,,,,,1,1.5,1.5,2.5,2.5,1,3,3,1,1,,,,,,,,,,,,,,,,,,,,,,,,,,,,,,,,,,,,,,,,,,,,EUR,2.19,Illustration Rare,inteleon,Pokémon,https://www.tcggo.com/pokemon/mega-evolution/inteleon-142,me1-142,654481,singles
2026-08-23T17:19:56+02:00,426,Akira Komayama,akira-komayama,MEG 143,143,851214,132,188,MEG,Pokémon,pokemon,230,https://images.tcggo.com/tcggo/storage/24026/logof.png,Mega Evolution,EUR,1396.42,EUR,1415.81,2025-09-26,17,Mega Evolution,mega-evolution,mega-evolution,70,23962,https://images.tcggo.com/tcggo/storage/23928/helioptile-meg-143-mega-evolution.png,https://www.tcggo.com/external/cm/23962,https://www.tcggo.com/external/tcgplayer/23962,Helioptile,Helioptile 143,3.07,3.04,649,EUR,,,,,,,,90,,20,3,2.4,2.4,2.99,2.99,3,2.5,2.5,0.99,0.99,,,,,,,,,,,,,,,,,,,,,,,,,,,,,,,,,,,,,,,,,,,,EUR,2.7,Illustration Rare,helioptile,Pokémon,https://www.tcggo.com/pokemon/mega-evolution/helioptile-143,me1-143,654482,singles
2026-08-23T17:19:56+02:00,431,Tetsu Kayama,tetsu-kayama,MEG 144,144,851215,132,188,MEG,Pokémon,pokemon,230,https://images.tcggo.com/tcggo/storage/24026/logof.png,Mega Evolution,EUR,1396.42,EUR,1415.81,2025-09-26,17,Mega Evolution,mega-evolution,mega-evolution,60,23963,https://images.tcggo.com/tcggo/storage/23939/shedinja-meg-144-mega-evolution.png,https://www.tcggo.com/external/cm/23963,https://www.tcggo.com/external/tcgplayer/23963,Shedinja,Shedinja 144,2.56,2.64,645,EUR,[],,,,,,,,,,2,1.9,1.9,2,2,2,2.89,2.89,1,1,,,,,,,,,,,,,,,,,,,,,,,,,,,,,,,,,,,,,,,,,,,,EUR,2.5,Illustration Rare,shedinja,Pokémon,https://www.tcggo.com/pokemon/mega-evolution/shedinja-144,me1-144,654483,singles
2026-08-23T17:19:56+02:00,538,Arai Kiriko,arai-kiriko,MEG 145,145,851216,132,188,MEG,Pokémon,pokemon,230,https://images.tcggo.com/tcggo/storage/24026/logof.png,Mega Evolution,EUR,1396.42,EUR,1415.81,2025-09-26,17,Mega Evolution,mega-evolution,mega-evolution,140,23964,https://images.tcggo.com/tcggo/storage/23951/houndstone-meg-145-mega-evolution.png,https://www.tcggo.com/external/cm/23964,https://www.tcggo.com/external/tcgplayer/23964,Houndstone,Houndstone 145,2.07,2.09,687,EUR,,,,,50,34,,23,,,1.3,1,1,1.5,1.5,1.3,2.5,2.5,0.95,0.95,,,,,,,,,,,,,,,,,,,,,,,,,,,,,,,,,,,,,,,,,,,,EUR,2.3,Illustration Rare,houndstone,Pokémon,https://www.tcggo.com/pokemon/mega-evolution/houndstone-145,me1-145,654484,singles
2026-08-23T17:19:56+02:00,507,0313,0313,MEG 146,146,851217,132,188,MEG,Pokémon,pokemon,230,https://images.tcggo.com/tcggo/storage/24026/logof.png,Mega Evolution,EUR,1396.42,EUR,1415.81,2025-09-26,17,Mega Evolution,mega-evolution,mega-evolution,90,23965,https://images.tcggo.com/tcggo/storage/23963/marshadow-meg-146-mega-evolution.png,https://www.tcggo.com/external/cm/23965,https://www.tcggo.com/external/tcgplayer/23965,Marshadow,Marshadow 146,15.21,14.19,805,EUR,[],,,,,,,,,,16.8,7.8,7.9,9,9,16.8,18,18,6,6,USD,49.56,5,,,,,18.07,3,3250,1,,,21.72,2,48.12,5,,,,,12.47,3,144.81,5,10.5,5,11.9,5,28.96,5,,,,,133.66,5,,,,,17.77,5,EUR,12.18,Illustration Rare,marshadow,Pokémon,https://www.tcggo.com/pokemon/mega-evolution/marshadow-146,me1-146,654485,singles
2026-08-23T17:19:56+02:00,476,Yano Keiji,yano-keiji,MEG 147,147,851218,132,188,MEG,Pokémon,pokemon,230,https://images.tcggo.com/tcggo/storage/24026/logof.png,Mega Evolution,EUR,1396.42,EUR,1415.81,2025-09-26,17,Mega Evolution,mega-evolution,mega-evolution,180,23966,https://images.tcggo.com/tcggo/storage/23975/garganacl-meg-147-mega-evolution.png,https://www.tcggo.com/external/cm/23966,https://www.tcggo.com/external/tcgplayer/23966,Garganacl,Garganacl 147,1.44,1.52,1030,EUR,[],,,,,,,,,,0.89,0.94,0.94,1,1,0.89,1.49,1.49,0.49,0.49,,,,,,,,,,,,,,,,,,,,,,,,,,,,,,,,,,,,,,,,,,,,EUR,1.09,Illustration Rare,garganacl,Pokémon,https://www.tcggo.com/pokemon/mega-evolution/garganacl-147,me1-147,654486,singles
2026-08-23T17:19:56+02:00,766,IKEDA Saki,ikeda-saki,MEG 148,148,281562,132,188,MEG,Pokémon,pokemon,230,https://images.tcggo.com/tcggo/storage/24026/logof.png,Mega Evolution,EUR,1396.42,EUR,1415.81,2025-09-26,17,Mega Evolution,mega-evolution,mega-evolution,80,23967,https://images.tcggo.com/tcggo/storage/23987/spiritomb-meg-148-mega-evolution.png,https://www.tcggo.com/external/cm/23967,https://www.tcggo.com/external/tcgplayer/23967,Spiritomb,Spiritomb 148,3.05,2.87,600,EUR,[],,,,,,,,,,2,2,2,2,2,2,3,3.5,1.4,1.4,,,,,,,,,,,,,,,,,,,,,,,,,,,,,,,,,,,,,,,,,,,,EUR,2.69,Illustration Rare,spiritomb,Pokémon,https://www.tcggo.com/pokemon/mega-evolution/spiritomb-148,me1-148,654487,singles
2026-08-23T17:19:56+02:00,410,Shimaris Yukichi,shimaris-yukichi,MEG 149,149,851220,132,188,MEG,Pokémon,pokemon,230,https://images.tcggo.com/tcggo/storage/24026/logof.png,Mega Evolution,EUR,1396.42,EUR,1415.81,2025-09-26,17,Mega Evolution,mega-evolution,mega-evolution,60,23968,https://images.tcggo.com/tcggo/storage/23999/shroodle-meg-149-mega-evolution.png,https://www.tcggo.com/external/cm/23968,https://www.tcggo.com/external/tcgplayer/23968,Shroodle,Shroodle 149,2.12,2.42,813,EUR,[],,,,,,,,,,1.5,1.5,1.5,1.2,1.2,1.5,2,2,0.45,0.45,,,,,,,,,,,,,,,,,,,,,,,,,,,,,,,,,,,,,,,,,,,,EUR,2,Illustration Rare,shroodle,Pokémon,https://www.tcggo.com/pokemon/mega-evolution/shroodle-149,me1-149,654488,singles
2026-08-23T17:19:56+02:00,471,Tonji Matsuno,tonji-matsuno,MEG 150,150,851221,132,188,MEG,Pokémon,pokemon,230,https://images.tcggo.com/tcggo/storage/24026/logof.png,Mega Evolution,EUR,1396.42,EUR,1415.81,2025-09-26,17,Mega Evolution,mega-evolution,mega-evolution,200,23969,https://images.tcggo.com/tcggo/storage/24011/steelix-meg-150-mega-evolution.png,https://www.tcggo.com/external/cm/23969,https://www.tcggo.com/external/tcgplayer/23969,Steelix,Steelix 150,9.23,8.05,546,EUR,,169,,,,,,79,,59,7.47,6,6,6,6,7.47,7.99,7.99,3.4,3.4,USD,37.27,5,,,,,21.4,2,,,,,,,35.67,5,,,,,13.39,2,71.36,5,12,1,10.26,5,17.8,5,,,,,66.9,5,,,,,19.09,5,EUR,6.76,Illustration Rare,steelix,Pokémon,https://www.tcggo.com/pokemon/mega-evolution/steelix-150,me1-150,654489,singles
2026-08-23T17:19:56+02:00,376,MINAMINAMI Take,minaminami-take,MEG 151,151,851222,132,188,MEG,Pokémon,pokemon,230,https://images.tcggo.com/tcggo/storage/24026/logof.png,Mega Evolution,EUR,1396.42,EUR,1415.81,2025-09-26,17,Mega Evolution,mega-evolution,mega-evolution,60,23970,https://images.tcggo.com/tcggo/storage/24023/spearow-meg-151-mega-evolution.png,https://www.tcggo.com/external/cm/23970,https://www.tcggo.com/external/tcgplayer/23970,Spearow,Spearow 151,6.53,8.3,566,EUR,[],,,,,,,,,,4.5,6.45,6.45,4,4,4.5,4.89,4.89,1,1,,,,,,,,,,,,,,,,,,,,,,,,,,,,,,,,,,,,,,,,,,,,EUR,3.75,Illustration Rare,spearow,Pokémon,https://www.tcggo.com/pokemon/mega-evolution/spearow-151,me1-151,654490,singles
2026-08-23T17:19:56+02:00,436,Takeshi Nakamura,takeshi-nakamura,MEG 152,152,851223,132,188,MEG,Pokémon,pokemon,230,https://images.tcggo.com/tcggo/storage/24026/logof.png,Mega Evolution,EUR,1396.42,EUR,1415.81,2025-09-26,17,Mega Evolution,mega-evolution,mega-evolution,90,23971,https://images.tcggo.com/tcggo/storage/23847/delibird-meg-152-mega-evolution.png,https://www.tcggo.com/external/cm/23971,https://www.tcggo.com/external/tcgplayer/23971,Delibird,Delibird 152,2.98,2.76,748,EUR,[],,,,,,,,,,2.39,1.99,1.99,2.5,2.5,2.39,2.5,2.5,0.5,0.5,,,,,,,,,,,,,,,,,,,,,,,,,,,,,,,,,,,,,,,,,,,,EUR,2.25,Illustration Rare,delibird,Pokémon,https://www.tcggo.com/pokemon/mega-evolution/delibird-152,me1-152,654491,singles
2026-08-23T17:19:56+02:00,416,Mina Nakai,mina-nakai,MEG 153,153,851224,132,188,MEG,Pokémon,pokemon,230,https://images.tcggo.com/tcggo/storage/24026/logof.png,Mega Evolution,EUR,1396.42,EUR,1415.81,2025-09-26,17,Mega Evolution,mega-evolution,mega-evolution,100,23972,https://images.tcggo.com/tcggo/storage/23859/gumshoos-meg-153-mega-evolution.png,https://www.tcggo.com/external/cm/23972,https://www.tcggo.com/external/tcgplayer/23972,Gumshoos,Gumshoos 153,2.58,2.8,819,EUR,,139,,,,,,14,,30,1.49,1.49,1.49,1.8,1.8,1.49,3,3,0.85,0.85,,,,,,,,,,,,,,,,,,,,,,,,,,,,,,,,,,,,,,,,,,,,EUR,1.92,Illustration Rare,gumshoos,Pokémon,https://www.tcggo.com/pokemon/mega-evolution/gumshoos-153,me1-153,654492,singles
2026-08-23T17:19:56+02:00,394,OKACHEKE,okacheke,MEG 154,154,851225,132,188,MEG,Pokémon,pokemon,230,https://images.tcggo.com/tcggo/storage/24026/logof.png,Mega Evolution,EUR,1396.42,EUR,1415.81,2025-09-26,17,Mega Evolution,mega-evolution,mega-evolution,70,23973,https://images.tcggo.com/tcggo/storage/23871/stufful-meg-154-mega-evolution.png,https://www.tcggo.com/external/cm/23973,https://www.tcggo.com/external/tcgplayer/23973,Stufful,Stufful 154,4.32,4.49,456,EUR,[],,,,,,,,,,3.5,3.9,3.9,2.9,2.9,3.5,2.99,2.99,1.2,1.2,USD,29.99,5,,,,,,,59.86,1,,,,,41.68,5,,,8.87,1,7.76,1,39.86,5,,,14.41,1,17.73,5,,,,,58.53,5,,,,,25.52,3,EUR,6.72,Illustration Rare,stufful,Pokémon,https://www.tcggo.com/pokemon/mega-evolution/stufful-154,me1-154,654493,singles
2026-08-23T17:19:56+02:00,380,5ban Graphics,5ban-graphics,MEG 155,155,851226,132,188,MEG,Pokémon,pokemon,230,https://images.tcggo.com/tcggo/storage/24026/logof.png,Mega Evolution,EUR,1396.42,EUR,1415.81,2025-09-26,17,Mega Evolution,mega-evolution,mega-evolution,380,23974,https://images.tcggo.com/tcggo/storage/23883/mega-venusaur-ex-meg-155-mega-evolution.png,https://www.tcggo.com/external/cm/23974,https://www.tcggo.com/external/tcgplayer/23974,Mega Venusaur ex,Mega Venusaur ex 155,13.33,11.82,531,EUR,,100,,,39,,,119,,40,6.9,9.9,9.9,9.95,9.95,13.99,13.5,13.5,5,5,USD,36.65,5,,,,,21.25,5,,,,,26.02,3,36.57,5,,,,,17.02,5,58.65,5,15.24,1,15.25,5,22.3,5,21,1,,,89.25,5,,,7.81,1,31.23,4,EUR,10,Ultra Rare,mega-venusaur-ex,Pokémon,https://www.tcggo.com/pokemon/mega-evolution/mega-venusaur-ex-155,me1-155,654494,singles
2026-08-23T17:19:56+02:00,380,5ban Graphics,5ban-graphics,MEG 156,156,851227,132,188,MEG,Pokémon,pokemon,230,https://images.tcggo.com/tcggo/storage/24026/logof.png,Mega Evolution,EUR,1396.42,EUR,1415.81,2025-09-26,17,Mega Evolution,mega-evolution,mega-evolution,340,23975,https://images.tcggo.com/tcggo/storage/23895/mega-camerupt-ex-meg-156-mega-evolution.png,https://www.tcggo.com/external/cm/23975,https://www.tcggo.com/external/tcgplayer/23975,Mega Camerupt ex,Mega Camerupt ex 156,2.68,2.7,641,EUR,,,,,,25,,,,35,1.99,1.8,1.8,2.1,2.1,1.99,2.45,2.99,1.45,1.45,,,,,,,,,,,,,,,,,,,,,,,,,,,,,,,,,,,,,,,,,,,,EUR,1.3,Ultra Rare,mega-camerupt-ex,Pokémon,https://www.tcggo.com/pokemon/mega-evolution/mega-camerupt-ex-156,me1-156,654495,singles
2026-08-23T17:19:56+02:00,380,5ban Graphics,5ban-graphics,MEG 157,157,851228,132,188,MEG,Pokémon,pokemon,230,https://images.tcggo.com/tcggo/storage/24026/logof.png,Mega Evolution,EUR,1396.42,EUR,1415.81,2025-09-26,17,Mega Evolution,mega-evolution,mega-evolution,350,23976,https://images.tcggo.com/tcggo/storage/23907/mega-abomasnow-ex-meg-157-mega-evolution.png,https://www.tcggo.com/external/cm/23976,https://www.tcggo.com/external/tcgplayer/23976,Mega Abomasnow ex,Mega Abomasnow ex 157,2.49,2.42,618,EUR,[],,,,,,,,,,1.45,1.8,1.8,2.2,2.2,1.45,2.5,2.5,1,1,,,,,,,,,,,,,,,,,,,,,,,,,,,,,,,,,,,,,,,,,,,,EUR,1.74,Ultra Rare,mega-abomasnow-ex,Pokémon,https://www.tcggo.com/pokemon/mega-evolution/mega-abomasnow-ex-157,me1-157,654496,singles
2026-08-23T17:19:56+02:00,380,5ban Graphics,5ban-graphics,MEG 158,158,851229,132,188,MEG,Pokémon,pokemon,230,https://images.tcggo.com/tcggo/storage/24026/logof.png,Mega Evolution,EUR,1396.42,EUR,1415.81,2025-09-26,17,Mega Evolution,mega-evolution,mega-evolution,330,23977,https://images.tcggo.com/tcggo/storage/23918/mega-manectric-ex-meg-158-mega-evolution.png,https://www.tcggo.com/external/cm/23977,https://www.tcggo.com/external/tcgplayer/23977,Mega Manectric ex,Mega Manectric ex 158,2.92,2.99,533,EUR,[],,,,,,,,,,1.5,2,2,3.8,3.8,1.5,3,3,0.99,0.99,,,,,,,,,,,,,,,,,,,,,,,,,,,,,,,,,,,,,,,,,,,,EUR,2.02,Ultra Rare,mega-manectric-ex,Pokémon,https://www.tcggo.com/pokemon/mega-evolution/mega-manectric-ex-158,me1-158,654497,singles
2026-08-23T17:19:56+02:00,490,takuyoa,takuyoa,MEG 159,159,851230,132,188,MEG,Pokémon,pokemon,230,https://images.tcggo.com/tcggo/storage/24026/logof.png,Mega Evolution,EUR,1396.42,EUR,1415.81,2025-09-26,17,Mega Evolution,mega-evolution,mega-evolution,360,23978,https://images.tcggo.com/tcggo/storage/23929/mega-gardevoir-ex-meg-159-mega-evolution.png,https://www.tcggo.com/external/cm/23978,https://www.tcggo.com/external/tcgplayer/23978,Mega Gardevoir ex,Mega Gardevoir ex 159,5.12,4.89,573,EUR,[],,,,,,,,,,4,3.99,3.99,5,5,4,5.99,5.99,2,2,,,,,,,,,,,,,,,,,,,,,,,,,,,,,,,,,,,,,,,,,,,,EUR,4.9,Ultra Rare,mega-gardevoir-ex,Pokémon,https://www.tcggo.com/pokemon/mega-evolution/mega-gardevoir-ex-159,me1-159,654498,singles
2026-08-23T17:19:56+02:00,490,takuyoa,takuyoa,MEG 160,160,851231,132,188,MEG,Pokémon,pokemon,230,https://images.tcggo.com/tcggo/storage/24026/logof.png,Mega Evolution,EUR,1396.42,EUR,1415.81,2025-09-26,17,Mega Evolution,mega-evolution,mega-evolution,340,23979,https://images.tcggo.com/tcggo/storage/23940/mega-lucario-ex-meg-160-mega-evolution.png,https://www.tcggo.com/external/cm/23979,https://www.tcggo.com/external/tcgplayer/23979,Mega Lucario ex,Mega Lucario ex 160,10.77,11.04,462,EUR,,,,,,70,,50,,59,9.9,9.5,9.5,10,10,11.99,11,11,6.79,6.79,USD,49.56,5,,,,,24.73,3,187,2,,,17.84,5,47.27,5,14.17,1,,,8.93,2,64.67,5,15,3,13.75,5,26.75,5,,,,,89.21,5,,,,,26.75,5,EUR,10.25,Ultra Rare,mega-lucario-ex,Pokémon,https://www.tcggo.com/pokemon/mega-evolution/mega-lucario-ex-160,me1-160,654499,singles
2026-08-23T17:19:56+02:00,371,aky CG Works,aky-cg-works,MEG 161,161,851232,132,188,MEG,Pokémon,pokemon,230,https://images.tcggo.com/tcggo/storage/24026/logof.png,Mega Evolution,EUR,1396.42,EUR,1415.81,2025-09-26,17,Mega Evolution,mega-evolution,mega-evolution,280,23980,https://images.tcggo.com/tcggo/storage/23952/mega-absol-ex-meg-161-mega-evolution.png,https://www.tcggo.com/external/cm/23980,https://www.tcggo.com/external/tcgplayer/23980,Mega Absol ex,Mega Absol ex 161,4.81,5.24,633,EUR,[],,,,,,,,,,4,3.4,3.4,6,6,4,6,6,2.5,2.5,USD,29.98,5,,,,,23.51,1,,,1,1,,,23.08,5,,,10,2,10.5,3,52.17,5,9.38,1,7.39,5,13.27,5,,,,,52.18,5,,,,,13.88,4,EUR,4.73,Ultra Rare,mega-absol-ex,Pokémon,https://www.tcggo.com/pokemon/mega-evolution/mega-absol-ex-161,me1-161,654500,singles
2026-08-23T17:19:56+02:00,371,aky CG Works,aky-cg-works,MEG 162,162,851233,132,188,MEG,Pokémon,pokemon,230,https://images.tcggo.com/tcggo/storage/24026/logof.png,Mega Evolution,EUR,1396.42,EUR,1415.81,2025-09-26,17,Mega Evolution,mega-evolution,mega-evolution,270,23981,https://images.tcggo.com/tcggo/storage/23964/mega-mawile-ex-meg-162-mega-evolution.png,https://www.tcggo.com/external/cm/23981,https://www.tcggo.com/external/tcgplayer/23981,Mega Mawile ex,Mega Mawile ex 162,3.03,2.72,648,EUR,[],,,,,,,,,,1.89,1.75,1.75,3.8,3.8,1.89,3.49,3.49,1.5,1.5,,,,,,,,,,,,,,,,,,,,,,,,,,,,,,,,,,,,,,,,,,,,EUR,2.28,Ultra Rare,mega-mawile-ex,Pokémon,https://www.tcggo.com/pokemon/mega-evolution/mega-mawile-ex-162,me1-162,654501,singles
2026-08-23T17:19:56+02:00,380,5ban Graphics,5ban-graphics,MEG 163,163,851234,132,188,MEG,Pokémon,pokemon,230,https://images.tcggo.com/tcggo/storage/24026/logof.png,Mega Evolution,EUR,1396.42,EUR,1415.81,2025-09-26,17,Mega Evolution,mega-evolution,mega-evolution,280,23982,https://images.tcggo.com/tcggo/storage/23976/mega-latias-ex-meg-163-mega-evolution.png,https://www.tcggo.com/external/cm/23982,https://www.tcggo.com/external/tcgplayer/23982,Mega Latias ex,Mega Latias ex 163,4.51,4.66,667,EUR,[],,,,,,,,,,4.4,3.5,3.5,3.99,3.99,4.4,5.9,5.9,2.25,2.25,,,,,,,,,,,,,,,,,,,,,,,,,,,,,,,,,,,,,,,,,,,,EUR,4.15,Ultra Rare,mega-latias-ex,Pokémon,https://www.tcggo.com/pokemon/mega-evolution/mega-latias-ex-163,me1-163,654502,singles
2026-08-23T17:19:56+02:00,380,5ban Graphics,5ban-graphics,MEG 164,164,851235,132,188,MEG,Pokémon,pokemon,230,https://images.tcggo.com/tcggo/storage/24026/logof.png,Mega Evolution,EUR,1396.42,EUR,1415.81,2025-09-26,17,Mega Evolution,mega-evolution,mega-evolution,300,23983,https://images.tcggo.com/tcggo/storage/23988/mega-kangaskhan-ex-meg-164-mega-evolution.png,https://www.tcggo.com/external/cm/23983,https://www.tcggo.com/external/tcgplayer/23983,Mega Kangaskhan ex,Mega Kangaskhan ex 164,5.19,5.1,526,EUR,[],,,,,,,,,,4,3.89,3.89,6,6,4,4.7,4.7,2,2,,,,,,,,,,,,,,,,,,,,,,,,,,,,,,,,,,,,,,,,,,,,EUR,4.57,Ultra Rare,mega-kangaskhan-ex,Pokémon,https://www.tcggo.com/pokemon/mega-evolution/mega-kangaskhan-ex-164,me1-164,654503,singles
2026-08-23T17:19:56+02:00,409,Yuu Nishida,yuu-nishida,MEG 165,165,851236,132,188,MEG,Pokémon,pokemon,230,https://images.tcggo.com/tcggo/storage/24026/logof.png,Mega Evolution,EUR,1396.42,EUR,1415.81,2025-09-26,17,Mega Evolution,mega-evolution,mega-evolution,0,23984,https://images.tcggo.com/tcggo/storage/24000/acerolas-mischief-meg-165-mega-evolution.png,https://www.tcggo.com/external/cm/23984,https://www.tcggo.com/external/tcgplayer/23984,Acerola's Mischief,Acerola's Mischief 165,2.69,2.58,629,EUR,[],,,,,,,,,,2.4,1.5,1.5,3.5,3.5,2.4,2.5,2.5,0.85,0.85,,,,,,,,,,,,,,,,,,,,,,,,,,,,,,,,,,,,,,,,,,,,EUR,1.67,Ultra Rare,acerolas-mischief,Trainer,https://www.tcggo.com/pokemon/mega-evolution/acerolas-mischief-165,me1-165,654504,singles
2026-08-23T17:19:56+02:00,461,Studio Bora Inc.,studio-bora-inc,MEG 166,166,851237,132,188,MEG,Pokémon,pokemon,230,https://images.tcggo.com/tcggo/storage/24026/logof.png,Mega Evolution,EUR,1396.42,EUR,1415.81,2025-09-26,17,Mega Evolution,mega-evolution,mega-evolution,0,23985,https://images.tcggo.com/tcggo/storage/24012/air-balloon-meg-166-mega-evolution.png,https://www.tcggo.com/external/cm/23985,https://www.tcggo.com/external/tcgplayer/23985,Air Balloon,Air Balloon 166,2.57,2.6,586,EUR,[],,,,,,,,,,2,1.4,1.4,3.35,3.35,2.35,1.99,1.99,0.8,0.8,,,,,,,,,,,,,,,,,,,,,,,,,,,,,,,,,,,,,,,,,,,,EUR,2.04,Ultra Rare,air-balloon,Trainer,https://www.tcggo.com/pokemon/mega-evolution/air-balloon-166,me1-166,654505,singles
2026-08-23T17:19:56+02:00,453,AYUMI ODASHIMA,ayumi-odashima,MEG 167,167,851238,132,188,MEG,Pokémon,pokemon,230,https://images.tcggo.com/tcggo/storage/24026/logof.png,Mega Evolution,EUR,1396.42,EUR,1415.81,2025-09-26,17,Mega Evolution,mega-evolution,mega-evolution,0,23986,https://images.tcggo.com/tcggo/storage/24024/buddy-buddy-poffin-meg-167-mega-evolution.png,https://www.tcggo.com/external/cm/23986,https://www.tcggo.com/external/tcgplayer/23986,Buddy-Buddy Poffin,Buddy-Buddy Poffin 167,4.75,4.58,357,EUR,[],,,,,,,,,,3.98,3.99,3.99,5,5,3.98,4,4,2.5,2.5,,,,,,,,,,,,,,,,,,,,,,,,,,,,,,,,,,,,,,,,,,,,EUR,5.44,Ultra Rare,buddy-buddy-poffin,Trainer,https://www.tcggo.com/pokemon/mega-evolution/buddy-buddy-poffin-167,me1-167,654506,singles
2026-08-23T17:19:56+02:00,458,Toyste Beach,toyste-beach,MEG 168,168,851239,132,188,MEG,Pokémon,pokemon,230,https://images.tcggo.com/tcggo/storage/24026/logof.png,Mega Evolution,EUR,1396.42,EUR,1415.81,2025-09-26,17,Mega Evolution,mega-evolution,mega-evolution,0,23987,https://images.tcggo.com/tcggo/storage/23848/fighting-gong-meg-168-mega-evolution.png,https://www.tcggo.com/external/cm/23987,https://www.tcggo.com/external/tcgplayer/23987,Fighting Gong,Fighting Gong 168,2.13,2.08,608,EUR,[],,,,,,,,,,1.5,1.2,1.2,3.49,3.49,1.5,1.5,1.5,1.38,1.38,,,,,,,,,,,,,,,,,,,,,,,,,,,,,,,,,,,,,,,,,,,,EUR,1.89,Ultra Rare,fighting-gong,Trainer,https://www.tcggo.com/pokemon/mega-evolution/fighting-gong-168,me1-168,654507,singles
2026-08-23T17:19:56+02:00,460,Atsushi Furusawa,atsushi-furusawa,MEG 169,169,851240,132,188,MEG,Pokémon,pokemon,230,https://images.tcggo.com/tcggo/storage/24026/logof.png,Mega Evolution,EUR,1396.42,EUR,1415.81,2025-09-26,17,Mega Evolution,mega-evolution,mega-evolution,0,23988,https://images.tcggo.com/tcggo/storage/23860/lillies-determination-meg-169-mega-evolution.png,https://www.tcggo.com/external/cm/23988,https://www.tcggo.com/external/tcgplayer/23988,Lillie's Determination,Lillie's Determination 169,17.74,16.41,468,EUR,[],,,,,,,,,,17,14.9,14.9,20,20,17,12.5,12.5,10.5,10.5,USD,34.54,5,,,,,17.73,5,,,,,9.49,1,46.16,5,,,,,11.71,2,45,5,7.82,3,13.03,5,17.71,5,,,14.52,1,36.4,5,,,,,22.29,5,EUR,18.28,Ultra Rare,lillies-determination,Trainer,https://www.tcggo.com/pokemon/mega-evolution/lillies-determination-169,me1-169,654508,singles
2026-08-23T17:19:56+02:00,456,Hideki Ishikawa,hideki-ishikawa,MEG 170,170,851241,132,188,MEG,Pokémon,pokemon,230,https://images.tcggo.com/tcggo/storage/24026/logof.png,Mega Evolution,EUR,1396.42,EUR,1415.81,2025-09-26,17,Mega Evolution,mega-evolution,mega-evolution,0,23989,https://images.tcggo.com/tcggo/storage/23872/lt-surges-bargain-meg-170-mega-evolution.png,https://www.tcggo.com/external/cm/23989,https://www.tcggo.com/external/tcgplayer/23989,Lt. Surge's Bargain,Lt. Surge's Bargain 170,1.6,1.62,820,EUR,[],,,,,,,,,,0.8,0.9,0.9,1.9,1.9,1,1,1,0.45,0.45,,,,,,,,,,,,,,,,,,,,,,,,,,,,,,,,,,,,,,,,,,,,EUR,0.85,Ultra Rare,lt-surges-bargain,Trainer,https://www.tcggo.com/pokemon/mega-evolution/lt-surges-bargain-170,me1-170,654509,singles
2026-08-23T17:19:56+02:00,464,inose yukie,inose-yukie,MEG 171,171,851242,132,188,MEG,Pokémon,pokemon,230,https://images.tcggo.com/tcggo/storage/24026/logof.png,Mega Evolution,EUR,1396.42,EUR,1415.81,2025-09-26,17,Mega Evolution,mega-evolution,mega-evolution,0,23990,https://images.tcggo.com/tcggo/storage/23884/mega-signal-meg-171-mega-evolution.png,https://www.tcggo.com/external/cm/23990,https://www.tcggo.com/external/tcgplayer/23990,Mega Signal,Mega Signal 171,1.62,1.58,610,EUR,[],,,,,,,,,,0.03,0.95,0.95,1.5,1.5,0.03,1.49,1.49,0.5,0.5,,,,,,,,,,,,,,,,,,,,,,,,,,,,,,,,,,,,,,,,,,,,EUR,0.95,Ultra Rare,mega-signal,Trainer,https://www.tcggo.com/pokemon/mega-evolution/mega-signal-171,me1-171,654510,singles
2026-08-23T17:19:56+02:00,453,AYUMI ODASHIMA,ayumi-odashima,MEG 172,172,851243,132,188,MEG,Pokémon,pokemon,230,https://images.tcggo.com/tcggo/storage/24026/logof.png,Mega Evolution,EUR,1396.42,EUR,1415.81,2025-09-26,17,Mega Evolution,mega-evolution,mega-evolution,0,23991,https://images.tcggo.com/tcggo/storage/23896/mystery-garden-meg-172-mega-evolution.png,https://www.tcggo.com/external/cm/23991,https://www.tcggo.com/external/tcgplayer/23991,Mystery Garden,Mystery Garden 172,1.41,1.51,711,EUR,[],,,,,,,,,,0.75,0.9,0.9,1.5,1.5,0.75,1.5,1.5,0.49,0.49,,,,,,,,,,,,,,,,,,,,,,,,,,,,,,,,,,,,,,,,,,,,EUR,0.87,Ultra Rare,mystery-garden,Trainer,https://www.tcggo.com/pokemon/mega-evolution/mystery-garden-172,me1-172,654511,singles
2026-08-23T17:19:56+02:00,458,Toyste Beach,toyste-beach,MEG 173,173,851244,132,188,MEG,Pokémon,pokemon,230,https://images.tcggo.com/tcggo/storage/24026/logof.png,Mega Evolution,EUR,1396.42,EUR,1415.81,2025-09-26,17,Mega Evolution,mega-evolution,mega-evolution,0,23992,https://images.tcggo.com/tcggo/storage/23908/night-stretcher-meg-173-mega-evolution.png,https://www.tcggo.com/external/cm/23992,https://www.tcggo.com/external/tcgplayer/23992,Night Stretcher,Night Stretcher 173,4.31,4.6,447,EUR,[],,,,,,,,,,2.49,3.2,3.2,5,5,2.49,2.9,2.9,3.3,3.3,,,,,,,,,,,,,,,,,,,,,,,,,,,,,,,,,,,,,,,,,,,,EUR,4.66,Ultra Rare,night-stretcher,Trainer,https://www.tcggo.com/pokemon/mega-evolution/night-stretcher-173,me1-173,654512,singles
2026-08-23T17:19:56+02:00,458,Toyste Beach,toyste-beach,MEG 174,174,851245,132,188,MEG,Pokémon,pokemon,230,https://images.tcggo.com/tcggo/storage/24026/logof.png,Mega Evolution,EUR,1396.42,EUR,1415.81,2025-09-26,17,Mega Evolution,mega-evolution,mega-evolution,0,23993,https://images.tcggo.com/tcggo/storage/23919/premium-power-pro-meg-174-mega-evolution.png,https://www.tcggo.com/external/cm/23993,https://www.tcggo.com/external/tcgplayer/23993,Premium Power Pro,Premium Power Pro 174,2.75,2.53,535,EUR,[],,,,,,,,,,0.05,1.7,1.7,3.5,3.5,0.05,1.9,1.9,0.9,0.9,,,,,,,,,,,,,,,,,,,,,,,,,,,,,,,,,,,,,,,,,,,,EUR,1.44,Ultra Rare,premium-power-pro,Trainer,https://www.tcggo.com/pokemon/mega-evolution/premium-power-pro-174,me1-174,654513,singles
2026-08-23T17:19:56+02:00,461,Studio Bora Inc.,studio-bora-inc,MEG 175,175,851246,132,188,MEG,Pokémon,pokemon,230,https://images.tcggo.com/tcggo/storage/24026/logof.png,Mega Evolution,EUR,1396.42,EUR,1415.81,2025-09-26,17,Mega Evolution,mega-evolution,mega-evolution,0,23994,https://images.tcggo.com/tcggo/storage/23930/rare-candy-meg-175-mega-evolution.png,https://www.tcggo.com/external/cm/23994,https://www.tcggo.com/external/tcgplayer/23994,Rare Candy,Rare Candy 175,3.82,3.67,543,EUR,[],,,,,,,,,,3,2.9,2.9,3,3,3,2.95,2.95,1.99,1.99,,,,,,,,,,,,,,,,,,,,,,,,,,,,,,,,,,,,,,,,,,,,EUR,3.4,Ultra Rare,rare-candy,Trainer,https://www.tcggo.com/pokemon/mega-evolution/rare-candy-175,me1-175,654514,singles
2026-08-23T17:19:56+02:00,780,Iori Suzuki,iori-suzuki,MEG 176,176,851247,132,188,MEG,Pokémon,pokemon,230,https://images.tcggo.com/tcggo/storage/24026/logof.png,Mega Evolution,EUR,1396.42,EUR,1415.81,2025-09-26,17,Mega Evolution,mega-evolution,mega-evolution,0,23995,https://images.tcggo.com/tcggo/storage/23941/wallys-compassion-meg-176-mega-evolution.png,https://www.tcggo.com/external/cm/23995,https://www.tcggo.com/external/tcgplayer/23995,Wally's Compassion,Wally's Compassion 176,3.16,3.18,441,EUR,[],,,,,,,,,,1.44,1.99,1.99,3.5,3.5,1.44,2.5,2.5,1.29,1.29,,,,,,,,,,,,,,,,,,,,,,,,,,,,,,,,,,,,,,,,,,,,EUR,2.22,Ultra Rare,wallys-compassion,Trainer,https://www.tcggo.com/pokemon/mega-evolution/wallys-compassion-176,me1-176,654515,singles
2026-08-23T17:19:56+02:00,769,mashu,mashu,MEG 177,177,851248,132,188,MEG,Pokémon,pokemon,230,https://images.tcggo.com/tcggo/storage/24026/logof.png,Mega Evolution,EUR,1396.42,EUR,1415.81,2025-09-26,17,Mega Evolution,mega-evolution,mega-evolution,380,23996,https://images.tcggo.com/tcggo/storage/23953/mega-venusaur-ex-meg-177-mega-evolution.png,https://www.tcggo.com/external/cm/23996,https://www.tcggo.com/external/tcgplayer/23996,Mega Venusaur ex,Mega Venusaur ex 177,143.47,137.84,278,EUR,[],,,,,,,,,,120.35,125,125,97,97,130,169.99,169.99,109.9,109.9,USD,134.92,5,,,78.08,1,106.04,2,310.58,3,,,91.59,1,189.47,5,,,123.16,2,110.94,2,199.63,5,90,1,116.63,5,138.17,5,,,,,278.13,5,,,,,123.28,4,EUR,133.6,Special Illustration Rare,mega-venusaur-ex,Pokémon,https://www.tcggo.com/pokemon/mega-evolution/mega-venusaur-ex-177,me1-177,654516,singles
2026-08-23T17:19:56+02:00,831,Raita Kazama,raita-kazama,MEG 178,178,851249,132,188,MEG,Pokémon,pokemon,230,https://images.tcggo.com/tcggo/storage/24026/logof.png,Mega Evolution,EUR,1396.42,EUR,1415.81,2025-09-26,17,Mega Evolution,mega-evolution,mega-evolution,360,23997,https://images.tcggo.com/tcggo/storage/23965/mega-gardevoir-ex-meg-178-mega-evolution.png,https://www.tcggo.com/external/cm/23997,https://www.tcggo.com/external/tcgplayer/23997,Mega Gardevoir ex,Mega Gardevoir ex 178,174.5,149.73,346,EUR,,329,599,239,,525,,349,,195,165,129,129,120,120,165,199,199,100,100,USD,151,5,,,,,109.26,3,510,5,,,162.5,1,179.8,5,,,,,159.67,1,358.85,5,109.52,1,154.55,5,143.54,5,,,,,327.9,5,,,,,151.39,5,EUR,165.08,Special Illustration Rare,mega-gardevoir-ex,Pokémon,https://www.tcggo.com/pokemon/mega-evolution/mega-gardevoir-ex-178,me1-178,654517,singles
2026-08-23T17:19:56+02:00,460,Atsushi Furusawa,atsushi-furusawa,MEG 179,179,851250,132,188,MEG,Pokémon,pokemon,230,https://images.tcggo.com/tcggo/storage/24026/logof.png,Mega Evolution,EUR,1396.42,EUR,1415.81,2025-09-26,17,Mega Evolution,mega-evolution,mega-evolution,340,23998,https://images.tcggo.com/tcggo/storage/23977/mega-lucario-ex-meg-179-mega-evolution.png,https://www.tcggo.com/external/cm/23998,https://www.tcggo.com/external/tcgplayer/23998,Mega Lucario ex,Mega Lucario ex 179,189.52,212.76,343,EUR,[],,,,,,,,,,174,128,128,149,149,174,200,200,110,110,USD,193.64,5,,,,,166.31,2,571.17,5,,,145.16,1,269.09,5,,,,,155,1,302.78,5,120,1,179.43,5,140.92,5,,,145.92,1,332.81,5,,,,,179.37,5,EUR,174.83,Special Illustration Rare,mega-lucario-ex,Pokémon,https://www.tcggo.com/pokemon/mega-evolution/mega-lucario-ex-179,me1-179,654518,singles
2026-08-23T17:19:56+02:00,375,Mitsuhiro Arita,mitsuhiro-arita,MEG 180,180,851251,132,188,MEG,Pokémon,pokemon,230,https://images.tcggo.com/tcggo/storage/24026/logof.png,Mega Evolution,EUR,1396.42,EUR,1415.81,2025-09-26,17,Mega Evolution,mega-evolution,mega-evolution,280,23999,https://images.tcggo.com/tcggo/storage/23989/mega-absol-ex-meg-180-mega-evolution.png,https://www.tcggo.com/external/cm/23999,https://www.tcggo.com/external/tcgplayer/23999,Mega Absol ex,Mega Absol ex 180,62.63,56.6,293,EUR,,230,,,,90,,77,,80,61.61,45,45,49.5,49.5,61.61,105,105,46.66,46.66,USD,78.08,5,,,,,51.22,4,238.49,3,,,62.79,1,137.19,5,,,,,45.6,1,124.09,5,,,54.12,5,58.31,5,56.82,1,,,149.51,5,,,,,53,5,EUR,46.15,Special Illustration Rare,mega-absol-ex,Pokémon,https://www.tcggo.com/pokemon/mega-evolution/mega-absol-ex-180,me1-180,654519,singles
2026-08-23T17:19:56+02:00,434,AKIRA EGAWA,akira-egawa,MEG 181,181,851252,132,188,MEG,Pokémon,pokemon,230,https://images.tcggo.com/tcggo/storage/24026/logof.png,Mega Evolution,EUR,1396.42,EUR,1415.81,2025-09-26,17,Mega Evolution,mega-evolution,mega-evolution,280,24000,https://images.tcggo.com/tcggo/storage/24001/mega-latias-ex-meg-181-mega-evolution.png,https://www.tcggo.com/external/cm/24000,https://www.tcggo.com/external/tcgplayer/24000,Mega Latias ex,Mega Latias ex 181,99.26,108.01,331,EUR,,,449,,,199,,250,,129,90,69.69,69.69,52,52,92,150,150,69.59,69.59,USD,179.99,5,,,,,68.44,4,453.46,5,,,69.98,2,96.83,5,,,55.93,1,79,5,193.67,5,68.46,1,71.36,5,70.43,5,,,,,219.21,5,,,70,1,90.5,5,EUR,74.03,Special Illustration Rare,mega-latias-ex,Pokémon,https://www.tcggo.com/pokemon/mega-evolution/mega-latias-ex-181,me1-181,654520,singles
2026-08-23T17:19:56+02:00,472,GOTO minori,goto-minori,MEG 182,182,851253,132,188,MEG,Pokémon,pokemon,230,https://images.tcggo.com/tcggo/storage/24026/logof.png,Mega Evolution,EUR,1396.42,EUR,1415.81,2025-09-26,17,Mega Evolution,mega-evolution,mega-evolution,300,24001,https://images.tcggo.com/tcggo/storage/24013/mega-kangaskhan-ex-meg-182-mega-evolution.png,https://www.tcggo.com/external/cm/24001,https://www.tcggo.com/external/tcgplayer/24001,Mega Kangaskhan ex,Mega Kangaskhan ex 182,58.27,68.51,344,EUR,,,300,,90,99,,135,,99,65.99,39.99,39.99,49.99,49.99,65.99,64,64,36.9,36.9,USD,67.75,5,,,,,53.39,2,200.37,5,,,69.98,3,114.02,5,,,,,47.43,2,102.88,5,48.56,2,54.98,5,61.01,5,121.12,1,,,143.54,5,,,69.99,1,59.09,5,EUR,49.93,Special Illustration Rare,mega-kangaskhan-ex,Pokémon,https://www.tcggo.com/pokemon/mega-evolution/mega-kangaskhan-ex-182,me1-182,654521,singles
2026-08-23T17:19:56+02:00,503,sui,sui,MEG 183,183,851254,132,188,MEG,Pokémon,pokemon,230,https://images.tcggo.com/tcggo/storage/24026/logof.png,Mega Evolution,EUR,1396.42,EUR,1415.81,2025-09-26,17,Mega Evolution,mega-evolution,mega-evolution,0,24002,https://images.tcggo.com/tcggo/storage/24025/acerolas-mischief-meg-183-mega-evolution.png,https://www.tcggo.com/external/cm/24002,https://www.tcggo.com/external/tcgplayer/24002,Acerola's Mischief,Acerola's Mischief 183,28.85,27.35,243,EUR,,,,,,,,40,55,44,27,21,21,25,25,27,38,38,19,19,USD,43.98,5,,,,,,,,,,,,,33.81,5,,,,,15.31,2,72.92,5,15.33,1,26.91,5,19.83,5,,,,,85.85,5,,,,,40.15,3,EUR,27.2,Special Illustration Rare,acerolas-mischief,Trainer,https://www.tcggo.com/pokemon/mega-evolution/acerolas-mischief-183,me1-183,654522,singles
2026-08-23T17:19:56+02:00,417,satoma,satoma,MEG 184,184,851255,132,188,MEG,Pokémon,pokemon,230,https://images.tcggo.com/tcggo/storage/24026/logof.png,Mega Evolution,EUR,1396.42,EUR,1415.81,2025-09-26,17,Mega Evolution,mega-evolution,mega-evolution,0,24003,https://images.tcggo.com/tcggo/storage/23849/lillies-determination-meg-184-mega-evolution.png,https://www.tcggo.com/external/cm/24003,https://www.tcggo.com/external/tcgplayer/24003,Lillie's Determination,Lillie's Determination 184,56.59,56.61,349,EUR,,350,320,,70,,,139,,49,47.5,38,38,60,60,47.5,46.99,46.99,32.85,32.85,USD,69.43,5,,,38.68,3,,,391.03,4,,,100,1,98.12,5,,,,,,,138.99,5,41.67,2,43.12,5,46.83,5,,,,,223.01,5,,,,,66.51,5,EUR,55.06,Special Illustration Rare,lillies-determination,Trainer,https://www.tcggo.com/pokemon/mega-evolution/lillies-determination-184,me1-184,654523,singles
2026-08-23T17:19:56+02:00,389,osare,osare,MEG 185,185,851256,132,188,MEG,Pokémon,pokemon,230,https://images.tcggo.com/tcggo/storage/24026/logof.png,Mega Evolution,EUR,1396.42,EUR,1415.81,2025-09-26,17,Mega Evolution,mega-evolution,mega-evolution,0,24004,https://images.tcggo.com/tcggo/storage/23861/lt-surges-bargain-meg-185-mega-evolution.png,https://www.tcggo.com/external/cm/24004,https://www.tcggo.com/external/tcgplayer/24004,Lt. Surge's Bargain,Lt. Surge's Bargain 185,17.46,21.39,323,EUR,,,,,,79,,39,,35,18,10.98,10.98,14.9,14.9,18,20,20,12,12,USD,37,5,,,23.52,1,31.58,1,98.47,1,,,,,45.56,5,,,,,,,71.48,5,,,15.02,5,21.44,5,,,,,88.27,5,,,,,25,1,EUR,14.92,Special Illustration Rare,lt-surges-bargain,Trainer,https://www.tcggo.com/pokemon/mega-evolution/lt-surges-bargain-185,me1-185,654524,singles
2026-08-23T17:19:56+02:00,535,Jiro Sasumo,jiro-sasumo,MEG 186,186,851257,132,188,MEG,Pokémon,pokemon,230,https://images.tcggo.com/tcggo/storage/24026/logof.png,Mega Evolution,EUR,1396.42,EUR,1415.81,2025-09-26,17,Mega Evolution,mega-evolution,mega-evolution,0,24005,https://images.tcggo.com/tcggo/storage/23873/wallys-compassion-meg-186-mega-evolution.png,https://www.tcggo.com/external/cm/24005,https://www.tcggo.com/external/tcgplayer/24005,Wally's Compassion,Wally's Compassion 186,20.77,20.92,278,EUR,[],,,,,,,,,,18,17.95,17.95,17.99,17.99,18,26.99,26.99,12,12,USD,31.58,5,,,,,,,70,1,,,11.18,2,23.82,5,,,4.25,1,17.87,1,67.28,5,8.97,1,15.89,2,21.52,5,,,,,69.41,2,,,,,14.52,1,EUR,17.41,Special Illustration Rare,wallys-compassion,Trainer,https://www.tcggo.com/pokemon/mega-evolution/wallys-compassion-186,me1-186,654525,singles
2026-08-23T17:19:56+02:00,380,5ban Graphics,5ban-graphics,MEG 187,187,851258,132,188,MEG,Pokémon,pokemon,230,https://images.tcggo.com/tcggo/storage/24026/logof.png,Mega Evolution,EUR,1396.42,EUR,1415.81,2025-09-26,17,Mega Evolution,mega-evolution,mega-evolution,360,24006,https://images.tcggo.com/tcggo/storage/23885/mega-gardevoir-ex-meg-187-mega-evolution.png,https://www.tcggo.com/external/cm/24006,https://www.tcggo.com/external/tcgplayer/24006,Mega Gardevoir ex,Mega Gardevoir ex 187,186.12,183.89,199,EUR,,,,250,,,,675,,530,185,147,147,178.9,178.9,185,180,180,140,140,USD,312.58,5,119.12,1,171.08,1,167.04,5,,,,,182.64,4,213.07,5,195.68,1,148.95,1,140.18,3,533.78,5,137.19,4,140.18,5,146.16,5,,,,,600,5,,,148.17,1,187.83,5,EUR,177.88,Mega Hyper Rare,mega-gardevoir-ex,Pokémon,https://www.tcggo.com/pokemon/mega-evolution/mega-gardevoir-ex-187,me1-187,654526,singles
2026-08-23T17:19:56+02:00,380,5ban Graphics,5ban-graphics,MEG 188,188,851259,132,188,MEG,Pokémon,pokemon,230,https://images.tcggo.com/tcggo/storage/24026/logof.png,Mega Evolution,EUR,1396.42,EUR,1415.81,2025-09-26,17,Mega Evolution,mega-evolution,mega-evolution,340,24007,https://images.tcggo.com/tcggo/storage/23897/mega-lucario-ex-meg-188-mega-evolution.png,https://www.tcggo.com/external/cm/24007,https://www.tcggo.com/external/tcgplayer/24007,Mega Lucario ex,Mega Lucario ex 188,198.15,183.99,238,EUR,,,,,,,,650,,450,199.99,173.99,173.99,199,199,199.99,239.99,239.99,180,180,USD,432.58,5,186.58,1,180,3,186.58,5,,,,,232.5,5,336.42,5,,,247.5,1,236.36,1,575.66,5,163.37,3,186.9,5,210.83,5,,,,,762.56,5,,,,,216.81,5,EUR,231.65,Mega Hyper Rare,mega-lucario-ex,Pokémon,https://www.tcggo.com/pokemon/mega-evolution/mega-lucario-ex-188,me1-188,654527,singles
