captured_at,artist,artist.id,artist.name,artist.slug,card_code_number,card_number,cardmarket_id,episode.cards_printed_total,episode.cards_total,episode.code,episode.game.name,episode.game.slug,episode.id,episode.logo,episode.name,episode.prices.cardmarket.currency,episode.prices.cardmarket.total,episode.prices.tcgplayer.currency,episode.prices.tcgplayer.total,episode.released_at,episode.series.id,episode.series.name,episode.series.slug,episode.slug,hp,id,image,links.cardmarket,links.tcgplayer,name,name_numbered,prices.cardmarket.30d_average,prices.cardmarket.7d_average,prices.cardmarket.available_items,prices.cardmarket.currency,prices.cardmarket.graded,prices.cardmarket.graded.bgs.bgs10,prices.cardmarket.graded.bgs.bgs10black,prices.cardmarket.graded.bgs.bgs10pristine,prices.cardmarket.graded.bgs.bgs9,prices.cardmarket.graded.cgc.cgc10,prices.cardmarket.graded.cgc.cgc9,prices.cardmarket.graded.psa.psa10,prices.cardmarket.graded.psa.psa8,prices.cardmarket.graded.psa.psa9,prices.cardmarket.lowest_near_mint,prices.cardmarket.lowest_near_mint_DE,prices.cardmarket.lowest_near_mint_DE_EU_only,prices.cardmarket.lowest_near_mint_ES,prices.cardmarket.lowest_near_mint_ES_EU_only,prices.cardmarket.lowest_near_mint_EU_only,prices.cardmarket.lowest_near_mint_FR,prices.cardmarket.lowest_near_mint_FR_EU_only,prices.cardmarket.lowest_near_mint_IT,prices.cardmarket.lowest_near_mint_IT_EU_only,prices.ebay.currency,prices.ebay.graded.ace.10.median_price,prices.ebay.graded.ace.10.sample_size,prices.ebay.graded.ace.8.median_price,prices.ebay.graded.ace.8.sample_size,prices.ebay.graded.ace.9.median_price,prices.ebay.graded.ace.9.sample_size,prices.ebay.graded.bgs.10.median_price,prices.ebay.graded.bgs.10.sample_size,prices.ebay.graded.bgs.9.median_price,prices.ebay.graded.bgs.9.sample_size,prices.ebay.graded.cgc.10.median_price,prices.ebay.graded.cgc.10.sample_size,prices.ebay.graded.cgc.8.median_price,prices.ebay.graded.cgc.8.sample_size,prices.ebay.graded.cgc.9.median_price,prices.ebay.graded.cgc.9.sample_size,prices.ebay.graded.psa.10.median_price,prices.ebay.graded.psa.10.sample_size,prices.ebay.graded.psa.7.median_price,prices.ebay.graded.psa.7.sample_size,prices.ebay.graded.psa.8.median_price,prices.ebay.graded.psa.8.sample_size,prices.ebay.graded.psa.9.median_price,prices.ebay.graded.psa.9.sample_size,prices.ebay.graded.sgc.10.median_price,prices.ebay.graded.sgc.10.sample_size,prices.ebay.graded.sgc.9.median_price,prices.ebay.graded.sgc.9.sample_size,prices.ebay.graded.tag.10.median_price,prices.ebay.graded.tag.10.sample_size,prices.ebay.graded.tag.7.median_price,prices.ebay.graded.tag.7.sample_size,prices.ebay.graded.tag.8.median_price,prices.ebay.graded.tag.8.sample_size,prices.ebay.graded.tag.9.median_price,prices.ebay.graded.tag.9.sample_size,prices.tcg_player.currency,prices.tcg_player.market_price,prices.tcg_player.mid_price,rarity,slug,supertype,tcggo_url,tcgid,tcgplayer_id,type
2026-08-23T17:19:56+02:00,,819,takuyaa,takuyaa,BLK 172,172,836246,86,172,BLK,Pokémon,pokemon,223,https://images.tcggo.com/tcggo/storage/23035/black-bolt-logo.png,Black Bolt,EUR,2524.88,EUR,3066.74,2025-07-18,1,Scarlet & Violet,scarlet-violet,black-bolt,230,23085,https://images.tcggo.com/tcggo/storage/23053/zekrom-ex.png,https://www.tcggo.com/external/cm/23085,https://www.tcggo.com/external/tcgplayer/23085,Zekrom ex,Zekrom ex 172,456.51,529.99,213,EUR,,,,,575,800,,950,,510,400,399.99,399.99,300,300,400,400,400,258,258,USD,547.11,5,330.91,2,320.75,5,1429.21,1,,,598.09,5,349.13,1,299,3,1084.03,5,377.87,1,399.97,5,411.18,5,,,325.21,1,1196.16,5,308,1,,,448.56,5,EUR,519.52,396.85,Black White Rare,zekrom-ex,Pokémon,https://www.tcggo.com/pokemon/black-bolt/zekrom-ex-172,zsv10pt5-172,642623,singles
2026-08-23T17:19:56+02:00,,452,Susumu Maeya,susumu-maeya,BLK 1,1,835903,86,172,BLK,Pokémon,pokemon,223,https://images.tcggo.com/tcggo/storage/23035/black-bolt-logo.png,Black Bolt,EUR,2524.88,EUR,3066.74,2025-07-18,1,Scarlet & Violet,scarlet-violet,black-bolt,70,23086,https://images.tcggo.com/tcggo/storage/23054/snivy.png,https://www.tcggo.com/external/cm/23086,https://www.tcggo.com/external/tcgplayer/23086,Snivy,Snivy 1,0.03,0.03,13470,EUR,[],,,,,,,,,,0.03,0.02,0.02,0.02,0.02,0.02,0.02,0.02,0.02,0.02,,,,,,,,,,,,,,,,,,,,,,,,,,,,,,,,,,,,,,EUR,0.22,0.1,Common,snivy,Pokémon,https://www.tcggo.com/pokemon/black-bolt/snivy-1-2,zsv10pt5-1,642450,singles
2026-08-23T17:19:56+02:00,,452,Susumu Maeya,susumu-maeya,BLK 2,2,835905,86,172,BLK,Pokémon,pokemon,223,https://images.tcggo.com/tcggo/storage/23035/black-bolt-logo.png,Black Bolt,EUR,2524.88,EUR,3066.74,2025-07-18,1,Scarlet & Violet,scarlet-violet,black-bolt,100,23087,https://images.tcggo.com/tcggo/storage/23055/servine.png,https://www.tcggo.com/external/cm/23087,https://www.tcggo.com/external/tcgplayer/23087,Servine,Servine 2,0.04,0.03,9887,EUR,[],,,,,,,,,,0.03,0.02,0.02,0.02,0.02,0.02,0.02,0.02,0.02,0.02,,,,,,,,,,,,,,,,,,,,,,,,,,,,,,,,,,,,,,EUR,0.18,0.11,Common,servine,Pokémon,https://www.tcggo.com/pokemon/black-bolt/servine-2,zsv10pt5-2,642451,singles
2026-08-23T17:19:56+02:00,,511,PLANETA Igarashi,planeta-igarashi,BLK 3,3,835908,86,172,BLK,Pokémon,pokemon,223,https://images.tcggo.com/tcggo/storage/23035/black-bolt-logo.png,Black Bolt,EUR,2524.88,EUR,3066.74,2025-07-18,1,Scarlet & Violet,scarlet-violet,black-bolt,320,23088,https://images.tcggo.com/tcggo/storage/23056/serperior-ex.png,https://www.tcggo.com/external/cm/23088,https://www.tcggo.com/external/tcgplayer/23088,Serperior ex,Serperior ex 3,0.45,0.44,4260,EUR,[],,,,,,,,,,0.08,0.13,0.13,0.1,0.1,0.08,0.15,0.1,0.02,0.02,,,,,,,,,,,,,,,,,,,,,,,,,,,,,,,,,,,,,,EUR,0.54,0.65,Double Rare,serperior-ex,Pokémon,https://www.tcggo.com/pokemon/black-bolt/serperior-ex-3,zsv10pt5-3,642452,singles
2026-08-23T17:19:56+02:00,,493,kurumitsu,kurumitsu,BLK 4,4,835910,86,172,BLK,Pokémon,pokemon,223,https://images.tcggo.com/tcggo/storage/23035/black-bolt-logo.png,Black Bolt,EUR,2524.88,EUR,3066.74,2025-07-18,1,Scarlet & Violet,scarlet-violet,black-bolt,70,23089,https://images.tcggo.com/tcggo/storage/23057/pansage.png,https://www.tcggo.com/external/cm/23089,https://www.tcggo.com/external/tcgplayer/23089,Pansage,Pansage 4,0.02,0.04,10421,EUR,[],,,,,,,,,,0.03,0.02,0.02,0.02,0.02,0.02,0.02,0.02,0.02,0.02,,,,,,,,,,,,,,,,,,,,,,,,,,,,,,,,,,,,,,EUR,0.19,0.09,Common,pansage,Pokémon,https://www.tcggo.com/pokemon/black-bolt/pansage-4-1,zsv10pt5-4,642453,singles
2026-08-23T17:19:56+02:00,,493,kurumitsu,kurumitsu,BLK 5,5,835912,86,172,BLK,Pokémon,pokemon,223,https://images.tcggo.com/tcggo/storage/23035/black-bolt-logo.png,Black Bolt,EUR,2524.88,EUR,3066.74,2025-07-18,1,Scarlet & Violet,scarlet-violet,black-bolt,100,23090,https://images.tcggo.com/tcggo/storage/23058/simisage.png,https://www.tcggo.com/external/cm/23090,https://www.tcggo.com/external/tcgplayer/23090,Simisage,Simisage 5,0.03,0.05,9096,EUR,[],,,,,,,,,,0.03,0.02,0.02,0.02,0.02,0.02,0.02,0.02,0.02,0.02,,,,,,,,,,,,,,,,,,,,,,,,,,,,,,,,,,,,,,EUR,0.19,0.09,Uncommon,simisage,Pokémon,https://www.tcggo.com/pokemon/black-bolt/simisage-5-1,zsv10pt5-5,642454,singles
2026-08-23T17:19:56+02:00,,497,mele,mele,BLK 6,6,835914,86,172,BLK,Pokémon,pokemon,223,https://images.tcggo.com/tcggo/storage/23035/black-bolt-logo.png,Black Bolt,EUR,2524.88,EUR,3066.74,2025-07-18,1,Scarlet & Violet,scarlet-violet,black-bolt,60,23091,https://images.tcggo.com/tcggo/storage/23059/petilil.png,https://www.tcggo.com/external/cm/23091,https://www.tcggo.com/external/tcgplayer/23091,Petilil,Petilil 6,0.04,0.04,10146,EUR,[],,,,,,,,,,0.03,0.02,0.02,0.02,0.02,0.02,0.02,0.02,0.02,0.02,,,,,,,,,,,,,,,,,,,,,,,,,,,,,,,,,,,,,,EUR,0.23,0.09,Common,petilil,Pokémon,https://www.tcggo.com/pokemon/black-bolt/petilil-6-1,zsv10pt5-6,642455,singles
2026-08-23T17:19:56+02:00,,497,mele,mele,BLK 7,7,835916,86,172,BLK,Pokémon,pokemon,223,https://images.tcggo.com/tcggo/storage/23035/black-bolt-logo.png,Black Bolt,EUR,2524.88,EUR,3066.74,2025-07-18,1,Scarlet & Violet,scarlet-violet,black-bolt,100,23092,https://images.tcggo.com/tcggo/storage/23060/lilligant.png,https://www.tcggo.com/external/cm/23092,https://www.tcggo.com/external/tcgplayer/23092,Lilligant,Lilligant 7,0.04,0.06,8747,EUR,[],,,,,,,,,,0.03,0.02,0.02,0.02,0.02,0.02,0.02,0.02,0.02,0.02,,,,,,,,,,,,,,,,,,,,,,,,,,,,,,,,,,,,,,EUR,0.2,0.09,Uncommon,lilligant,Pokémon,https://www.tcggo.com/pokemon/black-bolt/lilligant-7-1,zsv10pt5-7,642456,singles
2026-08-23T17:19:56+02:00,,423,mingo,mingo,BLK 8,8,835918,86,172,BLK,Pokémon,pokemon,223,https://images.tcggo.com/tcggo/storage/23035/black-bolt-logo.png,Black Bolt,EUR,2524.88,EUR,3066.74,2025-07-18,1,Scarlet & Violet,scarlet-violet,black-bolt,100,23093,https://images.tcggo.com/tcggo/storage/23061/maractus.png,https://www.tcggo.com/external/cm/23093,https://www.tcggo.com/external/tcgplayer/23093,Maractus,Maractus 8,0.05,0.03,10455,EUR,[],,,,,,,,,,0.03,0.02,0.02,0.02,0.02,0.02,0.02,0.02,0.02,0.02,,,,,,,,,,,,,,,,,,,,,,,,,,,,,,,,,,,,,,EUR,0.17,0.09,Common,maractus,Pokémon,https://www.tcggo.com/pokemon/black-bolt/maractus-8-1,zsv10pt5-8,642457,singles
2026-08-23T17:19:56+02:00,,429,DOM,dom,BLK 9,9,835919,86,172,BLK,Pokémon,pokemon,223,https://images.tcggo.com/tcggo/storage/23035/black-bolt-logo.png,Black Bolt,EUR,2524.88,EUR,3066.74,2025-07-18,1,Scarlet & Violet,scarlet-violet,black-bolt,60,23094,https://images.tcggo.com/tcggo/storage/23062/karrablast.png,https://www.tcggo.com/external/cm/23094,https://www.tcggo.com/external/tcgplayer/23094,Karrablast,Karrablast 9,0.04,0.06,10639,EUR,[],,,,,,,,,,0.03,0.02,0.02,0.02,0.02,0.02,0.02,0.02,0.02,0.02,,,,,,,,,,,,,,,,,,,,,,,,,,,,,,,,,,,,,,EUR,0.13,0.09,Common,karrablast,Pokémon,https://www.tcggo.com/pokemon/black-bolt/karrablast-9-2,zsv10pt5-9,642458,singles
2026-08-23T17:19:56+02:00,,397,Kurata So,kurata-so,BLK 10,10,835921,86,172,BLK,Pokémon,pokemon,223,https://images.tcggo.com/tcggo/storage/23035/black-bolt-logo.png,Black Bolt,EUR,2524.88,EUR,3066.74,2025-07-18,1,Scarlet & Violet,scarlet-violet,black-bolt,50,23095,https://images.tcggo.com/tcggo/storage/23063/foongus.png,https://www.tcggo.com/external/cm/23095,https://www.tcggo.com/external/tcgplayer/23095,Foongus,Foongus 10,0.02,0.03,10315,EUR,[],,,,,,,,,,0.03,0.02,0.02,0.02,0.02,0.02,0.02,0.02,0.02,0.02,,,,,,,,,,,,,,,,,,,,,,,,,,,,,,,,,,,,,,EUR,0.17,0.09,Common,foongus,Pokémon,https://www.tcggo.com/pokemon/black-bolt/foongus-10-1,zsv10pt5-10,642459,singles
2026-08-23T17:19:56+02:00,,397,Kurata So,kurata-so,BLK 11,11,835922,86,172,BLK,Pokémon,pokemon,223,https://images.tcggo.com/tcggo/storage/23035/black-bolt-logo.png,Black Bolt,EUR,2524.88,EUR,3066.74,2025-07-18,1,Scarlet & Violet,scarlet-violet,black-bolt,120,23096,https://images.tcggo.com/tcggo/storage/23064/amoonguss.png,https://www.tcggo.com/external/cm/23096,https://www.tcggo.com/external/tcgplayer/23096,Amoonguss,Amoonguss 11,0.03,0.04,8869,EUR,[],,,,,,,,,,0.03,0.02,0.02,0.02,0.02,0.02,0.02,0.02,0.02,0.02,,,,,,,,,,,,,,,,,,,,,,,,,,,,,,,,,,,,,,EUR,0.22,0.09,Uncommon,amoonguss,Pokémon,https://www.tcggo.com/pokemon/black-bolt/amoonguss-11,zsv10pt5-11,642460,singles
2026-08-23T17:19:56+02:00,,528,Natsumi Yoshida,natsumi-yoshida,BLK 12,12,835926,86,172,BLK,Pokémon,pokemon,223,https://images.tcggo.com/tcggo/storage/23035/black-bolt-logo.png,Black Bolt,EUR,2524.88,EUR,3066.74,2025-07-18,1,Scarlet & Violet,scarlet-violet,black-bolt,80,23097,https://images.tcggo.com/tcggo/storage/23065/victini.png,https://www.tcggo.com/external/cm/23097,https://www.tcggo.com/external/tcgplayer/23097,Victini,Victini 12,0.08,0.07,7590,EUR,[],,,,,,,,,,0.03,0.02,0.02,0.02,0.02,0.02,0.02,0.02,0.02,0.02,,,,,,,,,,,,,,,,,,,,,,,,,,,,,,,,,,,,,,EUR,0.2,0.13,rare,victini,Pokémon,https://www.tcggo.com/pokemon/black-bolt/victini-12,zsv10pt5-12,642461,singles
2026-08-23T17:19:56+02:00,,764,svlt,svlt,BLK 13,13,835928,86,172,BLK,Pokémon,pokemon,223,https://images.tcggo.com/tcggo/storage/23035/black-bolt-logo.png,Black Bolt,EUR,2524.88,EUR,3066.74,2025-07-18,1,Scarlet & Violet,scarlet-violet,black-bolt,80,23098,https://images.tcggo.com/tcggo/storage/23066/darumaka.png,https://www.tcggo.com/external/cm/23098,https://www.tcggo.com/external/tcgplayer/23098,Darumaka,Darumaka 13,0.02,0.03,10485,EUR,[],,,,,,,,,,0.03,0.02,0.02,0.02,0.02,0.02,0.02,0.02,0.02,0.02,,,,,,,,,,,,,,,,,,,,,,,,,,,,,,,,,,,,,,EUR,0.18,0.09,Common,darumaka,Pokémon,https://www.tcggo.com/pokemon/black-bolt/darumaka-13,zsv10pt5-13,642462,singles
2026-08-23T17:19:56+02:00,,764,svlt,svlt,BLK 14,14,835929,86,172,BLK,Pokémon,pokemon,223,https://images.tcggo.com/tcggo/storage/23035/black-bolt-logo.png,Black Bolt,EUR,2524.88,EUR,3066.74,2025-07-18,1,Scarlet & Violet,scarlet-violet,black-bolt,140,23099,https://images.tcggo.com/tcggo/storage/23067/darmanitan.png,https://www.tcggo.com/external/cm/23099,https://www.tcggo.com/external/tcgplayer/23099,Darmanitan,Darmanitan 14,0.03,0.02,9241,EUR,[],,,,,,,,,,0.03,0.02,0.02,0.02,0.02,0.02,0.02,0.02,0.02,0.02,,,,,,,,,,,,,,,,,,,,,,,,,,,,,,,,,,,,,,EUR,0.16,0.09,Uncommon,darmanitan,Pokémon,https://www.tcggo.com/pokemon/black-bolt/darmanitan-14,zsv10pt5-14,642463,singles
2026-08-23T17:19:56+02:00,,769,mashu,mashu,BLK 15,15,835932,86,172,BLK,Pokémon,pokemon,223,https://images.tcggo.com/tcggo/storage/23035/black-bolt-logo.png,Black Bolt,EUR,2524.88,EUR,3066.74,2025-07-18,1,Scarlet & Violet,scarlet-violet,black-bolt,60,23100,https://images.tcggo.com/tcggo/storage/23068/larvesta.png,https://www.tcggo.com/external/cm/23100,https://www.tcggo.com/external/tcgplayer/23100,Larvesta,Larvesta 15,0.03,0.04,10402,EUR,[],,,,,,,,,,0.02,0.02,0.02,0.02,0.02,0.02,0.02,0.02,0.02,0.02,,,,,,,,,,,,,,,,,,,,,,,,,,,,,,,,,,,,,,EUR,0.16,0.09,Common,larvesta,Pokémon,https://www.tcggo.com/pokemon/black-bolt/larvesta-15,zsv10pt5-15,642467,singles
2026-08-23T17:19:56+02:00,,769,mashu,mashu,BLK 16,16,835934,86,172,BLK,Pokémon,pokemon,223,https://images.tcggo.com/tcggo/storage/23035/black-bolt-logo.png,Black Bolt,EUR,2524.88,EUR,3066.74,2025-07-18,1,Scarlet & Violet,scarlet-violet,black-bolt,120,23101,https://images.tcggo.com/tcggo/storage/23069/volcarona.png,https://www.tcggo.com/external/cm/23101,https://www.tcggo.com/external/tcgplayer/23101,Volcarona,Volcarona 16,0.06,0.07,7336,EUR,[],,,,,,,,,,0.02,0.02,0.02,0.02,0.02,0.02,0.02,0.02,0.02,0.02,,,,,,,,,,,,,,,,,,,,,,,,,,,,,,,,,,,,,,EUR,0.23,0.13,rare,volcarona,Pokémon,https://www.tcggo.com/pokemon/black-bolt/volcarona-16,zsv10pt5-16,642468,singles
2026-08-23T17:19:56+02:00,,400,Makura Tami,makura-tami,BLK 17,17,835936,86,172,BLK,Pokémon,pokemon,223,https://images.tcggo.com/tcggo/storage/23035/black-bolt-logo.png,Black Bolt,EUR,2524.88,EUR,3066.74,2025-07-18,1,Scarlet & Violet,scarlet-violet,black-bolt,70,23102,https://images.tcggo.com/tcggo/storage/23070/panpour.png,https://www.tcggo.com/external/cm/23102,https://www.tcggo.com/external/tcgplayer/23102,Panpour,Panpour 17,0.03,0.03,10555,EUR,[],,,,,,,,,,0.03,0.02,0.02,0.02,0.02,0.02,0.02,0.02,0.02,0.02,,,,,,,,,,,,,,,,,,,,,,,,,,,,,,,,,,,,,,EUR,0.17,0.09,Common,panpour,Pokémon,https://www.tcggo.com/pokemon/black-bolt/panpour-17,zsv10pt5-17,642469,singles
2026-08-23T17:19:56+02:00,,400,Makura Tami,makura-tami,BLK 18,18,835939,86,172,BLK,Pokémon,pokemon,223,https://images.tcggo.com/tcggo/storage/23035/black-bolt-logo.png,Black Bolt,EUR,2524.88,EUR,3066.74,2025-07-18,1,Scarlet & Violet,scarlet-violet,black-bolt,100,23103,https://images.tcggo.com/tcggo/storage/23071/simipour.png,https://www.tcggo.com/external/cm/23103,https://www.tcggo.com/external/tcgplayer/23103,Simipour,Simipour 18,0.03,0.04,8802,EUR,[],,,,,,,,,,0.03,0.02,0.02,0.02,0.02,0.02,0.02,0.02,0.02,0.02,,,,,,,,,,,,,,,,,,,,,,,,,,,,,,,,,,,,,,EUR,0.2,0.09,Uncommon,simipour,Pokémon,https://www.tcggo.com/pokemon/black-bolt/simipour-18,zsv10pt5-18,642470,singles
2026-08-23T17:19:56+02:00,,465,Yukihiro Tada,yukihiro-tada,BLK 19,19,835940,86,172,BLK,Pokémon,pokemon,223,https://images.tcggo.com/tcggo/storage/23035/black-bolt-logo.png,Black Bolt,EUR,2524.88,EUR,3066.74,2025-07-18,1,Scarlet & Violet,scarlet-violet,black-bolt,60,23104,https://images.tcggo.com/tcggo/storage/23072/tympole.png,https://www.tcggo.com/external/cm/23104,https://www.tcggo.com/external/tcgplayer/23104,Tympole,Tympole 19,0.02,0.03,13401,EUR,[],,,,,,,,,,0.02,0.02,0.02,0.02,0.02,0.02,0.02,0.02,0.02,0.02,,,,,,,,,,,,,,,,,,,,,,,,,,,,,,,,,,,,,,EUR,0.16,0.09,Common,tympole,Pokémon,https://www.tcggo.com/pokemon/black-bolt/tympole-19,zsv10pt5-19,642471,singles
2026-08-23T17:19:56+02:00,,465,Yukihiro Tada,yukihiro-tada,BLK 20,20,835942,86,172,BLK,Pokémon,pokemon,223,https://images.tcggo.com/tcggo/storage/23035/black-bolt-logo.png,Black Bolt,EUR,2524.88,EUR,3066.74,2025-07-18,1,Scarlet & Violet,scarlet-violet,black-bolt,90,23105,https://images.tcggo.com/tcggo/storage/23073/palpitoad.png,https://www.tcggo.com/external/cm/23105,https://www.tcggo.com/external/tcgplayer/23105,Palpitoad,Palpitoad 20,0.03,0.03,10540,EUR,[],,,,,,,,,,0.03,0.02,0.02,0.02,0.02,0.02,0.02,0.02,0.02,0.02,,,,,,,,,,,,,,,,,,,,,,,,,,,,,,,,,,,,,,EUR,0.15,0.09,Common,palpitoad,Pokémon,https://www.tcggo.com/pokemon/black-bolt/palpitoad-20,zsv10pt5-20,642472,singles
2026-08-23T17:19:56+02:00,,465,Yukihiro Tada,yukihiro-tada,BLK 21,21,835943,86,172,BLK,Pokémon,pokemon,223,https://images.tcggo.com/tcggo/storage/23035/black-bolt-logo.png,Black Bolt,EUR,2524.88,EUR,3066.74,2025-07-18,1,Scarlet & Violet,scarlet-violet,black-bolt,170,23106,https://images.tcggo.com/tcggo/storage/23074/seismitoad.png,https://www.tcggo.com/external/cm/23106,https://www.tcggo.com/external/tcgplayer/23106,Seismitoad,Seismitoad 21,0.03,0.05,8574,EUR,[],,,,,,,,,,0.03,0.02,0.02,0.02,0.02,0.02,0.02,0.02,0.02,0.02,,,,,,,,,,,,,,,,,,,,,,,,,,,,,,,,,,,,,,EUR,0.21,0.09,Uncommon,seismitoad,Pokémon,https://www.tcggo.com/pokemon/black-bolt/seismitoad-21,zsv10pt5-21,642473,singles
2026-08-23T17:19:56+02:00,,396,Gemi,gemi,BLK 22,22,835945,86,172,BLK,Pokémon,pokemon,223,https://images.tcggo.com/tcggo/storage/23035/black-bolt-logo.png,Black Bolt,EUR,2524.88,EUR,3066.74,2025-07-18,1,Scarlet & Violet,scarlet-violet,black-bolt,100,23107,https://images.tcggo.com/tcggo/storage/23075/tirtouga.png,https://www.tcggo.com/external/cm/23107,https://www.tcggo.com/external/tcgplayer/23107,Tirtouga,Tirtouga 22,0.04,0.05,8268,EUR,[],,,,,,,,,,0.03,0.02,0.02,0.02,0.02,0.02,0.02,0.02,0.02,0.02,,,,,,,,,,,,,,,,,,,,,,,,,,,,,,,,,,,,,,EUR,0.29,0.1,Uncommon,tirtouga,Pokémon,https://www.tcggo.com/pokemon/black-bolt/tirtouga-22,zsv10pt5-22,642474,singles
2026-08-23T17:19:56+02:00,,396,Gemi,gemi,BLK 23,23,835947,86,172,BLK,Pokémon,pokemon,223,https://images.tcggo.com/tcggo/storage/23035/black-bolt-logo.png,Black Bolt,EUR,2524.88,EUR,3066.74,2025-07-18,1,Scarlet & Violet,scarlet-violet,black-bolt,180,23108,https://images.tcggo.com/tcggo/storage/23076/carracosta.png,https://www.tcggo.com/external/cm/23108,https://www.tcggo.com/external/tcgplayer/23108,Carracosta,Carracosta 23,0.07,0.08,7573,EUR,[],,,,,,,,,,0.03,0.02,0.02,0.02,0.02,0.02,0.02,0.02,0.02,0.02,,,,,,,,,,,,,,,,,,,,,,,,,,,,,,,,,,,,,,EUR,0.22,0.13,rare,carracosta,Pokémon,https://www.tcggo.com/pokemon/black-bolt/carracosta-23,zsv10pt5-23,642475,singles
2026-08-23T17:19:56+02:00,,499,Tika Matsuno,tika-matsuno,BLK 24,24,835948,86,172,BLK,Pokémon,pokemon,223,https://images.tcggo.com/tcggo/storage/23035/black-bolt-logo.png,Black Bolt,EUR,2524.88,EUR,3066.74,2025-07-18,1,Scarlet & Violet,scarlet-violet,black-bolt,110,23109,https://images.tcggo.com/tcggo/storage/23077/alomomola.png,https://www.tcggo.com/external/cm/23109,https://www.tcggo.com/external/tcgplayer/23109,Alomomola,Alomomola 24,0.03,0.04,8595,EUR,[],,,,,,,,,,0.03,0.02,0.02,0.02,0.02,0.02,0.02,0.02,0.02,0.02,,,,,,,,,,,,,,,,,,,,,,,,,,,,,,,,,,,,,,EUR,0.23,0.09,Uncommon,alomomola,Pokémon,https://www.tcggo.com/pokemon/black-bolt/alomomola-24,zsv10pt5-24,642476,singles
2026-08-23T17:19:56+02:00,,539,OOYAMA,ooyama,BLK 25,25,835949,86,172,BLK,Pokémon,pokemon,223,https://images.tcggo.com/tcggo/storage/23035/black-bolt-logo.png,Black Bolt,EUR,2524.88,EUR,3066.74,2025-07-18,1,Scarlet & Violet,scarlet-violet,black-bolt,70,23110,https://images.tcggo.com/tcggo/storage/23078/cubchoo.png,https://www.tcggo.com/external/cm/23110,https://www.tcggo.com/external/tcgplayer/23110,Cubchoo,Cubchoo 25,0.03,0.03,10287,EUR,[],,,,,,,,,,0.03,0.02,0.02,0.02,0.02,0.02,0.02,0.02,0.02,0.02,,,,,,,,,,,,,,,,,,,,,,,,,,,,,,,,,,,,,,EUR,0.2,0.09,Common,cubchoo,Pokémon,https://www.tcggo.com/pokemon/black-bolt/cubchoo-25,zsv10pt5-25,642477,singles
2026-08-23T17:19:56+02:00,,539,OOYAMA,ooyama,BLK 26,26,835950,86,172,BLK,Pokémon,pokemon,223,https://images.tcggo.com/tcggo/storage/23035/black-bolt-logo.png,Black Bolt,EUR,2524.88,EUR,3066.74,2025-07-18,1,Scarlet & Violet,scarlet-violet,black-bolt,150,23111,https://images.tcggo.com/tcggo/storage/23080/beartic.png,https://www.tcggo.com/external/cm/23111,https://www.tcggo.com/external/tcgplayer/23111,Beartic,Beartic 26,0.05,0.06,8019,EUR,[],,,,,,,,,,0.03,0.02,0.02,0.02,0.02,0.02,0.02,0.02,0.02,0.02,,,,,,,,,,,,,,,,,,,,,,,,,,,,,,,,,,,,,,EUR,0.19,0.13,rare,beartic,Pokémon,https://www.tcggo.com/pokemon/black-bolt/beartic-26,zsv10pt5-26,642478,singles
2026-08-23T17:19:56+02:00,,483,Kyoko Umemoto,kyoko-umemoto,BLK 27,27,835953,86,172,BLK,Pokémon,pokemon,223,https://images.tcggo.com/tcggo/storage/23035/black-bolt-logo.png,Black Bolt,EUR,2524.88,EUR,3066.74,2025-07-18,1,Scarlet & Violet,scarlet-violet,black-bolt,90,23112,https://images.tcggo.com/tcggo/storage/23081/cryogonal.png,https://www.tcggo.com/external/cm/23112,https://www.tcggo.com/external/tcgplayer/23112,Cryogonal,Cryogonal 27,0.03,0.03,8995,EUR,[],,,,,,,,,,0.03,0.02,0.02,0.02,0.02,0.02,0.02,0.02,0.02,0.02,,,,,,,,,,,,,,,,,,,,,,,,,,,,,,,,,,,,,,EUR,0.22,0.09,Uncommon,cryogonal,Pokémon,https://www.tcggo.com/pokemon/black-bolt/cryogonal-27,zsv10pt5-27,642479,singles
2026-08-23T17:19:56+02:00,,489,N-DESIGN Inc.,n-design-inc,BLK 28,28,835955,86,172,BLK,Pokémon,pokemon,223,https://images.tcggo.com/tcggo/storage/23035/black-bolt-logo.png,Black Bolt,EUR,2524.88,EUR,3066.74,2025-07-18,1,Scarlet & Violet,scarlet-violet,black-bolt,230,23113,https://images.tcggo.com/tcggo/storage/23082/kyurem-ex.png,https://www.tcggo.com/external/cm/23113,https://www.tcggo.com/external/tcgplayer/23113,Kyurem ex,Kyurem ex 28,0.43,0.49,4237,EUR,[],,,,,,,,,,0.08,0.1,0.1,0.16,0.16,0.08,0.2,0.25,0.02,0.02,,,,,,,,,,,,,,,,,,,,,,,,,,,,,,,,,,,,,,EUR,0.53,2.14,Double Rare,kyurem-ex,Pokémon,https://www.tcggo.com/pokemon/black-bolt/kyurem-ex-28,zsv10pt5-28,642480,singles
2026-08-23T17:19:56+02:00,,820,Tomowaka,tomowaka,BLK 29,29,835957,86,172,BLK,Pokémon,pokemon,223,https://images.tcggo.com/tcggo/storage/23035/black-bolt-logo.png,Black Bolt,EUR,2524.88,EUR,3066.74,2025-07-18,1,Scarlet & Violet,scarlet-violet,black-bolt,70,23114,https://images.tcggo.com/tcggo/storage/23083/emolga.png,https://www.tcggo.com/external/cm/23114,https://www.tcggo.com/external/tcgplayer/23114,Emolga,Emolga 29,0.03,0.04,10365,EUR,[],,,,,,,,,,0.03,0.02,0.02,0.02,0.02,0.02,0.02,0.02,0.02,0.02,,,,,,,,,,,,,,,,,,,,,,,,,,,,,,,,,,,,,,EUR,0.18,0.09,Common,emolga,Pokémon,https://www.tcggo.com/pokemon/black-bolt/emolga-29,zsv10pt5-29,642481,singles
2026-08-23T17:19:56+02:00,,386,Jerky,jerky,BLK 30,30,835959,86,172,BLK,Pokémon,pokemon,223,https://images.tcggo.com/tcggo/storage/23035/black-bolt-logo.png,Black Bolt,EUR,2524.88,EUR,3066.74,2025-07-18,1,Scarlet & Violet,scarlet-violet,black-bolt,40,23115,https://images.tcggo.com/tcggo/storage/23084/tynamo.png,https://www.tcggo.com/external/cm/23115,https://www.tcggo.com/external/tcgplayer/23115,Tynamo,Tynamo 30,0.05,0.04,8814,EUR,[],,,,,,,,,,0.03,0.02,0.02,0.02,0.02,0.02,0.02,0.02,0.02,0.02,,,,,,,,,,,,,,,,,,,,,,,,,,,,,,,,,,,,,,EUR,0.23,0.15,Common,tynamo,Pokémon,https://www.tcggo.com/pokemon/black-bolt/tynamo-30,zsv10pt5-30,642482,singles
2026-08-23T17:19:56+02:00,,386,Jerky,jerky,BLK 31,31,835961,86,172,BLK,Pokémon,pokemon,223,https://images.tcggo.com/tcggo/storage/23035/black-bolt-logo.png,Black Bolt,EUR,2524.88,EUR,3066.74,2025-07-18,1,Scarlet & Violet,scarlet-violet,black-bolt,90,23116,https://images.tcggo.com/tcggo/storage/23085/eelektrik.png,https://www.tcggo.com/external/cm/23116,https://www.tcggo.com/external/tcgplayer/23116,Eelektrik,Eelektrik 31,0.05,0.06,7289,EUR,[],,,,,,,,,,0.03,0.02,0.02,0.02,0.02,0.02,0.02,0.02,0.02,0.02,,,,,,,,,,,,,,,,,,,,,,,,,,,,,,,,,,,,,,EUR,0.24,0.17,Uncommon,eelektrik,Pokémon,https://www.tcggo.com/pokemon/black-bolt/eelektrik-31,zsv10pt5-31,642483,singles
2026-08-23T17:19:56+02:00,,386,Jerky,jerky,BLK 32,32,835964,86,172,BLK,Pokémon,pokemon,223,https://images.tcggo.com/tcggo/storage/23035/black-bolt-logo.png,Black Bolt,EUR,2524.88,EUR,3066.74,2025-07-18,1,Scarlet & Violet,scarlet-violet,black-bolt,160,23117,https://images.tcggo.com/tcggo/storage/23086/eelektross.png,https://www.tcggo.com/external/cm/23117,https://www.tcggo.com/external/tcgplayer/23117,Eelektross,Eelektross 32,0.04,0.05,8773,EUR,[],,,,,,,,,,0.03,0.02,0.02,0.02,0.02,0.02,0.02,0.02,0.02,0.02,,,,,,,,,,,,,,,,,,,,,,,,,,,,,,,,,,,,,,EUR,0.21,0.09,Uncommon,eelektross,Pokémon,https://www.tcggo.com/pokemon/black-bolt/eelektross-32,zsv10pt5-32,642484,singles
2026-08-23T17:19:56+02:00,,462,hncl,hncl,BLK 33,33,835970,86,172,BLK,Pokémon,pokemon,223,https://images.tcggo.com/tcggo/storage/23035/black-bolt-logo.png,Black Bolt,EUR,2524.88,EUR,3066.74,2025-07-18,1,Scarlet & Violet,scarlet-violet,black-bolt,120,23118,https://images.tcggo.com/tcggo/storage/23087/thundurus.png,https://www.tcggo.com/external/cm/23118,https://www.tcggo.com/external/tcgplayer/23118,Thundurus,Thundurus 33,0.06,0.09,7437,EUR,[],,,,,,,,,,0.03,0.02,0.02,0.02,0.02,0.02,0.02,0.02,0.02,0.02,,,,,,,,,,,,,,,,,,,,,,,,,,,,,,,,,,,,,,EUR,0.19,0.13,rare,thundurus,Pokémon,https://www.tcggo.com/pokemon/black-bolt/thundurus-33-1,zsv10pt5-33,642485,singles
2026-08-23T17:19:56+02:00,,490,takuyoa,takuyoa,BLK 34,34,835966,86,172,BLK,Pokémon,pokemon,223,https://images.tcggo.com/tcggo/storage/23035/black-bolt-logo.png,Black Bolt,EUR,2524.88,EUR,3066.74,2025-07-18,1,Scarlet & Violet,scarlet-violet,black-bolt,230,23119,https://images.tcggo.com/tcggo/storage/23088/zekrom-ex.png,https://www.tcggo.com/external/cm/23119,https://www.tcggo.com/external/tcgplayer/23119,Zekrom ex,Zekrom ex 34,0.56,0.58,3539,EUR,[],,,,,,,,,,0.05,0.15,0.15,0.4,0.4,0.05,0.4,0.4,0.05,0.05,,,,,,,,,,,,,,,,,,,,,,,,,,,,,,,,,,,,,,EUR,0.55,0.64,Double Rare,zekrom-ex,Pokémon,https://www.tcggo.com/pokemon/black-bolt/zekrom-ex-34,zsv10pt5-34,642486,singles
2026-08-23T17:19:56+02:00,,821,Eri Kamei,eri-kamei,BLK 35,35,835978,86,172,BLK,Pokémon,pokemon,223,https://images.tcggo.com/tcggo/storage/23035/black-bolt-logo.png,Black Bolt,EUR,2524.88,EUR,3066.74,2025-07-18,1,Scarlet & Violet,scarlet-violet,black-bolt,70,23120,https://images.tcggo.com/tcggo/storage/23089/munna.png,https://www.tcggo.com/external/cm/23120,https://www.tcggo.com/external/tcgplayer/23120,Munna,Munna 35,0.03,0.05,10265,EUR,[],,,,,,,,,,0.03,0.02,0.02,0.02,0.02,0.02,0.02,0.02,0.02,0.02,,,,,,,,,,,,,,,,,,,,,,,,,,,,,,,,,,,,,,EUR,0.19,0.09,Common,munna,Pokémon,https://www.tcggo.com/pokemon/black-bolt/munna-35,zsv10pt5-35,642487,singles
2026-08-23T17:19:56+02:00,,821,Eri Kamei,eri-kamei,BLK 36,36,835980,86,172,BLK,Pokémon,pokemon,223,https://images.tcggo.com/tcggo/storage/23035/black-bolt-logo.png,Black Bolt,EUR,2524.88,EUR,3066.74,2025-07-18,1,Scarlet & Violet,scarlet-violet,black-bolt,120,23121,https://images.tcggo.com/tcggo/storage/23090/musharna.png,https://www.tcggo.com/external/cm/23121,https://www.tcggo.com/external/tcgplayer/23121,Musharna,Musharna 36,0.03,0.04,8741,EUR,[],,,,,,,,,,0.03,0.02,0.02,0.02,0.02,0.02,0.02,0.02,0.02,0.02,,,,,,,,,,,,,,,,,,,,,,,,,,,,,,,,,,,,,,EUR,0.17,0.1,Uncommon,musharna,Pokémon,https://www.tcggo.com/pokemon/black-bolt/musharna-36,zsv10pt5-36,642488,singles
2026-08-23T17:19:56+02:00,,358,LINNE,linne,BLK 37,37,835981,86,172,BLK,Pokémon,pokemon,223,https://images.tcggo.com/tcggo/storage/23035/black-bolt-logo.png,Black Bolt,EUR,2524.88,EUR,3066.74,2025-07-18,1,Scarlet & Violet,scarlet-violet,black-bolt,40,23122,https://images.tcggo.com/tcggo/storage/23091/solosis.png,https://www.tcggo.com/external/cm/23122,https://www.tcggo.com/external/tcgplayer/23122,Solosis,Solosis 37,0.03,0.03,13365,EUR,[],,,,,,,,,,0.03,0.02,0.02,0.02,0.02,0.02,0.02,0.02,0.02,0.02,,,,,,,,,,,,,,,,,,,,,,,,,,,,,,,,,,,,,,EUR,0.15,0.09,Common,solosis,Pokémon,https://www.tcggo.com/pokemon/black-bolt/solosis-37,zsv10pt5-37,642489,singles
2026-08-23T17:19:56+02:00,,358,LINNE,linne,BLK 38,38,835983,86,172,BLK,Pokémon,pokemon,223,https://images.tcggo.com/tcggo/storage/23035/black-bolt-logo.png,Black Bolt,EUR,2524.88,EUR,3066.74,2025-07-18,1,Scarlet & Violet,scarlet-violet,black-bolt,70,23123,https://images.tcggo.com/tcggo/storage/23092/duosion.png,https://www.tcggo.com/external/cm/23123,https://www.tcggo.com/external/tcgplayer/23123,Duosion,Duosion 38,0.03,0.04,10190,EUR,[],,,,,,,,,,0.03,0.02,0.02,0.02,0.02,0.02,0.02,0.02,0.02,0.02,,,,,,,,,,,,,,,,,,,,,,,,,,,,,,,,,,,,,,EUR,0.17,0.09,Common,duosion,Pokémon,https://www.tcggo.com/pokemon/black-bolt/duosion-38,zsv10pt5-38,642490,singles
2026-08-23T17:19:56+02:00,,358,LINNE,linne,BLK 39,39,835985,86,172,BLK,Pokémon,pokemon,223,https://images.tcggo.com/tcggo/storage/23035/black-bolt-logo.png,Black Bolt,EUR,2524.88,EUR,3066.74,2025-07-18,1,Scarlet & Violet,scarlet-violet,black-bolt,140,23124,https://images.tcggo.com/tcggo/storage/23093/reuniclus.png,https://www.tcggo.com/external/cm/23124,https://www.tcggo.com/external/tcgplayer/23124,Reuniclus,Reuniclus 39,0.03,0.04,8896,EUR,[],,,,,,,,,,0.03,0.02,0.02,0.02,0.02,0.02,0.02,0.02,0.02,0.02,,,,,,,,,,,,,,,,,,,,,,,,,,,,,,,,,,,,,,EUR,0.22,0.1,Uncommon,reuniclus,Pokémon,https://www.tcggo.com/pokemon/black-bolt/reuniclus-39,zsv10pt5-39,642491,singles
2026-08-23T17:19:56+02:00,,822,Apios,apios,BLK 40,40,835988,86,172,BLK,Pokémon,pokemon,223,https://images.tcggo.com/tcggo/storage/23035/black-bolt-logo.png,Black Bolt,EUR,2524.88,EUR,3066.74,2025-07-18,1,Scarlet & Violet,scarlet-violet,black-bolt,60,23125,https://images.tcggo.com/tcggo/storage/23094/elgyem.png,https://www.tcggo.com/external/cm/23125,https://www.tcggo.com/external/tcgplayer/23125,Elgyem,Elgyem 40,0.04,0.06,9759,EUR,[],,,,,,,,,,0.03,0.02,0.02,0.02,0.02,0.02,0.02,0.02,0.02,0.02,,,,,,,,,,,,,,,,,,,,,,,,,,,,,,,,,,,,,,EUR,0.15,0.09,Common,elgyem,Pokémon,https://www.tcggo.com/pokemon/black-bolt/elgyem-40,zsv10pt5-40,642492,singles
2026-08-23T17:19:56+02:00,,822,Apios,apios,BLK 41,41,835989,86,172,BLK,Pokémon,pokemon,223,https://images.tcggo.com/tcggo/storage/23035/black-bolt-logo.png,Black Bolt,EUR,2524.88,EUR,3066.74,2025-07-18,1,Scarlet & Violet,scarlet-violet,black-bolt,90,23126,https://images.tcggo.com/tcggo/storage/23095/beheeyem.png,https://www.tcggo.com/external/cm/23126,https://www.tcggo.com/external/tcgplayer/23126,Beheeyem,Beheeyem 41,0.03,0.03,8763,EUR,[],,,,,,,,,,0.02,0.02,0.02,0.02,0.02,0.02,0.02,0.02,0.02,0.02,,,,,,,,,,,,,,,,,,,,,,,,,,,,,,,,,,,,,,EUR,0.21,0.09,Uncommon,beheeyem,Pokémon,https://www.tcggo.com/pokemon/black-bolt/beheeyem-41,zsv10pt5-41,642493,singles
2026-08-23T17:19:56+02:00,,428,Uta,uta,BLK 42,42,835992,86,172,BLK,Pokémon,pokemon,223,https://images.tcggo.com/tcggo/storage/23035/black-bolt-logo.png,Black Bolt,EUR,2524.88,EUR,3066.74,2025-07-18,1,Scarlet & Violet,scarlet-violet,black-bolt,90,23127,https://images.tcggo.com/tcggo/storage/23096/golett.png,https://www.tcggo.com/external/cm/23127,https://www.tcggo.com/external/tcgplayer/23127,Golett,Golett 42,0.02,0.03,10625,EUR,[],,,,,,,,,,0.03,0.02,0.02,0.02,0.02,0.02,0.02,0.02,0.02,0.02,,,,,,,,,,,,,,,,,,,,,,,,,,,,,,,,,,,,,,EUR,0.16,0.09,Common,golett,Pokémon,https://www.tcggo.com/pokemon/black-bolt/golett-42-1,zsv10pt5-42,642494,singles
2026-08-23T17:19:56+02:00,,428,Uta,uta,BLK 43,43,835994,86,172,BLK,Pokémon,pokemon,223,https://images.tcggo.com/tcggo/storage/23035/black-bolt-logo.png,Black Bolt,EUR,2524.88,EUR,3066.74,2025-07-18,1,Scarlet & Violet,scarlet-violet,black-bolt,160,23128,https://images.tcggo.com/tcggo/storage/23097/golurk.png,https://www.tcggo.com/external/cm/23128,https://www.tcggo.com/external/tcgplayer/23128,Golurk,Golurk 43,0.03,0.04,8869,EUR,[],,,,,,,,,,0.03,0.02,0.02,0.02,0.02,0.02,0.02,0.02,0.02,0.02,,,,,,,,,,,,,,,,,,,,,,,,,,,,,,,,,,,,,,EUR,0.22,0.09,Uncommon,golurk,Pokémon,https://www.tcggo.com/pokemon/black-bolt/golurk-43-1,zsv10pt5-43,642495,singles
2026-08-23T17:19:56+02:00,,380,5ban Graphics,5ban-graphics,BLK 44,44,835996,86,172,BLK,Pokémon,pokemon,223,https://images.tcggo.com/tcggo/storage/23035/black-bolt-logo.png,Black Bolt,EUR,2524.88,EUR,3066.74,2025-07-18,1,Scarlet & Violet,scarlet-violet,black-bolt,200,23129,https://images.tcggo.com/tcggo/storage/23098/meloetta-ex.png,https://www.tcggo.com/external/cm/23129,https://www.tcggo.com/external/tcgplayer/23129,Meloetta ex,Meloetta ex 44,0.4,0.4,4167,EUR,[],,,,,,,,,,0.05,0.15,0.25,0.12,0.12,0.05,0.1,0.1,0.02,0.02,,,,,,,,,,,,,,,,,,,,,,,,,,,,,,,,,,,,,,EUR,0.58,0.64,Double Rare,meloetta-ex,Pokémon,https://www.tcggo.com/pokemon/black-bolt/meloetta-ex-44,zsv10pt5-44,642496,singles
2026-08-23T17:19:56+02:00,,394,OKACHEKE,okacheke,BLK 45,45,835998,86,172,BLK,Pokémon,pokemon,223,https://images.tcggo.com/tcggo/storage/23035/black-bolt-logo.png,Black Bolt,EUR,2524.88,EUR,3066.74,2025-07-18,1,Scarlet & Violet,scarlet-violet,black-bolt,70,23130,https://images.tcggo.com/tcggo/storage/23099/drilbur.png,https://www.tcggo.com/external/cm/23130,https://www.tcggo.com/external/tcgplayer/23130,Drilbur,Drilbur 45,209.33,209.33,,EUR,[],,,,,,,,,,0.03,0.02,0.02,0.02,0.02,0.02,0.02,0.02,0.02,0.02,,,,,,,,,,,,,,,,,,,,,,,,,,,,,,,,,,,,,,EUR,0.17,0.09,Common,drilbur,Pokémon,https://www.tcggo.com/pokemon/black-bolt/drilbur-45,zsv10pt5-45,642497,singles
2026-08-23T17:19:56+02:00,,489,N-DESIGN Inc.,n-design-inc,BLK 46,46,835999,86,172,BLK,Pokémon,pokemon,223,https://images.tcggo.com/tcggo/storage/23035/black-bolt-logo.png,Black Bolt,EUR,2524.88,EUR,3066.74,2025-07-18,1,Scarlet & Violet,scarlet-violet,black-bolt,270,23131,https://images.tcggo.com/tcggo/storage/23100/excadrill-ex.png,https://www.tcggo.com/external/cm/23131,https://www.tcggo.com/external/tcgplayer/23131,Excadrill ex,Excadrill ex 46,0.39,0.35,4596,EUR,[],,,,,,,,,,0.03,0.1,0.1,0.05,0.05,0.02,0.07,0.07,0.02,0.02,,,,,,,,,,,,,,,,,,,,,,,,,,,,,,,,,,,,,,EUR,0.43,0.64,Double Rare,excadrill-ex,Pokémon,https://www.tcggo.com/pokemon/black-bolt/excadrill-ex-46,zsv10pt5-46,642498,singles
2026-08-23T17:19:56+02:00,,786,Shinya Mizuno,shinya-mizuno,BLK 47,47,836003,86,172,BLK,Pokémon,pokemon,223,https://images.tcggo.com/tcggo/storage/23035/black-bolt-logo.png,Black Bolt,EUR,2524.88,EUR,3066.74,2025-07-18,1,Scarlet & Violet,scarlet-violet,black-bolt,70,23132,https://images.tcggo.com/tcggo/storage/23101/timburr.png,https://www.tcggo.com/external/cm/23132,https://www.tcggo.com/external/tcgplayer/23132,Timburr,Timburr 47,0.03,0.04,9730,EUR,[],,,,,,,,,,0.03,0.02,0.02,0.02,0.02,0.02,0.02,0.02,0.02,0.02,,,,,,,,,,,,,,,,,,,,,,,,,,,,,,,,,,,,,,EUR,0.18,0.1,Common,timburr,Pokémon,https://www.tcggo.com/pokemon/black-bolt/timburr-47,zsv10pt5-47,642499,singles
2026-08-23T17:19:56+02:00,,786,Shinya Mizuno,shinya-mizuno,BLK 48,48,836005,86,172,BLK,Pokémon,pokemon,223,https://images.tcggo.com/tcggo/storage/23035/black-bolt-logo.png,Black Bolt,EUR,2524.88,EUR,3066.74,2025-07-18,1,Scarlet & Violet,scarlet-violet,black-bolt,100,23133,https://images.tcggo.com/tcggo/storage/23102/gurdurr.png,https://www.tcggo.com/external/cm/23133,https://www.tcggo.com/external/tcgplayer/23133,Gurdurr,Gurdurr 48,0.03,0.03,10247,EUR,[],,,,,,,,,,0.03,0.02,0.02,0.02,0.02,0.02,0.02,0.02,0.02,0.02,,,,,,,,,,,,,,,,,,,,,,,,,,,,,,,,,,,,,,EUR,0.17,0.09,Common,gurdurr,Pokémon,https://www.tcggo.com/pokemon/black-bolt/gurdurr-48,zsv10pt5-48,642500,singles
2026-08-23T17:19:56+02:00,,786,Shinya Mizuno,shinya-mizuno,BLK 49,49,836007,86,172,BLK,Pokémon,pokemon,223,https://images.tcggo.com/tcggo/storage/23035/black-bolt-logo.png,Black Bolt,EUR,2524.88,EUR,3066.74,2025-07-18,1,Scarlet & Violet,scarlet-violet,black-bolt,140,23134,https://images.tcggo.com/tcggo/storage/23103/conkeldurr.png,https://www.tcggo.com/external/cm/23134,https://www.tcggo.com/external/tcgplayer/23134,Conkeldurr,Conkeldurr 49,0.06,0.07,7590,EUR,[],,,,,,,,,,0.02,0.02,0.02,0.02,0.02,0.02,0.02,0.02,0.02,0.02,,,,,,,,,,,,,,,,,,,,,,,,,,,,,,,,,,,,,,EUR,0.21,0.13,rare,conkeldurr,Pokémon,https://www.tcggo.com/pokemon/black-bolt/conkeldurr-49,zsv10pt5-49,642501,singles
2026-08-23T17:19:56+02:00,,521,Shin Nagasawa,shin-nagasawa,BLK 50,50,836009,86,172,BLK,Pokémon,pokemon,223,https://images.tcggo.com/tcggo/storage/23035/black-bolt-logo.png,Black Bolt,EUR,2524.88,EUR,3066.74,2025-07-18,1,Scarlet & Violet,scarlet-violet,black-bolt,130,23135,https://images.tcggo.com/tcggo/storage/23104/throh.png,https://www.tcggo.com/external/cm/23135,https://www.tcggo.com/external/tcgplayer/23135,Throh,Throh 50,0.03,0.05,8665,EUR,[],,,,,,,,,,0.03,0.02,0.02,0.02,0.02,0.02,0.02,0.02,0.02,0.02,,,,,,,,,,,,,,,,,,,,,,,,,,,,,,,,,,,,,,EUR,0.22,0.09,Uncommon,throh,Pokémon,https://www.tcggo.com/pokemon/black-bolt/throh-50,zsv10pt5-50,642502,singles
2026-08-23T17:19:56+02:00,,431,Tetsu Kayama,tetsu-kayama,BLK 51,51,836011,86,172,BLK,Pokémon,pokemon,223,https://images.tcggo.com/tcggo/storage/23035/black-bolt-logo.png,Black Bolt,EUR,2524.88,EUR,3066.74,2025-07-18,1,Scarlet & Violet,scarlet-violet,black-bolt,70,23136,https://images.tcggo.com/tcggo/storage/23105/dwebble.png,https://www.tcggo.com/external/cm/23136,https://www.tcggo.com/external/tcgplayer/23136,Dwebble,Dwebble 51,0.03,0.04,10450,EUR,[],,,,,,,,,,0.03,0.02,0.02,0.02,0.02,0.02,0.02,0.02,0.02,0.02,,,,,,,,,,,,,,,,,,,,,,,,,,,,,,,,,,,,,,EUR,0.19,0.09,Common,dwebble,Pokémon,https://www.tcggo.com/pokemon/black-bolt/dwebble-51,zsv10pt5-51,642503,singles
2026-08-23T17:19:56+02:00,,431,Tetsu Kayama,tetsu-kayama,BLK 52,52,836013,86,172,BLK,Pokémon,pokemon,223,https://images.tcggo.com/tcggo/storage/23035/black-bolt-logo.png,Black Bolt,EUR,2524.88,EUR,3066.74,2025-07-18,1,Scarlet & Violet,scarlet-violet,black-bolt,150,23137,https://images.tcggo.com/tcggo/storage/23106/crustle.png,https://www.tcggo.com/external/cm/23137,https://www.tcggo.com/external/tcgplayer/23137,Crustle,Crustle 52,0.04,0.04,8976,EUR,[],,,,,,,,,,0.02,0.02,0.02,0.02,0.02,0.02,0.02,0.02,0.02,0.02,,,,,,,,,,,,,,,,,,,,,,,,,,,,,,,,,,,,,,EUR,0.2,0.09,Uncommon,crustle,Pokémon,https://www.tcggo.com/pokemon/black-bolt/crustle-52,zsv10pt5-52,642504,singles
2026-08-23T17:19:56+02:00,,439,Kazumasa Yasukuni,kazumasa-yasukuni,BLK 53,53,836015,86,172,BLK,Pokémon,pokemon,223,https://images.tcggo.com/tcggo/storage/23035/black-bolt-logo.png,Black Bolt,EUR,2524.88,EUR,3066.74,2025-07-18,1,Scarlet & Violet,scarlet-violet,black-bolt,130,23138,https://images.tcggo.com/tcggo/storage/23107/landorus.png,https://www.tcggo.com/external/cm/23138,https://www.tcggo.com/external/tcgplayer/23138,Landorus,Landorus 53,0.07,0.08,7452,EUR,[],,,,,,,,,,0.02,0.02,0.02,0.02,0.02,0.02,0.02,0.02,0.02,0.02,,,,,,,,,,,,,,,,,,,,,,,,,,,,,,,,,,,,,,EUR,0.17,0.13,rare,landorus,Pokémon,https://www.tcggo.com/pokemon/black-bolt/landorus-53,zsv10pt5-53,642505,singles
2026-08-23T17:19:56+02:00,,823,okayamatakatoshi,okayamatakatoshi,BLK 54,54,836017,86,172,BLK,Pokémon,pokemon,223,https://images.tcggo.com/tcggo/storage/23035/black-bolt-logo.png,Black Bolt,EUR,2524.88,EUR,3066.74,2025-07-18,1,Scarlet & Violet,scarlet-violet,black-bolt,80,23139,https://images.tcggo.com/tcggo/storage/23108/venipede.png,https://www.tcggo.com/external/cm/23139,https://www.tcggo.com/external/tcgplayer/23139,Venipede,Venipede 54,0.03,0.05,10482,EUR,[],,,,,,,,,,0.02,0.02,0.02,0.02,0.02,0.02,0.02,0.02,0.02,0.02,,,,,,,,,,,,,,,,,,,,,,,,,,,,,,,,,,,,,,EUR,0.15,0.09,Common,venipede,Pokémon,https://www.tcggo.com/pokemon/black-bolt/venipede-54,zsv10pt5-54,642506,singles
2026-08-23T17:19:56+02:00,,823,okayamatakatoshi,okayamatakatoshi,BLK 55,55,836018,86,172,BLK,Pokémon,pokemon,223,https://images.tcggo.com/tcggo/storage/23035/black-bolt-logo.png,Black Bolt,EUR,2524.88,EUR,3066.74,2025-07-18,1,Scarlet & Violet,scarlet-violet,black-bolt,100,23140,https://images.tcggo.com/tcggo/storage/23109/whirlipede.png,https://www.tcggo.com/external/cm/23140,https://www.tcggo.com/external/tcgplayer/23140,Whirlipede,Whirlipede 55,0.03,0.05,10415,EUR,[],,,,,,,,,,0.03,0.02,0.02,0.02,0.02,0.02,0.02,0.02,0.02,0.02,,,,,,,,,,,,,,,,,,,,,,,,,,,,,,,,,,,,,,EUR,0.2,0.09,Common,whirlipede,Pokémon,https://www.tcggo.com/pokemon/black-bolt/whirlipede-55,zsv10pt5-55,642507,singles
2026-08-23T17:19:56+02:00,,823,okayamatakatoshi,okayamatakatoshi,BLK 56,56,836021,86,172,BLK,Pokémon,pokemon,223,https://images.tcggo.com/tcggo/storage/23035/black-bolt-logo.png,Black Bolt,EUR,2524.88,EUR,3066.74,2025-07-18,1,Scarlet & Violet,scarlet-violet,black-bolt,160,23141,https://images.tcggo.com/tcggo/storage/23110/scolipede.png,https://www.tcggo.com/external/cm/23141,https://www.tcggo.com/external/tcgplayer/23141,Scolipede,Scolipede 56,0.03,0.04,8713,EUR,[],,,,,,,,,,0.03,0.02,0.02,0.02,0.02,0.02,0.02,0.02,0.02,0.02,,,,,,,,,,,,,,,,,,,,,,,,,,,,,,,,,,,,,,EUR,0.21,0.09,Uncommon,scolipede,Pokémon,https://www.tcggo.com/pokemon/black-bolt/scolipede-56,zsv10pt5-56,642508,singles
2026-08-23T17:19:56+02:00,,383,Gapao,gapao,BLK 57,57,836023,86,172,BLK,Pokémon,pokemon,223,https://images.tcggo.com/tcggo/storage/23035/black-bolt-logo.png,Black Bolt,EUR,2524.88,EUR,3066.74,2025-07-18,1,Scarlet & Violet,scarlet-violet,black-bolt,70,23142,https://images.tcggo.com/tcggo/storage/23111/sandile.png,https://www.tcggo.com/external/cm/23142,https://www.tcggo.com/external/tcgplayer/23142,Sandile,Sandile 57,0.03,0.03,10395,EUR,[],,,,,,,,,,0.03,0.02,0.02,0.02,0.02,0.02,0.02,0.02,0.02,0.02,,,,,,,,,,,,,,,,,,,,,,,,,,,,,,,,,,,,,,EUR,0.19,0.09,Common,sandile,Pokémon,https://www.tcggo.com/pokemon/black-bolt/sandile-57,zsv10pt5-57,642509,singles
2026-08-23T17:19:56+02:00,,383,Gapao,gapao,BLK 58,58,836024,86,172,BLK,Pokémon,pokemon,223,https://images.tcggo.com/tcggo/storage/23035/black-bolt-logo.png,Black Bolt,EUR,2524.88,EUR,3066.74,2025-07-18,1,Scarlet & Violet,scarlet-violet,black-bolt,100,23143,https://images.tcggo.com/tcggo/storage/23112/krokorok.png,https://www.tcggo.com/external/cm/23143,https://www.tcggo.com/external/tcgplayer/23143,Krokorok,Krokorok 58,0.03,0.03,10426,EUR,[],,,,,,,,,,0.03,0.02,0.02,0.02,0.02,0.02,0.02,0.02,0.02,0.02,,,,,,,,,,,,,,,,,,,,,,,,,,,,,,,,,,,,,,EUR,0.16,0.09,Common,krokorok,Pokémon,https://www.tcggo.com/pokemon/black-bolt/krokorok-58,zsv10pt5-58,642510,singles
2026-08-23T17:19:56+02:00,,383,Gapao,gapao,BLK 59,59,836026,86,172,BLK,Pokémon,pokemon,223,https://images.tcggo.com/tcggo/storage/23035/black-bolt-logo.png,Black Bolt,EUR,2524.88,EUR,3066.74,2025-07-18,1,Scarlet & Violet,scarlet-violet,black-bolt,170,23144,https://images.tcggo.com/tcggo/storage/23113/krookodile.png,https://www.tcggo.com/external/cm/23144,https://www.tcggo.com/external/tcgplayer/23144,Krookodile,Krookodile 59,0.03,0.05,8519,EUR,[],,,,,,,,,,0.03,0.02,0.02,0.02,0.02,0.02,0.02,0.02,0.02,0.02,,,,,,,,,,,,,,,,,,,,,,,,,,,,,,,,,,,,,,EUR,0.2,0.09,Uncommon,krookodile,Pokémon,https://www.tcggo.com/pokemon/black-bolt/krookodile-59,zsv10pt5-59,642511,singles
2026-08-23T17:19:56+02:00,,429,DOM,dom,BLK 60,60,836033,86,172,BLK,Pokémon,pokemon,223,https://images.tcggo.com/tcggo/storage/23035/black-bolt-logo.png,Black Bolt,EUR,2524.88,EUR,3066.74,2025-07-18,1,Scarlet & Violet,scarlet-violet,black-bolt,130,23145,https://images.tcggo.com/tcggo/storage/23114/escavalier.png,https://www.tcggo.com/external/cm/23145,https://www.tcggo.com/external/tcgplayer/23145,Escavalier,Escavalier 60,0.03,0.03,8940,EUR,[],,,,,,,,,,0.03,0.02,0.02,0.02,0.02,0.02,0.02,0.02,0.02,0.02,,,,,,,,,,,,,,,,,,,,,,,,,,,,,,,,,,,,,,EUR,0.2,0.11,Uncommon,escavalier,Pokémon,https://www.tcggo.com/pokemon/black-bolt/escavalier-60,zsv10pt5-60,642514,singles
2026-08-23T17:19:56+02:00,,545,Amelicart,amelicart,BLK 61,61,836035,86,172,BLK,Pokémon,pokemon,223,https://images.tcggo.com/tcggo/storage/23035/black-bolt-logo.png,Black Bolt,EUR,2524.88,EUR,3066.74,2025-07-18,1,Scarlet & Violet,scarlet-violet,black-bolt,60,23146,https://images.tcggo.com/tcggo/storage/23115/klink.png,https://www.tcggo.com/external/cm/23146,https://www.tcggo.com/external/tcgplayer/23146,Klink,Klink 61,0.02,0.03,10766,EUR,[],,,,,,,,,,0.02,0.02,0.02,0.02,0.02,0.02,0.02,0.02,0.02,0.02,,,,,,,,,,,,,,,,,,,,,,,,,,,,,,,,,,,,,,EUR,0.18,0.09,Common,klink,Pokémon,https://www.tcggo.com/pokemon/black-bolt/klink-61,zsv10pt5-61,642180,singles
2026-08-23T17:19:56+02:00,,545,Amelicart,amelicart,BLK 62,62,836037,86,172,BLK,Pokémon,pokemon,223,https://images.tcggo.com/tcggo/storage/23035/black-bolt-logo.png,Black Bolt,EUR,2524.88,EUR,3066.74,2025-07-18,1,Scarlet & Violet,scarlet-violet,black-bolt,90,23147,https://images.tcggo.com/tcggo/storage/23116/klang.png,https://www.tcggo.com/external/cm/23147,https://www.tcggo.com/external/tcgplayer/23147,Klang,Klang 62,0.03,0.03,10621,EUR,[],,,,,,,,,,0.02,0.02,0.02,0.02,0.02,0.02,0.02,0.02,0.02,0.02,,,,,,,,,,,,,,,,,,,,,,,,,,,,,,,,,,,,,,EUR,0.17,0.09,Common,klang,Pokémon,https://www.tcggo.com/pokemon/black-bolt/klang-62,zsv10pt5-62,642181,singles
2026-08-23T17:19:56+02:00,,545,Amelicart,amelicart,BLK 63,63,836039,86,172,BLK,Pokémon,pokemon,223,https://images.tcggo.com/tcggo/storage/23035/black-bolt-logo.png,Black Bolt,EUR,2524.88,EUR,3066.74,2025-07-18,1,Scarlet & Violet,scarlet-violet,black-bolt,150,23148,https://images.tcggo.com/tcggo/storage/23117/klinklang.png,https://www.tcggo.com/external/cm/23148,https://www.tcggo.com/external/tcgplayer/23148,Klinklang,Klinklang 63,0.05,0.06,7565,EUR,[],,,,,,,,,,0.03,0.02,0.02,0.02,0.02,0.02,0.02,0.02,0.02,0.02,,,,,,,,,,,,,,,,,,,,,,,,,,,,,,,,,,,,,,EUR,0.28,0.13,rare,klinklang,Pokémon,https://www.tcggo.com/pokemon/black-bolt/klinklang-63,zsv10pt5-63,642182,singles
2026-08-23T17:19:56+02:00,,392,Oku,oku,BLK 64,64,836041,86,172,BLK,Pokémon,pokemon,223,https://images.tcggo.com/tcggo/storage/23035/black-bolt-logo.png,Black Bolt,EUR,2524.88,EUR,3066.74,2025-07-18,1,Scarlet & Violet,scarlet-violet,black-bolt,60,23149,https://images.tcggo.com/tcggo/storage/23118/pawniard.png,https://www.tcggo.com/external/cm/23149,https://www.tcggo.com/external/tcgplayer/23149,Pawniard,Pawniard 64,0.03,0.03,10439,EUR,[],,,,,,,,,,0.03,0.02,0.02,0.02,0.02,0.02,0.02,0.02,0.02,0.02,,,,,,,,,,,,,,,,,,,,,,,,,,,,,,,,,,,,,,EUR,0.13,0.09,Common,pawniard,Pokémon,https://www.tcggo.com/pokemon/black-bolt/pawniard-64,zsv10pt5-64,642515,singles
2026-08-23T17:19:56+02:00,,392,Oku,oku,BLK 65,65,836043,86,172,BLK,Pokémon,pokemon,223,https://images.tcggo.com/tcggo/storage/23035/black-bolt-logo.png,Black Bolt,EUR,2524.88,EUR,3066.74,2025-07-18,1,Scarlet & Violet,scarlet-violet,black-bolt,120,23150,https://images.tcggo.com/tcggo/storage/23119/bisharp.png,https://www.tcggo.com/external/cm/23150,https://www.tcggo.com/external/tcgplayer/23150,Bisharp,Bisharp 65,0.03,0.03,8965,EUR,[],,,,,,,,,,0.02,0.02,0.02,0.02,0.02,0.02,0.02,0.02,0.02,0.02,,,,,,,,,,,,,,,,,,,,,,,,,,,,,,,,,,,,,,EUR,0.15,0.09,Uncommon,bisharp,Pokémon,https://www.tcggo.com/pokemon/black-bolt/bisharp-65,zsv10pt5-65,642516,singles
2026-08-23T17:19:56+02:00,,785,HICO KIM,hico-kim,BLK 66,66,836045,86,172,BLK,Pokémon,pokemon,223,https://images.tcggo.com/tcggo/storage/23035/black-bolt-logo.png,Black Bolt,EUR,2524.88,EUR,3066.74,2025-07-18,1,Scarlet & Violet,scarlet-violet,black-bolt,120,23151,https://images.tcggo.com/tcggo/storage/23120/cobalion.png,https://www.tcggo.com/external/cm/23151,https://www.tcggo.com/external/tcgplayer/23151,Cobalion,Cobalion 66,0.06,0.07,7427,EUR,[],,,,,,,,,,0.03,0.02,0.02,0.02,0.02,0.02,0.02,0.02,0.02,0.02,,,,,,,,,,,,,,,,,,,,,,,,,,,,,,,,,,,,,,EUR,0.18,0.13,rare,cobalion,Pokémon,https://www.tcggo.com/pokemon/black-bolt/cobalion-66,zsv10pt5-66,642517,singles
2026-08-23T17:19:56+02:00,,380,5ban Graphics,5ban-graphics,BLK 67,67,836046,86,172,BLK,Pokémon,pokemon,223,https://images.tcggo.com/tcggo/storage/23035/black-bolt-logo.png,Black Bolt,EUR,2524.88,EUR,3066.74,2025-07-18,1,Scarlet & Violet,scarlet-violet,black-bolt,220,23152,https://images.tcggo.com/tcggo/storage/23121/genesect-ex.png,https://www.tcggo.com/external/cm/23152,https://www.tcggo.com/external/tcgplayer/23152,Genesect ex,Genesect ex 67,0.71,0.7,3211,EUR,[],,,,,,,,,,0.09,0.39,0.39,0.2,0.2,0.1,0.29,0.29,0.1,0.1,,,,,,,,,,,,,,,,,,,,,,,,,,,,,,,,,,,,,,EUR,1,0.74,Double Rare,genesect-ex,Pokémon,https://www.tcggo.com/pokemon/black-bolt/genesect-ex-67,zsv10pt5-67,642518,singles
2026-08-23T17:19:56+02:00,,480,Taiga Kasai,taiga-kasai,BLK 68,68,836047,86,172,BLK,Pokémon,pokemon,223,https://images.tcggo.com/tcggo/storage/23035/black-bolt-logo.png,Black Bolt,EUR,2524.88,EUR,3066.74,2025-07-18,1,Scarlet & Violet,scarlet-violet,black-bolt,70,23153,https://images.tcggo.com/tcggo/storage/23122/axew.png,https://www.tcggo.com/external/cm/23153,https://www.tcggo.com/external/tcgplayer/23153,Axew,Axew 68,0.03,0.03,10332,EUR,[],,,,,,,,,,0.02,0.02,0.02,0.02,0.02,0.02,0.02,0.02,0.02,0.02,,,,,,,,,,,,,,,,,,,,,,,,,,,,,,,,,,,,,,EUR,0.15,0.09,Common,axew,Pokémon,https://www.tcggo.com/pokemon/black-bolt/axew-68,zsv10pt5-68,642519,singles
2026-08-23T17:19:56+02:00,,480,Taiga Kasai,taiga-kasai,BLK 69,69,836048,86,172,BLK,Pokémon,pokemon,223,https://images.tcggo.com/tcggo/storage/23035/black-bolt-logo.png,Black Bolt,EUR,2524.88,EUR,3066.74,2025-07-18,1,Scarlet & Violet,scarlet-violet,black-bolt,100,23154,https://images.tcggo.com/tcggo/storage/23123/fraxure.png,https://www.tcggo.com/external/cm/23154,https://www.tcggo.com/external/tcgplayer/23154,Fraxure,Fraxure 69,0.02,0.03,13452,EUR,[],,,,,,,,,,0.02,0.02,0.02,0.02,0.02,0.02,0.02,0.02,0.02,0.02,,,,,,,,,,,,,,,,,,,,,,,,,,,,,,,,,,,,,,EUR,0.15,0.09,Common,fraxure,Pokémon,https://www.tcggo.com/pokemon/black-bolt/fraxure-69,zsv10pt5-69,642520,singles
2026-08-23T17:19:56+02:00,,480,Taiga Kasai,taiga-kasai,BLK 70,70,836050,86,172,BLK,Pokémon,pokemon,223,https://images.tcggo.com/tcggo/storage/23035/black-bolt-logo.png,Black Bolt,EUR,2524.88,EUR,3066.74,2025-07-18,1,Scarlet & Violet,scarlet-violet,black-bolt,170,23155,https://images.tcggo.com/tcggo/storage/23124/haxorus.png,https://www.tcggo.com/external/cm/23155,https://www.tcggo.com/external/tcgplayer/23155,Haxorus,Haxorus 70,0.09,0.1,6909,EUR,[],,,,,,,,,,0.03,0.02,0.02,0.02,0.02,0.02,0.02,0.02,0.02,0.02,,,,,,,,,,,,,,,,,,,,,,,,,,,,,,,,,,,,,,EUR,0.21,0.13,rare,haxorus,Pokémon,https://www.tcggo.com/pokemon/black-bolt/haxorus-70,zsv10pt5-70,642521,singles
2026-08-23T17:19:56+02:00,,372,Tomomi Ozaki,tomomi-ozaki,BLK 71,71,836052,86,172,BLK,Pokémon,pokemon,223,https://images.tcggo.com/tcggo/storage/23035/black-bolt-logo.png,Black Bolt,EUR,2524.88,EUR,3066.74,2025-07-18,1,Scarlet & Violet,scarlet-violet,black-bolt,60,23156,https://images.tcggo.com/tcggo/storage/23125/pidove.png,https://www.tcggo.com/external/cm/23156,https://www.tcggo.com/external/tcgplayer/23156,Pidove,Pidove 71,0.03,0.04,10272,EUR,[],,,,,,,,,,0.03,0.02,0.02,0.02,0.02,0.02,0.02,0.02,0.02,0.02,,,,,,,,,,,,,,,,,,,,,,,,,,,,,,,,,,,,,,EUR,0.21,0.09,Common,pidove,Pokémon,https://www.tcggo.com/pokemon/black-bolt/pidove-71,zsv10pt5-71,642522,singles
2026-08-23T17:19:56+02:00,,372,Tomomi Ozaki,tomomi-ozaki,BLK 72,72,836055,86,172,BLK,Pokémon,pokemon,223,https://images.tcggo.com/tcggo/storage/23035/black-bolt-logo.png,Black Bolt,EUR,2524.88,EUR,3066.74,2025-07-18,1,Scarlet & Violet,scarlet-violet,black-bolt,80,23157,https://images.tcggo.com/tcggo/storage/23126/tranquill.png,https://www.tcggo.com/external/cm/23157,https://www.tcggo.com/external/tcgplayer/23157,Tranquill,Tranquill 72,0.02,0.03,10415,EUR,[],,,,,,,,,,0.03,0.02,0.02,0.02,0.02,0.02,0.02,0.02,0.02,0.02,,,,,,,,,,,,,,,,,,,,,,,,,,,,,,,,,,,,,,EUR,0.15,0.09,Common,tranquill,Pokémon,https://www.tcggo.com/pokemon/black-bolt/tranquill-72,zsv10pt5-72,642523,singles
2026-08-23T17:19:56+02:00,,372,Tomomi Ozaki,tomomi-ozaki,BLK 73,73,836056,86,172,BLK,Pokémon,pokemon,223,https://images.tcggo.com/tcggo/storage/23035/black-bolt-logo.png,Black Bolt,EUR,2524.88,EUR,3066.74,2025-07-18,1,Scarlet & Violet,scarlet-violet,black-bolt,150,23158,https://images.tcggo.com/tcggo/storage/23127/unfezant.png,https://www.tcggo.com/external/cm/23158,https://www.tcggo.com/external/tcgplayer/23158,Unfezant,Unfezant 73,0.03,0.04,8888,EUR,[],,,,,,,,,,0.03,0.02,0.02,0.02,0.02,0.02,0.02,0.02,0.02,0.02,,,,,,,,,,,,,,,,,,,,,,,,,,,,,,,,,,,,,,EUR,0.2,0.09,Uncommon,unfezant,Pokémon,https://www.tcggo.com/pokemon/black-bolt/unfezant-73,zsv10pt5-73,642524,singles
2026-08-23T17:19:56+02:00,,360,Saya Tsuruta,saya-tsuruta,BLK 74,74,836058,86,172,BLK,Pokémon,pokemon,223,https://images.tcggo.com/tcggo/storage/23035/black-bolt-logo.png,Black Bolt,EUR,2524.88,EUR,3066.74,2025-07-18,1,Scarlet & Violet,scarlet-violet,black-bolt,100,23159,https://images.tcggo.com/tcggo/storage/23128/audino.png,https://www.tcggo.com/external/cm/23159,https://www.tcggo.com/external/tcgplayer/23159,Audino,Audino 74,0.03,0.03,10286,EUR,[],,,,,,,,,,0.02,0.02,0.02,0.02,0.02,0.02,0.02,0.02,0.02,0.02,,,,,,,,,,,,,,,,,,,,,,,,,,,,,,,,,,,,,,EUR,0.21,0.09,Common,audino,Pokémon,https://www.tcggo.com/pokemon/black-bolt/audino-74,zsv10pt5-74,642525,singles
2026-08-23T17:19:56+02:00,,772,Ayako Ozaki,ayako-ozaki,BLK 75,75,836060,86,172,BLK,Pokémon,pokemon,223,https://images.tcggo.com/tcggo/storage/23035/black-bolt-logo.png,Black Bolt,EUR,2524.88,EUR,3066.74,2025-07-18,1,Scarlet & Violet,scarlet-violet,black-bolt,60,23160,https://images.tcggo.com/tcggo/storage/23129/minccino.png,https://www.tcggo.com/external/cm/23160,https://www.tcggo.com/external/tcgplayer/23160,Minccino,Minccino 75,0.04,0.03,10045,EUR,[],,,,,,,,,,0.03,0.02,0.02,0.02,0.02,0.02,0.02,0.02,0.02,0.02,,,,,,,,,,,,,,,,,,,,,,,,,,,,,,,,,,,,,,EUR,0.17,0.1,Common,minccino,Pokémon,https://www.tcggo.com/pokemon/black-bolt/minccino-75,zsv10pt5-75,642526,singles
2026-08-23T17:19:56+02:00,,772,Ayako Ozaki,ayako-ozaki,BLK 76,76,836063,86,172,BLK,Pokémon,pokemon,223,https://images.tcggo.com/tcggo/storage/23035/black-bolt-logo.png,Black Bolt,EUR,2524.88,EUR,3066.74,2025-07-18,1,Scarlet & Violet,scarlet-violet,black-bolt,100,23161,https://images.tcggo.com/tcggo/storage/23130/cinccino.png,https://www.tcggo.com/external/cm/23161,https://www.tcggo.com/external/tcgplayer/23161,Cinccino,Cinccino 76,0.06,0.04,8665,EUR,[],,,,,,,,,,0.02,0.02,0.02,0.02,0.02,0.02,0.02,0.02,0.02,0.02,,,,,,,,,,,,,,,,,,,,,,,,,,,,,,,,,,,,,,EUR,0.22,0.09,Uncommon,cinccino,Pokémon,https://www.tcggo.com/pokemon/black-bolt/cinccino-76,zsv10pt5-76,642527,singles
2026-08-23T17:19:56+02:00,,393,Kedamahadaitai Yawarakai,kedamahadaitai-yawarakai,BLK 77,77,836064,86,172,BLK,Pokémon,pokemon,223,https://images.tcggo.com/tcggo/storage/23035/black-bolt-logo.png,Black Bolt,EUR,2524.88,EUR,3066.74,2025-07-18,1,Scarlet & Violet,scarlet-violet,black-bolt,70,23162,https://images.tcggo.com/tcggo/storage/23131/rufflet.png,https://www.tcggo.com/external/cm/23162,https://www.tcggo.com/external/tcgplayer/23162,Rufflet,Rufflet 77,0.02,0.03,10345,EUR,[],,,,,,,,,,0.02,0.02,0.02,0.02,0.02,0.02,0.02,0.02,0.02,0.02,,,,,,,,,,,,,,,,,,,,,,,,,,,,,,,,,,,,,,EUR,0.19,0.09,Common,rufflet,Pokémon,https://www.tcggo.com/pokemon/black-bolt/rufflet-77,zsv10pt5-77,642191,singles
2026-08-23T17:19:56+02:00,,393,Kedamahadaitai Yawarakai,kedamahadaitai-yawarakai,BLK 78,78,836065,86,172,BLK,Pokémon,pokemon,223,https://images.tcggo.com/tcggo/storage/23035/black-bolt-logo.png,Black Bolt,EUR,2524.88,EUR,3066.74,2025-07-18,1,Scarlet & Violet,scarlet-violet,black-bolt,140,23163,https://images.tcggo.com/tcggo/storage/23132/braviary.png,https://www.tcggo.com/external/cm/23163,https://www.tcggo.com/external/tcgplayer/23163,Braviary,Braviary 78,0.03,0.03,8816,EUR,[],,,,,,,,,,0.02,0.02,0.02,0.02,0.02,0.02,0.02,0.02,0.02,0.02,,,,,,,,,,,,,,,,,,,,,,,,,,,,,,,,,,,,,,EUR,0.21,0.09,Uncommon,braviary,Pokémon,https://www.tcggo.com/pokemon/black-bolt/braviary-78,zsv10pt5-78,642192,singles
2026-08-23T17:19:56+02:00,,461,Studio Bora Inc.,studio-bora-inc,BLK 79,79,836066,86,172,BLK,Pokémon,pokemon,223,https://images.tcggo.com/tcggo/storage/23035/black-bolt-logo.png,Black Bolt,EUR,2524.88,EUR,3066.74,2025-07-18,1,Scarlet & Violet,scarlet-violet,black-bolt,0,23164,https://images.tcggo.com/tcggo/storage/23133/air-balloon.png,https://www.tcggo.com/external/cm/23164,https://www.tcggo.com/external/tcgplayer/23164,Air Balloon,Air Balloon 79,0.23,0.18,4512,EUR,[],,,,,,,,,,0.02,0.02,0.02,0.02,0.02,0.02,0.02,0.02,0.02,0.02,,,,,,,,,,,,,,,,,,,,,,,,,,,,,,,,,,,,,,EUR,0.32,0.32,Uncommon,air-balloon,Trainer,https://www.tcggo.com/pokemon/black-bolt/air-balloon-79,zsv10pt5-79,642531,singles
2026-08-23T17:19:56+02:00,,429,DOM,dom,BLK 60,60,836067,86,172,BLK,Pokémon,pokemon,223,https://images.tcggo.com/tcggo/storage/23035/black-bolt-logo.png,Black Bolt,EUR,2524.88,EUR,3066.74,2025-07-18,1,Scarlet & Violet,scarlet-violet,black-bolt,80,23165,https://images.tcggo.com/tcggo/storage/23134/antique-cover-fossil.png,https://www.tcggo.com/external/cm/23165,https://www.tcggo.com/external/tcgplayer/23165,Antique Cover Fossil,Antique Cover Fossil 60,0.03,0.03,12290,EUR,[],,,,,,,,,,0.03,0.02,0.02,0.02,0.02,0.02,0.02,0.02,0.02,0.02,,,,,,,,,,,,,,,,,,,,,,,,,,,,,,,,,,,,,,EUR,0.16,0.09,Common,antique-cover-fossil,Trainer,https://www.tcggo.com/pokemon/black-bolt/antique-cover-fossil-60,zsv10pt5-80,642514,singles
2026-08-23T17:19:56+02:00,,458,Toyste Beach,toyste-beach,BLK 81,81,836068,86,172,BLK,Pokémon,pokemon,223,https://images.tcggo.com/tcggo/storage/23035/black-bolt-logo.png,Black Bolt,EUR,2524.88,EUR,3066.74,2025-07-18,1,Scarlet & Violet,scarlet-violet,black-bolt,0,23166,https://images.tcggo.com/tcggo/storage/23135/energy-coin.png,https://www.tcggo.com/external/cm/23166,https://www.tcggo.com/external/tcgplayer/23166,Energy Coin,Energy Coin 81,0.04,0.02,8032,EUR,[],,,,,,,,,,0.03,0.02,0.02,0.02,0.02,0.02,0.02,0.02,0.02,0.02,,,,,,,,,,,,,,,,,,,,,,,,,,,,,,,,,,,,,,EUR,0.16,0.09,Uncommon,energy-coin,Trainer,https://www.tcggo.com/pokemon/black-bolt/energy-coin-81,zsv10pt5-81,642528,singles
2026-08-23T17:19:56+02:00,,409,Yuu Nishida,yuu-nishida,BLK 82,82,836069,86,172,BLK,Pokémon,pokemon,223,https://images.tcggo.com/tcggo/storage/23035/black-bolt-logo.png,Black Bolt,EUR,2524.88,EUR,3066.74,2025-07-18,1,Scarlet & Violet,scarlet-violet,black-bolt,0,23167,https://images.tcggo.com/tcggo/storage/23136/fennel.png,https://www.tcggo.com/external/cm/23167,https://www.tcggo.com/external/tcgplayer/23167,Fennel,Fennel 82,0.03,0.03,10185,EUR,[],,,,,,,,,,0.03,0.02,0.02,0.02,0.02,0.02,0.02,0.02,0.02,0.02,,,,,,,,,,,,,,,,,,,,,,,,,,,,,,,,,,,,,,EUR,0.18,0.09,Uncommon,fennel,Trainer,https://www.tcggo.com/pokemon/black-bolt/fennel-82,zsv10pt5-82,642534,singles
2026-08-23T17:19:56+02:00,,462,hncl,hncl,BLK 83,83,836070,86,172,BLK,Pokémon,pokemon,223,https://images.tcggo.com/tcggo/storage/23035/black-bolt-logo.png,Black Bolt,EUR,2524.88,EUR,3066.74,2025-07-18,1,Scarlet & Violet,scarlet-violet,black-bolt,0,23168,https://images.tcggo.com/tcggo/storage/23137/ns-plan.png,https://www.tcggo.com/external/cm/23168,https://www.tcggo.com/external/tcgplayer/23168,N's Plan,N's Plan 83,0.05,0.08,8873,EUR,[],,,,,,,,,,0.03,0.02,0.02,0.02,0.02,0.02,0.02,0.02,0.02,0.02,,,,,,,,,,,,,,,,,,,,,,,,,,,,,,,,,,,,,,EUR,0.26,0.17,Uncommon,ns-plan,Trainer,https://www.tcggo.com/pokemon/black-bolt/ns-plan-83,zsv10pt5-83,642532,singles
2026-08-23T17:19:56+02:00,,458,Toyste Beach,toyste-beach,BLK 84,84,836073,86,172,BLK,Pokémon,pokemon,223,https://images.tcggo.com/tcggo/storage/23035/black-bolt-logo.png,Black Bolt,EUR,2524.88,EUR,3066.74,2025-07-18,1,Scarlet & Violet,scarlet-violet,black-bolt,0,23169,https://images.tcggo.com/tcggo/storage/23138/pokegear-30.png,https://www.tcggo.com/external/cm/23169,https://www.tcggo.com/external/tcgplayer/23169,Pokégear 3.0,Pokégear 3.0 84,0.41,0.47,1952,EUR,[],,,,,,,,,,0.02,0.02,0.02,0.1,0.1,0.02,0.02,0.02,0.02,0.02,,,,,,,,,,,,,,,,,,,,,,,,,,,,,,,,,,,,,,EUR,0.42,0.1,Uncommon,pokegear-30,Trainer,https://www.tcggo.com/pokemon/black-bolt/pokegear-30-84,zsv10pt5-84,642530,singles
2026-08-23T17:19:56+02:00,,398,Taira Akitsu,taira-akitsu,BLK 85,85,836076,86,172,BLK,Pokémon,pokemon,223,https://images.tcggo.com/tcggo/storage/23035/black-bolt-logo.png,Black Bolt,EUR,2524.88,EUR,3066.74,2025-07-18,1,Scarlet & Violet,scarlet-violet,black-bolt,0,23170,https://images.tcggo.com/tcggo/storage/23139/professors-research.png,https://www.tcggo.com/external/cm/23170,https://www.tcggo.com/external/tcgplayer/23170,Professor's Research,Professor's Research 85,0.04,0.06,12108,EUR,[],,,,,,,,,,0.03,0.02,0.02,0.02,0.02,0.02,0.02,0.02,0.02,0.02,,,,,,,,,,,,,,,,,,,,,,,,,,,,,,,,,,,,,,EUR,0.2,0.09,Uncommon,professors-research,Trainer,https://www.tcggo.com/pokemon/black-bolt/professors-research-85,zsv10pt5-85,642533,singles
2026-08-23T17:19:56+02:00,,,,,BLK 86,86,836078,86,172,BLK,Pokémon,pokemon,223,https://images.tcggo.com/tcggo/storage/23035/black-bolt-logo.png,Black Bolt,EUR,2524.88,EUR,3066.74,2025-07-18,1,Scarlet & Violet,scarlet-violet,black-bolt,0,23171,https://images.tcggo.com/tcggo/storage/23140/prism-energy.png,https://www.tcggo.com/external/cm/23171,https://www.tcggo.com/external/tcgplayer/23171,Prism Energy,Prism Energy 86,0.15,0.2,9118,EUR,[],,,,,,,,,,0.02,0.02,0.02,0.02,0.02,0.02,0.02,0.02,0.02,0.02,,,,,,,,,,,,,,,,,,,,,,,,,,,,,,,,,,,,,,EUR,0.23,0.18,Uncommon,prism-energy,Energy,https://www.tcggo.com/pokemon/black-bolt/prism-energy-86,zsv10pt5-86,642535,singles
2026-08-23T17:19:56+02:00,,776,Yoshimi Miyoshi,yoshimi-miyoshi,BLK 87,87,836082,86,172,BLK,Pokémon,pokemon,223,https://images.tcggo.com/tcggo/storage/23035/black-bolt-logo.png,Black Bolt,EUR,2524.88,EUR,3066.74,2025-07-18,1,Scarlet & Violet,scarlet-violet,black-bolt,70,23172,https://images.tcggo.com/tcggo/storage/23141/snivy.png,https://www.tcggo.com/external/cm/23172,https://www.tcggo.com/external/tcgplayer/23172,Snivy,Snivy 87,32.87,31.46,205,EUR,,,,,54,,,670,40,,30,27,28,26.9,26.9,30,34,34,34.99,34.99,USD,,,,,,,,,,,,,,,,,47.42,4,,,10.5,1,40.14,2,,,,,31.22,1,,,,,,,EUR,26.76,18.34,Illustration Rare,snivy,Pokémon,https://www.tcggo.com/pokemon/black-bolt/snivy-87,zsv10pt5-87,642536,singles
2026-08-23T17:19:56+02:00,,535,Jiro Sasumo,jiro-sasumo,BLK 88,88,836085,86,172,BLK,Pokémon,pokemon,223,https://images.tcggo.com/tcggo/storage/23035/black-bolt-logo.png,Black Bolt,EUR,2524.88,EUR,3066.74,2025-07-18,1,Scarlet & Violet,scarlet-violet,black-bolt,100,23173,https://images.tcggo.com/tcggo/storage/23142/servine.png,https://www.tcggo.com/external/cm/23173,https://www.tcggo.com/external/tcgplayer/23173,Servine,Servine 88,15.91,16.28,172,EUR,[],,,,,,,,,,14.9,13.9,16.99,15.49,15.49,15,15,15,9,9,USD,36,1,,,,,,,,,,,,,,,226.73,2,,,,,22.29,1,,,,,,,,,,,,,EUR,16.36,11.56,Illustration Rare,servine,Pokémon,https://www.tcggo.com/pokemon/black-bolt/servine-88,zsv10pt5-88,642537,singles
2026-08-23T17:19:56+02:00,,391,saino misaki,saino-misaki,BLK 89,89,836087,86,172,BLK,Pokémon,pokemon,223,https://images.tcggo.com/tcggo/storage/23035/black-bolt-logo.png,Black Bolt,EUR,2524.88,EUR,3066.74,2025-07-18,1,Scarlet & Violet,scarlet-violet,black-bolt,70,23174,https://images.tcggo.com/tcggo/storage/23143/pansage.png,https://www.tcggo.com/external/cm/23174,https://www.tcggo.com/external/tcgplayer/23174,Pansage,Pansage 89,16.5,15.68,200,EUR,,,,,,40,,,,50,18,17,17.5,9.95,9.95,18,16,16,5,5,USD,,,,,,,,,,,,,,,,,45.07,2,,,,,,,,,,,48.68,1,,,,,,,EUR,20.14,9.28,Illustration Rare,pansage,Pokémon,https://www.tcggo.com/pokemon/black-bolt/pansage-89,zsv10pt5-89,642538,singles
2026-08-23T17:19:56+02:00,,824,Yuka Tanaka,yuka-tanaka,BLK 90,90,836089,86,172,BLK,Pokémon,pokemon,223,https://images.tcggo.com/tcggo/storage/23035/black-bolt-logo.png,Black Bolt,EUR,2524.88,EUR,3066.74,2025-07-18,1,Scarlet & Violet,scarlet-violet,black-bolt,100,23175,https://images.tcggo.com/tcggo/storage/23144/simisage.png,https://www.tcggo.com/external/cm/23175,https://www.tcggo.com/external/tcgplayer/23175,Simisage,Simisage 90,7.94,7.78,179,EUR,[],,,,,,,,,,5.5,6,7.75,4.89,4.89,5.5,7.5,7.5,4,4,USD,,,,,,,,,,,,,,,,,44.59,1,,,,,17.84,1,,,,,,,,,,,,,EUR,10.09,6.06,Illustration Rare,simisage,Pokémon,https://www.tcggo.com/pokemon/black-bolt/simisage-90,zsv10pt5-90,642539,singles
2026-08-23T17:19:56+02:00,,499,Tika Matsuno,tika-matsuno,BLK 91,91,836091,86,172,BLK,Pokémon,pokemon,223,https://images.tcggo.com/tcggo/storage/23035/black-bolt-logo.png,Black Bolt,EUR,2524.88,EUR,3066.74,2025-07-18,1,Scarlet & Violet,scarlet-violet,black-bolt,60,23176,https://images.tcggo.com/tcggo/storage/23145/petilil.png,https://www.tcggo.com/external/cm/23176,https://www.tcggo.com/external/tcgplayer/23176,Petilil,Petilil 91,15.79,13.26,173,EUR,[],,,,,,,,,,21,13,14,17.5,17.5,21,13,13,3.98,3.98,USD,,,,,,,,,,,,,,,,,,,,,,,39.35,2,,,,,,,,,,,,,EUR,21.83,10.76,Illustration Rare,petilil,Pokémon,https://www.tcggo.com/pokemon/black-bolt/petilil-91,zsv10pt5-91,642540,singles
2026-08-23T17:19:56+02:00,,477,En Morikura,en-morikura,BLK 92,92,836093,86,172,BLK,Pokémon,pokemon,223,https://images.tcggo.com/tcggo/storage/23035/black-bolt-logo.png,Black Bolt,EUR,2524.88,EUR,3066.74,2025-07-18,1,Scarlet & Violet,scarlet-violet,black-bolt,100,23177,https://images.tcggo.com/tcggo/storage/23146/lilligant.png,https://www.tcggo.com/external/cm/23177,https://www.tcggo.com/external/tcgplayer/23177,Lilligant,Lilligant 92,34.65,32.9,108,EUR,[],,,,,,,,,,39.99,27,27,34.9,34.9,39.99,29,29,19.99,19.99,USD,,,,,,,,,,,,,,,,,,,,,30.55,1,38.87,2,,,,,52.03,1,,,,,,,EUR,48.06,25.63,Illustration Rare,lilligant,Pokémon,https://www.tcggo.com/pokemon/black-bolt/lilligant-92,zsv10pt5-92,642541,singles
2026-08-23T17:19:56+02:00,,782,Heisuke Kitazawa,heisuke-kitazawa,BLK 93,93,836094,86,172,BLK,Pokémon,pokemon,223,https://images.tcggo.com/tcggo/storage/23035/black-bolt-logo.png,Black Bolt,EUR,2524.88,EUR,3066.74,2025-07-18,1,Scarlet & Violet,scarlet-violet,black-bolt,100,23178,https://images.tcggo.com/tcggo/storage/23147/maractus.png,https://www.tcggo.com/external/cm/23178,https://www.tcggo.com/external/tcgplayer/23178,Maractus,Maractus 93,8.02,5.36,243,EUR,[],,,,,,,,,,4.99,3.25,4.1,5,5,4.99,5,6,1.69,1.69,,,,,,,,,,,,,,,,,,,,,,,,,,,,,,,,,,,,,,EUR,6.27,2.85,Illustration Rare,maractus,Pokémon,https://www.tcggo.com/pokemon/black-bolt/maractus-93,zsv10pt5-93,642542,singles
2026-08-23T17:19:56+02:00,,441,Tomokazu Komiya,tomokazu-komiya,BLK 94,94,836096,86,172,BLK,Pokémon,pokemon,223,https://images.tcggo.com/tcggo/storage/23035/black-bolt-logo.png,Black Bolt,EUR,2524.88,EUR,3066.74,2025-07-18,1,Scarlet & Violet,scarlet-violet,black-bolt,60,23179,https://images.tcggo.com/tcggo/storage/23148/karrablast.png,https://www.tcggo.com/external/cm/23179,https://www.tcggo.com/external/tcgplayer/23179,Karrablast,Karrablast 94,18.95,14.89,174,EUR,,,,,,49,,,,102,13.99,14.99,14.99,7,7,13.99,13,13,5,5,USD,,,,,,,,,,,21.16,2,,,,,85.44,1,,,,,7.82,1,,,,,,,,,,,,,EUR,15.15,8.27,Illustration Rare,karrablast,Pokémon,https://www.tcggo.com/pokemon/black-bolt/karrablast-94,zsv10pt5-94,642543,singles
2026-08-23T17:19:56+02:00,,770,buchi,buchi,BLK 95,95,836098,86,172,BLK,Pokémon,pokemon,223,https://images.tcggo.com/tcggo/storage/23035/black-bolt-logo.png,Black Bolt,EUR,2524.88,EUR,3066.74,2025-07-18,1,Scarlet & Violet,scarlet-violet,black-bolt,50,23180,https://images.tcggo.com/tcggo/storage/23149/foongus.png,https://www.tcggo.com/external/cm/23180,https://www.tcggo.com/external/tcgplayer/23180,Foongus,Foongus 95,12.2,12.82,147,EUR,[],,,,,,,,,,9.95,8,13.2,9.5,9.5,9.95,8.5,9.5,4,4,USD,88.37,1,,,,,,,,,,,,,,,,,,,,,,,,,,,,,,,,,,,EUR,16.24,11.17,Illustration Rare,foongus,Pokémon,https://www.tcggo.com/pokemon/black-bolt/foongus-95,zsv10pt5-95,642544,singles
2026-08-23T17:19:56+02:00,,374,OKUBO,okubo,BLK 96,96,836100,86,172,BLK,Pokémon,pokemon,223,https://images.tcggo.com/tcggo/storage/23035/black-bolt-logo.png,Black Bolt,EUR,2524.88,EUR,3066.74,2025-07-18,1,Scarlet & Violet,scarlet-violet,black-bolt,120,23181,https://images.tcggo.com/tcggo/storage/23150/amoonguss.png,https://www.tcggo.com/external/cm/23181,https://www.tcggo.com/external/tcgplayer/23181,Amoonguss,Amoonguss 96,30,31.82,84,EUR,[],,,,,,,,,,32,28,28,18.9,18.9,32,28.99,28.99,38,38,USD,,,,,,,,,,,62.53,1,,,6.5,1,,,,,,,23.71,2,,,,,,,,,,,,,EUR,38.93,30.16,Illustration Rare,amoonguss,Pokémon,https://www.tcggo.com/pokemon/black-bolt/amoonguss-96,zsv10pt5-96,642545,singles
2026-08-23T17:19:56+02:00,,820,Tomowaka,tomowaka,BLK 97,97,836101,86,172,BLK,Pokémon,pokemon,223,https://images.tcggo.com/tcggo/storage/23035/black-bolt-logo.png,Black Bolt,EUR,2524.88,EUR,3066.74,2025-07-18,1,Scarlet & Violet,scarlet-violet,black-bolt,80,23182,https://images.tcggo.com/tcggo/storage/23151/darumaka.png,https://www.tcggo.com/external/cm/23182,https://www.tcggo.com/external/tcgplayer/23182,Darumaka,Darumaka 97,9.07,8.55,169,EUR,[],,,,,,,,,,9.5,7.99,7.99,9.45,9.45,9.99,15,15,5,5,USD,,,,,,,,,,,,,,,,,170.98,1,,,,,,,,,,,,,,,,,,,EUR,14.14,8.55,Illustration Rare,darumaka,Pokémon,https://www.tcggo.com/pokemon/black-bolt/darumaka-97,zsv10pt5-97,642547,singles
2026-08-23T17:19:56+02:00,,395,Nisota Niso,nisota-niso,BLK 98,98,836102,86,172,BLK,Pokémon,pokemon,223,https://images.tcggo.com/tcggo/storage/23035/black-bolt-logo.png,Black Bolt,EUR,2524.88,EUR,3066.74,2025-07-18,1,Scarlet & Violet,scarlet-violet,black-bolt,140,23183,https://images.tcggo.com/tcggo/storage/23152/darmanitan.png,https://www.tcggo.com/external/cm/23183,https://www.tcggo.com/external/tcgplayer/23183,Darmanitan,Darmanitan 98,9.45,9.73,144,EUR,,,,,40,,,,,40,9.98,7,7.95,19.95,19.95,9.98,10,10,4.9,4.9,USD,,,,,,,,,,,,,,,,,,,,,4.11,1,30.91,1,,,,,,,,,,,,,EUR,10.29,6.84,Illustration Rare,darmanitan,Pokémon,https://www.tcggo.com/pokemon/black-bolt/darmanitan-98,zsv10pt5-98,642548,singles
2026-08-23T17:19:56+02:00,,367,Katsunori Sato,katsunori-sato,BLK 99,99,836105,86,172,BLK,Pokémon,pokemon,223,https://images.tcggo.com/tcggo/storage/23035/black-bolt-logo.png,Black Bolt,EUR,2524.88,EUR,3066.74,2025-07-18,1,Scarlet & Violet,scarlet-violet,black-bolt,60,23184,https://images.tcggo.com/tcggo/storage/23153/larvesta.png,https://www.tcggo.com/external/cm/23184,https://www.tcggo.com/external/tcgplayer/23184,Larvesta,Larvesta 99,11,12.96,164,EUR,[],,,,,,,,,,11.37,9.99,9.99,15,15,13,9.45,9.5,5,5,USD,,,,,15.36,1,,,,,,,,,,,,,,,,,29.95,1,,,,,,,,,,,,,EUR,13.06,8.55,Illustration Rare,larvesta,Pokémon,https://www.tcggo.com/pokemon/black-bolt/larvesta-99,zsv10pt5-99,642552,singles
2026-08-23T17:19:56+02:00,,434,AKIRA EGAWA,akira-egawa,BLK 100,100,836107,86,172,BLK,Pokémon,pokemon,223,https://images.tcggo.com/tcggo/storage/23035/black-bolt-logo.png,Black Bolt,EUR,2524.88,EUR,3066.74,2025-07-18,1,Scarlet & Violet,scarlet-violet,black-bolt,120,23185,https://images.tcggo.com/tcggo/storage/23154/volcarona.png,https://www.tcggo.com/external/cm/23185,https://www.tcggo.com/external/tcgplayer/23185,Volcarona,Volcarona 100,45.2,47.53,74,EUR,[],,,,,,,,,,45,42.5,42.5,34.99,34.99,48.99,49.99,49.99,36,36,USD,139.86,4,,,,,,,,,353,1,,,,,909.09,5,27.27,2,31.82,5,29.47,5,,,,,,,,,,,,,EUR,52.23,30.44,Illustration Rare,volcarona,Pokémon,https://www.tcggo.com/pokemon/black-bolt/volcarona-100,zsv10pt5-100,642553,singles
2026-08-23T17:19:56+02:00,,825,Hoshino KURO,hoshino-kuro,BLK 101,101,836109,86,172,BLK,Pokémon,pokemon,223,https://images.tcggo.com/tcggo/storage/23035/black-bolt-logo.png,Black Bolt,EUR,2524.88,EUR,3066.74,2025-07-18,1,Scarlet & Violet,scarlet-violet,black-bolt,70,23186,https://images.tcggo.com/tcggo/storage/23155/panpour.png,https://www.tcggo.com/external/cm/23186,https://www.tcggo.com/external/tcgplayer/23186,Panpour,Panpour 101,10.49,9.87,158,EUR,[],,,,,,,,,,7.8,9.1,11,7,7,10.95,10,10,4.5,4.5,USD,42.36,2,,,22.69,2,,,,,21.48,2,,,,,221.16,5,,,12.27,3,20.34,5,,,,,,,,,,,,,EUR,12.57,7.6,Illustration Rare,panpour,Pokémon,https://www.tcggo.com/pokemon/black-bolt/panpour-101,zsv10pt5-101,642554,singles
2026-08-23T17:19:56+02:00,,357,Yoriyuki Ikegami,yoriyuki-ikegami,BLK 102,102,836111,86,172,BLK,Pokémon,pokemon,223,https://images.tcggo.com/tcggo/storage/23035/black-bolt-logo.png,Black Bolt,EUR,2524.88,EUR,3066.74,2025-07-18,1,Scarlet & Violet,scarlet-violet,black-bolt,100,23187,https://images.tcggo.com/tcggo/storage/23156/simipour.png,https://www.tcggo.com/external/cm/23187,https://www.tcggo.com/external/tcgplayer/23187,Simipour,Simipour 102,9.92,8.1,181,EUR,,,,,,,,200,,,7,6.49,7,7,7,7,10,10,4.5,4.5,USD,42.78,2,,,15.96,4,,,,,30.5,2,,,,,185.85,5,,,11.01,4,22.3,5,,,,,,,,,,,17.73,1,EUR,12.79,6.22,Illustration Rare,simipour,Pokémon,https://www.tcggo.com/pokemon/black-bolt/simipour-102,zsv10pt5-102,642555,singles
2026-08-23T17:19:56+02:00,,404,aspara,aspara,BLK 103,103,836113,86,172,BLK,Pokémon,pokemon,223,https://images.tcggo.com/tcggo/storage/23035/black-bolt-logo.png,Black Bolt,EUR,2524.88,EUR,3066.74,2025-07-18,1,Scarlet & Violet,scarlet-violet,black-bolt,60,23188,https://images.tcggo.com/tcggo/storage/23157/tympole.png,https://www.tcggo.com/external/cm/23188,https://www.tcggo.com/external/tcgplayer/23188,Tympole,Tympole 103,9.04,9.44,184,EUR,,,,,,,,95,,25,8,7,7,6.45,6.45,8,7.99,7.99,3,3,USD,33.17,2,,,16.42,2,,,,,11.16,1,,,10.21,2,151.84,5,10.51,1,9.87,5,15.98,5,,,,,59.99,1,,,,,,,EUR,12.97,7.68,Illustration Rare,tympole,Pokémon,https://www.tcggo.com/pokemon/black-bolt/tympole-103,zsv10pt5-103,642556,singles
2026-08-23T17:19:56+02:00,,382,KEIICHIRO ITO,keiichiro-ito,BLK 104,104,836115,86,172,BLK,Pokémon,pokemon,223,https://images.tcggo.com/tcggo/storage/23035/black-bolt-logo.png,Black Bolt,EUR,2524.88,EUR,3066.74,2025-07-18,1,Scarlet & Violet,scarlet-violet,black-bolt,90,23189,https://images.tcggo.com/tcggo/storage/23158/palpitoad.png,https://www.tcggo.com/external/cm/23189,https://www.tcggo.com/external/tcgplayer/23189,Palpitoad,Palpitoad 104,9.38,10.01,231,EUR,[],,,,,,,,,,9.49,9,9,7.5,7.5,9.49,8.5,8.5,4,4,USD,39.63,5,14.82,1,11.34,1,,,8.92,3,27.06,2,11.85,1,11,1,314.04,5,5.58,1,9.22,5,16.36,5,,,,,24.42,2,,,,,,,EUR,11.02,7.44,Illustration Rare,palpitoad,Pokémon,https://www.tcggo.com/pokemon/black-bolt/palpitoad-104,zsv10pt5-104,642557,singles
2026-08-23T17:19:56+02:00,,421,Shinji Kanda,shinji-kanda,BLK 105,105,836117,86,172,BLK,Pokémon,pokemon,223,https://images.tcggo.com/tcggo/storage/23035/black-bolt-logo.png,Black Bolt,EUR,2524.88,EUR,3066.74,2025-07-18,1,Scarlet & Violet,scarlet-violet,black-bolt,170,23190,https://images.tcggo.com/tcggo/storage/23159/seismitoad.png,https://www.tcggo.com/external/cm/23190,https://www.tcggo.com/external/tcgplayer/23190,Seismitoad,Seismitoad 105,273.49,181.58,121,EUR,,,169,,,1000,,2199,129,265,175,180,180,115,115,175,180,180,113,113,USD,470.2,5,101.59,2,134.92,5,,,205,1,429.87,5,,,159.68,4,2227.87,5,157.37,5,167.84,5,198.12,5,,,,,934.86,5,,,,,224.28,5,EUR,199.67,170.81,Illustration Rare,seismitoad,Pokémon,https://www.tcggo.com/pokemon/black-bolt/seismitoad-105,zsv10pt5-105,642558,singles
2026-08-23T17:19:56+02:00,,826,Akino Fukuji,akino-fukuji,BLK 106,106,836119,86,172,BLK,Pokémon,pokemon,223,https://images.tcggo.com/tcggo/storage/23035/black-bolt-logo.png,Black Bolt,EUR,2524.88,EUR,3066.74,2025-07-18,1,Scarlet & Violet,scarlet-violet,black-bolt,100,23191,https://images.tcggo.com/tcggo/storage/23160/tirtouga.png,https://www.tcggo.com/external/cm/23191,https://www.tcggo.com/external/tcgplayer/23191,Tirtouga,Tirtouga 106,26.81,18.38,111,EUR,,,,,,,,420,,40,27.99,22,22,13,13,27.99,27,27,8,8,USD,80.02,3,31.44,1,22.49,4,,,,,45,4,,,23.59,2,221.92,5,13.27,1,22.19,5,44.23,5,,,,,,,,,,,,,EUR,29.79,14.73,Illustration Rare,tirtouga,Pokémon,https://www.tcggo.com/pokemon/black-bolt/tirtouga-106,zsv10pt5-106,642559,singles
2026-08-23T17:19:56+02:00,,436,Takeshi Nakamura,takeshi-nakamura,BLK 107,107,836121,86,172,BLK,Pokémon,pokemon,223,https://images.tcggo.com/tcggo/storage/23035/black-bolt-logo.png,Black Bolt,EUR,2524.88,EUR,3066.74,2025-07-18,1,Scarlet & Violet,scarlet-violet,black-bolt,180,23192,https://images.tcggo.com/tcggo/storage/23161/carracosta.png,https://www.tcggo.com/external/cm/23192,https://www.tcggo.com/external/tcgplayer/23192,Carracosta,Carracosta 107,11.66,10.6,182,EUR,,,,,,102,,,,40,8,15,16,7.95,7.95,8,20,20,4.5,4.5,USD,49.56,1,,,20.51,2,,,,,37.92,4,,,,,211.86,5,,,16.35,5,18.58,5,12.8,1,,,82.6,2,,,,,,,EUR,11.48,6.83,Illustration Rare,carracosta,Pokémon,https://www.tcggo.com/pokemon/black-bolt/carracosta-107,zsv10pt5-107,642560,singles
2026-08-23T17:19:56+02:00,,390,Rond,rond,BLK 108,108,836123,86,172,BLK,Pokémon,pokemon,223,https://images.tcggo.com/tcggo/storage/23035/black-bolt-logo.png,Black Bolt,EUR,2524.88,EUR,3066.74,2025-07-18,1,Scarlet & Violet,scarlet-violet,black-bolt,110,23193,https://images.tcggo.com/tcggo/storage/23162/alomomola.png,https://www.tcggo.com/external/cm/23193,https://www.tcggo.com/external/tcgplayer/23193,Alomomola,Alomomola 108,26.07,23.98,115,EUR,[],,,,,,,,,,24.45,28.89,28.89,12,12,24.45,29.99,29.99,11,11,USD,,,,,,,,,,,15.21,1,,,,,106.15,5,,,12.4,3,22.11,5,,,,,50.55,4,,,,,,,EUR,21.69,11.4,Illustration Rare,alomomola,Pokémon,https://www.tcggo.com/pokemon/black-bolt/alomomola-108,zsv10pt5-108,642561,singles
2026-08-23T17:19:56+02:00,,389,osare,osare,BLK 109,109,836125,86,172,BLK,Pokémon,pokemon,223,https://images.tcggo.com/tcggo/storage/23035/black-bolt-logo.png,Black Bolt,EUR,2524.88,EUR,3066.74,2025-07-18,1,Scarlet & Violet,scarlet-violet,black-bolt,70,23194,https://images.tcggo.com/tcggo/storage/23163/cubchoo.png,https://www.tcggo.com/external/cm/23194,https://www.tcggo.com/external/tcgplayer/23194,Cubchoo,Cubchoo 109,12.8,14.83,183,EUR,,,,,39,,,350,,38,10,11.9,11.9,9.99,9.99,10,10,10,4.9,4.9,USD,66.42,2,,,13.99,1,,,14.05,2,42.23,2,,,9.68,1,156.11,5,,,16.06,5,15.24,5,,,,,,,,,,,22.44,1,EUR,16.81,11.96,Illustration Rare,cubchoo,Pokémon,https://www.tcggo.com/pokemon/black-bolt/cubchoo-109,zsv10pt5-109,642562,singles
2026-08-23T17:19:56+02:00,,432,Whisker,whisker,BLK 110,110,836127,86,172,BLK,Pokémon,pokemon,223,https://images.tcggo.com/tcggo/storage/23035/black-bolt-logo.png,Black Bolt,EUR,2524.88,EUR,3066.74,2025-07-18,1,Scarlet & Violet,scarlet-violet,black-bolt,150,23195,https://images.tcggo.com/tcggo/storage/23164/beartic.png,https://www.tcggo.com/external/cm/23195,https://www.tcggo.com/external/tcgplayer/23195,Beartic,Beartic 110,7.31,6.71,179,EUR,,,,,,,,,,35,4.4,5,5.89,5,5,6.98,9,10,2.99,2.99,,,,,,,,,,,,,,,,,,,,,,,,,,,,,,,,,,,,,,EUR,9.27,6.04,Illustration Rare,beartic,Pokémon,https://www.tcggo.com/pokemon/black-bolt/beartic-110,zsv10pt5-110,642563,singles
2026-08-23T17:19:56+02:00,,403,rika,rika,BLK 111,111,836129,86,172,BLK,Pokémon,pokemon,223,https://images.tcggo.com/tcggo/storage/23035/black-bolt-logo.png,Black Bolt,EUR,2524.88,EUR,3066.74,2025-07-18,1,Scarlet & Violet,scarlet-violet,black-bolt,90,23196,https://images.tcggo.com/tcggo/storage/23165/cryogonal.png,https://www.tcggo.com/external/cm/23196,https://www.tcggo.com/external/tcgplayer/23196,Cryogonal,Cryogonal 111,7.61,7.56,182,EUR,,,,,40,,,129,,,6,8,8,7,7,6.3,8.45,8.45,4,4,USD,,,14.83,1,16.34,1,,,,,25,1,,,,,68,5,,,12,2,14.69,5,,,,,,,,,,,,,EUR,8.15,5.13,Illustration Rare,cryogonal,Pokémon,https://www.tcggo.com/pokemon/black-bolt/cryogonal-111,zsv10pt5-111,642564,singles
2026-08-23T17:19:56+02:00,,372,Tomomi Ozaki,tomomi-ozaki,BLK 112,112,836132,86,172,BLK,Pokémon,pokemon,223,https://images.tcggo.com/tcggo/storage/23035/black-bolt-logo.png,Black Bolt,EUR,2524.88,EUR,3066.74,2025-07-18,1,Scarlet & Violet,scarlet-violet,black-bolt,70,23197,https://images.tcggo.com/tcggo/storage/23166/emolga.png,https://www.tcggo.com/external/cm/23197,https://www.tcggo.com/external/tcgplayer/23197,Emolga,Emolga 112,14.66,18.63,122,EUR,,,,,,200,,200,,50,15,9.44,14.79,9,9,15,17.99,17.99,5,5,USD,48.57,3,15.96,1,20,3,,,7.46,2,26.97,2,,,,,197,5,,,10.33,3,19.62,5,,,,,124.91,2,,,,,,,EUR,16.04,9.41,Illustration Rare,emolga,Pokémon,https://www.tcggo.com/pokemon/black-bolt/emolga-112,zsv10pt5-112,642565,singles
2026-08-23T17:19:56+02:00,,513,ryoma uratsuka,ryoma-uratsuka,BLK 113,113,836135,86,172,BLK,Pokémon,pokemon,223,https://images.tcggo.com/tcggo/storage/23035/black-bolt-logo.png,Black Bolt,EUR,2524.88,EUR,3066.74,2025-07-18,1,Scarlet & Violet,scarlet-violet,black-bolt,40,23198,https://images.tcggo.com/tcggo/storage/23167/tynamo.png,https://www.tcggo.com/external/cm/23198,https://www.tcggo.com/external/tcgplayer/23198,Tynamo,Tynamo 113,13.86,14.48,188,EUR,,,,,,150,,330,,35,14,13.99,13.99,14,14,14,15,15,7,7,USD,49.67,2,,,19.77,3,,,,,32.68,3,,,,,280.69,5,,,12.5,5,22.29,5,,,,,124.98,2,,,,,18.9,2,EUR,17.85,13.97,Illustration Rare,tynamo,Pokémon,https://www.tcggo.com/pokemon/black-bolt/tynamo-113,zsv10pt5-113,642566,singles
2026-08-23T17:19:56+02:00,,397,Kurata So,kurata-so,BLK 114,114,836137,86,172,BLK,Pokémon,pokemon,223,https://images.tcggo.com/tcggo/storage/23035/black-bolt-logo.png,Black Bolt,EUR,2524.88,EUR,3066.74,2025-07-18,1,Scarlet & Violet,scarlet-violet,black-bolt,90,23199,https://images.tcggo.com/tcggo/storage/23168/eelektrik.png,https://www.tcggo.com/external/cm/23199,https://www.tcggo.com/external/tcgplayer/23199,Eelektrik,Eelektrik 114,21.68,21.91,137,EUR,,,,,,25,,,,49,19.85,18,18,16,16,20,24,24,14,14,USD,28.74,1,,,23.8,1,,,,,,,,,13.01,1,139.38,5,,,13.27,4,17.65,5,,,,,,,,,,,,,EUR,19.55,18.74,Illustration Rare,eelektrik,Pokémon,https://www.tcggo.com/pokemon/black-bolt/eelektrik-114,zsv10pt5-114,642567,singles
2026-08-23T17:19:56+02:00,,425,Yukiko Baba,yukiko-baba,BLK 115,115,836139,86,172,BLK,Pokémon,pokemon,223,https://images.tcggo.com/tcggo/storage/23035/black-bolt-logo.png,Black Bolt,EUR,2524.88,EUR,3066.74,2025-07-18,1,Scarlet & Violet,scarlet-violet,black-bolt,160,23200,https://images.tcggo.com/tcggo/storage/23169/eelektross.png,https://www.tcggo.com/external/cm/23200,https://www.tcggo.com/external/tcgplayer/23200,Eelektross,Eelektross 115,29.55,23.11,113,EUR,[],,,,,,,,,,18,14.43,18,12.5,12.5,18,26,26,64.95,64.95,USD,,,,,21.25,3,,,,,81.31,4,,,,,373.8,5,17.94,1,18.79,5,26.91,5,,,,,100,1,,,,,,,EUR,24.46,15.38,Illustration Rare,eelektross,Pokémon,https://www.tcggo.com/pokemon/black-bolt/eelektross-115,zsv10pt5-115,642568,singles
2026-08-23T17:19:56+02:00,,449,miki kudo,miki-kudo,BLK 116,116,836144,86,172,BLK,Pokémon,pokemon,223,https://images.tcggo.com/tcggo/storage/23035/black-bolt-logo.png,Black Bolt,EUR,2524.88,EUR,3066.74,2025-07-18,1,Scarlet & Violet,scarlet-violet,black-bolt,70,23201,https://images.tcggo.com/tcggo/storage/23170/munna.png,https://www.tcggo.com/external/cm/23201,https://www.tcggo.com/external/tcgplayer/23201,Munna,Munna 116,11.06,11.08,160,EUR,,,,,,,,93,40,,10.86,11.99,11.99,5,5,12,9.95,9.95,4,4,,,,,,,,,,,,,,,,,,,,,,,,,,,,,,,,,,,,,,EUR,16.97,10.04,Illustration Rare,munna,Pokémon,https://www.tcggo.com/pokemon/black-bolt/munna-116,zsv10pt5-116,642570,singles
2026-08-23T17:19:56+02:00,,482,Mizue,mizue,BLK 117,117,836146,86,172,BLK,Pokémon,pokemon,223,https://images.tcggo.com/tcggo/storage/23035/black-bolt-logo.png,Black Bolt,EUR,2524.88,EUR,3066.74,2025-07-18,1,Scarlet & Violet,scarlet-violet,black-bolt,120,23202,https://images.tcggo.com/tcggo/storage/23171/musharna.png,https://www.tcggo.com/external/cm/23202,https://www.tcggo.com/external/tcgplayer/23202,Musharna,Musharna 117,8.16,8.15,139,EUR,,,,,,,,229,,,8,8.8,9,7,7,8,8,8,4.5,4.5,USD,207.25,1,,,19.52,2,,,,,107.05,1,,,,,222.27,5,12.63,1,8.47,5,16.73,5,,,,,133.8,1,,,,,,,EUR,10.96,6.83,Illustration Rare,musharna,Pokémon,https://www.tcggo.com/pokemon/black-bolt/musharna-117,zsv10pt5-117,642571,singles
2026-08-23T17:19:56+02:00,,525,USGMEN,usgmen,BLK 118,118,836148,86,172,BLK,Pokémon,pokemon,223,https://images.tcggo.com/tcggo/storage/23035/black-bolt-logo.png,Black Bolt,EUR,2524.88,EUR,3066.74,2025-07-18,1,Scarlet & Violet,scarlet-violet,black-bolt,40,23203,https://images.tcggo.com/tcggo/storage/23172/solosis.png,https://www.tcggo.com/external/cm/23203,https://www.tcggo.com/external/tcgplayer/23203,Solosis,Solosis 118,22.47,26.27,204,EUR,,,,,80,,,500,,70,25,20,21.99,19.9,19.9,25,20,20.5,10.5,10.8,USD,78.52,5,24.57,2,26.42,5,,,,,46.83,5,,,,,393.6,5,11.58,3,25.45,5,23.71,5,,,,,190.51,3,,,,,23.8,5,EUR,26.21,24.67,Illustration Rare,solosis,Pokémon,https://www.tcggo.com/pokemon/black-bolt/solosis-118,zsv10pt5-118,642572,singles
2026-08-23T17:19:56+02:00,,393,Kedamahadaitai Yawarakai,kedamahadaitai-yawarakai,BLK 119,119,836151,86,172,BLK,Pokémon,pokemon,223,https://images.tcggo.com/tcggo/storage/23035/black-bolt-logo.png,Black Bolt,EUR,2524.88,EUR,3066.74,2025-07-18,1,Scarlet & Violet,scarlet-violet,black-bolt,70,23204,https://images.tcggo.com/tcggo/storage/23173/duosion.png,https://www.tcggo.com/external/cm/23204,https://www.tcggo.com/external/tcgplayer/23204,Duosion,Duosion 119,10.69,9.76,177,EUR,,,,,60,,,200,,35,9.98,9,9,40,40,9.98,12,12,5.83,5.83,USD,46.23,1,,,,,,,,,28,3,,,7.07,1,131.91,5,,,14.63,2,17.83,5,,,,,62.42,1,,,,,,,EUR,13.51,10.25,Illustration Rare,duosion,Pokémon,https://www.tcggo.com/pokemon/black-bolt/duosion-119,zsv10pt5-119,642573,singles
2026-08-23T17:19:56+02:00,,420,Masako Tomii,masako-tomii,BLK 120,120,836154,86,172,BLK,Pokémon,pokemon,223,https://images.tcggo.com/tcggo/storage/23035/black-bolt-logo.png,Black Bolt,EUR,2524.88,EUR,3066.74,2025-07-18,1,Scarlet & Violet,scarlet-violet,black-bolt,60,23205,https://images.tcggo.com/tcggo/storage/23174/elgyem.png,https://www.tcggo.com/external/cm/23205,https://www.tcggo.com/external/tcgplayer/23205,Elgyem,Elgyem 120,8.9,9.36,144,EUR,[],,,,,,,,,,7.2,8,8,9.9,9.9,8.4,9,9,4.89,4.89,USD,81.71,2,,,16.07,2,,,,,107.02,1,,,10.03,5,223.36,5,,,13.38,5,22.33,5,,,,,,,,,,,,,EUR,12.5,7.42,Illustration Rare,elgyem,Pokémon,https://www.tcggo.com/pokemon/black-bolt/elgyem-120,zsv10pt5-120,642575,singles
2026-08-23T17:19:56+02:00,,435,Aya Kusube,aya-kusube,BLK 121,121,836156,86,172,BLK,Pokémon,pokemon,223,https://images.tcggo.com/tcggo/storage/23035/black-bolt-logo.png,Black Bolt,EUR,2524.88,EUR,3066.74,2025-07-18,1,Scarlet & Violet,scarlet-violet,black-bolt,90,23206,https://images.tcggo.com/tcggo/storage/23175/beheeyem.png,https://www.tcggo.com/external/cm/23206,https://www.tcggo.com/external/tcgplayer/23206,Beheeyem,Beheeyem 121,5.65,6.1,176,EUR,,,,,,30,,,,,4.75,4.99,4.99,4.5,4.5,4.75,6.75,6.75,3.5,3.5,USD,,,,,,,,,,,,,,,,,266.04,3,,,,,19.51,5,,,,,,,,,,,,,EUR,6.44,4.42,Illustration Rare,beheeyem,Pokémon,https://www.tcggo.com/pokemon/black-bolt/beheeyem-121,zsv10pt5-121,642576,singles
2026-08-23T17:19:56+02:00,,827,Nabatame Kazutaka,nabatame-kazutaka,BLK 122,122,836160,86,172,BLK,Pokémon,pokemon,223,https://images.tcggo.com/tcggo/storage/23035/black-bolt-logo.png,Black Bolt,EUR,2524.88,EUR,3066.74,2025-07-18,1,Scarlet & Violet,scarlet-violet,black-bolt,90,23207,https://images.tcggo.com/tcggo/storage/23176/golett.png,https://www.tcggo.com/external/cm/23207,https://www.tcggo.com/external/tcgplayer/23207,Golett,Golett 122,8.07,7.5,152,EUR,,,,,,,,84,,,7.84,7,7,4.15,4.15,9.98,5,8,3.5,3.5,USD,47.6,2,,,,,,,,,,,,,,,185.79,5,,,13.38,1,26.53,5,,,,,,,,,,,,,EUR,9.05,5.12,Illustration Rare,golett,Pokémon,https://www.tcggo.com/pokemon/black-bolt/golett-122,zsv10pt5-122,642577,singles
2026-08-23T17:19:56+02:00,,786,Shinya Mizuno,shinya-mizuno,BLK 123,123,836162,86,172,BLK,Pokémon,pokemon,223,https://images.tcggo.com/tcggo/storage/23035/black-bolt-logo.png,Black Bolt,EUR,2524.88,EUR,3066.74,2025-07-18,1,Scarlet & Violet,scarlet-violet,black-bolt,160,23208,https://images.tcggo.com/tcggo/storage/23177/golurk.png,https://www.tcggo.com/external/cm/23208,https://www.tcggo.com/external/tcgplayer/23208,Golurk,Golurk 123,9.64,8.92,125,EUR,,,,,,,,285,35,39,7,7.69,7.69,6,6,7.5,7.9,7.9,2.5,2.5,USD,65,1,,,,,,,,,59.77,5,,,,,218.55,5,,,8.84,3,22.29,5,,,,,67.1,2,,,,,16.88,2,EUR,12.44,6.41,Illustration Rare,golurk,Pokémon,https://www.tcggo.com/pokemon/black-bolt/golurk-123,zsv10pt5-123,642578,singles
2026-08-23T17:19:56+02:00,,828,Koji Nakata,koji-nakata,BLK 124,124,836165,86,172,BLK,Pokémon,pokemon,223,https://images.tcggo.com/tcggo/storage/23035/black-bolt-logo.png,Black Bolt,EUR,2524.88,EUR,3066.74,2025-07-18,1,Scarlet & Violet,scarlet-violet,black-bolt,70,23209,https://images.tcggo.com/tcggo/storage/23178/drilbur.png,https://www.tcggo.com/external/cm/23209,https://www.tcggo.com/external/tcgplayer/23209,Drilbur,Drilbur 124,10.69,6.54,169,EUR,[],,,,,,,,,,5,5.99,5.99,6.8,6.8,5,8,8,3,3,,,,,,,,,,,,,,,,,,,,,,,,,,,,,,,,,,,,,,EUR,6.89,5.12,Illustration Rare,drilbur,Pokémon,https://www.tcggo.com/pokemon/black-bolt/drilbur-124,zsv10pt5-124,642579,singles
2026-08-23T17:19:56+02:00,,437,Shigenori Negishi,shigenori-negishi,BLK 125,125,836167,86,172,BLK,Pokémon,pokemon,223,https://images.tcggo.com/tcggo/storage/23035/black-bolt-logo.png,Black Bolt,EUR,2524.88,EUR,3066.74,2025-07-18,1,Scarlet & Violet,scarlet-violet,black-bolt,70,23210,https://images.tcggo.com/tcggo/storage/23179/timburr.png,https://www.tcggo.com/external/cm/23210,https://www.tcggo.com/external/tcgplayer/23210,Timburr,Timburr 125,10.76,11.69,184,EUR,[],,,,,,,,,,10,9.7,9.7,10,10,10,10.2,10.2,3,3,USD,46.96,2,,,21.49,5,,,,,53.52,3,,,17.84,1,170.98,5,,,12.37,5,20.96,5,7.21,1,,,177.52,1,,,,,,,EUR,16.68,8.55,Illustration Rare,timburr,Pokémon,https://www.tcggo.com/pokemon/black-bolt/timburr-125,zsv10pt5-125,642580,singles
2026-08-23T17:19:56+02:00,,377,Souichirou Gunjima,souichirou-gunjima,BLK 126,126,836169,86,172,BLK,Pokémon,pokemon,223,https://images.tcggo.com/tcggo/storage/23035/black-bolt-logo.png,Black Bolt,EUR,2524.88,EUR,3066.74,2025-07-18,1,Scarlet & Violet,scarlet-violet,black-bolt,100,23211,https://images.tcggo.com/tcggo/storage/23180/gurdurr.png,https://www.tcggo.com/external/cm/23211,https://www.tcggo.com/external/tcgplayer/23211,Gurdurr,Gurdurr 126,7.69,7.74,175,EUR,,,,,,,,,,39,6.49,7.39,7.39,5.5,5.5,6.49,7,7.4,3,3,USD,,,,,,,,,,,,,,,,,272.44,2,6.7,2,18.73,1,31.05,2,,,,,,,,,,,26.75,1,EUR,9.79,5.43,Illustration Rare,gurdurr,Pokémon,https://www.tcggo.com/pokemon/black-bolt/gurdurr-126,zsv10pt5-126,642581,singles
2026-08-23T17:19:56+02:00,,439,Kazumasa Yasukuni,kazumasa-yasukuni,BLK 127,127,836170,86,172,BLK,Pokémon,pokemon,223,https://images.tcggo.com/tcggo/storage/23035/black-bolt-logo.png,Black Bolt,EUR,2524.88,EUR,3066.74,2025-07-18,1,Scarlet & Violet,scarlet-violet,black-bolt,140,23212,https://images.tcggo.com/tcggo/storage/23181/conkeldurr.png,https://www.tcggo.com/external/cm/23212,https://www.tcggo.com/external/tcgplayer/23212,Conkeldurr,Conkeldurr 127,36.58,33.66,111,EUR,[],,,,,,,,,,36,27.5,27.5,30,30,36,42.5,42.5,19,19,USD,60.01,2,,,18.6,3,,,,,,,,,,,362.71,5,20.19,1,19.47,4,43.85,5,,,,,142.23,1,,,,,,,EUR,32.52,18.77,Illustration Rare,conkeldurr,Pokémon,https://www.tcggo.com/pokemon/black-bolt/conkeldurr-127,zsv10pt5-127,642582,singles
2026-08-23T17:19:56+02:00,,373,GOSSAN,gossan,BLK 128,128,836172,86,172,BLK,Pokémon,pokemon,223,https://images.tcggo.com/tcggo/storage/23035/black-bolt-logo.png,Black Bolt,EUR,2524.88,EUR,3066.74,2025-07-18,1,Scarlet & Violet,scarlet-violet,black-bolt,130,23213,https://images.tcggo.com/tcggo/storage/23182/throh.png,https://www.tcggo.com/external/cm/23213,https://www.tcggo.com/external/tcgplayer/23213,Throh,Throh 128,6.11,6.14,182,EUR,[],,,,,,,,,,6,5.9,5.9,6.5,6.5,6,7.89,7.89,2,2,,,,,,,,,,,,,,,,,,,,,,,,,,,,,,,,,,,,,,EUR,7.92,5.12,Illustration Rare,throh,Pokémon,https://www.tcggo.com/pokemon/black-bolt/throh-128,zsv10pt5-128,642583,singles
2026-08-23T17:19:56+02:00,,410,Shimaris Yukichi,shimaris-yukichi,BLK 129,129,836174,86,172,BLK,Pokémon,pokemon,223,https://images.tcggo.com/tcggo/storage/23035/black-bolt-logo.png,Black Bolt,EUR,2524.88,EUR,3066.74,2025-07-18,1,Scarlet & Violet,scarlet-violet,black-bolt,70,23214,https://images.tcggo.com/tcggo/storage/23183/dwebble.png,https://www.tcggo.com/external/cm/23214,https://www.tcggo.com/external/tcgplayer/23214,Dwebble,Dwebble 129,36.34,37.09,149,EUR,,,,,,,,225,,80,41.99,29.89,29.89,25,25,41.99,26,26,14.99,14.99,USD,158.86,5,19.13,1,31,5,,,,,152.52,5,,,,,680.37,5,,,58.32,5,114.64,5,,,,,,,,,,,28,3,EUR,45,23.08,Illustration Rare,dwebble,Pokémon,https://www.tcggo.com/pokemon/black-bolt/dwebble-129,zsv10pt5-129,642584,singles
2026-08-23T17:19:56+02:00,,376,MINAMINAMI Take,minaminami-take,BLK 130,130,836176,86,172,BLK,Pokémon,pokemon,223,https://images.tcggo.com/tcggo/storage/23035/black-bolt-logo.png,Black Bolt,EUR,2524.88,EUR,3066.74,2025-07-18,1,Scarlet & Violet,scarlet-violet,black-bolt,150,23215,https://images.tcggo.com/tcggo/storage/23184/crustle.png,https://www.tcggo.com/external/cm/23215,https://www.tcggo.com/external/tcgplayer/23215,Crustle,Crustle 130,5.55,5.64,200,EUR,,,,,,,,200,,,4.9,4.5,4.99,4.5,4.5,4.9,7,7,2.5,2.5,USD,29.82,1,,,,,,,,,,,,,3.51,1,169.96,1,,,,,17.73,3,,,,,124.15,1,,,,,,,EUR,6.06,4.28,Illustration Rare,crustle,Pokémon,https://www.tcggo.com/pokemon/black-bolt/crustle-130,zsv10pt5-130,642585,singles
2026-08-23T17:19:56+02:00,,433,SIE NANAHARA,sie-nanahara,BLK 131,131,836177,86,172,BLK,Pokémon,pokemon,223,https://images.tcggo.com/tcggo/storage/23035/black-bolt-logo.png,Black Bolt,EUR,2524.88,EUR,3066.74,2025-07-18,1,Scarlet & Violet,scarlet-violet,black-bolt,130,23216,https://images.tcggo.com/tcggo/storage/23185/landorus.png,https://www.tcggo.com/external/cm/23216,https://www.tcggo.com/external/tcgplayer/23216,Landorus,Landorus 131,33.73,40.49,98,EUR,[],,,,,,,,,,26.68,31.99,31.99,39.9,39.9,26.68,53.99,53.99,24.99,24.99,USD,86.77,3,,,20.98,5,,,,,28.49,2,,,,,266.91,5,,,17.79,5,21.31,5,,,,,178.51,2,,,,,,,EUR,26.71,19.32,Illustration Rare,landorus,Pokémon,https://www.tcggo.com/pokemon/black-bolt/landorus-131,zsv10pt5-131,642586,singles
2026-08-23T17:19:56+02:00,,822,Apios,apios,BLK 132,132,836181,86,172,BLK,Pokémon,pokemon,223,https://images.tcggo.com/tcggo/storage/23035/black-bolt-logo.png,Black Bolt,EUR,2524.88,EUR,3066.74,2025-07-18,1,Scarlet & Violet,scarlet-violet,black-bolt,80,23217,https://images.tcggo.com/tcggo/storage/23186/venipede.png,https://www.tcggo.com/external/cm/23217,https://www.tcggo.com/external/tcgplayer/23217,Venipede,Venipede 132,7.66,8.1,179,EUR,[],,,,,,,,,,7.84,7,7,4.5,4.5,7.98,7.75,7.75,3.7,3.7,USD,29,2,,,,,,,,,24.17,1,,,10.75,1,212.99,2,7.85,1,,,13.75,5,,,,,,,,,,,,,EUR,7.15,5.68,Illustration Rare,venipede,Pokémon,https://www.tcggo.com/pokemon/black-bolt/venipede-132,zsv10pt5-132,642587,singles
2026-08-23T17:19:56+02:00,,493,kurumitsu,kurumitsu,BLK 133,133,836183,86,172,BLK,Pokémon,pokemon,223,https://images.tcggo.com/tcggo/storage/23035/black-bolt-logo.png,Black Bolt,EUR,2524.88,EUR,3066.74,2025-07-18,1,Scarlet & Violet,scarlet-violet,black-bolt,100,23218,https://images.tcggo.com/tcggo/storage/23187/whirlipede.png,https://www.tcggo.com/external/cm/23218,https://www.tcggo.com/external/tcgplayer/23218,Whirlipede,Whirlipede 133,6.39,6.76,224,EUR,,,,,,,,200,,30,6.39,6.25,6.25,4.97,4.97,6.39,6.98,6.98,2.94,2.94,USD,21.35,1,,,11.33,2,,,,,,,,,4.84,1,148.41,3,4.84,1,13.41,1,14.45,5,,,,,,,,,,,,,EUR,6.44,5.13,Illustration Rare,whirlipede,Pokémon,https://www.tcggo.com/pokemon/black-bolt/whirlipede-133,zsv10pt5-133,642588,singles
2026-08-23T17:19:56+02:00,,392,Oku,oku,BLK 134,134,836187,86,172,BLK,Pokémon,pokemon,223,https://images.tcggo.com/tcggo/storage/23035/black-bolt-logo.png,Black Bolt,EUR,2524.88,EUR,3066.74,2025-07-18,1,Scarlet & Violet,scarlet-violet,black-bolt,160,23219,https://images.tcggo.com/tcggo/storage/23188/scolipede.png,https://www.tcggo.com/external/cm/23219,https://www.tcggo.com/external/tcgplayer/23219,Scolipede,Scolipede 134,26.07,25.29,88,EUR,[],,,,,,,,,,21,35.98,35.98,30,30,21,34,34,15.9,15.9,USD,48.38,2,,,13.44,3,,,,,22.3,1,,,,,148.68,5,,,17.83,5,22.3,5,80.29,1,,,,,,,,,,,EUR,24.54,18.8,Illustration Rare,scolipede,Pokémon,https://www.tcggo.com/pokemon/black-bolt/scolipede-134,zsv10pt5-134,642589,singles
2026-08-23T17:19:56+02:00,,469,Fujimoto Gold,fujimoto-gold,BLK 135,135,836190,86,172,BLK,Pokémon,pokemon,223,https://images.tcggo.com/tcggo/storage/23035/black-bolt-logo.png,Black Bolt,EUR,2524.88,EUR,3066.74,2025-07-18,1,Scarlet & Violet,scarlet-violet,black-bolt,70,23220,https://images.tcggo.com/tcggo/storage/23189/sandile.png,https://www.tcggo.com/external/cm/23220,https://www.tcggo.com/external/tcgplayer/23220,Sandile,Sandile 135,10.4,11.46,166,EUR,,,,,,,,195,,39,10.99,9.5,9.5,5,5,12,7.25,7.25,3.79,3.79,USD,33.03,4,,,14.83,5,,,,,133.87,2,,,,,222.27,5,,,10.7,5,26.75,5,,,,,,,,,,,,,EUR,13.38,7.75,Illustration Rare,sandile,Pokémon,https://www.tcggo.com/pokemon/black-bolt/sandile-135,zsv10pt5-135,642590,singles
2026-08-23T17:19:56+02:00,,471,Tonji Matsuno,tonji-matsuno,BLK 136,136,836192,86,172,BLK,Pokémon,pokemon,223,https://images.tcggo.com/tcggo/storage/23035/black-bolt-logo.png,Black Bolt,EUR,2524.88,EUR,3066.74,2025-07-18,1,Scarlet & Violet,scarlet-violet,black-bolt,100,23221,https://images.tcggo.com/tcggo/storage/23190/krokorok.png,https://www.tcggo.com/external/cm/23221,https://www.tcggo.com/external/tcgplayer/23221,Krokorok,Krokorok 136,7.44,7.31,195,EUR,,,,,,,,325,,25,6.99,7,7,8,8,6.99,9,9,3.5,3.5,USD,,,,,29.26,2,,,,,56.27,4,,,,,208.15,5,7.43,1,,,22.29,5,,,,,,,,,,,,,EUR,11.61,5.98,Illustration Rare,krokorok,Pokémon,https://www.tcggo.com/pokemon/black-bolt/krokorok-136,zsv10pt5-136,642591,singles
2026-08-23T17:19:56+02:00,,419,Uninori,uninori,BLK 137,137,836193,86,172,BLK,Pokémon,pokemon,223,https://images.tcggo.com/tcggo/storage/23035/black-bolt-logo.png,Black Bolt,EUR,2524.88,EUR,3066.74,2025-07-18,1,Scarlet & Violet,scarlet-violet,black-bolt,170,23222,https://images.tcggo.com/tcggo/storage/23191/krookodile.png,https://www.tcggo.com/external/cm/23222,https://www.tcggo.com/external/tcgplayer/23222,Krookodile,Krookodile 137,46.23,44.78,97,EUR,[],,,,,,,,,,47,50,50,38,38,47,60,60,29.99,29.99,USD,162.29,2,22.75,2,34.68,3,,,,,59.48,1,,,38.74,2,411.93,5,32.15,1,18.5,5,62.28,5,,,,,189.51,3,,,,,53.37,1,EUR,47.34,34.19,Illustration Rare,krookodile,Pokémon,https://www.tcggo.com/pokemon/black-bolt/krookodile-137,zsv10pt5-137,642592,singles
2026-08-23T17:19:56+02:00,,428,Uta,uta,BLK 138,138,836197,86,172,BLK,Pokémon,pokemon,223,https://images.tcggo.com/tcggo/storage/23035/black-bolt-logo.png,Black Bolt,EUR,2524.88,EUR,3066.74,2025-07-18,1,Scarlet & Violet,scarlet-violet,black-bolt,130,23223,https://images.tcggo.com/tcggo/storage/23192/escavalier.png,https://www.tcggo.com/external/cm/23223,https://www.tcggo.com/external/tcgplayer/23223,Escavalier,Escavalier 138,24.9,27.27,115,EUR,[],,,,,,,,,,21.65,27.5,29.5,10,10,22,28,28,9.48,9.48,USD,47.1,3,,,22.34,1,,,,,44.22,1,,,,,186.96,5,,,9.97,5,17.17,5,,,,,70,2,,,,,3.16,1,EUR,15.63,12.29,Illustration Rare,escavalier,Pokémon,https://www.tcggo.com/pokemon/black-bolt/escavalier-138,zsv10pt5-138,642595,singles
2026-08-23T17:19:56+02:00,,508,Nobuhiro Imagawa,nobuhiro-imagawa,BLK 139,139,836205,86,172,BLK,Pokémon,pokemon,223,https://images.tcggo.com/tcggo/storage/23035/black-bolt-logo.png,Black Bolt,EUR,2524.88,EUR,3066.74,2025-07-18,1,Scarlet & Violet,scarlet-violet,black-bolt,60,23224,https://images.tcggo.com/tcggo/storage/23193/klink.png,https://www.tcggo.com/external/cm/23224,https://www.tcggo.com/external/tcgplayer/23224,Klink,Klink 139,6.38,6.92,204,EUR,[],,,,,,,,,,6.66,4.9,4.9,7,7,6.89,6.2,6.2,2.9,2.9,,,,,,,,,,,,,,,,,,,,,,,,,,,,,,,,,,,,,,EUR,7.32,4.58,Illustration Rare,klink,Pokémon,https://www.tcggo.com/pokemon/black-bolt/klink-139,zsv10pt5-139,642261,singles
2026-08-23T17:19:56+02:00,,823,okayamatakatoshi,okayamatakatoshi,BLK 140,140,836206,86,172,BLK,Pokémon,pokemon,223,https://images.tcggo.com/tcggo/storage/23035/black-bolt-logo.png,Black Bolt,EUR,2524.88,EUR,3066.74,2025-07-18,1,Scarlet & Violet,scarlet-violet,black-bolt,90,23225,https://images.tcggo.com/tcggo/storage/23194/klang.png,https://www.tcggo.com/external/cm/23225,https://www.tcggo.com/external/tcgplayer/23225,Klang,Klang 140,5.78,5.86,197,EUR,,,,,,,,170,,,2.5,5,5,5.4,5.4,2.5,6.9,6.9,2.5,2.5,USD,,,,,,,,,,,25,1,,,,,64.99,5,,,,,14.99,5,,,,,,,,,,,,,EUR,5.59,4.26,Illustration Rare,klang,Pokémon,https://www.tcggo.com/pokemon/black-bolt/klang-140,zsv10pt5-140,642262,singles
2026-08-23T17:19:56+02:00,,401,Yuka Morii,yuka-morii,BLK 141,141,836208,86,172,BLK,Pokémon,pokemon,223,https://images.tcggo.com/tcggo/storage/23035/black-bolt-logo.png,Black Bolt,EUR,2524.88,EUR,3066.74,2025-07-18,1,Scarlet & Violet,scarlet-violet,black-bolt,150,23226,https://images.tcggo.com/tcggo/storage/23195/klinklang.png,https://www.tcggo.com/external/cm/23226,https://www.tcggo.com/external/tcgplayer/23226,Klinklang,Klinklang 141,21.74,21.53,85,EUR,[],,,,,,,,,,24,21,21,11,11,25,32.5,33,14.49,14.49,USD,44,1,,,19.5,2,,,,,,,,,12.48,1,117,5,7.95,1,17.74,5,35.47,5,,,,,,,,,,,,,EUR,28.33,19.79,Illustration Rare,klinklang,Pokémon,https://www.tcggo.com/pokemon/black-bolt/klinklang-141,zsv10pt5-141,642263,singles
2026-08-23T17:19:56+02:00,,422,Dsuke,dsuke,BLK 142,142,836199,86,172,BLK,Pokémon,pokemon,223,https://images.tcggo.com/tcggo/storage/23035/black-bolt-logo.png,Black Bolt,EUR,2524.88,EUR,3066.74,2025-07-18,1,Scarlet & Violet,scarlet-violet,black-bolt,60,23227,https://images.tcggo.com/tcggo/storage/23196/pawniard.png,https://www.tcggo.com/external/cm/23227,https://www.tcggo.com/external/tcgplayer/23227,Pawniard,Pawniard 142,9.96,6.53,198,EUR,[],,,,,,,,,,6,5.99,5.99,7,7,6,23.95,23.95,2,2,USD,39.04,2,,,23.7,2,,,,,12.49,2,,,,,146.83,5,7.83,1,10.62,4,13.04,5,,,,,,,,,,,,,EUR,7.43,5.54,Illustration Rare,pawniard,Pokémon,https://www.tcggo.com/pokemon/black-bolt/pawniard-142,zsv10pt5-142,642596,singles
2026-08-23T17:19:56+02:00,,369,toriyufu,toriyufu,BLK 143,143,836210,86,172,BLK,Pokémon,pokemon,223,https://images.tcggo.com/tcggo/storage/23035/black-bolt-logo.png,Black Bolt,EUR,2524.88,EUR,3066.74,2025-07-18,1,Scarlet & Violet,scarlet-violet,black-bolt,120,23228,https://images.tcggo.com/tcggo/storage/23197/bisharp.png,https://www.tcggo.com/external/cm/23228,https://www.tcggo.com/external/tcgplayer/23228,Bisharp,Bisharp 143,9.81,10.95,178,EUR,[],,,,,,,,,,6.99,7.5,9,7.5,7.5,7,18.99,18.99,3,3,USD,24.73,1,,,18.04,2,,,,,15.24,5,,,,,132.69,5,4.09,1,13.27,5,16.39,5,,,,,,,,,,,,,EUR,10.64,6.83,Illustration Rare,bisharp,Pokémon,https://www.tcggo.com/pokemon/black-bolt/bisharp-143,zsv10pt5-143,642597,singles
2026-08-23T17:19:56+02:00,,462,hncl,hncl,BLK 144,144,836212,86,172,BLK,Pokémon,pokemon,223,https://images.tcggo.com/tcggo/storage/23035/black-bolt-logo.png,Black Bolt,EUR,2524.88,EUR,3066.74,2025-07-18,1,Scarlet & Violet,scarlet-violet,black-bolt,120,23229,https://images.tcggo.com/tcggo/storage/23198/cobalion.png,https://www.tcggo.com/external/cm/23229,https://www.tcggo.com/external/tcgplayer/23229,Cobalion,Cobalion 144,31.95,31.6,98,EUR,[],,,,,,,,,,25,29.99,29.99,22,22,25,56.99,56.99,15,15,USD,217.58,1,,,24.23,4,,,,,42.91,2,,,12.31,1,227.09,5,7.14,1,12.29,5,26.8,5,,,,,107.99,1,,,,,,,EUR,27,18.82,Illustration Rare,cobalion,Pokémon,https://www.tcggo.com/pokemon/black-bolt/cobalion-144,zsv10pt5-144,642598,singles
2026-08-23T17:19:56+02:00,,772,Ayako Ozaki,ayako-ozaki,BLK 145,145,836213,86,172,BLK,Pokémon,pokemon,223,https://images.tcggo.com/tcggo/storage/23035/black-bolt-logo.png,Black Bolt,EUR,2524.88,EUR,3066.74,2025-07-18,1,Scarlet & Violet,scarlet-violet,black-bolt,70,23230,https://images.tcggo.com/tcggo/storage/23199/axew.png,https://www.tcggo.com/external/cm/23230,https://www.tcggo.com/external/tcgplayer/23230,Axew,Axew 145,16.98,15.47,140,EUR,,,,,,,,325,,50,15,16.45,16.45,9.99,9.99,15,15,15,8,8,USD,67.49,2,,,25.29,3,,,,,66.45,5,,,,,282.64,5,21.4,1,13.5,4,26.58,5,,,,,168.34,1,,,,,23.55,2,EUR,17.25,11.11,Illustration Rare,axew,Pokémon,https://www.tcggo.com/pokemon/black-bolt/axew-145,zsv10pt5-145,642599,singles
2026-08-23T17:19:56+02:00,,491,Yuya Oka,yuya-oka,BLK 146,146,836215,86,172,BLK,Pokémon,pokemon,223,https://images.tcggo.com/tcggo/storage/23035/black-bolt-logo.png,Black Bolt,EUR,2524.88,EUR,3066.74,2025-07-18,1,Scarlet & Violet,scarlet-violet,black-bolt,100,23231,https://images.tcggo.com/tcggo/storage/23200/fraxure.png,https://www.tcggo.com/external/cm/23231,https://www.tcggo.com/external/tcgplayer/23231,Fraxure,Fraxure 146,23.6,26.22,106,EUR,,,,,,48,,,,48,24.05,17.99,19,25.9,25.9,24.99,39.9,39.9,10.5,10.5,USD,124.58,1,,,15.96,1,,,,,31,1,,,16.75,1,160.82,5,15.66,1,10.42,3,22.33,5,,,,,120,1,,,,,,,EUR,29.56,17.62,Illustration Rare,fraxure,Pokémon,https://www.tcggo.com/pokemon/black-bolt/fraxure-146,zsv10pt5-146,642600,singles
2026-08-23T17:19:56+02:00,,430,akagi,akagi,BLK 147,147,836217,86,172,BLK,Pokémon,pokemon,223,https://images.tcggo.com/tcggo/storage/23035/black-bolt-logo.png,Black Bolt,EUR,2524.88,EUR,3066.74,2025-07-18,1,Scarlet & Violet,scarlet-violet,black-bolt,170,23232,https://images.tcggo.com/tcggo/storage/23201/haxorus.png,https://www.tcggo.com/external/cm/23232,https://www.tcggo.com/external/tcgplayer/23232,Haxorus,Haxorus 147,69.79,57.16,94,EUR,,,,,,,,499,,85,64.9,60,60,29,29,64.9,64,64,26,26,USD,45.65,5,,,34.66,5,,,,,66,5,,,,,320.75,5,,,43.96,5,47.58,5,67.29,1,,,247.62,2,,,,,42.96,2,EUR,63.76,51.27,Illustration Rare,haxorus,Pokémon,https://www.tcggo.com/pokemon/black-bolt/haxorus-147,zsv10pt5-147,642601,singles
2026-08-23T17:19:56+02:00,,783,Mori Yuu,mori-yuu,BLK 148,148,836219,86,172,BLK,Pokémon,pokemon,223,https://images.tcggo.com/tcggo/storage/23035/black-bolt-logo.png,Black Bolt,EUR,2524.88,EUR,3066.74,2025-07-18,1,Scarlet & Violet,scarlet-violet,black-bolt,60,23233,https://images.tcggo.com/tcggo/storage/23202/pidove.png,https://www.tcggo.com/external/cm/23233,https://www.tcggo.com/external/tcgplayer/23233,Pidove,Pidove 148,23.17,28.48,136,EUR,[],,,,,,,,,,27,20.25,20.25,35,35,27,18,18,7.5,7.5,USD,56,2,17.79,1,23.88,2,,,47.46,1,90.55,3,,,,,444.11,5,17.75,1,26.91,5,45.3,5,,,,,,,,,15,1,28.9,2,EUR,33.74,16.24,Illustration Rare,pidove,Pokémon,https://www.tcggo.com/pokemon/black-bolt/pidove-148,zsv10pt5-148,642602,singles
2026-08-23T17:19:56+02:00,,448,cochi8i,cochi8i,BLK 149,149,836221,86,172,BLK,Pokémon,pokemon,223,https://images.tcggo.com/tcggo/storage/23035/black-bolt-logo.png,Black Bolt,EUR,2524.88,EUR,3066.74,2025-07-18,1,Scarlet & Violet,scarlet-violet,black-bolt,80,23234,https://images.tcggo.com/tcggo/storage/23203/tranquill.png,https://www.tcggo.com/external/cm/23234,https://www.tcggo.com/external/tcgplayer/23234,Tranquill,Tranquill 149,6.77,8.23,190,EUR,,,,,,,,,,40,5,4.8,4.8,5,5,5,5,10,3.3,3.3,USD,49.55,1,,,25,1,,,,,,,,,4.09,1,243.3,3,,,11.6,1,14.5,5,,,,,,,,,,,,,EUR,5.41,4.52,Illustration Rare,tranquill,Pokémon,https://www.tcggo.com/pokemon/black-bolt/tranquill-149,zsv10pt5-149,642603,singles
2026-08-23T17:19:56+02:00,,504,Yoshioka,yoshioka,BLK 150,150,836222,86,172,BLK,Pokémon,pokemon,223,https://images.tcggo.com/tcggo/storage/23035/black-bolt-logo.png,Black Bolt,EUR,2524.88,EUR,3066.74,2025-07-18,1,Scarlet & Violet,scarlet-violet,black-bolt,150,23235,https://images.tcggo.com/tcggo/storage/23204/unfezant.png,https://www.tcggo.com/external/cm/23235,https://www.tcggo.com/external/tcgplayer/23235,Unfezant,Unfezant 150,31.11,35.11,89,EUR,,,,,,,,,,120,26.44,35,35,36.99,36.99,29,36,36,14.99,14.99,USD,,,,,24.79,2,,,,,26.76,3,,,,,130.83,4,22.12,1,14.25,4,22.52,5,,,,,,,,,,,28.31,1,EUR,28.44,14.51,Illustration Rare,unfezant,Pokémon,https://www.tcggo.com/pokemon/black-bolt/unfezant-150,zsv10pt5-150,642604,singles
2026-08-23T17:19:56+02:00,,427,Asako Ito,asako-ito,BLK 151,151,836223,86,172,BLK,Pokémon,pokemon,223,https://images.tcggo.com/tcggo/storage/23035/black-bolt-logo.png,Black Bolt,EUR,2524.88,EUR,3066.74,2025-07-18,1,Scarlet & Violet,scarlet-violet,black-bolt,100,23236,https://images.tcggo.com/tcggo/storage/23205/audino.png,https://www.tcggo.com/external/cm/23236,https://www.tcggo.com/external/tcgplayer/23236,Audino,Audino 151,18.9,18.54,173,EUR,,,,,,,,599,,45,23.95,19,19,11.9,11.9,23.95,10,22,11.39,11.39,USD,94.44,3,23.31,1,30.43,4,,,,,31.21,5,,,19.9,4,663.47,5,19.39,2,22.11,5,42.37,5,,,,,203.69,5,,,,,,,EUR,38.46,18.13,Illustration Rare,audino,Pokémon,https://www.tcggo.com/pokemon/black-bolt/audino-151,zsv10pt5-151,642605,singles
2026-08-23T17:19:56+02:00,,528,Natsumi Yoshida,natsumi-yoshida,BLK 152,152,836224,86,172,BLK,Pokémon,pokemon,223,https://images.tcggo.com/tcggo/storage/23035/black-bolt-logo.png,Black Bolt,EUR,2524.88,EUR,3066.74,2025-07-18,1,Scarlet & Violet,scarlet-violet,black-bolt,60,23237,https://images.tcggo.com/tcggo/storage/23206/minccino.png,https://www.tcggo.com/external/cm/23237,https://www.tcggo.com/external/tcgplayer/23237,Minccino,Minccino 152,18.61,16.59,142,EUR,,,,,,,50,,,,16.2,13.5,13.5,7,7,20,11.49,11.49,5,5,USD,53.54,3,,,31.51,4,,,26.54,1,26,1,,,25,1,194.62,5,13,3,10.41,4,26.53,5,,,,,89.47,2,,,,,,,EUR,22.13,11.57,Illustration Rare,minccino,Pokémon,https://www.tcggo.com/pokemon/black-bolt/minccino-152,zsv10pt5-152,642606,singles
2026-08-23T17:19:56+02:00,,767,tono,tono,BLK 153,153,836226,86,172,BLK,Pokémon,pokemon,223,https://images.tcggo.com/tcggo/storage/23035/black-bolt-logo.png,Black Bolt,EUR,2524.88,EUR,3066.74,2025-07-18,1,Scarlet & Violet,scarlet-violet,black-bolt,100,23238,https://images.tcggo.com/tcggo/storage/23207/cinccino.png,https://www.tcggo.com/external/cm/23238,https://www.tcggo.com/external/tcgplayer/23238,Cinccino,Cinccino 153,17.22,17.52,183,EUR,,,,,,,,,,42,26.46,16.8,16.8,9,9,28,10.5,10.5,4.99,4.99,USD,36.75,1,,,23.73,1,,,,,,,,,,,535.23,1,11.6,1,13.14,4,31.58,5,,,,,,,,,,,,,EUR,25.21,11.97,Illustration Rare,cinccino,Pokémon,https://www.tcggo.com/pokemon/black-bolt/cinccino-153,zsv10pt5-153,642607,singles
2026-08-23T17:19:56+02:00,,438,Miki Tanaka,miki-tanaka,BLK 154,154,836228,86,172,BLK,Pokémon,pokemon,223,https://images.tcggo.com/tcggo/storage/23035/black-bolt-logo.png,Black Bolt,EUR,2524.88,EUR,3066.74,2025-07-18,1,Scarlet & Violet,scarlet-violet,black-bolt,70,23239,https://images.tcggo.com/tcggo/storage/23208/rufflet.png,https://www.tcggo.com/external/cm/23239,https://www.tcggo.com/external/tcgplayer/23239,Rufflet,Rufflet 154,5.91,5.98,191,EUR,,,,,,,,225,,,5.5,4.99,4.99,5.5,5.5,5.5,6,6.7,2.99,2.99,USD,,,,,,,,,,,70,3,,,,,99.99,5,,,11,4,9.99,5,,,,,,,,,,,,,EUR,7.34,4.74,Illustration Rare,rufflet,Pokémon,https://www.tcggo.com/pokemon/black-bolt/rufflet-154,zsv10pt5-154,642271,singles
2026-08-23T17:19:56+02:00,,773,kamonabe,kamonabe,BLK 155,155,836229,86,172,BLK,Pokémon,pokemon,223,https://images.tcggo.com/tcggo/storage/23035/black-bolt-logo.png,Black Bolt,EUR,2524.88,EUR,3066.74,2025-07-18,1,Scarlet & Violet,scarlet-violet,black-bolt,140,23240,https://images.tcggo.com/tcggo/storage/23209/braviary.png,https://www.tcggo.com/external/cm/23240,https://www.tcggo.com/external/tcgplayer/23240,Braviary,Braviary 155,10.15,9.04,221,EUR,,,,,40,,,265,,44,6,8,8,6.9,6.9,6,8.9,9.95,3.99,3.99,USD,39.85,3,,,16.6,2,,,,,37.28,3,,,5.65,1,189.56,5,,,10.41,5,16.73,5,,,,,,,,,,,,,EUR,9.08,6.13,Illustration Rare,braviary,Pokémon,https://www.tcggo.com/pokemon/black-bolt/braviary-155,zsv10pt5-155,642272,singles
2026-08-23T17:19:56+02:00,,489,N-DESIGN Inc.,n-design-inc,BLK 156,156,836230,86,172,BLK,Pokémon,pokemon,223,https://images.tcggo.com/tcggo/storage/23035/black-bolt-logo.png,Black Bolt,EUR,2524.88,EUR,3066.74,2025-07-18,1,Scarlet & Violet,scarlet-violet,black-bolt,320,23241,https://images.tcggo.com/tcggo/storage/23210/serperior-ex.png,https://www.tcggo.com/external/cm/23241,https://www.tcggo.com/external/tcgplayer/23241,Serperior ex,Serperior ex 156,1.34,1.18,882,EUR,[],,,,,,,,,,0.98,0.9,0.9,1,1,0.98,1,1.5,0.3,0.3,,,,,,,,,,,,,,,,,,,,,,,,,,,,,,,,,,,,,,EUR,1.14,1.07,Ultra Rare,serperior-ex,Pokémon,https://www.tcggo.com/pokemon/black-bolt/serperior-ex-156,zsv10pt5-156,642608,singles
2026-08-23T17:19:56+02:00,,489,N-DESIGN Inc.,n-design-inc,BLK 157,157,836231,86,172,BLK,Pokémon,pokemon,223,https://images.tcggo.com/tcggo/storage/23035/black-bolt-logo.png,Black Bolt,EUR,2524.88,EUR,3066.74,2025-07-18,1,Scarlet & Violet,scarlet-violet,black-bolt,230,23242,https://images.tcggo.com/tcggo/storage/23211/kyurem-ex.png,https://www.tcggo.com/external/cm/23242,https://www.tcggo.com/external/tcgplayer/23242,Kyurem ex,Kyurem ex 157,1.63,1.75,692,EUR,[],,,,,,,,,,0.9,0.87,0.87,1.4,1.4,1,1,1,0.3,0.3,,,,,,,,,,,,,,,,,,,,,,,,,,,,,,,,,,,,,,EUR,1.13,1.27,Ultra Rare,kyurem-ex,Pokémon,https://www.tcggo.com/pokemon/black-bolt/kyurem-ex-157,zsv10pt5-157,642609,singles
2026-08-23T17:19:56+02:00,,490,takuyoa,takuyoa,BLK 158,158,836232,86,172,BLK,Pokémon,pokemon,223,https://images.tcggo.com/tcggo/storage/23035/black-bolt-logo.png,Black Bolt,EUR,2524.88,EUR,3066.74,2025-07-18,1,Scarlet & Violet,scarlet-violet,black-bolt,230,23243,https://images.tcggo.com/tcggo/storage/23212/zekrom-ex.png,https://www.tcggo.com/external/cm/23243,https://www.tcggo.com/external/tcgplayer/23243,Zekrom ex,Zekrom ex 158,3.37,3.55,521,EUR,,,,,,20,,79,,,2.8,2.99,2.99,4,4,2.8,2.75,2.75,0.99,0.99,USD,,,,,,,,,,,60.5,5,,,25,1,54.99,5,14.99,1,13.4,5,19.99,5,,,,,52,5,,,,,18.07,1,EUR,4.3,3.42,Ultra Rare,zekrom-ex,Pokémon,https://www.tcggo.com/pokemon/black-bolt/zekrom-ex-158,zsv10pt5-158,642610,singles
2026-08-23T17:19:56+02:00,,380,5ban Graphics,5ban-graphics,BLK 159,159,836233,86,172,BLK,Pokémon,pokemon,223,https://images.tcggo.com/tcggo/storage/23035/black-bolt-logo.png,Black Bolt,EUR,2524.88,EUR,3066.74,2025-07-18,1,Scarlet & Violet,scarlet-violet,black-bolt,200,23244,https://images.tcggo.com/tcggo/storage/23213/meloetta-ex.png,https://www.tcggo.com/external/cm/23244,https://www.tcggo.com/external/tcgplayer/23244,Meloetta ex,Meloetta ex 159,1.39,1.3,905,EUR,[],,,,,,,,,,0.95,1,1,0.9,0.9,0.95,1.5,1.75,0.39,0.39,,,,,,,,,,,,,,,,,,,,,,,,,,,,,,,,,,,,,,EUR,1.25,1.28,Ultra Rare,meloetta-ex,Pokémon,https://www.tcggo.com/pokemon/black-bolt/meloetta-ex-159,zsv10pt5-159,642611,singles
2026-08-23T17:19:56+02:00,,489,N-DESIGN Inc.,n-design-inc,BLK 160,160,836234,86,172,BLK,Pokémon,pokemon,223,https://images.tcggo.com/tcggo/storage/23035/black-bolt-logo.png,Black Bolt,EUR,2524.88,EUR,3066.74,2025-07-18,1,Scarlet & Violet,scarlet-violet,black-bolt,270,23245,https://images.tcggo.com/tcggo/storage/23214/excadrill-ex.png,https://www.tcggo.com/external/cm/23245,https://www.tcggo.com/external/tcgplayer/23245,Excadrill ex,Excadrill ex 160,0.96,0.91,1136,EUR,[],,,,,,,,,,0.5,0.25,0.25,0.6,0.6,0.5,0.85,0.85,0.2,0.2,,,,,,,,,,,,,,,,,,,,,,,,,,,,,,,,,,,,,,EUR,0.68,0.85,Ultra Rare,excadrill-ex,Pokémon,https://www.tcggo.com/pokemon/black-bolt/excadrill-ex-160,zsv10pt5-160,642612,singles
2026-08-23T17:19:56+02:00,,380,5ban Graphics,5ban-graphics,BLK 161,161,836235,86,172,BLK,Pokémon,pokemon,223,https://images.tcggo.com/tcggo/storage/23035/black-bolt-logo.png,Black Bolt,EUR,2524.88,EUR,3066.74,2025-07-18,1,Scarlet & Violet,scarlet-violet,black-bolt,220,23246,https://images.tcggo.com/tcggo/storage/23215/genesect-ex.png,https://www.tcggo.com/external/cm/23246,https://www.tcggo.com/external/tcgplayer/23246,Genesect ex,Genesect ex 161,1.91,1.96,628,EUR,[],,,,,,,,,,1.3,1.19,1.19,2.45,2.45,1.3,1,1,0.5,0.5,,,,,,,,,,,,,,,,,,,,,,,,,,,,,,,,,,,,,,EUR,1.96,1.44,Ultra Rare,genesect-ex,Pokémon,https://www.tcggo.com/pokemon/black-bolt/genesect-ex-161,zsv10pt5-161,642613,singles
2026-08-23T17:19:56+02:00,,409,Yuu Nishida,yuu-nishida,BLK 162,162,836236,86,172,BLK,Pokémon,pokemon,223,https://images.tcggo.com/tcggo/storage/23035/black-bolt-logo.png,Black Bolt,EUR,2524.88,EUR,3066.74,2025-07-18,1,Scarlet & Violet,scarlet-violet,black-bolt,0,23247,https://images.tcggo.com/tcggo/storage/23216/fennel.png,https://www.tcggo.com/external/cm/23247,https://www.tcggo.com/external/tcgplayer/23247,Fennel,Fennel 162,1.11,0.96,927,EUR,[],,,,,,,,,,0.88,0.7,0.7,1.5,1.5,0.88,0.95,1,0.3,0.3,,,,,,,,,,,,,,,,,,,,,,,,,,,,,,,,,,,,,,EUR,1.15,1.26,Ultra Rare,fennel,Trainer,https://www.tcggo.com/pokemon/black-bolt/fennel-162,zsv10pt5-162,642615,singles
2026-08-23T17:19:56+02:00,,462,hncl,hncl,BLK 163,163,836237,86,172,BLK,Pokémon,pokemon,223,https://images.tcggo.com/tcggo/storage/23035/black-bolt-logo.png,Black Bolt,EUR,2524.88,EUR,3066.74,2025-07-18,1,Scarlet & Violet,scarlet-violet,black-bolt,0,23248,https://images.tcggo.com/tcggo/storage/23217/ns-plan.png,https://www.tcggo.com/external/cm/23248,https://www.tcggo.com/external/tcgplayer/23248,N's Plan,N's Plan 163,3.19,3.55,453,EUR,,,,,,,,69,,35,2.5,2.2,2.79,3.4,3.4,2.5,1.8,2,1.5,1.5,,,,,,,,,,,,,,,,,,,,,,,,,,,,,,,,,,,,,,EUR,3.81,3.25,Ultra Rare,ns-plan,Trainer,https://www.tcggo.com/pokemon/black-bolt/ns-plan-163,zsv10pt5-163,642614,singles
2026-08-23T17:19:56+02:00,,486,Ryota Murayama,ryota-murayama,BLK 164,164,836238,86,172,BLK,Pokémon,pokemon,223,https://images.tcggo.com/tcggo/storage/23035/black-bolt-logo.png,Black Bolt,EUR,2524.88,EUR,3066.74,2025-07-18,1,Scarlet & Violet,scarlet-violet,black-bolt,320,23249,https://images.tcggo.com/tcggo/storage/23218/serperior-ex.png,https://www.tcggo.com/external/cm/23249,https://www.tcggo.com/external/tcgplayer/23249,Serperior ex,Serperior ex 164,46.35,51.88,176,EUR,,160,,,,,,135,,52,31.26,50,50,24.5,24.5,37,39,39,25,25,USD,47.08,5,13.38,1,29.37,4,,,,,72.76,5,,,28,1,112.14,5,,,31.81,5,44.85,5,21.12,1,,,80.75,5,,,,,46.3,2,EUR,39.09,39.32,Special Illustration Rare,serperior-ex,Pokémon,https://www.tcggo.com/pokemon/black-bolt/serperior-ex-164,zsv10pt5-164,642616,singles
2026-08-23T17:19:56+02:00,,500,chibi,chibi,BLK 165,165,836239,86,172,BLK,Pokémon,pokemon,223,https://images.tcggo.com/tcggo/storage/23035/black-bolt-logo.png,Black Bolt,EUR,2524.88,EUR,3066.74,2025-07-18,1,Scarlet & Violet,scarlet-violet,black-bolt,230,23250,https://images.tcggo.com/tcggo/storage/23219/kyurem-ex.png,https://www.tcggo.com/external/cm/23250,https://www.tcggo.com/external/tcgplayer/23250,Kyurem ex,Kyurem ex 165,87.25,71.09,204,EUR,,,99,,,149,,200,75,85,57.9,68.4,69.99,39.99,39.99,57.9,99.99,99.99,47.99,47.99,USD,72.92,5,,,44.6,5,358.85,1,80.37,1,88.81,5,,,69.52,2,136.44,5,,,47.85,5,62.8,5,,,,,139.06,5,,,,,71.76,3,EUR,66.17,61,Special Illustration Rare,kyurem-ex,Pokémon,https://www.tcggo.com/pokemon/black-bolt/kyurem-ex-165,zsv10pt5-165,642617,singles
2026-08-23T17:19:56+02:00,,444,danciao,danciao,BLK 166,166,836240,86,172,BLK,Pokémon,pokemon,223,https://images.tcggo.com/tcggo/storage/23035/black-bolt-logo.png,Black Bolt,EUR,2524.88,EUR,3066.74,2025-07-18,1,Scarlet & Violet,scarlet-violet,black-bolt,230,23251,https://images.tcggo.com/tcggo/storage/23220/zekrom-ex.png,https://www.tcggo.com/external/cm/23251,https://www.tcggo.com/external/tcgplayer/23251,Zekrom ex,Zekrom ex 166,321.88,259.27,216,EUR,,872,,,,749,,475,,275,200,238.99,238.99,173,173,200,325,325,175,175,USD,220,5,129.99,1,171.08,5,716.55,5,225,1,264.1,5,,,,,388.2,5,165.5,1,161.15,5,204.29,5,,,,,616.24,5,,,,,246.5,5,EUR,245.96,188.77,Special Illustration Rare,zekrom-ex,Pokémon,https://www.tcggo.com/pokemon/black-bolt/zekrom-ex-166,zsv10pt5-166,642618,singles
2026-08-23T17:19:56+02:00,,358,LINNE,linne,BLK 167,167,836241,86,172,BLK,Pokémon,pokemon,223,https://images.tcggo.com/tcggo/storage/23035/black-bolt-logo.png,Black Bolt,EUR,2524.88,EUR,3066.74,2025-07-18,1,Scarlet & Violet,scarlet-violet,black-bolt,200,23252,https://images.tcggo.com/tcggo/storage/23221/meloetta-ex.png,https://www.tcggo.com/external/cm/23252,https://www.tcggo.com/external/tcgplayer/23252,Meloetta ex,Meloetta ex 167,32.76,37,223,EUR,,,,,,60,,104,,60,27,28,28,28,28,27,45,45,22.3,22.3,USD,62.18,5,,,25.29,1,177.5,1,26.58,1,26.8,5,,,20.1,1,78.48,5,24.66,1,24.56,1,27.56,5,,,,,93.03,5,,,22.07,1,34.55,1,EUR,33.8,33.49,Special Illustration Rare,meloetta-ex,Pokémon,https://www.tcggo.com/pokemon/black-bolt/meloetta-ex-167,zsv10pt5-167,642619,singles
2026-08-23T17:19:56+02:00,,375,Mitsuhiro Arita,mitsuhiro-arita,BLK 168,168,836242,86,172,BLK,Pokémon,pokemon,223,https://images.tcggo.com/tcggo/storage/23035/black-bolt-logo.png,Black Bolt,EUR,2524.88,EUR,3066.74,2025-07-18,1,Scarlet & Violet,scarlet-violet,black-bolt,270,23253,https://images.tcggo.com/tcggo/storage/23222/excadrill-ex.png,https://www.tcggo.com/external/cm/23253,https://www.tcggo.com/external/tcgplayer/23253,Excadrill ex,Excadrill ex 168,23.11,19.67,215,EUR,,,,,,,,160,,,20,20,20,18.5,18.5,20,27,27,11,11,USD,39.62,5,19.77,1,30.99,2,113.37,1,,,40.1,5,,,,,75.83,5,,,17.38,2,19.33,5,,,,,70,1,,,,,19.19,2,EUR,19.88,17.25,Special Illustration Rare,excadrill-ex,Pokémon,https://www.tcggo.com/pokemon/black-bolt/excadrill-ex-168,zsv10pt5-168,642620,singles
2026-08-23T17:19:56+02:00,,454,kantaro,kantaro,BLK 169,169,836243,86,172,BLK,Pokémon,pokemon,223,https://images.tcggo.com/tcggo/storage/23035/black-bolt-logo.png,Black Bolt,EUR,2524.88,EUR,3066.74,2025-07-18,1,Scarlet & Violet,scarlet-violet,black-bolt,220,23254,https://images.tcggo.com/tcggo/storage/23223/genesect-ex.png,https://www.tcggo.com/external/cm/23254,https://www.tcggo.com/external/tcgplayer/23254,Genesect ex,Genesect ex 169,36.46,45.98,188,EUR,,,,,,,34,163,,54,29.99,29,29,30,30,30,38,38,23.5,23.5,USD,49.88,5,,,37.58,5,81.01,2,52.11,1,55.16,5,,,,,123.66,5,30.17,4,25.06,5,40.03,5,,,,,102.31,5,,,,,31.14,3,EUR,39.22,39.21,Special Illustration Rare,genesect-ex,Pokémon,https://www.tcggo.com/pokemon/black-bolt/genesect-ex-169,zsv10pt5-169,642621,singles
2026-08-23T17:19:56+02:00,,470,REND,rend,BLK 170,170,836244,86,172,BLK,Pokémon,pokemon,223,https://images.tcggo.com/tcggo/storage/23035/black-bolt-logo.png,Black Bolt,EUR,2524.88,EUR,3066.74,2025-07-18,1,Scarlet & Violet,scarlet-violet,black-bolt,0,23255,https://images.tcggo.com/tcggo/storage/23224/ns-plan.png,https://www.tcggo.com/external/cm/23255,https://www.tcggo.com/external/tcgplayer/23255,N's Plan,N's Plan 170,52.79,46.25,157,EUR,,,,199,,95,,140,,53,28,58.99,58.99,105,105,28,47.9,47.9,28,28,USD,45.64,5,,,,,,,,,80.28,5,,,41.48,2,115.96,5,60,1,28.56,5,49.06,5,,,,,98.13,5,,,,,62.44,3,EUR,61.03,55.55,Special Illustration Rare,ns-plan,Trainer,https://www.tcggo.com/pokemon/black-bolt/ns-plan-170,zsv10pt5-170,642622,singles
2026-08-23T17:19:56+02:00,,380,5ban Graphics,5ban-graphics,BLK 171,171,836245,86,172,BLK,Pokémon,pokemon,223,https://images.tcggo.com/tcggo/storage/23035/black-bolt-logo.png,Black Bolt,EUR,2524.88,EUR,3066.74,2025-07-18,1,Scarlet & Violet,scarlet-violet,black-bolt,80,23256,https://images.tcggo.com/tcggo/storage/23225/victini.png,https://www.tcggo.com/external/cm/23256,https://www.tcggo.com/external/tcgplayer/23256,Victini,Victini 171,460.02,488.72,110,EUR,[],,,,,,,,,,444.99,497,497,460,460,444.99,379.99,379.99,255,255,USD,516.56,5,,,319.89,5,,,400,3,547.24,5,,,318.96,5,1258.28,5,,,445.98,5,522.66,5,,,,,1240.41,5,,,,,558.19,5,EUR,521.26,515.32,rare,victini,Pokémon,https://www.tcggo.com/pokemon/black-bolt/victini-171,zsv10pt5-171,642546,singles
