captured_at,artist,artist.id,artist.name,artist.slug,card_code_number,card_number,cardmarket_id,episode.cards_printed_total,episode.cards_total,episode.code,episode.game.name,episode.game.slug,episode.id,episode.logo,episode.name,episode.prices.cardmarket.currency,episode.prices.cardmarket.total,episode.prices.tcgplayer.currency,episode.prices.tcgplayer.total,episode.released_at,episode.series.id,episode.series.name,episode.series.slug,episode.slug,hp,id,image,links.cardmarket,links.tcgplayer,name,name_numbered,prices.cardmarket.30d_average,prices.cardmarket.7d_average,prices.cardmarket.available_items,prices.cardmarket.currency,prices.cardmarket.graded,prices.cardmarket.graded.bgs.bgs10,prices.cardmarket.graded.bgs.bgs10pristine,prices.cardmarket.graded.bgs.bgs8,prices.cardmarket.graded.bgs.bgs9,prices.cardmarket.graded.cgc.cgc10,prices.cardmarket.graded.cgc.cgc8,prices.cardmarket.graded.cgc.cgc9,prices.cardmarket.graded.psa.psa10,prices.cardmarket.graded.psa.psa8,prices.cardmarket.graded.psa.psa9,prices.cardmarket.lowest_near_mint,prices.cardmarket.lowest_near_mint_DE,prices.cardmarket.lowest_near_mint_DE_EU_only,prices.cardmarket.lowest_near_mint_ES,prices.cardmarket.lowest_near_mint_ES_EU_only,prices.cardmarket.lowest_near_mint_EU_only,prices.cardmarket.lowest_near_mint_FR,prices.cardmarket.lowest_near_mint_FR_EU_only,prices.cardmarket.lowest_near_mint_IT,prices.cardmarket.lowest_near_mint_IT_EU_only,prices.ebay.currency,prices.ebay.graded.ace.10.median_price,prices.ebay.graded.ace.10.sample_size,prices.ebay.graded.ace.7.median_price,prices.ebay.graded.ace.7.sample_size,prices.ebay.graded.ace.8.median_price,prices.ebay.graded.ace.8.sample_size,prices.ebay.graded.ace.9.median_price,prices.ebay.graded.ace.9.sample_size,prices.ebay.graded.bgs.10.median_price,prices.ebay.graded.bgs.10.sample_size,prices.ebay.graded.bgs.8.median_price,prices.ebay.graded.bgs.8.sample_size,prices.ebay.graded.bgs.9.median_price,prices.ebay.graded.bgs.9.sample_size,prices.ebay.graded.cgc.10.median_price,prices.ebay.graded.cgc.10.sample_size,prices.ebay.graded.cgc.8.median_price,prices.ebay.graded.cgc.8.sample_size,prices.ebay.graded.cgc.9.median_price,prices.ebay.graded.cgc.9.sample_size,prices.ebay.graded.psa.10.median_price,prices.ebay.graded.psa.10.sample_size,prices.ebay.graded.psa.7.median_price,prices.ebay.graded.psa.7.sample_size,prices.ebay.graded.psa.8.median_price,prices.ebay.graded.psa.8.sample_size,prices.ebay.graded.psa.9.median_price,prices.ebay.graded.psa.9.sample_size,prices.ebay.graded.sgc.9.median_price,prices.ebay.graded.sgc.9.sample_size,prices.ebay.graded.tag.10.median_price,prices.ebay.graded.tag.10.sample_size,prices.ebay.graded.tag.7.median_price,prices.ebay.graded.tag.7.sample_size,prices.ebay.graded.tag.8.median_price,prices.ebay.graded.tag.8.sample_size,prices.ebay.graded.tag.9.median_price,prices.ebay.graded.tag.9.sample_size,prices.tcg_player.currency,prices.tcg_player.market_price,prices.tcg_player.mid_price,rarity,slug,supertype,tcggo_url,tcgid,tcgplayer_id,type
2026-08-23T17:19:56+02:00,,368,Oswaldo KATO,oswaldo-kato,WHT 1,1,835898,86,173,WHT,Pokémon,pokemon,224,https://images.tcggo.com/tcggo/storage/23037/white-flare-logo.png,White Flare,EUR,2375.73,EUR,2754.9,2025-07-18,1,Scarlet & Violet,scarlet-violet,white-flare,50,23259,https://images.tcggo.com/tcggo/storage/23228/sewaddle.png,https://www.tcggo.com/external/cm/23259,https://www.tcggo.com/external/tcgplayer/23259,Sewaddle,Sewaddle 1,0.03,0.03,13021,EUR,[],,,,,,,,,,,0.02,0.02,0.02,0.02,0.02,0.02,0.02,0.02,0.02,0.02,,,,,,,,,,,,,,,,,,,,,,,,,,,,,,,,,,,,,,,,EUR,0.19,0.13,Common,sewaddle,Pokémon,https://www.tcggo.com/pokemon/white-flare/sewaddle-1-1,rsv10pt5-1,642116,singles
2026-08-23T17:19:56+02:00,,368,Oswaldo KATO,oswaldo-kato,WHT 2,2,835899,86,173,WHT,Pokémon,pokemon,224,https://images.tcggo.com/tcggo/storage/23037/white-flare-logo.png,White Flare,EUR,2375.73,EUR,2754.9,2025-07-18,1,Scarlet & Violet,scarlet-violet,white-flare,80,23260,https://images.tcggo.com/tcggo/storage/23229/swadloon.png,https://www.tcggo.com/external/cm/23260,https://www.tcggo.com/external/tcgplayer/23260,Swadloon,Swadloon 2,0.03,0.03,9955,EUR,[],,,,,,,,,,,0.02,0.02,0.02,0.02,0.02,0.02,0.02,0.02,0.02,0.02,,,,,,,,,,,,,,,,,,,,,,,,,,,,,,,,,,,,,,,,EUR,0.2,0.09,Common,swadloon,Pokémon,https://www.tcggo.com/pokemon/white-flare/swadloon-2-1,rsv10pt5-2,642117,singles
2026-08-23T17:19:56+02:00,,368,Oswaldo KATO,oswaldo-kato,WHT 3,3,835901,86,173,WHT,Pokémon,pokemon,224,https://images.tcggo.com/tcggo/storage/23037/white-flare-logo.png,White Flare,EUR,2375.73,EUR,2754.9,2025-07-18,1,Scarlet & Violet,scarlet-violet,white-flare,130,23261,https://images.tcggo.com/tcggo/storage/23230/leavanny.png,https://www.tcggo.com/external/cm/23261,https://www.tcggo.com/external/tcgplayer/23261,Leavanny,Leavanny 3,0.03,0.03,8299,EUR,[],,,,,,,,,,,0.02,0.02,0.02,0.02,0.02,0.02,0.02,0.02,0.02,0.02,,,,,,,,,,,,,,,,,,,,,,,,,,,,,,,,,,,,,,,,EUR,0.18,0.1,Uncommon,leavanny,Pokémon,https://www.tcggo.com/pokemon/white-flare/leavanny-3-1,rsv10pt5-3,642118,singles
2026-08-23T17:19:56+02:00,,503,sui,sui,WHT 4,4,835907,86,173,WHT,Pokémon,pokemon,224,https://images.tcggo.com/tcggo/storage/23037/white-flare-logo.png,White Flare,EUR,2375.73,EUR,2754.9,2025-07-18,1,Scarlet & Violet,scarlet-violet,white-flare,60,23262,https://images.tcggo.com/tcggo/storage/23231/cottonee.png,https://www.tcggo.com/external/cm/23262,https://www.tcggo.com/external/tcgplayer/23262,Cottonee,Cottonee 4,0.04,0.06,10283,EUR,[],,,,,,,,,,,0.02,0.02,0.02,0.02,0.02,0.02,0.02,0.02,0.02,0.02,,,,,,,,,,,,,,,,,,,,,,,,,,,,,,,,,,,,,,,,EUR,0.18,0.09,Common,cottonee,Pokémon,https://www.tcggo.com/pokemon/white-flare/cottonee-4,rsv10pt5-4,642119,singles
2026-08-23T17:19:56+02:00,,380,5ban Graphics,5ban-graphics,WHT 5,5,835909,86,173,WHT,Pokémon,pokemon,224,https://images.tcggo.com/tcggo/storage/23037/white-flare-logo.png,White Flare,EUR,2375.73,EUR,2754.9,2025-07-18,1,Scarlet & Violet,scarlet-violet,white-flare,230,23263,https://images.tcggo.com/tcggo/storage/23232/whimsicott-ex.png,https://www.tcggo.com/external/cm/23263,https://www.tcggo.com/external/tcgplayer/23263,Whimsicott ex,Whimsicott ex 5,0.36,0.39,4523,EUR,[],,,,,,,,,,,0.05,0.05,0.1,0.1,0.1,0.05,0.09,0.09,0.02,0.02,,,,,,,,,,,,,,,,,,,,,,,,,,,,,,,,,,,,,,,,EUR,0.46,0.63,Double Rare,whimsicott-ex,Pokémon,https://www.tcggo.com/pokemon/white-flare/whimsicott-ex-5,rsv10pt5-5,642120,singles
2026-08-23T17:19:56+02:00,,774,Narano,narano,WHT 6,6,835911,86,173,WHT,Pokémon,pokemon,224,https://images.tcggo.com/tcggo/storage/23037/white-flare-logo.png,White Flare,EUR,2375.73,EUR,2754.9,2025-07-18,1,Scarlet & Violet,scarlet-violet,white-flare,70,23264,https://images.tcggo.com/tcggo/storage/23233/deerling.png,https://www.tcggo.com/external/cm/23264,https://www.tcggo.com/external/tcgplayer/23264,Deerling,Deerling 6,0.04,0.03,10000,EUR,[],,,,,,,,,,,0.02,0.02,0.02,0.02,0.02,0.02,0.02,0.02,0.02,0.02,,,,,,,,,,,,,,,,,,,,,,,,,,,,,,,,,,,,,,,,EUR,0.17,0.1,Common,deerling,Pokémon,https://www.tcggo.com/pokemon/white-flare/deerling-6,rsv10pt5-6,642121,singles
2026-08-23T17:19:56+02:00,,774,Narano,narano,WHT 7,7,835913,86,173,WHT,Pokémon,pokemon,224,https://images.tcggo.com/tcggo/storage/23037/white-flare-logo.png,White Flare,EUR,2375.73,EUR,2754.9,2025-07-18,1,Scarlet & Violet,scarlet-violet,white-flare,130,23265,https://images.tcggo.com/tcggo/storage/23234/sawsbuck.png,https://www.tcggo.com/external/cm/23265,https://www.tcggo.com/external/tcgplayer/23265,Sawsbuck,Sawsbuck 7,0.03,0.03,8470,EUR,[],,,,,,,,,,,0.02,0.02,0.02,0.02,0.02,0.02,0.02,0.02,0.02,0.02,,,,,,,,,,,,,,,,,,,,,,,,,,,,,,,,,,,,,,,,EUR,0.24,0.1,Uncommon,sawsbuck,Pokémon,https://www.tcggo.com/pokemon/white-flare/sawsbuck-7,rsv10pt5-7,642122,singles
2026-08-23T17:19:56+02:00,,370,Saboteri,saboteri,WHT 8,8,835915,86,173,WHT,Pokémon,pokemon,224,https://images.tcggo.com/tcggo/storage/23037/white-flare-logo.png,White Flare,EUR,2375.73,EUR,2754.9,2025-07-18,1,Scarlet & Violet,scarlet-violet,white-flare,60,23266,https://images.tcggo.com/tcggo/storage/23235/shelmet.png,https://www.tcggo.com/external/cm/23266,https://www.tcggo.com/external/tcgplayer/23266,Shelmet,Shelmet 8,0.3,0.79,10240,EUR,[],,,,,,,,,,,0.02,0.02,0.02,0.02,0.02,0.02,0.02,0.02,0.02,0.02,,,,,,,,,,,,,,,,,,,,,,,,,,,,,,,,,,,,,,,,EUR,0.16,0.09,Common,shelmet,Pokémon,https://www.tcggo.com/pokemon/white-flare/shelmet-8-2,rsv10pt5-8,642123,singles
2026-08-23T17:19:56+02:00,,370,Saboteri,saboteri,WHT 9,9,835917,86,173,WHT,Pokémon,pokemon,224,https://images.tcggo.com/tcggo/storage/23037/white-flare-logo.png,White Flare,EUR,2375.73,EUR,2754.9,2025-07-18,1,Scarlet & Violet,scarlet-violet,white-flare,100,23267,https://images.tcggo.com/tcggo/storage/23236/accelgor.png,https://www.tcggo.com/external/cm/23267,https://www.tcggo.com/external/tcgplayer/23267,Accelgor,Accelgor 9,0.04,0.07,8662,EUR,[],,,,,,,,,,,0.02,0.02,0.02,0.02,0.02,0.02,0.02,0.02,0.02,0.02,,,,,,,,,,,,,,,,,,,,,,,,,,,,,,,,,,,,,,,,EUR,0.16,0.09,Uncommon,accelgor,Pokémon,https://www.tcggo.com/pokemon/white-flare/accelgor-9-2,rsv10pt5-9,642124,singles
2026-08-23T17:19:56+02:00,,771,Felicia Chen,felicia-chen,WHT 10,10,835920,86,173,WHT,Pokémon,pokemon,224,https://images.tcggo.com/tcggo/storage/23037/white-flare-logo.png,White Flare,EUR,2375.73,EUR,2754.9,2025-07-18,1,Scarlet & Violet,scarlet-violet,white-flare,120,23268,https://images.tcggo.com/tcggo/storage/23237/virizion.png,https://www.tcggo.com/external/cm/23268,https://www.tcggo.com/external/tcgplayer/23268,Virizion,Virizion 10,0.06,0.06,7263,EUR,[],,,,,,,,,,,0.03,0.02,0.02,0.02,0.02,0.02,0.02,0.02,0.02,0.02,,,,,,,,,,,,,,,,,,,,,,,,,,,,,,,,,,,,,,,,EUR,0.18,0.13,rare,virizion,Pokémon,https://www.tcggo.com/pokemon/white-flare/virizion-10,rsv10pt5-10,642125,singles
2026-08-23T17:19:56+02:00,,385,Teeziro,teeziro,WHT 11,11,835923,86,173,WHT,Pokémon,pokemon,224,https://images.tcggo.com/tcggo/storage/23037/white-flare-logo.png,White Flare,EUR,2375.73,EUR,2754.9,2025-07-18,1,Scarlet & Violet,scarlet-violet,white-flare,70,23269,https://images.tcggo.com/tcggo/storage/23238/tepig.png,https://www.tcggo.com/external/cm/23269,https://www.tcggo.com/external/tcgplayer/23269,Tepig,Tepig 11,0.04,0.03,12853,EUR,[],,,,,,,,,,,0.02,0.02,0.02,0.02,0.02,0.02,0.02,0.02,0.02,0.02,,,,,,,,,,,,,,,,,,,,,,,,,,,,,,,,,,,,,,,,EUR,0.19,0.1,Common,tepig,Pokémon,https://www.tcggo.com/pokemon/white-flare/tepig-11,rsv10pt5-11,642126,singles
2026-08-23T17:19:56+02:00,,385,Teeziro,teeziro,WHT 12,12,835924,86,173,WHT,Pokémon,pokemon,224,https://images.tcggo.com/tcggo/storage/23037/white-flare-logo.png,White Flare,EUR,2375.73,EUR,2754.9,2025-07-18,1,Scarlet & Violet,scarlet-violet,white-flare,110,23270,https://images.tcggo.com/tcggo/storage/23239/pignite.png,https://www.tcggo.com/external/cm/23270,https://www.tcggo.com/external/tcgplayer/23270,Pignite,Pignite 12,0.06,0.11,9445,EUR,[],,,,,,,,,,,0.02,0.02,0.02,0.02,0.02,0.02,0.02,0.02,0.02,0.02,,,,,,,,,,,,,,,,,,,,,,,,,,,,,,,,,,,,,,,,EUR,0.17,0.13,Common,pignite,Pokémon,https://www.tcggo.com/pokemon/white-flare/pignite-12,rsv10pt5-12,642127,singles
2026-08-23T17:19:56+02:00,,385,Teeziro,teeziro,WHT 13,13,835925,86,173,WHT,Pokémon,pokemon,224,https://images.tcggo.com/tcggo/storage/23037/white-flare-logo.png,White Flare,EUR,2375.73,EUR,2754.9,2025-07-18,1,Scarlet & Violet,scarlet-violet,white-flare,180,23271,https://images.tcggo.com/tcggo/storage/23240/emboar.png,https://www.tcggo.com/external/cm/23271,https://www.tcggo.com/external/tcgplayer/23271,Emboar,Emboar 13,0.08,0.08,6999,EUR,[],,,,,,,,,,,0.02,0.02,0.02,0.02,0.02,0.02,0.02,0.02,0.02,0.02,,,,,,,,,,,,,,,,,,,,,,,,,,,,,,,,,,,,,,,,EUR,0.26,0.14,rare,emboar,Pokémon,https://www.tcggo.com/pokemon/white-flare/emboar-13,rsv10pt5-13,642128,singles
2026-08-23T17:19:56+02:00,,583,Julie Hang,julie-hang,WHT 14,14,835927,86,173,WHT,Pokémon,pokemon,224,https://images.tcggo.com/tcggo/storage/23037/white-flare-logo.png,White Flare,EUR,2375.73,EUR,2754.9,2025-07-18,1,Scarlet & Violet,scarlet-violet,white-flare,70,23272,https://images.tcggo.com/tcggo/storage/23241/pansear.png,https://www.tcggo.com/external/cm/23272,https://www.tcggo.com/external/tcgplayer/23272,Pansear,Pansear 14,0.03,0.03,10194,EUR,[],,,,,,,,,,,0.02,0.02,0.02,0.02,0.02,0.02,0.02,0.02,0.02,0.02,,,,,,,,,,,,,,,,,,,,,,,,,,,,,,,,,,,,,,,,EUR,0.1,0.09,Common,pansear,Pokémon,https://www.tcggo.com/pokemon/white-flare/pansear-14,rsv10pt5-14,642129,singles
2026-08-23T17:19:56+02:00,,583,Julie Hang,julie-hang,WHT 15,15,835930,86,173,WHT,Pokémon,pokemon,224,https://images.tcggo.com/tcggo/storage/23037/white-flare-logo.png,White Flare,EUR,2375.73,EUR,2754.9,2025-07-18,1,Scarlet & Violet,scarlet-violet,white-flare,100,23273,https://images.tcggo.com/tcggo/storage/23242/simisear.png,https://www.tcggo.com/external/cm/23273,https://www.tcggo.com/external/tcgplayer/23273,Simisear,Simisear 15,0.03,0.03,8759,EUR,[],,,,,,,,,,,0.02,0.02,0.02,0.02,0.02,0.02,0.02,0.02,0.02,0.02,,,,,,,,,,,,,,,,,,,,,,,,,,,,,,,,,,,,,,,,EUR,0.24,0.09,Uncommon,simisear,Pokémon,https://www.tcggo.com/pokemon/white-flare/simisear-15,rsv10pt5-15,642130,singles
2026-08-23T17:19:56+02:00,,417,satoma,satoma,WHT 16,16,835931,86,173,WHT,Pokémon,pokemon,224,https://images.tcggo.com/tcggo/storage/23037/white-flare-logo.png,White Flare,EUR,2375.73,EUR,2754.9,2025-07-18,1,Scarlet & Violet,scarlet-violet,white-flare,60,23274,https://images.tcggo.com/tcggo/storage/23243/litwick.png,https://www.tcggo.com/external/cm/23274,https://www.tcggo.com/external/tcgplayer/23274,Litwick,Litwick 16,0.02,0.02,12831,EUR,[],,,,,,,,,,,0.02,0.02,0.02,0.02,0.02,0.02,0.02,0.02,0.02,0.02,,,,,,,,,,,,,,,,,,,,,,,,,,,,,,,,,,,,,,,,EUR,0.2,0.09,Common,litwick,Pokémon,https://www.tcggo.com/pokemon/white-flare/litwick-16,rsv10pt5-16,642464,singles
2026-08-23T17:19:56+02:00,,417,satoma,satoma,WHT 17,17,835933,86,173,WHT,Pokémon,pokemon,224,https://images.tcggo.com/tcggo/storage/23037/white-flare-logo.png,White Flare,EUR,2375.73,EUR,2754.9,2025-07-18,1,Scarlet & Violet,scarlet-violet,white-flare,80,23275,https://images.tcggo.com/tcggo/storage/23244/lampent.png,https://www.tcggo.com/external/cm/23275,https://www.tcggo.com/external/tcgplayer/23275,Lampent,Lampent 17,0.04,0.06,9952,EUR,[],,,,,,,,,,,0.02,0.02,0.02,0.02,0.02,0.02,0.02,0.02,0.02,0.02,,,,,,,,,,,,,,,,,,,,,,,,,,,,,,,,,,,,,,,,EUR,0.21,0.09,Common,lampent,Pokémon,https://www.tcggo.com/pokemon/white-flare/lampent-17,rsv10pt5-17,642465,singles
2026-08-23T17:19:56+02:00,,417,satoma,satoma,WHT 18,18,835935,86,173,WHT,Pokémon,pokemon,224,https://images.tcggo.com/tcggo/storage/23037/white-flare-logo.png,White Flare,EUR,2375.73,EUR,2754.9,2025-07-18,1,Scarlet & Violet,scarlet-violet,white-flare,150,23276,https://images.tcggo.com/tcggo/storage/23245/chandelure.png,https://www.tcggo.com/external/cm/23276,https://www.tcggo.com/external/tcgplayer/23276,Chandelure,Chandelure 18,0.06,0.06,7289,EUR,[],,,,,,,,,,,0.02,0.02,0.02,0.02,0.02,0.02,0.02,0.02,0.02,0.02,,,,,,,,,,,,,,,,,,,,,,,,,,,,,,,,,,,,,,,,EUR,0.23,0.13,rare,chandelure,Pokémon,https://www.tcggo.com/pokemon/white-flare/chandelure-18,rsv10pt5-18,642466,singles
2026-08-23T17:19:56+02:00,,777,Minahamu,minahamu,WHT 19,19,835937,86,173,WHT,Pokémon,pokemon,224,https://images.tcggo.com/tcggo/storage/23037/white-flare-logo.png,White Flare,EUR,2375.73,EUR,2754.9,2025-07-18,1,Scarlet & Violet,scarlet-violet,white-flare,120,23277,https://images.tcggo.com/tcggo/storage/23246/heatmor.png,https://www.tcggo.com/external/cm/23277,https://www.tcggo.com/external/tcgplayer/23277,Heatmor,Heatmor 19,0.03,0.02,8713,EUR,[],,,,,,,,,,,0.02,0.02,0.02,0.02,0.02,0.02,0.02,0.02,0.02,0.02,,,,,,,,,,,,,,,,,,,,,,,,,,,,,,,,,,,,,,,,EUR,0.21,0.1,Uncommon,heatmor,Pokémon,https://www.tcggo.com/pokemon/white-flare/heatmor-19-1,rsv10pt5-19,642131,singles
2026-08-23T17:19:56+02:00,,380,5ban Graphics,5ban-graphics,WHT 20,20,835938,86,173,WHT,Pokémon,pokemon,224,https://images.tcggo.com/tcggo/storage/23037/white-flare-logo.png,White Flare,EUR,2375.73,EUR,2754.9,2025-07-18,1,Scarlet & Violet,scarlet-violet,white-flare,230,23278,https://images.tcggo.com/tcggo/storage/23247/reshiram-ex.png,https://www.tcggo.com/external/cm/23278,https://www.tcggo.com/external/tcgplayer/23278,Reshiram ex,Reshiram ex 20,0.54,0.63,3971,EUR,[],,,,,,,,,,,0.1,0.1,0.1,0.15,0.15,0.1,0.2,0.2,0.05,0.05,,,,,,,,,,,,,,,,,,,,,,,,,,,,,,,,,,,,,,,,EUR,0.53,0.64,Double Rare,reshiram-ex,Pokémon,https://www.tcggo.com/pokemon/white-flare/reshiram-ex-20,rsv10pt5-20,642132,singles
2026-08-23T17:19:56+02:00,,403,rika,rika,WHT 21,21,835941,86,173,WHT,Pokémon,pokemon,224,https://images.tcggo.com/tcggo/storage/23037/white-flare-logo.png,White Flare,EUR,2375.73,EUR,2754.9,2025-07-18,1,Scarlet & Violet,scarlet-violet,white-flare,70,23279,https://images.tcggo.com/tcggo/storage/23248/oshawott.png,https://www.tcggo.com/external/cm/23279,https://www.tcggo.com/external/tcgplayer/23279,Oshawott,Oshawott 21,0.04,0.05,13023,EUR,[],,,,,,,,,,,0.02,0.02,0.02,0.02,0.02,0.02,0.02,0.02,0.02,0.02,,,,,,,,,,,,,,,,,,,,,,,,,,,,,,,,,,,,,,,,EUR,0.21,0.15,Common,oshawott,Pokémon,https://www.tcggo.com/pokemon/white-flare/oshawott-21-1,rsv10pt5-21,642133,singles
2026-08-23T17:19:56+02:00,,403,rika,rika,WHT 22,22,835944,86,173,WHT,Pokémon,pokemon,224,https://images.tcggo.com/tcggo/storage/23037/white-flare-logo.png,White Flare,EUR,2375.73,EUR,2754.9,2025-07-18,1,Scarlet & Violet,scarlet-violet,white-flare,100,23280,https://images.tcggo.com/tcggo/storage/23249/dewott.png,https://www.tcggo.com/external/cm/23280,https://www.tcggo.com/external/tcgplayer/23280,Dewott,Dewott 22,0.04,0.06,9731,EUR,[],,,,,,,,,,,0.02,0.02,0.02,0.02,0.02,0.02,0.02,0.02,0.02,0.02,,,,,,,,,,,,,,,,,,,,,,,,,,,,,,,,,,,,,,,,EUR,0.2,0.12,Common,dewott,Pokémon,https://www.tcggo.com/pokemon/white-flare/dewott-22,rsv10pt5-22,642134,singles
2026-08-23T17:19:56+02:00,,403,rika,rika,WHT 23,23,835946,86,173,WHT,Pokémon,pokemon,224,https://images.tcggo.com/tcggo/storage/23037/white-flare-logo.png,White Flare,EUR,2375.73,EUR,2754.9,2025-07-18,1,Scarlet & Violet,scarlet-violet,white-flare,160,23281,https://images.tcggo.com/tcggo/storage/23250/samurott.png,https://www.tcggo.com/external/cm/23281,https://www.tcggo.com/external/tcgplayer/23281,Samurott,Samurott 23,0.08,0.09,6866,EUR,[],,,,,,,,,,,0.02,0.02,0.02,0.02,0.02,0.02,0.02,0.02,0.02,0.02,,,,,,,,,,,,,,,,,,,,,,,,,,,,,,,,,,,,,,,,EUR,0.21,0.14,rare,samurott,Pokémon,https://www.tcggo.com/pokemon/white-flare/samurott-23,rsv10pt5-23,642135,singles
2026-08-23T17:19:56+02:00,,382,KEIICHIRO ITO,keiichiro-ito,WHT 24,24,836536,86,173,WHT,Pokémon,pokemon,224,https://images.tcggo.com/tcggo/storage/23037/white-flare-logo.png,White Flare,EUR,2375.73,EUR,2754.9,2025-07-18,1,Scarlet & Violet,scarlet-violet,white-flare,90,23282,https://images.tcggo.com/tcggo/storage/23251/basculin.png,https://www.tcggo.com/external/cm/23282,https://www.tcggo.com/external/tcgplayer/23282,Basculin,Basculin 24,0.03,0.04,10058,EUR,[],,,,,,,,,,,0.02,0.02,0.02,0.02,0.02,0.02,0.02,0.02,0.02,0.02,,,,,,,,,,,,,,,,,,,,,,,,,,,,,,,,,,,,,,,,EUR,0.15,0.09,Common,basculin,Pokémon,https://www.tcggo.com/pokemon/white-flare/basculin-24-1,rsv10pt5-24,642136,singles
2026-08-23T17:19:56+02:00,,482,Mizue,mizue,WHT 25,25,835952,86,173,WHT,Pokémon,pokemon,224,https://images.tcggo.com/tcggo/storage/23037/white-flare-logo.png,White Flare,EUR,2375.73,EUR,2754.9,2025-07-18,1,Scarlet & Violet,scarlet-violet,white-flare,70,23283,https://images.tcggo.com/tcggo/storage/23252/ducklett.png,https://www.tcggo.com/external/cm/23283,https://www.tcggo.com/external/tcgplayer/23283,Ducklett,Ducklett 25,0.03,0.03,10167,EUR,[],,,,,,,,,,,0.02,0.02,0.02,0.02,0.02,0.02,0.02,0.02,0.02,0.02,,,,,,,,,,,,,,,,,,,,,,,,,,,,,,,,,,,,,,,,EUR,0.16,0.09,Common,ducklett,Pokémon,https://www.tcggo.com/pokemon/white-flare/ducklett-25,rsv10pt5-25,642137,singles
2026-08-23T17:19:56+02:00,,482,Mizue,mizue,WHT 26,26,835954,86,173,WHT,Pokémon,pokemon,224,https://images.tcggo.com/tcggo/storage/23037/white-flare-logo.png,White Flare,EUR,2375.73,EUR,2754.9,2025-07-18,1,Scarlet & Violet,scarlet-violet,white-flare,120,23284,https://images.tcggo.com/tcggo/storage/23253/swanna.png,https://www.tcggo.com/external/cm/23284,https://www.tcggo.com/external/tcgplayer/23284,Swanna,Swanna 26,0.03,0.03,8641,EUR,[],,,,,,,,,,,0.02,0.02,0.02,0.02,0.02,0.02,0.02,0.02,0.02,0.02,,,,,,,,,,,,,,,,,,,,,,,,,,,,,,,,,,,,,,,,EUR,0.18,0.1,Uncommon,swanna,Pokémon,https://www.tcggo.com/pokemon/white-flare/swanna-26,rsv10pt5-26,642138,singles
2026-08-23T17:19:56+02:00,,448,cochi8i,cochi8i,WHT 27,27,835956,86,173,WHT,Pokémon,pokemon,224,https://images.tcggo.com/tcggo/storage/23037/white-flare-logo.png,White Flare,EUR,2375.73,EUR,2754.9,2025-07-18,1,Scarlet & Violet,scarlet-violet,white-flare,60,23285,https://images.tcggo.com/tcggo/storage/23254/vanillite.png,https://www.tcggo.com/external/cm/23285,https://www.tcggo.com/external/tcgplayer/23285,Vanillite,Vanillite 27,0.02,0.03,13089,EUR,[],,,,,,,,,,,0.02,0.02,0.02,0.02,0.02,0.02,0.02,0.02,0.02,0.02,,,,,,,,,,,,,,,,,,,,,,,,,,,,,,,,,,,,,,,,EUR,0.16,0.09,Common,vanillite,Pokémon,https://www.tcggo.com/pokemon/white-flare/vanillite-27-2,rsv10pt5-27,642139,singles
2026-08-23T17:19:56+02:00,,448,cochi8i,cochi8i,WHT 28,28,835958,86,173,WHT,Pokémon,pokemon,224,https://images.tcggo.com/tcggo/storage/23037/white-flare-logo.png,White Flare,EUR,2375.73,EUR,2754.9,2025-07-18,1,Scarlet & Violet,scarlet-violet,white-flare,90,23286,https://images.tcggo.com/tcggo/storage/23255/vanillish.png,https://www.tcggo.com/external/cm/23286,https://www.tcggo.com/external/tcgplayer/23286,Vanillish,Vanillish 28,0.03,0.03,10057,EUR,[],,,,,,,,,,,0.02,0.02,0.02,0.02,0.02,0.02,0.02,0.02,0.02,0.02,,,,,,,,,,,,,,,,,,,,,,,,,,,,,,,,,,,,,,,,EUR,0.22,0.09,Common,vanillish,Pokémon,https://www.tcggo.com/pokemon/white-flare/vanillish-28-2,rsv10pt5-28,642140,singles
2026-08-23T17:19:56+02:00,,448,cochi8i,cochi8i,WHT 29,29,835960,86,173,WHT,Pokémon,pokemon,224,https://images.tcggo.com/tcggo/storage/23037/white-flare-logo.png,White Flare,EUR,2375.73,EUR,2754.9,2025-07-18,1,Scarlet & Violet,scarlet-violet,white-flare,150,23287,https://images.tcggo.com/tcggo/storage/23256/vanilluxe.png,https://www.tcggo.com/external/cm/23287,https://www.tcggo.com/external/tcgplayer/23287,Vanilluxe,Vanilluxe 29,0.03,0.03,8545,EUR,[],,,,,,,,,,,0.02,0.02,0.02,0.02,0.02,0.02,0.02,0.02,0.02,0.02,,,,,,,,,,,,,,,,,,,,,,,,,,,,,,,,,,,,,,,,EUR,0.18,0.09,Uncommon,vanilluxe,Pokémon,https://www.tcggo.com/pokemon/white-flare/vanilluxe-29-2,rsv10pt5-29,642141,singles
2026-08-23T17:19:56+02:00,,411,PLANETA Yamashita,planeta-yamashita,WHT 30,30,835962,86,173,WHT,Pokémon,pokemon,224,https://images.tcggo.com/tcggo/storage/23037/white-flare-logo.png,White Flare,EUR,2375.73,EUR,2754.9,2025-07-18,1,Scarlet & Violet,scarlet-violet,white-flare,210,23288,https://images.tcggo.com/tcggo/storage/23257/keldeo-ex.png,https://www.tcggo.com/external/cm/23288,https://www.tcggo.com/external/tcgplayer/23288,Keldeo ex,Keldeo ex 30,0.38,0.37,4219,EUR,[],,,,,,,,,,,0.02,0.08,0.08,0.05,0.05,0.02,0.11,0.11,0.02,0.02,,,,,,,,,,,,,,,,,,,,,,,,,,,,,,,,,,,,,,,,EUR,0.44,0.64,Double Rare,keldeo-ex,Pokémon,https://www.tcggo.com/pokemon/white-flare/keldeo-ex-30,rsv10pt5-30,642142,singles
2026-08-23T17:19:56+02:00,,451,Mugi Hamada,mugi-hamada,WHT 31,31,835963,86,173,WHT,Pokémon,pokemon,224,https://images.tcggo.com/tcggo/storage/23037/white-flare-logo.png,White Flare,EUR,2375.73,EUR,2754.9,2025-07-18,1,Scarlet & Violet,scarlet-violet,white-flare,60,23289,https://images.tcggo.com/tcggo/storage/23258/blitzle.png,https://www.tcggo.com/external/cm/23289,https://www.tcggo.com/external/tcgplayer/23289,Blitzle,Blitzle 31,0.03,0.03,10099,EUR,[],,,,,,,,,,,0.02,0.02,0.02,0.02,0.02,0.02,0.02,0.02,0.02,0.02,,,,,,,,,,,,,,,,,,,,,,,,,,,,,,,,,,,,,,,,EUR,0.16,0.09,Common,blitzle,Pokémon,https://www.tcggo.com/pokemon/white-flare/blitzle-31,rsv10pt5-31,642143,singles
2026-08-23T17:19:56+02:00,,451,Mugi Hamada,mugi-hamada,WHT 32,32,835965,86,173,WHT,Pokémon,pokemon,224,https://images.tcggo.com/tcggo/storage/23037/white-flare-logo.png,White Flare,EUR,2375.73,EUR,2754.9,2025-07-18,1,Scarlet & Violet,scarlet-violet,white-flare,120,23290,https://images.tcggo.com/tcggo/storage/23259/zebstrika.png,https://www.tcggo.com/external/cm/23290,https://www.tcggo.com/external/tcgplayer/23290,Zebstrika,Zebstrika 32,0.03,0.03,8399,EUR,[],,,,,,,,,,,0.02,0.02,0.02,0.02,0.02,0.02,0.02,0.02,0.02,0.02,,,,,,,,,,,,,,,,,,,,,,,,,,,,,,,,,,,,,,,,EUR,0.21,0.09,Uncommon,zebstrika,Pokémon,https://www.tcggo.com/pokemon/white-flare/zebstrika-32,rsv10pt5-32,642144,singles
2026-08-23T17:19:56+02:00,,410,Shimaris Yukichi,shimaris-yukichi,WHT 33,33,835967,86,173,WHT,Pokémon,pokemon,224,https://images.tcggo.com/tcggo/storage/23037/white-flare-logo.png,White Flare,EUR,2375.73,EUR,2754.9,2025-07-18,1,Scarlet & Violet,scarlet-violet,white-flare,40,23291,https://images.tcggo.com/tcggo/storage/23260/joltik.png,https://www.tcggo.com/external/cm/23291,https://www.tcggo.com/external/tcgplayer/23291,Joltik,Joltik 33,0.03,0.03,10013,EUR,[],,,,,,,,,,,0.02,0.02,0.02,0.02,0.02,0.02,0.02,0.02,0.02,0.02,,,,,,,,,,,,,,,,,,,,,,,,,,,,,,,,,,,,,,,,EUR,0.16,0.1,Common,joltik,Pokémon,https://www.tcggo.com/pokemon/white-flare/joltik-33-1,rsv10pt5-33,642145,singles
2026-08-23T17:19:56+02:00,,410,Shimaris Yukichi,shimaris-yukichi,WHT 34,34,835968,86,173,WHT,Pokémon,pokemon,224,https://images.tcggo.com/tcggo/storage/23037/white-flare-logo.png,White Flare,EUR,2375.73,EUR,2754.9,2025-07-18,1,Scarlet & Violet,scarlet-violet,white-flare,90,23292,https://images.tcggo.com/tcggo/storage/23261/galvantula.png,https://www.tcggo.com/external/cm/23292,https://www.tcggo.com/external/tcgplayer/23292,Galvantula,Galvantula 34,0.03,0.03,8468,EUR,[],,,,,,,,,,,0.02,0.02,0.02,0.02,0.02,0.02,0.02,0.02,0.02,0.02,,,,,,,,,,,,,,,,,,,,,,,,,,,,,,,,,,,,,,,,EUR,0.16,0.09,Uncommon,galvantula,Pokémon,https://www.tcggo.com/pokemon/white-flare/galvantula-34-1,rsv10pt5-34,642146,singles
2026-08-23T17:19:56+02:00,,491,Yuya Oka,yuya-oka,WHT 35,35,835969,86,173,WHT,Pokémon,pokemon,224,https://images.tcggo.com/tcggo/storage/23037/white-flare-logo.png,White Flare,EUR,2375.73,EUR,2754.9,2025-07-18,1,Scarlet & Violet,scarlet-violet,white-flare,110,23293,https://images.tcggo.com/tcggo/storage/23262/stunfisk.png,https://www.tcggo.com/external/cm/23293,https://www.tcggo.com/external/tcgplayer/23293,Stunfisk,Stunfisk 35,0.03,0.03,8665,EUR,[],,,,,,,,,,,0.03,0.02,0.02,0.02,0.02,0.02,0.02,0.02,0.02,0.02,,,,,,,,,,,,,,,,,,,,,,,,,,,,,,,,,,,,,,,,EUR,0.19,0.09,Uncommon,stunfisk,Pokémon,https://www.tcggo.com/pokemon/white-flare/stunfisk-35,rsv10pt5-35,642147,singles
2026-08-23T17:19:56+02:00,,779,Wintr Wandr,wintr-wandr,WHT 36,36,835971,86,173,WHT,Pokémon,pokemon,224,https://images.tcggo.com/tcggo/storage/23037/white-flare-logo.png,White Flare,EUR,2375.73,EUR,2754.9,2025-07-18,1,Scarlet & Violet,scarlet-violet,white-flare,60,23294,https://images.tcggo.com/tcggo/storage/23263/woobat.png,https://www.tcggo.com/external/cm/23294,https://www.tcggo.com/external/tcgplayer/23294,Woobat,Woobat 36,0.03,0.03,10120,EUR,[],,,,,,,,,,,0.02,0.02,0.02,0.02,0.02,0.02,0.02,0.02,0.02,0.02,,,,,,,,,,,,,,,,,,,,,,,,,,,,,,,,,,,,,,,,EUR,0.14,0.09,Common,woobat,Pokémon,https://www.tcggo.com/pokemon/white-flare/woobat-36-1,rsv10pt5-36,642148,singles
2026-08-23T17:19:56+02:00,,779,Wintr Wandr,wintr-wandr,WHT 37,37,835972,86,173,WHT,Pokémon,pokemon,224,https://images.tcggo.com/tcggo/storage/23037/white-flare-logo.png,White Flare,EUR,2375.73,EUR,2754.9,2025-07-18,1,Scarlet & Violet,scarlet-violet,white-flare,90,23295,https://images.tcggo.com/tcggo/storage/23264/swoobat.png,https://www.tcggo.com/external/cm/23295,https://www.tcggo.com/external/tcgplayer/23295,Swoobat,Swoobat 37,0.03,0.03,8438,EUR,[],,,,,,,,,,,0.02,0.02,0.02,0.02,0.02,0.02,0.02,0.02,0.02,0.02,,,,,,,,,,,,,,,,,,,,,,,,,,,,,,,,,,,,,,,,EUR,0.21,0.09,Uncommon,swoobat,Pokémon,https://www.tcggo.com/pokemon/white-flare/swoobat-37-1,rsv10pt5-37,642149,singles
2026-08-23T17:19:56+02:00,,442,Krgc,krgc,WHT 38,38,835973,86,173,WHT,Pokémon,pokemon,224,https://images.tcggo.com/tcggo/storage/23037/white-flare-logo.png,White Flare,EUR,2375.73,EUR,2754.9,2025-07-18,1,Scarlet & Violet,scarlet-violet,white-flare,120,23296,https://images.tcggo.com/tcggo/storage/23265/sigilyph.png,https://www.tcggo.com/external/cm/23296,https://www.tcggo.com/external/tcgplayer/23296,Sigilyph,Sigilyph 38,0.03,0.03,8822,EUR,[],,,,,,,,,,,0.02,0.02,0.02,0.02,0.02,0.02,0.02,0.02,0.02,0.02,,,,,,,,,,,,,,,,,,,,,,,,,,,,,,,,,,,,,,,,EUR,0.19,0.09,Uncommon,sigilyph,Pokémon,https://www.tcggo.com/pokemon/white-flare/sigilyph-38,rsv10pt5-38,642150,singles
2026-08-23T17:19:56+02:00,,502,Bun Toujo,bun-toujo,WHT 39,39,835974,86,173,WHT,Pokémon,pokemon,224,https://images.tcggo.com/tcggo/storage/23037/white-flare-logo.png,White Flare,EUR,2375.73,EUR,2754.9,2025-07-18,1,Scarlet & Violet,scarlet-violet,white-flare,70,23297,https://images.tcggo.com/tcggo/storage/23266/yamask.png,https://www.tcggo.com/external/cm/23297,https://www.tcggo.com/external/tcgplayer/23297,Yamask,Yamask 39,0.03,0.02,10235,EUR,[],,,,,,,,,,,0.02,0.02,0.02,0.02,0.02,0.02,0.02,0.02,0.02,0.02,,,,,,,,,,,,,,,,,,,,,,,,,,,,,,,,,,,,,,,,EUR,0.16,0.09,Common,yamask,Pokémon,https://www.tcggo.com/pokemon/white-flare/yamask-39,rsv10pt5-39,642151,singles
2026-08-23T17:19:56+02:00,,502,Bun Toujo,bun-toujo,WHT 40,40,835975,86,173,WHT,Pokémon,pokemon,224,https://images.tcggo.com/tcggo/storage/23037/white-flare-logo.png,White Flare,EUR,2375.73,EUR,2754.9,2025-07-18,1,Scarlet & Violet,scarlet-violet,white-flare,120,23298,https://images.tcggo.com/tcggo/storage/23267/cofagrigus.png,https://www.tcggo.com/external/cm/23298,https://www.tcggo.com/external/tcgplayer/23298,Cofagrigus,Cofagrigus 40,0.08,0.15,6874,EUR,[],,,,,,,,,,,0.02,0.02,0.02,0.02,0.02,0.02,0.02,0.02,0.02,0.02,,,,,,,,,,,,,,,,,,,,,,,,,,,,,,,,,,,,,,,,EUR,0.17,0.13,rare,cofagrigus,Pokémon,https://www.tcggo.com/pokemon/white-flare/cofagrigus-40,rsv10pt5-40,642152,singles
2026-08-23T17:19:56+02:00,,424,Mousho,mousho,WHT 41,41,835976,86,173,WHT,Pokémon,pokemon,224,https://images.tcggo.com/tcggo/storage/23037/white-flare-logo.png,White Flare,EUR,2375.73,EUR,2754.9,2025-07-18,1,Scarlet & Violet,scarlet-violet,white-flare,70,23299,https://images.tcggo.com/tcggo/storage/23268/gothita.png,https://www.tcggo.com/external/cm/23299,https://www.tcggo.com/external/tcgplayer/23299,Gothita,Gothita 41,0.03,0.03,12740,EUR,[],,,,,,,,,,,0.02,0.02,0.02,0.02,0.02,0.02,0.02,0.02,0.02,0.02,,,,,,,,,,,,,,,,,,,,,,,,,,,,,,,,,,,,,,,,EUR,0.2,0.09,Common,gothita,Pokémon,https://www.tcggo.com/pokemon/white-flare/gothita-41,rsv10pt5-41,642153,singles
2026-08-23T17:19:56+02:00,,424,Mousho,mousho,WHT 42,42,835977,86,173,WHT,Pokémon,pokemon,224,https://images.tcggo.com/tcggo/storage/23037/white-flare-logo.png,White Flare,EUR,2375.73,EUR,2754.9,2025-07-18,1,Scarlet & Violet,scarlet-violet,white-flare,90,23300,https://images.tcggo.com/tcggo/storage/23269/gothorita.png,https://www.tcggo.com/external/cm/23300,https://www.tcggo.com/external/tcgplayer/23300,Gothorita,Gothorita 42,0.03,0.04,9937,EUR,[],,,,,,,,,,,0.02,0.02,0.02,0.02,0.02,0.02,0.02,0.02,0.02,0.02,,,,,,,,,,,,,,,,,,,,,,,,,,,,,,,,,,,,,,,,EUR,0.21,0.09,Common,gothorita,Pokémon,https://www.tcggo.com/pokemon/white-flare/gothorita-42,rsv10pt5-42,642154,singles
2026-08-23T17:19:56+02:00,,424,Mousho,mousho,WHT 43,43,835979,86,173,WHT,Pokémon,pokemon,224,https://images.tcggo.com/tcggo/storage/23037/white-flare-logo.png,White Flare,EUR,2375.73,EUR,2754.9,2025-07-18,1,Scarlet & Violet,scarlet-violet,white-flare,150,23301,https://images.tcggo.com/tcggo/storage/23270/gothitelle.png,https://www.tcggo.com/external/cm/23301,https://www.tcggo.com/external/tcgplayer/23301,Gothitelle,Gothitelle 43,0.06,0.06,7189,EUR,[],,,,,,,,,,,0.03,0.02,0.02,0.02,0.02,0.02,0.02,0.02,0.02,0.02,,,,,,,,,,,,,,,,,,,,,,,,,,,,,,,,,,,,,,,,EUR,0.22,0.13,rare,gothitelle,Pokémon,https://www.tcggo.com/pokemon/white-flare/gothitelle-43,rsv10pt5-43,642155,singles
2026-08-23T17:19:56+02:00,,455,MARINA Chikazawa,marina-chikazawa,WHT 44,44,835982,86,173,WHT,Pokémon,pokemon,224,https://images.tcggo.com/tcggo/storage/23037/white-flare-logo.png,White Flare,EUR,2375.73,EUR,2754.9,2025-07-18,1,Scarlet & Violet,scarlet-violet,white-flare,80,23302,https://images.tcggo.com/tcggo/storage/23271/frillish.png,https://www.tcggo.com/external/cm/23302,https://www.tcggo.com/external/tcgplayer/23302,Frillish,Frillish 44,0.06,0.04,7124,EUR,[],,,,,,,,,,,0.02,0.02,0.02,0.02,0.02,0.02,0.02,0.02,0.02,0.02,,,,,,,,,,,,,,,,,,,,,,,,,,,,,,,,,,,,,,,,EUR,0.23,0.17,Common,frillish,Pokémon,https://www.tcggo.com/pokemon/white-flare/frillish-44-1,rsv10pt5-44,642156,singles
2026-08-23T17:19:56+02:00,,511,PLANETA Igarashi,planeta-igarashi,WHT 45,45,835984,86,173,WHT,Pokémon,pokemon,224,https://images.tcggo.com/tcggo/storage/23037/white-flare-logo.png,White Flare,EUR,2375.73,EUR,2754.9,2025-07-18,1,Scarlet & Violet,scarlet-violet,white-flare,270,23303,https://images.tcggo.com/tcggo/storage/23272/jellicent-ex.png,https://www.tcggo.com/external/cm/23303,https://www.tcggo.com/external/tcgplayer/23303,Jellicent ex,Jellicent ex 45,0.49,0.59,3612,EUR,[],,,,,,,,,,,0.09,0.15,0.15,0.15,0.15,0.09,0.15,0.1,0.04,0.04,,,,,,,,,,,,,,,,,,,,,,,,,,,,,,,,,,,,,,,,EUR,0.55,0.65,Double Rare,jellicent-ex,Pokémon,https://www.tcggo.com/pokemon/white-flare/jellicent-ex-45,rsv10pt5-45,642157,singles
2026-08-23T17:19:56+02:00,,363,Anesaki Dynamic,anesaki-dynamic,WHT 46,46,835986,86,173,WHT,Pokémon,pokemon,224,https://images.tcggo.com/tcggo/storage/23037/white-flare-logo.png,White Flare,EUR,2375.73,EUR,2754.9,2025-07-18,1,Scarlet & Violet,scarlet-violet,white-flare,80,23304,https://images.tcggo.com/tcggo/storage/23273/roggenrola.png,https://www.tcggo.com/external/cm/23304,https://www.tcggo.com/external/tcgplayer/23304,Roggenrola,Roggenrola 46,0.03,0.04,10163,EUR,[],,,,,,,,,,,0.02,0.02,0.02,0.02,0.02,0.02,0.02,0.02,0.02,0.02,,,,,,,,,,,,,,,,,,,,,,,,,,,,,,,,,,,,,,,,EUR,0.18,0.09,Common,roggenrola,Pokémon,https://www.tcggo.com/pokemon/white-flare/roggenrola-46,rsv10pt5-46,642158,singles
2026-08-23T17:19:56+02:00,,363,Anesaki Dynamic,anesaki-dynamic,WHT 47,47,835987,86,173,WHT,Pokémon,pokemon,224,https://images.tcggo.com/tcggo/storage/23037/white-flare-logo.png,White Flare,EUR,2375.73,EUR,2754.9,2025-07-18,1,Scarlet & Violet,scarlet-violet,white-flare,110,23305,https://images.tcggo.com/tcggo/storage/23274/boldore.png,https://www.tcggo.com/external/cm/23305,https://www.tcggo.com/external/tcgplayer/23305,Boldore,Boldore 47,0.03,0.03,9935,EUR,[],,,,,,,,,,,0.02,0.02,0.02,0.02,0.02,0.02,0.02,0.02,0.02,0.02,,,,,,,,,,,,,,,,,,,,,,,,,,,,,,,,,,,,,,,,EUR,0.19,0.09,Common,boldore,Pokémon,https://www.tcggo.com/pokemon/white-flare/boldore-47,rsv10pt5-47,642159,singles
2026-08-23T17:19:56+02:00,,363,Anesaki Dynamic,anesaki-dynamic,WHT 48,48,836580,86,173,WHT,Pokémon,pokemon,224,https://images.tcggo.com/tcggo/storage/23037/white-flare-logo.png,White Flare,EUR,2375.73,EUR,2754.9,2025-07-18,1,Scarlet & Violet,scarlet-violet,white-flare,170,23306,https://images.tcggo.com/tcggo/storage/23275/gigalith.png,https://www.tcggo.com/external/cm/23306,https://www.tcggo.com/external/tcgplayer/23306,Gigalith,Gigalith 48,0.03,0.05,8307,EUR,[],,,,,,,,,,,0.02,0.02,0.02,0.02,0.02,0.02,0.02,0.02,0.02,0.02,,,,,,,,,,,,,,,,,,,,,,,,,,,,,,,,,,,,,,,,EUR,0.21,0.1,Uncommon,gigalith,Pokémon,https://www.tcggo.com/pokemon/white-flare/gigalith-48,rsv10pt5-48,642160,singles
2026-08-23T17:19:56+02:00,,422,Dsuke,dsuke,WHT 49,49,835991,86,173,WHT,Pokémon,pokemon,224,https://images.tcggo.com/tcggo/storage/23037/white-flare-logo.png,White Flare,EUR,2375.73,EUR,2754.9,2025-07-18,1,Scarlet & Violet,scarlet-violet,white-flare,110,23307,https://images.tcggo.com/tcggo/storage/23276/sawk.png,https://www.tcggo.com/external/cm/23307,https://www.tcggo.com/external/tcgplayer/23307,Sawk,Sawk 49,0.03,0.04,10144,EUR,[],,,,,,,,,,,0.02,0.02,0.02,0.02,0.02,0.02,0.02,0.02,0.02,0.02,,,,,,,,,,,,,,,,,,,,,,,,,,,,,,,,,,,,,,,,EUR,0.11,0.1,Uncommon,sawk,Pokémon,https://www.tcggo.com/pokemon/white-flare/sawk-49,rsv10pt5-49,642161,singles
2026-08-23T17:19:56+02:00,,487,Haru Akasaka,haru-akasaka,WHT 50,50,835993,86,173,WHT,Pokémon,pokemon,224,https://images.tcggo.com/tcggo/storage/23037/white-flare-logo.png,White Flare,EUR,2375.73,EUR,2754.9,2025-07-18,1,Scarlet & Violet,scarlet-violet,white-flare,80,23308,https://images.tcggo.com/tcggo/storage/23277/archen.png,https://www.tcggo.com/external/cm/23308,https://www.tcggo.com/external/tcgplayer/23308,Archen,Archen 50,0.03,0.03,8000,EUR,[],,,,,,,,,,,0.02,0.02,0.02,0.02,0.02,0.02,0.02,0.02,0.02,0.02,,,,,,,,,,,,,,,,,,,,,,,,,,,,,,,,,,,,,,,,EUR,0.21,0.12,Uncommon,archen,Pokémon,https://www.tcggo.com/pokemon/white-flare/archen-50,rsv10pt5-50,642162,singles
2026-08-23T17:19:56+02:00,,487,Haru Akasaka,haru-akasaka,WHT 51,51,836585,86,173,WHT,Pokémon,pokemon,224,https://images.tcggo.com/tcggo/storage/23037/white-flare-logo.png,White Flare,EUR,2375.73,EUR,2754.9,2025-07-18,1,Scarlet & Violet,scarlet-violet,white-flare,140,23309,https://images.tcggo.com/tcggo/storage/23278/archeops.png,https://www.tcggo.com/external/cm/23309,https://www.tcggo.com/external/tcgplayer/23309,Archeops,Archeops 51,0.09,0.09,6842,EUR,[],,,,,,,,,,,0.02,0.02,0.02,0.02,0.02,0.02,0.02,0.02,0.02,0.02,,,,,,,,,,,,,,,,,,,,,,,,,,,,,,,,,,,,,,,,EUR,0.22,0.13,rare,archeops,Pokémon,https://www.tcggo.com/pokemon/white-flare/archeops-51,rsv10pt5-51,642163,singles
2026-08-23T17:19:56+02:00,,515,Keisin,keisin,WHT 52,52,835997,86,173,WHT,Pokémon,pokemon,224,https://images.tcggo.com/tcggo/storage/23037/white-flare-logo.png,White Flare,EUR,2375.73,EUR,2754.9,2025-07-18,1,Scarlet & Violet,scarlet-violet,white-flare,60,23310,https://images.tcggo.com/tcggo/storage/23279/mienfoo.png,https://www.tcggo.com/external/cm/23310,https://www.tcggo.com/external/tcgplayer/23310,Mienfoo,Mienfoo 52,0.03,0.04,10213,EUR,[],,,,,,,,,,,0.02,0.02,0.02,0.02,0.02,0.02,0.02,0.02,0.02,0.02,,,,,,,,,,,,,,,,,,,,,,,,,,,,,,,,,,,,,,,,EUR,0.1,0.09,Common,mienfoo,Pokémon,https://www.tcggo.com/pokemon/white-flare/mienfoo-52,rsv10pt5-52,642164,singles
2026-08-23T17:19:56+02:00,,515,Keisin,keisin,WHT 53,53,836000,86,173,WHT,Pokémon,pokemon,224,https://images.tcggo.com/tcggo/storage/23037/white-flare-logo.png,White Flare,EUR,2375.73,EUR,2754.9,2025-07-18,1,Scarlet & Violet,scarlet-violet,white-flare,100,23311,https://images.tcggo.com/tcggo/storage/23280/mienshao.png,https://www.tcggo.com/external/cm/23311,https://www.tcggo.com/external/tcgplayer/23311,Mienshao,Mienshao 53,0.03,0.03,8619,EUR,[],,,,,,,,,,,0.02,0.02,0.02,0.02,0.02,0.02,0.02,0.02,0.02,0.02,,,,,,,,,,,,,,,,,,,,,,,,,,,,,,,,,,,,,,,,EUR,0.2,0.09,Uncommon,mienshao,Pokémon,https://www.tcggo.com/pokemon/white-flare/mienshao-53,rsv10pt5-53,642165,singles
2026-08-23T17:19:56+02:00,,471,Tonji Matsuno,tonji-matsuno,WHT 54,54,836001,86,173,WHT,Pokémon,pokemon,224,https://images.tcggo.com/tcggo/storage/23037/white-flare-logo.png,White Flare,EUR,2375.73,EUR,2754.9,2025-07-18,1,Scarlet & Violet,scarlet-violet,white-flare,140,23312,https://images.tcggo.com/tcggo/storage/23281/terrakion.png,https://www.tcggo.com/external/cm/23312,https://www.tcggo.com/external/tcgplayer/23312,Terrakion,Terrakion 54,0.07,0.07,6998,EUR,[],,,,,,,,,,,0.02,0.02,0.02,0.02,0.02,0.02,0.02,0.02,0.02,0.02,,,,,,,,,,,,,,,,,,,,,,,,,,,,,,,,,,,,,,,,EUR,0.21,0.13,rare,terrakion,Pokémon,https://www.tcggo.com/pokemon/white-flare/terrakion-54,rsv10pt5-54,642166,singles
2026-08-23T17:19:56+02:00,,409,Yuu Nishida,yuu-nishida,WHT 55,55,836002,86,173,WHT,Pokémon,pokemon,224,https://images.tcggo.com/tcggo/storage/23037/white-flare-logo.png,White Flare,EUR,2375.73,EUR,2754.9,2025-07-18,1,Scarlet & Violet,scarlet-violet,white-flare,60,23313,https://images.tcggo.com/tcggo/storage/23282/purrloin.png,https://www.tcggo.com/external/cm/23313,https://www.tcggo.com/external/tcgplayer/23313,Purrloin,Purrloin 55,0.03,0.03,9469,EUR,[],,,,,,,,,,,0.02,0.02,0.02,0.02,0.02,0.02,0.02,0.02,0.02,0.02,,,,,,,,,,,,,,,,,,,,,,,,,,,,,,,,,,,,,,,,EUR,0.26,0.13,Common,purrloin,Pokémon,https://www.tcggo.com/pokemon/white-flare/purrloin-55,rsv10pt5-55,642167,singles
2026-08-23T17:19:56+02:00,,409,Yuu Nishida,yuu-nishida,WHT 56,56,836004,86,173,WHT,Pokémon,pokemon,224,https://images.tcggo.com/tcggo/storage/23037/white-flare-logo.png,White Flare,EUR,2375.73,EUR,2754.9,2025-07-18,1,Scarlet & Violet,scarlet-violet,white-flare,110,23314,https://images.tcggo.com/tcggo/storage/23283/liepard.png,https://www.tcggo.com/external/cm/23314,https://www.tcggo.com/external/tcgplayer/23314,Liepard,Liepard 56,0.03,0.03,8351,EUR,[],,,,,,,,,,,0.02,0.02,0.02,0.02,0.02,0.02,0.02,0.02,0.02,0.02,,,,,,,,,,,,,,,,,,,,,,,,,,,,,,,,,,,,,,,,EUR,0.21,0.09,Uncommon,liepard,Pokémon,https://www.tcggo.com/pokemon/white-flare/liepard-56,rsv10pt5-56,642168,singles
2026-08-23T17:19:56+02:00,,389,osare,osare,WHT 57,57,836006,86,173,WHT,Pokémon,pokemon,224,https://images.tcggo.com/tcggo/storage/23037/white-flare-logo.png,White Flare,EUR,2375.73,EUR,2754.9,2025-07-18,1,Scarlet & Violet,scarlet-violet,white-flare,70,23315,https://images.tcggo.com/tcggo/storage/23284/scraggy.png,https://www.tcggo.com/external/cm/23315,https://www.tcggo.com/external/tcgplayer/23315,Scraggy,Scraggy 57,0.04,0.11,9808,EUR,[],,,,,,,,,,,0.02,0.02,0.02,0.02,0.02,0.02,0.02,0.02,0.02,0.02,,,,,,,,,,,,,,,,,,,,,,,,,,,,,,,,,,,,,,,,EUR,0.19,0.13,Common,scraggy,Pokémon,https://www.tcggo.com/pokemon/white-flare/scraggy-57,rsv10pt5-57,642169,singles
2026-08-23T17:19:56+02:00,,389,osare,osare,WHT 58,58,836008,86,173,WHT,Pokémon,pokemon,224,https://images.tcggo.com/tcggo/storage/23037/white-flare-logo.png,White Flare,EUR,2375.73,EUR,2754.9,2025-07-18,1,Scarlet & Violet,scarlet-violet,white-flare,120,23316,https://images.tcggo.com/tcggo/storage/23285/scrafty.png,https://www.tcggo.com/external/cm/23316,https://www.tcggo.com/external/tcgplayer/23316,Scrafty,Scrafty 58,0.03,0.02,8437,EUR,[],,,,,,,,,,,0.02,0.02,0.02,0.02,0.02,0.02,0.02,0.02,0.02,0.02,,,,,,,,,,,,,,,,,,,,,,,,,,,,,,,,,,,,,,,,EUR,0.24,0.13,Uncommon,scrafty,Pokémon,https://www.tcggo.com/pokemon/white-flare/scrafty-58,rsv10pt5-58,642170,singles
2026-08-23T17:19:56+02:00,,374,OKUBO,okubo,WHT 59,59,836010,86,173,WHT,Pokémon,pokemon,224,https://images.tcggo.com/tcggo/storage/23037/white-flare-logo.png,White Flare,EUR,2375.73,EUR,2754.9,2025-07-18,1,Scarlet & Violet,scarlet-violet,white-flare,70,23317,https://images.tcggo.com/tcggo/storage/23286/trubbish.png,https://www.tcggo.com/external/cm/23317,https://www.tcggo.com/external/tcgplayer/23317,Trubbish,Trubbish 59,0.03,0.04,10094,EUR,[],,,,,,,,,,,0.02,0.02,0.02,0.02,0.02,0.02,0.02,0.02,0.02,0.02,,,,,,,,,,,,,,,,,,,,,,,,,,,,,,,,,,,,,,,,EUR,0.22,0.11,Common,trubbish,Pokémon,https://www.tcggo.com/pokemon/white-flare/trubbish-59,rsv10pt5-59,642171,singles
2026-08-23T17:19:56+02:00,,374,OKUBO,okubo,WHT 60,60,836012,86,173,WHT,Pokémon,pokemon,224,https://images.tcggo.com/tcggo/storage/23037/white-flare-logo.png,White Flare,EUR,2375.73,EUR,2754.9,2025-07-18,1,Scarlet & Violet,scarlet-violet,white-flare,140,23318,https://images.tcggo.com/tcggo/storage/23287/garbodor.png,https://www.tcggo.com/external/cm/23318,https://www.tcggo.com/external/tcgplayer/23318,Garbodor,Garbodor 60,0.03,0.03,8489,EUR,[],,,,,,,,,,,0.02,0.02,0.02,0.02,0.02,0.02,0.02,0.02,0.02,0.02,,,,,,,,,,,,,,,,,,,,,,,,,,,,,,,,,,,,,,,,EUR,0.21,0.1,Uncommon,garbodor,Pokémon,https://www.tcggo.com/pokemon/white-flare/garbodor-60,rsv10pt5-60,642172,singles
2026-08-23T17:19:56+02:00,,430,akagi,akagi,WHT 61,61,836014,86,173,WHT,Pokémon,pokemon,224,https://images.tcggo.com/tcggo/storage/23037/white-flare-logo.png,White Flare,EUR,2375.73,EUR,2754.9,2025-07-18,1,Scarlet & Violet,scarlet-violet,white-flare,70,23319,https://images.tcggo.com/tcggo/storage/23288/zorua.png,https://www.tcggo.com/external/cm/23319,https://www.tcggo.com/external/tcgplayer/23319,Zorua,Zorua 61,0.03,0.03,9224,EUR,[],,,,,,,,,,,0.02,0.02,0.02,0.02,0.02,0.02,0.02,0.02,0.02,0.02,,,,,,,,,,,,,,,,,,,,,,,,,,,,,,,,,,,,,,,,EUR,0.23,0.1,Common,zorua,Pokémon,https://www.tcggo.com/pokemon/white-flare/zorua-61,rsv10pt5-61,642173,singles
2026-08-23T17:19:56+02:00,,430,akagi,akagi,WHT 62,62,836016,86,173,WHT,Pokémon,pokemon,224,https://images.tcggo.com/tcggo/storage/23037/white-flare-logo.png,White Flare,EUR,2375.73,EUR,2754.9,2025-07-18,1,Scarlet & Violet,scarlet-violet,white-flare,120,23320,https://images.tcggo.com/tcggo/storage/23289/zoroark.png,https://www.tcggo.com/external/cm/23320,https://www.tcggo.com/external/tcgplayer/23320,Zoroark,Zoroark 62,0.09,0.13,6527,EUR,[],,,,,,,,,,,0.03,0.02,0.02,0.02,0.02,0.02,0.02,0.02,0.02,0.02,,,,,,,,,,,,,,,,,,,,,,,,,,,,,,,,,,,,,,,,EUR,0.19,0.16,rare,zoroark,Pokémon,https://www.tcggo.com/pokemon/white-flare/zoroark-62,rsv10pt5-62,642174,singles
2026-08-23T17:19:56+02:00,,516,Pani Kobayashi,pani-kobayashi,WHT 63,63,836019,86,173,WHT,Pokémon,pokemon,224,https://images.tcggo.com/tcggo/storage/23037/white-flare-logo.png,White Flare,EUR,2375.73,EUR,2754.9,2025-07-18,1,Scarlet & Violet,scarlet-violet,white-flare,70,23321,https://images.tcggo.com/tcggo/storage/23290/vullaby.png,https://www.tcggo.com/external/cm/23321,https://www.tcggo.com/external/tcgplayer/23321,Vullaby,Vullaby 63,0.03,0.04,10055,EUR,[],,,,,,,,,,,0.02,0.02,0.02,0.02,0.02,0.02,0.02,0.02,0.02,0.02,,,,,,,,,,,,,,,,,,,,,,,,,,,,,,,,,,,,,,,,EUR,0.14,0.09,Common,vullaby,Pokémon,https://www.tcggo.com/pokemon/white-flare/vullaby-63,rsv10pt5-63,642512,singles
2026-08-23T17:19:56+02:00,,516,Pani Kobayashi,pani-kobayashi,WHT 64,64,836020,86,173,WHT,Pokémon,pokemon,224,https://images.tcggo.com/tcggo/storage/23037/white-flare-logo.png,White Flare,EUR,2375.73,EUR,2754.9,2025-07-18,1,Scarlet & Violet,scarlet-violet,white-flare,110,23322,https://images.tcggo.com/tcggo/storage/23291/mandibuzz.png,https://www.tcggo.com/external/cm/23322,https://www.tcggo.com/external/tcgplayer/23322,Mandibuzz,Mandibuzz 64,0.03,0.05,8440,EUR,[],,,,,,,,,,,0.02,0.02,0.02,0.02,0.02,0.02,0.02,0.02,0.02,0.02,,,,,,,,,,,,,,,,,,,,,,,,,,,,,,,,,,,,,,,,EUR,0.15,0.1,Uncommon,mandibuzz,Pokémon,https://www.tcggo.com/pokemon/white-flare/mandibuzz-64,rsv10pt5-64,642513,singles
2026-08-23T17:19:56+02:00,,414,kodama,kodama,WHT 65,65,836022,86,173,WHT,Pokémon,pokemon,224,https://images.tcggo.com/tcggo/storage/23037/white-flare-logo.png,White Flare,EUR,2375.73,EUR,2754.9,2025-07-18,1,Scarlet & Violet,scarlet-violet,white-flare,80,23323,https://images.tcggo.com/tcggo/storage/23292/deino.png,https://www.tcggo.com/external/cm/23323,https://www.tcggo.com/external/tcgplayer/23323,Deino,Deino 65,0.03,0.03,12745,EUR,[],,,,,,,,,,,0.02,0.02,0.02,0.02,0.02,0.02,0.02,0.02,0.02,0.02,,,,,,,,,,,,,,,,,,,,,,,,,,,,,,,,,,,,,,,,EUR,0.14,0.09,Common,deino,Pokémon,https://www.tcggo.com/pokemon/white-flare/deino-65,rsv10pt5-65,642175,singles
2026-08-23T17:19:56+02:00,,414,kodama,kodama,WHT 66,66,836025,86,173,WHT,Pokémon,pokemon,224,https://images.tcggo.com/tcggo/storage/23037/white-flare-logo.png,White Flare,EUR,2375.73,EUR,2754.9,2025-07-18,1,Scarlet & Violet,scarlet-violet,white-flare,110,23324,https://images.tcggo.com/tcggo/storage/23293/zweilous.png,https://www.tcggo.com/external/cm/23324,https://www.tcggo.com/external/tcgplayer/23324,Zweilous,Zweilous 66,0.03,0.03,9921,EUR,[],,,,,,,,,,,0.02,0.02,0.02,0.02,0.02,0.02,0.02,0.02,0.02,0.02,,,,,,,,,,,,,,,,,,,,,,,,,,,,,,,,,,,,,,,,EUR,0.17,0.09,Common,zweilous,Pokémon,https://www.tcggo.com/pokemon/white-flare/zweilous-66,rsv10pt5-66,642176,singles
2026-08-23T17:19:56+02:00,,380,5ban Graphics,5ban-graphics,WHT 67,67,836027,86,173,WHT,Pokémon,pokemon,224,https://images.tcggo.com/tcggo/storage/23037/white-flare-logo.png,White Flare,EUR,2375.73,EUR,2754.9,2025-07-18,1,Scarlet & Violet,scarlet-violet,white-flare,330,23325,https://images.tcggo.com/tcggo/storage/23294/hydreigon-ex.png,https://www.tcggo.com/external/cm/23325,https://www.tcggo.com/external/tcgplayer/23325,Hydreigon ex,Hydreigon ex 67,0.37,0.37,4185,EUR,[],,,,,,,,,,,0.1,0.08,0.08,0.1,0.1,0.1,0.1,0.1,0.04,0.04,,,,,,,,,,,,,,,,,,,,,,,,,,,,,,,,,,,,,,,,EUR,0.42,0.63,Double Rare,hydreigon-ex,Pokémon,https://www.tcggo.com/pokemon/white-flare/hydreigon-ex-67,rsv10pt5-67,642177,singles
2026-08-23T17:19:56+02:00,,447,Hasuno,hasuno,WHT 68,68,836028,86,173,WHT,Pokémon,pokemon,224,https://images.tcggo.com/tcggo/storage/23037/white-flare-logo.png,White Flare,EUR,2375.73,EUR,2754.9,2025-07-18,1,Scarlet & Violet,scarlet-violet,white-flare,70,23326,https://images.tcggo.com/tcggo/storage/23295/ferroseed.png,https://www.tcggo.com/external/cm/23326,https://www.tcggo.com/external/tcgplayer/23326,Ferroseed,Ferroseed 68,0.03,0.03,10163,EUR,[],,,,,,,,,,,0.02,0.02,0.02,0.02,0.02,0.02,0.02,0.02,0.02,0.02,,,,,,,,,,,,,,,,,,,,,,,,,,,,,,,,,,,,,,,,EUR,0.14,0.09,Common,ferroseed,Pokémon,https://www.tcggo.com/pokemon/white-flare/ferroseed-68,rsv10pt5-68,642178,singles
2026-08-23T17:19:56+02:00,,447,Hasuno,hasuno,WHT 69,69,836029,86,173,WHT,Pokémon,pokemon,224,https://images.tcggo.com/tcggo/storage/23037/white-flare-logo.png,White Flare,EUR,2375.73,EUR,2754.9,2025-07-18,1,Scarlet & Violet,scarlet-violet,white-flare,140,23327,https://images.tcggo.com/tcggo/storage/23296/ferrothorn.png,https://www.tcggo.com/external/cm/23327,https://www.tcggo.com/external/tcgplayer/23327,Ferrothorn,Ferrothorn 69,0.03,0.05,8690,EUR,[],,,,,,,,,,,0.02,0.02,0.02,0.02,0.02,0.02,0.02,0.02,0.02,0.02,,,,,,,,,,,,,,,,,,,,,,,,,,,,,,,,,,,,,,,,EUR,0.23,0.09,Uncommon,ferrothorn,Pokémon,https://www.tcggo.com/pokemon/white-flare/ferrothorn-69,rsv10pt5-69,642179,singles
2026-08-23T17:19:56+02:00,,401,Yuka Morii,yuka-morii,WHT 70,70,836030,86,173,WHT,Pokémon,pokemon,224,https://images.tcggo.com/tcggo/storage/23037/white-flare-logo.png,White Flare,EUR,2375.73,EUR,2754.9,2025-07-18,1,Scarlet & Violet,scarlet-violet,white-flare,110,23328,https://images.tcggo.com/tcggo/storage/23297/durant.png,https://www.tcggo.com/external/cm/23328,https://www.tcggo.com/external/tcgplayer/23328,Durant,Durant 70,0.03,0.04,9938,EUR,[],,,,,,,,,,,0.02,0.02,0.02,0.02,0.02,0.02,0.02,0.02,0.02,0.02,,,,,,,,,,,,,,,,,,,,,,,,,,,,,,,,,,,,,,,,EUR,0.26,0.13,Uncommon,durant,Pokémon,https://www.tcggo.com/pokemon/white-flare/durant-70,rsv10pt5-70,642183,singles
2026-08-23T17:19:56+02:00,,510,Nurikabe,nurikabe,WHT 71,71,836031,86,173,WHT,Pokémon,pokemon,224,https://images.tcggo.com/tcggo/storage/23037/white-flare-logo.png,White Flare,EUR,2375.73,EUR,2754.9,2025-07-18,1,Scarlet & Violet,scarlet-violet,white-flare,120,23329,https://images.tcggo.com/tcggo/storage/23298/druddigon.png,https://www.tcggo.com/external/cm/23329,https://www.tcggo.com/external/tcgplayer/23329,Druddigon,Druddigon 71,0.03,0.03,8324,EUR,[],,,,,,,,,,,0.02,0.02,0.02,0.02,0.02,0.02,0.02,0.02,0.02,0.02,,,,,,,,,,,,,,,,,,,,,,,,,,,,,,,,,,,,,,,,EUR,0.22,0.09,Uncommon,druddigon,Pokémon,https://www.tcggo.com/pokemon/white-flare/druddigon-71,rsv10pt5-71,642184,singles
2026-08-23T17:19:56+02:00,,361,Ounishi,ounishi,WHT 72,72,836032,86,173,WHT,Pokémon,pokemon,224,https://images.tcggo.com/tcggo/storage/23037/white-flare-logo.png,White Flare,EUR,2375.73,EUR,2754.9,2025-07-18,1,Scarlet & Violet,scarlet-violet,white-flare,60,23330,https://images.tcggo.com/tcggo/storage/23299/patrat.png,https://www.tcggo.com/external/cm/23330,https://www.tcggo.com/external/tcgplayer/23330,Patrat,Patrat 72,0.03,0.03,9923,EUR,[],,,,,,,,,,,0.02,0.02,0.02,0.02,0.02,0.02,0.02,0.02,0.02,0.02,,,,,,,,,,,,,,,,,,,,,,,,,,,,,,,,,,,,,,,,EUR,0.18,0.09,Common,patrat,Pokémon,https://www.tcggo.com/pokemon/white-flare/patrat-72,rsv10pt5-72,642185,singles
2026-08-23T17:19:56+02:00,,361,Ounishi,ounishi,WHT 73,73,836034,86,173,WHT,Pokémon,pokemon,224,https://images.tcggo.com/tcggo/storage/23037/white-flare-logo.png,White Flare,EUR,2375.73,EUR,2754.9,2025-07-18,1,Scarlet & Violet,scarlet-violet,white-flare,90,23331,https://images.tcggo.com/tcggo/storage/23300/watchog.png,https://www.tcggo.com/external/cm/23331,https://www.tcggo.com/external/tcgplayer/23331,Watchog,Watchog 73,0.03,0.04,8295,EUR,[],,,,,,,,,,,0.02,0.02,0.02,0.02,0.02,0.02,0.02,0.02,0.02,0.02,,,,,,,,,,,,,,,,,,,,,,,,,,,,,,,,,,,,,,,,EUR,0.22,0.09,Uncommon,watchog,Pokémon,https://www.tcggo.com/pokemon/white-flare/watchog-73,rsv10pt5-73,642186,singles
2026-08-23T17:19:56+02:00,,381,sowsow,sowsow,WHT 74,74,836036,86,173,WHT,Pokémon,pokemon,224,https://images.tcggo.com/tcggo/storage/23037/white-flare-logo.png,White Flare,EUR,2375.73,EUR,2754.9,2025-07-18,1,Scarlet & Violet,scarlet-violet,white-flare,60,23332,https://images.tcggo.com/tcggo/storage/23301/lillipup.png,https://www.tcggo.com/external/cm/23332,https://www.tcggo.com/external/tcgplayer/23332,Lillipup,Lillipup 74,0.03,0.03,9760,EUR,[],,,,,,,,,,,0.02,0.02,0.02,0.02,0.02,0.02,0.02,0.02,0.02,0.02,,,,,,,,,,,,,,,,,,,,,,,,,,,,,,,,,,,,,,,,EUR,0.19,0.1,Common,lillipup,Pokémon,https://www.tcggo.com/pokemon/white-flare/lillipup-74,rsv10pt5-74,642187,singles
2026-08-23T17:19:56+02:00,,381,sowsow,sowsow,WHT 75,75,836038,86,173,WHT,Pokémon,pokemon,224,https://images.tcggo.com/tcggo/storage/23037/white-flare-logo.png,White Flare,EUR,2375.73,EUR,2754.9,2025-07-18,1,Scarlet & Violet,scarlet-violet,white-flare,90,23333,https://images.tcggo.com/tcggo/storage/23302/herdier.png,https://www.tcggo.com/external/cm/23333,https://www.tcggo.com/external/tcgplayer/23333,Herdier,Herdier 75,0.03,0.03,9816,EUR,[],,,,,,,,,,,0.02,0.02,0.02,0.02,0.02,0.02,0.02,0.02,0.02,0.02,,,,,,,,,,,,,,,,,,,,,,,,,,,,,,,,,,,,,,,,EUR,0.19,0.09,Common,herdier,Pokémon,https://www.tcggo.com/pokemon/white-flare/herdier-75,rsv10pt5-75,642188,singles
2026-08-23T17:19:56+02:00,,381,sowsow,sowsow,WHT 76,76,836040,86,173,WHT,Pokémon,pokemon,224,https://images.tcggo.com/tcggo/storage/23037/white-flare-logo.png,White Flare,EUR,2375.73,EUR,2754.9,2025-07-18,1,Scarlet & Violet,scarlet-violet,white-flare,160,23334,https://images.tcggo.com/tcggo/storage/23303/stoutland.png,https://www.tcggo.com/external/cm/23334,https://www.tcggo.com/external/tcgplayer/23334,Stoutland,Stoutland 76,0.03,0.04,8260,EUR,[],,,,,,,,,,,0.02,0.02,0.02,0.02,0.02,0.02,0.02,0.02,0.02,0.02,,,,,,,,,,,,,,,,,,,,,,,,,,,,,,,,,,,,,,,,EUR,0.21,0.13,Uncommon,stoutland,Pokémon,https://www.tcggo.com/pokemon/white-flare/stoutland-76,rsv10pt5-76,642189,singles
2026-08-23T17:19:56+02:00,,475,PLANETA Tsuji,planeta-tsuji,WHT 77,77,836042,86,173,WHT,Pokémon,pokemon,224,https://images.tcggo.com/tcggo/storage/23037/white-flare-logo.png,White Flare,EUR,2375.73,EUR,2754.9,2025-07-18,1,Scarlet & Violet,scarlet-violet,white-flare,220,23335,https://images.tcggo.com/tcggo/storage/23304/bouffalant-ex.png,https://www.tcggo.com/external/cm/23335,https://www.tcggo.com/external/tcgplayer/23335,Bouffalant ex,Bouffalant ex 77,0.43,0.51,4436,EUR,[],,,,,,,,,,,0.03,0.1,0.1,0.05,0.1,0.03,0.1,0.1,0.02,0.02,,,,,,,,,,,,,,,,,,,,,,,,,,,,,,,,,,,,,,,,EUR,0.38,0.6,Double Rare,bouffalant-ex,Pokémon,https://www.tcggo.com/pokemon/white-flare/bouffalant-ex-77,rsv10pt5-77,642190,singles
2026-08-23T17:19:56+02:00,,395,Nisota Niso,nisota-niso,WHT 78,78,836044,86,173,WHT,Pokémon,pokemon,224,https://images.tcggo.com/tcggo/storage/23037/white-flare-logo.png,White Flare,EUR,2375.73,EUR,2754.9,2025-07-18,1,Scarlet & Violet,scarlet-violet,white-flare,120,23336,https://images.tcggo.com/tcggo/storage/23305/tornadus.png,https://www.tcggo.com/external/cm/23336,https://www.tcggo.com/external/tcgplayer/23336,Tornadus,Tornadus 78,0.06,0.07,7278,EUR,[],,,,,,,,,,,0.02,0.02,0.02,0.02,0.02,0.02,0.02,0.02,0.02,0.02,,,,,,,,,,,,,,,,,,,,,,,,,,,,,,,,,,,,,,,,EUR,0.21,0.13,rare,tornadus,Pokémon,https://www.tcggo.com/pokemon/white-flare/tornadus-78,rsv10pt5-78,642193,singles
2026-08-23T17:19:56+02:00,,453,AYUMI ODASHIMA,ayumi-odashima,WHT 79,79,836049,86,173,WHT,Pokémon,pokemon,224,https://images.tcggo.com/tcggo/storage/23037/white-flare-logo.png,White Flare,EUR,2375.73,EUR,2754.9,2025-07-18,1,Scarlet & Violet,scarlet-violet,white-flare,0,23337,https://images.tcggo.com/tcggo/storage/23306/antique-plume-fossil.png,https://www.tcggo.com/external/cm/23337,https://www.tcggo.com/external/tcgplayer/23337,Antique Plume Fossil,Antique Plume Fossil 79,0.03,0.03,11764,EUR,[],,,,,,,,,,,0.02,0.02,0.02,0.02,0.02,0.02,0.02,0.02,0.02,0.02,,,,,,,,,,,,,,,,,,,,,,,,,,,,,,,,,,,,,,,,EUR,0.21,0.1,Common,antique-plume-fossil,Trainer,https://www.tcggo.com/pokemon/white-flare/antique-plume-fossil-79,rsv10pt5-79,642196,singles
2026-08-23T17:19:56+02:00,,458,Toyste Beach,toyste-beach,WHT 80,80,836051,86,173,WHT,Pokémon,pokemon,224,https://images.tcggo.com/tcggo/storage/23037/white-flare-logo.png,White Flare,EUR,2375.73,EUR,2754.9,2025-07-18,1,Scarlet & Violet,scarlet-violet,white-flare,0,23338,https://images.tcggo.com/tcggo/storage/23307/brave-bangle.png,https://www.tcggo.com/external/cm/23338,https://www.tcggo.com/external/tcgplayer/23338,Brave Bangle,Brave Bangle 80,0.26,0.32,3145,EUR,[],,,,,,,,,,,0.02,0.02,0.02,0.02,0.02,0.02,0.02,0.02,0.02,0.02,,,,,,,,,,,,,,,,,,,,,,,,,,,,,,,,,,,,,,,,EUR,0.47,0.23,Uncommon,brave-bangle,Trainer,https://www.tcggo.com/pokemon/white-flare/brave-bangle-80,rsv10pt5-80,642197,singles
2026-08-23T17:19:56+02:00,,460,Atsushi Furusawa,atsushi-furusawa,WHT 81,81,836053,86,173,WHT,Pokémon,pokemon,224,https://images.tcggo.com/tcggo/storage/23037/white-flare-logo.png,White Flare,EUR,2375.73,EUR,2754.9,2025-07-18,1,Scarlet & Violet,scarlet-violet,white-flare,0,23339,https://images.tcggo.com/tcggo/storage/23308/cheren.png,https://www.tcggo.com/external/cm/23339,https://www.tcggo.com/external/tcgplayer/23339,Cheren,Cheren 81,0.04,0.04,7355,EUR,[],,,,,,,,,,,0.02,0.02,0.02,0.02,0.02,0.02,0.02,0.02,0.02,0.02,,,,,,,,,,,,,,,,,,,,,,,,,,,,,,,,,,,,,,,,EUR,0.21,0.13,Uncommon,cheren,Trainer,https://www.tcggo.com/pokemon/white-flare/cheren-81,rsv10pt5-81,642199,singles
2026-08-23T17:19:56+02:00,,461,Studio Bora Inc.,studio-bora-inc,WHT 82,82,836054,86,173,WHT,Pokémon,pokemon,224,https://images.tcggo.com/tcggo/storage/23037/white-flare-logo.png,White Flare,EUR,2375.73,EUR,2754.9,2025-07-18,1,Scarlet & Violet,scarlet-violet,white-flare,0,23340,https://images.tcggo.com/tcggo/storage/23309/energy-retrieval.png,https://www.tcggo.com/external/cm/23340,https://www.tcggo.com/external/tcgplayer/23340,Energy Retrieval,Energy Retrieval 82,0.1,0.1,6003,EUR,[],,,,,,,,,,,0.03,0.02,0.02,0.02,0.02,0.02,0.02,0.02,0.02,0.02,,,,,,,,,,,,,,,,,,,,,,,,,,,,,,,,,,,,,,,,EUR,0.23,0.16,Uncommon,energy-retrieval,Trainer,https://www.tcggo.com/pokemon/white-flare/energy-retrieval-82,rsv10pt5-82,642194,singles
2026-08-23T17:19:56+02:00,,385,Teeziro,teeziro,WHT 83,83,836057,86,173,WHT,Pokémon,pokemon,224,https://images.tcggo.com/tcggo/storage/23037/white-flare-logo.png,White Flare,EUR,2375.73,EUR,2754.9,2025-07-18,1,Scarlet & Violet,scarlet-violet,white-flare,0,23341,https://images.tcggo.com/tcggo/storage/23310/harlequin.png,https://www.tcggo.com/external/cm/23341,https://www.tcggo.com/external/tcgplayer/23341,Harlequin,Harlequin 83,0.06,0.03,6850,EUR,[],,,,,,,,,,,0.02,0.02,0.02,0.02,0.02,0.02,0.02,0.02,0.02,0.02,,,,,,,,,,,,,,,,,,,,,,,,,,,,,,,,,,,,,,,,EUR,0.21,0.15,Uncommon,harlequin,Trainer,https://www.tcggo.com/pokemon/white-flare/harlequin-83,rsv10pt5-83,642198,singles
2026-08-23T17:19:56+02:00,,495,yuu,yuu,WHT 84,84,836059,86,173,WHT,Pokémon,pokemon,224,https://images.tcggo.com/tcggo/storage/23037/white-flare-logo.png,White Flare,EUR,2375.73,EUR,2754.9,2025-07-18,1,Scarlet & Violet,scarlet-violet,white-flare,0,23342,https://images.tcggo.com/tcggo/storage/23311/hilda.png,https://www.tcggo.com/external/cm/23342,https://www.tcggo.com/external/tcgplayer/23342,Hilda,Hilda 84,1.89,2.03,1088,EUR,[],,,,,,,,,,,0.03,1.25,1.25,1.75,1.75,0.03,0.9,0.9,0.02,0.5,,,,,,,,,,,,,,,,,,,,,,,,,,,,,,,,,,,,,,,,EUR,1.73,1.28,Uncommon,hilda,Trainer,https://www.tcggo.com/pokemon/white-flare/hilda-84,rsv10pt5-84,642200,singles
2026-08-23T17:19:56+02:00,,461,Studio Bora Inc.,studio-bora-inc,WHT 85,85,836061,86,173,WHT,Pokémon,pokemon,224,https://images.tcggo.com/tcggo/storage/23037/white-flare-logo.png,White Flare,EUR,2375.73,EUR,2754.9,2025-07-18,1,Scarlet & Violet,scarlet-violet,white-flare,0,23343,https://images.tcggo.com/tcggo/storage/23312/tool-scrapper.png,https://www.tcggo.com/external/cm/23343,https://www.tcggo.com/external/tcgplayer/23343,Tool Scrapper,Tool Scrapper 85,0.09,0.1,6158,EUR,[],,,,,,,,,,,0.02,0.02,0.02,0.02,0.02,0.02,0.02,0.02,0.02,0.02,,,,,,,,,,,,,,,,,,,,,,,,,,,,,,,,,,,,,,,,EUR,0.21,0.18,Uncommon,tool-scrapper,Trainer,https://www.tcggo.com/pokemon/white-flare/tool-scrapper-85,rsv10pt5-85,642195,singles
2026-08-23T17:19:56+02:00,,,,,WHT 86,86,836062,86,173,WHT,Pokémon,pokemon,224,https://images.tcggo.com/tcggo/storage/23037/white-flare-logo.png,White Flare,EUR,2375.73,EUR,2754.9,2025-07-18,1,Scarlet & Violet,scarlet-violet,white-flare,0,23344,https://images.tcggo.com/tcggo/storage/23313/ignition-energy.png,https://www.tcggo.com/external/cm/23344,https://www.tcggo.com/external/tcgplayer/23344,Ignition Energy,Ignition Energy 86,0.4,0.55,2538,EUR,[],,,,,,,,,,,0.02,0.02,0.02,0.03,0.05,0.02,0.02,0.02,0.02,0.02,,,,,,,,,,,,,,,,,,,,,,,,,,,,,,,,,,,,,,,,EUR,0.35,0.25,Uncommon,ignition-energy,Energy,https://www.tcggo.com/pokemon/white-flare/ignition-energy-86,rsv10pt5-86,642201,singles
2026-08-23T17:19:56+02:00,,415,nisimono,nisimono,WHT 87,87,836071,86,173,WHT,Pokémon,pokemon,224,https://images.tcggo.com/tcggo/storage/23037/white-flare-logo.png,White Flare,EUR,2375.73,EUR,2754.9,2025-07-18,1,Scarlet & Violet,scarlet-violet,white-flare,50,23345,https://images.tcggo.com/tcggo/storage/23314/sewaddle.png,https://www.tcggo.com/external/cm/23345,https://www.tcggo.com/external/tcgplayer/23345,Sewaddle,Sewaddle 87,12.83,13.12,151,EUR,[],,,,,,,,,,,12.99,14.99,14.99,14,14,13,10,11,4.99,4.99,USD,,,,,,,,,,,,,,,53.52,1,,,,,160,1,,,,,,,,,,,,,,,,,EUR,16.42,10.93,Illustration Rare,sewaddle,Pokémon,https://www.tcggo.com/pokemon/white-flare/sewaddle-87,rsv10pt5-87,642202,singles
2026-08-23T17:19:56+02:00,,507,0313,0313,WHT 88,88,836072,86,173,WHT,Pokémon,pokemon,224,https://images.tcggo.com/tcggo/storage/23037/white-flare-logo.png,White Flare,EUR,2375.73,EUR,2754.9,2025-07-18,1,Scarlet & Violet,scarlet-violet,white-flare,80,23346,https://images.tcggo.com/tcggo/storage/23315/swadloon.png,https://www.tcggo.com/external/cm/23346,https://www.tcggo.com/external/tcgplayer/23346,Swadloon,Swadloon 88,8.39,8.72,159,EUR,[],,,,,,,,,,,7.5,8.5,8.5,4.5,4.5,8,7.5,7.5,4,4,USD,,,,,,,,,,,,,,,4.84,1,,,10.67,1,,,,,,,,,,,,,,,,,,,EUR,10.53,6.83,Illustration Rare,swadloon,Pokémon,https://www.tcggo.com/pokemon/white-flare/swadloon-88,rsv10pt5-88,642203,singles
2026-08-23T17:19:56+02:00,,769,mashu,mashu,WHT 89,89,836074,86,173,WHT,Pokémon,pokemon,224,https://images.tcggo.com/tcggo/storage/23037/white-flare-logo.png,White Flare,EUR,2375.73,EUR,2754.9,2025-07-18,1,Scarlet & Violet,scarlet-violet,white-flare,130,23347,https://images.tcggo.com/tcggo/storage/23316/leavanny.png,https://www.tcggo.com/external/cm/23347,https://www.tcggo.com/external/tcgplayer/23347,Leavanny,Leavanny 89,27.93,26.13,98,EUR,[],,,,,,,,,,,30.5,25,30,45,45,30.5,26,26,10,10,USD,,,,,,,,,,,,,,,18.17,1,,,,,,,,,,,40,1,,,,,,,,,,,EUR,34.25,17.9,Illustration Rare,leavanny,Pokémon,https://www.tcggo.com/pokemon/white-flare/leavanny-89,rsv10pt5-89,642204,singles
2026-08-23T17:19:56+02:00,,515,Keisin,keisin,WHT 90,90,836075,86,173,WHT,Pokémon,pokemon,224,https://images.tcggo.com/tcggo/storage/23037/white-flare-logo.png,White Flare,EUR,2375.73,EUR,2754.9,2025-07-18,1,Scarlet & Violet,scarlet-violet,white-flare,60,23348,https://images.tcggo.com/tcggo/storage/23317/cottonee.png,https://www.tcggo.com/external/cm/23348,https://www.tcggo.com/external/tcgplayer/23348,Cottonee,Cottonee 90,6.98,7.16,148,EUR,[],,,,,,,,,,,7.99,5.29,6.85,6.9,6.9,7.99,7,7,3,3,,,,,,,,,,,,,,,,,,,,,,,,,,,,,,,,,,,,,,,,EUR,8.68,5.8,Illustration Rare,cottonee,Pokémon,https://www.tcggo.com/pokemon/white-flare/cottonee-90-1,rsv10pt5-90,642205,singles
2026-08-23T17:19:56+02:00,,446,takashi shiraishi,takashi-shiraishi,WHT 91,91,836077,86,173,WHT,Pokémon,pokemon,224,https://images.tcggo.com/tcggo/storage/23037/white-flare-logo.png,White Flare,EUR,2375.73,EUR,2754.9,2025-07-18,1,Scarlet & Violet,scarlet-violet,white-flare,70,23349,https://images.tcggo.com/tcggo/storage/23318/deerling.png,https://www.tcggo.com/external/cm/23349,https://www.tcggo.com/external/tcgplayer/23349,Deerling,Deerling 91,16.9,14.99,185,EUR,[],,,,,,,,,,,15.8,16,16,8,8,15.8,17,19.95,6,6,USD,44.47,2,,,,,17.91,1,,,,,,,,,,,20.8,1,,,,,,,,,,,,,,,,,,,EUR,19.57,12.82,Illustration Rare,deerling,Pokémon,https://www.tcggo.com/pokemon/white-flare/deerling-91,rsv10pt5-91,642206,singles
2026-08-23T17:19:56+02:00,,476,Yano Keiji,yano-keiji,WHT 92,92,836079,86,173,WHT,Pokémon,pokemon,224,https://images.tcggo.com/tcggo/storage/23037/white-flare-logo.png,White Flare,EUR,2375.73,EUR,2754.9,2025-07-18,1,Scarlet & Violet,scarlet-violet,white-flare,130,23350,https://images.tcggo.com/tcggo/storage/23319/sawsbuck.png,https://www.tcggo.com/external/cm/23350,https://www.tcggo.com/external/tcgplayer/23350,Sawsbuck,Sawsbuck 92,34.26,35.97,125,EUR,,,,,,,,,200,,85,37.5,37.99,41.95,23.5,23.5,37.5,35,35,14,14,USD,,,,,,,,,,,,,,,,,,,13.43,1,,,,,,,31.77,3,,,,,,,,,,,EUR,34.67,21.36,Illustration Rare,sawsbuck,Pokémon,https://www.tcggo.com/pokemon/white-flare/sawsbuck-92,rsv10pt5-92,642207,singles
2026-08-23T17:19:56+02:00,,399,Mékayu,mekayu,WHT 93,93,836080,86,173,WHT,Pokémon,pokemon,224,https://images.tcggo.com/tcggo/storage/23037/white-flare-logo.png,White Flare,EUR,2375.73,EUR,2754.9,2025-07-18,1,Scarlet & Violet,scarlet-violet,white-flare,60,23351,https://images.tcggo.com/tcggo/storage/23320/shelmet.png,https://www.tcggo.com/external/cm/23351,https://www.tcggo.com/external/tcgplayer/23351,Shelmet,Shelmet 93,5.7,6.29,216,EUR,[],,,,,,,,,,,4.99,5,5.4,4.4,4.4,4.99,4.99,4.99,2.49,2.49,,,,,,,,,,,,,,,,,,,,,,,,,,,,,,,,,,,,,,,,EUR,6.74,4.26,Illustration Rare,shelmet,Pokémon,https://www.tcggo.com/pokemon/white-flare/shelmet-93,rsv10pt5-93,642208,singles
2026-08-23T17:19:56+02:00,,480,Taiga Kasai,taiga-kasai,WHT 94,94,836081,86,173,WHT,Pokémon,pokemon,224,https://images.tcggo.com/tcggo/storage/23037/white-flare-logo.png,White Flare,EUR,2375.73,EUR,2754.9,2025-07-18,1,Scarlet & Violet,scarlet-violet,white-flare,100,23352,https://images.tcggo.com/tcggo/storage/23321/accelgor.png,https://www.tcggo.com/external/cm/23352,https://www.tcggo.com/external/tcgplayer/23352,Accelgor,Accelgor 94,18.74,15.83,105,EUR,,,,,35,,,,,,,18.5,18.9,18.9,19.5,19.5,18.5,22,22.85,5,5,USD,,,,,,,,,22.31,1,,,,,31.99,1,,,,,,,,,,,,,,,,,,,,,,,EUR,15.87,10.26,Illustration Rare,accelgor,Pokémon,https://www.tcggo.com/pokemon/white-flare/accelgor-94,rsv10pt5-94,642209,singles
2026-08-23T17:19:56+02:00,,414,kodama,kodama,WHT 95,95,836083,86,173,WHT,Pokémon,pokemon,224,https://images.tcggo.com/tcggo/storage/23037/white-flare-logo.png,White Flare,EUR,2375.73,EUR,2754.9,2025-07-18,1,Scarlet & Violet,scarlet-violet,white-flare,120,23353,https://images.tcggo.com/tcggo/storage/23322/virizion.png,https://www.tcggo.com/external/cm/23353,https://www.tcggo.com/external/tcgplayer/23353,Virizion,Virizion 95,35.99,39.7,110,EUR,,,,,,,,52,349,,,32,40,40,38,38,34.99,40,40,14,14,USD,,,,,,,,,,,,,,,,,,,,,96.72,2,,,,,29.99,1,,,,,,,,,,,EUR,26.67,21.91,Illustration Rare,virizion,Pokémon,https://www.tcggo.com/pokemon/white-flare/virizion-95,rsv10pt5-95,642210,singles
2026-08-23T17:19:56+02:00,,365,Orca,orca,WHT 96,96,836084,86,173,WHT,Pokémon,pokemon,224,https://images.tcggo.com/tcggo/storage/23037/white-flare-logo.png,White Flare,EUR,2375.73,EUR,2754.9,2025-07-18,1,Scarlet & Violet,scarlet-violet,white-flare,70,23354,https://images.tcggo.com/tcggo/storage/23323/tepig.png,https://www.tcggo.com/external/cm/23354,https://www.tcggo.com/external/tcgplayer/23354,Tepig,Tepig 96,32.16,32.19,172,EUR,,,,,,100,,,,,69,29.4,26,26,28,28,29.4,34,34,25,25,USD,,,,,,,,,,,,,,,,,,,30,1,49.99,1,,,18.29,1,,,,,,,,,,,,,EUR,35.21,17.74,Illustration Rare,tepig,Pokémon,https://www.tcggo.com/pokemon/white-flare/tepig-96,rsv10pt5-96,642211,singles
2026-08-23T17:19:56+02:00,,467,Masa,masa,WHT 97,97,836086,86,173,WHT,Pokémon,pokemon,224,https://images.tcggo.com/tcggo/storage/23037/white-flare-logo.png,White Flare,EUR,2375.73,EUR,2754.9,2025-07-18,1,Scarlet & Violet,scarlet-violet,white-flare,110,23355,https://images.tcggo.com/tcggo/storage/23324/pignite.png,https://www.tcggo.com/external/cm/23355,https://www.tcggo.com/external/tcgplayer/23355,Pignite,Pignite 97,9.63,10.79,168,EUR,,,,,30,300,20,,,,,6.99,9,9,9.4,9.4,6.99,12.3,12.3,4.8,4.8,USD,,,,,,,,,,,,,,,,,,,,,208.47,1,,,,,21.83,2,,,,,,,,,,,EUR,11.85,8.2,Illustration Rare,pignite,Pokémon,https://www.tcggo.com/pokemon/white-flare/pignite-97,rsv10pt5-97,642212,singles
2026-08-23T17:19:56+02:00,,536,NC Empire,nc-empire,WHT 98,98,836088,86,173,WHT,Pokémon,pokemon,224,https://images.tcggo.com/tcggo/storage/23037/white-flare-logo.png,White Flare,EUR,2375.73,EUR,2754.9,2025-07-18,1,Scarlet & Violet,scarlet-violet,white-flare,180,23356,https://images.tcggo.com/tcggo/storage/23325/emboar.png,https://www.tcggo.com/external/cm/23356,https://www.tcggo.com/external/tcgplayer/23356,Emboar,Emboar 98,32.61,31.94,107,EUR,,,,,,,,,,,50,29.4,33.49,33.49,29,29,29.4,69.5,69.5,23.89,23.89,USD,,,,,,,,,,,,,23.93,1,,,,,,,213.41,2,,,,,,,,,,,,,,,,,EUR,38.99,29.83,Illustration Rare,emboar,Pokémon,https://www.tcggo.com/pokemon/white-flare/emboar-98,rsv10pt5-98,642213,singles
2026-08-23T17:19:56+02:00,,472,GOTO minori,goto-minori,WHT 99,99,836090,86,173,WHT,Pokémon,pokemon,224,https://images.tcggo.com/tcggo/storage/23037/white-flare-logo.png,White Flare,EUR,2375.73,EUR,2754.9,2025-07-18,1,Scarlet & Violet,scarlet-violet,white-flare,70,23357,https://images.tcggo.com/tcggo/storage/23326/pansear.png,https://www.tcggo.com/external/cm/23357,https://www.tcggo.com/external/tcgplayer/23357,Pansear,Pansear 99,8.64,8.67,158,EUR,[],,,,,,,,,,,10,7.98,7.98,7.5,7.5,11,10.5,10.5,4.35,4.35,USD,,,,,,,,,22.31,1,,,,,,,,,,,111.5,1,,,12.4,1,7.43,1,,,,,,,,,,,EUR,12.18,7.26,Illustration Rare,pansear,Pokémon,https://www.tcggo.com/pokemon/white-flare/pansear-99,rsv10pt5-99,642214,singles
2026-08-23T17:19:56+02:00,,381,sowsow,sowsow,WHT 100,100,836092,86,173,WHT,Pokémon,pokemon,224,https://images.tcggo.com/tcggo/storage/23037/white-flare-logo.png,White Flare,EUR,2375.73,EUR,2754.9,2025-07-18,1,Scarlet & Violet,scarlet-violet,white-flare,100,23358,https://images.tcggo.com/tcggo/storage/23327/simisear.png,https://www.tcggo.com/external/cm/23358,https://www.tcggo.com/external/tcgplayer/23358,Simisear,Simisear 100,11.87,11.91,151,EUR,[],,,,,,,,,,,10,13.5,13.5,4.95,4.95,10,9,9,5.5,5.5,USD,34.98,5,,,,,11.99,1,,,,,,,24.97,5,,,8.92,1,29.04,5,,,7.41,1,21.26,5,,,,,,,,,17.84,1,EUR,14.02,8.44,Illustration Rare,simisear,Pokémon,https://www.tcggo.com/pokemon/white-flare/simisear-100,rsv10pt5-100,642215,singles
2026-08-23T17:19:56+02:00,,362,Naoyo Kimura,naoyo-kimura,WHT 101,101,836095,86,173,WHT,Pokémon,pokemon,224,https://images.tcggo.com/tcggo/storage/23037/white-flare-logo.png,White Flare,EUR,2375.73,EUR,2754.9,2025-07-18,1,Scarlet & Violet,scarlet-violet,white-flare,60,23359,https://images.tcggo.com/tcggo/storage/23328/litwick.png,https://www.tcggo.com/external/cm/23359,https://www.tcggo.com/external/tcgplayer/23359,Litwick,Litwick 101,15.95,14.7,134,EUR,[],,,,,,,,,,,17,17,17.99,35,35,17,9.98,9.98,7.5,7.5,USD,45.66,2,,,,,20.7,4,,,,,,,53.54,3,,,13.39,1,338.24,5,13.76,1,17.1,2,31.8,5,,,,,,,,,23.79,2,EUR,28.3,14.53,Illustration Rare,litwick,Pokémon,https://www.tcggo.com/pokemon/white-flare/litwick-101-1,rsv10pt5-101,642549,singles
2026-08-23T17:19:56+02:00,,407,Ligton,ligton,WHT 102,102,836097,86,173,WHT,Pokémon,pokemon,224,https://images.tcggo.com/tcggo/storage/23037/white-flare-logo.png,White Flare,EUR,2375.73,EUR,2754.9,2025-07-18,1,Scarlet & Violet,scarlet-violet,white-flare,80,23360,https://images.tcggo.com/tcggo/storage/23329/lampent.png,https://www.tcggo.com/external/cm/23360,https://www.tcggo.com/external/tcgplayer/23360,Lampent,Lampent 102,11.79,11.55,138,EUR,[],,,,,,,,,,,12,11.4,12,21,21,12,11,11,4.75,4.75,USD,,,,,,,15.96,2,,,,,,,52.71,4,6.13,2,,,122.62,4,,,14.64,4,22.43,5,,,148.63,1,,,,,24.22,1,EUR,15.5,9.19,Illustration Rare,lampent,Pokémon,https://www.tcggo.com/pokemon/white-flare/lampent-102-1,rsv10pt5-102,642550,singles
2026-08-23T17:19:56+02:00,,366,Kuroimori,kuroimori,WHT 103,103,836099,86,173,WHT,Pokémon,pokemon,224,https://images.tcggo.com/tcggo/storage/23037/white-flare-logo.png,White Flare,EUR,2375.73,EUR,2754.9,2025-07-18,1,Scarlet & Violet,scarlet-violet,white-flare,150,23361,https://images.tcggo.com/tcggo/storage/23330/chandelure.png,https://www.tcggo.com/external/cm/23361,https://www.tcggo.com/external/tcgplayer/23361,Chandelure,Chandelure 103,47.99,46.88,106,EUR,,,,,,,,,,32,,47,54.9,54.9,40,40,47,42,42,29.98,29.98,USD,63.03,4,,,22.58,1,27.32,2,,,,,,,161.91,2,,,24.81,1,393.84,5,,,29.68,3,58.31,5,,,222.04,4,,,,,26.02,1,EUR,61.85,39.15,Illustration Rare,chandelure,Pokémon,https://www.tcggo.com/pokemon/white-flare/chandelure-103-1,rsv10pt5-103,642551,singles
2026-08-23T17:19:56+02:00,,418,Kariya,kariya,WHT 104,104,836103,86,173,WHT,Pokémon,pokemon,224,https://images.tcggo.com/tcggo/storage/23037/white-flare-logo.png,White Flare,EUR,2375.73,EUR,2754.9,2025-07-18,1,Scarlet & Violet,scarlet-violet,white-flare,120,23362,https://images.tcggo.com/tcggo/storage/23331/heatmor.png,https://www.tcggo.com/external/cm/23362,https://www.tcggo.com/external/tcgplayer/23362,Heatmor,Heatmor 104,6.59,6.79,187,EUR,[],,,,,,,,,,,6,6,6,6.9,6.9,6,7.3,7.3,2.19,2.19,USD,,,,,,,11.54,1,,,,,,,21.28,1,,,,,278.78,1,,,,,15.85,3,,,,,,,,,,,EUR,7.09,4.27,Illustration Rare,heatmor,Pokémon,https://www.tcggo.com/pokemon/white-flare/heatmor-104,rsv10pt5-104,642216,singles
2026-08-23T17:19:56+02:00,,394,OKACHEKE,okacheke,WHT 105,105,836104,86,173,WHT,Pokémon,pokemon,224,https://images.tcggo.com/tcggo/storage/23037/white-flare-logo.png,White Flare,EUR,2375.73,EUR,2754.9,2025-07-18,1,Scarlet & Violet,scarlet-violet,white-flare,70,23363,https://images.tcggo.com/tcggo/storage/23332/oshawott.png,https://www.tcggo.com/external/cm/23363,https://www.tcggo.com/external/tcgplayer/23363,Oshawott,Oshawott 105,59.07,58.84,192,EUR,,,,,50,,,,950,,72,63.79,55,55,49.99,49.99,68,44.99,44.99,35,35,USD,145.94,5,,,25,1,67.75,5,,,,,38,3,89.68,5,,,38.15,2,856.23,5,,,44.67,5,84.88,5,,,292.5,2,,,,,44.67,5,EUR,79.13,42.74,Illustration Rare,oshawott,Pokémon,https://www.tcggo.com/pokemon/white-flare/oshawott-105,rsv10pt5-105,642217,singles
2026-08-23T17:19:56+02:00,,398,Taira Akitsu,taira-akitsu,WHT 106,106,836106,86,173,WHT,Pokémon,pokemon,224,https://images.tcggo.com/tcggo/storage/23037/white-flare-logo.png,White Flare,EUR,2375.73,EUR,2754.9,2025-07-18,1,Scarlet & Violet,scarlet-violet,white-flare,100,23364,https://images.tcggo.com/tcggo/storage/23333/dewott.png,https://www.tcggo.com/external/cm/23364,https://www.tcggo.com/external/tcgplayer/23364,Dewott,Dewott 106,14.36,14.12,151,EUR,[],,,,,,,,,,,14.99,14.79,14.79,14.99,14.99,14.99,21,21,6.99,6.99,USD,49.56,5,,,,,16.05,2,,,,,,,62.47,3,,,,,353.11,5,9.49,2,10.78,5,35.64,5,,,,,,,,,,,EUR,20.31,12.47,Illustration Rare,dewott,Pokémon,https://www.tcggo.com/pokemon/white-flare/dewott-106,rsv10pt5-106,642218,singles
2026-08-23T17:19:56+02:00,,429,DOM,dom,WHT 107,107,836108,86,173,WHT,Pokémon,pokemon,224,https://images.tcggo.com/tcggo/storage/23037/white-flare-logo.png,White Flare,EUR,2375.73,EUR,2754.9,2025-07-18,1,Scarlet & Violet,scarlet-violet,white-flare,160,23365,https://images.tcggo.com/tcggo/storage/23334/samurott.png,https://www.tcggo.com/external/cm/23365,https://www.tcggo.com/external/tcgplayer/23365,Samurott,Samurott 107,42.82,42.73,92,EUR,,,,,,,,,,,90,35,44.9,44.9,44,44,35,58,58,30,30,USD,72.92,5,,,,,29.69,5,,,,,,,157.71,2,,,40.33,1,317.95,5,,,20.57,5,34.64,5,,,207.5,2,,,,,31.48,1,EUR,44.94,37.43,Illustration Rare,samurott,Pokémon,https://www.tcggo.com/pokemon/white-flare/samurott-107,rsv10pt5-107,642219,singles
2026-08-23T17:19:56+02:00,,784,Nakamura Ippan,nakamura-ippan,WHT 108,108,836110,86,173,WHT,Pokémon,pokemon,224,https://images.tcggo.com/tcggo/storage/23037/white-flare-logo.png,White Flare,EUR,2375.73,EUR,2754.9,2025-07-18,1,Scarlet & Violet,scarlet-violet,white-flare,90,23366,https://images.tcggo.com/tcggo/storage/23335/basculin.png,https://www.tcggo.com/external/cm/23366,https://www.tcggo.com/external/tcgplayer/23366,Basculin,Basculin 108,6.05,5.85,156,EUR,[],,,,,,,,,,,4.9,4.99,5.8,4.99,4.99,4.9,5,5,3,3,USD,,,,,,,,,,,,,,,24.75,2,,,,,147.5,3,,,13.4,1,19.25,2,,,,,,,,,5.5,1,EUR,8.07,4.62,Illustration Rare,basculin,Pokémon,https://www.tcggo.com/pokemon/white-flare/basculin-108,rsv10pt5-108,642220,singles
2026-08-23T17:19:56+02:00,,459,GIDORA,gidora,WHT 109,109,836112,86,173,WHT,Pokémon,pokemon,224,https://images.tcggo.com/tcggo/storage/23037/white-flare-logo.png,White Flare,EUR,2375.73,EUR,2754.9,2025-07-18,1,Scarlet & Violet,scarlet-violet,white-flare,70,23367,https://images.tcggo.com/tcggo/storage/23336/ducklett.png,https://www.tcggo.com/external/cm/23367,https://www.tcggo.com/external/tcgplayer/23367,Ducklett,Ducklett 109,21.63,22.1,154,EUR,,,,,70,,,,,,,24.95,23,23,10,10,24.95,15,15,6.99,6.99,USD,58.98,5,,,,,24.99,5,,,,,,,64.7,2,,,26.68,1,262.47,5,13.83,1,14.83,5,32.15,5,,,,,,,,,40.04,1,EUR,29.38,13.76,Illustration Rare,ducklett,Pokémon,https://www.tcggo.com/pokemon/white-flare/ducklett-109,rsv10pt5-109,642221,singles
2026-08-23T17:19:56+02:00,,396,Gemi,gemi,WHT 110,110,836114,86,173,WHT,Pokémon,pokemon,224,https://images.tcggo.com/tcggo/storage/23037/white-flare-logo.png,White Flare,EUR,2375.73,EUR,2754.9,2025-07-18,1,Scarlet & Violet,scarlet-violet,white-flare,120,23368,https://images.tcggo.com/tcggo/storage/23337/swanna.png,https://www.tcggo.com/external/cm/23368,https://www.tcggo.com/external/tcgplayer/23368,Swanna,Swanna 110,14.76,17.79,167,EUR,,,,,,89,,,,,26,13.22,13.8,13.8,3.5,3.5,15,20,20,4.3,4.3,USD,89.07,3,,,,,17.92,2,,,,,,,,,10.7,1,,,252.12,5,10.41,1,11.48,3,19.89,5,,,228.46,1,,,,,,,EUR,13.91,8.49,Illustration Rare,swanna,Pokémon,https://www.tcggo.com/pokemon/white-flare/swanna-110,rsv10pt5-110,642222,singles
2026-08-23T17:19:56+02:00,,416,Mina Nakai,mina-nakai,WHT 111,111,836116,86,173,WHT,Pokémon,pokemon,224,https://images.tcggo.com/tcggo/storage/23037/white-flare-logo.png,White Flare,EUR,2375.73,EUR,2754.9,2025-07-18,1,Scarlet & Violet,scarlet-violet,white-flare,60,23369,https://images.tcggo.com/tcggo/storage/23338/vanillite.png,https://www.tcggo.com/external/cm/23369,https://www.tcggo.com/external/tcgplayer/23369,Vanillite,Vanillite 111,11.87,11.85,156,EUR,,,,,,,,,,,37,10,10,10,13.4,13.4,11,13.5,13.5,5,5,USD,52.25,3,,,,,17.43,2,,,,,9.48,2,19.36,3,,,,,213.29,5,14.99,3,9.72,4,16.42,5,,,,,,,,,18.73,1,EUR,14.18,8.55,Illustration Rare,vanillite,Pokémon,https://www.tcggo.com/pokemon/white-flare/vanillite-111,rsv10pt5-111,642223,singles
2026-08-23T17:19:56+02:00,,829,Yoko Hishida,yoko-hishida,WHT 112,112,836118,86,173,WHT,Pokémon,pokemon,224,https://images.tcggo.com/tcggo/storage/23037/white-flare-logo.png,White Flare,EUR,2375.73,EUR,2754.9,2025-07-18,1,Scarlet & Violet,scarlet-violet,white-flare,90,23370,https://images.tcggo.com/tcggo/storage/23339/vanillish.png,https://www.tcggo.com/external/cm/23370,https://www.tcggo.com/external/tcgplayer/23370,Vanillish,Vanillish 112,9.16,9.77,188,EUR,[],,,,,,,,,,,7.49,9.99,9.99,7.25,7.25,7.49,8.98,8.98,4,4,USD,,,,,,,16.81,4,,,,,,,37.81,4,,,,,156.19,5,,,15,3,14.86,5,,,,,,,,,17.84,4,EUR,13.13,7.15,Illustration Rare,vanillish,Pokémon,https://www.tcggo.com/pokemon/white-flare/vanillish-112,rsv10pt5-112,642224,singles
2026-08-23T17:19:56+02:00,,529,aoki,aoki,WHT 113,113,836120,86,173,WHT,Pokémon,pokemon,224,https://images.tcggo.com/tcggo/storage/23037/white-flare-logo.png,White Flare,EUR,2375.73,EUR,2754.9,2025-07-18,1,Scarlet & Violet,scarlet-violet,white-flare,150,23371,https://images.tcggo.com/tcggo/storage/23340/vanilluxe.png,https://www.tcggo.com/external/cm/23371,https://www.tcggo.com/external/tcgplayer/23371,Vanilluxe,Vanilluxe 113,35.56,31.18,88,EUR,[],,,,,,,,,,,28.89,30.99,30.99,25,25,33,40,40,26,26,USD,81.44,2,,,,,,,,,,,11.59,1,74.99,1,,,20,1,311.38,5,22.23,1,16.78,4,25.42,5,,,,,,,24.91,1,,,EUR,36.52,27.88,Illustration Rare,vanilluxe,Pokémon,https://www.tcggo.com/pokemon/white-flare/vanilluxe-113,rsv10pt5-113,642225,singles
2026-08-23T17:19:56+02:00,,501,Natsumi Miyanose,natsumi-miyanose,WHT 114,114,836122,86,173,WHT,Pokémon,pokemon,224,https://images.tcggo.com/tcggo/storage/23037/white-flare-logo.png,White Flare,EUR,2375.73,EUR,2754.9,2025-07-18,1,Scarlet & Violet,scarlet-violet,white-flare,60,23372,https://images.tcggo.com/tcggo/storage/23341/blitzle.png,https://www.tcggo.com/external/cm/23372,https://www.tcggo.com/external/tcgplayer/23372,Blitzle,Blitzle 114,9.38,10.66,160,EUR,[],,,,,,,,,,,9.5,12.75,12.75,6.99,6.99,9.5,9,9,3,3,USD,,,,,,,,,,,,,,,39.62,1,,,,,159.34,5,10.82,1,10.82,2,17.28,5,,,,,,,,,,,EUR,10.01,6.1,Illustration Rare,blitzle,Pokémon,https://www.tcggo.com/pokemon/white-flare/blitzle-114,rsv10pt5-114,642226,singles
2026-08-23T17:19:56+02:00,,470,REND,rend,WHT 115,115,836124,86,173,WHT,Pokémon,pokemon,224,https://images.tcggo.com/tcggo/storage/23037/white-flare-logo.png,White Flare,EUR,2375.73,EUR,2754.9,2025-07-18,1,Scarlet & Violet,scarlet-violet,white-flare,120,23373,https://images.tcggo.com/tcggo/storage/23342/zebstrika.png,https://www.tcggo.com/external/cm/23373,https://www.tcggo.com/external/tcgplayer/23373,Zebstrika,Zebstrika 115,24.5,25.26,99,EUR,[],,,,,,,,,,,22.96,20,20,16,16,23,78,78,12,12,USD,,,,,,,28.92,1,,,,,,,44.62,3,,,,,136.23,5,,,15.92,1,25.22,5,,,,,,,,,,,EUR,24.79,15.96,Illustration Rare,zebstrika,Pokémon,https://www.tcggo.com/pokemon/white-flare/zebstrika-115,rsv10pt5-115,642227,singles
2026-08-23T17:19:56+02:00,,359,HYOGONOSUKE,hyogonosuke,WHT 116,116,836126,86,173,WHT,Pokémon,pokemon,224,https://images.tcggo.com/tcggo/storage/23037/white-flare-logo.png,White Flare,EUR,2375.73,EUR,2754.9,2025-07-18,1,Scarlet & Violet,scarlet-violet,white-flare,40,23374,https://images.tcggo.com/tcggo/storage/23343/joltik.png,https://www.tcggo.com/external/cm/23374,https://www.tcggo.com/external/tcgplayer/23374,Joltik,Joltik 116,22.42,23.71,138,EUR,[],,,,,,,,,,,27.99,24.5,24.5,16,16,27.99,14.7,14.7,10,10,USD,45.74,2,,,23.49,1,37.58,1,,,,,25.29,1,70.33,2,,,25.32,2,363.43,5,,,16.99,5,35.38,5,,,89.25,3,,,,,21.25,2,EUR,27.68,19.27,Illustration Rare,joltik,Pokémon,https://www.tcggo.com/pokemon/white-flare/joltik-116,rsv10pt5-116,642228,singles
2026-08-23T17:19:56+02:00,,426,Akira Komayama,akira-komayama,WHT 117,117,836128,86,173,WHT,Pokémon,pokemon,224,https://images.tcggo.com/tcggo/storage/23037/white-flare-logo.png,White Flare,EUR,2375.73,EUR,2754.9,2025-07-18,1,Scarlet & Violet,scarlet-violet,white-flare,90,23375,https://images.tcggo.com/tcggo/storage/23344/galvantula.png,https://www.tcggo.com/external/cm/23375,https://www.tcggo.com/external/tcgplayer/23375,Galvantula,Galvantula 117,27.61,28.1,132,EUR,[],,,,,,,,,,,24.08,26,26,70,70,30,32,32,11.38,11.38,USD,33.99,1,,,,,23.51,5,,,,,,,39.64,2,,,,,186.36,5,,,9.44,2,17.9,5,,,,,,,,,,,EUR,17.43,15.37,Illustration Rare,galvantula,Pokémon,https://www.tcggo.com/pokemon/white-flare/galvantula-117,rsv10pt5-117,642229,singles
2026-08-23T17:19:56+02:00,,364,Toshinao Aoki,toshinao-aoki,WHT 118,118,836130,86,173,WHT,Pokémon,pokemon,224,https://images.tcggo.com/tcggo/storage/23037/white-flare-logo.png,White Flare,EUR,2375.73,EUR,2754.9,2025-07-18,1,Scarlet & Violet,scarlet-violet,white-flare,110,23376,https://images.tcggo.com/tcggo/storage/23345/stunfisk.png,https://www.tcggo.com/external/cm/23376,https://www.tcggo.com/external/tcgplayer/23376,Stunfisk,Stunfisk 118,4.08,3.93,232,EUR,[],,,,,,,,,,,3.49,3.98,3.98,4.5,4.5,3.49,4.95,4.95,2,2,,,,,,,,,,,,,,,,,,,,,,,,,,,,,,,,,,,,,,,,EUR,5.26,3.63,Illustration Rare,stunfisk,Pokémon,https://www.tcggo.com/pokemon/white-flare/stunfisk-118,rsv10pt5-118,642230,singles
2026-08-23T17:19:56+02:00,,440,Shibuzoh.,shibuzoh,WHT 119,119,836131,86,173,WHT,Pokémon,pokemon,224,https://images.tcggo.com/tcggo/storage/23037/white-flare-logo.png,White Flare,EUR,2375.73,EUR,2754.9,2025-07-18,1,Scarlet & Violet,scarlet-violet,white-flare,60,23377,https://images.tcggo.com/tcggo/storage/23346/woobat.png,https://www.tcggo.com/external/cm/23377,https://www.tcggo.com/external/tcgplayer/23377,Woobat,Woobat 119,7.79,8.74,164,EUR,,,,,,,,,24,,,6.99,6.99,6.99,6.5,6.5,6.99,6,6,4.8,4.8,USD,39.63,3,,,,,15.96,1,,,,,,,35.68,1,,,,,266.73,5,,,17.85,1,22.3,5,,,63.22,2,,,,,17.85,1,EUR,13.27,8.33,Illustration Rare,woobat,Pokémon,https://www.tcggo.com/pokemon/white-flare/woobat-119,rsv10pt5-119,642231,singles
2026-08-23T17:19:56+02:00,,370,Saboteri,saboteri,WHT 120,120,836133,86,173,WHT,Pokémon,pokemon,224,https://images.tcggo.com/tcggo/storage/23037/white-flare-logo.png,White Flare,EUR,2375.73,EUR,2754.9,2025-07-18,1,Scarlet & Violet,scarlet-violet,white-flare,90,23378,https://images.tcggo.com/tcggo/storage/23347/swoobat.png,https://www.tcggo.com/external/cm/23378,https://www.tcggo.com/external/tcgplayer/23378,Swoobat,Swoobat 120,7.66,8.55,167,EUR,,,,,,59,,,900,,40,7.9,7.98,7.98,7.98,7.98,7.99,7.5,7.5,4,4,USD,54.56,1,,,,,15.99,3,,,,,,,29.16,2,,,,,132.76,5,6.32,1,13.38,1,20.07,5,,,,,,,,,28.88,2,EUR,13.43,8.74,Illustration Rare,swoobat,Pokémon,https://www.tcggo.com/pokemon/white-flare/swoobat-120,rsv10pt5-120,642232,singles
2026-08-23T17:19:56+02:00,,423,mingo,mingo,WHT 121,121,836134,86,173,WHT,Pokémon,pokemon,224,https://images.tcggo.com/tcggo/storage/23037/white-flare-logo.png,White Flare,EUR,2375.73,EUR,2754.9,2025-07-18,1,Scarlet & Violet,scarlet-violet,white-flare,120,23379,https://images.tcggo.com/tcggo/storage/23348/sigilyph.png,https://www.tcggo.com/external/cm/23379,https://www.tcggo.com/external/tcgplayer/23379,Sigilyph,Sigilyph 121,7.3,7.41,182,EUR,[],,,,,,,,,,,6.4,4.99,4.99,5,5,6.95,6.99,6.99,3.5,3.5,USD,30.94,2,,,,,,,,,,,,,9.68,1,,,,,101.93,5,,,9.19,3,15.27,5,,,69.95,2,,,,,20,1,EUR,10.6,6.21,Illustration Rare,sigilyph,Pokémon,https://www.tcggo.com/pokemon/white-flare/sigilyph-121,rsv10pt5-121,642233,singles
2026-08-23T17:19:56+02:00,,765,YASHIRO Nanaco,yashiro-nanaco,WHT 122,122,836136,86,173,WHT,Pokémon,pokemon,224,https://images.tcggo.com/tcggo/storage/23037/white-flare-logo.png,White Flare,EUR,2375.73,EUR,2754.9,2025-07-18,1,Scarlet & Violet,scarlet-violet,white-flare,70,23380,https://images.tcggo.com/tcggo/storage/23349/yamask.png,https://www.tcggo.com/external/cm/23380,https://www.tcggo.com/external/tcgplayer/23380,Yamask,Yamask 122,6.54,6.7,187,EUR,[],,,,,,,,,,,5.99,5.75,5.75,5.98,5.98,5.99,5.9,5.9,4.5,4.5,,,,,,,,,,,,,,,,,,,,,,,,,,,,,,,,,,,,,,,,EUR,9.54,5.13,Illustration Rare,yamask,Pokémon,https://www.tcggo.com/pokemon/white-flare/yamask-122,rsv10pt5-122,642234,singles
2026-08-23T17:19:56+02:00,,487,Haru Akasaka,haru-akasaka,WHT 123,123,836138,86,173,WHT,Pokémon,pokemon,224,https://images.tcggo.com/tcggo/storage/23037/white-flare-logo.png,White Flare,EUR,2375.73,EUR,2754.9,2025-07-18,1,Scarlet & Violet,scarlet-violet,white-flare,120,23381,https://images.tcggo.com/tcggo/storage/23350/cofagrigus.png,https://www.tcggo.com/external/cm/23381,https://www.tcggo.com/external/tcgplayer/23381,Cofagrigus,Cofagrigus 123,18.97,18.37,118,EUR,[],,,,,,,,,,,14,19.95,19.95,13.8,13.8,14,38,38,13.95,13.95,USD,32.68,3,,,,,12.19,2,,,,,,,33.25,4,,,,,149.53,5,,,22.43,1,22.43,5,,,89,1,,,,,,,EUR,25.12,16.9,Illustration Rare,cofagrigus,Pokémon,https://www.tcggo.com/pokemon/white-flare/cofagrigus-123,rsv10pt5-123,642235,singles
2026-08-23T17:19:56+02:00,,768,Kanami Ogata,kanami-ogata,WHT 124,124,836140,86,173,WHT,Pokémon,pokemon,224,https://images.tcggo.com/tcggo/storage/23037/white-flare-logo.png,White Flare,EUR,2375.73,EUR,2754.9,2025-07-18,1,Scarlet & Violet,scarlet-violet,white-flare,70,23382,https://images.tcggo.com/tcggo/storage/23351/gothita.png,https://www.tcggo.com/external/cm/23382,https://www.tcggo.com/external/tcgplayer/23382,Gothita,Gothita 124,13.26,14.18,135,EUR,,,,,,89,,,,,29,15,11.9,11.9,12,12,15,10,11,5.5,5.5,USD,,,,,,,14.17,2,,,,,,,19.65,1,,,,,189.86,5,,,18.39,2,13.63,5,,,,,,,,,16.08,1,EUR,21.1,14.85,Illustration Rare,gothita,Pokémon,https://www.tcggo.com/pokemon/white-flare/gothita-124,rsv10pt5-124,642236,singles
2026-08-23T17:19:56+02:00,,787,Terada Tera,terada-tera,WHT 125,125,836141,86,173,WHT,Pokémon,pokemon,224,https://images.tcggo.com/tcggo/storage/23037/white-flare-logo.png,White Flare,EUR,2375.73,EUR,2754.9,2025-07-18,1,Scarlet & Violet,scarlet-violet,white-flare,90,23383,https://images.tcggo.com/tcggo/storage/23352/gothorita.png,https://www.tcggo.com/external/cm/23383,https://www.tcggo.com/external/tcgplayer/23383,Gothorita,Gothorita 125,9.14,9.04,195,EUR,,,,,,59,,,30,,35,8.49,7.5,7.5,9.98,9.98,9.99,7.99,8,3.99,3.99,USD,70.13,2,,,,,19.77,3,,,,,,,36.99,2,,,6.32,1,221.27,5,,,9.66,3,22.3,5,,,,,,,,,17.84,1,EUR,17.22,10.09,Illustration Rare,gothorita,Pokémon,https://www.tcggo.com/pokemon/white-flare/gothorita-125,rsv10pt5-125,642237,singles
2026-08-23T17:19:56+02:00,,466,Shinya Komatsu,shinya-komatsu,WHT 126,126,836142,86,173,WHT,Pokémon,pokemon,224,https://images.tcggo.com/tcggo/storage/23037/white-flare-logo.png,White Flare,EUR,2375.73,EUR,2754.9,2025-07-18,1,Scarlet & Violet,scarlet-violet,white-flare,80,23384,https://images.tcggo.com/tcggo/storage/23353/frillish.png,https://www.tcggo.com/external/cm/23384,https://www.tcggo.com/external/tcgplayer/23384,Frillish,Frillish 126,10.29,10.84,180,EUR,[],,,,,,,,,,,7,10.45,10.45,10,10,7,7.95,9,6.49,6.49,USD,76,1,,,,,19.77,1,,,,,,,32.53,2,,,6.13,2,185.84,5,,,9.22,5,16.06,5,,,,,,,,,,,EUR,11.82,11.54,Illustration Rare,frillish,Pokémon,https://www.tcggo.com/pokemon/white-flare/frillish-126,rsv10pt5-126,642239,singles
2026-08-23T17:19:56+02:00,,473,Yuriko Akase,yuriko-akase,WHT 127,127,836143,86,173,WHT,Pokémon,pokemon,224,https://images.tcggo.com/tcggo/storage/23037/white-flare-logo.png,White Flare,EUR,2375.73,EUR,2754.9,2025-07-18,1,Scarlet & Violet,scarlet-violet,white-flare,80,23385,https://images.tcggo.com/tcggo/storage/23354/roggenrola.png,https://www.tcggo.com/external/cm/23385,https://www.tcggo.com/external/tcgplayer/23385,Roggenrola,Roggenrola 127,6.97,6.98,149,EUR,[],,,,,,,,,,,7,6.9,6.9,,,7.98,6,6,3.2,3.2,USD,,,,,,,,,,,,,,,35.38,4,,,,,108.64,5,,,9.96,3,15.03,5,,,,,,,,,11.5,1,EUR,9.99,6.2,Illustration Rare,roggenrola,Pokémon,https://www.tcggo.com/pokemon/white-flare/roggenrola-127,rsv10pt5-127,642240,singles
2026-08-23T17:19:56+02:00,,442,Krgc,krgc,WHT 128,128,836145,86,173,WHT,Pokémon,pokemon,224,https://images.tcggo.com/tcggo/storage/23037/white-flare-logo.png,White Flare,EUR,2375.73,EUR,2754.9,2025-07-18,1,Scarlet & Violet,scarlet-violet,white-flare,110,23386,https://images.tcggo.com/tcggo/storage/23355/boldore.png,https://www.tcggo.com/external/cm/23386,https://www.tcggo.com/external/tcgplayer/23386,Boldore,Boldore 128,7.91,6.27,209,EUR,[],,,,,,,,,,,3,5.5,5.5,4.5,4.5,3,7,7,2.99,2.99,,,,,,,,,,,,,,,,,,,,,,,,,,,,,,,,,,,,,,,,EUR,4.65,4.49,Illustration Rare,boldore,Pokémon,https://www.tcggo.com/pokemon/white-flare/boldore-128,rsv10pt5-128,642241,singles
2026-08-23T17:19:56+02:00,,445,toi8,toi8,WHT 129,129,836147,86,173,WHT,Pokémon,pokemon,224,https://images.tcggo.com/tcggo/storage/23037/white-flare-logo.png,White Flare,EUR,2375.73,EUR,2754.9,2025-07-18,1,Scarlet & Violet,scarlet-violet,white-flare,170,23387,https://images.tcggo.com/tcggo/storage/23356/gigalith.png,https://www.tcggo.com/external/cm/23387,https://www.tcggo.com/external/tcgplayer/23387,Gigalith,Gigalith 129,21.41,19.85,102,EUR,,,,,,,,,,,30,15,19.15,19.15,15,15,15,25,25,24.99,24.99,USD,,,,,,,22.73,3,,,,,9.29,1,62.42,4,,,11.93,1,208.15,5,,,17.2,2,17.4,5,,,66.38,1,,,,,10.04,1,EUR,15.86,15.16,Illustration Rare,gigalith,Pokémon,https://www.tcggo.com/pokemon/white-flare/gigalith-129,rsv10pt5-129,642242,singles
2026-08-23T17:19:56+02:00,,405,nagimiso,nagimiso,WHT 130,130,836149,86,173,WHT,Pokémon,pokemon,224,https://images.tcggo.com/tcggo/storage/23037/white-flare-logo.png,White Flare,EUR,2375.73,EUR,2754.9,2025-07-18,1,Scarlet & Violet,scarlet-violet,white-flare,110,23388,https://images.tcggo.com/tcggo/storage/23357/sawk.png,https://www.tcggo.com/external/cm/23388,https://www.tcggo.com/external/tcgplayer/23388,Sawk,Sawk 130,9.19,8.33,180,EUR,[],,,,,,,,,,,8.4,7.8,7.8,5.5,5.5,8.99,10.5,10.5,4,4,USD,47.25,5,,,,,,,,,,,22.3,1,57.58,2,,,,,185.94,5,,,8.52,4,24.09,5,,,,,,,,,,,EUR,12.09,6.83,Illustration Rare,sawk,Pokémon,https://www.tcggo.com/pokemon/white-flare/sawk-130,rsv10pt5-130,642243,singles
2026-08-23T17:19:56+02:00,,487,Haru Akasaka,haru-akasaka,WHT 131,131,836150,86,173,WHT,Pokémon,pokemon,224,https://images.tcggo.com/tcggo/storage/23037/white-flare-logo.png,White Flare,EUR,2375.73,EUR,2754.9,2025-07-18,1,Scarlet & Violet,scarlet-violet,white-flare,80,23389,https://images.tcggo.com/tcggo/storage/23358/archen.png,https://www.tcggo.com/external/cm/23389,https://www.tcggo.com/external/tcgplayer/23389,Archen,Archen 131,6.68,6.78,151,EUR,[],,,,,,,,,,,5.5,6.4,6.4,5.5,5.5,5.5,6.5,7,3.5,3.5,USD,,,,,,,5.5,1,,,,,,,,,,,,,304.29,2,,,14.35,2,14.67,4,,,,,,,,,,,EUR,9.81,5.13,Uncommon,archen,Pokémon,https://www.tcggo.com/pokemon/white-flare/archen-131,rsv10pt5-131,642244,singles
2026-08-23T17:19:56+02:00,,386,Jerky,jerky,WHT 132,132,836152,86,173,WHT,Pokémon,pokemon,224,https://images.tcggo.com/tcggo/storage/23037/white-flare-logo.png,White Flare,EUR,2375.73,EUR,2754.9,2025-07-18,1,Scarlet & Violet,scarlet-violet,white-flare,140,23390,https://images.tcggo.com/tcggo/storage/23359/archeops.png,https://www.tcggo.com/external/cm/23390,https://www.tcggo.com/external/tcgplayer/23390,Archeops,Archeops 132,8.4,7.84,150,EUR,,,,,,,,,100,,,6,7.99,7.99,8.99,8.99,6,9.99,9.99,3,3,USD,81.62,1,,,,,16.14,1,,,,,,,36.1,1,,,,,119.49,5,6.99,1,5.59,2,21.51,5,,,124.03,1,,,,,,,EUR,12.81,6.41,Illustration Rare,archeops,Pokémon,https://www.tcggo.com/pokemon/white-flare/archeops-132,rsv10pt5-132,642245,singles
2026-08-23T17:19:56+02:00,,780,Iori Suzuki,iori-suzuki,WHT 133,133,836153,86,173,WHT,Pokémon,pokemon,224,https://images.tcggo.com/tcggo/storage/23037/white-flare-logo.png,White Flare,EUR,2375.73,EUR,2754.9,2025-07-18,1,Scarlet & Violet,scarlet-violet,white-flare,60,23391,https://images.tcggo.com/tcggo/storage/23360/mienfoo.png,https://www.tcggo.com/external/cm/23391,https://www.tcggo.com/external/tcgplayer/23391,Mienfoo,Mienfoo 133,9.83,10.35,178,EUR,,,,,,,,,,,35,9.45,8,8,7.49,7.49,9.45,8.95,8.95,4.45,4.45,USD,,,,,,,,,,,,,30.06,1,44.22,1,,,13.28,1,157.97,5,,,9.68,3,17.69,5,,,88.5,1,,,,,11.66,2,EUR,12.4,7.16,Illustration Rare,mienfoo,Pokémon,https://www.tcggo.com/pokemon/white-flare/mienfoo-133,rsv10pt5-133,642246,singles
2026-08-23T17:19:56+02:00,,413,Atsuya Uki,atsuya-uki,WHT 134,134,836155,86,173,WHT,Pokémon,pokemon,224,https://images.tcggo.com/tcggo/storage/23037/white-flare-logo.png,White Flare,EUR,2375.73,EUR,2754.9,2025-07-18,1,Scarlet & Violet,scarlet-violet,white-flare,100,23392,https://images.tcggo.com/tcggo/storage/23361/mienshao.png,https://www.tcggo.com/external/cm/23392,https://www.tcggo.com/external/tcgplayer/23392,Mienshao,Mienshao 134,7.7,8.35,175,EUR,,,,,,,,,,,100,7,6.38,6.38,6.5,6.5,7,10.99,10.99,3.5,3.5,USD,57.9,2,,,,,16.15,1,,,,,,,24.38,2,,,,,253.47,2,17.73,1,12.93,3,19.06,5,,,,,,,,,,,EUR,8.59,6.32,Illustration Rare,mienshao,Pokémon,https://www.tcggo.com/pokemon/white-flare/mienshao-134,rsv10pt5-134,642247,singles
2026-08-23T17:19:56+02:00,,443,Shiburingaru,shiburingaru,WHT 135,135,836157,86,173,WHT,Pokémon,pokemon,224,https://images.tcggo.com/tcggo/storage/23037/white-flare-logo.png,White Flare,EUR,2375.73,EUR,2754.9,2025-07-18,1,Scarlet & Violet,scarlet-violet,white-flare,140,23393,https://images.tcggo.com/tcggo/storage/23362/terrakion.png,https://www.tcggo.com/external/cm/23393,https://www.tcggo.com/external/tcgplayer/23393,Terrakion,Terrakion 135,29.56,27.39,104,EUR,[],,,,,,,,,,,27.5,21,21,23,23,27.5,55,55,23.89,23.89,USD,51.22,1,10.67,1,12.5,1,29.52,1,,,,,,,,,,,,,,,9.37,2,13.46,5,33.13,4,,,,,12.04,1,,,30.96,1,EUR,23.25,18.07,Illustration Rare,terrakion,Pokémon,https://www.tcggo.com/pokemon/white-flare/terrakion-135,rsv10pt5-135,642248,singles
2026-08-23T17:19:56+02:00,,451,Mugi Hamada,mugi-hamada,WHT 136,136,836158,86,173,WHT,Pokémon,pokemon,224,https://images.tcggo.com/tcggo/storage/23037/white-flare-logo.png,White Flare,EUR,2375.73,EUR,2754.9,2025-07-18,1,Scarlet & Violet,scarlet-violet,white-flare,60,23394,https://images.tcggo.com/tcggo/storage/23363/purrloin.png,https://www.tcggo.com/external/cm/23394,https://www.tcggo.com/external/tcgplayer/23394,Purrloin,Purrloin 136,16.18,15.75,151,EUR,,,,,,69,,,,40,,12,18.9,18.9,15,15,18,19.5,19.5,4,4,USD,,,,,,,15.96,1,,,,,,,44.55,1,,,,,148.52,5,,,11.79,4,22.28,5,,,,,,,,,16.97,1,EUR,17.7,12.51,Illustration Rare,purrloin,Pokémon,https://www.tcggo.com/pokemon/white-flare/purrloin-136,rsv10pt5-136,642249,singles
2026-08-23T17:19:56+02:00,,468,matazo,matazo,WHT 137,137,836159,86,173,WHT,Pokémon,pokemon,224,https://images.tcggo.com/tcggo/storage/23037/white-flare-logo.png,White Flare,EUR,2375.73,EUR,2754.9,2025-07-18,1,Scarlet & Violet,scarlet-violet,white-flare,110,23395,https://images.tcggo.com/tcggo/storage/23364/liepard.png,https://www.tcggo.com/external/cm/23395,https://www.tcggo.com/external/tcgplayer/23395,Liepard,Liepard 137,45.71,43.62,73,EUR,,,,,,,,,450,,,45,50,50,28.99,28.99,45,60,60,25,25,USD,175.01,2,,,,,34.66,5,,,,,,,56.5,1,,,,,302.55,5,26.76,1,19,5,49.06,5,,,136.36,1,,,,,,,EUR,41.26,24.06,Illustration Rare,liepard,Pokémon,https://www.tcggo.com/pokemon/white-flare/liepard-137,rsv10pt5-137,642250,singles
2026-08-23T17:19:56+02:00,,494,Nelnal,nelnal,WHT 138,138,836161,86,173,WHT,Pokémon,pokemon,224,https://images.tcggo.com/tcggo/storage/23037/white-flare-logo.png,White Flare,EUR,2375.73,EUR,2754.9,2025-07-18,1,Scarlet & Violet,scarlet-violet,white-flare,70,23396,https://images.tcggo.com/tcggo/storage/23365/scraggy.png,https://www.tcggo.com/external/cm/23396,https://www.tcggo.com/external/tcgplayer/23396,Scraggy,Scraggy 138,12.62,13.14,160,EUR,,,,,35,,,,,,40,12.9,13,13,20,20,14.99,15.5,16.99,5.9,5.9,USD,,,,,,,18.78,2,,,,,,,,,,,18.73,2,193.38,5,,,16.96,5,18.15,5,,,,,,,,,29.43,1,EUR,16.36,12.36,Illustration Rare,scraggy,Pokémon,https://www.tcggo.com/pokemon/white-flare/scraggy-138,rsv10pt5-138,642251,singles
2026-08-23T17:19:56+02:00,,431,Tetsu Kayama,tetsu-kayama,WHT 139,139,836163,86,173,WHT,Pokémon,pokemon,224,https://images.tcggo.com/tcggo/storage/23037/white-flare-logo.png,White Flare,EUR,2375.73,EUR,2754.9,2025-07-18,1,Scarlet & Violet,scarlet-violet,white-flare,120,23397,https://images.tcggo.com/tcggo/storage/23366/scrafty.png,https://www.tcggo.com/external/cm/23397,https://www.tcggo.com/external/tcgplayer/23397,Scrafty,Scrafty 139,20.61,20.29,88,EUR,[],,,,,,,,,,,17,20.99,20.99,19.9,19.9,17,23.5,24,12.9,12.9,USD,,,,,,,,,,,,,,,34.09,2,,,,,173.11,5,,,9.96,3,24.81,5,,,,,,,,,,,EUR,21.97,15.24,Illustration Rare,scrafty,Pokémon,https://www.tcggo.com/pokemon/white-flare/scrafty-139,rsv10pt5-139,642252,singles
2026-08-23T17:19:56+02:00,,368,Oswaldo KATO,oswaldo-kato,WHT 140,140,836164,86,173,WHT,Pokémon,pokemon,224,https://images.tcggo.com/tcggo/storage/23037/white-flare-logo.png,White Flare,EUR,2375.73,EUR,2754.9,2025-07-18,1,Scarlet & Violet,scarlet-violet,white-flare,70,23398,https://images.tcggo.com/tcggo/storage/23367/trubbish.png,https://www.tcggo.com/external/cm/23398,https://www.tcggo.com/external/tcgplayer/23398,Trubbish,Trubbish 140,10.1,11.13,150,EUR,[],,,,,,,,,,,14,11.99,11.99,5.75,5.75,14,5,5,3.5,3.5,USD,,,,,,,17.18,2,,,,,,,43.08,1,,,,,156.82,5,,,11.15,2,21.92,5,,,,,,,,,,,EUR,15.19,9.59,Illustration Rare,trubbish,Pokémon,https://www.tcggo.com/pokemon/white-flare/trubbish-140,rsv10pt5-140,642253,singles
2026-08-23T17:19:56+02:00,,383,Gapao,gapao,WHT 141,141,836166,86,173,WHT,Pokémon,pokemon,224,https://images.tcggo.com/tcggo/storage/23037/white-flare-logo.png,White Flare,EUR,2375.73,EUR,2754.9,2025-07-18,1,Scarlet & Violet,scarlet-violet,white-flare,140,23399,https://images.tcggo.com/tcggo/storage/23368/garbodor.png,https://www.tcggo.com/external/cm/23399,https://www.tcggo.com/external/tcgplayer/23399,Garbodor,Garbodor 141,15.93,17.66,103,EUR,,,,,,,,,90,,40,11.99,17,17,9.8,9.8,13,17,17,9,9,USD,78.08,1,,,,,,,,,,,,,44.75,2,,,,,258.7,4,,,13.28,5,22.12,5,,,,,,,,,,,EUR,17.48,12.89,Illustration Rare,garbodor,Pokémon,https://www.tcggo.com/pokemon/white-flare/garbodor-141,rsv10pt5-141,642254,singles
2026-08-23T17:19:56+02:00,,463,Naoki Saito,naoki-saito,WHT 142,142,836168,86,173,WHT,Pokémon,pokemon,224,https://images.tcggo.com/tcggo/storage/23037/white-flare-logo.png,White Flare,EUR,2375.73,EUR,2754.9,2025-07-18,1,Scarlet & Violet,scarlet-violet,white-flare,70,23400,https://images.tcggo.com/tcggo/storage/23369/zorua.png,https://www.tcggo.com/external/cm/23400,https://www.tcggo.com/external/tcgplayer/23400,Zorua,Zorua 142,42.25,38.93,173,EUR,,,,,,145,,,400,,69,38.45,41.89,41.89,26,26,39,80,89.99,20.49,20.49,USD,96.38,5,,,,,34.04,5,,,,,,,70.77,5,,,26.53,3,358.67,5,10.75,2,30.87,5,39.69,5,,,157.5,2,,,,,25,5,EUR,39.85,20.96,Illustration Rare,zorua,Pokémon,https://www.tcggo.com/pokemon/white-flare/zorua-142,rsv10pt5-142,642255,singles
2026-08-23T17:19:56+02:00,,450,Iwamoto05,iwamoto05,WHT 143,143,836171,86,173,WHT,Pokémon,pokemon,224,https://images.tcggo.com/tcggo/storage/23037/white-flare-logo.png,White Flare,EUR,2375.73,EUR,2754.9,2025-07-18,1,Scarlet & Violet,scarlet-violet,white-flare,120,23401,https://images.tcggo.com/tcggo/storage/23370/zoroark.png,https://www.tcggo.com/external/cm/23401,https://www.tcggo.com/external/tcgplayer/23401,Zoroark,Zoroark 143,82.31,89.93,139,EUR,,,,,,,,,440,,219,75,79,79,84.95,84.95,75,99,99,79,79,USD,99.84,5,,,,,40.04,5,,,,,38.81,2,100,5,,,,,373.8,5,,,35.56,5,53.38,5,,,261.66,1,,,,,34.52,1,EUR,66.94,43.92,Illustration Rare,zoroark,Pokémon,https://www.tcggo.com/pokemon/white-flare/zoroark-143,rsv10pt5-143,642256,singles
2026-08-23T17:19:56+02:00,,360,Saya Tsuruta,saya-tsuruta,WHT 144,144,836173,86,173,WHT,Pokémon,pokemon,224,https://images.tcggo.com/tcggo/storage/23037/white-flare-logo.png,White Flare,EUR,2375.73,EUR,2754.9,2025-07-18,1,Scarlet & Violet,scarlet-violet,white-flare,70,23402,https://images.tcggo.com/tcggo/storage/23371/vullaby.png,https://www.tcggo.com/external/cm/23402,https://www.tcggo.com/external/tcgplayer/23402,Vullaby,Vullaby 144,7.86,8.14,189,EUR,[],,,,,,,,,,,7,5,5,5.8,5.8,7,7.5,7.5,2.9,2.9,USD,,,,,,,,,,,,,,,40.27,3,,,1.68,1,,,,,9.08,4,13.8,5,,,,,,,,,,,EUR,8.53,5.47,Illustration Rare,vullaby,Pokémon,https://www.tcggo.com/pokemon/white-flare/vullaby-144,rsv10pt5-144,642593,singles
2026-08-23T17:19:56+02:00,,502,Bun Toujo,bun-toujo,WHT 145,145,836175,86,173,WHT,Pokémon,pokemon,224,https://images.tcggo.com/tcggo/storage/23037/white-flare-logo.png,White Flare,EUR,2375.73,EUR,2754.9,2025-07-18,1,Scarlet & Violet,scarlet-violet,white-flare,110,23403,https://images.tcggo.com/tcggo/storage/23372/mandibuzz.png,https://www.tcggo.com/external/cm/23403,https://www.tcggo.com/external/tcgplayer/23403,Mandibuzz,Mandibuzz 145,9.33,8.53,150,EUR,[],,,,,,,,,,,7,6.38,6.38,5.5,5.5,6,12,12,3.8,3.8,USD,,,,,,,,,,,,,,,10,5,,,4.99,1,75,5,,,,,12.51,5,,,,,,,,,,,EUR,9.07,5.13,Illustration Rare,mandibuzz,Pokémon,https://www.tcggo.com/pokemon/white-flare/mandibuzz-145,rsv10pt5-145,642594,singles
2026-08-23T17:19:56+02:00,,385,Teeziro,teeziro,WHT 146,146,836178,86,173,WHT,Pokémon,pokemon,224,https://images.tcggo.com/tcggo/storage/23037/white-flare-logo.png,White Flare,EUR,2375.73,EUR,2754.9,2025-07-18,1,Scarlet & Violet,scarlet-violet,white-flare,80,23404,https://images.tcggo.com/tcggo/storage/23373/deino.png,https://www.tcggo.com/external/cm/23404,https://www.tcggo.com/external/tcgplayer/23404,Deino,Deino 146,14.19,15.43,151,EUR,,,,,,,,,240,,,12,14.5,14.5,22.99,22.99,12,17,17,4.8,4.8,USD,52.21,3,,,,,20.72,2,,,,,13.01,4,27,5,,,17.73,1,221.15,5,,,9.87,4,20.34,5,,,132.93,1,,,,,14.3,2,EUR,15.93,10.85,Illustration Rare,deino,Pokémon,https://www.tcggo.com/pokemon/white-flare/deino-146,rsv10pt5-146,642257,singles
2026-08-23T17:19:56+02:00,,483,Kyoko Umemoto,kyoko-umemoto,WHT 147,147,836179,86,173,WHT,Pokémon,pokemon,224,https://images.tcggo.com/tcggo/storage/23037/white-flare-logo.png,White Flare,EUR,2375.73,EUR,2754.9,2025-07-18,1,Scarlet & Violet,scarlet-violet,white-flare,110,23405,https://images.tcggo.com/tcggo/storage/23374/zweilous.png,https://www.tcggo.com/external/cm/23405,https://www.tcggo.com/external/tcgplayer/23405,Zweilous,Zweilous 147,9.04,8.1,203,EUR,[],,,,,,,,,,,7,6.49,6.49,6,6,7,8.99,8.99,2.9,2.9,USD,56.03,5,,,,,8.5,1,,,,,10.78,1,40.14,1,,,5.02,2,208.15,5,,,13.33,4,18.73,5,5.58,1,,,,,,,,,EUR,11.68,7.26,Illustration Rare,zweilous,Pokémon,https://www.tcggo.com/pokemon/white-flare/zweilous-147,rsv10pt5-147,642258,singles
2026-08-23T17:19:56+02:00,,510,Nurikabe,nurikabe,WHT 148,148,836180,86,173,WHT,Pokémon,pokemon,224,https://images.tcggo.com/tcggo/storage/23037/white-flare-logo.png,White Flare,EUR,2375.73,EUR,2754.9,2025-07-18,1,Scarlet & Violet,scarlet-violet,white-flare,70,23406,https://images.tcggo.com/tcggo/storage/23375/ferroseed.png,https://www.tcggo.com/external/cm/23406,https://www.tcggo.com/external/tcgplayer/23406,Ferroseed,Ferroseed 148,5.74,5.75,235,EUR,[],,,,,,,,,,,4.49,5,5,5.95,5.95,4.49,5,5,2.99,2.99,,,,,,,,,,,,,,,,,,,,,,,,,,,,,,,,,,,,,,,,EUR,5.98,4.11,Illustration Rare,ferroseed,Pokémon,https://www.tcggo.com/pokemon/white-flare/ferroseed-148,rsv10pt5-148,642259,singles
2026-08-23T17:19:56+02:00,,777,Minahamu,minahamu,WHT 149,149,836182,86,173,WHT,Pokémon,pokemon,224,https://images.tcggo.com/tcggo/storage/23037/white-flare-logo.png,White Flare,EUR,2375.73,EUR,2754.9,2025-07-18,1,Scarlet & Violet,scarlet-violet,white-flare,140,23407,https://images.tcggo.com/tcggo/storage/23376/ferrothorn.png,https://www.tcggo.com/external/cm/23407,https://www.tcggo.com/external/tcgplayer/23407,Ferrothorn,Ferrothorn 149,17.51,16.82,108,EUR,[],,,,,,,,,,,15.99,12,18.99,16.98,16.98,15.99,28,28,6.99,8,USD,,,,,,,19.77,1,,,,,,,44.62,1,,,,,168.03,5,,,,,13.75,5,,,,,,,,,19.46,1,EUR,16.2,9.48,Illustration Rare,ferrothorn,Pokémon,https://www.tcggo.com/pokemon/white-flare/ferrothorn-149,rsv10pt5-149,642260,singles
2026-08-23T17:19:56+02:00,,387,Scav,scav,WHT 150,150,836184,86,173,WHT,Pokémon,pokemon,224,https://images.tcggo.com/tcggo/storage/23037/white-flare-logo.png,White Flare,EUR,2375.73,EUR,2754.9,2025-07-18,1,Scarlet & Violet,scarlet-violet,white-flare,110,23408,https://images.tcggo.com/tcggo/storage/23377/durant.png,https://www.tcggo.com/external/cm/23408,https://www.tcggo.com/external/tcgplayer/23408,Durant,Durant 150,6.9,7.31,220,EUR,[],,,,,,,,,,,5,6,6,5,5,5,9.5,9.5,4,4,,,,,,,,,,,,,,,,,,,,,,,,,,,,,,,,,,,,,,,,EUR,10.68,5.06,Illustration Rare,durant,Pokémon,https://www.tcggo.com/pokemon/white-flare/durant-150,rsv10pt5-150,642264,singles
2026-08-23T17:19:56+02:00,,830,Kamome Shirahama,kamome-shirahama,WHT 151,151,836185,86,173,WHT,Pokémon,pokemon,224,https://images.tcggo.com/tcggo/storage/23037/white-flare-logo.png,White Flare,EUR,2375.73,EUR,2754.9,2025-07-18,1,Scarlet & Violet,scarlet-violet,white-flare,120,23409,https://images.tcggo.com/tcggo/storage/23378/druddigon.png,https://www.tcggo.com/external/cm/23409,https://www.tcggo.com/external/tcgplayer/23409,Druddigon,Druddigon 151,27.37,51.75,157,EUR,,,,,,,,,400,40,79,19,18.49,18.49,21.99,21.99,19,21,20,9,9,USD,79.19,4,,,,,20.19,2,,,,,11.91,2,33.34,4,,,30.95,1,331.32,5,,,14.52,5,31.27,5,,,316.43,1,,,13.03,1,44.67,1,EUR,20.47,11.47,Illustration Rare,druddigon,Pokémon,https://www.tcggo.com/pokemon/white-flare/druddigon-151,rsv10pt5-151,642265,singles
2026-08-23T17:19:56+02:00,,465,Yukihiro Tada,yukihiro-tada,WHT 152,152,836186,86,173,WHT,Pokémon,pokemon,224,https://images.tcggo.com/tcggo/storage/23037/white-flare-logo.png,White Flare,EUR,2375.73,EUR,2754.9,2025-07-18,1,Scarlet & Violet,scarlet-violet,white-flare,60,23410,https://images.tcggo.com/tcggo/storage/23379/patrat.png,https://www.tcggo.com/external/cm/23410,https://www.tcggo.com/external/tcgplayer/23410,Patrat,Patrat 152,9.78,9.69,150,EUR,,,,,,,,,200,,,8,9.9,9.9,7.9,7.9,10,9.95,9.99,4,4,USD,106.27,1,,,,,15.9,2,,,,,,,21.8,4,,,,,177.02,5,13.76,1,12.27,5,29.44,5,,,,,,,,,,,EUR,9.85,7.7,Illustration Rare,patrat,Pokémon,https://www.tcggo.com/pokemon/white-flare/patrat-152,rsv10pt5-152,642266,singles
2026-08-23T17:19:56+02:00,,424,Mousho,mousho,WHT 153,153,836188,86,173,WHT,Pokémon,pokemon,224,https://images.tcggo.com/tcggo/storage/23037/white-flare-logo.png,White Flare,EUR,2375.73,EUR,2754.9,2025-07-18,1,Scarlet & Violet,scarlet-violet,white-flare,90,23411,https://images.tcggo.com/tcggo/storage/23380/watchog.png,https://www.tcggo.com/external/cm/23411,https://www.tcggo.com/external/tcgplayer/23411,Watchog,Watchog 153,6.31,6.37,231,EUR,,,,,,60,,,110,,,5.9,5.48,5.48,3.98,3.98,5.9,6.7,6.7,3,3,,,,,,,,,,,,,,,,,,,,,,,,,,,,,,,,,,,,,,,,EUR,8.24,5,Illustration Rare,watchog,Pokémon,https://www.tcggo.com/pokemon/white-flare/watchog-153,rsv10pt5-153,642267,singles
2026-08-23T17:19:56+02:00,,406,Narumi Sato,narumi-sato,WHT 154,154,836189,86,173,WHT,Pokémon,pokemon,224,https://images.tcggo.com/tcggo/storage/23037/white-flare-logo.png,White Flare,EUR,2375.73,EUR,2754.9,2025-07-18,1,Scarlet & Violet,scarlet-violet,white-flare,60,23412,https://images.tcggo.com/tcggo/storage/23381/lillipup.png,https://www.tcggo.com/external/cm/23412,https://www.tcggo.com/external/tcgplayer/23412,Lillipup,Lillipup 154,19.84,18.1,133,EUR,,,,,,,,,275,,65,23.99,25.99,25.99,19.5,19.5,24.6,15,15,6.99,6.99,USD,72.92,3,,,,,26.42,5,,,,,,,89.17,3,,,17.35,2,203.69,5,,,16.38,5,57.98,5,,,181.54,3,,,,,24.23,2,EUR,31.52,18.79,Illustration Rare,lillipup,Pokémon,https://www.tcggo.com/pokemon/white-flare/lillipup-154,rsv10pt5-154,642268,singles
2026-08-23T17:19:56+02:00,,400,Makura Tami,makura-tami,WHT 155,155,836191,86,173,WHT,Pokémon,pokemon,224,https://images.tcggo.com/tcggo/storage/23037/white-flare-logo.png,White Flare,EUR,2375.73,EUR,2754.9,2025-07-18,1,Scarlet & Violet,scarlet-violet,white-flare,90,23413,https://images.tcggo.com/tcggo/storage/23382/herdier.png,https://www.tcggo.com/external/cm/23413,https://www.tcggo.com/external/tcgplayer/23413,Herdier,Herdier 155,12.48,12.67,170,EUR,,,,,,85,,,300,,,9.5,13.5,13.5,7,7,13,12,12,4,4,USD,54.97,1,,,,,,,,,,,,,77.2,2,,,11.97,2,265.38,5,,,13.59,2,26.53,5,,,,,,,,,,,EUR,15.59,9.01,Illustration Rare,herdier,Pokémon,https://www.tcggo.com/pokemon/white-flare/herdier-155,rsv10pt5-155,642269,singles
2026-08-23T17:19:56+02:00,,821,Eri Kamei,eri-kamei,WHT 156,156,836194,86,173,WHT,Pokémon,pokemon,224,https://images.tcggo.com/tcggo/storage/23037/white-flare-logo.png,White Flare,EUR,2375.73,EUR,2754.9,2025-07-18,1,Scarlet & Violet,scarlet-violet,white-flare,160,23414,https://images.tcggo.com/tcggo/storage/23383/stoutland.png,https://www.tcggo.com/external/cm/23414,https://www.tcggo.com/external/tcgplayer/23414,Stoutland,Stoutland 156,24.98,26.58,96,EUR,[],,,,,,,,,,,30,18.5,18.5,24,24,30,29.99,29.99,17,17,USD,,,,,15.66,2,22.99,2,,,,,28.41,1,55.62,2,,,12.23,4,280.37,5,18.18,1,23.48,2,26.56,5,,,62.6,1,,,,,13.5,1,EUR,21.64,19.66,Illustration Rare,stoutland,Pokémon,https://www.tcggo.com/pokemon/white-flare/stoutland-156,rsv10pt5-156,642270,singles
2026-08-23T17:19:56+02:00,,380,5ban Graphics,5ban-graphics,WHT 157,157,836195,86,173,WHT,Pokémon,pokemon,224,https://images.tcggo.com/tcggo/storage/23037/white-flare-logo.png,White Flare,EUR,2375.73,EUR,2754.9,2025-07-18,1,Scarlet & Violet,scarlet-violet,white-flare,230,23415,https://images.tcggo.com/tcggo/storage/23384/whimsicott-ex.png,https://www.tcggo.com/external/cm/23415,https://www.tcggo.com/external/tcgplayer/23415,Whimsicott ex,Whimsicott ex 157,1.13,1.19,1057,EUR,[],,,,,,,,,,,0.85,0.5,0.5,1,1,0.85,0.85,0.99,0.2,0.2,,,,,,,,,,,,,,,,,,,,,,,,,,,,,,,,,,,,,,,,EUR,0.81,1.05,Ultra Rare,whimsicott-ex,Pokémon,https://www.tcggo.com/pokemon/white-flare/whimsicott-ex-157,rsv10pt5-157,642274,singles
2026-08-23T17:19:56+02:00,,380,5ban Graphics,5ban-graphics,WHT 158,158,836196,86,173,WHT,Pokémon,pokemon,224,https://images.tcggo.com/tcggo/storage/23037/white-flare-logo.png,White Flare,EUR,2375.73,EUR,2754.9,2025-07-18,1,Scarlet & Violet,scarlet-violet,white-flare,230,23416,https://images.tcggo.com/tcggo/storage/23385/reshiram-ex.png,https://www.tcggo.com/external/cm/23416,https://www.tcggo.com/external/tcgplayer/23416,Reshiram ex,Reshiram ex 158,2.78,2.47,579,EUR,[],,,,,,,,,,,1.49,2.49,2.7,3,3,1.49,2.5,2.5,0.99,0.99,,,,,,,,,,,,,,,,,,,,,,,,,,,,,,,,,,,,,,,,EUR,2.91,2.3,Ultra Rare,reshiram-ex,Pokémon,https://www.tcggo.com/pokemon/white-flare/reshiram-ex-158,rsv10pt5-158,642275,singles
2026-08-23T17:19:56+02:00,,489,N-DESIGN Inc.,n-design-inc,WHT 159,159,836198,86,173,WHT,Pokémon,pokemon,224,https://images.tcggo.com/tcggo/storage/23037/white-flare-logo.png,White Flare,EUR,2375.73,EUR,2754.9,2025-07-18,1,Scarlet & Violet,scarlet-violet,white-flare,210,23417,https://images.tcggo.com/tcggo/storage/23386/keldeo-ex.png,https://www.tcggo.com/external/cm/23417,https://www.tcggo.com/external/tcgplayer/23417,Keldeo ex,Keldeo ex 159,1.35,1.3,898,EUR,[],,,,,,,,,,,0.7,0.85,0.85,1.15,1.15,0.7,1,1,0.4,0.4,,,,,,,,,,,,,,,,,,,,,,,,,,,,,,,,,,,,,,,,EUR,1.09,1.21,Ultra Rare,keldeo-ex,Pokémon,https://www.tcggo.com/pokemon/white-flare/keldeo-ex-159,rsv10pt5-159,642276,singles
2026-08-23T17:19:56+02:00,,489,N-DESIGN Inc.,n-design-inc,WHT 160,160,408724,86,173,WHT,Pokémon,pokemon,224,https://images.tcggo.com/tcggo/storage/23037/white-flare-logo.png,White Flare,EUR,2375.73,EUR,2754.9,2025-07-18,1,Scarlet & Violet,scarlet-violet,white-flare,270,23418,https://images.tcggo.com/tcggo/storage/23387/jellicent-ex.png,https://www.tcggo.com/external/cm/23418,https://www.tcggo.com/external/tcgplayer/23418,Jellicent ex,Jellicent ex 160,1.19,1.19,1014,EUR,[],,,,,,,,,,,0.9,0.8,0.9,1,1,0.9,0.5,0.5,0.15,0.15,,,,,,,,,,,,,,,,,,,,,,,,,,,,,,,,,,,,,,,,EUR,1.01,1.14,Ultra Rare,jellicent-ex,Pokémon,https://www.tcggo.com/pokemon/white-flare/jellicent-ex-160,rsv10pt5-160,642277,singles
2026-08-23T17:19:56+02:00,,380,5ban Graphics,5ban-graphics,WHT 161,161,836201,86,173,WHT,Pokémon,pokemon,224,https://images.tcggo.com/tcggo/storage/23037/white-flare-logo.png,White Flare,EUR,2375.73,EUR,2754.9,2025-07-18,1,Scarlet & Violet,scarlet-violet,white-flare,330,23419,https://images.tcggo.com/tcggo/storage/23388/hydreigon-ex.png,https://www.tcggo.com/external/cm/23419,https://www.tcggo.com/external/tcgplayer/23419,Hydreigon ex,Hydreigon ex 161,1.28,1.2,876,EUR,[],,,,,,,,,,,0.8,0.95,0.95,1.95,1.95,0.8,1,1,0.45,0.45,,,,,,,,,,,,,,,,,,,,,,,,,,,,,,,,,,,,,,,,EUR,1.12,1.14,Ultra Rare,hydreigon-ex,Pokémon,https://www.tcggo.com/pokemon/white-flare/hydreigon-ex-161,rsv10pt5-161,642278,singles
2026-08-23T17:19:56+02:00,,489,N-DESIGN Inc.,n-design-inc,WHT 162,162,836202,86,173,WHT,Pokémon,pokemon,224,https://images.tcggo.com/tcggo/storage/23037/white-flare-logo.png,White Flare,EUR,2375.73,EUR,2754.9,2025-07-18,1,Scarlet & Violet,scarlet-violet,white-flare,220,23420,https://images.tcggo.com/tcggo/storage/23389/bouffalant-ex.png,https://www.tcggo.com/external/cm/23420,https://www.tcggo.com/external/tcgplayer/23420,Bouffalant ex,Bouffalant ex 162,0.98,1.02,1015,EUR,[],,,,,,,,,,,0.35,0.79,0.79,0.7,0.7,0.35,0.9,0.95,0.18,0.18,,,,,,,,,,,,,,,,,,,,,,,,,,,,,,,,,,,,,,,,EUR,0.74,0.85,Ultra Rare,bouffalant-ex,Pokémon,https://www.tcggo.com/pokemon/white-flare/bouffalant-ex-162,rsv10pt5-162,642279,singles
2026-08-23T17:19:56+02:00,,385,Teeziro,teeziro,WHT 163,163,836203,86,173,WHT,Pokémon,pokemon,224,https://images.tcggo.com/tcggo/storage/23037/white-flare-logo.png,White Flare,EUR,2375.73,EUR,2754.9,2025-07-18,1,Scarlet & Violet,scarlet-violet,white-flare,0,23421,https://images.tcggo.com/tcggo/storage/23390/harlequin.png,https://www.tcggo.com/external/cm/23421,https://www.tcggo.com/external/tcgplayer/23421,Harlequin,Harlequin 163,1.11,1.15,766,EUR,[],,,,,,,,,,,0.5,0.7,0.7,1,1,0.5,0.45,0.5,0.5,0.5,,,,,,,,,,,,,,,,,,,,,,,,,,,,,,,,,,,,,,,,EUR,0.76,1.42,Ultra Rare,harlequin,Trainer,https://www.tcggo.com/pokemon/white-flare/harlequin-163,rsv10pt5-163,642280,singles
2026-08-23T17:19:56+02:00,,495,yuu,yuu,WHT 164,164,836204,86,173,WHT,Pokémon,pokemon,224,https://images.tcggo.com/tcggo/storage/23037/white-flare-logo.png,White Flare,EUR,2375.73,EUR,2754.9,2025-07-18,1,Scarlet & Violet,scarlet-violet,white-flare,0,23422,https://images.tcggo.com/tcggo/storage/23391/hilda.png,https://www.tcggo.com/external/cm/23422,https://www.tcggo.com/external/tcgplayer/23422,Hilda,Hilda 164,7.39,6.61,483,EUR,[],,,,,,,,,,,5,7,7,10,10,5,4,4,3.19,3.19,USD,26.42,5,,,,,,,,,,,,,22.33,5,,,28.06,2,38.1,5,6.32,1,10.72,5,16.08,5,,,47.62,3,,,,,,,EUR,9.25,10.26,Ultra Rare,hilda,Trainer,https://www.tcggo.com/pokemon/white-flare/hilda-164,rsv10pt5-164,642281,singles
2026-08-23T17:19:56+02:00,,497,mele,mele,WHT 165,165,836207,86,173,WHT,Pokémon,pokemon,224,https://images.tcggo.com/tcggo/storage/23037/white-flare-logo.png,White Flare,EUR,2375.73,EUR,2754.9,2025-07-18,1,Scarlet & Violet,scarlet-violet,white-flare,230,23423,https://images.tcggo.com/tcggo/storage/23392/whimsicott-ex.png,https://www.tcggo.com/external/cm/23423,https://www.tcggo.com/external/tcgplayer/23423,Whimsicott ex,Whimsicott ex 165,25.29,25.21,155,EUR,,,,,,67,,,45,,45,21.99,28,28,20.85,20.85,21.99,29,29,14,14,USD,39.62,5,,,,,,,,,,,,,60.27,2,,,8.59,1,66.9,5,,,17.29,2,24.97,5,,,64.75,3,,,,,31.22,1,EUR,25.76,20.95,Special Illustration Rare,whimsicott-ex,Pokémon,https://www.tcggo.com/pokemon/white-flare/whimsicott-ex-165,rsv10pt5-165,642282,singles
2026-08-23T17:19:56+02:00,,408,kawayoo,kawayoo,WHT 166,166,836209,86,173,WHT,Pokémon,pokemon,224,https://images.tcggo.com/tcggo/storage/23037/white-flare-logo.png,White Flare,EUR,2375.73,EUR,2754.9,2025-07-18,1,Scarlet & Violet,scarlet-violet,white-flare,230,23424,https://images.tcggo.com/tcggo/storage/23393/reshiram-ex.png,https://www.tcggo.com/external/cm/23424,https://www.tcggo.com/external/tcgplayer/23424,Reshiram ex,Reshiram ex 166,230.45,202.25,234,EUR,[],,,,,,,,,,,160,170,170,129.95,129.95,160,288.89,288.89,145,145,USD,169.93,5,100,1,,,118.11,5,528.98,2,177.94,1,202.12,2,409.23,5,,,177.94,1,453.76,5,119.23,4,140.19,5,185.95,5,,,437.38,5,,,,,133.11,3,EUR,174.88,156.66,Special Illustration Rare,reshiram-ex,Pokémon,https://www.tcggo.com/pokemon/white-flare/reshiram-ex-166,rsv10pt5-166,642283,singles
2026-08-23T17:19:56+02:00,,409,Yuu Nishida,yuu-nishida,WHT 167,167,836211,86,173,WHT,Pokémon,pokemon,224,https://images.tcggo.com/tcggo/storage/23037/white-flare-logo.png,White Flare,EUR,2375.73,EUR,2754.9,2025-07-18,1,Scarlet & Violet,scarlet-violet,white-flare,210,23425,https://images.tcggo.com/tcggo/storage/23394/keldeo-ex.png,https://www.tcggo.com/external/cm/23425,https://www.tcggo.com/external/tcgplayer/23425,Keldeo ex,Keldeo ex 167,73.84,83.16,172,EUR,,400,,,,156,,,229,,,48,47.99,47.99,44,44,48,89,89,33,33,USD,99.25,5,,,,,34.68,1,,,42.3,1,58.64,2,89.71,5,,,,,167.84,5,29.04,1,44.14,5,70.87,5,,,143.5,5,,,,,57.88,2,EUR,66.23,49.56,Special Illustration Rare,keldeo-ex,Pokémon,https://www.tcggo.com/pokemon/white-flare/keldeo-ex-167,rsv10pt5-167,642284,singles
2026-08-23T17:19:56+02:00,,774,Narano,narano,WHT 168,168,836214,86,173,WHT,Pokémon,pokemon,224,https://images.tcggo.com/tcggo/storage/23037/white-flare-logo.png,White Flare,EUR,2375.73,EUR,2754.9,2025-07-18,1,Scarlet & Violet,scarlet-violet,white-flare,270,23426,https://images.tcggo.com/tcggo/storage/23395/jellicent-ex.png,https://www.tcggo.com/external/cm/23426,https://www.tcggo.com/external/tcgplayer/23426,Jellicent ex,Jellicent ex 168,24.86,26.36,239,EUR,,,250,,,80,,,98,,47,23,22,22,22,22,23,22,22,16.95,16.95,USD,40.88,5,,,,,18.28,1,,,,,,,19.36,1,,,15.49,2,80.74,5,,,22.9,2,24.73,5,,,80,3,,,,,,,EUR,24.38,25.26,Special Illustration Rare,jellicent-ex,Pokémon,https://www.tcggo.com/pokemon/white-flare/jellicent-ex-168,rsv10pt5-168,642285,singles
2026-08-23T17:19:56+02:00,,388,Takumi Wada,takumi-wada,WHT 169,169,836216,86,173,WHT,Pokémon,pokemon,224,https://images.tcggo.com/tcggo/storage/23037/white-flare-logo.png,White Flare,EUR,2375.73,EUR,2754.9,2025-07-18,1,Scarlet & Violet,scarlet-violet,white-flare,330,23427,https://images.tcggo.com/tcggo/storage/23396/hydreigon-ex.png,https://www.tcggo.com/external/cm/23427,https://www.tcggo.com/external/tcgplayer/23427,Hydreigon ex,Hydreigon ex 169,78.43,86.53,194,EUR,,260,,,,194,,,140,,69,60,60,60,49,49,60,65,65,38,38,USD,103.17,5,,,,,57.86,3,449.99,1,56.82,1,,,125.6,5,,,31.4,1,215.3,5,59.99,1,71.58,4,71.77,5,,,224.28,5,,,,,67.28,4,EUR,69.1,64.78,Special Illustration Rare,hydreigon-ex,Pokémon,https://www.tcggo.com/pokemon/white-flare/hydreigon-ex-169,rsv10pt5-169,642286,singles
2026-08-23T17:19:56+02:00,,148,Rianti Hidayat,rianti-hidayat,WHT 170,170,836218,86,173,WHT,Pokémon,pokemon,224,https://images.tcggo.com/tcggo/storage/23037/white-flare-logo.png,White Flare,EUR,2375.73,EUR,2754.9,2025-07-18,1,Scarlet & Violet,scarlet-violet,white-flare,220,23428,https://images.tcggo.com/tcggo/storage/23397/bouffalant-ex.png,https://www.tcggo.com/external/cm/23428,https://www.tcggo.com/external/tcgplayer/23428,Bouffalant ex,Bouffalant ex 170,18.54,23.22,200,EUR,,90,,,30,,,,84,,,17.44,16.8,17,25,25,18,18.99,18.99,12.2,12.2,USD,37.77,5,,,,,,,,,,,,,23.24,4,,,,,98.13,5,,,,,21.4,5,,,93.75,2,,,,,24.98,1,EUR,16.18,13.68,Special Illustration Rare,bouffalant-ex,Pokémon,https://www.tcggo.com/pokemon/white-flare/bouffalant-ex-170,rsv10pt5-170,642287,singles
2026-08-23T17:19:56+02:00,,463,Naoki Saito,naoki-saito,WHT 171,171,836220,86,173,WHT,Pokémon,pokemon,224,https://images.tcggo.com/tcggo/storage/23037/white-flare-logo.png,White Flare,EUR,2375.73,EUR,2754.9,2025-07-18,1,Scarlet & Violet,scarlet-violet,white-flare,0,23429,https://images.tcggo.com/tcggo/storage/23398/hilda.png,https://www.tcggo.com/external/cm/23429,https://www.tcggo.com/external/tcgplayer/23429,Hilda,Hilda 171,32.26,32.79,222,EUR,,,,49,,,,,119,,50,30,30,30,40,40,30,28,28,19.99,19.99,USD,44.6,5,,,,,22.99,2,,,,,,,31.97,5,,,,,91.06,5,29.74,4,29.5,5,34.2,5,,,115.96,5,,,,,38.37,3,EUR,45.09,49.57,Special Illustration Rare,hilda,Trainer,https://www.tcggo.com/pokemon/white-flare/hilda-171,rsv10pt5-171,642288,singles
2026-08-23T17:19:56+02:00,,380,5ban Graphics,5ban-graphics,WHT 173,173,836227,86,173,WHT,Pokémon,pokemon,224,https://images.tcggo.com/tcggo/storage/23037/white-flare-logo.png,White Flare,EUR,2375.73,EUR,2754.9,2025-07-18,1,Scarlet & Violet,scarlet-violet,white-flare,230,23430,https://images.tcggo.com/tcggo/storage/23399/reshiram-ex.png,https://www.tcggo.com/external/cm/23430,https://www.tcggo.com/external/tcgplayer/23430,Reshiram ex,Reshiram ex 173,481.59,466.48,182,EUR,,799,,,445,350,,,1275,,450,350,350,350,240,240,350,380,380,250,250,USD,499.85,5,,,,,322.79,5,1819.28,5,276,1,305,5,612.97,5,,,400,5,1134.31,5,299.99,1,303.86,5,362.59,5,,,1334.21,5,,,,,400,5,EUR,415.2,341.87,Black White Rare,reshiram-ex,Pokémon,https://www.tcggo.com/pokemon/white-flare/reshiram-ex-173,rsv10pt5-173,642289,singles
2026-08-23T17:19:56+02:00,,380,5ban Graphics,5ban-graphics,WHT 172,172,836225,86,173,WHT,Pokémon,pokemon,224,https://images.tcggo.com/tcggo/storage/23037/white-flare-logo.png,White Flare,EUR,2375.73,EUR,2754.9,2025-07-18,1,Scarlet & Violet,scarlet-violet,white-flare,80,23431,https://images.tcggo.com/tcggo/storage/23400/victini.png,https://www.tcggo.com/external/cm/23431,https://www.tcggo.com/external/tcgplayer/23431,Victini,Victini 172,422.44,450.44,104,EUR,[],,,,,,,,,,,444.99,490,490,275,275,444.99,399,399,289.9,289.9,USD,488.5,5,,,,,337.79,5,2599,1,,,397.97,3,553.23,5,,,373.8,1,1065.34,5,,,373.8,5,381.28,5,,,878.44,5,,,,,403.47,2,EUR,483.4,,rare,victini,Pokémon,https://www.tcggo.com/pokemon/white-flare/victini-172,rsv10pt5-172,644350,singles
