captured_at,artist.id,artist.name,artist.slug,card_code_number,card_number,cardmarket_id,episode.cards_printed_total,episode.cards_total,episode.code,episode.game.name,episode.game.slug,episode.id,episode.logo,episode.name,episode.prices.cardmarket.currency,episode.prices.cardmarket.total,episode.prices.tcgplayer.currency,episode.prices.tcgplayer.total,episode.released_at,episode.series.id,episode.series.name,episode.series.slug,episode.slug,hp,id,image,links.cardmarket,links.tcgplayer,name,name_numbered,prices.cardmarket.30d_average,prices.cardmarket.7d_average,prices.cardmarket.available_items,prices.cardmarket.currency,prices.cardmarket.graded,prices.cardmarket.graded.bgs.bgs10,prices.cardmarket.graded.bgs.bgs9,prices.cardmarket.graded.cgc.cgc10,prices.cardmarket.graded.cgc.cgc9,prices.cardmarket.graded.psa.psa10,prices.cardmarket.graded.psa.psa8,prices.cardmarket.graded.psa.psa9,prices.cardmarket.lowest_near_mint,prices.cardmarket.lowest_near_mint_DE,prices.cardmarket.lowest_near_mint_DE_EU_only,prices.cardmarket.lowest_near_mint_ES,prices.cardmarket.lowest_near_mint_ES_EU_only,prices.cardmarket.lowest_near_mint_EU_only,prices.cardmarket.lowest_near_mint_FR,prices.cardmarket.lowest_near_mint_FR_EU_only,prices.cardmarket.lowest_near_mint_IT,prices.cardmarket.lowest_near_mint_IT_EU_only,prices.ebay.currency,prices.ebay.graded.ace.10.median_price,prices.ebay.graded.ace.10.sample_size,prices.ebay.graded.ace.7.median_price,prices.ebay.graded.ace.7.sample_size,prices.ebay.graded.ace.8.median_price,prices.ebay.graded.ace.8.sample_size,prices.ebay.graded.ace.9.median_price,prices.ebay.graded.ace.9.sample_size,prices.ebay.graded.bgs.10.median_price,prices.ebay.graded.bgs.10.sample_size,prices.ebay.graded.bgs.9.median_price,prices.ebay.graded.bgs.9.sample_size,prices.ebay.graded.cgc.10.median_price,prices.ebay.graded.cgc.10.sample_size,prices.ebay.graded.cgc.8.median_price,prices.ebay.graded.cgc.8.sample_size,prices.ebay.graded.cgc.9.median_price,prices.ebay.graded.cgc.9.sample_size,prices.ebay.graded.psa.10.median_price,prices.ebay.graded.psa.10.sample_size,prices.ebay.graded.psa.7.median_price,prices.ebay.graded.psa.7.sample_size,prices.ebay.graded.psa.8.median_price,prices.ebay.graded.psa.8.sample_size,prices.ebay.graded.psa.9.median_price,prices.ebay.graded.psa.9.sample_size,prices.ebay.graded.sgc.10.median_price,prices.ebay.graded.sgc.10.sample_size,prices.ebay.graded.tag.10.median_price,prices.ebay.graded.tag.10.sample_size,prices.ebay.graded.tag.7.median_price,prices.ebay.graded.tag.7.sample_size,prices.ebay.graded.tag.8.median_price,prices.ebay.graded.tag.8.sample_size,prices.ebay.graded.tag.9.median_price,prices.ebay.graded.tag.9.sample_size,prices.tcg_player.currency,prices.tcg_player.market_price,rarity,slug,supertype,tcggo_url,tcgid,tcgplayer_id,type
2026-08-23T17:19:56+02:00,780,Iori Suzuki,iori-suzuki,PRE 1,1,805390,131,180,PRE,Pokémon,pokemon,212,https://images.tcggo.com/tcggo/storage/21414/prismatic-evolutions-logo.png,Prismatic Evolutions,EUR,3670.24,EUR,4269.05,2025-01-17,1,Scarlet & Violet,scarlet-violet,prismatic-evolutions,60,21394,https://images.tcggo.com/tcggo/storage/21416/exeggcute-pre-1-prismatic-evolutions.png,https://www.tcggo.com/external/cm/21394,https://www.tcggo.com/external/tcgplayer/21394,Exeggcute,Exeggcute 1,0.02,0.02,23013,EUR,[],,,,,,,,0.02,0.02,0.02,0.02,0.02,0.02,0.02,0.02,0.02,0.02,,,,,,,,,,,,,,,,,,,,,,,,,,,,,,,,,,,,,,EUR,0.13,Common,exeggcute,Pokémon,https://www.tcggo.com/pokemon/prismatic-evolutions/exeggcute-1-5,sv8pt5-1,610356,singles
2026-08-23T17:19:56+02:00,422,Dsuke,dsuke,PRE 2,2,805391,131,180,PRE,Pokémon,pokemon,212,https://images.tcggo.com/tcggo/storage/21414/prismatic-evolutions-logo.png,Prismatic Evolutions,EUR,3670.24,EUR,4269.05,2025-01-17,1,Scarlet & Violet,scarlet-violet,prismatic-evolutions,140,21395,https://images.tcggo.com/tcggo/storage/21417/exeggutor-pre-2-prismatic-evolutions.png,https://www.tcggo.com/external/cm/21395,https://www.tcggo.com/external/tcgplayer/21395,Exeggutor,Exeggutor 2,0.03,0.03,19665,EUR,[],,,,,,,,0.02,0.02,0.02,0.02,0.02,0.02,0.02,0.02,0.02,0.02,,,,,,,,,,,,,,,,,,,,,,,,,,,,,,,,,,,,,,EUR,0.21,Uncommon,exeggutor,Pokémon,https://www.tcggo.com/pokemon/prismatic-evolutions/exeggutor-2-2,sv8pt5-2,610357,singles
2026-08-23T17:19:56+02:00,419,Uninori,uninori,PRE 3,3,805392,131,180,PRE,Pokémon,pokemon,212,https://images.tcggo.com/tcggo/storage/21414/prismatic-evolutions-logo.png,Prismatic Evolutions,EUR,3670.24,EUR,4269.05,2025-01-17,1,Scarlet & Violet,scarlet-violet,prismatic-evolutions,120,21396,https://images.tcggo.com/tcggo/storage/21418/pinsir-pre-3-prismatic-evolutions.png,https://www.tcggo.com/external/cm/21396,https://www.tcggo.com/external/tcgplayer/21396,Pinsir,Pinsir 3,0.03,0.03,22940,EUR,[],,,,,,,,0.02,0.02,0.02,0.02,0.02,0.02,0.02,0.02,0.02,0.02,,,,,,,,,,,,,,,,,,,,,,,,,,,,,,,,,,,,,,EUR,0.09,Common,pinsir,Pokémon,https://www.tcggo.com/pokemon/prismatic-evolutions/pinsir-3-2,sv8pt5-3,610358,singles
2026-08-23T17:19:56+02:00,357,Yoriyuki Ikegami,yoriyuki-ikegami,PRE 4,4,805393,131,180,PRE,Pokémon,pokemon,212,https://images.tcggo.com/tcggo/storage/21414/prismatic-evolutions-logo.png,Prismatic Evolutions,EUR,3670.24,EUR,4269.05,2025-01-17,1,Scarlet & Violet,scarlet-violet,prismatic-evolutions,30,21397,https://images.tcggo.com/tcggo/storage/21419/budew-pre-4-prismatic-evolutions.png,https://www.tcggo.com/external/cm/21397,https://www.tcggo.com/external/tcgplayer/21397,Budew,Budew 4,0.06,0.06,16900,EUR,[],,,,,,,,0.02,0.02,0.02,0.02,0.02,0.02,0.02,0.02,0.02,0.02,,,,,,,,,,,,,,,,,,,,,,,,,,,,,,,,,,,,,,EUR,0.19,Common,budew,Pokémon,https://www.tcggo.com/pokemon/prismatic-evolutions/budew-4,sv8pt5-4,610359,singles
2026-08-23T17:19:56+02:00,366,Kuroimori,kuroimori,PRE 5,5,805394,131,180,PRE,Pokémon,pokemon,212,https://images.tcggo.com/tcggo/storage/21414/prismatic-evolutions-logo.png,Prismatic Evolutions,EUR,3670.24,EUR,4269.05,2025-01-17,1,Scarlet & Violet,scarlet-violet,prismatic-evolutions,120,21398,https://images.tcggo.com/tcggo/storage/21420/leafeon-pre-5-prismatic-evolutions.png,https://www.tcggo.com/external/cm/21398,https://www.tcggo.com/external/tcgplayer/21398,Leafeon,Leafeon 5,0.18,0.19,6044,EUR,[],,,,,,,,0.02,0.02,0.02,0.02,0.02,0.02,0.02,0.02,0.02,0.02,,,,,,,,,,,,,,,,,,,,,,,,,,,,,,,,,,,,,,EUR,0.33,rare,leafeon,Pokémon,https://www.tcggo.com/pokemon/prismatic-evolutions/leafeon-5,sv8pt5-5,610360,singles
2026-08-23T17:19:56+02:00,380,5ban Graphics,5ban-graphics,PRE 6,6,805395,131,180,PRE,Pokémon,pokemon,212,https://images.tcggo.com/tcggo/storage/21414/prismatic-evolutions-logo.png,Prismatic Evolutions,EUR,3670.24,EUR,4269.05,2025-01-17,1,Scarlet & Violet,scarlet-violet,prismatic-evolutions,270,21399,https://images.tcggo.com/tcggo/storage/21421/leafeon-ex-pre-6-prismatic-evolutions.png,https://www.tcggo.com/external/cm/21399,https://www.tcggo.com/external/tcgplayer/21399,Leafeon ex,Leafeon ex 6,3.75,3.71,581,EUR,[],,,,,,,,1.5,3.5,3.5,2.5,2.5,1.5,2.7,2.7,1.49,1.49,,,,,,,,,,,,,,,,,,,,,,,,,,,,,,,,,,,,,,EUR,4.39,Double Rare,leafeon-ex,Pokémon,https://www.tcggo.com/pokemon/prismatic-evolutions/leafeon-ex-6,sv8pt5-6,610361,singles
2026-08-23T17:19:56+02:00,483,Kyoko Umemoto,kyoko-umemoto,PRE 7,7,805396,131,180,PRE,Pokémon,pokemon,212,https://images.tcggo.com/tcggo/storage/21414/prismatic-evolutions-logo.png,Prismatic Evolutions,EUR,3670.24,EUR,4269.05,2025-01-17,1,Scarlet & Violet,scarlet-violet,prismatic-evolutions,60,21400,https://images.tcggo.com/tcggo/storage/21422/cottonee-pre-7-prismatic-evolutions.png,https://www.tcggo.com/external/cm/21400,https://www.tcggo.com/external/tcgplayer/21400,Cottonee,Cottonee 7,0.02,0.02,23381,EUR,[],,,,,,,,0.02,0.02,0.02,0.02,0.02,0.02,0.02,0.02,0.02,0.02,,,,,,,,,,,,,,,,,,,,,,,,,,,,,,,,,,,,,,EUR,0.1,Common,cottonee,Pokémon,https://www.tcggo.com/pokemon/prismatic-evolutions/cottonee-7,sv8pt5-7,610362,singles
2026-08-23T17:19:56+02:00,482,Mizue,mizue,PRE 8,8,805397,131,180,PRE,Pokémon,pokemon,212,https://images.tcggo.com/tcggo/storage/21414/prismatic-evolutions-logo.png,Prismatic Evolutions,EUR,3670.24,EUR,4269.05,2025-01-17,1,Scarlet & Violet,scarlet-violet,prismatic-evolutions,100,21401,https://images.tcggo.com/tcggo/storage/21423/whimsicott-pre-8-prismatic-evolutions.png,https://www.tcggo.com/external/cm/21401,https://www.tcggo.com/external/tcgplayer/21401,Whimsicott,Whimsicott 8,0.06,0.04,11018,EUR,[],,,,,,,,0.02,0.02,0.02,0.02,0.02,0.02,0.02,0.02,0.02,0.02,,,,,,,,,,,,,,,,,,,,,,,,,,,,,,,,,,,,,,EUR,0.2,rare,whimsicott,Pokémon,https://www.tcggo.com/pokemon/prismatic-evolutions/whimsicott-8,sv8pt5-8,610363,singles
2026-08-23T17:19:56+02:00,357,Yoriyuki Ikegami,yoriyuki-ikegami,PRE 9,9,805398,131,180,PRE,Pokémon,pokemon,212,https://images.tcggo.com/tcggo/storage/21414/prismatic-evolutions-logo.png,Prismatic Evolutions,EUR,3670.24,EUR,4269.05,2025-01-17,1,Scarlet & Violet,scarlet-violet,prismatic-evolutions,40,21402,https://images.tcggo.com/tcggo/storage/21424/applin-pre-9-prismatic-evolutions.png,https://www.tcggo.com/external/cm/21402,https://www.tcggo.com/external/tcgplayer/21402,Applin,Applin 9,0.05,0.05,22199,EUR,[],,,,,,,,0.02,0.02,0.02,0.02,0.02,0.02,0.02,0.02,0.02,0.02,,,,,,,,,,,,,,,,,,,,,,,,,,,,,,,,,,,,,,EUR,0.18,Common,applin,Pokémon,https://www.tcggo.com/pokemon/prismatic-evolutions/applin-9,sv8pt5-9,610364,singles
2026-08-23T17:19:56+02:00,370,Saboteri,saboteri,PRE 10,10,805399,131,180,PRE,Pokémon,pokemon,212,https://images.tcggo.com/tcggo/storage/21414/prismatic-evolutions-logo.png,Prismatic Evolutions,EUR,3670.24,EUR,4269.05,2025-01-17,1,Scarlet & Violet,scarlet-violet,prismatic-evolutions,80,21403,https://images.tcggo.com/tcggo/storage/21425/dipplin-pre-10-prismatic-evolutions.png,https://www.tcggo.com/external/cm/21403,https://www.tcggo.com/external/tcgplayer/21403,Dipplin,Dipplin 10,0.05,0.05,17896,EUR,[],,,,,,,,0.02,0.02,0.02,0.02,0.02,0.02,0.02,0.02,0.02,0.02,,,,,,,,,,,,,,,,,,,,,,,,,,,,,,,,,,,,,,EUR,0.26,Uncommon,dipplin,Pokémon,https://www.tcggo.com/pokemon/prismatic-evolutions/dipplin-10,sv8pt5-10,610365,singles
2026-08-23T17:19:56+02:00,380,5ban Graphics,5ban-graphics,PRE 11,11,805400,131,180,PRE,Pokémon,pokemon,212,https://images.tcggo.com/tcggo/storage/21414/prismatic-evolutions-logo.png,Prismatic Evolutions,EUR,3670.24,EUR,4269.05,2025-01-17,1,Scarlet & Violet,scarlet-violet,prismatic-evolutions,330,21404,https://images.tcggo.com/tcggo/storage/21426/hydrapple-ex-pre-11-prismatic-evolutions.png,https://www.tcggo.com/external/cm/21404,https://www.tcggo.com/external/tcgplayer/21404,Hydrapple ex,Hydrapple ex 11,1.1,0.98,1038,EUR,[],,,,,,,,0.3,0.39,0.39,1,1,0.38,0.49,0.4,0.08,0.08,,,,,,,,,,,,,,,,,,,,,,,,,,,,,,,,,,,,,,EUR,0.73,Double Rare,hydrapple-ex,Pokémon,https://www.tcggo.com/pokemon/prismatic-evolutions/hydrapple-ex-11,sv8pt5-11,610366,singles
2026-08-23T17:19:56+02:00,380,5ban Graphics,5ban-graphics,PRE 12,12,805401,131,180,PRE,Pokémon,pokemon,212,https://images.tcggo.com/tcggo/storage/21414/prismatic-evolutions-logo.png,Prismatic Evolutions,EUR,3670.24,EUR,4269.05,2025-01-17,1,Scarlet & Violet,scarlet-violet,prismatic-evolutions,210,21405,https://images.tcggo.com/tcggo/storage/21427/teal-mask-ogerpon-ex-pre-12-prismatic-evolutions.png,https://www.tcggo.com/external/cm/21405,https://www.tcggo.com/external/tcgplayer/21405,Teal Mask Ogerpon ex,Teal Mask Ogerpon ex 12,3.55,3.18,502,EUR,[],,,,,,,,1,2,2,3.75,3.75,1,2.1,2.1,1.9,1.9,,,,,,,,,,,,,,,,,,,,,,,,,,,,,,,,,,,,,,EUR,2.03,Double Rare,teal-mask-ogerpon-ex,Pokémon,https://www.tcggo.com/pokemon/prismatic-evolutions/teal-mask-ogerpon-ex-12,sv8pt5-12,610367,singles
2026-08-23T17:19:56+02:00,486,Ryota Murayama,ryota-murayama,PRE 13,13,805402,131,180,PRE,Pokémon,pokemon,212,https://images.tcggo.com/tcggo/storage/21414/prismatic-evolutions-logo.png,Prismatic Evolutions,EUR,3670.24,EUR,4269.05,2025-01-17,1,Scarlet & Violet,scarlet-violet,prismatic-evolutions,130,21406,https://images.tcggo.com/tcggo/storage/21428/flareon-pre-13-prismatic-evolutions.png,https://www.tcggo.com/external/cm/21406,https://www.tcggo.com/external/tcgplayer/21406,Flareon,Flareon 13,0.18,0.2,6052,EUR,[],,,,,,,,0.02,0.02,0.02,0.02,0.02,0.02,0.02,0.02,0.02,0.02,,,,,,,,,,,,,,,,,,,,,,,,,,,,,,,,,,,,,,EUR,0.36,rare,flareon,Pokémon,https://www.tcggo.com/pokemon/prismatic-evolutions/flareon-13-1,sv8pt5-13,610368,singles
2026-08-23T17:19:56+02:00,380,5ban Graphics,5ban-graphics,PRE 14,14,805403,131,180,PRE,Pokémon,pokemon,212,https://images.tcggo.com/tcggo/storage/21414/prismatic-evolutions-logo.png,Prismatic Evolutions,EUR,3670.24,EUR,4269.05,2025-01-17,1,Scarlet & Violet,scarlet-violet,prismatic-evolutions,270,21407,https://images.tcggo.com/tcggo/storage/21429/flareon-ex-pre-14-prismatic-evolutions.png,https://www.tcggo.com/external/cm/21407,https://www.tcggo.com/external/tcgplayer/21407,Flareon ex,Flareon ex 14,4.87,4.92,754,EUR,[],,,,,,,,3.99,3.69,3.69,4.19,4.19,3.99,3.75,3.8,2.6,2.6,,,,,,,,,,,,,,,,,,,,,,,,,,,,,,,,,,,,,,EUR,4.32,Double Rare,flareon-ex,Pokémon,https://www.tcggo.com/pokemon/prismatic-evolutions/flareon-ex-14,sv8pt5-14,610369,singles
2026-08-23T17:19:56+02:00,432,Whisker,whisker,PRE 15,15,805404,131,180,PRE,Pokémon,pokemon,212,https://images.tcggo.com/tcggo/storage/21414/prismatic-evolutions-logo.png,Prismatic Evolutions,EUR,3670.24,EUR,4269.05,2025-01-17,1,Scarlet & Violet,scarlet-violet,prismatic-evolutions,70,21408,https://images.tcggo.com/tcggo/storage/21430/litleo-pre-15-prismatic-evolutions.png,https://www.tcggo.com/external/cm/21408,https://www.tcggo.com/external/tcgplayer/21408,Litleo,Litleo 15,0.03,0.04,23154,EUR,[],,,,,,,,0.02,0.02,0.02,0.02,0.02,0.02,0.02,0.02,0.02,0.02,,,,,,,,,,,,,,,,,,,,,,,,,,,,,,,,,,,,,,EUR,0.08,Common,litleo,Pokémon,https://www.tcggo.com/pokemon/prismatic-evolutions/litleo-15,sv8pt5-15,610370,singles
2026-08-23T17:19:56+02:00,436,Takeshi Nakamura,takeshi-nakamura,PRE 16,16,806431,131,180,PRE,Pokémon,pokemon,212,https://images.tcggo.com/tcggo/storage/21414/prismatic-evolutions-logo.png,Prismatic Evolutions,EUR,3670.24,EUR,4269.05,2025-01-17,1,Scarlet & Violet,scarlet-violet,prismatic-evolutions,120,21409,https://images.tcggo.com/tcggo/storage/21431/pyroar-pre-16-prismatic-evolutions.png,https://www.tcggo.com/external/cm/21409,https://www.tcggo.com/external/tcgplayer/21409,Pyroar,Pyroar 16,0.02,0.03,19634,EUR,[],,,,,,,,0.02,0.02,0.02,0.02,0.02,0.02,0.02,0.02,0.02,0.02,,,,,,,,,,,,,,,,,,,,,,,,,,,,,,,,,,,,,,EUR,0.15,Uncommon,pyroar,Pokémon,https://www.tcggo.com/pokemon/prismatic-evolutions/pyroar-16,sv8pt5-16,610371,singles
2026-08-23T17:19:56+02:00,380,5ban Graphics,5ban-graphics,PRE 17,17,805406,131,180,PRE,Pokémon,pokemon,212,https://images.tcggo.com/tcggo/storage/21414/prismatic-evolutions-logo.png,Prismatic Evolutions,EUR,3670.24,EUR,4269.05,2025-01-17,1,Scarlet & Violet,scarlet-violet,prismatic-evolutions,210,21410,https://images.tcggo.com/tcggo/storage/21432/hearthflame-mask-ogerpon-ex-pre-17-prismatic-evolutions.png,https://www.tcggo.com/external/cm/21410,https://www.tcggo.com/external/tcgplayer/21410,Hearthflame Mask Ogerpon ex,Hearthflame Mask Ogerpon ex 17,0.71,0.72,1559,EUR,[],,,,,,,,0.25,0.2,0.2,0.35,0.35,0.25,0.5,0.5,0.2,0.2,,,,,,,,,,,,,,,,,,,,,,,,,,,,,,,,,,,,,,EUR,0.56,Double Rare,hearthflame-mask-ogerpon-ex,Pokémon,https://www.tcggo.com/pokemon/prismatic-evolutions/hearthflame-mask-ogerpon-ex-17,sv8pt5-17,610372,singles
2026-08-23T17:19:56+02:00,528,Natsumi Yoshida,natsumi-yoshida,PRE 18,18,805407,131,180,PRE,Pokémon,pokemon,212,https://images.tcggo.com/tcggo/storage/21414/prismatic-evolutions-logo.png,Prismatic Evolutions,EUR,3670.24,EUR,4269.05,2025-01-17,1,Scarlet & Violet,scarlet-violet,prismatic-evolutions,70,21411,https://images.tcggo.com/tcggo/storage/21433/slowpoke-pre-18-prismatic-evolutions.png,https://www.tcggo.com/external/cm/21411,https://www.tcggo.com/external/tcgplayer/21411,Slowpoke,Slowpoke 18,0.04,0.04,21425,EUR,[],,,,,,,,0.02,0.02,0.02,0.02,0.02,0.02,0.02,0.02,0.02,0.02,,,,,,,,,,,,,,,,,,,,,,,,,,,,,,,,,,,,,,EUR,0.21,Common,slowpoke,Pokémon,https://www.tcggo.com/pokemon/prismatic-evolutions/slowpoke-18,sv8pt5-18,610373,singles
2026-08-23T17:19:56+02:00,368,Oswaldo KATO,oswaldo-kato,PRE 19,19,805408,131,180,PRE,Pokémon,pokemon,212,https://images.tcggo.com/tcggo/storage/21414/prismatic-evolutions-logo.png,Prismatic Evolutions,EUR,3670.24,EUR,4269.05,2025-01-17,1,Scarlet & Violet,scarlet-violet,prismatic-evolutions,130,21412,https://images.tcggo.com/tcggo/storage/21434/slowking-pre-19-prismatic-evolutions.png,https://www.tcggo.com/external/cm/21412,https://www.tcggo.com/external/tcgplayer/21412,Slowking,Slowking 19,0.03,0.04,19020,EUR,[],,,,,,,,0.02,0.02,0.02,0.02,0.02,0.02,0.02,0.02,0.02,0.02,,,,,,,,,,,,,,,,,,,,,,,,,,,,,,,,,,,,,,EUR,0.23,Uncommon,slowking,Pokémon,https://www.tcggo.com/pokemon/prismatic-evolutions/slowking-19,sv8pt5-19,610374,singles
2026-08-23T17:19:56+02:00,391,saino misaki,saino-misaki,PRE 20,20,805409,131,180,PRE,Pokémon,pokemon,212,https://images.tcggo.com/tcggo/storage/21414/prismatic-evolutions-logo.png,Prismatic Evolutions,EUR,3670.24,EUR,4269.05,2025-01-17,1,Scarlet & Violet,scarlet-violet,prismatic-evolutions,50,21413,https://images.tcggo.com/tcggo/storage/21435/goldeen-pre-20-prismatic-evolutions.png,https://www.tcggo.com/external/cm/21413,https://www.tcggo.com/external/tcgplayer/21413,Goldeen,Goldeen 20,0.04,0.03,21628,EUR,[],,,,,,,,0.02,0.02,0.02,0.02,0.02,0.02,0.02,0.02,0.02,0.02,,,,,,,,,,,,,,,,,,,,,,,,,,,,,,,,,,,,,,EUR,0.19,Common,goldeen,Pokémon,https://www.tcggo.com/pokemon/prismatic-evolutions/goldeen-20,sv8pt5-20,610375,singles
2026-08-23T17:19:56+02:00,494,Nelnal,nelnal,PRE 21,21,805410,131,180,PRE,Pokémon,pokemon,212,https://images.tcggo.com/tcggo/storage/21414/prismatic-evolutions-logo.png,Prismatic Evolutions,EUR,3670.24,EUR,4269.05,2025-01-17,1,Scarlet & Violet,scarlet-violet,prismatic-evolutions,110,21414,https://images.tcggo.com/tcggo/storage/21436/seaking-pre-21-prismatic-evolutions.png,https://www.tcggo.com/external/cm/21414,https://www.tcggo.com/external/tcgplayer/21414,Seaking,Seaking 21,0.05,0.07,17038,EUR,[],,,,,,,,0.02,0.02,0.02,0.02,0.02,0.02,0.02,0.02,0.02,0.02,,,,,,,,,,,,,,,,,,,,,,,,,,,,,,,,,,,,,,EUR,0.22,Uncommon,seaking,Pokémon,https://www.tcggo.com/pokemon/prismatic-evolutions/seaking-21-1,sv8pt5-21,610376,singles
2026-08-23T17:19:56+02:00,512,kirisAki,kirisaki,PRE 22,22,805411,131,180,PRE,Pokémon,pokemon,212,https://images.tcggo.com/tcggo/storage/21414/prismatic-evolutions-logo.png,Prismatic Evolutions,EUR,3670.24,EUR,4269.05,2025-01-17,1,Scarlet & Violet,scarlet-violet,prismatic-evolutions,130,21415,https://images.tcggo.com/tcggo/storage/21437/vaporeon-pre-22-prismatic-evolutions.png,https://www.tcggo.com/external/cm/21415,https://www.tcggo.com/external/tcgplayer/21415,Vaporeon,Vaporeon 22,0.18,0.2,6028,EUR,[],,,,,,,,0.03,0.02,0.02,0.02,0.02,0.02,0.02,0.02,0.02,0.02,,,,,,,,,,,,,,,,,,,,,,,,,,,,,,,,,,,,,,EUR,0.38,rare,vaporeon,Pokémon,https://www.tcggo.com/pokemon/prismatic-evolutions/vaporeon-22-1,sv8pt5-22,610377,singles
2026-08-23T17:19:56+02:00,380,5ban Graphics,5ban-graphics,PRE 23,23,805412,131,180,PRE,Pokémon,pokemon,212,https://images.tcggo.com/tcggo/storage/21414/prismatic-evolutions-logo.png,Prismatic Evolutions,EUR,3670.24,EUR,4269.05,2025-01-17,1,Scarlet & Violet,scarlet-violet,prismatic-evolutions,280,21416,https://images.tcggo.com/tcggo/storage/21438/vaporeon-ex-pre-23-prismatic-evolutions.png,https://www.tcggo.com/external/cm/21416,https://www.tcggo.com/external/tcgplayer/21416,Vaporeon ex,Vaporeon ex 23,3.52,3.54,649,EUR,,,,,,99,24,29,2,3.73,3.73,1.5,1.5,2,2.4,2.4,0.99,0.99,,,,,,,,,,,,,,,,,,,,,,,,,,,,,,,,,,,,,,EUR,3.06,Double Rare,vaporeon-ex,Pokémon,https://www.tcggo.com/pokemon/prismatic-evolutions/vaporeon-ex-23,sv8pt5-23,610378,singles
2026-08-23T17:19:56+02:00,366,Kuroimori,kuroimori,PRE 24,24,805413,131,180,PRE,Pokémon,pokemon,212,https://images.tcggo.com/tcggo/storage/21414/prismatic-evolutions-logo.png,Prismatic Evolutions,EUR,3670.24,EUR,4269.05,2025-01-17,1,Scarlet & Violet,scarlet-violet,prismatic-evolutions,120,21417,https://images.tcggo.com/tcggo/storage/21439/suicune-pre-24-prismatic-evolutions.png,https://www.tcggo.com/external/cm/21417,https://www.tcggo.com/external/tcgplayer/21417,Suicune,Suicune 24,0.03,0.03,18415,EUR,[],,,,,,,,0.02,0.02,0.02,0.02,0.02,0.02,0.02,0.02,0.02,0.02,,,,,,,,,,,,,,,,,,,,,,,,,,,,,,,,,,,,,,EUR,0.21,Uncommon,suicune,Pokémon,https://www.tcggo.com/pokemon/prismatic-evolutions/suicune-24,sv8pt5-24,610379,singles
2026-08-23T17:19:56+02:00,403,rika,rika,PRE 25,25,805414,131,180,PRE,Pokémon,pokemon,212,https://images.tcggo.com/tcggo/storage/21414/prismatic-evolutions-logo.png,Prismatic Evolutions,EUR,3670.24,EUR,4269.05,2025-01-17,1,Scarlet & Violet,scarlet-violet,prismatic-evolutions,120,21418,https://images.tcggo.com/tcggo/storage/21440/glaceon-pre-25-prismatic-evolutions.png,https://www.tcggo.com/external/cm/21418,https://www.tcggo.com/external/tcgplayer/21418,Glaceon,Glaceon 25,0.17,0.17,5777,EUR,[],,,,,,,,0.02,0.02,0.02,0.02,0.02,0.02,0.02,0.02,0.02,0.02,,,,,,,,,,,,,,,,,,,,,,,,,,,,,,,,,,,,,,EUR,0.32,rare,glaceon,Pokémon,https://www.tcggo.com/pokemon/prismatic-evolutions/glaceon-25,sv8pt5-25,610380,singles
2026-08-23T17:19:56+02:00,371,aky CG Works,aky-cg-works,PRE 26,26,805415,131,180,PRE,Pokémon,pokemon,212,https://images.tcggo.com/tcggo/storage/21414/prismatic-evolutions-logo.png,Prismatic Evolutions,EUR,3670.24,EUR,4269.05,2025-01-17,1,Scarlet & Violet,scarlet-violet,prismatic-evolutions,270,21419,https://images.tcggo.com/tcggo/storage/21441/glaceon-ex-pre-26-prismatic-evolutions.png,https://www.tcggo.com/external/cm/21419,https://www.tcggo.com/external/tcgplayer/21419,Glaceon ex,Glaceon ex 26,2.42,2.42,908,EUR,,,,79,25,60,,29,1.5,1.94,1.94,2,2,1.5,1.6,1.5,0.85,0.85,,,,,,,,,,,,,,,,,,,,,,,,,,,,,,,,,,,,,,EUR,2.21,Double Rare,glaceon-ex,Pokémon,https://www.tcggo.com/pokemon/prismatic-evolutions/glaceon-ex-26,sv8pt5-26,610381,singles
2026-08-23T17:19:56+02:00,380,5ban Graphics,5ban-graphics,PRE 27,27,805416,131,180,PRE,Pokémon,pokemon,212,https://images.tcggo.com/tcggo/storage/21414/prismatic-evolutions-logo.png,Prismatic Evolutions,EUR,3670.24,EUR,4269.05,2025-01-17,1,Scarlet & Violet,scarlet-violet,prismatic-evolutions,210,21420,https://images.tcggo.com/tcggo/storage/21442/wellspring-mask-ogerpon-ex-pre-27-prismatic-evolutions.png,https://www.tcggo.com/external/cm/21420,https://www.tcggo.com/external/tcgplayer/21420,Wellspring Mask Ogerpon ex,Wellspring Mask Ogerpon ex 27,1.07,0.96,972,EUR,[],,,,,,,,0.68,0.52,0.52,0.35,0.35,0.68,0.95,0.95,0.19,0.19,,,,,,,,,,,,,,,,,,,,,,,,,,,,,,,,,,,,,,EUR,0.79,Double Rare,wellspring-mask-ogerpon-ex,Pokémon,https://www.tcggo.com/pokemon/prismatic-evolutions/wellspring-mask-ogerpon-ex-27,sv8pt5-27,610382,singles
2026-08-23T17:19:56+02:00,489,N-DESIGN Inc.,n-design-inc,PRE 28,28,805417,131,180,PRE,Pokémon,pokemon,212,https://images.tcggo.com/tcggo/storage/21414/prismatic-evolutions-logo.png,Prismatic Evolutions,EUR,3670.24,EUR,4269.05,2025-01-17,1,Scarlet & Violet,scarlet-violet,prismatic-evolutions,190,21421,https://images.tcggo.com/tcggo/storage/21443/pikachu-ex-pre-28-prismatic-evolutions.png,https://www.tcggo.com/external/cm/21421,https://www.tcggo.com/external/tcgplayer/21421,Pikachu ex,Pikachu ex 28,2.71,2.74,552,EUR,[],,,,,,,,2.4,1.75,1.72,1.5,1.5,2.4,1.19,1,0.8,0.8,,,,,,,,,,,,,,,,,,,,,,,,,,,,,,,,,,,,,,EUR,2.26,Double Rare,pikachu-ex,Pokémon,https://www.tcggo.com/pokemon/prismatic-evolutions/pikachu-ex-28,sv8pt5-28,610383,singles
2026-08-23T17:19:56+02:00,503,sui,sui,PRE 29,29,806447,131,180,PRE,Pokémon,pokemon,212,https://images.tcggo.com/tcggo/storage/21414/prismatic-evolutions-logo.png,Prismatic Evolutions,EUR,3670.24,EUR,4269.05,2025-01-17,1,Scarlet & Violet,scarlet-violet,prismatic-evolutions,110,21422,https://images.tcggo.com/tcggo/storage/21444/jolteon-pre-29-prismatic-evolutions.png,https://www.tcggo.com/external/cm/21422,https://www.tcggo.com/external/tcgplayer/21422,Jolteon,Jolteon 29,0.19,0.19,5520,EUR,[],,,,,,,,0.02,0.02,0.02,0.02,0.02,0.02,0.02,0.02,0.02,0.02,,,,,,,,,,,,,,,,,,,,,,,,,,,,,,,,,,,,,,EUR,0.36,rare,jolteon,Pokémon,https://www.tcggo.com/pokemon/prismatic-evolutions/jolteon-29,sv8pt5-29,610384,singles
2026-08-23T17:19:56+02:00,380,5ban Graphics,5ban-graphics,PRE 30,30,805419,131,180,PRE,Pokémon,pokemon,212,https://images.tcggo.com/tcggo/storage/21414/prismatic-evolutions-logo.png,Prismatic Evolutions,EUR,3670.24,EUR,4269.05,2025-01-17,1,Scarlet & Violet,scarlet-violet,prismatic-evolutions,260,21423,https://images.tcggo.com/tcggo/storage/21445/jolteon-ex-pre-30-prismatic-evolutions.png,https://www.tcggo.com/external/cm/21423,https://www.tcggo.com/external/tcgplayer/21423,Jolteon ex,Jolteon ex 30,3.49,3.74,613,EUR,[],,,,,,,,2,3,3,2.29,2.29,2,3,3,1,1,,,,,,,,,,,,,,,,,,,,,,,,,,,,,,,,,,,,,,EUR,3.51,Double Rare,jolteon-ex,Pokémon,https://www.tcggo.com/pokemon/prismatic-evolutions/jolteon-ex-30,sv8pt5-30,610385,singles
2026-08-23T17:19:56+02:00,384,PLANETA Mochizuki,planeta-mochizuki,PRE 31,31,805420,131,180,PRE,Pokémon,pokemon,212,https://images.tcggo.com/tcggo/storage/21414/prismatic-evolutions-logo.png,Prismatic Evolutions,EUR,3670.24,EUR,4269.05,2025-01-17,1,Scarlet & Violet,scarlet-violet,prismatic-evolutions,230,21424,https://images.tcggo.com/tcggo/storage/21446/iron-hands-ex-pre-31-prismatic-evolutions.png,https://www.tcggo.com/external/cm/21424,https://www.tcggo.com/external/tcgplayer/21424,Iron Hands ex,Iron Hands ex 31,0.79,0.81,1450,EUR,[],,,,,,,,0.18,0.29,0.29,0.48,0.48,0.18,0.6,0.6,0.1,0.1,,,,,,,,,,,,,,,,,,,,,,,,,,,,,,,,,,,,,,EUR,0.57,Double Rare,iron-hands-ex,Pokémon,https://www.tcggo.com/pokemon/prismatic-evolutions/iron-hands-ex-31,sv8pt5-31,610386,singles
2026-08-23T17:19:56+02:00,384,PLANETA Mochizuki,planeta-mochizuki,PRE 32,32,805421,131,180,PRE,Pokémon,pokemon,212,https://images.tcggo.com/tcggo/storage/21414/prismatic-evolutions-logo.png,Prismatic Evolutions,EUR,3670.24,EUR,4269.05,2025-01-17,1,Scarlet & Violet,scarlet-violet,prismatic-evolutions,230,21425,https://images.tcggo.com/tcggo/storage/21447/iron-thorns-ex-pre-32-prismatic-evolutions.png,https://www.tcggo.com/external/cm/21425,https://www.tcggo.com/external/tcgplayer/21425,Iron Thorns ex,Iron Thorns ex 32,0.69,0.73,1722,EUR,[],,,,,,,,0.1,0.3,0.3,0.49,0.49,0.1,0.45,0.45,0.1,0.1,,,,,,,,,,,,,,,,,,,,,,,,,,,,,,,,,,,,,,EUR,0.63,Double Rare,iron-thorns-ex,Pokémon,https://www.tcggo.com/pokemon/prismatic-evolutions/iron-thorns-ex-32,sv8pt5-32,610387,singles
2026-08-23T17:19:56+02:00,418,Kariya,kariya,PRE 33,33,805422,131,180,PRE,Pokémon,pokemon,212,https://images.tcggo.com/tcggo/storage/21414/prismatic-evolutions-logo.png,Prismatic Evolutions,EUR,3670.24,EUR,4269.05,2025-01-17,1,Scarlet & Violet,scarlet-violet,prismatic-evolutions,110,21426,https://images.tcggo.com/tcggo/storage/21448/espeon-pre-33-prismatic-evolutions.png,https://www.tcggo.com/external/cm/21426,https://www.tcggo.com/external/tcgplayer/21426,Espeon,Espeon 33,0.24,0.15,5202,EUR,[],,,,,,,,0.02,0.02,0.02,0.02,0.02,0.02,0.02,0.02,0.02,0.02,,,,,,,,,,,,,,,,,,,,,,,,,,,,,,,,,,,,,,EUR,0.43,rare,espeon,Pokémon,https://www.tcggo.com/pokemon/prismatic-evolutions/espeon-33,sv8pt5-33,610388,singles
2026-08-23T17:19:56+02:00,380,5ban Graphics,5ban-graphics,PRE 34,34,805423,131,180,PRE,Pokémon,pokemon,212,https://images.tcggo.com/tcggo/storage/21414/prismatic-evolutions-logo.png,Prismatic Evolutions,EUR,3670.24,EUR,4269.05,2025-01-17,1,Scarlet & Violet,scarlet-violet,prismatic-evolutions,270,21427,https://images.tcggo.com/tcggo/storage/21449/espeon-ex-pre-34-prismatic-evolutions.png,https://www.tcggo.com/external/cm/21427,https://www.tcggo.com/external/tcgplayer/21427,Espeon ex,Espeon ex 34,3.34,3.28,698,EUR,,,,,,75,,34,2,2.99,3,2,2,2,2,2,0.99,0.99,,,,,,,,,,,,,,,,,,,,,,,,,,,,,,,,,,,,,,EUR,3.62,Double Rare,espeon-ex,Pokémon,https://www.tcggo.com/pokemon/prismatic-evolutions/espeon-ex-34,sv8pt5-34,610389,singles
2026-08-23T17:19:56+02:00,766,IKEDA Saki,ikeda-saki,PRE 35,35,805424,131,180,PRE,Pokémon,pokemon,212,https://images.tcggo.com/tcggo/storage/21414/prismatic-evolutions-logo.png,Prismatic Evolutions,EUR,3670.24,EUR,4269.05,2025-01-17,1,Scarlet & Violet,scarlet-violet,prismatic-evolutions,60,21428,https://images.tcggo.com/tcggo/storage/21450/duskull-pre-35-prismatic-evolutions.png,https://www.tcggo.com/external/cm/21428,https://www.tcggo.com/external/tcgplayer/21428,Duskull,Duskull 35,0.07,0.06,18750,EUR,[],,,,,,,,0.02,0.02,0.02,0.02,0.02,0.02,0.02,0.02,0.02,0.02,,,,,,,,,,,,,,,,,,,,,,,,,,,,,,,,,,,,,,EUR,0.2,Common,duskull,Pokémon,https://www.tcggo.com/pokemon/prismatic-evolutions/duskull-35,sv8pt5-35,610390,singles
2026-08-23T17:19:56+02:00,435,Aya Kusube,aya-kusube,PRE 36,36,805425,131,180,PRE,Pokémon,pokemon,212,https://images.tcggo.com/tcggo/storage/21414/prismatic-evolutions-logo.png,Prismatic Evolutions,EUR,3670.24,EUR,4269.05,2025-01-17,1,Scarlet & Violet,scarlet-violet,prismatic-evolutions,90,21429,https://images.tcggo.com/tcggo/storage/21451/dusclops-pre-36-prismatic-evolutions.png,https://www.tcggo.com/external/cm/21429,https://www.tcggo.com/external/tcgplayer/21429,Dusclops,Dusclops 36,0.08,0.07,16185,EUR,[],,,,,,,,0.02,0.02,0.02,0.02,0.02,0.02,0.02,0.02,0.02,0.02,,,,,,,,,,,,,,,,,,,,,,,,,,,,,,,,,,,,,,EUR,0.21,Common,dusclops,Pokémon,https://www.tcggo.com/pokemon/prismatic-evolutions/dusclops-36,sv8pt5-36,610391,singles
2026-08-23T17:19:56+02:00,444,danciao,danciao,PRE 37,37,805426,131,180,PRE,Pokémon,pokemon,212,https://images.tcggo.com/tcggo/storage/21414/prismatic-evolutions-logo.png,Prismatic Evolutions,EUR,3670.24,EUR,4269.05,2025-01-17,1,Scarlet & Violet,scarlet-violet,prismatic-evolutions,160,21430,https://images.tcggo.com/tcggo/storage/21452/dusknoir-pre-37-prismatic-evolutions.png,https://www.tcggo.com/external/cm/21430,https://www.tcggo.com/external/tcgplayer/21430,Dusknoir,Dusknoir 37,0.16,0.15,6982,EUR,[],,,,,,,,0.02,0.02,0.02,0.02,0.02,0.02,0.02,0.02,0.02,0.02,,,,,,,,,,,,,,,,,,,,,,,,,,,,,,,,,,,,,,EUR,0.22,rare,dusknoir,Pokémon,https://www.tcggo.com/pokemon/prismatic-evolutions/dusknoir-37,sv8pt5-37,610392,singles
2026-08-23T17:19:56+02:00,513,ryoma uratsuka,ryoma-uratsuka,PRE 38,38,805427,131,180,PRE,Pokémon,pokemon,212,https://images.tcggo.com/tcggo/storage/21414/prismatic-evolutions-logo.png,Prismatic Evolutions,EUR,3670.24,EUR,4269.05,2025-01-17,1,Scarlet & Violet,scarlet-violet,prismatic-evolutions,60,21431,https://images.tcggo.com/tcggo/storage/21453/spritzee-pre-38-prismatic-evolutions.png,https://www.tcggo.com/external/cm/21431,https://www.tcggo.com/external/tcgplayer/21431,Spritzee,Spritzee 38,0.03,0.02,22821,EUR,[],,,,,,,,0.02,0.02,0.02,0.02,0.02,0.02,0.02,0.02,0.02,0.02,,,,,,,,,,,,,,,,,,,,,,,,,,,,,,,,,,,,,,EUR,0.15,Common,spritzee,Pokémon,https://www.tcggo.com/pokemon/prismatic-evolutions/spritzee-38,sv8pt5-38,610393,singles
2026-08-23T17:19:56+02:00,779,Wintr Wandr,wintr-wandr,PRE 39,39,805428,131,180,PRE,Pokémon,pokemon,212,https://images.tcggo.com/tcggo/storage/21414/prismatic-evolutions-logo.png,Prismatic Evolutions,EUR,3670.24,EUR,4269.05,2025-01-17,1,Scarlet & Violet,scarlet-violet,prismatic-evolutions,120,21432,https://images.tcggo.com/tcggo/storage/21454/aromatisse-pre-39-prismatic-evolutions.png,https://www.tcggo.com/external/cm/21432,https://www.tcggo.com/external/tcgplayer/21432,Aromatisse,Aromatisse 39,0.03,0.02,18997,EUR,[],,,,,,,,0.02,0.02,0.02,0.02,0.02,0.02,0.02,0.02,0.02,0.02,,,,,,,,,,,,,,,,,,,,,,,,,,,,,,,,,,,,,,EUR,0.16,Common,aromatisse,Pokémon,https://www.tcggo.com/pokemon/prismatic-evolutions/aromatisse-39,sv8pt5-39,610394,singles
2026-08-23T17:19:56+02:00,376,MINAMINAMI Take,minaminami-take,PRE 40,40,805429,131,180,PRE,Pokémon,pokemon,212,https://images.tcggo.com/tcggo/storage/21414/prismatic-evolutions-logo.png,Prismatic Evolutions,EUR,3670.24,EUR,4269.05,2025-01-17,1,Scarlet & Violet,scarlet-violet,prismatic-evolutions,120,21433,https://images.tcggo.com/tcggo/storage/21455/sylveon-pre-40-prismatic-evolutions.png,https://www.tcggo.com/external/cm/21433,https://www.tcggo.com/external/tcgplayer/21433,Sylveon,Sylveon 40,0.19,0.23,5400,EUR,[],,,,,,,,0.02,0.03,0.03,0.02,0.02,0.02,0.02,0.02,0.02,0.02,,,,,,,,,,,,,,,,,,,,,,,,,,,,,,,,,,,,,,EUR,0.42,rare,sylveon,Pokémon,https://www.tcggo.com/pokemon/prismatic-evolutions/sylveon-40,sv8pt5-40,610395,singles
2026-08-23T17:19:56+02:00,380,5ban Graphics,5ban-graphics,PRE 41,41,805430,131,180,PRE,Pokémon,pokemon,212,https://images.tcggo.com/tcggo/storage/21414/prismatic-evolutions-logo.png,Prismatic Evolutions,EUR,3670.24,EUR,4269.05,2025-01-17,1,Scarlet & Violet,scarlet-violet,prismatic-evolutions,270,21434,https://images.tcggo.com/tcggo/storage/21456/sylveon-ex-pre-41-prismatic-evolutions.png,https://www.tcggo.com/external/cm/21434,https://www.tcggo.com/external/tcgplayer/21434,Sylveon ex,Sylveon ex 41,2.92,2.99,697,EUR,[],,,,,,,,2.45,2.3,2.3,2.5,2.5,2.45,1.99,2,0.8,0.8,,,,,,,,,,,,,,,,,,,,,,,,,,,,,,,,,,,,,,EUR,2.68,Double Rare,sylveon-ex,Pokémon,https://www.tcggo.com/pokemon/prismatic-evolutions/sylveon-ex-41,sv8pt5-41,610396,singles
2026-08-23T17:19:56+02:00,486,Ryota Murayama,ryota-murayama,PRE 42,42,805431,131,180,PRE,Pokémon,pokemon,212,https://images.tcggo.com/tcggo/storage/21414/prismatic-evolutions-logo.png,Prismatic Evolutions,EUR,3670.24,EUR,4269.05,2025-01-17,1,Scarlet & Violet,scarlet-violet,prismatic-evolutions,90,21435,https://images.tcggo.com/tcggo/storage/21457/scream-tail-pre-42-prismatic-evolutions.png,https://www.tcggo.com/external/cm/21435,https://www.tcggo.com/external/tcgplayer/21435,Scream Tail,Scream Tail 42,0.03,0.02,19086,EUR,[],,,,,,,,0.02,0.02,0.02,0.02,0.02,0.02,0.02,0.02,0.02,0.02,,,,,,,,,,,,,,,,,,,,,,,,,,,,,,,,,,,,,,EUR,0.21,Uncommon,scream-tail,Pokémon,https://www.tcggo.com/pokemon/prismatic-evolutions/scream-tail-42,sv8pt5-42,610397,singles
2026-08-23T17:19:56+02:00,414,kodama,kodama,PRE 43,43,805432,131,180,PRE,Pokémon,pokemon,212,https://images.tcggo.com/tcggo/storage/21414/prismatic-evolutions-logo.png,Prismatic Evolutions,EUR,3670.24,EUR,4269.05,2025-01-17,1,Scarlet & Violet,scarlet-violet,prismatic-evolutions,90,21436,https://images.tcggo.com/tcggo/storage/21458/flutter-mane-pre-43-prismatic-evolutions.png,https://www.tcggo.com/external/cm/21436,https://www.tcggo.com/external/tcgplayer/21436,Flutter Mane,Flutter Mane 43,0.09,0.07,9395,EUR,[],,,,,,,,0.02,0.02,0.02,0.02,0.02,0.02,0.02,0.02,0.02,0.02,,,,,,,,,,,,,,,,,,,,,,,,,,,,,,,,,,,,,,EUR,0.17,rare,flutter-mane,Pokémon,https://www.tcggo.com/pokemon/prismatic-evolutions/flutter-mane-43,sv8pt5-43,610398,singles
2026-08-23T17:19:56+02:00,414,kodama,kodama,PRE 44,44,805433,131,180,PRE,Pokémon,pokemon,212,https://images.tcggo.com/tcggo/storage/21414/prismatic-evolutions-logo.png,Prismatic Evolutions,EUR,3670.24,EUR,4269.05,2025-01-17,1,Scarlet & Violet,scarlet-violet,prismatic-evolutions,110,21437,https://images.tcggo.com/tcggo/storage/21459/munkidori-pre-44-prismatic-evolutions.png,https://www.tcggo.com/external/cm/21437,https://www.tcggo.com/external/tcgplayer/21437,Munkidori,Munkidori 44,0.29,0.28,5291,EUR,[],,,,,,,,0.03,0.02,0.02,0.02,0.02,0.02,0.02,0.02,0.02,0.02,,,,,,,,,,,,,,,,,,,,,,,,,,,,,,,,,,,,,,EUR,0.26,rare,munkidori,Pokémon,https://www.tcggo.com/pokemon/prismatic-evolutions/munkidori-44,sv8pt5-44,610399,singles
2026-08-23T17:19:56+02:00,378,Kouki Saitou,kouki-saitou,PRE 45,45,805434,131,180,PRE,Pokémon,pokemon,212,https://images.tcggo.com/tcggo/storage/21414/prismatic-evolutions-logo.png,Prismatic Evolutions,EUR,3670.24,EUR,4269.05,2025-01-17,1,Scarlet & Violet,scarlet-violet,prismatic-evolutions,120,21438,https://images.tcggo.com/tcggo/storage/21460/fezandipiti-pre-45-prismatic-evolutions.png,https://www.tcggo.com/external/cm/21438,https://www.tcggo.com/external/tcgplayer/21438,Fezandipiti,Fezandipiti 45,0.08,0.07,10956,EUR,[],,,,,,,,0.02,0.02,0.02,0.02,0.02,0.02,0.02,0.02,0.02,0.02,,,,,,,,,,,,,,,,,,,,,,,,,,,,,,,,,,,,,,EUR,0.17,rare,fezandipiti,Pokémon,https://www.tcggo.com/pokemon/prismatic-evolutions/fezandipiti-45,sv8pt5-45,610400,singles
2026-08-23T17:19:56+02:00,459,GIDORA,gidora,PRE 46,46,805435,131,180,PRE,Pokémon,pokemon,212,https://images.tcggo.com/tcggo/storage/21414/prismatic-evolutions-logo.png,Prismatic Evolutions,EUR,3670.24,EUR,4269.05,2025-01-17,1,Scarlet & Violet,scarlet-violet,prismatic-evolutions,140,21439,https://images.tcggo.com/tcggo/storage/21461/iron-boulder-pre-46-prismatic-evolutions.png,https://www.tcggo.com/external/cm/21439,https://www.tcggo.com/external/tcgplayer/21439,Iron Boulder,Iron Boulder 46,0.07,0.09,9657,EUR,[],,,,,,,,0.03,0.02,0.02,0.02,0.02,0.02,0.02,0.02,0.02,0.02,,,,,,,,,,,,,,,,,,,,,,,,,,,,,,,,,,,,,,EUR,0.17,rare,iron-boulder,Pokémon,https://www.tcggo.com/pokemon/prismatic-evolutions/iron-boulder-46,sv8pt5-46,610401,singles
2026-08-23T17:19:56+02:00,410,Shimaris Yukichi,shimaris-yukichi,PRE 47,47,805436,131,180,PRE,Pokémon,pokemon,212,https://images.tcggo.com/tcggo/storage/21414/prismatic-evolutions-logo.png,Prismatic Evolutions,EUR,3670.24,EUR,4269.05,2025-01-17,1,Scarlet & Violet,scarlet-violet,prismatic-evolutions,70,21440,https://images.tcggo.com/tcggo/storage/21462/larvitar-pre-47-prismatic-evolutions.png,https://www.tcggo.com/external/cm/21440,https://www.tcggo.com/external/tcgplayer/21440,Larvitar,Larvitar 47,0.03,0.03,22196,EUR,[],,,,,,,,0.02,0.02,0.02,0.02,0.02,0.02,0.02,0.02,0.02,0.02,,,,,,,,,,,,,,,,,,,,,,,,,,,,,,,,,,,,,,EUR,0.18,Common,larvitar,Pokémon,https://www.tcggo.com/pokemon/prismatic-evolutions/larvitar-47,sv8pt5-47,610402,singles
2026-08-23T17:19:56+02:00,437,Shigenori Negishi,shigenori-negishi,PRE 48,48,805437,131,180,PRE,Pokémon,pokemon,212,https://images.tcggo.com/tcggo/storage/21414/prismatic-evolutions-logo.png,Prismatic Evolutions,EUR,3670.24,EUR,4269.05,2025-01-17,1,Scarlet & Violet,scarlet-violet,prismatic-evolutions,90,21441,https://images.tcggo.com/tcggo/storage/21463/pupitar-pre-48-prismatic-evolutions.png,https://www.tcggo.com/external/cm/21441,https://www.tcggo.com/external/tcgplayer/21441,Pupitar,Pupitar 48,0.02,0.02,19332,EUR,[],,,,,,,,0.02,0.02,0.02,0.02,0.02,0.02,0.02,0.02,0.02,0.02,,,,,,,,,,,,,,,,,,,,,,,,,,,,,,,,,,,,,,EUR,0.14,Common,pupitar,Pokémon,https://www.tcggo.com/pokemon/prismatic-evolutions/pupitar-48,sv8pt5-48,610403,singles
2026-08-23T17:19:56+02:00,428,Uta,uta,PRE 49,49,805438,131,180,PRE,Pokémon,pokemon,212,https://images.tcggo.com/tcggo/storage/21414/prismatic-evolutions-logo.png,Prismatic Evolutions,EUR,3670.24,EUR,4269.05,2025-01-17,1,Scarlet & Violet,scarlet-violet,prismatic-evolutions,130,21442,https://images.tcggo.com/tcggo/storage/21464/groudon-pre-49-prismatic-evolutions.png,https://www.tcggo.com/external/cm/21442,https://www.tcggo.com/external/tcgplayer/21442,Groudon,Groudon 49,0.09,0.08,10175,EUR,[],,,,,,,,0.03,0.02,0.02,0.02,0.02,0.02,0.02,0.02,0.02,0.02,,,,,,,,,,,,,,,,,,,,,,,,,,,,,,,,,,,,,,EUR,0.19,rare,groudon,Pokémon,https://www.tcggo.com/pokemon/prismatic-evolutions/groudon-49,sv8pt5-49,610404,singles
2026-08-23T17:19:56+02:00,499,Tika Matsuno,tika-matsuno,PRE 50,50,805439,131,180,PRE,Pokémon,pokemon,212,https://images.tcggo.com/tcggo/storage/21414/prismatic-evolutions-logo.png,Prismatic Evolutions,EUR,3670.24,EUR,4269.05,2025-01-17,1,Scarlet & Violet,scarlet-violet,prismatic-evolutions,70,21443,https://images.tcggo.com/tcggo/storage/21465/riolu-pre-50-prismatic-evolutions.png,https://www.tcggo.com/external/cm/21443,https://www.tcggo.com/external/tcgplayer/21443,Riolu,Riolu 50,0.04,0.05,21768,EUR,[],,,,,,,,0.02,0.02,0.02,0.02,0.02,0.02,0.02,0.02,0.02,0.02,,,,,,,,,,,,,,,,,,,,,,,,,,,,,,,,,,,,,,EUR,0.24,Common,riolu,Pokémon,https://www.tcggo.com/pokemon/prismatic-evolutions/riolu-50-1,sv8pt5-50,610405,singles
2026-08-23T17:19:56+02:00,475,PLANETA Tsuji,planeta-tsuji,PRE 51,51,805440,131,180,PRE,Pokémon,pokemon,212,https://images.tcggo.com/tcggo/storage/21414/prismatic-evolutions-logo.png,Prismatic Evolutions,EUR,3670.24,EUR,4269.05,2025-01-17,1,Scarlet & Violet,scarlet-violet,prismatic-evolutions,260,21444,https://images.tcggo.com/tcggo/storage/21466/lucario-ex-pre-51-prismatic-evolutions.png,https://www.tcggo.com/external/cm/21444,https://www.tcggo.com/external/tcgplayer/21444,Lucario ex,Lucario ex 51,0.97,0.91,1130,EUR,[],,,,,,,,0.47,0.5,0.47,1,1,0.47,0.7,0.75,0.09,0.09,,,,,,,,,,,,,,,,,,,,,,,,,,,,,,,,,,,,,,EUR,0.68,Double Rare,lucario-ex,Pokémon,https://www.tcggo.com/pokemon/prismatic-evolutions/lucario-ex-51,sv8pt5-51,610406,singles
2026-08-23T17:19:56+02:00,359,HYOGONOSUKE,hyogonosuke,PRE 52,52,805441,131,180,PRE,Pokémon,pokemon,212,https://images.tcggo.com/tcggo/storage/21414/prismatic-evolutions-logo.png,Prismatic Evolutions,EUR,3670.24,EUR,4269.05,2025-01-17,1,Scarlet & Violet,scarlet-violet,prismatic-evolutions,90,21445,https://images.tcggo.com/tcggo/storage/21467/hippopotas-pre-52-prismatic-evolutions.png,https://www.tcggo.com/external/cm/21445,https://www.tcggo.com/external/tcgplayer/21445,Hippopotas,Hippopotas 52,0.02,0.02,23177,EUR,[],,,,,,,,0.02,0.02,0.02,0.02,0.02,0.02,0.02,0.02,0.02,0.02,,,,,,,,,,,,,,,,,,,,,,,,,,,,,,,,,,,,,,EUR,0.06,Common,hippopotas,Pokémon,https://www.tcggo.com/pokemon/prismatic-evolutions/hippopotas-52,sv8pt5-52,610407,singles
2026-08-23T17:19:56+02:00,397,Kurata So,kurata-so,PRE 53,53,805442,131,180,PRE,Pokémon,pokemon,212,https://images.tcggo.com/tcggo/storage/21414/prismatic-evolutions-logo.png,Prismatic Evolutions,EUR,3670.24,EUR,4269.05,2025-01-17,1,Scarlet & Violet,scarlet-violet,prismatic-evolutions,150,21446,https://images.tcggo.com/tcggo/storage/21468/hippowdon-pre-53-prismatic-evolutions.png,https://www.tcggo.com/external/cm/21446,https://www.tcggo.com/external/tcgplayer/21446,Hippowdon,Hippowdon 53,0.02,0.02,19571,EUR,[],,,,,,,,0.02,0.02,0.02,0.02,0.02,0.02,0.02,0.02,0.02,0.02,,,,,,,,,,,,,,,,,,,,,,,,,,,,,,,,,,,,,,EUR,0.16,Common,hippowdon,Pokémon,https://www.tcggo.com/pokemon/prismatic-evolutions/hippowdon-53,sv8pt5-53,610408,singles
2026-08-23T17:19:56+02:00,377,Souichirou Gunjima,souichirou-gunjima,PRE 54,54,805443,131,180,PRE,Pokémon,pokemon,212,https://images.tcggo.com/tcggo/storage/21414/prismatic-evolutions-logo.png,Prismatic Evolutions,EUR,3670.24,EUR,4269.05,2025-01-17,1,Scarlet & Violet,scarlet-violet,prismatic-evolutions,150,21447,https://images.tcggo.com/tcggo/storage/21469/bloodmoon-ursaluna-pre-54-prismatic-evolutions.png,https://www.tcggo.com/external/cm/21447,https://www.tcggo.com/external/tcgplayer/21447,Bloodmoon Ursaluna,Bloodmoon Ursaluna 54,0.08,0.08,10293,EUR,[],,,,,,,,0.02,0.02,0.02,0.02,0.02,0.02,0.02,0.02,0.02,0.02,,,,,,,,,,,,,,,,,,,,,,,,,,,,,,,,,,,,,,EUR,0.18,rare,bloodmoon-ursaluna,Pokémon,https://www.tcggo.com/pokemon/prismatic-evolutions/bloodmoon-ursaluna-54,sv8pt5-54,610409,singles
2026-08-23T17:19:56+02:00,459,GIDORA,gidora,PRE 55,55,805444,131,180,PRE,Pokémon,pokemon,212,https://images.tcggo.com/tcggo/storage/21414/prismatic-evolutions-logo.png,Prismatic Evolutions,EUR,3670.24,EUR,4269.05,2025-01-17,1,Scarlet & Violet,scarlet-violet,prismatic-evolutions,140,21448,https://images.tcggo.com/tcggo/storage/21470/great-tusk-pre-55-prismatic-evolutions.png,https://www.tcggo.com/external/cm/21448,https://www.tcggo.com/external/tcgplayer/21448,Great Tusk,Great Tusk 55,0.03,0.02,19471,EUR,[],,,,,,,,0.02,0.02,0.02,0.02,0.02,0.02,0.02,0.02,0.02,0.02,,,,,,,,,,,,,,,,,,,,,,,,,,,,,,,,,,,,,,EUR,0.17,Uncommon,great-tusk,Pokémon,https://www.tcggo.com/pokemon/prismatic-evolutions/great-tusk-55,sv8pt5-55,610410,singles
2026-08-23T17:19:56+02:00,384,PLANETA Mochizuki,planeta-mochizuki,PRE 56,56,805445,131,180,PRE,Pokémon,pokemon,212,https://images.tcggo.com/tcggo/storage/21414/prismatic-evolutions-logo.png,Prismatic Evolutions,EUR,3670.24,EUR,4269.05,2025-01-17,1,Scarlet & Violet,scarlet-violet,prismatic-evolutions,220,21449,https://images.tcggo.com/tcggo/storage/21471/sandy-shocks-ex-pre-56-prismatic-evolutions.png,https://www.tcggo.com/external/cm/21449,https://www.tcggo.com/external/tcgplayer/21449,Sandy Shocks ex,Sandy Shocks ex 56,0.59,0.62,1842,EUR,[],,,,,,,,0.13,0.29,0.29,0.21,0.21,0.13,0.05,0.05,0.1,0.1,,,,,,,,,,,,,,,,,,,,,,,,,,,,,,,,,,,,,,EUR,0.51,Double Rare,sandy-shocks-ex,Pokémon,https://www.tcggo.com/pokemon/prismatic-evolutions/sandy-shocks-ex-56,sv8pt5-56,610411,singles
2026-08-23T17:19:56+02:00,377,Souichirou Gunjima,souichirou-gunjima,PRE 57,57,805446,131,180,PRE,Pokémon,pokemon,212,https://images.tcggo.com/tcggo/storage/21414/prismatic-evolutions-logo.png,Prismatic Evolutions,EUR,3670.24,EUR,4269.05,2025-01-17,1,Scarlet & Violet,scarlet-violet,prismatic-evolutions,130,21450,https://images.tcggo.com/tcggo/storage/21472/okidogi-pre-57-prismatic-evolutions.png,https://www.tcggo.com/external/cm/21450,https://www.tcggo.com/external/tcgplayer/21450,Okidogi,Okidogi 57,0.08,0.08,10609,EUR,[],,,,,,,,0.02,0.02,0.02,0.02,0.02,0.02,0.02,0.02,0.02,0.02,,,,,,,,,,,,,,,,,,,,,,,,,,,,,,,,,,,,,,EUR,0.16,rare,okidogi,Pokémon,https://www.tcggo.com/pokemon/prismatic-evolutions/okidogi-57,sv8pt5-57,610412,singles
2026-08-23T17:19:56+02:00,380,5ban Graphics,5ban-graphics,PRE 58,58,805447,131,180,PRE,Pokémon,pokemon,212,https://images.tcggo.com/tcggo/storage/21414/prismatic-evolutions-logo.png,Prismatic Evolutions,EUR,3670.24,EUR,4269.05,2025-01-17,1,Scarlet & Violet,scarlet-violet,prismatic-evolutions,210,21451,https://images.tcggo.com/tcggo/storage/21473/cornerstone-mask-ogerpon-ex-pre-58-prismatic-evolutions.png,https://www.tcggo.com/external/cm/21451,https://www.tcggo.com/external/tcgplayer/21451,Cornerstone Mask Ogerpon ex,Cornerstone Mask Ogerpon ex 58,1.23,1.25,823,EUR,[],,,,,,,,0.45,0.7,0.7,2,2,0.45,0.85,0.85,0.3,0.3,,,,,,,,,,,,,,,,,,,,,,,,,,,,,,,,,,,,,,EUR,0.77,Double Rare,cornerstone-mask-ogerpon-ex,Pokémon,https://www.tcggo.com/pokemon/prismatic-evolutions/cornerstone-mask-ogerpon-ex-58,sv8pt5-58,610413,singles
2026-08-23T17:19:56+02:00,468,matazo,matazo,PRE 59,59,805448,131,180,PRE,Pokémon,pokemon,212,https://images.tcggo.com/tcggo/storage/21414/prismatic-evolutions-logo.png,Prismatic Evolutions,EUR,3670.24,EUR,4269.05,2025-01-17,1,Scarlet & Violet,scarlet-violet,prismatic-evolutions,110,21452,https://images.tcggo.com/tcggo/storage/21474/umbreon-pre-59-prismatic-evolutions.png,https://www.tcggo.com/external/cm/21452,https://www.tcggo.com/external/tcgplayer/21452,Umbreon,Umbreon 59,0.33,0.27,4177,EUR,[],,,,,,,,0.02,0.05,0.05,0.02,0.02,0.02,0.02,0.02,0.02,0.02,,,,,,,,,,,,,,,,,,,,,,,,,,,,,,,,,,,,,,EUR,0.59,rare,umbreon,Pokémon,https://www.tcggo.com/pokemon/prismatic-evolutions/umbreon-59,sv8pt5-59,610414,singles
2026-08-23T17:19:56+02:00,490,takuyoa,takuyoa,PRE 60,60,805449,131,180,PRE,Pokémon,pokemon,212,https://images.tcggo.com/tcggo/storage/21414/prismatic-evolutions-logo.png,Prismatic Evolutions,EUR,3670.24,EUR,4269.05,2025-01-17,1,Scarlet & Violet,scarlet-violet,prismatic-evolutions,280,21453,https://images.tcggo.com/tcggo/storage/21475/umbreon-ex-pre-60-prismatic-evolutions.png,https://www.tcggo.com/external/cm/21453,https://www.tcggo.com/external/tcgplayer/21453,Umbreon ex,Umbreon ex 60,7.21,7.93,577,EUR,,,,80,21,129,,35,3,7.99,7.99,4.99,4.99,3,4,4.5,2,2,,,,,,,,,,,,,,,,,,,,,,,,,,,,,,,,,,,,,,EUR,6.91,Double Rare,umbreon-ex,Pokémon,https://www.tcggo.com/pokemon/prismatic-evolutions/umbreon-ex-60,sv8pt5-60,610415,singles
2026-08-23T17:19:56+02:00,397,Kurata So,kurata-so,PRE 61,61,805450,131,180,PRE,Pokémon,pokemon,212,https://images.tcggo.com/tcggo/storage/21414/prismatic-evolutions-logo.png,Prismatic Evolutions,EUR,3670.24,EUR,4269.05,2025-01-17,1,Scarlet & Violet,scarlet-violet,prismatic-evolutions,60,21454,https://images.tcggo.com/tcggo/storage/21476/sneasel-pre-61-prismatic-evolutions.png,https://www.tcggo.com/external/cm/21454,https://www.tcggo.com/external/tcgplayer/21454,Sneasel,Sneasel 61,0.02,0.02,19646,EUR,[],,,,,,,,0.02,0.02,0.02,0.02,0.02,0.02,0.02,0.02,0.02,0.02,,,,,,,,,,,,,,,,,,,,,,,,,,,,,,,,,,,,,,EUR,0.17,Common,sneasel,Pokémon,https://www.tcggo.com/pokemon/prismatic-evolutions/sneasel-61,sv8pt5-61,610416,singles
2026-08-23T17:19:56+02:00,399,Mékayu,mekayu,PRE 62,62,805451,131,180,PRE,Pokémon,pokemon,212,https://images.tcggo.com/tcggo/storage/21414/prismatic-evolutions-logo.png,Prismatic Evolutions,EUR,3670.24,EUR,4269.05,2025-01-17,1,Scarlet & Violet,scarlet-violet,prismatic-evolutions,70,21455,https://images.tcggo.com/tcggo/storage/21477/houndour-pre-62-prismatic-evolutions.png,https://www.tcggo.com/external/cm/21455,https://www.tcggo.com/external/tcgplayer/21455,Houndour,Houndour 62,0.02,0.03,22842,EUR,[],,,,,,,,0.02,0.02,0.02,0.02,0.02,0.02,0.02,0.02,0.02,0.02,,,,,,,,,,,,,,,,,,,,,,,,,,,,,,,,,,,,,,EUR,0.16,Common,houndour,Pokémon,https://www.tcggo.com/pokemon/prismatic-evolutions/houndour-62,sv8pt5-62,610417,singles
2026-08-23T17:19:56+02:00,408,kawayoo,kawayoo,PRE 63,63,805452,131,180,PRE,Pokémon,pokemon,212,https://images.tcggo.com/tcggo/storage/21414/prismatic-evolutions-logo.png,Prismatic Evolutions,EUR,3670.24,EUR,4269.05,2025-01-17,1,Scarlet & Violet,scarlet-violet,prismatic-evolutions,120,21456,https://images.tcggo.com/tcggo/storage/21478/houndoom-pre-63-prismatic-evolutions.png,https://www.tcggo.com/external/cm/21456,https://www.tcggo.com/external/tcgplayer/21456,Houndoom,Houndoom 63,0.03,0.03,13313,EUR,[],,,,,,,,0.02,0.02,0.02,0.02,0.02,0.02,0.02,0.02,0.02,0.02,,,,,,,,,,,,,,,,,,,,,,,,,,,,,,,,,,,,,,EUR,0.15,Common,houndoom,Pokémon,https://www.tcggo.com/pokemon/prismatic-evolutions/houndoom-63,sv8pt5-63,610418,singles
2026-08-23T17:19:56+02:00,380,5ban Graphics,5ban-graphics,PRE 64,64,805453,131,180,PRE,Pokémon,pokemon,212,https://images.tcggo.com/tcggo/storage/21414/prismatic-evolutions-logo.png,Prismatic Evolutions,EUR,3670.24,EUR,4269.05,2025-01-17,1,Scarlet & Violet,scarlet-violet,prismatic-evolutions,340,21457,https://images.tcggo.com/tcggo/storage/21479/tyranitar-ex-pre-64-prismatic-evolutions.png,https://www.tcggo.com/external/cm/21457,https://www.tcggo.com/external/tcgplayer/21457,Tyranitar ex,Tyranitar ex 64,0.87,0.86,1414,EUR,[],,,,,,,,0.04,0.4,0.4,0.65,0.65,0.4,0.95,0.95,0.19,0.19,,,,,,,,,,,,,,,,,,,,,,,,,,,,,,,,,,,,,,EUR,0.6,Double Rare,tyranitar-ex,Pokémon,https://www.tcggo.com/pokemon/prismatic-evolutions/tyranitar-ex-64,sv8pt5-64,610419,singles
2026-08-23T17:19:56+02:00,462,hncl,hncl,PRE 65,65,805454,131,180,PRE,Pokémon,pokemon,212,https://images.tcggo.com/tcggo/storage/21414/prismatic-evolutions-logo.png,Prismatic Evolutions,EUR,3670.24,EUR,4269.05,2025-01-17,1,Scarlet & Violet,scarlet-violet,prismatic-evolutions,140,21458,https://images.tcggo.com/tcggo/storage/21480/roaring-moon-pre-65-prismatic-evolutions.png,https://www.tcggo.com/external/cm/21458,https://www.tcggo.com/external/tcgplayer/21458,Roaring Moon,Roaring Moon 65,0.08,0.07,9207,EUR,[],,,,,,,,0.03,0.02,0.02,0.02,0.02,0.02,0.02,0.02,0.02,0.02,,,,,,,,,,,,,,,,,,,,,,,,,,,,,,,,,,,,,,EUR,0.21,rare,roaring-moon,Pokémon,https://www.tcggo.com/pokemon/prismatic-evolutions/roaring-moon-65,sv8pt5-65,610420,singles
2026-08-23T17:19:56+02:00,377,Souichirou Gunjima,souichirou-gunjima,PRE 66,66,805455,131,180,PRE,Pokémon,pokemon,212,https://images.tcggo.com/tcggo/storage/21414/prismatic-evolutions-logo.png,Prismatic Evolutions,EUR,3670.24,EUR,4269.05,2025-01-17,1,Scarlet & Violet,scarlet-violet,prismatic-evolutions,70,21459,https://images.tcggo.com/tcggo/storage/21481/bronzor-pre-66-prismatic-evolutions.png,https://www.tcggo.com/external/cm/21459,https://www.tcggo.com/external/tcgplayer/21459,Bronzor,Bronzor 66,0.03,0.02,23141,EUR,[],,,,,,,,0.02,0.02,0.02,0.02,0.02,0.02,0.02,0.02,0.02,0.02,,,,,,,,,,,,,,,,,,,,,,,,,,,,,,,,,,,,,,EUR,0.1,Common,bronzor,Pokémon,https://www.tcggo.com/pokemon/prismatic-evolutions/bronzor-66,sv8pt5-66,610421,singles
2026-08-23T17:19:56+02:00,387,Scav,scav,PRE 67,67,805456,131,180,PRE,Pokémon,pokemon,212,https://images.tcggo.com/tcggo/storage/21414/prismatic-evolutions-logo.png,Prismatic Evolutions,EUR,3670.24,EUR,4269.05,2025-01-17,1,Scarlet & Violet,scarlet-violet,prismatic-evolutions,130,21460,https://images.tcggo.com/tcggo/storage/21482/bronzong-pre-67-prismatic-evolutions.png,https://www.tcggo.com/external/cm/21460,https://www.tcggo.com/external/tcgplayer/21460,Bronzong,Bronzong 67,0.02,0.03,19645,EUR,[],,,,,,,,0.02,0.02,0.02,0.02,0.02,0.02,0.02,0.02,0.02,0.02,,,,,,,,,,,,,,,,,,,,,,,,,,,,,,,,,,,,,,EUR,0.16,Uncommon,bronzong,Pokémon,https://www.tcggo.com/pokemon/prismatic-evolutions/bronzong-67,sv8pt5-67,610422,singles
2026-08-23T17:19:56+02:00,471,Tonji Matsuno,tonji-matsuno,PRE 68,68,805457,131,180,PRE,Pokémon,pokemon,212,https://images.tcggo.com/tcggo/storage/21414/prismatic-evolutions-logo.png,Prismatic Evolutions,EUR,3670.24,EUR,4269.05,2025-01-17,1,Scarlet & Violet,scarlet-violet,prismatic-evolutions,130,21461,https://images.tcggo.com/tcggo/storage/21483/heatran-pre-68-prismatic-evolutions.png,https://www.tcggo.com/external/cm/21461,https://www.tcggo.com/external/tcgplayer/21461,Heatran,Heatran 68,0.02,0.02,19485,EUR,[],,,,,,,,0.02,0.02,0.02,0.02,0.02,0.02,0.02,0.02,0.02,0.02,,,,,,,,,,,,,,,,,,,,,,,,,,,,,,,,,,,,,,EUR,0.14,Uncommon,heatran,Pokémon,https://www.tcggo.com/pokemon/prismatic-evolutions/heatran-68,sv8pt5-68,610423,singles
2026-08-23T17:19:56+02:00,436,Takeshi Nakamura,takeshi-nakamura,PRE 69,69,805458,131,180,PRE,Pokémon,pokemon,212,https://images.tcggo.com/tcggo/storage/21414/prismatic-evolutions-logo.png,Prismatic Evolutions,EUR,3670.24,EUR,4269.05,2025-01-17,1,Scarlet & Violet,scarlet-violet,prismatic-evolutions,130,21462,https://images.tcggo.com/tcggo/storage/21484/duraludon-pre-69-prismatic-evolutions.png,https://www.tcggo.com/external/cm/21462,https://www.tcggo.com/external/tcgplayer/21462,Duraludon,Duraludon 69,0.03,0.04,18933,EUR,[],,,,,,,,0.02,0.02,0.02,0.02,0.02,0.02,0.02,0.02,0.02,0.02,,,,,,,,,,,,,,,,,,,,,,,,,,,,,,,,,,,,,,EUR,0.18,Common,duraludon,Pokémon,https://www.tcggo.com/pokemon/prismatic-evolutions/duraludon-69,sv8pt5-69,610424,singles
2026-08-23T17:19:56+02:00,368,Oswaldo KATO,oswaldo-kato,PRE 70,70,805459,131,180,PRE,Pokémon,pokemon,212,https://images.tcggo.com/tcggo/storage/21414/prismatic-evolutions-logo.png,Prismatic Evolutions,EUR,3670.24,EUR,4269.05,2025-01-17,1,Scarlet & Violet,scarlet-violet,prismatic-evolutions,180,21463,https://images.tcggo.com/tcggo/storage/21485/archaludon-pre-70-prismatic-evolutions.png,https://www.tcggo.com/external/cm/21463,https://www.tcggo.com/external/tcgplayer/21463,Archaludon,Archaludon 70,0.06,0.08,11004,EUR,[],,,,,,,,0.03,0.02,0.02,0.02,0.02,0.02,0.02,0.02,0.02,0.02,,,,,,,,,,,,,,,,,,,,,,,,,,,,,,,,,,,,,,EUR,0.1,rare,archaludon,Pokémon,https://www.tcggo.com/pokemon/prismatic-evolutions/archaludon-70,sv8pt5-70,610425,singles
2026-08-23T17:19:56+02:00,387,Scav,scav,PRE 71,71,805460,131,180,PRE,Pokémon,pokemon,212,https://images.tcggo.com/tcggo/storage/21414/prismatic-evolutions-logo.png,Prismatic Evolutions,EUR,3670.24,EUR,4269.05,2025-01-17,1,Scarlet & Violet,scarlet-violet,prismatic-evolutions,70,21464,https://images.tcggo.com/tcggo/storage/21486/dreepy-pre-71-prismatic-evolutions.png,https://www.tcggo.com/external/cm/21464,https://www.tcggo.com/external/tcgplayer/21464,Dreepy,Dreepy 71,0.04,0.03,20321,EUR,[],,,,,,,,0.03,0.02,0.02,0.02,0.02,0.02,0.02,0.02,0.02,0.02,,,,,,,,,,,,,,,,,,,,,,,,,,,,,,,,,,,,,,EUR,0.21,Common,dreepy,Pokémon,https://www.tcggo.com/pokemon/prismatic-evolutions/dreepy-71,sv8pt5-71,610426,singles
2026-08-23T17:19:56+02:00,448,cochi8i,cochi8i,PRE 72,72,805461,131,180,PRE,Pokémon,pokemon,212,https://images.tcggo.com/tcggo/storage/21414/prismatic-evolutions-logo.png,Prismatic Evolutions,EUR,3670.24,EUR,4269.05,2025-01-17,1,Scarlet & Violet,scarlet-violet,prismatic-evolutions,90,21465,https://images.tcggo.com/tcggo/storage/21487/drakloak-pre-72-prismatic-evolutions.png,https://www.tcggo.com/external/cm/21465,https://www.tcggo.com/external/tcgplayer/21465,Drakloak,Drakloak 72,0.05,0.05,16065,EUR,[],,,,,,,,0.02,0.02,0.02,0.02,0.02,0.02,0.02,0.02,0.02,0.02,,,,,,,,,,,,,,,,,,,,,,,,,,,,,,,,,,,,,,EUR,0.18,Common,drakloak,Pokémon,https://www.tcggo.com/pokemon/prismatic-evolutions/drakloak-72,sv8pt5-72,610427,singles
2026-08-23T17:19:56+02:00,380,5ban Graphics,5ban-graphics,PRE 73,73,805462,131,180,PRE,Pokémon,pokemon,212,https://images.tcggo.com/tcggo/storage/21414/prismatic-evolutions-logo.png,Prismatic Evolutions,EUR,3670.24,EUR,4269.05,2025-01-17,1,Scarlet & Violet,scarlet-violet,prismatic-evolutions,320,21466,https://images.tcggo.com/tcggo/storage/21488/dragapult-ex-pre-73-prismatic-evolutions.png,https://www.tcggo.com/external/cm/21466,https://www.tcggo.com/external/tcgplayer/21466,Dragapult ex,Dragapult ex 73,1.33,1.33,780,EUR,[],,,,,,,,0.43,0.5,0.5,2,2,0.43,0.95,0.95,0.45,0.45,,,,,,,,,,,,,,,,,,,,,,,,,,,,,,,,,,,,,,EUR,0.96,Double Rare,dragapult-ex,Pokémon,https://www.tcggo.com/pokemon/prismatic-evolutions/dragapult-ex-73,sv8pt5-73,610428,singles
2026-08-23T17:19:56+02:00,362,Naoyo Kimura,naoyo-kimura,PRE 74,74,805463,131,180,PRE,Pokémon,pokemon,212,https://images.tcggo.com/tcggo/storage/21414/prismatic-evolutions-logo.png,Prismatic Evolutions,EUR,3670.24,EUR,4269.05,2025-01-17,1,Scarlet & Violet,scarlet-violet,prismatic-evolutions,50,21467,https://images.tcggo.com/tcggo/storage/21489/eevee-pre-74-prismatic-evolutions.png,https://www.tcggo.com/external/cm/21467,https://www.tcggo.com/external/tcgplayer/21467,Eevee,Eevee 74,0.09,0.1,17888,EUR,[],,,,,,,,0.02,0.02,0.02,0.02,0.02,0.02,0.02,0.02,0.02,0.02,,,,,,,,,,,,,,,,,,,,,,,,,,,,,,,,,,,,,,EUR,0.26,Common,eevee,Pokémon,https://www.tcggo.com/pokemon/prismatic-evolutions/eevee-74-1,sv8pt5-74,610429,singles
2026-08-23T17:19:56+02:00,371,aky CG Works,aky-cg-works,PRE 75,75,805465,131,180,PRE,Pokémon,pokemon,212,https://images.tcggo.com/tcggo/storage/21414/prismatic-evolutions-logo.png,Prismatic Evolutions,EUR,3670.24,EUR,4269.05,2025-01-17,1,Scarlet & Violet,scarlet-violet,prismatic-evolutions,200,21468,https://images.tcggo.com/tcggo/storage/21490/eevee-ex-pre-75-prismatic-evolutions.png,https://www.tcggo.com/external/cm/21468,https://www.tcggo.com/external/tcgplayer/21468,Eevee ex,Eevee ex 75,6.28,6.28,545,EUR,[],,,,,,,,5,6,7.3,5.45,5.45,5,3.5,3.5,2.24,2.24,USD,,,,,,,,,,,,,,,,,,,74,5,6.99,1,,,16.5,5,,,70,1,,,,,14.75,2,EUR,4.99,Double Rare,eevee-ex,Pokémon,https://www.tcggo.com/pokemon/prismatic-evolutions/eevee-ex-75,sv8pt5-75,610430,singles
2026-08-23T17:19:56+02:00,489,N-DESIGN Inc.,n-design-inc,PRE 76,76,805466,131,180,PRE,Pokémon,pokemon,212,https://images.tcggo.com/tcggo/storage/21414/prismatic-evolutions-logo.png,Prismatic Evolutions,EUR,3670.24,EUR,4269.05,2025-01-17,1,Scarlet & Violet,scarlet-violet,prismatic-evolutions,260,21469,https://images.tcggo.com/tcggo/storage/21491/snorlax-ex-pre-76-prismatic-evolutions.png,https://www.tcggo.com/external/cm/21469,https://www.tcggo.com/external/tcgplayer/21469,Snorlax ex,Snorlax ex 76,1.41,1.54,892,EUR,[],,,,,,,,0.4,0.8,0.89,0.7,0.7,0.4,0.8,0.89,0.2,0.2,,,,,,,,,,,,,,,,,,,,,,,,,,,,,,,,,,,,,,EUR,1.46,Double Rare,snorlax-ex,Pokémon,https://www.tcggo.com/pokemon/prismatic-evolutions/snorlax-ex-76,sv8pt5-76,610431,singles
2026-08-23T17:19:56+02:00,784,Nakamura Ippan,nakamura-ippan,PRE 77,77,805467,131,180,PRE,Pokémon,pokemon,212,https://images.tcggo.com/tcggo/storage/21414/prismatic-evolutions-logo.png,Prismatic Evolutions,EUR,3670.24,EUR,4269.05,2025-01-17,1,Scarlet & Violet,scarlet-violet,prismatic-evolutions,80,21470,https://images.tcggo.com/tcggo/storage/21492/hoothoot-pre-77-prismatic-evolutions.png,https://www.tcggo.com/external/cm/21470,https://www.tcggo.com/external/tcgplayer/21470,Hoothoot,Hoothoot 77,0.03,0.03,21648,EUR,[],,,,,,,,0.02,0.02,0.02,0.02,0.02,0.02,0.02,0.02,0.02,0.02,,,,,,,,,,,,,,,,,,,,,,,,,,,,,,,,,,,,,,EUR,0.16,Common,hoothoot,Pokémon,https://www.tcggo.com/pokemon/prismatic-evolutions/hoothoot-77,sv8pt5-77,610432,singles
2026-08-23T17:19:56+02:00,468,matazo,matazo,PRE 78,78,805468,131,180,PRE,Pokémon,pokemon,212,https://images.tcggo.com/tcggo/storage/21414/prismatic-evolutions-logo.png,Prismatic Evolutions,EUR,3670.24,EUR,4269.05,2025-01-17,1,Scarlet & Violet,scarlet-violet,prismatic-evolutions,100,21471,https://images.tcggo.com/tcggo/storage/21493/noctowl-pre-78-prismatic-evolutions.png,https://www.tcggo.com/external/cm/21471,https://www.tcggo.com/external/tcgplayer/21471,Noctowl,Noctowl 78,0.11,0.08,8708,EUR,[],,,,,,,,0.02,0.02,0.02,0.02,0.02,0.02,0.02,0.02,0.02,0.02,,,,,,,,,,,,,,,,,,,,,,,,,,,,,,,,,,,,,,EUR,0.21,rare,noctowl,Pokémon,https://www.tcggo.com/pokemon/prismatic-evolutions/noctowl-78,sv8pt5-78,610433,singles
2026-08-23T17:19:56+02:00,379,Sanosuke Sakuma,sanosuke-sakuma,PRE 79,79,806521,131,180,PRE,Pokémon,pokemon,212,https://images.tcggo.com/tcggo/storage/21414/prismatic-evolutions-logo.png,Prismatic Evolutions,EUR,3670.24,EUR,4269.05,2025-01-17,1,Scarlet & Violet,scarlet-violet,prismatic-evolutions,60,21472,https://images.tcggo.com/tcggo/storage/21494/dunsparce-pre-79-prismatic-evolutions.png,https://www.tcggo.com/external/cm/21472,https://www.tcggo.com/external/tcgplayer/21472,Dunsparce,Dunsparce 79,0.06,0.05,19917,EUR,[],,,,,,,,0.02,0.02,0.02,0.02,0.02,0.02,0.02,0.02,0.02,0.02,,,,,,,,,,,,,,,,,,,,,,,,,,,,,,,,,,,,,,EUR,0.18,Common,dunsparce,Pokémon,https://www.tcggo.com/pokemon/prismatic-evolutions/dunsparce-79,sv8pt5-79,610434,singles
2026-08-23T17:19:56+02:00,385,Teeziro,teeziro,PRE 80,80,805471,131,180,PRE,Pokémon,pokemon,212,https://images.tcggo.com/tcggo/storage/21414/prismatic-evolutions-logo.png,Prismatic Evolutions,EUR,3670.24,EUR,4269.05,2025-01-17,1,Scarlet & Violet,scarlet-violet,prismatic-evolutions,140,21473,https://images.tcggo.com/tcggo/storage/21495/dudunsparce-pre-80-prismatic-evolutions.png,https://www.tcggo.com/external/cm/21473,https://www.tcggo.com/external/tcgplayer/21473,Dudunsparce,Dudunsparce 80,0.44,0.53,2147,EUR,[],,,,,,,,0.02,0.09,0.09,0.1,0.1,0.02,0.02,0.02,0.02,0.02,,,,,,,,,,,,,,,,,,,,,,,,,,,,,,,,,,,,,,EUR,0.49,rare,dudunsparce,Pokémon,https://www.tcggo.com/pokemon/prismatic-evolutions/dudunsparce-80,sv8pt5-80,610435,singles
2026-08-23T17:19:56+02:00,515,Keisin,keisin,PRE 81,81,805473,131,180,PRE,Pokémon,pokemon,212,https://images.tcggo.com/tcggo/storage/21414/prismatic-evolutions-logo.png,Prismatic Evolutions,EUR,3670.24,EUR,4269.05,2025-01-17,1,Scarlet & Violet,scarlet-violet,prismatic-evolutions,130,21474,https://images.tcggo.com/tcggo/storage/21496/miltank-pre-81-prismatic-evolutions.png,https://www.tcggo.com/external/cm/21474,https://www.tcggo.com/external/tcgplayer/21474,Miltank,Miltank 81,0.03,0.02,19451,EUR,[],,,,,,,,0.02,0.02,0.02,0.02,0.02,0.02,0.02,0.02,0.02,0.02,,,,,,,,,,,,,,,,,,,,,,,,,,,,,,,,,,,,,,EUR,0.16,Common,miltank,Pokémon,https://www.tcggo.com/pokemon/prismatic-evolutions/miltank-81,sv8pt5-81,610436,singles
2026-08-23T17:19:56+02:00,380,5ban Graphics,5ban-graphics,PRE 82,82,805474,131,180,PRE,Pokémon,pokemon,212,https://images.tcggo.com/tcggo/storage/21414/prismatic-evolutions-logo.png,Prismatic Evolutions,EUR,3670.24,EUR,4269.05,2025-01-17,1,Scarlet & Violet,scarlet-violet,prismatic-evolutions,220,21475,https://images.tcggo.com/tcggo/storage/21497/lugia-ex-pre-82-prismatic-evolutions.png,https://www.tcggo.com/external/cm/21475,https://www.tcggo.com/external/tcgplayer/21475,Lugia ex,Lugia ex 82,2.1,2.3,635,EUR,[],,,,,,,,0.95,1.8,1.8,1,1,0.95,2,2,0.4,0.4,,,,,,,,,,,,,,,,,,,,,,,,,,,,,,,,,,,,,,EUR,1.21,Double Rare,lugia-ex,Pokémon,https://www.tcggo.com/pokemon/prismatic-evolutions/lugia-ex-82,sv8pt5-82,610437,singles
2026-08-23T17:19:56+02:00,463,Naoki Saito,naoki-saito,PRE 83,83,805475,131,180,PRE,Pokémon,pokemon,212,https://images.tcggo.com/tcggo/storage/21414/prismatic-evolutions-logo.png,Prismatic Evolutions,EUR,3670.24,EUR,4269.05,2025-01-17,1,Scarlet & Violet,scarlet-violet,prismatic-evolutions,60,21476,https://images.tcggo.com/tcggo/storage/21498/buneary-pre-83-prismatic-evolutions.png,https://www.tcggo.com/external/cm/21476,https://www.tcggo.com/external/tcgplayer/21476,Buneary,Buneary 83,0.02,0.03,22133,EUR,[],,,,,,,,0.02,0.02,0.02,0.02,0.02,0.02,0.02,0.02,0.02,0.02,,,,,,,,,,,,,,,,,,,,,,,,,,,,,,,,,,,,,,EUR,0.12,Common,buneary,Pokémon,https://www.tcggo.com/pokemon/prismatic-evolutions/buneary-83,sv8pt5-83,610438,singles
2026-08-23T17:19:56+02:00,499,Tika Matsuno,tika-matsuno,PRE 84,84,805476,131,180,PRE,Pokémon,pokemon,212,https://images.tcggo.com/tcggo/storage/21414/prismatic-evolutions-logo.png,Prismatic Evolutions,EUR,3670.24,EUR,4269.05,2025-01-17,1,Scarlet & Violet,scarlet-violet,prismatic-evolutions,90,21477,https://images.tcggo.com/tcggo/storage/21499/lopunny-pre-84-prismatic-evolutions.png,https://www.tcggo.com/external/cm/21477,https://www.tcggo.com/external/tcgplayer/21477,Lopunny,Lopunny 84,0.03,0.03,13645,EUR,[],,,,,,,,0.02,0.02,0.02,0.02,0.02,0.02,0.02,0.02,0.02,0.02,,,,,,,,,,,,,,,,,,,,,,,,,,,,,,,,,,,,,,EUR,0.17,Common,lopunny,Pokémon,https://www.tcggo.com/pokemon/prismatic-evolutions/lopunny-84,sv8pt5-84,610439,singles
2026-08-23T17:19:56+02:00,364,Toshinao Aoki,toshinao-aoki,PRE 85,85,805477,131,180,PRE,Pokémon,pokemon,212,https://images.tcggo.com/tcggo/storage/21414/prismatic-evolutions-logo.png,Prismatic Evolutions,EUR,3670.24,EUR,4269.05,2025-01-17,1,Scarlet & Violet,scarlet-violet,prismatic-evolutions,70,21478,https://images.tcggo.com/tcggo/storage/21500/fan-rotom-pre-85-prismatic-evolutions.png,https://www.tcggo.com/external/cm/21478,https://www.tcggo.com/external/tcgplayer/21478,Fan Rotom,Fan Rotom 85,0.04,0.05,12358,EUR,[],,,,,,,,0.02,0.02,0.02,0.02,0.02,0.02,0.02,0.02,0.02,0.02,,,,,,,,,,,,,,,,,,,,,,,,,,,,,,,,,,,,,,EUR,0.21,Common,fan-rotom,Pokémon,https://www.tcggo.com/pokemon/prismatic-evolutions/fan-rotom-85,sv8pt5-85,610440,singles
2026-08-23T17:19:56+02:00,500,chibi,chibi,PRE 86,86,805478,131,180,PRE,Pokémon,pokemon,212,https://images.tcggo.com/tcggo/storage/21414/prismatic-evolutions-logo.png,Prismatic Evolutions,EUR,3670.24,EUR,4269.05,2025-01-17,1,Scarlet & Violet,scarlet-violet,prismatic-evolutions,160,21479,https://images.tcggo.com/tcggo/storage/21501/regigigas-pre-86-prismatic-evolutions.png,https://www.tcggo.com/external/cm/21479,https://www.tcggo.com/external/tcgplayer/21479,Regigigas,Regigigas 86,0.04,0.04,18035,EUR,[],,,,,,,,0.02,0.02,0.02,0.02,0.02,0.02,0.02,0.02,0.02,0.02,,,,,,,,,,,,,,,,,,,,,,,,,,,,,,,,,,,,,,EUR,0.21,Uncommon,regigigas,Pokémon,https://www.tcggo.com/pokemon/prismatic-evolutions/regigigas-86-1,sv8pt5-86,610441,singles
2026-08-23T17:19:56+02:00,545,Amelicart,amelicart,PRE 87,87,805479,131,180,PRE,Pokémon,pokemon,212,https://images.tcggo.com/tcggo/storage/21414/prismatic-evolutions-logo.png,Prismatic Evolutions,EUR,3670.24,EUR,4269.05,2025-01-17,1,Scarlet & Violet,scarlet-violet,prismatic-evolutions,70,21480,https://images.tcggo.com/tcggo/storage/21502/shaymin-pre-87-prismatic-evolutions.png,https://www.tcggo.com/external/cm/21480,https://www.tcggo.com/external/tcgplayer/21480,Shaymin,Shaymin 87,0.02,0.02,19167,EUR,[],,,,,,,,0.02,0.02,0.02,0.02,0.02,0.02,0.02,0.02,0.02,0.02,,,,,,,,,,,,,,,,,,,,,,,,,,,,,,,,,,,,,,EUR,0.18,Uncommon,shaymin,Pokémon,https://www.tcggo.com/pokemon/prismatic-evolutions/shaymin-87,sv8pt5-87,610442,singles
2026-08-23T17:19:56+02:00,515,Keisin,keisin,PRE 88,88,805480,131,180,PRE,Pokémon,pokemon,212,https://images.tcggo.com/tcggo/storage/21414/prismatic-evolutions-logo.png,Prismatic Evolutions,EUR,3670.24,EUR,4269.05,2025-01-17,1,Scarlet & Violet,scarlet-violet,prismatic-evolutions,100,21481,https://images.tcggo.com/tcggo/storage/21503/furfrou-pre-88-prismatic-evolutions.png,https://www.tcggo.com/external/cm/21481,https://www.tcggo.com/external/tcgplayer/21481,Furfrou,Furfrou 88,0.03,0.03,13899,EUR,[],,,,,,,,0.02,0.02,0.02,0.02,0.02,0.02,0.02,0.02,0.02,0.02,,,,,,,,,,,,,,,,,,,,,,,,,,,,,,,,,,,,,,EUR,0.12,Common,furfrou,Pokémon,https://www.tcggo.com/pokemon/prismatic-evolutions/furfrou-88,sv8pt5-88,610443,singles
2026-08-23T17:19:56+02:00,382,KEIICHIRO ITO,keiichiro-ito,PRE 89,89,805481,131,180,PRE,Pokémon,pokemon,212,https://images.tcggo.com/tcggo/storage/21414/prismatic-evolutions-logo.png,Prismatic Evolutions,EUR,3670.24,EUR,4269.05,2025-01-17,1,Scarlet & Violet,scarlet-violet,prismatic-evolutions,80,21482,https://images.tcggo.com/tcggo/storage/21504/hawlucha-pre-89-prismatic-evolutions.png,https://www.tcggo.com/external/cm/21482,https://www.tcggo.com/external/tcgplayer/21482,Hawlucha,Hawlucha 89,0.02,0.03,19425,EUR,[],,,,,,,,0.02,0.02,0.02,0.02,0.02,0.02,0.02,0.02,0.02,0.02,,,,,,,,,,,,,,,,,,,,,,,,,,,,,,,,,,,,,,EUR,0.17,Uncommon,hawlucha,Pokémon,https://www.tcggo.com/pokemon/prismatic-evolutions/hawlucha-89,sv8pt5-89,610444,singles
2026-08-23T17:19:56+02:00,420,Masako Tomii,masako-tomii,PRE 90,90,805482,131,180,PRE,Pokémon,pokemon,212,https://images.tcggo.com/tcggo/storage/21414/prismatic-evolutions-logo.png,Prismatic Evolutions,EUR,3670.24,EUR,4269.05,2025-01-17,1,Scarlet & Violet,scarlet-violet,prismatic-evolutions,60,21483,https://images.tcggo.com/tcggo/storage/21505/noibat-pre-90-prismatic-evolutions.png,https://www.tcggo.com/external/cm/21483,https://www.tcggo.com/external/tcgplayer/21483,Noibat,Noibat 90,0.03,0.03,23199,EUR,[],,,,,,,,0.02,0.02,0.02,0.02,0.02,0.02,0.02,0.02,0.02,0.02,,,,,,,,,,,,,,,,,,,,,,,,,,,,,,,,,,,,,,EUR,0.15,Common,noibat,Pokémon,https://www.tcggo.com/pokemon/prismatic-evolutions/noibat-90,sv8pt5-90,610445,singles
2026-08-23T17:19:56+02:00,511,PLANETA Igarashi,planeta-igarashi,PRE 91,91,805483,131,180,PRE,Pokémon,pokemon,212,https://images.tcggo.com/tcggo/storage/21414/prismatic-evolutions-logo.png,Prismatic Evolutions,EUR,3670.24,EUR,4269.05,2025-01-17,1,Scarlet & Violet,scarlet-violet,prismatic-evolutions,270,21484,https://images.tcggo.com/tcggo/storage/21506/noivern-ex-pre-91-prismatic-evolutions.png,https://www.tcggo.com/external/cm/21484,https://www.tcggo.com/external/tcgplayer/21484,Noivern ex,Noivern ex 91,0.61,0.68,1859,EUR,[],,,,,,,,0.24,0.25,0.25,0.23,0.23,0.24,0.45,0.5,0.1,0.1,,,,,,,,,,,,,,,,,,,,,,,,,,,,,,,,,,,,,,EUR,0.67,Double Rare,noivern-ex,Pokémon,https://www.tcggo.com/pokemon/prismatic-evolutions/noivern-ex-91,sv8pt5-91,610446,singles
2026-08-23T17:19:56+02:00,380,5ban Graphics,5ban-graphics,PRE 92,92,805484,131,180,PRE,Pokémon,pokemon,212,https://images.tcggo.com/tcggo/storage/21414/prismatic-evolutions-logo.png,Prismatic Evolutions,EUR,3670.24,EUR,4269.05,2025-01-17,1,Scarlet & Violet,scarlet-violet,prismatic-evolutions,230,21485,https://images.tcggo.com/tcggo/storage/21507/terapagos-ex-pre-92-prismatic-evolutions.png,https://www.tcggo.com/external/cm/21485,https://www.tcggo.com/external/tcgplayer/21485,Terapagos ex,Terapagos ex 92,1.03,0.92,1256,EUR,[],,,,,,,,0.25,0.49,0.49,0.25,0.25,0.25,0.49,0.49,0.2,0.2,,,,,,,,,,,,,,,,,,,,,,,,,,,,,,,,,,,,,,EUR,0.69,Double Rare,terapagos-ex,Pokémon,https://www.tcggo.com/pokemon/prismatic-evolutions/terapagos-ex-92,sv8pt5-92,610447,singles
2026-08-23T17:19:56+02:00,426,Akira Komayama,akira-komayama,PRE 93,93,805487,131,180,PRE,Pokémon,pokemon,212,https://images.tcggo.com/tcggo/storage/21414/prismatic-evolutions-logo.png,Prismatic Evolutions,EUR,3670.24,EUR,4269.05,2025-01-17,1,Scarlet & Violet,scarlet-violet,prismatic-evolutions,0,21486,https://images.tcggo.com/tcggo/storage/21508/amarys-pre-93-prismatic-evolutions.png,https://www.tcggo.com/external/cm/21486,https://www.tcggo.com/external/tcgplayer/21486,Amarys,Amarys 93,0.03,0.03,16592,EUR,[],,,,,,,,0.02,0.02,0.02,0.02,0.02,0.02,0.02,0.02,0.02,0.02,,,,,,,,,,,,,,,,,,,,,,,,,,,,,,,,,,,,,,EUR,0.15,Common,amarys,Trainer,https://www.tcggo.com/pokemon/prismatic-evolutions/amarys-93,sv8pt5-93,610448,singles
2026-08-23T17:19:56+02:00,455,MARINA Chikazawa,marina-chikazawa,PRE 94,94,805488,131,180,PRE,Pokémon,pokemon,212,https://images.tcggo.com/tcggo/storage/21414/prismatic-evolutions-logo.png,Prismatic Evolutions,EUR,3670.24,EUR,4269.05,2025-01-17,1,Scarlet & Violet,scarlet-violet,prismatic-evolutions,0,21487,https://images.tcggo.com/tcggo/storage/21509/area-zero-underdepths-pre-94-prismatic-evolutions.png,https://www.tcggo.com/external/cm/21487,https://www.tcggo.com/external/tcgplayer/21487,Area Zero Underdepths,Area Zero Underdepths 94,0.05,0.07,16700,EUR,[],,,,,,,,0.02,0.02,0.02,0.02,0.02,0.02,0.02,0.02,0.02,0.02,,,,,,,,,,,,,,,,,,,,,,,,,,,,,,,,,,,,,,EUR,0.22,Uncommon,area-zero-underdepths,Trainer,https://www.tcggo.com/pokemon/prismatic-evolutions/area-zero-underdepths-94,sv8pt5-94,610449,singles
2026-08-23T17:19:56+02:00,380,5ban Graphics,5ban-graphics,PRE 95,95,805489,131,180,PRE,Pokémon,pokemon,212,https://images.tcggo.com/tcggo/storage/21414/prismatic-evolutions-logo.png,Prismatic Evolutions,EUR,3670.24,EUR,4269.05,2025-01-17,1,Scarlet & Violet,scarlet-violet,prismatic-evolutions,0,21488,https://images.tcggo.com/tcggo/storage/21510/binding-mochi-pre-95-prismatic-evolutions.png,https://www.tcggo.com/external/cm/21488,https://www.tcggo.com/external/tcgplayer/21488,Binding Mochi,Binding Mochi 95,0.05,0.05,17686,EUR,[],,,,,,,,0.03,0.02,0.02,0.02,0.02,0.02,0.02,0.02,0.02,0.02,,,,,,,,,,,,,,,,,,,,,,,,,,,,,,,,,,,,,,EUR,0.22,Uncommon,binding-mochi,Trainer,https://www.tcggo.com/pokemon/prismatic-evolutions/binding-mochi-95,sv8pt5-95,610450,singles
2026-08-23T17:19:56+02:00,373,GOSSAN,gossan,PRE 96,96,805490,131,180,PRE,Pokémon,pokemon,212,https://images.tcggo.com/tcggo/storage/21414/prismatic-evolutions-logo.png,Prismatic Evolutions,EUR,3670.24,EUR,4269.05,2025-01-17,1,Scarlet & Violet,scarlet-violet,prismatic-evolutions,0,21489,https://images.tcggo.com/tcggo/storage/21511/black-belts-training-pre-96-prismatic-evolutions.png,https://www.tcggo.com/external/cm/21489,https://www.tcggo.com/external/tcgplayer/21489,Black Belt's Training,Black Belt's Training 96,0.04,0.03,16412,EUR,[],,,,,,,,0.02,0.02,0.02,0.02,0.02,0.02,0.02,0.02,0.02,0.02,,,,,,,,,,,,,,,,,,,,,,,,,,,,,,,,,,,,,,EUR,0.14,Common,black-belts-training,Trainer,https://www.tcggo.com/pokemon/prismatic-evolutions/black-belts-training-96,sv8pt5-96,610451,singles
2026-08-23T17:19:56+02:00,373,GOSSAN,gossan,PRE 97,97,805491,131,180,PRE,Pokémon,pokemon,212,https://images.tcggo.com/tcggo/storage/21414/prismatic-evolutions-logo.png,Prismatic Evolutions,EUR,3670.24,EUR,4269.05,2025-01-17,1,Scarlet & Violet,scarlet-violet,prismatic-evolutions,0,21490,https://images.tcggo.com/tcggo/storage/21512/black-belts-training-pre-97-prismatic-evolutions.png,https://www.tcggo.com/external/cm/21490,https://www.tcggo.com/external/tcgplayer/21490,Black Belt's Training,Black Belt's Training 97,0.03,0.03,16838,EUR,[],,,,,,,,0.02,0.02,0.02,0.02,0.02,0.02,0.02,0.02,0.02,0.02,,,,,,,,,,,,,,,,,,,,,,,,,,,,,,,,,,,,,,EUR,0.09,Common,black-belts-training,Trainer,https://www.tcggo.com/pokemon/prismatic-evolutions/black-belts-training-97,sv8pt5-97,610452,singles
2026-08-23T17:19:56+02:00,373,GOSSAN,gossan,PRE 98,98,805492,131,180,PRE,Pokémon,pokemon,212,https://images.tcggo.com/tcggo/storage/21414/prismatic-evolutions-logo.png,Prismatic Evolutions,EUR,3670.24,EUR,4269.05,2025-01-17,1,Scarlet & Violet,scarlet-violet,prismatic-evolutions,0,21491,https://images.tcggo.com/tcggo/storage/21513/black-belts-training-pre-98-prismatic-evolutions.png,https://www.tcggo.com/external/cm/21491,https://www.tcggo.com/external/tcgplayer/21491,Black Belt's Training,Black Belt's Training 98,0.04,0.04,16714,EUR,[],,,,,,,,0.02,0.02,0.02,0.02,0.02,0.02,0.02,0.02,0.02,0.02,,,,,,,,,,,,,,,,,,,,,,,,,,,,,,,,,,,,,,EUR,0.15,Common,black-belts-training,Trainer,https://www.tcggo.com/pokemon/prismatic-evolutions/black-belts-training-98,sv8pt5-98,610453,singles
2026-08-23T17:19:56+02:00,373,GOSSAN,gossan,PRE 99,99,805493,131,180,PRE,Pokémon,pokemon,212,https://images.tcggo.com/tcggo/storage/21414/prismatic-evolutions-logo.png,Prismatic Evolutions,EUR,3670.24,EUR,4269.05,2025-01-17,1,Scarlet & Violet,scarlet-violet,prismatic-evolutions,0,21492,https://images.tcggo.com/tcggo/storage/21514/black-belts-training-pre-99-prismatic-evolutions.png,https://www.tcggo.com/external/cm/21492,https://www.tcggo.com/external/tcgplayer/21492,Black Belt's Training,Black Belt's Training 99,0.03,0.02,17095,EUR,[],,,,,,,,0.02,0.02,0.02,0.02,0.02,0.02,0.02,0.02,0.02,0.02,,,,,,,,,,,,,,,,,,,,,,,,,,,,,,,,,,,,,,EUR,0.15,Common,black-belts-training,Trainer,https://www.tcggo.com/pokemon/prismatic-evolutions/black-belts-training-99,sv8pt5-99,610454,singles
2026-08-23T17:19:56+02:00,463,Naoki Saito,naoki-saito,PRE 100,100,805494,131,180,PRE,Pokémon,pokemon,212,https://images.tcggo.com/tcggo/storage/21414/prismatic-evolutions-logo.png,Prismatic Evolutions,EUR,3670.24,EUR,4269.05,2025-01-17,1,Scarlet & Violet,scarlet-violet,prismatic-evolutions,0,21493,https://images.tcggo.com/tcggo/storage/21515/briar-pre-100-prismatic-evolutions.png,https://www.tcggo.com/external/cm/21493,https://www.tcggo.com/external/tcgplayer/21493,Briar,Briar 100,0.04,0.04,18143,EUR,[],,,,,,,,0.02,0.02,0.02,0.02,0.02,0.02,0.02,0.02,0.02,0.02,,,,,,,,,,,,,,,,,,,,,,,,,,,,,,,,,,,,,,EUR,0.18,Uncommon,briar,Trainer,https://www.tcggo.com/pokemon/prismatic-evolutions/briar-100,sv8pt5-100,610455,singles
2026-08-23T17:19:56+02:00,453,AYUMI ODASHIMA,ayumi-odashima,PRE 101,101,805495,131,180,PRE,Pokémon,pokemon,212,https://images.tcggo.com/tcggo/storage/21414/prismatic-evolutions-logo.png,Prismatic Evolutions,EUR,3670.24,EUR,4269.05,2025-01-17,1,Scarlet & Violet,scarlet-violet,prismatic-evolutions,0,21494,https://images.tcggo.com/tcggo/storage/21516/buddy-buddy-poffin-pre-101-prismatic-evolutions.png,https://www.tcggo.com/external/cm/21494,https://www.tcggo.com/external/tcgplayer/21494,Buddy-Buddy Poffin,Buddy-Buddy Poffin 101,0.1,0.09,15973,EUR,[],,,,,,,,0.03,0.02,0.02,0.02,0.02,0.02,0.02,0.02,0.02,0.02,,,,,,,,,,,,,,,,,,,,,,,,,,,,,,,,,,,,,,EUR,0.2,Uncommon,buddy-buddy-poffin,Trainer,https://www.tcggo.com/pokemon/prismatic-evolutions/buddy-buddy-poffin-101,sv8pt5-101,610456,singles
2026-08-23T17:19:56+02:00,453,AYUMI ODASHIMA,ayumi-odashima,PRE 102,102,805496,131,180,PRE,Pokémon,pokemon,212,https://images.tcggo.com/tcggo/storage/21414/prismatic-evolutions-logo.png,Prismatic Evolutions,EUR,3670.24,EUR,4269.05,2025-01-17,1,Scarlet & Violet,scarlet-violet,prismatic-evolutions,0,21495,https://images.tcggo.com/tcggo/storage/21517/bug-catching-set-pre-102-prismatic-evolutions.png,https://www.tcggo.com/external/cm/21495,https://www.tcggo.com/external/tcgplayer/21495,Bug Catching Set,Bug Catching Set 102,0.09,0.11,16745,EUR,[],,,,,,,,0.02,0.02,0.02,0.02,0.02,0.02,0.02,0.02,0.02,0.02,,,,,,,,,,,,,,,,,,,,,,,,,,,,,,,,,,,,,,EUR,0.26,Uncommon,bug-catching-set,Trainer,https://www.tcggo.com/pokemon/prismatic-evolutions/bug-catching-set-102,sv8pt5-102,610457,singles
2026-08-23T17:19:56+02:00,454,kantaro,kantaro,PRE 103,103,805497,131,180,PRE,Pokémon,pokemon,212,https://images.tcggo.com/tcggo/storage/21414/prismatic-evolutions-logo.png,Prismatic Evolutions,EUR,3670.24,EUR,4269.05,2025-01-17,1,Scarlet & Violet,scarlet-violet,prismatic-evolutions,0,21496,https://images.tcggo.com/tcggo/storage/21518/carmine-pre-103-prismatic-evolutions.png,https://www.tcggo.com/external/cm/21496,https://www.tcggo.com/external/tcgplayer/21496,Carmine,Carmine 103,0.06,0.05,19631,EUR,[],,,,,,,,0.02,0.02,0.02,0.02,0.02,0.02,0.02,0.02,0.02,0.02,,,,,,,,,,,,,,,,,,,,,,,,,,,,,,,,,,,,,,EUR,0.15,Uncommon,carmine,Trainer,https://www.tcggo.com/pokemon/prismatic-evolutions/carmine-103,sv8pt5-103,610458,singles
2026-08-23T17:19:56+02:00,398,Taira Akitsu,taira-akitsu,PRE 104,104,805498,131,180,PRE,Pokémon,pokemon,212,https://images.tcggo.com/tcggo/storage/21414/prismatic-evolutions-logo.png,Prismatic Evolutions,EUR,3670.24,EUR,4269.05,2025-01-17,1,Scarlet & Violet,scarlet-violet,prismatic-evolutions,0,21497,https://images.tcggo.com/tcggo/storage/21519/ciphermaniacs-codebreaking-pre-104-prismatic-evolutions.png,https://www.tcggo.com/external/cm/21497,https://www.tcggo.com/external/tcgplayer/21497,Ciphermaniac's Codebreaking,Ciphermaniac's Codebreaking 104,0.05,0.05,16743,EUR,[],,,,,,,,0.02,0.02,0.02,0.02,0.02,0.02,0.02,0.02,0.02,0.02,,,,,,,,,,,,,,,,,,,,,,,,,,,,,,,,,,,,,,EUR,0.24,Uncommon,ciphermaniacs-codebreaking,Trainer,https://www.tcggo.com/pokemon/prismatic-evolutions/ciphermaniacs-codebreaking-104,sv8pt5-104,610459,singles
2026-08-23T17:19:56+02:00,459,GIDORA,gidora,PRE 105,105,805499,131,180,PRE,Pokémon,pokemon,212,https://images.tcggo.com/tcggo/storage/21414/prismatic-evolutions-logo.png,Prismatic Evolutions,EUR,3670.24,EUR,4269.05,2025-01-17,1,Scarlet & Violet,scarlet-violet,prismatic-evolutions,0,21498,https://images.tcggo.com/tcggo/storage/21520/crispin-pre-105-prismatic-evolutions.png,https://www.tcggo.com/external/cm/21498,https://www.tcggo.com/external/tcgplayer/21498,Crispin,Crispin 105,0.1,0.09,10286,EUR,[],,,,,,,,0.02,0.02,0.02,0.02,0.02,0.02,0.02,0.02,0.02,0.02,,,,,,,,,,,,,,,,,,,,,,,,,,,,,,,,,,,,,,EUR,0.22,Uncommon,crispin,Trainer,https://www.tcggo.com/pokemon/prismatic-evolutions/crispin-105,sv8pt5-105,610460,singles
2026-08-23T17:19:56+02:00,453,AYUMI ODASHIMA,ayumi-odashima,PRE 106,106,805500,131,180,PRE,Pokémon,pokemon,212,https://images.tcggo.com/tcggo/storage/21414/prismatic-evolutions-logo.png,Prismatic Evolutions,EUR,3670.24,EUR,4269.05,2025-01-17,1,Scarlet & Violet,scarlet-violet,prismatic-evolutions,0,21499,https://images.tcggo.com/tcggo/storage/21521/earthen-vessel-pre-106-prismatic-evolutions.png,https://www.tcggo.com/external/cm/21499,https://www.tcggo.com/external/tcgplayer/21499,Earthen Vessel,Earthen Vessel 106,0.07,0.06,18589,EUR,[],,,,,,,,0.03,0.02,0.02,0.02,0.02,0.02,0.02,0.02,0.02,0.02,,,,,,,,,,,,,,,,,,,,,,,,,,,,,,,,,,,,,,EUR,0.21,Uncommon,earthen-vessel,Trainer,https://www.tcggo.com/pokemon/prismatic-evolutions/earthen-vessel-106,sv8pt5-106,610461,singles
2026-08-23T17:19:56+02:00,456,Hideki Ishikawa,hideki-ishikawa,PRE 107,107,805501,131,180,PRE,Pokémon,pokemon,212,https://images.tcggo.com/tcggo/storage/21414/prismatic-evolutions-logo.png,Prismatic Evolutions,EUR,3670.24,EUR,4269.05,2025-01-17,1,Scarlet & Violet,scarlet-violet,prismatic-evolutions,0,21500,https://images.tcggo.com/tcggo/storage/21522/explorers-guidance-pre-107-prismatic-evolutions.png,https://www.tcggo.com/external/cm/21500,https://www.tcggo.com/external/tcgplayer/21500,Explorer's Guidance,Explorer's Guidance 107,0.03,0.03,17718,EUR,[],,,,,,,,0.02,0.02,0.02,0.02,0.02,0.02,0.02,0.02,0.02,0.02,,,,,,,,,,,,,,,,,,,,,,,,,,,,,,,,,,,,,,EUR,0.17,Uncommon,explorers-guidance,Trainer,https://www.tcggo.com/pokemon/prismatic-evolutions/explorers-guidance-107,sv8pt5-107,610462,singles
2026-08-23T17:19:56+02:00,455,MARINA Chikazawa,marina-chikazawa,PRE 108,108,805502,131,180,PRE,Pokémon,pokemon,212,https://images.tcggo.com/tcggo/storage/21414/prismatic-evolutions-logo.png,Prismatic Evolutions,EUR,3670.24,EUR,4269.05,2025-01-17,1,Scarlet & Violet,scarlet-violet,prismatic-evolutions,0,21501,https://images.tcggo.com/tcggo/storage/21523/festival-grounds-pre-108-prismatic-evolutions.png,https://www.tcggo.com/external/cm/21501,https://www.tcggo.com/external/tcgplayer/21501,Festival Grounds,Festival Grounds 108,0.06,0.06,16420,EUR,[],,,,,,,,0.02,0.02,0.02,0.02,0.02,0.02,0.02,0.02,0.02,0.02,,,,,,,,,,,,,,,,,,,,,,,,,,,,,,,,,,,,,,EUR,0.18,Uncommon,festival-grounds,Trainer,https://www.tcggo.com/pokemon/prismatic-evolutions/festival-grounds-108,sv8pt5-108,610463,singles
2026-08-23T17:19:56+02:00,496,Cona Nitanda,cona-nitanda,PRE 109,109,805503,131,180,PRE,Pokémon,pokemon,212,https://images.tcggo.com/tcggo/storage/21414/prismatic-evolutions-logo.png,Prismatic Evolutions,EUR,3670.24,EUR,4269.05,2025-01-17,1,Scarlet & Violet,scarlet-violet,prismatic-evolutions,0,21502,https://images.tcggo.com/tcggo/storage/21524/friends-in-paldea-pre-109-prismatic-evolutions.png,https://www.tcggo.com/external/cm/21502,https://www.tcggo.com/external/tcgplayer/21502,Friends in Paldea,Friends in Paldea 109,0.03,0.03,15640,EUR,[],,,,,,,,0.02,0.02,0.02,0.02,0.02,0.02,0.02,0.02,0.02,0.02,,,,,,,,,,,,,,,,,,,,,,,,,,,,,,,,,,,,,,EUR,0.16,Common,friends-in-paldea,Trainer,https://www.tcggo.com/pokemon/prismatic-evolutions/friends-in-paldea-109,sv8pt5-109,610464,singles
2026-08-23T17:19:56+02:00,458,Toyste Beach,toyste-beach,PRE 110,110,805504,131,180,PRE,Pokémon,pokemon,212,https://images.tcggo.com/tcggo/storage/21414/prismatic-evolutions-logo.png,Prismatic Evolutions,EUR,3670.24,EUR,4269.05,2025-01-17,1,Scarlet & Violet,scarlet-violet,prismatic-evolutions,0,21503,https://images.tcggo.com/tcggo/storage/21525/glass-trumpet-pre-110-prismatic-evolutions.png,https://www.tcggo.com/external/cm/21503,https://www.tcggo.com/external/tcgplayer/21503,Glass Trumpet,Glass Trumpet 110,0.04,0.03,18346,EUR,[],,,,,,,,0.02,0.02,0.02,0.02,0.02,0.02,0.02,0.02,0.02,0.02,,,,,,,,,,,,,,,,,,,,,,,,,,,,,,,,,,,,,,EUR,0.14,Uncommon,glass-trumpet,Trainer,https://www.tcggo.com/pokemon/prismatic-evolutions/glass-trumpet-110,sv8pt5-110,610465,singles
2026-08-23T17:19:56+02:00,461,Studio Bora Inc.,studio-bora-inc,PRE 111,111,805505,131,180,PRE,Pokémon,pokemon,212,https://images.tcggo.com/tcggo/storage/21414/prismatic-evolutions-logo.png,Prismatic Evolutions,EUR,3670.24,EUR,4269.05,2025-01-17,1,Scarlet & Violet,scarlet-violet,prismatic-evolutions,0,21504,https://images.tcggo.com/tcggo/storage/21526/haban-berry-pre-111-prismatic-evolutions.png,https://www.tcggo.com/external/cm/21504,https://www.tcggo.com/external/tcgplayer/21504,Haban Berry,Haban Berry 111,0.03,0.02,17027,EUR,[],,,,,,,,0.02,0.02,0.02,0.02,0.02,0.02,0.02,0.02,0.02,0.02,,,,,,,,,,,,,,,,,,,,,,,,,,,,,,,,,,,,,,EUR,0.16,Common,haban-berry,Trainer,https://www.tcggo.com/pokemon/prismatic-evolutions/haban-berry-111,sv8pt5-111,610466,singles
2026-08-23T17:19:56+02:00,398,Taira Akitsu,taira-akitsu,PRE 112,112,805506,131,180,PRE,Pokémon,pokemon,212,https://images.tcggo.com/tcggo/storage/21414/prismatic-evolutions-logo.png,Prismatic Evolutions,EUR,3670.24,EUR,4269.05,2025-01-17,1,Scarlet & Violet,scarlet-violet,prismatic-evolutions,0,21505,https://images.tcggo.com/tcggo/storage/21527/janines-secret-art-pre-112-prismatic-evolutions.png,https://www.tcggo.com/external/cm/21505,https://www.tcggo.com/external/tcgplayer/21505,Janine's Secret Art,Janine's Secret Art 112,0.05,0.05,16987,EUR,[],,,,,,,,0.02,0.02,0.02,0.02,0.02,0.02,0.02,0.02,0.02,0.02,,,,,,,,,,,,,,,,,,,,,,,,,,,,,,,,,,,,,,EUR,0.23,Uncommon,janines-secret-art,Trainer,https://www.tcggo.com/pokemon/prismatic-evolutions/janines-secret-art-112,sv8pt5-112,610467,singles
2026-08-23T17:19:56+02:00,459,GIDORA,gidora,PRE 113,113,805507,131,180,PRE,Pokémon,pokemon,212,https://images.tcggo.com/tcggo/storage/21414/prismatic-evolutions-logo.png,Prismatic Evolutions,EUR,3670.24,EUR,4269.05,2025-01-17,1,Scarlet & Violet,scarlet-violet,prismatic-evolutions,0,21506,https://images.tcggo.com/tcggo/storage/21528/kieran-pre-113-prismatic-evolutions.png,https://www.tcggo.com/external/cm/21506,https://www.tcggo.com/external/tcgplayer/21506,Kieran,Kieran 113,0.05,0.05,21614,EUR,[],,,,,,,,0.02,0.02,0.02,0.02,0.02,0.02,0.02,0.02,0.02,0.02,,,,,,,,,,,,,,,,,,,,,,,,,,,,,,,,,,,,,,EUR,0.21,Uncommon,kieran,Trainer,https://www.tcggo.com/pokemon/prismatic-evolutions/kieran-113,sv8pt5-113,610468,singles
2026-08-23T17:19:56+02:00,379,Sanosuke Sakuma,sanosuke-sakuma,PRE 114,114,805508,131,180,PRE,Pokémon,pokemon,212,https://images.tcggo.com/tcggo/storage/21414/prismatic-evolutions-logo.png,Prismatic Evolutions,EUR,3670.24,EUR,4269.05,2025-01-17,1,Scarlet & Violet,scarlet-violet,prismatic-evolutions,0,21507,https://images.tcggo.com/tcggo/storage/21529/lacey-pre-114-prismatic-evolutions.png,https://www.tcggo.com/external/cm/21507,https://www.tcggo.com/external/tcgplayer/21507,Lacey,Lacey 114,0.03,0.04,18058,EUR,[],,,,,,,,0.02,0.02,0.02,0.02,0.02,0.02,0.02,0.02,0.02,0.02,,,,,,,,,,,,,,,,,,,,,,,,,,,,,,,,,,,,,,EUR,0.17,Uncommon,lacey,Trainer,https://www.tcggo.com/pokemon/prismatic-evolutions/lacey-114,sv8pt5-114,610469,singles
2026-08-23T17:19:56+02:00,462,hncl,hncl,PRE 115,115,805509,131,180,PRE,Pokémon,pokemon,212,https://images.tcggo.com/tcggo/storage/21414/prismatic-evolutions-logo.png,Prismatic Evolutions,EUR,3670.24,EUR,4269.05,2025-01-17,1,Scarlet & Violet,scarlet-violet,prismatic-evolutions,0,21508,https://images.tcggo.com/tcggo/storage/21530/larrys-skill-pre-115-prismatic-evolutions.png,https://www.tcggo.com/external/cm/21508,https://www.tcggo.com/external/tcgplayer/21508,Larry's Skill,Larry's Skill 115,0.07,0.06,13996,EUR,[],,,,,,,,0.02,0.02,0.02,0.02,0.02,0.02,0.02,0.02,0.02,0.02,,,,,,,,,,,,,,,,,,,,,,,,,,,,,,,,,,,,,,EUR,0.15,Common,larrys-skill,Trainer,https://www.tcggo.com/pokemon/prismatic-evolutions/larrys-skill-115,sv8pt5-115,610470,singles
2026-08-23T17:19:56+02:00,458,Toyste Beach,toyste-beach,PRE 116,116,805510,131,180,PRE,Pokémon,pokemon,212,https://images.tcggo.com/tcggo/storage/21414/prismatic-evolutions-logo.png,Prismatic Evolutions,EUR,3670.24,EUR,4269.05,2025-01-17,1,Scarlet & Violet,scarlet-violet,prismatic-evolutions,0,21509,https://images.tcggo.com/tcggo/storage/21531/max-rod-pre-116-prismatic-evolutions.png,https://www.tcggo.com/external/cm/21509,https://www.tcggo.com/external/tcgplayer/21509,Max Rod,Max Rod 116,1.02,0.91,1237,EUR,[],,,,,,,,0.44,0.49,0.49,0.99,0.99,0.44,0.25,0.25,0.19,0.19,,,,,,,,,,,,,,,,,,,,,,,,,,,,,,,,,,,,,,EUR,0.51,ACE SPEC Rare,max-rod,Trainer,https://www.tcggo.com/pokemon/prismatic-evolutions/max-rod-116,sv8pt5-116,610471,singles
2026-08-23T17:19:56+02:00,464,inose yukie,inose-yukie,PRE 117,117,805511,131,180,PRE,Pokémon,pokemon,212,https://images.tcggo.com/tcggo/storage/21414/prismatic-evolutions-logo.png,Prismatic Evolutions,EUR,3670.24,EUR,4269.05,2025-01-17,1,Scarlet & Violet,scarlet-violet,prismatic-evolutions,0,21510,https://images.tcggo.com/tcggo/storage/21532/maximum-belt-pre-117-prismatic-evolutions.png,https://www.tcggo.com/external/cm/21510,https://www.tcggo.com/external/tcgplayer/21510,Maximum Belt,Maximum Belt 117,1.38,1.66,798,EUR,[],,,,,,,,0.4,0.47,0.47,6,6,0.49,0.3,0.3,0.2,0.2,,,,,,,,,,,,,,,,,,,,,,,,,,,,,,,,,,,,,,EUR,0.48,ACE SPEC Rare,maximum-belt,Trainer,https://www.tcggo.com/pokemon/prismatic-evolutions/maximum-belt-117,sv8pt5-117,610472,singles
2026-08-23T17:19:56+02:00,380,5ban Graphics,5ban-graphics,PRE 118,118,805512,131,180,PRE,Pokémon,pokemon,212,https://images.tcggo.com/tcggo/storage/21414/prismatic-evolutions-logo.png,Prismatic Evolutions,EUR,3670.24,EUR,4269.05,2025-01-17,1,Scarlet & Violet,scarlet-violet,prismatic-evolutions,0,21511,https://images.tcggo.com/tcggo/storage/21533/ogres-mask-pre-118-prismatic-evolutions.png,https://www.tcggo.com/external/cm/21511,https://www.tcggo.com/external/tcgplayer/21511,Ogre's Mask,Ogre's Mask 118,0.02,0.02,18531,EUR,[],,,,,,,,0.02,0.02,0.02,0.02,0.02,0.02,0.02,0.02,0.02,0.02,,,,,,,,,,,,,,,,,,,,,,,,,,,,,,,,,,,,,,EUR,0.14,Uncommon,ogres-mask,Trainer,https://www.tcggo.com/pokemon/prismatic-evolutions/ogres-mask-118,sv8pt5-118,610473,singles
2026-08-23T17:19:56+02:00,458,Toyste Beach,toyste-beach,PRE 119,119,805513,131,180,PRE,Pokémon,pokemon,212,https://images.tcggo.com/tcggo/storage/21414/prismatic-evolutions-logo.png,Prismatic Evolutions,EUR,3670.24,EUR,4269.05,2025-01-17,1,Scarlet & Violet,scarlet-violet,prismatic-evolutions,0,21512,https://images.tcggo.com/tcggo/storage/21534/prime-catcher-pre-119-prismatic-evolutions.png,https://www.tcggo.com/external/cm/21512,https://www.tcggo.com/external/tcgplayer/21512,Prime Catcher,Prime Catcher 119,0.77,0.7,1663,EUR,[],,,,,,,,0.21,0.25,0.25,0.9,0.9,0.21,0.2,0.2,0.1,0.1,,,,,,,,,,,,,,,,,,,,,,,,,,,,,,,,,,,,,,EUR,0.44,ACE SPEC Rare,prime-catcher,Trainer,https://www.tcggo.com/pokemon/prismatic-evolutions/prime-catcher-119,sv8pt5-119,610474,singles
2026-08-23T17:19:56+02:00,520,Megumi Mizutani,megumi-mizutani,PRE 120,120,805514,131,180,PRE,Pokémon,pokemon,212,https://images.tcggo.com/tcggo/storage/21414/prismatic-evolutions-logo.png,Prismatic Evolutions,EUR,3670.24,EUR,4269.05,2025-01-17,1,Scarlet & Violet,scarlet-violet,prismatic-evolutions,0,21513,https://images.tcggo.com/tcggo/storage/21535/professor-sadas-vitality-pre-120-prismatic-evolutions.png,https://www.tcggo.com/external/cm/21513,https://www.tcggo.com/external/tcgplayer/21513,Professor Sada's Vitality,Professor Sada's Vitality 120,0.03,0.03,23013,EUR,[],,,,,,,,0.02,0.02,0.02,0.02,0.02,0.02,0.02,0.02,0.02,0.02,,,,,,,,,,,,,,,,,,,,,,,,,,,,,,,,,,,,,,EUR,0.18,Uncommon,professor-sadas-vitality,Trainer,https://www.tcggo.com/pokemon/prismatic-evolutions/professor-sadas-vitality-120,sv8pt5-120,610475,singles
2026-08-23T17:19:56+02:00,462,hncl,hncl,PRE 121,121,805515,131,180,PRE,Pokémon,pokemon,212,https://images.tcggo.com/tcggo/storage/21414/prismatic-evolutions-logo.png,Prismatic Evolutions,EUR,3670.24,EUR,4269.05,2025-01-17,1,Scarlet & Violet,scarlet-violet,prismatic-evolutions,0,21514,https://images.tcggo.com/tcggo/storage/21536/professor-turos-scenario-pre-121-prismatic-evolutions.png,https://www.tcggo.com/external/cm/21514,https://www.tcggo.com/external/tcgplayer/21514,Professor Turo's Scenario,Professor Turo's Scenario 121,0.03,0.02,21507,EUR,[],,,,,,,,0.02,0.02,0.02,0.02,0.02,0.02,0.02,0.02,0.02,0.02,,,,,,,,,,,,,,,,,,,,,,,,,,,,,,,,,,,,,,EUR,0.17,Uncommon,professor-turos-scenario,Trainer,https://www.tcggo.com/pokemon/prismatic-evolutions/professor-turos-scenario-121,sv8pt5-121,610476,singles
2026-08-23T17:19:56+02:00,456,Hideki Ishikawa,hideki-ishikawa,PRE 122,122,805516,131,180,PRE,Pokémon,pokemon,212,https://images.tcggo.com/tcggo/storage/21414/prismatic-evolutions-logo.png,Prismatic Evolutions,EUR,3670.24,EUR,4269.05,2025-01-17,1,Scarlet & Violet,scarlet-violet,prismatic-evolutions,0,21515,https://images.tcggo.com/tcggo/storage/21537/professors-research-pre-122-prismatic-evolutions.png,https://www.tcggo.com/external/cm/21515,https://www.tcggo.com/external/tcgplayer/21515,Professor's Research,Professor's Research 122,0.04,0.03,14463,EUR,[],,,,,,,,0.02,0.02,0.02,0.02,0.02,0.02,0.02,0.02,0.02,0.02,,,,,,,,,,,,,,,,,,,,,,,,,,,,,,,,,,,,,,EUR,0.16,Common,professors-research,Trainer,https://www.tcggo.com/pokemon/prismatic-evolutions/professors-research-122,sv8pt5-122,610477,singles
2026-08-23T17:19:56+02:00,385,Teeziro,teeziro,PRE 123,123,805517,131,180,PRE,Pokémon,pokemon,212,https://images.tcggo.com/tcggo/storage/21414/prismatic-evolutions-logo.png,Prismatic Evolutions,EUR,3670.24,EUR,4269.05,2025-01-17,1,Scarlet & Violet,scarlet-violet,prismatic-evolutions,0,21516,https://images.tcggo.com/tcggo/storage/21538/professors-research-pre-123-prismatic-evolutions.png,https://www.tcggo.com/external/cm/21516,https://www.tcggo.com/external/tcgplayer/21516,Professor's Research,Professor's Research 123,0.03,0.02,16134,EUR,[],,,,,,,,0.02,0.02,0.02,0.02,0.02,0.02,0.02,0.02,0.02,0.02,,,,,,,,,,,,,,,,,,,,,,,,,,,,,,,,,,,,,,EUR,0.15,Common,professors-research,Trainer,https://www.tcggo.com/pokemon/prismatic-evolutions/professors-research-123,sv8pt5-123,610478,singles
2026-08-23T17:19:56+02:00,385,Teeziro,teeziro,PRE 124,124,805518,131,180,PRE,Pokémon,pokemon,212,https://images.tcggo.com/tcggo/storage/21414/prismatic-evolutions-logo.png,Prismatic Evolutions,EUR,3670.24,EUR,4269.05,2025-01-17,1,Scarlet & Violet,scarlet-violet,prismatic-evolutions,0,21517,https://images.tcggo.com/tcggo/storage/21539/professors-research-pre-124-prismatic-evolutions.png,https://www.tcggo.com/external/cm/21517,https://www.tcggo.com/external/tcgplayer/21517,Professor's Research,Professor's Research 124,0.03,0.04,16186,EUR,[],,,,,,,,0.02,0.02,0.02,0.02,0.02,0.02,0.02,0.02,0.02,0.02,,,,,,,,,,,,,,,,,,,,,,,,,,,,,,,,,,,,,,EUR,0.15,Common,professors-research,Trainer,https://www.tcggo.com/pokemon/prismatic-evolutions/professors-research-124,sv8pt5-124,610479,singles
2026-08-23T17:19:56+02:00,385,Teeziro,teeziro,PRE 125,125,805519,131,180,PRE,Pokémon,pokemon,212,https://images.tcggo.com/tcggo/storage/21414/prismatic-evolutions-logo.png,Prismatic Evolutions,EUR,3670.24,EUR,4269.05,2025-01-17,1,Scarlet & Violet,scarlet-violet,prismatic-evolutions,0,21518,https://images.tcggo.com/tcggo/storage/21540/professors-research-pre-125-prismatic-evolutions.png,https://www.tcggo.com/external/cm/21518,https://www.tcggo.com/external/tcgplayer/21518,Professor's Research,Professor's Research 125,0.04,0.03,16026,EUR,[],,,,,,,,0.02,0.02,0.02,0.02,0.02,0.02,0.02,0.02,0.02,0.02,,,,,,,,,,,,,,,,,,,,,,,,,,,,,,,,,,,,,,EUR,0.12,Common,professors-research,Trainer,https://www.tcggo.com/pokemon/prismatic-evolutions/professors-research-125,sv8pt5-125,610480,singles
2026-08-23T17:19:56+02:00,458,Toyste Beach,toyste-beach,PRE 126,126,805520,131,180,PRE,Pokémon,pokemon,212,https://images.tcggo.com/tcggo/storage/21414/prismatic-evolutions-logo.png,Prismatic Evolutions,EUR,3670.24,EUR,4269.05,2025-01-17,1,Scarlet & Violet,scarlet-violet,prismatic-evolutions,0,21519,https://images.tcggo.com/tcggo/storage/21541/rescue-board-pre-126-prismatic-evolutions.png,https://www.tcggo.com/external/cm/21519,https://www.tcggo.com/external/tcgplayer/21519,Rescue Board,Rescue Board 126,0.02,0.02,22603,EUR,[],,,,,,,,0.02,0.02,0.02,0.02,0.02,0.02,0.02,0.02,0.02,0.02,,,,,,,,,,,,,,,,,,,,,,,,,,,,,,,,,,,,,,EUR,0.15,Uncommon,rescue-board,Trainer,https://www.tcggo.com/pokemon/prismatic-evolutions/rescue-board-126,sv8pt5-126,610481,singles
2026-08-23T17:19:56+02:00,461,Studio Bora Inc.,studio-bora-inc,PRE 127,127,805521,131,180,PRE,Pokémon,pokemon,212,https://images.tcggo.com/tcggo/storage/21414/prismatic-evolutions-logo.png,Prismatic Evolutions,EUR,3670.24,EUR,4269.05,2025-01-17,1,Scarlet & Violet,scarlet-violet,prismatic-evolutions,0,21520,https://images.tcggo.com/tcggo/storage/21542/roto-stick-pre-127-prismatic-evolutions.png,https://www.tcggo.com/external/cm/21520,https://www.tcggo.com/external/tcgplayer/21520,Roto-Stick,Roto-Stick 127,0.08,0.08,13669,EUR,[],,,,,,,,0.02,0.02,0.02,0.02,0.02,0.02,0.02,0.02,0.02,0.02,,,,,,,,,,,,,,,,,,,,,,,,,,,,,,,,,,,,,,EUR,0.21,Common,roto-stick,Trainer,https://www.tcggo.com/pokemon/prismatic-evolutions/roto-stick-127,sv8pt5-127,610482,singles
2026-08-23T17:19:56+02:00,458,Toyste Beach,toyste-beach,PRE 128,128,805522,131,180,PRE,Pokémon,pokemon,212,https://images.tcggo.com/tcggo/storage/21414/prismatic-evolutions-logo.png,Prismatic Evolutions,EUR,3670.24,EUR,4269.05,2025-01-17,1,Scarlet & Violet,scarlet-violet,prismatic-evolutions,0,21521,https://images.tcggo.com/tcggo/storage/21543/scoop-up-cyclone-pre-128-prismatic-evolutions.png,https://www.tcggo.com/external/cm/21521,https://www.tcggo.com/external/tcgplayer/21521,Scoop Up Cyclone,Scoop Up Cyclone 128,0.41,0.42,2704,EUR,[],,,,,,,,0.1,0.05,0.05,0.5,0.5,0.1,0.09,0.09,0.05,0.05,,,,,,,,,,,,,,,,,,,,,,,,,,,,,,,,,,,,,,EUR,0.32,ACE SPEC Rare,scoop-up-cyclone,Trainer,https://www.tcggo.com/pokemon/prismatic-evolutions/scoop-up-cyclone-128,sv8pt5-128,610483,singles
2026-08-23T17:19:56+02:00,458,Toyste Beach,toyste-beach,PRE 129,129,805523,131,180,PRE,Pokémon,pokemon,212,https://images.tcggo.com/tcggo/storage/21414/prismatic-evolutions-logo.png,Prismatic Evolutions,EUR,3670.24,EUR,4269.05,2025-01-17,1,Scarlet & Violet,scarlet-violet,prismatic-evolutions,0,21522,https://images.tcggo.com/tcggo/storage/21544/sparkling-crystal-pre-129-prismatic-evolutions.png,https://www.tcggo.com/external/cm/21522,https://www.tcggo.com/external/tcgplayer/21522,Sparkling Crystal,Sparkling Crystal 129,0.41,0.37,2269,EUR,[],,,,,,,,0.1,0.05,0.1,0.1,0.1,0.1,0.05,0.05,0.05,0.05,,,,,,,,,,,,,,,,,,,,,,,,,,,,,,,,,,,,,,EUR,0.29,ACE SPEC Rare,sparkling-crystal,Trainer,https://www.tcggo.com/pokemon/prismatic-evolutions/sparkling-crystal-129,sv8pt5-129,610484,singles
2026-08-23T17:19:56+02:00,464,inose yukie,inose-yukie,PRE 130,130,805524,131,180,PRE,Pokémon,pokemon,212,https://images.tcggo.com/tcggo/storage/21414/prismatic-evolutions-logo.png,Prismatic Evolutions,EUR,3670.24,EUR,4269.05,2025-01-17,1,Scarlet & Violet,scarlet-violet,prismatic-evolutions,0,21523,https://images.tcggo.com/tcggo/storage/21545/techno-radar-pre-130-prismatic-evolutions.png,https://www.tcggo.com/external/cm/21523,https://www.tcggo.com/external/tcgplayer/21523,Techno Radar,Techno Radar 130,0.02,0.03,23478,EUR,[],,,,,,,,0.02,0.02,0.02,0.02,0.02,0.02,0.02,0.02,0.02,0.02,,,,,,,,,,,,,,,,,,,,,,,,,,,,,,,,,,,,,,EUR,0.12,Uncommon,techno-radar,Trainer,https://www.tcggo.com/pokemon/prismatic-evolutions/techno-radar-130,sv8pt5-130,610485,singles
2026-08-23T17:19:56+02:00,464,inose yukie,inose-yukie,PRE 131,131,805525,131,180,PRE,Pokémon,pokemon,212,https://images.tcggo.com/tcggo/storage/21414/prismatic-evolutions-logo.png,Prismatic Evolutions,EUR,3670.24,EUR,4269.05,2025-01-17,1,Scarlet & Violet,scarlet-violet,prismatic-evolutions,0,21524,https://images.tcggo.com/tcggo/storage/21546/treasure-tracker-pre-131-prismatic-evolutions.png,https://www.tcggo.com/external/cm/21524,https://www.tcggo.com/external/tcgplayer/21524,Treasure Tracker,Treasure Tracker 131,0.41,0.5,2932,EUR,[],,,,,,,,0.05,0.09,0.09,0.2,0.2,0.05,0.02,0.02,0.02,0.02,,,,,,,,,,,,,,,,,,,,,,,,,,,,,,,,,,,,,,EUR,0.24,ACE SPEC Rare,treasure-tracker,Trainer,https://www.tcggo.com/pokemon/prismatic-evolutions/treasure-tracker-131,sv8pt5-131,610486,singles
2026-08-23T17:19:56+02:00,426,Akira Komayama,akira-komayama,PRE 132,132,805526,131,180,PRE,Pokémon,pokemon,212,https://images.tcggo.com/tcggo/storage/21414/prismatic-evolutions-logo.png,Prismatic Evolutions,EUR,3670.24,EUR,4269.05,2025-01-17,1,Scarlet & Violet,scarlet-violet,prismatic-evolutions,0,21525,https://images.tcggo.com/tcggo/storage/21547/amarys-pre-132-prismatic-evolutions.png,https://www.tcggo.com/external/cm/21525,https://www.tcggo.com/external/tcgplayer/21525,Amarys,Amarys 132,0.78,0.69,1588,EUR,[],,,,,,,,0.25,0.4,0.4,0.5,0.5,0.25,0.35,0.35,0.1,0.1,,,,,,,,,,,,,,,,,,,,,,,,,,,,,,,,,,,,,,EUR,0.53,Ultra Rare,amarys,Trainer,https://www.tcggo.com/pokemon/prismatic-evolutions/amarys-132,sv8pt5-132,610487,singles
2026-08-23T17:19:56+02:00,454,kantaro,kantaro,PRE 133,133,805527,131,180,PRE,Pokémon,pokemon,212,https://images.tcggo.com/tcggo/storage/21414/prismatic-evolutions-logo.png,Prismatic Evolutions,EUR,3670.24,EUR,4269.05,2025-01-17,1,Scarlet & Violet,scarlet-violet,prismatic-evolutions,0,21526,https://images.tcggo.com/tcggo/storage/21548/atticus-pre-133-prismatic-evolutions.png,https://www.tcggo.com/external/cm/21526,https://www.tcggo.com/external/tcgplayer/21526,Atticus,Atticus 133,0.77,0.78,1565,EUR,[],,,,,,,,0.29,0.25,0.25,0.5,0.5,0.29,0.5,0.5,0.15,0.15,,,,,,,,,,,,,,,,,,,,,,,,,,,,,,,,,,,,,,EUR,0.59,Ultra Rare,atticus,Trainer,https://www.tcggo.com/pokemon/prismatic-evolutions/atticus-133,sv8pt5-133,610488,singles
2026-08-23T17:19:56+02:00,459,GIDORA,gidora,PRE 134,134,805528,131,180,PRE,Pokémon,pokemon,212,https://images.tcggo.com/tcggo/storage/21414/prismatic-evolutions-logo.png,Prismatic Evolutions,EUR,3670.24,EUR,4269.05,2025-01-17,1,Scarlet & Violet,scarlet-violet,prismatic-evolutions,0,21527,https://images.tcggo.com/tcggo/storage/21549/atticus-pre-134-prismatic-evolutions.png,https://www.tcggo.com/external/cm/21527,https://www.tcggo.com/external/tcgplayer/21527,Atticus,Atticus 134,0.7,0.67,1777,EUR,[],,,,,,,,0.4,0.35,0.35,0.25,0.25,0.4,0.5,0.5,0.1,0.1,,,,,,,,,,,,,,,,,,,,,,,,,,,,,,,,,,,,,,EUR,0.49,Ultra Rare,atticus,Trainer,https://www.tcggo.com/pokemon/prismatic-evolutions/atticus-134,sv8pt5-134,610489,singles
2026-08-23T17:19:56+02:00,459,GIDORA,gidora,PRE 135,135,805529,131,180,PRE,Pokémon,pokemon,212,https://images.tcggo.com/tcggo/storage/21414/prismatic-evolutions-logo.png,Prismatic Evolutions,EUR,3670.24,EUR,4269.05,2025-01-17,1,Scarlet & Violet,scarlet-violet,prismatic-evolutions,0,21528,https://images.tcggo.com/tcggo/storage/21550/brassius-pre-135-prismatic-evolutions.png,https://www.tcggo.com/external/cm/21528,https://www.tcggo.com/external/tcgplayer/21528,Brassius,Brassius 135,0.72,0.68,1717,EUR,[],,,,,,,,0.38,0.34,0.34,0.5,0.5,0.39,0.49,0.49,0.14,0.14,,,,,,,,,,,,,,,,,,,,,,,,,,,,,,,,,,,,,,EUR,0.44,Ultra Rare,brassius,Trainer,https://www.tcggo.com/pokemon/prismatic-evolutions/brassius-135,sv8pt5-135,610490,singles
2026-08-23T17:19:56+02:00,518,Ryuta Fuse,ryuta-fuse,PRE 136,136,805530,131,180,PRE,Pokémon,pokemon,212,https://images.tcggo.com/tcggo/storage/21414/prismatic-evolutions-logo.png,Prismatic Evolutions,EUR,3670.24,EUR,4269.05,2025-01-17,1,Scarlet & Violet,scarlet-violet,prismatic-evolutions,0,21529,https://images.tcggo.com/tcggo/storage/21551/eri-pre-136-prismatic-evolutions.png,https://www.tcggo.com/external/cm/21529,https://www.tcggo.com/external/tcgplayer/21529,Eri,Eri 136,0.98,0.91,1229,EUR,[],,,,,,,,0.39,0.5,0.5,1,1,0.39,0.5,0.5,0.25,0.25,,,,,,,,,,,,,,,,,,,,,,,,,,,,,,,,,,,,,,EUR,0.79,Ultra Rare,eri,Trainer,https://www.tcggo.com/pokemon/prismatic-evolutions/eri-136,sv8pt5-136,610491,singles
2026-08-23T17:19:56+02:00,496,Cona Nitanda,cona-nitanda,PRE 137,137,805531,131,180,PRE,Pokémon,pokemon,212,https://images.tcggo.com/tcggo/storage/21414/prismatic-evolutions-logo.png,Prismatic Evolutions,EUR,3670.24,EUR,4269.05,2025-01-17,1,Scarlet & Violet,scarlet-violet,prismatic-evolutions,0,21530,https://images.tcggo.com/tcggo/storage/21552/friends-in-paldea-pre-137-prismatic-evolutions.png,https://www.tcggo.com/external/cm/21530,https://www.tcggo.com/external/tcgplayer/21530,Friends in Paldea,Friends in Paldea 137,1.23,1.13,1194,EUR,[],,,,,,,,0.49,0.5,0.5,1.2,1.2,0.49,0.75,0.75,0.1,0.1,,,,,,,,,,,,,,,,,,,,,,,,,,,,,,,,,,,,,,EUR,0.77,Ultra Rare,friends-in-paldea,Trainer,https://www.tcggo.com/pokemon/prismatic-evolutions/friends-in-paldea-137,sv8pt5-137,610492,singles
2026-08-23T17:19:56+02:00,373,GOSSAN,gossan,PRE 138,138,805532,131,180,PRE,Pokémon,pokemon,212,https://images.tcggo.com/tcggo/storage/21414/prismatic-evolutions-logo.png,Prismatic Evolutions,EUR,3670.24,EUR,4269.05,2025-01-17,1,Scarlet & Violet,scarlet-violet,prismatic-evolutions,0,21531,https://images.tcggo.com/tcggo/storage/21553/giacomo-pre-138-prismatic-evolutions.png,https://www.tcggo.com/external/cm/21531,https://www.tcggo.com/external/tcgplayer/21531,Giacomo,Giacomo 138,0.78,0.75,1899,EUR,[],,,,,,,,0.1,0.13,0.13,0.25,0.25,0.39,0.3,0.3,0.09,0.09,,,,,,,,,,,,,,,,,,,,,,,,,,,,,,,,,,,,,,EUR,0.42,Ultra Rare,giacomo,Trainer,https://www.tcggo.com/pokemon/prismatic-evolutions/giacomo-138,sv8pt5-138,610493,singles
2026-08-23T17:19:56+02:00,462,hncl,hncl,PRE 139,139,805533,131,180,PRE,Pokémon,pokemon,212,https://images.tcggo.com/tcggo/storage/21414/prismatic-evolutions-logo.png,Prismatic Evolutions,EUR,3670.24,EUR,4269.05,2025-01-17,1,Scarlet & Violet,scarlet-violet,prismatic-evolutions,0,21532,https://images.tcggo.com/tcggo/storage/21554/larrys-skill-pre-139-prismatic-evolutions.png,https://www.tcggo.com/external/cm/21532,https://www.tcggo.com/external/tcgplayer/21532,Larry's Skill,Larry's Skill 139,1.02,1.07,1261,EUR,[],,,,,,,,0.1,0.29,0.29,0.85,0.85,0.1,0.45,0.45,0.1,0.1,,,,,,,,,,,,,,,,,,,,,,,,,,,,,,,,,,,,,,EUR,0.56,Ultra Rare,larrys-skill,Trainer,https://www.tcggo.com/pokemon/prismatic-evolutions/larrys-skill-139,sv8pt5-139,610494,singles
2026-08-23T17:19:56+02:00,463,Naoki Saito,naoki-saito,PRE 140,140,805534,131,180,PRE,Pokémon,pokemon,212,https://images.tcggo.com/tcggo/storage/21414/prismatic-evolutions-logo.png,Prismatic Evolutions,EUR,3670.24,EUR,4269.05,2025-01-17,1,Scarlet & Violet,scarlet-violet,prismatic-evolutions,0,21533,https://images.tcggo.com/tcggo/storage/21555/mela-pre-140-prismatic-evolutions.png,https://www.tcggo.com/external/cm/21533,https://www.tcggo.com/external/tcgplayer/21533,Mela,Mela 140,0.87,0.82,1462,EUR,[],,,,,,,,0.5,0.48,0.49,0.85,0.85,0.6,0.47,0.47,0.1,0.1,,,,,,,,,,,,,,,,,,,,,,,,,,,,,,,,,,,,,,EUR,0.7,Ultra Rare,mela,Trainer,https://www.tcggo.com/pokemon/prismatic-evolutions/mela-140,sv8pt5-140,610495,singles
2026-08-23T17:19:56+02:00,385,Teeziro,teeziro,PRE 141,141,805535,131,180,PRE,Pokémon,pokemon,212,https://images.tcggo.com/tcggo/storage/21414/prismatic-evolutions-logo.png,Prismatic Evolutions,EUR,3670.24,EUR,4269.05,2025-01-17,1,Scarlet & Violet,scarlet-violet,prismatic-evolutions,0,21534,https://images.tcggo.com/tcggo/storage/21556/ortega-pre-141-prismatic-evolutions.png,https://www.tcggo.com/external/cm/21534,https://www.tcggo.com/external/tcgplayer/21534,Ortega,Ortega 141,0.73,0.67,1759,EUR,[],,,,,,,,0.19,0.24,0.24,0.8,0.8,0.19,0.45,0.45,0.05,0.05,,,,,,,,,,,,,,,,,,,,,,,,,,,,,,,,,,,,,,EUR,0.51,Ultra Rare,ortega,Trainer,https://www.tcggo.com/pokemon/prismatic-evolutions/ortega-141,sv8pt5-141,610496,singles
2026-08-23T17:19:56+02:00,462,hncl,hncl,PRE 142,142,805536,131,180,PRE,Pokémon,pokemon,212,https://images.tcggo.com/tcggo/storage/21414/prismatic-evolutions-logo.png,Prismatic Evolutions,EUR,3670.24,EUR,4269.05,2025-01-17,1,Scarlet & Violet,scarlet-violet,prismatic-evolutions,0,21535,https://images.tcggo.com/tcggo/storage/21557/raifort-pre-142-prismatic-evolutions.png,https://www.tcggo.com/external/cm/21535,https://www.tcggo.com/external/tcgplayer/21535,Raifort,Raifort 142,0.73,0.74,1795,EUR,[],,,,,,,,0.3,0.25,0.25,0.48,0.48,0.3,0.4,0.4,0.09,0.09,,,,,,,,,,,,,,,,,,,,,,,,,,,,,,,,,,,,,,EUR,0.56,Ultra Rare,raifort,Trainer,https://www.tcggo.com/pokemon/prismatic-evolutions/raifort-142,sv8pt5-142,610497,singles
2026-08-23T17:19:56+02:00,409,Yuu Nishida,yuu-nishida,PRE 143,143,805537,131,180,PRE,Pokémon,pokemon,212,https://images.tcggo.com/tcggo/storage/21414/prismatic-evolutions-logo.png,Prismatic Evolutions,EUR,3670.24,EUR,4269.05,2025-01-17,1,Scarlet & Violet,scarlet-violet,prismatic-evolutions,0,21536,https://images.tcggo.com/tcggo/storage/21558/tyme-pre-143-prismatic-evolutions.png,https://www.tcggo.com/external/cm/21536,https://www.tcggo.com/external/tcgplayer/21536,Tyme,Tyme 143,0.67,0.67,2164,EUR,[],,,,,,,,0.05,0.19,0.19,0.4,0.4,0.05,0.3,0.3,0.05,0.05,,,,,,,,,,,,,,,,,,,,,,,,,,,,,,,,,,,,,,EUR,0.47,Ultra Rare,tyme,Trainer,https://www.tcggo.com/pokemon/prismatic-evolutions/tyme-143,sv8pt5-143,610498,singles
2026-08-23T17:19:56+02:00,535,Jiro Sasumo,jiro-sasumo,PRE 144,144,805538,131,180,PRE,Pokémon,pokemon,212,https://images.tcggo.com/tcggo/storage/21414/prismatic-evolutions-logo.png,Prismatic Evolutions,EUR,3670.24,EUR,4269.05,2025-01-17,1,Scarlet & Violet,scarlet-violet,prismatic-evolutions,270,21537,https://images.tcggo.com/tcggo/storage/21559/leafeon-ex-pre-144-prismatic-evolutions.png,https://www.tcggo.com/external/cm/21537,https://www.tcggo.com/external/tcgplayer/21537,Leafeon ex,Leafeon ex 144,275.94,213.41,178,EUR,[],,,,,,,,224.9,220,220,229.99,229.99,230,179.99,179.99,128,128,USD,338.09,5,,,135.63,2,198.93,5,,,226.52,2,411.18,5,,,224.28,5,710.23,5,179.97,4,209.32,5,228.02,5,,,661.63,5,,,,,272.88,5,EUR,287.67,Special Illustration Rare,leafeon-ex,Pokémon,https://www.tcggo.com/pokemon/prismatic-evolutions/leafeon-ex-144,sv8pt5-144,610499,singles
2026-08-23T17:19:56+02:00,465,Yukihiro Tada,yukihiro-tada,PRE 145,145,805539,131,180,PRE,Pokémon,pokemon,212,https://images.tcggo.com/tcggo/storage/21414/prismatic-evolutions-logo.png,Prismatic Evolutions,EUR,3670.24,EUR,4269.05,2025-01-17,1,Scarlet & Violet,scarlet-violet,prismatic-evolutions,210,21538,https://images.tcggo.com/tcggo/storage/21560/teal-mask-ogerpon-ex-pre-145-prismatic-evolutions.png,https://www.tcggo.com/external/cm/21538,https://www.tcggo.com/external/tcgplayer/21538,Teal Mask Ogerpon ex,Teal Mask Ogerpon ex 145,21.95,18.39,195,EUR,,,,,,415,69,,15,15,15,17.5,17.5,15,22,22,13,13,USD,59.4,1,,,10.67,1,15.36,1,,,,,69.16,4,,,,,84.75,5,9.67,2,13.37,5,16.65,5,,,98.13,3,,,16.56,1,,,EUR,17.03,Special Illustration Rare,teal-mask-ogerpon-ex,Pokémon,https://www.tcggo.com/pokemon/prismatic-evolutions/teal-mask-ogerpon-ex-145,sv8pt5-145,610500,singles
2026-08-23T17:19:56+02:00,510,Nurikabe,nurikabe,PRE 146,146,805540,131,180,PRE,Pokémon,pokemon,212,https://images.tcggo.com/tcggo/storage/21414/prismatic-evolutions-logo.png,Prismatic Evolutions,EUR,3670.24,EUR,4269.05,2025-01-17,1,Scarlet & Violet,scarlet-violet,prismatic-evolutions,270,21539,https://images.tcggo.com/tcggo/storage/21561/flareon-ex-pre-146-prismatic-evolutions.png,https://www.tcggo.com/external/cm/21539,https://www.tcggo.com/external/tcgplayer/21539,Flareon ex,Flareon ex 146,172.9,149.05,197,EUR,[],,,,,,,,159,123,123,129.9,129.9,159,179.99,179.99,99.99,99.99,USD,330.92,5,,,99.25,1,124.58,5,2999.99,1,145.56,2,224.27,5,160,1,143.05,4,534.54,5,143.53,3,149.51,5,135,5,,,444.83,5,,,98.31,1,138.34,5,EUR,187.18,Special Illustration Rare,flareon-ex,Pokémon,https://www.tcggo.com/pokemon/prismatic-evolutions/flareon-ex-146,sv8pt5-146,610501,singles
2026-08-23T17:19:56+02:00,430,akagi,akagi,PRE 147,147,805541,131,180,PRE,Pokémon,pokemon,212,https://images.tcggo.com/tcggo/storage/21414/prismatic-evolutions-logo.png,Prismatic Evolutions,EUR,3670.24,EUR,4269.05,2025-01-17,1,Scarlet & Violet,scarlet-violet,prismatic-evolutions,270,21540,https://images.tcggo.com/tcggo/storage/21562/ceruledge-ex-pre-147-prismatic-evolutions.png,https://www.tcggo.com/external/cm/21540,https://www.tcggo.com/external/tcgplayer/21540,Ceruledge ex,Ceruledge ex 147,88.46,86.25,194,EUR,,,100,,,355,,95,66.8,65,65,90,90,70,94.99,94.99,50,50,USD,129.75,5,,,,,74.96,5,,,70.08,2,116.62,5,,,88.85,4,251.2,5,,,80.74,5,65.04,5,,,223.62,5,,,,,70.15,1,EUR,88.05,Special Illustration Rare,ceruledge-ex,Pokémon,https://www.tcggo.com/pokemon/prismatic-evolutions/ceruledge-ex-147,sv8pt5-147,610502,singles
2026-08-23T17:19:56+02:00,465,Yukihiro Tada,yukihiro-tada,PRE 148,148,805542,131,180,PRE,Pokémon,pokemon,212,https://images.tcggo.com/tcggo/storage/21414/prismatic-evolutions-logo.png,Prismatic Evolutions,EUR,3670.24,EUR,4269.05,2025-01-17,1,Scarlet & Violet,scarlet-violet,prismatic-evolutions,210,21541,https://images.tcggo.com/tcggo/storage/21563/hearthflame-mask-ogerpon-ex-pre-148-prismatic-evolutions.png,https://www.tcggo.com/external/cm/21541,https://www.tcggo.com/external/tcgplayer/21541,Hearthflame Mask Ogerpon ex,Hearthflame Mask Ogerpon ex 148,17.21,14.91,205,EUR,,,,,,,,30,15,14,14,15,15,15,16.5,16.9,7.5,7.5,USD,81.5,1,,,,,20.24,2,,,,,46.83,4,,,,,106.15,5,,,12.38,5,33.18,5,,,,,,,,,,,EUR,15.14,Special Illustration Rare,hearthflame-mask-ogerpon-ex,Pokémon,https://www.tcggo.com/pokemon/prismatic-evolutions/hearthflame-mask-ogerpon-ex-148,sv8pt5-148,610503,singles
2026-08-23T17:19:56+02:00,774,Narano,narano,PRE 149,149,805543,131,180,PRE,Pokémon,pokemon,212,https://images.tcggo.com/tcggo/storage/21414/prismatic-evolutions-logo.png,Prismatic Evolutions,EUR,3670.24,EUR,4269.05,2025-01-17,1,Scarlet & Violet,scarlet-violet,prismatic-evolutions,280,21542,https://images.tcggo.com/tcggo/storage/21564/vaporeon-ex-pre-149-prismatic-evolutions.png,https://www.tcggo.com/external/cm/21542,https://www.tcggo.com/external/tcgplayer/21542,Vaporeon ex,Vaporeon ex 149,286.26,157.68,163,EUR,,,,999,,299,,279,149,150,150,109.99,109.99,149,218.99,218.99,100,100,USD,534.25,5,,,131.35,3,164.88,5,1152.21,1,148.51,3,336.42,5,,,164.63,2,841.06,5,145.78,1,178.3,5,207.25,5,,,789.47,5,,,,,200,5,EUR,252.66,Special Illustration Rare,vaporeon-ex,Pokémon,https://www.tcggo.com/pokemon/prismatic-evolutions/vaporeon-ex-149,sv8pt5-149,610504,singles
2026-08-23T17:19:56+02:00,830,Kamome Shirahama,kamome-shirahama,PRE 150,150,805544,131,180,PRE,Pokémon,pokemon,212,https://images.tcggo.com/tcggo/storage/21414/prismatic-evolutions-logo.png,Prismatic Evolutions,EUR,3670.24,EUR,4269.05,2025-01-17,1,Scarlet & Violet,scarlet-violet,prismatic-evolutions,270,21543,https://images.tcggo.com/tcggo/storage/21565/glaceon-ex-pre-150-prismatic-evolutions.png,https://www.tcggo.com/external/cm/21543,https://www.tcggo.com/external/tcgplayer/21543,Glaceon ex,Glaceon ex 150,188.51,172.14,186,EUR,,,330,400,,1167,,269,150,150,150,107.55,107.55,150,150,150,129.39,129.39,USD,317.86,5,,,148.93,1,148.93,5,2480.32,1,198.12,1,233.25,5,,,164.47,5,623.5,5,152.8,3,177.56,5,255.68,5,,,520.33,5,,,,,200,5,EUR,238.8,Special Illustration Rare,glaceon-ex,Pokémon,https://www.tcggo.com/pokemon/prismatic-evolutions/glaceon-ex-150,sv8pt5-150,610505,singles
2026-08-23T17:19:56+02:00,1248,Tetsuo Hara,tetsuo-hara,PRE 151,151,805545,131,180,PRE,Pokémon,pokemon,212,https://images.tcggo.com/tcggo/storage/21414/prismatic-evolutions-logo.png,Prismatic Evolutions,EUR,3670.24,EUR,4269.05,2025-01-17,1,Scarlet & Violet,scarlet-violet,prismatic-evolutions,340,21544,https://images.tcggo.com/tcggo/storage/21566/palafin-ex-pre-151-prismatic-evolutions.png,https://www.tcggo.com/external/cm/21544,https://www.tcggo.com/external/tcgplayer/21544,Palafin ex,Palafin ex 151,69.99,64.78,184,EUR,,,,,,99,,69,43,39.5,39.5,39.5,39.5,43,56.99,56.99,90,90,USD,67.75,5,,,,,37.65,5,311,1,,,60.52,5,,,,,110.27,5,17.94,1,31.39,3,40,5,,,141.27,5,26.16,1,,,22.24,2,EUR,36.44,Special Illustration Rare,palafin-ex,Pokémon,https://www.tcggo.com/pokemon/prismatic-evolutions/palafin-ex-151,sv8pt5-151,610506,singles
2026-08-23T17:19:56+02:00,465,Yukihiro Tada,yukihiro-tada,PRE 152,152,805546,131,180,PRE,Pokémon,pokemon,212,https://images.tcggo.com/tcggo/storage/21414/prismatic-evolutions-logo.png,Prismatic Evolutions,EUR,3670.24,EUR,4269.05,2025-01-17,1,Scarlet & Violet,scarlet-violet,prismatic-evolutions,210,21545,https://images.tcggo.com/tcggo/storage/21567/wellspring-mask-ogerpon-ex-pre-152-prismatic-evolutions.png,https://www.tcggo.com/external/cm/21545,https://www.tcggo.com/external/tcgplayer/21545,Wellspring Mask Ogerpon ex,Wellspring Mask Ogerpon ex 152,16.54,16.05,190,EUR,,,,,,150,,,14.99,13,13,19.95,19.95,14.99,22.99,22.99,10.99,10.99,USD,47.15,1,,,,,,,,,,,61.93,3,,,17.71,1,62.54,5,14.52,1,22.14,3,25.29,5,,,62.01,1,,,,,,,EUR,14.73,Special Illustration Rare,wellspring-mask-ogerpon-ex,Pokémon,https://www.tcggo.com/pokemon/prismatic-evolutions/wellspring-mask-ogerpon-ex-152,sv8pt5-152,610507,singles
2026-08-23T17:19:56+02:00,454,kantaro,kantaro,PRE 153,153,805547,131,180,PRE,Pokémon,pokemon,212,https://images.tcggo.com/tcggo/storage/21414/prismatic-evolutions-logo.png,Prismatic Evolutions,EUR,3670.24,EUR,4269.05,2025-01-17,1,Scarlet & Violet,scarlet-violet,prismatic-evolutions,260,21546,https://images.tcggo.com/tcggo/storage/21568/jolteon-ex-pre-153-prismatic-evolutions.png,https://www.tcggo.com/external/cm/21546,https://www.tcggo.com/external/tcgplayer/21546,Jolteon ex,Jolteon ex 153,177.15,142.52,200,EUR,,,,,,,150,175,145,149.99,149.99,149.99,149.99,145,150,174,104.9,104.9,USD,300.25,5,,,129.75,1,124.08,5,,,139.5,3,250,5,130.09,1,,,651.2,5,140,5,124.58,5,125.36,5,,,579.84,5,,,,,131.21,5,EUR,169.1,Special Illustration Rare,jolteon-ex,Pokémon,https://www.tcggo.com/pokemon/prismatic-evolutions/jolteon-ex-153,sv8pt5-153,610508,singles
2026-08-23T17:19:56+02:00,439,Kazumasa Yasukuni,kazumasa-yasukuni,PRE 154,154,805548,131,180,PRE,Pokémon,pokemon,212,https://images.tcggo.com/tcggo/storage/21414/prismatic-evolutions-logo.png,Prismatic Evolutions,EUR,3670.24,EUR,4269.05,2025-01-17,1,Scarlet & Violet,scarlet-violet,prismatic-evolutions,230,21547,https://images.tcggo.com/tcggo/storage/21569/iron-hands-ex-pre-154-prismatic-evolutions.png,https://www.tcggo.com/external/cm/21547,https://www.tcggo.com/external/tcgplayer/21547,Iron Hands ex,Iron Hands ex 154,31.88,34.05,176,EUR,,,,,,149,50,75,29,19.99,19.99,37,37,29,49.5,49.5,18,18,USD,52.25,5,,,,,27.21,2,,,,,16.76,1,,,24.9,3,139.05,5,21.39,2,21.91,5,26.17,5,,,85.81,4,,,31.39,1,,,EUR,26.51,Special Illustration Rare,iron-hands-ex,Pokémon,https://www.tcggo.com/pokemon/prismatic-evolutions/iron-hands-ex-154,sv8pt5-154,610509,singles
2026-08-23T17:19:56+02:00,503,sui,sui,PRE 155,155,805549,131,180,PRE,Pokémon,pokemon,212,https://images.tcggo.com/tcggo/storage/21414/prismatic-evolutions-logo.png,Prismatic Evolutions,EUR,3670.24,EUR,4269.05,2025-01-17,1,Scarlet & Violet,scarlet-violet,prismatic-evolutions,270,21548,https://images.tcggo.com/tcggo/storage/21570/espeon-ex-pre-155-prismatic-evolutions.png,https://www.tcggo.com/external/cm/21548,https://www.tcggo.com/external/tcgplayer/21548,Espeon ex,Espeon ex 155,266.5,199.93,193,EUR,,,225,,,,225,299,199.9,153.5,153.5,148,148,199.99,245,255,120,120,USD,424.88,5,,,147.52,4,196.92,5,,,249.99,3,417.28,5,,,248.48,2,1009.35,5,162.62,1,194.39,5,266.92,5,400.37,1,889.71,5,,,180.19,1,194.71,5,EUR,272.57,Special Illustration Rare,espeon-ex,Pokémon,https://www.tcggo.com/pokemon/prismatic-evolutions/espeon-ex-155,sv8pt5-155,610510,singles
2026-08-23T17:19:56+02:00,496,Cona Nitanda,cona-nitanda,PRE 156,156,805550,131,180,PRE,Pokémon,pokemon,212,https://images.tcggo.com/tcggo/storage/21414/prismatic-evolutions-logo.png,Prismatic Evolutions,EUR,3670.24,EUR,4269.05,2025-01-17,1,Scarlet & Violet,scarlet-violet,prismatic-evolutions,270,21549,https://images.tcggo.com/tcggo/storage/21571/sylveon-ex-pre-156-prismatic-evolutions.png,https://www.tcggo.com/external/cm/21549,https://www.tcggo.com/external/tcgplayer/21549,Sylveon ex,Sylveon ex 156,368.71,309.72,197,EUR,,,412,,,2000,329,390,330,250,250,225.95,225.95,330,278.99,278.99,209.95,209.95,USD,549.83,5,,,217.58,3,302.2,5,2775.74,2,297,3,560.67,5,354.97,1,334.99,5,1270.19,5,373.99,2,378.1,5,382.78,5,,,1512.4,5,,,,,355.86,3,EUR,442.07,Special Illustration Rare,sylveon-ex,Pokémon,https://www.tcggo.com/pokemon/prismatic-evolutions/sylveon-ex-156,sv8pt5-156,610511,singles
2026-08-23T17:19:56+02:00,444,danciao,danciao,PRE 157,157,805551,131,180,PRE,Pokémon,pokemon,212,https://images.tcggo.com/tcggo/storage/21414/prismatic-evolutions-logo.png,Prismatic Evolutions,EUR,3670.24,EUR,4269.05,2025-01-17,1,Scarlet & Violet,scarlet-violet,prismatic-evolutions,220,21550,https://images.tcggo.com/tcggo/storage/21572/iron-valiant-ex-pre-157-prismatic-evolutions.png,https://www.tcggo.com/external/cm/21550,https://www.tcggo.com/external/tcgplayer/21550,Iron Valiant ex,Iron Valiant ex 157,44.91,38.63,158,EUR,,,,300,45,,,57,38.99,28.99,28.99,45,45,38.99,54.99,54.99,23,23,USD,83.23,5,,,,,32.47,3,,,,,45.6,5,,,15.78,1,204.62,5,26.93,2,31.21,3,35.06,5,,,177.92,5,,,,,,,EUR,39.64,Special Illustration Rare,iron-valiant-ex,Pokémon,https://www.tcggo.com/pokemon/prismatic-evolutions/iron-valiant-ex-157,sv8pt5-157,610512,singles
2026-08-23T17:19:56+02:00,374,OKUBO,okubo,PRE 158,158,805552,131,180,PRE,Pokémon,pokemon,212,https://images.tcggo.com/tcggo/storage/21414/prismatic-evolutions-logo.png,Prismatic Evolutions,EUR,3670.24,EUR,4269.05,2025-01-17,1,Scarlet & Violet,scarlet-violet,prismatic-evolutions,220,21551,https://images.tcggo.com/tcggo/storage/21573/iron-crown-ex-pre-158-prismatic-evolutions.png,https://www.tcggo.com/external/cm/21551,https://www.tcggo.com/external/tcgplayer/21551,Iron Crown ex,Iron Crown ex 158,37.3,31.82,191,EUR,,,,,,185,,75,29.99,28.99,29.85,28,28,29.99,36.11,49.9,16.99,16.99,USD,74.96,5,,,,,,,1174.95,1,,,49.82,5,,,29.55,2,106.76,5,,,19.43,5,24.37,5,,,115.66,5,,,,,25.01,4,EUR,30.72,Special Illustration Rare,iron-crown-ex,Pokémon,https://www.tcggo.com/pokemon/prismatic-evolutions/iron-crown-ex-158,sv8pt5-158,610513,singles
2026-08-23T17:19:56+02:00,431,Tetsu Kayama,tetsu-kayama,PRE 159,159,805553,131,180,PRE,Pokémon,pokemon,212,https://images.tcggo.com/tcggo/storage/21414/prismatic-evolutions-logo.png,Prismatic Evolutions,EUR,3670.24,EUR,4269.05,2025-01-17,1,Scarlet & Violet,scarlet-violet,prismatic-evolutions,220,21552,https://images.tcggo.com/tcggo/storage/21574/sandy-shocks-ex-pre-159-prismatic-evolutions.png,https://www.tcggo.com/external/cm/21552,https://www.tcggo.com/external/tcgplayer/21552,Sandy Shocks ex,Sandy Shocks ex 159,28.7,27.65,159,EUR,,,100,,,134,,75,23.5,27.9,28,26,26,23.5,30,30,20,20,USD,49.88,5,,,,,28.37,2,,,25,1,40.04,4,,,22.24,1,87.84,5,10.23,1,19.46,5,31.13,5,,,75.62,5,,,,,,,EUR,21.8,Special Illustration Rare,sandy-shocks-ex,Pokémon,https://www.tcggo.com/pokemon/prismatic-evolutions/sandy-shocks-ex-159,sv8pt5-159,610514,singles
2026-08-23T17:19:56+02:00,465,Yukihiro Tada,yukihiro-tada,PRE 160,160,805554,131,180,PRE,Pokémon,pokemon,212,https://images.tcggo.com/tcggo/storage/21414/prismatic-evolutions-logo.png,Prismatic Evolutions,EUR,3670.24,EUR,4269.05,2025-01-17,1,Scarlet & Violet,scarlet-violet,prismatic-evolutions,210,21553,https://images.tcggo.com/tcggo/storage/21575/cornerstone-mask-ogerpon-ex-pre-160-prismatic-evolutions.png,https://www.tcggo.com/external/cm/21553,https://www.tcggo.com/external/tcgplayer/21553,Cornerstone Mask Ogerpon ex,Cornerstone Mask Ogerpon ex 160,16.32,15.94,237,EUR,,,,30,,,30,50,14.5,12.5,12.5,14,14,14.5,20,20,10,10,USD,42.06,2,,,,,,,,,35.68,1,29.76,2,,,15.99,2,84.75,5,15,1,10.79,3,26.67,5,,,49.06,1,,,,,22.3,3,EUR,11.15,Special Illustration Rare,cornerstone-mask-ogerpon-ex,Pokémon,https://www.tcggo.com/pokemon/prismatic-evolutions/cornerstone-mask-ogerpon-ex-160,sv8pt5-160,610515,singles
2026-08-23T17:19:56+02:00,765,YASHIRO Nanaco,yashiro-nanaco,PRE 161,161,805555,131,180,PRE,Pokémon,pokemon,212,https://images.tcggo.com/tcggo/storage/21414/prismatic-evolutions-logo.png,Prismatic Evolutions,EUR,3670.24,EUR,4269.05,2025-01-17,1,Scarlet & Violet,scarlet-violet,prismatic-evolutions,280,21554,https://images.tcggo.com/tcggo/storage/21576/umbreon-ex-pre-161-prismatic-evolutions.png,https://www.tcggo.com/external/cm/21554,https://www.tcggo.com/external/tcgplayer/21554,Umbreon ex,Umbreon ex 161,1190.26,1082.91,237,EUR,,6950,,1800,,3500,,2500,1180,749.99,749.99,730,730,1180,880,880,879.99,879.99,USD,2450,5,995.63,1,839.25,3,1085.34,5,7500,5,1430.92,5,2241.93,5,,,1344.8,5,5233.25,5,1116.43,2,1084.03,5,1390.55,5,,,4635.17,5,,,803.68,1,1214.86,5,EUR,1241.32,Special Illustration Rare,umbreon-ex,Pokémon,https://www.tcggo.com/pokemon/prismatic-evolutions/umbreon-ex-161,sv8pt5-161,610516,singles
2026-08-23T17:19:56+02:00,421,Shinji Kanda,shinji-kanda,PRE 162,162,805556,131,180,PRE,Pokémon,pokemon,212,https://images.tcggo.com/tcggo/storage/21414/prismatic-evolutions-logo.png,Prismatic Evolutions,EUR,3670.24,EUR,4269.05,2025-01-17,1,Scarlet & Violet,scarlet-violet,prismatic-evolutions,230,21555,https://images.tcggo.com/tcggo/storage/21577/roaring-moon-ex-pre-162-prismatic-evolutions.png,https://www.tcggo.com/external/cm/21555,https://www.tcggo.com/external/tcgplayer/21555,Roaring Moon ex,Roaring Moon ex 162,156.97,141.8,154,EUR,,649,179,,,975,,169,139.99,100,100,92.69,92.69,139.99,200,200,97.9,97.9,USD,310.58,5,,,,,134.92,5,1169.37,2,141.5,1,260.59,5,99.1,1,137.74,3,557.67,5,120.62,1,116.52,5,140.72,5,,,595.63,5,,,,,163.95,5,EUR,144.88,Special Illustration Rare,roaring-moon-ex,Pokémon,https://www.tcggo.com/pokemon/prismatic-evolutions/roaring-moon-ex-162,sv8pt5-162,610517,singles
2026-08-23T17:19:56+02:00,389,osare,osare,PRE 163,163,805557,131,180,PRE,Pokémon,pokemon,212,https://images.tcggo.com/tcggo/storage/21414/prismatic-evolutions-logo.png,Prismatic Evolutions,EUR,3670.24,EUR,4269.05,2025-01-17,1,Scarlet & Violet,scarlet-violet,prismatic-evolutions,190,21556,https://images.tcggo.com/tcggo/storage/21578/pecharunt-ex-pre-163-prismatic-evolutions.png,https://www.tcggo.com/external/cm/21556,https://www.tcggo.com/external/tcgplayer/21556,Pecharunt ex,Pecharunt ex 163,37.17,28.83,144,EUR,,,,,,,,59,29.9,20,20,50,50,29.95,39.5,39.5,18,18,USD,61.25,4,,,,,20.97,1,,,,,31,3,,,,,119.72,5,18.23,1,13.37,3,31.27,5,,,99.99,1,,,,,,,EUR,25.44,Special Illustration Rare,pecharunt-ex,Pokémon,https://www.tcggo.com/pokemon/prismatic-evolutions/pecharunt-ex-163,sv8pt5-163,610518,singles
2026-08-23T17:19:56+02:00,437,Shigenori Negishi,shigenori-negishi,PRE 164,164,805558,131,180,PRE,Pokémon,pokemon,212,https://images.tcggo.com/tcggo/storage/21414/prismatic-evolutions-logo.png,Prismatic Evolutions,EUR,3670.24,EUR,4269.05,2025-01-17,1,Scarlet & Violet,scarlet-violet,prismatic-evolutions,260,21557,https://images.tcggo.com/tcggo/storage/21579/gholdengo-ex-pre-164-prismatic-evolutions.png,https://www.tcggo.com/external/cm/21557,https://www.tcggo.com/external/tcgplayer/21557,Gholdengo ex,Gholdengo ex 164,41.33,49.3,207,EUR,,,,,,190,,47,39,27,27,45,45,40,32,32,21.9,21.9,USD,84.35,5,,,,,44.5,5,,,,,130.93,4,,,,,182.87,5,,,34.09,5,47,5,,,133.99,5,,,,,42.61,4,EUR,43.46,Special Illustration Rare,gholdengo-ex,Pokémon,https://www.tcggo.com/pokemon/prismatic-evolutions/gholdengo-ex-164,sv8pt5-164,610519,singles
2026-08-23T17:19:56+02:00,386,Jerky,jerky,PRE 165,165,805559,131,180,PRE,Pokémon,pokemon,212,https://images.tcggo.com/tcggo/storage/21414/prismatic-evolutions-logo.png,Prismatic Evolutions,EUR,3670.24,EUR,4269.05,2025-01-17,1,Scarlet & Violet,scarlet-violet,prismatic-evolutions,320,21558,https://images.tcggo.com/tcggo/storage/21580/dragapult-ex-pre-165-prismatic-evolutions.png,https://www.tcggo.com/external/cm/21558,https://www.tcggo.com/external/tcgplayer/21558,Dragapult ex,Dragapult ex 165,100.63,94.01,127,EUR,,,130,,,300,134,119,100,89,89,199.9,199.9,100,75,75,61,61,USD,128.07,5,,,,,,,,,100,1,134.57,5,,,66.87,2,224.3,5,,,80.55,5,112.15,5,,,178.33,5,,,,,79.99,3,EUR,92.37,Special Illustration Rare,dragapult-ex,Pokémon,https://www.tcggo.com/pokemon/prismatic-evolutions/dragapult-ex-165,sv8pt5-165,610520,singles
2026-08-23T17:19:56+02:00,419,Uninori,uninori,PRE 166,166,805560,131,180,PRE,Pokémon,pokemon,212,https://images.tcggo.com/tcggo/storage/21414/prismatic-evolutions-logo.png,Prismatic Evolutions,EUR,3670.24,EUR,4269.05,2025-01-17,1,Scarlet & Violet,scarlet-violet,prismatic-evolutions,240,21559,https://images.tcggo.com/tcggo/storage/21581/raging-bolt-ex-pre-166-prismatic-evolutions.png,https://www.tcggo.com/external/cm/21559,https://www.tcggo.com/external/tcgplayer/21559,Raging Bolt ex,Raging Bolt ex 166,80.25,70.43,192,EUR,,,85,,,249,115,69,55,49,49,50,50,55,75,75,35.99,35.99,USD,94.97,5,,,,,,,,,67.38,2,75,5,,,53.38,1,190.63,5,,,46.49,5,61.39,5,,,168.21,5,,,,,67.19,2,EUR,59.22,Special Illustration Rare,raging-bolt-ex,Pokémon,https://www.tcggo.com/pokemon/prismatic-evolutions/raging-bolt-ex-166,sv8pt5-166,610521,singles
2026-08-23T17:19:56+02:00,767,tono,tono,PRE 167,167,805561,131,180,PRE,Pokémon,pokemon,212,https://images.tcggo.com/tcggo/storage/21414/prismatic-evolutions-logo.png,Prismatic Evolutions,EUR,3670.24,EUR,4269.05,2025-01-17,1,Scarlet & Violet,scarlet-violet,prismatic-evolutions,200,21560,https://images.tcggo.com/tcggo/storage/21582/eevee-ex-pre-167-prismatic-evolutions.png,https://www.tcggo.com/external/cm/21560,https://www.tcggo.com/external/tcgplayer/21560,Eevee ex,Eevee ex 167,141.78,140.37,169,EUR,,,,,,210,,214,144.9,118,134.99,87.99,87.99,150,148,148,68,68,USD,225.2,5,,,124.58,1,106.01,5,1354.32,2,115,3,281.71,5,,,111.88,5,424.76,5,,,146.13,5,132.04,5,,,326.46,5,,,,,146.72,5,EUR,159.15,Special Illustration Rare,eevee-ex,Pokémon,https://www.tcggo.com/pokemon/prismatic-evolutions/eevee-ex-167,sv8pt5-167,610522,singles
2026-08-23T17:19:56+02:00,476,Yano Keiji,yano-keiji,PRE 168,168,805562,131,180,PRE,Pokémon,pokemon,212,https://images.tcggo.com/tcggo/storage/21414/prismatic-evolutions-logo.png,Prismatic Evolutions,EUR,3670.24,EUR,4269.05,2025-01-17,1,Scarlet & Violet,scarlet-violet,prismatic-evolutions,260,21561,https://images.tcggo.com/tcggo/storage/21583/bloodmoon-ursaluna-ex-pre-168-prismatic-evolutions.png,https://www.tcggo.com/external/cm/21561,https://www.tcggo.com/external/tcgplayer/21561,Bloodmoon Ursaluna ex,Bloodmoon Ursaluna ex 168,63.48,49.95,147,EUR,,,,,120,350,,88,55,36.99,36.99,46.5,46.5,55,60,60,40,40,USD,118.11,5,,,53.07,1,47.33,2,,,62.44,4,97.85,5,,,49.08,4,222.04,5,33,1,52,3,67.72,5,,,185.47,5,,,,,53.37,3,EUR,54.78,Special Illustration Rare,bloodmoon-ursaluna-ex,Pokémon,https://www.tcggo.com/pokemon/prismatic-evolutions/bloodmoon-ursaluna-ex-168,sv8pt5-168,610523,singles
2026-08-23T17:19:56+02:00,769,mashu,mashu,PRE 169,169,805563,131,180,PRE,Pokémon,pokemon,212,https://images.tcggo.com/tcggo/storage/21414/prismatic-evolutions-logo.png,Prismatic Evolutions,EUR,3670.24,EUR,4269.05,2025-01-17,1,Scarlet & Violet,scarlet-violet,prismatic-evolutions,230,21562,https://images.tcggo.com/tcggo/storage/21584/terapagos-ex-pre-169-prismatic-evolutions.png,https://www.tcggo.com/external/cm/21562,https://www.tcggo.com/external/tcgplayer/21562,Terapagos ex,Terapagos ex 169,38.01,31.69,191,EUR,,,,,,230,,39,28,25,25,34,34,29,50,50,16,16,USD,99.07,1,,,,,24.24,2,,,,,24.81,4,,,23.99,1,135.85,5,6.62,1,29.36,5,31.1,5,,,108.63,2,,,,,35,5,EUR,28.13,Special Illustration Rare,terapagos-ex,Pokémon,https://www.tcggo.com/pokemon/prismatic-evolutions/terapagos-ex-169,sv8pt5-169,610524,singles
2026-08-23T17:19:56+02:00,820,Tomowaka,tomowaka,PRE 170,170,805564,131,180,PRE,Pokémon,pokemon,212,https://images.tcggo.com/tcggo/storage/21414/prismatic-evolutions-logo.png,Prismatic Evolutions,EUR,3670.24,EUR,4269.05,2025-01-17,1,Scarlet & Violet,scarlet-violet,prismatic-evolutions,0,21563,https://images.tcggo.com/tcggo/storage/21585/amarys-pre-170-prismatic-evolutions.png,https://www.tcggo.com/external/cm/21563,https://www.tcggo.com/external/tcgplayer/21563,Amarys,Amarys 170,19.82,19.38,156,EUR,[],,,,,,,,14,17.35,17.35,17.7,17.7,14,22.99,22.99,12.9,12.9,USD,19.77,1,,,,,9.43,2,,,,,18.92,2,,,,,56.59,5,,,10.72,3,17.83,5,,,,,,,,,,,EUR,11.07,Special Illustration Rare,amarys,Trainer,https://www.tcggo.com/pokemon/prismatic-evolutions/amarys-170,sv8pt5-170,610525,singles
2026-08-23T17:19:56+02:00,820,Tomowaka,tomowaka,PRE 171,171,805565,131,180,PRE,Pokémon,pokemon,212,https://images.tcggo.com/tcggo/storage/21414/prismatic-evolutions-logo.png,Prismatic Evolutions,EUR,3670.24,EUR,4269.05,2025-01-17,1,Scarlet & Violet,scarlet-violet,prismatic-evolutions,0,21564,https://images.tcggo.com/tcggo/storage/21586/crispin-pre-171-prismatic-evolutions.png,https://www.tcggo.com/external/cm/21564,https://www.tcggo.com/external/tcgplayer/21564,Crispin,Crispin 171,27.85,25.63,120,EUR,[],,,,,,,,21,20,20,44.94,44.94,21,32,32,19.5,19.5,USD,26.93,2,,,,,22.77,1,,,20.19,2,34.09,3,,,,,69.93,5,,,7.07,1,18.32,5,,,50,1,,,,,25,1,EUR,25.55,Special Illustration Rare,crispin,Trainer,https://www.tcggo.com/pokemon/prismatic-evolutions/crispin-171,sv8pt5-171,610526,singles
2026-08-23T17:19:56+02:00,820,Tomowaka,tomowaka,PRE 172,172,805566,131,180,PRE,Pokémon,pokemon,212,https://images.tcggo.com/tcggo/storage/21414/prismatic-evolutions-logo.png,Prismatic Evolutions,EUR,3670.24,EUR,4269.05,2025-01-17,1,Scarlet & Violet,scarlet-violet,prismatic-evolutions,0,21565,https://images.tcggo.com/tcggo/storage/21587/drayton-pre-172-prismatic-evolutions.png,https://www.tcggo.com/external/cm/21565,https://www.tcggo.com/external/tcgplayer/21565,Drayton,Drayton 172,20.57,20.35,191,EUR,[],,,,,,,,18.5,17.43,17.43,18,18,18.5,24.99,24.99,7,7,USD,,,,,,,,,,,,,25,3,,,,,58.31,5,,,13.45,3,20.38,4,,,17.57,1,,,,,,,EUR,12.74,Special Illustration Rare,drayton,Trainer,https://www.tcggo.com/pokemon/prismatic-evolutions/drayton-172,sv8pt5-172,610527,singles
2026-08-23T17:19:56+02:00,407,Ligton,ligton,PRE 173,173,805567,131,180,PRE,Pokémon,pokemon,212,https://images.tcggo.com/tcggo/storage/21414/prismatic-evolutions-logo.png,Prismatic Evolutions,EUR,3670.24,EUR,4269.05,2025-01-17,1,Scarlet & Violet,scarlet-violet,prismatic-evolutions,0,21566,https://images.tcggo.com/tcggo/storage/21588/janines-secret-art-pre-173-prismatic-evolutions.png,https://www.tcggo.com/external/cm/21566,https://www.tcggo.com/external/tcgplayer/21566,Janine's Secret Art,Janine's Secret Art 173,29.2,28.67,141,EUR,,,,,,50,,39,29.95,20,20,30,30,29.95,29,29,14.99,14.99,USD,30.3,2,,,,,35.13,1,,,17.2,1,133.46,1,,,,,71.17,5,,,22.56,4,24.9,5,,,23.83,1,,,,,24.47,1,EUR,22.17,Special Illustration Rare,janines-secret-art,Trainer,https://www.tcggo.com/pokemon/prismatic-evolutions/janines-secret-art-173,sv8pt5-173,610528,singles
2026-08-23T17:19:56+02:00,780,Iori Suzuki,iori-suzuki,PRE 174,174,805568,131,180,PRE,Pokémon,pokemon,212,https://images.tcggo.com/tcggo/storage/21414/prismatic-evolutions-logo.png,Prismatic Evolutions,EUR,3670.24,EUR,4269.05,2025-01-17,1,Scarlet & Violet,scarlet-violet,prismatic-evolutions,0,21567,https://images.tcggo.com/tcggo/storage/21589/kieran-pre-174-prismatic-evolutions.png,https://www.tcggo.com/external/cm/21567,https://www.tcggo.com/external/tcgplayer/21567,Kieran,Kieran 174,28.39,29.78,169,EUR,,,,,,55,34,40,22,22,22,,,22,40,40,12,12,USD,78.54,2,,,,,22.74,1,,,,,31.05,3,,,,,71.36,5,,,2.04,1,21.41,5,,,44.6,3,,,,,20.15,2,EUR,16.32,Special Illustration Rare,kieran,Trainer,https://www.tcggo.com/pokemon/prismatic-evolutions/kieran-174,sv8pt5-174,610529,singles
2026-08-23T17:19:56+02:00,820,Tomowaka,tomowaka,PRE 175,175,805569,131,180,PRE,Pokémon,pokemon,212,https://images.tcggo.com/tcggo/storage/21414/prismatic-evolutions-logo.png,Prismatic Evolutions,EUR,3670.24,EUR,4269.05,2025-01-17,1,Scarlet & Violet,scarlet-violet,prismatic-evolutions,0,21568,https://images.tcggo.com/tcggo/storage/21590/lacey-pre-175-prismatic-evolutions.png,https://www.tcggo.com/external/cm/21568,https://www.tcggo.com/external/tcgplayer/21568,Lacey,Lacey 175,27.84,29.38,178,EUR,,,,,,200,,60,24.6,21,21,25,25,24.6,29,29,15,15,USD,36.42,4,,,,,,,,,,,35.39,3,,,,,74.76,5,,,,,24.67,5,,,79.22,2,,,,,,,EUR,22.28,Special Illustration Rare,lacey,Trainer,https://www.tcggo.com/pokemon/prismatic-evolutions/lacey-175,sv8pt5-175,610530,singles
2026-08-23T17:19:56+02:00,380,5ban Graphics,5ban-graphics,PRE 176,176,805570,131,180,PRE,Pokémon,pokemon,212,https://images.tcggo.com/tcggo/storage/21414/prismatic-evolutions-logo.png,Prismatic Evolutions,EUR,3670.24,EUR,4269.05,2025-01-17,1,Scarlet & Violet,scarlet-violet,prismatic-evolutions,220,21569,https://images.tcggo.com/tcggo/storage/21591/iron-leaves-ex-pre-176-prismatic-evolutions.png,https://www.tcggo.com/external/cm/21569,https://www.tcggo.com/external/tcgplayer/21569,Iron Leaves ex,Iron Leaves ex 176,6.12,6.42,384,EUR,[],,,,,,,,2,4.99,4.99,6.5,6.5,2,6.4,6.4,2.49,2.49,USD,25.65,1,,,,,15.21,1,,,,,35.9,3,,,,,60.32,5,12.95,2,14.43,5,16.01,5,,,,,,,,,5.59,1,EUR,6.24,Hyper Rare,iron-leaves-ex,Pokémon,https://www.tcggo.com/pokemon/prismatic-evolutions/iron-leaves-ex-176,sv8pt5-176,610531,singles
2026-08-23T17:19:56+02:00,380,5ban Graphics,5ban-graphics,PRE 177,177,805571,131,180,PRE,Pokémon,pokemon,212,https://images.tcggo.com/tcggo/storage/21414/prismatic-evolutions-logo.png,Prismatic Evolutions,EUR,3670.24,EUR,4269.05,2025-01-17,1,Scarlet & Violet,scarlet-violet,prismatic-evolutions,210,21570,https://images.tcggo.com/tcggo/storage/21592/teal-mask-ogerpon-ex-pre-177-prismatic-evolutions.png,https://www.tcggo.com/external/cm/21570,https://www.tcggo.com/external/tcgplayer/21570,Teal Mask Ogerpon ex,Teal Mask Ogerpon ex 177,7.89,7.6,285,EUR,,,,,,90,,39,7,7.4,7.4,9.95,9.95,7,8,8,4,4,USD,50,1,,,,,,,,,,,37.7,4,,,12.38,1,88.46,5,6.32,1,10.71,5,17.69,5,,,69.92,2,,,,,11.52,1,EUR,7.15,Hyper Rare,teal-mask-ogerpon-ex,Pokémon,https://www.tcggo.com/pokemon/prismatic-evolutions/teal-mask-ogerpon-ex-177,sv8pt5-177,610532,singles
2026-08-23T17:19:56+02:00,490,takuyoa,takuyoa,PRE 178,178,805572,131,180,PRE,Pokémon,pokemon,212,https://images.tcggo.com/tcggo/storage/21414/prismatic-evolutions-logo.png,Prismatic Evolutions,EUR,3670.24,EUR,4269.05,2025-01-17,1,Scarlet & Violet,scarlet-violet,prismatic-evolutions,220,21571,https://images.tcggo.com/tcggo/storage/21593/walking-wake-ex-pre-178-prismatic-evolutions.png,https://www.tcggo.com/external/cm/21571,https://www.tcggo.com/external/tcgplayer/21571,Walking Wake ex,Walking Wake ex 178,6.34,7.49,327,EUR,,,,44,,,,30,5,4.5,4.5,5.95,5.95,5,8,8,2.5,2.5,,,,,,,,,,,,,,,,,,,,,,,,,,,,,,,,,,,,,,EUR,5.44,Hyper Rare,walking-wake-ex,Pokémon,https://www.tcggo.com/pokemon/prismatic-evolutions/walking-wake-ex-178,sv8pt5-178,610533,singles
2026-08-23T17:19:56+02:00,371,aky CG Works,aky-cg-works,PRE 179,179,805573,131,180,PRE,Pokémon,pokemon,212,https://images.tcggo.com/tcggo/storage/21414/prismatic-evolutions-logo.png,Prismatic Evolutions,EUR,3670.24,EUR,4269.05,2025-01-17,1,Scarlet & Violet,scarlet-violet,prismatic-evolutions,200,21572,https://images.tcggo.com/tcggo/storage/21594/pikachu-ex-pre-179-prismatic-evolutions.png,https://www.tcggo.com/external/cm/21572,https://www.tcggo.com/external/tcgplayer/21572,Pikachu ex,Pikachu ex 179,58.65,61.16,253,EUR,,,129,900,,550,,114,59.58,48,48,39.99,39.99,59.99,65,65,31.89,31.89,USD,148.35,5,,,,,61.65,5,,,49,3,426.13,5,,,88.82,5,308.01,5,50,5,59.2,5,89.32,5,199.99,1,335.68,5,,,50,1,90.96,5,EUR,51.14,Hyper Rare,pikachu-ex,Pokémon,https://www.tcggo.com/pokemon/prismatic-evolutions/pikachu-ex-179,sv8pt5-179,610534,singles
2026-08-23T17:19:56+02:00,380,5ban Graphics,5ban-graphics,PRE 180,180,805574,131,180,PRE,Pokémon,pokemon,212,https://images.tcggo.com/tcggo/storage/21414/prismatic-evolutions-logo.png,Prismatic Evolutions,EUR,3670.24,EUR,4269.05,2025-01-17,1,Scarlet & Violet,scarlet-violet,prismatic-evolutions,230,21573,https://images.tcggo.com/tcggo/storage/21595/terapagos-ex-pre-180-prismatic-evolutions.png,https://www.tcggo.com/external/cm/21573,https://www.tcggo.com/external/tcgplayer/21573,Terapagos ex,Terapagos ex 180,9.27,8.84,382,EUR,,,,,,,,34,7.6,8,8,10,10,7.6,10,10,5,5,USD,57.42,5,,,15.96,1,17.38,2,,,,,34.79,5,,,7.81,1,98.12,5,8.56,1,15.8,5,23.32,5,,,80.33,3,,,,,15.37,4,EUR,9.53,Hyper Rare,terapagos-ex,Pokémon,https://www.tcggo.com/pokemon/prismatic-evolutions/terapagos-ex-180,sv8pt5-180,610535,singles
