captured_at,artist,artist.id,artist.name,artist.slug,card_code_number,card_number,cardmarket_id,episode.cards_printed_total,episode.cards_total,episode.code,episode.game.name,episode.game.slug,episode.id,episode.logo,episode.name,episode.prices.cardmarket.currency,episode.prices.cardmarket.total,episode.prices.tcgplayer.currency,episode.prices.tcgplayer.total,episode.released_at,episode.series.id,episode.series.name,episode.series.slug,episode.slug,hp,id,image,links.cardmarket,links.tcgplayer,name,name_numbered,prices.cardmarket.30d_average,prices.cardmarket.7d_average,prices.cardmarket.available_items,prices.cardmarket.currency,prices.cardmarket.graded,prices.cardmarket.graded.bgs.bgs10,prices.cardmarket.graded.bgs.bgs8,prices.cardmarket.graded.bgs.bgs9,prices.cardmarket.graded.cgc.cgc10,prices.cardmarket.graded.cgc.cgc9,prices.cardmarket.graded.psa.psa10,prices.cardmarket.graded.psa.psa8,prices.cardmarket.graded.psa.psa9,prices.cardmarket.lowest_near_mint,prices.cardmarket.lowest_near_mint_DE,prices.cardmarket.lowest_near_mint_DE_EU_only,prices.cardmarket.lowest_near_mint_ES,prices.cardmarket.lowest_near_mint_ES_EU_only,prices.cardmarket.lowest_near_mint_EU_only,prices.cardmarket.lowest_near_mint_FR,prices.cardmarket.lowest_near_mint_FR_EU_only,prices.cardmarket.lowest_near_mint_IT,prices.cardmarket.lowest_near_mint_IT_EU_only,prices.ebay.currency,prices.ebay.graded.ace.10.median_price,prices.ebay.graded.ace.10.sample_size,prices.ebay.graded.ace.7.median_price,prices.ebay.graded.ace.7.sample_size,prices.ebay.graded.ace.8.median_price,prices.ebay.graded.ace.8.sample_size,prices.ebay.graded.ace.9.median_price,prices.ebay.graded.ace.9.sample_size,prices.ebay.graded.bgs.10.median_price,prices.ebay.graded.bgs.10.sample_size,prices.ebay.graded.bgs.8.median_price,prices.ebay.graded.bgs.8.sample_size,prices.ebay.graded.bgs.9.median_price,prices.ebay.graded.bgs.9.sample_size,prices.ebay.graded.cgc.10.median_price,prices.ebay.graded.cgc.10.sample_size,prices.ebay.graded.cgc.8.median_price,prices.ebay.graded.cgc.8.sample_size,prices.ebay.graded.cgc.9.median_price,prices.ebay.graded.cgc.9.sample_size,prices.ebay.graded.psa.10.median_price,prices.ebay.graded.psa.10.sample_size,prices.ebay.graded.psa.7.median_price,prices.ebay.graded.psa.7.sample_size,prices.ebay.graded.psa.8.median_price,prices.ebay.graded.psa.8.sample_size,prices.ebay.graded.psa.9.median_price,prices.ebay.graded.psa.9.sample_size,prices.ebay.graded.sgc.10.median_price,prices.ebay.graded.sgc.10.sample_size,prices.ebay.graded.sgc.9.median_price,prices.ebay.graded.sgc.9.sample_size,prices.ebay.graded.tag.10.median_price,prices.ebay.graded.tag.10.sample_size,prices.ebay.graded.tag.7.median_price,prices.ebay.graded.tag.7.sample_size,prices.ebay.graded.tag.8.median_price,prices.ebay.graded.tag.8.sample_size,prices.ebay.graded.tag.9.median_price,prices.ebay.graded.tag.9.sample_size,prices.tcg_player.currency,prices.tcg_player.market_price,prices.tcg_player.mid_price,rarity,slug,supertype,tcggo_url,tcgid,tcgplayer_id,type
2026-08-23T17:19:56+02:00,,410,Shimaris Yukichi,shimaris-yukichi,JTG 1,1,817153,159,190,JTG,Pokémon,pokemon,220,https://images.tcggo.com/tcggo/storage/38753/jtg_logo.png,Journey Together,EUR,431.79,EUR,437.39,2025-03-28,1,Scarlet & Violet,scarlet-violet,journey-together,50,21877,https://images.tcggo.com/tcggo/storage/21903/caterpie-jtg-1-journey-together.png,https://www.tcggo.com/external/cm/21877,https://www.tcggo.com/external/tcgplayer/21877,Caterpie,Caterpie 1,0.03,0.04,12426,EUR,[],,,,,,,,,0.02,0.02,0.02,0.02,0.02,0.02,0.02,0.02,0.02,0.02,,,,,,,,,,,,,,,,,,,,,,,,,,,,,,,,,,,,,,,,,,EUR,0.21,0.09,Common,caterpie,Pokémon,https://www.tcggo.com/pokemon/journey-together/caterpie-1-7,sv9-1,623428,singles
2026-08-23T17:19:56+02:00,,374,OKUBO,okubo,JTG 2,2,817154,159,190,JTG,Pokémon,pokemon,220,https://images.tcggo.com/tcggo/storage/38753/jtg_logo.png,Journey Together,EUR,431.79,EUR,437.39,2025-03-28,1,Scarlet & Violet,scarlet-violet,journey-together,90,21878,https://images.tcggo.com/tcggo/storage/21904/metapod-jtg-2-journey-together.png,https://www.tcggo.com/external/cm/21878,https://www.tcggo.com/external/tcgplayer/21878,Metapod,Metapod 2,0.05,0.04,6314,EUR,[],,,,,,,,,0.03,0.02,0.02,0.02,0.02,0.02,0.02,0.02,0.02,0.02,,,,,,,,,,,,,,,,,,,,,,,,,,,,,,,,,,,,,,,,,,EUR,0.22,0.13,Common,metapod,Pokémon,https://www.tcggo.com/pokemon/journey-together/metapod-2-6,sv9-2,623429,singles
2026-08-23T17:19:56+02:00,,417,satoma,satoma,JTG 3,3,817155,159,190,JTG,Pokémon,pokemon,220,https://images.tcggo.com/tcggo/storage/38753/jtg_logo.png,Journey Together,EUR,431.79,EUR,437.39,2025-03-28,1,Scarlet & Violet,scarlet-violet,journey-together,120,21879,https://images.tcggo.com/tcggo/storage/21905/butterfree-jtg-3-journey-together.png,https://www.tcggo.com/external/cm/21879,https://www.tcggo.com/external/tcgplayer/21879,Butterfree,Butterfree 3,0.1,0.08,8637,EUR,[],,,,,,,,,0.02,0.02,0.02,0.02,0.02,0.02,0.02,0.02,0.02,0.02,,,,,,,,,,,,,,,,,,,,,,,,,,,,,,,,,,,,,,,,,,EUR,0.5,0.17,rare,butterfree,Pokémon,https://www.tcggo.com/pokemon/journey-together/butterfree-3-6,sv9-3,623430,singles
2026-08-23T17:19:56+02:00,,772,Ayako Ozaki,ayako-ozaki,JTG 4,4,817156,159,190,JTG,Pokémon,pokemon,220,https://images.tcggo.com/tcggo/storage/38753/jtg_logo.png,Journey Together,EUR,431.79,EUR,437.39,2025-03-28,1,Scarlet & Violet,scarlet-violet,journey-together,70,21880,https://images.tcggo.com/tcggo/storage/21906/paras-jtg-4-journey-together.png,https://www.tcggo.com/external/cm/21880,https://www.tcggo.com/external/tcgplayer/21880,Paras,Paras 4,0.04,0.04,12374,EUR,[],,,,,,,,,0.02,0.02,0.02,0.02,0.02,0.02,0.02,0.02,0.02,0.02,,,,,,,,,,,,,,,,,,,,,,,,,,,,,,,,,,,,,,,,,,EUR,0.21,0.09,Common,paras,Pokémon,https://www.tcggo.com/pokemon/journey-together/paras-4-3,sv9-4,623431,singles
2026-08-23T17:19:56+02:00,,431,Tetsu Kayama,tetsu-kayama,JTG 5,5,817157,159,190,JTG,Pokémon,pokemon,220,https://images.tcggo.com/tcggo/storage/38753/jtg_logo.png,Journey Together,EUR,431.79,EUR,437.39,2025-03-28,1,Scarlet & Violet,scarlet-violet,journey-together,120,21881,https://images.tcggo.com/tcggo/storage/21907/parasect-jtg-5-journey-together.png,https://www.tcggo.com/external/cm/21881,https://www.tcggo.com/external/tcgplayer/21881,Parasect,Parasect 5,0.04,0.05,6903,EUR,[],,,,,,,,,0.02,0.02,0.02,0.02,0.02,0.02,0.02,0.02,0.02,0.02,,,,,,,,,,,,,,,,,,,,,,,,,,,,,,,,,,,,,,,,,,EUR,0.21,0.13,Common,parasect,Pokémon,https://www.tcggo.com/pokemon/journey-together/parasect-5-2,sv9-5,623432,singles
2026-08-23T17:19:56+02:00,,440,Shibuzoh.,shibuzoh,JTG 6,6,817158,159,190,JTG,Pokémon,pokemon,220,https://images.tcggo.com/tcggo/storage/38753/jtg_logo.png,Journey Together,EUR,431.79,EUR,437.39,2025-03-28,1,Scarlet & Violet,scarlet-violet,journey-together,50,21882,https://images.tcggo.com/tcggo/storage/21908/petilil-jtg-6-journey-together.png,https://www.tcggo.com/external/cm/21882,https://www.tcggo.com/external/tcgplayer/21882,Petilil,Petilil 6,0.02,0.03,13353,EUR,[],,,,,,,,,0.02,0.02,0.02,0.02,0.02,0.02,0.02,0.02,0.02,0.02,,,,,,,,,,,,,,,,,,,,,,,,,,,,,,,,,,,,,,,,,,EUR,0.25,0.09,Common,petilil,Pokémon,https://www.tcggo.com/pokemon/journey-together/petilil-6,sv9-6,623433,singles
2026-08-23T17:19:56+02:00,,535,Jiro Sasumo,jiro-sasumo,JTG 7,7,817159,159,190,JTG,Pokémon,pokemon,220,https://images.tcggo.com/tcggo/storage/38753/jtg_logo.png,Journey Together,EUR,431.79,EUR,437.39,2025-03-28,1,Scarlet & Violet,scarlet-violet,journey-together,110,21883,https://images.tcggo.com/tcggo/storage/21909/lilligant-jtg-7-journey-together.png,https://www.tcggo.com/external/cm/21883,https://www.tcggo.com/external/tcgplayer/21883,Lilligant,Lilligant 7,0.06,0.06,6098,EUR,[],,,,,,,,,0.02,0.02,0.02,0.02,0.02,0.02,0.02,0.02,0.02,0.02,,,,,,,,,,,,,,,,,,,,,,,,,,,,,,,,,,,,,,,,,,EUR,0.28,0.13,Common,lilligant,Pokémon,https://www.tcggo.com/pokemon/journey-together/lilligant-7,sv9-7,623434,singles
2026-08-23T17:19:56+02:00,,422,Dsuke,dsuke,JTG 8,8,817160,159,190,JTG,Pokémon,pokemon,220,https://images.tcggo.com/tcggo/storage/38753/jtg_logo.png,Journey Together,EUR,431.79,EUR,437.39,2025-03-28,1,Scarlet & Violet,scarlet-violet,journey-together,110,21884,https://images.tcggo.com/tcggo/storage/21910/maractus-jtg-8-journey-together.png,https://www.tcggo.com/external/cm/21884,https://www.tcggo.com/external/tcgplayer/21884,Maractus,Maractus 8,0.04,0.03,13348,EUR,[],,,,,,,,,0.03,0.02,0.02,0.02,0.02,0.02,0.02,0.02,0.02,0.02,,,,,,,,,,,,,,,,,,,,,,,,,,,,,,,,,,,,,,,,,,EUR,0.22,0.13,Uncommon,maractus,Pokémon,https://www.tcggo.com/pokemon/journey-together/maractus-8,sv9-8,623435,singles
2026-08-23T17:19:56+02:00,,401,Yuka Morii,yuka-morii,JTG 9,9,817161,159,190,JTG,Pokémon,pokemon,220,https://images.tcggo.com/tcggo/storage/38753/jtg_logo.png,Journey Together,EUR,431.79,EUR,437.39,2025-03-28,1,Scarlet & Violet,scarlet-violet,journey-together,60,21885,https://images.tcggo.com/tcggo/storage/21911/karrablast-jtg-9-journey-together.png,https://www.tcggo.com/external/cm/21885,https://www.tcggo.com/external/tcgplayer/21885,Karrablast,Karrablast 9,0.03,0.03,13012,EUR,[],,,,,,,,,0.02,0.02,0.02,0.02,0.02,0.02,0.02,0.02,0.02,0.02,,,,,,,,,,,,,,,,,,,,,,,,,,,,,,,,,,,,,,,,,,EUR,0.21,0.1,Common,karrablast,Pokémon,https://www.tcggo.com/pokemon/journey-together/karrablast-9-1,sv9-9,623436,singles
2026-08-23T17:19:56+02:00,,370,Saboteri,saboteri,JTG 10,10,817162,159,190,JTG,Pokémon,pokemon,220,https://images.tcggo.com/tcggo/storage/38753/jtg_logo.png,Journey Together,EUR,431.79,EUR,437.39,2025-03-28,1,Scarlet & Violet,scarlet-violet,journey-together,50,21886,https://images.tcggo.com/tcggo/storage/21912/foongus-jtg-10-journey-together.png,https://www.tcggo.com/external/cm/21886,https://www.tcggo.com/external/tcgplayer/21886,Foongus,Foongus 10,0.03,0.02,13321,EUR,[],,,,,,,,,0.02,0.02,0.02,0.02,0.02,0.02,0.02,0.02,0.02,0.02,,,,,,,,,,,,,,,,,,,,,,,,,,,,,,,,,,,,,,,,,,EUR,0.23,0.09,Common,foongus,Pokémon,https://www.tcggo.com/pokemon/journey-together/foongus-10,sv9-10,623437,singles
2026-08-23T17:19:56+02:00,,384,PLANETA Mochizuki,planeta-mochizuki,JTG 11,11,817163,159,190,JTG,Pokémon,pokemon,220,https://images.tcggo.com/tcggo/storage/38753/jtg_logo.png,Journey Together,EUR,431.79,EUR,437.39,2025-03-28,1,Scarlet & Violet,scarlet-violet,journey-together,260,21887,https://images.tcggo.com/tcggo/storage/21913/amoonguss-ex-jtg-11-journey-together.png,https://www.tcggo.com/external/cm/21887,https://www.tcggo.com/external/tcgplayer/21887,Amoonguss ex,Amoonguss ex 11,0.48,0.5,2657,EUR,[],,,,,,,,,0.02,0.1,0.1,0.1,0.1,0.02,0.2,0.3,0.02,0.02,,,,,,,,,,,,,,,,,,,,,,,,,,,,,,,,,,,,,,,,,,EUR,0.49,0.66,Double Rare,amoonguss-ex,Pokémon,https://www.tcggo.com/pokemon/journey-together/amoonguss-ex-11,sv9-11,623438,singles
2026-08-23T17:19:56+02:00,,364,Toshinao Aoki,toshinao-aoki,JTG 12,12,817164,159,190,JTG,Pokémon,pokemon,220,https://images.tcggo.com/tcggo/storage/38753/jtg_logo.png,Journey Together,EUR,431.79,EUR,437.39,2025-03-28,1,Scarlet & Violet,scarlet-violet,journey-together,70,21888,https://images.tcggo.com/tcggo/storage/21914/shelmet-jtg-12-journey-together.png,https://www.tcggo.com/external/cm/21888,https://www.tcggo.com/external/tcgplayer/21888,Shelmet,Shelmet 12,0.02,0.02,13856,EUR,[],,,,,,,,,0.02,0.02,0.02,0.02,0.02,0.02,0.02,0.02,0.02,0.02,,,,,,,,,,,,,,,,,,,,,,,,,,,,,,,,,,,,,,,,,,EUR,0.21,0.09,Common,shelmet,Pokémon,https://www.tcggo.com/pokemon/journey-together/shelmet-12,sv9-12,623439,singles
2026-08-23T17:19:56+02:00,,439,Kazumasa Yasukuni,kazumasa-yasukuni,JTG 13,13,817165,159,190,JTG,Pokémon,pokemon,220,https://images.tcggo.com/tcggo/storage/38753/jtg_logo.png,Journey Together,EUR,431.79,EUR,437.39,2025-03-28,1,Scarlet & Violet,scarlet-violet,journey-together,100,21889,https://images.tcggo.com/tcggo/storage/21915/accelgor-jtg-13-journey-together.png,https://www.tcggo.com/external/cm/21889,https://www.tcggo.com/external/tcgplayer/21889,Accelgor,Accelgor 13,0.02,0.03,15157,EUR,[],,,,,,,,,0.02,0.02,0.02,0.02,0.02,0.02,0.02,0.02,0.02,0.02,,,,,,,,,,,,,,,,,,,,,,,,,,,,,,,,,,,,,,,,,,EUR,0.21,0.09,Uncommon,accelgor,Pokémon,https://www.tcggo.com/pokemon/journey-together/accelgor-13,sv9-13,623440,singles
2026-08-23T17:19:56+02:00,,382,KEIICHIRO ITO,keiichiro-ito,JTG 14,14,817166,159,190,JTG,Pokémon,pokemon,220,https://images.tcggo.com/tcggo/storage/38753/jtg_logo.png,Journey Together,EUR,431.79,EUR,437.39,2025-03-28,1,Scarlet & Violet,scarlet-violet,journey-together,90,21890,https://images.tcggo.com/tcggo/storage/21916/durant-jtg-14-journey-together.png,https://www.tcggo.com/external/cm/21890,https://www.tcggo.com/external/tcgplayer/21890,Durant,Durant 14,0.03,0.04,7186,EUR,[],,,,,,,,,0.02,0.02,0.02,0.02,0.02,0.02,0.02,0.02,0.02,0.02,,,,,,,,,,,,,,,,,,,,,,,,,,,,,,,,,,,,,,,,,,EUR,0.24,0.1,Common,durant,Pokémon,https://www.tcggo.com/pokemon/journey-together/durant-14,sv9-14,623441,singles
2026-08-23T17:19:56+02:00,,363,Anesaki Dynamic,anesaki-dynamic,JTG 15,15,817167,159,190,JTG,Pokémon,pokemon,220,https://images.tcggo.com/tcggo/storage/38753/jtg_logo.png,Journey Together,EUR,431.79,EUR,437.39,2025-03-28,1,Scarlet & Violet,scarlet-violet,journey-together,120,21891,https://images.tcggo.com/tcggo/storage/21917/virizion-jtg-15-journey-together.png,https://www.tcggo.com/external/cm/21891,https://www.tcggo.com/external/tcgplayer/21891,Virizion,Virizion 15,0.03,0.03,12348,EUR,[],,,,,,,,,0.02,0.02,0.02,0.02,0.02,0.02,0.02,0.02,0.02,0.02,,,,,,,,,,,,,,,,,,,,,,,,,,,,,,,,,,,,,,,,,,EUR,0.3,0.13,Uncommon,virizion,Pokémon,https://www.tcggo.com/pokemon/journey-together/virizion-15-2,sv9-15,623442,singles
2026-08-23T17:19:56+02:00,,416,Mina Nakai,mina-nakai,JTG 16,16,817168,159,190,JTG,Pokémon,pokemon,220,https://images.tcggo.com/tcggo/storage/38753/jtg_logo.png,Journey Together,EUR,431.79,EUR,437.39,2025-03-28,1,Scarlet & Violet,scarlet-violet,journey-together,60,21892,https://images.tcggo.com/tcggo/storage/21918/sprigatito-jtg-16-journey-together.png,https://www.tcggo.com/external/cm/21892,https://www.tcggo.com/external/tcgplayer/21892,Sprigatito,Sprigatito 16,0.03,0.03,12444,EUR,[],,,,,,,,,0.03,0.02,0.02,0.02,0.02,0.02,0.02,0.02,0.02,0.02,,,,,,,,,,,,,,,,,,,,,,,,,,,,,,,,,,,,,,,,,,EUR,0.24,0.11,Common,sprigatito,Pokémon,https://www.tcggo.com/pokemon/journey-together/sprigatito-16,sv9-16,623443,singles
2026-08-23T17:19:56+02:00,,771,Felicia Chen,felicia-chen,JTG 17,17,817169,159,190,JTG,Pokémon,pokemon,220,https://images.tcggo.com/tcggo/storage/38753/jtg_logo.png,Journey Together,EUR,431.79,EUR,437.39,2025-03-28,1,Scarlet & Violet,scarlet-violet,journey-together,90,21893,https://images.tcggo.com/tcggo/storage/21919/floragato-jtg-17-journey-together.png,https://www.tcggo.com/external/cm/21893,https://www.tcggo.com/external/tcgplayer/21893,Floragato,Floragato 17,0.04,0.05,6621,EUR,[],,,,,,,,,0.02,0.02,0.02,0.02,0.02,0.02,0.02,0.02,0.02,0.02,,,,,,,,,,,,,,,,,,,,,,,,,,,,,,,,,,,,,,,,,,EUR,0.24,0.13,Common,floragato,Pokémon,https://www.tcggo.com/pokemon/journey-together/floragato-17,sv9-17,623444,singles
2026-08-23T17:19:56+02:00,,414,kodama,kodama,JTG 18,18,817170,159,190,JTG,Pokémon,pokemon,220,https://images.tcggo.com/tcggo/storage/38753/jtg_logo.png,Journey Together,EUR,431.79,EUR,437.39,2025-03-28,1,Scarlet & Violet,scarlet-violet,journey-together,160,21894,https://images.tcggo.com/tcggo/storage/21920/meowscarada-jtg-18-journey-together.png,https://www.tcggo.com/external/cm/21894,https://www.tcggo.com/external/tcgplayer/21894,Meowscarada,Meowscarada 18,0.07,0.07,9274,EUR,[],,,,,,,,,0.03,0.02,0.02,0.02,0.02,0.02,0.02,0.02,0.02,0.02,,,,,,,,,,,,,,,,,,,,,,,,,,,,,,,,,,,,,,,,,,EUR,0.38,0.17,rare,meowscarada,Pokémon,https://www.tcggo.com/pokemon/journey-together/meowscarada-18,sv9-18,623445,singles
2026-08-23T17:19:56+02:00,,772,Ayako Ozaki,ayako-ozaki,JTG 19,19,817171,159,190,JTG,Pokémon,pokemon,220,https://images.tcggo.com/tcggo/storage/38753/jtg_logo.png,Journey Together,EUR,431.79,EUR,437.39,2025-03-28,1,Scarlet & Violet,scarlet-violet,journey-together,50,21895,https://images.tcggo.com/tcggo/storage/21921/nymble-jtg-19-journey-together.png,https://www.tcggo.com/external/cm/21895,https://www.tcggo.com/external/tcgplayer/21895,Nymble,Nymble 19,0.03,0.03,13384,EUR,[],,,,,,,,,0.02,0.02,0.02,0.02,0.02,0.02,0.02,0.02,0.02,0.02,,,,,,,,,,,,,,,,,,,,,,,,,,,,,,,,,,,,,,,,,,EUR,0.19,0.09,Common,nymble,Pokémon,https://www.tcggo.com/pokemon/journey-together/nymble-19-1,sv9-19,623446,singles
2026-08-23T17:19:56+02:00,,362,Naoyo Kimura,naoyo-kimura,JTG 20,20,817172,159,190,JTG,Pokémon,pokemon,220,https://images.tcggo.com/tcggo/storage/38753/jtg_logo.png,Journey Together,EUR,431.79,EUR,437.39,2025-03-28,1,Scarlet & Violet,scarlet-violet,journey-together,80,21896,https://images.tcggo.com/tcggo/storage/21922/magmar-jtg-20-journey-together.png,https://www.tcggo.com/external/cm/21896,https://www.tcggo.com/external/tcgplayer/21896,Magmar,Magmar 20,0.03,0.04,12600,EUR,[],,,,,,,,,0.02,0.02,0.02,0.02,0.02,0.02,0.02,0.02,0.02,0.02,,,,,,,,,,,,,,,,,,,,,,,,,,,,,,,,,,,,,,,,,,EUR,0.21,0.09,Common,magmar,Pokémon,https://www.tcggo.com/pokemon/journey-together/magmar-20-2,sv9-20,623447,singles
2026-08-23T17:19:56+02:00,,471,Tonji Matsuno,tonji-matsuno,JTG 21,21,817173,159,190,JTG,Pokémon,pokemon,220,https://images.tcggo.com/tcggo/storage/38753/jtg_logo.png,Journey Together,EUR,431.79,EUR,437.39,2025-03-28,1,Scarlet & Violet,scarlet-violet,journey-together,130,21897,https://images.tcggo.com/tcggo/storage/21923/magmortar-jtg-21-journey-together.png,https://www.tcggo.com/external/cm/21897,https://www.tcggo.com/external/tcgplayer/21897,Magmortar,Magmortar 21,0.08,0.08,7816,EUR,[],,,,,,,,,0.03,0.02,0.02,0.02,0.02,0.02,0.02,0.02,0.02,0.02,,,,,,,,,,,,,,,,,,,,,,,,,,,,,,,,,,,,,,,,,,EUR,0.34,0.15,rare,magmortar,Pokémon,https://www.tcggo.com/pokemon/journey-together/magmortar-21-1,sv9-21,623448,singles
2026-08-23T17:19:56+02:00,,394,OKACHEKE,okacheke,JTG 22,22,817174,159,190,JTG,Pokémon,pokemon,220,https://images.tcggo.com/tcggo/storage/38753/jtg_logo.png,Journey Together,EUR,431.79,EUR,437.39,2025-03-28,1,Scarlet & Violet,scarlet-violet,journey-together,60,21898,https://images.tcggo.com/tcggo/storage/21924/torchic-jtg-22-journey-together.png,https://www.tcggo.com/external/cm/21898,https://www.tcggo.com/external/tcgplayer/21898,Torchic,Torchic 22,0.04,0.04,11482,EUR,[],,,,,,,,,0.03,0.02,0.02,0.02,0.02,0.02,0.02,0.02,0.02,0.02,,,,,,,,,,,,,,,,,,,,,,,,,,,,,,,,,,,,,,,,,,EUR,0.32,0.12,Common,torchic,Pokémon,https://www.tcggo.com/pokemon/journey-together/torchic-22-1,sv9-22,623449,singles
2026-08-23T17:19:56+02:00,,469,Fujimoto Gold,fujimoto-gold,JTG 23,23,817175,159,190,JTG,Pokémon,pokemon,220,https://images.tcggo.com/tcggo/storage/38753/jtg_logo.png,Journey Together,EUR,431.79,EUR,437.39,2025-03-28,1,Scarlet & Violet,scarlet-violet,journey-together,90,21899,https://images.tcggo.com/tcggo/storage/21925/combusken-jtg-23-journey-together.png,https://www.tcggo.com/external/cm/21899,https://www.tcggo.com/external/tcgplayer/21899,Combusken,Combusken 23,0.03,0.03,13968,EUR,[],,,,,,,,,0.02,0.02,0.02,0.02,0.02,0.02,0.02,0.02,0.02,0.02,,,,,,,,,,,,,,,,,,,,,,,,,,,,,,,,,,,,,,,,,,EUR,0.2,0.09,Uncommon,combusken,Pokémon,https://www.tcggo.com/pokemon/journey-together/combusken-23-1,sv9-23,623450,singles
2026-08-23T17:19:56+02:00,,490,takuyoa,takuyoa,JTG 24,24,817176,159,190,JTG,Pokémon,pokemon,220,https://images.tcggo.com/tcggo/storage/38753/jtg_logo.png,Journey Together,EUR,431.79,EUR,437.39,2025-03-28,1,Scarlet & Violet,scarlet-violet,journey-together,320,21900,https://images.tcggo.com/tcggo/storage/21926/blaziken-ex-jtg-24-journey-together.png,https://www.tcggo.com/external/cm/21900,https://www.tcggo.com/external/tcgplayer/21900,Blaziken ex,Blaziken ex 24,2.16,2.37,630,EUR,[],,,,,,,,,1,0.7,0.7,4.49,4.49,1,1.75,1.75,2.4,2.4,,,,,,,,,,,,,,,,,,,,,,,,,,,,,,,,,,,,,,,,,,EUR,1.24,1.15,Double Rare,blaziken-ex,Pokémon,https://www.tcggo.com/pokemon/journey-together/blaziken-ex-24,sv9-24,623451,singles
2026-08-23T17:19:56+02:00,,414,kodama,kodama,JTG 25,25,817177,159,190,JTG,Pokémon,pokemon,220,https://images.tcggo.com/tcggo/storage/38753/jtg_logo.png,Journey Together,EUR,431.79,EUR,437.39,2025-03-28,1,Scarlet & Violet,scarlet-violet,journey-together,130,21901,https://images.tcggo.com/tcggo/storage/21927/torkoal-jtg-25-journey-together.png,https://www.tcggo.com/external/cm/21901,https://www.tcggo.com/external/tcgplayer/21901,Torkoal,Torkoal 25,0.04,0.04,7008,EUR,[],,,,,,,,,0.03,0.02,0.02,0.02,0.02,0.02,0.02,0.02,0.02,0.02,,,,,,,,,,,,,,,,,,,,,,,,,,,,,,,,,,,,,,,,,,EUR,0.22,0.13,Common,torkoal,Pokémon,https://www.tcggo.com/pokemon/journey-together/torkoal-25-1,sv9-25,623452,singles
2026-08-23T17:19:56+02:00,,396,Gemi,gemi,JTG 26,26,817178,159,190,JTG,Pokémon,pokemon,220,https://images.tcggo.com/tcggo/storage/38753/jtg_logo.png,Journey Together,EUR,431.79,EUR,437.39,2025-03-28,1,Scarlet & Violet,scarlet-violet,journey-together,80,21902,https://images.tcggo.com/tcggo/storage/21928/ns-darumaka-jtg-26-journey-together.png,https://www.tcggo.com/external/cm/21902,https://www.tcggo.com/external/tcgplayer/21902,N's Darumaka,N's Darumaka 26,0.05,0.05,12094,EUR,[],,,,,,,,,0.03,0.02,0.02,0.02,0.02,0.02,0.02,0.02,0.02,0.02,,,,,,,,,,,,,,,,,,,,,,,,,,,,,,,,,,,,,,,,,,EUR,0.25,0.14,Common,ns-darumaka,Pokémon,https://www.tcggo.com/pokemon/journey-together/ns-darumaka-26,sv9-26,623453,singles
2026-08-23T17:19:56+02:00,,405,nagimiso,nagimiso,JTG 27,27,817179,159,190,JTG,Pokémon,pokemon,220,https://images.tcggo.com/tcggo/storage/38753/jtg_logo.png,Journey Together,EUR,431.79,EUR,437.39,2025-03-28,1,Scarlet & Violet,scarlet-violet,journey-together,140,21903,https://images.tcggo.com/tcggo/storage/21929/ns-darmanitan-jtg-27-journey-together.png,https://www.tcggo.com/external/cm/21903,https://www.tcggo.com/external/tcgplayer/21903,N's Darmanitan,N's Darmanitan 27,0.06,0.04,11808,EUR,[],,,,,,,,,0.03,0.02,0.02,0.02,0.02,0.02,0.02,0.02,0.02,0.02,,,,,,,,,,,,,,,,,,,,,,,,,,,,,,,,,,,,,,,,,,EUR,0.32,0.15,Uncommon,ns-darmanitan,Pokémon,https://www.tcggo.com/pokemon/journey-together/ns-darmanitan-27,sv9-27,623454,singles
2026-08-23T17:19:56+02:00,,483,Kyoko Umemoto,kyoko-umemoto,JTG 28,28,817180,159,190,JTG,Pokémon,pokemon,220,https://images.tcggo.com/tcggo/storage/38753/jtg_logo.png,Journey Together,EUR,431.79,EUR,437.39,2025-03-28,1,Scarlet & Violet,scarlet-violet,journey-together,80,21904,https://images.tcggo.com/tcggo/storage/21930/larvesta-jtg-28-journey-together.png,https://www.tcggo.com/external/cm/21904,https://www.tcggo.com/external/tcgplayer/21904,Larvesta,Larvesta 28,0.03,0.03,13215,EUR,[],,,,,,,,,0.02,0.02,0.02,0.02,0.02,0.02,0.02,0.02,0.02,0.02,,,,,,,,,,,,,,,,,,,,,,,,,,,,,,,,,,,,,,,,,,EUR,0.2,0.09,Common,larvesta,Pokémon,https://www.tcggo.com/pokemon/journey-together/larvesta-28,sv9-28,623455,singles
2026-08-23T17:19:56+02:00,,375,Mitsuhiro Arita,mitsuhiro-arita,JTG 29,29,817181,159,190,JTG,Pokémon,pokemon,220,https://images.tcggo.com/tcggo/storage/38753/jtg_logo.png,Journey Together,EUR,431.79,EUR,437.39,2025-03-28,1,Scarlet & Violet,scarlet-violet,journey-together,140,21905,https://images.tcggo.com/tcggo/storage/21931/volcarona-jtg-29-journey-together.png,https://www.tcggo.com/external/cm/21905,https://www.tcggo.com/external/tcgplayer/21905,Volcarona,Volcarona 29,0.03,0.02,14849,EUR,[],,,,,,,,,0.02,0.02,0.02,0.02,0.02,0.02,0.02,0.02,0.02,0.02,,,,,,,,,,,,,,,,,,,,,,,,,,,,,,,,,,,,,,,,,,EUR,0.2,0.09,Uncommon,volcarona,Pokémon,https://www.tcggo.com/pokemon/journey-together/volcarona-29,sv9-29,623456,singles
2026-08-23T17:19:56+02:00,,384,PLANETA Mochizuki,planeta-mochizuki,JTG 30,30,817182,159,190,JTG,Pokémon,pokemon,220,https://images.tcggo.com/tcggo/storage/38753/jtg_logo.png,Journey Together,EUR,431.79,EUR,437.39,2025-03-28,1,Scarlet & Violet,scarlet-violet,journey-together,220,21906,https://images.tcggo.com/tcggo/storage/21932/reshiram-ex-jtg-30-journey-together.png,https://www.tcggo.com/external/cm/21906,https://www.tcggo.com/external/tcgplayer/21906,Reshiram ex,Reshiram ex 30,0.64,0.6,1966,EUR,[],,,,,,,,,0.1,0.23,0.23,0.39,0.39,0.1,0.3,0.3,0.2,0.2,,,,,,,,,,,,,,,,,,,,,,,,,,,,,,,,,,,,,,,,,,EUR,0.62,0.68,Double Rare,reshiram-ex,Pokémon,https://www.tcggo.com/pokemon/journey-together/reshiram-ex-30,sv9-30,623457,singles
2026-08-23T17:19:56+02:00,,380,5ban Graphics,5ban-graphics,JTG 31,31,817183,159,190,JTG,Pokémon,pokemon,220,https://images.tcggo.com/tcggo/storage/38753/jtg_logo.png,Journey Together,EUR,431.79,EUR,437.39,2025-03-28,1,Scarlet & Violet,scarlet-violet,journey-together,220,21907,https://images.tcggo.com/tcggo/storage/21933/volcanion-ex-jtg-31-journey-together.png,https://www.tcggo.com/external/cm/21907,https://www.tcggo.com/external/tcgplayer/21907,Volcanion ex,Volcanion ex 31,0.61,0.65,1907,EUR,[],,,,,,,,,0.09,0.39,0.39,0.45,0.45,0.15,0.1,0.1,0.04,0.04,,,,,,,,,,,,,,,,,,,,,,,,,,,,,,,,,,,,,,,,,,EUR,0.65,0.64,Double Rare,volcanion-ex,Pokémon,https://www.tcggo.com/pokemon/journey-together/volcanion-ex-31,sv9-31,623458,singles
2026-08-23T17:19:56+02:00,,388,Takumi Wada,takumi-wada,JTG 32,32,817184,159,190,JTG,Pokémon,pokemon,220,https://images.tcggo.com/tcggo/storage/38753/jtg_logo.png,Journey Together,EUR,431.79,EUR,437.39,2025-03-28,1,Scarlet & Violet,scarlet-violet,journey-together,110,21908,https://images.tcggo.com/tcggo/storage/21934/articuno-jtg-32-journey-together.png,https://www.tcggo.com/external/cm/21908,https://www.tcggo.com/external/tcgplayer/21908,Articuno,Articuno 32,0.05,0.04,11246,EUR,[],,,,,,,,,0.02,0.02,0.02,0.02,0.02,0.02,0.02,0.02,0.02,0.02,,,,,,,,,,,,,,,,,,,,,,,,,,,,,,,,,,,,,,,,,,EUR,0.35,0.13,Uncommon,articuno,Pokémon,https://www.tcggo.com/pokemon/journey-together/articuno-32-2,sv9-32,623459,singles
2026-08-23T17:19:56+02:00,,777,Minahamu,minahamu,JTG 33,33,817185,159,190,JTG,Pokémon,pokemon,220,https://images.tcggo.com/tcggo/storage/38753/jtg_logo.png,Journey Together,EUR,431.79,EUR,437.39,2025-03-28,1,Scarlet & Violet,scarlet-violet,journey-together,60,21909,https://images.tcggo.com/tcggo/storage/21935/remoraid-jtg-33-journey-together.png,https://www.tcggo.com/external/cm/21909,https://www.tcggo.com/external/tcgplayer/21909,Remoraid,Remoraid 33,0.02,0.02,13007,EUR,[],,,,,,,,,0.02,0.02,0.02,0.02,0.02,0.02,0.02,0.02,0.02,0.02,,,,,,,,,,,,,,,,,,,,,,,,,,,,,,,,,,,,,,,,,,EUR,0.24,0.09,Common,remoraid,Pokémon,https://www.tcggo.com/pokemon/journey-together/remoraid-33-1,sv9-33,623460,singles
2026-08-23T17:19:56+02:00,,364,Toshinao Aoki,toshinao-aoki,JTG 34,34,817186,159,190,JTG,Pokémon,pokemon,220,https://images.tcggo.com/tcggo/storage/38753/jtg_logo.png,Journey Together,EUR,431.79,EUR,437.39,2025-03-28,1,Scarlet & Violet,scarlet-violet,journey-together,110,21910,https://images.tcggo.com/tcggo/storage/21936/octillery-jtg-34-journey-together.png,https://www.tcggo.com/external/cm/21910,https://www.tcggo.com/external/tcgplayer/21910,Octillery,Octillery 34,0.03,0.02,12545,EUR,[],,,,,,,,,0.02,0.02,0.02,0.02,0.02,0.02,0.02,0.02,0.02,0.02,,,,,,,,,,,,,,,,,,,,,,,,,,,,,,,,,,,,,,,,,,EUR,0.33,0.1,Uncommon,octillery,Pokémon,https://www.tcggo.com/pokemon/journey-together/octillery-34-2,sv9-34,623461,singles
2026-08-23T17:19:56+02:00,,772,Ayako Ozaki,ayako-ozaki,JTG 35,35,817187,159,190,JTG,Pokémon,pokemon,220,https://images.tcggo.com/tcggo/storage/38753/jtg_logo.png,Journey Together,EUR,431.79,EUR,437.39,2025-03-28,1,Scarlet & Violet,scarlet-violet,journey-together,60,21911,https://images.tcggo.com/tcggo/storage/21937/lotad-jtg-35-journey-together.png,https://www.tcggo.com/external/cm/21911,https://www.tcggo.com/external/tcgplayer/21911,Lotad,Lotad 35,0.04,0.04,12301,EUR,[],,,,,,,,,0.02,0.02,0.02,0.02,0.02,0.02,0.02,0.02,0.02,0.02,,,,,,,,,,,,,,,,,,,,,,,,,,,,,,,,,,,,,,,,,,EUR,0.23,0.1,Common,lotad,Pokémon,https://www.tcggo.com/pokemon/journey-together/lotad-35-1,sv9-35,623462,singles
2026-08-23T17:19:56+02:00,,424,Mousho,mousho,JTG 36,36,817188,159,190,JTG,Pokémon,pokemon,220,https://images.tcggo.com/tcggo/storage/38753/jtg_logo.png,Journey Together,EUR,431.79,EUR,437.39,2025-03-28,1,Scarlet & Violet,scarlet-violet,journey-together,90,21912,https://images.tcggo.com/tcggo/storage/21938/lombre-jtg-36-journey-together.png,https://www.tcggo.com/external/cm/21912,https://www.tcggo.com/external/tcgplayer/21912,Lombre,Lombre 36,0.04,0.05,6804,EUR,[],,,,,,,,,0.03,0.02,0.02,0.02,0.02,0.02,0.02,0.02,0.02,0.02,,,,,,,,,,,,,,,,,,,,,,,,,,,,,,,,,,,,,,,,,,EUR,0.29,0.1,Common,lombre,Pokémon,https://www.tcggo.com/pokemon/journey-together/lombre-36,sv9-36,623463,singles
2026-08-23T17:19:56+02:00,,386,Jerky,jerky,JTG 37,37,817189,159,190,JTG,Pokémon,pokemon,220,https://images.tcggo.com/tcggo/storage/38753/jtg_logo.png,Journey Together,EUR,431.79,EUR,437.39,2025-03-28,1,Scarlet & Violet,scarlet-violet,journey-together,140,21913,https://images.tcggo.com/tcggo/storage/21939/ludicolo-jtg-37-journey-together.png,https://www.tcggo.com/external/cm/21913,https://www.tcggo.com/external/tcgplayer/21913,Ludicolo,Ludicolo 37,0.06,0.09,9463,EUR,[],,,,,,,,,0.03,0.02,0.02,0.02,0.02,0.02,0.02,0.02,0.02,0.02,,,,,,,,,,,,,,,,,,,,,,,,,,,,,,,,,,,,,,,,,,EUR,0.33,0.13,rare,ludicolo,Pokémon,https://www.tcggo.com/pokemon/journey-together/ludicolo-37-1,sv9-37,623464,singles
2026-08-23T17:19:56+02:00,,399,Mékayu,mekayu,JTG 38,38,817190,159,190,JTG,Pokémon,pokemon,220,https://images.tcggo.com/tcggo/storage/38753/jtg_logo.png,Journey Together,EUR,431.79,EUR,437.39,2025-03-28,1,Scarlet & Violet,scarlet-violet,journey-together,60,21914,https://images.tcggo.com/tcggo/storage/21940/wingull-jtg-38-journey-together.png,https://www.tcggo.com/external/cm/21914,https://www.tcggo.com/external/tcgplayer/21914,Wingull,Wingull 38,0.03,0.02,12852,EUR,[],,,,,,,,,0.02,0.02,0.02,0.02,0.02,0.02,0.02,0.02,0.02,0.02,,,,,,,,,,,,,,,,,,,,,,,,,,,,,,,,,,,,,,,,,,EUR,0.19,0.09,Common,wingull,Pokémon,https://www.tcggo.com/pokemon/journey-together/wingull-38,sv9-38,623465,singles
2026-08-23T17:19:56+02:00,,494,Nelnal,nelnal,JTG 39,39,817191,159,190,JTG,Pokémon,pokemon,220,https://images.tcggo.com/tcggo/storage/38753/jtg_logo.png,Journey Together,EUR,431.79,EUR,437.39,2025-03-28,1,Scarlet & Violet,scarlet-violet,journey-together,120,21915,https://images.tcggo.com/tcggo/storage/21941/pelipper-jtg-39-journey-together.png,https://www.tcggo.com/external/cm/21915,https://www.tcggo.com/external/tcgplayer/21915,Pelipper,Pelipper 39,0.03,0.02,14433,EUR,[],,,,,,,,,0.02,0.02,0.02,0.02,0.02,0.02,0.02,0.02,0.02,0.02,,,,,,,,,,,,,,,,,,,,,,,,,,,,,,,,,,,,,,,,,,EUR,0.18,0.09,Uncommon,pelipper,Pokémon,https://www.tcggo.com/pokemon/journey-together/pelipper-39,sv9-39,623466,singles
2026-08-23T17:19:56+02:00,,786,Shinya Mizuno,shinya-mizuno,JTG 40,40,817192,159,190,JTG,Pokémon,pokemon,220,https://images.tcggo.com/tcggo/storage/38753/jtg_logo.png,Journey Together,EUR,431.79,EUR,437.39,2025-03-28,1,Scarlet & Violet,scarlet-violet,journey-together,130,21916,https://images.tcggo.com/tcggo/storage/21942/wailmer-jtg-40-journey-together.png,https://www.tcggo.com/external/cm/21916,https://www.tcggo.com/external/tcgplayer/21916,Wailmer,Wailmer 40,0.03,0.04,12679,EUR,[],,,,,,,,,0.02,0.02,0.02,0.02,0.02,0.02,0.02,0.02,0.02,0.02,,,,,,,,,,,,,,,,,,,,,,,,,,,,,,,,,,,,,,,,,,EUR,0.23,0.09,Common,wailmer,Pokémon,https://www.tcggo.com/pokemon/journey-together/wailmer-40,sv9-40,623467,singles
2026-08-23T17:19:56+02:00,,436,Takeshi Nakamura,takeshi-nakamura,JTG 41,41,817193,159,190,JTG,Pokémon,pokemon,220,https://images.tcggo.com/tcggo/storage/38753/jtg_logo.png,Journey Together,EUR,431.79,EUR,437.39,2025-03-28,1,Scarlet & Violet,scarlet-violet,journey-together,240,21917,https://images.tcggo.com/tcggo/storage/21943/wailord-jtg-41-journey-together.png,https://www.tcggo.com/external/cm/21917,https://www.tcggo.com/external/tcgplayer/21917,Wailord,Wailord 41,0.08,0.1,7720,EUR,[],,,,,,,,,0.02,0.02,0.02,0.02,0.02,0.02,0.02,0.02,0.02,0.02,,,,,,,,,,,,,,,,,,,,,,,,,,,,,,,,,,,,,,,,,,EUR,0.43,0.19,rare,wailord,Pokémon,https://www.tcggo.com/pokemon/journey-together/wailord-41,sv9-41,623468,singles
2026-08-23T17:19:56+02:00,,388,Takumi Wada,takumi-wada,JTG 42,42,817194,159,190,JTG,Pokémon,pokemon,220,https://images.tcggo.com/tcggo/storage/38753/jtg_logo.png,Journey Together,EUR,431.79,EUR,437.39,2025-03-28,1,Scarlet & Violet,scarlet-violet,journey-together,120,21918,https://images.tcggo.com/tcggo/storage/21944/regice-jtg-42-journey-together.png,https://www.tcggo.com/external/cm/21918,https://www.tcggo.com/external/tcgplayer/21918,Regice,Regice 42,0.03,0.04,11941,EUR,[],,,,,,,,,0.02,0.02,0.02,0.02,0.02,0.02,0.02,0.02,0.02,0.02,,,,,,,,,,,,,,,,,,,,,,,,,,,,,,,,,,,,,,,,,,EUR,0.33,0.14,Uncommon,regice,Pokémon,https://www.tcggo.com/pokemon/journey-together/regice-42,sv9-42,623469,singles
2026-08-23T17:19:56+02:00,,380,5ban Graphics,5ban-graphics,JTG 43,43,817195,159,190,JTG,Pokémon,pokemon,220,https://images.tcggo.com/tcggo/storage/38753/jtg_logo.png,Journey Together,EUR,431.79,EUR,437.39,2025-03-28,1,Scarlet & Violet,scarlet-violet,journey-together,210,21919,https://images.tcggo.com/tcggo/storage/21945/veluza-ex-jtg-43-journey-together.png,https://www.tcggo.com/external/cm/21919,https://www.tcggo.com/external/tcgplayer/21919,Veluza ex,Veluza ex 43,0.48,0.46,2662,EUR,[],,,,,,,,,0.02,0.2,0.2,0.2,0.2,0.02,0.2,0.2,0.02,0.02,,,,,,,,,,,,,,,,,,,,,,,,,,,,,,,,,,,,,,,,,,EUR,0.54,0.64,Double Rare,veluza-ex,Pokémon,https://www.tcggo.com/pokemon/journey-together/veluza-ex-43,sv9-43,623470,singles
2026-08-23T17:19:56+02:00,,764,svlt,svlt,JTG 44,44,817196,159,190,JTG,Pokémon,pokemon,220,https://images.tcggo.com/tcggo/storage/38753/jtg_logo.png,Journey Together,EUR,431.79,EUR,437.39,2025-03-28,1,Scarlet & Violet,scarlet-violet,journey-together,60,21920,https://images.tcggo.com/tcggo/storage/21946/alolan-geodude-jtg-44-journey-together.png,https://www.tcggo.com/external/cm/21920,https://www.tcggo.com/external/tcgplayer/21920,Alolan Geodude,Alolan Geodude 44,0.03,0.03,13125,EUR,[],,,,,,,,,0.02,0.02,0.02,0.02,0.02,0.02,0.02,0.02,0.02,0.02,,,,,,,,,,,,,,,,,,,,,,,,,,,,,,,,,,,,,,,,,,EUR,0.22,0.09,Common,alolan-geodude,Pokémon,https://www.tcggo.com/pokemon/journey-together/alolan-geodude-44,sv9-44,623471,singles
2026-08-23T17:19:56+02:00,,359,HYOGONOSUKE,hyogonosuke,JTG 45,45,817197,159,190,JTG,Pokémon,pokemon,220,https://images.tcggo.com/tcggo/storage/38753/jtg_logo.png,Journey Together,EUR,431.79,EUR,437.39,2025-03-28,1,Scarlet & Violet,scarlet-violet,journey-together,100,21921,https://images.tcggo.com/tcggo/storage/21947/alolan-graveler-jtg-45-journey-together.png,https://www.tcggo.com/external/cm/21921,https://www.tcggo.com/external/tcgplayer/21921,Alolan Graveler,Alolan Graveler 45,0.04,0.04,6675,EUR,[],,,,,,,,,0.02,0.02,0.02,0.02,0.02,0.02,0.02,0.02,0.02,0.02,,,,,,,,,,,,,,,,,,,,,,,,,,,,,,,,,,,,,,,,,,EUR,0.22,0.13,Common,alolan-graveler,Pokémon,https://www.tcggo.com/pokemon/journey-together/alolan-graveler-45,sv9-45,623472,singles
2026-08-23T17:19:56+02:00,,436,Takeshi Nakamura,takeshi-nakamura,JTG 46,46,817198,159,190,JTG,Pokémon,pokemon,220,https://images.tcggo.com/tcggo/storage/38753/jtg_logo.png,Journey Together,EUR,431.79,EUR,437.39,2025-03-28,1,Scarlet & Violet,scarlet-violet,journey-together,180,21922,https://images.tcggo.com/tcggo/storage/21948/alolan-golem-jtg-46-journey-together.png,https://www.tcggo.com/external/cm/21922,https://www.tcggo.com/external/tcgplayer/21922,Alolan Golem,Alolan Golem 46,0.03,0.04,12033,EUR,[],,,,,,,,,0.02,0.02,0.02,0.02,0.02,0.02,0.02,0.02,0.02,0.02,,,,,,,,,,,,,,,,,,,,,,,,,,,,,,,,,,,,,,,,,,EUR,0.33,0.1,Uncommon,alolan-golem,Pokémon,https://www.tcggo.com/pokemon/journey-together/alolan-golem-46,sv9-46,623473,singles
2026-08-23T17:19:56+02:00,,439,Kazumasa Yasukuni,kazumasa-yasukuni,JTG 47,47,817199,159,190,JTG,Pokémon,pokemon,220,https://images.tcggo.com/tcggo/storage/38753/jtg_logo.png,Journey Together,EUR,431.79,EUR,437.39,2025-03-28,1,Scarlet & Violet,scarlet-violet,journey-together,70,21923,https://images.tcggo.com/tcggo/storage/21949/ionos-voltorb-jtg-47-journey-together.png,https://www.tcggo.com/external/cm/21923,https://www.tcggo.com/external/tcgplayer/21923,Iono's Voltorb,Iono's Voltorb 47,0.05,0.05,5608,EUR,[],,,,,,,,,0.03,0.02,0.02,0.02,0.02,0.02,0.02,0.02,0.02,0.02,,,,,,,,,,,,,,,,,,,,,,,,,,,,,,,,,,,,,,,,,,EUR,0.2,0.15,Common,ionos-voltorb,Pokémon,https://www.tcggo.com/pokemon/journey-together/ionos-voltorb-47,sv9-47,623474,singles
2026-08-23T17:19:56+02:00,,472,GOTO minori,goto-minori,JTG 48,48,817200,159,190,JTG,Pokémon,pokemon,220,https://images.tcggo.com/tcggo/storage/38753/jtg_logo.png,Journey Together,EUR,431.79,EUR,437.39,2025-03-28,1,Scarlet & Violet,scarlet-violet,journey-together,100,21924,https://images.tcggo.com/tcggo/storage/21950/ionos-electrode-jtg-48-journey-together.png,https://www.tcggo.com/external/cm/21924,https://www.tcggo.com/external/tcgplayer/21924,Iono's Electrode,Iono's Electrode 48,0.03,0.03,7536,EUR,[],,,,,,,,,0.03,0.02,0.02,0.02,0.02,0.02,0.02,0.02,0.02,0.02,,,,,,,,,,,,,,,,,,,,,,,,,,,,,,,,,,,,,,,,,,EUR,0.41,0.13,Uncommon,ionos-electrode,Pokémon,https://www.tcggo.com/pokemon/journey-together/ionos-electrode-48,sv9-48,623475,singles
2026-08-23T17:19:56+02:00,,780,Iori Suzuki,iori-suzuki,JTG 49,49,817201,159,190,JTG,Pokémon,pokemon,220,https://images.tcggo.com/tcggo/storage/38753/jtg_logo.png,Journey Together,EUR,431.79,EUR,437.39,2025-03-28,1,Scarlet & Violet,scarlet-violet,journey-together,40,21925,https://images.tcggo.com/tcggo/storage/21951/ns-joltik-jtg-49-journey-together.png,https://www.tcggo.com/external/cm/21925,https://www.tcggo.com/external/tcgplayer/21925,N's Joltik,N's Joltik 49,0.03,0.03,12425,EUR,[],,,,,,,,,0.02,0.02,0.02,0.02,0.02,0.02,0.02,0.02,0.02,0.02,,,,,,,,,,,,,,,,,,,,,,,,,,,,,,,,,,,,,,,,,,EUR,0.21,0.1,Common,ns-joltik,Pokémon,https://www.tcggo.com/pokemon/journey-together/ns-joltik-49,sv9-49,623476,singles
2026-08-23T17:19:56+02:00,,452,Susumu Maeya,susumu-maeya,JTG 50,50,817202,159,190,JTG,Pokémon,pokemon,220,https://images.tcggo.com/tcggo/storage/38753/jtg_logo.png,Journey Together,EUR,431.79,EUR,437.39,2025-03-28,1,Scarlet & Violet,scarlet-violet,journey-together,80,21926,https://images.tcggo.com/tcggo/storage/21952/togedemaru-jtg-50-journey-together.png,https://www.tcggo.com/external/cm/21926,https://www.tcggo.com/external/tcgplayer/21926,Togedemaru,Togedemaru 50,0.04,0.03,6961,EUR,[],,,,,,,,,0.03,0.02,0.02,0.02,0.02,0.02,0.02,0.02,0.02,0.02,,,,,,,,,,,,,,,,,,,,,,,,,,,,,,,,,,,,,,,,,,EUR,0.2,0.12,Common,togedemaru,Pokémon,https://www.tcggo.com/pokemon/journey-together/togedemaru-50,sv9-50,623477,singles
2026-08-23T17:19:56+02:00,,511,PLANETA Igarashi,planeta-igarashi,JTG 51,51,817203,159,190,JTG,Pokémon,pokemon,220,https://images.tcggo.com/tcggo/storage/38753/jtg_logo.png,Journey Together,EUR,431.79,EUR,437.39,2025-03-28,1,Scarlet & Violet,scarlet-violet,journey-together,200,21927,https://images.tcggo.com/tcggo/storage/21953/tapu-koko-ex-jtg-51-journey-together.png,https://www.tcggo.com/external/cm/21927,https://www.tcggo.com/external/tcgplayer/21927,Tapu Koko ex,Tapu Koko ex 51,0.48,0.41,2655,EUR,[],,,,,,,,,0.1,0.1,0.1,0.2,0.2,0.1,0.25,0.25,0.02,0.02,,,,,,,,,,,,,,,,,,,,,,,,,,,,,,,,,,,,,,,,,,EUR,0.54,0.64,Double Rare,tapu-koko-ex,Pokémon,https://www.tcggo.com/pokemon/journey-together/tapu-koko-ex-51,sv9-51,623478,singles
2026-08-23T17:19:56+02:00,,493,kurumitsu,kurumitsu,JTG 52,52,817204,159,190,JTG,Pokémon,pokemon,220,https://images.tcggo.com/tcggo/storage/38753/jtg_logo.png,Journey Together,EUR,431.79,EUR,437.39,2025-03-28,1,Scarlet & Violet,scarlet-violet,journey-together,60,21928,https://images.tcggo.com/tcggo/storage/21954/ionos-tadbulb-jtg-52-journey-together.png,https://www.tcggo.com/external/cm/21928,https://www.tcggo.com/external/tcgplayer/21928,Iono's Tadbulb,Iono's Tadbulb 52,0.05,0.05,5931,EUR,[],,,,,,,,,0.02,0.02,0.02,0.02,0.02,0.02,0.02,0.02,0.02,0.02,,,,,,,,,,,,,,,,,,,,,,,,,,,,,,,,,,,,,,,,,,EUR,0.22,0.13,Common,ionos-tadbulb,Pokémon,https://www.tcggo.com/pokemon/journey-together/ionos-tadbulb-52,sv9-52,623479,singles
2026-08-23T17:19:56+02:00,,380,5ban Graphics,5ban-graphics,JTG 53,53,817205,159,190,JTG,Pokémon,pokemon,220,https://images.tcggo.com/tcggo/storage/38753/jtg_logo.png,Journey Together,EUR,431.79,EUR,437.39,2025-03-28,1,Scarlet & Violet,scarlet-violet,journey-together,280,21929,https://images.tcggo.com/tcggo/storage/21955/ionos-bellibolt-ex-jtg-53-journey-together.png,https://www.tcggo.com/external/cm/21929,https://www.tcggo.com/external/tcgplayer/21929,Iono's Bellibolt ex,Iono's Bellibolt ex 53,0.53,0.52,2522,EUR,[],,,,,,,,,0.1,0.1,0.1,0.25,0.25,0.1,0.3,0.3,0.09,0.09,,,,,,,,,,,,,,,,,,,,,,,,,,,,,,,,,,,,,,,,,,EUR,0.5,0.64,Double Rare,ionos-bellibolt-ex,Pokémon,https://www.tcggo.com/pokemon/journey-together/ionos-bellibolt-ex-53,sv9-53,623480,singles
2026-08-23T17:19:56+02:00,,426,Akira Komayama,akira-komayama,JTG 54,54,817206,159,190,JTG,Pokémon,pokemon,220,https://images.tcggo.com/tcggo/storage/38753/jtg_logo.png,Journey Together,EUR,431.79,EUR,437.39,2025-03-28,1,Scarlet & Violet,scarlet-violet,journey-together,60,21930,https://images.tcggo.com/tcggo/storage/21956/ionos-wattrel-jtg-54-journey-together.png,https://www.tcggo.com/external/cm/21930,https://www.tcggo.com/external/tcgplayer/21930,Iono's Wattrel,Iono's Wattrel 54,0.04,0.05,6219,EUR,[],,,,,,,,,0.03,0.02,0.02,0.02,0.02,0.02,0.02,0.02,0.02,0.02,,,,,,,,,,,,,,,,,,,,,,,,,,,,,,,,,,,,,,,,,,EUR,0.26,0.15,Common,ionos-wattrel,Pokémon,https://www.tcggo.com/pokemon/journey-together/ionos-wattrel-54,sv9-54,623481,singles
2026-08-23T17:19:56+02:00,,500,chibi,chibi,JTG 55,55,817207,159,190,JTG,Pokémon,pokemon,220,https://images.tcggo.com/tcggo/storage/38753/jtg_logo.png,Journey Together,EUR,431.79,EUR,437.39,2025-03-28,1,Scarlet & Violet,scarlet-violet,journey-together,120,21931,https://images.tcggo.com/tcggo/storage/21957/ionos-kilowattrel-jtg-55-journey-together.png,https://www.tcggo.com/external/cm/21931,https://www.tcggo.com/external/tcgplayer/21931,Iono's Kilowattrel,Iono's Kilowattrel 55,0.08,0.08,7684,EUR,[],,,,,,,,,0.02,0.02,0.02,0.02,0.02,0.02,0.02,0.02,0.02,0.02,,,,,,,,,,,,,,,,,,,,,,,,,,,,,,,,,,,,,,,,,,EUR,0.43,0.14,rare,ionos-kilowattrel,Pokémon,https://www.tcggo.com/pokemon/journey-together/ionos-kilowattrel-55,sv9-55,623482,singles
2026-08-23T17:19:56+02:00,,380,5ban Graphics,5ban-graphics,JTG 56,56,817208,159,190,JTG,Pokémon,pokemon,220,https://images.tcggo.com/tcggo/storage/38753/jtg_logo.png,Journey Together,EUR,431.79,EUR,437.39,2025-03-28,1,Scarlet & Violet,scarlet-violet,journey-together,190,21932,https://images.tcggo.com/tcggo/storage/21958/lillies-clefairy-ex-jtg-56-journey-together.png,https://www.tcggo.com/external/cm/21932,https://www.tcggo.com/external/tcgplayer/21932,Lillie's Clefairy ex,Lillie's Clefairy ex 56,1.68,1.8,796,EUR,[],,,,,,,,,0.69,0.94,0.95,3,3,0.69,0.85,0.85,0.45,0.45,,,,,,,,,,,,,,,,,,,,,,,,,,,,,,,,,,,,,,,,,,EUR,1.77,1.42,Double Rare,lillies-clefairy-ex,Pokémon,https://www.tcggo.com/pokemon/journey-together/lillies-clefairy-ex-56,sv9-56,623483,singles
2026-08-23T17:19:56+02:00,,428,Uta,uta,JTG 57,57,817209,159,190,JTG,Pokémon,pokemon,220,https://images.tcggo.com/tcggo/storage/38753/jtg_logo.png,Journey Together,EUR,431.79,EUR,437.39,2025-03-28,1,Scarlet & Violet,scarlet-violet,journey-together,120,21933,https://images.tcggo.com/tcggo/storage/21959/alolan-marowak-jtg-57-journey-together.png,https://www.tcggo.com/external/cm/21933,https://www.tcggo.com/external/tcgplayer/21933,Alolan Marowak,Alolan Marowak 57,0.03,0.04,13687,EUR,[],,,,,,,,,0.02,0.02,0.02,0.02,0.02,0.02,0.02,0.02,0.02,0.02,,,,,,,,,,,,,,,,,,,,,,,,,,,,,,,,,,,,,,,,,,EUR,0.21,0.09,Uncommon,alolan-marowak,Pokémon,https://www.tcggo.com/pokemon/journey-together/alolan-marowak-57,sv9-57,623484,singles
2026-08-23T17:19:56+02:00,,472,GOTO minori,goto-minori,JTG 58,58,817210,159,190,JTG,Pokémon,pokemon,220,https://images.tcggo.com/tcggo/storage/38753/jtg_logo.png,Journey Together,EUR,431.79,EUR,437.39,2025-03-28,1,Scarlet & Violet,scarlet-violet,journey-together,90,21934,https://images.tcggo.com/tcggo/storage/21960/mr-mime-jtg-58-journey-together.png,https://www.tcggo.com/external/cm/21934,https://www.tcggo.com/external/tcgplayer/21934,Mr. Mime,Mr. Mime 58,0.03,0.04,6719,EUR,[],,,,,,,,,0.02,0.02,0.02,0.02,0.02,0.02,0.02,0.02,0.02,0.02,,,,,,,,,,,,,,,,,,,,,,,,,,,,,,,,,,,,,,,,,,EUR,0.21,0.13,Common,mr-mime,Pokémon,https://www.tcggo.com/pokemon/journey-together/mr-mime-58,sv9-58,623485,singles
2026-08-23T17:19:56+02:00,,449,miki kudo,miki-kudo,JTG 59,59,817211,159,190,JTG,Pokémon,pokemon,220,https://images.tcggo.com/tcggo/storage/38753/jtg_logo.png,Journey Together,EUR,431.79,EUR,437.39,2025-03-28,1,Scarlet & Violet,scarlet-violet,journey-together,60,21935,https://images.tcggo.com/tcggo/storage/21961/shuppet-jtg-59-journey-together.png,https://www.tcggo.com/external/cm/21935,https://www.tcggo.com/external/tcgplayer/21935,Shuppet,Shuppet 59,0.04,0.04,6679,EUR,[],,,,,,,,,0.02,0.02,0.02,0.02,0.02,0.02,0.02,0.02,0.02,0.02,,,,,,,,,,,,,,,,,,,,,,,,,,,,,,,,,,,,,,,,,,EUR,0.23,0.13,Common,shuppet,Pokémon,https://www.tcggo.com/pokemon/journey-together/shuppet-59,sv9-59,623486,singles
2026-08-23T17:19:56+02:00,,363,Anesaki Dynamic,anesaki-dynamic,JTG 60,60,817212,159,190,JTG,Pokémon,pokemon,220,https://images.tcggo.com/tcggo/storage/38753/jtg_logo.png,Journey Together,EUR,431.79,EUR,437.39,2025-03-28,1,Scarlet & Violet,scarlet-violet,journey-together,90,21936,https://images.tcggo.com/tcggo/storage/21962/banette-jtg-60-journey-together.png,https://www.tcggo.com/external/cm/21936,https://www.tcggo.com/external/tcgplayer/21936,Banette,Banette 60,0.03,0.03,12008,EUR,[],,,,,,,,,0.02,0.02,0.02,0.02,0.02,0.02,0.02,0.02,0.02,0.02,,,,,,,,,,,,,,,,,,,,,,,,,,,,,,,,,,,,,,,,,,EUR,0.67,0.09,Uncommon,banette,Pokémon,https://www.tcggo.com/pokemon/journey-together/banette-60,sv9-60,623487,singles
2026-08-23T17:19:56+02:00,,775,Izucch,izucch,JTG 61,61,817213,159,190,JTG,Pokémon,pokemon,220,https://images.tcggo.com/tcggo/storage/38753/jtg_logo.png,Journey Together,EUR,431.79,EUR,437.39,2025-03-28,1,Scarlet & Violet,scarlet-violet,journey-together,60,21937,https://images.tcggo.com/tcggo/storage/21963/beldum-jtg-61-journey-together.png,https://www.tcggo.com/external/cm/21937,https://www.tcggo.com/external/tcgplayer/21937,Beldum,Beldum 61,0.03,0.03,12994,EUR,[],,,,,,,,,0.02,0.02,0.02,0.02,0.02,0.02,0.02,0.02,0.02,0.02,,,,,,,,,,,,,,,,,,,,,,,,,,,,,,,,,,,,,,,,,,EUR,0.26,0.09,Common,beldum,Pokémon,https://www.tcggo.com/pokemon/journey-together/beldum-61,sv9-61,623488,singles
2026-08-23T17:19:56+02:00,,368,Oswaldo KATO,oswaldo-kato,JTG 62,62,817214,159,190,JTG,Pokémon,pokemon,220,https://images.tcggo.com/tcggo/storage/38753/jtg_logo.png,Journey Together,EUR,431.79,EUR,437.39,2025-03-28,1,Scarlet & Violet,scarlet-violet,journey-together,100,21938,https://images.tcggo.com/tcggo/storage/21964/metang-jtg-62-journey-together.png,https://www.tcggo.com/external/cm/21938,https://www.tcggo.com/external/tcgplayer/21938,Metang,Metang 62,0.05,0.04,6974,EUR,[],,,,,,,,,0.03,0.02,0.02,0.02,0.02,0.02,0.02,0.02,0.02,0.02,,,,,,,,,,,,,,,,,,,,,,,,,,,,,,,,,,,,,,,,,,EUR,0.21,0.11,Common,metang,Pokémon,https://www.tcggo.com/pokemon/journey-together/metang-62,sv9-62,623489,singles
2026-08-23T17:19:56+02:00,,375,Mitsuhiro Arita,mitsuhiro-arita,JTG 63,63,817215,159,190,JTG,Pokémon,pokemon,220,https://images.tcggo.com/tcggo/storage/38753/jtg_logo.png,Journey Together,EUR,431.79,EUR,437.39,2025-03-28,1,Scarlet & Violet,scarlet-violet,journey-together,170,21939,https://images.tcggo.com/tcggo/storage/21965/metagross-jtg-63-journey-together.png,https://www.tcggo.com/external/cm/21939,https://www.tcggo.com/external/tcgplayer/21939,Metagross,Metagross 63,0.06,0.1,8367,EUR,[],,,,,,,,,0.03,0.02,0.02,0.02,0.02,0.02,0.02,0.02,0.02,0.02,,,,,,,,,,,,,,,,,,,,,,,,,,,,,,,,,,,,,,,,,,EUR,0.42,0.15,rare,metagross,Pokémon,https://www.tcggo.com/pokemon/journey-together/metagross-63,sv9-63,623490,singles
2026-08-23T17:19:56+02:00,,443,Shiburingaru,shiburingaru,JTG 64,64,817216,159,190,JTG,Pokémon,pokemon,220,https://images.tcggo.com/tcggo/storage/38753/jtg_logo.png,Journey Together,EUR,431.79,EUR,437.39,2025-03-28,1,Scarlet & Violet,scarlet-violet,journey-together,110,21940,https://images.tcggo.com/tcggo/storage/21966/ns-sigilyph-jtg-64-journey-together.png,https://www.tcggo.com/external/cm/21940,https://www.tcggo.com/external/tcgplayer/21940,N's Sigilyph,N's Sigilyph 64,0.05,0.06,6989,EUR,[],,,,,,,,,0.02,0.02,0.02,0.02,0.02,0.02,0.02,0.02,0.02,0.02,,,,,,,,,,,,,,,,,,,,,,,,,,,,,,,,,,,,,,,,,,EUR,0.21,0.13,Common,ns-sigilyph,Pokémon,https://www.tcggo.com/pokemon/journey-together/ns-sigilyph-64,sv9-64,623491,singles
2026-08-23T17:19:56+02:00,,404,aspara,aspara,JTG 65,65,817217,159,190,JTG,Pokémon,pokemon,220,https://images.tcggo.com/tcggo/storage/38753/jtg_logo.png,Journey Together,EUR,431.79,EUR,437.39,2025-03-28,1,Scarlet & Violet,scarlet-violet,journey-together,80,21941,https://images.tcggo.com/tcggo/storage/21967/oricorio-jtg-65-journey-together.png,https://www.tcggo.com/external/cm/21941,https://www.tcggo.com/external/tcgplayer/21941,Oricorio,Oricorio 65,0.03,0.04,6727,EUR,[],,,,,,,,,0.03,0.02,0.02,0.02,0.02,0.02,0.02,0.02,0.02,0.02,,,,,,,,,,,,,,,,,,,,,,,,,,,,,,,,,,,,,,,,,,EUR,0.25,0.13,Common,oricorio,Pokémon,https://www.tcggo.com/pokemon/journey-together/oricorio-65,sv9-65,623492,singles
2026-08-23T17:19:56+02:00,,360,Saya Tsuruta,saya-tsuruta,JTG 66,66,817218,159,190,JTG,Pokémon,pokemon,220,https://images.tcggo.com/tcggo/storage/38753/jtg_logo.png,Journey Together,EUR,431.79,EUR,437.39,2025-03-28,1,Scarlet & Violet,scarlet-violet,journey-together,30,21942,https://images.tcggo.com/tcggo/storage/21968/lillies-cutiefly-jtg-66-journey-together.png,https://www.tcggo.com/external/cm/21942,https://www.tcggo.com/external/tcgplayer/21942,Lillie's Cutiefly,Lillie's Cutiefly 66,0.04,0.05,6621,EUR,[],,,,,,,,,0.02,0.02,0.02,0.02,0.02,0.02,0.02,0.02,0.02,0.02,,,,,,,,,,,,,,,,,,,,,,,,,,,,,,,,,,,,,,,,,,EUR,0.24,0.13,Common,lillies-cutiefly,Pokémon,https://www.tcggo.com/pokemon/journey-together/lillies-cutiefly-66,sv9-66,623493,singles
2026-08-23T17:19:56+02:00,,769,mashu,mashu,JTG 67,67,817219,159,190,JTG,Pokémon,pokemon,220,https://images.tcggo.com/tcggo/storage/38753/jtg_logo.png,Journey Together,EUR,431.79,EUR,437.39,2025-03-28,1,Scarlet & Violet,scarlet-violet,journey-together,70,21943,https://images.tcggo.com/tcggo/storage/21969/lillies-ribombee-jtg-67-journey-together.png,https://www.tcggo.com/external/cm/21943,https://www.tcggo.com/external/tcgplayer/21943,Lillie's Ribombee,Lillie's Ribombee 67,0.07,0.11,9172,EUR,[],,,,,,,,,0.03,0.02,0.02,0.02,0.02,0.02,0.02,0.02,0.02,0.02,,,,,,,,,,,,,,,,,,,,,,,,,,,,,,,,,,,,,,,,,,EUR,0.55,0.15,rare,lillies-ribombee,Pokémon,https://www.tcggo.com/pokemon/journey-together/lillies-ribombee-67,sv9-67,623494,singles
2026-08-23T17:19:56+02:00,,406,Narumi Sato,narumi-sato,JTG 68,68,817220,159,190,JTG,Pokémon,pokemon,220,https://images.tcggo.com/tcggo/storage/38753/jtg_logo.png,Journey Together,EUR,431.79,EUR,437.39,2025-03-28,1,Scarlet & Violet,scarlet-violet,journey-together,70,21944,https://images.tcggo.com/tcggo/storage/21970/lillies-comfey-jtg-68-journey-together.png,https://www.tcggo.com/external/cm/21944,https://www.tcggo.com/external/tcgplayer/21944,Lillie's Comfey,Lillie's Comfey 68,0.04,0.04,6657,EUR,[],,,,,,,,,0.02,0.02,0.02,0.02,0.02,0.02,0.02,0.02,0.02,0.02,,,,,,,,,,,,,,,,,,,,,,,,,,,,,,,,,,,,,,,,,,EUR,0.24,0.13,Common,lillies-comfey,Pokémon,https://www.tcggo.com/pokemon/journey-together/lillies-comfey-68,sv9-68,623495,singles
2026-08-23T17:19:56+02:00,,511,PLANETA Igarashi,planeta-igarashi,JTG 69,69,817221,159,190,JTG,Pokémon,pokemon,220,https://images.tcggo.com/tcggo/storage/38753/jtg_logo.png,Journey Together,EUR,431.79,EUR,437.39,2025-03-28,1,Scarlet & Violet,scarlet-violet,journey-together,190,21945,https://images.tcggo.com/tcggo/storage/21971/mimikyu-ex-jtg-69-journey-together.png,https://www.tcggo.com/external/cm/21945,https://www.tcggo.com/external/tcgplayer/21945,Mimikyu ex,Mimikyu ex 69,0.82,0.76,1816,EUR,[],,,,,,,,,0.4,0.42,0.42,0.45,0.45,0.4,0.5,0.5,0.02,0.02,,,,,,,,,,,,,,,,,,,,,,,,,,,,,,,,,,,,,,,,,,EUR,1.11,1.15,Double Rare,mimikyu-ex,Pokémon,https://www.tcggo.com/pokemon/journey-together/mimikyu-ex-69,sv9-69,623496,singles
2026-08-23T17:19:56+02:00,,379,Sanosuke Sakuma,sanosuke-sakuma,JTG 70,70,817222,159,190,JTG,Pokémon,pokemon,220,https://images.tcggo.com/tcggo/storage/38753/jtg_logo.png,Journey Together,EUR,431.79,EUR,437.39,2025-03-28,1,Scarlet & Violet,scarlet-violet,journey-together,130,21946,https://images.tcggo.com/tcggo/storage/21972/dhelmise-jtg-70-journey-together.png,https://www.tcggo.com/external/cm/21946,https://www.tcggo.com/external/tcgplayer/21946,Dhelmise,Dhelmise 70,0.04,0.04,7188,EUR,[],,,,,,,,,0.02,0.02,0.02,0.02,0.02,0.02,0.02,0.02,0.02,0.02,,,,,,,,,,,,,,,,,,,,,,,,,,,,,,,,,,,,,,,,,,EUR,0.21,0.1,Common,dhelmise,Pokémon,https://www.tcggo.com/pokemon/journey-together/dhelmise-70,sv9-70,623497,singles
2026-08-23T17:19:56+02:00,,487,Haru Akasaka,haru-akasaka,JTG 71,71,817223,159,190,JTG,Pokémon,pokemon,220,https://images.tcggo.com/tcggo/storage/38753/jtg_logo.png,Journey Together,EUR,431.79,EUR,437.39,2025-03-28,1,Scarlet & Violet,scarlet-violet,journey-together,70,21947,https://images.tcggo.com/tcggo/storage/21973/impidimp-jtg-71-journey-together.png,https://www.tcggo.com/external/cm/21947,https://www.tcggo.com/external/tcgplayer/21947,Impidimp,Impidimp 71,0.02,0.02,13019,EUR,[],,,,,,,,,0.02,0.02,0.02,0.02,0.02,0.02,0.02,0.02,0.02,0.02,,,,,,,,,,,,,,,,,,,,,,,,,,,,,,,,,,,,,,,,,,EUR,0.2,0.09,Common,impidimp,Pokémon,https://www.tcggo.com/pokemon/journey-together/impidimp-71,sv9-71,623498,singles
2026-08-23T17:19:56+02:00,,479,Lee HyunJung,lee-hyunjung,JTG 72,72,817224,159,190,JTG,Pokémon,pokemon,220,https://images.tcggo.com/tcggo/storage/38753/jtg_logo.png,Journey Together,EUR,431.79,EUR,437.39,2025-03-28,1,Scarlet & Violet,scarlet-violet,journey-together,90,21948,https://images.tcggo.com/tcggo/storage/21974/morgrem-jtg-72-journey-together.png,https://www.tcggo.com/external/cm/21948,https://www.tcggo.com/external/tcgplayer/21948,Morgrem,Morgrem 72,0.03,0.05,7072,EUR,[],,,,,,,,,0.02,0.02,0.02,0.02,0.02,0.02,0.02,0.02,0.02,0.02,,,,,,,,,,,,,,,,,,,,,,,,,,,,,,,,,,,,,,,,,,EUR,0.24,0.12,Common,morgrem,Pokémon,https://www.tcggo.com/pokemon/journey-together/morgrem-72,sv9-72,623499,singles
2026-08-23T17:19:56+02:00,,395,Nisota Niso,nisota-niso,JTG 73,73,817225,159,190,JTG,Pokémon,pokemon,220,https://images.tcggo.com/tcggo/storage/38753/jtg_logo.png,Journey Together,EUR,431.79,EUR,437.39,2025-03-28,1,Scarlet & Violet,scarlet-violet,journey-together,170,21949,https://images.tcggo.com/tcggo/storage/21975/grimmsnarl-jtg-73-journey-together.png,https://www.tcggo.com/external/cm/21949,https://www.tcggo.com/external/tcgplayer/21949,Grimmsnarl,Grimmsnarl 73,0.03,0.02,12431,EUR,[],,,,,,,,,0.02,0.02,0.02,0.02,0.02,0.02,0.02,0.02,0.02,0.02,,,,,,,,,,,,,,,,,,,,,,,,,,,,,,,,,,,,,,,,,,EUR,0.29,0.09,Uncommon,grimmsnarl,Pokémon,https://www.tcggo.com/pokemon/journey-together/grimmsnarl-73,sv9-73,623500,singles
2026-08-23T17:19:56+02:00,,440,Shibuzoh.,shibuzoh,JTG 74,74,817226,159,190,JTG,Pokémon,pokemon,220,https://images.tcggo.com/tcggo/storage/38753/jtg_logo.png,Journey Together,EUR,431.79,EUR,437.39,2025-03-28,1,Scarlet & Violet,scarlet-violet,journey-together,50,21950,https://images.tcggo.com/tcggo/storage/21976/milcery-jtg-74-journey-together.png,https://www.tcggo.com/external/cm/21950,https://www.tcggo.com/external/tcgplayer/21950,Milcery,Milcery 74,0.03,0.02,12805,EUR,[],,,,,,,,,0.02,0.02,0.02,0.02,0.02,0.02,0.02,0.02,0.02,0.02,,,,,,,,,,,,,,,,,,,,,,,,,,,,,,,,,,,,,,,,,,EUR,0.26,0.09,Common,milcery,Pokémon,https://www.tcggo.com/pokemon/journey-together/milcery-74,sv9-74,623501,singles
2026-08-23T17:19:56+02:00,,384,PLANETA Mochizuki,planeta-mochizuki,JTG 75,75,817227,159,190,JTG,Pokémon,pokemon,220,https://images.tcggo.com/tcggo/storage/38753/jtg_logo.png,Journey Together,EUR,431.79,EUR,437.39,2025-03-28,1,Scarlet & Violet,scarlet-violet,journey-together,250,21951,https://images.tcggo.com/tcggo/storage/21977/alcremie-ex-jtg-75-journey-together.png,https://www.tcggo.com/external/cm/21951,https://www.tcggo.com/external/tcgplayer/21951,Alcremie ex,Alcremie ex 75,0.66,0.63,1809,EUR,[],,,,,,,,,0.05,0.25,0.25,0.15,0.15,0.05,0.49,0.49,0.05,0.05,,,,,,,,,,,,,,,,,,,,,,,,,,,,,,,,,,,,,,,,,,EUR,0.79,0.72,Double Rare,alcremie-ex,Pokémon,https://www.tcggo.com/pokemon/journey-together/alcremie-ex-75,sv9-75,623502,singles
2026-08-23T17:19:56+02:00,,451,Mugi Hamada,mugi-hamada,JTG 76,76,817228,159,190,JTG,Pokémon,pokemon,220,https://images.tcggo.com/tcggo/storage/38753/jtg_logo.png,Journey Together,EUR,431.79,EUR,437.39,2025-03-28,1,Scarlet & Violet,scarlet-violet,journey-together,70,21952,https://images.tcggo.com/tcggo/storage/21978/cubone-jtg-76-journey-together.png,https://www.tcggo.com/external/cm/21952,https://www.tcggo.com/external/tcgplayer/21952,Cubone,Cubone 76,0.04,0.04,11611,EUR,[],,,,,,,,,0.02,0.02,0.02,0.02,0.02,0.02,0.02,0.02,0.02,0.02,,,,,,,,,,,,,,,,,,,,,,,,,,,,,,,,,,,,,,,,,,EUR,0.23,0.12,Common,cubone,Pokémon,https://www.tcggo.com/pokemon/journey-together/cubone-76,sv9-76,623503,singles
2026-08-23T17:19:56+02:00,,470,REND,rend,JTG 77,77,817229,159,190,JTG,Pokémon,pokemon,220,https://images.tcggo.com/tcggo/storage/38753/jtg_logo.png,Journey Together,EUR,431.79,EUR,437.39,2025-03-28,1,Scarlet & Violet,scarlet-violet,journey-together,70,21953,https://images.tcggo.com/tcggo/storage/21979/swinub-jtg-77-journey-together.png,https://www.tcggo.com/external/cm/21953,https://www.tcggo.com/external/tcgplayer/21953,Swinub,Swinub 77,0.03,0.03,12301,EUR,[],,,,,,,,,0.03,0.02,0.02,0.02,0.02,0.02,0.02,0.02,0.02,0.02,,,,,,,,,,,,,,,,,,,,,,,,,,,,,,,,,,,,,,,,,,EUR,0.2,0.1,Common,swinub,Pokémon,https://www.tcggo.com/pokemon/journey-together/swinub-77-1,sv9-77,623504,singles
2026-08-23T17:19:56+02:00,,778,Aliya Chen,aliya-chen,JTG 78,78,817230,159,190,JTG,Pokémon,pokemon,220,https://images.tcggo.com/tcggo/storage/38753/jtg_logo.png,Journey Together,EUR,431.79,EUR,437.39,2025-03-28,1,Scarlet & Violet,scarlet-violet,journey-together,100,21954,https://images.tcggo.com/tcggo/storage/21980/piloswine-jtg-78-journey-together.png,https://www.tcggo.com/external/cm/21954,https://www.tcggo.com/external/tcgplayer/21954,Piloswine,Piloswine 78,0.04,0.04,6413,EUR,[],,,,,,,,,0.02,0.02,0.02,0.02,0.02,0.02,0.02,0.02,0.02,0.02,,,,,,,,,,,,,,,,,,,,,,,,,,,,,,,,,,,,,,,,,,EUR,0.26,0.14,Common,piloswine,Pokémon,https://www.tcggo.com/pokemon/journey-together/piloswine-78,sv9-78,623505,singles
2026-08-23T17:19:56+02:00,,395,Nisota Niso,nisota-niso,JTG 79,79,817231,159,190,JTG,Pokémon,pokemon,220,https://images.tcggo.com/tcggo/storage/38753/jtg_logo.png,Journey Together,EUR,431.79,EUR,437.39,2025-03-28,1,Scarlet & Violet,scarlet-violet,journey-together,340,21955,https://images.tcggo.com/tcggo/storage/21981/mamoswine-ex-jtg-79-journey-together.png,https://www.tcggo.com/external/cm/21955,https://www.tcggo.com/external/tcgplayer/21955,Mamoswine ex,Mamoswine ex 79,0.57,0.43,2354,EUR,[],,,,,,,,,0.1,0.15,0.15,0.05,0.05,0.1,0.2,0.2,0.02,0.02,,,,,,,,,,,,,,,,,,,,,,,,,,,,,,,,,,,,,,,,,,EUR,0.54,0.64,Double Rare,mamoswine-ex,Pokémon,https://www.tcggo.com/pokemon/journey-together/mamoswine-ex-79,sv9-79,623506,singles
2026-08-23T17:19:56+02:00,,422,Dsuke,dsuke,JTG 80,80,817232,159,190,JTG,Pokémon,pokemon,220,https://images.tcggo.com/tcggo/storage/38753/jtg_logo.png,Journey Together,EUR,431.79,EUR,437.39,2025-03-28,1,Scarlet & Violet,scarlet-violet,journey-together,70,21956,https://images.tcggo.com/tcggo/storage/21982/larvitar-jtg-80-journey-together.png,https://www.tcggo.com/external/cm/21956,https://www.tcggo.com/external/tcgplayer/21956,Larvitar,Larvitar 80,0.04,0.04,12525,EUR,[],,,,,,,,,0.02,0.02,0.02,0.02,0.02,0.02,0.02,0.02,0.02,0.02,,,,,,,,,,,,,,,,,,,,,,,,,,,,,,,,,,,,,,,,,,EUR,0.23,0.11,Common,larvitar,Pokémon,https://www.tcggo.com/pokemon/journey-together/larvitar-80,sv9-80,623507,singles
2026-08-23T17:19:56+02:00,,387,Scav,scav,JTG 81,81,817233,159,190,JTG,Pokémon,pokemon,220,https://images.tcggo.com/tcggo/storage/38753/jtg_logo.png,Journey Together,EUR,431.79,EUR,437.39,2025-03-28,1,Scarlet & Violet,scarlet-violet,journey-together,90,21957,https://images.tcggo.com/tcggo/storage/21983/pupitar-jtg-81-journey-together.png,https://www.tcggo.com/external/cm/21957,https://www.tcggo.com/external/tcgplayer/21957,Pupitar,Pupitar 81,0.04,0.05,7118,EUR,[],,,,,,,,,0.03,0.02,0.02,0.02,0.02,0.02,0.02,0.02,0.02,0.02,,,,,,,,,,,,,,,,,,,,,,,,,,,,,,,,,,,,,,,,,,EUR,0.22,0.13,Common,pupitar,Pokémon,https://www.tcggo.com/pokemon/journey-together/pupitar-81,sv9-81,623508,singles
2026-08-23T17:19:56+02:00,,428,Uta,uta,JTG 82,82,817234,159,190,JTG,Pokémon,pokemon,220,https://images.tcggo.com/tcggo/storage/38753/jtg_logo.png,Journey Together,EUR,431.79,EUR,437.39,2025-03-28,1,Scarlet & Violet,scarlet-violet,journey-together,130,21958,https://images.tcggo.com/tcggo/storage/21984/regirock-jtg-82-journey-together.png,https://www.tcggo.com/external/cm/21958,https://www.tcggo.com/external/tcgplayer/21958,Regirock,Regirock 82,0.07,0.1,8011,EUR,[],,,,,,,,,0.03,0.02,0.02,0.02,0.02,0.02,0.02,0.02,0.02,0.02,,,,,,,,,,,,,,,,,,,,,,,,,,,,,,,,,,,,,,,,,,EUR,0.43,0.13,rare,regirock,Pokémon,https://www.tcggo.com/pokemon/journey-together/regirock-82,sv9-82,623509,singles
2026-08-23T17:19:56+02:00,,473,Yuriko Akase,yuriko-akase,JTG 83,83,817235,159,190,JTG,Pokémon,pokemon,220,https://images.tcggo.com/tcggo/storage/38753/jtg_logo.png,Journey Together,EUR,431.79,EUR,437.39,2025-03-28,1,Scarlet & Violet,scarlet-violet,journey-together,60,21959,https://images.tcggo.com/tcggo/storage/21985/pancham-jtg-83-journey-together.png,https://www.tcggo.com/external/cm/21959,https://www.tcggo.com/external/tcgplayer/21959,Pancham,Pancham 83,0.03,0.04,6939,EUR,[],,,,,,,,,0.02,0.02,0.02,0.02,0.02,0.02,0.02,0.02,0.02,0.02,,,,,,,,,,,,,,,,,,,,,,,,,,,,,,,,,,,,,,,,,,EUR,0.2,0.13,Common,pancham,Pokémon,https://www.tcggo.com/pokemon/journey-together/pancham-83,sv9-83,623510,singles
2026-08-23T17:19:56+02:00,,776,Yoshimi Miyoshi,yoshimi-miyoshi,JTG 84,84,817236,159,190,JTG,Pokémon,pokemon,220,https://images.tcggo.com/tcggo/storage/38753/jtg_logo.png,Journey Together,EUR,431.79,EUR,437.39,2025-03-28,1,Scarlet & Violet,scarlet-violet,journey-together,70,21960,https://images.tcggo.com/tcggo/storage/21986/rockruff-jtg-84-journey-together.png,https://www.tcggo.com/external/cm/21960,https://www.tcggo.com/external/tcgplayer/21960,Rockruff,Rockruff 84,0.03,0.03,12186,EUR,[],,,,,,,,,0.02,0.02,0.02,0.02,0.02,0.02,0.02,0.02,0.02,0.02,,,,,,,,,,,,,,,,,,,,,,,,,,,,,,,,,,,,,,,,,,EUR,0.21,0.11,Common,rockruff,Pokémon,https://www.tcggo.com/pokemon/journey-together/rockruff-84,sv9-84,623511,singles
2026-08-23T17:19:56+02:00,,443,Shiburingaru,shiburingaru,JTG 85,85,817237,159,190,JTG,Pokémon,pokemon,220,https://images.tcggo.com/tcggo/storage/38753/jtg_logo.png,Journey Together,EUR,431.79,EUR,437.39,2025-03-28,1,Scarlet & Violet,scarlet-violet,journey-together,120,21961,https://images.tcggo.com/tcggo/storage/21987/lycanroc-jtg-85-journey-together.png,https://www.tcggo.com/external/cm/21961,https://www.tcggo.com/external/tcgplayer/21961,Lycanroc,Lycanroc 85,0.06,0.07,9025,EUR,[],,,,,,,,,0.03,0.02,0.02,0.02,0.02,0.02,0.02,0.02,0.02,0.02,,,,,,,,,,,,,,,,,,,,,,,,,,,,,,,,,,,,,,,,,,EUR,0.31,0.14,rare,lycanroc,Pokémon,https://www.tcggo.com/pokemon/journey-together/lycanroc-85,sv9-85,623512,singles
2026-08-23T17:19:56+02:00,,404,aspara,aspara,JTG 86,86,817238,159,190,JTG,Pokémon,pokemon,220,https://images.tcggo.com/tcggo/storage/38753/jtg_logo.png,Journey Together,EUR,431.79,EUR,437.39,2025-03-28,1,Scarlet & Violet,scarlet-violet,journey-together,80,21962,https://images.tcggo.com/tcggo/storage/21988/hops-silicobra-jtg-86-journey-together.png,https://www.tcggo.com/external/cm/21962,https://www.tcggo.com/external/tcgplayer/21962,Hop's Silicobra,Hop's Silicobra 86,0.04,0.06,7103,EUR,[],,,,,,,,,0.03,0.02,0.02,0.02,0.02,0.02,0.02,0.02,0.02,0.02,,,,,,,,,,,,,,,,,,,,,,,,,,,,,,,,,,,,,,,,,,EUR,0.18,0.1,Common,hops-silicobra,Pokémon,https://www.tcggo.com/pokemon/journey-together/hops-silicobra-86,sv9-86,623513,singles
2026-08-23T17:19:56+02:00,,379,Sanosuke Sakuma,sanosuke-sakuma,JTG 87,87,817239,159,190,JTG,Pokémon,pokemon,220,https://images.tcggo.com/tcggo/storage/38753/jtg_logo.png,Journey Together,EUR,431.79,EUR,437.39,2025-03-28,1,Scarlet & Violet,scarlet-violet,journey-together,140,21963,https://images.tcggo.com/tcggo/storage/21989/hops-sandaconda-jtg-87-journey-together.png,https://www.tcggo.com/external/cm/21963,https://www.tcggo.com/external/tcgplayer/21963,Hop's Sandaconda,Hop's Sandaconda 87,0.03,0.07,12345,EUR,[],,,,,,,,,0.02,0.02,0.02,0.02,0.02,0.02,0.02,0.02,0.02,0.02,,,,,,,,,,,,,,,,,,,,,,,,,,,,,,,,,,,,,,,,,,EUR,0.36,0.09,Uncommon,hops-sandaconda,Pokémon,https://www.tcggo.com/pokemon/journey-together/hops-sandaconda-87,sv9-87,623514,singles
2026-08-23T17:19:56+02:00,,389,osare,osare,JTG 88,88,817240,159,190,JTG,Pokémon,pokemon,220,https://images.tcggo.com/tcggo/storage/38753/jtg_logo.png,Journey Together,EUR,431.79,EUR,437.39,2025-03-28,1,Scarlet & Violet,scarlet-violet,journey-together,60,21964,https://images.tcggo.com/tcggo/storage/21990/toedscool-jtg-88-journey-together.png,https://www.tcggo.com/external/cm/21964,https://www.tcggo.com/external/tcgplayer/21964,Toedscool,Toedscool 88,0.03,0.04,6647,EUR,[],,,,,,,,,0.02,0.02,0.02,0.02,0.02,0.02,0.02,0.02,0.02,0.02,,,,,,,,,,,,,,,,,,,,,,,,,,,,,,,,,,,,,,,,,,EUR,0.2,0.13,Common,toedscool,Pokémon,https://www.tcggo.com/pokemon/journey-together/toedscool-88,sv9-88,623515,singles
2026-08-23T17:19:56+02:00,,420,Masako Tomii,masako-tomii,JTG 89,89,817241,159,190,JTG,Pokémon,pokemon,220,https://images.tcggo.com/tcggo/storage/38753/jtg_logo.png,Journey Together,EUR,431.79,EUR,437.39,2025-03-28,1,Scarlet & Violet,scarlet-violet,journey-together,130,21965,https://images.tcggo.com/tcggo/storage/21991/toedscruel-jtg-89-journey-together.png,https://www.tcggo.com/external/cm/21965,https://www.tcggo.com/external/tcgplayer/21965,Toedscruel,Toedscruel 89,0.03,0.02,12255,EUR,[],,,,,,,,,0.02,0.02,0.02,0.02,0.02,0.02,0.02,0.02,0.02,0.02,,,,,,,,,,,,,,,,,,,,,,,,,,,,,,,,,,,,,,,,,,EUR,0.38,0.11,Uncommon,toedscruel,Pokémon,https://www.tcggo.com/pokemon/journey-together/toedscruel-89,sv9-89,623516,singles
2026-08-23T17:19:56+02:00,,466,Shinya Komatsu,shinya-komatsu,JTG 90,90,817242,159,190,JTG,Pokémon,pokemon,220,https://images.tcggo.com/tcggo/storage/38753/jtg_logo.png,Journey Together,EUR,431.79,EUR,437.39,2025-03-28,1,Scarlet & Violet,scarlet-violet,journey-together,120,21966,https://images.tcggo.com/tcggo/storage/21992/klawf-jtg-90-journey-together.png,https://www.tcggo.com/external/cm/21966,https://www.tcggo.com/external/tcgplayer/21966,Klawf,Klawf 90,0.03,0.02,14438,EUR,[],,,,,,,,,0.02,0.02,0.02,0.02,0.02,0.02,0.02,0.02,0.02,0.02,,,,,,,,,,,,,,,,,,,,,,,,,,,,,,,,,,,,,,,,,,EUR,0.21,0.09,Uncommon,klawf,Pokémon,https://www.tcggo.com/pokemon/journey-together/klawf-90,sv9-90,623517,singles
2026-08-23T17:19:56+02:00,,390,Rond,rond,JTG 91,91,817243,159,190,JTG,Pokémon,pokemon,220,https://images.tcggo.com/tcggo/storage/38753/jtg_logo.png,Journey Together,EUR,431.79,EUR,437.39,2025-03-28,1,Scarlet & Violet,scarlet-violet,journey-together,60,21967,https://images.tcggo.com/tcggo/storage/21993/koffing-jtg-91-journey-together.png,https://www.tcggo.com/external/cm/21967,https://www.tcggo.com/external/tcgplayer/21967,Koffing,Koffing 91,0.05,0.05,6603,EUR,[],,,,,,,,,0.03,0.02,0.02,0.02,0.02,0.02,0.02,0.02,0.02,0.02,,,,,,,,,,,,,,,,,,,,,,,,,,,,,,,,,,,,,,,,,,EUR,0.3,0.12,Common,koffing,Pokémon,https://www.tcggo.com/pokemon/journey-together/koffing-91,sv9-91,623518,singles
2026-08-23T17:19:56+02:00,,382,KEIICHIRO ITO,keiichiro-ito,JTG 92,92,817244,159,190,JTG,Pokémon,pokemon,220,https://images.tcggo.com/tcggo/storage/38753/jtg_logo.png,Journey Together,EUR,431.79,EUR,437.39,2025-03-28,1,Scarlet & Violet,scarlet-violet,journey-together,130,21968,https://images.tcggo.com/tcggo/storage/21994/weezing-jtg-92-journey-together.png,https://www.tcggo.com/external/cm/21968,https://www.tcggo.com/external/tcgplayer/21968,Weezing,Weezing 92,0.03,0.03,12039,EUR,[],,,,,,,,,0.02,0.02,0.02,0.02,0.02,0.02,0.02,0.02,0.02,0.02,,,,,,,,,,,,,,,,,,,,,,,,,,,,,,,,,,,,,,,,,,EUR,0.3,0.09,Uncommon,weezing,Pokémon,https://www.tcggo.com/pokemon/journey-together/weezing-92,sv9-92,623519,singles
2026-08-23T17:19:56+02:00,,479,Lee HyunJung,lee-hyunjung,JTG 93,93,817245,159,190,JTG,Pokémon,pokemon,220,https://images.tcggo.com/tcggo/storage/38753/jtg_logo.png,Journey Together,EUR,431.79,EUR,437.39,2025-03-28,1,Scarlet & Violet,scarlet-violet,journey-together,60,21969,https://images.tcggo.com/tcggo/storage/21995/paldean-wooper-jtg-93-journey-together.png,https://www.tcggo.com/external/cm/21969,https://www.tcggo.com/external/tcgplayer/21969,Paldean Wooper,Paldean Wooper 93,0.03,0.04,12535,EUR,[],,,,,,,,,0.02,0.02,0.02,0.02,0.02,0.02,0.02,0.02,0.02,0.02,,,,,,,,,,,,,,,,,,,,,,,,,,,,,,,,,,,,,,,,,,EUR,0.25,0.11,Common,paldean-wooper,Pokémon,https://www.tcggo.com/pokemon/journey-together/paldean-wooper-93,sv9-93,623520,singles
2026-08-23T17:19:56+02:00,,475,PLANETA Tsuji,planeta-tsuji,JTG 94,94,817246,159,190,JTG,Pokémon,pokemon,220,https://images.tcggo.com/tcggo/storage/38753/jtg_logo.png,Journey Together,EUR,431.79,EUR,437.39,2025-03-28,1,Scarlet & Violet,scarlet-violet,journey-together,280,21970,https://images.tcggo.com/tcggo/storage/21996/paldean-clodsire-ex-jtg-94-journey-together.png,https://www.tcggo.com/external/cm/21970,https://www.tcggo.com/external/tcgplayer/21970,Paldean Clodsire ex,Paldean Clodsire ex 94,0.57,0.51,2104,EUR,[],,,,,,,,,0.09,0.1,0.1,0.25,0.25,0.09,0.3,0.3,0.09,0.09,,,,,,,,,,,,,,,,,,,,,,,,,,,,,,,,,,,,,,,,,,EUR,0.56,0.64,Double Rare,paldean-clodsire-ex,Pokémon,https://www.tcggo.com/pokemon/journey-together/paldean-clodsire-ex-94,sv9-94,623521,singles
2026-08-23T17:19:56+02:00,,434,AKIRA EGAWA,akira-egawa,JTG 95,95,817247,159,190,JTG,Pokémon,pokemon,220,https://images.tcggo.com/tcggo/storage/38753/jtg_logo.png,Journey Together,EUR,431.79,EUR,437.39,2025-03-28,1,Scarlet & Violet,scarlet-violet,journey-together,190,21971,https://images.tcggo.com/tcggo/storage/21997/tyranitar-jtg-95-journey-together.png,https://www.tcggo.com/external/cm/21971,https://www.tcggo.com/external/tcgplayer/21971,Tyranitar,Tyranitar 95,0.07,0.07,8233,EUR,[],,,,,,,,,0.02,0.02,0.02,0.02,0.02,0.02,0.02,0.02,0.02,0.02,,,,,,,,,,,,,,,,,,,,,,,,,,,,,,,,,,,,,,,,,,EUR,0.44,0.17,rare,tyranitar,Pokémon,https://www.tcggo.com/pokemon/journey-together/tyranitar-95,sv9-95,623522,singles
2026-08-23T17:19:56+02:00,,515,Keisin,keisin,JTG 96,96,817248,159,190,JTG,Pokémon,pokemon,220,https://images.tcggo.com/tcggo/storage/38753/jtg_logo.png,Journey Together,EUR,431.79,EUR,437.39,2025-03-28,1,Scarlet & Violet,scarlet-violet,journey-together,70,21972,https://images.tcggo.com/tcggo/storage/21998/ns-purrloin-jtg-96-journey-together.png,https://www.tcggo.com/external/cm/21972,https://www.tcggo.com/external/tcgplayer/21972,N's Purrloin,N's Purrloin 96,0.04,0.03,6354,EUR,[],,,,,,,,,0.03,0.02,0.02,0.02,0.02,0.02,0.02,0.02,0.02,0.02,,,,,,,,,,,,,,,,,,,,,,,,,,,,,,,,,,,,,,,,,,EUR,0.2,0.13,Common,ns-purrloin,Pokémon,https://www.tcggo.com/pokemon/journey-together/ns-purrloin-96,sv9-96,623523,singles
2026-08-23T17:19:56+02:00,,535,Jiro Sasumo,jiro-sasumo,JTG 97,97,817249,159,190,JTG,Pokémon,pokemon,220,https://images.tcggo.com/tcggo/storage/38753/jtg_logo.png,Journey Together,EUR,431.79,EUR,437.39,2025-03-28,1,Scarlet & Violet,scarlet-violet,journey-together,70,21973,https://images.tcggo.com/tcggo/storage/21999/ns-zorua-jtg-97-journey-together.png,https://www.tcggo.com/external/cm/21973,https://www.tcggo.com/external/tcgplayer/21973,N's Zorua,N's Zorua 97,0.06,0.05,7697,EUR,[],,,,,,,,,0.03,0.02,0.02,0.02,0.02,0.02,0.02,0.02,0.02,0.02,,,,,,,,,,,,,,,,,,,,,,,,,,,,,,,,,,,,,,,,,,EUR,0.34,0.17,Common,ns-zorua,Pokémon,https://www.tcggo.com/pokemon/journey-together/ns-zorua-97,sv9-97,623524,singles
2026-08-23T17:19:56+02:00,,490,takuyoa,takuyoa,JTG 98,98,817250,159,190,JTG,Pokémon,pokemon,220,https://images.tcggo.com/tcggo/storage/38753/jtg_logo.png,Journey Together,EUR,431.79,EUR,437.39,2025-03-28,1,Scarlet & Violet,scarlet-violet,journey-together,280,21974,https://images.tcggo.com/tcggo/storage/22000/ns-zoroark-ex-jtg-98-journey-together.png,https://www.tcggo.com/external/cm/21974,https://www.tcggo.com/external/tcgplayer/21974,N's Zoroark ex,N's Zoroark ex 98,1.57,1.38,1042,EUR,,,,14,20,,,,,0.02,0.5,0.5,2,2,0.02,0.75,0.75,0.9,0.9,,,,,,,,,,,,,,,,,,,,,,,,,,,,,,,,,,,,,,,,,,EUR,1.11,1.84,Double Rare,ns-zoroark-ex,Pokémon,https://www.tcggo.com/pokemon/journey-together/ns-zoroark-ex-98,sv9-98,623525,singles
2026-08-23T17:19:56+02:00,,405,nagimiso,nagimiso,JTG 99,99,817251,159,190,JTG,Pokémon,pokemon,220,https://images.tcggo.com/tcggo/storage/38753/jtg_logo.png,Journey Together,EUR,431.79,EUR,437.39,2025-03-28,1,Scarlet & Violet,scarlet-violet,journey-together,140,21975,https://images.tcggo.com/tcggo/storage/22001/pangoro-jtg-99-journey-together.png,https://www.tcggo.com/external/cm/21975,https://www.tcggo.com/external/tcgplayer/21975,Pangoro,Pangoro 99,0.02,0.02,14594,EUR,[],,,,,,,,,0.02,0.02,0.02,0.02,0.02,0.02,0.02,0.02,0.02,0.02,,,,,,,,,,,,,,,,,,,,,,,,,,,,,,,,,,,,,,,,,,EUR,0.21,0.09,Uncommon,pangoro,Pokémon,https://www.tcggo.com/pokemon/journey-together/pangoro-99,sv9-99,623526,singles
2026-08-23T17:19:56+02:00,,434,AKIRA EGAWA,akira-egawa,JTG 100,100,817252,159,190,JTG,Pokémon,pokemon,220,https://images.tcggo.com/tcggo/storage/38753/jtg_logo.png,Journey Together,EUR,431.79,EUR,437.39,2025-03-28,1,Scarlet & Violet,scarlet-violet,journey-together,120,21976,https://images.tcggo.com/tcggo/storage/22002/lokix-jtg-100-journey-together.png,https://www.tcggo.com/external/cm/21976,https://www.tcggo.com/external/tcgplayer/21976,Lokix,Lokix 100,0.02,0.03,12452,EUR,[],,,,,,,,,0.02,0.02,0.02,0.02,0.02,0.02,0.02,0.02,0.02,0.02,,,,,,,,,,,,,,,,,,,,,,,,,,,,,,,,,,,,,,,,,,EUR,0.31,0.09,Uncommon,lokix,Pokémon,https://www.tcggo.com/pokemon/journey-together/lokix-100,sv9-100,623527,singles
2026-08-23T17:19:56+02:00,,396,Gemi,gemi,JTG 101,101,817253,159,190,JTG,Pokémon,pokemon,220,https://images.tcggo.com/tcggo/storage/38753/jtg_logo.png,Journey Together,EUR,431.79,EUR,437.39,2025-03-28,1,Scarlet & Violet,scarlet-violet,journey-together,120,21977,https://images.tcggo.com/tcggo/storage/22003/bombirdier-jtg-101-journey-together.png,https://www.tcggo.com/external/cm/21977,https://www.tcggo.com/external/tcgplayer/21977,Bombirdier,Bombirdier 101,0.03,0.04,6979,EUR,[],,,,,,,,,0.02,0.02,0.02,0.02,0.02,0.02,0.02,0.02,0.02,0.02,,,,,,,,,,,,,,,,,,,,,,,,,,,,,,,,,,,,,,,,,,EUR,0.17,0.11,Common,bombirdier,Pokémon,https://www.tcggo.com/pokemon/journey-together/bombirdier-101,sv9-101,623528,singles
2026-08-23T17:19:56+02:00,,388,Takumi Wada,takumi-wada,JTG 102,102,817254,159,190,JTG,Pokémon,pokemon,220,https://images.tcggo.com/tcggo/storage/38753/jtg_logo.png,Journey Together,EUR,431.79,EUR,437.39,2025-03-28,1,Scarlet & Violet,scarlet-violet,journey-together,120,21978,https://images.tcggo.com/tcggo/storage/22004/escavalier-jtg-102-journey-together.png,https://www.tcggo.com/external/cm/21978,https://www.tcggo.com/external/tcgplayer/21978,Escavalier,Escavalier 102,0.03,0.03,14592,EUR,[],,,,,,,,,0.02,0.02,0.02,0.02,0.02,0.02,0.02,0.02,0.02,0.02,,,,,,,,,,,,,,,,,,,,,,,,,,,,,,,,,,,,,,,,,,EUR,0.2,0.09,Uncommon,escavalier,Pokémon,https://www.tcggo.com/pokemon/journey-together/escavalier-102,sv9-102,623529,singles
2026-08-23T17:19:56+02:00,,370,Saboteri,saboteri,JTG 103,103,817255,159,190,JTG,Pokémon,pokemon,220,https://images.tcggo.com/tcggo/storage/38753/jtg_logo.png,Journey Together,EUR,431.79,EUR,437.39,2025-03-28,1,Scarlet & Violet,scarlet-violet,journey-together,60,21979,https://images.tcggo.com/tcggo/storage/22005/ns-klink-jtg-103-journey-together.png,https://www.tcggo.com/external/cm/21979,https://www.tcggo.com/external/tcgplayer/21979,N's Klink,N's Klink 103,0.03,0.02,12886,EUR,[],,,,,,,,,0.02,0.02,0.02,0.02,0.02,0.02,0.02,0.02,0.02,0.02,,,,,,,,,,,,,,,,,,,,,,,,,,,,,,,,,,,,,,,,,,EUR,0.18,0.1,Common,ns-klink,Pokémon,https://www.tcggo.com/pokemon/journey-together/ns-klink-103,sv9-103,623530,singles
2026-08-23T17:19:56+02:00,,382,KEIICHIRO ITO,keiichiro-ito,JTG 104,104,817256,159,190,JTG,Pokémon,pokemon,220,https://images.tcggo.com/tcggo/storage/38753/jtg_logo.png,Journey Together,EUR,431.79,EUR,437.39,2025-03-28,1,Scarlet & Violet,scarlet-violet,journey-together,90,21980,https://images.tcggo.com/tcggo/storage/22006/ns-klang-jtg-104-journey-together.png,https://www.tcggo.com/external/cm/21980,https://www.tcggo.com/external/tcgplayer/21980,N's Klang,N's Klang 104,0.04,0.04,6700,EUR,[],,,,,,,,,0.03,0.02,0.02,0.02,0.02,0.02,0.02,0.02,0.02,0.02,,,,,,,,,,,,,,,,,,,,,,,,,,,,,,,,,,,,,,,,,,EUR,0.21,0.13,Common,ns-klang,Pokémon,https://www.tcggo.com/pokemon/journey-together/ns-klang-104,sv9-104,623531,singles
2026-08-23T17:19:56+02:00,,468,matazo,matazo,JTG 105,105,817257,159,190,JTG,Pokémon,pokemon,220,https://images.tcggo.com/tcggo/storage/38753/jtg_logo.png,Journey Together,EUR,431.79,EUR,437.39,2025-03-28,1,Scarlet & Violet,scarlet-violet,journey-together,160,21981,https://images.tcggo.com/tcggo/storage/22007/ns-klinklang-jtg-105-journey-together.png,https://www.tcggo.com/external/cm/21981,https://www.tcggo.com/external/tcgplayer/21981,N's Klinklang,N's Klinklang 105,0.03,0.03,12211,EUR,[],,,,,,,,,0.02,0.02,0.02,0.02,0.02,0.02,0.02,0.02,0.02,0.02,,,,,,,,,,,,,,,,,,,,,,,,,,,,,,,,,,,,,,,,,,EUR,0.31,0.13,Uncommon,ns-klinklang,Pokémon,https://www.tcggo.com/pokemon/journey-together/ns-klinklang-105,sv9-105,623532,singles
2026-08-23T17:19:56+02:00,,435,Aya Kusube,aya-kusube,JTG 106,106,817258,159,190,JTG,Pokémon,pokemon,220,https://images.tcggo.com/tcggo/storage/38753/jtg_logo.png,Journey Together,EUR,431.79,EUR,437.39,2025-03-28,1,Scarlet & Violet,scarlet-violet,journey-together,100,21982,https://images.tcggo.com/tcggo/storage/22008/galarian-stunfisk-jtg-106-journey-together.png,https://www.tcggo.com/external/cm/21982,https://www.tcggo.com/external/tcgplayer/21982,Galarian Stunfisk,Galarian Stunfisk 106,0.04,0.04,7129,EUR,[],,,,,,,,,0.02,0.02,0.02,0.02,0.02,0.02,0.02,0.02,0.02,0.02,,,,,,,,,,,,,,,,,,,,,,,,,,,,,,,,,,,,,,,,,,EUR,0.21,0.1,Common,galarian-stunfisk,Pokémon,https://www.tcggo.com/pokemon/journey-together/galarian-stunfisk-106,sv9-106,623533,singles
2026-08-23T17:19:56+02:00,,403,rika,rika,JTG 107,107,817259,159,190,JTG,Pokémon,pokemon,220,https://images.tcggo.com/tcggo/storage/38753/jtg_logo.png,Journey Together,EUR,431.79,EUR,437.39,2025-03-28,1,Scarlet & Violet,scarlet-violet,journey-together,90,21983,https://images.tcggo.com/tcggo/storage/22009/magearna-jtg-107-journey-together.png,https://www.tcggo.com/external/cm/21983,https://www.tcggo.com/external/tcgplayer/21983,Magearna,Magearna 107,0.06,0.07,7779,EUR,[],,,,,,,,,0.03,0.02,0.02,0.02,0.02,0.02,0.02,0.02,0.02,0.02,,,,,,,,,,,,,,,,,,,,,,,,,,,,,,,,,,,,,,,,,,EUR,0.3,0.13,rare,magearna,Pokémon,https://www.tcggo.com/pokemon/journey-together/magearna-107,sv9-107,623534,singles
2026-08-23T17:19:56+02:00,,459,GIDORA,gidora,JTG 108,108,817260,159,190,JTG,Pokémon,pokemon,220,https://images.tcggo.com/tcggo/storage/38753/jtg_logo.png,Journey Together,EUR,431.79,EUR,437.39,2025-03-28,1,Scarlet & Violet,scarlet-violet,journey-together,170,21984,https://images.tcggo.com/tcggo/storage/22010/hops-corviknight-jtg-108-journey-together.png,https://www.tcggo.com/external/cm/21984,https://www.tcggo.com/external/tcgplayer/21984,Hop's Corviknight,Hop's Corviknight 108,0.04,0.05,12210,EUR,[],,,,,,,,,0.02,0.02,0.02,0.02,0.02,0.02,0.02,0.02,0.02,0.02,,,,,,,,,,,,,,,,,,,,,,,,,,,,,,,,,,,,,,,,,,EUR,0.36,0.11,Uncommon,hops-corviknight,Pokémon,https://www.tcggo.com/pokemon/journey-together/hops-corviknight-108,sv9-108,623535,singles
2026-08-23T17:19:56+02:00,,414,kodama,kodama,JTG 109,109,817261,159,190,JTG,Pokémon,pokemon,220,https://images.tcggo.com/tcggo/storage/38753/jtg_logo.png,Journey Together,EUR,431.79,EUR,437.39,2025-03-28,1,Scarlet & Violet,scarlet-violet,journey-together,100,21985,https://images.tcggo.com/tcggo/storage/22011/cufant-jtg-109-journey-together.png,https://www.tcggo.com/external/cm/21985,https://www.tcggo.com/external/tcgplayer/21985,Cufant,Cufant 109,0.03,0.03,13172,EUR,[],,,,,,,,,0.02,0.02,0.02,0.02,0.02,0.02,0.02,0.02,0.02,0.02,,,,,,,,,,,,,,,,,,,,,,,,,,,,,,,,,,,,,,,,,,EUR,0.2,0.09,Common,cufant,Pokémon,https://www.tcggo.com/pokemon/journey-together/cufant-109,sv9-109,623536,singles
2026-08-23T17:19:56+02:00,,518,Ryuta Fuse,ryuta-fuse,JTG 110,110,817262,159,190,JTG,Pokémon,pokemon,220,https://images.tcggo.com/tcggo/storage/38753/jtg_logo.png,Journey Together,EUR,431.79,EUR,437.39,2025-03-28,1,Scarlet & Violet,scarlet-violet,journey-together,190,21986,https://images.tcggo.com/tcggo/storage/22012/copperajah-jtg-110-journey-together.png,https://www.tcggo.com/external/cm/21986,https://www.tcggo.com/external/tcgplayer/21986,Copperajah,Copperajah 110,0.03,0.03,12202,EUR,[],,,,,,,,,0.02,0.02,0.02,0.02,0.02,0.02,0.02,0.02,0.02,0.02,,,,,,,,,,,,,,,,,,,,,,,,,,,,,,,,,,,,,,,,,,EUR,0.29,0.11,Uncommon,copperajah,Pokémon,https://www.tcggo.com/pokemon/journey-together/copperajah-110,sv9-110,623537,singles
2026-08-23T17:19:56+02:00,,371,aky CG Works,aky-cg-works,JTG 111,111,817263,159,190,JTG,Pokémon,pokemon,220,https://images.tcggo.com/tcggo/storage/38753/jtg_logo.png,Journey Together,EUR,431.79,EUR,437.39,2025-03-28,1,Scarlet & Violet,scarlet-violet,journey-together,230,21987,https://images.tcggo.com/tcggo/storage/22013/hops-zacian-ex-jtg-111-journey-together.png,https://www.tcggo.com/external/cm/21987,https://www.tcggo.com/external/tcgplayer/21987,Hop's Zacian ex,Hop's Zacian ex 111,0.6,0.6,2474,EUR,[],,,,,,,,,0.05,0.2,0.2,0.2,0.2,0.05,0.5,0.5,0.1,0.1,,,,,,,,,,,,,,,,,,,,,,,,,,,,,,,,,,,,,,,,,,EUR,0.55,0.64,Double Rare,hops-zacian-ex,Pokémon,https://www.tcggo.com/pokemon/journey-together/hops-zacian-ex-111,sv9-111,623538,singles
2026-08-23T17:19:56+02:00,,438,Miki Tanaka,miki-tanaka,JTG 112,112,817264,159,190,JTG,Pokémon,pokemon,220,https://images.tcggo.com/tcggo/storage/38753/jtg_logo.png,Journey Together,EUR,431.79,EUR,437.39,2025-03-28,1,Scarlet & Violet,scarlet-violet,journey-together,70,21988,https://images.tcggo.com/tcggo/storage/22014/bagon-jtg-112-journey-together.png,https://www.tcggo.com/external/cm/21988,https://www.tcggo.com/external/tcgplayer/21988,Bagon,Bagon 112,0.03,0.03,12440,EUR,[],,,,,,,,,0.02,0.02,0.02,0.02,0.02,0.02,0.02,0.02,0.02,0.02,,,,,,,,,,,,,,,,,,,,,,,,,,,,,,,,,,,,,,,,,,EUR,0.25,0.09,Common,bagon,Pokémon,https://www.tcggo.com/pokemon/journey-together/bagon-112,sv9-112,623539,singles
2026-08-23T17:19:56+02:00,,583,Julie Hang,julie-hang,JTG 113,113,817265,159,190,JTG,Pokémon,pokemon,220,https://images.tcggo.com/tcggo/storage/38753/jtg_logo.png,Journey Together,EUR,431.79,EUR,437.39,2025-03-28,1,Scarlet & Violet,scarlet-violet,journey-together,100,21989,https://images.tcggo.com/tcggo/storage/22015/shelgon-jtg-113-journey-together.png,https://www.tcggo.com/external/cm/21989,https://www.tcggo.com/external/tcgplayer/21989,Shelgon,Shelgon 113,0.05,0.05,6382,EUR,[],,,,,,,,,0.03,0.02,0.02,0.02,0.02,0.02,0.02,0.02,0.02,0.02,,,,,,,,,,,,,,,,,,,,,,,,,,,,,,,,,,,,,,,,,,EUR,0.23,0.14,Common,shelgon,Pokémon,https://www.tcggo.com/pokemon/journey-together/shelgon-113,sv9-113,623540,singles
2026-08-23T17:19:56+02:00,,369,toriyufu,toriyufu,JTG 114,114,817266,159,190,JTG,Pokémon,pokemon,220,https://images.tcggo.com/tcggo/storage/38753/jtg_logo.png,Journey Together,EUR,431.79,EUR,437.39,2025-03-28,1,Scarlet & Violet,scarlet-violet,journey-together,320,21990,https://images.tcggo.com/tcggo/storage/22016/salamence-ex-jtg-114-journey-together.png,https://www.tcggo.com/external/cm/21990,https://www.tcggo.com/external/tcgplayer/21990,Salamence ex,Salamence ex 114,0.62,0.58,2252,EUR,[],,,,,,,,,0.05,0.1,0.1,0.5,0.5,0.05,0.57,0.6,0.04,0.04,,,,,,,,,,,,,,,,,,,,,,,,,,,,,,,,,,,,,,,,,,EUR,0.61,0.69,Double Rare,salamence-ex,Pokémon,https://www.tcggo.com/pokemon/journey-together/salamence-ex-114,sv9-114,623541,singles
2026-08-23T17:19:56+02:00,,408,kawayoo,kawayoo,JTG 115,115,817267,159,190,JTG,Pokémon,pokemon,220,https://images.tcggo.com/tcggo/storage/38753/jtg_logo.png,Journey Together,EUR,431.79,EUR,437.39,2025-03-28,1,Scarlet & Violet,scarlet-violet,journey-together,120,21991,https://images.tcggo.com/tcggo/storage/22017/druddigon-jtg-115-journey-together.png,https://www.tcggo.com/external/cm/21991,https://www.tcggo.com/external/tcgplayer/21991,Druddigon,Druddigon 115,0.04,0.04,6727,EUR,[],,,,,,,,,0.02,0.02,0.02,0.02,0.02,0.02,0.02,0.02,0.02,0.02,,,,,,,,,,,,,,,,,,,,,,,,,,,,,,,,,,,,,,,,,,EUR,0.24,0.13,Common,druddigon,Pokémon,https://www.tcggo.com/pokemon/journey-together/druddigon-115,sv9-115,623542,singles
2026-08-23T17:19:56+02:00,,403,rika,rika,JTG 116,116,817268,159,190,JTG,Pokémon,pokemon,220,https://images.tcggo.com/tcggo/storage/38753/jtg_logo.png,Journey Together,EUR,431.79,EUR,437.39,2025-03-28,1,Scarlet & Violet,scarlet-violet,journey-together,130,21992,https://images.tcggo.com/tcggo/storage/22018/ns-reshiram-jtg-116-journey-together.png,https://www.tcggo.com/external/cm/21992,https://www.tcggo.com/external/tcgplayer/21992,N's Reshiram,N's Reshiram 116,0.09,0.08,7695,EUR,[],,,,,,,,,0.03,0.02,0.02,0.02,0.02,0.02,0.02,0.02,0.02,0.02,,,,,,,,,,,,,,,,,,,,,,,,,,,,,,,,,,,,,,,,,,EUR,0.45,0.21,rare,ns-reshiram,Pokémon,https://www.tcggo.com/pokemon/journey-together/ns-reshiram-116,sv9-116,623543,singles
2026-08-23T17:19:56+02:00,,373,GOSSAN,gossan,JTG 117,117,817269,159,190,JTG,Pokémon,pokemon,220,https://images.tcggo.com/tcggo/storage/38753/jtg_logo.png,Journey Together,EUR,431.79,EUR,437.39,2025-03-28,1,Scarlet & Violet,scarlet-violet,journey-together,150,21993,https://images.tcggo.com/tcggo/storage/22019/hops-snorlax-jtg-117-journey-together.png,https://www.tcggo.com/external/cm/21993,https://www.tcggo.com/external/tcgplayer/21993,Hop's Snorlax,Hop's Snorlax 117,0.2,0.17,6793,EUR,[],,,,,,,,,0.03,0.02,0.02,0.02,0.02,0.02,0.02,0.02,0.02,0.02,,,,,,,,,,,,,,,,,,,,,,,,,,,,,,,,,,,,,,,,,,EUR,0.64,0.21,rare,hops-snorlax,Pokémon,https://www.tcggo.com/pokemon/journey-together/hops-snorlax-117,sv9-117,623544,singles
2026-08-23T17:19:56+02:00,,412,Taiga Kayama,taiga-kayama,JTG 118,118,817270,159,190,JTG,Pokémon,pokemon,220,https://images.tcggo.com/tcggo/storage/38753/jtg_logo.png,Journey Together,EUR,431.79,EUR,437.39,2025-03-28,1,Scarlet & Violet,scarlet-violet,journey-together,60,21994,https://images.tcggo.com/tcggo/storage/22020/sentret-jtg-118-journey-together.png,https://www.tcggo.com/external/cm/21994,https://www.tcggo.com/external/tcgplayer/21994,Sentret,Sentret 118,0.04,0.07,12350,EUR,[],,,,,,,,,0.02,0.02,0.02,0.02,0.02,0.02,0.02,0.02,0.02,0.02,,,,,,,,,,,,,,,,,,,,,,,,,,,,,,,,,,,,,,,,,,EUR,0.22,0.09,Common,sentret,Pokémon,https://www.tcggo.com/pokemon/journey-together/sentret-118,sv9-118,623545,singles
2026-08-23T17:19:56+02:00,,372,Tomomi Ozaki,tomomi-ozaki,JTG 119,119,817271,159,190,JTG,Pokémon,pokemon,220,https://images.tcggo.com/tcggo/storage/38753/jtg_logo.png,Journey Together,EUR,431.79,EUR,437.39,2025-03-28,1,Scarlet & Violet,scarlet-violet,journey-together,120,21995,https://images.tcggo.com/tcggo/storage/22021/furret-jtg-119-journey-together.png,https://www.tcggo.com/external/cm/21995,https://www.tcggo.com/external/tcgplayer/21995,Furret,Furret 119,0.04,0.04,6132,EUR,[],,,,,,,,,0.02,0.02,0.02,0.02,0.02,0.02,0.02,0.02,0.02,0.02,,,,,,,,,,,,,,,,,,,,,,,,,,,,,,,,,,,,,,,,,,EUR,0.24,0.13,Common,furret,Pokémon,https://www.tcggo.com/pokemon/journey-together/furret-119,sv9-119,623546,singles
2026-08-23T17:19:56+02:00,,427,Asako Ito,asako-ito,JTG 120,120,817272,159,190,JTG,Pokémon,pokemon,220,https://images.tcggo.com/tcggo/storage/38753/jtg_logo.png,Journey Together,EUR,431.79,EUR,437.39,2025-03-28,1,Scarlet & Violet,scarlet-violet,journey-together,70,21996,https://images.tcggo.com/tcggo/storage/22022/dunsparce-jtg-120-journey-together.png,https://www.tcggo.com/external/cm/21996,https://www.tcggo.com/external/tcgplayer/21996,Dunsparce,Dunsparce 120,1.11,1.82,378,EUR,[],,,,,,,,,0.03,0.03,0.04,3.4,3.4,0.03,0.02,0.02,0.02,0.02,,,,,,,,,,,,,,,,,,,,,,,,,,,,,,,,,,,,,,,,,,EUR,1.77,0.21,Common,dunsparce,Pokémon,https://www.tcggo.com/pokemon/journey-together/dunsparce-120,sv9-120,623547,singles
2026-08-23T17:19:56+02:00,,380,5ban Graphics,5ban-graphics,JTG 121,121,817273,159,190,JTG,Pokémon,pokemon,220,https://images.tcggo.com/tcggo/storage/38753/jtg_logo.png,Journey Together,EUR,431.79,EUR,437.39,2025-03-28,1,Scarlet & Violet,scarlet-violet,journey-together,270,21997,https://images.tcggo.com/tcggo/storage/22023/dudunsparce-ex-jtg-121-journey-together.png,https://www.tcggo.com/external/cm/21997,https://www.tcggo.com/external/tcgplayer/21997,Dudunsparce ex,Dudunsparce ex 121,0.85,0.92,1469,EUR,[],,,,,,,,,0.02,0.29,0.29,0.5,0.5,0.02,0.29,0.29,0.1,0.1,,,,,,,,,,,,,,,,,,,,,,,,,,,,,,,,,,,,,,,,,,EUR,0.7,0.64,Double Rare,dudunsparce-ex,Pokémon,https://www.tcggo.com/pokemon/journey-together/dudunsparce-ex-121,sv9-121,623548,singles
2026-08-23T17:19:56+02:00,,507,0313,0313,JTG 122,122,817274,159,190,JTG,Pokémon,pokemon,220,https://images.tcggo.com/tcggo/storage/38753/jtg_logo.png,Journey Together,EUR,431.79,EUR,437.39,2025-03-28,1,Scarlet & Violet,scarlet-violet,journey-together,80,21998,https://images.tcggo.com/tcggo/storage/22024/kecleon-jtg-122-journey-together.png,https://www.tcggo.com/external/cm/21998,https://www.tcggo.com/external/tcgplayer/21998,Kecleon,Kecleon 122,0.04,0.04,6437,EUR,[],,,,,,,,,0.02,0.02,0.02,0.02,0.02,0.02,0.02,0.02,0.02,0.02,,,,,,,,,,,,,,,,,,,,,,,,,,,,,,,,,,,,,,,,,,EUR,0.25,0.13,Common,kecleon,Pokémon,https://www.tcggo.com/pokemon/journey-together/kecleon-122-2,sv9-122,623549,singles
2026-08-23T17:19:56+02:00,,413,Atsuya Uki,atsuya-uki,JTG 123,123,817275,159,190,JTG,Pokémon,pokemon,220,https://images.tcggo.com/tcggo/storage/38753/jtg_logo.png,Journey Together,EUR,431.79,EUR,437.39,2025-03-28,1,Scarlet & Violet,scarlet-violet,journey-together,110,21999,https://images.tcggo.com/tcggo/storage/22025/tropius-jtg-123-journey-together.png,https://www.tcggo.com/external/cm/21999,https://www.tcggo.com/external/tcgplayer/21999,Tropius,Tropius 123,0.04,0.05,6922,EUR,[],,,,,,,,,0.03,0.02,0.02,0.02,0.02,0.02,0.02,0.02,0.02,0.02,,,,,,,,,,,,,,,,,,,,,,,,,,,,,,,,,,,,,,,,,,EUR,0.21,0.1,Common,tropius,Pokémon,https://www.tcggo.com/pokemon/journey-together/tropius-123,sv9-123,623550,singles
2026-08-23T17:19:56+02:00,,777,Minahamu,minahamu,JTG 124,124,817276,159,190,JTG,Pokémon,pokemon,220,https://images.tcggo.com/tcggo/storage/38753/jtg_logo.png,Journey Together,EUR,431.79,EUR,437.39,2025-03-28,1,Scarlet & Violet,scarlet-violet,journey-together,110,22000,https://images.tcggo.com/tcggo/storage/22026/audino-jtg-124-journey-together.png,https://www.tcggo.com/external/cm/22000,https://www.tcggo.com/external/tcgplayer/22000,Audino,Audino 124,0.05,0.05,6865,EUR,[],,,,,,,,,0.03,0.02,0.02,0.02,0.02,0.02,0.02,0.02,0.02,0.02,,,,,,,,,,,,,,,,,,,,,,,,,,,,,,,,,,,,,,,,,,EUR,0.21,0.13,Common,audino,Pokémon,https://www.tcggo.com/pokemon/journey-together/audino-124,sv9-124,623551,singles
2026-08-23T17:19:56+02:00,,368,Oswaldo KATO,oswaldo-kato,JTG 125,125,817277,159,190,JTG,Pokémon,pokemon,220,https://images.tcggo.com/tcggo/storage/38753/jtg_logo.png,Journey Together,EUR,431.79,EUR,437.39,2025-03-28,1,Scarlet & Violet,scarlet-violet,journey-together,70,22001,https://images.tcggo.com/tcggo/storage/22027/minccino-jtg-125-journey-together.png,https://www.tcggo.com/external/cm/22001,https://www.tcggo.com/external/tcgplayer/22001,Minccino,Minccino 125,0.03,0.04,12774,EUR,[],,,,,,,,,0.02,0.02,0.02,0.02,0.02,0.02,0.02,0.02,0.02,0.02,,,,,,,,,,,,,,,,,,,,,,,,,,,,,,,,,,,,,,,,,,EUR,0.23,0.09,Common,minccino,Pokémon,https://www.tcggo.com/pokemon/journey-together/minccino-125,sv9-125,623552,singles
2026-08-23T17:19:56+02:00,,477,En Morikura,en-morikura,JTG 126,126,817278,159,190,JTG,Pokémon,pokemon,220,https://images.tcggo.com/tcggo/storage/38753/jtg_logo.png,Journey Together,EUR,431.79,EUR,437.39,2025-03-28,1,Scarlet & Violet,scarlet-violet,journey-together,100,22002,https://images.tcggo.com/tcggo/storage/22028/cinccino-jtg-126-journey-together.png,https://www.tcggo.com/external/cm/22002,https://www.tcggo.com/external/tcgplayer/22002,Cinccino,Cinccino 126,0.03,0.04,11906,EUR,[],,,,,,,,,0.02,0.02,0.02,0.02,0.02,0.02,0.02,0.02,0.02,0.02,,,,,,,,,,,,,,,,,,,,,,,,,,,,,,,,,,,,,,,,,,EUR,0.33,0.1,Uncommon,cinccino,Pokémon,https://www.tcggo.com/pokemon/journey-together/cinccino-126,sv9-126,623553,singles
2026-08-23T17:19:56+02:00,,441,Tomokazu Komiya,tomokazu-komiya,JTG 127,127,817279,159,190,JTG,Pokémon,pokemon,220,https://images.tcggo.com/tcggo/storage/38753/jtg_logo.png,Journey Together,EUR,431.79,EUR,437.39,2025-03-28,1,Scarlet & Violet,scarlet-violet,journey-together,60,22003,https://images.tcggo.com/tcggo/storage/22029/noibat-jtg-127-journey-together.png,https://www.tcggo.com/external/cm/22003,https://www.tcggo.com/external/tcgplayer/22003,Noibat,Noibat 127,0.03,0.05,12882,EUR,[],,,,,,,,,0.02,0.02,0.02,0.02,0.02,0.02,0.02,0.02,0.02,0.02,,,,,,,,,,,,,,,,,,,,,,,,,,,,,,,,,,,,,,,,,,EUR,0.25,0.11,Common,noibat,Pokémon,https://www.tcggo.com/pokemon/journey-together/noibat-127,sv9-127,623554,singles
2026-08-23T17:19:56+02:00,,363,Anesaki Dynamic,anesaki-dynamic,JTG 128,128,817280,159,190,JTG,Pokémon,pokemon,220,https://images.tcggo.com/tcggo/storage/38753/jtg_logo.png,Journey Together,EUR,431.79,EUR,437.39,2025-03-28,1,Scarlet & Violet,scarlet-violet,journey-together,110,22004,https://images.tcggo.com/tcggo/storage/22030/noivern-jtg-128-journey-together.png,https://www.tcggo.com/external/cm/22004,https://www.tcggo.com/external/tcgplayer/22004,Noivern,Noivern 128,0.06,0.06,8267,EUR,[],,,,,,,,,0.03,0.02,0.02,0.02,0.02,0.02,0.02,0.02,0.02,0.02,,,,,,,,,,,,,,,,,,,,,,,,,,,,,,,,,,,,,,,,,,EUR,0.35,0.14,rare,noivern,Pokémon,https://www.tcggo.com/pokemon/journey-together/noivern-128,sv9-128,623555,singles
2026-08-23T17:19:56+02:00,,528,Natsumi Yoshida,natsumi-yoshida,JTG 129,129,817281,159,190,JTG,Pokémon,pokemon,220,https://images.tcggo.com/tcggo/storage/38753/jtg_logo.png,Journey Together,EUR,431.79,EUR,437.39,2025-03-28,1,Scarlet & Violet,scarlet-violet,journey-together,100,22005,https://images.tcggo.com/tcggo/storage/22031/komala-jtg-129-journey-together.png,https://www.tcggo.com/external/cm/22005,https://www.tcggo.com/external/tcgplayer/22005,Komala,Komala 129,0.04,0.04,6680,EUR,[],,,,,,,,,0.03,0.02,0.02,0.02,0.02,0.02,0.02,0.02,0.02,0.02,,,,,,,,,,,,,,,,,,,,,,,,,,,,,,,,,,,,,,,,,,EUR,0.22,0.13,Common,komala,Pokémon,https://www.tcggo.com/pokemon/journey-together/komala-129,sv9-129,623556,singles
2026-08-23T17:19:56+02:00,,431,Tetsu Kayama,tetsu-kayama,JTG 130,130,817282,159,190,JTG,Pokémon,pokemon,220,https://images.tcggo.com/tcggo/storage/38753/jtg_logo.png,Journey Together,EUR,431.79,EUR,437.39,2025-03-28,1,Scarlet & Violet,scarlet-violet,journey-together,120,22006,https://images.tcggo.com/tcggo/storage/22032/drampa-jtg-130-journey-together.png,https://www.tcggo.com/external/cm/22006,https://www.tcggo.com/external/tcgplayer/22006,Drampa,Drampa 130,0.04,0.04,6823,EUR,[],,,,,,,,,0.02,0.02,0.02,0.02,0.02,0.02,0.02,0.02,0.02,0.02,,,,,,,,,,,,,,,,,,,,,,,,,,,,,,,,,,,,,,,,,,EUR,0.24,0.13,Common,drampa,Pokémon,https://www.tcggo.com/pokemon/journey-together/drampa-130,sv9-130,623557,singles
2026-08-23T17:19:56+02:00,,381,sowsow,sowsow,JTG 131,131,817283,159,190,JTG,Pokémon,pokemon,220,https://images.tcggo.com/tcggo/storage/38753/jtg_logo.png,Journey Together,EUR,431.79,EUR,437.39,2025-03-28,1,Scarlet & Violet,scarlet-violet,journey-together,60,22007,https://images.tcggo.com/tcggo/storage/22033/skwovet-jtg-131-journey-together.png,https://www.tcggo.com/external/cm/22007,https://www.tcggo.com/external/tcgplayer/22007,Skwovet,Skwovet 131,0.03,0.03,12732,EUR,[],,,,,,,,,0.02,0.02,0.02,0.02,0.02,0.02,0.02,0.02,0.02,0.02,,,,,,,,,,,,,,,,,,,,,,,,,,,,,,,,,,,,,,,,,,EUR,0.21,0.09,Common,skwovet,Pokémon,https://www.tcggo.com/pokemon/journey-together/skwovet-131,sv9-131,623558,singles
2026-08-23T17:19:56+02:00,,386,Jerky,jerky,JTG 132,132,817284,159,190,JTG,Pokémon,pokemon,220,https://images.tcggo.com/tcggo/storage/38753/jtg_logo.png,Journey Together,EUR,431.79,EUR,437.39,2025-03-28,1,Scarlet & Violet,scarlet-violet,journey-together,120,22008,https://images.tcggo.com/tcggo/storage/22034/greedent-jtg-132-journey-together.png,https://www.tcggo.com/external/cm/22008,https://www.tcggo.com/external/tcgplayer/22008,Greedent,Greedent 132,0.03,0.03,12156,EUR,[],,,,,,,,,0.02,0.02,0.02,0.02,0.02,0.02,0.02,0.02,0.02,0.02,,,,,,,,,,,,,,,,,,,,,,,,,,,,,,,,,,,,,,,,,,EUR,0.29,0.09,Uncommon,greedent,Pokémon,https://www.tcggo.com/pokemon/journey-together/greedent-132,sv9-132,623559,singles
2026-08-23T17:19:56+02:00,,786,Shinya Mizuno,shinya-mizuno,JTG 133,133,817285,159,190,JTG,Pokémon,pokemon,220,https://images.tcggo.com/tcggo/storage/38753/jtg_logo.png,Journey Together,EUR,431.79,EUR,437.39,2025-03-28,1,Scarlet & Violet,scarlet-violet,journey-together,60,22009,https://images.tcggo.com/tcggo/storage/22035/hops-rookidee-jtg-133-journey-together.png,https://www.tcggo.com/external/cm/22009,https://www.tcggo.com/external/tcgplayer/22009,Hop's Rookidee,Hop's Rookidee 133,0.04,0.08,7101,EUR,[],,,,,,,,,0.02,0.02,0.02,0.02,0.02,0.02,0.02,0.02,0.02,0.02,,,,,,,,,,,,,,,,,,,,,,,,,,,,,,,,,,,,,,,,,,EUR,0.21,0.13,Common,hops-rookidee,Pokémon,https://www.tcggo.com/pokemon/journey-together/hops-rookidee-133,sv9-133,623560,singles
2026-08-23T17:19:56+02:00,,377,Souichirou Gunjima,souichirou-gunjima,JTG 134,134,817286,159,190,JTG,Pokémon,pokemon,220,https://images.tcggo.com/tcggo/storage/38753/jtg_logo.png,Journey Together,EUR,431.79,EUR,437.39,2025-03-28,1,Scarlet & Violet,scarlet-violet,journey-together,90,22010,https://images.tcggo.com/tcggo/storage/22036/hops-corvisquire-jtg-134-journey-together.png,https://www.tcggo.com/external/cm/22010,https://www.tcggo.com/external/tcgplayer/22010,Hop's Corvisquire,Hop's Corvisquire 134,0.05,0.08,6933,EUR,[],,,,,,,,,0.03,0.02,0.02,0.02,0.02,0.02,0.02,0.02,0.02,0.02,,,,,,,,,,,,,,,,,,,,,,,,,,,,,,,,,,,,,,,,,,EUR,0.23,0.13,Common,hops-corvisquire,Pokémon,https://www.tcggo.com/pokemon/journey-together/hops-corvisquire-134,sv9-134,623561,singles
2026-08-23T17:19:56+02:00,,372,Tomomi Ozaki,tomomi-ozaki,JTG 135,135,276210,159,190,JTG,Pokémon,pokemon,220,https://images.tcggo.com/tcggo/storage/38753/jtg_logo.png,Journey Together,EUR,431.79,EUR,437.39,2025-03-28,1,Scarlet & Violet,scarlet-violet,journey-together,70,22011,https://images.tcggo.com/tcggo/storage/22037/hops-wooloo-jtg-135-journey-together.png,https://www.tcggo.com/external/cm/22011,https://www.tcggo.com/external/tcgplayer/22011,Hop's Wooloo,Hop's Wooloo 135,0.04,0.06,12058,EUR,[],,,,,,,,,0.03,0.02,0.02,0.02,0.02,0.02,0.02,0.02,0.02,0.02,,,,,,,,,,,,,,,,,,,,,,,,,,,,,,,,,,,,,,,,,,EUR,0.21,0.1,Common,hops-wooloo,Pokémon,https://www.tcggo.com/pokemon/journey-together/hops-wooloo-135,sv9-135,623562,singles
2026-08-23T17:19:56+02:00,,486,Ryota Murayama,ryota-murayama,JTG 136,136,817288,159,190,JTG,Pokémon,pokemon,220,https://images.tcggo.com/tcggo/storage/38753/jtg_logo.png,Journey Together,EUR,431.79,EUR,437.39,2025-03-28,1,Scarlet & Violet,scarlet-violet,journey-together,120,22012,https://images.tcggo.com/tcggo/storage/22038/hops-dubwool-jtg-136-journey-together.png,https://www.tcggo.com/external/cm/22012,https://www.tcggo.com/external/tcgplayer/22012,Hop's Dubwool,Hop's Dubwool 136,0.09,0.07,9154,EUR,[],,,,,,,,,0.02,0.02,0.02,0.02,0.02,0.02,0.02,0.02,0.02,0.02,,,,,,,,,,,,,,,,,,,,,,,,,,,,,,,,,,,,,,,,,,EUR,0.35,0.14,rare,hops-dubwool,Pokémon,https://www.tcggo.com/pokemon/journey-together/hops-dubwool-136,sv9-136,623563,singles
2026-08-23T17:19:56+02:00,,372,Tomomi Ozaki,tomomi-ozaki,JTG 137,137,817289,159,190,JTG,Pokémon,pokemon,220,https://images.tcggo.com/tcggo/storage/38753/jtg_logo.png,Journey Together,EUR,431.79,EUR,437.39,2025-03-28,1,Scarlet & Violet,scarlet-violet,journey-together,110,22013,https://images.tcggo.com/tcggo/storage/22039/cramorant-jtg-137-journey-together.png,https://www.tcggo.com/external/cm/22013,https://www.tcggo.com/external/tcgplayer/22013,Cramorant,Cramorant 137,0.04,0.05,6950,EUR,[],,,,,,,,,0.02,0.02,0.02,0.02,0.02,0.02,0.02,0.02,0.02,0.02,,,,,,,,,,,,,,,,,,,,,,,,,,,,,,,,,,,,,,,,,,EUR,0.21,0.13,Common,cramorant,Pokémon,https://www.tcggo.com/pokemon/journey-together/cramorant-137,sv9-137,623564,singles
2026-08-23T17:19:56+02:00,,370,Saboteri,saboteri,JTG 138,138,817290,159,190,JTG,Pokémon,pokemon,220,https://images.tcggo.com/tcggo/storage/38753/jtg_logo.png,Journey Together,EUR,431.79,EUR,437.39,2025-03-28,1,Scarlet & Violet,scarlet-violet,journey-together,110,22014,https://images.tcggo.com/tcggo/storage/22040/hops-cramorant-jtg-138-journey-together.png,https://www.tcggo.com/external/cm/22014,https://www.tcggo.com/external/tcgplayer/22014,Hop's Cramorant,Hop's Cramorant 138,0.03,0.04,13363,EUR,[],,,,,,,,,0.02,0.02,0.02,0.02,0.02,0.02,0.02,0.02,0.02,0.02,,,,,,,,,,,,,,,,,,,,,,,,,,,,,,,,,,,,,,,,,,EUR,0.26,0.13,Uncommon,hops-cramorant,Pokémon,https://www.tcggo.com/pokemon/journey-together/hops-cramorant-138,sv9-138,623565,singles
2026-08-23T17:19:56+02:00,,394,OKACHEKE,okacheke,JTG 139,139,817291,159,190,JTG,Pokémon,pokemon,220,https://images.tcggo.com/tcggo/storage/38753/jtg_logo.png,Journey Together,EUR,431.79,EUR,437.39,2025-03-28,1,Scarlet & Violet,scarlet-violet,journey-together,70,22015,https://images.tcggo.com/tcggo/storage/22041/lechonk-jtg-139-journey-together.png,https://www.tcggo.com/external/cm/22015,https://www.tcggo.com/external/tcgplayer/22015,Lechonk,Lechonk 139,0.03,0.03,12726,EUR,[],,,,,,,,,0.02,0.02,0.02,0.02,0.02,0.02,0.02,0.02,0.02,0.02,,,,,,,,,,,,,,,,,,,,,,,,,,,,,,,,,,,,,,,,,,EUR,0.23,0.1,Common,lechonk,Pokémon,https://www.tcggo.com/pokemon/journey-together/lechonk-139,sv9-139,623566,singles
2026-08-23T17:19:56+02:00,,416,Mina Nakai,mina-nakai,JTG 140,140,817292,159,190,JTG,Pokémon,pokemon,220,https://images.tcggo.com/tcggo/storage/38753/jtg_logo.png,Journey Together,EUR,431.79,EUR,437.39,2025-03-28,1,Scarlet & Violet,scarlet-violet,journey-together,120,22016,https://images.tcggo.com/tcggo/storage/22042/oinkologne-jtg-140-journey-together.png,https://www.tcggo.com/external/cm/22016,https://www.tcggo.com/external/tcgplayer/22016,Oinkologne,Oinkologne 140,0.03,0.03,12137,EUR,[],,,,,,,,,0.02,0.02,0.02,0.02,0.02,0.02,0.02,0.02,0.02,0.02,,,,,,,,,,,,,,,,,,,,,,,,,,,,,,,,,,,,,,,,,,EUR,0.43,0.09,Uncommon,oinkologne,Pokémon,https://www.tcggo.com/pokemon/journey-together/oinkologne-140,sv9-140,623567,singles
2026-08-23T17:19:56+02:00,,381,sowsow,sowsow,JTG 141,141,817293,159,190,JTG,Pokémon,pokemon,220,https://images.tcggo.com/tcggo/storage/38753/jtg_logo.png,Journey Together,EUR,431.79,EUR,437.39,2025-03-28,1,Scarlet & Violet,scarlet-violet,journey-together,70,22017,https://images.tcggo.com/tcggo/storage/22043/squawkabilly-jtg-141-journey-together.png,https://www.tcggo.com/external/cm/22017,https://www.tcggo.com/external/tcgplayer/22017,Squawkabilly,Squawkabilly 141,0.04,0.03,6647,EUR,[],,,,,,,,,0.03,0.02,0.02,0.02,0.02,0.02,0.02,0.02,0.02,0.02,,,,,,,,,,,,,,,,,,,,,,,,,,,,,,,,,,,,,,,,,,EUR,0.24,0.13,Common,squawkabilly,Pokémon,https://www.tcggo.com/pokemon/journey-together/squawkabilly-141,sv9-141,623568,singles
2026-08-23T17:19:56+02:00,,379,Sanosuke Sakuma,sanosuke-sakuma,JTG 142,142,817294,159,190,JTG,Pokémon,pokemon,220,https://images.tcggo.com/tcggo/storage/38753/jtg_logo.png,Journey Together,EUR,431.79,EUR,437.39,2025-03-28,1,Scarlet & Violet,scarlet-violet,journey-together,0,22018,https://images.tcggo.com/tcggo/storage/22044/billy-onare-jtg-142-journey-together.png,https://www.tcggo.com/external/cm/22018,https://www.tcggo.com/external/tcgplayer/22018,Billy & O'Nare,Billy & O'Nare 142,0.05,0.04,8489,EUR,[],,,,,,,,,0.02,0.02,0.02,0.02,0.02,0.02,0.02,0.02,0.02,0.02,,,,,,,,,,,,,,,,,,,,,,,,,,,,,,,,,,,,,,,,,,EUR,0.21,0.11,Common,billy-onare,Trainer,https://www.tcggo.com/pokemon/journey-together/billy-onare-142,sv9-142,623569,singles
2026-08-23T17:19:56+02:00,,373,GOSSAN,gossan,JTG 143,143,817295,159,190,JTG,Pokémon,pokemon,220,https://images.tcggo.com/tcggo/storage/38753/jtg_logo.png,Journey Together,EUR,431.79,EUR,437.39,2025-03-28,1,Scarlet & Violet,scarlet-violet,journey-together,0,22019,https://images.tcggo.com/tcggo/storage/22045/black-belts-training-jtg-143-journey-together.png,https://www.tcggo.com/external/cm/22019,https://www.tcggo.com/external/tcgplayer/22019,Black Belt's Training,Black Belt's Training 143,0.06,0.06,5854,EUR,[],,,,,,,,,0.02,0.02,0.02,0.02,0.02,0.02,0.02,0.02,0.02,0.02,,,,,,,,,,,,,,,,,,,,,,,,,,,,,,,,,,,,,,,,,,EUR,0.26,0.15,Common,black-belts-training,Trainer,https://www.tcggo.com/pokemon/journey-together/black-belts-training-143,sv9-143,623570,singles
2026-08-23T17:19:56+02:00,,373,GOSSAN,gossan,JTG 144,144,817296,159,190,JTG,Pokémon,pokemon,220,https://images.tcggo.com/tcggo/storage/38753/jtg_logo.png,Journey Together,EUR,431.79,EUR,437.39,2025-03-28,1,Scarlet & Violet,scarlet-violet,journey-together,0,22020,https://images.tcggo.com/tcggo/storage/22046/black-belts-training-jtg-144-journey-together.png,https://www.tcggo.com/external/cm/22020,https://www.tcggo.com/external/tcgplayer/22020,Black Belt's Training,Black Belt's Training 144,0.05,0.06,5866,EUR,[],,,,,,,,,0.02,0.02,0.02,0.02,0.02,0.02,0.02,0.02,0.02,0.02,,,,,,,,,,,,,,,,,,,,,,,,,,,,,,,,,,,,,,,,,,EUR,0.35,0.13,Common,black-belts-training,Trainer,https://www.tcggo.com/pokemon/journey-together/black-belts-training-144,sv9-144,623571,singles
2026-08-23T17:19:56+02:00,,373,GOSSAN,gossan,JTG 145,145,817297,159,190,JTG,Pokémon,pokemon,220,https://images.tcggo.com/tcggo/storage/38753/jtg_logo.png,Journey Together,EUR,431.79,EUR,437.39,2025-03-28,1,Scarlet & Violet,scarlet-violet,journey-together,0,22021,https://images.tcggo.com/tcggo/storage/22047/black-belts-training-jtg-145-journey-together.png,https://www.tcggo.com/external/cm/22021,https://www.tcggo.com/external/tcgplayer/22021,Black Belt's Training,Black Belt's Training 145,0.05,0.05,5821,EUR,[],,,,,,,,,0.02,0.02,0.02,0.02,0.02,0.02,0.02,0.02,0.02,0.02,,,,,,,,,,,,,,,,,,,,,,,,,,,,,,,,,,,,,,,,,,EUR,0.3,0.13,Common,black-belts-training,Trainer,https://www.tcggo.com/pokemon/journey-together/black-belts-training-145,sv9-145,623572,singles
2026-08-23T17:19:56+02:00,,385,Teeziro,teeziro,JTG 146,146,817298,159,190,JTG,Pokémon,pokemon,220,https://images.tcggo.com/tcggo/storage/38753/jtg_logo.png,Journey Together,EUR,431.79,EUR,437.39,2025-03-28,1,Scarlet & Violet,scarlet-violet,journey-together,0,22022,https://images.tcggo.com/tcggo/storage/22048/brocks-scouting-jtg-146-journey-together.png,https://www.tcggo.com/external/cm/22022,https://www.tcggo.com/external/tcgplayer/22022,Brock's Scouting,Brock's Scouting 146,0.11,0.12,9822,EUR,[],,,,,,,,,0.03,0.02,0.02,0.02,0.02,0.02,0.02,0.02,0.02,0.02,,,,,,,,,,,,,,,,,,,,,,,,,,,,,,,,,,,,,,,,,,EUR,0.4,0.17,Uncommon,brocks-scouting,Trainer,https://www.tcggo.com/pokemon/journey-together/brocks-scouting-146,sv9-146,623573,singles
2026-08-23T17:19:56+02:00,,453,AYUMI ODASHIMA,ayumi-odashima,JTG 147,147,817299,159,190,JTG,Pokémon,pokemon,220,https://images.tcggo.com/tcggo/storage/38753/jtg_logo.png,Journey Together,EUR,431.79,EUR,437.39,2025-03-28,1,Scarlet & Violet,scarlet-violet,journey-together,0,22023,https://images.tcggo.com/tcggo/storage/22049/hops-bag-jtg-147-journey-together.png,https://www.tcggo.com/external/cm/22023,https://www.tcggo.com/external/tcgplayer/22023,Hop's Bag,Hop's Bag 147,0.04,0.05,15828,EUR,[],,,,,,,,,0.03,0.02,0.02,0.02,0.02,0.02,0.02,0.02,0.02,0.02,,,,,,,,,,,,,,,,,,,,,,,,,,,,,,,,,,,,,,,,,,EUR,0.18,0.1,Uncommon,hops-bag,Trainer,https://www.tcggo.com/pokemon/journey-together/hops-bag-147,sv9-147,623574,singles
2026-08-23T17:19:56+02:00,,458,Toyste Beach,toyste-beach,JTG 148,148,817300,159,190,JTG,Pokémon,pokemon,220,https://images.tcggo.com/tcggo/storage/38753/jtg_logo.png,Journey Together,EUR,431.79,EUR,437.39,2025-03-28,1,Scarlet & Violet,scarlet-violet,journey-together,0,22024,https://images.tcggo.com/tcggo/storage/22050/hops-choice-band-jtg-148-journey-together.png,https://www.tcggo.com/external/cm/22024,https://www.tcggo.com/external/tcgplayer/22024,Hop's Choice Band,Hop's Choice Band 148,0.05,0.07,16434,EUR,[],,,,,,,,,0.03,0.02,0.02,0.02,0.02,0.02,0.02,0.02,0.02,0.02,,,,,,,,,,,,,,,,,,,,,,,,,,,,,,,,,,,,,,,,,,EUR,0.24,0.1,Uncommon,hops-choice-band,Trainer,https://www.tcggo.com/pokemon/journey-together/hops-choice-band-148,sv9-148,623575,singles
2026-08-23T17:19:56+02:00,,495,yuu,yuu,JTG 149,149,817301,159,190,JTG,Pokémon,pokemon,220,https://images.tcggo.com/tcggo/storage/38753/jtg_logo.png,Journey Together,EUR,431.79,EUR,437.39,2025-03-28,1,Scarlet & Violet,scarlet-violet,journey-together,0,22025,https://images.tcggo.com/tcggo/storage/22051/iriss-fighting-spirit-jtg-149-journey-together.png,https://www.tcggo.com/external/cm/22025,https://www.tcggo.com/external/tcgplayer/22025,Iris's Fighting Spirit,Iris's Fighting Spirit 149,0.04,0.04,16987,EUR,[],,,,,,,,,0.03,0.02,0.02,0.02,0.02,0.02,0.02,0.02,0.02,0.02,,,,,,,,,,,,,,,,,,,,,,,,,,,,,,,,,,,,,,,,,,EUR,0.21,0.13,Uncommon,iriss-fighting-spirit,Trainer,https://www.tcggo.com/pokemon/journey-together/iriss-fighting-spirit-149,sv9-149,623576,singles
2026-08-23T17:19:56+02:00,,455,MARINA Chikazawa,marina-chikazawa,JTG 150,150,817302,159,190,JTG,Pokémon,pokemon,220,https://images.tcggo.com/tcggo/storage/38753/jtg_logo.png,Journey Together,EUR,431.79,EUR,437.39,2025-03-28,1,Scarlet & Violet,scarlet-violet,journey-together,0,22026,https://images.tcggo.com/tcggo/storage/22052/levincia-jtg-150-journey-together.png,https://www.tcggo.com/external/cm/22026,https://www.tcggo.com/external/tcgplayer/22026,Levincia,Levincia 150,0.03,0.03,16112,EUR,[],,,,,,,,,0.03,0.02,0.02,0.02,0.02,0.02,0.02,0.02,0.02,0.02,,,,,,,,,,,,,,,,,,,,,,,,,,,,,,,,,,,,,,,,,,EUR,0.2,0.13,Uncommon,levincia,Trainer,https://www.tcggo.com/pokemon/journey-together/levincia-150,sv9-150,623577,singles
2026-08-23T17:19:56+02:00,,453,AYUMI ODASHIMA,ayumi-odashima,JTG 151,151,817303,159,190,JTG,Pokémon,pokemon,220,https://images.tcggo.com/tcggo/storage/38753/jtg_logo.png,Journey Together,EUR,431.79,EUR,437.39,2025-03-28,1,Scarlet & Violet,scarlet-violet,journey-together,0,22027,https://images.tcggo.com/tcggo/storage/22053/lillies-pearl-jtg-151-journey-together.png,https://www.tcggo.com/external/cm/22027,https://www.tcggo.com/external/tcgplayer/22027,Lillie's Pearl,Lillie's Pearl 151,0.06,0.08,16467,EUR,[],,,,,,,,,0.03,0.02,0.02,0.02,0.02,0.02,0.02,0.02,0.02,0.02,,,,,,,,,,,,,,,,,,,,,,,,,,,,,,,,,,,,,,,,,,EUR,0.22,0.13,Uncommon,lillies-pearl,Trainer,https://www.tcggo.com/pokemon/journey-together/lillies-pearl-151,sv9-151,623578,singles
2026-08-23T17:19:56+02:00,,453,AYUMI ODASHIMA,ayumi-odashima,JTG 152,152,817304,159,190,JTG,Pokémon,pokemon,220,https://images.tcggo.com/tcggo/storage/38753/jtg_logo.png,Journey Together,EUR,431.79,EUR,437.39,2025-03-28,1,Scarlet & Violet,scarlet-violet,journey-together,0,22028,https://images.tcggo.com/tcggo/storage/22054/ns-castle-jtg-152-journey-together.png,https://www.tcggo.com/external/cm/22028,https://www.tcggo.com/external/tcgplayer/22028,N's Castle,N's Castle 152,0.07,0.1,14831,EUR,[],,,,,,,,,0.03,0.02,0.02,0.02,0.02,0.02,0.02,0.02,0.02,0.02,,,,,,,,,,,,,,,,,,,,,,,,,,,,,,,,,,,,,,,,,,EUR,0.26,0.15,Uncommon,ns-castle,Trainer,https://www.tcggo.com/pokemon/journey-together/ns-castle-152,sv9-152,623579,singles
2026-08-23T17:19:56+02:00,,458,Toyste Beach,toyste-beach,JTG 153,153,817305,159,190,JTG,Pokémon,pokemon,220,https://images.tcggo.com/tcggo/storage/38753/jtg_logo.png,Journey Together,EUR,431.79,EUR,437.39,2025-03-28,1,Scarlet & Violet,scarlet-violet,journey-together,0,22029,https://images.tcggo.com/tcggo/storage/22055/ns-pp-up-jtg-153-journey-together.png,https://www.tcggo.com/external/cm/22029,https://www.tcggo.com/external/tcgplayer/22029,N's PP Up,N's PP Up 153,0.05,0.08,15202,EUR,[],,,,,,,,,0.02,0.02,0.02,0.02,0.02,0.02,0.02,0.02,0.02,0.02,,,,,,,,,,,,,,,,,,,,,,,,,,,,,,,,,,,,,,,,,,EUR,0.24,0.16,Uncommon,ns-pp-up,Trainer,https://www.tcggo.com/pokemon/journey-together/ns-pp-up-153,sv9-153,623580,singles
2026-08-23T17:19:56+02:00,,453,AYUMI ODASHIMA,ayumi-odashima,JTG 154,154,817306,159,190,JTG,Pokémon,pokemon,220,https://images.tcggo.com/tcggo/storage/38753/jtg_logo.png,Journey Together,EUR,431.79,EUR,437.39,2025-03-28,1,Scarlet & Violet,scarlet-violet,journey-together,0,22030,https://images.tcggo.com/tcggo/storage/22056/postwick-jtg-154-journey-together.png,https://www.tcggo.com/external/cm/22030,https://www.tcggo.com/external/tcgplayer/22030,Postwick,Postwick 154,0.04,0.03,16276,EUR,[],,,,,,,,,0.02,0.02,0.02,0.02,0.02,0.02,0.02,0.02,0.02,0.02,,,,,,,,,,,,,,,,,,,,,,,,,,,,,,,,,,,,,,,,,,EUR,0.22,0.1,Uncommon,postwick,Trainer,https://www.tcggo.com/pokemon/journey-together/postwick-154,sv9-154,623581,singles
2026-08-23T17:19:56+02:00,,398,Taira Akitsu,taira-akitsu,JTG 155,155,817307,159,190,JTG,Pokémon,pokemon,220,https://images.tcggo.com/tcggo/storage/38753/jtg_logo.png,Journey Together,EUR,431.79,EUR,437.39,2025-03-28,1,Scarlet & Violet,scarlet-violet,journey-together,0,22031,https://images.tcggo.com/tcggo/storage/22057/professors-research-jtg-155-journey-together.png,https://www.tcggo.com/external/cm/22031,https://www.tcggo.com/external/tcgplayer/22031,Professor's Research,Professor's Research 155,0.06,0.06,6327,EUR,[],,,,,,,,,0.03,0.02,0.02,0.02,0.02,0.02,0.02,0.02,0.02,0.02,,,,,,,,,,,,,,,,,,,,,,,,,,,,,,,,,,,,,,,,,,EUR,0.34,0.21,Common,professors-research,Trainer,https://www.tcggo.com/pokemon/journey-together/professors-research-155,sv9-155,623582,singles
2026-08-23T17:19:56+02:00,,461,Studio Bora Inc.,studio-bora-inc,JTG 156,156,817308,159,190,JTG,Pokémon,pokemon,220,https://images.tcggo.com/tcggo/storage/38753/jtg_logo.png,Journey Together,EUR,431.79,EUR,437.39,2025-03-28,1,Scarlet & Violet,scarlet-violet,journey-together,0,22032,https://images.tcggo.com/tcggo/storage/22058/redeemable-ticket-jtg-156-journey-together.png,https://www.tcggo.com/external/cm/22032,https://www.tcggo.com/external/tcgplayer/22032,Redeemable Ticket,Redeemable Ticket 156,0.08,0.09,8366,EUR,[],,,,,,,,,0.02,0.02,0.02,0.02,0.02,0.02,0.02,0.02,0.02,0.02,,,,,,,,,,,,,,,,,,,,,,,,,,,,,,,,,,,,,,,,,,EUR,0.44,0.16,Uncommon,redeemable-ticket,Trainer,https://www.tcggo.com/pokemon/journey-together/redeemable-ticket-156,sv9-156,623583,singles
2026-08-23T17:19:56+02:00,,456,Hideki Ishikawa,hideki-ishikawa,JTG 157,157,817309,159,190,JTG,Pokémon,pokemon,220,https://images.tcggo.com/tcggo/storage/38753/jtg_logo.png,Journey Together,EUR,431.79,EUR,437.39,2025-03-28,1,Scarlet & Violet,scarlet-violet,journey-together,0,22033,https://images.tcggo.com/tcggo/storage/22059/ruffian-jtg-157-journey-together.png,https://www.tcggo.com/external/cm/22033,https://www.tcggo.com/external/tcgplayer/22033,Ruffian,Ruffian 157,0.03,0.04,9401,EUR,[],,,,,,,,,0.02,0.02,0.02,0.02,0.02,0.02,0.02,0.02,0.02,0.02,,,,,,,,,,,,,,,,,,,,,,,,,,,,,,,,,,,,,,,,,,EUR,0.32,0.12,Uncommon,ruffian,Trainer,https://www.tcggo.com/pokemon/journey-together/ruffian-157,sv9-157,623584,singles
2026-08-23T17:19:56+02:00,,461,Studio Bora Inc.,studio-bora-inc,JTG 158,158,817310,159,190,JTG,Pokémon,pokemon,220,https://images.tcggo.com/tcggo/storage/38753/jtg_logo.png,Journey Together,EUR,431.79,EUR,437.39,2025-03-28,1,Scarlet & Violet,scarlet-violet,journey-together,0,22034,https://images.tcggo.com/tcggo/storage/22060/super-potion-jtg-158-journey-together.png,https://www.tcggo.com/external/cm/22034,https://www.tcggo.com/external/tcgplayer/22034,Super Potion,Super Potion 158,0.05,0.06,8925,EUR,[],,,,,,,,,0.02,0.02,0.02,0.02,0.02,0.02,0.02,0.02,0.02,0.02,,,,,,,,,,,,,,,,,,,,,,,,,,,,,,,,,,,,,,,,,,EUR,0.46,0.13,Uncommon,super-potion,Trainer,https://www.tcggo.com/pokemon/journey-together/super-potion-158,sv9-158,623585,singles
2026-08-23T17:19:56+02:00,,,,,JTG 159,159,817311,159,190,JTG,Pokémon,pokemon,220,https://images.tcggo.com/tcggo/storage/38753/jtg_logo.png,Journey Together,EUR,431.79,EUR,437.39,2025-03-28,1,Scarlet & Violet,scarlet-violet,journey-together,0,22035,https://images.tcggo.com/tcggo/storage/22061/spiky-energy-jtg-159-journey-together.png,https://www.tcggo.com/external/cm/22035,https://www.tcggo.com/external/tcgplayer/22035,Spiky Energy,Spiky Energy 159,0.14,0.11,5916,EUR,[],,,,,,,,,0.02,0.02,0.02,0.02,0.02,0.02,0.02,0.02,0.02,0.02,,,,,,,,,,,,,,,,,,,,,,,,,,,,,,,,,,,,,,,,,,EUR,0.65,0.17,Uncommon,spiky-energy,Energy,https://www.tcggo.com/pokemon/journey-together/spiky-energy-159,sv9-159,623586,singles
2026-08-23T17:19:56+02:00,,361,Ounishi,ounishi,JTG 160,160,817312,159,190,JTG,Pokémon,pokemon,220,https://images.tcggo.com/tcggo/storage/38753/jtg_logo.png,Journey Together,EUR,431.79,EUR,437.39,2025-03-28,1,Scarlet & Violet,scarlet-violet,journey-together,110,22036,https://images.tcggo.com/tcggo/storage/22062/maractus-jtg-160-journey-together.png,https://www.tcggo.com/external/cm/22036,https://www.tcggo.com/external/tcgplayer/22036,Maractus,Maractus 160,1.88,1.75,1057,EUR,[],,,,,,,,,1.25,0.98,0.98,2,2,1.25,1.3,1.3,0.99,0.99,,,,,,,,,,,,,,,,,,,,,,,,,,,,,,,,,,,,,,,,,,EUR,2.04,1.75,Illustration Rare,maractus,Pokémon,https://www.tcggo.com/pokemon/journey-together/maractus-160,sv9-160,623587,singles
2026-08-23T17:19:56+02:00,,366,Kuroimori,kuroimori,JTG 161,161,817313,159,190,JTG,Pokémon,pokemon,220,https://images.tcggo.com/tcggo/storage/38753/jtg_logo.png,Journey Together,EUR,431.79,EUR,437.39,2025-03-28,1,Scarlet & Violet,scarlet-violet,journey-together,110,22037,https://images.tcggo.com/tcggo/storage/22063/articuno-jtg-161-journey-together.png,https://www.tcggo.com/external/cm/22037,https://www.tcggo.com/external/tcgplayer/22037,Articuno,Articuno 161,30.23,29.19,817,EUR,,,,74,155,,90,55,64,21.47,19,19,19.5,19.5,22.25,27.5,31.99,13,13,USD,84.35,5,,,21.24,4,23.94,5,,,,,33.06,5,89.71,5,22.42,1,27.29,5,209.32,5,17.06,5,15.33,5,35.88,5,134.27,3,,,251.19,5,,,,,37.68,5,EUR,17.58,17.53,Illustration Rare,articuno,Pokémon,https://www.tcggo.com/pokemon/journey-together/articuno-161,sv9-161,623588,singles
2026-08-23T17:19:56+02:00,,367,Katsunori Sato,katsunori-sato,JTG 162,162,817314,159,190,JTG,Pokémon,pokemon,220,https://images.tcggo.com/tcggo/storage/38753/jtg_logo.png,Journey Together,EUR,431.79,EUR,437.39,2025-03-28,1,Scarlet & Violet,scarlet-violet,journey-together,240,22038,https://images.tcggo.com/tcggo/storage/22064/wailord-jtg-162-journey-together.png,https://www.tcggo.com/external/cm/22038,https://www.tcggo.com/external/tcgplayer/22038,Wailord,Wailord 162,12.68,11.94,840,EUR,,,,40,350,,175,,35,12.49,8.5,8.5,7.5,7.5,12.49,14.98,14.98,6.99,6.99,USD,54.97,5,,,17.73,1,25.29,5,,,,,15.98,1,47.16,5,7.06,1,17.69,5,137.53,5,13.01,5,17.69,5,23.88,5,,,,,132.69,5,9.5,1,,,26.54,5,EUR,13.15,11.11,Illustration Rare,wailord,Pokémon,https://www.tcggo.com/pokemon/journey-together/wailord-162,sv9-162,623589,singles
2026-08-23T17:19:56+02:00,,787,Terada Tera,terada-tera,JTG 163,163,817315,159,190,JTG,Pokémon,pokemon,220,https://images.tcggo.com/tcggo/storage/38753/jtg_logo.png,Journey Together,EUR,431.79,EUR,437.39,2025-03-28,1,Scarlet & Violet,scarlet-violet,journey-together,120,22039,https://images.tcggo.com/tcggo/storage/22065/ionos-kilowattrel-jtg-163-journey-together.png,https://www.tcggo.com/external/cm/22039,https://www.tcggo.com/external/tcgplayer/22039,Iono's Kilowattrel,Iono's Kilowattrel 163,3.85,3.45,873,EUR,,,,,,,70,,32,3.8,2.3,2.4,4.5,4.5,3.8,2.9,2.5,1.3,1.3,USD,50.76,1,,,16.06,1,,,,,,,,,22,5,,,10.38,2,55,5,,,10,2,18.4,5,,,,,,,,,,,14.42,2,EUR,3.53,4.5,Illustration Rare,ionos-kilowattrel,Pokémon,https://www.tcggo.com/pokemon/journey-together/ionos-kilowattrel-163,sv9-163,623590,singles
2026-08-23T17:19:56+02:00,,391,saino misaki,saino-misaki,JTG 164,164,817316,159,190,JTG,Pokémon,pokemon,220,https://images.tcggo.com/tcggo/storage/38753/jtg_logo.png,Journey Together,EUR,431.79,EUR,437.39,2025-03-28,1,Scarlet & Violet,scarlet-violet,journey-together,70,22040,https://images.tcggo.com/tcggo/storage/22066/lillies-ribombee-jtg-164-journey-together.png,https://www.tcggo.com/external/cm/22040,https://www.tcggo.com/external/tcgplayer/22040,Lillie's Ribombee,Lillie's Ribombee 164,4.64,4.49,821,EUR,,,,50,39,,23,,30,4,3.99,3.99,4.75,4.75,4,4.45,4.8,1.35,1.35,,,,,,,,,,,,,,,,,,,,,,,,,,,,,,,,,,,,,,,,,,EUR,4.81,4.68,Illustration Rare,lillies-ribombee,Pokémon,https://www.tcggo.com/pokemon/journey-together/lillies-ribombee-164,sv9-164,623591,singles
2026-08-23T17:19:56+02:00,,784,Nakamura Ippan,nakamura-ippan,JTG 165,165,817317,159,190,JTG,Pokémon,pokemon,220,https://images.tcggo.com/tcggo/storage/38753/jtg_logo.png,Journey Together,EUR,431.79,EUR,437.39,2025-03-28,1,Scarlet & Violet,scarlet-violet,journey-together,70,22041,https://images.tcggo.com/tcggo/storage/22067/swinub-jtg-165-journey-together.png,https://www.tcggo.com/external/cm/22041,https://www.tcggo.com/external/tcgplayer/22041,Swinub,Swinub 165,2.53,2.52,809,EUR,,,,,49,,85,,45,2,1.9,1.9,2.5,2.5,2,2.4,2.4,0.99,0.99,,,,,,,,,,,,,,,,,,,,,,,,,,,,,,,,,,,,,,,,,,EUR,2.92,2.56,Illustration Rare,swinub,Pokémon,https://www.tcggo.com/pokemon/journey-together/swinub-165,sv9-165,623592,singles
2026-08-23T17:19:56+02:00,,459,GIDORA,gidora,JTG 166,166,817318,159,190,JTG,Pokémon,pokemon,220,https://images.tcggo.com/tcggo/storage/38753/jtg_logo.png,Journey Together,EUR,431.79,EUR,437.39,2025-03-28,1,Scarlet & Violet,scarlet-violet,journey-together,120,22042,https://images.tcggo.com/tcggo/storage/22068/lycanroc-jtg-166-journey-together.png,https://www.tcggo.com/external/cm/22042,https://www.tcggo.com/external/tcgplayer/22042,Lycanroc,Lycanroc 166,2.77,2.81,898,EUR,,30,,,,,125,,25,2.15,1.9,1.9,2.4,2.4,2.35,2.95,3,0.98,0.98,,,,,,,,,,,,,,,,,,,,,,,,,,,,,,,,,,,,,,,,,,EUR,3.06,2.26,Illustration Rare,lycanroc,Pokémon,https://www.tcggo.com/pokemon/journey-together/lycanroc-166,sv9-166,623593,singles
2026-08-23T17:19:56+02:00,,502,Bun Toujo,bun-toujo,JTG 167,167,817320,159,190,JTG,Pokémon,pokemon,220,https://images.tcggo.com/tcggo/storage/38753/jtg_logo.png,Journey Together,EUR,431.79,EUR,437.39,2025-03-28,1,Scarlet & Violet,scarlet-violet,journey-together,130,22043,https://images.tcggo.com/tcggo/storage/22069/ns-reshiram-jtg-167-journey-together.png,https://www.tcggo.com/external/cm/22043,https://www.tcggo.com/external/tcgplayer/22043,N's Reshiram,N's Reshiram 167,26.77,25.24,855,EUR,,,,79,99,,199,33,49,17.94,20,20,24.99,24.99,21,38,38,24,24,USD,109.97,5,,,26.42,3,29.13,5,338.36,1,,,,,48.65,5,17.69,1,24.77,5,157.97,5,15.5,3,14.5,5,22.23,5,,,,,168.07,5,,,,,26.54,5,EUR,13.73,23.05,Illustration Rare,ns-reshiram,Pokémon,https://www.tcggo.com/pokemon/journey-together/ns-reshiram-167,sv9-167,624677,singles
2026-08-23T17:19:56+02:00,,470,REND,rend,JTG 168,168,817321,159,190,JTG,Pokémon,pokemon,220,https://images.tcggo.com/tcggo/storage/38753/jtg_logo.png,Journey Together,EUR,431.79,EUR,437.39,2025-03-28,1,Scarlet & Violet,scarlet-violet,journey-together,120,22044,https://images.tcggo.com/tcggo/storage/22070/furret-jtg-168-journey-together.png,https://www.tcggo.com/external/cm/22044,https://www.tcggo.com/external/tcgplayer/22044,Furret,Furret 168,6.26,6.47,598,EUR,[],,,,,,,,,6,3.9,3.9,5.49,5.49,6,3.9,3.9,2.5,2.5,USD,47.08,5,5.14,1,17.34,2,19.99,5,,,,,22.29,1,49.06,5,,,11.43,3,133.8,5,10.97,4,19.08,5,26.76,5,,,,,84.79,5,,,,,24.53,4,EUR,7.55,5.13,Illustration Rare,furret,Pokémon,https://www.tcggo.com/pokemon/journey-together/furret-168,sv9-168,623595,singles
2026-08-23T17:19:56+02:00,,381,sowsow,sowsow,JTG 169,169,817322,159,190,JTG,Pokémon,pokemon,220,https://images.tcggo.com/tcggo/storage/38753/jtg_logo.png,Journey Together,EUR,431.79,EUR,437.39,2025-03-28,1,Scarlet & Violet,scarlet-violet,journey-together,60,22045,https://images.tcggo.com/tcggo/storage/22071/noibat-jtg-169-journey-together.png,https://www.tcggo.com/external/cm/22045,https://www.tcggo.com/external/tcgplayer/22045,Noibat,Noibat 169,4.34,4.26,683,EUR,,,,,19,,130,19,45,3,3.45,3.45,4.19,4.19,3,3.95,4,2.7,2.7,USD,,,,,,,24.51,2,,,,,,,30,5,,,16.49,2,57.9,5,9.28,2,10.5,5,17.7,5,,,,,51,1,,,,,16.25,4,EUR,5.08,3.65,Illustration Rare,noibat,Pokémon,https://www.tcggo.com/pokemon/journey-together/noibat-169,sv9-169,623596,singles
2026-08-23T17:19:56+02:00,,376,MINAMINAMI Take,minaminami-take,JTG 170,170,817323,159,190,JTG,Pokémon,pokemon,220,https://images.tcggo.com/tcggo/storage/38753/jtg_logo.png,Journey Together,EUR,431.79,EUR,437.39,2025-03-28,1,Scarlet & Violet,scarlet-violet,journey-together,70,22046,https://images.tcggo.com/tcggo/storage/22072/hops-wooloo-jtg-170-journey-together.png,https://www.tcggo.com/external/cm/22046,https://www.tcggo.com/external/tcgplayer/22046,Hop's Wooloo,Hop's Wooloo 170,3.8,3.65,734,EUR,,,,79,,,,,70,4,2.92,2.92,2,2,4,2.5,2.5,1.5,1.5,,,,,,,,,,,,,,,,,,,,,,,,,,,,,,,,,,,,,,,,,,EUR,4.21,3.11,Illustration Rare,hops-wooloo,Pokémon,https://www.tcggo.com/pokemon/journey-together/hops-wooloo-170,sv9-170,623597,singles
2026-08-23T17:19:56+02:00,,380,5ban Graphics,5ban-graphics,JTG 171,171,817324,159,190,JTG,Pokémon,pokemon,220,https://images.tcggo.com/tcggo/storage/38753/jtg_logo.png,Journey Together,EUR,431.79,EUR,437.39,2025-03-28,1,Scarlet & Violet,scarlet-violet,journey-together,220,22047,https://images.tcggo.com/tcggo/storage/22073/volcanion-ex-jtg-171-journey-together.png,https://www.tcggo.com/external/cm/22047,https://www.tcggo.com/external/tcgplayer/22047,Volcanion ex,Volcanion ex 171,1.32,1.31,1034,EUR,[],,,,,,,,,0.8,0.8,0.8,0.9,0.9,0.8,1.39,1.39,0.45,0.45,,,,,,,,,,,,,,,,,,,,,,,,,,,,,,,,,,,,,,,,,,EUR,0.96,1.03,Ultra Rare,volcanion-ex,Pokémon,https://www.tcggo.com/pokemon/journey-together/volcanion-ex-171,sv9-171,623598,singles
2026-08-23T17:19:56+02:00,,380,5ban Graphics,5ban-graphics,JTG 172,172,817325,159,190,JTG,Pokémon,pokemon,220,https://images.tcggo.com/tcggo/storage/38753/jtg_logo.png,Journey Together,EUR,431.79,EUR,437.39,2025-03-28,1,Scarlet & Violet,scarlet-violet,journey-together,280,22048,https://images.tcggo.com/tcggo/storage/22074/ionos-bellibolt-ex-jtg-172-journey-together.png,https://www.tcggo.com/external/cm/22048,https://www.tcggo.com/external/tcgplayer/22048,Iono's Bellibolt ex,Iono's Bellibolt ex 172,1.71,1.64,876,EUR,,,,,,,99,,,1.1,0.9,0.9,2,2,1.4,1.7,1.7,0.59,0.59,,,,,,,,,,,,,,,,,,,,,,,,,,,,,,,,,,,,,,,,,,EUR,1.34,1.8,Ultra Rare,ionos-bellibolt-ex,Pokémon,https://www.tcggo.com/pokemon/journey-together/ionos-bellibolt-ex-172,sv9-172,623599,singles
2026-08-23T17:19:56+02:00,,380,5ban Graphics,5ban-graphics,JTG 173,173,817326,159,190,JTG,Pokémon,pokemon,220,https://images.tcggo.com/tcggo/storage/38753/jtg_logo.png,Journey Together,EUR,431.79,EUR,437.39,2025-03-28,1,Scarlet & Violet,scarlet-violet,journey-together,190,22049,https://images.tcggo.com/tcggo/storage/22075/lillies-clefairy-ex-jtg-173-journey-together.png,https://www.tcggo.com/external/cm/22049,https://www.tcggo.com/external/tcgplayer/22049,Lillie's Clefairy ex,Lillie's Clefairy ex 173,5.28,5.09,589,EUR,[],,,,,,,,,4.48,3.7,3.7,7,7,4.48,4.75,4.75,3.5,3.5,USD,39.33,5,,,19.76,1,26.42,3,,,,,,,31.32,5,,,10.07,3,62.66,5,11.56,1,7.83,1,17.89,5,,,,,38.04,5,,,,,11.56,1,EUR,6.76,5.56,Ultra Rare,lillies-clefairy-ex,Pokémon,https://www.tcggo.com/pokemon/journey-together/lillies-clefairy-ex-173,sv9-173,623600,singles
2026-08-23T17:19:56+02:00,,489,N-DESIGN Inc.,n-design-inc,JTG 174,174,817327,159,190,JTG,Pokémon,pokemon,220,https://images.tcggo.com/tcggo/storage/38753/jtg_logo.png,Journey Together,EUR,431.79,EUR,437.39,2025-03-28,1,Scarlet & Violet,scarlet-violet,journey-together,340,22050,https://images.tcggo.com/tcggo/storage/22076/mamoswine-ex-jtg-174-journey-together.png,https://www.tcggo.com/external/cm/22050,https://www.tcggo.com/external/tcgplayer/22050,Mamoswine ex,Mamoswine ex 174,1.1,1.1,1261,EUR,[],,,,,,,,,0.49,0.6,0.6,1,1,0.49,0.85,0.85,0.4,0.4,,,,,,,,,,,,,,,,,,,,,,,,,,,,,,,,,,,,,,,,,,EUR,0.76,0.9,Ultra Rare,mamoswine-ex,Pokémon,https://www.tcggo.com/pokemon/journey-together/mamoswine-ex-174,sv9-174,623601,singles
2026-08-23T17:19:56+02:00,,490,takuyoa,takuyoa,JTG 175,175,817328,159,190,JTG,Pokémon,pokemon,220,https://images.tcggo.com/tcggo/storage/38753/jtg_logo.png,Journey Together,EUR,431.79,EUR,437.39,2025-03-28,1,Scarlet & Violet,scarlet-violet,journey-together,280,22051,https://images.tcggo.com/tcggo/storage/22077/ns-zoroark-ex-jtg-175-journey-together.png,https://www.tcggo.com/external/cm/22051,https://www.tcggo.com/external/tcgplayer/22051,N's Zoroark ex,N's Zoroark ex 175,4.06,3.93,724,EUR,[],,,,,,,,,3.35,2.75,2.75,6,6,3.35,3.95,3.99,3,3,USD,27.74,5,12.94,1,,,16.58,4,,,,,11.45,1,28.37,3,,,,,44.34,5,6.28,1,5.54,3,12.69,5,,,,,46.55,2,,,,,,,EUR,3.43,5.09,Ultra Rare,ns-zoroark-ex,Pokémon,https://www.tcggo.com/pokemon/journey-together/ns-zoroark-ex-175,sv9-175,623602,singles
2026-08-23T17:19:56+02:00,,371,aky CG Works,aky-cg-works,JTG 176,176,817329,159,190,JTG,Pokémon,pokemon,220,https://images.tcggo.com/tcggo/storage/38753/jtg_logo.png,Journey Together,EUR,431.79,EUR,437.39,2025-03-28,1,Scarlet & Violet,scarlet-violet,journey-together,230,22052,https://images.tcggo.com/tcggo/storage/22078/hops-zacian-ex-jtg-176-journey-together.png,https://www.tcggo.com/external/cm/22052,https://www.tcggo.com/external/tcgplayer/22052,Hop's Zacian ex,Hop's Zacian ex 176,2.13,2.24,918,EUR,[],,,,,,,,,1.3,1.36,1.36,2.99,2.99,1.3,2.85,2.9,0.75,0.75,,,,,,,,,,,,,,,,,,,,,,,,,,,,,,,,,,,,,,,,,,EUR,1.39,1.8,Ultra Rare,hops-zacian-ex,Pokémon,https://www.tcggo.com/pokemon/journey-together/hops-zacian-ex-176,sv9-176,623603,singles
2026-08-23T17:19:56+02:00,,380,5ban Graphics,5ban-graphics,JTG 177,177,817330,159,190,JTG,Pokémon,pokemon,220,https://images.tcggo.com/tcggo/storage/38753/jtg_logo.png,Journey Together,EUR,431.79,EUR,437.39,2025-03-28,1,Scarlet & Violet,scarlet-violet,journey-together,320,22053,https://images.tcggo.com/tcggo/storage/22079/salamence-ex-jtg-177-journey-together.png,https://www.tcggo.com/external/cm/22053,https://www.tcggo.com/external/tcgplayer/22053,Salamence ex,Salamence ex 177,2.01,2.07,836,EUR,[],,,,,,,,,1.49,1,1,1.5,1.5,1.49,2.1,2.1,0.7,0.7,,,,,,,,,,,,,,,,,,,,,,,,,,,,,,,,,,,,,,,,,,EUR,1.57,2.11,Ultra Rare,salamence-ex,Pokémon,https://www.tcggo.com/pokemon/journey-together/salamence-ex-177,sv9-177,623604,singles
2026-08-23T17:19:56+02:00,,380,5ban Graphics,5ban-graphics,JTG 178,178,817331,159,190,JTG,Pokémon,pokemon,220,https://images.tcggo.com/tcggo/storage/38753/jtg_logo.png,Journey Together,EUR,431.79,EUR,437.39,2025-03-28,1,Scarlet & Violet,scarlet-violet,journey-together,270,22054,https://images.tcggo.com/tcggo/storage/22080/dudunsparce-ex-jtg-178-journey-together.png,https://www.tcggo.com/external/cm/22054,https://www.tcggo.com/external/tcgplayer/22054,Dudunsparce ex,Dudunsparce ex 178,1.43,1.41,815,EUR,[],,,,,,,,,0.9,0.75,0.75,1,1,0.95,1.5,1.5,0.6,0.6,,,,,,,,,,,,,,,,,,,,,,,,,,,,,,,,,,,,,,,,,,EUR,1.29,1.02,Ultra Rare,dudunsparce-ex,Pokémon,https://www.tcggo.com/pokemon/journey-together/dudunsparce-ex-178,sv9-178,623605,singles
2026-08-23T17:19:56+02:00,,385,Teeziro,teeziro,JTG 179,179,817332,159,190,JTG,Pokémon,pokemon,220,https://images.tcggo.com/tcggo/storage/38753/jtg_logo.png,Journey Together,EUR,431.79,EUR,437.39,2025-03-28,1,Scarlet & Violet,scarlet-violet,journey-together,0,22055,https://images.tcggo.com/tcggo/storage/22081/brocks-scouting-jtg-179-journey-together.png,https://www.tcggo.com/external/cm/22055,https://www.tcggo.com/external/tcgplayer/22055,Brock's Scouting,Brock's Scouting 179,2.41,2.4,733,EUR,,,,,75,,70,,,0.02,1.49,1.49,1.99,1.99,0.02,1.8,1.8,1.49,1.49,,,,,,,,,,,,,,,,,,,,,,,,,,,,,,,,,,,,,,,,,,EUR,1.49,2.14,Ultra Rare,brocks-scouting,Trainer,https://www.tcggo.com/pokemon/journey-together/brocks-scouting-179,sv9-179,623606,singles
2026-08-23T17:19:56+02:00,,495,yuu,yuu,JTG 180,180,817333,159,190,JTG,Pokémon,pokemon,220,https://images.tcggo.com/tcggo/storage/38753/jtg_logo.png,Journey Together,EUR,431.79,EUR,437.39,2025-03-28,1,Scarlet & Violet,scarlet-violet,journey-together,0,22056,https://images.tcggo.com/tcggo/storage/22082/iriss-fighting-spirit-jtg-180-journey-together.png,https://www.tcggo.com/external/cm/22056,https://www.tcggo.com/external/tcgplayer/22056,Iris's Fighting Spirit,Iris's Fighting Spirit 180,1.68,1.71,874,EUR,[],,,,,,,,,1.29,0.69,0.69,1.69,3.99,1.29,1,1,0.8,0.8,,,,,,,,,,,,,,,,,,,,,,,,,,,,,,,,,,,,,,,,,,EUR,1.12,1.75,Ultra Rare,iriss-fighting-spirit,Trainer,https://www.tcggo.com/pokemon/journey-together/iriss-fighting-spirit-180,sv9-180,623607,singles
2026-08-23T17:19:56+02:00,,456,Hideki Ishikawa,hideki-ishikawa,JTG 181,181,817334,159,190,JTG,Pokémon,pokemon,220,https://images.tcggo.com/tcggo/storage/38753/jtg_logo.png,Journey Together,EUR,431.79,EUR,437.39,2025-03-28,1,Scarlet & Violet,scarlet-violet,journey-together,0,22057,https://images.tcggo.com/tcggo/storage/22083/ruffian-jtg-181-journey-together.png,https://www.tcggo.com/external/cm/22057,https://www.tcggo.com/external/tcgplayer/22057,Ruffian,Ruffian 181,0.98,1.06,1155,EUR,[],,,,,,,,,0.5,0.4,0.4,0.9,0.9,0.5,1,1,0.2,0.2,,,,,,,,,,,,,,,,,,,,,,,,,,,,,,,,,,,,,,,,,,EUR,0.82,0.74,Ultra Rare,ruffian,Trainer,https://www.tcggo.com/pokemon/journey-together/ruffian-181,sv9-181,623608,singles
2026-08-23T17:19:56+02:00,,430,akagi,akagi,JTG 182,182,817335,159,190,JTG,Pokémon,pokemon,220,https://images.tcggo.com/tcggo/storage/38753/jtg_logo.png,Journey Together,EUR,431.79,EUR,437.39,2025-03-28,1,Scarlet & Violet,scarlet-violet,journey-together,220,22058,https://images.tcggo.com/tcggo/storage/22084/volcanion-ex-jtg-182-journey-together.png,https://www.tcggo.com/external/cm/22058,https://www.tcggo.com/external/tcgplayer/22058,Volcanion ex,Volcanion ex 182,24.49,23.95,376,EUR,,,,65,69,60,125,24,39,20,18,18,20,20,20,36.07,37,20,20,USD,44.69,5,,,,,30.68,5,,,,,,,47.2,5,14.92,2,25.15,2,98.13,5,26.72,3,12.27,5,28.1,5,,,,,79.43,3,,,,,26.75,4,EUR,16.43,18.5,Special Illustration Rare,volcanion-ex,Pokémon,https://www.tcggo.com/pokemon/journey-together/volcanion-ex-182,sv9-182,623609,singles
2026-08-23T17:19:56+02:00,,409,Yuu Nishida,yuu-nishida,JTG 183,183,299567,159,190,JTG,Pokémon,pokemon,220,https://images.tcggo.com/tcggo/storage/38753/jtg_logo.png,Journey Together,EUR,431.79,EUR,437.39,2025-03-28,1,Scarlet & Violet,scarlet-violet,journey-together,280,22059,https://images.tcggo.com/tcggo/storage/22085/ionos-bellibolt-ex-jtg-183-journey-together.png,https://www.tcggo.com/external/cm/22059,https://www.tcggo.com/external/tcgplayer/22059,Iono's Bellibolt ex,Iono's Bellibolt ex 183,34.9,31.36,410,EUR,,49,65,,,,134,40,49,27,24.49,24.49,37,37,27,38,38,23.99,23.99,USD,72.92,5,,,,,38.64,5,,,,,35.69,4,67.28,5,,,37.04,2,96.89,5,,,31.4,5,35.89,5,,,,,113.71,5,,,,,37.67,5,EUR,32.65,38.46,Special Illustration Rare,ionos-bellibolt-ex,Pokémon,https://www.tcggo.com/pokemon/journey-together/ionos-bellibolt-ex-183,sv9-183,623610,singles
2026-08-23T17:19:56+02:00,,452,Susumu Maeya,susumu-maeya,JTG 184,184,817337,159,190,JTG,Pokémon,pokemon,220,https://images.tcggo.com/tcggo/storage/38753/jtg_logo.png,Journey Together,EUR,431.79,EUR,437.39,2025-03-28,1,Scarlet & Violet,scarlet-violet,journey-together,190,22060,https://images.tcggo.com/tcggo/storage/22086/lillies-clefairy-ex-jtg-184-journey-together.png,https://www.tcggo.com/external/cm/22060,https://www.tcggo.com/external/tcgplayer/22060,Lillie's Clefairy ex,Lillie's Clefairy ex 184,104.06,100.94,461,EUR,,,210,150,550,155,449,,139,109.25,79.99,79.99,92.94,92.94,109.25,115,115,60,60,USD,178.73,5,123.66,1,88.42,1,98.75,5,581.39,1,160,1,116.1,2,153.26,5,83.17,2,126.85,4,321.47,5,88.89,2,98.64,5,115.72,5,,,,,353.75,5,,,108.55,1,150,5,EUR,88.85,123.93,Special Illustration Rare,lillies-clefairy-ex,Pokémon,https://www.tcggo.com/pokemon/journey-together/lillies-clefairy-ex-184,sv9-184,623611,singles
2026-08-23T17:19:56+02:00,,520,Megumi Mizutani,megumi-mizutani,JTG 185,185,817338,159,190,JTG,Pokémon,pokemon,220,https://images.tcggo.com/tcggo/storage/38753/jtg_logo.png,Journey Together,EUR,431.79,EUR,437.39,2025-03-28,1,Scarlet & Violet,scarlet-violet,journey-together,280,22061,https://images.tcggo.com/tcggo/storage/22087/ns-zoroark-ex-jtg-185-journey-together.png,https://www.tcggo.com/external/cm/22061,https://www.tcggo.com/external/tcgplayer/22061,N's Zoroark ex,N's Zoroark ex 185,51.58,45.96,387,EUR,,,,80,,74,180,,57,50,38.49,38.49,55,55,50,80,80,44.5,44.5,USD,62.5,5,,,,,41.92,5,,,,,,,89.71,5,,,26.53,3,139.05,5,41.92,1,40.9,5,49.55,5,,,31.84,1,110,5,,,,,50.5,4,EUR,39.65,50.78,Special Illustration Rare,ns-zoroark-ex,Pokémon,https://www.tcggo.com/pokemon/journey-together/ns-zoroark-ex-185,sv9-185,623612,singles
2026-08-23T17:19:56+02:00,,429,DOM,dom,JTG 186,186,817339,159,190,JTG,Pokémon,pokemon,220,https://images.tcggo.com/tcggo/storage/38753/jtg_logo.png,Journey Together,EUR,431.79,EUR,437.39,2025-03-28,1,Scarlet & Violet,scarlet-violet,journey-together,230,22062,https://images.tcggo.com/tcggo/storage/22088/hops-zacian-ex-jtg-186-journey-together.png,https://www.tcggo.com/external/cm/22062,https://www.tcggo.com/external/tcgplayer/22062,Hop's Zacian ex,Hop's Zacian ex 186,38.8,39.5,406,EUR,,,,,,,149,70,45,36.5,27,27,30,30,36.5,60,60,30,30,USD,67.75,5,,,,,30.73,5,,,,,,,48.83,5,,,26.75,1,105.93,5,15.9,2,23.19,5,26.02,5,,,,,109.19,5,,,24.9,1,28.55,5,EUR,28.4,33.29,Special Illustration Rare,hops-zacian-ex,Pokémon,https://www.tcggo.com/pokemon/journey-together/hops-zacian-ex-186,sv9-186,623613,singles
2026-08-23T17:19:56+02:00,,788,Tsuyoshi Nagano,tsuyoshi-nagano,JTG 187,187,817340,159,190,JTG,Pokémon,pokemon,220,https://images.tcggo.com/tcggo/storage/38753/jtg_logo.png,Journey Together,EUR,431.79,EUR,437.39,2025-03-28,1,Scarlet & Violet,scarlet-violet,journey-together,320,22063,https://images.tcggo.com/tcggo/storage/22089/salamence-ex-jtg-187-journey-together.png,https://www.tcggo.com/external/cm/22063,https://www.tcggo.com/external/tcgplayer/22063,Salamence ex,Salamence ex 187,62.83,67,388,EUR,,,,,,,295,129,79,54.99,44.99,44.99,48,48,54.99,117.98,117.98,49.75,49.75,USD,109.08,5,,,,,59.49,5,,,,,57.41,2,98.28,5,,,62,3,208.47,5,45.57,3,57.42,5,41.69,5,,,,,189.86,5,,,76.2,1,58.07,5,EUR,51.05,54.19,Special Illustration Rare,salamence-ex,Pokémon,https://www.tcggo.com/pokemon/journey-together/salamence-ex-187,sv9-187,623614,singles
2026-08-23T17:19:56+02:00,,380,5ban Graphics,5ban-graphics,JTG 188,188,817341,159,190,JTG,Pokémon,pokemon,220,https://images.tcggo.com/tcggo/storage/38753/jtg_logo.png,Journey Together,EUR,431.79,EUR,437.39,2025-03-28,1,Scarlet & Violet,scarlet-violet,journey-together,280,22064,https://images.tcggo.com/tcggo/storage/22090/ionos-bellibolt-ex-jtg-188-journey-together.png,https://www.tcggo.com/external/cm/22064,https://www.tcggo.com/external/tcgplayer/22064,Iono's Bellibolt ex,Iono's Bellibolt ex 188,14.83,14,471,EUR,,,,,,40,116,,43,14.99,10.63,10.63,13.69,13.69,14.99,20,20,9,9,USD,49.99,3,,,,,19.13,3,,,,,16.96,2,45,3,,,11.15,3,89.21,5,8.5,1,13.38,5,19.09,5,,,,,61.7,3,,,,,21.25,1,EUR,13.25,11.97,Hyper Rare,ionos-bellibolt-ex,Pokémon,https://www.tcggo.com/pokemon/journey-together/ionos-bellibolt-ex-188,sv9-188,623615,singles
2026-08-23T17:19:56+02:00,,490,takuyoa,takuyoa,JTG 189,189,817342,159,190,JTG,Pokémon,pokemon,220,https://images.tcggo.com/tcggo/storage/38753/jtg_logo.png,Journey Together,EUR,431.79,EUR,437.39,2025-03-28,1,Scarlet & Violet,scarlet-violet,journey-together,280,22065,https://images.tcggo.com/tcggo/storage/22091/ns-zoroark-ex-jtg-189-journey-together.png,https://www.tcggo.com/external/cm/22065,https://www.tcggo.com/external/tcgplayer/22065,N's Zoroark ex,N's Zoroark ex 189,18.83,16.7,440,EUR,[],,,,,,,,,16,14,14,19,19,16,24.9,24.9,12.99,12.99,USD,49.88,3,,,,,28.22,5,,,,,,,35.4,5,,,19.42,3,69.63,5,10.41,2,17.7,5,16.73,5,44.23,1,,,66.35,3,,,,,19.24,4,EUR,12.03,13.7,Hyper Rare,ns-zoroark-ex,Pokémon,https://www.tcggo.com/pokemon/journey-together/ns-zoroark-ex-189,sv9-189,623616,singles
2026-08-23T17:19:56+02:00,,,,,JTG 190,190,817343,159,190,JTG,Pokémon,pokemon,220,https://images.tcggo.com/tcggo/storage/38753/jtg_logo.png,Journey Together,EUR,431.79,EUR,437.39,2025-03-28,1,Scarlet & Violet,scarlet-violet,journey-together,0,22066,https://images.tcggo.com/tcggo/storage/22092/spiky-energy-jtg-190-journey-together.png,https://www.tcggo.com/external/cm/22066,https://www.tcggo.com/external/tcgplayer/22066,Spiky Energy,Spiky Energy 190,5.85,5.27,401,EUR,[],,,,,,,,,4,3,3,6,6,4,8.49,8.49,1.9,1.9,USD,,,,,,,,,,,,,,,11.5,1,,,6.25,2,50,3,,,12.45,4,8.5,5,,,,,,,,,,,,,EUR,3.53,3.8,Hyper Rare,spiky-energy,Energy,https://www.tcggo.com/pokemon/journey-together/spiky-energy-190,sv9-190,623617,singles
