captured_at,artist,artist.id,artist.name,artist.slug,card_code_number,card_number,cardmarket_id,episode.cards_printed_total,episode.cards_total,episode.code,episode.game.name,episode.game.slug,episode.id,episode.logo,episode.name,episode.prices.cardmarket.currency,episode.prices.cardmarket.total,episode.prices.tcgplayer.currency,episode.prices.tcgplayer.total,episode.released_at,episode.series.id,episode.series.name,episode.series.slug,episode.slug,hp,id,image,links.cardmarket,links.tcgplayer,name,name_numbered,prices.cardmarket.30d_average,prices.cardmarket.7d_average,prices.cardmarket.available_items,prices.cardmarket.currency,prices.cardmarket.graded,prices.cardmarket.graded.bgs.bgs10,prices.cardmarket.graded.bgs.bgs10black,prices.cardmarket.graded.bgs.bgs10pristine,prices.cardmarket.graded.bgs.bgs8,prices.cardmarket.graded.bgs.bgs9,prices.cardmarket.graded.cgc.cgc10,prices.cardmarket.graded.cgc.cgc9,prices.cardmarket.graded.psa.psa10,prices.cardmarket.graded.psa.psa8,prices.cardmarket.graded.psa.psa9,prices.cardmarket.lowest_near_mint,prices.cardmarket.lowest_near_mint_DE,prices.cardmarket.lowest_near_mint_DE_EU_only,prices.cardmarket.lowest_near_mint_ES,prices.cardmarket.lowest_near_mint_ES_EU_only,prices.cardmarket.lowest_near_mint_EU_only,prices.cardmarket.lowest_near_mint_FR,prices.cardmarket.lowest_near_mint_FR_EU_only,prices.cardmarket.lowest_near_mint_IT,prices.cardmarket.lowest_near_mint_IT_EU_only,prices.ebay.currency,prices.ebay.graded.ace.10.median_price,prices.ebay.graded.ace.10.sample_size,prices.ebay.graded.ace.7.median_price,prices.ebay.graded.ace.7.sample_size,prices.ebay.graded.ace.8.median_price,prices.ebay.graded.ace.8.sample_size,prices.ebay.graded.ace.9.median_price,prices.ebay.graded.ace.9.sample_size,prices.ebay.graded.bgs.10.median_price,prices.ebay.graded.bgs.10.sample_size,prices.ebay.graded.bgs.8.median_price,prices.ebay.graded.bgs.8.sample_size,prices.ebay.graded.bgs.9.median_price,prices.ebay.graded.bgs.9.sample_size,prices.ebay.graded.cgc.10.median_price,prices.ebay.graded.cgc.10.sample_size,prices.ebay.graded.cgc.7.median_price,prices.ebay.graded.cgc.7.sample_size,prices.ebay.graded.cgc.8.median_price,prices.ebay.graded.cgc.8.sample_size,prices.ebay.graded.cgc.9.median_price,prices.ebay.graded.cgc.9.sample_size,prices.ebay.graded.psa.10.median_price,prices.ebay.graded.psa.10.sample_size,prices.ebay.graded.psa.7.median_price,prices.ebay.graded.psa.7.sample_size,prices.ebay.graded.psa.8.median_price,prices.ebay.graded.psa.8.sample_size,prices.ebay.graded.psa.9.median_price,prices.ebay.graded.psa.9.sample_size,prices.ebay.graded.sgc.10.median_price,prices.ebay.graded.sgc.10.sample_size,prices.ebay.graded.tag.10.median_price,prices.ebay.graded.tag.10.sample_size,prices.ebay.graded.tag.7.median_price,prices.ebay.graded.tag.7.sample_size,prices.ebay.graded.tag.8.median_price,prices.ebay.graded.tag.8.sample_size,prices.ebay.graded.tag.9.median_price,prices.ebay.graded.tag.9.sample_size,prices.tcg_player.currency,prices.tcg_player.market_price,prices.tcg_player.mid_price,rarity,slug,supertype,tcggo_url,tcgid,tcgplayer_id,type
2026-08-23T17:19:56+02:00,,459,GIDORA,gidora,DRI 1,1,825875,182,244,DRI,Pokémon,pokemon,221,https://images.tcggo.com/tcggo/storage/22104/destined-rivals-logo.png,Destined Rivals,EUR,1669.96,EUR,1598.93,2025-05-30,1,Scarlet & Violet,scarlet-violet,destined-rivals,120,22077,https://images.tcggo.com/tcggo/storage/22106/ethans-pinsir-dri-1-destined-rivals.png,https://www.tcggo.com/external/cm/22077,https://www.tcggo.com/external/tcgplayer/22077,Ethan's Pinsir,Ethan's Pinsir 1,0.04,0.04,9711,EUR,[],,,,,,,,,,,0.02,0.02,0.02,0.02,0.02,0.02,0.02,0.02,0.02,0.02,,,,,,,,,,,,,,,,,,,,,,,,,,,,,,,,,,,,,,,,,,EUR,0.27,0.13,Uncommon,ethans-pinsir,Pokémon,https://www.tcggo.com/pokemon/destined-rivals/ethans-pinsir-1,sv10-1,632829,singles
2026-08-23T17:19:56+02:00,,764,svlt,svlt,DRI 2,2,825876,182,244,DRI,Pokémon,pokemon,221,https://images.tcggo.com/tcggo/storage/22104/destined-rivals-logo.png,Destined Rivals,EUR,1669.96,EUR,1598.93,2025-05-30,1,Scarlet & Violet,scarlet-violet,destined-rivals,70,22078,https://images.tcggo.com/tcggo/storage/22107/yanma-dri-2-destined-rivals.png,https://www.tcggo.com/external/cm/22078,https://www.tcggo.com/external/tcgplayer/22078,Yanma,Yanma 2,0.04,0.03,15293,EUR,[],,,,,,,,,,,0.02,0.02,0.02,0.02,0.02,0.02,0.02,0.02,0.02,0.02,,,,,,,,,,,,,,,,,,,,,,,,,,,,,,,,,,,,,,,,,,EUR,0.17,0.09,Common,yanma,Pokémon,https://www.tcggo.com/pokemon/destined-rivals/yanma-2-2,sv10-2,632830,singles
2026-08-23T17:19:56+02:00,,490,takuyoa,takuyoa,DRI 3,3,825877,182,244,DRI,Pokémon,pokemon,221,https://images.tcggo.com/tcggo/storage/22104/destined-rivals-logo.png,Destined Rivals,EUR,1669.96,EUR,1598.93,2025-05-30,1,Scarlet & Violet,scarlet-violet,destined-rivals,280,22079,https://images.tcggo.com/tcggo/storage/22108/yanmega-ex-dri-3-destined-rivals.png,https://www.tcggo.com/external/cm/22079,https://www.tcggo.com/external/tcgplayer/22079,Yanmega ex,Yanmega ex 3,0.44,0.41,2788,EUR,[],,,,,,,,,,,0.1,0.14,0.14,0.15,0.15,0.1,0.4,0.4,0.02,0.02,,,,,,,,,,,,,,,,,,,,,,,,,,,,,,,,,,,,,,,,,,EUR,0.53,0.6,Double Rare,yanmega-ex,Pokémon,https://www.tcggo.com/pokemon/destined-rivals/yanmega-ex-3,sv10-3,632831,singles
2026-08-23T17:19:56+02:00,,765,YASHIRO Nanaco,yashiro-nanaco,DRI 4,4,825878,182,244,DRI,Pokémon,pokemon,221,https://images.tcggo.com/tcggo/storage/22104/destined-rivals-logo.png,Destined Rivals,EUR,1669.96,EUR,1598.93,2025-05-30,1,Scarlet & Violet,scarlet-violet,destined-rivals,70,22080,https://images.tcggo.com/tcggo/storage/22109/pineco-dri-4-destined-rivals.png,https://www.tcggo.com/external/cm/22080,https://www.tcggo.com/external/tcgplayer/22080,Pineco,Pineco 4,0.04,0.03,9301,EUR,[],,,,,,,,,,,0.02,0.02,0.02,0.02,0.02,0.02,0.02,0.02,0.02,0.02,,,,,,,,,,,,,,,,,,,,,,,,,,,,,,,,,,,,,,,,,,EUR,0.18,0.12,Common,pineco,Pokémon,https://www.tcggo.com/pokemon/destined-rivals/pineco-4-2,sv10-4,632832,singles
2026-08-23T17:19:56+02:00,,766,IKEDA Saki,ikeda-saki,DRI 5,5,825879,182,244,DRI,Pokémon,pokemon,221,https://images.tcggo.com/tcggo/storage/22104/destined-rivals-logo.png,Destined Rivals,EUR,1669.96,EUR,1598.93,2025-05-30,1,Scarlet & Violet,scarlet-violet,destined-rivals,60,22081,https://images.tcggo.com/tcggo/storage/22110/shroomish-dri-5-destined-rivals.png,https://www.tcggo.com/external/cm/22081,https://www.tcggo.com/external/tcgplayer/22081,Shroomish,Shroomish 5,0.03,0.04,9457,EUR,[],,,,,,,,,,,0.02,0.02,0.02,0.02,0.02,0.02,0.02,0.02,0.02,0.02,,,,,,,,,,,,,,,,,,,,,,,,,,,,,,,,,,,,,,,,,,EUR,0.18,0.1,Common,shroomish,Pokémon,https://www.tcggo.com/pokemon/destined-rivals/shroomish-5-1,sv10-5,632833,singles
2026-08-23T17:19:56+02:00,,415,nisimono,nisimono,DRI 6,6,825880,182,244,DRI,Pokémon,pokemon,221,https://images.tcggo.com/tcggo/storage/22104/destined-rivals-logo.png,Destined Rivals,EUR,1669.96,EUR,1598.93,2025-05-30,1,Scarlet & Violet,scarlet-violet,destined-rivals,120,22082,https://images.tcggo.com/tcggo/storage/22111/breloom-dri-6-destined-rivals.png,https://www.tcggo.com/external/cm/22082,https://www.tcggo.com/external/tcgplayer/22082,Breloom,Breloom 6,0.03,0.03,9274,EUR,[],,,,,,,,,,,0.02,0.02,0.02,0.02,0.02,0.02,0.02,0.02,0.02,0.02,,,,,,,,,,,,,,,,,,,,,,,,,,,,,,,,,,,,,,,,,,EUR,0.13,0.11,Common,breloom,Pokémon,https://www.tcggo.com/pokemon/destined-rivals/breloom-6,sv10-6,632834,singles
2026-08-23T17:19:56+02:00,,415,nisimono,nisimono,DRI 7,7,825881,182,244,DRI,Pokémon,pokemon,221,https://images.tcggo.com/tcggo/storage/22104/destined-rivals-logo.png,Destined Rivals,EUR,1669.96,EUR,1598.93,2025-05-30,1,Scarlet & Violet,scarlet-violet,destined-rivals,70,22083,https://images.tcggo.com/tcggo/storage/22112/cynthias-roselia-dri-7-destined-rivals.png,https://www.tcggo.com/external/cm/22083,https://www.tcggo.com/external/tcgplayer/22083,Cynthia's Roselia,Cynthia's Roselia 7,0.07,0.07,8897,EUR,[],,,,,,,,,,,0.03,0.02,0.02,0.02,0.02,0.02,0.02,0.02,0.02,0.02,,,,,,,,,,,,,,,,,,,,,,,,,,,,,,,,,,,,,,,,,,EUR,0.28,0.15,Common,cynthias-roselia,Pokémon,https://www.tcggo.com/pokemon/destined-rivals/cynthias-roselia-7,sv10-7,630803,singles
2026-08-23T17:19:56+02:00,,477,En Morikura,en-morikura,DRI 8,8,825882,182,244,DRI,Pokémon,pokemon,221,https://images.tcggo.com/tcggo/storage/22104/destined-rivals-logo.png,Destined Rivals,EUR,1669.96,EUR,1598.93,2025-05-30,1,Scarlet & Violet,scarlet-violet,destined-rivals,130,22084,https://images.tcggo.com/tcggo/storage/22113/cynthias-roserade-dri-8-destined-rivals.png,https://www.tcggo.com/external/cm/22084,https://www.tcggo.com/external/tcgplayer/22084,Cynthia's Roserade,Cynthia's Roserade 8,0.12,0.14,5574,EUR,[],,,,,,,,,,,0.03,0.02,0.02,0.02,0.02,0.02,0.02,0.02,0.02,0.02,,,,,,,,,,,,,,,,,,,,,,,,,,,,,,,,,,,,,,,,,,EUR,0.27,0.21,rare,cynthias-roserade,Pokémon,https://www.tcggo.com/pokemon/destined-rivals/cynthias-roserade-8,sv10-8,630804,singles
2026-08-23T17:19:56+02:00,,148,Rianti Hidayat,rianti-hidayat,DRI 9,9,825883,182,244,DRI,Pokémon,pokemon,221,https://images.tcggo.com/tcggo/storage/22104/destined-rivals-logo.png,Destined Rivals,EUR,1669.96,EUR,1598.93,2025-05-30,1,Scarlet & Violet,scarlet-violet,destined-rivals,70,22085,https://images.tcggo.com/tcggo/storage/22114/mow-rotom-dri-9-destined-rivals.png,https://www.tcggo.com/external/cm/22085,https://www.tcggo.com/external/tcgplayer/22085,Mow Rotom,Mow Rotom 9,0.03,0.03,8978,EUR,[],,,,,,,,,,,0.03,0.02,0.02,0.02,0.02,0.02,0.02,0.02,0.02,0.02,,,,,,,,,,,,,,,,,,,,,,,,,,,,,,,,,,,,,,,,,,EUR,0.22,0.15,Common,mow-rotom,Pokémon,https://www.tcggo.com/pokemon/destined-rivals/mow-rotom-9,sv10-9,632835,singles
2026-08-23T17:19:56+02:00,,767,tono,tono,DRI 10,10,825884,182,244,DRI,Pokémon,pokemon,221,https://images.tcggo.com/tcggo/storage/22104/destined-rivals-logo.png,Destined Rivals,EUR,1669.96,EUR,1598.93,2025-05-30,1,Scarlet & Violet,scarlet-violet,destined-rivals,80,22086,https://images.tcggo.com/tcggo/storage/22115/shaymin-dri-10-destined-rivals.png,https://www.tcggo.com/external/cm/22086,https://www.tcggo.com/external/tcgplayer/22086,Shaymin,Shaymin 10,0.15,0.16,5614,EUR,[],,,,,,,,,,,0.02,0.02,0.02,0.02,0.02,0.02,0.02,0.02,0.02,0.02,,,,,,,,,,,,,,,,,,,,,,,,,,,,,,,,,,,,,,,,,,EUR,0.75,0.2,Uncommon,shaymin,Pokémon,https://www.tcggo.com/pokemon/destined-rivals/shaymin-10-2,sv10-10,632836,singles
2026-08-23T17:19:56+02:00,,768,Kanami Ogata,kanami-ogata,DRI 11,11,825885,182,244,DRI,Pokémon,pokemon,221,https://images.tcggo.com/tcggo/storage/22104/destined-rivals-logo.png,Destined Rivals,EUR,1669.96,EUR,1598.93,2025-05-30,1,Scarlet & Violet,scarlet-violet,destined-rivals,70,22087,https://images.tcggo.com/tcggo/storage/22116/dwebble-dri-11-destined-rivals.png,https://www.tcggo.com/external/cm/22087,https://www.tcggo.com/external/tcgplayer/22087,Dwebble,Dwebble 11,0.1,0.09,6061,EUR,[],,,,,,,,,,,0.03,0.02,0.02,0.02,0.02,0.02,0.02,0.02,0.02,0.02,,,,,,,,,,,,,,,,,,,,,,,,,,,,,,,,,,,,,,,,,,EUR,0.23,0.17,Common,dwebble,Pokémon,https://www.tcggo.com/pokemon/destined-rivals/dwebble-11-1,sv10-11,632837,singles
2026-08-23T17:19:56+02:00,,532,Po-Suzuki,po-suzuki,DRI 12,12,825886,182,244,DRI,Pokémon,pokemon,221,https://images.tcggo.com/tcggo/storage/22104/destined-rivals-logo.png,Destined Rivals,EUR,1669.96,EUR,1598.93,2025-05-30,1,Scarlet & Violet,scarlet-violet,destined-rivals,150,22088,https://images.tcggo.com/tcggo/storage/22117/crustle-dri-12-destined-rivals.png,https://www.tcggo.com/external/cm/22088,https://www.tcggo.com/external/tcgplayer/22088,Crustle,Crustle 12,0.13,0.1,8225,EUR,[],,,,,,,,,,,0.02,0.02,0.02,0.02,0.02,0.02,0.02,0.02,0.02,0.02,,,,,,,,,,,,,,,,,,,,,,,,,,,,,,,,,,,,,,,,,,EUR,0.24,0.17,rare,crustle,Pokémon,https://www.tcggo.com/pokemon/destined-rivals/crustle-12-1,sv10-12,632838,singles
2026-08-23T17:19:56+02:00,,769,mashu,mashu,DRI 13,13,825887,182,244,DRI,Pokémon,pokemon,221,https://images.tcggo.com/tcggo/storage/22104/destined-rivals-logo.png,Destined Rivals,EUR,1669.96,EUR,1598.93,2025-05-30,1,Scarlet & Violet,scarlet-violet,destined-rivals,60,22089,https://images.tcggo.com/tcggo/storage/22118/fomantis-dri-13-destined-rivals.png,https://www.tcggo.com/external/cm/22089,https://www.tcggo.com/external/tcgplayer/22089,Fomantis,Fomantis 13,0.04,0.04,8986,EUR,[],,,,,,,,,,,0.02,0.02,0.02,0.02,0.02,0.02,0.02,0.02,0.02,0.02,,,,,,,,,,,,,,,,,,,,,,,,,,,,,,,,,,,,,,,,,,EUR,0.21,0.11,Common,fomantis,Pokémon,https://www.tcggo.com/pokemon/destined-rivals/fomantis-13,sv10-13,632839,singles
2026-08-23T17:19:56+02:00,,420,Masako Tomii,masako-tomii,DRI 14,14,825888,182,244,DRI,Pokémon,pokemon,221,https://images.tcggo.com/tcggo/storage/22104/destined-rivals-logo.png,Destined Rivals,EUR,1669.96,EUR,1598.93,2025-05-30,1,Scarlet & Violet,scarlet-violet,destined-rivals,120,22090,https://images.tcggo.com/tcggo/storage/22119/lurantis-dri-14-destined-rivals.png,https://www.tcggo.com/external/cm/22090,https://www.tcggo.com/external/tcgplayer/22090,Lurantis,Lurantis 14,0.04,0.03,9782,EUR,[],,,,,,,,,,,0.02,0.02,0.02,0.02,0.02,0.02,0.02,0.02,0.02,0.02,,,,,,,,,,,,,,,,,,,,,,,,,,,,,,,,,,,,,,,,,,EUR,0.3,0.12,Uncommon,lurantis,Pokémon,https://www.tcggo.com/pokemon/destined-rivals/lurantis-14,sv10-14,632840,singles
2026-08-23T17:19:56+02:00,,770,buchi,buchi,DRI 15,15,825889,182,244,DRI,Pokémon,pokemon,221,https://images.tcggo.com/tcggo/storage/22104/destined-rivals-logo.png,Destined Rivals,EUR,1669.96,EUR,1598.93,2025-05-30,1,Scarlet & Violet,scarlet-violet,destined-rivals,60,22091,https://images.tcggo.com/tcggo/storage/22120/team-rockets-blipbug-dri-15-destined-rivals.png,https://www.tcggo.com/external/cm/22091,https://www.tcggo.com/external/tcgplayer/22091,Team Rocket's Blipbug,Team Rocket's Blipbug 15,0.02,0.02,16413,EUR,[],,,,,,,,,,,0.02,0.02,0.02,0.02,0.02,0.02,0.02,0.02,0.02,0.02,,,,,,,,,,,,,,,,,,,,,,,,,,,,,,,,,,,,,,,,,,EUR,0.21,0.09,Common,team-rockets-blipbug,Pokémon,https://www.tcggo.com/pokemon/destined-rivals/team-rockets-blipbug-15,sv10-15,632841,singles
2026-08-23T17:19:56+02:00,,431,Tetsu Kayama,tetsu-kayama,DRI 16,16,825890,182,244,DRI,Pokémon,pokemon,221,https://images.tcggo.com/tcggo/storage/22104/destined-rivals-logo.png,Destined Rivals,EUR,1669.96,EUR,1598.93,2025-05-30,1,Scarlet & Violet,scarlet-violet,destined-rivals,40,22092,https://images.tcggo.com/tcggo/storage/22121/applin-dri-16-destined-rivals.png,https://www.tcggo.com/external/cm/22092,https://www.tcggo.com/external/tcgplayer/22092,Applin,Applin 16,0.05,0.05,9280,EUR,[],,,,,,,,,,,0.02,0.02,0.02,0.02,0.02,0.02,0.02,0.02,0.02,0.02,,,,,,,,,,,,,,,,,,,,,,,,,,,,,,,,,,,,,,,,,,EUR,0.23,0.13,Common,applin,Pokémon,https://www.tcggo.com/pokemon/destined-rivals/applin-16,sv10-16,632842,singles
2026-08-23T17:19:56+02:00,,437,Shigenori Negishi,shigenori-negishi,DRI 17,17,825891,182,244,DRI,Pokémon,pokemon,221,https://images.tcggo.com/tcggo/storage/22104/destined-rivals-logo.png,Destined Rivals,EUR,1669.96,EUR,1598.93,2025-05-30,1,Scarlet & Violet,scarlet-violet,destined-rivals,90,22093,https://images.tcggo.com/tcggo/storage/22122/dipplin-dri-17-destined-rivals.png,https://www.tcggo.com/external/cm/22093,https://www.tcggo.com/external/tcgplayer/22093,Dipplin,Dipplin 17,0.04,0.04,9415,EUR,[],,,,,,,,,,,0.02,0.02,0.02,0.02,0.02,0.02,0.02,0.02,0.02,0.02,,,,,,,,,,,,,,,,,,,,,,,,,,,,,,,,,,,,,,,,,,EUR,0.17,0.12,Common,dipplin,Pokémon,https://www.tcggo.com/pokemon/destined-rivals/dipplin-17,sv10-17,632843,singles
2026-08-23T17:19:56+02:00,,363,Anesaki Dynamic,anesaki-dynamic,DRI 18,18,825892,182,244,DRI,Pokémon,pokemon,221,https://images.tcggo.com/tcggo/storage/22104/destined-rivals-logo.png,Destined Rivals,EUR,1669.96,EUR,1598.93,2025-05-30,1,Scarlet & Violet,scarlet-violet,destined-rivals,170,22094,https://images.tcggo.com/tcggo/storage/22123/hydrapple-dri-18-destined-rivals.png,https://www.tcggo.com/external/cm/22094,https://www.tcggo.com/external/tcgplayer/22094,Hydrapple,Hydrapple 18,0.07,0.07,10293,EUR,[],,,,,,,,,,,0.03,0.02,0.02,0.02,0.02,0.02,0.02,0.02,0.02,0.02,,,,,,,,,,,,,,,,,,,,,,,,,,,,,,,,,,,,,,,,,,EUR,0.27,0.17,rare,hydrapple,Pokémon,https://www.tcggo.com/pokemon/destined-rivals/hydrapple-18,sv10-18,632844,singles
2026-08-23T17:19:56+02:00,,370,Saboteri,saboteri,DRI 19,19,825893,182,244,DRI,Pokémon,pokemon,221,https://images.tcggo.com/tcggo/storage/22104/destined-rivals-logo.png,Destined Rivals,EUR,1669.96,EUR,1598.93,2025-05-30,1,Scarlet & Violet,scarlet-violet,destined-rivals,50,22095,https://images.tcggo.com/tcggo/storage/22124/team-rockets-tarountula-dri-19-destined-rivals.png,https://www.tcggo.com/external/cm/22095,https://www.tcggo.com/external/tcgplayer/22095,Team Rocket's Tarountula,Team Rocket's Tarountula 19,0.06,0.08,12648,EUR,[],,,,,,,,,,,0.02,0.02,0.02,0.02,0.02,0.02,0.02,0.02,0.02,0.02,,,,,,,,,,,,,,,,,,,,,,,,,,,,,,,,,,,,,,,,,,EUR,0.23,0.15,Common,team-rockets-tarountula,Pokémon,https://www.tcggo.com/pokemon/destined-rivals/team-rockets-tarountula-19,sv10-19,632845,singles
2026-08-23T17:19:56+02:00,,480,Taiga Kasai,taiga-kasai,DRI 20,20,825894,182,244,DRI,Pokémon,pokemon,221,https://images.tcggo.com/tcggo/storage/22104/destined-rivals-logo.png,Destined Rivals,EUR,1669.96,EUR,1598.93,2025-05-30,1,Scarlet & Violet,scarlet-violet,destined-rivals,130,22096,https://images.tcggo.com/tcggo/storage/22125/team-rockets-spidops-dri-20-destined-rivals.png,https://www.tcggo.com/external/cm/22096,https://www.tcggo.com/external/tcgplayer/22096,Team Rocket's Spidops,Team Rocket's Spidops 20,0.08,0.07,8071,EUR,[],,,,,,,,,,,0.02,0.02,0.02,0.02,0.02,0.02,0.02,0.02,0.02,0.02,,,,,,,,,,,,,,,,,,,,,,,,,,,,,,,,,,,,,,,,,,EUR,0.3,0.21,rare,team-rockets-spidops,Pokémon,https://www.tcggo.com/pokemon/destined-rivals/team-rockets-spidops-20,sv10-20,632846,singles
2026-08-23T17:19:56+02:00,,401,Yuka Morii,yuka-morii,DRI 21,21,825895,182,244,DRI,Pokémon,pokemon,221,https://images.tcggo.com/tcggo/storage/22104/destined-rivals-logo.png,Destined Rivals,EUR,1669.96,EUR,1598.93,2025-05-30,1,Scarlet & Violet,scarlet-violet,destined-rivals,60,22097,https://images.tcggo.com/tcggo/storage/22126/smoliv-dri-21-destined-rivals.png,https://www.tcggo.com/external/cm/22097,https://www.tcggo.com/external/tcgplayer/22097,Smoliv,Smoliv 21,0.06,0.04,13571,EUR,[],,,,,,,,,,,0.02,0.02,0.02,0.02,0.02,0.02,0.02,0.02,0.02,0.02,,,,,,,,,,,,,,,,,,,,,,,,,,,,,,,,,,,,,,,,,,EUR,0.26,0.15,Common,smoliv,Pokémon,https://www.tcggo.com/pokemon/destined-rivals/smoliv-21-1,sv10-21,630805,singles
2026-08-23T17:19:56+02:00,,771,Felicia Chen,felicia-chen,DRI 22,22,825896,182,244,DRI,Pokémon,pokemon,221,https://images.tcggo.com/tcggo/storage/22104/destined-rivals-logo.png,Destined Rivals,EUR,1669.96,EUR,1598.93,2025-05-30,1,Scarlet & Violet,scarlet-violet,destined-rivals,90,22098,https://images.tcggo.com/tcggo/storage/22127/dolliv-dri-22-destined-rivals.png,https://www.tcggo.com/external/cm/22098,https://www.tcggo.com/external/tcgplayer/22098,Dolliv,Dolliv 22,0.08,0.06,7183,EUR,[],,,,,,,,,,,0.02,0.02,0.02,0.02,0.02,0.02,0.02,0.02,0.02,0.02,,,,,,,,,,,,,,,,,,,,,,,,,,,,,,,,,,,,,,,,,,EUR,0.21,0.17,Common,dolliv,Pokémon,https://www.tcggo.com/pokemon/destined-rivals/dolliv-22-1,sv10-22,630806,singles
2026-08-23T17:19:56+02:00,,475,PLANETA Tsuji,planeta-tsuji,DRI 23,23,825897,182,244,DRI,Pokémon,pokemon,221,https://images.tcggo.com/tcggo/storage/22104/destined-rivals-logo.png,Destined Rivals,EUR,1669.96,EUR,1598.93,2025-05-30,1,Scarlet & Violet,scarlet-violet,destined-rivals,310,22099,https://images.tcggo.com/tcggo/storage/22128/arboliva-ex-dri-23-destined-rivals.png,https://www.tcggo.com/external/cm/22099,https://www.tcggo.com/external/tcgplayer/22099,Arboliva ex,Arboliva ex 23,0.55,0.57,2227,EUR,[],,,,,,,,,,,0.2,0.05,0.05,0.1,0.1,0.2,0.4,0.4,0.02,0.02,,,,,,,,,,,,,,,,,,,,,,,,,,,,,,,,,,,,,,,,,,EUR,0.57,0.79,Double Rare,arboliva-ex,Pokémon,https://www.tcggo.com/pokemon/destined-rivals/arboliva-ex-23,sv10-23,630807,singles
2026-08-23T17:19:56+02:00,,364,Toshinao Aoki,toshinao-aoki,DRI 24,24,825898,182,244,DRI,Pokémon,pokemon,221,https://images.tcggo.com/tcggo/storage/22104/destined-rivals-logo.png,Destined Rivals,EUR,1669.96,EUR,1598.93,2025-05-30,1,Scarlet & Violet,scarlet-violet,destined-rivals,40,22100,https://images.tcggo.com/tcggo/storage/22129/rellor-dri-24-destined-rivals.png,https://www.tcggo.com/external/cm/22100,https://www.tcggo.com/external/tcgplayer/22100,Rellor,Rellor 24,0.03,0.04,16639,EUR,[],,,,,,,,,,,0.02,0.02,0.02,0.02,0.02,0.02,0.02,0.02,0.02,0.02,,,,,,,,,,,,,,,,,,,,,,,,,,,,,,,,,,,,,,,,,,EUR,0.16,0.09,Common,rellor,Pokémon,https://www.tcggo.com/pokemon/destined-rivals/rellor-24,sv10-24,632847,singles
2026-08-23T17:19:56+02:00,,489,N-DESIGN Inc.,n-design-inc,DRI 25,25,825899,182,244,DRI,Pokémon,pokemon,221,https://images.tcggo.com/tcggo/storage/22104/destined-rivals-logo.png,Destined Rivals,EUR,1669.96,EUR,1598.93,2025-05-30,1,Scarlet & Violet,scarlet-violet,destined-rivals,250,22101,https://images.tcggo.com/tcggo/storage/22130/rabsca-ex-dri-25-destined-rivals.png,https://www.tcggo.com/external/cm/22101,https://www.tcggo.com/external/tcgplayer/22101,Rabsca ex,Rabsca ex 25,0.36,0.34,3213,EUR,[],,,,,,,,,,,0.1,0.1,0.1,0.05,0.05,0.1,0.15,0.15,0.02,0.02,,,,,,,,,,,,,,,,,,,,,,,,,,,,,,,,,,,,,,,,,,EUR,0.45,0.57,Double Rare,rabsca-ex,Pokémon,https://www.tcggo.com/pokemon/destined-rivals/rabsca-ex-25,sv10-25,632848,singles
2026-08-23T17:19:56+02:00,,372,Tomomi Ozaki,tomomi-ozaki,DRI 26,26,825908,182,244,DRI,Pokémon,pokemon,221,https://images.tcggo.com/tcggo/storage/22104/destined-rivals-logo.png,Destined Rivals,EUR,1669.96,EUR,1598.93,2025-05-30,1,Scarlet & Violet,scarlet-violet,destined-rivals,110,22102,https://images.tcggo.com/tcggo/storage/22131/teal-mask-ogerpon-dri-26-destined-rivals.png,https://www.tcggo.com/external/cm/22102,https://www.tcggo.com/external/tcgplayer/22102,Teal Mask Ogerpon,Teal Mask Ogerpon 26,0.04,0.06,10129,EUR,[],,,,,,,,,,,0.02,0.02,0.02,0.02,0.02,0.02,0.02,0.02,0.02,0.02,,,,,,,,,,,,,,,,,,,,,,,,,,,,,,,,,,,,,,,,,,EUR,0.25,0.13,Uncommon,teal-mask-ogerpon,Pokémon,https://www.tcggo.com/pokemon/destined-rivals/teal-mask-ogerpon-26,sv10-26,632849,singles
2026-08-23T17:19:56+02:00,,513,ryoma uratsuka,ryoma-uratsuka,DRI 27,27,825900,182,244,DRI,Pokémon,pokemon,221,https://images.tcggo.com/tcggo/storage/22104/destined-rivals-logo.png,Destined Rivals,EUR,1669.96,EUR,1598.93,2025-05-30,1,Scarlet & Violet,scarlet-violet,destined-rivals,80,22103,https://images.tcggo.com/tcggo/storage/22132/growlithe-dri-27-destined-rivals.png,https://www.tcggo.com/external/cm/22103,https://www.tcggo.com/external/tcgplayer/22103,Growlithe,Growlithe 27,0.05,0.05,8748,EUR,[],,,,,,,,,,,0.02,0.02,0.02,0.02,0.02,0.02,0.02,0.02,0.02,0.02,,,,,,,,,,,,,,,,,,,,,,,,,,,,,,,,,,,,,,,,,,EUR,0.23,0.13,Common,growlithe,Pokémon,https://www.tcggo.com/pokemon/destined-rivals/growlithe-27-1,sv10-27,632850,singles
2026-08-23T17:19:56+02:00,,395,Nisota Niso,nisota-niso,DRI 28,28,825901,182,244,DRI,Pokémon,pokemon,221,https://images.tcggo.com/tcggo/storage/22104/destined-rivals-logo.png,Destined Rivals,EUR,1669.96,EUR,1598.93,2025-05-30,1,Scarlet & Violet,scarlet-violet,destined-rivals,140,22104,https://images.tcggo.com/tcggo/storage/22133/arcanine-dri-28-destined-rivals.png,https://www.tcggo.com/external/cm/22104,https://www.tcggo.com/external/tcgplayer/22104,Arcanine,Arcanine 28,0.04,0.05,9141,EUR,[],,,,,,,,,,,0.02,0.02,0.02,0.02,0.02,0.02,0.02,0.02,0.02,0.02,,,,,,,,,,,,,,,,,,,,,,,,,,,,,,,,,,,,,,,,,,EUR,0.28,0.13,Uncommon,arcanine,Pokémon,https://www.tcggo.com/pokemon/destined-rivals/arcanine-28-1,sv10-28,632851,singles
2026-08-23T17:19:56+02:00,,772,Ayako Ozaki,ayako-ozaki,DRI 29,29,825902,182,244,DRI,Pokémon,pokemon,221,https://images.tcggo.com/tcggo/storage/22104/destined-rivals-logo.png,Destined Rivals,EUR,1669.96,EUR,1598.93,2025-05-30,1,Scarlet & Violet,scarlet-violet,destined-rivals,70,22105,https://images.tcggo.com/tcggo/storage/22134/ponyta-dri-29-destined-rivals.png,https://www.tcggo.com/external/cm/22105,https://www.tcggo.com/external/tcgplayer/22105,Ponyta,Ponyta 29,0.04,0.05,7999,EUR,[],,,,,,,,,,,0.03,0.02,0.02,0.02,0.02,0.02,0.02,0.02,0.02,0.02,,,,,,,,,,,,,,,,,,,,,,,,,,,,,,,,,,,,,,,,,,EUR,0.25,0.15,Common,ponyta,Pokémon,https://www.tcggo.com/pokemon/destined-rivals/ponyta-29,sv10-29,632852,singles
2026-08-23T17:19:56+02:00,,433,SIE NANAHARA,sie-nanahara,DRI 30,30,825903,182,244,DRI,Pokémon,pokemon,221,https://images.tcggo.com/tcggo/storage/22104/destined-rivals-logo.png,Destined Rivals,EUR,1669.96,EUR,1598.93,2025-05-30,1,Scarlet & Violet,scarlet-violet,destined-rivals,110,22106,https://images.tcggo.com/tcggo/storage/22135/rapidash-dri-30-destined-rivals.png,https://www.tcggo.com/external/cm/22106,https://www.tcggo.com/external/tcgplayer/22106,Rapidash,Rapidash 30,0.04,0.03,9435,EUR,[],,,,,,,,,,,0.02,0.02,0.02,0.02,0.02,0.02,0.02,0.02,0.02,0.02,,,,,,,,,,,,,,,,,,,,,,,,,,,,,,,,,,,,,,,,,,EUR,0.25,0.13,Uncommon,rapidash,Pokémon,https://www.tcggo.com/pokemon/destined-rivals/rapidash-30,sv10-30,632853,singles
2026-08-23T17:19:56+02:00,,380,5ban Graphics,5ban-graphics,DRI 31,31,825904,182,244,DRI,Pokémon,pokemon,221,https://images.tcggo.com/tcggo/storage/22104/destined-rivals-logo.png,Destined Rivals,EUR,1669.96,EUR,1598.93,2025-05-30,1,Scarlet & Violet,scarlet-violet,destined-rivals,220,22107,https://images.tcggo.com/tcggo/storage/22136/team-rockets-moltres-ex-dri-31-destined-rivals.png,https://www.tcggo.com/external/cm/22107,https://www.tcggo.com/external/tcgplayer/22107,Team Rocket's Moltres ex,Team Rocket's Moltres ex 31,0.61,0.58,3339,EUR,[],,,,,,,,,,,0.05,0.2,0.2,0.44,0.44,0.05,0.5,0.5,0.05,0.05,,,,,,,,,,,,,,,,,,,,,,,,,,,,,,,,,,,,,,,,,,EUR,0.69,0.75,Double Rare,team-rockets-moltres-ex,Pokémon,https://www.tcggo.com/pokemon/destined-rivals/team-rockets-moltres-ex-31,sv10-31,630808,singles
2026-08-23T17:19:56+02:00,,452,Susumu Maeya,susumu-maeya,DRI 32,32,825905,182,244,DRI,Pokémon,pokemon,221,https://images.tcggo.com/tcggo/storage/22104/destined-rivals-logo.png,Destined Rivals,EUR,1669.96,EUR,1598.93,2025-05-30,1,Scarlet & Violet,scarlet-violet,destined-rivals,70,22108,https://images.tcggo.com/tcggo/storage/22137/ethans-cyndaquil-dri-32-destined-rivals.png,https://www.tcggo.com/external/cm/22108,https://www.tcggo.com/external/tcgplayer/22108,Ethan's Cyndaquil,Ethan's Cyndaquil 32,0.07,0.07,13568,EUR,[],,,,,,,,,,,0.03,0.02,0.02,0.02,0.02,0.02,0.02,0.02,0.02,0.02,,,,,,,,,,,,,,,,,,,,,,,,,,,,,,,,,,,,,,,,,,EUR,0.23,0.15,Common,ethans-cyndaquil,Pokémon,https://www.tcggo.com/pokemon/destined-rivals/ethans-cyndaquil-32,sv10-32,632854,singles
2026-08-23T17:19:56+02:00,,377,Souichirou Gunjima,souichirou-gunjima,DRI 33,33,825906,182,244,DRI,Pokémon,pokemon,221,https://images.tcggo.com/tcggo/storage/22104/destined-rivals-logo.png,Destined Rivals,EUR,1669.96,EUR,1598.93,2025-05-30,1,Scarlet & Violet,scarlet-violet,destined-rivals,100,22109,https://images.tcggo.com/tcggo/storage/22138/ethans-quilava-dri-33-destined-rivals.png,https://www.tcggo.com/external/cm/22109,https://www.tcggo.com/external/tcgplayer/22109,Ethan's Quilava,Ethan's Quilava 33,0.1,0.1,5930,EUR,[],,,,,,,,,,,0.03,0.02,0.02,0.02,0.02,0.02,0.02,0.02,0.02,0.02,,,,,,,,,,,,,,,,,,,,,,,,,,,,,,,,,,,,,,,,,,EUR,0.26,0.21,Common,ethans-quilava,Pokémon,https://www.tcggo.com/pokemon/destined-rivals/ethans-quilava-33,sv10-33,632855,singles
2026-08-23T17:19:56+02:00,,444,danciao,danciao,DRI 34,34,825907,182,244,DRI,Pokémon,pokemon,221,https://images.tcggo.com/tcggo/storage/22104/destined-rivals-logo.png,Destined Rivals,EUR,1669.96,EUR,1598.93,2025-05-30,1,Scarlet & Violet,scarlet-violet,destined-rivals,170,22110,https://images.tcggo.com/tcggo/storage/22139/ethans-typhlosion-dri-34-destined-rivals.png,https://www.tcggo.com/external/cm/22110,https://www.tcggo.com/external/tcgplayer/22110,Ethan's Typhlosion,Ethan's Typhlosion 34,0.16,0.15,5696,EUR,[],,,,,,,,,,,0.03,0.02,0.02,0.02,0.02,0.02,0.02,0.02,0.02,0.02,,,,,,,,,,,,,,,,,,,,,,,,,,,,,,,,,,,,,,,,,,EUR,0.3,0.27,rare,ethans-typhlosion,Pokémon,https://www.tcggo.com/pokemon/destined-rivals/ethans-typhlosion-34,sv10-34,630809,singles
2026-08-23T17:19:56+02:00,,379,Sanosuke Sakuma,sanosuke-sakuma,DRI 35,35,825909,182,244,DRI,Pokémon,pokemon,221,https://images.tcggo.com/tcggo/storage/22104/destined-rivals-logo.png,Destined Rivals,EUR,1669.96,EUR,1598.93,2025-05-30,1,Scarlet & Violet,scarlet-violet,destined-rivals,80,22111,https://images.tcggo.com/tcggo/storage/22140/ethans-slugma-dri-35-destined-rivals.png,https://www.tcggo.com/external/cm/22111,https://www.tcggo.com/external/tcgplayer/22111,Ethan's Slugma,Ethan's Slugma 35,0.04,0.03,15860,EUR,[],,,,,,,,,,,0.02,0.02,0.02,0.02,0.02,0.02,0.02,0.02,0.02,0.02,,,,,,,,,,,,,,,,,,,,,,,,,,,,,,,,,,,,,,,,,,EUR,0.15,0.09,Common,ethans-slugma,Pokémon,https://www.tcggo.com/pokemon/destined-rivals/ethans-slugma-35,sv10-35,630810,singles
2026-08-23T17:19:56+02:00,,414,kodama,kodama,DRI 36,36,825910,182,244,DRI,Pokémon,pokemon,221,https://images.tcggo.com/tcggo/storage/22104/destined-rivals-logo.png,Destined Rivals,EUR,1669.96,EUR,1598.93,2025-05-30,1,Scarlet & Violet,scarlet-violet,destined-rivals,130,22112,https://images.tcggo.com/tcggo/storage/22141/ethans-magcargo-dri-36-destined-rivals.png,https://www.tcggo.com/external/cm/22112,https://www.tcggo.com/external/tcgplayer/22112,Ethan's Magcargo,Ethan's Magcargo 36,0.06,0.05,10475,EUR,[],,,,,,,,,,,0.02,0.02,0.02,0.02,0.02,0.02,0.02,0.02,0.02,0.02,,,,,,,,,,,,,,,,,,,,,,,,,,,,,,,,,,,,,,,,,,EUR,0.24,0.15,rare,ethans-magcargo,Pokémon,https://www.tcggo.com/pokemon/destined-rivals/ethans-magcargo-36,sv10-36,630811,singles
2026-08-23T17:19:56+02:00,,442,Krgc,krgc,DRI 37,37,825911,182,244,DRI,Pokémon,pokemon,221,https://images.tcggo.com/tcggo/storage/22104/destined-rivals-logo.png,Destined Rivals,EUR,1669.96,EUR,1598.93,2025-05-30,1,Scarlet & Violet,scarlet-violet,destined-rivals,70,22113,https://images.tcggo.com/tcggo/storage/22142/team-rockets-houndour-dri-37-destined-rivals.png,https://www.tcggo.com/external/cm/22113,https://www.tcggo.com/external/tcgplayer/22113,Team Rocket's Houndour,Team Rocket's Houndour 37,0.03,0.03,15616,EUR,[],,,,,,,,,,,0.02,0.02,0.02,0.02,0.02,0.02,0.02,0.02,0.02,0.02,,,,,,,,,,,,,,,,,,,,,,,,,,,,,,,,,,,,,,,,,,EUR,0.2,0.12,Common,team-rockets-houndour,Pokémon,https://www.tcggo.com/pokemon/destined-rivals/team-rockets-houndour-37,sv10-37,632856,singles
2026-08-23T17:19:56+02:00,,363,Anesaki Dynamic,anesaki-dynamic,DRI 38,38,825912,182,244,DRI,Pokémon,pokemon,221,https://images.tcggo.com/tcggo/storage/22104/destined-rivals-logo.png,Destined Rivals,EUR,1669.96,EUR,1598.93,2025-05-30,1,Scarlet & Violet,scarlet-violet,destined-rivals,130,22114,https://images.tcggo.com/tcggo/storage/22143/team-rockets-houndoom-dri-38-destined-rivals.png,https://www.tcggo.com/external/cm/22114,https://www.tcggo.com/external/tcgplayer/22114,Team Rocket's Houndoom,Team Rocket's Houndoom 38,0.04,0.03,9283,EUR,[],,,,,,,,,,,0.02,0.02,0.02,0.02,0.02,0.02,0.02,0.02,0.02,0.02,,,,,,,,,,,,,,,,,,,,,,,,,,,,,,,,,,,,,,,,,,EUR,0.28,0.13,Uncommon,team-rockets-houndoom,Pokémon,https://www.tcggo.com/pokemon/destined-rivals/team-rockets-houndoom-38,sv10-38,632857,singles
2026-08-23T17:19:56+02:00,,371,aky CG Works,aky-cg-works,DRI 39,39,825913,182,244,DRI,Pokémon,pokemon,221,https://images.tcggo.com/tcggo/storage/22104/destined-rivals-logo.png,Destined Rivals,EUR,1669.96,EUR,1598.93,2025-05-30,1,Scarlet & Violet,scarlet-violet,destined-rivals,230,22115,https://images.tcggo.com/tcggo/storage/22144/ethans-ho-oh-ex-dri-39-destined-rivals.png,https://www.tcggo.com/external/cm/22115,https://www.tcggo.com/external/tcgplayer/22115,Ethan's Ho-Oh ex,Ethan's Ho-Oh ex 39,0.6,0.55,3340,EUR,[],,,,,,,,,,,0.15,0.1,0.12,0.15,0.15,0.15,0.5,0.5,0.07,0.07,,,,,,,,,,,,,,,,,,,,,,,,,,,,,,,,,,,,,,,,,,EUR,0.62,0.73,Double Rare,ethans-ho-oh-ex,Pokémon,https://www.tcggo.com/pokemon/destined-rivals/ethans-ho-oh-ex-39,sv10-39,632858,singles
2026-08-23T17:19:56+02:00,,499,Tika Matsuno,tika-matsuno,DRI 40,40,825914,182,244,DRI,Pokémon,pokemon,221,https://images.tcggo.com/tcggo/storage/22104/destined-rivals-logo.png,Destined Rivals,EUR,1669.96,EUR,1598.93,2025-05-30,1,Scarlet & Violet,scarlet-violet,destined-rivals,70,22116,https://images.tcggo.com/tcggo/storage/22145/torchic-dri-40-destined-rivals.png,https://www.tcggo.com/external/cm/22116,https://www.tcggo.com/external/tcgplayer/22116,Torchic,Torchic 40,0.05,0.07,13426,EUR,[],,,,,,,,,,,0.03,0.02,0.02,0.02,0.02,0.02,0.02,0.02,0.02,0.02,,,,,,,,,,,,,,,,,,,,,,,,,,,,,,,,,,,,,,,,,,EUR,0.26,0.15,Common,torchic,Pokémon,https://www.tcggo.com/pokemon/destined-rivals/torchic-40,sv10-40,632859,singles
2026-08-23T17:19:56+02:00,,495,yuu,yuu,DRI 41,41,825915,182,244,DRI,Pokémon,pokemon,221,https://images.tcggo.com/tcggo/storage/22104/destined-rivals-logo.png,Destined Rivals,EUR,1669.96,EUR,1598.93,2025-05-30,1,Scarlet & Violet,scarlet-violet,destined-rivals,100,22117,https://images.tcggo.com/tcggo/storage/22146/combusken-dri-41-destined-rivals.png,https://www.tcggo.com/external/cm/22117,https://www.tcggo.com/external/tcgplayer/22117,Combusken,Combusken 41,0.06,0.06,7213,EUR,[],,,,,,,,,,,0.03,0.02,0.02,0.02,0.02,0.02,0.02,0.02,0.02,0.02,,,,,,,,,,,,,,,,,,,,,,,,,,,,,,,,,,,,,,,,,,EUR,0.23,0.15,Common,combusken,Pokémon,https://www.tcggo.com/pokemon/destined-rivals/combusken-41,sv10-41,632860,singles
2026-08-23T17:19:56+02:00,,439,Kazumasa Yasukuni,kazumasa-yasukuni,DRI 42,42,825916,182,244,DRI,Pokémon,pokemon,221,https://images.tcggo.com/tcggo/storage/22104/destined-rivals-logo.png,Destined Rivals,EUR,1669.96,EUR,1598.93,2025-05-30,1,Scarlet & Violet,scarlet-violet,destined-rivals,170,22118,https://images.tcggo.com/tcggo/storage/22147/blaziken-dri-42-destined-rivals.png,https://www.tcggo.com/external/cm/22118,https://www.tcggo.com/external/tcgplayer/22118,Blaziken,Blaziken 42,0.1,0.08,9317,EUR,[],,,,,,,,,,,0.03,0.02,0.02,0.02,0.02,0.02,0.02,0.02,0.02,0.02,,,,,,,,,,,,,,,,,,,,,,,,,,,,,,,,,,,,,,,,,,EUR,0.29,0.2,rare,blaziken,Pokémon,https://www.tcggo.com/pokemon/destined-rivals/blaziken-42,sv10-42,632861,singles
2026-08-23T17:19:56+02:00,,422,Dsuke,dsuke,DRI 43,43,825917,182,244,DRI,Pokémon,pokemon,221,https://images.tcggo.com/tcggo/storage/22104/destined-rivals-logo.png,Destined Rivals,EUR,1669.96,EUR,1598.93,2025-05-30,1,Scarlet & Violet,scarlet-violet,destined-rivals,80,22119,https://images.tcggo.com/tcggo/storage/22148/heat-rotom-dri-43-destined-rivals.png,https://www.tcggo.com/external/cm/22119,https://www.tcggo.com/external/tcgplayer/22119,Heat Rotom,Heat Rotom 43,0.03,0.03,8870,EUR,[],,,,,,,,,,,0.02,0.02,0.02,0.02,0.02,0.02,0.02,0.02,0.02,0.02,,,,,,,,,,,,,,,,,,,,,,,,,,,,,,,,,,,,,,,,,,EUR,0.18,0.15,Common,heat-rotom,Pokémon,https://www.tcggo.com/pokemon/destined-rivals/heat-rotom-43,sv10-43,632862,singles
2026-08-23T17:19:56+02:00,,359,HYOGONOSUKE,hyogonosuke,DRI 44,44,825918,182,244,DRI,Pokémon,pokemon,221,https://images.tcggo.com/tcggo/storage/22104/destined-rivals-logo.png,Destined Rivals,EUR,1669.96,EUR,1598.93,2025-05-30,1,Scarlet & Violet,scarlet-violet,destined-rivals,110,22120,https://images.tcggo.com/tcggo/storage/22149/hearthflame-mask-ogerpon-dri-44-destined-rivals.png,https://www.tcggo.com/external/cm/22120,https://www.tcggo.com/external/tcgplayer/22120,Hearthflame Mask Ogerpon,Hearthflame Mask Ogerpon 44,0.03,0.03,9910,EUR,[],,,,,,,,,,,0.02,0.02,0.02,0.02,0.02,0.02,0.02,0.02,0.02,0.02,,,,,,,,,,,,,,,,,,,,,,,,,,,,,,,,,,,,,,,,,,EUR,0.23,0.12,Uncommon,hearthflame-mask-ogerpon,Pokémon,https://www.tcggo.com/pokemon/destined-rivals/hearthflame-mask-ogerpon-44,sv10-44,632863,singles
2026-08-23T17:19:56+02:00,,409,Yuu Nishida,yuu-nishida,DRI 45,45,825919,182,244,DRI,Pokémon,pokemon,221,https://images.tcggo.com/tcggo/storage/22104/destined-rivals-logo.png,Destined Rivals,EUR,1669.96,EUR,1598.93,2025-05-30,1,Scarlet & Violet,scarlet-violet,destined-rivals,70,22121,https://images.tcggo.com/tcggo/storage/22150/mistys-psyduck-dri-45-destined-rivals.png,https://www.tcggo.com/external/cm/22121,https://www.tcggo.com/external/tcgplayer/22121,Misty's Psyduck,Misty's Psyduck 45,0.07,0.06,7125,EUR,[],,,,,,,,,,,0.03,0.02,0.02,0.02,0.02,0.02,0.02,0.02,0.02,0.02,,,,,,,,,,,,,,,,,,,,,,,,,,,,,,,,,,,,,,,,,,EUR,0.86,0.18,Uncommon,mistys-psyduck,Pokémon,https://www.tcggo.com/pokemon/destined-rivals/mistys-psyduck-45,sv10-45,630812,singles
2026-08-23T17:19:56+02:00,,466,Shinya Komatsu,shinya-komatsu,DRI 46,46,825920,182,244,DRI,Pokémon,pokemon,221,https://images.tcggo.com/tcggo/storage/22104/destined-rivals-logo.png,Destined Rivals,EUR,1669.96,EUR,1598.93,2025-05-30,1,Scarlet & Violet,scarlet-violet,destined-rivals,70,22122,https://images.tcggo.com/tcggo/storage/22151/mistys-staryu-dri-46-destined-rivals.png,https://www.tcggo.com/external/cm/22122,https://www.tcggo.com/external/tcgplayer/22122,Misty's Staryu,Misty's Staryu 46,0.04,0.04,13036,EUR,[],,,,,,,,,,,0.02,0.02,0.02,0.02,0.02,0.02,0.02,0.02,0.02,0.02,,,,,,,,,,,,,,,,,,,,,,,,,,,,,,,,,,,,,,,,,,EUR,0.28,0.13,Common,mistys-staryu,Pokémon,https://www.tcggo.com/pokemon/destined-rivals/mistys-staryu-46,sv10-46,630813,singles
2026-08-23T17:19:56+02:00,,528,Natsumi Yoshida,natsumi-yoshida,DRI 47,47,825921,182,244,DRI,Pokémon,pokemon,221,https://images.tcggo.com/tcggo/storage/22104/destined-rivals-logo.png,Destined Rivals,EUR,1669.96,EUR,1598.93,2025-05-30,1,Scarlet & Violet,scarlet-violet,destined-rivals,100,22123,https://images.tcggo.com/tcggo/storage/22152/mistys-starmie-dri-47-destined-rivals.png,https://www.tcggo.com/external/cm/22123,https://www.tcggo.com/external/tcgplayer/22123,Misty's Starmie,Misty's Starmie 47,0.06,0.06,9152,EUR,[],,,,,,,,,,,0.03,0.02,0.02,0.02,0.02,0.02,0.02,0.02,0.02,0.02,,,,,,,,,,,,,,,,,,,,,,,,,,,,,,,,,,,,,,,,,,EUR,0.29,0.15,Uncommon,mistys-starmie,Pokémon,https://www.tcggo.com/pokemon/destined-rivals/mistys-starmie-47,sv10-47,630814,singles
2026-08-23T17:19:56+02:00,,410,Shimaris Yukichi,shimaris-yukichi,DRI 48,48,825922,182,244,DRI,Pokémon,pokemon,221,https://images.tcggo.com/tcggo/storage/22104/destined-rivals-logo.png,Destined Rivals,EUR,1669.96,EUR,1598.93,2025-05-30,1,Scarlet & Violet,scarlet-violet,destined-rivals,30,22124,https://images.tcggo.com/tcggo/storage/22153/mistys-magikarp-dri-48-destined-rivals.png,https://www.tcggo.com/external/cm/22124,https://www.tcggo.com/external/tcgplayer/22124,Misty's Magikarp,Misty's Magikarp 48,0.05,0.04,11855,EUR,[],,,,,,,,,,,0.02,0.02,0.02,0.02,0.02,0.02,0.02,0.02,0.02,0.02,,,,,,,,,,,,,,,,,,,,,,,,,,,,,,,,,,,,,,,,,,EUR,0.38,0.16,Common,mistys-magikarp,Pokémon,https://www.tcggo.com/pokemon/destined-rivals/mistys-magikarp-48,sv10-48,630815,singles
2026-08-23T17:19:56+02:00,,373,GOSSAN,gossan,DRI 49,49,825923,182,244,DRI,Pokémon,pokemon,221,https://images.tcggo.com/tcggo/storage/22104/destined-rivals-logo.png,Destined Rivals,EUR,1669.96,EUR,1598.93,2025-05-30,1,Scarlet & Violet,scarlet-violet,destined-rivals,180,22125,https://images.tcggo.com/tcggo/storage/22154/mistys-gyarados-dri-49-destined-rivals.png,https://www.tcggo.com/external/cm/22125,https://www.tcggo.com/external/tcgplayer/22125,Misty's Gyarados,Misty's Gyarados 49,0.12,0.11,6130,EUR,[],,,,,,,,,,,0.03,0.02,0.02,0.02,0.02,0.02,0.02,0.02,0.02,0.02,,,,,,,,,,,,,,,,,,,,,,,,,,,,,,,,,,,,,,,,,,EUR,0.44,0.26,rare,mistys-gyarados,Pokémon,https://www.tcggo.com/pokemon/destined-rivals/mistys-gyarados-49,sv10-49,630816,singles
2026-08-23T17:19:56+02:00,,477,En Morikura,en-morikura,DRI 50,50,825924,182,244,DRI,Pokémon,pokemon,221,https://images.tcggo.com/tcggo/storage/22104/destined-rivals-logo.png,Destined Rivals,EUR,1669.96,EUR,1598.93,2025-05-30,1,Scarlet & Violet,scarlet-violet,destined-rivals,110,22126,https://images.tcggo.com/tcggo/storage/22155/mistys-lapras-dri-50-destined-rivals.png,https://www.tcggo.com/external/cm/22126,https://www.tcggo.com/external/tcgplayer/22126,Misty's Lapras,Misty's Lapras 50,0.06,0.05,5480,EUR,[],,,,,,,,,,,0.03,0.02,0.02,0.02,0.02,0.02,0.02,0.02,0.02,0.02,,,,,,,,,,,,,,,,,,,,,,,,,,,,,,,,,,,,,,,,,,EUR,0.3,0.16,Common,mistys-lapras,Pokémon,https://www.tcggo.com/pokemon/destined-rivals/mistys-lapras-50,sv10-50,630817,singles
2026-08-23T17:19:56+02:00,,375,Mitsuhiro Arita,mitsuhiro-arita,DRI 51,51,825925,182,244,DRI,Pokémon,pokemon,221,https://images.tcggo.com/tcggo/storage/22104/destined-rivals-logo.png,Destined Rivals,EUR,1669.96,EUR,1598.93,2025-05-30,1,Scarlet & Violet,scarlet-violet,destined-rivals,120,22127,https://images.tcggo.com/tcggo/storage/22156/team-rockets-articuno-dri-51-destined-rivals.png,https://www.tcggo.com/external/cm/22127,https://www.tcggo.com/external/tcgplayer/22127,Team Rocket's Articuno,Team Rocket's Articuno 51,0.17,0.15,6092,EUR,[],,,,,,,,,,,0.03,0.02,0.02,0.02,0.02,0.02,0.02,0.02,0.02,0.02,,,,,,,,,,,,,,,,,,,,,,,,,,,,,,,,,,,,,,,,,,EUR,0.59,0.21,rare,team-rockets-articuno,Pokémon,https://www.tcggo.com/pokemon/destined-rivals/team-rockets-articuno-51,sv10-51,632864,singles
2026-08-23T17:19:56+02:00,,773,kamonabe,kamonabe,DRI 52,52,825926,182,244,DRI,Pokémon,pokemon,221,https://images.tcggo.com/tcggo/storage/22104/destined-rivals-logo.png,Destined Rivals,EUR,1669.96,EUR,1598.93,2025-05-30,1,Scarlet & Violet,scarlet-violet,destined-rivals,30,22128,https://images.tcggo.com/tcggo/storage/22157/cynthias-feebas-dri-52-destined-rivals.png,https://www.tcggo.com/external/cm/22128,https://www.tcggo.com/external/tcgplayer/22128,Cynthia's Feebas,Cynthia's Feebas 52,0.03,0.03,6250,EUR,[],,,,,,,,,,,0.02,0.02,0.02,0.02,0.02,0.02,0.02,0.02,0.02,0.02,,,,,,,,,,,,,,,,,,,,,,,,,,,,,,,,,,,,,,,,,,EUR,0.25,0.14,Common,cynthias-feebas,Pokémon,https://www.tcggo.com/pokemon/destined-rivals/cynthias-feebas-52,sv10-52,632865,singles
2026-08-23T17:19:56+02:00,,522,You Iribi,you-iribi,DRI 53,53,825927,182,244,DRI,Pokémon,pokemon,221,https://images.tcggo.com/tcggo/storage/22104/destined-rivals-logo.png,Destined Rivals,EUR,1669.96,EUR,1598.93,2025-05-30,1,Scarlet & Violet,scarlet-violet,destined-rivals,130,22129,https://images.tcggo.com/tcggo/storage/22158/cynthias-milotic-dri-53-destined-rivals.png,https://www.tcggo.com/external/cm/22129,https://www.tcggo.com/external/tcgplayer/22129,Cynthia's Milotic,Cynthia's Milotic 53,0.03,0.04,9208,EUR,[],,,,,,,,,,,0.02,0.02,0.02,0.02,0.02,0.02,0.02,0.02,0.02,0.02,,,,,,,,,,,,,,,,,,,,,,,,,,,,,,,,,,,,,,,,,,EUR,0.26,0.13,Uncommon,cynthias-milotic,Pokémon,https://www.tcggo.com/pokemon/destined-rivals/cynthias-milotic-53,sv10-53,632866,singles
2026-08-23T17:19:56+02:00,,438,Miki Tanaka,miki-tanaka,DRI 54,54,825928,182,244,DRI,Pokémon,pokemon,221,https://images.tcggo.com/tcggo/storage/22104/destined-rivals-logo.png,Destined Rivals,EUR,1669.96,EUR,1598.93,2025-05-30,1,Scarlet & Violet,scarlet-violet,destined-rivals,60,22130,https://images.tcggo.com/tcggo/storage/22159/clamperl-dri-54-destined-rivals.png,https://www.tcggo.com/external/cm/22130,https://www.tcggo.com/external/tcgplayer/22130,Clamperl,Clamperl 54,0.03,0.04,8716,EUR,[],,,,,,,,,,,0.02,0.02,0.02,0.02,0.02,0.02,0.02,0.02,0.02,0.02,,,,,,,,,,,,,,,,,,,,,,,,,,,,,,,,,,,,,,,,,,EUR,0.19,0.11,Common,clamperl,Pokémon,https://www.tcggo.com/pokemon/destined-rivals/clamperl-54,sv10-54,632867,singles
2026-08-23T17:19:56+02:00,,387,Scav,scav,DRI 55,55,825929,182,244,DRI,Pokémon,pokemon,221,https://images.tcggo.com/tcggo/storage/22104/destined-rivals-logo.png,Destined Rivals,EUR,1669.96,EUR,1598.93,2025-05-30,1,Scarlet & Violet,scarlet-violet,destined-rivals,110,22131,https://images.tcggo.com/tcggo/storage/22160/huntail-dri-55-destined-rivals.png,https://www.tcggo.com/external/cm/22131,https://www.tcggo.com/external/tcgplayer/22131,Huntail,Huntail 55,0.04,0.04,9596,EUR,[],,,,,,,,,,,0.02,0.02,0.02,0.02,0.02,0.02,0.02,0.02,0.02,0.02,,,,,,,,,,,,,,,,,,,,,,,,,,,,,,,,,,,,,,,,,,EUR,0.24,0.13,Uncommon,huntail,Pokémon,https://www.tcggo.com/pokemon/destined-rivals/huntail-55,sv10-55,632868,singles
2026-08-23T17:19:56+02:00,,362,Naoyo Kimura,naoyo-kimura,DRI 56,56,825930,182,244,DRI,Pokémon,pokemon,221,https://images.tcggo.com/tcggo/storage/22104/destined-rivals-logo.png,Destined Rivals,EUR,1669.96,EUR,1598.93,2025-05-30,1,Scarlet & Violet,scarlet-violet,destined-rivals,90,22132,https://images.tcggo.com/tcggo/storage/22161/gorebyss-dri-56-destined-rivals.png,https://www.tcggo.com/external/cm/22132,https://www.tcggo.com/external/tcgplayer/22132,Gorebyss,Gorebyss 56,0.06,0.06,10289,EUR,[],,,,,,,,,,,0.02,0.02,0.02,0.02,0.02,0.02,0.02,0.02,0.02,0.02,,,,,,,,,,,,,,,,,,,,,,,,,,,,,,,,,,,,,,,,,,EUR,0.24,0.14,rare,gorebyss,Pokémon,https://www.tcggo.com/pokemon/destined-rivals/gorebyss-56,sv10-56,632869,singles
2026-08-23T17:19:56+02:00,,772,Ayako Ozaki,ayako-ozaki,DRI 57,57,825931,182,244,DRI,Pokémon,pokemon,221,https://images.tcggo.com/tcggo/storage/22104/destined-rivals-logo.png,Destined Rivals,EUR,1669.96,EUR,1598.93,2025-05-30,1,Scarlet & Violet,scarlet-violet,destined-rivals,70,22133,https://images.tcggo.com/tcggo/storage/22162/buizel-dri-57-destined-rivals.png,https://www.tcggo.com/external/cm/22133,https://www.tcggo.com/external/tcgplayer/22133,Buizel,Buizel 57,0.05,0.04,8388,EUR,[],,,,,,,,,,,0.02,0.02,0.02,0.02,0.02,0.02,0.02,0.02,0.02,0.02,,,,,,,,,,,,,,,,,,,,,,,,,,,,,,,,,,,,,,,,,,EUR,0.21,0.13,Common,buizel,Pokémon,https://www.tcggo.com/pokemon/destined-rivals/buizel-57,sv10-57,632870,singles
2026-08-23T17:19:56+02:00,,440,Shibuzoh.,shibuzoh,DRI 58,58,825932,182,244,DRI,Pokémon,pokemon,221,https://images.tcggo.com/tcggo/storage/22104/destined-rivals-logo.png,Destined Rivals,EUR,1669.96,EUR,1598.93,2025-05-30,1,Scarlet & Violet,scarlet-violet,destined-rivals,120,22134,https://images.tcggo.com/tcggo/storage/22163/floatzel-dri-58-destined-rivals.png,https://www.tcggo.com/external/cm/22134,https://www.tcggo.com/external/tcgplayer/22134,Floatzel,Floatzel 58,0.03,0.05,10008,EUR,[],,,,,,,,,,,0.02,0.02,0.02,0.02,0.02,0.02,0.02,0.02,0.02,0.02,,,,,,,,,,,,,,,,,,,,,,,,,,,,,,,,,,,,,,,,,,EUR,0.26,0.13,Uncommon,floatzel,Pokémon,https://www.tcggo.com/pokemon/destined-rivals/floatzel-58-1,sv10-58,632871,singles
2026-08-23T17:19:56+02:00,,441,Tomokazu Komiya,tomokazu-komiya,DRI 59,59,825933,182,244,DRI,Pokémon,pokemon,221,https://images.tcggo.com/tcggo/storage/22104/destined-rivals-logo.png,Destined Rivals,EUR,1669.96,EUR,1598.93,2025-05-30,1,Scarlet & Violet,scarlet-violet,destined-rivals,90,22135,https://images.tcggo.com/tcggo/storage/22164/snover-dri-59-destined-rivals.png,https://www.tcggo.com/external/cm/22135,https://www.tcggo.com/external/tcgplayer/22135,Snover,Snover 59,0.04,0.03,8886,EUR,[],,,,,,,,,,,0.02,0.02,0.02,0.02,0.02,0.02,0.02,0.02,0.02,0.02,,,,,,,,,,,,,,,,,,,,,,,,,,,,,,,,,,,,,,,,,,EUR,0.24,0.13,Common,snover,Pokémon,https://www.tcggo.com/pokemon/destined-rivals/snover-59,sv10-59,632872,singles
2026-08-23T17:19:56+02:00,,773,kamonabe,kamonabe,DRI 60,60,825934,182,244,DRI,Pokémon,pokemon,221,https://images.tcggo.com/tcggo/storage/22104/destined-rivals-logo.png,Destined Rivals,EUR,1669.96,EUR,1598.93,2025-05-30,1,Scarlet & Violet,scarlet-violet,destined-rivals,150,22136,https://images.tcggo.com/tcggo/storage/22165/abomasnow-dri-60-destined-rivals.png,https://www.tcggo.com/external/cm/22136,https://www.tcggo.com/external/tcgplayer/22136,Abomasnow,Abomasnow 60,0.04,0.03,10067,EUR,[],,,,,,,,,,,0.02,0.02,0.02,0.02,0.02,0.02,0.02,0.02,0.02,0.02,,,,,,,,,,,,,,,,,,,,,,,,,,,,,,,,,,,,,,,,,,EUR,0.25,0.11,Uncommon,abomasnow,Pokémon,https://www.tcggo.com/pokemon/destined-rivals/abomasnow-60,sv10-60,632873,singles
2026-08-23T17:19:56+02:00,,449,miki kudo,miki-kudo,DRI 61,61,825935,182,244,DRI,Pokémon,pokemon,221,https://images.tcggo.com/tcggo/storage/22104/destined-rivals-logo.png,Destined Rivals,EUR,1669.96,EUR,1598.93,2025-05-30,1,Scarlet & Violet,scarlet-violet,destined-rivals,80,22137,https://images.tcggo.com/tcggo/storage/22166/wash-rotom-dri-61-destined-rivals.png,https://www.tcggo.com/external/cm/22137,https://www.tcggo.com/external/tcgplayer/22137,Wash Rotom,Wash Rotom 61,0.04,0.03,8957,EUR,[],,,,,,,,,,,0.02,0.02,0.02,0.02,0.02,0.02,0.02,0.02,0.02,0.02,,,,,,,,,,,,,,,,,,,,,,,,,,,,,,,,,,,,,,,,,,EUR,0.2,0.13,Common,wash-rotom,Pokémon,https://www.tcggo.com/pokemon/destined-rivals/wash-rotom-61,sv10-61,632874,singles
2026-08-23T17:19:56+02:00,,374,OKUBO,okubo,DRI 62,62,825936,182,244,DRI,Pokémon,pokemon,221,https://images.tcggo.com/tcggo/storage/22104/destined-rivals-logo.png,Destined Rivals,EUR,1669.96,EUR,1598.93,2025-05-30,1,Scarlet & Violet,scarlet-violet,destined-rivals,70,22138,https://images.tcggo.com/tcggo/storage/22167/arrokuda-dri-62-destined-rivals.png,https://www.tcggo.com/external/cm/22138,https://www.tcggo.com/external/tcgplayer/22138,Arrokuda,Arrokuda 62,0.03,0.03,9258,EUR,[],,,,,,,,,,,0.02,0.02,0.02,0.02,0.02,0.02,0.02,0.02,0.02,0.02,,,,,,,,,,,,,,,,,,,,,,,,,,,,,,,,,,,,,,,,,,EUR,0.13,0.09,Common,arrokuda,Pokémon,https://www.tcggo.com/pokemon/destined-rivals/arrokuda-62,sv10-62,632875,singles
2026-08-23T17:19:56+02:00,,483,Kyoko Umemoto,kyoko-umemoto,DRI 63,63,825937,182,244,DRI,Pokémon,pokemon,221,https://images.tcggo.com/tcggo/storage/22104/destined-rivals-logo.png,Destined Rivals,EUR,1669.96,EUR,1598.93,2025-05-30,1,Scarlet & Violet,scarlet-violet,destined-rivals,130,22139,https://images.tcggo.com/tcggo/storage/22168/barraskewda-dri-63-destined-rivals.png,https://www.tcggo.com/external/cm/22139,https://www.tcggo.com/external/tcgplayer/22139,Barraskewda,Barraskewda 63,0.04,0.05,10024,EUR,[],,,,,,,,,,,0.02,0.02,0.02,0.02,0.02,0.02,0.02,0.02,0.02,0.02,,,,,,,,,,,,,,,,,,,,,,,,,,,,,,,,,,,,,,,,,,EUR,0.26,0.1,Uncommon,barraskewda,Pokémon,https://www.tcggo.com/pokemon/destined-rivals/barraskewda-63,sv10-63,632876,singles
2026-08-23T17:19:56+02:00,,503,sui,sui,DRI 64,64,825938,182,244,DRI,Pokémon,pokemon,221,https://images.tcggo.com/tcggo/storage/22104/destined-rivals-logo.png,Destined Rivals,EUR,1669.96,EUR,1598.93,2025-05-30,1,Scarlet & Violet,scarlet-violet,destined-rivals,100,22140,https://images.tcggo.com/tcggo/storage/22169/cetoddle-dri-64-destined-rivals.png,https://www.tcggo.com/external/cm/22140,https://www.tcggo.com/external/tcgplayer/22140,Cetoddle,Cetoddle 64,0.02,0.03,16563,EUR,[],,,,,,,,,,,0.02,0.02,0.02,0.02,0.02,0.02,0.02,0.02,0.02,0.02,,,,,,,,,,,,,,,,,,,,,,,,,,,,,,,,,,,,,,,,,,EUR,0.18,0.09,Common,cetoddle,Pokémon,https://www.tcggo.com/pokemon/destined-rivals/cetoddle-64,sv10-64,632877,singles
2026-08-23T17:19:56+02:00,,408,kawayoo,kawayoo,DRI 65,65,825939,182,244,DRI,Pokémon,pokemon,221,https://images.tcggo.com/tcggo/storage/22104/destined-rivals-logo.png,Destined Rivals,EUR,1669.96,EUR,1598.93,2025-05-30,1,Scarlet & Violet,scarlet-violet,destined-rivals,300,22141,https://images.tcggo.com/tcggo/storage/22170/cetitan-ex-dri-65-destined-rivals.png,https://www.tcggo.com/external/cm/22141,https://www.tcggo.com/external/tcgplayer/22141,Cetitan ex,Cetitan ex 65,0.4,0.39,3439,EUR,[],,,,,,,,,,,0.02,0.19,0.19,0.09,0.09,0.02,0.25,0.25,0.02,0.02,,,,,,,,,,,,,,,,,,,,,,,,,,,,,,,,,,,,,,,,,,EUR,0.48,0.56,Double Rare,cetitan-ex,Pokémon,https://www.tcggo.com/pokemon/destined-rivals/cetitan-ex-65,sv10-65,632878,singles
2026-08-23T17:19:56+02:00,,489,N-DESIGN Inc.,n-design-inc,DRI 66,66,825940,182,244,DRI,Pokémon,pokemon,221,https://images.tcggo.com/tcggo/storage/22104/destined-rivals-logo.png,Destined Rivals,EUR,1669.96,EUR,1598.93,2025-05-30,1,Scarlet & Violet,scarlet-violet,destined-rivals,260,22142,https://images.tcggo.com/tcggo/storage/22171/dondozo-ex-dri-66-destined-rivals.png,https://www.tcggo.com/external/cm/22142,https://www.tcggo.com/external/tcgplayer/22142,Dondozo ex,Dondozo ex 66,0.35,0.35,4164,EUR,[],,,,,,,,,,,0.1,0.08,0.08,0.1,0.1,0.1,0.1,0.1,0.02,0.02,,,,,,,,,,,,,,,,,,,,,,,,,,,,,,,,,,,,,,,,,,EUR,0.44,0.59,Double Rare,dondozo-ex,Pokémon,https://www.tcggo.com/pokemon/destined-rivals/dondozo-ex-66,sv10-66,632879,singles
2026-08-23T17:19:56+02:00,,403,rika,rika,DRI 67,67,825941,182,244,DRI,Pokémon,pokemon,221,https://images.tcggo.com/tcggo/storage/22104/destined-rivals-logo.png,Destined Rivals,EUR,1669.96,EUR,1598.93,2025-05-30,1,Scarlet & Violet,scarlet-violet,destined-rivals,110,22143,https://images.tcggo.com/tcggo/storage/22172/wellspring-mask-ogerpon-dri-67-destined-rivals.png,https://www.tcggo.com/external/cm/22143,https://www.tcggo.com/external/tcgplayer/22143,Wellspring Mask Ogerpon,Wellspring Mask Ogerpon 67,0.04,0.04,9698,EUR,[],,,,,,,,,,,0.02,0.02,0.02,0.02,0.02,0.02,0.02,0.02,0.02,0.02,,,,,,,,,,,,,,,,,,,,,,,,,,,,,,,,,,,,,,,,,,EUR,0.27,0.13,Uncommon,wellspring-mask-ogerpon,Pokémon,https://www.tcggo.com/pokemon/destined-rivals/wellspring-mask-ogerpon-67,sv10-67,632880,singles
2026-08-23T17:19:56+02:00,,545,Amelicart,amelicart,DRI 68,68,825942,182,244,DRI,Pokémon,pokemon,221,https://images.tcggo.com/tcggo/storage/22104/destined-rivals-logo.png,Destined Rivals,EUR,1669.96,EUR,1598.93,2025-05-30,1,Scarlet & Violet,scarlet-violet,destined-rivals,90,22144,https://images.tcggo.com/tcggo/storage/22173/electabuzz-dri-68-destined-rivals.png,https://www.tcggo.com/external/cm/22144,https://www.tcggo.com/external/tcgplayer/22144,Electabuzz,Electabuzz 68,0.03,0.03,16209,EUR,[],,,,,,,,,,,0.02,0.02,0.02,0.02,0.02,0.02,0.02,0.02,0.02,0.02,,,,,,,,,,,,,,,,,,,,,,,,,,,,,,,,,,,,,,,,,,EUR,0.18,0.09,Common,electabuzz,Pokémon,https://www.tcggo.com/pokemon/destined-rivals/electabuzz-68,sv10-68,632881,singles
2026-08-23T17:19:56+02:00,,384,PLANETA Mochizuki,planeta-mochizuki,DRI 69,69,825943,182,244,DRI,Pokémon,pokemon,221,https://images.tcggo.com/tcggo/storage/22104/destined-rivals-logo.png,Destined Rivals,EUR,1669.96,EUR,1598.93,2025-05-30,1,Scarlet & Violet,scarlet-violet,destined-rivals,280,22145,https://images.tcggo.com/tcggo/storage/22174/electivire-ex-dri-69-destined-rivals.png,https://www.tcggo.com/external/cm/22145,https://www.tcggo.com/external/tcgplayer/22145,Electivire ex,Electivire ex 69,0.5,0.54,3039,EUR,[],,,,,,,,,,,0.1,0.2,0.2,0.27,0.27,0.1,0.45,0.45,0.02,0.02,,,,,,,,,,,,,,,,,,,,,,,,,,,,,,,,,,,,,,,,,,EUR,0.5,0.62,Double Rare,electivire-ex,Pokémon,https://www.tcggo.com/pokemon/destined-rivals/electivire-ex-69,sv10-69,632882,singles
2026-08-23T17:19:56+02:00,,510,Nurikabe,nurikabe,DRI 70,70,865578,182,244,DRI,Pokémon,pokemon,221,https://images.tcggo.com/tcggo/storage/22104/destined-rivals-logo.png,Destined Rivals,EUR,1669.96,EUR,1598.93,2025-05-30,1,Scarlet & Violet,scarlet-violet,destined-rivals,120,22146,https://images.tcggo.com/tcggo/storage/22175/team-rockets-zapdos-dri-70-destined-rivals.png,https://www.tcggo.com/external/cm/22146,https://www.tcggo.com/external/tcgplayer/22146,Team Rocket's Zapdos,Team Rocket's Zapdos 70,0.12,0.14,9083,EUR,[],,,,,,,,,,,0.03,0.02,0.02,0.02,0.02,0.02,0.02,0.02,0.02,0.02,,,,,,,,,,,,,,,,,,,,,,,,,,,,,,,,,,,,,,,,,,EUR,0.31,0.19,rare,team-rockets-zapdos,Pokémon,https://www.tcggo.com/pokemon/destined-rivals/team-rockets-zapdos-70,sv10-70,630818,singles
2026-08-23T17:19:56+02:00,,406,Narumi Sato,narumi-sato,DRI 71,71,825945,182,244,DRI,Pokémon,pokemon,221,https://images.tcggo.com/tcggo/storage/22104/destined-rivals-logo.png,Destined Rivals,EUR,1669.96,EUR,1598.93,2025-05-30,1,Scarlet & Violet,scarlet-violet,destined-rivals,30,22147,https://images.tcggo.com/tcggo/storage/22176/ethans-pichu-dri-71-destined-rivals.png,https://www.tcggo.com/external/cm/22147,https://www.tcggo.com/external/tcgplayer/22147,Ethan's Pichu,Ethan's Pichu 71,0.05,0.05,13046,EUR,[],,,,,,,,,,,0.02,0.02,0.02,0.02,0.02,0.02,0.02,0.02,0.02,0.02,,,,,,,,,,,,,,,,,,,,,,,,,,,,,,,,,,,,,,,,,,EUR,0.25,0.15,Common,ethans-pichu,Pokémon,https://www.tcggo.com/pokemon/destined-rivals/ethans-pichu-71,sv10-71,630819,singles
2026-08-23T17:19:56+02:00,,385,Teeziro,teeziro,DRI 72,72,825946,182,244,DRI,Pokémon,pokemon,221,https://images.tcggo.com/tcggo/storage/22104/destined-rivals-logo.png,Destined Rivals,EUR,1669.96,EUR,1598.93,2025-05-30,1,Scarlet & Violet,scarlet-violet,destined-rivals,60,22148,https://images.tcggo.com/tcggo/storage/22177/team-rockets-mareep-dri-72-destined-rivals.png,https://www.tcggo.com/external/cm/22148,https://www.tcggo.com/external/tcgplayer/22148,Team Rocket's Mareep,Team Rocket's Mareep 72,0.03,0.02,15491,EUR,[],,,,,,,,,,,0.02,0.02,0.02,0.02,0.02,0.02,0.02,0.02,0.02,0.02,,,,,,,,,,,,,,,,,,,,,,,,,,,,,,,,,,,,,,,,,,EUR,0.21,0.1,Common,team-rockets-mareep,Pokémon,https://www.tcggo.com/pokemon/destined-rivals/team-rockets-mareep-72,sv10-72,630820,singles
2026-08-23T17:19:56+02:00,,386,Jerky,jerky,DRI 73,73,825947,182,244,DRI,Pokémon,pokemon,221,https://images.tcggo.com/tcggo/storage/22104/destined-rivals-logo.png,Destined Rivals,EUR,1669.96,EUR,1598.93,2025-05-30,1,Scarlet & Violet,scarlet-violet,destined-rivals,90,22149,https://images.tcggo.com/tcggo/storage/22178/team-rockets-flaaffy-dri-73-destined-rivals.png,https://www.tcggo.com/external/cm/22149,https://www.tcggo.com/external/tcgplayer/22149,Team Rocket's Flaaffy,Team Rocket's Flaaffy 73,0.04,0.04,8689,EUR,[],,,,,,,,,,,0.03,0.02,0.02,0.02,0.02,0.02,0.02,0.02,0.02,0.02,,,,,,,,,,,,,,,,,,,,,,,,,,,,,,,,,,,,,,,,,,EUR,0.21,0.13,Common,team-rockets-flaaffy,Pokémon,https://www.tcggo.com/pokemon/destined-rivals/team-rockets-flaaffy-73,sv10-73,632883,singles
2026-08-23T17:19:56+02:00,,443,Shiburingaru,shiburingaru,DRI 74,74,825948,182,244,DRI,Pokémon,pokemon,221,https://images.tcggo.com/tcggo/storage/22104/destined-rivals-logo.png,Destined Rivals,EUR,1669.96,EUR,1598.93,2025-05-30,1,Scarlet & Violet,scarlet-violet,destined-rivals,140,22150,https://images.tcggo.com/tcggo/storage/22179/team-rockets-ampharos-dri-74-destined-rivals.png,https://www.tcggo.com/external/cm/22150,https://www.tcggo.com/external/tcgplayer/22150,Team Rocket's Ampharos,Team Rocket's Ampharos 74,0.04,0.03,9291,EUR,[],,,,,,,,,,,0.03,0.02,0.02,0.02,0.02,0.02,0.02,0.02,0.02,0.02,,,,,,,,,,,,,,,,,,,,,,,,,,,,,,,,,,,,,,,,,,EUR,0.26,0.13,Uncommon,team-rockets-ampharos,Pokémon,https://www.tcggo.com/pokemon/destined-rivals/team-rockets-ampharos-74,sv10-74,632884,singles
2026-08-23T17:19:56+02:00,,774,Narano,narano,DRI 75,75,825949,182,244,DRI,Pokémon,pokemon,221,https://images.tcggo.com/tcggo/storage/22104/destined-rivals-logo.png,Destined Rivals,EUR,1669.96,EUR,1598.93,2025-05-30,1,Scarlet & Violet,scarlet-violet,destined-rivals,60,22151,https://images.tcggo.com/tcggo/storage/22180/electrike-dri-75-destined-rivals.png,https://www.tcggo.com/external/cm/22151,https://www.tcggo.com/external/tcgplayer/22151,Electrike,Electrike 75,0.03,0.04,9331,EUR,[],,,,,,,,,,,0.02,0.02,0.02,0.02,0.02,0.02,0.02,0.02,0.02,0.02,,,,,,,,,,,,,,,,,,,,,,,,,,,,,,,,,,,,,,,,,,EUR,0.21,0.12,Common,electrike,Pokémon,https://www.tcggo.com/pokemon/destined-rivals/electrike-75,sv10-75,632885,singles
2026-08-23T17:19:56+02:00,,775,Izucch,izucch,DRI 76,76,825950,182,244,DRI,Pokémon,pokemon,221,https://images.tcggo.com/tcggo/storage/22104/destined-rivals-logo.png,Destined Rivals,EUR,1669.96,EUR,1598.93,2025-05-30,1,Scarlet & Violet,scarlet-violet,destined-rivals,120,22152,https://images.tcggo.com/tcggo/storage/22181/manectric-dri-76-destined-rivals.png,https://www.tcggo.com/external/cm/22152,https://www.tcggo.com/external/tcgplayer/22152,Manectric,Manectric 76,0.04,0.05,9956,EUR,[],,,,,,,,,,,0.02,0.02,0.02,0.02,0.02,0.02,0.02,0.02,0.02,0.02,,,,,,,,,,,,,,,,,,,,,,,,,,,,,,,,,,,,,,,,,,EUR,0.28,0.1,Uncommon,manectric,Pokémon,https://www.tcggo.com/pokemon/destined-rivals/manectric-76,sv10-76,632886,singles
2026-08-23T17:19:56+02:00,,776,Yoshimi Miyoshi,yoshimi-miyoshi,DRI 77,77,825951,182,244,DRI,Pokémon,pokemon,221,https://images.tcggo.com/tcggo/storage/22104/destined-rivals-logo.png,Destined Rivals,EUR,1669.96,EUR,1598.93,2025-05-30,1,Scarlet & Violet,scarlet-violet,destined-rivals,60,22153,https://images.tcggo.com/tcggo/storage/22182/rotom-dri-77-destined-rivals.png,https://www.tcggo.com/external/cm/22153,https://www.tcggo.com/external/tcgplayer/22153,Rotom,Rotom 77,0.03,0.03,8947,EUR,[],,,,,,,,,,,0.02,0.02,0.02,0.02,0.02,0.02,0.02,0.02,0.02,0.02,,,,,,,,,,,,,,,,,,,,,,,,,,,,,,,,,,,,,,,,,,EUR,0.21,0.13,Common,rotom,Pokémon,https://www.tcggo.com/pokemon/destined-rivals/rotom-77,sv10-77,632887,singles
2026-08-23T17:19:56+02:00,,518,Ryuta Fuse,ryuta-fuse,DRI 78,78,825952,182,244,DRI,Pokémon,pokemon,221,https://images.tcggo.com/tcggo/storage/22104/destined-rivals-logo.png,Destined Rivals,EUR,1669.96,EUR,1598.93,2025-05-30,1,Scarlet & Violet,scarlet-violet,destined-rivals,100,22154,https://images.tcggo.com/tcggo/storage/22183/zeraora-dri-78-destined-rivals.png,https://www.tcggo.com/external/cm/22154,https://www.tcggo.com/external/tcgplayer/22154,Zeraora,Zeraora 78,0.09,0.08,9962,EUR,[],,,,,,,,,,,0.03,0.02,0.02,0.02,0.02,0.02,0.02,0.02,0.02,0.02,,,,,,,,,,,,,,,,,,,,,,,,,,,,,,,,,,,,,,,,,,EUR,0.31,0.15,rare,zeraora,Pokémon,https://www.tcggo.com/pokemon/destined-rivals/zeraora-78,sv10-78,632888,singles
2026-08-23T17:19:56+02:00,,468,matazo,matazo,DRI 79,79,825953,182,244,DRI,Pokémon,pokemon,221,https://images.tcggo.com/tcggo/storage/22104/destined-rivals-logo.png,Destined Rivals,EUR,1669.96,EUR,1598.93,2025-05-30,1,Scarlet & Violet,scarlet-violet,destined-rivals,80,22155,https://images.tcggo.com/tcggo/storage/22184/team-rockets-drowzee-dri-79-destined-rivals.png,https://www.tcggo.com/external/cm/22155,https://www.tcggo.com/external/tcgplayer/22155,Team Rocket's Drowzee,Team Rocket's Drowzee 79,0.03,0.03,,EUR,[],,,,,,,,,,,0.02,0.02,0.02,0.02,0.02,0.02,0.02,0.02,0.02,0.02,,,,,,,,,,,,,,,,,,,,,,,,,,,,,,,,,,,,,,,,,,EUR,0.2,0.11,Common,team-rockets-drowzee,Pokémon,https://www.tcggo.com/pokemon/destined-rivals/team-rockets-drowzee-79,sv10-79,632889,singles
2026-08-23T17:19:56+02:00,,491,Yuya Oka,yuya-oka,DRI 80,80,825954,182,244,DRI,Pokémon,pokemon,221,https://images.tcggo.com/tcggo/storage/22104/destined-rivals-logo.png,Destined Rivals,EUR,1669.96,EUR,1598.93,2025-05-30,1,Scarlet & Violet,scarlet-violet,destined-rivals,130,22156,https://images.tcggo.com/tcggo/storage/22185/team-rockets-hypno-dri-80-destined-rivals.png,https://www.tcggo.com/external/cm/22156,https://www.tcggo.com/external/tcgplayer/22156,Team Rocket's Hypno,Team Rocket's Hypno 80,0.04,0.04,9736,EUR,[],,,,,,,,,,,0.02,0.02,0.02,0.02,0.02,0.02,0.02,0.02,0.02,0.02,,,,,,,,,,,,,,,,,,,,,,,,,,,,,,,,,,,,,,,,,,EUR,0.26,0.13,Uncommon,team-rockets-hypno,Pokémon,https://www.tcggo.com/pokemon/destined-rivals/team-rockets-hypno-80,sv10-80,632890,singles
2026-08-23T17:19:56+02:00,,371,aky CG Works,aky-cg-works,DRI 81,81,825955,182,244,DRI,Pokémon,pokemon,221,https://images.tcggo.com/tcggo/storage/22104/destined-rivals-logo.png,Destined Rivals,EUR,1669.96,EUR,1598.93,2025-05-30,1,Scarlet & Violet,scarlet-violet,destined-rivals,280,22157,https://images.tcggo.com/tcggo/storage/22186/team-rockets-mewtwo-ex-dri-81-destined-rivals.png,https://www.tcggo.com/external/cm/22157,https://www.tcggo.com/external/tcgplayer/22157,Team Rocket's Mewtwo ex,Team Rocket's Mewtwo ex 81,0.97,1.03,2244,EUR,[],,,,,,,,,,,0.4,0.4,0.4,0.75,0.75,0.5,0.5,0.8,0.13,0.13,,,,,,,,,,,,,,,,,,,,,,,,,,,,,,,,,,,,,,,,,,EUR,1.58,1.28,Double Rare,team-rockets-mewtwo-ex,Pokémon,https://www.tcggo.com/pokemon/destined-rivals/team-rockets-mewtwo-ex-81,sv10-81,632891,singles
2026-08-23T17:19:56+02:00,,439,Kazumasa Yasukuni,kazumasa-yasukuni,DRI 82,82,825956,182,244,DRI,Pokémon,pokemon,221,https://images.tcggo.com/tcggo/storage/22104/destined-rivals-logo.png,Destined Rivals,EUR,1669.96,EUR,1598.93,2025-05-30,1,Scarlet & Violet,scarlet-violet,destined-rivals,110,22158,https://images.tcggo.com/tcggo/storage/22187/team-rockets-wobbuffet-dri-82-destined-rivals.png,https://www.tcggo.com/external/cm/22158,https://www.tcggo.com/external/tcgplayer/22158,Team Rocket's Wobbuffet,Team Rocket's Wobbuffet 82,0.08,0.08,9330,EUR,[],,,,,,,,,,,0.02,0.02,0.02,0.02,0.02,0.02,0.02,0.02,0.02,0.02,,,,,,,,,,,,,,,,,,,,,,,,,,,,,,,,,,,,,,,,,,EUR,0.28,0.17,rare,team-rockets-wobbuffet,Pokémon,https://www.tcggo.com/pokemon/destined-rivals/team-rockets-wobbuffet-82,sv10-82,632892,singles
2026-08-23T17:19:56+02:00,,471,Tonji Matsuno,tonji-matsuno,DRI 83,83,825958,182,244,DRI,Pokémon,pokemon,221,https://images.tcggo.com/tcggo/storage/22104/destined-rivals-logo.png,Destined Rivals,EUR,1669.96,EUR,1598.93,2025-05-30,1,Scarlet & Violet,scarlet-violet,destined-rivals,60,22159,https://images.tcggo.com/tcggo/storage/22188/stevens-baltoy-dri-83-destined-rivals.png,https://www.tcggo.com/external/cm/22159,https://www.tcggo.com/external/tcgplayer/22159,Steven's Baltoy,Steven's Baltoy 83,0.03,0.03,9435,EUR,[],,,,,,,,,,,0.02,0.02,0.02,0.02,0.02,0.02,0.02,0.02,0.02,0.02,,,,,,,,,,,,,,,,,,,,,,,,,,,,,,,,,,,,,,,,,,EUR,0.18,0.12,Common,stevens-baltoy,Pokémon,https://www.tcggo.com/pokemon/destined-rivals/stevens-baltoy-83,sv10-83,632893,singles
2026-08-23T17:19:56+02:00,,405,nagimiso,nagimiso,DRI 84,84,825958,182,244,DRI,Pokémon,pokemon,221,https://images.tcggo.com/tcggo/storage/22104/destined-rivals-logo.png,Destined Rivals,EUR,1669.96,EUR,1598.93,2025-05-30,1,Scarlet & Violet,scarlet-violet,destined-rivals,120,22160,https://images.tcggo.com/tcggo/storage/22189/stevens-claydol-dri-84-destined-rivals.png,https://www.tcggo.com/external/cm/22160,https://www.tcggo.com/external/tcgplayer/22160,Steven's Claydol,Steven's Claydol 84,0.03,0.05,10351,EUR,[],,,,,,,,,,,0.02,0.02,0.02,0.02,0.02,0.02,0.02,0.02,0.02,0.02,,,,,,,,,,,,,,,,,,,,,,,,,,,,,,,,,,,,,,,,,,EUR,0.26,0.11,Uncommon,stevens-claydol,Pokémon,https://www.tcggo.com/pokemon/destined-rivals/stevens-claydol-84,sv10-84,632894,singles
2026-08-23T17:19:56+02:00,,416,Mina Nakai,mina-nakai,DRI 85,85,825959,182,244,DRI,Pokémon,pokemon,221,https://images.tcggo.com/tcggo/storage/22104/destined-rivals-logo.png,Destined Rivals,EUR,1669.96,EUR,1598.93,2025-05-30,1,Scarlet & Violet,scarlet-violet,destined-rivals,30,22161,https://images.tcggo.com/tcggo/storage/22190/team-rockets-chingling-dri-85-destined-rivals.png,https://www.tcggo.com/external/cm/22161,https://www.tcggo.com/external/tcgplayer/22161,Team Rocket's Chingling,Team Rocket's Chingling 85,0.03,0.05,15569,EUR,[],,,,,,,,,,,0.02,0.02,0.02,0.02,0.02,0.02,0.02,0.02,0.02,0.02,,,,,,,,,,,,,,,,,,,,,,,,,,,,,,,,,,,,,,,,,,EUR,0.24,0.13,Common,team-rockets-chingling,Pokémon,https://www.tcggo.com/pokemon/destined-rivals/team-rockets-chingling-85,sv10-85,632895,singles
2026-08-23T17:19:56+02:00,,407,Ligton,ligton,DRI 86,86,825960,182,244,DRI,Pokémon,pokemon,221,https://images.tcggo.com/tcggo/storage/22104/destined-rivals-logo.png,Destined Rivals,EUR,1669.96,EUR,1598.93,2025-05-30,1,Scarlet & Violet,scarlet-violet,destined-rivals,80,22162,https://images.tcggo.com/tcggo/storage/22191/stevens-carbink-dri-86-destined-rivals.png,https://www.tcggo.com/external/cm/22162,https://www.tcggo.com/external/tcgplayer/22162,Steven's Carbink,Steven's Carbink 86,0.04,0.05,9419,EUR,[],,,,,,,,,,,0.02,0.02,0.02,0.02,0.02,0.02,0.02,0.02,0.02,0.02,,,,,,,,,,,,,,,,,,,,,,,,,,,,,,,,,,,,,,,,,,EUR,0.21,0.13,Common,stevens-carbink,Pokémon,https://www.tcggo.com/pokemon/destined-rivals/stevens-carbink-86,sv10-86,632896,singles
2026-08-23T17:19:56+02:00,,429,DOM,dom,DRI 87,87,825961,182,244,DRI,Pokémon,pokemon,221,https://images.tcggo.com/tcggo/storage/22104/destined-rivals-logo.png,Destined Rivals,EUR,1669.96,EUR,1598.93,2025-05-30,1,Scarlet & Violet,scarlet-violet,destined-rivals,60,22163,https://images.tcggo.com/tcggo/storage/22192/team-rockets-mimikyu-dri-87-destined-rivals.png,https://www.tcggo.com/external/cm/22163,https://www.tcggo.com/external/tcgplayer/22163,Team Rocket's Mimikyu,Team Rocket's Mimikyu 87,0.06,0.06,7526,EUR,[],,,,,,,,,,,0.03,0.02,0.02,0.02,0.02,0.02,0.02,0.02,0.02,0.02,,,,,,,,,,,,,,,,,,,,,,,,,,,,,,,,,,,,,,,,,,EUR,0.35,0.19,Uncommon,team-rockets-mimikyu,Pokémon,https://www.tcggo.com/pokemon/destined-rivals/team-rockets-mimikyu-87,sv10-87,630821,singles
2026-08-23T17:19:56+02:00,,387,Scav,scav,DRI 88,88,825962,182,244,DRI,Pokémon,pokemon,221,https://images.tcggo.com/tcggo/storage/22104/destined-rivals-logo.png,Destined Rivals,EUR,1669.96,EUR,1598.93,2025-05-30,1,Scarlet & Violet,scarlet-violet,destined-rivals,80,22164,https://images.tcggo.com/tcggo/storage/22193/team-rockets-dottler-dri-88-destined-rivals.png,https://www.tcggo.com/external/cm/22164,https://www.tcggo.com/external/tcgplayer/22164,Team Rocket's Dottler,Team Rocket's Dottler 88,0.03,0.04,9481,EUR,[],,,,,,,,,,,0.02,0.02,0.02,0.02,0.02,0.02,0.02,0.02,0.02,0.02,,,,,,,,,,,,,,,,,,,,,,,,,,,,,,,,,,,,,,,,,,EUR,0.19,0.12,Common,team-rockets-dottler,Pokémon,https://www.tcggo.com/pokemon/destined-rivals/team-rockets-dottler-88,sv10-88,632897,singles
2026-08-23T17:19:56+02:00,,521,Shin Nagasawa,shin-nagasawa,DRI 89,89,825963,182,244,DRI,Pokémon,pokemon,221,https://images.tcggo.com/tcggo/storage/22104/destined-rivals-logo.png,Destined Rivals,EUR,1669.96,EUR,1598.93,2025-05-30,1,Scarlet & Violet,scarlet-violet,destined-rivals,130,22165,https://images.tcggo.com/tcggo/storage/22194/team-rockets-orbeetle-dri-89-destined-rivals.png,https://www.tcggo.com/external/cm/22165,https://www.tcggo.com/external/tcgplayer/22165,Team Rocket's Orbeetle,Team Rocket's Orbeetle 89,0.03,0.03,9939,EUR,[],,,,,,,,,,,0.02,0.02,0.02,0.02,0.02,0.02,0.02,0.02,0.02,0.02,,,,,,,,,,,,,,,,,,,,,,,,,,,,,,,,,,,,,,,,,,EUR,0.26,0.11,Uncommon,team-rockets-orbeetle,Pokémon,https://www.tcggo.com/pokemon/destined-rivals/team-rockets-orbeetle-89,sv10-89,632898,singles
2026-08-23T17:19:56+02:00,,772,Ayako Ozaki,ayako-ozaki,DRI 90,90,825964,182,244,DRI,Pokémon,pokemon,221,https://images.tcggo.com/tcggo/storage/22104/destined-rivals-logo.png,Destined Rivals,EUR,1669.96,EUR,1598.93,2025-05-30,1,Scarlet & Violet,scarlet-violet,destined-rivals,70,22166,https://images.tcggo.com/tcggo/storage/22195/mankey-dri-90-destined-rivals.png,https://www.tcggo.com/external/cm/22166,https://www.tcggo.com/external/tcgplayer/22166,Mankey,Mankey 90,0.04,0.03,15429,EUR,[],,,,,,,,,,,0.02,0.02,0.02,0.02,0.02,0.02,0.02,0.02,0.02,0.02,,,,,,,,,,,,,,,,,,,,,,,,,,,,,,,,,,,,,,,,,,EUR,0.19,0.09,Common,mankey,Pokémon,https://www.tcggo.com/pokemon/destined-rivals/mankey-90,sv10-90,632899,singles
2026-08-23T17:19:56+02:00,,472,GOTO minori,goto-minori,DRI 91,91,825965,182,244,DRI,Pokémon,pokemon,221,https://images.tcggo.com/tcggo/storage/22104/destined-rivals-logo.png,Destined Rivals,EUR,1669.96,EUR,1598.93,2025-05-30,1,Scarlet & Violet,scarlet-violet,destined-rivals,110,22167,https://images.tcggo.com/tcggo/storage/22196/primeape-dri-91-destined-rivals.png,https://www.tcggo.com/external/cm/22167,https://www.tcggo.com/external/tcgplayer/22167,Primeape,Primeape 91,0.03,0.04,9126,EUR,[],,,,,,,,,,,0.02,0.02,0.02,0.02,0.02,0.02,0.02,0.02,0.02,0.02,,,,,,,,,,,,,,,,,,,,,,,,,,,,,,,,,,,,,,,,,,EUR,0.17,0.13,Common,primeape,Pokémon,https://www.tcggo.com/pokemon/destined-rivals/primeape-91,sv10-91,632900,singles
2026-08-23T17:19:56+02:00,,443,Shiburingaru,shiburingaru,DRI 92,92,825966,182,244,DRI,Pokémon,pokemon,221,https://images.tcggo.com/tcggo/storage/22104/destined-rivals-logo.png,Destined Rivals,EUR,1669.96,EUR,1598.93,2025-05-30,1,Scarlet & Violet,scarlet-violet,destined-rivals,150,22168,https://images.tcggo.com/tcggo/storage/22197/annihilape-dri-92-destined-rivals.png,https://www.tcggo.com/external/cm/22168,https://www.tcggo.com/external/tcgplayer/22168,Annihilape,Annihilape 92,0.05,0.05,10447,EUR,[],,,,,,,,,,,0.03,0.02,0.02,0.02,0.02,0.02,0.02,0.02,0.02,0.02,,,,,,,,,,,,,,,,,,,,,,,,,,,,,,,,,,,,,,,,,,EUR,0.29,0.13,rare,annihilape,Pokémon,https://www.tcggo.com/pokemon/destined-rivals/annihilape-92,sv10-92,632901,singles
2026-08-23T17:19:56+02:00,,394,OKACHEKE,okacheke,DRI 93,93,825970,182,244,DRI,Pokémon,pokemon,221,https://images.tcggo.com/tcggo/storage/22104/destined-rivals-logo.png,Destined Rivals,EUR,1669.96,EUR,1598.93,2025-05-30,1,Scarlet & Violet,scarlet-violet,destined-rivals,110,22169,https://images.tcggo.com/tcggo/storage/22198/ethans-sudowoodo-dri-93-destined-rivals.png,https://www.tcggo.com/external/cm/22169,https://www.tcggo.com/external/tcgplayer/22169,Ethan's Sudowoodo,Ethan's Sudowoodo 93,0.03,0.04,15563,EUR,[],,,,,,,,,,,0.02,0.02,0.02,0.02,0.02,0.02,0.02,0.02,0.02,0.02,,,,,,,,,,,,,,,,,,,,,,,,,,,,,,,,,,,,,,,,,,EUR,0.18,0.09,Common,ethans-sudowoodo,Pokémon,https://www.tcggo.com/pokemon/destined-rivals/ethans-sudowoodo-93,sv10-93,632902,singles
2026-08-23T17:19:56+02:00,,366,Kuroimori,kuroimori,DRI 94,94,825967,182,244,DRI,Pokémon,pokemon,221,https://images.tcggo.com/tcggo/storage/22104/destined-rivals-logo.png,Destined Rivals,EUR,1669.96,EUR,1598.93,2025-05-30,1,Scarlet & Violet,scarlet-violet,destined-rivals,70,22170,https://images.tcggo.com/tcggo/storage/22199/team-rockets-larvitar-dri-94-destined-rivals.png,https://www.tcggo.com/external/cm/22170,https://www.tcggo.com/external/tcgplayer/22170,Team Rocket's Larvitar,Team Rocket's Larvitar 94,0.03,0.04,16714,EUR,[],,,,,,,,,,,0.02,0.02,0.02,0.02,0.02,0.02,0.02,0.02,0.02,0.02,,,,,,,,,,,,,,,,,,,,,,,,,,,,,,,,,,,,,,,,,,EUR,0.21,0.12,Common,team-rockets-larvitar,Pokémon,https://www.tcggo.com/pokemon/destined-rivals/team-rockets-larvitar-94,sv10-94,632903,singles
2026-08-23T17:19:56+02:00,,775,Izucch,izucch,DRI 95,95,825968,182,244,DRI,Pokémon,pokemon,221,https://images.tcggo.com/tcggo/storage/22104/destined-rivals-logo.png,Destined Rivals,EUR,1669.96,EUR,1598.93,2025-05-30,1,Scarlet & Violet,scarlet-violet,destined-rivals,100,22171,https://images.tcggo.com/tcggo/storage/22200/team-rockets-pupitar-dri-95-destined-rivals.png,https://www.tcggo.com/external/cm/22171,https://www.tcggo.com/external/tcgplayer/22171,Team Rocket's Pupitar,Team Rocket's Pupitar 95,0.03,0.03,9151,EUR,[],,,,,,,,,,,0.03,0.02,0.02,0.02,0.02,0.02,0.02,0.02,0.02,0.02,,,,,,,,,,,,,,,,,,,,,,,,,,,,,,,,,,,,,,,,,,EUR,0.21,0.13,Common,team-rockets-pupitar,Pokémon,https://www.tcggo.com/pokemon/destined-rivals/team-rockets-pupitar-95,sv10-95,632904,singles
2026-08-23T17:19:56+02:00,,518,Ryuta Fuse,ryuta-fuse,DRI 96,96,825969,182,244,DRI,Pokémon,pokemon,221,https://images.tcggo.com/tcggo/storage/22104/destined-rivals-logo.png,Destined Rivals,EUR,1669.96,EUR,1598.93,2025-05-30,1,Scarlet & Violet,scarlet-violet,destined-rivals,180,22172,https://images.tcggo.com/tcggo/storage/22201/team-rockets-tyranitar-dri-96-destined-rivals.png,https://www.tcggo.com/external/cm/22172,https://www.tcggo.com/external/tcgplayer/22172,Team Rocket's Tyranitar,Team Rocket's Tyranitar 96,0.1,0.17,8605,EUR,[],,,,,,,,,,,0.03,0.02,0.02,0.02,0.02,0.02,0.02,0.02,0.02,0.02,,,,,,,,,,,,,,,,,,,,,,,,,,,,,,,,,,,,,,,,,,EUR,0.26,0.19,rare,team-rockets-tyranitar,Pokémon,https://www.tcggo.com/pokemon/destined-rivals/team-rockets-tyranitar-96,sv10-96,630822,singles
2026-08-23T17:19:56+02:00,,392,Oku,oku,DRI 97,97,825971,182,244,DRI,Pokémon,pokemon,221,https://images.tcggo.com/tcggo/storage/22104/destined-rivals-logo.png,Destined Rivals,EUR,1669.96,EUR,1598.93,2025-05-30,1,Scarlet & Violet,scarlet-violet,destined-rivals,80,22173,https://images.tcggo.com/tcggo/storage/22202/nosepass-dri-97-destined-rivals.png,https://www.tcggo.com/external/cm/22173,https://www.tcggo.com/external/tcgplayer/22173,Nosepass,Nosepass 97,0.03,0.03,9494,EUR,[],,,,,,,,,,,0.02,0.02,0.02,0.02,0.02,0.02,0.02,0.02,0.02,0.02,,,,,,,,,,,,,,,,,,,,,,,,,,,,,,,,,,,,,,,,,,EUR,0.19,0.11,Common,nosepass,Pokémon,https://www.tcggo.com/pokemon/destined-rivals/nosepass-97,sv10-97,632905,singles
2026-08-23T17:19:56+02:00,,381,sowsow,sowsow,DRI 98,98,825972,182,244,DRI,Pokémon,pokemon,221,https://images.tcggo.com/tcggo/storage/22104/destined-rivals-logo.png,Destined Rivals,EUR,1669.96,EUR,1598.93,2025-05-30,1,Scarlet & Violet,scarlet-violet,destined-rivals,140,22174,https://images.tcggo.com/tcggo/storage/22203/probopass-dri-98-destined-rivals.png,https://www.tcggo.com/external/cm/22174,https://www.tcggo.com/external/tcgplayer/22174,Probopass,Probopass 98,0.03,0.04,10010,EUR,[],,,,,,,,,,,0.02,0.02,0.02,0.02,0.02,0.02,0.02,0.02,0.02,0.02,,,,,,,,,,,,,,,,,,,,,,,,,,,,,,,,,,,,,,,,,,EUR,0.25,0.1,Uncommon,probopass,Pokémon,https://www.tcggo.com/pokemon/destined-rivals/probopass-98,sv10-98,632906,singles
2026-08-23T17:19:56+02:00,,376,MINAMINAMI Take,minaminami-take,DRI 99,99,825973,182,244,DRI,Pokémon,pokemon,221,https://images.tcggo.com/tcggo/storage/22104/destined-rivals-logo.png,Destined Rivals,EUR,1669.96,EUR,1598.93,2025-05-30,1,Scarlet & Violet,scarlet-violet,destined-rivals,70,22175,https://images.tcggo.com/tcggo/storage/22204/meditite-dri-99-destined-rivals.png,https://www.tcggo.com/external/cm/22175,https://www.tcggo.com/external/tcgplayer/22175,Meditite,Meditite 99,0.03,0.02,9737,EUR,[],,,,,,,,,,,0.02,0.02,0.02,0.02,0.02,0.02,0.02,0.02,0.02,0.02,,,,,,,,,,,,,,,,,,,,,,,,,,,,,,,,,,,,,,,,,,EUR,0.15,0.12,Common,meditite,Pokémon,https://www.tcggo.com/pokemon/destined-rivals/meditite-99-1,sv10-99,632907,singles
2026-08-23T17:19:56+02:00,,432,Whisker,whisker,DRI 100,100,825974,182,244,DRI,Pokémon,pokemon,221,https://images.tcggo.com/tcggo/storage/22104/destined-rivals-logo.png,Destined Rivals,EUR,1669.96,EUR,1598.93,2025-05-30,1,Scarlet & Violet,scarlet-violet,destined-rivals,120,22176,https://images.tcggo.com/tcggo/storage/22205/medicham-dri-100-destined-rivals.png,https://www.tcggo.com/external/cm/22176,https://www.tcggo.com/external/tcgplayer/22176,Medicham,Medicham 100,0.03,0.02,10274,EUR,[],,,,,,,,,,,0.02,0.02,0.02,0.02,0.02,0.02,0.02,0.02,0.02,0.02,,,,,,,,,,,,,,,,,,,,,,,,,,,,,,,,,,,,,,,,,,EUR,0.27,0.09,Uncommon,medicham,Pokémon,https://www.tcggo.com/pokemon/destined-rivals/medicham-100-1,sv10-100,632908,singles
2026-08-23T17:19:56+02:00,,395,Nisota Niso,nisota-niso,DRI 101,101,825975,182,244,DRI,Pokémon,pokemon,221,https://images.tcggo.com/tcggo/storage/22104/destined-rivals-logo.png,Destined Rivals,EUR,1669.96,EUR,1598.93,2025-05-30,1,Scarlet & Violet,scarlet-violet,destined-rivals,230,22177,https://images.tcggo.com/tcggo/storage/22206/regirock-ex-dri-101-destined-rivals.png,https://www.tcggo.com/external/cm/22177,https://www.tcggo.com/external/tcgplayer/22177,Regirock ex,Regirock ex 101,0.42,0.41,3344,EUR,[],,,,,,,,,,,0.09,0.1,0.1,0.02,0.02,0.09,0.3,0.3,0.02,0.02,,,,,,,,,,,,,,,,,,,,,,,,,,,,,,,,,,,,,,,,,,EUR,0.51,0.6,Double Rare,regirock-ex,Pokémon,https://www.tcggo.com/pokemon/destined-rivals/regirock-ex-101,sv10-101,632909,singles
2026-08-23T17:19:56+02:00,,372,Tomomi Ozaki,tomomi-ozaki,DRI 102,102,825976,182,244,DRI,Pokémon,pokemon,221,https://images.tcggo.com/tcggo/storage/22104/destined-rivals-logo.png,Destined Rivals,EUR,1669.96,EUR,1598.93,2025-05-30,1,Scarlet & Violet,scarlet-violet,destined-rivals,70,22178,https://images.tcggo.com/tcggo/storage/22207/cynthias-gible-dri-102-destined-rivals.png,https://www.tcggo.com/external/cm/22178,https://www.tcggo.com/external/tcgplayer/22178,Cynthia's Gible,Cynthia's Gible 102,0.07,0.07,10592,EUR,[],,,,,,,,,,,0.03,0.02,0.02,0.02,0.02,0.02,0.02,0.02,0.02,0.02,,,,,,,,,,,,,,,,,,,,,,,,,,,,,,,,,,,,,,,,,,EUR,0.3,0.16,Common,cynthias-gible,Pokémon,https://www.tcggo.com/pokemon/destined-rivals/cynthias-gible-102,sv10-102,632910,singles
2026-08-23T17:19:56+02:00,,398,Taira Akitsu,taira-akitsu,DRI 103,103,825977,182,244,DRI,Pokémon,pokemon,221,https://images.tcggo.com/tcggo/storage/22104/destined-rivals-logo.png,Destined Rivals,EUR,1669.96,EUR,1598.93,2025-05-30,1,Scarlet & Violet,scarlet-violet,destined-rivals,100,22179,https://images.tcggo.com/tcggo/storage/22208/cynthias-gabite-dri-103-destined-rivals.png,https://www.tcggo.com/external/cm/22179,https://www.tcggo.com/external/tcgplayer/22179,Cynthia's Gabite,Cynthia's Gabite 103,0.15,0.11,3495,EUR,[],,,,,,,,,,,0.03,0.02,0.02,0.02,0.02,0.02,0.02,0.02,0.02,0.02,,,,,,,,,,,,,,,,,,,,,,,,,,,,,,,,,,,,,,,,,,EUR,0.28,0.21,Common,cynthias-gabite,Pokémon,https://www.tcggo.com/pokemon/destined-rivals/cynthias-gabite-103,sv10-103,632911,singles
2026-08-23T17:19:56+02:00,,380,5ban Graphics,5ban-graphics,DRI 104,104,825978,182,244,DRI,Pokémon,pokemon,221,https://images.tcggo.com/tcggo/storage/22104/destined-rivals-logo.png,Destined Rivals,EUR,1669.96,EUR,1598.93,2025-05-30,1,Scarlet & Violet,scarlet-violet,destined-rivals,330,22180,https://images.tcggo.com/tcggo/storage/22209/cynthias-garchomp-ex-dri-104-destined-rivals.png,https://www.tcggo.com/external/cm/22180,https://www.tcggo.com/external/tcgplayer/22180,Cynthia's Garchomp ex,Cynthia's Garchomp ex 104,0.72,0.7,2503,EUR,[],,,,,,,,,,,0.45,0.2,0.2,0.5,0.5,0.45,0.49,0.49,0.05,0.05,,,,,,,,,,,,,,,,,,,,,,,,,,,,,,,,,,,,,,,,,,EUR,0.83,0.97,Double Rare,cynthias-garchomp-ex,Pokémon,https://www.tcggo.com/pokemon/destined-rivals/cynthias-garchomp-ex-104,sv10-104,632912,singles
2026-08-23T17:19:56+02:00,,777,Minahamu,minahamu,DRI 105,105,825979,182,244,DRI,Pokémon,pokemon,221,https://images.tcggo.com/tcggo/storage/22104/destined-rivals-logo.png,Destined Rivals,EUR,1669.96,EUR,1598.93,2025-05-30,1,Scarlet & Violet,scarlet-violet,destined-rivals,90,22181,https://images.tcggo.com/tcggo/storage/22210/hippopotas-dri-105-destined-rivals.png,https://www.tcggo.com/external/cm/22181,https://www.tcggo.com/external/tcgplayer/22181,Hippopotas,Hippopotas 105,0.03,0.04,9473,EUR,[],,,,,,,,,,,0.02,0.02,0.02,0.02,0.02,0.02,0.02,0.02,0.02,0.02,,,,,,,,,,,,,,,,,,,,,,,,,,,,,,,,,,,,,,,,,,EUR,0.14,0.12,Common,hippopotas,Pokémon,https://www.tcggo.com/pokemon/destined-rivals/hippopotas-105,sv10-105,632913,singles
2026-08-23T17:19:56+02:00,,777,Minahamu,minahamu,DRI 106,106,825980,182,244,DRI,Pokémon,pokemon,221,https://images.tcggo.com/tcggo/storage/22104/destined-rivals-logo.png,Destined Rivals,EUR,1669.96,EUR,1598.93,2025-05-30,1,Scarlet & Violet,scarlet-violet,destined-rivals,160,22182,https://images.tcggo.com/tcggo/storage/22211/hippowdon-dri-106-destined-rivals.png,https://www.tcggo.com/external/cm/22182,https://www.tcggo.com/external/tcgplayer/22182,Hippowdon,Hippowdon 106,0.03,0.04,10091,EUR,[],,,,,,,,,,,0.02,0.02,0.02,0.02,0.02,0.02,0.02,0.02,0.02,0.02,,,,,,,,,,,,,,,,,,,,,,,,,,,,,,,,,,,,,,,,,,EUR,0.24,0.11,Uncommon,hippowdon,Pokémon,https://www.tcggo.com/pokemon/destined-rivals/hippowdon-106,sv10-106,632914,singles
2026-08-23T17:19:56+02:00,,778,Aliya Chen,aliya-chen,DRI 107,107,825981,182,244,DRI,Pokémon,pokemon,221,https://images.tcggo.com/tcggo/storage/22104/destined-rivals-logo.png,Destined Rivals,EUR,1669.96,EUR,1598.93,2025-05-30,1,Scarlet & Violet,scarlet-violet,destined-rivals,90,22183,https://images.tcggo.com/tcggo/storage/22212/mudbray-dri-107-destined-rivals.png,https://www.tcggo.com/external/cm/22183,https://www.tcggo.com/external/tcgplayer/22183,Mudbray,Mudbray 107,0.03,0.03,9449,EUR,[],,,,,,,,,,,0.02,0.02,0.02,0.02,0.02,0.02,0.02,0.02,0.02,0.02,,,,,,,,,,,,,,,,,,,,,,,,,,,,,,,,,,,,,,,,,,EUR,0.18,0.1,Common,mudbray,Pokémon,https://www.tcggo.com/pokemon/destined-rivals/mudbray-107,sv10-107,632915,singles
2026-08-23T17:19:56+02:00,,428,Uta,uta,DRI 108,108,825982,182,244,DRI,Pokémon,pokemon,221,https://images.tcggo.com/tcggo/storage/22104/destined-rivals-logo.png,Destined Rivals,EUR,1669.96,EUR,1598.93,2025-05-30,1,Scarlet & Violet,scarlet-violet,destined-rivals,150,22184,https://images.tcggo.com/tcggo/storage/22213/mudsdale-dri-108-destined-rivals.png,https://www.tcggo.com/external/cm/22184,https://www.tcggo.com/external/tcgplayer/22184,Mudsdale,Mudsdale 108,0.03,0.04,10278,EUR,[],,,,,,,,,,,0.02,0.02,0.02,0.02,0.02,0.02,0.02,0.02,0.02,0.02,,,,,,,,,,,,,,,,,,,,,,,,,,,,,,,,,,,,,,,,,,EUR,0.26,0.09,Uncommon,mudsdale,Pokémon,https://www.tcggo.com/pokemon/destined-rivals/mudsdale-108,sv10-108,632916,singles
2026-08-23T17:19:56+02:00,,469,Fujimoto Gold,fujimoto-gold,DRI 109,109,825983,182,244,DRI,Pokémon,pokemon,221,https://images.tcggo.com/tcggo/storage/22104/destined-rivals-logo.png,Destined Rivals,EUR,1669.96,EUR,1598.93,2025-05-30,1,Scarlet & Violet,scarlet-violet,destined-rivals,70,22185,https://images.tcggo.com/tcggo/storage/22214/arvens-toedscool-dri-109-destined-rivals.png,https://www.tcggo.com/external/cm/22185,https://www.tcggo.com/external/tcgplayer/22185,Arven's Toedscool,Arven's Toedscool 109,0.03,0.03,16851,EUR,[],,,,,,,,,,,0.02,0.02,0.02,0.02,0.02,0.02,0.02,0.02,0.02,0.02,,,,,,,,,,,,,,,,,,,,,,,,,,,,,,,,,,,,,,,,,,EUR,0.19,0.09,Common,arvens-toedscool,Pokémon,https://www.tcggo.com/pokemon/destined-rivals/arvens-toedscool-109,sv10-109,632917,singles
2026-08-23T17:19:56+02:00,,491,Yuya Oka,yuya-oka,DRI 110,110,825984,182,244,DRI,Pokémon,pokemon,221,https://images.tcggo.com/tcggo/storage/22104/destined-rivals-logo.png,Destined Rivals,EUR,1669.96,EUR,1598.93,2025-05-30,1,Scarlet & Violet,scarlet-violet,destined-rivals,140,22186,https://images.tcggo.com/tcggo/storage/22215/arvens-toedscruel-dri-110-destined-rivals.png,https://www.tcggo.com/external/cm/22186,https://www.tcggo.com/external/tcgplayer/22186,Arven's Toedscruel,Arven's Toedscruel 110,0.03,0.03,10196,EUR,[],,,,,,,,,,,0.02,0.02,0.02,0.02,0.02,0.02,0.02,0.02,0.02,0.02,,,,,,,,,,,,,,,,,,,,,,,,,,,,,,,,,,,,,,,,,,EUR,0.26,0.09,Uncommon,arvens-toedscruel,Pokémon,https://www.tcggo.com/pokemon/destined-rivals/arvens-toedscruel-110,sv10-110,632918,singles
2026-08-23T17:19:56+02:00,,439,Kazumasa Yasukuni,kazumasa-yasukuni,DRI 111,111,825985,182,244,DRI,Pokémon,pokemon,221,https://images.tcggo.com/tcggo/storage/22104/destined-rivals-logo.png,Destined Rivals,EUR,1669.96,EUR,1598.93,2025-05-30,1,Scarlet & Violet,scarlet-violet,destined-rivals,110,22187,https://images.tcggo.com/tcggo/storage/22216/cornerstone-mask-ogerpon-dri-111-destined-rivals.png,https://www.tcggo.com/external/cm/22187,https://www.tcggo.com/external/tcgplayer/22187,Cornerstone Mask Ogerpon,Cornerstone Mask Ogerpon 111,0.04,0.04,9842,EUR,[],,,,,,,,,,,0.02,0.02,0.02,0.02,0.02,0.02,0.02,0.02,0.02,0.02,,,,,,,,,,,,,,,,,,,,,,,,,,,,,,,,,,,,,,,,,,EUR,0.28,0.13,Uncommon,cornerstone-mask-ogerpon,Pokémon,https://www.tcggo.com/pokemon/destined-rivals/cornerstone-mask-ogerpon-111,sv10-111,632919,singles
2026-08-23T17:19:56+02:00,,382,KEIICHIRO ITO,keiichiro-ito,DRI 112,112,825986,182,244,DRI,Pokémon,pokemon,221,https://images.tcggo.com/tcggo/storage/22104/destined-rivals-logo.png,Destined Rivals,EUR,1669.96,EUR,1598.93,2025-05-30,1,Scarlet & Violet,scarlet-violet,destined-rivals,70,22188,https://images.tcggo.com/tcggo/storage/22217/team-rockets-ekans-dri-112-destined-rivals.png,https://www.tcggo.com/external/cm/22188,https://www.tcggo.com/external/tcgplayer/22188,Team Rocket's Ekans,Team Rocket's Ekans 112,0.03,0.04,15063,EUR,[],,,,,,,,,,,0.02,0.02,0.02,0.02,0.02,0.02,0.02,0.02,0.02,0.02,,,,,,,,,,,,,,,,,,,,,,,,,,,,,,,,,,,,,,,,,,EUR,0.2,0.13,Common,team-rockets-ekans,Pokémon,https://www.tcggo.com/pokemon/destined-rivals/team-rockets-ekans-112,sv10-112,632920,singles
2026-08-23T17:19:56+02:00,,385,Teeziro,teeziro,DRI 113,113,825987,182,244,DRI,Pokémon,pokemon,221,https://images.tcggo.com/tcggo/storage/22104/destined-rivals-logo.png,Destined Rivals,EUR,1669.96,EUR,1598.93,2025-05-30,1,Scarlet & Violet,scarlet-violet,destined-rivals,130,22189,https://images.tcggo.com/tcggo/storage/22218/team-rockets-arbok-dri-113-destined-rivals.png,https://www.tcggo.com/external/cm/22189,https://www.tcggo.com/external/tcgplayer/22189,Team Rocket's Arbok,Team Rocket's Arbok 113,0.04,0.06,8464,EUR,[],,,,,,,,,,,0.03,0.02,0.02,0.02,0.02,0.02,0.02,0.02,0.02,0.02,,,,,,,,,,,,,,,,,,,,,,,,,,,,,,,,,,,,,,,,,,EUR,0.28,0.17,Uncommon,team-rockets-arbok,Pokémon,https://www.tcggo.com/pokemon/destined-rivals/team-rockets-arbok-113,sv10-113,632921,singles
2026-08-23T17:19:56+02:00,,470,REND,rend,DRI 114,114,825988,182,244,DRI,Pokémon,pokemon,221,https://images.tcggo.com/tcggo/storage/22104/destined-rivals-logo.png,Destined Rivals,EUR,1669.96,EUR,1598.93,2025-05-30,1,Scarlet & Violet,scarlet-violet,destined-rivals,70,22190,https://images.tcggo.com/tcggo/storage/22219/team-rockets-nidoran-dri-114-destined-rivals.png,https://www.tcggo.com/external/cm/22190,https://www.tcggo.com/external/tcgplayer/22190,Team Rocket's Nidoran♀,Team Rocket's Nidoran♀ 114,0.04,0.06,12397,EUR,[],,,,,,,,,,,0.02,0.02,0.02,0.02,0.02,0.02,0.02,0.02,0.02,0.02,,,,,,,,,,,,,,,,,,,,,,,,,,,,,,,,,,,,,,,,,,EUR,0.28,0.13,Common,team-rockets-nidoran,Pokémon,https://www.tcggo.com/pokemon/destined-rivals/team-rockets-nidoran-114,sv10-114,632922,singles
2026-08-23T17:19:56+02:00,,480,Taiga Kasai,taiga-kasai,DRI 115,115,825989,182,244,DRI,Pokémon,pokemon,221,https://images.tcggo.com/tcggo/storage/22104/destined-rivals-logo.png,Destined Rivals,EUR,1669.96,EUR,1598.93,2025-05-30,1,Scarlet & Violet,scarlet-violet,destined-rivals,90,22191,https://images.tcggo.com/tcggo/storage/22220/team-rockets-nidorina-dri-115-destined-rivals.png,https://www.tcggo.com/external/cm/22191,https://www.tcggo.com/external/tcgplayer/22191,Team Rocket's Nidorina,Team Rocket's Nidorina 115,0.05,0.08,5432,EUR,[],,,,,,,,,,,0.03,0.02,0.02,0.02,0.02,0.02,0.02,0.02,0.02,0.02,,,,,,,,,,,,,,,,,,,,,,,,,,,,,,,,,,,,,,,,,,EUR,0.29,0.16,Common,team-rockets-nidorina,Pokémon,https://www.tcggo.com/pokemon/destined-rivals/team-rockets-nidorina-115,sv10-115,632923,singles
2026-08-23T17:19:56+02:00,,462,hncl,hncl,DRI 116,116,825990,182,244,DRI,Pokémon,pokemon,221,https://images.tcggo.com/tcggo/storage/22104/destined-rivals-logo.png,Destined Rivals,EUR,1669.96,EUR,1598.93,2025-05-30,1,Scarlet & Violet,scarlet-violet,destined-rivals,170,22192,https://images.tcggo.com/tcggo/storage/22221/team-rockets-nidoqueen-dri-116-destined-rivals.png,https://www.tcggo.com/external/cm/22192,https://www.tcggo.com/external/tcgplayer/22192,Team Rocket's Nidoqueen,Team Rocket's Nidoqueen 116,0.04,0.05,8864,EUR,[],,,,,,,,,,,0.02,0.02,0.02,0.02,0.02,0.02,0.02,0.02,0.02,0.02,,,,,,,,,,,,,,,,,,,,,,,,,,,,,,,,,,,,,,,,,,EUR,0.28,0.13,Uncommon,team-rockets-nidoqueen,Pokémon,https://www.tcggo.com/pokemon/destined-rivals/team-rockets-nidoqueen-116,sv10-116,632924,singles
2026-08-23T17:19:56+02:00,,770,buchi,buchi,DRI 117,117,825991,182,244,DRI,Pokémon,pokemon,221,https://images.tcggo.com/tcggo/storage/22104/destined-rivals-logo.png,Destined Rivals,EUR,1669.96,EUR,1598.93,2025-05-30,1,Scarlet & Violet,scarlet-violet,destined-rivals,70,22193,https://images.tcggo.com/tcggo/storage/22222/team-rockets-nidoran-dri-117-destined-rivals.png,https://www.tcggo.com/external/cm/22193,https://www.tcggo.com/external/tcgplayer/22193,Team Rocket's Nidoran♂,Team Rocket's Nidoran♂ 117,0.04,0.05,12072,EUR,[],,,,,,,,,,,0.02,0.02,0.02,0.02,0.02,0.02,0.02,0.02,0.02,0.02,,,,,,,,,,,,,,,,,,,,,,,,,,,,,,,,,,,,,,,,,,EUR,0.27,0.16,Common,team-rockets-nidoran,Pokémon,https://www.tcggo.com/pokemon/destined-rivals/team-rockets-nidoran-117,sv10-117,632925,singles
2026-08-23T17:19:56+02:00,,382,KEIICHIRO ITO,keiichiro-ito,DRI 118,118,825992,182,244,DRI,Pokémon,pokemon,221,https://images.tcggo.com/tcggo/storage/22104/destined-rivals-logo.png,Destined Rivals,EUR,1669.96,EUR,1598.93,2025-05-30,1,Scarlet & Violet,scarlet-violet,destined-rivals,100,22194,https://images.tcggo.com/tcggo/storage/22223/team-rockets-nidorino-dri-118-destined-rivals.png,https://www.tcggo.com/external/cm/22194,https://www.tcggo.com/external/tcgplayer/22194,Team Rocket's Nidorino,Team Rocket's Nidorino 118,0.05,0.05,5382,EUR,[],,,,,,,,,,,0.03,0.02,0.02,0.02,0.02,0.02,0.02,0.02,0.02,0.02,,,,,,,,,,,,,,,,,,,,,,,,,,,,,,,,,,,,,,,,,,EUR,0.28,0.19,Common,team-rockets-nidorino,Pokémon,https://www.tcggo.com/pokemon/destined-rivals/team-rockets-nidorino-118,sv10-118,632926,singles
2026-08-23T17:19:56+02:00,,380,5ban Graphics,5ban-graphics,DRI 119,119,825993,182,244,DRI,Pokémon,pokemon,221,https://images.tcggo.com/tcggo/storage/22104/destined-rivals-logo.png,Destined Rivals,EUR,1669.96,EUR,1598.93,2025-05-30,1,Scarlet & Violet,scarlet-violet,destined-rivals,330,22195,https://images.tcggo.com/tcggo/storage/22224/team-rockets-nidoking-ex-dri-119-destined-rivals.png,https://www.tcggo.com/external/cm/22195,https://www.tcggo.com/external/tcgplayer/22195,Team Rocket's Nidoking ex,Team Rocket's Nidoking ex 119,0.55,0.56,2761,EUR,[],,,,,,,,,,,0.2,0.2,0.2,0.2,0.2,0.2,0.45,0.45,0.05,0.05,,,,,,,,,,,,,,,,,,,,,,,,,,,,,,,,,,,,,,,,,,EUR,0.64,0.68,Double Rare,team-rockets-nidoking-ex,Pokémon,https://www.tcggo.com/pokemon/destined-rivals/team-rockets-nidoking-ex-119,sv10-119,632927,singles
2026-08-23T17:19:56+02:00,,445,toi8,toi8,DRI 120,120,825994,182,244,DRI,Pokémon,pokemon,221,https://images.tcggo.com/tcggo/storage/22104/destined-rivals-logo.png,Destined Rivals,EUR,1669.96,EUR,1598.93,2025-05-30,1,Scarlet & Violet,scarlet-violet,destined-rivals,50,22196,https://images.tcggo.com/tcggo/storage/22225/team-rockets-zubat-dri-120-destined-rivals.png,https://www.tcggo.com/external/cm/22196,https://www.tcggo.com/external/tcgplayer/22196,Team Rocket's Zubat,Team Rocket's Zubat 120,0.04,0.05,15183,EUR,[],,,,,,,,,,,0.02,0.02,0.02,0.02,0.02,0.02,0.02,0.02,0.02,0.02,,,,,,,,,,,,,,,,,,,,,,,,,,,,,,,,,,,,,,,,,,EUR,0.24,0.13,Common,team-rockets-zubat,Pokémon,https://www.tcggo.com/pokemon/destined-rivals/team-rockets-zubat-120,sv10-120,632928,singles
2026-08-23T17:19:56+02:00,,434,AKIRA EGAWA,akira-egawa,DRI 121,121,825995,182,244,DRI,Pokémon,pokemon,221,https://images.tcggo.com/tcggo/storage/22104/destined-rivals-logo.png,Destined Rivals,EUR,1669.96,EUR,1598.93,2025-05-30,1,Scarlet & Violet,scarlet-violet,destined-rivals,80,22197,https://images.tcggo.com/tcggo/storage/22226/team-rockets-golbat-dri-121-destined-rivals.png,https://www.tcggo.com/external/cm/22197,https://www.tcggo.com/external/tcgplayer/22197,Team Rocket's Golbat,Team Rocket's Golbat 121,0.06,0.11,8681,EUR,[],,,,,,,,,,,0.03,0.02,0.02,0.02,0.02,0.02,0.02,0.02,0.02,0.02,,,,,,,,,,,,,,,,,,,,,,,,,,,,,,,,,,,,,,,,,,EUR,0.29,0.15,Uncommon,team-rockets-golbat,Pokémon,https://www.tcggo.com/pokemon/destined-rivals/team-rockets-golbat-121,sv10-121,632929,singles
2026-08-23T17:19:56+02:00,,380,5ban Graphics,5ban-graphics,DRI 122,122,825996,182,244,DRI,Pokémon,pokemon,221,https://images.tcggo.com/tcggo/storage/22104/destined-rivals-logo.png,Destined Rivals,EUR,1669.96,EUR,1598.93,2025-05-30,1,Scarlet & Violet,scarlet-violet,destined-rivals,310,22198,https://images.tcggo.com/tcggo/storage/22227/team-rockets-crobat-ex-dri-122-destined-rivals.png,https://www.tcggo.com/external/cm/22198,https://www.tcggo.com/external/tcgplayer/22198,Team Rocket's Crobat ex,Team Rocket's Crobat ex 122,0.48,0.48,2960,EUR,[],,,,,,,,,,,0.1,0.1,0.1,0.15,0.15,0.1,0.1,0.1,0.02,0.02,,,,,,,,,,,,,,,,,,,,,,,,,,,,,,,,,,,,,,,,,,EUR,0.46,0.61,Double Rare,team-rockets-crobat-ex,Pokémon,https://www.tcggo.com/pokemon/destined-rivals/team-rockets-crobat-ex-122,sv10-122,632930,singles
2026-08-23T17:19:56+02:00,,424,Mousho,mousho,DRI 123,123,825997,182,244,DRI,Pokémon,pokemon,221,https://images.tcggo.com/tcggo/storage/22104/destined-rivals-logo.png,Destined Rivals,EUR,1669.96,EUR,1598.93,2025-05-30,1,Scarlet & Violet,scarlet-violet,destined-rivals,80,22199,https://images.tcggo.com/tcggo/storage/22228/team-rockets-grimer-dri-123-destined-rivals.png,https://www.tcggo.com/external/cm/22199,https://www.tcggo.com/external/tcgplayer/22199,Team Rocket's Grimer,Team Rocket's Grimer 123,0.03,0.04,15922,EUR,[],,,,,,,,,,,0.02,0.02,0.02,0.02,0.02,0.02,0.02,0.02,0.02,0.02,,,,,,,,,,,,,,,,,,,,,,,,,,,,,,,,,,,,,,,,,,EUR,0.22,0.11,Common,team-rockets-grimer,Pokémon,https://www.tcggo.com/pokemon/destined-rivals/team-rockets-grimer-123,sv10-123,632931,singles
2026-08-23T17:19:56+02:00,,428,Uta,uta,DRI 124,124,825998,182,244,DRI,Pokémon,pokemon,221,https://images.tcggo.com/tcggo/storage/22104/destined-rivals-logo.png,Destined Rivals,EUR,1669.96,EUR,1598.93,2025-05-30,1,Scarlet & Violet,scarlet-violet,destined-rivals,150,22200,https://images.tcggo.com/tcggo/storage/22229/team-rockets-muk-dri-124-destined-rivals.png,https://www.tcggo.com/external/cm/22200,https://www.tcggo.com/external/tcgplayer/22200,Team Rocket's Muk,Team Rocket's Muk 124,0.05,0.04,9364,EUR,[],,,,,,,,,,,0.02,0.02,0.02,0.02,0.02,0.02,0.02,0.02,0.02,0.02,,,,,,,,,,,,,,,,,,,,,,,,,,,,,,,,,,,,,,,,,,EUR,0.26,0.15,Uncommon,team-rockets-muk,Pokémon,https://www.tcggo.com/pokemon/destined-rivals/team-rockets-muk-124,sv10-124,632932,singles
2026-08-23T17:19:56+02:00,,414,kodama,kodama,DRI 125,125,825999,182,244,DRI,Pokémon,pokemon,221,https://images.tcggo.com/tcggo/storage/22104/destined-rivals-logo.png,Destined Rivals,EUR,1669.96,EUR,1598.93,2025-05-30,1,Scarlet & Violet,scarlet-violet,destined-rivals,70,22201,https://images.tcggo.com/tcggo/storage/22230/team-rockets-koffing-dri-125-destined-rivals.png,https://www.tcggo.com/external/cm/22201,https://www.tcggo.com/external/tcgplayer/22201,Team Rocket's Koffing,Team Rocket's Koffing 125,0.03,0.04,16680,EUR,[],,,,,,,,,,,0.02,0.02,0.02,0.02,0.02,0.02,0.02,0.02,0.02,0.02,,,,,,,,,,,,,,,,,,,,,,,,,,,,,,,,,,,,,,,,,,EUR,0.23,0.14,Common,team-rockets-koffing,Pokémon,https://www.tcggo.com/pokemon/destined-rivals/team-rockets-koffing-125,sv10-125,632933,singles
2026-08-23T17:19:56+02:00,,468,matazo,matazo,DRI 126,126,826000,182,244,DRI,Pokémon,pokemon,221,https://images.tcggo.com/tcggo/storage/22104/destined-rivals-logo.png,Destined Rivals,EUR,1669.96,EUR,1598.93,2025-05-30,1,Scarlet & Violet,scarlet-violet,destined-rivals,130,22202,https://images.tcggo.com/tcggo/storage/22231/team-rockets-weezing-dri-126-destined-rivals.png,https://www.tcggo.com/external/cm/22202,https://www.tcggo.com/external/tcgplayer/22202,Team Rocket's Weezing,Team Rocket's Weezing 126,0.04,0.05,9680,EUR,[],,,,,,,,,,,0.02,0.02,0.02,0.02,0.02,0.02,0.02,0.02,0.02,0.02,,,,,,,,,,,,,,,,,,,,,,,,,,,,,,,,,,,,,,,,,,EUR,0.3,0.13,Uncommon,team-rockets-weezing,Pokémon,https://www.tcggo.com/pokemon/destined-rivals/team-rockets-weezing-126,sv10-126,632934,singles
2026-08-23T17:19:56+02:00,,451,Mugi Hamada,mugi-hamada,DRI 127,127,826001,182,244,DRI,Pokémon,pokemon,221,https://images.tcggo.com/tcggo/storage/22104/destined-rivals-logo.png,Destined Rivals,EUR,1669.96,EUR,1598.93,2025-05-30,1,Scarlet & Violet,scarlet-violet,destined-rivals,80,22203,https://images.tcggo.com/tcggo/storage/22232/team-rockets-murkrow-dri-127-destined-rivals.png,https://www.tcggo.com/external/cm/22203,https://www.tcggo.com/external/tcgplayer/22203,Team Rocket's Murkrow,Team Rocket's Murkrow 127,0.06,0.06,7708,EUR,[],,,,,,,,,,,0.02,0.02,0.02,0.02,0.02,0.02,0.02,0.02,0.02,0.02,,,,,,,,,,,,,,,,,,,,,,,,,,,,,,,,,,,,,,,,,,EUR,0.33,0.17,Uncommon,team-rockets-murkrow,Pokémon,https://www.tcggo.com/pokemon/destined-rivals/team-rockets-murkrow-127,sv10-127,632935,singles
2026-08-23T17:19:56+02:00,,459,GIDORA,gidora,DRI 128,128,826002,182,244,DRI,Pokémon,pokemon,221,https://images.tcggo.com/tcggo/storage/22104/destined-rivals-logo.png,Destined Rivals,EUR,1669.96,EUR,1598.93,2025-05-30,1,Scarlet & Violet,scarlet-violet,destined-rivals,80,22204,https://images.tcggo.com/tcggo/storage/22233/team-rockets-sneasel-dri-128-destined-rivals.png,https://www.tcggo.com/external/cm/22204,https://www.tcggo.com/external/tcgplayer/22204,Team Rocket's Sneasel,Team Rocket's Sneasel 128,0.08,0.08,9632,EUR,[],,,,,,,,,,,0.03,0.02,0.02,0.02,0.02,0.02,0.02,0.02,0.02,0.02,,,,,,,,,,,,,,,,,,,,,,,,,,,,,,,,,,,,,,,,,,EUR,0.26,0.17,rare,team-rockets-sneasel,Pokémon,https://www.tcggo.com/pokemon/destined-rivals/team-rockets-sneasel-128,sv10-128,632936,singles
2026-08-23T17:19:56+02:00,,417,satoma,satoma,DRI 129,129,826003,182,244,DRI,Pokémon,pokemon,221,https://images.tcggo.com/tcggo/storage/22104/destined-rivals-logo.png,Destined Rivals,EUR,1669.96,EUR,1598.93,2025-05-30,1,Scarlet & Violet,scarlet-violet,destined-rivals,70,22205,https://images.tcggo.com/tcggo/storage/22234/cynthias-spiritomb-dri-129-destined-rivals.png,https://www.tcggo.com/external/cm/22205,https://www.tcggo.com/external/tcgplayer/22205,Cynthia's Spiritomb,Cynthia's Spiritomb 129,0.06,0.04,8683,EUR,[],,,,,,,,,,,0.03,0.02,0.02,0.02,0.02,0.02,0.02,0.02,0.02,0.02,,,,,,,,,,,,,,,,,,,,,,,,,,,,,,,,,,,,,,,,,,EUR,0.26,0.13,Uncommon,cynthias-spiritomb,Pokémon,https://www.tcggo.com/pokemon/destined-rivals/cynthias-spiritomb-129,sv10-129,632937,singles
2026-08-23T17:19:56+02:00,,470,REND,rend,DRI 130,130,826004,182,244,DRI,Pokémon,pokemon,221,https://images.tcggo.com/tcggo/storage/22104/destined-rivals-logo.png,Destined Rivals,EUR,1669.96,EUR,1598.93,2025-05-30,1,Scarlet & Violet,scarlet-violet,destined-rivals,60,22206,https://images.tcggo.com/tcggo/storage/22235/marnies-purrloin-dri-130-destined-rivals.png,https://www.tcggo.com/external/cm/22206,https://www.tcggo.com/external/tcgplayer/22206,Marnie's Purrloin,Marnie's Purrloin 130,0.03,0.03,6646,EUR,[],,,,,,,,,,,0.02,0.02,0.02,0.02,0.02,0.02,0.02,0.02,0.02,0.02,,,,,,,,,,,,,,,,,,,,,,,,,,,,,,,,,,,,,,,,,,EUR,0.28,0.13,Common,marnies-purrloin,Pokémon,https://www.tcggo.com/pokemon/destined-rivals/marnies-purrloin-130,sv10-130,632938,singles
2026-08-23T17:19:56+02:00,,447,Hasuno,hasuno,DRI 131,131,826005,182,244,DRI,Pokémon,pokemon,221,https://images.tcggo.com/tcggo/storage/22104/destined-rivals-logo.png,Destined Rivals,EUR,1669.96,EUR,1598.93,2025-05-30,1,Scarlet & Violet,scarlet-violet,destined-rivals,100,22207,https://images.tcggo.com/tcggo/storage/22236/marnies-liepard-dri-131-destined-rivals.png,https://www.tcggo.com/external/cm/22207,https://www.tcggo.com/external/tcgplayer/22207,Marnie's Liepard,Marnie's Liepard 131,0.03,0.04,10475,EUR,[],,,,,,,,,,,0.02,0.02,0.02,0.02,0.02,0.02,0.02,0.02,0.02,0.02,,,,,,,,,,,,,,,,,,,,,,,,,,,,,,,,,,,,,,,,,,EUR,0.28,0.12,Uncommon,marnies-liepard,Pokémon,https://www.tcggo.com/pokemon/destined-rivals/marnies-liepard-131,sv10-131,632939,singles
2026-08-23T17:19:56+02:00,,385,Teeziro,teeziro,DRI 132,132,826006,182,244,DRI,Pokémon,pokemon,221,https://images.tcggo.com/tcggo/storage/22104/destined-rivals-logo.png,Destined Rivals,EUR,1669.96,EUR,1598.93,2025-05-30,1,Scarlet & Violet,scarlet-violet,destined-rivals,70,22208,https://images.tcggo.com/tcggo/storage/22237/marnies-scraggy-dri-132-destined-rivals.png,https://www.tcggo.com/external/cm/22208,https://www.tcggo.com/external/tcgplayer/22208,Marnie's Scraggy,Marnie's Scraggy 132,0.03,0.04,7026,EUR,[],,,,,,,,,,,0.02,0.02,0.02,0.02,0.02,0.02,0.02,0.02,0.02,0.02,,,,,,,,,,,,,,,,,,,,,,,,,,,,,,,,,,,,,,,,,,EUR,0.26,0.1,Common,marnies-scraggy,Pokémon,https://www.tcggo.com/pokemon/destined-rivals/marnies-scraggy-132,sv10-132,632940,singles
2026-08-23T17:19:56+02:00,,439,Kazumasa Yasukuni,kazumasa-yasukuni,DRI 133,133,826007,182,244,DRI,Pokémon,pokemon,221,https://images.tcggo.com/tcggo/storage/22104/destined-rivals-logo.png,Destined Rivals,EUR,1669.96,EUR,1598.93,2025-05-30,1,Scarlet & Violet,scarlet-violet,destined-rivals,120,22209,https://images.tcggo.com/tcggo/storage/22238/marnies-scrafty-dri-133-destined-rivals.png,https://www.tcggo.com/external/cm/22209,https://www.tcggo.com/external/tcgplayer/22209,Marnie's Scrafty,Marnie's Scrafty 133,0.03,0.03,10546,EUR,[],,,,,,,,,,,0.02,0.02,0.02,0.02,0.02,0.02,0.02,0.02,0.02,0.02,,,,,,,,,,,,,,,,,,,,,,,,,,,,,,,,,,,,,,,,,,EUR,0.3,0.1,Uncommon,marnies-scrafty,Pokémon,https://www.tcggo.com/pokemon/destined-rivals/marnies-scrafty-133,sv10-133,632941,singles
2026-08-23T17:19:56+02:00,,382,KEIICHIRO ITO,keiichiro-ito,DRI 134,134,826008,182,244,DRI,Pokémon,pokemon,221,https://images.tcggo.com/tcggo/storage/22104/destined-rivals-logo.png,Destined Rivals,EUR,1669.96,EUR,1598.93,2025-05-30,1,Scarlet & Violet,scarlet-violet,destined-rivals,70,22210,https://images.tcggo.com/tcggo/storage/22239/marnies-impidimp-dri-134-destined-rivals.png,https://www.tcggo.com/external/cm/22210,https://www.tcggo.com/external/tcgplayer/22210,Marnie's Impidimp,Marnie's Impidimp 134,0.05,0.04,11624,EUR,[],,,,,,,,,,,0.02,0.02,0.02,0.02,0.02,0.02,0.02,0.02,0.02,0.02,,,,,,,,,,,,,,,,,,,,,,,,,,,,,,,,,,,,,,,,,,EUR,0.26,0.13,Common,marnies-impidimp,Pokémon,https://www.tcggo.com/pokemon/destined-rivals/marnies-impidimp-134,sv10-134,632942,singles
2026-08-23T17:19:56+02:00,,536,NC Empire,nc-empire,DRI 135,135,826009,182,244,DRI,Pokémon,pokemon,221,https://images.tcggo.com/tcggo/storage/22104/destined-rivals-logo.png,Destined Rivals,EUR,1669.96,EUR,1598.93,2025-05-30,1,Scarlet & Violet,scarlet-violet,destined-rivals,100,22211,https://images.tcggo.com/tcggo/storage/22240/marnies-morgrem-dri-135-destined-rivals.png,https://www.tcggo.com/external/cm/22211,https://www.tcggo.com/external/tcgplayer/22211,Marnie's Morgrem,Marnie's Morgrem 135,0.05,0.05,8501,EUR,[],,,,,,,,,,,0.03,0.02,0.02,0.02,0.02,0.02,0.02,0.02,0.02,0.02,,,,,,,,,,,,,,,,,,,,,,,,,,,,,,,,,,,,,,,,,,EUR,0.26,0.13,Uncommon,marnies-morgrem,Pokémon,https://www.tcggo.com/pokemon/destined-rivals/marnies-morgrem-135,sv10-135,632943,singles
2026-08-23T17:19:56+02:00,,384,PLANETA Mochizuki,planeta-mochizuki,DRI 136,136,826010,182,244,DRI,Pokémon,pokemon,221,https://images.tcggo.com/tcggo/storage/22104/destined-rivals-logo.png,Destined Rivals,EUR,1669.96,EUR,1598.93,2025-05-30,1,Scarlet & Violet,scarlet-violet,destined-rivals,320,22212,https://images.tcggo.com/tcggo/storage/22241/marnies-grimmsnarl-ex-dri-136-destined-rivals.png,https://www.tcggo.com/external/cm/22212,https://www.tcggo.com/external/tcgplayer/22212,Marnie's Grimmsnarl ex,Marnie's Grimmsnarl ex 136,0.65,0.72,2946,EUR,[],,,,,,,,,,,0.1,0.1,0.15,0.4,0.4,0.1,0.4,0.4,0.02,0.02,,,,,,,,,,,,,,,,,,,,,,,,,,,,,,,,,,,,,,,,,,EUR,0.63,0.79,Double Rare,marnies-grimmsnarl-ex,Pokémon,https://www.tcggo.com/pokemon/destined-rivals/marnies-grimmsnarl-ex-136,sv10-136,630823,singles
2026-08-23T17:19:56+02:00,,416,Mina Nakai,mina-nakai,DRI 137,137,826011,182,244,DRI,Pokémon,pokemon,221,https://images.tcggo.com/tcggo/storage/22104/destined-rivals-logo.png,Destined Rivals,EUR,1669.96,EUR,1598.93,2025-05-30,1,Scarlet & Violet,scarlet-violet,destined-rivals,70,22213,https://images.tcggo.com/tcggo/storage/22242/marnies-morpeko-dri-137-destined-rivals.png,https://www.tcggo.com/external/cm/22213,https://www.tcggo.com/external/tcgplayer/22213,Marnie's Morpeko,Marnie's Morpeko 137,0.04,0.04,6208,EUR,[],,,,,,,,,,,0.03,0.02,0.02,0.02,0.02,0.02,0.02,0.02,0.02,0.02,,,,,,,,,,,,,,,,,,,,,,,,,,,,,,,,,,,,,,,,,,EUR,0.31,0.14,Common,marnies-morpeko,Pokémon,https://www.tcggo.com/pokemon/destined-rivals/marnies-morpeko-137,sv10-137,632944,singles
2026-08-23T17:19:56+02:00,,416,Mina Nakai,mina-nakai,DRI 138,138,826012,182,244,DRI,Pokémon,pokemon,221,https://images.tcggo.com/tcggo/storage/22104/destined-rivals-logo.png,Destined Rivals,EUR,1669.96,EUR,1598.93,2025-05-30,1,Scarlet & Violet,scarlet-violet,destined-rivals,70,22214,https://images.tcggo.com/tcggo/storage/22243/arvens-maschiff-dri-138-destined-rivals.png,https://www.tcggo.com/external/cm/22214,https://www.tcggo.com/external/tcgplayer/22214,Arven's Maschiff,Arven's Maschiff 138,0.03,0.03,16263,EUR,[],,,,,,,,,,,0.02,0.02,0.02,0.02,0.02,0.02,0.02,0.02,0.02,0.02,,,,,,,,,,,,,,,,,,,,,,,,,,,,,,,,,,,,,,,,,,EUR,0.17,0.09,Common,arvens-maschiff,Pokémon,https://www.tcggo.com/pokemon/destined-rivals/arvens-maschiff-138,sv10-138,632945,singles
2026-08-23T17:19:56+02:00,,430,akagi,akagi,DRI 139,139,826013,182,244,DRI,Pokémon,pokemon,221,https://images.tcggo.com/tcggo/storage/22104/destined-rivals-logo.png,Destined Rivals,EUR,1669.96,EUR,1598.93,2025-05-30,1,Scarlet & Violet,scarlet-violet,destined-rivals,270,22215,https://images.tcggo.com/tcggo/storage/22244/arvens-mabosstiff-ex-dri-139-destined-rivals.png,https://www.tcggo.com/external/cm/22215,https://www.tcggo.com/external/tcgplayer/22215,Arven's Mabosstiff ex,Arven's Mabosstiff ex 139,0.38,0.35,3445,EUR,[],,,,,,,,,,,0.05,0.1,0.1,0.1,0.1,0.05,0.15,0.15,0.02,0.02,,,,,,,,,,,,,,,,,,,,,,,,,,,,,,,,,,,,,,,,,,EUR,0.46,0.56,Double Rare,arvens-mabosstiff-ex,Pokémon,https://www.tcggo.com/pokemon/destined-rivals/arvens-mabosstiff-ex-139,sv10-139,632946,singles
2026-08-23T17:19:56+02:00,,779,Wintr Wandr,wintr-wandr,DRI 140,140,826014,182,244,DRI,Pokémon,pokemon,221,https://images.tcggo.com/tcggo/storage/22104/destined-rivals-logo.png,Destined Rivals,EUR,1669.96,EUR,1598.93,2025-05-30,1,Scarlet & Violet,scarlet-violet,destined-rivals,130,22216,https://images.tcggo.com/tcggo/storage/22245/forretress-dri-140-destined-rivals.png,https://www.tcggo.com/external/cm/22216,https://www.tcggo.com/external/tcgplayer/22216,Forretress,Forretress 140,0.04,0.03,10130,EUR,[],,,,,,,,,,,0.02,0.02,0.02,0.02,0.02,0.02,0.02,0.02,0.02,0.02,,,,,,,,,,,,,,,,,,,,,,,,,,,,,,,,,,,,,,,,,,EUR,0.26,0.1,Uncommon,forretress,Pokémon,https://www.tcggo.com/pokemon/destined-rivals/forretress-140,sv10-140,632947,singles
2026-08-23T17:19:56+02:00,,521,Shin Nagasawa,shin-nagasawa,DRI 141,141,826015,182,244,DRI,Pokémon,pokemon,221,https://images.tcggo.com/tcggo/storage/22104/destined-rivals-logo.png,Destined Rivals,EUR,1669.96,EUR,1598.93,2025-05-30,1,Scarlet & Violet,scarlet-violet,destined-rivals,110,22217,https://images.tcggo.com/tcggo/storage/22246/skarmory-dri-141-destined-rivals.png,https://www.tcggo.com/external/cm/22217,https://www.tcggo.com/external/tcgplayer/22217,Skarmory,Skarmory 141,0.04,0.03,9529,EUR,[],,,,,,,,,,,0.02,0.02,0.02,0.02,0.02,0.02,0.02,0.02,0.02,0.02,,,,,,,,,,,,,,,,,,,,,,,,,,,,,,,,,,,,,,,,,,EUR,0.21,0.1,Common,skarmory,Pokémon,https://www.tcggo.com/pokemon/destined-rivals/skarmory-141,sv10-141,632948,singles
2026-08-23T17:19:56+02:00,,395,Nisota Niso,nisota-niso,DRI 142,142,826016,182,244,DRI,Pokémon,pokemon,221,https://images.tcggo.com/tcggo/storage/22104/destined-rivals-logo.png,Destined Rivals,EUR,1669.96,EUR,1598.93,2025-05-30,1,Scarlet & Violet,scarlet-violet,destined-rivals,120,22218,https://images.tcggo.com/tcggo/storage/22247/stevens-skarmory-dri-142-destined-rivals.png,https://www.tcggo.com/external/cm/22218,https://www.tcggo.com/external/tcgplayer/22218,Steven's Skarmory,Steven's Skarmory 142,0.04,0.03,9534,EUR,[],,,,,,,,,,,0.02,0.02,0.02,0.02,0.02,0.02,0.02,0.02,0.02,0.02,,,,,,,,,,,,,,,,,,,,,,,,,,,,,,,,,,,,,,,,,,EUR,0.18,0.13,Common,stevens-skarmory,Pokémon,https://www.tcggo.com/pokemon/destined-rivals/stevens-skarmory-142,sv10-142,632949,singles
2026-08-23T17:19:56+02:00,,436,Takeshi Nakamura,takeshi-nakamura,DRI 143,143,826017,182,244,DRI,Pokémon,pokemon,221,https://images.tcggo.com/tcggo/storage/22104/destined-rivals-logo.png,Destined Rivals,EUR,1669.96,EUR,1598.93,2025-05-30,1,Scarlet & Violet,scarlet-violet,destined-rivals,70,22219,https://images.tcggo.com/tcggo/storage/22248/stevens-beldum-dri-143-destined-rivals.png,https://www.tcggo.com/external/cm/22219,https://www.tcggo.com/external/tcgplayer/22219,Steven's Beldum,Steven's Beldum 143,0.04,0.05,15452,EUR,[],,,,,,,,,,,0.02,0.02,0.02,0.02,0.02,0.02,0.02,0.02,0.02,0.02,,,,,,,,,,,,,,,,,,,,,,,,,,,,,,,,,,,,,,,,,,EUR,0.19,0.15,Common,stevens-beldum,Pokémon,https://www.tcggo.com/pokemon/destined-rivals/stevens-beldum-143,sv10-143,632950,singles
2026-08-23T17:19:56+02:00,,363,Anesaki Dynamic,anesaki-dynamic,DRI 144,144,826018,182,244,DRI,Pokémon,pokemon,221,https://images.tcggo.com/tcggo/storage/22104/destined-rivals-logo.png,Destined Rivals,EUR,1669.96,EUR,1598.93,2025-05-30,1,Scarlet & Violet,scarlet-violet,destined-rivals,100,22220,https://images.tcggo.com/tcggo/storage/22249/stevens-metang-dri-144-destined-rivals.png,https://www.tcggo.com/external/cm/22220,https://www.tcggo.com/external/tcgplayer/22220,Steven's Metang,Steven's Metang 144,0.05,0.06,9309,EUR,[],,,,,,,,,,,0.03,0.02,0.02,0.02,0.02,0.02,0.02,0.02,0.02,0.02,,,,,,,,,,,,,,,,,,,,,,,,,,,,,,,,,,,,,,,,,,EUR,0.26,0.16,Uncommon,stevens-metang,Pokémon,https://www.tcggo.com/pokemon/destined-rivals/stevens-metang-144,sv10-144,632951,singles
2026-08-23T17:19:56+02:00,,384,PLANETA Mochizuki,planeta-mochizuki,DRI 145,145,826019,182,244,DRI,Pokémon,pokemon,221,https://images.tcggo.com/tcggo/storage/22104/destined-rivals-logo.png,Destined Rivals,EUR,1669.96,EUR,1598.93,2025-05-30,1,Scarlet & Violet,scarlet-violet,destined-rivals,340,22221,https://images.tcggo.com/tcggo/storage/22250/stevens-metagross-ex-dri-145-destined-rivals.png,https://www.tcggo.com/external/cm/22221,https://www.tcggo.com/external/tcgplayer/22221,Steven's Metagross ex,Steven's Metagross ex 145,1.98,0.7,2754,EUR,[],,,,,,,,,,,0.02,0.15,0.15,0.2,0.2,0.02,0.44,0.44,0.07,0.07,,,,,,,,,,,,,,,,,,,,,,,,,,,,,,,,,,,,,,,,,,EUR,0.73,0.76,Double Rare,stevens-metagross-ex,Pokémon,https://www.tcggo.com/pokemon/destined-rivals/stevens-metagross-ex-145,sv10-145,630824,singles
2026-08-23T17:19:56+02:00,,375,Mitsuhiro Arita,mitsuhiro-arita,DRI 146,146,826020,182,244,DRI,Pokémon,pokemon,221,https://images.tcggo.com/tcggo/storage/22104/destined-rivals-logo.png,Destined Rivals,EUR,1669.96,EUR,1598.93,2025-05-30,1,Scarlet & Violet,scarlet-violet,destined-rivals,130,22222,https://images.tcggo.com/tcggo/storage/22251/zamazenta-dri-146-destined-rivals.png,https://www.tcggo.com/external/cm/22222,https://www.tcggo.com/external/tcgplayer/22222,Zamazenta,Zamazenta 146,0.05,0.05,10273,EUR,[],,,,,,,,,,,0.03,0.02,0.02,0.02,0.02,0.02,0.02,0.02,0.02,0.02,,,,,,,,,,,,,,,,,,,,,,,,,,,,,,,,,,,,,,,,,,EUR,0.28,0.13,rare,zamazenta,Pokémon,https://www.tcggo.com/pokemon/destined-rivals/zamazenta-146,sv10-146,632952,singles
2026-08-23T17:19:56+02:00,,422,Dsuke,dsuke,DRI 147,147,826021,182,244,DRI,Pokémon,pokemon,221,https://images.tcggo.com/tcggo/storage/22104/destined-rivals-logo.png,Destined Rivals,EUR,1669.96,EUR,1598.93,2025-05-30,1,Scarlet & Violet,scarlet-violet,destined-rivals,50,22223,https://images.tcggo.com/tcggo/storage/22252/team-rockets-rattata-dri-147-destined-rivals.png,https://www.tcggo.com/external/cm/22223,https://www.tcggo.com/external/tcgplayer/22223,Team Rocket's Rattata,Team Rocket's Rattata 147,0.03,0.04,15734,EUR,[],,,,,,,,,,,0.02,0.02,0.02,0.02,0.02,0.02,0.02,0.02,0.02,0.02,,,,,,,,,,,,,,,,,,,,,,,,,,,,,,,,,,,,,,,,,,EUR,0.19,0.09,Common,team-rockets-rattata,Pokémon,https://www.tcggo.com/pokemon/destined-rivals/team-rockets-rattata-147,sv10-147,632953,singles
2026-08-23T17:19:56+02:00,,419,Uninori,uninori,DRI 148,148,826022,182,244,DRI,Pokémon,pokemon,221,https://images.tcggo.com/tcggo/storage/22104/destined-rivals-logo.png,Destined Rivals,EUR,1669.96,EUR,1598.93,2025-05-30,1,Scarlet & Violet,scarlet-violet,destined-rivals,90,22224,https://images.tcggo.com/tcggo/storage/22253/team-rockets-raticate-dri-148-destined-rivals.png,https://www.tcggo.com/external/cm/22224,https://www.tcggo.com/external/tcgplayer/22224,Team Rocket's Raticate,Team Rocket's Raticate 148,0.04,0.06,8835,EUR,[],,,,,,,,,,,0.02,0.02,0.02,0.02,0.02,0.02,0.02,0.02,0.02,0.02,,,,,,,,,,,,,,,,,,,,,,,,,,,,,,,,,,,,,,,,,,EUR,0.2,0.13,Common,team-rockets-raticate,Pokémon,https://www.tcggo.com/pokemon/destined-rivals/team-rockets-raticate-148,sv10-148,632954,singles
2026-08-23T17:19:56+02:00,,520,Megumi Mizutani,megumi-mizutani,DRI 149,149,826023,182,244,DRI,Pokémon,pokemon,221,https://images.tcggo.com/tcggo/storage/22104/destined-rivals-logo.png,Destined Rivals,EUR,1669.96,EUR,1598.93,2025-05-30,1,Scarlet & Violet,scarlet-violet,destined-rivals,70,22225,https://images.tcggo.com/tcggo/storage/22254/team-rockets-meowth-dri-149-destined-rivals.png,https://www.tcggo.com/external/cm/22225,https://www.tcggo.com/external/tcgplayer/22225,Team Rocket's Meowth,Team Rocket's Meowth 149,0.05,0.05,14822,EUR,[],,,,,,,,,,,0.02,0.02,0.02,0.02,0.02,0.02,0.02,0.02,0.02,0.02,,,,,,,,,,,,,,,,,,,,,,,,,,,,,,,,,,,,,,,,,,EUR,0.22,0.14,Common,team-rockets-meowth,Pokémon,https://www.tcggo.com/pokemon/destined-rivals/team-rockets-meowth-149,sv10-149,630825,singles
2026-08-23T17:19:56+02:00,,380,5ban Graphics,5ban-graphics,DRI 150,150,826024,182,244,DRI,Pokémon,pokemon,221,https://images.tcggo.com/tcggo/storage/22104/destined-rivals-logo.png,Destined Rivals,EUR,1669.96,EUR,1598.93,2025-05-30,1,Scarlet & Violet,scarlet-violet,destined-rivals,260,22226,https://images.tcggo.com/tcggo/storage/22255/team-rockets-persian-ex-dri-150-destined-rivals.png,https://www.tcggo.com/external/cm/22226,https://www.tcggo.com/external/tcgplayer/22226,Team Rocket's Persian ex,Team Rocket's Persian ex 150,0.54,0.53,2754,EUR,[],,,,,,,,,,,0.25,0.19,0.19,0.25,0.25,0.25,0.3,0.3,0.05,0.05,,,,,,,,,,,,,,,,,,,,,,,,,,,,,,,,,,,,,,,,,,EUR,0.48,0.68,Double Rare,team-rockets-persian-ex,Pokémon,https://www.tcggo.com/pokemon/destined-rivals/team-rockets-persian-ex-150,sv10-150,632955,singles
2026-08-23T17:19:56+02:00,,379,Sanosuke Sakuma,sanosuke-sakuma,DRI 151,151,826025,182,244,DRI,Pokémon,pokemon,221,https://images.tcggo.com/tcggo/storage/22104/destined-rivals-logo.png,Destined Rivals,EUR,1669.96,EUR,1598.93,2025-05-30,1,Scarlet & Violet,scarlet-violet,destined-rivals,120,22227,https://images.tcggo.com/tcggo/storage/22256/kangaskhan-dri-151-destined-rivals.png,https://www.tcggo.com/external/cm/22227,https://www.tcggo.com/external/tcgplayer/22227,Kangaskhan,Kangaskhan 151,0.04,0.04,8831,EUR,[],,,,,,,,,,,0.02,0.02,0.02,0.02,0.02,0.02,0.02,0.02,0.02,0.02,,,,,,,,,,,,,,,,,,,,,,,,,,,,,,,,,,,,,,,,,,EUR,0.21,0.12,Common,kangaskhan,Pokémon,https://www.tcggo.com/pokemon/destined-rivals/kangaskhan-151,sv10-151,632956,singles
2026-08-23T17:19:56+02:00,,495,yuu,yuu,DRI 152,152,826026,182,244,DRI,Pokémon,pokemon,221,https://images.tcggo.com/tcggo/storage/22104/destined-rivals-logo.png,Destined Rivals,EUR,1669.96,EUR,1598.93,2025-05-30,1,Scarlet & Violet,scarlet-violet,destined-rivals,130,22228,https://images.tcggo.com/tcggo/storage/22257/tauros-dri-152-destined-rivals.png,https://www.tcggo.com/external/cm/22228,https://www.tcggo.com/external/tcgplayer/22228,Tauros,Tauros 152,0.04,0.04,8969,EUR,[],,,,,,,,,,,0.02,0.02,0.02,0.02,0.02,0.02,0.02,0.02,0.02,0.02,,,,,,,,,,,,,,,,,,,,,,,,,,,,,,,,,,,,,,,,,,EUR,0.18,0.1,Common,tauros,Pokémon,https://www.tcggo.com/pokemon/destined-rivals/tauros-152,sv10-152,632957,singles
2026-08-23T17:19:56+02:00,,368,Oswaldo KATO,oswaldo-kato,DRI 153,153,826027,182,244,DRI,Pokémon,pokemon,221,https://images.tcggo.com/tcggo/storage/22104/destined-rivals-logo.png,Destined Rivals,EUR,1669.96,EUR,1598.93,2025-05-30,1,Scarlet & Violet,scarlet-violet,destined-rivals,60,22229,https://images.tcggo.com/tcggo/storage/22258/team-rockets-porygon-dri-153-destined-rivals.png,https://www.tcggo.com/external/cm/22229,https://www.tcggo.com/external/tcgplayer/22229,Team Rocket's Porygon,Team Rocket's Porygon 153,0.06,0.05,13231,EUR,[],,,,,,,,,,,0.02,0.02,0.02,0.02,0.02,0.02,0.02,0.02,0.02,0.02,,,,,,,,,,,,,,,,,,,,,,,,,,,,,,,,,,,,,,,,,,EUR,0.27,0.13,Common,team-rockets-porygon,Pokémon,https://www.tcggo.com/pokemon/destined-rivals/team-rockets-porygon-153,sv10-153,630826,singles
2026-08-23T17:19:56+02:00,,436,Takeshi Nakamura,takeshi-nakamura,DRI 154,154,826028,182,244,DRI,Pokémon,pokemon,221,https://images.tcggo.com/tcggo/storage/22104/destined-rivals-logo.png,Destined Rivals,EUR,1669.96,EUR,1598.93,2025-05-30,1,Scarlet & Violet,scarlet-violet,destined-rivals,90,22230,https://images.tcggo.com/tcggo/storage/22259/team-rockets-porygon2-dri-154-destined-rivals.png,https://www.tcggo.com/external/cm/22230,https://www.tcggo.com/external/tcgplayer/22230,Team Rocket's Porygon2,Team Rocket's Porygon2 154,0.09,0.07,6561,EUR,[],,,,,,,,,,,0.02,0.02,0.02,0.02,0.02,0.02,0.02,0.02,0.02,0.02,,,,,,,,,,,,,,,,,,,,,,,,,,,,,,,,,,,,,,,,,,EUR,0.21,0.18,Common,team-rockets-porygon2,Pokémon,https://www.tcggo.com/pokemon/destined-rivals/team-rockets-porygon2-154,sv10-154,630827,singles
2026-08-23T17:19:56+02:00,,363,Anesaki Dynamic,anesaki-dynamic,DRI 155,155,826029,182,244,DRI,Pokémon,pokemon,221,https://images.tcggo.com/tcggo/storage/22104/destined-rivals-logo.png,Destined Rivals,EUR,1669.96,EUR,1598.93,2025-05-30,1,Scarlet & Violet,scarlet-violet,destined-rivals,140,22231,https://images.tcggo.com/tcggo/storage/22260/team-rockets-porygon-z-dri-155-destined-rivals.png,https://www.tcggo.com/external/cm/22231,https://www.tcggo.com/external/tcgplayer/22231,Team Rocket's Porygon-Z,Team Rocket's Porygon-Z 155,0.05,0.04,7887,EUR,[],,,,,,,,,,,0.03,0.02,0.02,0.02,0.02,0.02,0.02,0.02,0.02,0.02,,,,,,,,,,,,,,,,,,,,,,,,,,,,,,,,,,,,,,,,,,EUR,0.29,0.15,Uncommon,team-rockets-porygon-z,Pokémon,https://www.tcggo.com/pokemon/destined-rivals/team-rockets-porygon-z-155,sv10-155,630828,singles
2026-08-23T17:19:56+02:00,,772,Ayako Ozaki,ayako-ozaki,DRI 156,156,826030,182,244,DRI,Pokémon,pokemon,221,https://images.tcggo.com/tcggo/storage/22104/destined-rivals-logo.png,Destined Rivals,EUR,1669.96,EUR,1598.93,2025-05-30,1,Scarlet & Violet,scarlet-violet,destined-rivals,60,22232,https://images.tcggo.com/tcggo/storage/22261/taillow-dri-156-destined-rivals.png,https://www.tcggo.com/external/cm/22232,https://www.tcggo.com/external/tcgplayer/22232,Taillow,Taillow 156,0.05,0.04,8531,EUR,[],,,,,,,,,,,0.03,0.02,0.02,0.02,0.02,0.02,0.02,0.02,0.02,0.02,,,,,,,,,,,,,,,,,,,,,,,,,,,,,,,,,,,,,,,,,,EUR,0.21,0.13,Common,taillow,Pokémon,https://www.tcggo.com/pokemon/destined-rivals/taillow-156,sv10-156,632958,singles
2026-08-23T17:19:56+02:00,,377,Souichirou Gunjima,souichirou-gunjima,DRI 157,157,826031,182,244,DRI,Pokémon,pokemon,221,https://images.tcggo.com/tcggo/storage/22104/destined-rivals-logo.png,Destined Rivals,EUR,1669.96,EUR,1598.93,2025-05-30,1,Scarlet & Violet,scarlet-violet,destined-rivals,100,22233,https://images.tcggo.com/tcggo/storage/22262/swellow-dri-157-destined-rivals.png,https://www.tcggo.com/external/cm/22233,https://www.tcggo.com/external/tcgplayer/22233,Swellow,Swellow 157,0.04,0.03,9136,EUR,[],,,,,,,,,,,0.02,0.02,0.02,0.02,0.02,0.02,0.02,0.02,0.02,0.02,,,,,,,,,,,,,,,,,,,,,,,,,,,,,,,,,,,,,,,,,,EUR,0.21,0.13,Common,swellow,Pokémon,https://www.tcggo.com/pokemon/destined-rivals/swellow-157,sv10-157,632959,singles
2026-08-23T17:19:56+02:00,,368,Oswaldo KATO,oswaldo-kato,DRI 158,158,826032,182,244,DRI,Pokémon,pokemon,221,https://images.tcggo.com/tcggo/storage/22104/destined-rivals-logo.png,Destined Rivals,EUR,1669.96,EUR,1598.93,2025-05-30,1,Scarlet & Violet,scarlet-violet,destined-rivals,60,22234,https://images.tcggo.com/tcggo/storage/22263/arvens-skwovet-dri-158-destined-rivals.png,https://www.tcggo.com/external/cm/22234,https://www.tcggo.com/external/tcgplayer/22234,Arven's Skwovet,Arven's Skwovet 158,0.04,0.04,16214,EUR,[],,,,,,,,,,,0.02,0.02,0.02,0.02,0.02,0.02,0.02,0.02,0.02,0.02,,,,,,,,,,,,,,,,,,,,,,,,,,,,,,,,,,,,,,,,,,EUR,0.18,0.09,Common,arvens-skwovet,Pokémon,https://www.tcggo.com/pokemon/destined-rivals/arvens-skwovet-158,sv10-158,632960,singles
2026-08-23T17:19:56+02:00,,426,Akira Komayama,akira-komayama,DRI 159,159,826033,182,244,DRI,Pokémon,pokemon,221,https://images.tcggo.com/tcggo/storage/22104/destined-rivals-logo.png,Destined Rivals,EUR,1669.96,EUR,1598.93,2025-05-30,1,Scarlet & Violet,scarlet-violet,destined-rivals,120,22235,https://images.tcggo.com/tcggo/storage/22264/arvens-greedent-dri-159-destined-rivals.png,https://www.tcggo.com/external/cm/22235,https://www.tcggo.com/external/tcgplayer/22235,Arven's Greedent,Arven's Greedent 159,0.05,0.03,10767,EUR,[],,,,,,,,,,,0.02,0.02,0.02,0.02,0.02,0.02,0.02,0.02,0.02,0.02,,,,,,,,,,,,,,,,,,,,,,,,,,,,,,,,,,,,,,,,,,EUR,0.21,0.13,rare,arvens-greedent,Pokémon,https://www.tcggo.com/pokemon/destined-rivals/arvens-greedent-159,sv10-159,632961,singles
2026-08-23T17:19:56+02:00,,583,Julie Hang,julie-hang,DRI 160,160,826034,182,244,DRI,Pokémon,pokemon,221,https://images.tcggo.com/tcggo/storage/22104/destined-rivals-logo.png,Destined Rivals,EUR,1669.96,EUR,1598.93,2025-05-30,1,Scarlet & Violet,scarlet-violet,destined-rivals,70,22236,https://images.tcggo.com/tcggo/storage/22265/squawkabilly-dri-160-destined-rivals.png,https://www.tcggo.com/external/cm/22236,https://www.tcggo.com/external/tcgplayer/22236,Squawkabilly,Squawkabilly 160,0.03,0.05,9365,EUR,[],,,,,,,,,,,0.02,0.02,0.02,0.02,0.02,0.02,0.02,0.02,0.02,0.02,,,,,,,,,,,,,,,,,,,,,,,,,,,,,,,,,,,,,,,,,,EUR,0.2,0.1,Common,squawkabilly,Pokémon,https://www.tcggo.com/pokemon/destined-rivals/squawkabilly-160,sv10-160,632962,singles
2026-08-23T17:19:56+02:00,,453,AYUMI ODASHIMA,ayumi-odashima,DRI 161,161,826035,182,244,DRI,Pokémon,pokemon,221,https://images.tcggo.com/tcggo/storage/22104/destined-rivals-logo.png,Destined Rivals,EUR,1669.96,EUR,1598.93,2025-05-30,1,Scarlet & Violet,scarlet-violet,destined-rivals,0,22237,https://images.tcggo.com/tcggo/storage/22266/arvens-sandwich-dri-161-destined-rivals.png,https://www.tcggo.com/external/cm/22237,https://www.tcggo.com/external/tcgplayer/22237,Arven's Sandwich,Arven's Sandwich 161,0.04,0.03,15369,EUR,[],,,,,,,,,,,0.02,0.02,0.02,0.02,0.02,0.02,0.02,0.02,0.02,0.02,,,,,,,,,,,,,,,,,,,,,,,,,,,,,,,,,,,,,,,,,,EUR,0.09,0.12,Uncommon,arvens-sandwich,Trainer,https://www.tcggo.com/pokemon/destined-rivals/arvens-sandwich-161,sv10-161,632963,singles
2026-08-23T17:19:56+02:00,,461,Studio Bora Inc.,studio-bora-inc,DRI 162,162,826036,182,244,DRI,Pokémon,pokemon,221,https://images.tcggo.com/tcggo/storage/22104/destined-rivals-logo.png,Destined Rivals,EUR,1669.96,EUR,1598.93,2025-05-30,1,Scarlet & Violet,scarlet-violet,destined-rivals,0,22238,https://images.tcggo.com/tcggo/storage/22267/cynthias-power-weight-dri-162-destined-rivals.png,https://www.tcggo.com/external/cm/22238,https://www.tcggo.com/external/tcgplayer/22238,Cynthia's Power Weight,Cynthia's Power Weight 162,0.08,0.07,10683,EUR,[],,,,,,,,,,,0.03,0.02,0.02,0.02,0.02,0.02,0.02,0.02,0.02,0.02,,,,,,,,,,,,,,,,,,,,,,,,,,,,,,,,,,,,,,,,,,EUR,0.21,0.15,Uncommon,cynthias-power-weight,Trainer,https://www.tcggo.com/pokemon/destined-rivals/cynthias-power-weight-162,sv10-162,632964,singles
2026-08-23T17:19:56+02:00,,496,Cona Nitanda,cona-nitanda,DRI 163,163,826037,182,244,DRI,Pokémon,pokemon,221,https://images.tcggo.com/tcggo/storage/22104/destined-rivals-logo.png,Destined Rivals,EUR,1669.96,EUR,1598.93,2025-05-30,1,Scarlet & Violet,scarlet-violet,destined-rivals,0,22239,https://images.tcggo.com/tcggo/storage/22268/emcees-hype-dri-163-destined-rivals.png,https://www.tcggo.com/external/cm/22239,https://www.tcggo.com/external/tcgplayer/22239,Emcee's Hype,Emcee's Hype 163,0.04,0.04,11234,EUR,[],,,,,,,,,,,0.02,0.02,0.02,0.02,0.02,0.02,0.02,0.02,0.02,0.02,,,,,,,,,,,,,,,,,,,,,,,,,,,,,,,,,,,,,,,,,,EUR,0.18,0.13,Common,emcees-hype,Trainer,https://www.tcggo.com/pokemon/destined-rivals/emcees-hype-163,sv10-163,632965,singles
2026-08-23T17:19:56+02:00,,458,Toyste Beach,toyste-beach,DRI 164,164,826038,182,244,DRI,Pokémon,pokemon,221,https://images.tcggo.com/tcggo/storage/22104/destined-rivals-logo.png,Destined Rivals,EUR,1669.96,EUR,1598.93,2025-05-30,1,Scarlet & Violet,scarlet-violet,destined-rivals,0,22240,https://images.tcggo.com/tcggo/storage/22269/energy-recycler-dri-164-destined-rivals.png,https://www.tcggo.com/external/cm/22240,https://www.tcggo.com/external/tcgplayer/22240,Energy Recycler,Energy Recycler 164,0.08,0.07,13090,EUR,[],,,,,,,,,,,0.03,0.02,0.02,0.02,0.02,0.02,0.02,0.02,0.02,0.02,,,,,,,,,,,,,,,,,,,,,,,,,,,,,,,,,,,,,,,,,,EUR,0.23,0.19,Uncommon,energy-recycler,Trainer,https://www.tcggo.com/pokemon/destined-rivals/energy-recycler-164,sv10-164,632966,singles
2026-08-23T17:19:56+02:00,,780,Iori Suzuki,iori-suzuki,DRI 165,165,826039,182,244,DRI,Pokémon,pokemon,221,https://images.tcggo.com/tcggo/storage/22104/destined-rivals-logo.png,Destined Rivals,EUR,1669.96,EUR,1598.93,2025-05-30,1,Scarlet & Violet,scarlet-violet,destined-rivals,0,22241,https://images.tcggo.com/tcggo/storage/22270/ethans-adventure-dri-165-destined-rivals.png,https://www.tcggo.com/external/cm/22241,https://www.tcggo.com/external/tcgplayer/22241,Ethan's Adventure,Ethan's Adventure 165,0.08,0.06,12322,EUR,[],,,,,,,,,,,0.03,0.02,0.02,0.02,0.02,0.02,0.02,0.02,0.02,0.02,,,,,,,,,,,,,,,,,,,,,,,,,,,,,,,,,,,,,,,,,,EUR,0.18,0.17,Uncommon,ethans-adventure,Trainer,https://www.tcggo.com/pokemon/destined-rivals/ethans-adventure-165,sv10-165,632967,singles
2026-08-23T17:19:56+02:00,,453,AYUMI ODASHIMA,ayumi-odashima,DRI 166,166,826040,182,244,DRI,Pokémon,pokemon,221,https://images.tcggo.com/tcggo/storage/22104/destined-rivals-logo.png,Destined Rivals,EUR,1669.96,EUR,1598.93,2025-05-30,1,Scarlet & Violet,scarlet-violet,destined-rivals,0,22242,https://images.tcggo.com/tcggo/storage/22271/granite-cave-dri-166-destined-rivals.png,https://www.tcggo.com/external/cm/22242,https://www.tcggo.com/external/tcgplayer/22242,Granite Cave,Granite Cave 166,0.04,0.05,16595,EUR,[],,,,,,,,,,,0.02,0.02,0.02,0.02,0.02,0.02,0.02,0.02,0.02,0.02,,,,,,,,,,,,,,,,,,,,,,,,,,,,,,,,,,,,,,,,,,EUR,0.21,0.1,Uncommon,granite-cave,Trainer,https://www.tcggo.com/pokemon/destined-rivals/granite-cave-166,sv10-166,632968,singles
2026-08-23T17:19:56+02:00,,454,kantaro,kantaro,DRI 167,167,826041,182,244,DRI,Pokémon,pokemon,221,https://images.tcggo.com/tcggo/storage/22104/destined-rivals-logo.png,Destined Rivals,EUR,1669.96,EUR,1598.93,2025-05-30,1,Scarlet & Violet,scarlet-violet,destined-rivals,0,22243,https://images.tcggo.com/tcggo/storage/22272/judge-dri-167-destined-rivals.png,https://www.tcggo.com/external/cm/22243,https://www.tcggo.com/external/tcgplayer/22243,Judge,Judge 167,0.1,0.14,6106,EUR,[],,,,,,,,,,,0.02,0.02,0.02,0.02,0.02,0.02,0.02,0.02,0.02,0.02,,,,,,,,,,,,,,,,,,,,,,,,,,,,,,,,,,,,,,,,,,EUR,0.18,0.2,Uncommon,judge,Trainer,https://www.tcggo.com/pokemon/destined-rivals/judge-167,sv10-167,632969,singles
2026-08-23T17:19:56+02:00,,457,Eske Yoshinob,eske-yoshinob,DRI 168,168,274422,182,244,DRI,Pokémon,pokemon,221,https://images.tcggo.com/tcggo/storage/22104/destined-rivals-logo.png,Destined Rivals,EUR,1669.96,EUR,1598.93,2025-05-30,1,Scarlet & Violet,scarlet-violet,destined-rivals,0,22244,https://images.tcggo.com/tcggo/storage/22273/sacred-ash-dri-168-destined-rivals.png,https://www.tcggo.com/external/cm/22244,https://www.tcggo.com/external/tcgplayer/22244,Sacred Ash,Sacred Ash 168,2.8,1.78,582,EUR,[],,,,,,,,,,,0.03,0.02,0.02,0.02,0.02,0.02,0.02,0.02,0.02,0.02,,,,,,,,,,,,,,,,,,,,,,,,,,,,,,,,,,,,,,,,,,EUR,0.26,0.17,Uncommon,sacred-ash,Trainer,https://www.tcggo.com/pokemon/destined-rivals/sacred-ash-168,sv10-168,632970,singles
2026-08-23T17:19:56+02:00,,453,AYUMI ODASHIMA,ayumi-odashima,DRI 169,169,826043,182,244,DRI,Pokémon,pokemon,221,https://images.tcggo.com/tcggo/storage/22104/destined-rivals-logo.png,Destined Rivals,EUR,1669.96,EUR,1598.93,2025-05-30,1,Scarlet & Violet,scarlet-violet,destined-rivals,0,22245,https://images.tcggo.com/tcggo/storage/22274/spikemuth-gym-dri-169-destined-rivals.png,https://www.tcggo.com/external/cm/22245,https://www.tcggo.com/external/tcgplayer/22245,Spikemuth Gym,Spikemuth Gym 169,0.05,0.05,10202,EUR,[],,,,,,,,,,,0.03,0.02,0.02,0.02,0.02,0.02,0.02,0.02,0.02,0.02,,,,,,,,,,,,,,,,,,,,,,,,,,,,,,,,,,,,,,,,,,EUR,0.26,0.14,Uncommon,spikemuth-gym,Trainer,https://www.tcggo.com/pokemon/destined-rivals/spikemuth-gym-169,sv10-169,630829,singles
2026-08-23T17:19:56+02:00,,456,Hideki Ishikawa,hideki-ishikawa,DRI 170,170,826044,182,244,DRI,Pokémon,pokemon,221,https://images.tcggo.com/tcggo/storage/22104/destined-rivals-logo.png,Destined Rivals,EUR,1669.96,EUR,1598.93,2025-05-30,1,Scarlet & Violet,scarlet-violet,destined-rivals,0,22246,https://images.tcggo.com/tcggo/storage/22275/team-rockets-archer-dri-170-destined-rivals.png,https://www.tcggo.com/external/cm/22246,https://www.tcggo.com/external/tcgplayer/22246,Team Rocket's Archer,Team Rocket's Archer 170,0.08,0.08,9399,EUR,[],,,,,,,,,,,0.03,0.02,0.02,0.02,0.02,0.02,0.02,0.02,0.02,0.02,,,,,,,,,,,,,,,,,,,,,,,,,,,,,,,,,,,,,,,,,,EUR,0.28,0.17,Uncommon,team-rockets-archer,Trainer,https://www.tcggo.com/pokemon/destined-rivals/team-rockets-archer-170,sv10-170,632971,singles
2026-08-23T17:19:56+02:00,,462,hncl,hncl,DRI 171,171,826045,182,244,DRI,Pokémon,pokemon,221,https://images.tcggo.com/tcggo/storage/22104/destined-rivals-logo.png,Destined Rivals,EUR,1669.96,EUR,1598.93,2025-05-30,1,Scarlet & Violet,scarlet-violet,destined-rivals,0,22247,https://images.tcggo.com/tcggo/storage/22276/team-rockets-ariana-dri-171-destined-rivals.png,https://www.tcggo.com/external/cm/22247,https://www.tcggo.com/external/tcgplayer/22247,Team Rocket's Ariana,Team Rocket's Ariana 171,0.08,0.08,7910,EUR,[],,,,,,,,,,,0.03,0.02,0.02,0.02,0.02,0.02,0.02,0.02,0.02,0.02,,,,,,,,,,,,,,,,,,,,,,,,,,,,,,,,,,,,,,,,,,EUR,0.29,0.17,Uncommon,team-rockets-ariana,Trainer,https://www.tcggo.com/pokemon/destined-rivals/team-rockets-ariana-171,sv10-171,632972,singles
2026-08-23T17:19:56+02:00,,458,Toyste Beach,toyste-beach,DRI 172,172,826046,182,244,DRI,Pokémon,pokemon,221,https://images.tcggo.com/tcggo/storage/22104/destined-rivals-logo.png,Destined Rivals,EUR,1669.96,EUR,1598.93,2025-05-30,1,Scarlet & Violet,scarlet-violet,destined-rivals,0,22248,https://images.tcggo.com/tcggo/storage/22277/team-rockets-bother-bot-dri-172-destined-rivals.png,https://www.tcggo.com/external/cm/22248,https://www.tcggo.com/external/tcgplayer/22248,Team Rocket's Bother-Bot,Team Rocket's Bother-Bot 172,0.03,0.03,12800,EUR,[],,,,,,,,,,,0.03,0.02,0.02,0.02,0.02,0.02,0.02,0.02,0.02,0.02,,,,,,,,,,,,,,,,,,,,,,,,,,,,,,,,,,,,,,,,,,EUR,0.25,0.11,Uncommon,team-rockets-bother-bot,Trainer,https://www.tcggo.com/pokemon/destined-rivals/team-rockets-bother-bot-172,sv10-172,632973,singles
2026-08-23T17:19:56+02:00,,781,imoniii,imoniii,DRI 173,173,826047,182,244,DRI,Pokémon,pokemon,221,https://images.tcggo.com/tcggo/storage/22104/destined-rivals-logo.png,Destined Rivals,EUR,1669.96,EUR,1598.93,2025-05-30,1,Scarlet & Violet,scarlet-violet,destined-rivals,0,22249,https://images.tcggo.com/tcggo/storage/22278/team-rockets-factory-dri-173-destined-rivals.png,https://www.tcggo.com/external/cm/22249,https://www.tcggo.com/external/tcgplayer/22249,Team Rocket's Factory,Team Rocket's Factory 173,0.1,0.08,8529,EUR,[],,,,,,,,,,,0.03,0.02,0.02,0.02,0.02,0.02,0.02,0.02,0.02,0.02,,,,,,,,,,,,,,,,,,,,,,,,,,,,,,,,,,,,,,,,,,EUR,0.28,0.17,Uncommon,team-rockets-factory,Trainer,https://www.tcggo.com/pokemon/destined-rivals/team-rockets-factory-173,sv10-173,632974,singles
2026-08-23T17:19:56+02:00,,430,akagi,akagi,DRI 174,174,826048,182,244,DRI,Pokémon,pokemon,221,https://images.tcggo.com/tcggo/storage/22104/destined-rivals-logo.png,Destined Rivals,EUR,1669.96,EUR,1598.93,2025-05-30,1,Scarlet & Violet,scarlet-violet,destined-rivals,0,22250,https://images.tcggo.com/tcggo/storage/22279/team-rockets-giovanni-dri-174-destined-rivals.png,https://www.tcggo.com/external/cm/22250,https://www.tcggo.com/external/tcgplayer/22250,Team Rocket's Giovanni,Team Rocket's Giovanni 174,0.09,0.06,7969,EUR,[],,,,,,,,,,,0.02,0.02,0.02,0.02,0.02,0.02,0.02,0.02,0.02,0.02,,,,,,,,,,,,,,,,,,,,,,,,,,,,,,,,,,,,,,,,,,EUR,0.32,0.17,Uncommon,team-rockets-giovanni,Trainer,https://www.tcggo.com/pokemon/destined-rivals/team-rockets-giovanni-174,sv10-174,630830,singles
2026-08-23T17:19:56+02:00,,458,Toyste Beach,toyste-beach,DRI 175,175,826049,182,244,DRI,Pokémon,pokemon,221,https://images.tcggo.com/tcggo/storage/22104/destined-rivals-logo.png,Destined Rivals,EUR,1669.96,EUR,1598.93,2025-05-30,1,Scarlet & Violet,scarlet-violet,destined-rivals,0,22251,https://images.tcggo.com/tcggo/storage/22280/team-rockets-great-ball-dri-175-destined-rivals.png,https://www.tcggo.com/external/cm/22251,https://www.tcggo.com/external/tcgplayer/22251,Team Rocket's Great Ball,Team Rocket's Great Ball 175,0.04,0.04,11803,EUR,[],,,,,,,,,,,0.02,0.02,0.02,0.02,0.02,0.02,0.02,0.02,0.02,0.02,,,,,,,,,,,,,,,,,,,,,,,,,,,,,,,,,,,,,,,,,,EUR,0.26,0.16,Uncommon,team-rockets-great-ball,Trainer,https://www.tcggo.com/pokemon/destined-rivals/team-rockets-great-ball-175,sv10-175,632975,singles
2026-08-23T17:19:56+02:00,,373,GOSSAN,gossan,DRI 176,176,826050,182,244,DRI,Pokémon,pokemon,221,https://images.tcggo.com/tcggo/storage/22104/destined-rivals-logo.png,Destined Rivals,EUR,1669.96,EUR,1598.93,2025-05-30,1,Scarlet & Violet,scarlet-violet,destined-rivals,0,22252,https://images.tcggo.com/tcggo/storage/22281/team-rockets-petrel-dri-176-destined-rivals.png,https://www.tcggo.com/external/cm/22252,https://www.tcggo.com/external/tcgplayer/22252,Team Rocket's Petrel,Team Rocket's Petrel 176,0.3,0.27,3250,EUR,[],,,,,,,,,,,0.02,0.02,0.02,0.02,0.02,0.02,0.02,0.02,0.02,0.02,,,,,,,,,,,,,,,,,,,,,,,,,,,,,,,,,,,,,,,,,,EUR,0.55,0.21,Uncommon,team-rockets-petrel,Trainer,https://www.tcggo.com/pokemon/destined-rivals/team-rockets-petrel-176,sv10-176,632976,singles
2026-08-23T17:19:56+02:00,,463,Naoki Saito,naoki-saito,DRI 177,177,826051,182,244,DRI,Pokémon,pokemon,221,https://images.tcggo.com/tcggo/storage/22104/destined-rivals-logo.png,Destined Rivals,EUR,1669.96,EUR,1598.93,2025-05-30,1,Scarlet & Violet,scarlet-violet,destined-rivals,0,22253,https://images.tcggo.com/tcggo/storage/22282/team-rockets-proton-dri-177-destined-rivals.png,https://www.tcggo.com/external/cm/22253,https://www.tcggo.com/external/tcgplayer/22253,Team Rocket's Proton,Team Rocket's Proton 177,0.08,0.06,8838,EUR,[],,,,,,,,,,,0.03,0.02,0.02,0.02,0.02,0.02,0.02,0.02,0.02,0.02,,,,,,,,,,,,,,,,,,,,,,,,,,,,,,,,,,,,,,,,,,EUR,0.32,0.17,Uncommon,team-rockets-proton,Trainer,https://www.tcggo.com/pokemon/destined-rivals/team-rockets-proton-177,sv10-177,632977,singles
2026-08-23T17:19:56+02:00,,464,inose yukie,inose-yukie,DRI 178,178,826052,182,244,DRI,Pokémon,pokemon,221,https://images.tcggo.com/tcggo/storage/22104/destined-rivals-logo.png,Destined Rivals,EUR,1669.96,EUR,1598.93,2025-05-30,1,Scarlet & Violet,scarlet-violet,destined-rivals,0,22254,https://images.tcggo.com/tcggo/storage/22283/team-rockets-transceiver-dri-178-destined-rivals.png,https://www.tcggo.com/external/cm/22254,https://www.tcggo.com/external/tcgplayer/22254,Team Rocket's Transceiver,Team Rocket's Transceiver 178,0.12,0.12,6999,EUR,[],,,,,,,,,,,0.03,0.02,0.02,0.02,0.02,0.02,0.02,0.02,0.02,0.02,,,,,,,,,,,,,,,,,,,,,,,,,,,,,,,,,,,,,,,,,,EUR,0.6,0.18,Uncommon,team-rockets-transceiver,Trainer,https://www.tcggo.com/pokemon/destined-rivals/team-rockets-transceiver-178,sv10-178,632978,singles
2026-08-23T17:19:56+02:00,,458,Toyste Beach,toyste-beach,DRI 179,179,826053,182,244,DRI,Pokémon,pokemon,221,https://images.tcggo.com/tcggo/storage/22104/destined-rivals-logo.png,Destined Rivals,EUR,1669.96,EUR,1598.93,2025-05-30,1,Scarlet & Violet,scarlet-violet,destined-rivals,0,22255,https://images.tcggo.com/tcggo/storage/22284/team-rockets-venture-bomb-dri-179-destined-rivals.png,https://www.tcggo.com/external/cm/22255,https://www.tcggo.com/external/tcgplayer/22255,Team Rocket's Venture Bomb,Team Rocket's Venture Bomb 179,0.04,0.03,11164,EUR,[],,,,,,,,,,,0.02,0.02,0.02,0.02,0.02,0.02,0.02,0.02,0.02,0.02,,,,,,,,,,,,,,,,,,,,,,,,,,,,,,,,,,,,,,,,,,EUR,0.24,0.17,Uncommon,team-rockets-venture-bomb,Trainer,https://www.tcggo.com/pokemon/destined-rivals/team-rockets-venture-bomb-179,sv10-179,632979,singles
2026-08-23T17:19:56+02:00,,453,AYUMI ODASHIMA,ayumi-odashima,DRI 180,180,826054,182,244,DRI,Pokémon,pokemon,221,https://images.tcggo.com/tcggo/storage/22104/destined-rivals-logo.png,Destined Rivals,EUR,1669.96,EUR,1598.93,2025-05-30,1,Scarlet & Violet,scarlet-violet,destined-rivals,0,22256,https://images.tcggo.com/tcggo/storage/22285/team-rockets-watchtower-dri-180-destined-rivals.png,https://www.tcggo.com/external/cm/22256,https://www.tcggo.com/external/tcgplayer/22256,Team Rocket's Watchtower,Team Rocket's Watchtower 180,0.11,0.1,7861,EUR,[],,,,,,,,,,,0.03,0.02,0.02,0.02,0.02,0.02,0.02,0.02,0.02,0.02,,,,,,,,,,,,,,,,,,,,,,,,,,,,,,,,,,,,,,,,,,EUR,0.26,0.21,Uncommon,team-rockets-watchtower,Trainer,https://www.tcggo.com/pokemon/destined-rivals/team-rockets-watchtower-180,sv10-180,632980,singles
2026-08-23T17:19:56+02:00,,461,Studio Bora Inc.,studio-bora-inc,DRI 181,181,826055,182,244,DRI,Pokémon,pokemon,221,https://images.tcggo.com/tcggo/storage/22104/destined-rivals-logo.png,Destined Rivals,EUR,1669.96,EUR,1598.93,2025-05-30,1,Scarlet & Violet,scarlet-violet,destined-rivals,0,22257,https://images.tcggo.com/tcggo/storage/22286/tm-machine-dri-181-destined-rivals.png,https://www.tcggo.com/external/cm/22257,https://www.tcggo.com/external/tcgplayer/22257,TM Machine,TM Machine 181,0.06,0.05,5764,EUR,[],,,,,,,,,,,0.02,0.02,0.02,0.02,0.02,0.02,0.02,0.02,0.02,0.02,,,,,,,,,,,,,,,,,,,,,,,,,,,,,,,,,,,,,,,,,,EUR,0.25,0.16,Uncommon,tm-machine,Trainer,https://www.tcggo.com/pokemon/destined-rivals/tm-machine-181,sv10-181,632981,singles
2026-08-23T17:19:56+02:00,,,,,DRI 182,182,826056,182,244,DRI,Pokémon,pokemon,221,https://images.tcggo.com/tcggo/storage/22104/destined-rivals-logo.png,Destined Rivals,EUR,1669.96,EUR,1598.93,2025-05-30,1,Scarlet & Violet,scarlet-violet,destined-rivals,0,22258,https://images.tcggo.com/tcggo/storage/22287/team-rockets-energy-dri-182-destined-rivals.png,https://www.tcggo.com/external/cm/22258,https://www.tcggo.com/external/tcgplayer/22258,Team Rocket's Energy,Team Rocket's Energy 182,0.22,0.2,3209,EUR,[],,,,,,,,,,,0.03,0.02,0.02,0.02,0.02,0.02,0.02,0.02,0.02,0.02,,,,,,,,,,,,,,,,,,,,,,,,,,,,,,,,,,,,,,,,,,EUR,0.5,0.24,Uncommon,team-rockets-energy,Energy,https://www.tcggo.com/pokemon/destined-rivals/team-rockets-energy-182,sv10-182,632982,singles
2026-08-23T17:19:56+02:00,,772,Ayako Ozaki,ayako-ozaki,DRI 183,183,826057,182,244,DRI,Pokémon,pokemon,221,https://images.tcggo.com/tcggo/storage/22104/destined-rivals-logo.png,Destined Rivals,EUR,1669.96,EUR,1598.93,2025-05-30,1,Scarlet & Violet,scarlet-violet,destined-rivals,70,22259,https://images.tcggo.com/tcggo/storage/22288/yanma-dri-183-destined-rivals.png,https://www.tcggo.com/external/cm/22259,https://www.tcggo.com/external/tcgplayer/22259,Yanma,Yanma 183,3.72,3.65,647,EUR,[],,,,,,,,,,,2.98,2.72,2.72,2.75,2.75,2.98,4,4.45,1.5,1.5,USD,,,,,,,,,,,,,,,15,3,,,,,,,59.99,5,,,9.5,5,17,5,,,69,1,,,,,23,1,EUR,3.62,3.15,Illustration Rare,yanma,Pokémon,https://www.tcggo.com/pokemon/destined-rivals/yanma-183,sv10-183,632983,singles
2026-08-23T17:19:56+02:00,,403,rika,rika,DRI 184,184,826058,182,244,DRI,Pokémon,pokemon,221,https://images.tcggo.com/tcggo/storage/22104/destined-rivals-logo.png,Destined Rivals,EUR,1669.96,EUR,1598.93,2025-05-30,1,Scarlet & Violet,scarlet-violet,destined-rivals,130,22260,https://images.tcggo.com/tcggo/storage/22289/cynthias-roserade-dri-184-destined-rivals.png,https://www.tcggo.com/external/cm/22260,https://www.tcggo.com/external/tcgplayer/22260,Cynthia's Roserade,Cynthia's Roserade 184,10.76,10.06,739,EUR,,,,,,99,,,189,25,45,11.5,8.3,8.3,8.89,8.89,11.5,18,18,4.3,4.3,USD,44.6,5,,,,,18.6,5,,,,,18.06,2,40.21,5,,,,,12.68,5,134.02,5,15.93,4,13.4,5,24.12,5,,,123.8,5,,,,,26.8,5,EUR,11.26,11.16,Illustration Rare,cynthias-roserade,Pokémon,https://www.tcggo.com/pokemon/destined-rivals/cynthias-roserade-184,sv10-184,632984,singles
2026-08-23T17:19:56+02:00,,782,Heisuke Kitazawa,heisuke-kitazawa,DRI 185,185,826059,182,244,DRI,Pokémon,pokemon,221,https://images.tcggo.com/tcggo/storage/22104/destined-rivals-logo.png,Destined Rivals,EUR,1669.96,EUR,1598.93,2025-05-30,1,Scarlet & Violet,scarlet-violet,destined-rivals,80,22261,https://images.tcggo.com/tcggo/storage/22290/shaymin-dri-185-destined-rivals.png,https://www.tcggo.com/external/cm/22261,https://www.tcggo.com/external/tcgplayer/22261,Shaymin,Shaymin 185,7.59,7.36,588,EUR,,,,,,45,,,139,,45,9.9,6.5,6.5,8.3,8.3,9.9,7.37,7.37,3,3,USD,47,5,,,19.77,1,17.02,5,,,,,,,44.6,5,,,2.42,1,10.41,2,107.05,5,11.15,2,14.38,5,19.63,5,,,111.51,5,,,,,15.05,3,EUR,10.02,8.76,Illustration Rare,shaymin,Pokémon,https://www.tcggo.com/pokemon/destined-rivals/shaymin-185,sv10-185,632985,singles
2026-08-23T17:19:56+02:00,,388,Takumi Wada,takumi-wada,DRI 186,186,826060,182,244,DRI,Pokémon,pokemon,221,https://images.tcggo.com/tcggo/storage/22104/destined-rivals-logo.png,Destined Rivals,EUR,1669.96,EUR,1598.93,2025-05-30,1,Scarlet & Violet,scarlet-violet,destined-rivals,150,22262,https://images.tcggo.com/tcggo/storage/22291/crustle-dri-186-destined-rivals.png,https://www.tcggo.com/external/cm/22262,https://www.tcggo.com/external/tcgplayer/22262,Crustle,Crustle 186,2.33,2,743,EUR,,,,,,19,,,70,,25,2,1.4,1.4,2.9,2.9,2.45,3,3,0.88,0.88,,,,,,,,,,,,,,,,,,,,,,,,,,,,,,,,,,,,,,,,,,EUR,2.24,2.56,Illustration Rare,crustle,Pokémon,https://www.tcggo.com/pokemon/destined-rivals/crustle-186,sv10-186,632986,singles
2026-08-23T17:19:56+02:00,,536,NC Empire,nc-empire,DRI 187,187,826062,182,244,DRI,Pokémon,pokemon,221,https://images.tcggo.com/tcggo/storage/22104/destined-rivals-logo.png,Destined Rivals,EUR,1669.96,EUR,1598.93,2025-05-30,1,Scarlet & Violet,scarlet-violet,destined-rivals,130,22263,https://images.tcggo.com/tcggo/storage/22292/team-rockets-spidops-dri-187-destined-rivals.png,https://www.tcggo.com/external/cm/22263,https://www.tcggo.com/external/tcgplayer/22263,Team Rocket's Spidops,Team Rocket's Spidops 187,3.54,3.36,733,EUR,,,,,,,,,100,,,2.2,2,2,3,3,2.2,4.95,5,1.8,1.8,,,,,,,,,,,,,,,,,,,,,,,,,,,,,,,,,,,,,,,,,,EUR,4.33,5.56,Illustration Rare,team-rockets-spidops,Pokémon,https://www.tcggo.com/pokemon/destined-rivals/team-rockets-spidops-187,sv10-187,632987,singles
2026-08-23T17:19:56+02:00,,386,Jerky,jerky,DRI 188,188,826061,182,244,DRI,Pokémon,pokemon,221,https://images.tcggo.com/tcggo/storage/22104/destined-rivals-logo.png,Destined Rivals,EUR,1669.96,EUR,1598.93,2025-05-30,1,Scarlet & Violet,scarlet-violet,destined-rivals,170,22264,https://images.tcggo.com/tcggo/storage/22293/hydrapple-dri-188-destined-rivals.png,https://www.tcggo.com/external/cm/22264,https://www.tcggo.com/external/tcgplayer/22264,Hydrapple,Hydrapple 188,2.51,2.23,770,EUR,,,,,,,39,,75,,25,1.99,1.75,1.75,1.99,1.99,1.99,2.5,2.5,0.6,0.6,,,,,,,,,,,,,,,,,,,,,,,,,,,,,,,,,,,,,,,,,,EUR,3.46,2.95,Illustration Rare,hydrapple,Pokémon,https://www.tcggo.com/pokemon/destined-rivals/hydrapple-188,sv10-188,632988,singles
2026-08-23T17:19:56+02:00,,390,Rond,rond,DRI 189,189,826063,182,244,DRI,Pokémon,pokemon,221,https://images.tcggo.com/tcggo/storage/22104/destined-rivals-logo.png,Destined Rivals,EUR,1669.96,EUR,1598.93,2025-05-30,1,Scarlet & Violet,scarlet-violet,destined-rivals,110,22265,https://images.tcggo.com/tcggo/storage/22294/rapidash-dri-189-destined-rivals.png,https://www.tcggo.com/external/cm/22265,https://www.tcggo.com/external/tcgplayer/22265,Rapidash,Rapidash 189,7.16,6.2,619,EUR,,,,,,,,,155,,39,8,5.9,5.9,4.99,4.99,8.99,8.5,8.5,1.8,1.8,USD,58.98,5,,,18.99,3,21.17,5,,,,,22.12,3,44.19,5,,,,,10.5,5,111.51,5,13.39,1,17.69,5,19.4,5,,,97.31,5,,,,,24.1,5,EUR,7.71,6.68,Illustration Rare,rapidash,Pokémon,https://www.tcggo.com/pokemon/destined-rivals/rapidash-189,sv10-189,632989,singles
2026-08-23T17:19:56+02:00,,459,GIDORA,gidora,DRI 190,190,826064,182,244,DRI,Pokémon,pokemon,221,https://images.tcggo.com/tcggo/storage/22104/destined-rivals-logo.png,Destined Rivals,EUR,1669.96,EUR,1598.93,2025-05-30,1,Scarlet & Violet,scarlet-violet,destined-rivals,170,22266,https://images.tcggo.com/tcggo/storage/22295/ethans-typhlosion-dri-190-destined-rivals.png,https://www.tcggo.com/external/cm/22266,https://www.tcggo.com/external/tcgplayer/22266,Ethan's Typhlosion,Ethan's Typhlosion 190,22.96,20.69,701,EUR,,,,,,79,,,395,35,54,21.71,16,16,18.95,18.95,26,39,39,11.99,11.99,USD,85.32,5,,,20.83,3,24.73,5,,,,,56.07,5,85.23,5,,,19,1,24.22,5,251.2,5,15.79,4,21.25,5,35.89,5,89.87,2,270.82,5,,,,,53.82,5,EUR,22.5,22.91,Illustration Rare,ethans-typhlosion,Pokémon,https://www.tcggo.com/pokemon/destined-rivals/ethans-typhlosion-190,sv10-190,632990,singles
2026-08-23T17:19:56+02:00,,405,nagimiso,nagimiso,DRI 191,191,826065,182,244,DRI,Pokémon,pokemon,221,https://images.tcggo.com/tcggo/storage/22104/destined-rivals-logo.png,Destined Rivals,EUR,1669.96,EUR,1598.93,2025-05-30,1,Scarlet & Violet,scarlet-violet,destined-rivals,130,22267,https://images.tcggo.com/tcggo/storage/22296/team-rockets-houndoom-dri-191-destined-rivals.png,https://www.tcggo.com/external/cm/22267,https://www.tcggo.com/external/tcgplayer/22267,Team Rocket's Houndoom,Team Rocket's Houndoom 191,12.2,10.65,775,EUR,,,,,,44,,,180,30,39,12.9,8,8,7.45,7.45,12.9,19.5,19.5,4.94,4.94,USD,64.47,5,,,14.8,5,19.13,5,,,13.38,1,24.98,3,50.84,5,,,,,12.27,5,133.81,5,15.43,2,21.41,5,20.74,5,50,1,150.76,5,,,,,24.98,5,EUR,10.85,12.76,Illustration Rare,team-rockets-houndoom,Pokémon,https://www.tcggo.com/pokemon/destined-rivals/team-rockets-houndoom-191,sv10-191,632991,singles
2026-08-23T17:19:56+02:00,,414,kodama,kodama,DRI 192,192,826066,182,244,DRI,Pokémon,pokemon,221,https://images.tcggo.com/tcggo/storage/22104/destined-rivals-logo.png,Destined Rivals,EUR,1669.96,EUR,1598.93,2025-05-30,1,Scarlet & Violet,scarlet-violet,destined-rivals,170,22268,https://images.tcggo.com/tcggo/storage/22297/blaziken-dri-192-destined-rivals.png,https://www.tcggo.com/external/cm/22268,https://www.tcggo.com/external/tcgplayer/22268,Blaziken,Blaziken 192,9.72,8.94,668,EUR,,45,,,,,,,169,,45,9,6.99,6.99,8.9,8.9,9,19.97,19.97,4.8,4.8,USD,49.55,5,,,,,15.96,5,,,,,,,49.06,5,,,0.74,1,12,3,177.51,5,11.6,1,12.27,5,16.35,5,,,115.97,5,,,,,20.52,5,EUR,8.41,9.57,Illustration Rare,blaziken,Pokémon,https://www.tcggo.com/pokemon/destined-rivals/blaziken-192,sv10-192,632992,singles
2026-08-23T17:19:56+02:00,,394,OKACHEKE,okacheke,DRI 193,193,826067,182,244,DRI,Pokémon,pokemon,221,https://images.tcggo.com/tcggo/storage/22104/destined-rivals-logo.png,Destined Rivals,EUR,1669.96,EUR,1598.93,2025-05-30,1,Scarlet & Violet,scarlet-violet,destined-rivals,70,22269,https://images.tcggo.com/tcggo/storage/22298/mistys-psyduck-dri-193-destined-rivals.png,https://www.tcggo.com/external/cm/22269,https://www.tcggo.com/external/tcgplayer/22269,Misty's Psyduck,Misty's Psyduck 193,52.81,50.49,663,EUR,,200,,,,90,,,420,,100,56.81,41.99,41.99,30,30,61.99,60,60,23.95,23.95,USD,142.5,5,43.64,1,42.3,1,50.1,5,,,,,70.56,5,160.56,5,,,,,54.56,5,344.85,5,47,4,52.7,5,70.56,5,,,286.64,5,,,47.5,1,70.55,5,EUR,53.04,51.64,Illustration Rare,mistys-psyduck,Pokémon,https://www.tcggo.com/pokemon/destined-rivals/mistys-psyduck-193,sv10-193,632993,singles
2026-08-23T17:19:56+02:00,,365,Orca,orca,DRI 194,194,826068,182,244,DRI,Pokémon,pokemon,221,https://images.tcggo.com/tcggo/storage/22104/destined-rivals-logo.png,Destined Rivals,EUR,1669.96,EUR,1598.93,2025-05-30,1,Scarlet & Violet,scarlet-violet,destined-rivals,110,22270,https://images.tcggo.com/tcggo/storage/22299/mistys-lapras-dri-194-destined-rivals.png,https://www.tcggo.com/external/cm/22270,https://www.tcggo.com/external/tcgplayer/22270,Misty's Lapras,Misty's Lapras 194,26.82,26.56,668,EUR,,,,,,,,,370,50,60,25,23,23,19.75,19.75,25,29,29,11.79,11.79,USD,91.52,5,,,25.38,5,32,5,,,,,37.2,4,111.77,5,,,,,26.8,5,238.25,5,26.84,5,26.8,5,37.74,5,,,214.43,5,,,26.06,3,59.23,5,EUR,28.44,25.71,Illustration Rare,mistys-lapras,Pokémon,https://www.tcggo.com/pokemon/destined-rivals/mistys-lapras-194,sv10-194,632994,singles
2026-08-23T17:19:56+02:00,,783,Mori Yuu,mori-yuu,DRI 195,195,826069,182,244,DRI,Pokémon,pokemon,221,https://images.tcggo.com/tcggo/storage/22104/destined-rivals-logo.png,Destined Rivals,EUR,1669.96,EUR,1598.93,2025-05-30,1,Scarlet & Violet,scarlet-violet,destined-rivals,60,22271,https://images.tcggo.com/tcggo/storage/22300/clamperl-dri-195-destined-rivals.png,https://www.tcggo.com/external/cm/22271,https://www.tcggo.com/external/tcgplayer/22271,Clamperl,Clamperl 195,3.05,2.91,777,EUR,,,,,,,,,160,,35,1.5,2.48,2.48,2,2,1.5,3.7,3.7,1.14,1.14,,,,,,,,,,,,,,,,,,,,,,,,,,,,,,,,,,,,,,,,,,EUR,4.55,2.89,Illustration Rare,clamperl,Pokémon,https://www.tcggo.com/pokemon/destined-rivals/clamperl-195,sv10-195,632995,singles
2026-08-23T17:19:56+02:00,,784,Nakamura Ippan,nakamura-ippan,DRI 196,196,826070,182,244,DRI,Pokémon,pokemon,221,https://images.tcggo.com/tcggo/storage/22104/destined-rivals-logo.png,Destined Rivals,EUR,1669.96,EUR,1598.93,2025-05-30,1,Scarlet & Violet,scarlet-violet,destined-rivals,60,22272,https://images.tcggo.com/tcggo/storage/22301/electrike-dri-196-destined-rivals.png,https://www.tcggo.com/external/cm/22272,https://www.tcggo.com/external/tcgplayer/22272,Electrike,Electrike 196,2.71,2.64,750,EUR,,,,,,,35,,69,,,3,1.9,1.9,1.99,1.99,3,3.99,3.99,0.95,0.95,,,,,,,,,,,,,,,,,,,,,,,,,,,,,,,,,,,,,,,,,,EUR,2.68,2.56,Illustration Rare,electrike,Pokémon,https://www.tcggo.com/pokemon/destined-rivals/electrike-196,sv10-196,632996,singles
2026-08-23T17:19:56+02:00,,412,Taiga Kayama,taiga-kayama,DRI 197,197,826071,182,244,DRI,Pokémon,pokemon,221,https://images.tcggo.com/tcggo/storage/22104/destined-rivals-logo.png,Destined Rivals,EUR,1669.96,EUR,1598.93,2025-05-30,1,Scarlet & Violet,scarlet-violet,destined-rivals,60,22273,https://images.tcggo.com/tcggo/storage/22302/rotom-dri-197-destined-rivals.png,https://www.tcggo.com/external/cm/22273,https://www.tcggo.com/external/tcgplayer/22273,Rotom,Rotom 197,2.65,2.44,898,EUR,,,,,,,,,90,,22,2.5,1.5,1.5,2.2,2.2,2.5,3,3,0.69,0.69,,,,,,,,,,,,,,,,,,,,,,,,,,,,,,,,,,,,,,,,,,EUR,3.38,3.41,Illustration Rare,rotom,Pokémon,https://www.tcggo.com/pokemon/destined-rivals/rotom-197,sv10-197,632997,singles
2026-08-23T17:19:56+02:00,,359,HYOGONOSUKE,hyogonosuke,DRI 198,198,826072,182,244,DRI,Pokémon,pokemon,221,https://images.tcggo.com/tcggo/storage/22104/destined-rivals-logo.png,Destined Rivals,EUR,1669.96,EUR,1598.93,2025-05-30,1,Scarlet & Violet,scarlet-violet,destined-rivals,130,22274,https://images.tcggo.com/tcggo/storage/22303/team-rockets-orbeetle-dri-198-destined-rivals.png,https://www.tcggo.com/external/cm/22274,https://www.tcggo.com/external/tcgplayer/22274,Team Rocket's Orbeetle,Team Rocket's Orbeetle 198,3.22,2.92,803,EUR,,,,,,,,,130,30,29,2.97,2.4,2.4,1.75,1.75,2.97,4.5,4.5,1,1,,,,,,,,,,,,,,,,,,,,,,,,,,,,,,,,,,,,,,,,,,EUR,3.03,3.32,Illustration Rare,team-rockets-orbeetle,Pokémon,https://www.tcggo.com/pokemon/destined-rivals/team-rockets-orbeetle-198,sv10-198,632998,singles
2026-08-23T17:19:56+02:00,,465,Yukihiro Tada,yukihiro-tada,DRI 199,199,826073,182,244,DRI,Pokémon,pokemon,221,https://images.tcggo.com/tcggo/storage/22104/destined-rivals-logo.png,Destined Rivals,EUR,1669.96,EUR,1598.93,2025-05-30,1,Scarlet & Violet,scarlet-violet,destined-rivals,130,22275,https://images.tcggo.com/tcggo/storage/22304/team-rockets-weezing-dri-199-destined-rivals.png,https://www.tcggo.com/external/cm/22275,https://www.tcggo.com/external/tcgplayer/22275,Team Rocket's Weezing,Team Rocket's Weezing 199,8.39,8.27,686,EUR,,,,,,39,50,,30,,44,9,6.99,6.99,5.9,5.9,9,11.45,11.5,3.83,3.83,USD,48.57,5,,,,,20.19,5,,,,,42.39,1,48.32,5,,,,,14.99,5,100.36,5,8,4,17.83,5,17.84,5,,,56.53,5,,,17.84,1,22.29,3,EUR,6.34,6.84,Illustration Rare,team-rockets-weezing,Pokémon,https://www.tcggo.com/pokemon/destined-rivals/team-rockets-weezing-199,sv10-199,632999,singles
2026-08-23T17:19:56+02:00,,426,Akira Komayama,akira-komayama,DRI 200,200,826074,182,244,DRI,Pokémon,pokemon,221,https://images.tcggo.com/tcggo/storage/22104/destined-rivals-logo.png,Destined Rivals,EUR,1669.96,EUR,1598.93,2025-05-30,1,Scarlet & Violet,scarlet-violet,destined-rivals,80,22276,https://images.tcggo.com/tcggo/storage/22305/team-rockets-murkrow-dri-200-destined-rivals.png,https://www.tcggo.com/external/cm/22276,https://www.tcggo.com/external/tcgplayer/22276,Team Rocket's Murkrow,Team Rocket's Murkrow 200,6.83,6.75,704,EUR,,,,,,39,,,150,,,6,6.29,6.29,4.99,4.99,6,7.99,7.99,3,3,USD,44.6,5,,,,,19.77,5,,,,,,,57.28,5,,,3.25,1,12.33,2,107.05,5,,,11.28,5,19.54,5,,,76.2,5,,,,,20,3,EUR,6.96,8.15,Illustration Rare,team-rockets-murkrow,Pokémon,https://www.tcggo.com/pokemon/destined-rivals/team-rockets-murkrow-200,sv10-200,633000,singles
2026-08-23T17:19:56+02:00,,388,Takumi Wada,takumi-wada,DRI 201,201,826064,182,244,DRI,Pokémon,pokemon,221,https://images.tcggo.com/tcggo/storage/22104/destined-rivals-logo.png,Destined Rivals,EUR,1669.96,EUR,1598.93,2025-05-30,1,Scarlet & Violet,scarlet-violet,destined-rivals,130,22277,https://images.tcggo.com/tcggo/storage/22306/zamazenta-dri-201-destined-rivals.png,https://www.tcggo.com/external/cm/22277,https://www.tcggo.com/external/tcgplayer/22277,Zamazenta,Zamazenta 201,3.84,3.71,831,EUR,,,,,,,90,,149,,27,2.5,2,2,2.79,2.79,2.5,6.5,6.5,1,1,USD,,,,,,,,,,,,,19.99,1,29.99,5,,,,,15,1,79.99,5,10.5,2,11.5,5,18.2,5,,,75,3,,,,,,,EUR,4.8,3.58,Illustration Rare,zamazenta,Pokémon,https://www.tcggo.com/pokemon/destined-rivals/zamazenta-201,sv10-201,633001,singles
2026-08-23T17:19:56+02:00,,399,Mékayu,mekayu,DRI 202,202,826076,182,244,DRI,Pokémon,pokemon,221,https://images.tcggo.com/tcggo/storage/22104/destined-rivals-logo.png,Destined Rivals,EUR,1669.96,EUR,1598.93,2025-05-30,1,Scarlet & Violet,scarlet-violet,destined-rivals,90,22278,https://images.tcggo.com/tcggo/storage/22307/team-rockets-raticate-dri-202-destined-rivals.png,https://www.tcggo.com/external/cm/22278,https://www.tcggo.com/external/tcgplayer/22278,Team Rocket's Raticate,Team Rocket's Raticate 202,5.34,5.46,797,EUR,,75,,,,,,,27,,28,6,3.4,3.4,3.39,3.39,6,7,7.5,2.14,2.14,USD,,,,,,,16.79,5,,,,,,,43.73,5,,,,,13.38,3,107.04,5,5.58,1,11.53,5,15.02,5,,,62.17,5,,,,,16.96,1,EUR,4.45,5.14,Illustration Rare,team-rockets-raticate,Pokémon,https://www.tcggo.com/pokemon/destined-rivals/team-rockets-raticate-202,sv10-202,633002,singles
2026-08-23T17:19:56+02:00,,410,Shimaris Yukichi,shimaris-yukichi,DRI 203,203,826077,182,244,DRI,Pokémon,pokemon,221,https://images.tcggo.com/tcggo/storage/22104/destined-rivals-logo.png,Destined Rivals,EUR,1669.96,EUR,1598.93,2025-05-30,1,Scarlet & Violet,scarlet-violet,destined-rivals,70,22279,https://images.tcggo.com/tcggo/storage/22308/team-rockets-meowth-dri-203-destined-rivals.png,https://www.tcggo.com/external/cm/22279,https://www.tcggo.com/external/tcgplayer/22279,Team Rocket's Meowth,Team Rocket's Meowth 203,21.96,21.29,680,EUR,,140,,,,65,235,,275,40,67,22.5,16.98,16.98,15,15,23.4,35,35,10,10,USD,83.25,5,,,13.38,1,29.68,5,,,,,35.69,4,66.9,5,,,15.98,1,35.23,5,245.31,5,,,25.77,5,31.22,5,,,180.22,5,17.84,1,,,42.37,5,EUR,23.7,21.27,Illustration Rare,team-rockets-meowth,Pokémon,https://www.tcggo.com/pokemon/destined-rivals/team-rockets-meowth-203,sv10-203,633003,singles
2026-08-23T17:19:56+02:00,,399,Mékayu,mekayu,DRI 204,204,826078,182,244,DRI,Pokémon,pokemon,221,https://images.tcggo.com/tcggo/storage/22104/destined-rivals-logo.png,Destined Rivals,EUR,1669.96,EUR,1598.93,2025-05-30,1,Scarlet & Violet,scarlet-violet,destined-rivals,120,22280,https://images.tcggo.com/tcggo/storage/22309/kangaskhan-dri-204-destined-rivals.png,https://www.tcggo.com/external/cm/22280,https://www.tcggo.com/external/tcgplayer/22280,Kangaskhan,Kangaskhan 204,8.64,8.55,680,EUR,,,,,,44,64,,150,35,55,8.5,6.99,6.99,6,6,8.5,9.5,9.5,2.8,2.8,USD,57.42,5,,,,,16.79,5,,,,,,,129.34,5,,,,,8.55,2,119.31,5,10.78,5,13.37,5,21.4,5,,,133.81,5,,,,,26.75,5,EUR,9.09,8.85,Illustration Rare,kangaskhan,Pokémon,https://www.tcggo.com/pokemon/destined-rivals/kangaskhan-204-1,sv10-204,633004,singles
2026-08-23T17:19:56+02:00,,528,Natsumi Yoshida,natsumi-yoshida,DRI 205,205,826079,182,244,DRI,Pokémon,pokemon,221,https://images.tcggo.com/tcggo/storage/22104/destined-rivals-logo.png,Destined Rivals,EUR,1669.96,EUR,1598.93,2025-05-30,1,Scarlet & Violet,scarlet-violet,destined-rivals,120,22281,https://images.tcggo.com/tcggo/storage/22310/arvens-greedent-dri-205-destined-rivals.png,https://www.tcggo.com/external/cm/22281,https://www.tcggo.com/external/tcgplayer/22281,Arven's Greedent,Arven's Greedent 205,2.65,2.78,778,EUR,,,,,,,,,70,,40,2,1.9,1.9,3,3,2,3.45,3.5,0.75,0.75,USD,,,,,,,,,,,,,,,25,5,,,,,,,54.27,5,,,,,14.5,5,,,45,1,,,,,,,EUR,2.95,2.85,Illustration Rare,arvens-greedent,Pokémon,https://www.tcggo.com/pokemon/destined-rivals/arvens-greedent-205,sv10-205,633005,singles
2026-08-23T17:19:56+02:00,,490,takuyoa,takuyoa,DRI 206,206,826080,182,244,DRI,Pokémon,pokemon,221,https://images.tcggo.com/tcggo/storage/22104/destined-rivals-logo.png,Destined Rivals,EUR,1669.96,EUR,1598.93,2025-05-30,1,Scarlet & Violet,scarlet-violet,destined-rivals,280,22282,https://images.tcggo.com/tcggo/storage/22311/yanmega-ex-dri-206-destined-rivals.png,https://www.tcggo.com/external/cm/22282,https://www.tcggo.com/external/tcgplayer/22282,Yanmega ex,Yanmega ex 206,1.54,1.27,896,EUR,[],,,,,,,,,,,0.75,0.88,0.88,1.85,1.85,0.99,1.9,1.9,0.39,0.39,,,,,,,,,,,,,,,,,,,,,,,,,,,,,,,,,,,,,,,,,,EUR,0.97,1.28,Ultra Rare,yanmega-ex,Pokémon,https://www.tcggo.com/pokemon/destined-rivals/yanmega-ex-206,sv10-206,633006,singles
2026-08-23T17:19:56+02:00,,475,PLANETA Tsuji,planeta-tsuji,DRI 207,207,826081,182,244,DRI,Pokémon,pokemon,221,https://images.tcggo.com/tcggo/storage/22104/destined-rivals-logo.png,Destined Rivals,EUR,1669.96,EUR,1598.93,2025-05-30,1,Scarlet & Violet,scarlet-violet,destined-rivals,310,22283,https://images.tcggo.com/tcggo/storage/22312/arboliva-ex-dri-207-destined-rivals.png,https://www.tcggo.com/external/cm/22283,https://www.tcggo.com/external/tcgplayer/22283,Arboliva ex,Arboliva ex 207,2.06,2.06,564,EUR,[],,,,,,,,,,,1.5,0.79,0.79,1.6,1.6,1.5,2.3,2.3,1.2,1.2,,,,,,,,,,,,,,,,,,,,,,,,,,,,,,,,,,,,,,,,,,EUR,1.9,2.56,Ultra Rare,arboliva-ex,Pokémon,https://www.tcggo.com/pokemon/destined-rivals/arboliva-ex-207,sv10-207,633007,singles
2026-08-23T17:19:56+02:00,,380,5ban Graphics,5ban-graphics,DRI 208,208,826082,182,244,DRI,Pokémon,pokemon,221,https://images.tcggo.com/tcggo/storage/22104/destined-rivals-logo.png,Destined Rivals,EUR,1669.96,EUR,1598.93,2025-05-30,1,Scarlet & Violet,scarlet-violet,destined-rivals,220,22284,https://images.tcggo.com/tcggo/storage/22313/team-rockets-moltres-ex-dri-208-destined-rivals.png,https://www.tcggo.com/external/cm/22284,https://www.tcggo.com/external/tcgplayer/22284,Team Rocket's Moltres ex,Team Rocket's Moltres ex 208,6.22,6.74,705,EUR,,35,,,,,35,,115,,50,5,3.99,3.99,5.5,5.5,5,6.5,6.5,2.3,2.3,USD,39.63,5,,,,,19.77,5,76.69,1,,,,,46.08,5,,,9.36,1,10.79,1,64.4,5,14.5,3,20.07,1,21.55,5,,,55,5,,,,,19.62,5,EUR,4.79,5.13,Ultra Rare,team-rockets-moltres-ex,Pokémon,https://www.tcggo.com/pokemon/destined-rivals/team-rockets-moltres-ex-208,sv10-208,633008,singles
2026-08-23T17:19:56+02:00,,371,aky CG Works,aky-cg-works,DRI 209,209,826083,182,244,DRI,Pokémon,pokemon,221,https://images.tcggo.com/tcggo/storage/22104/destined-rivals-logo.png,Destined Rivals,EUR,1669.96,EUR,1598.93,2025-05-30,1,Scarlet & Violet,scarlet-violet,destined-rivals,230,22285,https://images.tcggo.com/tcggo/storage/22314/ethans-ho-oh-ex-dri-209-destined-rivals.png,https://www.tcggo.com/external/cm/22285,https://www.tcggo.com/external/tcgplayer/22285,Ethan's Ho-Oh ex,Ethan's Ho-Oh ex 209,5.39,6.44,665,EUR,,100,,,,,79,30,75,,,4.6,3.79,3.79,5.5,5.5,4.6,7,8,1.99,1.99,USD,,,,,,,,,,,,,,,32,5,,,,,,,46,5,,,21.5,3,19.99,5,,,59.47,4,,,,,,,EUR,4.65,4.68,Ultra Rare,ethans-ho-oh-ex,Pokémon,https://www.tcggo.com/pokemon/destined-rivals/ethans-ho-oh-ex-209,sv10-209,633009,singles
2026-08-23T17:19:56+02:00,,475,PLANETA Tsuji,planeta-tsuji,DRI 210,210,826084,182,244,DRI,Pokémon,pokemon,221,https://images.tcggo.com/tcggo/storage/22104/destined-rivals-logo.png,Destined Rivals,EUR,1669.96,EUR,1598.93,2025-05-30,1,Scarlet & Violet,scarlet-violet,destined-rivals,300,22286,https://images.tcggo.com/tcggo/storage/22315/cetitan-ex-dri-210-destined-rivals.png,https://www.tcggo.com/external/cm/22286,https://www.tcggo.com/external/tcgplayer/22286,Cetitan ex,Cetitan ex 210,1.9,1.61,780,EUR,[],,,,,,,,,,,1.3,0.95,0.95,1,1,1.3,1.95,1.95,0.85,0.85,,,,,,,,,,,,,,,,,,,,,,,,,,,,,,,,,,,,,,,,,,EUR,1.06,1.39,Ultra Rare,cetitan-ex,Pokémon,https://www.tcggo.com/pokemon/destined-rivals/cetitan-ex-210,sv10-210,633010,singles
2026-08-23T17:19:56+02:00,,489,N-DESIGN Inc.,n-design-inc,DRI 211,211,826085,182,244,DRI,Pokémon,pokemon,221,https://images.tcggo.com/tcggo/storage/22104/destined-rivals-logo.png,Destined Rivals,EUR,1669.96,EUR,1598.93,2025-05-30,1,Scarlet & Violet,scarlet-violet,destined-rivals,260,22287,https://images.tcggo.com/tcggo/storage/22316/dondozo-ex-dri-211-destined-rivals.png,https://www.tcggo.com/external/cm/22287,https://www.tcggo.com/external/tcgplayer/22287,Dondozo ex,Dondozo ex 211,1.29,1.41,859,EUR,[],,,,,,,,,,,0.75,0.5,0.5,1,1,0.75,1.45,1.45,0.48,0.48,,,,,,,,,,,,,,,,,,,,,,,,,,,,,,,,,,,,,,,,,,EUR,1.02,1.17,Ultra Rare,dondozo-ex,Pokémon,https://www.tcggo.com/pokemon/destined-rivals/dondozo-ex-211,sv10-211,633011,singles
2026-08-23T17:19:56+02:00,,384,PLANETA Mochizuki,planeta-mochizuki,DRI 212,212,826086,182,244,DRI,Pokémon,pokemon,221,https://images.tcggo.com/tcggo/storage/22104/destined-rivals-logo.png,Destined Rivals,EUR,1669.96,EUR,1598.93,2025-05-30,1,Scarlet & Violet,scarlet-violet,destined-rivals,280,22288,https://images.tcggo.com/tcggo/storage/22317/electivire-ex-dri-212-destined-rivals.png,https://www.tcggo.com/external/cm/22288,https://www.tcggo.com/external/tcgplayer/22288,Electivire ex,Electivire ex 212,1.6,1.57,930,EUR,,,,,,,,,49,,,1,0.8,0.8,1.5,1.5,1,1.95,1.95,0.49,0.49,,,,,,,,,,,,,,,,,,,,,,,,,,,,,,,,,,,,,,,,,,EUR,1.03,1.28,Ultra Rare,electivire-ex,Pokémon,https://www.tcggo.com/pokemon/destined-rivals/electivire-ex-212,sv10-212,633012,singles
2026-08-23T17:19:56+02:00,,371,aky CG Works,aky-cg-works,DRI 213,213,826087,182,244,DRI,Pokémon,pokemon,221,https://images.tcggo.com/tcggo/storage/22104/destined-rivals-logo.png,Destined Rivals,EUR,1669.96,EUR,1598.93,2025-05-30,1,Scarlet & Violet,scarlet-violet,destined-rivals,280,22289,https://images.tcggo.com/tcggo/storage/22318/team-rockets-mewtwo-ex-dri-213-destined-rivals.png,https://www.tcggo.com/external/cm/22289,https://www.tcggo.com/external/tcgplayer/22289,Team Rocket's Mewtwo ex,Team Rocket's Mewtwo ex 213,17.34,18.26,690,EUR,,99,,,79,45,85,,44,49,59,18,12,12,17.99,17.99,18.45,22,22,9.9,9.9,USD,52.25,5,19.13,1,,,31.58,4,154.47,4,,,37.91,1,70.44,5,,,,,24.53,5,112.4,5,,,20.44,5,31.22,5,88.6,2,114.48,5,,,,,35.68,5,EUR,16.85,20.74,Ultra Rare,team-rockets-mewtwo-ex,Pokémon,https://www.tcggo.com/pokemon/destined-rivals/team-rockets-mewtwo-ex-213,sv10-213,633013,singles
2026-08-23T17:19:56+02:00,,384,PLANETA Mochizuki,planeta-mochizuki,DRI 214,214,826088,182,244,DRI,Pokémon,pokemon,221,https://images.tcggo.com/tcggo/storage/22104/destined-rivals-logo.png,Destined Rivals,EUR,1669.96,EUR,1598.93,2025-05-30,1,Scarlet & Violet,scarlet-violet,destined-rivals,230,22290,https://images.tcggo.com/tcggo/storage/22319/regirock-ex-dri-214-destined-rivals.png,https://www.tcggo.com/external/cm/22290,https://www.tcggo.com/external/tcgplayer/22290,Regirock ex,Regirock ex 214,1.45,1.51,879,EUR,,,,,,,,,,,20,1,0.6,0.6,1.2,1.2,1,2.2,2.2,0.39,0.39,,,,,,,,,,,,,,,,,,,,,,,,,,,,,,,,,,,,,,,,,,EUR,1.04,1.28,Ultra Rare,regirock-ex,Pokémon,https://www.tcggo.com/pokemon/destined-rivals/regirock-ex-214,sv10-214,633014,singles
2026-08-23T17:19:56+02:00,,380,5ban Graphics,5ban-graphics,DRI 215,215,826089,182,244,DRI,Pokémon,pokemon,221,https://images.tcggo.com/tcggo/storage/22104/destined-rivals-logo.png,Destined Rivals,EUR,1669.96,EUR,1598.93,2025-05-30,1,Scarlet & Violet,scarlet-violet,destined-rivals,330,22291,https://images.tcggo.com/tcggo/storage/22320/cynthias-garchomp-ex-dri-215-destined-rivals.png,https://www.tcggo.com/external/cm/22291,https://www.tcggo.com/external/tcgplayer/22291,Cynthia's Garchomp ex,Cynthia's Garchomp ex 215,3.88,3.67,716,EUR,,,,,,,,,50,,99,3.95,2.4,2.4,2.97,2.97,4,4,4,1.95,1.95,USD,,,,,,,,,,,,,,,25,5,,,,,8,2,48.59,5,10.75,2,9.75,2,20,5,,,45,2,,,,,12.67,1,EUR,5.73,4.89,Ultra Rare,cynthias-garchomp-ex,Pokémon,https://www.tcggo.com/pokemon/destined-rivals/cynthias-garchomp-ex-215,sv10-215,633015,singles
2026-08-23T17:19:56+02:00,,380,5ban Graphics,5ban-graphics,DRI 216,216,826090,182,244,DRI,Pokémon,pokemon,221,https://images.tcggo.com/tcggo/storage/22104/destined-rivals-logo.png,Destined Rivals,EUR,1669.96,EUR,1598.93,2025-05-30,1,Scarlet & Violet,scarlet-violet,destined-rivals,330,22292,https://images.tcggo.com/tcggo/storage/22321/team-rockets-nidoking-ex-dri-216-destined-rivals.png,https://www.tcggo.com/external/cm/22292,https://www.tcggo.com/external/tcgplayer/22292,Team Rocket's Nidoking ex,Team Rocket's Nidoking ex 216,4.06,3.48,789,EUR,,,,199,,,,,75,,48,3.59,2.95,2.95,4.79,4.79,3.8,3.94,3.94,1.49,1.49,USD,,,,,,,,,,,,,,,36,5,,,,,,,60,5,,,16,2,19.99,5,,,44.99,2,,,,,24.99,1,EUR,3.11,3.78,Ultra Rare,team-rockets-nidoking-ex,Pokémon,https://www.tcggo.com/pokemon/destined-rivals/team-rockets-nidoking-ex-216,sv10-216,633016,singles
2026-08-23T17:19:56+02:00,,380,5ban Graphics,5ban-graphics,DRI 217,217,826091,182,244,DRI,Pokémon,pokemon,221,https://images.tcggo.com/tcggo/storage/22104/destined-rivals-logo.png,Destined Rivals,EUR,1669.96,EUR,1598.93,2025-05-30,1,Scarlet & Violet,scarlet-violet,destined-rivals,310,22293,https://images.tcggo.com/tcggo/storage/22322/team-rockets-crobat-ex-dri-217-destined-rivals.png,https://www.tcggo.com/external/cm/22293,https://www.tcggo.com/external/tcgplayer/22293,Team Rocket's Crobat ex,Team Rocket's Crobat ex 217,2.91,2.76,855,EUR,,,999,,,,,,10,,,1,1.4,1.4,2.5,2.5,1,3.5,3.5,0.8,0.8,,,,,,,,,,,,,,,,,,,,,,,,,,,,,,,,,,,,,,,,,,EUR,2.16,3.14,Ultra Rare,team-rockets-crobat-ex,Pokémon,https://www.tcggo.com/pokemon/destined-rivals/team-rockets-crobat-ex-217,sv10-217,633017,singles
2026-08-23T17:19:56+02:00,,511,PLANETA Igarashi,planeta-igarashi,DRI 218,218,826092,182,244,DRI,Pokémon,pokemon,221,https://images.tcggo.com/tcggo/storage/22104/destined-rivals-logo.png,Destined Rivals,EUR,1669.96,EUR,1598.93,2025-05-30,1,Scarlet & Violet,scarlet-violet,destined-rivals,270,22294,https://images.tcggo.com/tcggo/storage/22323/arvens-mabosstiff-ex-dri-218-destined-rivals.png,https://www.tcggo.com/external/cm/22294,https://www.tcggo.com/external/tcgplayer/22294,Arven's Mabosstiff ex,Arven's Mabosstiff ex 218,1.73,1.45,931,EUR,[],,,,,,,,,,,0.75,0.7,0.7,1.75,1.75,0.75,1.7,1.7,0.3,0.3,,,,,,,,,,,,,,,,,,,,,,,,,,,,,,,,,,,,,,,,,,EUR,1.32,1.61,Ultra Rare,arvens-mabosstiff-ex,Pokémon,https://www.tcggo.com/pokemon/destined-rivals/arvens-mabosstiff-ex-218,sv10-218,633018,singles
2026-08-23T17:19:56+02:00,,380,5ban Graphics,5ban-graphics,DRI 219,219,826093,182,244,DRI,Pokémon,pokemon,221,https://images.tcggo.com/tcggo/storage/22104/destined-rivals-logo.png,Destined Rivals,EUR,1669.96,EUR,1598.93,2025-05-30,1,Scarlet & Violet,scarlet-violet,destined-rivals,260,22295,https://images.tcggo.com/tcggo/storage/22324/team-rockets-persian-ex-dri-219-destined-rivals.png,https://www.tcggo.com/external/cm/22295,https://www.tcggo.com/external/tcgplayer/22295,Team Rocket's Persian ex,Team Rocket's Persian ex 219,3.75,3.59,698,EUR,,45,,,,,45,,95,,50,3,2.7,2.7,3.5,3.5,3.95,4.9,5,1,1,USD,,,,,,,,,,,,,,,38,5,,,,,15,1,40,5,,,,,17.5,5,,,50,3,,,,,15,1,EUR,3.64,3.52,Ultra Rare,team-rockets-persian-ex,Pokémon,https://www.tcggo.com/pokemon/destined-rivals/team-rockets-persian-ex-219,sv10-219,633019,singles
2026-08-23T17:19:56+02:00,,496,Cona Nitanda,cona-nitanda,DRI 220,220,826094,182,244,DRI,Pokémon,pokemon,221,https://images.tcggo.com/tcggo/storage/22104/destined-rivals-logo.png,Destined Rivals,EUR,1669.96,EUR,1598.93,2025-05-30,1,Scarlet & Violet,scarlet-violet,destined-rivals,0,22296,https://images.tcggo.com/tcggo/storage/22325/emcees-hype-dri-220-destined-rivals.png,https://www.tcggo.com/external/cm/22296,https://www.tcggo.com/external/tcgplayer/22296,Emcee's Hype,Emcee's Hype 220,2.13,1.98,672,EUR,,,,,,,45,,60,,,1.9,1.39,1.39,2.9,2.9,1.9,1.99,1.99,0.7,0.7,,,,,,,,,,,,,,,,,,,,,,,,,,,,,,,,,,,,,,,,,,EUR,1.43,2.34,Ultra Rare,emcees-hype,Trainer,https://www.tcggo.com/pokemon/destined-rivals/emcees-hype-220,sv10-220,633020,singles
2026-08-23T17:19:56+02:00,,780,Iori Suzuki,iori-suzuki,DRI 221,221,826095,182,244,DRI,Pokémon,pokemon,221,https://images.tcggo.com/tcggo/storage/22104/destined-rivals-logo.png,Destined Rivals,EUR,1669.96,EUR,1598.93,2025-05-30,1,Scarlet & Violet,scarlet-violet,destined-rivals,0,22297,https://images.tcggo.com/tcggo/storage/22326/ethans-adventure-dri-221-destined-rivals.png,https://www.tcggo.com/external/cm/22297,https://www.tcggo.com/external/tcgplayer/22297,Ethan's Adventure,Ethan's Adventure 221,3.39,3.1,611,EUR,,,,,,,,,,34,10,2,1.99,1.99,3.99,3.99,2,4.99,4.99,1.49,1.49,,,,,,,,,,,,,,,,,,,,,,,,,,,,,,,,,,,,,,,,,,EUR,2.62,3.22,Ultra Rare,ethans-adventure,Trainer,https://www.tcggo.com/pokemon/destined-rivals/ethans-adventure-221,sv10-221,633021,singles
2026-08-23T17:19:56+02:00,,454,kantaro,kantaro,DRI 222,222,826096,182,244,DRI,Pokémon,pokemon,221,https://images.tcggo.com/tcggo/storage/22104/destined-rivals-logo.png,Destined Rivals,EUR,1669.96,EUR,1598.93,2025-05-30,1,Scarlet & Violet,scarlet-violet,destined-rivals,0,22298,https://images.tcggo.com/tcggo/storage/22327/judge-dri-222-destined-rivals.png,https://www.tcggo.com/external/cm/22298,https://www.tcggo.com/external/tcgplayer/22298,Judge,Judge 222,2.14,1.87,640,EUR,[],,,,,,,,,,,1.7,0.8,0.8,3.5,3.5,1.7,2,2,0.9,0.9,USD,,,,,,,,,,,,,,,,,,,,,4,1,35,5,,,11,2,13.5,4,,,,,,,,,,,EUR,1.97,2.52,Ultra Rare,judge,Trainer,https://www.tcggo.com/pokemon/destined-rivals/judge-222,sv10-222,633022,singles
2026-08-23T17:19:56+02:00,,456,Hideki Ishikawa,hideki-ishikawa,DRI 223,223,826097,182,244,DRI,Pokémon,pokemon,221,https://images.tcggo.com/tcggo/storage/22104/destined-rivals-logo.png,Destined Rivals,EUR,1669.96,EUR,1598.93,2025-05-30,1,Scarlet & Violet,scarlet-violet,destined-rivals,0,22299,https://images.tcggo.com/tcggo/storage/22328/team-rockets-archer-dri-223-destined-rivals.png,https://www.tcggo.com/external/cm/22299,https://www.tcggo.com/external/tcgplayer/22299,Team Rocket's Archer,Team Rocket's Archer 223,3.29,2.99,563,EUR,,,,,,,,,49,,,2.5,1.5,1.5,6,6,2.5,3.8,3.89,1.9,1.9,USD,,,,,,,,,,,,,,,20.5,1,,,,,,,43.42,5,,,8.76,4,14.95,5,,,,,,,,,,,EUR,2.05,5.13,Ultra Rare,team-rockets-archer,Trainer,https://www.tcggo.com/pokemon/destined-rivals/team-rockets-archer-223,sv10-223,633023,singles
2026-08-23T17:19:56+02:00,,462,hncl,hncl,DRI 224,224,289883,182,244,DRI,Pokémon,pokemon,221,https://images.tcggo.com/tcggo/storage/22104/destined-rivals-logo.png,Destined Rivals,EUR,1669.96,EUR,1598.93,2025-05-30,1,Scarlet & Violet,scarlet-violet,destined-rivals,0,22300,https://images.tcggo.com/tcggo/storage/22329/team-rockets-ariana-dri-224-destined-rivals.png,https://www.tcggo.com/external/cm/22300,https://www.tcggo.com/external/tcgplayer/22300,Team Rocket's Ariana,Team Rocket's Ariana 224,3.95,3.86,650,EUR,,,,,,,,,60,,,3,2.2,2.2,5.9,5.9,3,3.9,3.9,1.99,1.99,USD,,,,,,,,,,,,,,,19.81,2,,,,,7.99,1,35,5,,,12.25,4,13.5,5,,,,,,,,,10,1,EUR,2.94,5.97,Ultra Rare,team-rockets-ariana,Trainer,https://www.tcggo.com/pokemon/destined-rivals/team-rockets-ariana-224,sv10-224,633024,singles
2026-08-23T17:19:56+02:00,,430,akagi,akagi,DRI 225,225,826099,182,244,DRI,Pokémon,pokemon,221,https://images.tcggo.com/tcggo/storage/22104/destined-rivals-logo.png,Destined Rivals,EUR,1669.96,EUR,1598.93,2025-05-30,1,Scarlet & Violet,scarlet-violet,destined-rivals,0,22301,https://images.tcggo.com/tcggo/storage/22330/team-rockets-giovanni-dri-225-destined-rivals.png,https://www.tcggo.com/external/cm/22301,https://www.tcggo.com/external/tcgplayer/22301,Team Rocket's Giovanni,Team Rocket's Giovanni 225,6.96,6.73,590,EUR,,,,,,65,120,,14,,29,7,4.9,4.9,7.99,7.99,7.4,7,7,4,4,USD,34.99,5,,,,,23.57,2,,,,,,,63.93,5,,,,,,,57.98,5,8.89,3,17.84,5,20.51,5,,,33.3,1,,,,,12.98,2,EUR,4.79,8.54,Ultra Rare,team-rockets-giovanni,Trainer,https://www.tcggo.com/pokemon/destined-rivals/team-rockets-giovanni-225,sv10-225,633025,singles
2026-08-23T17:19:56+02:00,,373,GOSSAN,gossan,DRI 226,226,826100,182,244,DRI,Pokémon,pokemon,221,https://images.tcggo.com/tcggo/storage/22104/destined-rivals-logo.png,Destined Rivals,EUR,1669.96,EUR,1598.93,2025-05-30,1,Scarlet & Violet,scarlet-violet,destined-rivals,0,22302,https://images.tcggo.com/tcggo/storage/22331/team-rockets-petrel-dri-226-destined-rivals.png,https://www.tcggo.com/external/cm/22302,https://www.tcggo.com/external/tcgplayer/22302,Team Rocket's Petrel,Team Rocket's Petrel 226,7.3,7.3,472,EUR,,,,,,,,,37,,,6,5.93,5.93,8.5,8.5,6,7.95,7.95,4,4,USD,,,,,,,,,,,,,,,30,5,,,,,,,42.81,5,,,8.75,4,12.2,5,,,,,,,,,9.5,1,EUR,8.85,10.57,Ultra Rare,team-rockets-petrel,Trainer,https://www.tcggo.com/pokemon/destined-rivals/team-rockets-petrel-226,sv10-226,633026,singles
2026-08-23T17:19:56+02:00,,463,Naoki Saito,naoki-saito,DRI 227,227,826101,182,244,DRI,Pokémon,pokemon,221,https://images.tcggo.com/tcggo/storage/22104/destined-rivals-logo.png,Destined Rivals,EUR,1669.96,EUR,1598.93,2025-05-30,1,Scarlet & Violet,scarlet-violet,destined-rivals,0,22303,https://images.tcggo.com/tcggo/storage/22332/team-rockets-proton-dri-227-destined-rivals.png,https://www.tcggo.com/external/cm/22303,https://www.tcggo.com/external/tcgplayer/22303,Team Rocket's Proton,Team Rocket's Proton 227,3.55,3.33,579,EUR,[],,,,,,,,,,,2.19,2.3,2.3,3,3,2.19,3.99,3.99,2,2,,,,,,,,,,,,,,,,,,,,,,,,,,,,,,,,,,,,,,,,,,EUR,2.22,6.22,Ultra Rare,team-rockets-proton,Trainer,https://www.tcggo.com/pokemon/destined-rivals/team-rockets-proton-227,sv10-227,633027,singles
2026-08-23T17:19:56+02:00,,471,Tonji Matsuno,tonji-matsuno,DRI 228,228,826102,182,244,DRI,Pokémon,pokemon,221,https://images.tcggo.com/tcggo/storage/22104/destined-rivals-logo.png,Destined Rivals,EUR,1669.96,EUR,1598.93,2025-05-30,1,Scarlet & Violet,scarlet-violet,destined-rivals,280,22304,https://images.tcggo.com/tcggo/storage/22333/yanmega-ex-dri-228-destined-rivals.png,https://www.tcggo.com/external/cm/22304,https://www.tcggo.com/external/tcgplayer/22304,Yanmega ex,Yanmega ex 228,27.12,24.9,336,EUR,,,,,,,,,96,,64,19.95,16.9,16.9,22,22,19.95,38,38,18,18,USD,40.58,5,,,,,26.17,2,56.82,1,,,,,25.42,5,,,,,,,67.29,5,,,25.3,3,23.18,5,,,70.05,5,,,,,,,EUR,17.69,21.79,Special Illustration Rare,yanmega-ex,Pokémon,https://www.tcggo.com/pokemon/destined-rivals/yanmega-ex-228,sv10-228,633028,singles
2026-08-23T17:19:56+02:00,,434,AKIRA EGAWA,akira-egawa,DRI 229,229,826103,182,244,DRI,Pokémon,pokemon,221,https://images.tcggo.com/tcggo/storage/22104/destined-rivals-logo.png,Destined Rivals,EUR,1669.96,EUR,1598.93,2025-05-30,1,Scarlet & Violet,scarlet-violet,destined-rivals,220,22305,https://images.tcggo.com/tcggo/storage/22334/team-rockets-moltres-ex-dri-229-destined-rivals.png,https://www.tcggo.com/external/cm/22305,https://www.tcggo.com/external/tcgplayer/22305,Team Rocket's Moltres ex,Team Rocket's Moltres ex 229,156.42,161.49,413,EUR,,299,,675,,,175,,330,,179,115,130,130,115,115,129,150,150,240,240,USD,117.53,5,,,71.4,3,66.19,5,546.5,5,,,93,5,210,5,67.28,1,,,67.88,5,286.6,5,85,5,88.96,5,80.07,5,,,257.92,5,,,84.19,3,106.76,5,EUR,84.24,86.65,Special Illustration Rare,team-rockets-moltres-ex,Pokémon,https://www.tcggo.com/pokemon/destined-rivals/team-rockets-moltres-ex-229,sv10-229,633029,singles
2026-08-23T17:19:56+02:00,,460,Atsushi Furusawa,atsushi-furusawa,DRI 230,230,826104,182,244,DRI,Pokémon,pokemon,221,https://images.tcggo.com/tcggo/storage/22104/destined-rivals-logo.png,Destined Rivals,EUR,1669.96,EUR,1598.93,2025-05-30,1,Scarlet & Violet,scarlet-violet,destined-rivals,230,22306,https://images.tcggo.com/tcggo/storage/22335/ethans-ho-oh-ex-dri-230-destined-rivals.png,https://www.tcggo.com/external/cm/22306,https://www.tcggo.com/external/tcgplayer/22306,Ethan's Ho-Oh ex,Ethan's Ho-Oh ex 230,220.15,209.57,374,EUR,,389,,,,,330,,409,,225,192.5,170,170,140,140,192.5,310,310,180,180,USD,206.72,5,,,116.21,1,137.93,1,999,5,,,207.23,2,166.34,5,,,,,137.35,2,336.42,5,102.57,5,146.79,5,160.13,5,,,400.34,5,,,,,177.93,5,EUR,131.63,142.71,Special Illustration Rare,ethans-ho-oh-ex,Pokémon,https://www.tcggo.com/pokemon/destined-rivals/ethans-ho-oh-ex-230,sv10-230,633030,singles
2026-08-23T17:19:56+02:00,,450,Iwamoto05,iwamoto05,DRI 231,231,826105,182,244,DRI,Pokémon,pokemon,221,https://images.tcggo.com/tcggo/storage/22104/destined-rivals-logo.png,Destined Rivals,EUR,1669.96,EUR,1598.93,2025-05-30,1,Scarlet & Violet,scarlet-violet,destined-rivals,280,22307,https://images.tcggo.com/tcggo/storage/22336/team-rockets-mewtwo-ex-dri-231-destined-rivals.png,https://www.tcggo.com/external/cm/22307,https://www.tcggo.com/external/tcgplayer/22307,Team Rocket's Mewtwo ex,Team Rocket's Mewtwo ex 231,579.9,599.42,379,EUR,,1100,21000,,,,950,,1150,,595,427.27,472,472,340,340,470,650,650,628,628,USD,547.11,5,,,394.18,1,454.19,2,1454.1,5,,,489,5,522.58,5,,,431,1,399.99,3,879.19,5,449.99,5,355.39,5,373.8,5,,,822.37,5,,,500,1,470.99,5,EUR,421.97,470.09,Special Illustration Rare,team-rockets-mewtwo-ex,Pokémon,https://www.tcggo.com/pokemon/destined-rivals/team-rockets-mewtwo-ex-231,sv10-231,633031,singles
2026-08-23T17:19:56+02:00,,785,HICO KIM,hico-kim,DRI 232,232,826106,182,244,DRI,Pokémon,pokemon,221,https://images.tcggo.com/tcggo/storage/22104/destined-rivals-logo.png,Destined Rivals,EUR,1669.96,EUR,1598.93,2025-05-30,1,Scarlet & Violet,scarlet-violet,destined-rivals,330,22308,https://images.tcggo.com/tcggo/storage/22337/cynthias-garchomp-ex-dri-232-destined-rivals.png,https://www.tcggo.com/external/cm/22308,https://www.tcggo.com/external/tcgplayer/22308,Cynthia's Garchomp ex,Cynthia's Garchomp ex 232,211.92,229.34,387,EUR,,850,,1100,,,,249,420,,280,204.95,178,178,195,195,204.95,234,234,169,169,USD,243.31,5,,,,,168.8,5,850.21,3,,,190,5,228.04,5,,,,,204.57,2,400,5,179.43,5,173.4,5,224.3,5,,,530.3,5,,,200,1,163.85,5,EUR,205.85,211.32,Special Illustration Rare,cynthias-garchomp-ex,Pokémon,https://www.tcggo.com/pokemon/destined-rivals/cynthias-garchomp-ex-232,sv10-232,633032,singles
2026-08-23T17:19:56+02:00,,419,Uninori,uninori,DRI 233,233,826107,182,244,DRI,Pokémon,pokemon,221,https://images.tcggo.com/tcggo/storage/22104/destined-rivals-logo.png,Destined Rivals,EUR,1669.96,EUR,1598.93,2025-05-30,1,Scarlet & Violet,scarlet-violet,destined-rivals,330,22309,https://images.tcggo.com/tcggo/storage/22338/team-rockets-nidoking-ex-dri-233-destined-rivals.png,https://www.tcggo.com/external/cm/22309,https://www.tcggo.com/external/tcgplayer/22309,Team Rocket's Nidoking ex,Team Rocket's Nidoking ex 233,126.34,117.27,400,EUR,,380,,,,200,465,180,320,139,129,100,95,95,90,90,100,160,160,99.99,99.99,USD,129.06,5,,,77,1,92.92,5,367.5,5,,,,,152.5,5,,,,,67.28,1,246.7,5,72.51,5,98.68,5,107.65,5,,,255.97,5,,,,,100.24,5,EUR,89.37,94.02,Special Illustration Rare,team-rockets-nidoking-ex,Pokémon,https://www.tcggo.com/pokemon/destined-rivals/team-rockets-nidoking-ex-233,sv10-233,633033,singles
2026-08-23T17:19:56+02:00,,448,cochi8i,cochi8i,DRI 234,234,826108,182,244,DRI,Pokémon,pokemon,221,https://images.tcggo.com/tcggo/storage/22104/destined-rivals-logo.png,Destined Rivals,EUR,1669.96,EUR,1598.93,2025-05-30,1,Scarlet & Violet,scarlet-violet,destined-rivals,310,22310,https://images.tcggo.com/tcggo/storage/22339/team-rockets-crobat-ex-dri-234-destined-rivals.png,https://www.tcggo.com/external/cm/22310,https://www.tcggo.com/external/tcgplayer/22310,Team Rocket's Crobat ex,Team Rocket's Crobat ex 234,64.2,58.27,458,EUR,,249,,,90,,99,89,165,,119,62.95,41,41,50,50,62.95,70,70,60,60,USD,70,5,,,,,62.58,5,208.91,4,,,55.86,5,70.35,5,,,,,57,3,125.5,5,60.55,4,57.17,5,57.12,5,,,158.3,5,,,61,1,53.34,5,EUR,53.19,61.24,Special Illustration Rare,team-rockets-crobat-ex,Pokémon,https://www.tcggo.com/pokemon/destined-rivals/team-rockets-crobat-ex-234,sv10-234,633034,singles
2026-08-23T17:19:56+02:00,,473,Yuriko Akase,yuriko-akase,DRI 235,235,826109,182,244,DRI,Pokémon,pokemon,221,https://images.tcggo.com/tcggo/storage/22104/destined-rivals-logo.png,Destined Rivals,EUR,1669.96,EUR,1598.93,2025-05-30,1,Scarlet & Violet,scarlet-violet,destined-rivals,270,22311,https://images.tcggo.com/tcggo/storage/22340/arvens-mabosstiff-ex-dri-235-destined-rivals.png,https://www.tcggo.com/external/cm/22311,https://www.tcggo.com/external/tcgplayer/22311,Arven's Mabosstiff ex,Arven's Mabosstiff ex 235,27.9,29.75,337,EUR,,235,,,,,80,,80,,55,22.9,19,19,20,20,29.9,38.5,38.5,20,20,USD,47.08,5,,,,,,,,,,,,,35.74,5,,,,,,,72.92,5,,,23.23,5,24.57,5,,,46,5,,,25,1,33.87,2,EUR,26.74,26.81,Special Illustration Rare,arvens-mabosstiff-ex,Pokémon,https://www.tcggo.com/pokemon/destined-rivals/arvens-mabosstiff-ex-235,sv10-235,633035,singles
2026-08-23T17:19:56+02:00,,418,Kariya,kariya,DRI 236,236,826110,182,244,DRI,Pokémon,pokemon,221,https://images.tcggo.com/tcggo/storage/22104/destined-rivals-logo.png,Destined Rivals,EUR,1669.96,EUR,1598.93,2025-05-30,1,Scarlet & Violet,scarlet-violet,destined-rivals,0,22312,https://images.tcggo.com/tcggo/storage/22341/ethans-adventure-dri-236-destined-rivals.png,https://www.tcggo.com/external/cm/22312,https://www.tcggo.com/external/tcgplayer/22312,Ethan's Adventure,Ethan's Adventure 236,41.75,34.66,356,EUR,,,,,,90,95,,140,,90,41.9,29.5,29.5,42.95,42.95,41.9,65,65,27,27,USD,53.98,5,,,35.93,2,45.64,2,,,,,,,95.32,5,,,,,36.99,3,151.23,5,31.51,2,30.65,5,42.7,5,,,132.66,5,,,,,34.39,1,EUR,32.37,37.09,Special Illustration Rare,ethans-adventure,Trainer,https://www.tcggo.com/pokemon/destined-rivals/ethans-adventure-236,sv10-236,633036,singles
2026-08-23T17:19:56+02:00,,504,Yoshioka,yoshioka,DRI 237,237,826111,182,244,DRI,Pokémon,pokemon,221,https://images.tcggo.com/tcggo/storage/22104/destined-rivals-logo.png,Destined Rivals,EUR,1669.96,EUR,1598.93,2025-05-30,1,Scarlet & Violet,scarlet-violet,destined-rivals,0,22313,https://images.tcggo.com/tcggo/storage/22342/team-rockets-ariana-dri-237-destined-rivals.png,https://www.tcggo.com/external/cm/22313,https://www.tcggo.com/external/tcgplayer/22313,Team Rocket's Ariana,Team Rocket's Ariana 237,29,28.45,303,EUR,,90,,,,,,,110,,80,26,22.5,22.5,32,32,26,40,40,20,20,USD,38.75,4,,,,,,,,,,,,,54.99,5,,,,,26.96,2,44.11,5,13.92,2,22.42,5,31.39,5,,,67.85,4,,,,,10.99,1,EUR,17.31,25.77,Special Illustration Rare,team-rockets-ariana,Trainer,https://www.tcggo.com/pokemon/destined-rivals/team-rockets-ariana-237,sv10-237,633037,singles
2026-08-23T17:19:56+02:00,,442,Krgc,krgc,DRI 238,238,826112,182,244,DRI,Pokémon,pokemon,221,https://images.tcggo.com/tcggo/storage/22104/destined-rivals-logo.png,Destined Rivals,EUR,1669.96,EUR,1598.93,2025-05-30,1,Scarlet & Violet,scarlet-violet,destined-rivals,0,22314,https://images.tcggo.com/tcggo/storage/22343/team-rockets-giovanni-dri-238-destined-rivals.png,https://www.tcggo.com/external/cm/22314,https://www.tcggo.com/external/tcgplayer/22314,Team Rocket's Giovanni,Team Rocket's Giovanni 238,34.83,31.14,314,EUR,,189,,,,,,,97,,80,31.8,24.95,24.95,39.75,39.75,33.35,45,45,27.99,27.99,USD,49.55,5,,,,,29,2,,,,,26.02,1,40.14,5,,,,,,,84.37,5,19.24,2,22.72,5,31.21,5,,,88,5,,,,,,,EUR,24.27,31.38,Special Illustration Rare,team-rockets-giovanni,Trainer,https://www.tcggo.com/pokemon/destined-rivals/team-rockets-giovanni-238,sv10-238,633038,singles
2026-08-23T17:19:56+02:00,,371,aky CG Works,aky-cg-works,DRI 239,239,826113,182,244,DRI,Pokémon,pokemon,221,https://images.tcggo.com/tcggo/storage/22104/destined-rivals-logo.png,Destined Rivals,EUR,1669.96,EUR,1598.93,2025-05-30,1,Scarlet & Violet,scarlet-violet,destined-rivals,230,22315,https://images.tcggo.com/tcggo/storage/22344/ethans-ho-oh-ex-dri-239-destined-rivals.png,https://www.tcggo.com/external/cm/22315,https://www.tcggo.com/external/tcgplayer/22315,Ethan's Ho-Oh ex,Ethan's Ho-Oh ex 239,24.77,29.62,429,EUR,,,4999,,,,,40,70,,78,20,22,22,25,25,20,43,43,20,20,USD,41.92,5,,,30.73,1,26.86,4,70.28,1,,,,,30.65,5,,,,,26.02,4,75.31,5,13.83,1,23,3,29.72,5,32,1,85.23,5,,,,,31.01,1,EUR,22.34,25.4,Hyper Rare,ethans-ho-oh-ex,Pokémon,https://www.tcggo.com/pokemon/destined-rivals/ethans-ho-oh-ex-239,sv10-239,633039,singles
2026-08-23T17:19:56+02:00,,371,aky CG Works,aky-cg-works,DRI 240,240,826114,182,244,DRI,Pokémon,pokemon,221,https://images.tcggo.com/tcggo/storage/22104/destined-rivals-logo.png,Destined Rivals,EUR,1669.96,EUR,1598.93,2025-05-30,1,Scarlet & Violet,scarlet-violet,destined-rivals,280,22316,https://images.tcggo.com/tcggo/storage/22345/team-rockets-mewtwo-ex-dri-240-destined-rivals.png,https://www.tcggo.com/external/cm/22316,https://www.tcggo.com/external/tcgplayer/22316,Team Rocket's Mewtwo ex,Team Rocket's Mewtwo ex 240,56.86,54.03,399,EUR,,299,4500,,,125,134,79,180,,119,45,41.07,41.07,40,40,46,75,75,36.99,36.99,USD,88.42,5,,,,,59.48,3,,,,,65,3,149.51,5,,,,,40.37,1,157,5,,,44.86,5,71.76,5,,,169.33,5,,,62.79,1,57.41,5,EUR,52.61,55.97,Hyper Rare,team-rockets-mewtwo-ex,Pokémon,https://www.tcggo.com/pokemon/destined-rivals/team-rockets-mewtwo-ex-240,sv10-240,633040,singles
2026-08-23T17:19:56+02:00,,380,5ban Graphics,5ban-graphics,DRI 241,241,826115,182,244,DRI,Pokémon,pokemon,221,https://images.tcggo.com/tcggo/storage/22104/destined-rivals-logo.png,Destined Rivals,EUR,1669.96,EUR,1598.93,2025-05-30,1,Scarlet & Violet,scarlet-violet,destined-rivals,330,22317,https://images.tcggo.com/tcggo/storage/22346/cynthias-garchomp-ex-dri-241-destined-rivals.png,https://www.tcggo.com/external/cm/22317,https://www.tcggo.com/external/tcgplayer/22317,Cynthia's Garchomp ex,Cynthia's Garchomp ex 241,27.44,27.24,398,EUR,,,,,,,150,,125,,49,21.5,24.9,24.9,35,35,21.95,42.94,42.94,14.99,14.99,USD,49.55,5,,,,,30.55,2,,,,,,,61,5,,,,,23.46,2,66.39,5,,,26.91,5,21.68,5,,,91.13,5,,,,,25.01,3,EUR,27.05,29.91,Hyper Rare,cynthias-garchomp-ex,Pokémon,https://www.tcggo.com/pokemon/destined-rivals/cynthias-garchomp-ex-241,sv10-241,633041,singles
2026-08-23T17:19:56+02:00,,380,5ban Graphics,5ban-graphics,DRI 242,242,826116,182,244,DRI,Pokémon,pokemon,221,https://images.tcggo.com/tcggo/storage/22104/destined-rivals-logo.png,Destined Rivals,EUR,1669.96,EUR,1598.93,2025-05-30,1,Scarlet & Violet,scarlet-violet,destined-rivals,310,22318,https://images.tcggo.com/tcggo/storage/22347/team-rockets-crobat-ex-dri-242-destined-rivals.png,https://www.tcggo.com/external/cm/22318,https://www.tcggo.com/external/tcgplayer/22318,Team Rocket's Crobat ex,Team Rocket's Crobat ex 242,18.02,15.16,470,EUR,,69,,,,,70,,60,,44,13,15.99,15.99,22.9,22.9,13,33,33,13,13,USD,46.97,5,,,27.45,1,23.32,3,,,,,,,41.63,5,,,8.92,1,15.24,3,56.5,5,,,13.5,1,18.21,5,,,52,5,,,,,12.14,2,EUR,12.63,15.42,Hyper Rare,team-rockets-crobat-ex,Pokémon,https://www.tcggo.com/pokemon/destined-rivals/team-rockets-crobat-ex-242,sv10-242,633042,singles
2026-08-23T17:19:56+02:00,,453,AYUMI ODASHIMA,ayumi-odashima,DRI 243,243,826117,182,244,DRI,Pokémon,pokemon,221,https://images.tcggo.com/tcggo/storage/22104/destined-rivals-logo.png,Destined Rivals,EUR,1669.96,EUR,1598.93,2025-05-30,1,Scarlet & Violet,scarlet-violet,destined-rivals,0,22319,https://images.tcggo.com/tcggo/storage/22348/jamming-tower-dri-243-destined-rivals.png,https://www.tcggo.com/external/cm/22319,https://www.tcggo.com/external/tcgplayer/22319,Jamming Tower,Jamming Tower 243,10.97,10.58,515,EUR,,,,,,,,,70,,,9,8,8,12,12,9,16.99,16.99,9.49,9.49,USD,59.49,1,,,,,,,,,,,,,30.32,4,,,,,6.32,1,53.52,5,,,13.33,2,13.38,5,,,27.52,1,,,,,,,EUR,6.27,11.96,Hyper Rare,jamming-tower,Trainer,https://www.tcggo.com/pokemon/destined-rivals/jamming-tower-243,sv10-243,633043,singles
2026-08-23T17:19:56+02:00,,455,MARINA Chikazawa,marina-chikazawa,DRI 244,244,826118,182,244,DRI,Pokémon,pokemon,221,https://images.tcggo.com/tcggo/storage/22104/destined-rivals-logo.png,Destined Rivals,EUR,1669.96,EUR,1598.93,2025-05-30,1,Scarlet & Violet,scarlet-violet,destined-rivals,0,22320,https://images.tcggo.com/tcggo/storage/22349/levincia-dri-244-destined-rivals.png,https://www.tcggo.com/external/cm/22320,https://www.tcggo.com/external/tcgplayer/22320,Levincia,Levincia 244,10.46,9.3,470,EUR,,,,,,,,,,27,,7,6.85,6.85,7.9,7.9,7,19.99,19.99,7,7,USD,48.94,4,,,,,20.19,1,,,,,,,,,,,,,10.5,1,34.94,5,,,7.4,2,14.05,5,,,,,,,,,,,EUR,6.84,9.62,Hyper Rare,levincia,Trainer,https://www.tcggo.com/pokemon/destined-rivals/levincia-244,sv10-244,633044,singles
