captured_at,artist,artist.id,artist.name,artist.slug,card_code_number,card_number,cardmarket_id,episode.cards_printed_total,episode.cards_total,episode.code,episode.game.name,episode.game.slug,episode.id,episode.logo,episode.name,episode.prices.cardmarket.currency,episode.prices.cardmarket.total,episode.prices.tcgplayer.currency,episode.prices.tcgplayer.total,episode.released_at,episode.series.id,episode.series.name,episode.series.slug,episode.slug,hp,id,image,links.cardmarket,links.tcgplayer,name,name_numbered,prices,prices.cardmarket.30d_average,prices.cardmarket.7d_average,prices.cardmarket.available_items,prices.cardmarket.currency,prices.cardmarket.graded,prices.cardmarket.graded.bgs.bgs10,prices.cardmarket.graded.bgs.bgs10pristine,prices.cardmarket.graded.bgs.bgs8,prices.cardmarket.graded.bgs.bgs9,prices.cardmarket.graded.cgc.cgc10,prices.cardmarket.graded.cgc.cgc9,prices.cardmarket.graded.psa.psa10,prices.cardmarket.graded.psa.psa9,prices.cardmarket.lowest_near_mint,prices.cardmarket.lowest_near_mint_DE,prices.cardmarket.lowest_near_mint_DE_EU_only,prices.cardmarket.lowest_near_mint_ES,prices.cardmarket.lowest_near_mint_ES_EU_only,prices.cardmarket.lowest_near_mint_EU_only,prices.cardmarket.lowest_near_mint_FR,prices.cardmarket.lowest_near_mint_FR_EU_only,prices.cardmarket.lowest_near_mint_IT,prices.cardmarket.lowest_near_mint_IT_EU_only,prices.ebay.currency,prices.ebay.graded.ace.10.median_price,prices.ebay.graded.ace.10.sample_size,prices.ebay.graded.ace.7.median_price,prices.ebay.graded.ace.7.sample_size,prices.ebay.graded.ace.8.median_price,prices.ebay.graded.ace.8.sample_size,prices.ebay.graded.ace.9.median_price,prices.ebay.graded.ace.9.sample_size,prices.ebay.graded.bgs.10.median_price,prices.ebay.graded.bgs.10.sample_size,prices.ebay.graded.bgs.8.median_price,prices.ebay.graded.bgs.8.sample_size,prices.ebay.graded.bgs.9.median_price,prices.ebay.graded.bgs.9.sample_size,prices.ebay.graded.cgc.10.median_price,prices.ebay.graded.cgc.10.sample_size,prices.ebay.graded.cgc.7.median_price,prices.ebay.graded.cgc.7.sample_size,prices.ebay.graded.cgc.8.median_price,prices.ebay.graded.cgc.8.sample_size,prices.ebay.graded.cgc.9.median_price,prices.ebay.graded.cgc.9.sample_size,prices.ebay.graded.psa.10.median_price,prices.ebay.graded.psa.10.sample_size,prices.ebay.graded.psa.7.median_price,prices.ebay.graded.psa.7.sample_size,prices.ebay.graded.psa.8.median_price,prices.ebay.graded.psa.8.sample_size,prices.ebay.graded.psa.9.median_price,prices.ebay.graded.psa.9.sample_size,prices.ebay.graded.sgc.10.median_price,prices.ebay.graded.sgc.10.sample_size,prices.ebay.graded.tag.10.median_price,prices.ebay.graded.tag.10.sample_size,prices.ebay.graded.tag.8.median_price,prices.ebay.graded.tag.8.sample_size,prices.ebay.graded.tag.9.median_price,prices.ebay.graded.tag.9.sample_size,prices.tcg_player.currency,prices.tcg_player.market_price,rarity,slug,supertype,tcggo_url,tcgid,tcgplayer_id,type
2026-08-23T17:06:43+02:00,,376,MINAMINAMI Take,minaminami-take,PFL 1,1,857576,94,130,PFL,Pokémon,pokemon,231,https://images.tcggo.com/tcggo/storage/23782/Pokemon_TCG_Mega_Evolution—Phantasmal_Flames_Logo.png,Phantasmal Flames,EUR,1204.63,EUR,1021.43,2025-11-14,17,Mega Evolution,mega-evolution,phantasmal-flames,50,24008,https://images.tcggo.com/tcggo/storage/24139/oddish-pfl-1-phantasmal-flames.png,https://www.tcggo.com/external/cm/24008,https://www.tcggo.com/external/tcgplayer/24008,Oddish,Oddish 1,,0.03,0.02,23387,EUR,[],,,,,,,,,0.02,0.02,0.02,0.02,0.02,0.02,0.02,0.02,0.02,0.02,,,,,,,,,,,,,,,,,,,,,,,,,,,,,,,,,,,,,,,,EUR,0.24,Common,oddish,Pokémon,https://www.tcggo.com/pokemon/phantasmal-flames/oddish-1-5,me2-1,662205,singles
2026-08-23T17:06:43+02:00,,357,Yoriyuki Ikegami,yoriyuki-ikegami,PFL 2,2,857577,94,130,PFL,Pokémon,pokemon,231,https://images.tcggo.com/tcggo/storage/23782/Pokemon_TCG_Mega_Evolution—Phantasmal_Flames_Logo.png,Phantasmal Flames,EUR,1204.63,EUR,1021.43,2025-11-14,17,Mega Evolution,mega-evolution,phantasmal-flames,70,24009,https://images.tcggo.com/tcggo/storage/24148/gloom-pfl-2-phantasmal-flames.png,https://www.tcggo.com/external/cm/24009,https://www.tcggo.com/external/tcgplayer/24009,Gloom,Gloom 2,,0.02,0.02,23933,EUR,[],,,,,,,,,0.02,0.02,0.02,0.02,0.02,0.02,0.02,0.02,0.02,0.02,,,,,,,,,,,,,,,,,,,,,,,,,,,,,,,,,,,,,,,,EUR,0.18,Common,gloom,Pokémon,https://www.tcggo.com/pokemon/phantasmal-flames/gloom-2-5,me2-2,662164,singles
2026-08-23T17:06:43+02:00,,440,Shibuzoh.,shibuzoh,PFL 3,3,857578,94,130,PFL,Pokémon,pokemon,231,https://images.tcggo.com/tcggo/storage/23782/Pokemon_TCG_Mega_Evolution—Phantasmal_Flames_Logo.png,Phantasmal Flames,EUR,1204.63,EUR,1021.43,2025-11-14,17,Mega Evolution,mega-evolution,phantasmal-flames,150,24010,https://images.tcggo.com/tcggo/storage/24027/vileplume-pfl-3-phantasmal-flames.png,https://www.tcggo.com/external/cm/24010,https://www.tcggo.com/external/tcgplayer/24010,Vileplume,Vileplume 3,,0.05,0.06,20964,EUR,[],,,,,,,,,0.02,0.02,0.02,0.02,0.02,0.02,0.02,0.02,0.02,0.02,,,,,,,,,,,,,,,,,,,,,,,,,,,,,,,,,,,,,,,,EUR,0.19,rare,vileplume,Pokémon,https://www.tcggo.com/pokemon/phantasmal-flames/vileplume-3-3,me2-3,662238,singles
2026-08-23T17:06:43+02:00,,380,5ban Graphics,5ban-graphics,PFL 4,4,857579,94,130,PFL,Pokémon,pokemon,231,https://images.tcggo.com/tcggo/storage/23782/Pokemon_TCG_Mega_Evolution—Phantasmal_Flames_Logo.png,Phantasmal Flames,EUR,1204.63,EUR,1021.43,2025-11-14,17,Mega Evolution,mega-evolution,phantasmal-flames,280,24011,https://images.tcggo.com/tcggo/storage/24035/mega-heracross-ex-pfl-4-phantasmal-flames.png,https://www.tcggo.com/external/cm/24011,https://www.tcggo.com/external/tcgplayer/24011,Mega Heracross ex,Mega Heracross ex 4,,0.42,0.42,5314,EUR,[],,,,,,,,,0.09,0.11,0.11,0.05,0.05,0.09,0.05,0.05,0.02,0.02,,,,,,,,,,,,,,,,,,,,,,,,,,,,,,,,,,,,,,,,EUR,0.49,Double Rare,mega-heracross-ex,Pokémon,https://www.tcggo.com/pokemon/phantasmal-flames/mega-heracross-ex-4,me2-4,662186,singles
2026-08-23T17:06:43+02:00,,779,Wintr Wandr,wintr-wandr,PFL 5,5,857580,94,130,PFL,Pokémon,pokemon,231,https://images.tcggo.com/tcggo/storage/23782/Pokemon_TCG_Mega_Evolution—Phantasmal_Flames_Logo.png,Phantasmal Flames,EUR,1204.63,EUR,1021.43,2025-11-14,17,Mega Evolution,mega-evolution,phantasmal-flames,70,24012,https://images.tcggo.com/tcggo/storage/24043/lotad-pfl-5-phantasmal-flames.png,https://www.tcggo.com/external/cm/24012,https://www.tcggo.com/external/tcgplayer/24012,Lotad,Lotad 5,,0.02,0.02,23138,EUR,[],,,,,,,,,0.02,0.02,0.02,0.02,0.02,0.02,0.02,0.02,0.02,0.02,,,,,,,,,,,,,,,,,,,,,,,,,,,,,,,,,,,,,,,,EUR,0.19,Common,lotad,Pokémon,https://www.tcggo.com/pokemon/phantasmal-flames/lotad-5,me2-5,662178,singles
2026-08-23T17:06:43+02:00,,437,Shigenori Negishi,shigenori-negishi,PFL 6,6,857581,94,130,PFL,Pokémon,pokemon,231,https://images.tcggo.com/tcggo/storage/23782/Pokemon_TCG_Mega_Evolution—Phantasmal_Flames_Logo.png,Phantasmal Flames,EUR,1204.63,EUR,1021.43,2025-11-14,17,Mega Evolution,mega-evolution,phantasmal-flames,90,24013,https://images.tcggo.com/tcggo/storage/24051/lombre-pfl-6-phantasmal-flames.png,https://www.tcggo.com/external/cm/24013,https://www.tcggo.com/external/tcgplayer/24013,Lombre,Lombre 6,,0.02,0.03,23597,EUR,[],,,,,,,,,0.02,0.02,0.02,0.02,0.02,0.02,0.02,0.02,0.02,0.02,,,,,,,,,,,,,,,,,,,,,,,,,,,,,,,,,,,,,,,,EUR,0.15,Common,lombre,Pokémon,https://www.tcggo.com/pokemon/phantasmal-flames/lombre-6,me2-6,662177,singles
2026-08-23T17:06:43+02:00,,363,Anesaki Dynamic,anesaki-dynamic,PFL 7,7,857582,94,130,PFL,Pokémon,pokemon,231,https://images.tcggo.com/tcggo/storage/23782/Pokemon_TCG_Mega_Evolution—Phantasmal_Flames_Logo.png,Phantasmal Flames,EUR,1204.63,EUR,1021.43,2025-11-14,17,Mega Evolution,mega-evolution,phantasmal-flames,160,24014,https://images.tcggo.com/tcggo/storage/24059/ludicolo-pfl-7-phantasmal-flames.png,https://www.tcggo.com/external/cm/24014,https://www.tcggo.com/external/tcgplayer/24014,Ludicolo,Ludicolo 7,,0.02,0.02,23337,EUR,[],,,,,,,,,0.03,0.02,0.02,0.02,0.02,0.02,0.02,0.02,0.02,0.02,,,,,,,,,,,,,,,,,,,,,,,,,,,,,,,,,,,,,,,,EUR,0.17,Uncommon,ludicolo,Pokémon,https://www.tcggo.com/pokemon/phantasmal-flames/ludicolo-7-1,me2-7,662179,singles
2026-08-23T17:06:43+02:00,,375,Mitsuhiro Arita,mitsuhiro-arita,PFL 8,8,857583,94,130,PFL,Pokémon,pokemon,231,https://images.tcggo.com/tcggo/storage/23782/Pokemon_TCG_Mega_Evolution—Phantasmal_Flames_Logo.png,Phantasmal Flames,EUR,1204.63,EUR,1021.43,2025-11-14,17,Mega Evolution,mega-evolution,phantasmal-flames,120,24015,https://images.tcggo.com/tcggo/storage/24067/genesect-pfl-8-phantasmal-flames.png,https://www.tcggo.com/external/cm/24015,https://www.tcggo.com/external/tcgplayer/24015,Genesect,Genesect 8,,0.04,0.05,21106,EUR,[],,,,,,,,,0.02,0.02,0.02,0.02,0.02,0.02,0.02,0.02,0.02,0.02,,,,,,,,,,,,,,,,,,,,,,,,,,,,,,,,,,,,,,,,EUR,0.16,rare,genesect,Pokémon,https://www.tcggo.com/pokemon/phantasmal-flames/genesect-8,me2-8,662161,singles
2026-08-23T17:06:43+02:00,,401,Yuka Morii,yuka-morii,PFL 9,9,857584,94,130,PFL,Pokémon,pokemon,231,https://images.tcggo.com/tcggo/storage/23782/Pokemon_TCG_Mega_Evolution—Phantasmal_Flames_Logo.png,Phantasmal Flames,EUR,1204.63,EUR,1021.43,2025-11-14,17,Mega Evolution,mega-evolution,phantasmal-flames,50,24016,https://images.tcggo.com/tcggo/storage/24075/nymble-pfl-9-phantasmal-flames.png,https://www.tcggo.com/external/cm/24016,https://www.tcggo.com/external/tcgplayer/24016,Nymble,Nymble 9,,0.02,0.03,23798,EUR,[],,,,,,,,,0.02,0.02,0.02,0.02,0.02,0.02,0.02,0.02,0.02,0.02,,,,,,,,,,,,,,,,,,,,,,,,,,,,,,,,,,,,,,,,EUR,0.2,Common,nymble,Pokémon,https://www.tcggo.com/pokemon/phantasmal-flames/nymble-9,me2-9,662203,singles
2026-08-23T17:06:43+02:00,,480,Taiga Kasai,taiga-kasai,PFL 10,10,857585,94,130,PFL,Pokémon,pokemon,231,https://images.tcggo.com/tcggo/storage/23782/Pokemon_TCG_Mega_Evolution—Phantasmal_Flames_Logo.png,Phantasmal Flames,EUR,1204.63,EUR,1021.43,2025-11-14,17,Mega Evolution,mega-evolution,phantasmal-flames,120,24017,https://images.tcggo.com/tcggo/storage/24083/lokix-pfl-10-phantasmal-flames.png,https://www.tcggo.com/external/cm/24017,https://www.tcggo.com/external/tcgplayer/24017,Lokix,Lokix 10,,0.02,0.03,24495,EUR,[],,,,,,,,,0.03,0.02,0.02,0.02,0.02,0.02,0.02,0.02,0.02,0.02,,,,,,,,,,,,,,,,,,,,,,,,,,,,,,,,,,,,,,,,EUR,0.15,Uncommon,lokix,Pokémon,https://www.tcggo.com/pokemon/phantasmal-flames/lokix-10,me2-10,662176,singles
2026-08-23T17:06:43+02:00,,359,HYOGONOSUKE,hyogonosuke,PFL 11,11,857586,94,130,PFL,Pokémon,pokemon,231,https://images.tcggo.com/tcggo/storage/23782/Pokemon_TCG_Mega_Evolution—Phantasmal_Flames_Logo.png,Phantasmal Flames,EUR,1204.63,EUR,1021.43,2025-11-14,17,Mega Evolution,mega-evolution,phantasmal-flames,80,24018,https://images.tcggo.com/tcggo/storage/24091/charmander-pfl-11-phantasmal-flames.png,https://www.tcggo.com/external/cm/24018,https://www.tcggo.com/external/tcgplayer/24018,Charmander,Charmander 11,,0.05,0.05,19709,EUR,[],,,,,,,,,0.02,0.02,0.02,0.02,0.02,0.02,0.02,0.02,0.02,0.02,,,,,,,,,,,,,,,,,,,,,,,,,,,,,,,,,,,,,,,,EUR,0.28,Common,charmander,Pokémon,https://www.tcggo.com/pokemon/phantasmal-flames/charmander-11-1,me2-11,662143,singles
2026-08-23T17:06:43+02:00,,419,Uninori,uninori,PFL 12,12,857587,94,130,PFL,Pokémon,pokemon,231,https://images.tcggo.com/tcggo/storage/23782/Pokemon_TCG_Mega_Evolution—Phantasmal_Flames_Logo.png,Phantasmal Flames,EUR,1204.63,EUR,1021.43,2025-11-14,17,Mega Evolution,mega-evolution,phantasmal-flames,110,24019,https://images.tcggo.com/tcggo/storage/24099/charmeleon-pfl-12-phantasmal-flames.png,https://www.tcggo.com/external/cm/24019,https://www.tcggo.com/external/tcgplayer/24019,Charmeleon,Charmeleon 12,,0.04,0.04,21003,EUR,[],,,,,,,,,0.02,0.02,0.02,0.02,0.02,0.02,0.02,0.02,0.02,0.02,,,,,,,,,,,,,,,,,,,,,,,,,,,,,,,,,,,,,,,,EUR,0.2,Common,charmeleon,Pokémon,https://www.tcggo.com/pokemon/phantasmal-flames/charmeleon-12,me2-12,662144,singles
2026-08-23T17:06:43+02:00,,490,takuyoa,takuyoa,PFL 13,13,857588,94,130,PFL,Pokémon,pokemon,231,https://images.tcggo.com/tcggo/storage/23782/Pokemon_TCG_Mega_Evolution—Phantasmal_Flames_Logo.png,Phantasmal Flames,EUR,1204.63,EUR,1021.43,2025-11-14,17,Mega Evolution,mega-evolution,phantasmal-flames,360,24020,https://images.tcggo.com/tcggo/storage/24107/mega-charizard-x-ex-pfl-13-phantasmal-flames.png,https://www.tcggo.com/external/cm/24020,https://www.tcggo.com/external/tcgplayer/24020,Mega Charizard X ex,Mega Charizard X ex 13,,2.93,3.42,2273,EUR,[],,,,,,,,,1.9,1.5,1.95,1.5,1.5,2.5,1.95,1.5,1,1,USD,,,,,,,,,,,,,,,27.5,2,,,20,3,15,1,115,5,11,2,,,29.99,3,,,,,,,,,EUR,4.01,Double Rare,mega-charizard-x-ex,Pokémon,https://www.tcggo.com/pokemon/phantasmal-flames/mega-charizard-x-ex-13,me2-13,662182,singles
2026-08-23T17:06:43+02:00,,439,Kazumasa Yasukuni,kazumasa-yasukuni,PFL 14,14,857589,94,130,PFL,Pokémon,pokemon,231,https://images.tcggo.com/tcggo/storage/23782/Pokemon_TCG_Mega_Evolution—Phantasmal_Flames_Logo.png,Phantasmal Flames,EUR,1204.63,EUR,1021.43,2025-11-14,17,Mega Evolution,mega-evolution,phantasmal-flames,120,24021,https://images.tcggo.com/tcggo/storage/24115/moltres-pfl-14-phantasmal-flames.png,https://www.tcggo.com/external/cm/24021,https://www.tcggo.com/external/tcgplayer/24021,Moltres,Moltres 14,,0.07,0.08,18164,EUR,[],,,,,,,,,0.03,0.02,0.02,0.02,0.02,0.02,0.02,0.02,0.02,0.02,,,,,,,,,,,,,,,,,,,,,,,,,,,,,,,,,,,,,,,,EUR,0.25,rare,moltres,Pokémon,https://www.tcggo.com/pokemon/phantasmal-flames/moltres-14-1,me2-14,662201,singles
2026-08-23T17:06:43+02:00,,536,NC Empire,nc-empire,PFL 15,15,857590,94,130,PFL,Pokémon,pokemon,231,https://images.tcggo.com/tcggo/storage/23782/Pokemon_TCG_Mega_Evolution—Phantasmal_Flames_Logo.png,Phantasmal Flames,EUR,1204.63,EUR,1021.43,2025-11-14,17,Mega Evolution,mega-evolution,phantasmal-flames,80,24022,https://images.tcggo.com/tcggo/storage/24123/darumaka-pfl-15-phantasmal-flames.png,https://www.tcggo.com/external/cm/24022,https://www.tcggo.com/external/tcgplayer/24022,Darumaka,Darumaka 15,,0.02,0.02,24110,EUR,[],,,,,,,,,0.02,0.02,0.02,0.02,0.02,0.02,0.02,0.02,0.02,0.02,,,,,,,,,,,,,,,,,,,,,,,,,,,,,,,,,,,,,,,,EUR,0.17,Common,darumaka,Pokémon,https://www.tcggo.com/pokemon/phantasmal-flames/darumaka-15,me2-15,662147,singles
2026-08-23T17:06:43+02:00,,428,Uta,uta,PFL 16,16,857591,94,130,PFL,Pokémon,pokemon,231,https://images.tcggo.com/tcggo/storage/23782/Pokemon_TCG_Mega_Evolution—Phantasmal_Flames_Logo.png,Phantasmal Flames,EUR,1204.63,EUR,1021.43,2025-11-14,17,Mega Evolution,mega-evolution,phantasmal-flames,150,24023,https://images.tcggo.com/tcggo/storage/24131/darmanitan-pfl-16-phantasmal-flames.png,https://www.tcggo.com/external/cm/24023,https://www.tcggo.com/external/tcgplayer/24023,Darmanitan,Darmanitan 16,,0.02,0.02,24229,EUR,[],,,,,,,,,0.02,0.02,0.02,0.02,0.02,0.02,0.02,0.02,0.02,0.02,,,,,,,,,,,,,,,,,,,,,,,,,,,,,,,,,,,,,,,,EUR,0.2,Uncommon,darmanitan,Pokémon,https://www.tcggo.com/pokemon/phantasmal-flames/darmanitan-16,me2-16,662146,singles
2026-08-23T17:06:43+02:00,,434,AKIRA EGAWA,akira-egawa,PFL 17,17,857592,94,130,PFL,Pokémon,pokemon,231,https://images.tcggo.com/tcggo/storage/23782/Pokemon_TCG_Mega_Evolution—Phantasmal_Flames_Logo.png,Phantasmal Flames,EUR,1204.63,EUR,1021.43,2025-11-14,17,Mega Evolution,mega-evolution,phantasmal-flames,130,24024,https://images.tcggo.com/tcggo/storage/24140/reshiram-pfl-17-phantasmal-flames.png,https://www.tcggo.com/external/cm/24024,https://www.tcggo.com/external/tcgplayer/24024,Reshiram,Reshiram 17,,0.04,0.04,20648,EUR,[],,,,,,,,,0.03,0.02,0.02,0.02,0.02,0.02,0.02,0.02,0.02,0.02,,,,,,,,,,,,,,,,,,,,,,,,,,,,,,,,,,,,,,,,EUR,0.18,rare,reshiram,Pokémon,https://www.tcggo.com/pokemon/phantasmal-flames/reshiram-17-2,me2-17,662219,singles
2026-08-23T17:06:43+02:00,,430,akagi,akagi,PFL 18,18,857593,94,130,PFL,Pokémon,pokemon,231,https://images.tcggo.com/tcggo/storage/23782/Pokemon_TCG_Mega_Evolution—Phantasmal_Flames_Logo.png,Phantasmal Flames,EUR,1204.63,EUR,1021.43,2025-11-14,17,Mega Evolution,mega-evolution,phantasmal-flames,190,24025,https://images.tcggo.com/tcggo/storage/24149/oricorio-ex-pfl-18-phantasmal-flames.png,https://www.tcggo.com/external/cm/24025,https://www.tcggo.com/external/tcgplayer/24025,Oricorio ex,Oricorio ex 18,,0.42,0.39,5879,EUR,[],,,,,,,,,0.02,0.02,0.07,0.05,0.05,0.02,0.05,0.1,0.02,0.02,,,,,,,,,,,,,,,,,,,,,,,,,,,,,,,,,,,,,,,,EUR,0.46,Double Rare,oricorio-ex,Pokémon,https://www.tcggo.com/pokemon/phantasmal-flames/oricorio-ex-18,me2-18,662206,singles
2026-08-23T17:06:43+02:00,,441,Tomokazu Komiya,tomokazu-komiya,PFL 19,19,857594,94,130,PFL,Pokémon,pokemon,231,https://images.tcggo.com/tcggo/storage/23782/Pokemon_TCG_Mega_Evolution—Phantasmal_Flames_Logo.png,Phantasmal Flames,EUR,1204.63,EUR,1021.43,2025-11-14,17,Mega Evolution,mega-evolution,phantasmal-flames,70,24026,https://images.tcggo.com/tcggo/storage/24028/charcadet-pfl-19-phantasmal-flames.png,https://www.tcggo.com/external/cm/24026,https://www.tcggo.com/external/tcgplayer/24026,Charcadet,Charcadet 19,,0.02,0.02,23637,EUR,[],,,,,,,,,0.02,0.02,0.02,0.02,0.02,0.02,0.02,0.02,0.02,0.02,,,,,,,,,,,,,,,,,,,,,,,,,,,,,,,,,,,,,,,,EUR,0.17,Common,charcadet,Pokémon,https://www.tcggo.com/pokemon/phantasmal-flames/charcadet-19,me2-19,662142,singles
2026-08-23T17:06:43+02:00,,396,Gemi,gemi,PFL 20,20,857595,94,130,PFL,Pokémon,pokemon,231,https://images.tcggo.com/tcggo/storage/23782/Pokemon_TCG_Mega_Evolution—Phantasmal_Flames_Logo.png,Phantasmal Flames,EUR,1204.63,EUR,1021.43,2025-11-14,17,Mega Evolution,mega-evolution,phantasmal-flames,140,24027,https://images.tcggo.com/tcggo/storage/24036/ceruledge-pfl-20-phantasmal-flames.png,https://www.tcggo.com/external/cm/24027,https://www.tcggo.com/external/tcgplayer/24027,Ceruledge,Ceruledge 20,,0.02,0.03,23774,EUR,[],,,,,,,,,0.02,0.02,0.02,0.02,0.02,0.02,0.02,0.02,0.02,0.02,,,,,,,,,,,,,,,,,,,,,,,,,,,,,,,,,,,,,,,,EUR,0.18,Uncommon,ceruledge,Pokémon,https://www.tcggo.com/pokemon/phantasmal-flames/ceruledge-20,me2-20,662141,singles
2026-08-23T17:06:43+02:00,,764,svlt,svlt,PFL 21,21,857596,94,130,PFL,Pokémon,pokemon,231,https://images.tcggo.com/tcggo/storage/23782/Pokemon_TCG_Mega_Evolution—Phantasmal_Flames_Logo.png,Phantasmal Flames,EUR,1204.63,EUR,1021.43,2025-11-14,17,Mega Evolution,mega-evolution,phantasmal-flames,80,24028,https://images.tcggo.com/tcggo/storage/24044/seel-pfl-21-phantasmal-flames.png,https://www.tcggo.com/external/cm/24028,https://www.tcggo.com/external/tcgplayer/24028,Seel,Seel 21,,0.03,0.02,23740,EUR,[],,,,,,,,,0.03,0.02,0.02,0.02,0.02,0.02,0.02,0.02,0.02,0.02,,,,,,,,,,,,,,,,,,,,,,,,,,,,,,,,,,,,,,,,EUR,0.15,Common,seel,Pokémon,https://www.tcggo.com/pokemon/phantasmal-flames/seel-21,me2-21,662226,singles
2026-08-23T17:06:43+02:00,,398,Taira Akitsu,taira-akitsu,PFL 22,22,857597,94,130,PFL,Pokémon,pokemon,231,https://images.tcggo.com/tcggo/storage/23782/Pokemon_TCG_Mega_Evolution—Phantasmal_Flames_Logo.png,Phantasmal Flames,EUR,1204.63,EUR,1021.43,2025-11-14,17,Mega Evolution,mega-evolution,phantasmal-flames,130,24029,https://images.tcggo.com/tcggo/storage/24052/dewgong-pfl-22-phantasmal-flames.png,https://www.tcggo.com/external/cm/24029,https://www.tcggo.com/external/tcgplayer/24029,Dewgong,Dewgong 22,,0.03,0.03,23720,EUR,[],,,,,,,,,0.03,0.02,0.02,0.02,0.02,0.02,0.02,0.02,0.02,0.02,,,,,,,,,,,,,,,,,,,,,,,,,,,,,,,,,,,,,,,,EUR,0,Common,dewgong,Pokémon,https://www.tcggo.com/pokemon/phantasmal-flames/dewgong-22,me2-22,664093,singles
2026-08-23T17:06:43+02:00,,781,imoniii,imoniii,PFL 23,23,857598,94,130,PFL,Pokémon,pokemon,231,https://images.tcggo.com/tcggo/storage/23782/Pokemon_TCG_Mega_Evolution—Phantasmal_Flames_Logo.png,Phantasmal Flames,EUR,1204.63,EUR,1021.43,2025-11-14,17,Mega Evolution,mega-evolution,phantasmal-flames,70,24030,https://images.tcggo.com/tcggo/storage/24060/swinub-pfl-23-phantasmal-flames.png,https://www.tcggo.com/external/cm/24030,https://www.tcggo.com/external/tcgplayer/24030,Swinub,Swinub 23,,0.03,0.03,24081,EUR,[],,,,,,,,,0.03,0.02,0.02,0.02,0.02,0.02,0.02,0.02,0.02,0.02,,,,,,,,,,,,,,,,,,,,,,,,,,,,,,,,,,,,,,,,EUR,0.18,Common,swinub,Pokémon,https://www.tcggo.com/pokemon/phantasmal-flames/swinub-23,me2-23,662230,singles
2026-08-23T17:06:43+02:00,,466,Shinya Komatsu,shinya-komatsu,PFL 24,24,857599,94,130,PFL,Pokémon,pokemon,231,https://images.tcggo.com/tcggo/storage/23782/Pokemon_TCG_Mega_Evolution—Phantasmal_Flames_Logo.png,Phantasmal Flames,EUR,1204.63,EUR,1021.43,2025-11-14,17,Mega Evolution,mega-evolution,phantasmal-flames,100,24031,https://images.tcggo.com/tcggo/storage/24068/piloswine-pfl-24-phantasmal-flames.png,https://www.tcggo.com/external/cm/24031,https://www.tcggo.com/external/tcgplayer/24031,Piloswine,Piloswine 24,,0.03,0.03,24275,EUR,[],,,,,,,,,0.03,0.02,0.02,0.02,0.02,0.02,0.02,0.02,0.02,0.02,,,,,,,,,,,,,,,,,,,,,,,,,,,,,,,,,,,,,,,,EUR,0.17,Common,piloswine,Pokémon,https://www.tcggo.com/pokemon/phantasmal-flames/piloswine-24-1,me2-24,662213,singles
2026-08-23T17:06:43+02:00,,388,Takumi Wada,takumi-wada,PFL 25,25,857600,94,130,PFL,Pokémon,pokemon,231,https://images.tcggo.com/tcggo/storage/23782/Pokemon_TCG_Mega_Evolution—Phantasmal_Flames_Logo.png,Phantasmal Flames,EUR,1204.63,EUR,1021.43,2025-11-14,17,Mega Evolution,mega-evolution,phantasmal-flames,180,24032,https://images.tcggo.com/tcggo/storage/24076/mamoswine-pfl-25-phantasmal-flames.png,https://www.tcggo.com/external/cm/24032,https://www.tcggo.com/external/tcgplayer/24032,Mamoswine,Mamoswine 25,,0.02,0.02,23521,EUR,[],,,,,,,,,0.03,0.02,0.02,0.02,0.02,0.02,0.02,0.02,0.02,0.02,,,,,,,,,,,,,,,,,,,,,,,,,,,,,,,,,,,,,,,,EUR,0.2,Uncommon,mamoswine,Pokémon,https://www.tcggo.com/pokemon/phantasmal-flames/mamoswine-25,me2-25,662181,singles
2026-08-23T17:06:43+02:00,,436,Takeshi Nakamura,takeshi-nakamura,PFL 26,26,857601,94,130,PFL,Pokémon,pokemon,231,https://images.tcggo.com/tcggo/storage/23782/Pokemon_TCG_Mega_Evolution—Phantasmal_Flames_Logo.png,Phantasmal Flames,EUR,1204.63,EUR,1021.43,2025-11-14,17,Mega Evolution,mega-evolution,phantasmal-flames,130,24033,https://images.tcggo.com/tcggo/storage/24084/suicune-pfl-26-phantasmal-flames.png,https://www.tcggo.com/external/cm/24033,https://www.tcggo.com/external/tcgplayer/24033,Suicune,Suicune 26,,0.05,0.05,19940,EUR,[],,,,,,,,,0.03,0.02,0.02,0.02,0.02,0.02,0.02,0.02,0.02,0.02,,,,,,,,,,,,,,,,,,,,,,,,,,,,,,,,,,,,,,,,EUR,0.21,rare,suicune,Pokémon,https://www.tcggo.com/pokemon/phantasmal-flames/suicune-26,me2-26,662229,singles
2026-08-23T17:06:43+02:00,,456,Hideki Ishikawa,hideki-ishikawa,PFL 27,27,857602,94,130,PFL,Pokémon,pokemon,231,https://images.tcggo.com/tcggo/storage/23782/Pokemon_TCG_Mega_Evolution—Phantasmal_Flames_Logo.png,Phantasmal Flames,EUR,1204.63,EUR,1021.43,2025-11-14,17,Mega Evolution,mega-evolution,phantasmal-flames,70,24034,https://images.tcggo.com/tcggo/storage/24092/piplup-pfl-27-phantasmal-flames.png,https://www.tcggo.com/external/cm/24034,https://www.tcggo.com/external/tcgplayer/24034,Piplup,Piplup 27,,0.04,0.03,21253,EUR,[],,,,,,,,,0.02,0.02,0.02,0.02,0.02,0.02,0.02,0.02,0.02,0.02,,,,,,,,,,,,,,,,,,,,,,,,,,,,,,,,,,,,,,,,EUR,0.21,Common,piplup,Pokémon,https://www.tcggo.com/pokemon/phantasmal-flames/piplup-27-1,me2-27,662214,singles
2026-08-23T17:06:43+02:00,,413,Atsuya Uki,atsuya-uki,PFL 28,28,857603,94,130,PFL,Pokémon,pokemon,231,https://images.tcggo.com/tcggo/storage/23782/Pokemon_TCG_Mega_Evolution—Phantasmal_Flames_Logo.png,Phantasmal Flames,EUR,1204.63,EUR,1021.43,2025-11-14,17,Mega Evolution,mega-evolution,phantasmal-flames,100,24035,https://images.tcggo.com/tcggo/storage/24100/prinplup-pfl-28-phantasmal-flames.png,https://www.tcggo.com/external/cm/24035,https://www.tcggo.com/external/tcgplayer/24035,Prinplup,Prinplup 28,,0.03,0.03,23268,EUR,[],,,,,,,,,0.03,0.02,0.02,0.02,0.02,0.02,0.02,0.02,0.02,0.02,,,,,,,,,,,,,,,,,,,,,,,,,,,,,,,,,,,,,,,,EUR,0.21,Common,prinplup,Pokémon,https://www.tcggo.com/pokemon/phantasmal-flames/prinplup-28-1,me2-28,662216,singles
2026-08-23T17:06:43+02:00,,380,5ban Graphics,5ban-graphics,PFL 29,29,857604,94,130,PFL,Pokémon,pokemon,231,https://images.tcggo.com/tcggo/storage/23782/Pokemon_TCG_Mega_Evolution—Phantasmal_Flames_Logo.png,Phantasmal Flames,EUR,1204.63,EUR,1021.43,2025-11-14,17,Mega Evolution,mega-evolution,phantasmal-flames,190,24036,https://images.tcggo.com/tcggo/storage/24108/rotom-ex-pfl-29-phantasmal-flames.png,https://www.tcggo.com/external/cm/24036,https://www.tcggo.com/external/tcgplayer/24036,Rotom ex,Rotom ex 29,,0.35,0.34,6206,EUR,[],,,,,,,,,0.03,0.09,0.09,0.04,0.04,0.03,0.05,0.08,0.02,0.02,,,,,,,,,,,,,,,,,,,,,,,,,,,,,,,,,,,,,,,,EUR,0.48,Double Rare,rotom-ex,Pokémon,https://www.tcggo.com/pokemon/phantasmal-flames/rotom-ex-29,me2-29,662220,singles
2026-08-23T17:06:43+02:00,,772,Ayako Ozaki,ayako-ozaki,PFL 30,30,857605,94,130,PFL,Pokémon,pokemon,231,https://images.tcggo.com/tcggo/storage/23782/Pokemon_TCG_Mega_Evolution—Phantasmal_Flames_Logo.png,Phantasmal Flames,EUR,1204.63,EUR,1021.43,2025-11-14,17,Mega Evolution,mega-evolution,phantasmal-flames,70,24037,https://images.tcggo.com/tcggo/storage/24116/yamper-pfl-30-phantasmal-flames.png,https://www.tcggo.com/external/cm/24037,https://www.tcggo.com/external/tcgplayer/24037,Yamper,Yamper 30,,0.02,0.02,23863,EUR,[],,,,,,,,,0.03,0.02,0.02,0.02,0.02,0.02,0.02,0.02,0.02,0.02,,,,,,,,,,,,,,,,,,,,,,,,,,,,,,,,,,,,,,,,EUR,0.19,Common,yamper,Pokémon,https://www.tcggo.com/pokemon/phantasmal-flames/yamper-30,me2-30,662242,singles
2026-08-23T17:06:43+02:00,,365,Orca,orca,PFL 31,31,857606,94,130,PFL,Pokémon,pokemon,231,https://images.tcggo.com/tcggo/storage/23782/Pokemon_TCG_Mega_Evolution—Phantasmal_Flames_Logo.png,Phantasmal Flames,EUR,1204.63,EUR,1021.43,2025-11-14,17,Mega Evolution,mega-evolution,phantasmal-flames,130,24038,https://images.tcggo.com/tcggo/storage/24124/boltund-pfl-31-phantasmal-flames.png,https://www.tcggo.com/external/cm/24038,https://www.tcggo.com/external/tcgplayer/24038,Boltund,Boltund 31,,0.02,0.02,24049,EUR,[],,,,,,,,,0.02,0.02,0.02,0.02,0.02,0.02,0.02,0.02,0.02,0.02,,,,,,,,,,,,,,,,,,,,,,,,,,,,,,,,,,,,,,,,EUR,0.21,Common,boltund,Pokémon,https://www.tcggo.com/pokemon/phantasmal-flames/boltund-31,me2-31,662134,singles
2026-08-23T17:06:43+02:00,,410,Shimaris Yukichi,shimaris-yukichi,PFL 32,32,857607,94,130,PFL,Pokémon,pokemon,231,https://images.tcggo.com/tcggo/storage/23782/Pokemon_TCG_Mega_Evolution—Phantasmal_Flames_Logo.png,Phantasmal Flames,EUR,1204.63,EUR,1021.43,2025-11-14,17,Mega Evolution,mega-evolution,phantasmal-flames,60,24039,https://images.tcggo.com/tcggo/storage/24132/pawmi-pfl-32-phantasmal-flames.png,https://www.tcggo.com/external/cm/24039,https://www.tcggo.com/external/tcgplayer/24039,Pawmi,Pawmi 32,,0.03,0.02,23590,EUR,[],,,,,,,,,0.02,0.02,0.02,0.02,0.02,0.02,0.02,0.02,0.02,0.02,,,,,,,,,,,,,,,,,,,,,,,,,,,,,,,,,,,,,,,,EUR,0.15,Common,pawmi,Pokémon,https://www.tcggo.com/pokemon/phantasmal-flames/pawmi-32,me2-32,662210,singles
2026-08-23T17:06:43+02:00,,412,Taiga Kayama,taiga-kayama,PFL 33,33,857608,94,130,PFL,Pokémon,pokemon,231,https://images.tcggo.com/tcggo/storage/23782/Pokemon_TCG_Mega_Evolution—Phantasmal_Flames_Logo.png,Phantasmal Flames,EUR,1204.63,EUR,1021.43,2025-11-14,17,Mega Evolution,mega-evolution,phantasmal-flames,90,24040,https://images.tcggo.com/tcggo/storage/24141/pawmo-pfl-33-phantasmal-flames.png,https://www.tcggo.com/external/cm/24040,https://www.tcggo.com/external/tcgplayer/24040,Pawmo,Pawmo 33,,0.02,0.02,24103,EUR,[],,,,,,,,,0.02,0.02,0.02,0.02,0.02,0.02,0.02,0.02,0.02,0.02,,,,,,,,,,,,,,,,,,,,,,,,,,,,,,,,,,,,,,,,EUR,0.14,Common,pawmo,Pokémon,https://www.tcggo.com/pokemon/phantasmal-flames/pawmo-33,me2-33,662211,singles
2026-08-23T17:06:43+02:00,,417,satoma,satoma,PFL 34,34,857609,94,130,PFL,Pokémon,pokemon,231,https://images.tcggo.com/tcggo/storage/23782/Pokemon_TCG_Mega_Evolution—Phantasmal_Flames_Logo.png,Phantasmal Flames,EUR,1204.63,EUR,1021.43,2025-11-14,17,Mega Evolution,mega-evolution,phantasmal-flames,140,24041,https://images.tcggo.com/tcggo/storage/24150/pawmot-pfl-34-phantasmal-flames.png,https://www.tcggo.com/external/cm/24041,https://www.tcggo.com/external/tcgplayer/24041,Pawmot,Pawmot 34,,0.04,0.05,22766,EUR,[],,,,,,,,,0.02,0.02,0.02,0.02,0.02,0.02,0.02,0.02,0.02,0.02,,,,,,,,,,,,,,,,,,,,,,,,,,,,,,,,,,,,,,,,EUR,0.15,rare,pawmot,Pokémon,https://www.tcggo.com/pokemon/phantasmal-flames/pawmot-34,me2-34,662212,singles
2026-08-23T17:06:43+02:00,,424,Mousho,mousho,PFL 35,35,857610,94,130,PFL,Pokémon,pokemon,231,https://images.tcggo.com/tcggo/storage/23782/Pokemon_TCG_Mega_Evolution—Phantasmal_Flames_Logo.png,Phantasmal Flames,EUR,1204.63,EUR,1021.43,2025-11-14,17,Mega Evolution,mega-evolution,phantasmal-flames,70,24042,https://images.tcggo.com/tcggo/storage/24029/misdreavus-pfl-35-phantasmal-flames.png,https://www.tcggo.com/external/cm/24042,https://www.tcggo.com/external/tcgplayer/24042,Misdreavus,Misdreavus 35,,0.02,0.02,21393,EUR,[],,,,,,,,,0.02,0.02,0.02,0.02,0.02,0.02,0.02,0.02,0.02,0.02,,,,,,,,,,,,,,,,,,,,,,,,,,,,,,,,,,,,,,,,EUR,0.21,Common,misdreavus,Pokémon,https://www.tcggo.com/pokemon/phantasmal-flames/misdreavus-35,me2-35,662198,singles
2026-08-23T17:06:43+02:00,,380,5ban Graphics,5ban-graphics,PFL 36,36,857611,94,130,PFL,Pokémon,pokemon,231,https://images.tcggo.com/tcggo/storage/23782/Pokemon_TCG_Mega_Evolution—Phantasmal_Flames_Logo.png,Phantasmal Flames,EUR,1204.63,EUR,1021.43,2025-11-14,17,Mega Evolution,mega-evolution,phantasmal-flames,260,24043,https://images.tcggo.com/tcggo/storage/24037/mismagius-ex-pfl-36-phantasmal-flames.png,https://www.tcggo.com/external/cm/24043,https://www.tcggo.com/external/tcgplayer/24043,Mismagius ex,Mismagius ex 36,,0.36,0.33,6199,EUR,[],,,,,,,,,0.04,0.09,0.05,0.05,0.05,0.05,0.03,0.05,0.02,0.02,,,,,,,,,,,,,,,,,,,,,,,,,,,,,,,,,,,,,,,,EUR,0.44,Double Rare,mismagius-ex,Pokémon,https://www.tcggo.com/pokemon/phantasmal-flames/mismagius-ex-36,me2-36,662199,singles
2026-08-23T17:06:43+02:00,,383,Gapao,gapao,PFL 37,37,857612,94,130,PFL,Pokémon,pokemon,231,https://images.tcggo.com/tcggo/storage/23782/Pokemon_TCG_Mega_Evolution—Phantasmal_Flames_Logo.png,Phantasmal Flames,EUR,1204.63,EUR,1021.43,2025-11-14,17,Mega Evolution,mega-evolution,phantasmal-flames,70,24044,https://images.tcggo.com/tcggo/storage/24045/snubbull-pfl-37-phantasmal-flames.png,https://www.tcggo.com/external/cm/24044,https://www.tcggo.com/external/tcgplayer/24044,Snubbull,Snubbull 37,,0.03,0.03,14479,EUR,[],,,,,,,,,0.02,0.02,0.02,0.02,0.02,0.02,0.02,0.02,0.02,0.02,,,,,,,,,,,,,,,,,,,,,,,,,,,,,,,,,,,,,,,,EUR,0.21,Common,snubbull,Pokémon,https://www.tcggo.com/pokemon/phantasmal-flames/snubbull-37,me2-37,662228,singles
2026-08-23T17:06:43+02:00,,518,Ryuta Fuse,ryuta-fuse,PFL 38,38,857613,94,130,PFL,Pokémon,pokemon,231,https://images.tcggo.com/tcggo/storage/23782/Pokemon_TCG_Mega_Evolution—Phantasmal_Flames_Logo.png,Phantasmal Flames,EUR,1204.63,EUR,1021.43,2025-11-14,17,Mega Evolution,mega-evolution,phantasmal-flames,130,24045,https://images.tcggo.com/tcggo/storage/24053/granbull-pfl-38-phantasmal-flames.png,https://www.tcggo.com/external/cm/24045,https://www.tcggo.com/external/tcgplayer/24045,Granbull,Granbull 38,,0.02,0.02,24050,EUR,[],,,,,,,,,0.02,0.02,0.02,0.02,0.02,0.02,0.02,0.02,0.02,0.02,,,,,,,,,,,,,,,,,,,,,,,,,,,,,,,,,,,,,,,,EUR,0.21,Uncommon,granbull,Pokémon,https://www.tcggo.com/pokemon/phantasmal-flames/granbull-38,me2-38,662165,singles
2026-08-23T17:06:43+02:00,,831,Raita Kazama,raita-kazama,PFL 39,39,857614,94,130,PFL,Pokémon,pokemon,231,https://images.tcggo.com/tcggo/storage/23782/Pokemon_TCG_Mega_Evolution—Phantasmal_Flames_Logo.png,Phantasmal Flames,EUR,1204.63,EUR,1021.43,2025-11-14,17,Mega Evolution,mega-evolution,phantasmal-flames,120,24046,https://images.tcggo.com/tcggo/storage/24061/cresselia-pfl-39-phantasmal-flames.png,https://www.tcggo.com/external/cm/24046,https://www.tcggo.com/external/tcgplayer/24046,Cresselia,Cresselia 39,,0.03,0.03,23663,EUR,[],,,,,,,,,0.02,0.02,0.02,0.02,0.02,0.02,0.02,0.02,0.02,0.02,,,,,,,,,,,,,,,,,,,,,,,,,,,,,,,,,,,,,,,,EUR,0.17,Uncommon,cresselia,Pokémon,https://www.tcggo.com/pokemon/phantasmal-flames/cresselia-39,me2-39,662145,singles
2026-08-23T17:06:43+02:00,,376,MINAMINAMI Take,minaminami-take,PFL 40,40,857615,94,130,PFL,Pokémon,pokemon,231,https://images.tcggo.com/tcggo/storage/23782/Pokemon_TCG_Mega_Evolution—Phantasmal_Flames_Logo.png,Phantasmal Flames,EUR,1204.63,EUR,1021.43,2025-11-14,17,Mega Evolution,mega-evolution,phantasmal-flames,90,24047,https://images.tcggo.com/tcggo/storage/24069/meloetta-pfl-40-phantasmal-flames.png,https://www.tcggo.com/external/cm/24047,https://www.tcggo.com/external/tcgplayer/24047,Meloetta,Meloetta 40,,0.02,0.03,21242,EUR,[],,,,,,,,,0.03,0.02,0.02,0.02,0.02,0.02,0.02,0.02,0.02,0.02,,,,,,,,,,,,,,,,,,,,,,,,,,,,,,,,,,,,,,,,EUR,0.23,Uncommon,meloetta,Pokémon,https://www.tcggo.com/pokemon/phantasmal-flames/meloetta-40,me2-40,662194,singles
2026-08-23T17:06:43+02:00,,371,aky CG Works,aky-cg-works,PFL 41,41,857616,94,130,PFL,Pokémon,pokemon,231,https://images.tcggo.com/tcggo/storage/23782/Pokemon_TCG_Mega_Evolution—Phantasmal_Flames_Logo.png,Phantasmal Flames,EUR,1204.63,EUR,1021.43,2025-11-14,17,Mega Evolution,mega-evolution,phantasmal-flames,270,24048,https://images.tcggo.com/tcggo/storage/24077/mega-diancie-ex-pfl-41-phantasmal-flames.png,https://www.tcggo.com/external/cm/24048,https://www.tcggo.com/external/tcgplayer/24048,Mega Diancie ex,Mega Diancie ex 41,,0.49,0.46,5200,EUR,[],,,,,,,,,0.07,0.1,0.1,0.1,0.1,0.07,0.05,0.05,0.02,0.02,,,,,,,,,,,,,,,,,,,,,,,,,,,,,,,,,,,,,,,,EUR,0.57,Double Rare,mega-diancie-ex,Pokémon,https://www.tcggo.com/pokemon/phantasmal-flames/mega-diancie-ex-41,me2-41,660379,singles
2026-08-23T17:06:43+02:00,,449,miki kudo,miki-kudo,PFL 42,42,857617,94,130,PFL,Pokémon,pokemon,231,https://images.tcggo.com/tcggo/storage/23782/Pokemon_TCG_Mega_Evolution—Phantasmal_Flames_Logo.png,Phantasmal Flames,EUR,1204.63,EUR,1021.43,2025-11-14,17,Mega Evolution,mega-evolution,phantasmal-flames,70,24049,https://images.tcggo.com/tcggo/storage/24085/mimikyu-pfl-42-phantasmal-flames.png,https://www.tcggo.com/external/cm/24049,https://www.tcggo.com/external/tcgplayer/24049,Mimikyu,Mimikyu 42,,0.04,0.03,12910,EUR,[],,,,,,,,,0.02,0.02,0.02,0.02,0.02,0.02,0.02,0.02,0.02,0.02,,,,,,,,,,,,,,,,,,,,,,,,,,,,,,,,,,,,,,,,EUR,0.27,Common,mimikyu,Pokémon,https://www.tcggo.com/pokemon/phantasmal-flames/mimikyu-42,me2-42,662197,singles
2026-08-23T17:06:43+02:00,,412,Taiga Kayama,taiga-kayama,PFL 43,43,857618,94,130,PFL,Pokémon,pokemon,231,https://images.tcggo.com/tcggo/storage/23782/Pokemon_TCG_Mega_Evolution—Phantasmal_Flames_Logo.png,Phantasmal Flames,EUR,1204.63,EUR,1021.43,2025-11-14,17,Mega Evolution,mega-evolution,phantasmal-flames,50,24050,https://images.tcggo.com/tcggo/storage/24093/milcery-pfl-43-phantasmal-flames.png,https://www.tcggo.com/external/cm/24050,https://www.tcggo.com/external/tcgplayer/24050,Milcery,Milcery 43,,0.02,0.02,25007,EUR,[],,,,,,,,,0.02,0.02,0.02,0.02,0.02,0.02,0.02,0.02,0.02,0.02,,,,,,,,,,,,,,,,,,,,,,,,,,,,,,,,,,,,,,,,EUR,0.2,Common,milcery,Pokémon,https://www.tcggo.com/pokemon/phantasmal-flames/milcery-43,me2-43,662196,singles
2026-08-23T17:06:43+02:00,,406,Narumi Sato,narumi-sato,PFL 44,44,857619,94,130,PFL,Pokémon,pokemon,231,https://images.tcggo.com/tcggo/storage/23782/Pokemon_TCG_Mega_Evolution—Phantasmal_Flames_Logo.png,Phantasmal Flames,EUR,1204.63,EUR,1021.43,2025-11-14,17,Mega Evolution,mega-evolution,phantasmal-flames,90,24051,https://images.tcggo.com/tcggo/storage/24101/alcremie-pfl-44-phantasmal-flames.png,https://www.tcggo.com/external/cm/24051,https://www.tcggo.com/external/tcgplayer/24051,Alcremie,Alcremie 44,,0.03,0.03,24660,EUR,[],,,,,,,,,0.03,0.02,0.02,0.02,0.02,0.02,0.02,0.02,0.02,0.02,,,,,,,,,,,,,,,,,,,,,,,,,,,,,,,,,,,,,,,,EUR,0.21,Uncommon,alcremie,Pokémon,https://www.tcggo.com/pokemon/phantasmal-flames/alcremie-44,me2-44,660384,singles
2026-08-23T17:06:43+02:00,,408,kawayoo,kawayoo,PFL 45,45,857620,94,130,PFL,Pokémon,pokemon,231,https://images.tcggo.com/tcggo/storage/23782/Pokemon_TCG_Mega_Evolution—Phantasmal_Flames_Logo.png,Phantasmal Flames,EUR,1204.63,EUR,1021.43,2025-11-14,17,Mega Evolution,mega-evolution,phantasmal-flames,130,24052,https://images.tcggo.com/tcggo/storage/24109/zacian-pfl-45-phantasmal-flames.png,https://www.tcggo.com/external/cm/24052,https://www.tcggo.com/external/tcgplayer/24052,Zacian,Zacian 45,,0.05,0.08,18324,EUR,[],,,,,,,,,0.02,0.02,0.02,0.02,0.02,0.02,0.02,0.02,0.02,0.02,,,,,,,,,,,,,,,,,,,,,,,,,,,,,,,,,,,,,,,,EUR,0.23,rare,zacian,Pokémon,https://www.tcggo.com/pokemon/phantasmal-flames/zacian-45,me2-45,662244,singles
2026-08-23T17:06:43+02:00,,436,Takeshi Nakamura,takeshi-nakamura,PFL 46,46,857621,94,130,PFL,Pokémon,pokemon,231,https://images.tcggo.com/tcggo/storage/23782/Pokemon_TCG_Mega_Evolution—Phantasmal_Flames_Logo.png,Phantasmal Flames,EUR,1204.63,EUR,1021.43,2025-11-14,17,Mega Evolution,mega-evolution,phantasmal-flames,50,24053,https://images.tcggo.com/tcggo/storage/24117/bramblin-pfl-46-phantasmal-flames.png,https://www.tcggo.com/external/cm/24053,https://www.tcggo.com/external/tcgplayer/24053,Bramblin,Bramblin 46,,0.03,0.04,17544,EUR,[],,,,,,,,,0.02,0.02,0.02,0.02,0.02,0.02,0.02,0.02,0.02,0.02,,,,,,,,,,,,,,,,,,,,,,,,,,,,,,,,,,,,,,,,EUR,0.17,Common,bramblin,Pokémon,https://www.tcggo.com/pokemon/phantasmal-flames/bramblin-46,me2-46,662136,singles
2026-08-23T17:06:43+02:00,,431,Tetsu Kayama,tetsu-kayama,PFL 47,47,857622,94,130,PFL,Pokémon,pokemon,231,https://images.tcggo.com/tcggo/storage/23782/Pokemon_TCG_Mega_Evolution—Phantasmal_Flames_Logo.png,Phantasmal Flames,EUR,1204.63,EUR,1021.43,2025-11-14,17,Mega Evolution,mega-evolution,phantasmal-flames,100,24054,https://images.tcggo.com/tcggo/storage/24125/brambleghast-pfl-47-phantasmal-flames.png,https://www.tcggo.com/external/cm/24054,https://www.tcggo.com/external/tcgplayer/24054,Brambleghast,Brambleghast 47,,0.02,0.04,24133,EUR,[],,,,,,,,,0.03,0.02,0.02,0.02,0.02,0.02,0.02,0.02,0.02,0.02,,,,,,,,,,,,,,,,,,,,,,,,,,,,,,,,,,,,,,,,EUR,0.21,Uncommon,brambleghast,Pokémon,https://www.tcggo.com/pokemon/phantasmal-flames/brambleghast-47,me2-47,662135,singles
2026-08-23T17:06:43+02:00,,377,Souichirou Gunjima,souichirou-gunjima,PFL 48,48,857623,94,130,PFL,Pokémon,pokemon,231,https://images.tcggo.com/tcggo/storage/23782/Pokemon_TCG_Mega_Evolution—Phantasmal_Flames_Logo.png,Phantasmal Flames,EUR,1204.63,EUR,1021.43,2025-11-14,17,Mega Evolution,mega-evolution,phantasmal-flames,130,24055,https://images.tcggo.com/tcggo/storage/24133/paldean-tauros-pfl-48-phantasmal-flames.png,https://www.tcggo.com/external/cm/24055,https://www.tcggo.com/external/tcgplayer/24055,Paldean Tauros,Paldean Tauros 48,,0.03,0.03,23683,EUR,[],,,,,,,,,0.03,0.02,0.02,0.02,0.02,0.02,0.02,0.02,0.02,0.02,,,,,,,,,,,,,,,,,,,,,,,,,,,,,,,,,,,,,,,,EUR,0.19,Uncommon,paldean-tauros,Pokémon,https://www.tcggo.com/pokemon/phantasmal-flames/paldean-tauros-48,me2-48,662208,singles
2026-08-23T17:06:43+02:00,,439,Kazumasa Yasukuni,kazumasa-yasukuni,PFL 49,49,857624,94,130,PFL,Pokémon,pokemon,231,https://images.tcggo.com/tcggo/storage/23782/Pokemon_TCG_Mega_Evolution—Phantasmal_Flames_Logo.png,Phantasmal Flames,EUR,1204.63,EUR,1021.43,2025-11-14,17,Mega Evolution,mega-evolution,phantasmal-flames,70,24056,https://images.tcggo.com/tcggo/storage/24142/gligar-pfl-49-phantasmal-flames.png,https://www.tcggo.com/external/cm/24056,https://www.tcggo.com/external/tcgplayer/24056,Gligar,Gligar 49,,0.03,0.02,24094,EUR,[],,,,,,,,,0.03,0.02,0.02,0.02,0.02,0.03,0.02,0.02,0.02,0.02,,,,,,,,,,,,,,,,,,,,,,,,,,,,,,,,,,,,,,,,EUR,0.16,Common,gligar,Pokémon,https://www.tcggo.com/pokemon/phantasmal-flames/gligar-49-1,me2-49,662162,singles
2026-08-23T17:06:43+02:00,,422,Dsuke,dsuke,PFL 50,50,857625,94,130,PFL,Pokémon,pokemon,231,https://images.tcggo.com/tcggo/storage/23782/Pokemon_TCG_Mega_Evolution—Phantasmal_Flames_Logo.png,Phantasmal Flames,EUR,1204.63,EUR,1021.43,2025-11-14,17,Mega Evolution,mega-evolution,phantasmal-flames,120,24057,https://images.tcggo.com/tcggo/storage/24151/gliscor-pfl-50-phantasmal-flames.png,https://www.tcggo.com/external/cm/24057,https://www.tcggo.com/external/tcgplayer/24057,Gliscor,Gliscor 50,,0.02,0.03,21436,EUR,[],,,,,,,,,0.02,0.02,0.02,0.02,0.02,0.02,0.02,0.02,0.02,0.02,,,,,,,,,,,,,,,,,,,,,,,,,,,,,,,,,,,,,,,,EUR,0.21,Uncommon,gliscor,Pokémon,https://www.tcggo.com/pokemon/phantasmal-flames/gliscor-50,me2-50,662163,singles
2026-08-23T17:06:43+02:00,,428,Uta,uta,PFL 51,51,857626,94,130,PFL,Pokémon,pokemon,231,https://images.tcggo.com/tcggo/storage/23782/Pokemon_TCG_Mega_Evolution—Phantasmal_Flames_Logo.png,Phantasmal Flames,EUR,1204.63,EUR,1021.43,2025-11-14,17,Mega Evolution,mega-evolution,phantasmal-flames,70,24058,https://images.tcggo.com/tcggo/storage/24030/trapinch-pfl-51-phantasmal-flames.png,https://www.tcggo.com/external/cm/24058,https://www.tcggo.com/external/tcgplayer/24058,Trapinch,Trapinch 51,,0.02,0.02,24817,EUR,[],,,,,,,,,0.02,0.02,0.02,0.02,0.02,0.02,0.02,0.02,0.02,0.02,,,,,,,,,,,,,,,,,,,,,,,,,,,,,,,,,,,,,,,,EUR,0.16,Common,trapinch,Pokémon,https://www.tcggo.com/pokemon/phantasmal-flames/trapinch-51,me2-51,662236,singles
2026-08-23T17:06:43+02:00,,438,Miki Tanaka,miki-tanaka,PFL 52,52,857627,94,130,PFL,Pokémon,pokemon,231,https://images.tcggo.com/tcggo/storage/23782/Pokemon_TCG_Mega_Evolution—Phantasmal_Flames_Logo.png,Phantasmal Flames,EUR,1204.63,EUR,1021.43,2025-11-14,17,Mega Evolution,mega-evolution,phantasmal-flames,90,24059,https://images.tcggo.com/tcggo/storage/24038/vibrava-pfl-52-phantasmal-flames.png,https://www.tcggo.com/external/cm/24059,https://www.tcggo.com/external/tcgplayer/24059,Vibrava,Vibrava 52,,0.03,0.02,21906,EUR,[],,,,,,,,,0.03,0.02,0.02,0.02,0.02,0.02,0.02,0.02,0.02,0.02,,,,,,,,,,,,,,,,,,,,,,,,,,,,,,,,,,,,,,,,EUR,0.21,Common,vibrava,Pokémon,https://www.tcggo.com/pokemon/phantasmal-flames/vibrava-52,me2-52,662237,singles
2026-08-23T17:06:43+02:00,,386,Jerky,jerky,PFL 53,53,857628,94,130,PFL,Pokémon,pokemon,231,https://images.tcggo.com/tcggo/storage/23782/Pokemon_TCG_Mega_Evolution—Phantasmal_Flames_Logo.png,Phantasmal Flames,EUR,1204.63,EUR,1021.43,2025-11-14,17,Mega Evolution,mega-evolution,phantasmal-flames,150,24060,https://images.tcggo.com/tcggo/storage/24046/flygon-pfl-53-phantasmal-flames.png,https://www.tcggo.com/external/cm/24060,https://www.tcggo.com/external/tcgplayer/24060,Flygon,Flygon 53,,0.05,0.06,18518,EUR,[],,,,,,,,,0.03,0.02,0.02,0.02,0.02,0.02,0.02,0.02,0.02,0.02,,,,,,,,,,,,,,,,,,,,,,,,,,,,,,,,,,,,,,,,EUR,0.21,rare,flygon,Pokémon,https://www.tcggo.com/pokemon/phantasmal-flames/flygon-53,me2-53,662159,singles
2026-08-23T17:06:43+02:00,,370,Saboteri,saboteri,PFL 54,54,857629,94,130,PFL,Pokémon,pokemon,231,https://images.tcggo.com/tcggo/storage/23782/Pokemon_TCG_Mega_Evolution—Phantasmal_Flames_Logo.png,Phantasmal Flames,EUR,1204.63,EUR,1021.43,2025-11-14,17,Mega Evolution,mega-evolution,phantasmal-flames,70,24061,https://images.tcggo.com/tcggo/storage/24054/gastly-pfl-54-phantasmal-flames.png,https://www.tcggo.com/external/cm/24061,https://www.tcggo.com/external/tcgplayer/24061,Gastly,Gastly 54,,0.03,0.03,23262,EUR,[],,,,,,,,,0.03,0.02,0.02,0.02,0.02,0.02,0.02,0.02,0.02,0.02,,,,,,,,,,,,,,,,,,,,,,,,,,,,,,,,,,,,,,,,EUR,0.19,Common,gastly,Pokémon,https://www.tcggo.com/pokemon/phantasmal-flames/gastly-54,me2-54,660495,singles
2026-08-23T17:06:43+02:00,,148,Rianti Hidayat,rianti-hidayat,PFL 55,55,857630,94,130,PFL,Pokémon,pokemon,231,https://images.tcggo.com/tcggo/storage/23782/Pokemon_TCG_Mega_Evolution—Phantasmal_Flames_Logo.png,Phantasmal Flames,EUR,1204.63,EUR,1021.43,2025-11-14,17,Mega Evolution,mega-evolution,phantasmal-flames,100,24062,https://images.tcggo.com/tcggo/storage/24062/haunter-pfl-55-phantasmal-flames.png,https://www.tcggo.com/external/cm/24062,https://www.tcggo.com/external/tcgplayer/24062,Haunter,Haunter 55,,0.03,0.03,22443,EUR,[],,,,,,,,,0.02,0.02,0.02,0.02,0.02,0.02,0.02,0.02,0.02,0.02,,,,,,,,,,,,,,,,,,,,,,,,,,,,,,,,,,,,,,,,EUR,0.19,Uncommon,haunter,Pokémon,https://www.tcggo.com/pokemon/phantasmal-flames/haunter-55,me2-55,660408,singles
2026-08-23T17:06:43+02:00,,380,5ban Graphics,5ban-graphics,PFL 56,56,857631,94,130,PFL,Pokémon,pokemon,231,https://images.tcggo.com/tcggo/storage/23782/Pokemon_TCG_Mega_Evolution—Phantasmal_Flames_Logo.png,Phantasmal Flames,EUR,1204.63,EUR,1021.43,2025-11-14,17,Mega Evolution,mega-evolution,phantasmal-flames,350,24063,https://images.tcggo.com/tcggo/storage/24070/mega-gengar-ex-pfl-56-phantasmal-flames.png,https://www.tcggo.com/external/cm/24063,https://www.tcggo.com/external/tcgplayer/24063,Mega Gengar ex,Mega Gengar ex 56,,1.58,1.61,2549,EUR,[],,,,,,,,,1,0.89,0.89,1,1,1,0.7,0.89,0.3,0.3,,,,,,,,,,,,,,,,,,,,,,,,,,,,,,,,,,,,,,,,EUR,1.97,Double Rare,mega-gengar-ex,Pokémon,https://www.tcggo.com/pokemon/phantasmal-flames/mega-gengar-ex-56,me2-56,660380,singles
2026-08-23T17:06:43+02:00,,441,Tomokazu Komiya,tomokazu-komiya,PFL 57,57,857632,94,130,PFL,Pokémon,pokemon,231,https://images.tcggo.com/tcggo/storage/23782/Pokemon_TCG_Mega_Evolution—Phantasmal_Flames_Logo.png,Phantasmal Flames,EUR,1204.63,EUR,1021.43,2025-11-14,17,Mega Evolution,mega-evolution,phantasmal-flames,60,24064,https://images.tcggo.com/tcggo/storage/24078/murkrow-pfl-57-phantasmal-flames.png,https://www.tcggo.com/external/cm/24064,https://www.tcggo.com/external/tcgplayer/24064,Murkrow,Murkrow 57,,0.03,0.02,23333,EUR,[],,,,,,,,,0.02,0.02,0.02,0.02,0.02,0.02,0.02,0.02,0.02,0.02,,,,,,,,,,,,,,,,,,,,,,,,,,,,,,,,,,,,,,,,EUR,0.2,Common,murkrow,Pokémon,https://www.tcggo.com/pokemon/phantasmal-flames/murkrow-57,me2-57,662202,singles
2026-08-23T17:06:43+02:00,,363,Anesaki Dynamic,anesaki-dynamic,PFL 58,58,857633,94,130,PFL,Pokémon,pokemon,231,https://images.tcggo.com/tcggo/storage/23782/Pokemon_TCG_Mega_Evolution—Phantasmal_Flames_Logo.png,Phantasmal Flames,EUR,1204.63,EUR,1021.43,2025-11-14,17,Mega Evolution,mega-evolution,phantasmal-flames,130,24065,https://images.tcggo.com/tcggo/storage/24086/honchkrow-pfl-58-phantasmal-flames.png,https://www.tcggo.com/external/cm/24065,https://www.tcggo.com/external/tcgplayer/24065,Honchkrow,Honchkrow 58,,0.02,0.02,24026,EUR,[],,,,,,,,,0.03,0.02,0.02,0.02,0.02,0.02,0.02,0.02,0.02,0.02,,,,,,,,,,,,,,,,,,,,,,,,,,,,,,,,,,,,,,,,EUR,0.15,Uncommon,honchkrow,Pokémon,https://www.tcggo.com/pokemon/phantasmal-flames/honchkrow-58,me2-58,662169,singles
2026-08-23T17:06:43+02:00,,389,osare,osare,PFL 59,59,857634,94,130,PFL,Pokémon,pokemon,231,https://images.tcggo.com/tcggo/storage/23782/Pokemon_TCG_Mega_Evolution—Phantasmal_Flames_Logo.png,Phantasmal Flames,EUR,1204.63,EUR,1021.43,2025-11-14,17,Mega Evolution,mega-evolution,phantasmal-flames,80,24066,https://images.tcggo.com/tcggo/storage/24094/sableye-pfl-59-phantasmal-flames.png,https://www.tcggo.com/external/cm/24066,https://www.tcggo.com/external/tcgplayer/24066,Sableye,Sableye 59,,0.03,0.03,17399,EUR,[],,,,,,,,,0.03,0.02,0.02,0.02,0.02,0.02,0.02,0.02,0.02,0.02,,,,,,,,,,,,,,,,,,,,,,,,,,,,,,,,,,,,,,,,EUR,0.19,Common,sableye,Pokémon,https://www.tcggo.com/pokemon/phantasmal-flames/sableye-59,me2-59,660412,singles
2026-08-23T17:06:43+02:00,,521,Shin Nagasawa,shin-nagasawa,PFL 60,60,857635,94,130,PFL,Pokémon,pokemon,231,https://images.tcggo.com/tcggo/storage/23782/Pokemon_TCG_Mega_Evolution—Phantasmal_Flames_Logo.png,Phantasmal Flames,EUR,1204.63,EUR,1021.43,2025-11-14,17,Mega Evolution,mega-evolution,phantasmal-flames,70,24067,https://images.tcggo.com/tcggo/storage/24102/carvanha-pfl-60-phantasmal-flames.png,https://www.tcggo.com/external/cm/24067,https://www.tcggo.com/external/tcgplayer/24067,Carvanha,Carvanha 60,,0.03,0.04,15099,EUR,[],,,,,,,,,0.02,0.02,0.02,0.02,0.02,0.02,0.02,0.02,0.02,0.02,,,,,,,,,,,,,,,,,,,,,,,,,,,,,,,,,,,,,,,,EUR,0.17,Common,carvanha,Pokémon,https://www.tcggo.com/pokemon/phantasmal-flames/carvanha-60,me2-60,662140,singles
2026-08-23T17:06:43+02:00,,380,5ban Graphics,5ban-graphics,PFL 61,61,857636,94,130,PFL,Pokémon,pokemon,231,https://images.tcggo.com/tcggo/storage/23782/Pokemon_TCG_Mega_Evolution—Phantasmal_Flames_Logo.png,Phantasmal Flames,EUR,1204.63,EUR,1021.43,2025-11-14,17,Mega Evolution,mega-evolution,phantasmal-flames,330,24068,https://images.tcggo.com/tcggo/storage/24110/mega-sharpedo-ex-pfl-61-phantasmal-flames.png,https://www.tcggo.com/external/cm/24068,https://www.tcggo.com/external/tcgplayer/24068,Mega Sharpedo ex,Mega Sharpedo ex 61,,5.16,5.12,201,EUR,[],,,,,,,,,0.1,0.1,0.1,0.1,0.1,0.11,0.2,0.2,0.04,0.04,,,,,,,,,,,,,,,,,,,,,,,,,,,,,,,,,,,,,,,,EUR,0.5,Double Rare,mega-sharpedo-ex,Pokémon,https://www.tcggo.com/pokemon/phantasmal-flames/mega-sharpedo-ex-61,me2-61,662191,singles
2026-08-23T17:06:43+02:00,,462,hncl,hncl,PFL 62,62,857637,94,130,PFL,Pokémon,pokemon,231,https://images.tcggo.com/tcggo/storage/23782/Pokemon_TCG_Mega_Evolution—Phantasmal_Flames_Logo.png,Phantasmal Flames,EUR,1204.63,EUR,1021.43,2025-11-14,17,Mega Evolution,mega-evolution,phantasmal-flames,120,24069,https://images.tcggo.com/tcggo/storage/24118/seviper-pfl-62-phantasmal-flames.png,https://www.tcggo.com/external/cm/24069,https://www.tcggo.com/external/tcgplayer/24069,Seviper,Seviper 62,,0.02,0.02,23764,EUR,[],,,,,,,,,0.02,0.02,0.02,0.02,0.02,0.02,0.02,0.02,0.02,0.02,,,,,,,,,,,,,,,,,,,,,,,,,,,,,,,,,,,,,,,,EUR,0.17,Uncommon,seviper,Pokémon,https://www.tcggo.com/pokemon/phantasmal-flames/seviper-62,me2-62,660413,singles
2026-08-23T17:06:43+02:00,,388,Takumi Wada,takumi-wada,PFL 63,63,857638,94,130,PFL,Pokémon,pokemon,231,https://images.tcggo.com/tcggo/storage/23782/Pokemon_TCG_Mega_Evolution—Phantasmal_Flames_Logo.png,Phantasmal Flames,EUR,1204.63,EUR,1021.43,2025-11-14,17,Mega Evolution,mega-evolution,phantasmal-flames,110,24070,https://images.tcggo.com/tcggo/storage/24126/absol-pfl-63-phantasmal-flames.png,https://www.tcggo.com/external/cm/24070,https://www.tcggo.com/external/tcgplayer/24070,Absol,Absol 63,,0.03,0.03,16462,EUR,[],,,,,,,,,0.02,0.02,0.02,0.02,0.02,0.02,0.02,0.02,0.02,0.02,,,,,,,,,,,,,,,,,,,,,,,,,,,,,,,,,,,,,,,,EUR,0.21,Common,absol,Pokémon,https://www.tcggo.com/pokemon/phantasmal-flames/absol-63,me2-63,662125,singles
2026-08-23T17:06:43+02:00,,480,Taiga Kasai,taiga-kasai,PFL 64,64,857639,94,130,PFL,Pokémon,pokemon,231,https://images.tcggo.com/tcggo/storage/23782/Pokemon_TCG_Mega_Evolution—Phantasmal_Flames_Logo.png,Phantasmal Flames,EUR,1204.63,EUR,1021.43,2025-11-14,17,Mega Evolution,mega-evolution,phantasmal-flames,70,24071,https://images.tcggo.com/tcggo/storage/24134/sandile-pfl-64-phantasmal-flames.png,https://www.tcggo.com/external/cm/24071,https://www.tcggo.com/external/tcgplayer/24071,Sandile,Sandile 64,,0.03,0.02,24656,EUR,[],,,,,,,,,0.02,0.02,0.02,0.02,0.02,0.02,0.02,0.02,0.02,0.02,,,,,,,,,,,,,,,,,,,,,,,,,,,,,,,,,,,,,,,,EUR,0.17,Common,sandile,Pokémon,https://www.tcggo.com/pokemon/phantasmal-flames/sandile-64-1,me2-64,662225,singles
2026-08-23T17:06:43+02:00,,419,Uninori,uninori,PFL 65,65,857640,94,130,PFL,Pokémon,pokemon,231,https://images.tcggo.com/tcggo/storage/23782/Pokemon_TCG_Mega_Evolution—Phantasmal_Flames_Logo.png,Phantasmal Flames,EUR,1204.63,EUR,1021.43,2025-11-14,17,Mega Evolution,mega-evolution,phantasmal-flames,100,24072,https://images.tcggo.com/tcggo/storage/24143/krokorok-pfl-65-phantasmal-flames.png,https://www.tcggo.com/external/cm/24072,https://www.tcggo.com/external/tcgplayer/24072,Krokorok,Krokorok 65,,0.02,0.03,17481,EUR,[],,,,,,,,,0.03,0.02,0.02,0.02,0.02,0.02,0.02,0.02,0.02,0.02,,,,,,,,,,,,,,,,,,,,,,,,,,,,,,,,,,,,,,,,EUR,0.17,Common,krokorok,Pokémon,https://www.tcggo.com/pokemon/phantasmal-flames/krokorok-65-1,me2-65,662173,singles
2026-08-23T17:06:43+02:00,,518,Ryuta Fuse,ryuta-fuse,PFL 66,66,857641,94,130,PFL,Pokémon,pokemon,231,https://images.tcggo.com/tcggo/storage/23782/Pokemon_TCG_Mega_Evolution—Phantasmal_Flames_Logo.png,Phantasmal Flames,EUR,1204.63,EUR,1021.43,2025-11-14,17,Mega Evolution,mega-evolution,phantasmal-flames,170,24073,https://images.tcggo.com/tcggo/storage/24152/krookodile-pfl-66-phantasmal-flames.png,https://www.tcggo.com/external/cm/24073,https://www.tcggo.com/external/tcgplayer/24073,Krookodile,Krookodile 66,,0.02,0.02,24207,EUR,[],,,,,,,,,0.03,0.02,0.02,0.02,0.02,0.02,0.02,0.02,0.02,0.02,,,,,,,,,,,,,,,,,,,,,,,,,,,,,,,,,,,,,,,,EUR,0.15,Uncommon,krookodile,Pokémon,https://www.tcggo.com/pokemon/phantasmal-flames/krookodile-66-1,me2-66,662174,singles
2026-08-23T17:06:43+02:00,,394,OKACHEKE,okacheke,PFL 67,67,857642,94,130,PFL,Pokémon,pokemon,231,https://images.tcggo.com/tcggo/storage/23782/Pokemon_TCG_Mega_Evolution—Phantasmal_Flames_Logo.png,Phantasmal Flames,EUR,1204.63,EUR,1021.43,2025-11-14,17,Mega Evolution,mega-evolution,phantasmal-flames,70,24074,https://images.tcggo.com/tcggo/storage/24031/toxel-pfl-67-phantasmal-flames.png,https://www.tcggo.com/external/cm/24074,https://www.tcggo.com/external/tcgplayer/24074,Toxel,Toxel 67,,0.05,0.05,14995,EUR,[],,,,,,,,,0.02,0.02,0.02,0.02,0.02,0.02,0.02,0.02,0.02,0.02,,,,,,,,,,,,,,,,,,,,,,,,,,,,,,,,,,,,,,,,EUR,0.21,Common,toxel,Pokémon,https://www.tcggo.com/pokemon/phantasmal-flames/toxel-67,me2-67,660411,singles
2026-08-23T17:06:43+02:00,,429,DOM,dom,PFL 68,68,857643,94,130,PFL,Pokémon,pokemon,231,https://images.tcggo.com/tcggo/storage/23782/Pokemon_TCG_Mega_Evolution—Phantasmal_Flames_Logo.png,Phantasmal Flames,EUR,1204.63,EUR,1021.43,2025-11-14,17,Mega Evolution,mega-evolution,phantasmal-flames,140,24075,https://images.tcggo.com/tcggo/storage/24039/toxtricity-pfl-68-phantasmal-flames.png,https://www.tcggo.com/external/cm/24075,https://www.tcggo.com/external/tcgplayer/24075,Toxtricity,Toxtricity 68,,0.08,0.06,16876,EUR,[],,,,,,,,,0.03,0.02,0.02,0.02,0.02,0.02,0.02,0.02,0.02,0.02,,,,,,,,,,,,,,,,,,,,,,,,,,,,,,,,,,,,,,,,EUR,0.19,rare,toxtricity,Pokémon,https://www.tcggo.com/pokemon/phantasmal-flames/toxtricity-68,me2-68,660409,singles
2026-08-23T17:06:43+02:00,,430,akagi,akagi,PFL 69,69,857644,94,130,PFL,Pokémon,pokemon,231,https://images.tcggo.com/tcggo/storage/23782/Pokemon_TCG_Mega_Evolution—Phantasmal_Flames_Logo.png,Phantasmal Flames,EUR,1204.63,EUR,1021.43,2025-11-14,17,Mega Evolution,mega-evolution,phantasmal-flames,150,24076,https://images.tcggo.com/tcggo/storage/24047/eternatus-pfl-69-phantasmal-flames.png,https://www.tcggo.com/external/cm/24076,https://www.tcggo.com/external/tcgplayer/24076,Eternatus,Eternatus 69,,0.03,0.03,15878,EUR,[],,,,,,,,,0.02,0.02,0.02,0.02,0.02,0.02,0.02,0.02,0.02,0.02,,,,,,,,,,,,,,,,,,,,,,,,,,,,,,,,,,,,,,,,EUR,0.22,Uncommon,eternatus,Pokémon,https://www.tcggo.com/pokemon/phantasmal-flames/eternatus-69,me2-69,660406,singles
2026-08-23T17:06:43+02:00,,380,5ban Graphics,5ban-graphics,PFL 70,70,857645,94,130,PFL,Pokémon,pokemon,231,https://images.tcggo.com/tcggo/storage/23782/Pokemon_TCG_Mega_Evolution—Phantasmal_Flames_Logo.png,Phantasmal Flames,EUR,1204.63,EUR,1021.43,2025-11-14,17,Mega Evolution,mega-evolution,phantasmal-flames,320,24077,https://images.tcggo.com/tcggo/storage/24055/empoleon-ex-pfl-70-phantasmal-flames.png,https://www.tcggo.com/external/cm/24077,https://www.tcggo.com/external/tcgplayer/24077,Empoleon ex,Empoleon ex 70,,0.42,0.42,5119,EUR,[],,,,,,,,,0.08,0.09,0.1,0.09,0.09,0.1,0.09,0.04,0.02,0.02,,,,,,,,,,,,,,,,,,,,,,,,,,,,,,,,,,,,,,,,EUR,0.63,Double Rare,empoleon-ex,Pokémon,https://www.tcggo.com/pokemon/phantasmal-flames/empoleon-ex-70,me2-70,662155,singles
2026-08-23T17:06:43+02:00,,374,OKUBO,okubo,PFL 71,71,857646,94,130,PFL,Pokémon,pokemon,231,https://images.tcggo.com/tcggo/storage/23782/Pokemon_TCG_Mega_Evolution—Phantasmal_Flames_Logo.png,Phantasmal Flames,EUR,1204.63,EUR,1021.43,2025-11-14,17,Mega Evolution,mega-evolution,phantasmal-flames,80,24078,https://images.tcggo.com/tcggo/storage/24063/bronzor-pfl-71-phantasmal-flames.png,https://www.tcggo.com/external/cm/24078,https://www.tcggo.com/external/tcgplayer/24078,Bronzor,Bronzor 71,,0.02,0.02,23905,EUR,[],,,,,,,,,0.02,0.02,0.02,0.02,0.02,0.02,0.02,0.02,0.02,0.02,,,,,,,,,,,,,,,,,,,,,,,,,,,,,,,,,,,,,,,,EUR,0.14,Common,bronzor,Pokémon,https://www.tcggo.com/pokemon/phantasmal-flames/bronzor-71,me2-71,662138,singles
2026-08-23T17:06:43+02:00,,420,Masako Tomii,masako-tomii,PFL 72,72,857647,94,130,PFL,Pokémon,pokemon,231,https://images.tcggo.com/tcggo/storage/23782/Pokemon_TCG_Mega_Evolution—Phantasmal_Flames_Logo.png,Phantasmal Flames,EUR,1204.63,EUR,1021.43,2025-11-14,17,Mega Evolution,mega-evolution,phantasmal-flames,140,24079,https://images.tcggo.com/tcggo/storage/24071/bronzong-pfl-72-phantasmal-flames.png,https://www.tcggo.com/external/cm/24079,https://www.tcggo.com/external/tcgplayer/24079,Bronzong,Bronzong 72,,0.02,0.02,23832,EUR,[],,,,,,,,,0.03,0.02,0.02,0.02,0.02,0.02,0.02,0.02,0.02,0.02,,,,,,,,,,,,,,,,,,,,,,,,,,,,,,,,,,,,,,,,EUR,0.11,Uncommon,bronzong,Pokémon,https://www.tcggo.com/pokemon/phantasmal-flames/bronzong-72,me2-72,662137,singles
2026-08-23T17:06:43+02:00,,502,Bun Toujo,bun-toujo,PFL 73,73,857648,94,130,PFL,Pokémon,pokemon,231,https://images.tcggo.com/tcggo/storage/23782/Pokemon_TCG_Mega_Evolution—Phantasmal_Flames_Logo.png,Phantasmal Flames,EUR,1204.63,EUR,1021.43,2025-11-14,17,Mega Evolution,mega-evolution,phantasmal-flames,80,24080,https://images.tcggo.com/tcggo/storage/24079/togedemaru-pfl-73-phantasmal-flames.png,https://www.tcggo.com/external/cm/24080,https://www.tcggo.com/external/tcgplayer/24080,Togedemaru,Togedemaru 73,,0.02,0.02,23932,EUR,[],,,,,,,,,0.02,0.02,0.02,0.02,0.02,0.02,0.02,0.02,0.02,0.02,,,,,,,,,,,,,,,,,,,,,,,,,,,,,,,,,,,,,,,,EUR,0.14,Common,togedemaru,Pokémon,https://www.tcggo.com/pokemon/phantasmal-flames/togedemaru-73-1,me2-73,662232,singles
2026-08-23T17:06:43+02:00,,421,Shinji Kanda,shinji-kanda,PFL 74,74,857649,94,130,PFL,Pokémon,pokemon,231,https://images.tcggo.com/tcggo/storage/23782/Pokemon_TCG_Mega_Evolution—Phantasmal_Flames_Logo.png,Phantasmal Flames,EUR,1204.63,EUR,1021.43,2025-11-14,17,Mega Evolution,mega-evolution,phantasmal-flames,130,24081,https://images.tcggo.com/tcggo/storage/24087/duraludon-pfl-74-phantasmal-flames.png,https://www.tcggo.com/external/cm/24081,https://www.tcggo.com/external/tcgplayer/24081,Duraludon,Duraludon 74,,0.04,0.02,23103,EUR,[],,,,,,,,,0.02,0.02,0.02,0.02,0.02,0.02,0.02,0.02,0.02,0.02,,,,,,,,,,,,,,,,,,,,,,,,,,,,,,,,,,,,,,,,EUR,0.21,Common,duraludon,Pokémon,https://www.tcggo.com/pokemon/phantasmal-flames/duraludon-74,me2-74,662154,singles
2026-08-23T17:06:43+02:00,,369,toriyufu,toriyufu,PFL 75,75,857650,94,130,PFL,Pokémon,pokemon,231,https://images.tcggo.com/tcggo/storage/23782/Pokemon_TCG_Mega_Evolution—Phantasmal_Flames_Logo.png,Phantasmal Flames,EUR,1204.63,EUR,1021.43,2025-11-14,17,Mega Evolution,mega-evolution,phantasmal-flames,180,24082,https://images.tcggo.com/tcggo/storage/24095/archaludon-pfl-75-phantasmal-flames.png,https://www.tcggo.com/external/cm/24082,https://www.tcggo.com/external/tcgplayer/24082,Archaludon,Archaludon 75,,0.03,0.03,23963,EUR,[],,,,,,,,,0.02,0.02,0.02,0.02,0.02,0.02,0.02,0.02,0.02,0.02,,,,,,,,,,,,,,,,,,,,,,,,,,,,,,,,,,,,,,,,EUR,0.18,Uncommon,archaludon,Pokémon,https://www.tcggo.com/pokemon/phantasmal-flames/archaludon-75,me2-75,662129,singles
2026-08-23T17:06:43+02:00,,362,Naoyo Kimura,naoyo-kimura,PFL 76,76,857651,94,130,PFL,Pokémon,pokemon,231,https://images.tcggo.com/tcggo/storage/23782/Pokemon_TCG_Mega_Evolution—Phantasmal_Flames_Logo.png,Phantasmal Flames,EUR,1204.63,EUR,1021.43,2025-11-14,17,Mega Evolution,mega-evolution,phantasmal-flames,70,24083,https://images.tcggo.com/tcggo/storage/24103/jigglypuff-pfl-76-phantasmal-flames.png,https://www.tcggo.com/external/cm/24083,https://www.tcggo.com/external/tcgplayer/24083,Jigglypuff,Jigglypuff 76,,0.03,0.04,21714,EUR,[],,,,,,,,,0.02,0.02,0.02,0.02,0.02,0.02,0.02,0.02,0.02,0.02,,,,,,,,,,,,,,,,,,,,,,,,,,,,,,,,,,,,,,,,EUR,0.22,Common,jigglypuff,Pokémon,https://www.tcggo.com/pokemon/phantasmal-flames/jigglypuff-76,me2-76,662171,singles
2026-08-23T17:06:43+02:00,,477,En Morikura,en-morikura,PFL 77,77,857652,94,130,PFL,Pokémon,pokemon,231,https://images.tcggo.com/tcggo/storage/23782/Pokemon_TCG_Mega_Evolution—Phantasmal_Flames_Logo.png,Phantasmal Flames,EUR,1204.63,EUR,1021.43,2025-11-14,17,Mega Evolution,mega-evolution,phantasmal-flames,120,24084,https://images.tcggo.com/tcggo/storage/24111/wigglytuff-pfl-77-phantasmal-flames.png,https://www.tcggo.com/external/cm/24084,https://www.tcggo.com/external/tcgplayer/24084,Wigglytuff,Wigglytuff 77,,0.03,0.03,22561,EUR,[],,,,,,,,,0.03,0.02,0.02,0.02,0.02,0.02,0.02,0.02,0.02,0.02,,,,,,,,,,,,,,,,,,,,,,,,,,,,,,,,,,,,,,,,EUR,0.23,Uncommon,wigglytuff,Pokémon,https://www.tcggo.com/pokemon/phantasmal-flames/wigglytuff-77,me2-77,662239,singles
2026-08-23T17:06:43+02:00,,370,Saboteri,saboteri,PFL 78,78,857653,94,130,PFL,Pokémon,pokemon,231,https://images.tcggo.com/tcggo/storage/23782/Pokemon_TCG_Mega_Evolution—Phantasmal_Flames_Logo.png,Phantasmal Flames,EUR,1204.63,EUR,1021.43,2025-11-14,17,Mega Evolution,mega-evolution,phantasmal-flames,70,24085,https://images.tcggo.com/tcggo/storage/24119/aipom-pfl-78-phantasmal-flames.png,https://www.tcggo.com/external/cm/24085,https://www.tcggo.com/external/tcgplayer/24085,Aipom,Aipom 78,,0.02,0.02,23838,EUR,[],,,,,,,,,0.02,0.02,0.02,0.02,0.02,0.02,0.02,0.02,0.02,0.02,,,,,,,,,,,,,,,,,,,,,,,,,,,,,,,,,,,,,,,,EUR,0.21,Common,aipom,Pokémon,https://www.tcggo.com/pokemon/phantasmal-flames/aipom-78,me2-78,662126,singles
2026-08-23T17:06:43+02:00,,462,hncl,hncl,PFL 79,79,857654,94,130,PFL,Pokémon,pokemon,231,https://images.tcggo.com/tcggo/storage/23782/Pokemon_TCG_Mega_Evolution—Phantasmal_Flames_Logo.png,Phantasmal Flames,EUR,1204.63,EUR,1021.43,2025-11-14,17,Mega Evolution,mega-evolution,phantasmal-flames,110,24086,https://images.tcggo.com/tcggo/storage/24127/ambipom-pfl-79-phantasmal-flames.png,https://www.tcggo.com/external/cm/24086,https://www.tcggo.com/external/tcgplayer/24086,Ambipom,Ambipom 79,,0.04,0.04,21274,EUR,[],,,,,,,,,0.02,0.02,0.02,0.02,0.02,0.02,0.02,0.02,0.02,0.02,,,,,,,,,,,,,,,,,,,,,,,,,,,,,,,,,,,,,,,,EUR,0.21,rare,ambipom,Pokémon,https://www.tcggo.com/pokemon/phantasmal-flames/ambipom-79,me2-79,662127,singles
2026-08-23T17:06:43+02:00,,470,REND,rend,PFL 80,80,857655,94,130,PFL,Pokémon,pokemon,231,https://images.tcggo.com/tcggo/storage/23782/Pokemon_TCG_Mega_Evolution—Phantasmal_Flames_Logo.png,Phantasmal Flames,EUR,1204.63,EUR,1021.43,2025-11-14,17,Mega Evolution,mega-evolution,phantasmal-flames,80,24087,https://images.tcggo.com/tcggo/storage/24135/smeargle-pfl-80-phantasmal-flames.png,https://www.tcggo.com/external/cm/24087,https://www.tcggo.com/external/tcgplayer/24087,Smeargle,Smeargle 80,,0.02,0.03,23385,EUR,[],,,,,,,,,0.02,0.02,0.02,0.02,0.02,0.02,0.02,0.02,0.02,0.02,,,,,,,,,,,,,,,,,,,,,,,,,,,,,,,,,,,,,,,,EUR,0.18,Common,smeargle,Pokémon,https://www.tcggo.com/pokemon/phantasmal-flames/smeargle-80,me2-80,662227,singles
2026-08-23T17:06:43+02:00,,422,Dsuke,dsuke,PFL 81,81,857656,94,130,PFL,Pokémon,pokemon,231,https://images.tcggo.com/tcggo/storage/23782/Pokemon_TCG_Mega_Evolution—Phantasmal_Flames_Logo.png,Phantasmal Flames,EUR,1204.63,EUR,1021.43,2025-11-14,17,Mega Evolution,mega-evolution,phantasmal-flames,70,24088,https://images.tcggo.com/tcggo/storage/24144/zigzagoon-pfl-81-phantasmal-flames.png,https://www.tcggo.com/external/cm/24088,https://www.tcggo.com/external/tcgplayer/24088,Zigzagoon,Zigzagoon 81,,0.02,0.02,23654,EUR,[],,,,,,,,,0.03,0.02,0.02,0.02,0.02,0.02,0.02,0.02,0.02,0.02,,,,,,,,,,,,,,,,,,,,,,,,,,,,,,,,,,,,,,,,EUR,0.21,Common,zigzagoon,Pokémon,https://www.tcggo.com/pokemon/phantasmal-flames/zigzagoon-81,me2-81,662246,singles
2026-08-23T17:06:43+02:00,,405,nagimiso,nagimiso,PFL 82,82,857657,94,130,PFL,Pokémon,pokemon,231,https://images.tcggo.com/tcggo/storage/23782/Pokemon_TCG_Mega_Evolution—Phantasmal_Flames_Logo.png,Phantasmal Flames,EUR,1204.63,EUR,1021.43,2025-11-14,17,Mega Evolution,mega-evolution,phantasmal-flames,100,24089,https://images.tcggo.com/tcggo/storage/24153/linoone-pfl-82-phantasmal-flames.png,https://www.tcggo.com/external/cm/24089,https://www.tcggo.com/external/tcgplayer/24089,Linoone,Linoone 82,,0.02,0.02,23541,EUR,[],,,,,,,,,0.02,0.02,0.02,0.02,0.02,0.02,0.02,0.02,0.02,0.02,,,,,,,,,,,,,,,,,,,,,,,,,,,,,,,,,,,,,,,,EUR,0.2,Uncommon,linoone,Pokémon,https://www.tcggo.com/pokemon/phantasmal-flames/linoone-82,me2-82,662175,singles
2026-08-23T17:06:43+02:00,,767,tono,tono,PFL 83,83,857658,94,130,PFL,Pokémon,pokemon,231,https://images.tcggo.com/tcggo/storage/23782/Pokemon_TCG_Mega_Evolution—Phantasmal_Flames_Logo.png,Phantasmal Flames,EUR,1204.63,EUR,1021.43,2025-11-14,17,Mega Evolution,mega-evolution,phantasmal-flames,70,24090,https://images.tcggo.com/tcggo/storage/24032/buneary-pfl-83-phantasmal-flames.png,https://www.tcggo.com/external/cm/24090,https://www.tcggo.com/external/tcgplayer/24090,Buneary,Buneary 83,,0.05,0.03,21524,EUR,[],,,,,,,,,0.02,0.02,0.02,0.02,0.02,0.02,0.02,0.02,0.02,0.02,,,,,,,,,,,,,,,,,,,,,,,,,,,,,,,,,,,,,,,,EUR,0.19,Common,buneary,Pokémon,https://www.tcggo.com/pokemon/phantasmal-flames/buneary-83-1,me2-83,662139,singles
2026-08-23T17:06:43+02:00,,380,5ban Graphics,5ban-graphics,PFL 84,84,857659,94,130,PFL,Pokémon,pokemon,231,https://images.tcggo.com/tcggo/storage/23782/Pokemon_TCG_Mega_Evolution—Phantasmal_Flames_Logo.png,Phantasmal Flames,EUR,1204.63,EUR,1021.43,2025-11-14,17,Mega Evolution,mega-evolution,phantasmal-flames,330,24091,https://images.tcggo.com/tcggo/storage/24040/mega-lopunny-ex-pfl-84-phantasmal-flames.png,https://www.tcggo.com/external/cm/24091,https://www.tcggo.com/external/tcgplayer/24091,Mega Lopunny ex,Mega Lopunny ex 84,,0.49,0.54,4607,EUR,[],,,,,,,,,0.09,0.04,0.04,0.1,0.1,0.09,0.1,0.1,0.04,0.04,,,,,,,,,,,,,,,,,,,,,,,,,,,,,,,,,,,,,,,,EUR,0.51,Double Rare,mega-lopunny-ex,Pokémon,https://www.tcggo.com/pokemon/phantasmal-flames/mega-lopunny-ex-84,me2-84,662188,singles
2026-08-23T17:06:43+02:00,,455,MARINA Chikazawa,marina-chikazawa,PFL 85,85,857660,94,130,PFL,Pokémon,pokemon,231,https://images.tcggo.com/tcggo/storage/23782/Pokemon_TCG_Mega_Evolution—Phantasmal_Flames_Logo.png,Phantasmal Flames,EUR,1204.63,EUR,1021.43,2025-11-14,17,Mega Evolution,mega-evolution,phantasmal-flames,0,24092,https://images.tcggo.com/tcggo/storage/24048/battle-cage-pfl-85-phantasmal-flames.png,https://www.tcggo.com/external/cm/24092,https://www.tcggo.com/external/tcgplayer/24092,Battle Cage,Battle Cage 85,,0.1,0.07,14153,EUR,[],,,,,,,,,0.02,0.02,0.02,0.02,0.02,0.02,0.02,0.02,0.02,0.02,,,,,,,,,,,,,,,,,,,,,,,,,,,,,,,,,,,,,,,,EUR,0.3,Uncommon,battle-cage,Trainer,https://www.tcggo.com/pokemon/phantasmal-flames/battle-cage-85,me2-85,662130,singles
2026-08-23T17:06:43+02:00,,458,Toyste Beach,toyste-beach,PFL 86,86,857661,94,130,PFL,Pokémon,pokemon,231,https://images.tcggo.com/tcggo/storage/23782/Pokemon_TCG_Mega_Evolution—Phantasmal_Flames_Logo.png,Phantasmal Flames,EUR,1204.63,EUR,1021.43,2025-11-14,17,Mega Evolution,mega-evolution,phantasmal-flames,0,24093,https://images.tcggo.com/tcggo/storage/24056/blowtorch-pfl-86-phantasmal-flames.png,https://www.tcggo.com/external/cm/24093,https://www.tcggo.com/external/tcgplayer/24093,Blowtorch,Blowtorch 86,,0.03,0.03,27197,EUR,[],,,,,,,,,0.02,0.02,0.02,0.02,0.02,0.02,0.02,0.02,0.02,0.02,,,,,,,,,,,,,,,,,,,,,,,,,,,,,,,,,,,,,,,,EUR,0.15,Uncommon,blowtorch,Trainer,https://www.tcggo.com/pokemon/phantasmal-flames/blowtorch-86,me2-86,662132,singles
2026-08-23T17:06:43+02:00,,409,Yuu Nishida,yuu-nishida,PFL 87,87,857662,94,130,PFL,Pokémon,pokemon,231,https://images.tcggo.com/tcggo/storage/23782/Pokemon_TCG_Mega_Evolution—Phantasmal_Flames_Logo.png,Phantasmal Flames,EUR,1204.63,EUR,1021.43,2025-11-14,17,Mega Evolution,mega-evolution,phantasmal-flames,0,24094,https://images.tcggo.com/tcggo/storage/24064/dawn-pfl-87-phantasmal-flames.png,https://www.tcggo.com/external/cm/24094,https://www.tcggo.com/external/tcgplayer/24094,Dawn,Dawn 87,,0.13,0.11,16657,EUR,[],,,,,,,,,0.03,0.02,0.02,0.02,0.02,0.02,0.02,0.02,0.02,0.02,,,,,,,,,,,,,,,,,,,,,,,,,,,,,,,,,,,,,,,,EUR,0.26,Uncommon,dawn,Trainer,https://www.tcggo.com/pokemon/phantasmal-flames/dawn-87,me2-87,660414,singles
2026-08-23T17:06:43+02:00,,453,AYUMI ODASHIMA,ayumi-odashima,PFL 88,88,,94,130,PFL,Pokémon,pokemon,231,https://images.tcggo.com/tcggo/storage/23782/Pokemon_TCG_Mega_Evolution—Phantasmal_Flames_Logo.png,Phantasmal Flames,EUR,1204.63,EUR,1021.43,2025-11-14,17,Mega Evolution,mega-evolution,phantasmal-flames,0,24095,https://images.tcggo.com/tcggo/storage/24072/dizzying-valley-pfl-88-phantasmal-flames.png,https://www.tcggo.com/external/cm/24095,https://www.tcggo.com/external/tcgplayer/24095,Dizzying Valley,Dizzying Valley 88,,,,,,,,,,,,,,,,,,,,,,,,,,,,,,,,,,,,,,,,,,,,,,,,,,,,,,,,,,,,,,,,,,Uncommon,dizzying-valley,Trainer,https://www.tcggo.com/pokemon/phantasmal-flames/dizzying-valley-88,me2-88,662153,singles
2026-08-23T17:06:43+02:00,,463,Naoki Saito,naoki-saito,PFL 89,89,857664,94,130,PFL,Pokémon,pokemon,231,https://images.tcggo.com/tcggo/storage/23782/Pokemon_TCG_Mega_Evolution—Phantasmal_Flames_Logo.png,Phantasmal Flames,EUR,1204.63,EUR,1021.43,2025-11-14,17,Mega Evolution,mega-evolution,phantasmal-flames,0,24096,https://images.tcggo.com/tcggo/storage/24080/firebreather-pfl-89-phantasmal-flames.png,https://www.tcggo.com/external/cm/24096,https://www.tcggo.com/external/tcgplayer/24096,Firebreather,Firebreather 89,,0.04,0.04,26284,EUR,[],,,,,,,,,0.02,0.02,0.02,0.02,0.02,0.02,0.02,0.02,0.02,0.02,,,,,,,,,,,,,,,,,,,,,,,,,,,,,,,,,,,,,,,,EUR,0.22,Uncommon,firebreather,Trainer,https://www.tcggo.com/pokemon/phantasmal-flames/firebreather-89,me2-89,662157,singles
2026-08-23T17:06:43+02:00,,459,GIDORA,gidora,PFL 90,90,857665,94,130,PFL,Pokémon,pokemon,231,https://images.tcggo.com/tcggo/storage/23782/Pokemon_TCG_Mega_Evolution—Phantasmal_Flames_Logo.png,Phantasmal Flames,EUR,1204.63,EUR,1021.43,2025-11-14,17,Mega Evolution,mega-evolution,phantasmal-flames,0,24097,https://images.tcggo.com/tcggo/storage/24088/grimsleys-move-pfl-90-phantasmal-flames.png,https://www.tcggo.com/external/cm/24097,https://www.tcggo.com/external/tcgplayer/24097,Grimsley's Move,Grimsley's Move 90,,0.05,0.05,27330,EUR,[],,,,,,,,,0.02,0.02,0.02,0.02,0.02,0.02,0.02,0.02,0.02,0.02,,,,,,,,,,,,,,,,,,,,,,,,,,,,,,,,,,,,,,,,EUR,0.21,Uncommon,grimsleys-move,Trainer,https://www.tcggo.com/pokemon/phantasmal-flames/grimsleys-move-90,me2-90,660418,singles
2026-08-23T17:06:43+02:00,,453,AYUMI ODASHIMA,ayumi-odashima,PFL 91,91,857666,94,130,PFL,Pokémon,pokemon,231,https://images.tcggo.com/tcggo/storage/23782/Pokemon_TCG_Mega_Evolution—Phantasmal_Flames_Logo.png,Phantasmal Flames,EUR,1204.63,EUR,1021.43,2025-11-14,17,Mega Evolution,mega-evolution,phantasmal-flames,0,24098,https://images.tcggo.com/tcggo/storage/24096/jumbo-ice-cream-pfl-91-phantasmal-flames.png,https://www.tcggo.com/external/cm/24098,https://www.tcggo.com/external/tcgplayer/24098,Jumbo Ice Cream,Jumbo Ice Cream 91,,0.06,0.06,23526,EUR,[],,,,,,,,,0.02,0.02,0.02,0.02,0.02,0.02,0.02,0.02,0.02,0.02,,,,,,,,,,,,,,,,,,,,,,,,,,,,,,,,,,,,,,,,EUR,0.28,Uncommon,jumbo-ice-cream,Trainer,https://www.tcggo.com/pokemon/phantasmal-flames/jumbo-ice-cream-91,me2-91,662172,singles
2026-08-23T17:06:43+02:00,,461,Studio Bora Inc.,studio-bora-inc,PFL 92,92,857667,94,130,PFL,Pokémon,pokemon,231,https://images.tcggo.com/tcggo/storage/23782/Pokemon_TCG_Mega_Evolution—Phantasmal_Flames_Logo.png,Phantasmal Flames,EUR,1204.63,EUR,1021.43,2025-11-14,17,Mega Evolution,mega-evolution,phantasmal-flames,0,24099,https://images.tcggo.com/tcggo/storage/24104/punk-helmet-pfl-92-phantasmal-flames.png,https://www.tcggo.com/external/cm/24099,https://www.tcggo.com/external/tcgplayer/24099,Punk Helmet,Punk Helmet 92,,0.04,0.05,26913,EUR,[],,,,,,,,,0.03,0.02,0.02,0.02,0.02,0.02,0.02,0.02,0.02,0.02,,,,,,,,,,,,,,,,,,,,,,,,,,,,,,,,,,,,,,,,EUR,0.16,Uncommon,punk-helmet,Trainer,https://www.tcggo.com/pokemon/phantasmal-flames/punk-helmet-92,me2-92,660419,singles
2026-08-23T17:06:43+02:00,,458,Toyste Beach,toyste-beach,PFL 93,93,857668,94,130,PFL,Pokémon,pokemon,231,https://images.tcggo.com/tcggo/storage/23782/Pokemon_TCG_Mega_Evolution—Phantasmal_Flames_Logo.png,Phantasmal Flames,EUR,1204.63,EUR,1021.43,2025-11-14,17,Mega Evolution,mega-evolution,phantasmal-flames,0,24100,https://images.tcggo.com/tcggo/storage/24112/sacred-charm-pfl-93-phantasmal-flames.png,https://www.tcggo.com/external/cm/24100,https://www.tcggo.com/external/tcgplayer/24100,Sacred Charm,Sacred Charm 93,,0.03,0.03,26113,EUR,[],,,,,,,,,0.02,0.02,0.02,0.02,0.02,0.02,0.02,0.02,0.02,0.02,,,,,,,,,,,,,,,,,,,,,,,,,,,,,,,,,,,,,,,,EUR,0.15,Uncommon,sacred-charm,Trainer,https://www.tcggo.com/pokemon/phantasmal-flames/sacred-charm-93,me2-93,662223,singles
2026-08-23T17:06:43+02:00,,461,Studio Bora Inc.,studio-bora-inc,PFL 94,94,857669,94,130,PFL,Pokémon,pokemon,231,https://images.tcggo.com/tcggo/storage/23782/Pokemon_TCG_Mega_Evolution—Phantasmal_Flames_Logo.png,Phantasmal Flames,EUR,1204.63,EUR,1021.43,2025-11-14,17,Mega Evolution,mega-evolution,phantasmal-flames,0,24101,https://images.tcggo.com/tcggo/storage/24120/wondrous-patch-pfl-94-phantasmal-flames.png,https://www.tcggo.com/external/cm/24101,https://www.tcggo.com/external/tcgplayer/24101,Wondrous Patch,Wondrous Patch 94,,0.07,0.06,23229,EUR,[],,,,,,,,,0.03,0.02,0.02,0.02,0.02,0.02,0.02,0.02,0.02,0.02,,,,,,,,,,,,,,,,,,,,,,,,,,,,,,,,,,,,,,,,EUR,0.24,Uncommon,wondrous-patch,Trainer,https://www.tcggo.com/pokemon/phantasmal-flames/wondrous-patch-94,me2-94,662241,singles
2026-08-23T17:06:43+02:00,,386,Jerky,jerky,PFL 95,95,857670,94,130,PFL,Pokémon,pokemon,231,https://images.tcggo.com/tcggo/storage/23782/Pokemon_TCG_Mega_Evolution—Phantasmal_Flames_Logo.png,Phantasmal Flames,EUR,1204.63,EUR,1021.43,2025-11-14,17,Mega Evolution,mega-evolution,phantasmal-flames,160,24102,https://images.tcggo.com/tcggo/storage/24128/ludicolo-pfl-95-phantasmal-flames.png,https://www.tcggo.com/external/cm/24102,https://www.tcggo.com/external/tcgplayer/24102,Ludicolo,Ludicolo 95,,2,2.05,1328,EUR,[],,,,,,,,,1.79,0.95,0.95,1.9,1.9,1.8,2,2,0.75,0.75,,,,,,,,,,,,,,,,,,,,,,,,,,,,,,,,,,,,,,,,EUR,2.33,Illustration Rare,ludicolo,Pokémon,https://www.tcggo.com/pokemon/phantasmal-flames/ludicolo-95,me2-95,662180,singles
2026-08-23T17:06:43+02:00,,784,Nakamura Ippan,nakamura-ippan,PFL 96,96,857671,94,130,PFL,Pokémon,pokemon,231,https://images.tcggo.com/tcggo/storage/23782/Pokemon_TCG_Mega_Evolution—Phantasmal_Flames_Logo.png,Phantasmal Flames,EUR,1204.63,EUR,1021.43,2025-11-14,17,Mega Evolution,mega-evolution,phantasmal-flames,50,24103,https://images.tcggo.com/tcggo/storage/24136/nymble-pfl-96-phantasmal-flames.png,https://www.tcggo.com/external/cm/24103,https://www.tcggo.com/external/tcgplayer/24103,Nymble,Nymble 96,,1.27,1.29,1729,EUR,[],,,,,,,,,0.99,0.9,0.9,0.64,0.64,0.99,0.9,1.95,0.12,0.12,,,,,,,,,,,,,,,,,,,,,,,,,,,,,,,,,,,,,,,,EUR,1.29,Illustration Rare,nymble,Pokémon,https://www.tcggo.com/pokemon/phantasmal-flames/nymble-96,me2-96,662204,singles
2026-08-23T17:06:43+02:00,,417,satoma,satoma,PFL 97,97,857672,94,130,PFL,Pokémon,pokemon,231,https://images.tcggo.com/tcggo/storage/23782/Pokemon_TCG_Mega_Evolution—Phantasmal_Flames_Logo.png,Phantasmal Flames,EUR,1204.63,EUR,1021.43,2025-11-14,17,Mega Evolution,mega-evolution,phantasmal-flames,130,24104,https://images.tcggo.com/tcggo/storage/24145/dewgong-pfl-97-phantasmal-flames.png,https://www.tcggo.com/external/cm/24104,https://www.tcggo.com/external/tcgplayer/24104,Dewgong,Dewgong 97,,3.98,3.97,1164,EUR,[],,,,,,,,,2.4,2.99,2.99,1.9,1.9,2.4,2.8,2.8,0.95,0.95,,,,,,,,,,,,,,,,,,,,,,,,,,,,,,,,,,,,,,,,EUR,3.89,Illustration Rare,dewgong,Pokémon,https://www.tcggo.com/pokemon/phantasmal-flames/dewgong-97,me2-97,662152,singles
2026-08-23T17:06:43+02:00,,535,Jiro Sasumo,jiro-sasumo,PFL 98,98,857673,94,130,PFL,Pokémon,pokemon,231,https://images.tcggo.com/tcggo/storage/23782/Pokemon_TCG_Mega_Evolution—Phantasmal_Flames_Logo.png,Phantasmal Flames,EUR,1204.63,EUR,1021.43,2025-11-14,17,Mega Evolution,mega-evolution,phantasmal-flames,70,24105,https://images.tcggo.com/tcggo/storage/24154/piplup-pfl-98-phantasmal-flames.png,https://www.tcggo.com/external/cm/24105,https://www.tcggo.com/external/tcgplayer/24105,Piplup,Piplup 98,,13.19,13.85,1069,EUR,,300,,,149,160,,50,75,13.95,7,7,10,10,13.95,14.95,17,3.8,3.8,USD,56.03,5,,,,,,,223.13,1,,,,,30.49,5,,,,,16.32,4,141.61,5,,,,,22.31,5,,,132.76,5,,,29.99,1,EUR,12.69,Illustration Rare,piplup,Pokémon,https://www.tcggo.com/pokemon/phantasmal-flames/piplup-98,me2-98,662215,singles
2026-08-23T17:06:43+02:00,,767,tono,tono,PFL 99,99,857674,94,130,PFL,Pokémon,pokemon,231,https://images.tcggo.com/tcggo/storage/23782/Pokemon_TCG_Mega_Evolution—Phantasmal_Flames_Logo.png,Phantasmal Flames,EUR,1204.63,EUR,1021.43,2025-11-14,17,Mega Evolution,mega-evolution,phantasmal-flames,70,24106,https://images.tcggo.com/tcggo/storage/24033/yamper-pfl-99-phantasmal-flames.png,https://www.tcggo.com/external/cm/24106,https://www.tcggo.com/external/tcgplayer/24106,Yamper,Yamper 99,,1.92,1.96,1273,EUR,[],,,,,,,,,1.49,1.45,1.45,1,1,1.5,1.5,2,0.49,0.49,,,,,,,,,,,,,,,,,,,,,,,,,,,,,,,,,,,,,,,,EUR,3.59,Illustration Rare,yamper,Pokémon,https://www.tcggo.com/pokemon/phantasmal-flames/yamper-99,me2-99,662243,singles
2026-08-23T17:06:43+02:00,,357,Yoriyuki Ikegami,yoriyuki-ikegami,PFL 100,100,857675,94,130,PFL,Pokémon,pokemon,231,https://images.tcggo.com/tcggo/storage/23782/Pokemon_TCG_Mega_Evolution—Phantasmal_Flames_Logo.png,Phantasmal Flames,EUR,1204.63,EUR,1021.43,2025-11-14,17,Mega Evolution,mega-evolution,phantasmal-flames,130,24107,https://images.tcggo.com/tcggo/storage/24041/zacian-pfl-100-phantasmal-flames.png,https://www.tcggo.com/external/cm/24107,https://www.tcggo.com/external/tcgplayer/24107,Zacian,Zacian 100,,3.35,4.02,967,EUR,[],,,,,,,,,2.4,1.9,1.9,2.9,2.9,2.4,3.99,6,0.8,0.8,,,,,,,,,,,,,,,,,,,,,,,,,,,,,,,,,,,,,,,,EUR,4.07,Illustration Rare,zacian,Pokémon,https://www.tcggo.com/pokemon/phantasmal-flames/zacian-100,me2-100,662245,singles
2026-08-23T17:06:43+02:00,,486,Ryota Murayama,ryota-murayama,PFL 101,101,857676,94,130,PFL,Pokémon,pokemon,231,https://images.tcggo.com/tcggo/storage/23782/Pokemon_TCG_Mega_Evolution—Phantasmal_Flames_Logo.png,Phantasmal Flames,EUR,1204.63,EUR,1021.43,2025-11-14,17,Mega Evolution,mega-evolution,phantasmal-flames,150,24108,https://images.tcggo.com/tcggo/storage/24049/flygon-pfl-101-phantasmal-flames.png,https://www.tcggo.com/external/cm/24108,https://www.tcggo.com/external/tcgplayer/24108,Flygon,Flygon 101,,3.6,3.91,1002,EUR,,,,,,,,110,40,2.91,1.99,1.99,3,3,3,4,4.75,0.9,0.9,,,,,,,,,,,,,,,,,,,,,,,,,,,,,,,,,,,,,,,,EUR,4.57,Illustration Rare,flygon,Pokémon,https://www.tcggo.com/pokemon/phantasmal-flames/flygon-101,me2-101,662160,singles
2026-08-23T17:06:43+02:00,,394,OKACHEKE,okacheke,PFL 102,102,857677,94,130,PFL,Pokémon,pokemon,231,https://images.tcggo.com/tcggo/storage/23782/Pokemon_TCG_Mega_Evolution—Phantasmal_Flames_Logo.png,Phantasmal Flames,EUR,1204.63,EUR,1021.43,2025-11-14,17,Mega Evolution,mega-evolution,phantasmal-flames,60,24109,https://images.tcggo.com/tcggo/storage/24057/paldean-wooper-pfl-102-phantasmal-flames.png,https://www.tcggo.com/external/cm/24109,https://www.tcggo.com/external/tcgplayer/24109,Paldean Wooper,Paldean Wooper 102,,3.02,2.52,1216,EUR,[],,,,,,,,,2.7,1.8,1.8,2.39,2.39,2.7,2,2.5,0.7,0.7,,,,,,,,,,,,,,,,,,,,,,,,,,,,,,,,,,,,,,,,EUR,3.83,Illustration Rare,paldean-wooper,Pokémon,https://www.tcggo.com/pokemon/phantasmal-flames/paldean-wooper-102,me2-102,662209,singles
2026-08-23T17:06:43+02:00,,787,Terada Tera,terada-tera,PFL 103,103,857678,94,130,PFL,Pokémon,pokemon,231,https://images.tcggo.com/tcggo/storage/23782/Pokemon_TCG_Mega_Evolution—Phantasmal_Flames_Logo.png,Phantasmal Flames,EUR,1204.63,EUR,1021.43,2025-11-14,17,Mega Evolution,mega-evolution,phantasmal-flames,140,24110,https://images.tcggo.com/tcggo/storage/24065/toxtricity-pfl-103-phantasmal-flames.png,https://www.tcggo.com/external/cm/24110,https://www.tcggo.com/external/tcgplayer/24110,Toxtricity,Toxtricity 103,,1.85,1.81,1472,EUR,[],,,,,,,,,1.32,0.97,0.97,1.8,1.8,1.32,1.3,2.15,0.5,0.5,,,,,,,,,,,,,,,,,,,,,,,,,,,,,,,,,,,,,,,,EUR,1.74,Illustration Rare,toxtricity,Pokémon,https://www.tcggo.com/pokemon/phantasmal-flames/toxtricity-103,me2-103,662235,singles
2026-08-23T17:06:43+02:00,,365,Orca,orca,PFL 104,104,857679,94,130,PFL,Pokémon,pokemon,231,https://images.tcggo.com/tcggo/storage/23782/Pokemon_TCG_Mega_Evolution—Phantasmal_Flames_Logo.png,Phantasmal Flames,EUR,1204.63,EUR,1021.43,2025-11-14,17,Mega Evolution,mega-evolution,phantasmal-flames,80,24111,https://images.tcggo.com/tcggo/storage/24073/togedemaru-pfl-104-phantasmal-flames.png,https://www.tcggo.com/external/cm/24111,https://www.tcggo.com/external/tcgplayer/24111,Togedemaru,Togedemaru 104,,1.86,1.89,1328,EUR,[],,,,,,,,,1.39,0.99,0.99,1.95,1.95,1.6,1.61,1.61,0.45,0.45,,,,,,,,,,,,,,,,,,,,,,,,,,,,,,,,,,,,,,,,EUR,2.45,Illustration Rare,togedemaru,Pokémon,https://www.tcggo.com/pokemon/phantasmal-flames/togedemaru-104,me2-104,662233,singles
2026-08-23T17:06:43+02:00,,470,REND,rend,PFL 105,105,857680,94,130,PFL,Pokémon,pokemon,231,https://images.tcggo.com/tcggo/storage/23782/Pokemon_TCG_Mega_Evolution—Phantasmal_Flames_Logo.png,Phantasmal Flames,EUR,1204.63,EUR,1021.43,2025-11-14,17,Mega Evolution,mega-evolution,phantasmal-flames,120,24112,https://images.tcggo.com/tcggo/storage/24081/wigglytuff-pfl-105-phantasmal-flames.png,https://www.tcggo.com/external/cm/24112,https://www.tcggo.com/external/tcgplayer/24112,Wigglytuff,Wigglytuff 105,,5.82,5.98,875,EUR,,,,,,24,24,94,50,6.5,4.45,4.45,3.2,3.2,6.5,3,4.5,0.9,0.9,USD,36.75,5,,,,,13.47,3,,,,,8.09,1,30.13,4,,,,,3.19,1,80.95,5,9,1,10.87,5,22.48,5,,,62.95,5,,,21.13,2,EUR,5.27,Illustration Rare,wigglytuff,Pokémon,https://www.tcggo.com/pokemon/phantasmal-flames/wigglytuff-105,me2-105,662240,singles
2026-08-23T17:06:43+02:00,,419,Uninori,uninori,PFL 106,106,857681,94,130,PFL,Pokémon,pokemon,231,https://images.tcggo.com/tcggo/storage/23782/Pokemon_TCG_Mega_Evolution—Phantasmal_Flames_Logo.png,Phantasmal Flames,EUR,1204.63,EUR,1021.43,2025-11-14,17,Mega Evolution,mega-evolution,phantasmal-flames,70,24113,https://images.tcggo.com/tcggo/storage/24089/meowth-pfl-106-phantasmal-flames.png,https://www.tcggo.com/external/cm/24113,https://www.tcggo.com/external/tcgplayer/24113,Meowth,Meowth 106,,22.92,23.51,1232,EUR,,,,,70,180,45,60,55,19,14.5,14.5,14.5,14.5,19,24,24,9.49,9.49,USD,76.32,5,,,23.51,3,33.03,5,325,2,,,34.99,5,58.07,5,,,21.65,1,30.59,5,163.9,5,22.34,5,20.85,5,26.8,5,,,181.62,5,,,53.82,5,EUR,16.17,Illustration Rare,meowth,Pokémon,https://www.tcggo.com/pokemon/phantasmal-flames/meowth-106-2,me2-106,662195,singles
2026-08-23T17:06:43+02:00,,437,Shigenori Negishi,shigenori-negishi,PFL 107,107,857682,94,130,PFL,Pokémon,pokemon,231,https://images.tcggo.com/tcggo/storage/23782/Pokemon_TCG_Mega_Evolution—Phantasmal_Flames_Logo.png,Phantasmal Flames,EUR,1204.63,EUR,1021.43,2025-11-14,17,Mega Evolution,mega-evolution,phantasmal-flames,110,24114,https://images.tcggo.com/tcggo/storage/24097/ambipom-pfl-107-phantasmal-flames.png,https://www.tcggo.com/external/cm/24114,https://www.tcggo.com/external/tcgplayer/24114,Ambipom,Ambipom 107,,1.83,1.8,1474,EUR,[],,,,,,,,,1.3,1,1,1.4,1.4,1.3,1,1,0.7,0.7,,,,,,,,,,,,,,,,,,,,,,,,,,,,,,,,,,,,,,,,EUR,1.99,Illustration Rare,ambipom,Pokémon,https://www.tcggo.com/pokemon/phantasmal-flames/ambipom-107,me2-107,662128,singles
2026-08-23T17:06:43+02:00,,380,5ban Graphics,5ban-graphics,PFL 108,108,857683,94,130,PFL,Pokémon,pokemon,231,https://images.tcggo.com/tcggo/storage/23782/Pokemon_TCG_Mega_Evolution—Phantasmal_Flames_Logo.png,Phantasmal Flames,EUR,1204.63,EUR,1021.43,2025-11-14,17,Mega Evolution,mega-evolution,phantasmal-flames,280,24115,https://images.tcggo.com/tcggo/storage/24105/mega-heracross-ex-pfl-108-phantasmal-flames.png,https://www.tcggo.com/external/cm/24115,https://www.tcggo.com/external/tcgplayer/24115,Mega Heracross ex,Mega Heracross ex 108,,2.18,2.01,947,EUR,[],,,,,,,,,1.5,1,1,1.5,1.5,1.5,1.9,2.85,0.89,0.89,,,,,,,,,,,,,,,,,,,,,,,,,,,,,,,,,,,,,,,,EUR,1.62,Ultra Rare,mega-heracross-ex,Pokémon,https://www.tcggo.com/pokemon/phantasmal-flames/mega-heracross-ex-108,me2-108,662187,singles
2026-08-23T17:06:43+02:00,,490,takuyoa,takuyoa,PFL 109,109,857684,94,130,PFL,Pokémon,pokemon,231,https://images.tcggo.com/tcggo/storage/23782/Pokemon_TCG_Mega_Evolution—Phantasmal_Flames_Logo.png,Phantasmal Flames,EUR,1204.63,EUR,1021.43,2025-11-14,17,Mega Evolution,mega-evolution,phantasmal-flames,360,24116,https://images.tcggo.com/tcggo/storage/24113/mega-charizard-x-ex-pfl-109-phantasmal-flames.png,https://www.tcggo.com/external/cm/24116,https://www.tcggo.com/external/tcgplayer/24116,Mega Charizard X ex,Mega Charizard X ex 109,,27.39,23.67,921,EUR,[],,,,,,,,,24.7,17,17,25,25,25,33.99,33.99,14.85,14.85,USD,70.8,5,,,,,32.62,5,202.78,5,,,,,49.24,5,23.77,3,,,38,5,104.07,5,40.5,2,28.64,5,37.17,5,54.85,2,154.8,5,,,61.52,5,EUR,22.84,Ultra Rare,mega-charizard-x-ex,Pokémon,https://www.tcggo.com/pokemon/phantasmal-flames/mega-charizard-x-ex-109,me2-109,662183,singles
2026-08-23T17:06:43+02:00,,380,5ban Graphics,5ban-graphics,PFL 110,110,857685,94,130,PFL,Pokémon,pokemon,231,https://images.tcggo.com/tcggo/storage/23782/Pokemon_TCG_Mega_Evolution—Phantasmal_Flames_Logo.png,Phantasmal Flames,EUR,1204.63,EUR,1021.43,2025-11-14,17,Mega Evolution,mega-evolution,phantasmal-flames,190,24117,https://images.tcggo.com/tcggo/storage/24121/oricorio-ex-pfl-110-phantasmal-flames.png,https://www.tcggo.com/external/cm/24117,https://www.tcggo.com/external/tcgplayer/24117,Oricorio ex,Oricorio ex 110,,1.62,1.72,842,EUR,[],,,,,,,,,1,0.98,0.98,2.5,2.5,1,1.5,1.5,0.62,0.62,,,,,,,,,,,,,,,,,,,,,,,,,,,,,,,,,,,,,,,,EUR,1.11,Ultra Rare,oricorio-ex,Pokémon,https://www.tcggo.com/pokemon/phantasmal-flames/oricorio-ex-110,me2-110,662207,singles
2026-08-23T17:06:43+02:00,,380,5ban Graphics,5ban-graphics,PFL 111,111,857686,94,130,PFL,Pokémon,pokemon,231,https://images.tcggo.com/tcggo/storage/23782/Pokemon_TCG_Mega_Evolution—Phantasmal_Flames_Logo.png,Phantasmal Flames,EUR,1204.63,EUR,1021.43,2025-11-14,17,Mega Evolution,mega-evolution,phantasmal-flames,190,24118,https://images.tcggo.com/tcggo/storage/24129/rotom-ex-pfl-111-phantasmal-flames.png,https://www.tcggo.com/external/cm/24118,https://www.tcggo.com/external/tcgplayer/24118,Rotom ex,Rotom ex 111,,1.42,1.36,887,EUR,[],,,,,,,,,1,0.85,0.85,1.25,1.25,1,2,2,0.47,0.47,,,,,,,,,,,,,,,,,,,,,,,,,,,,,,,,,,,,,,,,EUR,1.03,Ultra Rare,rotom-ex,Pokémon,https://www.tcggo.com/pokemon/phantasmal-flames/rotom-ex-111,me2-111,662221,singles
2026-08-23T17:06:43+02:00,,380,5ban Graphics,5ban-graphics,PFL 112,112,857687,94,130,PFL,Pokémon,pokemon,231,https://images.tcggo.com/tcggo/storage/23782/Pokemon_TCG_Mega_Evolution—Phantasmal_Flames_Logo.png,Phantasmal Flames,EUR,1204.63,EUR,1021.43,2025-11-14,17,Mega Evolution,mega-evolution,phantasmal-flames,260,24119,https://images.tcggo.com/tcggo/storage/24137/mismagius-ex-pfl-112-phantasmal-flames.png,https://www.tcggo.com/external/cm/24119,https://www.tcggo.com/external/tcgplayer/24119,Mismagius ex,Mismagius ex 112,,1.84,1.89,809,EUR,[],,,,,,,,,1.4,0.99,0.99,3,3,1.4,2.2,2.5,0.49,0.49,,,,,,,,,,,,,,,,,,,,,,,,,,,,,,,,,,,,,,,,EUR,1.99,Ultra Rare,mismagius-ex,Pokémon,https://www.tcggo.com/pokemon/phantasmal-flames/mismagius-ex-112,me2-112,662200,singles
2026-08-23T17:06:43+02:00,,380,5ban Graphics,5ban-graphics,PFL 113,113,857688,94,130,PFL,Pokémon,pokemon,231,https://images.tcggo.com/tcggo/storage/23782/Pokemon_TCG_Mega_Evolution—Phantasmal_Flames_Logo.png,Phantasmal Flames,EUR,1204.63,EUR,1021.43,2025-11-14,17,Mega Evolution,mega-evolution,phantasmal-flames,330,24120,https://images.tcggo.com/tcggo/storage/24146/mega-sharpedo-ex-pfl-113-phantasmal-flames.png,https://www.tcggo.com/external/cm/24120,https://www.tcggo.com/external/tcgplayer/24120,Mega Sharpedo ex,Mega Sharpedo ex 113,,2.31,2.21,937,EUR,,,,,,,,21,38,1.75,1.35,1.35,2,2,1.75,2.9,3,0.88,0.88,USD,,,,,,,,,,,,,,,15.5,5,,,,,10.5,1,37,5,,,7.5,2,16.4,5,3.5,1,45,5,,,13.5,3,EUR,2.03,Ultra Rare,mega-sharpedo-ex,Pokémon,https://www.tcggo.com/pokemon/phantasmal-flames/mega-sharpedo-ex-113,me2-113,662192,singles
2026-08-23T17:06:43+02:00,,380,5ban Graphics,5ban-graphics,PFL 114,114,857689,94,130,PFL,Pokémon,pokemon,231,https://images.tcggo.com/tcggo/storage/23782/Pokemon_TCG_Mega_Evolution—Phantasmal_Flames_Logo.png,Phantasmal Flames,EUR,1204.63,EUR,1021.43,2025-11-14,17,Mega Evolution,mega-evolution,phantasmal-flames,320,24121,https://images.tcggo.com/tcggo/storage/24155/empoleon-ex-pfl-114-phantasmal-flames.png,https://www.tcggo.com/external/cm/24121,https://www.tcggo.com/external/tcgplayer/24121,Empoleon ex,Empoleon ex 114,,2.01,1.8,706,EUR,[],,,,,,,,,1.49,1,1,3.25,3.25,1.49,2.5,2.5,0.8,0.8,,,,,,,,,,,,,,,,,,,,,,,,,,,,,,,,,,,,,,,,EUR,1.24,Ultra Rare,empoleon-ex,Pokémon,https://www.tcggo.com/pokemon/phantasmal-flames/empoleon-ex-114,me2-114,662156,singles
2026-08-23T17:06:43+02:00,,380,5ban Graphics,5ban-graphics,PFL 115,115,857690,94,130,PFL,Pokémon,pokemon,231,https://images.tcggo.com/tcggo/storage/23782/Pokemon_TCG_Mega_Evolution—Phantasmal_Flames_Logo.png,Phantasmal Flames,EUR,1204.63,EUR,1021.43,2025-11-14,17,Mega Evolution,mega-evolution,phantasmal-flames,330,24122,https://images.tcggo.com/tcggo/storage/24034/mega-lopunny-ex-pfl-115-phantasmal-flames.png,https://www.tcggo.com/external/cm/24122,https://www.tcggo.com/external/tcgplayer/24122,Mega Lopunny ex,Mega Lopunny ex 115,,2.47,2.48,896,EUR,[],,,,,,,,,1.98,1.3,1.3,3.2,3.2,1.95,2.3,2.3,0.79,0.79,,,,,,,,,,,,,,,,,,,,,,,,,,,,,,,,,,,,,,,,EUR,1.55,Ultra Rare,mega-lopunny-ex,Pokémon,https://www.tcggo.com/pokemon/phantasmal-flames/mega-lopunny-ex-115,me2-115,662189,singles
2026-08-23T17:06:43+02:00,,455,MARINA Chikazawa,marina-chikazawa,PFL 116,116,857691,94,130,PFL,Pokémon,pokemon,231,https://images.tcggo.com/tcggo/storage/23782/Pokemon_TCG_Mega_Evolution—Phantasmal_Flames_Logo.png,Phantasmal Flames,EUR,1204.63,EUR,1021.43,2025-11-14,17,Mega Evolution,mega-evolution,phantasmal-flames,0,24123,https://images.tcggo.com/tcggo/storage/24042/battle-cage-pfl-116-phantasmal-flames.png,https://www.tcggo.com/external/cm/24123,https://www.tcggo.com/external/tcgplayer/24123,Battle Cage,Battle Cage 116,,1.48,1.45,818,EUR,[],,,,,,,,,0.85,0.49,0.49,1.95,1.95,0.85,1,1.14,0.5,0.5,,,,,,,,,,,,,,,,,,,,,,,,,,,,,,,,,,,,,,,,EUR,1.01,Ultra Rare,battle-cage,Trainer,https://www.tcggo.com/pokemon/phantasmal-flames/battle-cage-116,me2-116,662131,singles
2026-08-23T17:06:43+02:00,,458,Toyste Beach,toyste-beach,PFL 117,117,857692,94,130,PFL,Pokémon,pokemon,231,https://images.tcggo.com/tcggo/storage/23782/Pokemon_TCG_Mega_Evolution—Phantasmal_Flames_Logo.png,Phantasmal Flames,EUR,1204.63,EUR,1021.43,2025-11-14,17,Mega Evolution,mega-evolution,phantasmal-flames,0,24124,https://images.tcggo.com/tcggo/storage/24050/blowtorch-pfl-117-phantasmal-flames.png,https://www.tcggo.com/external/cm/24124,https://www.tcggo.com/external/tcgplayer/24124,Blowtorch,Blowtorch 117,,0.82,0.89,1453,EUR,[],,,,,,,,,0.14,0.25,0.25,0.99,0.99,0.14,0.8,0.8,0.15,0.15,,,,,,,,,,,,,,,,,,,,,,,,,,,,,,,,,,,,,,,,EUR,0.56,Ultra Rare,blowtorch,Trainer,https://www.tcggo.com/pokemon/phantasmal-flames/blowtorch-117,me2-117,662133,singles
2026-08-23T17:06:43+02:00,,409,Yuu Nishida,yuu-nishida,PFL 118,118,857693,94,130,PFL,Pokémon,pokemon,231,https://images.tcggo.com/tcggo/storage/23782/Pokemon_TCG_Mega_Evolution—Phantasmal_Flames_Logo.png,Phantasmal Flames,EUR,1204.63,EUR,1021.43,2025-11-14,17,Mega Evolution,mega-evolution,phantasmal-flames,0,24125,https://images.tcggo.com/tcggo/storage/24058/dawn-pfl-118-phantasmal-flames.png,https://www.tcggo.com/external/cm/24125,https://www.tcggo.com/external/tcgplayer/24125,Dawn,Dawn 118,,4.74,4.78,831,EUR,,,,,,,,50,25,4,3,3,2.41,8,4,4.8,4.8,1.89,1.89,USD,27.7,5,,,10.66,1,15.96,1,120.73,3,,,,,24.63,5,,,,,,,42.03,5,6.33,1,10.81,5,15.28,5,,,52.17,5,,,26.82,3,EUR,4.42,Ultra Rare,dawn,Trainer,https://www.tcggo.com/pokemon/phantasmal-flames/dawn-118,me2-118,662149,singles
2026-08-23T17:06:43+02:00,,463,Naoki Saito,naoki-saito,PFL 119,119,857694,94,130,PFL,Pokémon,pokemon,231,https://images.tcggo.com/tcggo/storage/23782/Pokemon_TCG_Mega_Evolution—Phantasmal_Flames_Logo.png,Phantasmal Flames,EUR,1204.63,EUR,1021.43,2025-11-14,17,Mega Evolution,mega-evolution,phantasmal-flames,0,24126,https://images.tcggo.com/tcggo/storage/24066/firebreather-pfl-119-phantasmal-flames.png,https://www.tcggo.com/external/cm/24126,https://www.tcggo.com/external/tcgplayer/24126,Firebreather,Firebreather 119,,1.13,1.13,1178,EUR,[],,,,,,,,,0.5,0.4,0.4,1.2,1.9,0.5,1,1,0.3,0.3,,,,,,,,,,,,,,,,,,,,,,,,,,,,,,,,,,,,,,,,EUR,0.74,Ultra Rare,firebreather,Trainer,https://www.tcggo.com/pokemon/phantasmal-flames/firebreather-119,me2-119,662158,singles
2026-08-23T17:06:43+02:00,,459,GIDORA,gidora,PFL 120,120,857695,94,130,PFL,Pokémon,pokemon,231,https://images.tcggo.com/tcggo/storage/23782/Pokemon_TCG_Mega_Evolution—Phantasmal_Flames_Logo.png,Phantasmal Flames,EUR,1204.63,EUR,1021.43,2025-11-14,17,Mega Evolution,mega-evolution,phantasmal-flames,0,24127,https://images.tcggo.com/tcggo/storage/24074/grimsleys-move-pfl-120-phantasmal-flames.png,https://www.tcggo.com/external/cm/24127,https://www.tcggo.com/external/tcgplayer/24127,Grimsley's Move,Grimsley's Move 120,,1.02,0.94,1219,EUR,[],,,,,,,,,0.75,0.4,0.4,1,1,0.75,0.92,0.92,0.3,0.3,,,,,,,,,,,,,,,,,,,,,,,,,,,,,,,,,,,,,,,,EUR,0.97,Ultra Rare,grimsleys-move,Trainer,https://www.tcggo.com/pokemon/phantasmal-flames/grimsleys-move-120,me2-120,662167,singles
2026-08-23T17:06:43+02:00,,461,Studio Bora Inc.,studio-bora-inc,PFL 121,121,857696,94,130,PFL,Pokémon,pokemon,231,https://images.tcggo.com/tcggo/storage/23782/Pokemon_TCG_Mega_Evolution—Phantasmal_Flames_Logo.png,Phantasmal Flames,EUR,1204.63,EUR,1021.43,2025-11-14,17,Mega Evolution,mega-evolution,phantasmal-flames,0,24128,https://images.tcggo.com/tcggo/storage/24082/punk-helmet-pfl-121-phantasmal-flames.png,https://www.tcggo.com/external/cm/24128,https://www.tcggo.com/external/tcgplayer/24128,Punk Helmet,Punk Helmet 121,,0.77,0.8,1363,EUR,[],,,,,,,,,0.3,0.33,0.33,0.65,0.65,0.3,0.5,0.5,0.19,0.19,,,,,,,,,,,,,,,,,,,,,,,,,,,,,,,,,,,,,,,,EUR,0.64,Ultra Rare,punk-helmet,Trainer,https://www.tcggo.com/pokemon/phantasmal-flames/punk-helmet-121,me2-121,662218,singles
2026-08-23T17:06:43+02:00,,458,Toyste Beach,toyste-beach,PFL 122,122,857697,94,130,PFL,Pokémon,pokemon,231,https://images.tcggo.com/tcggo/storage/23782/Pokemon_TCG_Mega_Evolution—Phantasmal_Flames_Logo.png,Phantasmal Flames,EUR,1204.63,EUR,1021.43,2025-11-14,17,Mega Evolution,mega-evolution,phantasmal-flames,0,24129,https://images.tcggo.com/tcggo/storage/24090/sacred-charm-pfl-122-phantasmal-flames.png,https://www.tcggo.com/external/cm/24129,https://www.tcggo.com/external/tcgplayer/24129,Sacred Charm,Sacred Charm 122,,0.67,0.69,1472,EUR,[],,,,,,,,,0.34,0.2,0.2,0.7,0.7,0.35,0.45,0.5,0.1,0.1,,,,,,,,,,,,,,,,,,,,,,,,,,,,,,,,,,,,,,,,EUR,0.52,Ultra Rare,sacred-charm,Trainer,https://www.tcggo.com/pokemon/phantasmal-flames/sacred-charm-122,me2-122,662224,singles
2026-08-23T17:06:43+02:00,,461,Studio Bora Inc.,studio-bora-inc,PFL 123,123,857698,94,130,PFL,Pokémon,pokemon,231,https://images.tcggo.com/tcggo/storage/23782/Pokemon_TCG_Mega_Evolution—Phantasmal_Flames_Logo.png,Phantasmal Flames,EUR,1204.63,EUR,1021.43,2025-11-14,17,Mega Evolution,mega-evolution,phantasmal-flames,0,24130,https://images.tcggo.com/tcggo/storage/24098/switch-pfl-123-phantasmal-flames.png,https://www.tcggo.com/external/cm/24130,https://www.tcggo.com/external/tcgplayer/24130,Switch,Switch 123,,1.3,1.31,916,EUR,[],,,,,,,,,0.5,0.79,0.79,1.38,1.99,0.5,1.2,1.2,0.25,0.25,,,,,,,,,,,,,,,,,,,,,,,,,,,,,,,,,,,,,,,,EUR,0.95,Ultra Rare,switch,Trainer,https://www.tcggo.com/pokemon/phantasmal-flames/switch-123-1,me2-123,662231,singles
2026-08-23T17:06:43+02:00,,,,,PFL 124,124,857699,94,130,PFL,Pokémon,pokemon,231,https://images.tcggo.com/tcggo/storage/23782/Pokemon_TCG_Mega_Evolution—Phantasmal_Flames_Logo.png,Phantasmal Flames,EUR,1204.63,EUR,1021.43,2025-11-14,17,Mega Evolution,mega-evolution,phantasmal-flames,0,24131,https://images.tcggo.com/tcggo/storage/24106/ignition-energy-pfl-124-phantasmal-flames.png,https://www.tcggo.com/external/cm/24131,https://www.tcggo.com/external/tcgplayer/24131,Ignition Energy,Ignition Energy 124,,1.6,1.51,727,EUR,[],,,,,,,,,0.95,0.8,0.8,0.9,0.9,0.95,0.9,0.9,0.45,0.45,,,,,,,,,,,,,,,,,,,,,,,,,,,,,,,,,,,,,,,,EUR,1.22,Ultra Rare,ignition-energy,Energy,https://www.tcggo.com/pokemon/phantasmal-flames/ignition-energy-124,me2-124,662170,singles
2026-08-23T17:06:43+02:00,,444,danciao,danciao,PFL 125,125,857700,94,130,PFL,Pokémon,pokemon,231,https://images.tcggo.com/tcggo/storage/23782/Pokemon_TCG_Mega_Evolution—Phantasmal_Flames_Logo.png,Phantasmal Flames,EUR,1204.63,EUR,1021.43,2025-11-14,17,Mega Evolution,mega-evolution,phantasmal-flames,360,24132,https://images.tcggo.com/tcggo/storage/24114/mega-charizard-x-ex-pfl-125-phantasmal-flames.png,https://www.tcggo.com/external/cm/24132,https://www.tcggo.com/external/tcgplayer/24132,Mega Charizard X ex,Mega Charizard X ex 125,,931.5,874,536,EUR,,1399,3050,,,1500,,1850,785,740,545,545,399,399,740,800,820,600,600,USD,830,5,,,548.71,1,661.33,5,2478.78,5,,,727.71,5,978.62,5,,,,,733.38,5,1679.87,5,648.11,2,600.24,5,732.55,5,1355,2,1494.47,5,,,889.65,5,EUR,575.03,Special Illustration Rare,mega-charizard-x-ex,Pokémon,https://www.tcggo.com/pokemon/phantasmal-flames/mega-charizard-x-ex-125,me2-125,662184,singles
2026-08-23T17:06:43+02:00,,776,Yoshimi Miyoshi,yoshimi-miyoshi,PFL 126,126,857701,94,130,PFL,Pokémon,pokemon,231,https://images.tcggo.com/tcggo/storage/23782/Pokemon_TCG_Mega_Evolution—Phantasmal_Flames_Logo.png,Phantasmal Flames,EUR,1204.63,EUR,1021.43,2025-11-14,17,Mega Evolution,mega-evolution,phantasmal-flames,190,24133,https://images.tcggo.com/tcggo/storage/24122/rotom-ex-pfl-126-phantasmal-flames.png,https://www.tcggo.com/external/cm/24133,https://www.tcggo.com/external/tcgplayer/24133,Rotom ex,Rotom ex 126,,14.51,15.65,616,EUR,,,,,,59,,80,60,17.25,9.9,9.9,10.99,10.99,17.25,19.5,19.95,8.9,8.9,USD,31.58,5,,,29.43,1,25.83,4,,,,,,,53.48,5,,,,,16.01,2,59.47,5,13.28,1,8.93,5,17.51,5,,,71.36,5,,,22.3,5,EUR,15.28,Special Illustration Rare,rotom-ex,Pokémon,https://www.tcggo.com/pokemon/phantasmal-flames/rotom-ex-126,me2-126,662222,singles
2026-08-23T17:06:43+02:00,,405,nagimiso,nagimiso,PFL 127,127,857702,94,130,PFL,Pokémon,pokemon,231,https://images.tcggo.com/tcggo/storage/23782/Pokemon_TCG_Mega_Evolution—Phantasmal_Flames_Logo.png,Phantasmal Flames,EUR,1204.63,EUR,1021.43,2025-11-14,17,Mega Evolution,mega-evolution,phantasmal-flames,330,24134,https://images.tcggo.com/tcggo/storage/24130/mega-sharpedo-ex-pfl-127-phantasmal-flames.png,https://www.tcggo.com/external/cm/24134,https://www.tcggo.com/external/tcgplayer/24134,Mega Sharpedo ex,Mega Sharpedo ex 127,,22.1,23.04,665,EUR,[],,,,,,,,,22.4,14,14,13.99,13.99,22.4,33,33,13.99,13.99,USD,39.62,5,,,,,24.73,1,160.58,3,,,15.85,2,61.01,5,,,,,35,3,76.26,5,,,18.92,5,17.94,5,,,85.23,5,,,22.43,5,EUR,17.18,Special Illustration Rare,mega-sharpedo-ex,Pokémon,https://www.tcggo.com/pokemon/phantasmal-flames/mega-sharpedo-ex-127,me2-127,662193,singles
2026-08-23T17:06:43+02:00,,552,Kinu Nishimura,kinu-nishimura,PFL 128,128,857703,94,130,PFL,Pokémon,pokemon,231,https://images.tcggo.com/tcggo/storage/23782/Pokemon_TCG_Mega_Evolution—Phantasmal_Flames_Logo.png,Phantasmal Flames,EUR,1204.63,EUR,1021.43,2025-11-14,17,Mega Evolution,mega-evolution,phantasmal-flames,330,24135,https://images.tcggo.com/tcggo/storage/24138/mega-lopunny-ex-pfl-128-phantasmal-flames.png,https://www.tcggo.com/external/cm/24135,https://www.tcggo.com/external/tcgplayer/24135,Mega Lopunny ex,Mega Lopunny ex 128,,15.41,14.46,694,EUR,,,,,30,85,,55,34,16.99,11,11,10.99,10.99,16.99,18.95,18.95,9.9,9.9,USD,29.43,5,,,,,19.93,4,113.35,2,,,22.12,1,49.06,5,,,,,,,55.75,5,10.81,2,15.25,4,15.77,5,,,69,5,20.55,1,22.12,5,EUR,11.67,Special Illustration Rare,mega-lopunny-ex,Pokémon,https://www.tcggo.com/pokemon/phantasmal-flames/mega-lopunny-ex-128,me2-128,662190,singles
2026-08-23T17:06:43+02:00,,460,Atsushi Furusawa,atsushi-furusawa,PFL 129,129,857704,94,130,PFL,Pokémon,pokemon,231,https://images.tcggo.com/tcggo/storage/23782/Pokemon_TCG_Mega_Evolution—Phantasmal_Flames_Logo.png,Phantasmal Flames,EUR,1204.63,EUR,1021.43,2025-11-14,17,Mega Evolution,mega-evolution,phantasmal-flames,0,24136,https://images.tcggo.com/tcggo/storage/24147/dawn-pfl-129-phantasmal-flames.png,https://www.tcggo.com/external/cm/24136,https://www.tcggo.com/external/tcgplayer/24136,Dawn,Dawn 129,,22.82,23.16,625,EUR,[],,,,,,,,,24.5,17.9,17.9,17.99,17.99,24.98,29.5,30,12,12,USD,33,5,,,,,25.38,5,179.19,4,,,16.76,1,39.68,5,,,28,1,35.9,1,70.56,5,17.27,5,17.27,5,26.45,5,,,86.43,5,30.09,2,35.45,5,EUR,18.83,Special Illustration Rare,dawn,Trainer,https://www.tcggo.com/pokemon/phantasmal-flames/dawn-129,me2-129,662150,singles
2026-08-23T17:06:43+02:00,,490,takuyoa,takuyoa,PFL 130,130,857705,94,130,PFL,Pokémon,pokemon,231,https://images.tcggo.com/tcggo/storage/23782/Pokemon_TCG_Mega_Evolution—Phantasmal_Flames_Logo.png,Phantasmal Flames,EUR,1204.63,EUR,1021.43,2025-11-14,17,Mega Evolution,mega-evolution,phantasmal-flames,360,24137,https://images.tcggo.com/tcggo/storage/24156/mega-charizard-x-ex-pfl-130-phantasmal-flames.png,https://www.tcggo.com/external/cm/24137,https://www.tcggo.com/external/tcgplayer/24137,Mega Charizard X ex,Mega Charizard X ex 130,,269.15,259.61,363,EUR,,,,325,600,,,2400,325,276.81,220,220,240,240,285,269,269,280,280,USD,630.83,5,288.03,1,210.14,5,238.25,5,,,280,1,229.52,5,708.7,5,,,,,318.37,5,1775.57,5,313,2,224.28,5,258.22,5,,,2990,5,344.03,2,341.12,5,EUR,249.03,Mega Hyper Rare,mega-charizard-x-ex,Pokémon,https://www.tcggo.com/pokemon/phantasmal-flames/mega-charizard-x-ex-130,me2-130,662185,singles
