captured_at,artist,artist.id,artist.name,artist.slug,card_code_number,card_number,cardmarket_id,episode.cards_printed_total,episode.cards_total,episode.code,episode.game.name,episode.game.slug,episode.id,episode.logo,episode.name,episode.prices.cardmarket.currency,episode.prices.cardmarket.total,episode.prices.tcgplayer.currency,episode.prices.tcgplayer.total,episode.released_at,episode.series.id,episode.series.name,episode.series.slug,episode.slug,hp,id,image,links.cardmarket,links.tcgplayer,name,name_numbered,prices,prices.cardmarket.30d_average,prices.cardmarket.7d_average,prices.cardmarket.available_items,prices.cardmarket.currency,prices.cardmarket.graded,prices.cardmarket.lowest_near_mint,prices.cardmarket.lowest_near_mint_DE,prices.cardmarket.lowest_near_mint_DE_EU_only,prices.cardmarket.lowest_near_mint_ES,prices.cardmarket.lowest_near_mint_ES_EU_only,prices.cardmarket.lowest_near_mint_EU_only,prices.cardmarket.lowest_near_mint_FR,prices.cardmarket.lowest_near_mint_FR_EU_only,prices.cardmarket.lowest_near_mint_IT,prices.cardmarket.lowest_near_mint_IT_EU_only,prices.ebay.currency,prices.ebay.graded.ace.10.median_price,prices.ebay.graded.ace.10.sample_size,prices.ebay.graded.ace.7.median_price,prices.ebay.graded.ace.7.sample_size,prices.ebay.graded.ace.8.median_price,prices.ebay.graded.ace.8.sample_size,prices.ebay.graded.ace.9.median_price,prices.ebay.graded.ace.9.sample_size,prices.ebay.graded.bgs.10.median_price,prices.ebay.graded.bgs.10.sample_size,prices.ebay.graded.bgs.8.median_price,prices.ebay.graded.bgs.8.sample_size,prices.ebay.graded.bgs.9.median_price,prices.ebay.graded.bgs.9.sample_size,prices.ebay.graded.cgc.10.median_price,prices.ebay.graded.cgc.10.sample_size,prices.ebay.graded.cgc.8.median_price,prices.ebay.graded.cgc.8.sample_size,prices.ebay.graded.cgc.9.median_price,prices.ebay.graded.cgc.9.sample_size,prices.ebay.graded.psa.10.median_price,prices.ebay.graded.psa.10.sample_size,prices.ebay.graded.psa.7.median_price,prices.ebay.graded.psa.7.sample_size,prices.ebay.graded.psa.8.median_price,prices.ebay.graded.psa.8.sample_size,prices.ebay.graded.psa.9.median_price,prices.ebay.graded.psa.9.sample_size,prices.ebay.graded.sgc.10.median_price,prices.ebay.graded.sgc.10.sample_size,prices.ebay.graded.tag.10.median_price,prices.ebay.graded.tag.10.sample_size,prices.ebay.graded.tag.7.median_price,prices.ebay.graded.tag.7.sample_size,prices.ebay.graded.tag.8.median_price,prices.ebay.graded.tag.8.sample_size,prices.ebay.graded.tag.9.median_price,prices.ebay.graded.tag.9.sample_size,prices.tcg_player.currency,prices.tcg_player.market_price,rarity,slug,supertype,tcggo_url,tcgid,tcgplayer_id,type
2026-08-23T17:06:43+02:00,,357,Yoriyuki Ikegami,yoriyuki-ikegami,ASC 1,1,869612,217,295,ASC,Pokémon,pokemon,396,https://images.tcggo.com/tcggo/storage/34000/ascended_heroes.png,Ascended Heroes,EUR,4747.06,EUR,5013.47,2026-01-30,17,Mega Evolution,mega-evolution,ascended-heroes,60,31452,https://images.tcggo.com/tcggo/storage/31884/erikas-oddish-asc-1-ascended-heroes.png,https://www.tcggo.com/external/cm/31452,https://www.tcggo.com/external/tcgplayer/31452,Erika's Oddish,Erika's Oddish 1,,0.03,0.04,11177,EUR,[],0.02,0.02,0.02,0.02,0.02,0.02,0.02,0.02,0.02,0.02,,,,,,,,,,,,,,,,,,,,,,,,,,,,,,,,,,,,,,,,EUR,0.15,Common,erikas-oddish,Pokémon,https://www.tcggo.com/pokemon/ascended-heroes/erikas-oddish-1,me2pt5-1,675813,singles
2026-08-23T17:06:43+02:00,,455,MARINA Chikazawa,marina-chikazawa,ASC 2,2,869613,217,295,ASC,Pokémon,pokemon,396,https://images.tcggo.com/tcggo/storage/34000/ascended_heroes.png,Ascended Heroes,EUR,4747.06,EUR,5013.47,2026-01-30,17,Mega Evolution,mega-evolution,ascended-heroes,90,31453,https://images.tcggo.com/tcggo/storage/31903/erikas-gloom-asc-2-ascended-heroes.png,https://www.tcggo.com/external/cm/31453,https://www.tcggo.com/external/tcgplayer/31453,Erika's Gloom,Erika's Gloom 2,,0.03,0.03,8077,EUR,[],0.02,0.02,0.02,0.02,0.02,0.02,0.02,0.02,0.02,0.02,,,,,,,,,,,,,,,,,,,,,,,,,,,,,,,,,,,,,,,,EUR,0.14,Uncommon,erikas-gloom,Pokémon,https://www.tcggo.com/pokemon/ascended-heroes/erikas-gloom-2,me2pt5-2,675814,singles
2026-08-23T17:06:43+02:00,,380,5ban Graphics,5ban-graphics,ASC 3,3,869614,217,295,ASC,Pokémon,pokemon,396,https://images.tcggo.com/tcggo/storage/34000/ascended_heroes.png,Ascended Heroes,EUR,4747.06,EUR,5013.47,2026-01-30,17,Mega Evolution,mega-evolution,ascended-heroes,310,31454,https://images.tcggo.com/tcggo/storage/31922/erikas-vileplume-ex-asc-3-ascended-heroes.png,https://www.tcggo.com/external/cm/31454,https://www.tcggo.com/external/tcgplayer/31454,Erika's Vileplume ex,Erika's Vileplume ex 3,,0.86,0.82,1048,EUR,[],0.45,0.2,0.49,0.49,0.49,0.48,0.25,0.25,0.05,0.05,,,,,,,,,,,,,,,,,,,,,,,,,,,,,,,,,,,,,,,,EUR,0.79,Double Rare,erikas-vileplume-ex,Pokémon,https://www.tcggo.com/pokemon/ascended-heroes/erikas-vileplume-ex-3,me2pt5-3,675815,singles
2026-08-23T17:06:43+02:00,,503,sui,sui,ASC 4,4,869615,217,295,ASC,Pokémon,pokemon,396,https://images.tcggo.com/tcggo/storage/34000/ascended_heroes.png,Ascended Heroes,EUR,4747.06,EUR,5013.47,2026-01-30,17,Mega Evolution,mega-evolution,ascended-heroes,60,31455,https://images.tcggo.com/tcggo/storage/31941/erikas-bellsprout-asc-4-ascended-heroes.png,https://www.tcggo.com/external/cm/31455,https://www.tcggo.com/external/tcgplayer/31455,Erika's Bellsprout,Erika's Bellsprout 4,,0.04,0.04,11465,EUR,[],0.02,0.02,0.02,0.02,0.02,0.02,0.02,0.02,0.02,0.02,,,,,,,,,,,,,,,,,,,,,,,,,,,,,,,,,,,,,,,,EUR,0.62,Common,erikas-bellsprout,Pokémon,https://www.tcggo.com/pokemon/ascended-heroes/erikas-bellsprout-4,me2pt5-4,675816,singles
2026-08-23T17:06:43+02:00,,358,LINNE,linne,ASC 5,5,869616,217,295,ASC,Pokémon,pokemon,396,https://images.tcggo.com/tcggo/storage/34000/ascended_heroes.png,Ascended Heroes,EUR,4747.06,EUR,5013.47,2026-01-30,17,Mega Evolution,mega-evolution,ascended-heroes,90,31456,https://images.tcggo.com/tcggo/storage/31960/erikas-weepinbell-asc-5-ascended-heroes.png,https://www.tcggo.com/external/cm/31456,https://www.tcggo.com/external/tcgplayer/31456,Erika's Weepinbell,Erika's Weepinbell 5,,0.04,0.04,8288,EUR,[],0.03,0.02,0.02,0.02,0.02,0.02,0.02,0.02,0.02,0.02,,,,,,,,,,,,,,,,,,,,,,,,,,,,,,,,,,,,,,,,EUR,0.93,Uncommon,erikas-weepinbell,Pokémon,https://www.tcggo.com/pokemon/ascended-heroes/erikas-weepinbell-5,me2pt5-5,675817,singles
2026-08-23T17:06:43+02:00,,446,takashi shiraishi,takashi-shiraishi,ASC 6,6,869617,217,295,ASC,Pokémon,pokemon,396,https://images.tcggo.com/tcggo/storage/34000/ascended_heroes.png,Ascended Heroes,EUR,4747.06,EUR,5013.47,2026-01-30,17,Mega Evolution,mega-evolution,ascended-heroes,150,31457,https://images.tcggo.com/tcggo/storage/31979/erikas-victreebel-asc-6-ascended-heroes.png,https://www.tcggo.com/external/cm/31457,https://www.tcggo.com/external/tcgplayer/31457,Erika's Victreebel,Erika's Victreebel 6,,0.07,0.09,5983,EUR,[],0.03,0.02,0.02,0.02,0.02,0.02,0.02,0.02,0.02,0.02,,,,,,,,,,,,,,,,,,,,,,,,,,,,,,,,,,,,,,,,EUR,0.16,rare,erikas-victreebel,Pokémon,https://www.tcggo.com/pokemon/ascended-heroes/erikas-victreebel-6,me2pt5-6,675818,singles
2026-08-23T17:06:43+02:00,,459,GIDORA,gidora,ASC 7,7,869618,217,295,ASC,Pokémon,pokemon,396,https://images.tcggo.com/tcggo/storage/34000/ascended_heroes.png,Ascended Heroes,EUR,4747.06,EUR,5013.47,2026-01-30,17,Mega Evolution,mega-evolution,ascended-heroes,80,31458,https://images.tcggo.com/tcggo/storage/31998/erikas-tangela-asc-7-ascended-heroes.png,https://www.tcggo.com/external/cm/31458,https://www.tcggo.com/external/tcgplayer/31458,Erika's Tangela,Erika's Tangela 7,,0.03,0.03,11706,EUR,[],0.02,0.02,0.02,0.02,0.02,0.02,0.02,0.02,0.02,0.02,,,,,,,,,,,,,,,,,,,,,,,,,,,,,,,,,,,,,,,,EUR,0.12,Common,erikas-tangela,Pokémon,https://www.tcggo.com/pokemon/ascended-heroes/erikas-tangela-7,me2pt5-7,675819,singles
2026-08-23T17:06:43+02:00,,418,Kariya,kariya,ASC 8,8,869619,217,295,ASC,Pokémon,pokemon,396,https://images.tcggo.com/tcggo/storage/34000/ascended_heroes.png,Ascended Heroes,EUR,4747.06,EUR,5013.47,2026-01-30,17,Mega Evolution,mega-evolution,ascended-heroes,70,31459,https://images.tcggo.com/tcggo/storage/32016/chikorita-asc-8-ascended-heroes.png,https://www.tcggo.com/external/cm/31459,https://www.tcggo.com/external/tcgplayer/31459,Chikorita,Chikorita 8,,0.05,0.05,10388,EUR,[],0.02,0.02,0.02,0.02,0.02,0.02,0.02,0.02,0.02,0.02,,,,,,,,,,,,,,,,,,,,,,,,,,,,,,,,,,,,,,,,EUR,0.21,Common,chikorita,Pokémon,https://www.tcggo.com/pokemon/ascended-heroes/chikorita-8-1,me2pt5-8,675820,singles
2026-08-23T17:06:43+02:00,,372,Tomomi Ozaki,tomomi-ozaki,ASC 9,9,869620,217,295,ASC,Pokémon,pokemon,396,https://images.tcggo.com/tcggo/storage/34000/ascended_heroes.png,Ascended Heroes,EUR,4747.06,EUR,5013.47,2026-01-30,17,Mega Evolution,mega-evolution,ascended-heroes,100,31460,https://images.tcggo.com/tcggo/storage/31740/bayleef-asc-9-ascended-heroes.png,https://www.tcggo.com/external/cm/31460,https://www.tcggo.com/external/tcgplayer/31460,Bayleef,Bayleef 9,,0.05,0.05,7733,EUR,[],0.02,0.02,0.02,0.02,0.02,0.02,0.02,0.02,0.02,0.02,,,,,,,,,,,,,,,,,,,,,,,,,,,,,,,,,,,,,,,,EUR,0.21,Uncommon,bayleef,Pokémon,https://www.tcggo.com/pokemon/ascended-heroes/bayleef-9-1,me2pt5-9,675821,singles
2026-08-23T17:06:43+02:00,,380,5ban Graphics,5ban-graphics,ASC 10,10,869621,217,295,ASC,Pokémon,pokemon,396,https://images.tcggo.com/tcggo/storage/34000/ascended_heroes.png,Ascended Heroes,EUR,4747.06,EUR,5013.47,2026-01-30,17,Mega Evolution,mega-evolution,ascended-heroes,360,31461,https://images.tcggo.com/tcggo/storage/31758/mega-meganium-ex-asc-10-ascended-heroes.png,https://www.tcggo.com/external/cm/31461,https://www.tcggo.com/external/tcgplayer/31461,Mega Meganium ex,Mega Meganium ex 10,,1.42,1.45,987,EUR,[],0.8,0.84,0.84,0.99,0.99,0.8,1,1,0.4,0.4,,,,,,,,,,,,,,,,,,,,,,,,,,,,,,,,,,,,,,,,EUR,0.96,Double Rare,mega-meganium-ex,Pokémon,https://www.tcggo.com/pokemon/ascended-heroes/mega-meganium-ex-10,me2pt5-10,675822,singles
2026-08-23T17:06:43+02:00,,525,USGMEN,usgmen,ASC 11,11,869622,217,295,ASC,Pokémon,pokemon,396,https://images.tcggo.com/tcggo/storage/34000/ascended_heroes.png,Ascended Heroes,EUR,4747.06,EUR,5013.47,2026-01-30,17,Mega Evolution,mega-evolution,ascended-heroes,60,31462,https://images.tcggo.com/tcggo/storage/31776/wurmple-asc-11-ascended-heroes.png,https://www.tcggo.com/external/cm/31462,https://www.tcggo.com/external/tcgplayer/31462,Wurmple,Wurmple 11,,0.03,0.03,11520,EUR,[],0.02,0.02,0.02,0.02,0.02,0.02,0.02,0.02,0.02,0.02,,,,,,,,,,,,,,,,,,,,,,,,,,,,,,,,,,,,,,,,EUR,0.14,Common,wurmple,Pokémon,https://www.tcggo.com/pokemon/ascended-heroes/wurmple-11,me2pt5-11,675823,singles
2026-08-23T17:06:43+02:00,,531,Eri Yamaki,eri-yamaki,ASC 12,12,869623,217,295,ASC,Pokémon,pokemon,396,https://images.tcggo.com/tcggo/storage/34000/ascended_heroes.png,Ascended Heroes,EUR,4747.06,EUR,5013.47,2026-01-30,17,Mega Evolution,mega-evolution,ascended-heroes,90,31463,https://images.tcggo.com/tcggo/storage/31794/silcoon-asc-12-ascended-heroes.png,https://www.tcggo.com/external/cm/31463,https://www.tcggo.com/external/tcgplayer/31463,Silcoon,Silcoon 12,,0.04,0.03,5430,EUR,[],0.03,0.02,0.02,0.02,0.02,0.02,0.02,0.02,0.02,0.02,,,,,,,,,,,,,,,,,,,,,,,,,,,,,,,,,,,,,,,,EUR,0.1,Common,silcoon,Pokémon,https://www.tcggo.com/pokemon/ascended-heroes/silcoon-12,me2pt5-12,675824,singles
2026-08-23T17:06:43+02:00,,406,Narumi Sato,narumi-sato,ASC 13,13,869624,217,295,ASC,Pokémon,pokemon,396,https://images.tcggo.com/tcggo/storage/34000/ascended_heroes.png,Ascended Heroes,EUR,4747.06,EUR,5013.47,2026-01-30,17,Mega Evolution,mega-evolution,ascended-heroes,130,31464,https://images.tcggo.com/tcggo/storage/31812/beautifly-asc-13-ascended-heroes.png,https://www.tcggo.com/external/cm/31464,https://www.tcggo.com/external/tcgplayer/31464,Beautifly,Beautifly 13,,0.04,0.03,8308,EUR,[],0.03,0.02,0.02,0.02,0.02,0.02,0.02,0.02,0.02,0.02,,,,,,,,,,,,,,,,,,,,,,,,,,,,,,,,,,,,,,,,EUR,0.07,Uncommon,beautifly,Pokémon,https://www.tcggo.com/pokemon/ascended-heroes/beautifly-13,me2pt5-13,675825,singles
2026-08-23T17:06:43+02:00,,422,Dsuke,dsuke,ASC 14,14,869625,217,295,ASC,Pokémon,pokemon,396,https://images.tcggo.com/tcggo/storage/34000/ascended_heroes.png,Ascended Heroes,EUR,4747.06,EUR,5013.47,2026-01-30,17,Mega Evolution,mega-evolution,ascended-heroes,90,31465,https://images.tcggo.com/tcggo/storage/31830/cascoon-asc-14-ascended-heroes.png,https://www.tcggo.com/external/cm/31465,https://www.tcggo.com/external/tcgplayer/31465,Cascoon,Cascoon 14,,0.04,0.03,5441,EUR,[],0.02,0.02,0.02,0.02,0.02,0.02,0.02,0.02,0.02,0.02,,,,,,,,,,,,,,,,,,,,,,,,,,,,,,,,,,,,,,,,EUR,0.08,Common,cascoon,Pokémon,https://www.tcggo.com/pokemon/ascended-heroes/cascoon-14,me2pt5-14,675826,singles
2026-08-23T17:06:43+02:00,,773,kamonabe,kamonabe,ASC 15,15,869626,217,295,ASC,Pokémon,pokemon,396,https://images.tcggo.com/tcggo/storage/34000/ascended_heroes.png,Ascended Heroes,EUR,4747.06,EUR,5013.47,2026-01-30,17,Mega Evolution,mega-evolution,ascended-heroes,140,31466,https://images.tcggo.com/tcggo/storage/31848/dustox-asc-15-ascended-heroes.png,https://www.tcggo.com/external/cm/31466,https://www.tcggo.com/external/tcgplayer/31466,Dustox,Dustox 15,,0.03,0.03,8302,EUR,[],0.03,0.02,0.02,0.02,0.02,0.02,0.02,0.02,0.02,0.02,,,,,,,,,,,,,,,,,,,,,,,,,,,,,,,,,,,,,,,,EUR,0.07,Uncommon,dustox,Pokémon,https://www.tcggo.com/pokemon/ascended-heroes/dustox-15,me2pt5-15,675827,singles
2026-08-23T17:06:43+02:00,,357,Yoriyuki Ikegami,yoriyuki-ikegami,ASC 16,16,869627,217,295,ASC,Pokémon,pokemon,396,https://images.tcggo.com/tcggo/storage/34000/ascended_heroes.png,Ascended Heroes,EUR,4747.06,EUR,5013.47,2026-01-30,17,Mega Evolution,mega-evolution,ascended-heroes,30,31467,https://images.tcggo.com/tcggo/storage/31866/budew-asc-16-ascended-heroes.png,https://www.tcggo.com/external/cm/31467,https://www.tcggo.com/external/tcgplayer/31467,Budew,Budew 16,,0.05,0.06,11012,EUR,[],0.02,0.02,0.02,0.02,0.02,0.02,0.02,0.02,0.02,0.02,,,,,,,,,,,,,,,,,,,,,,,,,,,,,,,,,,,,,,,,EUR,0.69,Common,budew,Pokémon,https://www.tcggo.com/pokemon/ascended-heroes/budew-16,me2pt5-16,675828,singles
2026-08-23T17:06:43+02:00,,386,Jerky,jerky,ASC 17,17,869628,217,295,ASC,Pokémon,pokemon,396,https://images.tcggo.com/tcggo/storage/34000/ascended_heroes.png,Ascended Heroes,EUR,4747.06,EUR,5013.47,2026-01-30,17,Mega Evolution,mega-evolution,ascended-heroes,70,31468,https://images.tcggo.com/tcggo/storage/31885/grubbin-asc-17-ascended-heroes.png,https://www.tcggo.com/external/cm/31468,https://www.tcggo.com/external/tcgplayer/31468,Grubbin,Grubbin 17,,0.03,0.02,12074,EUR,[],0.02,0.02,0.02,0.02,0.02,0.02,0.02,0.02,0.02,0.02,,,,,,,,,,,,,,,,,,,,,,,,,,,,,,,,,,,,,,,,EUR,0.07,Common,grubbin,Pokémon,https://www.tcggo.com/pokemon/ascended-heroes/grubbin-17,me2pt5-17,675829,singles
2026-08-23T17:06:43+02:00,,370,Saboteri,saboteri,ASC 18,18,869629,217,295,ASC,Pokémon,pokemon,396,https://images.tcggo.com/tcggo/storage/34000/ascended_heroes.png,Ascended Heroes,EUR,4747.06,EUR,5013.47,2026-01-30,17,Mega Evolution,mega-evolution,ascended-heroes,50,31469,https://images.tcggo.com/tcggo/storage/31904/team-rockets-tarountula-asc-18-ascended-heroes.png,https://www.tcggo.com/external/cm/31469,https://www.tcggo.com/external/tcgplayer/31469,Team Rocket's Tarountula,Team Rocket's Tarountula 18,,0.04,0.04,5205,EUR,[],0.03,0.02,0.02,0.02,0.02,0.02,0.02,0.02,0.02,0.02,,,,,,,,,,,,,,,,,,,,,,,,,,,,,,,,,,,,,,,,EUR,0.13,Common,team-rockets-tarountula,Pokémon,https://www.tcggo.com/pokemon/ascended-heroes/team-rockets-tarountula-18,me2pt5-18,675830,singles
2026-08-23T17:06:43+02:00,,480,Taiga Kasai,taiga-kasai,ASC 19,19,869630,217,295,ASC,Pokémon,pokemon,396,https://images.tcggo.com/tcggo/storage/34000/ascended_heroes.png,Ascended Heroes,EUR,4747.06,EUR,5013.47,2026-01-30,17,Mega Evolution,mega-evolution,ascended-heroes,130,31470,https://images.tcggo.com/tcggo/storage/31923/team-rockets-spidops-asc-19-ascended-heroes.png,https://www.tcggo.com/external/cm/31470,https://www.tcggo.com/external/tcgplayer/31470,Team Rocket's Spidops,Team Rocket's Spidops 19,,0.08,0.07,6337,EUR,[],0.02,0.02,0.02,0.02,0.02,0.02,0.02,0.02,0.02,0.02,,,,,,,,,,,,,,,,,,,,,,,,,,,,,,,,,,,,,,,,EUR,0.13,rare,team-rockets-spidops,Pokémon,https://www.tcggo.com/pokemon/ascended-heroes/team-rockets-spidops-19,me2pt5-19,675831,singles
2026-08-23T17:06:43+02:00,,365,Orca,orca,ASC 20,20,869631,217,295,ASC,Pokémon,pokemon,396,https://images.tcggo.com/tcggo/storage/34000/ascended_heroes.png,Ascended Heroes,EUR,4747.06,EUR,5013.47,2026-01-30,17,Mega Evolution,mega-evolution,ascended-heroes,80,31471,https://images.tcggo.com/tcggo/storage/31942/charmander-asc-20-ascended-heroes.png,https://www.tcggo.com/external/cm/31471,https://www.tcggo.com/external/tcgplayer/31471,Charmander,Charmander 20,,0.05,0.03,10933,EUR,[],0.02,0.02,0.02,0.02,0.02,0.02,0.02,0.02,0.02,0.02,,,,,,,,,,,,,,,,,,,,,,,,,,,,,,,,,,,,,,,,EUR,0.14,Common,charmander,Pokémon,https://www.tcggo.com/pokemon/ascended-heroes/charmander-20,me2pt5-20,675832,singles
2026-08-23T17:06:43+02:00,,583,Julie Hang,julie-hang,ASC 21,21,869632,217,295,ASC,Pokémon,pokemon,396,https://images.tcggo.com/tcggo/storage/34000/ascended_heroes.png,Ascended Heroes,EUR,4747.06,EUR,5013.47,2026-01-30,17,Mega Evolution,mega-evolution,ascended-heroes,100,31472,https://images.tcggo.com/tcggo/storage/31961/charmeleon-asc-21-ascended-heroes.png,https://www.tcggo.com/external/cm/31472,https://www.tcggo.com/external/tcgplayer/31472,Charmeleon,Charmeleon 21,,0.04,0.04,7872,EUR,[],0.02,0.02,0.02,0.02,0.02,0.02,0.02,0.02,0.02,0.02,,,,,,,,,,,,,,,,,,,,,,,,,,,,,,,,,,,,,,,,EUR,0.14,Uncommon,charmeleon,Pokémon,https://www.tcggo.com/pokemon/ascended-heroes/charmeleon-21,me2pt5-21,675833,singles
2026-08-23T17:06:43+02:00,,371,aky CG Works,aky-cg-works,ASC 22,22,869633,217,295,ASC,Pokémon,pokemon,396,https://images.tcggo.com/tcggo/storage/34000/ascended_heroes.png,Ascended Heroes,EUR,4747.06,EUR,5013.47,2026-01-30,17,Mega Evolution,mega-evolution,ascended-heroes,360,31473,https://images.tcggo.com/tcggo/storage/31980/mega-charizard-y-ex-asc-22-ascended-heroes.png,https://www.tcggo.com/external/cm/31473,https://www.tcggo.com/external/tcgplayer/31473,Mega Charizard Y ex,Mega Charizard Y ex 22,,5.3,5.02,684,EUR,[],4,3.5,3.5,4.25,4.25,4.5,3.35,3.5,1.8,1.8,,,,,,,,,,,,,,,,,,,,,,,,,,,,,,,,,,,,,,,,EUR,6,Double Rare,mega-charizard-y-ex,Pokémon,https://www.tcggo.com/pokemon/ascended-heroes/mega-charizard-y-ex-22,me2pt5-22,675834,singles
2026-08-23T17:06:43+02:00,,379,Sanosuke Sakuma,sanosuke-sakuma,ASC 23,23,869634,217,295,ASC,Pokémon,pokemon,396,https://images.tcggo.com/tcggo/storage/34000/ascended_heroes.png,Ascended Heroes,EUR,4747.06,EUR,5013.47,2026-01-30,17,Mega Evolution,mega-evolution,ascended-heroes,80,31474,https://images.tcggo.com/tcggo/storage/31999/ethans-slugma-asc-23-ascended-heroes.png,https://www.tcggo.com/external/cm/31474,https://www.tcggo.com/external/tcgplayer/31474,Ethan's Slugma,Ethan's Slugma 23,,0.03,0.02,11790,EUR,[],0.02,0.02,0.02,0.02,0.02,0.02,0.02,0.02,0.02,0.02,,,,,,,,,,,,,,,,,,,,,,,,,,,,,,,,,,,,,,,,EUR,0.09,Common,ethans-slugma,Pokémon,https://www.tcggo.com/pokemon/ascended-heroes/ethans-slugma-23,me2pt5-23,675835,singles
2026-08-23T17:06:43+02:00,,414,kodama,kodama,ASC 24,24,869635,217,295,ASC,Pokémon,pokemon,396,https://images.tcggo.com/tcggo/storage/34000/ascended_heroes.png,Ascended Heroes,EUR,4747.06,EUR,5013.47,2026-01-30,17,Mega Evolution,mega-evolution,ascended-heroes,130,31475,https://images.tcggo.com/tcggo/storage/32017/ethans-magcargo-asc-24-ascended-heroes.png,https://www.tcggo.com/external/cm/31475,https://www.tcggo.com/external/tcgplayer/31475,Ethan's Magcargo,Ethan's Magcargo 24,,0.05,0.04,6780,EUR,[],0.02,0.02,0.02,0.02,0.02,0.02,0.02,0.02,0.02,0.02,,,,,,,,,,,,,,,,,,,,,,,,,,,,,,,,,,,,,,,,EUR,0.12,rare,ethans-magcargo,Pokémon,https://www.tcggo.com/pokemon/ascended-heroes/ethans-magcargo-24,me2pt5-24,675836,singles
2026-08-23T17:06:43+02:00,,439,Kazumasa Yasukuni,kazumasa-yasukuni,ASC 25,25,869636,217,295,ASC,Pokémon,pokemon,396,https://images.tcggo.com/tcggo/storage/34000/ascended_heroes.png,Ascended Heroes,EUR,4747.06,EUR,5013.47,2026-01-30,17,Mega Evolution,mega-evolution,ascended-heroes,140,31476,https://images.tcggo.com/tcggo/storage/31741/entei-asc-25-ascended-heroes.png,https://www.tcggo.com/external/cm/31476,https://www.tcggo.com/external/tcgplayer/31476,Entei,Entei 25,,0.07,0.09,5968,EUR,[],0.03,0.02,0.02,0.02,0.02,0.02,0.02,0.02,0.02,0.02,,,,,,,,,,,,,,,,,,,,,,,,,,,,,,,,,,,,,,,,EUR,0.22,rare,entei,Pokémon,https://www.tcggo.com/pokemon/ascended-heroes/entei-25,me2pt5-25,675837,singles
2026-08-23T17:06:43+02:00,,371,aky CG Works,aky-cg-works,ASC 26,26,869637,217,295,ASC,Pokémon,pokemon,396,https://images.tcggo.com/tcggo/storage/34000/ascended_heroes.png,Ascended Heroes,EUR,4747.06,EUR,5013.47,2026-01-30,17,Mega Evolution,mega-evolution,ascended-heroes,230,31477,https://images.tcggo.com/tcggo/storage/31759/ethans-ho-oh-ex-asc-26-ascended-heroes.png,https://www.tcggo.com/external/cm/31477,https://www.tcggo.com/external/tcgplayer/31477,Ethan's Ho-Oh ex,Ethan's Ho-Oh ex 26,,0.78,0.84,916,EUR,[],0.1,0.2,0.4,0.5,0.5,0.1,0.84,0.84,0.05,0.05,,,,,,,,,,,,,,,,,,,,,,,,,,,,,,,,,,,,,,,,EUR,0.65,Double Rare,ethans-ho-oh-ex,Pokémon,https://www.tcggo.com/pokemon/ascended-heroes/ethans-ho-oh-ex-26,me2pt5-26,675838,singles
2026-08-23T17:06:43+02:00,,361,Ounishi,ounishi,ASC 27,27,869638,217,295,ASC,Pokémon,pokemon,396,https://images.tcggo.com/tcggo/storage/34000/ascended_heroes.png,Ascended Heroes,EUR,4747.06,EUR,5013.47,2026-01-30,17,Mega Evolution,mega-evolution,ascended-heroes,80,31478,https://images.tcggo.com/tcggo/storage/31777/numel-asc-27-ascended-heroes.png,https://www.tcggo.com/external/cm/31478,https://www.tcggo.com/external/tcgplayer/31478,Numel,Numel 27,,0.04,0.03,5553,EUR,[],0.03,0.02,0.02,0.02,0.02,0.02,0.02,0.02,0.02,0.02,,,,,,,,,,,,,,,,,,,,,,,,,,,,,,,,,,,,,,,,EUR,0.14,Common,numel,Pokémon,https://www.tcggo.com/pokemon/ascended-heroes/numel-27,me2pt5-27,675839,singles
2026-08-23T17:06:43+02:00,,777,Minahamu,minahamu,ASC 28,28,869639,217,295,ASC,Pokémon,pokemon,396,https://images.tcggo.com/tcggo/storage/34000/ascended_heroes.png,Ascended Heroes,EUR,4747.06,EUR,5013.47,2026-01-30,17,Mega Evolution,mega-evolution,ascended-heroes,140,31479,https://images.tcggo.com/tcggo/storage/31795/camerupt-asc-28-ascended-heroes.png,https://www.tcggo.com/external/cm/31479,https://www.tcggo.com/external/tcgplayer/31479,Camerupt,Camerupt 28,,0.03,0.03,8430,EUR,[],0.02,0.02,0.02,0.02,0.02,0.02,0.02,0.02,0.02,0.02,,,,,,,,,,,,,,,,,,,,,,,,,,,,,,,,,,,,,,,,EUR,0.08,Uncommon,camerupt,Pokémon,https://www.tcggo.com/pokemon/ascended-heroes/camerupt-28,me2pt5-28,675840,singles
2026-08-23T17:06:43+02:00,,419,Uninori,uninori,ASC 29,29,869640,217,295,ASC,Pokémon,pokemon,396,https://images.tcggo.com/tcggo/storage/34000/ascended_heroes.png,Ascended Heroes,EUR,4747.06,EUR,5013.47,2026-01-30,17,Mega Evolution,mega-evolution,ascended-heroes,80,31480,https://images.tcggo.com/tcggo/storage/31813/tepig-asc-29-ascended-heroes.png,https://www.tcggo.com/external/cm/31480,https://www.tcggo.com/external/tcgplayer/31480,Tepig,Tepig 29,,0.03,0.02,11520,EUR,[],0.02,0.02,0.02,0.02,0.02,0.02,0.02,0.02,0.02,0.02,,,,,,,,,,,,,,,,,,,,,,,,,,,,,,,,,,,,,,,,EUR,0.1,Common,tepig,Pokémon,https://www.tcggo.com/pokemon/ascended-heroes/tepig-29,me2pt5-29,675841,singles
2026-08-23T17:06:43+02:00,,778,Aliya Chen,aliya-chen,ASC 30,30,869641,217,295,ASC,Pokémon,pokemon,396,https://images.tcggo.com/tcggo/storage/34000/ascended_heroes.png,Ascended Heroes,EUR,4747.06,EUR,5013.47,2026-01-30,17,Mega Evolution,mega-evolution,ascended-heroes,110,31481,https://images.tcggo.com/tcggo/storage/31831/pignite-asc-30-ascended-heroes.png,https://www.tcggo.com/external/cm/31481,https://www.tcggo.com/external/tcgplayer/31481,Pignite,Pignite 30,,0.03,0.03,8541,EUR,[],0.02,0.02,0.02,0.02,0.02,0.02,0.02,0.02,0.02,0.02,,,,,,,,,,,,,,,,,,,,,,,,,,,,,,,,,,,,,,,,EUR,0.15,Uncommon,pignite,Pokémon,https://www.tcggo.com/pokemon/ascended-heroes/pignite-30,me2pt5-30,675842,singles
2026-08-23T17:06:43+02:00,,380,5ban Graphics,5ban-graphics,ASC 31,31,869642,217,295,ASC,Pokémon,pokemon,396,https://images.tcggo.com/tcggo/storage/34000/ascended_heroes.png,Ascended Heroes,EUR,4747.06,EUR,5013.47,2026-01-30,17,Mega Evolution,mega-evolution,ascended-heroes,380,31482,https://images.tcggo.com/tcggo/storage/31849/mega-emboar-ex-asc-31-ascended-heroes.png,https://www.tcggo.com/external/cm/31482,https://www.tcggo.com/external/tcgplayer/31482,Mega Emboar ex,Mega Emboar ex 31,,1.02,1.02,989,EUR,[],0.2,0.29,0.49,0.7,0.7,0.2,0.49,0.5,0.1,0.1,,,,,,,,,,,,,,,,,,,,,,,,,,,,,,,,,,,,,,,,EUR,0.62,Double Rare,mega-emboar-ex,Pokémon,https://www.tcggo.com/pokemon/ascended-heroes/mega-emboar-ex-31,me2pt5-31,675843,singles
2026-08-23T17:06:43+02:00,,396,Gemi,gemi,ASC 32,32,869643,217,295,ASC,Pokémon,pokemon,396,https://images.tcggo.com/tcggo/storage/34000/ascended_heroes.png,Ascended Heroes,EUR,4747.06,EUR,5013.47,2026-01-30,17,Mega Evolution,mega-evolution,ascended-heroes,80,31483,https://images.tcggo.com/tcggo/storage/31867/ns-darumaka-asc-32-ascended-heroes.png,https://www.tcggo.com/external/cm/31483,https://www.tcggo.com/external/tcgplayer/31483,N's Darumaka,N's Darumaka 32,,0.04,0.05,5289,EUR,[],0.02,0.02,0.02,0.02,0.02,0.02,0.02,0.02,0.02,0.02,,,,,,,,,,,,,,,,,,,,,,,,,,,,,,,,,,,,,,,,EUR,0.19,Common,ns-darumaka,Pokémon,https://www.tcggo.com/pokemon/ascended-heroes/ns-darumaka-32,me2pt5-32,675844,singles
2026-08-23T17:06:43+02:00,,405,nagimiso,nagimiso,ASC 33,33,869644,217,295,ASC,Pokémon,pokemon,396,https://images.tcggo.com/tcggo/storage/34000/ascended_heroes.png,Ascended Heroes,EUR,4747.06,EUR,5013.47,2026-01-30,17,Mega Evolution,mega-evolution,ascended-heroes,140,31484,https://images.tcggo.com/tcggo/storage/31886/ns-darmanitan-asc-33-ascended-heroes.png,https://www.tcggo.com/external/cm/31484,https://www.tcggo.com/external/tcgplayer/31484,N's Darmanitan,N's Darmanitan 33,,0.04,0.03,8660,EUR,[],0.02,0.02,0.02,0.02,0.02,0.02,0.02,0.02,0.02,0.02,,,,,,,,,,,,,,,,,,,,,,,,,,,,,,,,,,,,,,,,EUR,0.15,Uncommon,ns-darmanitan,Pokémon,https://www.tcggo.com/pokemon/ascended-heroes/ns-darmanitan-33,me2pt5-33,675845,singles
2026-08-23T17:06:43+02:00,,771,Felicia Chen,felicia-chen,ASC 34,34,869645,217,295,ASC,Pokémon,pokemon,396,https://images.tcggo.com/tcggo/storage/34000/ascended_heroes.png,Ascended Heroes,EUR,4747.06,EUR,5013.47,2026-01-30,17,Mega Evolution,mega-evolution,ascended-heroes,70,31485,https://images.tcggo.com/tcggo/storage/31905/salandit-asc-34-ascended-heroes.png,https://www.tcggo.com/external/cm/31485,https://www.tcggo.com/external/tcgplayer/31485,Salandit,Salandit 34,,0.03,0.03,5471,EUR,[],0.02,0.02,0.02,0.02,0.02,0.02,0.02,0.02,0.02,0.02,,,,,,,,,,,,,,,,,,,,,,,,,,,,,,,,,,,,,,,,EUR,0.11,Common,salandit,Pokémon,https://www.tcggo.com/pokemon/ascended-heroes/salandit-34,me2pt5-34,675846,singles
2026-08-23T17:06:43+02:00,,480,Taiga Kasai,taiga-kasai,ASC 35,35,869646,217,295,ASC,Pokémon,pokemon,396,https://images.tcggo.com/tcggo/storage/34000/ascended_heroes.png,Ascended Heroes,EUR,4747.06,EUR,5013.47,2026-01-30,17,Mega Evolution,mega-evolution,ascended-heroes,120,31486,https://images.tcggo.com/tcggo/storage/31924/salazzle-asc-35-ascended-heroes.png,https://www.tcggo.com/external/cm/31486,https://www.tcggo.com/external/tcgplayer/31486,Salazzle,Salazzle 35,,0.03,0.02,8545,EUR,[],0.02,0.02,0.02,0.02,0.02,0.02,0.02,0.02,0.02,0.02,,,,,,,,,,,,,,,,,,,,,,,,,,,,,,,,,,,,,,,,EUR,0.07,Uncommon,salazzle,Pokémon,https://www.tcggo.com/pokemon/ascended-heroes/salazzle-35,me2pt5-35,675847,singles
2026-08-23T17:06:43+02:00,,496,Cona Nitanda,cona-nitanda,ASC 36,36,869647,217,295,ASC,Pokémon,pokemon,396,https://images.tcggo.com/tcggo/storage/34000/ascended_heroes.png,Ascended Heroes,EUR,4747.06,EUR,5013.47,2026-01-30,17,Mega Evolution,mega-evolution,ascended-heroes,70,31487,https://images.tcggo.com/tcggo/storage/31943/scorbunny-asc-36-ascended-heroes.png,https://www.tcggo.com/external/cm/31487,https://www.tcggo.com/external/tcgplayer/31487,Scorbunny,Scorbunny 36,,0.03,0.02,11519,EUR,[],0.02,0.02,0.02,0.02,0.02,0.02,0.02,0.02,0.02,0.02,,,,,,,,,,,,,,,,,,,,,,,,,,,,,,,,,,,,,,,,EUR,0.05,Common,scorbunny,Pokémon,https://www.tcggo.com/pokemon/ascended-heroes/scorbunny-36,me2pt5-36,675848,singles
2026-08-23T17:06:43+02:00,,404,aspara,aspara,ASC 37,37,869648,217,295,ASC,Pokémon,pokemon,396,https://images.tcggo.com/tcggo/storage/34000/ascended_heroes.png,Ascended Heroes,EUR,4747.06,EUR,5013.47,2026-01-30,17,Mega Evolution,mega-evolution,ascended-heroes,90,31488,https://images.tcggo.com/tcggo/storage/31962/raboot-asc-37-ascended-heroes.png,https://www.tcggo.com/external/cm/31488,https://www.tcggo.com/external/tcgplayer/31488,Raboot,Raboot 37,,0.03,0.03,11741,EUR,[],0.03,0.02,0.02,0.02,0.02,0.02,0.02,0.02,0.02,0.02,,,,,,,,,,,,,,,,,,,,,,,,,,,,,,,,,,,,,,,,EUR,0.09,Common,raboot,Pokémon,https://www.tcggo.com/pokemon/ascended-heroes/raboot-37,me2pt5-37,675849,singles
2026-08-23T17:06:43+02:00,,380,5ban Graphics,5ban-graphics,ASC 38,38,869649,217,295,ASC,Pokémon,pokemon,396,https://images.tcggo.com/tcggo/storage/34000/ascended_heroes.png,Ascended Heroes,EUR,4747.06,EUR,5013.47,2026-01-30,17,Mega Evolution,mega-evolution,ascended-heroes,320,31489,https://images.tcggo.com/tcggo/storage/31981/cinderace-ex-asc-38-ascended-heroes.png,https://www.tcggo.com/external/cm/31489,https://www.tcggo.com/external/tcgplayer/31489,Cinderace ex,Cinderace ex 38,,0.78,0.74,1280,EUR,[],0.1,0.42,0.42,0.2,0.2,0.1,0.5,0.6,0.02,0.02,,,,,,,,,,,,,,,,,,,,,,,,,,,,,,,,,,,,,,,,EUR,0.6,Double Rare,cinderace-ex,Pokémon,https://www.tcggo.com/pokemon/ascended-heroes/cinderace-ex-38,me2pt5-38,675850,singles
2026-08-23T17:06:43+02:00,,535,Jiro Sasumo,jiro-sasumo,ASC 39,39,869650,217,295,ASC,Pokémon,pokemon,396,https://images.tcggo.com/tcggo/storage/34000/ascended_heroes.png,Ascended Heroes,EUR,4747.06,EUR,5013.47,2026-01-30,17,Mega Evolution,mega-evolution,ascended-heroes,70,31490,https://images.tcggo.com/tcggo/storage/32000/psyduck-asc-39-ascended-heroes.png,https://www.tcggo.com/external/cm/31490,https://www.tcggo.com/external/tcgplayer/31490,Psyduck,Psyduck 39,,0.07,0.08,8600,EUR,[],0.02,0.02,0.02,0.02,0.02,0.02,0.02,0.02,0.02,0.02,,,,,,,,,,,,,,,,,,,,,,,,,,,,,,,,,,,,,,,,EUR,2.08,Common,psyduck,Pokémon,https://www.tcggo.com/pokemon/ascended-heroes/psyduck-39,me2pt5-39,675851,singles
2026-08-23T17:06:43+02:00,,535,Jiro Sasumo,jiro-sasumo,ASC 40,40,869651,217,295,ASC,Pokémon,pokemon,396,https://images.tcggo.com/tcggo/storage/34000/ascended_heroes.png,Ascended Heroes,EUR,4747.06,EUR,5013.47,2026-01-30,17,Mega Evolution,mega-evolution,ascended-heroes,120,31491,https://images.tcggo.com/tcggo/storage/32018/golduck-asc-40-ascended-heroes.png,https://www.tcggo.com/external/cm/31491,https://www.tcggo.com/external/tcgplayer/31491,Golduck,Golduck 40,,0.05,0.04,8227,EUR,[],0.03,0.02,0.02,0.02,0.02,0.02,0.02,0.02,0.02,0.02,,,,,,,,,,,,,,,,,,,,,,,,,,,,,,,,,,,,,,,,EUR,0.13,Uncommon,golduck,Pokémon,https://www.tcggo.com/pokemon/ascended-heroes/golduck-40,me2pt5-40,675852,singles
2026-08-23T17:06:43+02:00,,470,REND,rend,ASC 41,41,869652,217,295,ASC,Pokémon,pokemon,396,https://images.tcggo.com/tcggo/storage/34000/ascended_heroes.png,Ascended Heroes,EUR,4747.06,EUR,5013.47,2026-01-30,17,Mega Evolution,mega-evolution,ascended-heroes,80,31492,https://images.tcggo.com/tcggo/storage/31742/totodile-asc-41-ascended-heroes.png,https://www.tcggo.com/external/cm/31492,https://www.tcggo.com/external/tcgplayer/31492,Totodile,Totodile 41,,0.04,0.04,11114,EUR,[],0.02,0.02,0.02,0.02,0.02,0.02,0.02,0.02,0.02,0.02,,,,,,,,,,,,,,,,,,,,,,,,,,,,,,,,,,,,,,,,EUR,0.12,Common,totodile,Pokémon,https://www.tcggo.com/pokemon/ascended-heroes/totodile-41,me2pt5-41,675853,singles
2026-08-23T17:06:43+02:00,,771,Felicia Chen,felicia-chen,ASC 42,42,869653,217,295,ASC,Pokémon,pokemon,396,https://images.tcggo.com/tcggo/storage/34000/ascended_heroes.png,Ascended Heroes,EUR,4747.06,EUR,5013.47,2026-01-30,17,Mega Evolution,mega-evolution,ascended-heroes,100,31493,https://images.tcggo.com/tcggo/storage/31760/croconaw-asc-42-ascended-heroes.png,https://www.tcggo.com/external/cm/31493,https://www.tcggo.com/external/tcgplayer/31493,Croconaw,Croconaw 42,,0.04,0.04,7861,EUR,[],0.02,0.02,0.02,0.02,0.02,0.02,0.02,0.02,0.02,0.02,,,,,,,,,,,,,,,,,,,,,,,,,,,,,,,,,,,,,,,,EUR,0.15,Uncommon,croconaw,Pokémon,https://www.tcggo.com/pokemon/ascended-heroes/croconaw-42,me2pt5-42,675854,singles
2026-08-23T17:06:43+02:00,,380,5ban Graphics,5ban-graphics,ASC 43,43,869654,217,295,ASC,Pokémon,pokemon,396,https://images.tcggo.com/tcggo/storage/34000/ascended_heroes.png,Ascended Heroes,EUR,4747.06,EUR,5013.47,2026-01-30,17,Mega Evolution,mega-evolution,ascended-heroes,370,31494,https://images.tcggo.com/tcggo/storage/31778/mega-feraligatr-ex-asc-43-ascended-heroes.png,https://www.tcggo.com/external/cm/31494,https://www.tcggo.com/external/tcgplayer/31494,Mega Feraligatr ex,Mega Feraligatr ex 43,,1.31,1.21,849,EUR,[],0.5,0.8,0.8,1.25,1.25,0.5,1.2,1.2,0.49,0.49,,,,,,,,,,,,,,,,,,,,,,,,,,,,,,,,,,,,,,,,EUR,0.95,Double Rare,mega-feraligatr-ex,Pokémon,https://www.tcggo.com/pokemon/ascended-heroes/mega-feraligatr-ex-43,me2pt5-43,675855,singles
2026-08-23T17:06:43+02:00,,442,Krgc,krgc,ASC 44,44,869655,217,295,ASC,Pokémon,pokemon,396,https://images.tcggo.com/tcggo/storage/34000/ascended_heroes.png,Ascended Heroes,EUR,4747.06,EUR,5013.47,2026-01-30,17,Mega Evolution,mega-evolution,ascended-heroes,70,31495,https://images.tcggo.com/tcggo/storage/31796/sneasel-asc-44-ascended-heroes.png,https://www.tcggo.com/external/cm/31495,https://www.tcggo.com/external/tcgplayer/31495,Sneasel,Sneasel 44,,0.03,0.03,5510,EUR,[],0.03,0.02,0.02,0.02,0.02,0.03,0.02,0.02,0.02,0.02,,,,,,,,,,,,,,,,,,,,,,,,,,,,,,,,,,,,,,,,EUR,0.11,Common,sneasel,Pokémon,https://www.tcggo.com/pokemon/ascended-heroes/sneasel-44,me2pt5-44,675856,singles
2026-08-23T17:06:43+02:00,,404,aspara,aspara,ASC 45,45,869656,217,295,ASC,Pokémon,pokemon,396,https://images.tcggo.com/tcggo/storage/34000/ascended_heroes.png,Ascended Heroes,EUR,4747.06,EUR,5013.47,2026-01-30,17,Mega Evolution,mega-evolution,ascended-heroes,100,31496,https://images.tcggo.com/tcggo/storage/31814/weavile-asc-45-ascended-heroes.png,https://www.tcggo.com/external/cm/31496,https://www.tcggo.com/external/tcgplayer/31496,Weavile,Weavile 45,,0.03,0.03,8585,EUR,[],0.02,0.02,0.02,0.02,0.02,0.02,0.02,0.02,0.02,0.02,,,,,,,,,,,,,,,,,,,,,,,,,,,,,,,,,,,,,,,,EUR,0.06,Uncommon,weavile,Pokémon,https://www.tcggo.com/pokemon/ascended-heroes/weavile-45,me2pt5-45,675857,singles
2026-08-23T17:06:43+02:00,,779,Wintr Wandr,wintr-wandr,ASC 46,46,869657,217,295,ASC,Pokémon,pokemon,396,https://images.tcggo.com/tcggo/storage/34000/ascended_heroes.png,Ascended Heroes,EUR,4747.06,EUR,5013.47,2026-01-30,17,Mega Evolution,mega-evolution,ascended-heroes,70,31497,https://images.tcggo.com/tcggo/storage/31832/snorunt-asc-46-ascended-heroes.png,https://www.tcggo.com/external/cm/31497,https://www.tcggo.com/external/tcgplayer/31497,Snorunt,Snorunt 46,,0.07,0.12,7978,EUR,[],0.03,0.02,0.02,0.02,0.02,0.02,0.02,0.02,0.02,0.02,,,,,,,,,,,,,,,,,,,,,,,,,,,,,,,,,,,,,,,,EUR,0.22,Common,snorunt,Pokémon,https://www.tcggo.com/pokemon/ascended-heroes/snorunt-46,me2pt5-46,675858,singles
2026-08-23T17:06:43+02:00,,380,5ban Graphics,5ban-graphics,ASC 47,47,869658,217,295,ASC,Pokémon,pokemon,396,https://images.tcggo.com/tcggo/storage/34000/ascended_heroes.png,Ascended Heroes,EUR,4747.06,EUR,5013.47,2026-01-30,17,Mega Evolution,mega-evolution,ascended-heroes,310,31498,https://images.tcggo.com/tcggo/storage/31850/mega-froslass-ex-asc-47-ascended-heroes.png,https://www.tcggo.com/external/cm/31498,https://www.tcggo.com/external/tcgplayer/31498,Mega Froslass ex,Mega Froslass ex 47,,3.18,3.03,732,EUR,[],1.49,1.99,2,3.99,3.99,1.49,2.9,2.99,1.84,1.84,,,,,,,,,,,,,,,,,,,,,,,,,,,,,,,,,,,,,,,,EUR,1.66,Double Rare,mega-froslass-ex,Pokémon,https://www.tcggo.com/pokemon/ascended-heroes/mega-froslass-ex-47,me2pt5-47,675859,singles
2026-08-23T17:06:43+02:00,,430,akagi,akagi,ASC 48,48,869659,217,295,ASC,Pokémon,pokemon,396,https://images.tcggo.com/tcggo/storage/34000/ascended_heroes.png,Ascended Heroes,EUR,4747.06,EUR,5013.47,2026-01-30,17,Mega Evolution,mega-evolution,ascended-heroes,230,31499,https://images.tcggo.com/tcggo/storage/31868/regice-ex-asc-48-ascended-heroes.png,https://www.tcggo.com/external/cm/31499,https://www.tcggo.com/external/tcgplayer/31499,Regice ex,Regice ex 48,,0.61,0.6,1311,EUR,[],0.14,0.25,0.29,0.15,0.15,0.14,0.1,0.1,0.03,0.03,,,,,,,,,,,,,,,,,,,,,,,,,,,,,,,,,,,,,,,,EUR,0.58,Double Rare,regice-ex,Pokémon,https://www.tcggo.com/pokemon/ascended-heroes/regice-ex-48,me2pt5-48,675860,singles
2026-08-23T17:06:43+02:00,,495,yuu,yuu,ASC 49,49,869660,217,295,ASC,Pokémon,pokemon,396,https://images.tcggo.com/tcggo/storage/34000/ascended_heroes.png,Ascended Heroes,EUR,4747.06,EUR,5013.47,2026-01-30,17,Mega Evolution,mega-evolution,ascended-heroes,60,31500,https://images.tcggo.com/tcggo/storage/31887/ns-vanillite-asc-49-ascended-heroes.png,https://www.tcggo.com/external/cm/31500,https://www.tcggo.com/external/tcgplayer/31500,N's Vanillite,N's Vanillite 49,,0.03,0.03,11227,EUR,[],0.02,0.02,0.02,0.02,0.02,0.02,0.02,0.02,0.02,0.02,,,,,,,,,,,,,,,,,,,,,,,,,,,,,,,,,,,,,,,,EUR,0.1,Common,ns-vanillite,Pokémon,https://www.tcggo.com/pokemon/ascended-heroes/ns-vanillite-49,me2pt5-49,675861,singles
2026-08-23T17:06:43+02:00,,512,kirisAki,kirisaki,ASC 50,50,869661,217,295,ASC,Pokémon,pokemon,396,https://images.tcggo.com/tcggo/storage/34000/ascended_heroes.png,Ascended Heroes,EUR,4747.06,EUR,5013.47,2026-01-30,17,Mega Evolution,mega-evolution,ascended-heroes,100,31501,https://images.tcggo.com/tcggo/storage/31906/ns-vanillish-asc-50-ascended-heroes.png,https://www.tcggo.com/external/cm/31501,https://www.tcggo.com/external/tcgplayer/31501,N's Vanillish,N's Vanillish 50,,0.04,0.04,5207,EUR,[],0.02,0.02,0.02,0.02,0.02,0.02,0.02,0.02,0.02,0.02,,,,,,,,,,,,,,,,,,,,,,,,,,,,,,,,,,,,,,,,EUR,0.1,Common,ns-vanillish,Pokémon,https://www.tcggo.com/pokemon/ascended-heroes/ns-vanillish-50,me2pt5-50,675862,singles
2026-08-23T17:06:43+02:00,,781,imoniii,imoniii,ASC 51,51,869662,217,295,ASC,Pokémon,pokemon,396,https://images.tcggo.com/tcggo/storage/34000/ascended_heroes.png,Ascended Heroes,EUR,4747.06,EUR,5013.47,2026-01-30,17,Mega Evolution,mega-evolution,ascended-heroes,150,31502,https://images.tcggo.com/tcggo/storage/31925/ns-vanilluxe-asc-51-ascended-heroes.png,https://www.tcggo.com/external/cm/31502,https://www.tcggo.com/external/tcgplayer/31502,N's Vanilluxe,N's Vanilluxe 51,,0.03,0.03,8303,EUR,[],0.02,0.02,0.02,0.02,0.02,0.02,0.02,0.02,0.02,0.02,,,,,,,,,,,,,,,,,,,,,,,,,,,,,,,,,,,,,,,,EUR,0.09,Uncommon,ns-vanilluxe,Pokémon,https://www.tcggo.com/pokemon/ascended-heroes/ns-vanilluxe-51,me2pt5-51,675863,singles
2026-08-23T17:06:43+02:00,,775,Izucch,izucch,ASC 52,52,869663,217,295,ASC,Pokémon,pokemon,396,https://images.tcggo.com/tcggo/storage/34000/ascended_heroes.png,Ascended Heroes,EUR,4747.06,EUR,5013.47,2026-01-30,17,Mega Evolution,mega-evolution,ascended-heroes,50,31503,https://images.tcggo.com/tcggo/storage/31944/snom-asc-52-ascended-heroes.png,https://www.tcggo.com/external/cm/31503,https://www.tcggo.com/external/tcgplayer/31503,Snom,Snom 52,,0.04,0.03,11630,EUR,[],0.02,0.02,0.02,0.02,0.02,0.02,0.02,0.02,0.02,0.02,,,,,,,,,,,,,,,,,,,,,,,,,,,,,,,,,,,,,,,,EUR,0.09,Common,snom,Pokémon,https://www.tcggo.com/pokemon/ascended-heroes/snom-52,me2pt5-52,675864,singles
2026-08-23T17:06:43+02:00,,448,cochi8i,cochi8i,ASC 53,53,869664,217,295,ASC,Pokémon,pokemon,396,https://images.tcggo.com/tcggo/storage/34000/ascended_heroes.png,Ascended Heroes,EUR,4747.06,EUR,5013.47,2026-01-30,17,Mega Evolution,mega-evolution,ascended-heroes,110,31504,https://images.tcggo.com/tcggo/storage/31963/frosmoth-asc-53-ascended-heroes.png,https://www.tcggo.com/external/cm/31504,https://www.tcggo.com/external/tcgplayer/31504,Frosmoth,Frosmoth 53,,0.03,0.03,8425,EUR,[],0.02,0.02,0.02,0.02,0.02,0.02,0.02,0.02,0.02,0.02,,,,,,,,,,,,,,,,,,,,,,,,,,,,,,,,,,,,,,,,EUR,1.36,Uncommon,frosmoth,Pokémon,https://www.tcggo.com/pokemon/ascended-heroes/frosmoth-53,me2pt5-53,675865,singles
2026-08-23T17:06:43+02:00,,769,mashu,mashu,ASC 54,54,869665,217,295,ASC,Pokémon,pokemon,396,https://images.tcggo.com/tcggo/storage/34000/ascended_heroes.png,Ascended Heroes,EUR,4747.06,EUR,5013.47,2026-01-30,17,Mega Evolution,mega-evolution,ascended-heroes,130,31505,https://images.tcggo.com/tcggo/storage/31982/glastrier-asc-54-ascended-heroes.png,https://www.tcggo.com/external/cm/31505,https://www.tcggo.com/external/tcgplayer/31505,Glastrier,Glastrier 54,,0.03,0.03,8273,EUR,[],0.02,0.02,0.02,0.02,0.02,0.02,0.02,0.02,0.02,0.02,,,,,,,,,,,,,,,,,,,,,,,,,,,,,,,,,,,,,,,,EUR,0.16,Uncommon,glastrier,Pokémon,https://www.tcggo.com/pokemon/ascended-heroes/glastrier-54,me2pt5-54,675866,singles
2026-08-23T17:06:43+02:00,,773,kamonabe,kamonabe,ASC 55,55,869666,217,295,ASC,Pokémon,pokemon,396,https://images.tcggo.com/tcggo/storage/34000/ascended_heroes.png,Ascended Heroes,EUR,4747.06,EUR,5013.47,2026-01-30,17,Mega Evolution,mega-evolution,ascended-heroes,70,31506,https://images.tcggo.com/tcggo/storage/32001/pikachu-asc-55-ascended-heroes.png,https://www.tcggo.com/external/cm/31506,https://www.tcggo.com/external/tcgplayer/31506,Pikachu,Pikachu 55,,0.1,0.13,6948,EUR,[],0.03,0.02,0.02,0.02,0.02,0.02,0.02,0.02,0.02,0.02,,,,,,,,,,,,,,,,,,,,,,,,,,,,,,,,,,,,,,,,EUR,0.25,Common,pikachu,Pokémon,https://www.tcggo.com/pokemon/ascended-heroes/pikachu-55-1,me2pt5-55,675867,singles
2026-08-23T17:06:43+02:00,,780,Iori Suzuki,iori-suzuki,ASC 56,56,869667,217,295,ASC,Pokémon,pokemon,396,https://images.tcggo.com/tcggo/storage/34000/ascended_heroes.png,Ascended Heroes,EUR,4747.06,EUR,5013.47,2026-01-30,17,Mega Evolution,mega-evolution,ascended-heroes,130,31507,https://images.tcggo.com/tcggo/storage/32019/raichu-asc-56-ascended-heroes.png,https://www.tcggo.com/external/cm/31507,https://www.tcggo.com/external/tcgplayer/31507,Raichu,Raichu 56,,0.05,0.06,7149,EUR,[],0.03,0.02,0.02,0.02,0.02,0.02,0.02,0.02,0.02,0.02,,,,,,,,,,,,,,,,,,,,,,,,,,,,,,,,,,,,,,,,EUR,0.15,Uncommon,raichu,Pokémon,https://www.tcggo.com/pokemon/ascended-heroes/raichu-56,me2pt5-56,675868,singles
2026-08-23T17:06:43+02:00,,371,aky CG Works,aky-cg-works,ASC 57,57,869668,217,295,ASC,Pokémon,pokemon,396,https://images.tcggo.com/tcggo/storage/34000/ascended_heroes.png,Ascended Heroes,EUR,4747.06,EUR,5013.47,2026-01-30,17,Mega Evolution,mega-evolution,ascended-heroes,200,31508,https://images.tcggo.com/tcggo/storage/31743/pikachu-ex-asc-57-ascended-heroes.png,https://www.tcggo.com/external/cm/31508,https://www.tcggo.com/external/tcgplayer/31508,Pikachu ex,Pikachu ex 57,,3.66,3.95,434,EUR,[],3,3.9,3.9,2.9,2.9,3.5,3,3.89,0.95,0.95,USD,,,,,,,,,,,,,,,,,,,,,88.67,1,,,,,,,,,,,,,,,,,EUR,2.97,Double Rare,pikachu-ex,Pokémon,https://www.tcggo.com/pokemon/ascended-heroes/pikachu-ex-57-1,me2pt5-57,675869,singles
2026-08-23T17:06:43+02:00,,380,5ban Graphics,5ban-graphics,ASC 58,58,869669,217,295,ASC,Pokémon,pokemon,396,https://images.tcggo.com/tcggo/storage/34000/ascended_heroes.png,Ascended Heroes,EUR,4747.06,EUR,5013.47,2026-01-30,17,Mega Evolution,mega-evolution,ascended-heroes,170,31509,https://images.tcggo.com/tcggo/storage/31761/voltorb-ex-asc-58-ascended-heroes.png,https://www.tcggo.com/external/cm/31509,https://www.tcggo.com/external/tcgplayer/31509,Voltorb ex,Voltorb ex 58,,0.66,0.7,1248,EUR,[],0.22,0.2,0.2,0.48,0.48,0.22,0.35,0.4,0.1,0.1,,,,,,,,,,,,,,,,,,,,,,,,,,,,,,,,,,,,,,,,EUR,0.54,Double Rare,voltorb-ex,Pokémon,https://www.tcggo.com/pokemon/ascended-heroes/voltorb-ex-58,me2pt5-58,675870,singles
2026-08-23T17:06:43+02:00,,386,Jerky,jerky,ASC 59,59,869670,217,295,ASC,Pokémon,pokemon,396,https://images.tcggo.com/tcggo/storage/34000/ascended_heroes.png,Ascended Heroes,EUR,4747.06,EUR,5013.47,2026-01-30,17,Mega Evolution,mega-evolution,ascended-heroes,40,31510,https://images.tcggo.com/tcggo/storage/31779/tynamo-asc-59-ascended-heroes.png,https://www.tcggo.com/external/cm/31510,https://www.tcggo.com/external/tcgplayer/31510,Tynamo,Tynamo 59,,0.03,0.04,11116,EUR,[],0.02,0.02,0.02,0.02,0.02,0.02,0.02,0.02,0.02,0.02,,,,,,,,,,,,,,,,,,,,,,,,,,,,,,,,,,,,,,,,EUR,0.09,Common,tynamo,Pokémon,https://www.tcggo.com/pokemon/ascended-heroes/tynamo-59-1,me2pt5-59,675871,singles
2026-08-23T17:06:43+02:00,,386,Jerky,jerky,ASC 60,60,869671,217,295,ASC,Pokémon,pokemon,396,https://images.tcggo.com/tcggo/storage/34000/ascended_heroes.png,Ascended Heroes,EUR,4747.06,EUR,5013.47,2026-01-30,17,Mega Evolution,mega-evolution,ascended-heroes,90,31511,https://images.tcggo.com/tcggo/storage/31797/eelektrik-asc-60-ascended-heroes.png,https://www.tcggo.com/external/cm/31511,https://www.tcggo.com/external/tcgplayer/31511,Eelektrik,Eelektrik 60,,0.05,0.05,7838,EUR,[],0.02,0.02,0.02,0.02,0.02,0.02,0.02,0.02,0.02,0.02,,,,,,,,,,,,,,,,,,,,,,,,,,,,,,,,,,,,,,,,EUR,0.14,Uncommon,eelektrik,Pokémon,https://www.tcggo.com/pokemon/ascended-heroes/eelektrik-60-1,me2pt5-60,675872,singles
2026-08-23T17:06:43+02:00,,490,takuyoa,takuyoa,ASC 61,61,869672,217,295,ASC,Pokémon,pokemon,396,https://images.tcggo.com/tcggo/storage/34000/ascended_heroes.png,Ascended Heroes,EUR,4747.06,EUR,5013.47,2026-01-30,17,Mega Evolution,mega-evolution,ascended-heroes,350,31512,https://images.tcggo.com/tcggo/storage/31815/mega-eelektross-ex-asc-61-ascended-heroes.png,https://www.tcggo.com/external/cm/31512,https://www.tcggo.com/external/tcgplayer/31512,Mega Eelektross ex,Mega Eelektross ex 61,,1.05,1.07,709,EUR,[],0.5,0.5,0.5,1,1,0.5,0.49,0.49,0.1,0.1,,,,,,,,,,,,,,,,,,,,,,,,,,,,,,,,,,,,,,,,EUR,0.83,Double Rare,mega-eelektross-ex,Pokémon,https://www.tcggo.com/pokemon/ascended-heroes/mega-eelektross-ex-61,me2pt5-61,675873,singles
2026-08-23T17:06:43+02:00,,431,Tetsu Kayama,tetsu-kayama,ASC 62,62,869673,217,295,ASC,Pokémon,pokemon,396,https://images.tcggo.com/tcggo/storage/34000/ascended_heroes.png,Ascended Heroes,EUR,4747.06,EUR,5013.47,2026-01-30,17,Mega Evolution,mega-evolution,ascended-heroes,110,31513,https://images.tcggo.com/tcggo/storage/31833/stunfisk-asc-62-ascended-heroes.png,https://www.tcggo.com/external/cm/31513,https://www.tcggo.com/external/tcgplayer/31513,Stunfisk,Stunfisk 62,,0.04,0.03,5129,EUR,[],0.02,0.02,0.02,0.02,0.02,0.02,0.02,0.02,0.02,0.02,,,,,,,,,,,,,,,,,,,,,,,,,,,,,,,,,,,,,,,,EUR,0.14,Common,stunfisk,Pokémon,https://www.tcggo.com/pokemon/ascended-heroes/stunfisk-62,me2pt5-62,675874,singles
2026-08-23T17:06:43+02:00,,499,Tika Matsuno,tika-matsuno,ASC 63,63,869674,217,295,ASC,Pokémon,pokemon,396,https://images.tcggo.com/tcggo/storage/34000/ascended_heroes.png,Ascended Heroes,EUR,4747.06,EUR,5013.47,2026-01-30,17,Mega Evolution,mega-evolution,ascended-heroes,70,31514,https://images.tcggo.com/tcggo/storage/31851/helioptile-asc-63-ascended-heroes.png,https://www.tcggo.com/external/cm/31514,https://www.tcggo.com/external/tcgplayer/31514,Helioptile,Helioptile 63,,0.03,0.03,5302,EUR,[],0.03,0.02,0.02,0.02,0.02,0.02,0.02,0.02,0.02,0.02,,,,,,,,,,,,,,,,,,,,,,,,,,,,,,,,,,,,,,,,EUR,0.09,Common,helioptile,Pokémon,https://www.tcggo.com/pokemon/ascended-heroes/helioptile-63-1,me2pt5-63,675875,singles
2026-08-23T17:06:43+02:00,,764,svlt,svlt,ASC 64,64,869675,217,295,ASC,Pokémon,pokemon,396,https://images.tcggo.com/tcggo/storage/34000/ascended_heroes.png,Ascended Heroes,EUR,4747.06,EUR,5013.47,2026-01-30,17,Mega Evolution,mega-evolution,ascended-heroes,120,31515,https://images.tcggo.com/tcggo/storage/31869/heliolisk-asc-64-ascended-heroes.png,https://www.tcggo.com/external/cm/31515,https://www.tcggo.com/external/tcgplayer/31515,Heliolisk,Heliolisk 64,,0.03,0.03,8400,EUR,[],0.02,0.02,0.02,0.02,0.02,0.02,0.02,0.02,0.02,0.02,,,,,,,,,,,,,,,,,,,,,,,,,,,,,,,,,,,,,,,,EUR,0.04,Uncommon,heliolisk,Pokémon,https://www.tcggo.com/pokemon/ascended-heroes/heliolisk-64-1,me2pt5-64,675876,singles
2026-08-23T17:06:43+02:00,,492,Misa Tsutsui,misa-tsutsui,ASC 65,65,869676,217,295,ASC,Pokémon,pokemon,396,https://images.tcggo.com/tcggo/storage/34000/ascended_heroes.png,Ascended Heroes,EUR,4747.06,EUR,5013.47,2026-01-30,17,Mega Evolution,mega-evolution,ascended-heroes,100,31516,https://images.tcggo.com/tcggo/storage/31888/charjabug-asc-65-ascended-heroes.png,https://www.tcggo.com/external/cm/31516,https://www.tcggo.com/external/tcgplayer/31516,Charjabug,Charjabug 65,,0.03,0.03,5339,EUR,[],0.03,0.02,0.02,0.02,0.02,0.02,0.02,0.02,0.02,0.02,,,,,,,,,,,,,,,,,,,,,,,,,,,,,,,,,,,,,,,,EUR,0.11,Common,charjabug,Pokémon,https://www.tcggo.com/pokemon/ascended-heroes/charjabug-65-1,me2pt5-65,675877,singles
2026-08-23T17:06:43+02:00,,443,Shiburingaru,shiburingaru,ASC 66,66,869677,217,295,ASC,Pokémon,pokemon,396,https://images.tcggo.com/tcggo/storage/34000/ascended_heroes.png,Ascended Heroes,EUR,4747.06,EUR,5013.47,2026-01-30,17,Mega Evolution,mega-evolution,ascended-heroes,160,31517,https://images.tcggo.com/tcggo/storage/31907/vikavolt-asc-66-ascended-heroes.png,https://www.tcggo.com/external/cm/31517,https://www.tcggo.com/external/tcgplayer/31517,Vikavolt,Vikavolt 66,,0.03,0.03,8473,EUR,[],0.02,0.02,0.02,0.02,0.02,0.02,0.02,0.02,0.02,0.02,,,,,,,,,,,,,,,,,,,,,,,,,,,,,,,,,,,,,,,,EUR,0.06,Uncommon,vikavolt,Pokémon,https://www.tcggo.com/pokemon/ascended-heroes/vikavolt-66-1,me2pt5-66,675878,singles
2026-08-23T17:06:43+02:00,,363,Anesaki Dynamic,anesaki-dynamic,ASC 67,67,869678,217,295,ASC,Pokémon,pokemon,396,https://images.tcggo.com/tcggo/storage/34000/ascended_heroes.png,Ascended Heroes,EUR,4747.06,EUR,5013.47,2026-01-30,17,Mega Evolution,mega-evolution,ascended-heroes,120,31518,https://images.tcggo.com/tcggo/storage/31926/tapu-koko-asc-67-ascended-heroes.png,https://www.tcggo.com/external/cm/31518,https://www.tcggo.com/external/tcgplayer/31518,Tapu Koko,Tapu Koko 67,,0.05,0.07,6537,EUR,[],0.02,0.02,0.02,0.02,0.02,0.02,0.02,0.02,0.02,0.02,,,,,,,,,,,,,,,,,,,,,,,,,,,,,,,,,,,,,,,,EUR,0.13,rare,tapu-koko,Pokémon,https://www.tcggo.com/pokemon/ascended-heroes/tapu-koko-67,me2pt5-67,675879,singles
2026-08-23T17:06:43+02:00,,380,5ban Graphics,5ban-graphics,ASC 68,68,869679,217,295,ASC,Pokémon,pokemon,396,https://images.tcggo.com/tcggo/storage/34000/ascended_heroes.png,Ascended Heroes,EUR,4747.06,EUR,5013.47,2026-01-30,17,Mega Evolution,mega-evolution,ascended-heroes,200,31519,https://images.tcggo.com/tcggo/storage/31945/hops-pincurchin-ex-asc-68-ascended-heroes.png,https://www.tcggo.com/external/cm/31519,https://www.tcggo.com/external/tcgplayer/31519,Hop's Pincurchin ex,Hop's Pincurchin ex 68,,0.57,0.59,1493,EUR,[],0.1,0.09,0.09,0.2,0.2,0.1,0.3,0.47,0.02,0.02,,,,,,,,,,,,,,,,,,,,,,,,,,,,,,,,,,,,,,,,EUR,0.45,Double Rare,hops-pincurchin-ex,Pokémon,https://www.tcggo.com/pokemon/ascended-heroes/hops-pincurchin-ex-68,me2pt5-68,675880,singles
2026-08-23T17:06:43+02:00,,493,kurumitsu,kurumitsu,ASC 69,69,869680,217,295,ASC,Pokémon,pokemon,396,https://images.tcggo.com/tcggo/storage/34000/ascended_heroes.png,Ascended Heroes,EUR,4747.06,EUR,5013.47,2026-01-30,17,Mega Evolution,mega-evolution,ascended-heroes,60,31520,https://images.tcggo.com/tcggo/storage/31964/ionos-tadbulb-asc-69-ascended-heroes.png,https://www.tcggo.com/external/cm/31520,https://www.tcggo.com/external/tcgplayer/31520,Iono's Tadbulb,Iono's Tadbulb 69,,0.04,0.03,5434,EUR,[],0.02,0.02,0.02,0.02,0.02,0.02,0.02,0.02,0.02,0.02,,,,,,,,,,,,,,,,,,,,,,,,,,,,,,,,,,,,,,,,EUR,0.12,Common,ionos-tadbulb,Pokémon,https://www.tcggo.com/pokemon/ascended-heroes/ionos-tadbulb-69,me2pt5-69,675881,singles
2026-08-23T17:06:43+02:00,,380,5ban Graphics,5ban-graphics,ASC 70,70,869681,217,295,ASC,Pokémon,pokemon,396,https://images.tcggo.com/tcggo/storage/34000/ascended_heroes.png,Ascended Heroes,EUR,4747.06,EUR,5013.47,2026-01-30,17,Mega Evolution,mega-evolution,ascended-heroes,280,31521,https://images.tcggo.com/tcggo/storage/31983/ionos-bellibolt-ex-asc-70-ascended-heroes.png,https://www.tcggo.com/external/cm/31521,https://www.tcggo.com/external/tcgplayer/31521,Iono's Bellibolt ex,Iono's Bellibolt ex 70,,0.64,0.7,1086,EUR,[],0.19,0.2,0.2,0.3,0.3,0.19,0.35,0.34,0.02,0.02,,,,,,,,,,,,,,,,,,,,,,,,,,,,,,,,,,,,,,,,EUR,0.54,Double Rare,ionos-bellibolt-ex,Pokémon,https://www.tcggo.com/pokemon/ascended-heroes/ionos-bellibolt-ex-70,me2pt5-70,675882,singles
2026-08-23T17:06:43+02:00,,426,Akira Komayama,akira-komayama,ASC 71,71,869682,217,295,ASC,Pokémon,pokemon,396,https://images.tcggo.com/tcggo/storage/34000/ascended_heroes.png,Ascended Heroes,EUR,4747.06,EUR,5013.47,2026-01-30,17,Mega Evolution,mega-evolution,ascended-heroes,60,31522,https://images.tcggo.com/tcggo/storage/32002/ionos-wattrel-asc-71-ascended-heroes.png,https://www.tcggo.com/external/cm/31522,https://www.tcggo.com/external/tcgplayer/31522,Iono's Wattrel,Iono's Wattrel 71,,0.04,0.05,5028,EUR,[],0.02,0.02,0.02,0.02,0.02,0.02,0.02,0.02,0.02,0.02,,,,,,,,,,,,,,,,,,,,,,,,,,,,,,,,,,,,,,,,EUR,0.1,Common,ionos-wattrel,Pokémon,https://www.tcggo.com/pokemon/ascended-heroes/ionos-wattrel-71,me2pt5-71,675883,singles
2026-08-23T17:06:43+02:00,,500,chibi,chibi,ASC 72,72,869683,217,295,ASC,Pokémon,pokemon,396,https://images.tcggo.com/tcggo/storage/34000/ascended_heroes.png,Ascended Heroes,EUR,4747.06,EUR,5013.47,2026-01-30,17,Mega Evolution,mega-evolution,ascended-heroes,120,31523,https://images.tcggo.com/tcggo/storage/32020/ionos-kilowattrel-asc-72-ascended-heroes.png,https://www.tcggo.com/external/cm/31523,https://www.tcggo.com/external/tcgplayer/31523,Iono's Kilowattrel,Iono's Kilowattrel 72,,0.05,0.06,6366,EUR,[],0.02,0.02,0.02,0.02,0.02,0.02,0.02,0.02,0.02,0.02,,,,,,,,,,,,,,,,,,,,,,,,,,,,,,,,,,,,,,,,EUR,0.7,rare,ionos-kilowattrel,Pokémon,https://www.tcggo.com/pokemon/ascended-heroes/ionos-kilowattrel-72,me2pt5-72,675884,singles
2026-08-23T17:06:43+02:00,,380,5ban Graphics,5ban-graphics,ASC 73,73,869684,217,295,ASC,Pokémon,pokemon,396,https://images.tcggo.com/tcggo/storage/34000/ascended_heroes.png,Ascended Heroes,EUR,4747.06,EUR,5013.47,2026-01-30,17,Mega Evolution,mega-evolution,ascended-heroes,220,31524,https://images.tcggo.com/tcggo/storage/31744/miraidon-ex-asc-73-ascended-heroes.png,https://www.tcggo.com/external/cm/31524,https://www.tcggo.com/external/tcgplayer/31524,Miraidon ex,Miraidon ex 73,,0.63,0.69,1313,EUR,[],0.1,0.14,0.14,0.14,0.14,0.2,0.5,0.5,0.02,0.02,,,,,,,,,,,,,,,,,,,,,,,,,,,,,,,,,,,,,,,,EUR,0.62,Double Rare,miraidon-ex,Pokémon,https://www.tcggo.com/pokemon/ascended-heroes/miraidon-ex-73,me2pt5-73,675885,singles
2026-08-23T17:06:43+02:00,,417,satoma,satoma,ASC 74,74,869685,217,295,ASC,Pokémon,pokemon,396,https://images.tcggo.com/tcggo/storage/34000/ascended_heroes.png,Ascended Heroes,EUR,4747.06,EUR,5013.47,2026-01-30,17,Mega Evolution,mega-evolution,ascended-heroes,60,31525,https://images.tcggo.com/tcggo/storage/31762/clefairy-asc-74-ascended-heroes.png,https://www.tcggo.com/external/cm/31525,https://www.tcggo.com/external/tcgplayer/31525,Clefairy,Clefairy 74,,0.05,0.04,4899,EUR,[],0.03,0.02,0.02,0.02,0.02,0.02,0.02,0.02,0.02,0.02,,,,,,,,,,,,,,,,,,,,,,,,,,,,,,,,,,,,,,,,EUR,0.21,Common,clefairy,Pokémon,https://www.tcggo.com/pokemon/ascended-heroes/clefairy-74-1,me2pt5-74,675886,singles
2026-08-23T17:06:43+02:00,,417,satoma,satoma,ASC 75,75,869686,217,295,ASC,Pokémon,pokemon,396,https://images.tcggo.com/tcggo/storage/34000/ascended_heroes.png,Ascended Heroes,EUR,4747.06,EUR,5013.47,2026-01-30,17,Mega Evolution,mega-evolution,ascended-heroes,120,31526,https://images.tcggo.com/tcggo/storage/31780/clefable-asc-75-ascended-heroes.png,https://www.tcggo.com/external/cm/31526,https://www.tcggo.com/external/tcgplayer/31526,Clefable,Clefable 75,,0.04,0.04,7811,EUR,[],0.02,0.02,0.02,0.02,0.02,0.02,0.02,0.02,0.02,0.02,,,,,,,,,,,,,,,,,,,,,,,,,,,,,,,,,,,,,,,,EUR,0.14,Uncommon,clefable,Pokémon,https://www.tcggo.com/pokemon/ascended-heroes/clefable-75-1,me2pt5-75,675887,singles
2026-08-23T17:06:43+02:00,,380,5ban Graphics,5ban-graphics,ASC 76,76,869687,217,295,ASC,Pokémon,pokemon,396,https://images.tcggo.com/tcggo/storage/34000/ascended_heroes.png,Ascended Heroes,EUR,4747.06,EUR,5013.47,2026-01-30,17,Mega Evolution,mega-evolution,ascended-heroes,190,31527,https://images.tcggo.com/tcggo/storage/31798/lillies-clefairy-ex-asc-76-ascended-heroes.png,https://www.tcggo.com/external/cm/31527,https://www.tcggo.com/external/tcgplayer/31527,Lillie's Clefairy ex,Lillie's Clefairy ex 76,,1.85,1.89,402,EUR,[],1,0.35,0.35,3,3,1,0.6,0.9,0.4,0.4,,,,,,,,,,,,,,,,,,,,,,,,,,,,,,,,,,,,,,,,EUR,1.23,Double Rare,lillies-clefairy-ex,Pokémon,https://www.tcggo.com/pokemon/ascended-heroes/lillies-clefairy-ex-76,me2pt5-76,675888,singles
2026-08-23T17:06:43+02:00,,383,Gapao,gapao,ASC 77,77,869688,217,295,ASC,Pokémon,pokemon,396,https://images.tcggo.com/tcggo/storage/34000/ascended_heroes.png,Ascended Heroes,EUR,4747.06,EUR,5013.47,2026-01-30,17,Mega Evolution,mega-evolution,ascended-heroes,60,31528,https://images.tcggo.com/tcggo/storage/31816/team-rockets-exeggcute-asc-77-ascended-heroes.png,https://www.tcggo.com/external/cm/31528,https://www.tcggo.com/external/tcgplayer/31528,Team Rocket's Exeggcute,Team Rocket's Exeggcute 77,,0.03,0.03,5090,EUR,[],0.02,0.02,0.02,0.02,0.02,0.02,0.02,0.02,0.02,0.02,,,,,,,,,,,,,,,,,,,,,,,,,,,,,,,,,,,,,,,,EUR,0.05,Common,team-rockets-exeggcute,Pokémon,https://www.tcggo.com/pokemon/ascended-heroes/team-rockets-exeggcute-77,me2pt5-77,675889,singles
2026-08-23T17:06:43+02:00,,518,Ryuta Fuse,ryuta-fuse,ASC 78,78,869689,217,295,ASC,Pokémon,pokemon,396,https://images.tcggo.com/tcggo/storage/34000/ascended_heroes.png,Ascended Heroes,EUR,4747.06,EUR,5013.47,2026-01-30,17,Mega Evolution,mega-evolution,ascended-heroes,140,31529,https://images.tcggo.com/tcggo/storage/31834/team-rockets-exeggutor-asc-78-ascended-heroes.png,https://www.tcggo.com/external/cm/31529,https://www.tcggo.com/external/tcgplayer/31529,Team Rocket's Exeggutor,Team Rocket's Exeggutor 78,,0.06,0.06,6220,EUR,[],0.03,0.02,0.02,0.02,0.02,0.02,0.02,0.02,0.02,0.02,,,,,,,,,,,,,,,,,,,,,,,,,,,,,,,,,,,,,,,,EUR,0.15,rare,team-rockets-exeggutor,Pokémon,https://www.tcggo.com/pokemon/ascended-heroes/team-rockets-exeggutor-78,me2pt5-78,675890,singles
2026-08-23T17:06:43+02:00,,371,aky CG Works,aky-cg-works,ASC 79,79,869690,217,295,ASC,Pokémon,pokemon,396,https://images.tcggo.com/tcggo/storage/34000/ascended_heroes.png,Ascended Heroes,EUR,4747.06,EUR,5013.47,2026-01-30,17,Mega Evolution,mega-evolution,ascended-heroes,280,31530,https://images.tcggo.com/tcggo/storage/31852/team-rockets-mewtwo-ex-asc-79-ascended-heroes.png,https://www.tcggo.com/external/cm/31530,https://www.tcggo.com/external/tcgplayer/31530,Team Rocket's Mewtwo ex,Team Rocket's Mewtwo ex 79,,1.29,1.33,707,EUR,[],0.8,0.49,0.49,1.25,1.25,0.9,0.95,0.95,0.25,0.25,,,,,,,,,,,,,,,,,,,,,,,,,,,,,,,,,,,,,,,,EUR,1.21,Double Rare,team-rockets-mewtwo-ex,Pokémon,https://www.tcggo.com/pokemon/ascended-heroes/team-rockets-mewtwo-ex-79,me2pt5-79,675891,singles
2026-08-23T17:06:43+02:00,,829,Yoko Hishida,yoko-hishida,ASC 80,80,869691,217,295,ASC,Pokémon,pokemon,396,https://images.tcggo.com/tcggo/storage/34000/ascended_heroes.png,Ascended Heroes,EUR,4747.06,EUR,5013.47,2026-01-30,17,Mega Evolution,mega-evolution,ascended-heroes,50,31531,https://images.tcggo.com/tcggo/storage/31870/togepi-asc-80-ascended-heroes.png,https://www.tcggo.com/external/cm/31531,https://www.tcggo.com/external/tcgplayer/31531,Togepi,Togepi 80,,0.03,0.03,11062,EUR,[],0.02,0.02,0.02,0.02,0.02,0.02,0.02,0.02,0.02,0.02,,,,,,,,,,,,,,,,,,,,,,,,,,,,,,,,,,,,,,,,EUR,0.1,Common,togepi,Pokémon,https://www.tcggo.com/pokemon/ascended-heroes/togepi-80,me2pt5-80,675892,singles
2026-08-23T17:06:43+02:00,,385,Teeziro,teeziro,ASC 81,81,869692,217,295,ASC,Pokémon,pokemon,396,https://images.tcggo.com/tcggo/storage/34000/ascended_heroes.png,Ascended Heroes,EUR,4747.06,EUR,5013.47,2026-01-30,17,Mega Evolution,mega-evolution,ascended-heroes,90,31532,https://images.tcggo.com/tcggo/storage/31889/togetic-asc-81-ascended-heroes.png,https://www.tcggo.com/external/cm/31532,https://www.tcggo.com/external/tcgplayer/31532,Togetic,Togetic 81,,0.04,0.04,5012,EUR,[],0.02,0.02,0.02,0.02,0.02,0.02,0.02,0.02,0.02,0.02,,,,,,,,,,,,,,,,,,,,,,,,,,,,,,,,,,,,,,,,EUR,0.15,Common,togetic,Pokémon,https://www.tcggo.com/pokemon/ascended-heroes/togetic-81,me2pt5-81,675893,singles
2026-08-23T17:06:43+02:00,,774,Narano,narano,ASC 82,82,869693,217,295,ASC,Pokémon,pokemon,396,https://images.tcggo.com/tcggo/storage/34000/ascended_heroes.png,Ascended Heroes,EUR,4747.06,EUR,5013.47,2026-01-30,17,Mega Evolution,mega-evolution,ascended-heroes,140,31533,https://images.tcggo.com/tcggo/storage/31908/togekiss-asc-82-ascended-heroes.png,https://www.tcggo.com/external/cm/31533,https://www.tcggo.com/external/tcgplayer/31533,Togekiss,Togekiss 82,,0.06,0.06,6114,EUR,[],0.02,0.02,0.02,0.02,0.02,0.02,0.02,0.02,0.02,0.02,,,,,,,,,,,,,,,,,,,,,,,,,,,,,,,,,,,,,,,,EUR,0.14,rare,togekiss,Pokémon,https://www.tcggo.com/pokemon/ascended-heroes/togekiss-82,me2pt5-82,675894,singles
2026-08-23T17:06:43+02:00,,1068,Yoshimoto Yoshimon,yoshimoto-yoshimon,ASC 83,83,869694,217,295,ASC,Pokémon,pokemon,396,https://images.tcggo.com/tcggo/storage/34000/ascended_heroes.png,Ascended Heroes,EUR,4747.06,EUR,5013.47,2026-01-30,17,Mega Evolution,mega-evolution,ascended-heroes,70,31534,https://images.tcggo.com/tcggo/storage/31927/marill-asc-83-ascended-heroes.png,https://www.tcggo.com/external/cm/31534,https://www.tcggo.com/external/tcgplayer/31534,Marill,Marill 83,,0.05,0.03,10692,EUR,[],0.02,0.02,0.02,0.02,0.02,0.02,0.02,0.02,0.02,0.02,,,,,,,,,,,,,,,,,,,,,,,,,,,,,,,,,,,,,,,,EUR,0.1,Common,marill,Pokémon,https://www.tcggo.com/pokemon/ascended-heroes/marill-83,me2pt5-83,675895,singles
2026-08-23T17:06:43+02:00,,380,5ban Graphics,5ban-graphics,ASC 84,84,869695,217,295,ASC,Pokémon,pokemon,396,https://images.tcggo.com/tcggo/storage/34000/ascended_heroes.png,Ascended Heroes,EUR,4747.06,EUR,5013.47,2026-01-30,17,Mega Evolution,mega-evolution,ascended-heroes,270,31535,https://images.tcggo.com/tcggo/storage/31946/azumarill-ex-asc-84-ascended-heroes.png,https://www.tcggo.com/external/cm/31535,https://www.tcggo.com/external/tcgplayer/31535,Azumarill ex,Azumarill ex 84,,0.72,0.81,1099,EUR,[],0.1,0.4,0.4,0.05,0.05,0.1,0.45,0.5,0.02,0.02,,,,,,,,,,,,,,,,,,,,,,,,,,,,,,,,,,,,,,,,EUR,0.6,Double Rare,azumarill-ex,Pokémon,https://www.tcggo.com/pokemon/ascended-heroes/azumarill-ex-84,me2pt5-84,675896,singles
2026-08-23T17:06:43+02:00,,1069,Kazuhisa Uragami,kazuhisa-uragami,ASC 85,85,869696,217,295,ASC,Pokémon,pokemon,396,https://images.tcggo.com/tcggo/storage/34000/ascended_heroes.png,Ascended Heroes,EUR,4747.06,EUR,5013.47,2026-01-30,17,Mega Evolution,mega-evolution,ascended-heroes,60,31536,https://images.tcggo.com/tcggo/storage/31965/misdreavus-asc-85-ascended-heroes.png,https://www.tcggo.com/external/cm/31536,https://www.tcggo.com/external/tcgplayer/31536,Misdreavus,Misdreavus 85,,0.04,0.04,5177,EUR,[],0.02,0.02,0.02,0.02,0.02,0.02,0.02,0.02,0.02,0.02,,,,,,,,,,,,,,,,,,,,,,,,,,,,,,,,,,,,,,,,EUR,0.14,Common,misdreavus,Pokémon,https://www.tcggo.com/pokemon/ascended-heroes/misdreavus-85,me2pt5-85,675897,singles
2026-08-23T17:06:43+02:00,,415,nisimono,nisimono,ASC 86,86,869697,217,295,ASC,Pokémon,pokemon,396,https://images.tcggo.com/tcggo/storage/34000/ascended_heroes.png,Ascended Heroes,EUR,4747.06,EUR,5013.47,2026-01-30,17,Mega Evolution,mega-evolution,ascended-heroes,110,31537,https://images.tcggo.com/tcggo/storage/31984/mismagius-asc-86-ascended-heroes.png,https://www.tcggo.com/external/cm/31537,https://www.tcggo.com/external/tcgplayer/31537,Mismagius,Mismagius 86,,0.06,0.08,6419,EUR,[],0.02,0.02,0.02,0.02,0.02,0.02,0.02,0.02,0.02,0.02,,,,,,,,,,,,,,,,,,,,,,,,,,,,,,,,,,,,,,,,EUR,0.12,rare,mismagius,Pokémon,https://www.tcggo.com/pokemon/ascended-heroes/mismagius-86,me2pt5-86,675898,singles
2026-08-23T17:06:43+02:00,,787,Terada Tera,terada-tera,ASC 87,87,869698,217,295,ASC,Pokémon,pokemon,396,https://images.tcggo.com/tcggo/storage/34000/ascended_heroes.png,Ascended Heroes,EUR,4747.06,EUR,5013.47,2026-01-30,17,Mega Evolution,mega-evolution,ascended-heroes,70,31538,https://images.tcggo.com/tcggo/storage/32003/ralts-asc-87-ascended-heroes.png,https://www.tcggo.com/external/cm/31538,https://www.tcggo.com/external/tcgplayer/31538,Ralts,Ralts 87,,0.04,0.03,11276,EUR,[],0.02,0.02,0.02,0.02,0.02,0.02,0.02,0.02,0.02,0.02,,,,,,,,,,,,,,,,,,,,,,,,,,,,,,,,,,,,,,,,EUR,0.11,Common,ralts,Pokémon,https://www.tcggo.com/pokemon/ascended-heroes/ralts-87,me2pt5-87,675899,singles
2026-08-23T17:06:43+02:00,,417,satoma,satoma,ASC 88,88,869699,217,295,ASC,Pokémon,pokemon,396,https://images.tcggo.com/tcggo/storage/34000/ascended_heroes.png,Ascended Heroes,EUR,4747.06,EUR,5013.47,2026-01-30,17,Mega Evolution,mega-evolution,ascended-heroes,100,31539,https://images.tcggo.com/tcggo/storage/32021/kirlia-asc-88-ascended-heroes.png,https://www.tcggo.com/external/cm/31539,https://www.tcggo.com/external/tcgplayer/31539,Kirlia,Kirlia 88,,0.04,0.03,5069,EUR,[],0.03,0.02,0.02,0.02,0.02,0.02,0.02,0.02,0.02,0.02,,,,,,,,,,,,,,,,,,,,,,,,,,,,,,,,,,,,,,,,EUR,0.11,Common,kirlia,Pokémon,https://www.tcggo.com/pokemon/ascended-heroes/kirlia-88,me2pt5-88,675900,singles
2026-08-23T17:06:43+02:00,,490,takuyoa,takuyoa,ASC 89,89,869700,217,295,ASC,Pokémon,pokemon,396,https://images.tcggo.com/tcggo/storage/34000/ascended_heroes.png,Ascended Heroes,EUR,4747.06,EUR,5013.47,2026-01-30,17,Mega Evolution,mega-evolution,ascended-heroes,360,31540,https://images.tcggo.com/tcggo/storage/31745/mega-gardevoir-ex-asc-89-ascended-heroes.png,https://www.tcggo.com/external/cm/31540,https://www.tcggo.com/external/tcgplayer/31540,Mega Gardevoir ex,Mega Gardevoir ex 89,,0.74,0.82,967,EUR,[],0.09,0.2,0.4,0.4,0.4,0.09,0.35,0.4,0.05,0.05,,,,,,,,,,,,,,,,,,,,,,,,,,,,,,,,,,,,,,,,EUR,0.71,Double Rare,mega-gardevoir-ex,Pokémon,https://www.tcggo.com/pokemon/ascended-heroes/mega-gardevoir-ex-89,me2pt5-89,675901,singles
2026-08-23T17:06:43+02:00,,449,miki kudo,miki-kudo,ASC 90,90,869701,217,295,ASC,Pokémon,pokemon,396,https://images.tcggo.com/tcggo/storage/34000/ascended_heroes.png,Ascended Heroes,EUR,4747.06,EUR,5013.47,2026-01-30,17,Mega Evolution,mega-evolution,ascended-heroes,60,31541,https://images.tcggo.com/tcggo/storage/31763/shuppet-asc-90-ascended-heroes.png,https://www.tcggo.com/external/cm/31541,https://www.tcggo.com/external/tcgplayer/31541,Shuppet,Shuppet 90,,0.03,0.03,5245,EUR,[],0.02,0.02,0.02,0.02,0.02,0.02,0.02,0.02,0.02,0.02,,,,,,,,,,,,,,,,,,,,,,,,,,,,,,,,,,,,,,,,EUR,0.08,Common,shuppet,Pokémon,https://www.tcggo.com/pokemon/ascended-heroes/shuppet-90,me2pt5-90,675902,singles
2026-08-23T17:06:43+02:00,,363,Anesaki Dynamic,anesaki-dynamic,ASC 91,91,869702,217,295,ASC,Pokémon,pokemon,396,https://images.tcggo.com/tcggo/storage/34000/ascended_heroes.png,Ascended Heroes,EUR,4747.06,EUR,5013.47,2026-01-30,17,Mega Evolution,mega-evolution,ascended-heroes,90,31542,https://images.tcggo.com/tcggo/storage/31781/banette-asc-91-ascended-heroes.png,https://www.tcggo.com/external/cm/31542,https://www.tcggo.com/external/tcgplayer/31542,Banette,Banette 91,,0.03,0.03,8212,EUR,[],0.02,0.02,0.02,0.02,0.02,0.02,0.02,0.02,0.02,0.02,,,,,,,,,,,,,,,,,,,,,,,,,,,,,,,,,,,,,,,,EUR,0.04,Uncommon,banette,Pokémon,https://www.tcggo.com/pokemon/ascended-heroes/banette-91,me2pt5-91,675903,singles
2026-08-23T17:06:43+02:00,,423,mingo,mingo,ASC 92,92,869703,217,295,ASC,Pokémon,pokemon,396,https://images.tcggo.com/tcggo/storage/34000/ascended_heroes.png,Ascended Heroes,EUR,4747.06,EUR,5013.47,2026-01-30,17,Mega Evolution,mega-evolution,ascended-heroes,60,31543,https://images.tcggo.com/tcggo/storage/31799/rotom-asc-92-ascended-heroes.png,https://www.tcggo.com/external/cm/31543,https://www.tcggo.com/external/tcgplayer/31543,Rotom,Rotom 92,,0.04,0.04,5071,EUR,[],0.03,0.02,0.02,0.02,0.02,0.03,0.02,0.02,0.02,0.02,,,,,,,,,,,,,,,,,,,,,,,,,,,,,,,,,,,,,,,,EUR,0.11,Common,rotom,Pokémon,https://www.tcggo.com/pokemon/ascended-heroes/rotom-92,me2pt5-92,675904,singles
2026-08-23T17:06:43+02:00,,360,Saya Tsuruta,saya-tsuruta,ASC 93,93,869704,217,295,ASC,Pokémon,pokemon,396,https://images.tcggo.com/tcggo/storage/34000/ascended_heroes.png,Ascended Heroes,EUR,4747.06,EUR,5013.47,2026-01-30,17,Mega Evolution,mega-evolution,ascended-heroes,60,31544,https://images.tcggo.com/tcggo/storage/31817/swirlix-asc-93-ascended-heroes.png,https://www.tcggo.com/external/cm/31544,https://www.tcggo.com/external/tcgplayer/31544,Swirlix,Swirlix 93,,0.03,0.04,5094,EUR,[],0.03,0.02,0.02,0.02,0.02,0.03,0.02,0.02,0.02,0.02,,,,,,,,,,,,,,,,,,,,,,,,,,,,,,,,,,,,,,,,EUR,0.15,Common,swirlix,Pokémon,https://www.tcggo.com/pokemon/ascended-heroes/swirlix-93,me2pt5-93,675905,singles
2026-08-23T17:06:43+02:00,,528,Natsumi Yoshida,natsumi-yoshida,ASC 94,94,869705,217,295,ASC,Pokémon,pokemon,396,https://images.tcggo.com/tcggo/storage/34000/ascended_heroes.png,Ascended Heroes,EUR,4747.06,EUR,5013.47,2026-01-30,17,Mega Evolution,mega-evolution,ascended-heroes,120,31545,https://images.tcggo.com/tcggo/storage/31835/slurpuff-asc-94-ascended-heroes.png,https://www.tcggo.com/external/cm/31545,https://www.tcggo.com/external/tcgplayer/31545,Slurpuff,Slurpuff 94,,0.03,0.04,8308,EUR,[],0.03,0.02,0.02,0.02,0.02,0.02,0.02,0.02,0.02,0.02,,,,,,,,,,,,,,,,,,,,,,,,,,,,,,,,,,,,,,,,EUR,0.14,Uncommon,slurpuff,Pokémon,https://www.tcggo.com/pokemon/ascended-heroes/slurpuff-94,me2pt5-94,675906,singles
2026-08-23T17:06:43+02:00,,767,tono,tono,ASC 95,95,869706,217,295,ASC,Pokémon,pokemon,396,https://images.tcggo.com/tcggo/storage/34000/ascended_heroes.png,Ascended Heroes,EUR,4747.06,EUR,5013.47,2026-01-30,17,Mega Evolution,mega-evolution,ascended-heroes,70,31546,https://images.tcggo.com/tcggo/storage/31853/hops-phantump-asc-95-ascended-heroes.png,https://www.tcggo.com/external/cm/31546,https://www.tcggo.com/external/tcgplayer/31546,Hop's Phantump,Hop's Phantump 95,,0.08,0.08,3310,EUR,[],0.02,0.02,0.02,0.02,0.02,0.02,0.02,0.02,0.02,0.02,,,,,,,,,,,,,,,,,,,,,,,,,,,,,,,,,,,,,,,,EUR,0.2,Common,hops-phantump,Pokémon,https://www.tcggo.com/pokemon/ascended-heroes/hops-phantump-95,me2pt5-95,675907,singles
2026-08-23T17:06:43+02:00,,468,matazo,matazo,ASC 96,96,869707,217,295,ASC,Pokémon,pokemon,396,https://images.tcggo.com/tcggo/storage/34000/ascended_heroes.png,Ascended Heroes,EUR,4747.06,EUR,5013.47,2026-01-30,17,Mega Evolution,mega-evolution,ascended-heroes,140,31547,https://images.tcggo.com/tcggo/storage/31871/hops-trevenant-asc-96-ascended-heroes.png,https://www.tcggo.com/external/cm/31547,https://www.tcggo.com/external/tcgplayer/31547,Hop's Trevenant,Hop's Trevenant 96,,0.12,0.12,5066,EUR,[],0.03,0.02,0.02,0.02,0.02,0.02,0.02,0.02,0.02,0.02,,,,,,,,,,,,,,,,,,,,,,,,,,,,,,,,,,,,,,,,EUR,0.18,rare,hops-trevenant,Pokémon,https://www.tcggo.com/pokemon/ascended-heroes/hops-trevenant-96,me2pt5-96,675908,singles
2026-08-23T17:06:43+02:00,,429,DOM,dom,ASC 97,97,869708,217,295,ASC,Pokémon,pokemon,396,https://images.tcggo.com/tcggo/storage/34000/ascended_heroes.png,Ascended Heroes,EUR,4747.06,EUR,5013.47,2026-01-30,17,Mega Evolution,mega-evolution,ascended-heroes,60,31548,https://images.tcggo.com/tcggo/storage/31890/team-rockets-mimikyu-asc-97-ascended-heroes.png,https://www.tcggo.com/external/cm/31548,https://www.tcggo.com/external/tcgplayer/31548,Team Rocket's Mimikyu,Team Rocket's Mimikyu 97,,0.05,0.07,7493,EUR,[],0.02,0.02,0.02,0.02,0.02,0.02,0.02,0.02,0.02,0.02,,,,,,,,,,,,,,,,,,,,,,,,,,,,,,,,,,,,,,,,EUR,0.21,Uncommon,team-rockets-mimikyu,Pokémon,https://www.tcggo.com/pokemon/ascended-heroes/team-rockets-mimikyu-97,me2pt5-97,675909,singles
2026-08-23T17:06:43+02:00,,480,Taiga Kasai,taiga-kasai,ASC 98,98,869709,217,295,ASC,Pokémon,pokemon,396,https://images.tcggo.com/tcggo/storage/34000/ascended_heroes.png,Ascended Heroes,EUR,4747.06,EUR,5013.47,2026-01-30,17,Mega Evolution,mega-evolution,ascended-heroes,120,31549,https://images.tcggo.com/tcggo/storage/31909/spectrier-asc-98-ascended-heroes.png,https://www.tcggo.com/external/cm/31549,https://www.tcggo.com/external/tcgplayer/31549,Spectrier,Spectrier 98,,0.09,0.08,4275,EUR,[],0.02,0.02,0.02,0.02,0.02,0.02,0.02,0.02,0.02,0.02,,,,,,,,,,,,,,,,,,,,,,,,,,,,,,,,,,,,,,,,EUR,0.19,rare,spectrier,Pokémon,https://www.tcggo.com/pokemon/ascended-heroes/spectrier-98,me2pt5-98,675910,singles
2026-08-23T17:06:43+02:00,,414,kodama,kodama,ASC 99,99,869710,217,295,ASC,Pokémon,pokemon,396,https://images.tcggo.com/tcggo/storage/34000/ascended_heroes.png,Ascended Heroes,EUR,4747.06,EUR,5013.47,2026-01-30,17,Mega Evolution,mega-evolution,ascended-heroes,110,31550,https://images.tcggo.com/tcggo/storage/31928/munkidori-asc-99-ascended-heroes.png,https://www.tcggo.com/external/cm/31550,https://www.tcggo.com/external/tcgplayer/31550,Munkidori,Munkidori 99,,0.24,0.23,2834,EUR,[],0.02,0.02,0.02,0.02,0.02,0.02,0.02,0.02,0.02,0.02,,,,,,,,,,,,,,,,,,,,,,,,,,,,,,,,,,,,,,,,EUR,0.71,rare,munkidori,Pokémon,https://www.tcggo.com/pokemon/ascended-heroes/munkidori-99,me2pt5-99,675911,singles
2026-08-23T17:06:43+02:00,,473,Yuriko Akase,yuriko-akase,ASC 100,100,869711,217,295,ASC,Pokémon,pokemon,396,https://images.tcggo.com/tcggo/storage/34000/ascended_heroes.png,Ascended Heroes,EUR,4747.06,EUR,5013.47,2026-01-30,17,Mega Evolution,mega-evolution,ascended-heroes,60,31551,https://images.tcggo.com/tcggo/storage/31947/team-rockets-diglett-asc-100-ascended-heroes.png,https://www.tcggo.com/external/cm/31551,https://www.tcggo.com/external/tcgplayer/31551,Team Rocket's Diglett,Team Rocket's Diglett 100,,0.03,0.03,10881,EUR,[],0.02,0.02,0.02,0.02,0.02,0.02,0.02,0.02,0.02,0.02,,,,,,,,,,,,,,,,,,,,,,,,,,,,,,,,,,,,,,,,EUR,0.05,Common,team-rockets-diglett,Pokémon,https://www.tcggo.com/pokemon/ascended-heroes/team-rockets-diglett-100,me2pt5-100,675912,singles
2026-08-23T17:06:43+02:00,,382,KEIICHIRO ITO,keiichiro-ito,ASC 101,101,869712,217,295,ASC,Pokémon,pokemon,396,https://images.tcggo.com/tcggo/storage/34000/ascended_heroes.png,Ascended Heroes,EUR,4747.06,EUR,5013.47,2026-01-30,17,Mega Evolution,mega-evolution,ascended-heroes,100,31552,https://images.tcggo.com/tcggo/storage/31966/team-rockets-dugtrio-asc-101-ascended-heroes.png,https://www.tcggo.com/external/cm/31552,https://www.tcggo.com/external/tcgplayer/31552,Team Rocket's Dugtrio,Team Rocket's Dugtrio 101,,0.03,0.03,7971,EUR,[],0.03,0.02,0.02,0.02,0.02,0.02,0.02,0.02,0.02,0.02,,,,,,,,,,,,,,,,,,,,,,,,,,,,,,,,,,,,,,,,EUR,0.05,Uncommon,team-rockets-dugtrio,Pokémon,https://www.tcggo.com/pokemon/ascended-heroes/team-rockets-dugtrio-101,me2pt5-101,675913,singles
2026-08-23T17:06:43+02:00,,378,Kouki Saitou,kouki-saitou,ASC 102,102,869713,217,295,ASC,Pokémon,pokemon,396,https://images.tcggo.com/tcggo/storage/34000/ascended_heroes.png,Ascended Heroes,EUR,4747.06,EUR,5013.47,2026-01-30,17,Mega Evolution,mega-evolution,ascended-heroes,100,31553,https://images.tcggo.com/tcggo/storage/31985/hitmontop-asc-102-ascended-heroes.png,https://www.tcggo.com/external/cm/31553,https://www.tcggo.com/external/tcgplayer/31553,Hitmontop,Hitmontop 102,,0.04,0.03,5248,EUR,[],0.03,0.02,0.02,0.02,0.02,0.02,0.02,0.02,0.02,0.02,,,,,,,,,,,,,,,,,,,,,,,,,,,,,,,,,,,,,,,,EUR,0.1,Common,hitmontop,Pokémon,https://www.tcggo.com/pokemon/ascended-heroes/hitmontop-102,me2pt5-102,675914,singles
2026-08-23T17:06:43+02:00,,479,Lee HyunJung,lee-hyunjung,ASC 103,103,869714,217,295,ASC,Pokémon,pokemon,396,https://images.tcggo.com/tcggo/storage/34000/ascended_heroes.png,Ascended Heroes,EUR,4747.06,EUR,5013.47,2026-01-30,17,Mega Evolution,mega-evolution,ascended-heroes,70,31554,https://images.tcggo.com/tcggo/storage/32004/meditite-asc-103-ascended-heroes.png,https://www.tcggo.com/external/cm/31554,https://www.tcggo.com/external/tcgplayer/31554,Meditite,Meditite 103,,0.03,0.03,5357,EUR,[],0.02,0.02,0.02,0.02,0.02,0.02,0.02,0.02,0.02,0.02,,,,,,,,,,,,,,,,,,,,,,,,,,,,,,,,,,,,,,,,EUR,0.13,Common,meditite,Pokémon,https://www.tcggo.com/pokemon/ascended-heroes/meditite-103,me2pt5-103,675915,singles
2026-08-23T17:06:43+02:00,,459,GIDORA,gidora,ASC 104,104,869715,217,295,ASC,Pokémon,pokemon,396,https://images.tcggo.com/tcggo/storage/34000/ascended_heroes.png,Ascended Heroes,EUR,4747.06,EUR,5013.47,2026-01-30,17,Mega Evolution,mega-evolution,ascended-heroes,120,31555,https://images.tcggo.com/tcggo/storage/32022/medicham-asc-104-ascended-heroes.png,https://www.tcggo.com/external/cm/31555,https://www.tcggo.com/external/tcgplayer/31555,Medicham,Medicham 104,,0.03,0.03,5363,EUR,[],0.03,0.02,0.02,0.02,0.02,0.02,0.02,0.02,0.02,0.02,,,,,,,,,,,,,,,,,,,,,,,,,,,,,,,,,,,,,,,,EUR,0.09,Common,medicham,Pokémon,https://www.tcggo.com/pokemon/ascended-heroes/medicham-104,me2pt5-104,675916,singles
2026-08-23T17:06:43+02:00,,432,Whisker,whisker,ASC 105,105,869716,217,295,ASC,Pokémon,pokemon,396,https://images.tcggo.com/tcggo/storage/34000/ascended_heroes.png,Ascended Heroes,EUR,4747.06,EUR,5013.47,2026-01-30,17,Mega Evolution,mega-evolution,ascended-heroes,110,31556,https://images.tcggo.com/tcggo/storage/31746/lunatone-asc-105-ascended-heroes.png,https://www.tcggo.com/external/cm/31556,https://www.tcggo.com/external/tcgplayer/31556,Lunatone,Lunatone 105,,0.07,0.11,5910,EUR,[],0.02,0.02,0.02,0.02,0.02,0.02,0.02,0.02,0.02,0.02,,,,,,,,,,,,,,,,,,,,,,,,,,,,,,,,,,,,,,,,EUR,0.15,rare,lunatone,Pokémon,https://www.tcggo.com/pokemon/ascended-heroes/lunatone-105,me2pt5-105,675917,singles
2026-08-23T17:06:43+02:00,,432,Whisker,whisker,ASC 106,106,869717,217,295,ASC,Pokémon,pokemon,396,https://images.tcggo.com/tcggo/storage/34000/ascended_heroes.png,Ascended Heroes,EUR,4747.06,EUR,5013.47,2026-01-30,17,Mega Evolution,mega-evolution,ascended-heroes,110,31557,https://images.tcggo.com/tcggo/storage/31764/solrock-asc-106-ascended-heroes.png,https://www.tcggo.com/external/cm/31557,https://www.tcggo.com/external/tcgplayer/31557,Solrock,Solrock 106,,0.05,0.03,7855,EUR,[],0.02,0.02,0.02,0.02,0.02,0.02,0.02,0.02,0.02,0.02,,,,,,,,,,,,,,,,,,,,,,,,,,,,,,,,,,,,,,,,EUR,0.11,Uncommon,solrock,Pokémon,https://www.tcggo.com/pokemon/ascended-heroes/solrock-106,me2pt5-106,675918,singles
2026-08-23T17:06:43+02:00,,395,Nisota Niso,nisota-niso,ASC 107,107,869718,217,295,ASC,Pokémon,pokemon,396,https://images.tcggo.com/tcggo/storage/34000/ascended_heroes.png,Ascended Heroes,EUR,4747.06,EUR,5013.47,2026-01-30,17,Mega Evolution,mega-evolution,ascended-heroes,230,31558,https://images.tcggo.com/tcggo/storage/31782/regirock-ex-asc-107-ascended-heroes.png,https://www.tcggo.com/external/cm/31558,https://www.tcggo.com/external/tcgplayer/31558,Regirock ex,Regirock ex 107,,0.54,0.55,1351,EUR,[],0.19,0.19,0.19,0.2,0.2,0.19,0.4,0.4,0.02,0.02,,,,,,,,,,,,,,,,,,,,,,,,,,,,,,,,,,,,,,,,EUR,0.5,Double Rare,regirock-ex,Pokémon,https://www.tcggo.com/pokemon/ascended-heroes/regirock-ex-107,me2pt5-107,675919,singles
2026-08-23T17:06:43+02:00,,439,Kazumasa Yasukuni,kazumasa-yasukuni,ASC 108,108,869719,217,295,ASC,Pokémon,pokemon,396,https://images.tcggo.com/tcggo/storage/34000/ascended_heroes.png,Ascended Heroes,EUR,4747.06,EUR,5013.47,2026-01-30,17,Mega Evolution,mega-evolution,ascended-heroes,140,31559,https://images.tcggo.com/tcggo/storage/31800/groudon-asc-108-ascended-heroes.png,https://www.tcggo.com/external/cm/31559,https://www.tcggo.com/external/tcgplayer/31559,Groudon,Groudon 108,,0.06,0.06,5876,EUR,[],0.02,0.02,0.02,0.02,0.02,0.02,0.02,0.02,0.02,0.02,,,,,,,,,,,,,,,,,,,,,,,,,,,,,,,,,,,,,,,,EUR,0.21,rare,groudon,Pokémon,https://www.tcggo.com/pokemon/ascended-heroes/groudon-108,me2pt5-108,675920,singles
2026-08-23T17:06:43+02:00,,372,Tomomi Ozaki,tomomi-ozaki,ASC 109,109,869720,217,295,ASC,Pokémon,pokemon,396,https://images.tcggo.com/tcggo/storage/34000/ascended_heroes.png,Ascended Heroes,EUR,4747.06,EUR,5013.47,2026-01-30,17,Mega Evolution,mega-evolution,ascended-heroes,70,31560,https://images.tcggo.com/tcggo/storage/31818/cynthias-gible-asc-109-ascended-heroes.png,https://www.tcggo.com/external/cm/31560,https://www.tcggo.com/external/tcgplayer/31560,Cynthia's Gible,Cynthia's Gible 109,,0.05,0.05,10512,EUR,[],0.02,0.02,0.02,0.02,0.02,0.02,0.02,0.02,0.02,0.02,,,,,,,,,,,,,,,,,,,,,,,,,,,,,,,,,,,,,,,,EUR,0.15,Common,cynthias-gible,Pokémon,https://www.tcggo.com/pokemon/ascended-heroes/cynthias-gible-109,me2pt5-109,675921,singles
2026-08-23T17:06:43+02:00,,398,Taira Akitsu,taira-akitsu,ASC 110,110,869721,217,295,ASC,Pokémon,pokemon,396,https://images.tcggo.com/tcggo/storage/34000/ascended_heroes.png,Ascended Heroes,EUR,4747.06,EUR,5013.47,2026-01-30,17,Mega Evolution,mega-evolution,ascended-heroes,100,31561,https://images.tcggo.com/tcggo/storage/31836/cynthias-gabite-asc-110-ascended-heroes.png,https://www.tcggo.com/external/cm/31561,https://www.tcggo.com/external/tcgplayer/31561,Cynthia's Gabite,Cynthia's Gabite 110,,0.06,0.07,2923,EUR,[],0.02,0.02,0.02,0.02,0.02,0.02,0.02,0.02,0.02,0.02,,,,,,,,,,,,,,,,,,,,,,,,,,,,,,,,,,,,,,,,EUR,0.17,Uncommon,cynthias-gabite,Pokémon,https://www.tcggo.com/pokemon/ascended-heroes/cynthias-gabite-110,me2pt5-110,675922,singles
2026-08-23T17:06:43+02:00,,380,5ban Graphics,5ban-graphics,ASC 111,111,869722,217,295,ASC,Pokémon,pokemon,396,https://images.tcggo.com/tcggo/storage/34000/ascended_heroes.png,Ascended Heroes,EUR,4747.06,EUR,5013.47,2026-01-30,17,Mega Evolution,mega-evolution,ascended-heroes,330,31562,https://images.tcggo.com/tcggo/storage/31854/cynthias-garchomp-ex-asc-111-ascended-heroes.png,https://www.tcggo.com/external/cm/31562,https://www.tcggo.com/external/tcgplayer/31562,Cynthia's Garchomp ex,Cynthia's Garchomp ex 111,,0.95,0.95,774,EUR,[],0.3,0.25,0.25,1.5,1.5,0.3,0.7,0.7,0.18,0.18,,,,,,,,,,,,,,,,,,,,,,,,,,,,,,,,,,,,,,,,EUR,0.71,Double Rare,cynthias-garchomp-ex,Pokémon,https://www.tcggo.com/pokemon/ascended-heroes/cynthias-garchomp-ex-111,me2pt5-111,675923,singles
2026-08-23T17:06:43+02:00,,462,hncl,hncl,ASC 112,112,869723,217,295,ASC,Pokémon,pokemon,396,https://images.tcggo.com/tcggo/storage/34000/ascended_heroes.png,Ascended Heroes,EUR,4747.06,EUR,5013.47,2026-01-30,17,Mega Evolution,mega-evolution,ascended-heroes,80,31563,https://images.tcggo.com/tcggo/storage/31872/riolu-asc-112-ascended-heroes.png,https://www.tcggo.com/external/cm/31563,https://www.tcggo.com/external/tcgplayer/31563,Riolu,Riolu 112,,0.04,0.06,10706,EUR,[],0.02,0.02,0.02,0.02,0.02,0.02,0.02,0.02,0.02,0.02,,,,,,,,,,,,,,,,,,,,,,,,,,,,,,,,,,,,,,,,EUR,0.09,Common,riolu,Pokémon,https://www.tcggo.com/pokemon/ascended-heroes/riolu-112-1,me2pt5-112,675924,singles
2026-08-23T17:06:43+02:00,,380,5ban Graphics,5ban-graphics,ASC 113,113,869724,217,295,ASC,Pokémon,pokemon,396,https://images.tcggo.com/tcggo/storage/34000/ascended_heroes.png,Ascended Heroes,EUR,4747.06,EUR,5013.47,2026-01-30,17,Mega Evolution,mega-evolution,ascended-heroes,340,31564,https://images.tcggo.com/tcggo/storage/31891/mega-lucario-ex-asc-113-ascended-heroes.png,https://www.tcggo.com/external/cm/31564,https://www.tcggo.com/external/tcgplayer/31564,Mega Lucario ex,Mega Lucario ex 113,,1.16,1.16,706,EUR,[],0.75,0.7,0.7,1.25,1.25,0.8,0.6,0.5,0.14,0.14,,,,,,,,,,,,,,,,,,,,,,,,,,,,,,,,,,,,,,,,EUR,0.76,Double Rare,mega-lucario-ex,Pokémon,https://www.tcggo.com/pokemon/ascended-heroes/mega-lucario-ex-113,me2pt5-113,675925,singles
2026-08-23T17:06:43+02:00,,380,5ban Graphics,5ban-graphics,ASC 114,114,869725,217,295,ASC,Pokémon,pokemon,396,https://images.tcggo.com/tcggo/storage/34000/ascended_heroes.png,Ascended Heroes,EUR,4747.06,EUR,5013.47,2026-01-30,17,Mega Evolution,mega-evolution,ascended-heroes,210,31565,https://images.tcggo.com/tcggo/storage/31910/stunfisk-ex-asc-114-ascended-heroes.png,https://www.tcggo.com/external/cm/31565,https://www.tcggo.com/external/tcgplayer/31565,Stunfisk ex,Stunfisk ex 114,,0.5,0.5,1373,EUR,[],0.1,0.04,0.04,0.08,0.08,0.1,0.15,0.15,0.02,0.02,,,,,,,,,,,,,,,,,,,,,,,,,,,,,,,,,,,,,,,,EUR,0.49,Double Rare,stunfisk-ex,Pokémon,https://www.tcggo.com/pokemon/ascended-heroes/stunfisk-ex-114,me2pt5-114,675926,singles
2026-08-23T17:06:43+02:00,,505,Minato,minato,ASC 115,115,869726,217,295,ASC,Pokémon,pokemon,396,https://images.tcggo.com/tcggo/storage/34000/ascended_heroes.png,Ascended Heroes,EUR,4747.06,EUR,5013.47,2026-01-30,17,Mega Evolution,mega-evolution,ascended-heroes,70,31566,https://images.tcggo.com/tcggo/storage/31929/pancham-asc-115-ascended-heroes.png,https://www.tcggo.com/external/cm/31566,https://www.tcggo.com/external/tcgplayer/31566,Pancham,Pancham 115,,0.03,0.03,5139,EUR,[],0.03,0.02,0.02,0.02,0.02,0.02,0.02,0.02,0.02,0.02,,,,,,,,,,,,,,,,,,,,,,,,,,,,,,,,,,,,,,,,EUR,0.12,Common,pancham,Pokémon,https://www.tcggo.com/pokemon/ascended-heroes/pancham-115,me2pt5-115,675927,singles
2026-08-23T17:06:43+02:00,,380,5ban Graphics,5ban-graphics,ASC 116,116,869727,217,295,ASC,Pokémon,pokemon,396,https://images.tcggo.com/tcggo/storage/34000/ascended_heroes.png,Ascended Heroes,EUR,4747.06,EUR,5013.47,2026-01-30,17,Mega Evolution,mega-evolution,ascended-heroes,250,31567,https://images.tcggo.com/tcggo/storage/31948/mega-hawlucha-ex-asc-116-ascended-heroes.png,https://www.tcggo.com/external/cm/31567,https://www.tcggo.com/external/tcgplayer/31567,Mega Hawlucha ex,Mega Hawlucha ex 116,,0.84,0.79,901,EUR,[],0.45,0.29,0.29,0.5,0.5,0.45,0.6,0.6,0.1,0.1,,,,,,,,,,,,,,,,,,,,,,,,,,,,,,,,,,,,,,,,EUR,0.59,Double Rare,mega-hawlucha-ex,Pokémon,https://www.tcggo.com/pokemon/ascended-heroes/mega-hawlucha-ex-116,me2pt5-116,675928,singles
2026-08-23T17:06:43+02:00,,821,Eri Kamei,eri-kamei,ASC 117,117,869728,217,295,ASC,Pokémon,pokemon,396,https://images.tcggo.com/tcggo/storage/34000/ascended_heroes.png,Ascended Heroes,EUR,4747.06,EUR,5013.47,2026-01-30,17,Mega Evolution,mega-evolution,ascended-heroes,90,31568,https://images.tcggo.com/tcggo/storage/31967/carbink-asc-117-ascended-heroes.png,https://www.tcggo.com/external/cm/31568,https://www.tcggo.com/external/tcgplayer/31568,Carbink,Carbink 117,,0.04,0.03,8036,EUR,[],0.02,0.02,0.02,0.02,0.02,0.02,0.02,0.02,0.02,0.02,,,,,,,,,,,,,,,,,,,,,,,,,,,,,,,,,,,,,,,,EUR,0.09,Uncommon,carbink,Pokémon,https://www.tcggo.com/pokemon/ascended-heroes/carbink-117-1,me2pt5-117,675929,singles
2026-08-23T17:06:43+02:00,,397,Kurata So,kurata-so,ASC 118,118,869729,217,295,ASC,Pokémon,pokemon,396,https://images.tcggo.com/tcggo/storage/34000/ascended_heroes.png,Ascended Heroes,EUR,4747.06,EUR,5013.47,2026-01-30,17,Mega Evolution,mega-evolution,ascended-heroes,80,31569,https://images.tcggo.com/tcggo/storage/31986/rolycoly-asc-118-ascended-heroes.png,https://www.tcggo.com/external/cm/31569,https://www.tcggo.com/external/tcgplayer/31569,Rolycoly,Rolycoly 118,,0.03,0.02,11092,EUR,[],0.02,0.02,0.02,0.02,0.02,0.02,0.02,0.02,0.02,0.02,,,,,,,,,,,,,,,,,,,,,,,,,,,,,,,,,,,,,,,,EUR,0.06,Common,rolycoly,Pokémon,https://www.tcggo.com/pokemon/ascended-heroes/rolycoly-118,me2pt5-118,675930,singles
2026-08-23T17:06:43+02:00,,822,Apios,apios,ASC 119,119,869730,217,295,ASC,Pokémon,pokemon,396,https://images.tcggo.com/tcggo/storage/34000/ascended_heroes.png,Ascended Heroes,EUR,4747.06,EUR,5013.47,2026-01-30,17,Mega Evolution,mega-evolution,ascended-heroes,110,31570,https://images.tcggo.com/tcggo/storage/32005/carkol-asc-119-ascended-heroes.png,https://www.tcggo.com/external/cm/31570,https://www.tcggo.com/external/tcgplayer/31570,Carkol,Carkol 119,,0.03,0.03,5244,EUR,[],0.03,0.02,0.02,0.02,0.02,0.02,0.02,0.02,0.02,0.02,,,,,,,,,,,,,,,,,,,,,,,,,,,,,,,,,,,,,,,,EUR,0.08,Common,carkol,Pokémon,https://www.tcggo.com/pokemon/ascended-heroes/carkol-119,me2pt5-119,675931,singles
2026-08-23T17:06:43+02:00,,395,Nisota Niso,nisota-niso,ASC 120,120,869731,217,295,ASC,Pokémon,pokemon,396,https://images.tcggo.com/tcggo/storage/34000/ascended_heroes.png,Ascended Heroes,EUR,4747.06,EUR,5013.47,2026-01-30,17,Mega Evolution,mega-evolution,ascended-heroes,180,31571,https://images.tcggo.com/tcggo/storage/32023/coalossal-asc-120-ascended-heroes.png,https://www.tcggo.com/external/cm/31571,https://www.tcggo.com/external/tcgplayer/31571,Coalossal,Coalossal 120,,0.05,0.06,6212,EUR,[],0.02,0.02,0.02,0.02,0.02,0.02,0.02,0.02,0.02,0.02,,,,,,,,,,,,,,,,,,,,,,,,,,,,,,,,,,,,,,,,EUR,0.12,rare,coalossal,Pokémon,https://www.tcggo.com/pokemon/ascended-heroes/coalossal-120,me2pt5-120,675932,singles
2026-08-23T17:06:43+02:00,,371,aky CG Works,aky-cg-works,ASC 121,121,869732,217,295,ASC,Pokémon,pokemon,396,https://images.tcggo.com/tcggo/storage/34000/ascended_heroes.png,Ascended Heroes,EUR,4747.06,EUR,5013.47,2026-01-30,17,Mega Evolution,mega-evolution,ascended-heroes,230,31572,https://images.tcggo.com/tcggo/storage/31747/koraidon-ex-asc-121-ascended-heroes.png,https://www.tcggo.com/external/cm/31572,https://www.tcggo.com/external/tcgplayer/31572,Koraidon ex,Koraidon ex 121,,0.74,0.7,1241,EUR,[],0.1,0.2,0.2,0.48,0.48,0.1,0.3,0.4,0.1,0.1,,,,,,,,,,,,,,,,,,,,,,,,,,,,,,,,,,,,,,,,EUR,1.15,Double Rare,koraidon-ex,Pokémon,https://www.tcggo.com/pokemon/ascended-heroes/koraidon-ex-121,me2pt5-121,675933,singles
2026-08-23T17:06:43+02:00,,375,Mitsuhiro Arita,mitsuhiro-arita,ASC 122,122,368855,217,295,ASC,Pokémon,pokemon,396,https://images.tcggo.com/tcggo/storage/34000/ascended_heroes.png,Ascended Heroes,EUR,4747.06,EUR,5013.47,2026-01-30,17,Mega Evolution,mega-evolution,ascended-heroes,140,31573,https://images.tcggo.com/tcggo/storage/31765/okidogi-asc-122-ascended-heroes.png,https://www.tcggo.com/external/cm/31573,https://www.tcggo.com/external/tcgplayer/31573,Okidogi,Okidogi 122,,0.05,0.06,6401,EUR,[],0.02,0.02,0.02,0.02,0.02,0.02,0.02,0.02,0.02,0.02,,,,,,,,,,,,,,,,,,,,,,,,,,,,,,,,,,,,,,,,EUR,0.09,rare,okidogi,Pokémon,https://www.tcggo.com/pokemon/ascended-heroes/okidogi-122,me2pt5-122,675934,singles
2026-08-23T17:06:43+02:00,,370,Saboteri,saboteri,ASC 123,123,869734,217,295,ASC,Pokémon,pokemon,396,https://images.tcggo.com/tcggo/storage/34000/ascended_heroes.png,Ascended Heroes,EUR,4747.06,EUR,5013.47,2026-01-30,17,Mega Evolution,mega-evolution,ascended-heroes,70,31574,https://images.tcggo.com/tcggo/storage/31783/gastly-asc-123-ascended-heroes.png,https://www.tcggo.com/external/cm/31574,https://www.tcggo.com/external/tcgplayer/31574,Gastly,Gastly 123,,0.03,0.03,11248,EUR,[],0.02,0.02,0.02,0.02,0.02,0.02,0.02,0.02,0.02,0.02,,,,,,,,,,,,,,,,,,,,,,,,,,,,,,,,,,,,,,,,EUR,0.13,Common,gastly,Pokémon,https://www.tcggo.com/pokemon/ascended-heroes/gastly-123,me2pt5-123,675935,singles
2026-08-23T17:06:43+02:00,,148,Rianti Hidayat,rianti-hidayat,ASC 124,124,869735,217,295,ASC,Pokémon,pokemon,396,https://images.tcggo.com/tcggo/storage/34000/ascended_heroes.png,Ascended Heroes,EUR,4747.06,EUR,5013.47,2026-01-30,17,Mega Evolution,mega-evolution,ascended-heroes,100,31575,https://images.tcggo.com/tcggo/storage/31801/haunter-asc-124-ascended-heroes.png,https://www.tcggo.com/external/cm/31575,https://www.tcggo.com/external/tcgplayer/31575,Haunter,Haunter 124,,0.03,0.03,8018,EUR,[],0.02,0.02,0.02,0.02,0.02,0.02,0.02,0.02,0.02,0.02,,,,,,,,,,,,,,,,,,,,,,,,,,,,,,,,,,,,,,,,EUR,0.17,Uncommon,haunter,Pokémon,https://www.tcggo.com/pokemon/ascended-heroes/haunter-124,me2pt5-124,675936,singles
2026-08-23T17:06:43+02:00,,380,5ban Graphics,5ban-graphics,ASC 125,125,869736,217,295,ASC,Pokémon,pokemon,396,https://images.tcggo.com/tcggo/storage/34000/ascended_heroes.png,Ascended Heroes,EUR,4747.06,EUR,5013.47,2026-01-30,17,Mega Evolution,mega-evolution,ascended-heroes,350,31576,https://images.tcggo.com/tcggo/storage/31819/mega-gengar-ex-asc-125-ascended-heroes.png,https://www.tcggo.com/external/cm/31576,https://www.tcggo.com/external/tcgplayer/31576,Mega Gengar ex,Mega Gengar ex 125,,2.36,2.52,623,EUR,[],1.4,1.6,1.6,1.5,1.5,1.99,0.99,0.99,0.25,0.25,USD,,,,,,,,,,,,,,,,,,,,,169.5,2,,,,,,,,,80,1,,,,,,,EUR,2.63,Double Rare,mega-gengar-ex,Pokémon,https://www.tcggo.com/pokemon/ascended-heroes/mega-gengar-ex-125,me2pt5-125,675937,singles
2026-08-23T17:06:43+02:00,,451,Mugi Hamada,mugi-hamada,ASC 126,126,869737,217,295,ASC,Pokémon,pokemon,396,https://images.tcggo.com/tcggo/storage/34000/ascended_heroes.png,Ascended Heroes,EUR,4747.06,EUR,5013.47,2026-01-30,17,Mega Evolution,mega-evolution,ascended-heroes,80,31577,https://images.tcggo.com/tcggo/storage/31837/team-rockets-murkrow-asc-126-ascended-heroes.png,https://www.tcggo.com/external/cm/31577,https://www.tcggo.com/external/tcgplayer/31577,Team Rocket's Murkrow,Team Rocket's Murkrow 126,,0.07,0.07,4610,EUR,[],0.03,0.02,0.02,0.02,0.02,0.02,0.02,0.02,0.02,0.02,,,,,,,,,,,,,,,,,,,,,,,,,,,,,,,,,,,,,,,,EUR,0.17,Common,team-rockets-murkrow,Pokémon,https://www.tcggo.com/pokemon/ascended-heroes/team-rockets-murkrow-126,me2pt5-126,675938,singles
2026-08-23T17:06:43+02:00,,462,hncl,hncl,ASC 127,127,869738,217,295,ASC,Pokémon,pokemon,396,https://images.tcggo.com/tcggo/storage/34000/ascended_heroes.png,Ascended Heroes,EUR,4747.06,EUR,5013.47,2026-01-30,17,Mega Evolution,mega-evolution,ascended-heroes,130,31578,https://images.tcggo.com/tcggo/storage/31855/team-rockets-honchkrow-asc-127-ascended-heroes.png,https://www.tcggo.com/external/cm/31578,https://www.tcggo.com/external/tcgplayer/31578,Team Rocket's Honchkrow,Team Rocket's Honchkrow 127,,0.24,0.31,3681,EUR,[],0.02,0.02,0.02,0.02,0.02,0.02,0.02,0.02,0.02,0.02,,,,,,,,,,,,,,,,,,,,,,,,,,,,,,,,,,,,,,,,EUR,0.22,rare,team-rockets-honchkrow,Pokémon,https://www.tcggo.com/pokemon/ascended-heroes/team-rockets-honchkrow-127,me2pt5-127,675939,singles
2026-08-23T17:06:43+02:00,,438,Miki Tanaka,miki-tanaka,ASC 128,128,869739,217,295,ASC,Pokémon,pokemon,396,https://images.tcggo.com/tcggo/storage/34000/ascended_heroes.png,Ascended Heroes,EUR,4747.06,EUR,5013.47,2026-01-30,17,Mega Evolution,mega-evolution,ascended-heroes,70,31579,https://images.tcggo.com/tcggo/storage/31873/poochyena-asc-128-ascended-heroes.png,https://www.tcggo.com/external/cm/31579,https://www.tcggo.com/external/tcgplayer/31579,Poochyena,Poochyena 128,,0.04,0.04,5204,EUR,[],0.03,0.02,0.02,0.02,0.02,0.02,0.02,0.02,0.02,0.02,,,,,,,,,,,,,,,,,,,,,,,,,,,,,,,,,,,,,,,,EUR,0.11,Common,poochyena,Pokémon,https://www.tcggo.com/pokemon/ascended-heroes/poochyena-128,me2pt5-128,675940,singles
2026-08-23T17:06:43+02:00,,430,akagi,akagi,ASC 129,129,869740,217,295,ASC,Pokémon,pokemon,396,https://images.tcggo.com/tcggo/storage/34000/ascended_heroes.png,Ascended Heroes,EUR,4747.06,EUR,5013.47,2026-01-30,17,Mega Evolution,mega-evolution,ascended-heroes,120,31580,https://images.tcggo.com/tcggo/storage/31892/mightyena-asc-129-ascended-heroes.png,https://www.tcggo.com/external/cm/31580,https://www.tcggo.com/external/tcgplayer/31580,Mightyena,Mightyena 129,,0.03,0.03,8286,EUR,[],0.02,0.02,0.02,0.02,0.02,0.02,0.02,0.02,0.02,0.02,,,,,,,,,,,,,,,,,,,,,,,,,,,,,,,,,,,,,,,,EUR,0.08,Uncommon,mightyena,Pokémon,https://www.tcggo.com/pokemon/ascended-heroes/mightyena-129,me2pt5-129,675941,singles
2026-08-23T17:06:43+02:00,,389,osare,osare,ASC 130,130,869741,217,295,ASC,Pokémon,pokemon,396,https://images.tcggo.com/tcggo/storage/34000/ascended_heroes.png,Ascended Heroes,EUR,4747.06,EUR,5013.47,2026-01-30,17,Mega Evolution,mega-evolution,ascended-heroes,70,31581,https://images.tcggo.com/tcggo/storage/31911/galarian-zigzagoon-asc-130-ascended-heroes.png,https://www.tcggo.com/external/cm/31581,https://www.tcggo.com/external/tcgplayer/31581,Galarian Zigzagoon,Galarian Zigzagoon 130,,0.03,0.03,11148,EUR,[],0.02,0.02,0.02,0.02,0.02,0.02,0.02,0.02,0.02,0.02,,,,,,,,,,,,,,,,,,,,,,,,,,,,,,,,,,,,,,,,EUR,0.11,Common,galarian-zigzagoon,Pokémon,https://www.tcggo.com/pokemon/ascended-heroes/galarian-zigzagoon-130,me2pt5-130,675942,singles
2026-08-23T17:06:43+02:00,,820,Tomowaka,tomowaka,ASC 131,131,869742,217,295,ASC,Pokémon,pokemon,396,https://images.tcggo.com/tcggo/storage/34000/ascended_heroes.png,Ascended Heroes,EUR,4747.06,EUR,5013.47,2026-01-30,17,Mega Evolution,mega-evolution,ascended-heroes,90,31582,https://images.tcggo.com/tcggo/storage/31930/galarian-linoone-asc-131-ascended-heroes.png,https://www.tcggo.com/external/cm/31582,https://www.tcggo.com/external/tcgplayer/31582,Galarian Linoone,Galarian Linoone 131,,0.03,0.03,5088,EUR,[],0.02,0.02,0.02,0.02,0.02,0.02,0.02,0.02,0.02,0.02,,,,,,,,,,,,,,,,,,,,,,,,,,,,,,,,,,,,,,,,EUR,0.09,Common,galarian-linoone,Pokémon,https://www.tcggo.com/pokemon/ascended-heroes/galarian-linoone-131,me2pt5-131,675943,singles
2026-08-23T17:06:43+02:00,,422,Dsuke,dsuke,ASC 132,132,869743,217,295,ASC,Pokémon,pokemon,396,https://images.tcggo.com/tcggo/storage/34000/ascended_heroes.png,Ascended Heroes,EUR,4747.06,EUR,5013.47,2026-01-30,17,Mega Evolution,mega-evolution,ascended-heroes,170,31583,https://images.tcggo.com/tcggo/storage/31949/galarian-obstagoon-asc-132-ascended-heroes.png,https://www.tcggo.com/external/cm/31583,https://www.tcggo.com/external/tcgplayer/31583,Galarian Obstagoon,Galarian Obstagoon 132,,0.04,0.04,8113,EUR,[],0.02,0.02,0.02,0.02,0.02,0.02,0.02,0.02,0.02,0.02,,,,,,,,,,,,,,,,,,,,,,,,,,,,,,,,,,,,,,,,EUR,0.12,Uncommon,galarian-obstagoon,Pokémon,https://www.tcggo.com/pokemon/ascended-heroes/galarian-obstagoon-132,me2pt5-132,675944,singles
2026-08-23T17:06:43+02:00,,417,satoma,satoma,ASC 133,133,869744,217,295,ASC,Pokémon,pokemon,396,https://images.tcggo.com/tcggo/storage/34000/ascended_heroes.png,Ascended Heroes,EUR,4747.06,EUR,5013.47,2026-01-30,17,Mega Evolution,mega-evolution,ascended-heroes,70,31584,https://images.tcggo.com/tcggo/storage/31968/cynthias-spiritomb-asc-133-ascended-heroes.png,https://www.tcggo.com/external/cm/31584,https://www.tcggo.com/external/tcgplayer/31584,Cynthia's Spiritomb,Cynthia's Spiritomb 133,,0.04,0.04,8137,EUR,[],0.02,0.02,0.02,0.02,0.02,0.02,0.02,0.02,0.02,0.02,,,,,,,,,,,,,,,,,,,,,,,,,,,,,,,,,,,,,,,,EUR,0.37,Uncommon,cynthias-spiritomb,Pokémon,https://www.tcggo.com/pokemon/ascended-heroes/cynthias-spiritomb-133,me2pt5-133,675945,singles
2026-08-23T17:06:43+02:00,,410,Shimaris Yukichi,shimaris-yukichi,ASC 134,134,869745,217,295,ASC,Pokémon,pokemon,396,https://images.tcggo.com/tcggo/storage/34000/ascended_heroes.png,Ascended Heroes,EUR,4747.06,EUR,5013.47,2026-01-30,17,Mega Evolution,mega-evolution,ascended-heroes,80,31585,https://images.tcggo.com/tcggo/storage/31987/scraggy-asc-134-ascended-heroes.png,https://www.tcggo.com/external/cm/31585,https://www.tcggo.com/external/tcgplayer/31585,Scraggy,Scraggy 134,,0.03,0.04,5243,EUR,[],0.02,0.02,0.02,0.02,0.02,0.02,0.02,0.02,0.02,0.02,,,,,,,,,,,,,,,,,,,,,,,,,,,,,,,,,,,,,,,,EUR,0.17,Common,scraggy,Pokémon,https://www.tcggo.com/pokemon/ascended-heroes/scraggy-134,me2pt5-134,675946,singles
2026-08-23T17:06:43+02:00,,380,5ban Graphics,5ban-graphics,ASC 135,135,869746,217,295,ASC,Pokémon,pokemon,396,https://images.tcggo.com/tcggo/storage/34000/ascended_heroes.png,Ascended Heroes,EUR,4747.06,EUR,5013.47,2026-01-30,17,Mega Evolution,mega-evolution,ascended-heroes,330,31586,https://images.tcggo.com/tcggo/storage/32006/mega-scrafty-ex-asc-135-ascended-heroes.png,https://www.tcggo.com/external/cm/31586,https://www.tcggo.com/external/tcgplayer/31586,Mega Scrafty ex,Mega Scrafty ex 135,,0.86,0.79,921,EUR,[],0.48,0.4,0.4,0.4,0.4,0.48,0.8,0.8,0.1,0.1,,,,,,,,,,,,,,,,,,,,,,,,,,,,,,,,,,,,,,,,EUR,0.63,Double Rare,mega-scrafty-ex,Pokémon,https://www.tcggo.com/pokemon/ascended-heroes/mega-scrafty-ex-135,me2pt5-135,675947,singles
2026-08-23T17:06:43+02:00,,535,Jiro Sasumo,jiro-sasumo,ASC 136,136,869747,217,295,ASC,Pokémon,pokemon,396,https://images.tcggo.com/tcggo/storage/34000/ascended_heroes.png,Ascended Heroes,EUR,4747.06,EUR,5013.47,2026-01-30,17,Mega Evolution,mega-evolution,ascended-heroes,70,31587,https://images.tcggo.com/tcggo/storage/32024/ns-zorua-asc-136-ascended-heroes.png,https://www.tcggo.com/external/cm/31587,https://www.tcggo.com/external/tcgplayer/31587,N's Zorua,N's Zorua 136,,0.07,0.08,4151,EUR,[],0.02,0.02,0.02,0.02,0.02,0.02,0.02,0.02,0.02,0.02,,,,,,,,,,,,,,,,,,,,,,,,,,,,,,,,,,,,,,,,EUR,0.22,Common,ns-zorua,Pokémon,https://www.tcggo.com/pokemon/ascended-heroes/ns-zorua-136,me2pt5-136,675948,singles
2026-08-23T17:06:43+02:00,,490,takuyoa,takuyoa,ASC 137,137,869748,217,295,ASC,Pokémon,pokemon,396,https://images.tcggo.com/tcggo/storage/34000/ascended_heroes.png,Ascended Heroes,EUR,4747.06,EUR,5013.47,2026-01-30,17,Mega Evolution,mega-evolution,ascended-heroes,280,31588,https://images.tcggo.com/tcggo/storage/31748/ns-zoroark-ex-asc-137-ascended-heroes.png,https://www.tcggo.com/external/cm/31588,https://www.tcggo.com/external/tcgplayer/31588,N's Zoroark ex,N's Zoroark ex 137,,1.8,1.72,569,EUR,[],0.4,0.8,0.8,1.75,2.1,0.4,0.8,0.89,0.49,0.49,,,,,,,,,,,,,,,,,,,,,,,,,,,,,,,,,,,,,,,,EUR,0.96,Double Rare,ns-zoroark-ex,Pokémon,https://www.tcggo.com/pokemon/ascended-heroes/ns-zoroark-ex-137,me2pt5-137,675949,singles
2026-08-23T17:06:43+02:00,,395,Nisota Niso,nisota-niso,ASC 138,138,869749,217,295,ASC,Pokémon,pokemon,396,https://images.tcggo.com/tcggo/storage/34000/ascended_heroes.png,Ascended Heroes,EUR,4747.06,EUR,5013.47,2026-01-30,17,Mega Evolution,mega-evolution,ascended-heroes,70,31589,https://images.tcggo.com/tcggo/storage/31766/vullaby-asc-138-ascended-heroes.png,https://www.tcggo.com/external/cm/31589,https://www.tcggo.com/external/tcgplayer/31589,Vullaby,Vullaby 138,,0.04,0.03,5264,EUR,[],0.02,0.02,0.02,0.02,0.02,0.02,0.02,0.02,0.02,0.02,,,,,,,,,,,,,,,,,,,,,,,,,,,,,,,,,,,,,,,,EUR,0.13,Common,vullaby,Pokémon,https://www.tcggo.com/pokemon/ascended-heroes/vullaby-138,me2pt5-138,675950,singles
2026-08-23T17:06:43+02:00,,1070,Ultimateinudog,ultimateinudog,ASC 139,139,869750,217,295,ASC,Pokémon,pokemon,396,https://images.tcggo.com/tcggo/storage/34000/ascended_heroes.png,Ascended Heroes,EUR,4747.06,EUR,5013.47,2026-01-30,17,Mega Evolution,mega-evolution,ascended-heroes,260,31590,https://images.tcggo.com/tcggo/storage/31784/mandibuzz-ex-asc-139-ascended-heroes.png,https://www.tcggo.com/external/cm/31590,https://www.tcggo.com/external/tcgplayer/31590,Mandibuzz ex,Mandibuzz ex 139,,0.67,0.74,1093,EUR,[],0.2,0.1,0.1,0.3,0.3,0.25,0.5,0.5,0.02,0.02,,,,,,,,,,,,,,,,,,,,,,,,,,,,,,,,,,,,,,,,EUR,0.48,Double Rare,mandibuzz-ex,Pokémon,https://www.tcggo.com/pokemon/ascended-heroes/mandibuzz-ex-139,me2pt5-139,675951,singles
2026-08-23T17:06:43+02:00,,446,takashi shiraishi,takashi-shiraishi,ASC 140,140,869751,217,295,ASC,Pokémon,pokemon,396,https://images.tcggo.com/tcggo/storage/34000/ascended_heroes.png,Ascended Heroes,EUR,4747.06,EUR,5013.47,2026-01-30,17,Mega Evolution,mega-evolution,ascended-heroes,140,31591,https://images.tcggo.com/tcggo/storage/31802/pangoro-asc-140-ascended-heroes.png,https://www.tcggo.com/external/cm/31591,https://www.tcggo.com/external/tcgplayer/31591,Pangoro,Pangoro 140,,0.03,0.03,8357,EUR,[],0.02,0.02,0.02,0.02,0.02,0.02,0.02,0.02,0.02,0.02,,,,,,,,,,,,,,,,,,,,,,,,,,,,,,,,,,,,,,,,EUR,0.06,Uncommon,pangoro,Pokémon,https://www.tcggo.com/pokemon/ascended-heroes/pangoro-140,me2pt5-140,675952,singles
2026-08-23T17:06:43+02:00,,363,Anesaki Dynamic,anesaki-dynamic,ASC 141,141,869752,217,295,ASC,Pokémon,pokemon,396,https://images.tcggo.com/tcggo/storage/34000/ascended_heroes.png,Ascended Heroes,EUR,4747.06,EUR,5013.47,2026-01-30,17,Mega Evolution,mega-evolution,ascended-heroes,120,31592,https://images.tcggo.com/tcggo/storage/31820/hoopa-asc-141-ascended-heroes.png,https://www.tcggo.com/external/cm/31592,https://www.tcggo.com/external/tcgplayer/31592,Hoopa,Hoopa 141,,0.06,0.07,6149,EUR,[],0.02,0.02,0.02,0.02,0.02,0.02,0.02,0.02,0.02,0.02,,,,,,,,,,,,,,,,,,,,,,,,,,,,,,,,,,,,,,,,EUR,0.19,rare,hoopa,Pokémon,https://www.tcggo.com/pokemon/ascended-heroes/hoopa-141,me2pt5-141,675953,singles
2026-08-23T17:06:43+02:00,,490,takuyoa,takuyoa,ASC 142,142,,217,295,ASC,Pokémon,pokemon,396,https://images.tcggo.com/tcggo/storage/34000/ascended_heroes.png,Ascended Heroes,EUR,4747.06,EUR,5013.47,2026-01-30,17,Mega Evolution,mega-evolution,ascended-heroes,210,31593,https://images.tcggo.com/tcggo/storage/31838/fezandipiti-ex-asc-142-ascended-heroes.png,https://www.tcggo.com/external/cm/31593,https://www.tcggo.com/external/tcgplayer/31593,Fezandipiti ex,Fezandipiti ex 142,,,,,,,,,,,,,,,,,,,,,,,,,,,,,,,,,,,,,,,,,,,,,,,,,,,,,,,,,,Double Rare,fezandipiti-ex,Pokémon,https://www.tcggo.com/pokemon/ascended-heroes/fezandipiti-ex-142,me2pt5-142,675954,singles
2026-08-23T17:06:43+02:00,,766,IKEDA Saki,ikeda-saki,ASC 143,143,869754,217,295,ASC,Pokémon,pokemon,396,https://images.tcggo.com/tcggo/storage/34000/ascended_heroes.png,Ascended Heroes,EUR,4747.06,EUR,5013.47,2026-01-30,17,Mega Evolution,mega-evolution,ascended-heroes,80,31594,https://images.tcggo.com/tcggo/storage/31856/pecharunt-asc-143-ascended-heroes.png,https://www.tcggo.com/external/cm/31594,https://www.tcggo.com/external/tcgplayer/31594,Pecharunt,Pecharunt 143,,0.06,0.06,6061,EUR,[],0.02,0.02,0.02,0.02,0.02,0.02,0.02,0.02,0.02,0.02,,,,,,,,,,,,,,,,,,,,,,,,,,,,,,,,,,,,,,,,EUR,0.18,rare,pecharunt,Pokémon,https://www.tcggo.com/pokemon/ascended-heroes/pecharunt-143,me2pt5-143,675955,singles
2026-08-23T17:06:43+02:00,,1071,CHORISO,choriso,ASC 144,144,869755,217,295,ASC,Pokémon,pokemon,396,https://images.tcggo.com/tcggo/storage/34000/ascended_heroes.png,Ascended Heroes,EUR,4747.06,EUR,5013.47,2026-01-30,17,Mega Evolution,mega-evolution,ascended-heroes,90,31595,https://images.tcggo.com/tcggo/storage/31874/mawile-asc-144-ascended-heroes.png,https://www.tcggo.com/external/cm/31595,https://www.tcggo.com/external/tcgplayer/31595,Mawile,Mawile 144,,0.03,0.03,7983,EUR,[],0.02,0.02,0.02,0.02,0.02,0.02,0.02,0.02,0.02,0.02,,,,,,,,,,,,,,,,,,,,,,,,,,,,,,,,,,,,,,,,EUR,0.13,Uncommon,mawile,Pokémon,https://www.tcggo.com/pokemon/ascended-heroes/mawile-144,me2pt5-144,675956,singles
2026-08-23T17:06:43+02:00,,369,toriyufu,toriyufu,ASC 145,145,869756,217,295,ASC,Pokémon,pokemon,396,https://images.tcggo.com/tcggo/storage/34000/ascended_heroes.png,Ascended Heroes,EUR,4747.06,EUR,5013.47,2026-01-30,17,Mega Evolution,mega-evolution,ascended-heroes,230,31596,https://images.tcggo.com/tcggo/storage/31893/registeel-ex-asc-145-ascended-heroes.png,https://www.tcggo.com/external/cm/31596,https://www.tcggo.com/external/tcgplayer/31596,Registeel ex,Registeel ex 145,,0.66,0.68,955,EUR,[],0.1,0.19,0.19,0.19,0.19,0.1,0.4,0.49,0.09,0.09,,,,,,,,,,,,,,,,,,,,,,,,,,,,,,,,,,,,,,,,EUR,0.56,Double Rare,registeel-ex,Pokémon,https://www.tcggo.com/pokemon/ascended-heroes/registeel-ex-145,me2pt5-145,675957,singles
2026-08-23T17:06:43+02:00,,491,Yuya Oka,yuya-oka,ASC 146,146,869757,217,295,ASC,Pokémon,pokemon,396,https://images.tcggo.com/tcggo/storage/34000/ascended_heroes.png,Ascended Heroes,EUR,4747.06,EUR,5013.47,2026-01-30,17,Mega Evolution,mega-evolution,ascended-heroes,70,31597,https://images.tcggo.com/tcggo/storage/31912/pawniard-asc-146-ascended-heroes.png,https://www.tcggo.com/external/cm/31597,https://www.tcggo.com/external/tcgplayer/31597,Pawniard,Pawniard 146,,0.03,0.03,11481,EUR,[],0.02,0.02,0.02,0.02,0.02,0.02,0.02,0.02,0.02,0.02,,,,,,,,,,,,,,,,,,,,,,,,,,,,,,,,,,,,,,,,EUR,0.08,Common,pawniard,Pokémon,https://www.tcggo.com/pokemon/ascended-heroes/pawniard-146,me2pt5-146,675958,singles
2026-08-23T17:06:43+02:00,,387,Scav,scav,ASC 147,147,869758,217,295,ASC,Pokémon,pokemon,396,https://images.tcggo.com/tcggo/storage/34000/ascended_heroes.png,Ascended Heroes,EUR,4747.06,EUR,5013.47,2026-01-30,17,Mega Evolution,mega-evolution,ascended-heroes,120,31598,https://images.tcggo.com/tcggo/storage/31931/bisharp-asc-147-ascended-heroes.png,https://www.tcggo.com/external/cm/31598,https://www.tcggo.com/external/tcgplayer/31598,Bisharp,Bisharp 147,,0.03,0.03,5142,EUR,[],0.02,0.02,0.02,0.02,0.02,0.02,0.02,0.02,0.02,0.02,,,,,,,,,,,,,,,,,,,,,,,,,,,,,,,,,,,,,,,,EUR,0.85,Common,bisharp,Pokémon,https://www.tcggo.com/pokemon/ascended-heroes/bisharp-147,me2pt5-147,675959,singles
2026-08-23T17:06:43+02:00,,385,Teeziro,teeziro,ASC 148,148,869759,217,295,ASC,Pokémon,pokemon,396,https://images.tcggo.com/tcggo/storage/34000/ascended_heroes.png,Ascended Heroes,EUR,4747.06,EUR,5013.47,2026-01-30,17,Mega Evolution,mega-evolution,ascended-heroes,170,31599,https://images.tcggo.com/tcggo/storage/31950/kingambit-asc-148-ascended-heroes.png,https://www.tcggo.com/external/cm/31599,https://www.tcggo.com/external/tcgplayer/31599,Kingambit,Kingambit 148,,0.05,0.05,6271,EUR,[],0.02,0.02,0.02,0.02,0.02,0.02,0.02,0.02,0.02,0.02,,,,,,,,,,,,,,,,,,,,,,,,,,,,,,,,,,,,,,,,EUR,0.11,rare,kingambit,Pokémon,https://www.tcggo.com/pokemon/ascended-heroes/kingambit-148,me2pt5-148,675960,singles
2026-08-23T17:06:43+02:00,,380,5ban Graphics,5ban-graphics,ASC 149,149,869760,217,295,ASC,Pokémon,pokemon,396,https://images.tcggo.com/tcggo/storage/34000/ascended_heroes.png,Ascended Heroes,EUR,4747.06,EUR,5013.47,2026-01-30,17,Mega Evolution,mega-evolution,ascended-heroes,190,31600,https://images.tcggo.com/tcggo/storage/31969/togedemaru-ex-asc-149-ascended-heroes.png,https://www.tcggo.com/external/cm/31600,https://www.tcggo.com/external/tcgplayer/31600,Togedemaru ex,Togedemaru ex 149,,0.63,0.67,1357,EUR,[],0.24,0.19,0.19,0.19,0.19,0.25,0.35,0.35,0.02,0.02,,,,,,,,,,,,,,,,,,,,,,,,,,,,,,,,,,,,,,,,EUR,0.5,Double Rare,togedemaru-ex,Pokémon,https://www.tcggo.com/pokemon/ascended-heroes/togedemaru-ex-149,me2pt5-149,675961,singles
2026-08-23T17:06:43+02:00,,359,HYOGONOSUKE,hyogonosuke,ASC 150,150,869761,217,295,ASC,Pokémon,pokemon,396,https://images.tcggo.com/tcggo/storage/34000/ascended_heroes.png,Ascended Heroes,EUR,4747.06,EUR,5013.47,2026-01-30,17,Mega Evolution,mega-evolution,ascended-heroes,80,31601,https://images.tcggo.com/tcggo/storage/31988/dratini-asc-150-ascended-heroes.png,https://www.tcggo.com/external/cm/31601,https://www.tcggo.com/external/tcgplayer/31601,Dratini,Dratini 150,,0.04,0.04,9889,EUR,[],0.02,0.02,0.02,0.02,0.02,0.02,0.02,0.02,0.02,0.02,,,,,,,,,,,,,,,,,,,,,,,,,,,,,,,,,,,,,,,,EUR,0.15,Common,dratini,Pokémon,https://www.tcggo.com/pokemon/ascended-heroes/dratini-150,me2pt5-150,675962,singles
2026-08-23T17:06:43+02:00,,396,Gemi,gemi,ASC 151,151,869762,217,295,ASC,Pokémon,pokemon,396,https://images.tcggo.com/tcggo/storage/34000/ascended_heroes.png,Ascended Heroes,EUR,4747.06,EUR,5013.47,2026-01-30,17,Mega Evolution,mega-evolution,ascended-heroes,100,31602,https://images.tcggo.com/tcggo/storage/32007/dragonair-asc-151-ascended-heroes.png,https://www.tcggo.com/external/cm/31602,https://www.tcggo.com/external/tcgplayer/31602,Dragonair,Dragonair 151,,0.06,0.05,6701,EUR,[],0.03,0.02,0.02,0.02,0.02,0.02,0.02,0.02,0.02,0.02,,,,,,,,,,,,,,,,,,,,,,,,,,,,,,,,,,,,,,,,EUR,0.17,Uncommon,dragonair,Pokémon,https://www.tcggo.com/pokemon/ascended-heroes/dragonair-151,me2pt5-151,675963,singles
2026-08-23T17:06:43+02:00,,371,aky CG Works,aky-cg-works,ASC 152,152,869763,217,295,ASC,Pokémon,pokemon,396,https://images.tcggo.com/tcggo/storage/34000/ascended_heroes.png,Ascended Heroes,EUR,4747.06,EUR,5013.47,2026-01-30,17,Mega Evolution,mega-evolution,ascended-heroes,370,31603,https://images.tcggo.com/tcggo/storage/32025/mega-dragonite-ex-asc-152-ascended-heroes.png,https://www.tcggo.com/external/cm/31603,https://www.tcggo.com/external/tcgplayer/31603,Mega Dragonite ex,Mega Dragonite ex 152,,3.39,3.27,611,EUR,[],2.3,3,2.99,3.99,3.99,2.3,2.5,2.5,0.95,0.95,USD,,,,,,,,,,,,,,,33.25,1,,,,,,,,,,,,,,,,,,,,,,,EUR,3.96,Double Rare,mega-dragonite-ex,Pokémon,https://www.tcggo.com/pokemon/ascended-heroes/mega-dragonite-ex-152,me2pt5-152,675964,singles
2026-08-23T17:06:43+02:00,,405,nagimiso,nagimiso,ASC 153,153,869764,217,295,ASC,Pokémon,pokemon,396,https://images.tcggo.com/tcggo/storage/34000/ascended_heroes.png,Ascended Heroes,EUR,4747.06,EUR,5013.47,2026-01-30,17,Mega Evolution,mega-evolution,ascended-heroes,120,31604,https://images.tcggo.com/tcggo/storage/31749/rayquaza-asc-153-ascended-heroes.png,https://www.tcggo.com/external/cm/31604,https://www.tcggo.com/external/tcgplayer/31604,Rayquaza,Rayquaza 153,,0.14,0.12,4019,EUR,[],0.02,0.02,0.02,0.02,0.02,0.02,0.02,0.02,0.02,0.02,,,,,,,,,,,,,,,,,,,,,,,,,,,,,,,,,,,,,,,,EUR,0.31,rare,rayquaza,Pokémon,https://www.tcggo.com/pokemon/ascended-heroes/rayquaza-153,me2pt5-153,675965,singles
2026-08-23T17:06:43+02:00,,403,rika,rika,ASC 154,154,869765,217,295,ASC,Pokémon,pokemon,396,https://images.tcggo.com/tcggo/storage/34000/ascended_heroes.png,Ascended Heroes,EUR,4747.06,EUR,5013.47,2026-01-30,17,Mega Evolution,mega-evolution,ascended-heroes,130,31605,https://images.tcggo.com/tcggo/storage/31767/ns-reshiram-asc-154-ascended-heroes.png,https://www.tcggo.com/external/cm/31605,https://www.tcggo.com/external/tcgplayer/31605,N's Reshiram,N's Reshiram 154,,0.08,0.09,4718,EUR,[],0.03,0.02,0.02,0.02,0.02,0.02,0.02,0.02,0.02,0.02,,,,,,,,,,,,,,,,,,,,,,,,,,,,,,,,,,,,,,,,EUR,0.18,rare,ns-reshiram,Pokémon,https://www.tcggo.com/pokemon/ascended-heroes/ns-reshiram-154,me2pt5-154,675966,singles
2026-08-23T17:06:43+02:00,,434,AKIRA EGAWA,akira-egawa,ASC 155,155,869766,217,295,ASC,Pokémon,pokemon,396,https://images.tcggo.com/tcggo/storage/34000/ascended_heroes.png,Ascended Heroes,EUR,4747.06,EUR,5013.47,2026-01-30,17,Mega Evolution,mega-evolution,ascended-heroes,130,31606,https://images.tcggo.com/tcggo/storage/31785/ns-zekrom-asc-155-ascended-heroes.png,https://www.tcggo.com/external/cm/31606,https://www.tcggo.com/external/tcgplayer/31606,N's Zekrom,N's Zekrom 155,,0.16,0.18,3320,EUR,[],0.02,0.02,0.02,0.02,0.02,0.02,0.02,0.02,0.02,0.02,,,,,,,,,,,,,,,,,,,,,,,,,,,,,,,,,,,,,,,,EUR,0.18,rare,ns-zekrom,Pokémon,https://www.tcggo.com/pokemon/ascended-heroes/ns-zekrom-155,me2pt5-155,675967,singles
2026-08-23T17:06:43+02:00,,821,Eri Kamei,eri-kamei,ASC 156,156,869767,217,295,ASC,Pokémon,pokemon,396,https://images.tcggo.com/tcggo/storage/34000/ascended_heroes.png,Ascended Heroes,EUR,4747.06,EUR,5013.47,2026-01-30,17,Mega Evolution,mega-evolution,ascended-heroes,70,31607,https://images.tcggo.com/tcggo/storage/31803/noibat-asc-156-ascended-heroes.png,https://www.tcggo.com/external/cm/31607,https://www.tcggo.com/external/tcgplayer/31607,Noibat,Noibat 156,,0.04,0.03,5308,EUR,[],0.02,0.02,0.02,0.02,0.02,0.02,0.02,0.02,0.02,0.02,,,,,,,,,,,,,,,,,,,,,,,,,,,,,,,,,,,,,,,,EUR,0.08,Common,noibat,Pokémon,https://www.tcggo.com/pokemon/ascended-heroes/noibat-156,me2pt5-156,675968,singles
2026-08-23T17:06:43+02:00,,501,Natsumi Miyanose,natsumi-miyanose,ASC 157,157,869768,217,295,ASC,Pokémon,pokemon,396,https://images.tcggo.com/tcggo/storage/34000/ascended_heroes.png,Ascended Heroes,EUR,4747.06,EUR,5013.47,2026-01-30,17,Mega Evolution,mega-evolution,ascended-heroes,120,31608,https://images.tcggo.com/tcggo/storage/31821/noivern-asc-157-ascended-heroes.png,https://www.tcggo.com/external/cm/31608,https://www.tcggo.com/external/tcgplayer/31608,Noivern,Noivern 157,,0.03,0.03,8364,EUR,[],0.02,0.02,0.02,0.02,0.02,0.02,0.02,0.02,0.02,0.02,,,,,,,,,,,,,,,,,,,,,,,,,,,,,,,,,,,,,,,,EUR,1.04,Uncommon,noivern,Pokémon,https://www.tcggo.com/pokemon/ascended-heroes/noivern-157,me2pt5-157,675969,singles
2026-08-23T17:06:43+02:00,,387,Scav,scav,ASC 158,158,869769,217,295,ASC,Pokémon,pokemon,396,https://images.tcggo.com/tcggo/storage/34000/ascended_heroes.png,Ascended Heroes,EUR,4747.06,EUR,5013.47,2026-01-30,17,Mega Evolution,mega-evolution,ascended-heroes,70,31609,https://images.tcggo.com/tcggo/storage/31839/dreepy-asc-158-ascended-heroes.png,https://www.tcggo.com/external/cm/31609,https://www.tcggo.com/external/tcgplayer/31609,Dreepy,Dreepy 158,,0.05,0.06,10342,EUR,[],0.03,0.02,0.02,0.02,0.02,0.02,0.02,0.02,0.02,0.02,,,,,,,,,,,,,,,,,,,,,,,,,,,,,,,,,,,,,,,,EUR,0.13,Common,dreepy,Pokémon,https://www.tcggo.com/pokemon/ascended-heroes/dreepy-158,me2pt5-158,675970,singles
2026-08-23T17:06:43+02:00,,448,cochi8i,cochi8i,ASC 159,159,869770,217,295,ASC,Pokémon,pokemon,396,https://images.tcggo.com/tcggo/storage/34000/ascended_heroes.png,Ascended Heroes,EUR,4747.06,EUR,5013.47,2026-01-30,17,Mega Evolution,mega-evolution,ascended-heroes,90,31610,https://images.tcggo.com/tcggo/storage/31857/drakloak-asc-159-ascended-heroes.png,https://www.tcggo.com/external/cm/31610,https://www.tcggo.com/external/tcgplayer/31610,Drakloak,Drakloak 159,,0.05,0.05,4478,EUR,[],0.02,0.02,0.02,0.02,0.02,0.02,0.02,0.02,0.02,0.02,,,,,,,,,,,,,,,,,,,,,,,,,,,,,,,,,,,,,,,,EUR,0.15,Common,drakloak,Pokémon,https://www.tcggo.com/pokemon/ascended-heroes/drakloak-159,me2pt5-159,675971,singles
2026-08-23T17:06:43+02:00,,380,5ban Graphics,5ban-graphics,ASC 160,160,869771,217,295,ASC,Pokémon,pokemon,396,https://images.tcggo.com/tcggo/storage/34000/ascended_heroes.png,Ascended Heroes,EUR,4747.06,EUR,5013.47,2026-01-30,17,Mega Evolution,mega-evolution,ascended-heroes,320,31611,https://images.tcggo.com/tcggo/storage/31875/dragapult-ex-asc-160-ascended-heroes.png,https://www.tcggo.com/external/cm/31611,https://www.tcggo.com/external/tcgplayer/31611,Dragapult ex,Dragapult ex 160,,14.81,16.83,86,EUR,[],0.4,0.74,0.8,2.5,2.5,0.4,0.5,0.5,0.2,0.2,,,,,,,,,,,,,,,,,,,,,,,,,,,,,,,,,,,,,,,,EUR,0.87,Double Rare,dragapult-ex,Pokémon,https://www.tcggo.com/pokemon/ascended-heroes/dragapult-ex-160,me2pt5-160,675972,singles
2026-08-23T17:06:43+02:00,,520,Megumi Mizutani,megumi-mizutani,ASC 161,161,869772,217,295,ASC,Pokémon,pokemon,396,https://images.tcggo.com/tcggo/storage/34000/ascended_heroes.png,Ascended Heroes,EUR,4747.06,EUR,5013.47,2026-01-30,17,Mega Evolution,mega-evolution,ascended-heroes,70,31612,https://images.tcggo.com/tcggo/storage/31894/team-rockets-meowth-asc-161-ascended-heroes.png,https://www.tcggo.com/external/cm/31612,https://www.tcggo.com/external/tcgplayer/31612,Team Rocket's Meowth,Team Rocket's Meowth 161,,0.03,0.02,10987,EUR,[],0.02,0.02,0.02,0.02,0.02,0.02,0.02,0.02,0.02,0.02,,,,,,,,,,,,,,,,,,,,,,,,,,,,,,,,,,,,,,,,EUR,0.09,Common,team-rockets-meowth,Pokémon,https://www.tcggo.com/pokemon/ascended-heroes/team-rockets-meowth-161,me2pt5-161,675973,singles
2026-08-23T17:06:43+02:00,,380,5ban Graphics,5ban-graphics,ASC 162,162,869773,217,295,ASC,Pokémon,pokemon,396,https://images.tcggo.com/tcggo/storage/34000/ascended_heroes.png,Ascended Heroes,EUR,4747.06,EUR,5013.47,2026-01-30,17,Mega Evolution,mega-evolution,ascended-heroes,230,31613,https://images.tcggo.com/tcggo/storage/31913/team-rockets-kangaskhan-ex-asc-162-ascended-heroes.png,https://www.tcggo.com/external/cm/31613,https://www.tcggo.com/external/tcgplayer/31613,Team Rocket's Kangaskhan ex,Team Rocket's Kangaskhan ex 162,,0.88,0.87,1018,EUR,[],0.39,0.29,0.29,0.5,0.5,0.5,0.25,0.3,0.02,0.02,,,,,,,,,,,,,,,,,,,,,,,,,,,,,,,,,,,,,,,,EUR,0.66,Double Rare,team-rockets-kangaskhan-ex,Pokémon,https://www.tcggo.com/pokemon/ascended-heroes/team-rockets-kangaskhan-ex-162,me2pt5-162,675974,singles
2026-08-23T17:06:43+02:00,,507,0313,0313,ASC 163,163,869774,217,295,ASC,Pokémon,pokemon,396,https://images.tcggo.com/tcggo/storage/34000/ascended_heroes.png,Ascended Heroes,EUR,4747.06,EUR,5013.47,2026-01-30,17,Mega Evolution,mega-evolution,ascended-heroes,70,31614,https://images.tcggo.com/tcggo/storage/31932/larrys-dunsparce-asc-163-ascended-heroes.png,https://www.tcggo.com/external/cm/31614,https://www.tcggo.com/external/tcgplayer/31614,Larry's Dunsparce,Larry's Dunsparce 163,,0.04,0.04,5190,EUR,[],0.02,0.02,0.02,0.02,0.02,0.02,0.02,0.02,0.02,0.02,,,,,,,,,,,,,,,,,,,,,,,,,,,,,,,,,,,,,,,,EUR,0.12,Common,larrys-dunsparce,Pokémon,https://www.tcggo.com/pokemon/ascended-heroes/larrys-dunsparce-163,me2pt5-163,675975,singles
2026-08-23T17:06:43+02:00,,380,5ban Graphics,5ban-graphics,ASC 164,164,869775,217,295,ASC,Pokémon,pokemon,396,https://images.tcggo.com/tcggo/storage/34000/ascended_heroes.png,Ascended Heroes,EUR,4747.06,EUR,5013.47,2026-01-30,17,Mega Evolution,mega-evolution,ascended-heroes,270,31615,https://images.tcggo.com/tcggo/storage/31951/larrys-dudunsparce-ex-asc-164-ascended-heroes.png,https://www.tcggo.com/external/cm/31615,https://www.tcggo.com/external/tcgplayer/31615,Larry's Dudunsparce ex,Larry's Dudunsparce ex 164,,0.6,0.61,1336,EUR,[],0.1,0.1,0.1,0.1,0.1,0.1,0.2,0.25,0.02,0.02,,,,,,,,,,,,,,,,,,,,,,,,,,,,,,,,,,,,,,,,EUR,0.54,Double Rare,larrys-dudunsparce-ex,Pokémon,https://www.tcggo.com/pokemon/ascended-heroes/larrys-dudunsparce-ex-164,me2pt5-164,675976,singles
2026-08-23T17:06:43+02:00,,829,Yoko Hishida,yoko-hishida,ASC 165,165,869776,217,295,ASC,Pokémon,pokemon,396,https://images.tcggo.com/tcggo/storage/34000/ascended_heroes.png,Ascended Heroes,EUR,4747.06,EUR,5013.47,2026-01-30,17,Mega Evolution,mega-evolution,ascended-heroes,60,31616,https://images.tcggo.com/tcggo/storage/31970/skitty-asc-165-ascended-heroes.png,https://www.tcggo.com/external/cm/31616,https://www.tcggo.com/external/tcgplayer/31616,Skitty,Skitty 165,,0.03,0.03,10958,EUR,[],0.02,0.02,0.02,0.02,0.02,0.02,0.02,0.02,0.02,0.02,,,,,,,,,,,,,,,,,,,,,,,,,,,,,,,,,,,,,,,,EUR,0.14,Common,skitty,Pokémon,https://www.tcggo.com/pokemon/ascended-heroes/skitty-165,me2pt5-165,675977,singles
2026-08-23T17:06:43+02:00,,770,buchi,buchi,ASC 166,166,869777,217,295,ASC,Pokémon,pokemon,396,https://images.tcggo.com/tcggo/storage/34000/ascended_heroes.png,Ascended Heroes,EUR,4747.06,EUR,5013.47,2026-01-30,17,Mega Evolution,mega-evolution,ascended-heroes,100,31617,https://images.tcggo.com/tcggo/storage/31989/delcatty-asc-166-ascended-heroes.png,https://www.tcggo.com/external/cm/31617,https://www.tcggo.com/external/tcgplayer/31617,Delcatty,Delcatty 166,,0.03,0.03,8150,EUR,[],0.03,0.02,0.02,0.02,0.02,0.02,0.02,0.02,0.02,0.02,,,,,,,,,,,,,,,,,,,,,,,,,,,,,,,,,,,,,,,,EUR,0.04,Uncommon,delcatty,Pokémon,https://www.tcggo.com/pokemon/ascended-heroes/delcatty-166,me2pt5-166,675978,singles
2026-08-23T17:06:43+02:00,,380,5ban Graphics,5ban-graphics,ASC 167,167,869778,217,295,ASC,Pokémon,pokemon,396,https://images.tcggo.com/tcggo/storage/34000/ascended_heroes.png,Ascended Heroes,EUR,4747.06,EUR,5013.47,2026-01-30,17,Mega Evolution,mega-evolution,ascended-heroes,200,31618,https://images.tcggo.com/tcggo/storage/32008/zangoose-ex-asc-167-ascended-heroes.png,https://www.tcggo.com/external/cm/31618,https://www.tcggo.com/external/tcgplayer/31618,Zangoose ex,Zangoose ex 167,,0.69,0.75,1009,EUR,[],0.1,0.19,0.19,0.3,0.3,0.2,0.4,0.5,0.09,0.09,,,,,,,,,,,,,,,,,,,,,,,,,,,,,,,,,,,,,,,,EUR,0.5,Double Rare,zangoose-ex,Pokémon,https://www.tcggo.com/pokemon/ascended-heroes/zangoose-ex-167,me2pt5-167,675979,singles
2026-08-23T17:06:43+02:00,,501,Natsumi Miyanose,natsumi-miyanose,ASC 168,168,869779,217,295,ASC,Pokémon,pokemon,396,https://images.tcggo.com/tcggo/storage/34000/ascended_heroes.png,Ascended Heroes,EUR,4747.06,EUR,5013.47,2026-01-30,17,Mega Evolution,mega-evolution,ascended-heroes,60,31619,https://images.tcggo.com/tcggo/storage/32026/larrys-starly-asc-168-ascended-heroes.png,https://www.tcggo.com/external/cm/31619,https://www.tcggo.com/external/tcgplayer/31619,Larry's Starly,Larry's Starly 168,,0.03,0.03,11052,EUR,[],0.02,0.02,0.02,0.02,0.02,0.02,0.02,0.02,0.02,0.02,,,,,,,,,,,,,,,,,,,,,,,,,,,,,,,,,,,,,,,,EUR,0.06,Common,larrys-starly,Pokémon,https://www.tcggo.com/pokemon/ascended-heroes/larrys-starly-168,me2pt5-168,675980,singles
2026-08-23T17:06:43+02:00,,469,Fujimoto Gold,fujimoto-gold,ASC 169,169,869780,217,295,ASC,Pokémon,pokemon,396,https://images.tcggo.com/tcggo/storage/34000/ascended_heroes.png,Ascended Heroes,EUR,4747.06,EUR,5013.47,2026-01-30,17,Mega Evolution,mega-evolution,ascended-heroes,90,31620,https://images.tcggo.com/tcggo/storage/31750/larrys-staravia-asc-169-ascended-heroes.png,https://www.tcggo.com/external/cm/31620,https://www.tcggo.com/external/tcgplayer/31620,Larry's Staravia,Larry's Staravia 169,,0.03,0.03,8023,EUR,[],0.03,0.02,0.02,0.02,0.02,0.02,0.02,0.02,0.02,0.02,,,,,,,,,,,,,,,,,,,,,,,,,,,,,,,,,,,,,,,,EUR,0.06,Uncommon,larrys-staravia,Pokémon,https://www.tcggo.com/pokemon/ascended-heroes/larrys-staravia-169,me2pt5-169,675981,singles
2026-08-23T17:06:43+02:00,,532,Po-Suzuki,po-suzuki,ASC 170,170,869781,217,295,ASC,Pokémon,pokemon,396,https://images.tcggo.com/tcggo/storage/34000/ascended_heroes.png,Ascended Heroes,EUR,4747.06,EUR,5013.47,2026-01-30,17,Mega Evolution,mega-evolution,ascended-heroes,150,31621,https://images.tcggo.com/tcggo/storage/31768/larrys-staraptor-asc-170-ascended-heroes.png,https://www.tcggo.com/external/cm/31621,https://www.tcggo.com/external/tcgplayer/31621,Larry's Staraptor,Larry's Staraptor 170,,0.05,0.05,6380,EUR,[],0.02,0.02,0.02,0.02,0.02,0.02,0.02,0.02,0.02,0.02,,,,,,,,,,,,,,,,,,,,,,,,,,,,,,,,,,,,,,,,EUR,0.12,rare,larrys-staraptor,Pokémon,https://www.tcggo.com/pokemon/ascended-heroes/larrys-staraptor-170,me2pt5-170,675982,singles
2026-08-23T17:06:43+02:00,,364,Toshinao Aoki,toshinao-aoki,ASC 171,171,869782,217,295,ASC,Pokémon,pokemon,396,https://images.tcggo.com/tcggo/storage/34000/ascended_heroes.png,Ascended Heroes,EUR,4747.06,EUR,5013.47,2026-01-30,17,Mega Evolution,mega-evolution,ascended-heroes,70,31622,https://images.tcggo.com/tcggo/storage/31786/fan-rotom-asc-171-ascended-heroes.png,https://www.tcggo.com/external/cm/31622,https://www.tcggo.com/external/tcgplayer/31622,Fan Rotom,Fan Rotom 171,,0.04,0.04,5144,EUR,[],0.02,0.02,0.02,0.02,0.02,0.02,0.02,0.02,0.02,0.02,,,,,,,,,,,,,,,,,,,,,,,,,,,,,,,,,,,,,,,,EUR,0.1,Common,fan-rotom,Pokémon,https://www.tcggo.com/pokemon/ascended-heroes/fan-rotom-171,me2pt5-171,675983,singles
2026-08-23T17:06:43+02:00,,380,5ban Graphics,5ban-graphics,ASC 172,172,869783,217,295,ASC,Pokémon,pokemon,396,https://images.tcggo.com/tcggo/storage/34000/ascended_heroes.png,Ascended Heroes,EUR,4747.06,EUR,5013.47,2026-01-30,17,Mega Evolution,mega-evolution,ascended-heroes,270,31623,https://images.tcggo.com/tcggo/storage/31804/mega-audino-ex-asc-172-ascended-heroes.png,https://www.tcggo.com/external/cm/31623,https://www.tcggo.com/external/tcgplayer/31623,Mega Audino ex,Mega Audino ex 172,,1.07,1.01,716,EUR,[],0.5,0.45,0.55,1,1,0.8,0.85,0.85,0.18,0.18,,,,,,,,,,,,,,,,,,,,,,,,,,,,,,,,,,,,,,,,EUR,0.92,Double Rare,mega-audino-ex,Pokémon,https://www.tcggo.com/pokemon/ascended-heroes/mega-audino-ex-172,me2pt5-172,675984,singles
2026-08-23T17:06:43+02:00,,448,cochi8i,cochi8i,ASC 173,173,869784,217,295,ASC,Pokémon,pokemon,396,https://images.tcggo.com/tcggo/storage/34000/ascended_heroes.png,Ascended Heroes,EUR,4747.06,EUR,5013.47,2026-01-30,17,Mega Evolution,mega-evolution,ascended-heroes,70,31624,https://images.tcggo.com/tcggo/storage/31822/larrys-rufflet-asc-173-ascended-heroes.png,https://www.tcggo.com/external/cm/31624,https://www.tcggo.com/external/tcgplayer/31624,Larry's Rufflet,Larry's Rufflet 173,,0.03,0.03,5275,EUR,[],0.02,0.02,0.02,0.02,0.02,0.02,0.02,0.02,0.02,0.02,,,,,,,,,,,,,,,,,,,,,,,,,,,,,,,,,,,,,,,,EUR,0.09,Common,larrys-rufflet,Pokémon,https://www.tcggo.com/pokemon/ascended-heroes/larrys-rufflet-173,me2pt5-173,675985,singles
2026-08-23T17:06:43+02:00,,518,Ryuta Fuse,ryuta-fuse,ASC 174,174,869785,217,295,ASC,Pokémon,pokemon,396,https://images.tcggo.com/tcggo/storage/34000/ascended_heroes.png,Ascended Heroes,EUR,4747.06,EUR,5013.47,2026-01-30,17,Mega Evolution,mega-evolution,ascended-heroes,130,31625,https://images.tcggo.com/tcggo/storage/31840/larrys-braviary-asc-174-ascended-heroes.png,https://www.tcggo.com/external/cm/31625,https://www.tcggo.com/external/tcgplayer/31625,Larry's Braviary,Larry's Braviary 174,,0.03,0.03,8119,EUR,[],0.02,0.02,0.02,0.02,0.02,0.02,0.02,0.02,0.02,0.02,,,,,,,,,,,,,,,,,,,,,,,,,,,,,,,,,,,,,,,,EUR,0.07,Uncommon,larrys-braviary,Pokémon,https://www.tcggo.com/pokemon/ascended-heroes/larrys-braviary-174,me2pt5-174,675986,singles
2026-08-23T17:06:43+02:00,,513,ryoma uratsuka,ryoma-uratsuka,ASC 175,175,869786,217,295,ASC,Pokémon,pokemon,396,https://images.tcggo.com/tcggo/storage/34000/ascended_heroes.png,Ascended Heroes,EUR,4747.06,EUR,5013.47,2026-01-30,17,Mega Evolution,mega-evolution,ascended-heroes,90,31626,https://images.tcggo.com/tcggo/storage/31858/larrys-komala-asc-175-ascended-heroes.png,https://www.tcggo.com/external/cm/31626,https://www.tcggo.com/external/tcgplayer/31626,Larry's Komala,Larry's Komala 175,,0.03,0.02,11277,EUR,[],0.02,0.02,0.02,0.02,0.02,0.02,0.02,0.02,0.02,0.02,,,,,,,,,,,,,,,,,,,,,,,,,,,,,,,,,,,,,,,,EUR,0.09,Common,larrys-komala,Pokémon,https://www.tcggo.com/pokemon/ascended-heroes/larrys-komala-175,me2pt5-175,675987,singles
2026-08-23T17:06:43+02:00,,387,Scav,scav,ASC 176,176,869787,217,295,ASC,Pokémon,pokemon,396,https://images.tcggo.com/tcggo/storage/34000/ascended_heroes.png,Ascended Heroes,EUR,4747.06,EUR,5013.47,2026-01-30,17,Mega Evolution,mega-evolution,ascended-heroes,130,31627,https://images.tcggo.com/tcggo/storage/31876/drampa-asc-176-ascended-heroes.png,https://www.tcggo.com/external/cm/31627,https://www.tcggo.com/external/tcgplayer/31627,Drampa,Drampa 176,,0.03,0.03,8145,EUR,[],0.02,0.02,0.02,0.02,0.02,0.02,0.02,0.02,0.02,0.02,,,,,,,,,,,,,,,,,,,,,,,,,,,,,,,,,,,,,,,,EUR,0.04,Uncommon,drampa,Pokémon,https://www.tcggo.com/pokemon/ascended-heroes/drampa-176,me2pt5-176,675988,singles
2026-08-23T17:06:43+02:00,,370,Saboteri,saboteri,ASC 177,177,869788,217,295,ASC,Pokémon,pokemon,396,https://images.tcggo.com/tcggo/storage/34000/ascended_heroes.png,Ascended Heroes,EUR,4747.06,EUR,5013.47,2026-01-30,17,Mega Evolution,mega-evolution,ascended-heroes,110,31628,https://images.tcggo.com/tcggo/storage/31895/hops-cramorant-asc-177-ascended-heroes.png,https://www.tcggo.com/external/cm/31628,https://www.tcggo.com/external/tcgplayer/31628,Hop's Cramorant,Hop's Cramorant 177,,0.04,0.03,8225,EUR,[],0.02,0.02,0.02,0.02,0.02,0.02,0.02,0.02,0.02,0.02,,,,,,,,,,,,,,,,,,,,,,,,,,,,,,,,,,,,,,,,EUR,0.1,Uncommon,hops-cramorant,Pokémon,https://www.tcggo.com/pokemon/ascended-heroes/hops-cramorant-177,me2pt5-177,675989,singles
2026-08-23T17:06:43+02:00,,459,GIDORA,gidora,ASC 178,178,869789,217,295,ASC,Pokémon,pokemon,396,https://images.tcggo.com/tcggo/storage/34000/ascended_heroes.png,Ascended Heroes,EUR,4747.06,EUR,5013.47,2026-01-30,17,Mega Evolution,mega-evolution,ascended-heroes,120,31629,https://images.tcggo.com/tcggo/storage/31914/terapagos-asc-178-ascended-heroes.png,https://www.tcggo.com/external/cm/31629,https://www.tcggo.com/external/tcgplayer/31629,Terapagos,Terapagos 178,,0.06,0.06,6479,EUR,[],0.03,0.02,0.02,0.02,0.02,0.02,0.02,0.02,0.02,0.02,,,,,,,,,,,,,,,,,,,,,,,,,,,,,,,,,,,,,,,,EUR,0.19,rare,terapagos,Pokémon,https://www.tcggo.com/pokemon/ascended-heroes/terapagos-178,me2pt5-178,675990,singles
2026-08-23T17:06:43+02:00,,380,5ban Graphics,5ban-graphics,ASC 179,179,869790,217,295,ASC,Pokémon,pokemon,396,https://images.tcggo.com/tcggo/storage/34000/ascended_heroes.png,Ascended Heroes,EUR,4747.06,EUR,5013.47,2026-01-30,17,Mega Evolution,mega-evolution,ascended-heroes,230,31630,https://images.tcggo.com/tcggo/storage/31933/terapagos-ex-asc-179-ascended-heroes.png,https://www.tcggo.com/external/cm/31630,https://www.tcggo.com/external/tcgplayer/31630,Terapagos ex,Terapagos ex 179,,0.7,0.74,1410,EUR,[],0.1,0.3,0.3,0.45,0.45,0.1,0.39,0.39,0.08,0.08,,,,,,,,,,,,,,,,,,,,,,,,,,,,,,,,,,,,,,,,EUR,0.56,Double Rare,terapagos-ex,Pokémon,https://www.tcggo.com/pokemon/ascended-heroes/terapagos-ex-179,me2pt5-179,675991,singles
2026-08-23T17:06:43+02:00,,409,Yuu Nishida,yuu-nishida,ASC 180,180,869791,217,295,ASC,Pokémon,pokemon,396,https://images.tcggo.com/tcggo/storage/34000/ascended_heroes.png,Ascended Heroes,EUR,4747.06,EUR,5013.47,2026-01-30,17,Mega Evolution,mega-evolution,ascended-heroes,0,31631,https://images.tcggo.com/tcggo/storage/31952/acerolas-mischief-asc-180-ascended-heroes.png,https://www.tcggo.com/external/cm/31631,https://www.tcggo.com/external/tcgplayer/31631,Acerola's Mischief,Acerola's Mischief 180,,0.04,0.05,10058,EUR,[],0.02,0.02,0.02,0.02,0.02,0.02,0.02,0.02,0.02,0.02,,,,,,,,,,,,,,,,,,,,,,,,,,,,,,,,,,,,,,,,EUR,0.18,Uncommon,acerolas-mischief,Trainer,https://www.tcggo.com/pokemon/ascended-heroes/acerolas-mischief-180,me2pt5-180,675992,singles
2026-08-23T17:06:43+02:00,,461,Studio Bora Inc.,studio-bora-inc,ASC 181,181,869792,217,295,ASC,Pokémon,pokemon,396,https://images.tcggo.com/tcggo/storage/34000/ascended_heroes.png,Ascended Heroes,EUR,4747.06,EUR,5013.47,2026-01-30,17,Mega Evolution,mega-evolution,ascended-heroes,0,31632,https://images.tcggo.com/tcggo/storage/31971/air-balloon-asc-181-ascended-heroes.png,https://www.tcggo.com/external/cm/31632,https://www.tcggo.com/external/tcgplayer/31632,Air Balloon,Air Balloon 181,,0.12,0.11,6945,EUR,[],0.02,0.02,0.02,0.02,0.02,0.02,0.02,0.02,0.02,0.02,,,,,,,,,,,,,,,,,,,,,,,,,,,,,,,,,,,,,,,,EUR,0.26,Uncommon,air-balloon,Trainer,https://www.tcggo.com/pokemon/ascended-heroes/air-balloon-181,me2pt5-181,675993,singles
2026-08-23T17:06:43+02:00,,379,Sanosuke Sakuma,sanosuke-sakuma,ASC 182,182,869793,217,295,ASC,Pokémon,pokemon,396,https://images.tcggo.com/tcggo/storage/34000/ascended_heroes.png,Ascended Heroes,EUR,4747.06,EUR,5013.47,2026-01-30,17,Mega Evolution,mega-evolution,ascended-heroes,0,31633,https://images.tcggo.com/tcggo/storage/31990/anthea-concordia-asc-182-ascended-heroes.png,https://www.tcggo.com/external/cm/31633,https://www.tcggo.com/external/tcgplayer/31633,Anthea & Concordia,Anthea & Concordia 182,,0.04,0.03,10391,EUR,[],0.02,0.02,0.02,0.02,0.02,0.02,0.02,0.02,0.02,0.02,,,,,,,,,,,,,,,,,,,,,,,,,,,,,,,,,,,,,,,,EUR,0.19,Uncommon,anthea-concordia,Trainer,https://www.tcggo.com/pokemon/ascended-heroes/anthea-concordia-182,me2pt5-182,675994,singles
2026-08-23T17:06:43+02:00,,430,akagi,akagi,ASC 183,183,869794,217,295,ASC,Pokémon,pokemon,396,https://images.tcggo.com/tcggo/storage/34000/ascended_heroes.png,Ascended Heroes,EUR,4747.06,EUR,5013.47,2026-01-30,17,Mega Evolution,mega-evolution,ascended-heroes,0,31634,https://images.tcggo.com/tcggo/storage/32009/bosss-orders-asc-183-ascended-heroes.png,https://www.tcggo.com/external/cm/31634,https://www.tcggo.com/external/tcgplayer/31634,Boss's Orders,Boss's Orders 183,,0.19,0.21,4287,EUR,[],0.02,0.02,0.02,0.02,0.02,0.02,0.02,0.02,0.02,0.02,,,,,,,,,,,,,,,,,,,,,,,,,,,,,,,,,,,,,,,,EUR,0.52,Uncommon,bosss-orders,Trainer,https://www.tcggo.com/pokemon/ascended-heroes/bosss-orders-183,me2pt5-183,675995,singles
2026-08-23T17:06:43+02:00,,453,AYUMI ODASHIMA,ayumi-odashima,ASC 184,184,869795,217,295,ASC,Pokémon,pokemon,396,https://images.tcggo.com/tcggo/storage/34000/ascended_heroes.png,Ascended Heroes,EUR,4747.06,EUR,5013.47,2026-01-30,17,Mega Evolution,mega-evolution,ascended-heroes,0,31635,https://images.tcggo.com/tcggo/storage/32027/buddy-buddy-poffin-asc-184-ascended-heroes.png,https://www.tcggo.com/external/cm/31635,https://www.tcggo.com/external/tcgplayer/31635,Buddy-Buddy Poffin,Buddy-Buddy Poffin 184,,0.1,0.11,10753,EUR,[],0.03,0.02,0.02,0.02,0.02,0.02,0.02,0.02,0.02,0.02,,,,,,,,,,,,,,,,,,,,,,,,,,,,,,,,,,,,,,,,EUR,0.21,Common,buddy-buddy-poffin,Trainer,https://www.tcggo.com/pokemon/ascended-heroes/buddy-buddy-poffin-184,me2pt5-184,675996,singles
2026-08-23T17:06:43+02:00,,463,Naoki Saito,naoki-saito,ASC 185,185,869796,217,295,ASC,Pokémon,pokemon,396,https://images.tcggo.com/tcggo/storage/34000/ascended_heroes.png,Ascended Heroes,EUR,4747.06,EUR,5013.47,2026-01-30,17,Mega Evolution,mega-evolution,ascended-heroes,0,31636,https://images.tcggo.com/tcggo/storage/31751/canari-asc-185-ascended-heroes.png,https://www.tcggo.com/external/cm/31636,https://www.tcggo.com/external/tcgplayer/31636,Canari,Canari 185,,0.06,0.1,9029,EUR,[],0.03,0.02,0.02,0.02,0.02,0.02,0.02,0.02,0.02,0.02,,,,,,,,,,,,,,,,,,,,,,,,,,,,,,,,,,,,,,,,EUR,0.26,Uncommon,canari,Trainer,https://www.tcggo.com/pokemon/ascended-heroes/canari-185,me2pt5-185,675997,singles
2026-08-23T17:06:43+02:00,,458,Toyste Beach,toyste-beach,ASC 186,186,869797,217,295,ASC,Pokémon,pokemon,396,https://images.tcggo.com/tcggo/storage/34000/ascended_heroes.png,Ascended Heroes,EUR,4747.06,EUR,5013.47,2026-01-30,17,Mega Evolution,mega-evolution,ascended-heroes,0,31637,https://images.tcggo.com/tcggo/storage/31769/counter-gain-asc-186-ascended-heroes.png,https://www.tcggo.com/external/cm/31637,https://www.tcggo.com/external/tcgplayer/31637,Counter Gain,Counter Gain 186,,0.05,0.04,6678,EUR,[],0.03,0.02,0.02,0.02,0.02,0.02,0.02,0.02,0.02,0.02,,,,,,,,,,,,,,,,,,,,,,,,,,,,,,,,,,,,,,,,EUR,0.27,Common,counter-gain,Trainer,https://www.tcggo.com/pokemon/ascended-heroes/counter-gain-186,me2pt5-186,675998,singles
2026-08-23T17:06:43+02:00,,458,Toyste Beach,toyste-beach,ASC 187,187,869798,217,295,ASC,Pokémon,pokemon,396,https://images.tcggo.com/tcggo/storage/34000/ascended_heroes.png,Ascended Heroes,EUR,4747.06,EUR,5013.47,2026-01-30,17,Mega Evolution,mega-evolution,ascended-heroes,0,31638,https://images.tcggo.com/tcggo/storage/31787/fighting-gong-asc-187-ascended-heroes.png,https://www.tcggo.com/external/cm/31638,https://www.tcggo.com/external/tcgplayer/31638,Fighting Gong,Fighting Gong 187,,0.06,0.06,8649,EUR,[],0.02,0.02,0.02,0.02,0.02,0.02,0.02,0.02,0.02,0.02,,,,,,,,,,,,,,,,,,,,,,,,,,,,,,,,,,,,,,,,EUR,0.24,Uncommon,fighting-gong,Trainer,https://www.tcggo.com/pokemon/ascended-heroes/fighting-gong-187,me2pt5-187,675999,singles
2026-08-23T17:06:43+02:00,,453,AYUMI ODASHIMA,ayumi-odashima,ASC 188,188,869799,217,295,ASC,Pokémon,pokemon,396,https://images.tcggo.com/tcggo/storage/34000/ascended_heroes.png,Ascended Heroes,EUR,4747.06,EUR,5013.47,2026-01-30,17,Mega Evolution,mega-evolution,ascended-heroes,0,31639,https://images.tcggo.com/tcggo/storage/31805/forest-of-vitality-asc-188-ascended-heroes.png,https://www.tcggo.com/external/cm/31639,https://www.tcggo.com/external/tcgplayer/31639,Forest of Vitality,Forest of Vitality 188,,0.1,0.1,3912,EUR,[],0.03,0.02,0.02,0.02,0.02,0.02,0.02,0.02,0.02,0.02,,,,,,,,,,,,,,,,,,,,,,,,,,,,,,,,,,,,,,,,EUR,0.26,Uncommon,forest-of-vitality,Trainer,https://www.tcggo.com/pokemon/ascended-heroes/forest-of-vitality-188,me2pt5-188,676000,singles
2026-08-23T17:06:43+02:00,,458,Toyste Beach,toyste-beach,ASC 189,189,869800,217,295,ASC,Pokémon,pokemon,396,https://images.tcggo.com/tcggo/storage/34000/ascended_heroes.png,Ascended Heroes,EUR,4747.06,EUR,5013.47,2026-01-30,17,Mega Evolution,mega-evolution,ascended-heroes,0,31640,https://images.tcggo.com/tcggo/storage/31823/glass-trumpet-asc-189-ascended-heroes.png,https://www.tcggo.com/external/cm/31640,https://www.tcggo.com/external/tcgplayer/31640,Glass Trumpet,Glass Trumpet 189,,0.04,0.06,6821,EUR,[],0.03,0.02,0.02,0.02,0.02,0.02,0.02,0.02,0.02,0.02,,,,,,,,,,,,,,,,,,,,,,,,,,,,,,,,,,,,,,,,EUR,0.22,Common,glass-trumpet,Trainer,https://www.tcggo.com/pokemon/ascended-heroes/glass-trumpet-189,me2pt5-189,676001,singles
2026-08-23T17:06:43+02:00,,495,yuu,yuu,ASC 190,190,869801,217,295,ASC,Pokémon,pokemon,396,https://images.tcggo.com/tcggo/storage/34000/ascended_heroes.png,Ascended Heroes,EUR,4747.06,EUR,5013.47,2026-01-30,17,Mega Evolution,mega-evolution,ascended-heroes,0,31641,https://images.tcggo.com/tcggo/storage/31841/iriss-fighting-spirit-asc-190-ascended-heroes.png,https://www.tcggo.com/external/cm/31641,https://www.tcggo.com/external/tcgplayer/31641,Iris's Fighting Spirit,Iris's Fighting Spirit 190,,0.05,0.04,10347,EUR,[],0.02,0.02,0.02,0.02,0.02,0.02,0.02,0.02,0.02,0.02,,,,,,,,,,,,,,,,,,,,,,,,,,,,,,,,,,,,,,,,EUR,0.18,Uncommon,iriss-fighting-spirit,Trainer,https://www.tcggo.com/pokemon/ascended-heroes/iriss-fighting-spirit-190,me2pt5-190,676002,singles
2026-08-23T17:06:43+02:00,,461,Studio Bora Inc.,studio-bora-inc,ASC 191,191,869802,217,295,ASC,Pokémon,pokemon,396,https://images.tcggo.com/tcggo/storage/34000/ascended_heroes.png,Ascended Heroes,EUR,4747.06,EUR,5013.47,2026-01-30,17,Mega Evolution,mega-evolution,ascended-heroes,0,31642,https://images.tcggo.com/tcggo/storage/31859/light-ball-asc-191-ascended-heroes.png,https://www.tcggo.com/external/cm/31642,https://www.tcggo.com/external/tcgplayer/31642,Light Ball,Light Ball 191,,0.06,0.06,4676,EUR,[],0.03,0.02,0.02,0.02,0.02,0.02,0.02,0.02,0.02,0.02,,,,,,,,,,,,,,,,,,,,,,,,,,,,,,,,,,,,,,,,EUR,0.3,Uncommon,light-ball,Trainer,https://www.tcggo.com/pokemon/ascended-heroes/light-ball-191,me2pt5-191,676003,singles
2026-08-23T17:06:43+02:00,,460,Atsushi Furusawa,atsushi-furusawa,ASC 192,192,869803,217,295,ASC,Pokémon,pokemon,396,https://images.tcggo.com/tcggo/storage/34000/ascended_heroes.png,Ascended Heroes,EUR,4747.06,EUR,5013.47,2026-01-30,17,Mega Evolution,mega-evolution,ascended-heroes,0,31643,https://images.tcggo.com/tcggo/storage/31877/lillies-determination-asc-192-ascended-heroes.png,https://www.tcggo.com/external/cm/31643,https://www.tcggo.com/external/tcgplayer/31643,Lillie's Determination,Lillie's Determination 192,,0.47,0.52,3719,EUR,[],0.02,0.02,0.02,0.02,0.02,0.02,0.02,0.02,0.02,0.02,,,,,,,,,,,,,,,,,,,,,,,,,,,,,,,,,,,,,,,,EUR,0.79,Uncommon,lillies-determination,Trainer,https://www.tcggo.com/pokemon/ascended-heroes/lillies-determination-192,me2pt5-192,676004,singles
2026-08-23T17:06:43+02:00,,464,inose yukie,inose-yukie,ASC 193,193,869804,217,295,ASC,Pokémon,pokemon,396,https://images.tcggo.com/tcggo/storage/34000/ascended_heroes.png,Ascended Heroes,EUR,4747.06,EUR,5013.47,2026-01-30,17,Mega Evolution,mega-evolution,ascended-heroes,0,31644,https://images.tcggo.com/tcggo/storage/31896/mega-signal-asc-193-ascended-heroes.png,https://www.tcggo.com/external/cm/31644,https://www.tcggo.com/external/tcgplayer/31644,Mega Signal,Mega Signal 193,,0.06,0.05,6627,EUR,[],0.03,0.02,0.02,0.02,0.02,0.02,0.02,0.02,0.02,0.02,,,,,,,,,,,,,,,,,,,,,,,,,,,,,,,,,,,,,,,,EUR,0.22,Common,mega-signal,Trainer,https://www.tcggo.com/pokemon/ascended-heroes/mega-signal-193,me2pt5-193,676005,singles
2026-08-23T17:06:43+02:00,,453,AYUMI ODASHIMA,ayumi-odashima,ASC 194,194,869805,217,295,ASC,Pokémon,pokemon,396,https://images.tcggo.com/tcggo/storage/34000/ascended_heroes.png,Ascended Heroes,EUR,4747.06,EUR,5013.47,2026-01-30,17,Mega Evolution,mega-evolution,ascended-heroes,0,31645,https://images.tcggo.com/tcggo/storage/31915/mystery-garden-asc-194-ascended-heroes.png,https://www.tcggo.com/external/cm/31645,https://www.tcggo.com/external/tcgplayer/31645,Mystery Garden,Mystery Garden 194,,0.06,0.07,5123,EUR,[],0.03,0.02,0.02,0.02,0.02,0.02,0.02,0.02,0.02,0.02,,,,,,,,,,,,,,,,,,,,,,,,,,,,,,,,,,,,,,,,EUR,0.23,Uncommon,mystery-garden,Trainer,https://www.tcggo.com/pokemon/ascended-heroes/mystery-garden-194,me2pt5-194,676006,singles
2026-08-23T17:06:43+02:00,,458,Toyste Beach,toyste-beach,ASC 195,195,869806,217,295,ASC,Pokémon,pokemon,396,https://images.tcggo.com/tcggo/storage/34000/ascended_heroes.png,Ascended Heroes,EUR,4747.06,EUR,5013.47,2026-01-30,17,Mega Evolution,mega-evolution,ascended-heroes,0,31646,https://images.tcggo.com/tcggo/storage/31934/ns-pp-up-asc-195-ascended-heroes.png,https://www.tcggo.com/external/cm/31646,https://www.tcggo.com/external/tcgplayer/31646,N's PP Up,N's PP Up 195,,0.06,0.08,4869,EUR,[],0.02,0.02,0.02,0.02,0.02,0.02,0.02,0.02,0.02,0.02,,,,,,,,,,,,,,,,,,,,,,,,,,,,,,,,,,,,,,,,EUR,0.26,Uncommon,ns-pp-up,Trainer,https://www.tcggo.com/pokemon/ascended-heroes/ns-pp-up-195,me2pt5-195,676007,singles
2026-08-23T17:06:43+02:00,,458,Toyste Beach,toyste-beach,ASC 196,196,869807,217,295,ASC,Pokémon,pokemon,396,https://images.tcggo.com/tcggo/storage/34000/ascended_heroes.png,Ascended Heroes,EUR,4747.06,EUR,5013.47,2026-01-30,17,Mega Evolution,mega-evolution,ascended-heroes,0,31647,https://images.tcggo.com/tcggo/storage/31953/night-stretcher-asc-196-ascended-heroes.png,https://www.tcggo.com/external/cm/31647,https://www.tcggo.com/external/tcgplayer/31647,Night Stretcher,Night Stretcher 196,,0.15,0.17,8496,EUR,[],0.02,0.02,0.02,0.02,0.02,0.02,0.02,0.02,0.02,0.02,,,,,,,,,,,,,,,,,,,,,,,,,,,,,,,,,,,,,,,,EUR,0.31,Common,night-stretcher,Trainer,https://www.tcggo.com/pokemon/ascended-heroes/night-stretcher-196,me2pt5-196,676008,singles
2026-08-23T17:06:43+02:00,,627,Takashi Yamaguchi,takashi-yamaguchi,ASC 197,197,869808,217,295,ASC,Pokémon,pokemon,396,https://images.tcggo.com/tcggo/storage/34000/ascended_heroes.png,Ascended Heroes,EUR,4747.06,EUR,5013.47,2026-01-30,17,Mega Evolution,mega-evolution,ascended-heroes,0,31648,https://images.tcggo.com/tcggo/storage/31972/nighttime-mine-asc-197-ascended-heroes.png,https://www.tcggo.com/external/cm/31648,https://www.tcggo.com/external/tcgplayer/31648,Nighttime Mine,Nighttime Mine 197,,0.11,0.11,2801,EUR,[],0.02,0.02,0.02,0.02,0.02,0.02,0.02,0.02,0.02,0.02,,,,,,,,,,,,,,,,,,,,,,,,,,,,,,,,,,,,,,,,EUR,0.27,Uncommon,nighttime-mine,Trainer,https://www.tcggo.com/pokemon/ascended-heroes/nighttime-mine-197,me2pt5-197,676009,singles
2026-08-23T17:06:43+02:00,,461,Studio Bora Inc.,studio-bora-inc,ASC 198,198,869809,217,295,ASC,Pokémon,pokemon,396,https://images.tcggo.com/tcggo/storage/34000/ascended_heroes.png,Ascended Heroes,EUR,4747.06,EUR,5013.47,2026-01-30,17,Mega Evolution,mega-evolution,ascended-heroes,0,31649,https://images.tcggo.com/tcggo/storage/31991/poke-pad-asc-198-ascended-heroes.png,https://www.tcggo.com/external/cm/31649,https://www.tcggo.com/external/tcgplayer/31649,Poké Pad,Poké Pad 198,,0.62,0.63,2951,EUR,[],0.02,0.02,0.02,0.09,0.09,0.02,0.02,0.02,0.02,0.02,,,,,,,,,,,,,,,,,,,,,,,,,,,,,,,,,,,,,,,,EUR,0.63,Common,poke-pad,Trainer,https://www.tcggo.com/pokemon/ascended-heroes/poke-pad-198,me2pt5-198,676010,singles
2026-08-23T17:06:43+02:00,,458,Toyste Beach,toyste-beach,ASC 199,199,869810,217,295,ASC,Pokémon,pokemon,396,https://images.tcggo.com/tcggo/storage/34000/ascended_heroes.png,Ascended Heroes,EUR,4747.06,EUR,5013.47,2026-01-30,17,Mega Evolution,mega-evolution,ascended-heroes,0,31650,https://images.tcggo.com/tcggo/storage/32010/premium-power-pro-asc-199-ascended-heroes.png,https://www.tcggo.com/external/cm/31650,https://www.tcggo.com/external/tcgplayer/31650,Premium Power Pro,Premium Power Pro 199,,0.05,0.05,9400,EUR,[],0.03,0.02,0.02,0.02,0.02,0.02,0.02,0.02,0.02,0.02,,,,,,,,,,,,,,,,,,,,,,,,,,,,,,,,,,,,,,,,EUR,0.24,Uncommon,premium-power-pro,Trainer,https://www.tcggo.com/pokemon/ascended-heroes/premium-power-pro-199,me2pt5-199,676011,singles
2026-08-23T17:06:43+02:00,,456,Hideki Ishikawa,hideki-ishikawa,ASC 200,200,869811,217,295,ASC,Pokémon,pokemon,396,https://images.tcggo.com/tcggo/storage/34000/ascended_heroes.png,Ascended Heroes,EUR,4747.06,EUR,5013.47,2026-01-30,17,Mega Evolution,mega-evolution,ascended-heroes,0,31651,https://images.tcggo.com/tcggo/storage/32028/surfer-asc-200-ascended-heroes.png,https://www.tcggo.com/external/cm/31651,https://www.tcggo.com/external/tcgplayer/31651,Surfer,Surfer 200,,0.05,0.07,7082,EUR,[],0.02,0.02,0.02,0.02,0.02,0.02,0.02,0.02,0.02,0.02,,,,,,,,,,,,,,,,,,,,,,,,,,,,,,,,,,,,,,,,EUR,0.22,Common,surfer,Trainer,https://www.tcggo.com/pokemon/ascended-heroes/surfer-200,me2pt5-200,676012,singles
2026-08-23T17:06:43+02:00,,456,Hideki Ishikawa,hideki-ishikawa,ASC 201,201,869812,217,295,ASC,Pokémon,pokemon,396,https://images.tcggo.com/tcggo/storage/34000/ascended_heroes.png,Ascended Heroes,EUR,4747.06,EUR,5013.47,2026-01-30,17,Mega Evolution,mega-evolution,ascended-heroes,0,31652,https://images.tcggo.com/tcggo/storage/31752/team-rockets-archer-asc-201-ascended-heroes.png,https://www.tcggo.com/external/cm/31652,https://www.tcggo.com/external/tcgplayer/31652,Team Rocket's Archer,Team Rocket's Archer 201,,0.07,0.06,4288,EUR,[],0.03,0.02,0.02,0.02,0.02,0.02,0.02,0.02,0.02,0.02,,,,,,,,,,,,,,,,,,,,,,,,,,,,,,,,,,,,,,,,EUR,0.29,Uncommon,team-rockets-archer,Trainer,https://www.tcggo.com/pokemon/ascended-heroes/team-rockets-archer-201,me2pt5-201,676013,singles
2026-08-23T17:06:43+02:00,,462,hncl,hncl,ASC 202,202,869813,217,295,ASC,Pokémon,pokemon,396,https://images.tcggo.com/tcggo/storage/34000/ascended_heroes.png,Ascended Heroes,EUR,4747.06,EUR,5013.47,2026-01-30,17,Mega Evolution,mega-evolution,ascended-heroes,0,31653,https://images.tcggo.com/tcggo/storage/31770/team-rockets-ariana-asc-202-ascended-heroes.png,https://www.tcggo.com/external/cm/31653,https://www.tcggo.com/external/tcgplayer/31653,Team Rocket's Ariana,Team Rocket's Ariana 202,,0.08,0.07,4153,EUR,[],0.03,0.02,0.02,0.02,0.02,0.02,0.02,0.02,0.02,0.02,,,,,,,,,,,,,,,,,,,,,,,,,,,,,,,,,,,,,,,,EUR,0.26,Uncommon,team-rockets-ariana,Trainer,https://www.tcggo.com/pokemon/ascended-heroes/team-rockets-ariana-202,me2pt5-202,676014,singles
2026-08-23T17:06:43+02:00,,781,imoniii,imoniii,ASC 203,203,869814,217,295,ASC,Pokémon,pokemon,396,https://images.tcggo.com/tcggo/storage/34000/ascended_heroes.png,Ascended Heroes,EUR,4747.06,EUR,5013.47,2026-01-30,17,Mega Evolution,mega-evolution,ascended-heroes,0,31654,https://images.tcggo.com/tcggo/storage/31788/team-rockets-factory-asc-203-ascended-heroes.png,https://www.tcggo.com/external/cm/31654,https://www.tcggo.com/external/tcgplayer/31654,Team Rocket's Factory,Team Rocket's Factory 203,,0.06,0.08,4351,EUR,[],0.03,0.02,0.02,0.02,0.02,0.02,0.02,0.02,0.02,0.02,,,,,,,,,,,,,,,,,,,,,,,,,,,,,,,,,,,,,,,,EUR,0.37,Uncommon,team-rockets-factory,Trainer,https://www.tcggo.com/pokemon/ascended-heroes/team-rockets-factory-203,me2pt5-203,676015,singles
2026-08-23T17:06:43+02:00,,429,DOM,dom,ASC 204,204,869815,217,295,ASC,Pokémon,pokemon,396,https://images.tcggo.com/tcggo/storage/34000/ascended_heroes.png,Ascended Heroes,EUR,4747.06,EUR,5013.47,2026-01-30,17,Mega Evolution,mega-evolution,ascended-heroes,0,31655,https://images.tcggo.com/tcggo/storage/31806/team-rockets-giovanni-asc-204-ascended-heroes.png,https://www.tcggo.com/external/cm/31655,https://www.tcggo.com/external/tcgplayer/31655,Team Rocket's Giovanni,Team Rocket's Giovanni 204,,0.09,0.1,3980,EUR,[],0.02,0.02,0.02,0.02,0.02,0.02,0.02,0.02,0.02,0.02,,,,,,,,,,,,,,,,,,,,,,,,,,,,,,,,,,,,,,,,EUR,0.37,Uncommon,team-rockets-giovanni,Trainer,https://www.tcggo.com/pokemon/ascended-heroes/team-rockets-giovanni-204,me2pt5-204,676016,singles
2026-08-23T17:06:43+02:00,,458,Toyste Beach,toyste-beach,ASC 205,205,869816,217,295,ASC,Pokémon,pokemon,396,https://images.tcggo.com/tcggo/storage/34000/ascended_heroes.png,Ascended Heroes,EUR,4747.06,EUR,5013.47,2026-01-30,17,Mega Evolution,mega-evolution,ascended-heroes,0,31656,https://images.tcggo.com/tcggo/storage/31824/team-rockets-great-ball-asc-205-ascended-heroes.png,https://www.tcggo.com/external/cm/31656,https://www.tcggo.com/external/tcgplayer/31656,Team Rocket's Great Ball,Team Rocket's Great Ball 205,,0.05,0.06,5130,EUR,[],0.02,0.02,0.02,0.02,0.02,0.02,0.02,0.02,0.02,0.02,,,,,,,,,,,,,,,,,,,,,,,,,,,,,,,,,,,,,,,,EUR,0.25,Uncommon,team-rockets-great-ball,Trainer,https://www.tcggo.com/pokemon/ascended-heroes/team-rockets-great-ball-205,me2pt5-205,676017,singles
2026-08-23T17:06:43+02:00,,458,Toyste Beach,toyste-beach,ASC 206,206,869817,217,295,ASC,Pokémon,pokemon,396,https://images.tcggo.com/tcggo/storage/34000/ascended_heroes.png,Ascended Heroes,EUR,4747.06,EUR,5013.47,2026-01-30,17,Mega Evolution,mega-evolution,ascended-heroes,0,31657,https://images.tcggo.com/tcggo/storage/31842/team-rockets-hypnotizer-asc-206-ascended-heroes.png,https://www.tcggo.com/external/cm/31657,https://www.tcggo.com/external/tcgplayer/31657,Team Rocket's Hypnotizer,Team Rocket's Hypnotizer 206,,0.05,0.08,4866,EUR,[],0.02,0.02,0.02,0.02,0.02,0.02,0.02,0.02,0.02,0.02,,,,,,,,,,,,,,,,,,,,,,,,,,,,,,,,,,,,,,,,EUR,0.22,Uncommon,team-rockets-hypnotizer,Trainer,https://www.tcggo.com/pokemon/ascended-heroes/team-rockets-hypnotizer-206,me2pt5-206,676018,singles
2026-08-23T17:06:43+02:00,,373,GOSSAN,gossan,ASC 207,207,869818,217,295,ASC,Pokémon,pokemon,396,https://images.tcggo.com/tcggo/storage/34000/ascended_heroes.png,Ascended Heroes,EUR,4747.06,EUR,5013.47,2026-01-30,17,Mega Evolution,mega-evolution,ascended-heroes,0,31658,https://images.tcggo.com/tcggo/storage/31860/team-rockets-petrel-asc-207-ascended-heroes.png,https://www.tcggo.com/external/cm/31658,https://www.tcggo.com/external/tcgplayer/31658,Team Rocket's Petrel,Team Rocket's Petrel 207,,0.27,0.29,2282,EUR,[],0.02,0.02,0.02,0.02,0.02,0.02,0.02,0.02,0.02,0.02,,,,,,,,,,,,,,,,,,,,,,,,,,,,,,,,,,,,,,,,EUR,0.56,Uncommon,team-rockets-petrel,Trainer,https://www.tcggo.com/pokemon/ascended-heroes/team-rockets-petrel-207,me2pt5-207,676019,singles
2026-08-23T17:06:43+02:00,,463,Naoki Saito,naoki-saito,ASC 208,208,869819,217,295,ASC,Pokémon,pokemon,396,https://images.tcggo.com/tcggo/storage/34000/ascended_heroes.png,Ascended Heroes,EUR,4747.06,EUR,5013.47,2026-01-30,17,Mega Evolution,mega-evolution,ascended-heroes,0,31659,https://images.tcggo.com/tcggo/storage/31878/team-rockets-proton-asc-208-ascended-heroes.png,https://www.tcggo.com/external/cm/31659,https://www.tcggo.com/external/tcgplayer/31659,Team Rocket's Proton,Team Rocket's Proton 208,,0.07,0.07,4514,EUR,[],0.02,0.02,0.02,0.02,0.02,0.02,0.02,0.02,0.02,0.02,,,,,,,,,,,,,,,,,,,,,,,,,,,,,,,,,,,,,,,,EUR,0.25,Uncommon,team-rockets-proton,Trainer,https://www.tcggo.com/pokemon/ascended-heroes/team-rockets-proton-208,me2pt5-208,676020,singles
2026-08-23T17:06:43+02:00,,464,inose yukie,inose-yukie,ASC 209,209,869820,217,295,ASC,Pokémon,pokemon,396,https://images.tcggo.com/tcggo/storage/34000/ascended_heroes.png,Ascended Heroes,EUR,4747.06,EUR,5013.47,2026-01-30,17,Mega Evolution,mega-evolution,ascended-heroes,0,31660,https://images.tcggo.com/tcggo/storage/31897/team-rockets-transceiver-asc-209-ascended-heroes.png,https://www.tcggo.com/external/cm/31660,https://www.tcggo.com/external/tcgplayer/31660,Team Rocket's Transceiver,Team Rocket's Transceiver 209,,0.1,0.11,3794,EUR,[],0.03,0.02,0.02,0.02,0.02,0.02,0.02,0.02,0.02,0.02,,,,,,,,,,,,,,,,,,,,,,,,,,,,,,,,,,,,,,,,EUR,0.23,Uncommon,team-rockets-transceiver,Trainer,https://www.tcggo.com/pokemon/ascended-heroes/team-rockets-transceiver-209,me2pt5-209,676021,singles
2026-08-23T17:06:43+02:00,,453,AYUMI ODASHIMA,ayumi-odashima,ASC 210,210,869821,217,295,ASC,Pokémon,pokemon,396,https://images.tcggo.com/tcggo/storage/34000/ascended_heroes.png,Ascended Heroes,EUR,4747.06,EUR,5013.47,2026-01-30,17,Mega Evolution,mega-evolution,ascended-heroes,0,31661,https://images.tcggo.com/tcggo/storage/31916/team-rockets-watchtower-asc-210-ascended-heroes.png,https://www.tcggo.com/external/cm/31661,https://www.tcggo.com/external/tcgplayer/31661,Team Rocket's Watchtower,Team Rocket's Watchtower 210,,0.09,0.08,3805,EUR,[],0.02,0.02,0.02,0.02,0.02,0.02,0.02,0.02,0.02,0.02,,,,,,,,,,,,,,,,,,,,,,,,,,,,,,,,,,,,,,,,EUR,0.26,Uncommon,team-rockets-watchtower,Trainer,https://www.tcggo.com/pokemon/ascended-heroes/team-rockets-watchtower-210,me2pt5-210,676022,singles
2026-08-23T17:06:43+02:00,,458,Toyste Beach,toyste-beach,ASC 211,211,869822,217,295,ASC,Pokémon,pokemon,396,https://images.tcggo.com/tcggo/storage/34000/ascended_heroes.png,Ascended Heroes,EUR,4747.06,EUR,5013.47,2026-01-30,17,Mega Evolution,mega-evolution,ascended-heroes,0,31662,https://images.tcggo.com/tcggo/storage/31935/thick-scale-asc-211-ascended-heroes.png,https://www.tcggo.com/external/cm/31662,https://www.tcggo.com/external/tcgplayer/31662,Thick Scale,Thick Scale 211,,0.04,0.04,9464,EUR,[],0.02,0.02,0.02,0.02,0.02,0.02,0.02,0.02,0.02,0.02,,,,,,,,,,,,,,,,,,,,,,,,,,,,,,,,,,,,,,,,EUR,0.23,Uncommon,thick-scale,Trainer,https://www.tcggo.com/pokemon/ascended-heroes/thick-scale-211,me2pt5-211,676023,singles
2026-08-23T17:06:43+02:00,,461,Studio Bora Inc.,studio-bora-inc,ASC 212,212,869823,217,295,ASC,Pokémon,pokemon,396,https://images.tcggo.com/tcggo/storage/34000/ascended_heroes.png,Ascended Heroes,EUR,4747.06,EUR,5013.47,2026-01-30,17,Mega Evolution,mega-evolution,ascended-heroes,0,31663,https://images.tcggo.com/tcggo/storage/31954/tool-scrapper-asc-212-ascended-heroes.png,https://www.tcggo.com/external/cm/31663,https://www.tcggo.com/external/tcgplayer/31663,Tool Scrapper,Tool Scrapper 212,,0.06,0.07,6107,EUR,[],0.02,0.02,0.02,0.02,0.02,0.02,0.02,0.02,0.02,0.02,,,,,,,,,,,,,,,,,,,,,,,,,,,,,,,,,,,,,,,,EUR,0.26,Common,tool-scrapper,Trainer,https://www.tcggo.com/pokemon/ascended-heroes/tool-scrapper-212,me2pt5-212,676024,singles
2026-08-23T17:06:43+02:00,,517,Ayaka Yoshida,ayaka-yoshida,ASC 213,213,869824,217,295,ASC,Pokémon,pokemon,396,https://images.tcggo.com/tcggo/storage/34000/ascended_heroes.png,Ascended Heroes,EUR,4747.06,EUR,5013.47,2026-01-30,17,Mega Evolution,mega-evolution,ascended-heroes,0,31664,https://images.tcggo.com/tcggo/storage/31973/ultra-ball-asc-213-ascended-heroes.png,https://www.tcggo.com/external/cm/31664,https://www.tcggo.com/external/tcgplayer/31664,Ultra Ball,Ultra Ball 213,,0.14,0.15,4117,EUR,[],0.02,0.02,0.02,0.02,0.02,0.02,0.02,0.02,0.02,0.02,,,,,,,,,,,,,,,,,,,,,,,,,,,,,,,,,,,,,,,,EUR,0.21,Common,ultra-ball,Trainer,https://www.tcggo.com/pokemon/ascended-heroes/ultra-ball-213,me2pt5-213,676025,singles
2026-08-23T17:06:43+02:00,,385,Teeziro,teeziro,ASC 214,214,869825,217,295,ASC,Pokémon,pokemon,396,https://images.tcggo.com/tcggo/storage/34000/ascended_heroes.png,Ascended Heroes,EUR,4747.06,EUR,5013.47,2026-01-30,17,Mega Evolution,mega-evolution,ascended-heroes,0,31665,https://images.tcggo.com/tcggo/storage/31992/urbain-asc-214-ascended-heroes.png,https://www.tcggo.com/external/cm/31665,https://www.tcggo.com/external/tcgplayer/31665,Urbain,Urbain 214,,0.04,0.04,9912,EUR,[],0.03,0.02,0.02,0.02,0.02,0.02,0.02,0.02,0.02,0.02,,,,,,,,,,,,,,,,,,,,,,,,,,,,,,,,,,,,,,,,EUR,0.21,Uncommon,urbain,Trainer,https://www.tcggo.com/pokemon/ascended-heroes/urbain-214,me2pt5-214,676026,singles
2026-08-23T17:06:43+02:00,,496,Cona Nitanda,cona-nitanda,ASC 215,215,869826,217,295,ASC,Pokémon,pokemon,396,https://images.tcggo.com/tcggo/storage/34000/ascended_heroes.png,Ascended Heroes,EUR,4747.06,EUR,5013.47,2026-01-30,17,Mega Evolution,mega-evolution,ascended-heroes,0,31666,https://images.tcggo.com/tcggo/storage/32011/waitress-asc-215-ascended-heroes.png,https://www.tcggo.com/external/cm/31666,https://www.tcggo.com/external/tcgplayer/31666,Waitress,Waitress 215,,0.04,0.04,6306,EUR,[],0.03,0.02,0.02,0.02,0.02,0.02,0.02,0.02,0.02,0.02,,,,,,,,,,,,,,,,,,,,,,,,,,,,,,,,,,,,,,,,EUR,0.28,Common,waitress,Trainer,https://www.tcggo.com/pokemon/ascended-heroes/waitress-215,me2pt5-215,676027,singles
2026-08-23T17:06:43+02:00,,,,,ASC 216,216,869827,217,295,ASC,Pokémon,pokemon,396,https://images.tcggo.com/tcggo/storage/34000/ascended_heroes.png,Ascended Heroes,EUR,4747.06,EUR,5013.47,2026-01-30,17,Mega Evolution,mega-evolution,ascended-heroes,0,31667,https://images.tcggo.com/tcggo/storage/32029/prism-energy-asc-216-ascended-heroes.png,https://www.tcggo.com/external/cm/31667,https://www.tcggo.com/external/tcgplayer/31667,Prism Energy,Prism Energy 216,,0.06,0.06,8412,EUR,[],0.03,0.02,0.02,0.02,0.02,0.02,0.02,0.02,0.02,0.02,,,,,,,,,,,,,,,,,,,,,,,,,,,,,,,,,,,,,,,,EUR,0.29,Uncommon,prism-energy,Energy,https://www.tcggo.com/pokemon/ascended-heroes/prism-energy-216,me2pt5-216,676028,singles
2026-08-23T17:06:43+02:00,,,,,ASC 217,217,869828,217,295,ASC,Pokémon,pokemon,396,https://images.tcggo.com/tcggo/storage/34000/ascended_heroes.png,Ascended Heroes,EUR,4747.06,EUR,5013.47,2026-01-30,17,Mega Evolution,mega-evolution,ascended-heroes,0,31668,https://images.tcggo.com/tcggo/storage/31735/team-rockets-energy-asc-217-ascended-heroes.png,https://www.tcggo.com/external/cm/31668,https://www.tcggo.com/external/tcgplayer/31668,Team Rocket's Energy,Team Rocket's Energy 217,,0.15,0.15,3239,EUR,[],0.02,0.02,0.02,0.02,0.02,0.02,0.02,0.02,0.02,0.02,,,,,,,,,,,,,,,,,,,,,,,,,,,,,,,,,,,,,,,,EUR,0.32,Uncommon,team-rockets-energy,Energy,https://www.tcggo.com/pokemon/ascended-heroes/team-rockets-energy-217,me2pt5-217,676029,singles
2026-08-23T17:06:43+02:00,,770,buchi,buchi,ASC 218,218,869829,217,295,ASC,Pokémon,pokemon,396,https://images.tcggo.com/tcggo/storage/34000/ascended_heroes.png,Ascended Heroes,EUR,4747.06,EUR,5013.47,2026-01-30,17,Mega Evolution,mega-evolution,ascended-heroes,80,31669,https://images.tcggo.com/tcggo/storage/31753/erikas-tangela-asc-218-ascended-heroes.png,https://www.tcggo.com/external/cm/31669,https://www.tcggo.com/external/tcgplayer/31669,Erika's Tangela,Erika's Tangela 218,,15.6,15.13,650,EUR,[],16.99,12,12,12.9,12.9,16.99,12,15,6,6,USD,63.57,5,,,,,31.43,5,,,,,,,159.65,5,,,,,257.2,5,,,24.84,2,45.23,5,,,133.04,5,,,,,47.42,2,EUR,14.57,Illustration Rare,erikas-tangela,Pokémon,https://www.tcggo.com/pokemon/ascended-heroes/erikas-tangela-218,me2pt5-218,676030,singles
2026-08-23T17:06:43+02:00,,783,Mori Yuu,mori-yuu,ASC 219,219,869830,217,295,ASC,Pokémon,pokemon,396,https://images.tcggo.com/tcggo/storage/34000/ascended_heroes.png,Ascended Heroes,EUR,4747.06,EUR,5013.47,2026-01-30,17,Mega Evolution,mega-evolution,ascended-heroes,130,31670,https://images.tcggo.com/tcggo/storage/31771/beautifly-asc-219-ascended-heroes.png,https://www.tcggo.com/external/cm/31670,https://www.tcggo.com/external/tcgplayer/31670,Beautifly,Beautifly 219,,5.34,5.28,469,EUR,[],4,4.25,4.25,3.7,3.7,4,5,5,1.48,1.48,USD,,,,,,,,,,,,,,,28.76,1,,,,,102.5,1,,,,,,,,,,,,,,,,,EUR,5.9,Illustration Rare,beautifly,Pokémon,https://www.tcggo.com/pokemon/ascended-heroes/beautifly-219,me2pt5-219,676031,singles
2026-08-23T17:06:43+02:00,,766,IKEDA Saki,ikeda-saki,ASC 220,220,869831,217,295,ASC,Pokémon,pokemon,396,https://images.tcggo.com/tcggo/storage/34000/ascended_heroes.png,Ascended Heroes,EUR,4747.06,EUR,5013.47,2026-01-30,17,Mega Evolution,mega-evolution,ascended-heroes,140,31671,https://images.tcggo.com/tcggo/storage/31789/dustox-asc-220-ascended-heroes.png,https://www.tcggo.com/external/cm/31671,https://www.tcggo.com/external/tcgplayer/31671,Dustox,Dustox 220,,3.27,3.6,600,EUR,[],2.45,2.99,2.99,1.95,1.95,2.45,2.7,3.95,0.99,0.99,,,,,,,,,,,,,,,,,,,,,,,,,,,,,,,,,,,,,,,,EUR,2.71,Illustration Rare,dustox,Pokémon,https://www.tcggo.com/pokemon/ascended-heroes/dustox-220,me2pt5-220,676032,singles
2026-08-23T17:06:43+02:00,,829,Yoko Hishida,yoko-hishida,ASC 221,221,869832,217,295,ASC,Pokémon,pokemon,396,https://images.tcggo.com/tcggo/storage/34000/ascended_heroes.png,Ascended Heroes,EUR,4747.06,EUR,5013.47,2026-01-30,17,Mega Evolution,mega-evolution,ascended-heroes,30,31672,https://images.tcggo.com/tcggo/storage/31807/budew-asc-221-ascended-heroes.png,https://www.tcggo.com/external/cm/31672,https://www.tcggo.com/external/tcgplayer/31672,Budew,Budew 221,,5.93,5.57,967,EUR,[],6.8,5.2,5.2,6,6,6.8,4,4,2,2,USD,28.48,5,,,,,19.31,2,,,,,,,62.11,4,,,14.3,1,64.96,5,,,16.08,1,18.24,5,,,111.68,3,,,,,18.79,2,EUR,5.68,Illustration Rare,budew,Pokémon,https://www.tcggo.com/pokemon/ascended-heroes/budew-221,me2pt5-221,676033,singles
2026-08-23T17:06:43+02:00,,456,Hideki Ishikawa,hideki-ishikawa,ASC 222,222,869833,217,295,ASC,Pokémon,pokemon,396,https://images.tcggo.com/tcggo/storage/34000/ascended_heroes.png,Ascended Heroes,EUR,4747.06,EUR,5013.47,2026-01-30,17,Mega Evolution,mega-evolution,ascended-heroes,130,31673,https://images.tcggo.com/tcggo/storage/31825/ethans-magcargo-asc-222-ascended-heroes.png,https://www.tcggo.com/external/cm/31673,https://www.tcggo.com/external/tcgplayer/31673,Ethan's Magcargo,Ethan's Magcargo 222,,6.44,6.22,537,EUR,[],4.9,6,6,5.95,5.95,4.9,5.7,6.75,2,2,USD,,,,,,,,,,,,,,,,,,,,,219.95,5,,,,,,,,,103,2,,,,,35,1,EUR,4.8,Illustration Rare,ethans-magcargo,Pokémon,https://www.tcggo.com/pokemon/ascended-heroes/ethans-magcargo-222,me2pt5-222,676034,singles
2026-08-23T17:06:43+02:00,,776,Yoshimi Miyoshi,yoshimi-miyoshi,ASC 223,223,869834,217,295,ASC,Pokémon,pokemon,396,https://images.tcggo.com/tcggo/storage/34000/ascended_heroes.png,Ascended Heroes,EUR,4747.06,EUR,5013.47,2026-01-30,17,Mega Evolution,mega-evolution,ascended-heroes,80,31674,https://images.tcggo.com/tcggo/storage/31843/numel-asc-223-ascended-heroes.png,https://www.tcggo.com/external/cm/31674,https://www.tcggo.com/external/tcgplayer/31674,Numel,Numel 223,,4.29,4.29,564,EUR,[],4.25,3.4,3.4,3,3,4.25,4.85,4.85,1,1,USD,,,,,,,,,,,,,,,20,1,,,,,76,1,,,,,21.5,1,,,72.99,1,,,,,,,EUR,4,Illustration Rare,numel,Pokémon,https://www.tcggo.com/pokemon/ascended-heroes/numel-223,me2pt5-223,676035,singles
2026-08-23T17:06:43+02:00,,422,Dsuke,dsuke,ASC 224,224,869835,217,295,ASC,Pokémon,pokemon,396,https://images.tcggo.com/tcggo/storage/34000/ascended_heroes.png,Ascended Heroes,EUR,4747.06,EUR,5013.47,2026-01-30,17,Mega Evolution,mega-evolution,ascended-heroes,120,31675,https://images.tcggo.com/tcggo/storage/31861/salazzle-asc-224-ascended-heroes.png,https://www.tcggo.com/external/cm/31675,https://www.tcggo.com/external/tcgplayer/31675,Salazzle,Salazzle 224,,3.25,3.29,715,EUR,[],2.45,2.95,2.95,2.19,2.19,3,3.15,3.4,0.75,0.75,USD,,,,,,,,,,,,,,,95,1,,,,,89,1,,,,,,,,,,,,,,,,,EUR,2.2,Illustration Rare,salazzle,Pokémon,https://www.tcggo.com/pokemon/ascended-heroes/salazzle-224,me2pt5-224,676036,singles
2026-08-23T17:06:43+02:00,,409,Yuu Nishida,yuu-nishida,ASC 225,225,869836,217,295,ASC,Pokémon,pokemon,396,https://images.tcggo.com/tcggo/storage/34000/ascended_heroes.png,Ascended Heroes,EUR,4747.06,EUR,5013.47,2026-01-30,17,Mega Evolution,mega-evolution,ascended-heroes,70,31676,https://images.tcggo.com/tcggo/storage/31879/scorbunny-asc-225-ascended-heroes.png,https://www.tcggo.com/external/cm/31676,https://www.tcggo.com/external/tcgplayer/31676,Scorbunny,Scorbunny 225,,8.65,9.58,463,EUR,[],8,7.95,12.5,6,6,8,6.1,6.49,2,2,USD,39.85,5,,,,,24.54,4,,,,,,,71.36,5,,,17.84,1,83.63,5,12.64,1,,,26.74,5,,,133.8,1,,,,,35.67,1,EUR,7.32,Illustration Rare,scorbunny,Pokémon,https://www.tcggo.com/pokemon/ascended-heroes/scorbunny-225,me2pt5-225,676037,singles
2026-08-23T17:06:43+02:00,,470,REND,rend,ASC 226,226,869837,217,295,ASC,Pokémon,pokemon,396,https://images.tcggo.com/tcggo/storage/34000/ascended_heroes.png,Ascended Heroes,EUR,4747.06,EUR,5013.47,2026-01-30,17,Mega Evolution,mega-evolution,ascended-heroes,70,31677,https://images.tcggo.com/tcggo/storage/31898/psyduck-asc-226-ascended-heroes.png,https://www.tcggo.com/external/cm/31677,https://www.tcggo.com/external/tcgplayer/31677,Psyduck,Psyduck 226,,62.4,74.03,497,EUR,[],66.56,55,55,31,31,68.99,48.5,55,22.5,22.5,USD,129.05,5,,,65.87,5,69.43,5,1088.27,5,,,,,251.21,5,,,117.79,4,321.5,5,,,92.65,5,93.11,5,,,403.74,5,,,,,101.31,5,EUR,62.21,Illustration Rare,psyduck,Pokémon,https://www.tcggo.com/pokemon/ascended-heroes/psyduck-226,me2pt5-226,676038,singles
2026-08-23T17:06:43+02:00,,422,Dsuke,dsuke,ASC 227,227,869838,217,295,ASC,Pokémon,pokemon,396,https://images.tcggo.com/tcggo/storage/34000/ascended_heroes.png,Ascended Heroes,EUR,4747.06,EUR,5013.47,2026-01-30,17,Mega Evolution,mega-evolution,ascended-heroes,70,31678,https://images.tcggo.com/tcggo/storage/31917/snorunt-asc-227-ascended-heroes.png,https://www.tcggo.com/external/cm/31678,https://www.tcggo.com/external/tcgplayer/31678,Snorunt,Snorunt 227,,4.45,4.16,728,EUR,[],4.69,3.44,3.44,5,5,4.75,3.8,3.99,1.8,1.8,USD,49.88,3,,,,,,,,,,,,,70.87,1,,,,,67,5,,,,,,,,,,,,,,,,,EUR,4.65,Illustration Rare,snorunt,Pokémon,https://www.tcggo.com/pokemon/ascended-heroes/snorunt-227,me2pt5-227,676039,singles
2026-08-23T17:06:43+02:00,,419,Uninori,uninori,ASC 228,228,869839,217,295,ASC,Pokémon,pokemon,396,https://images.tcggo.com/tcggo/storage/34000/ascended_heroes.png,Ascended Heroes,EUR,4747.06,EUR,5013.47,2026-01-30,17,Mega Evolution,mega-evolution,ascended-heroes,100,31679,https://images.tcggo.com/tcggo/storage/31936/weavile-asc-228-ascended-heroes.png,https://www.tcggo.com/external/cm/31679,https://www.tcggo.com/external/tcgplayer/31679,Weavile,Weavile 228,,6.1,6.16,620,EUR,[],5.5,5.99,5.99,5.8,5.8,6,4.79,6.39,2.3,2.3,USD,37.68,5,,,,,21.19,2,,,,,,,43.11,4,,,12.26,1,178.01,5,,,,,35.63,3,,,,,,,,,,,EUR,5.05,Illustration Rare,weavile,Pokémon,https://www.tcggo.com/pokemon/ascended-heroes/weavile-228,me2pt5-228,676040,singles
2026-08-23T17:06:43+02:00,,436,Takeshi Nakamura,takeshi-nakamura,ASC 229,229,869840,217,295,ASC,Pokémon,pokemon,396,https://images.tcggo.com/tcggo/storage/34000/ascended_heroes.png,Ascended Heroes,EUR,4747.06,EUR,5013.47,2026-01-30,17,Mega Evolution,mega-evolution,ascended-heroes,120,31680,https://images.tcggo.com/tcggo/storage/31955/heliolisk-asc-229-ascended-heroes.png,https://www.tcggo.com/external/cm/31680,https://www.tcggo.com/external/tcgplayer/31680,Heliolisk,Heliolisk 229,,2.16,2.31,711,EUR,[],1.4,1,1,1.8,1.8,1.4,2,3,0.88,0.88,,,,,,,,,,,,,,,,,,,,,,,,,,,,,,,,,,,,,,,,EUR,1.84,Illustration Rare,heliolisk,Pokémon,https://www.tcggo.com/pokemon/ascended-heroes/heliolisk-229,me2pt5-229,676041,singles
2026-08-23T17:06:43+02:00,,471,Tonji Matsuno,tonji-matsuno,ASC 230,230,869841,217,295,ASC,Pokémon,pokemon,396,https://images.tcggo.com/tcggo/storage/34000/ascended_heroes.png,Ascended Heroes,EUR,4747.06,EUR,5013.47,2026-01-30,17,Mega Evolution,mega-evolution,ascended-heroes,160,31681,https://images.tcggo.com/tcggo/storage/31974/vikavolt-asc-230-ascended-heroes.png,https://www.tcggo.com/external/cm/31681,https://www.tcggo.com/external/tcgplayer/31681,Vikavolt,Vikavolt 230,,2.48,2.39,726,EUR,[],2.3,1.4,1.4,2.4,2.4,2.3,2.4,2.45,0.5,0.5,,,,,,,,,,,,,,,,,,,,,,,,,,,,,,,,,,,,,,,,EUR,2.44,Illustration Rare,vikavolt,Pokémon,https://www.tcggo.com/pokemon/ascended-heroes/vikavolt-230,me2pt5-230,676042,singles
2026-08-23T17:06:43+02:00,,423,mingo,mingo,ASC 231,231,869842,217,295,ASC,Pokémon,pokemon,396,https://images.tcggo.com/tcggo/storage/34000/ascended_heroes.png,Ascended Heroes,EUR,4747.06,EUR,5013.47,2026-01-30,17,Mega Evolution,mega-evolution,ascended-heroes,60,31682,https://images.tcggo.com/tcggo/storage/31993/ionos-wattrel-asc-231-ascended-heroes.png,https://www.tcggo.com/external/cm/31682,https://www.tcggo.com/external/tcgplayer/31682,Iono's Wattrel,Iono's Wattrel 231,,5.53,5.21,638,EUR,[],5.79,4.45,4.45,5,5,5.79,4.5,4.5,1.75,1.75,USD,35.64,5,,,,,,,,,,,,,52.81,5,,,,,53.52,5,16.54,2,12.27,1,16.07,5,,,89.2,5,10.04,1,,,22.29,1,EUR,6.81,Illustration Rare,ionos-wattrel,Pokémon,https://www.tcggo.com/pokemon/ascended-heroes/ionos-wattrel-231,me2pt5-231,676043,singles
2026-08-23T17:06:43+02:00,,390,Rond,rond,ASC 232,232,869843,217,295,ASC,Pokémon,pokemon,396,https://images.tcggo.com/tcggo/storage/34000/ascended_heroes.png,Ascended Heroes,EUR,4747.06,EUR,5013.47,2026-01-30,17,Mega Evolution,mega-evolution,ascended-heroes,70,31683,https://images.tcggo.com/tcggo/storage/32012/marill-asc-232-ascended-heroes.png,https://www.tcggo.com/external/cm/31683,https://www.tcggo.com/external/tcgplayer/31683,Marill,Marill 232,,8.22,8.37,558,EUR,[],8,7.85,7.85,5.25,5.25,8,6,6.2,2.78,2.78,USD,41.55,5,,,,,24.73,5,251.26,1,,,,,66.9,5,,,,,102.96,5,,,15.98,2,21.37,5,,,160.57,5,,,,,18.77,2,EUR,11.52,Illustration Rare,marill,Pokémon,https://www.tcggo.com/pokemon/ascended-heroes/marill-232,me2pt5-232,676044,singles
2026-08-23T17:06:43+02:00,,769,mashu,mashu,ASC 233,233,869844,217,295,ASC,Pokémon,pokemon,396,https://images.tcggo.com/tcggo/storage/34000/ascended_heroes.png,Ascended Heroes,EUR,4747.06,EUR,5013.47,2026-01-30,17,Mega Evolution,mega-evolution,ascended-heroes,60,31684,https://images.tcggo.com/tcggo/storage/31736/misdreavus-asc-233-ascended-heroes.png,https://www.tcggo.com/external/cm/31684,https://www.tcggo.com/external/tcgplayer/31684,Misdreavus,Misdreavus 233,,4.11,4.3,580,EUR,[],3.85,2.99,2.99,3,3,3.85,4.5,5,1.7,1.7,USD,,,,,,,,,,,,,,,,,,,,,62,3,,,,,20.5,1,,,89.99,1,,,,,,,EUR,4.7,Illustration Rare,misdreavus,Pokémon,https://www.tcggo.com/pokemon/ascended-heroes/misdreavus-233,me2pt5-233,676045,singles
2026-08-23T17:06:43+02:00,,765,YASHIRO Nanaco,yashiro-nanaco,ASC 234,234,869845,217,295,ASC,Pokémon,pokemon,396,https://images.tcggo.com/tcggo/storage/34000/ascended_heroes.png,Ascended Heroes,EUR,4747.06,EUR,5013.47,2026-01-30,17,Mega Evolution,mega-evolution,ascended-heroes,90,31685,https://images.tcggo.com/tcggo/storage/31754/banette-asc-234-ascended-heroes.png,https://www.tcggo.com/external/cm/31685,https://www.tcggo.com/external/tcgplayer/31685,Banette,Banette 234,,6.92,6.64,457,EUR,[],5.9,5,5,5.85,5.85,7,6,6,4.4,4.4,USD,39.99,5,,,,,34.68,1,78.55,1,,,,,48.73,5,,,,,86,5,,,13.03,5,21.59,5,,,110.63,4,,,,,,,EUR,9.79,Illustration Rare,banette,Pokémon,https://www.tcggo.com/pokemon/ascended-heroes/banette-234,me2pt5-234,676046,singles
2026-08-23T17:06:43+02:00,,417,satoma,satoma,ASC 235,235,869846,217,295,ASC,Pokémon,pokemon,396,https://images.tcggo.com/tcggo/storage/34000/ascended_heroes.png,Ascended Heroes,EUR,4747.06,EUR,5013.47,2026-01-30,17,Mega Evolution,mega-evolution,ascended-heroes,140,31686,https://images.tcggo.com/tcggo/storage/31772/togekiss-asc-235-ascended-heroes.png,https://www.tcggo.com/external/cm/31686,https://www.tcggo.com/external/tcgplayer/31686,Togekiss,Togekiss 235,,4.06,3.8,676,EUR,[],3.95,3,3,3,3,3.95,3.85,4,1.29,1.29,USD,39.7,5,,,,,13.4,2,,,,,,,44.33,5,,,,,50.99,5,7.43,1,,,8.87,5,,,68.51,2,,,,,26.6,1,EUR,4.82,Illustration Rare,togekiss,Pokémon,https://www.tcggo.com/pokemon/ascended-heroes/togekiss-235,me2pt5-235,676047,singles
2026-08-23T17:06:43+02:00,,1068,Yoshimoto Yoshimon,yoshimoto-yoshimon,ASC 236,236,869847,217,295,ASC,Pokémon,pokemon,396,https://images.tcggo.com/tcggo/storage/34000/ascended_heroes.png,Ascended Heroes,EUR,4747.06,EUR,5013.47,2026-01-30,17,Mega Evolution,mega-evolution,ascended-heroes,120,31687,https://images.tcggo.com/tcggo/storage/31790/slurpuff-asc-236-ascended-heroes.png,https://www.tcggo.com/external/cm/31687,https://www.tcggo.com/external/tcgplayer/31687,Slurpuff,Slurpuff 236,,3.68,3.72,556,EUR,[],1.99,2.33,2.33,3.5,3.5,1.99,2.99,3,1.44,1.44,USD,,,,,,,,,,,,,,,,,9.5,1,,,107.3,4,,,,,,,,,,,,,,,,,EUR,6.29,Illustration Rare,slurpuff,Pokémon,https://www.tcggo.com/pokemon/ascended-heroes/slurpuff-236,me2pt5-236,676048,singles
2026-08-23T17:06:43+02:00,,820,Tomowaka,tomowaka,ASC 237,237,869848,217,295,ASC,Pokémon,pokemon,396,https://images.tcggo.com/tcggo/storage/34000/ascended_heroes.png,Ascended Heroes,EUR,4747.06,EUR,5013.47,2026-01-30,17,Mega Evolution,mega-evolution,ascended-heroes,140,31688,https://images.tcggo.com/tcggo/storage/31808/hops-trevenant-asc-237-ascended-heroes.png,https://www.tcggo.com/external/cm/31688,https://www.tcggo.com/external/tcgplayer/31688,Hop's Trevenant,Hop's Trevenant 237,,3.95,3.96,589,EUR,[],3.25,3.4,3.4,3.1,3.1,3.25,2.9,2.5,1,1.25,USD,,,,,,,,,,,,,,,36,2,,,,,,,,,,,12.5,1,,,,,,,,,,,EUR,3.97,Illustration Rare,hops-trevenant,Pokémon,https://www.tcggo.com/pokemon/ascended-heroes/hops-trevenant-237,me2pt5-237,676049,singles
2026-08-23T17:06:43+02:00,,373,GOSSAN,gossan,ASC 238,238,869849,217,295,ASC,Pokémon,pokemon,396,https://images.tcggo.com/tcggo/storage/34000/ascended_heroes.png,Ascended Heroes,EUR,4747.06,EUR,5013.47,2026-01-30,17,Mega Evolution,mega-evolution,ascended-heroes,60,31689,https://images.tcggo.com/tcggo/storage/31826/team-rockets-mimikyu-asc-238-ascended-heroes.png,https://www.tcggo.com/external/cm/31689,https://www.tcggo.com/external/tcgplayer/31689,Team Rocket's Mimikyu,Team Rocket's Mimikyu 238,,15.9,20.5,632,EUR,[],18,9,9,11.2,11.2,18,10,18.5,5,5,USD,56.52,5,,,,,26.21,4,,,,,31.22,2,95.19,5,,,26.78,2,150.54,5,15.41,2,18.61,5,31.97,5,,,208.15,5,,,,,64.67,4,EUR,17.31,Illustration Rare,team-rockets-mimikyu,Pokémon,https://www.tcggo.com/pokemon/ascended-heroes/team-rockets-mimikyu-238,me2pt5-238,676050,singles
2026-08-23T17:06:43+02:00,,432,Whisker,whisker,ASC 239,239,869850,217,295,ASC,Pokémon,pokemon,396,https://images.tcggo.com/tcggo/storage/34000/ascended_heroes.png,Ascended Heroes,EUR,4747.06,EUR,5013.47,2026-01-30,17,Mega Evolution,mega-evolution,ascended-heroes,100,31690,https://images.tcggo.com/tcggo/storage/31844/team-rockets-dugtrio-asc-239-ascended-heroes.png,https://www.tcggo.com/external/cm/31690,https://www.tcggo.com/external/tcgplayer/31690,Team Rocket's Dugtrio,Team Rocket's Dugtrio 239,,8.29,7.89,649,EUR,[],9,6.19,6.19,4.99,4.99,9,7.45,8.5,1.99,1.99,USD,61.35,5,,,,,29.06,2,,,,,,,72.12,5,,,,,99.24,5,,,,,17.11,5,,,142.99,2,,,,,22.29,1,EUR,7.04,Illustration Rare,team-rockets-dugtrio,Pokémon,https://www.tcggo.com/pokemon/ascended-heroes/team-rockets-dugtrio-239,me2pt5-239,676051,singles
2026-08-23T17:06:43+02:00,,389,osare,osare,ASC 240,240,869851,217,295,ASC,Pokémon,pokemon,396,https://images.tcggo.com/tcggo/storage/34000/ascended_heroes.png,Ascended Heroes,EUR,4747.06,EUR,5013.47,2026-01-30,17,Mega Evolution,mega-evolution,ascended-heroes,100,31691,https://images.tcggo.com/tcggo/storage/31862/hitmontop-asc-240-ascended-heroes.png,https://www.tcggo.com/external/cm/31691,https://www.tcggo.com/external/tcgplayer/31691,Hitmontop,Hitmontop 240,,4.06,3.81,595,EUR,[],4,2.5,2.5,3.98,3.98,4.25,3.4,3.89,1.5,1.5,USD,,,,,,,,,,,,,,,20.5,1,,,,,226.5,2,,,,,51.69,1,,,,,,,,,,,EUR,5.05,Illustration Rare,hitmontop,Pokémon,https://www.tcggo.com/pokemon/ascended-heroes/hitmontop-240,me2pt5-240,676052,singles
2026-08-23T17:06:43+02:00,,382,KEIICHIRO ITO,keiichiro-ito,ASC 241,241,869852,217,295,ASC,Pokémon,pokemon,396,https://images.tcggo.com/tcggo/storage/34000/ascended_heroes.png,Ascended Heroes,EUR,4747.06,EUR,5013.47,2026-01-30,17,Mega Evolution,mega-evolution,ascended-heroes,120,31692,https://images.tcggo.com/tcggo/storage/31880/medicham-asc-241-ascended-heroes.png,https://www.tcggo.com/external/cm/31692,https://www.tcggo.com/external/tcgplayer/31692,Medicham,Medicham 241,,2.48,2.39,726,EUR,[],2.5,2.39,2.39,2.9,2.9,2.99,2.9,3.98,1,1,USD,92.12,1,,,,,,,,,,,,,45,1,,,,,130,5,,,,,,,,,99.99,2,,,,,,,EUR,4.38,Illustration Rare,medicham,Pokémon,https://www.tcggo.com/pokemon/ascended-heroes/medicham-241,me2pt5-241,676053,singles
2026-08-23T17:06:43+02:00,,503,sui,sui,ASC 242,242,869853,217,295,ASC,Pokémon,pokemon,396,https://images.tcggo.com/tcggo/storage/34000/ascended_heroes.png,Ascended Heroes,EUR,4747.06,EUR,5013.47,2026-01-30,17,Mega Evolution,mega-evolution,ascended-heroes,90,31693,https://images.tcggo.com/tcggo/storage/31899/carbink-asc-242-ascended-heroes.png,https://www.tcggo.com/external/cm/31693,https://www.tcggo.com/external/tcgplayer/31693,Carbink,Carbink 242,,3.52,3.13,608,EUR,[],3,2.85,2.85,2.5,2.5,3.45,3,3.4,1.2,1.2,USD,,,,,,,,,,,,,,,42.51,1,,,,,88.6,2,,,,,,,,,,,,,,,,,EUR,4.45,Illustration Rare,carbink,Pokémon,https://www.tcggo.com/pokemon/ascended-heroes/carbink-242,me2pt5-242,676054,singles
2026-08-23T17:06:43+02:00,,476,Yano Keiji,yano-keiji,ASC 243,243,869854,217,295,ASC,Pokémon,pokemon,396,https://images.tcggo.com/tcggo/storage/34000/ascended_heroes.png,Ascended Heroes,EUR,4747.06,EUR,5013.47,2026-01-30,17,Mega Evolution,mega-evolution,ascended-heroes,120,31694,https://images.tcggo.com/tcggo/storage/31918/mightyena-asc-243-ascended-heroes.png,https://www.tcggo.com/external/cm/31694,https://www.tcggo.com/external/tcgplayer/31694,Mightyena,Mightyena 243,,6.94,8.19,565,EUR,[],4.5,5,5,4.75,4.75,6.5,6,8,2.99,2.99,USD,39.02,5,,,,,26.42,3,,,,,,,44.6,5,17.83,1,,,93.29,5,,,11.9,2,19.33,5,,,95.45,1,,,,,,,EUR,6.16,Illustration Rare,mightyena,Pokémon,https://www.tcggo.com/pokemon/ascended-heroes/mightyena-243,me2pt5-243,676055,singles
2026-08-23T17:06:43+02:00,,462,hncl,hncl,ASC 244,244,869855,217,295,ASC,Pokémon,pokemon,396,https://images.tcggo.com/tcggo/storage/34000/ascended_heroes.png,Ascended Heroes,EUR,4747.06,EUR,5013.47,2026-01-30,17,Mega Evolution,mega-evolution,ascended-heroes,70,31695,https://images.tcggo.com/tcggo/storage/31937/cynthias-spiritomb-asc-244-ascended-heroes.png,https://www.tcggo.com/external/cm/31695,https://www.tcggo.com/external/tcgplayer/31695,Cynthia's Spiritomb,Cynthia's Spiritomb 244,,7.44,6.95,608,EUR,[],7.5,5.5,5.5,8,8,7.5,7,12.5,2.8,2.8,USD,43.73,5,,,,,25.29,3,,,,,,,60.96,5,,,,,108.64,5,,,,,24.53,5,,,177.01,5,,,,,31.54,1,EUR,6.79,Illustration Rare,cynthias-spiritomb,Pokémon,https://www.tcggo.com/pokemon/ascended-heroes/cynthias-spiritomb-244,me2pt5-244,676056,singles
2026-08-23T17:06:43+02:00,,442,Krgc,krgc,ASC 245,245,869856,217,295,ASC,Pokémon,pokemon,396,https://images.tcggo.com/tcggo/storage/34000/ascended_heroes.png,Ascended Heroes,EUR,4747.06,EUR,5013.47,2026-01-30,17,Mega Evolution,mega-evolution,ascended-heroes,170,31696,https://images.tcggo.com/tcggo/storage/31956/galarian-obstagoon-asc-245-ascended-heroes.png,https://www.tcggo.com/external/cm/31696,https://www.tcggo.com/external/tcgplayer/31696,Galarian Obstagoon,Galarian Obstagoon 245,,3.16,3.15,748,EUR,[],0.5,2.49,2.5,2.3,2.3,0.5,2.9,3.34,0.75,0.75,USD,,,,,,,,,,,,,,,15.55,1,,,,,,,,,,,,,,,,,,,,,,,EUR,2.81,Illustration Rare,galarian-obstagoon,Pokémon,https://www.tcggo.com/pokemon/ascended-heroes/galarian-obstagoon-245,me2pt5-245,676057,singles
2026-08-23T17:06:43+02:00,,381,sowsow,sowsow,ASC 246,246,869857,217,295,ASC,Pokémon,pokemon,396,https://images.tcggo.com/tcggo/storage/34000/ascended_heroes.png,Ascended Heroes,EUR,4747.06,EUR,5013.47,2026-01-30,17,Mega Evolution,mega-evolution,ascended-heroes,90,31697,https://images.tcggo.com/tcggo/storage/31975/mawile-asc-246-ascended-heroes.png,https://www.tcggo.com/external/cm/31697,https://www.tcggo.com/external/tcgplayer/31697,Mawile,Mawile 246,,5.21,5.26,540,EUR,[],5.91,3.9,3.99,3.9,3.9,6,4,2.35,2.35,2.35,USD,36.32,5,,,,,17.79,1,,,,,,,58.94,5,,,,,129.99,5,,,,,31.74,2,,,,,,,,,,,EUR,5.13,Illustration Rare,mawile,Pokémon,https://www.tcggo.com/pokemon/ascended-heroes/mawile-246,me2pt5-246,676058,singles
2026-08-23T17:06:43+02:00,,386,Jerky,jerky,ASC 247,247,869858,217,295,ASC,Pokémon,pokemon,396,https://images.tcggo.com/tcggo/storage/34000/ascended_heroes.png,Ascended Heroes,EUR,4747.06,EUR,5013.47,2026-01-30,17,Mega Evolution,mega-evolution,ascended-heroes,70,31698,https://images.tcggo.com/tcggo/storage/31994/dreepy-asc-247-ascended-heroes.png,https://www.tcggo.com/external/cm/31698,https://www.tcggo.com/external/tcgplayer/31698,Dreepy,Dreepy 247,,5.29,4.99,708,EUR,[],5.4,3.5,3.5,7,7,5.4,4,3.95,2.4,2.4,USD,57.5,4,,,,,,,,,,,,,84.05,2,,,,,62.56,5,,,11.59,1,19.33,5,,,119.42,4,,,,,,,EUR,5.89,Illustration Rare,dreepy,Pokémon,https://www.tcggo.com/pokemon/ascended-heroes/dreepy-247,me2pt5-247,676059,singles
2026-08-23T17:06:43+02:00,,386,Jerky,jerky,ASC 248,248,869859,217,295,ASC,Pokémon,pokemon,396,https://images.tcggo.com/tcggo/storage/34000/ascended_heroes.png,Ascended Heroes,EUR,4747.06,EUR,5013.47,2026-01-30,17,Mega Evolution,mega-evolution,ascended-heroes,90,31699,https://images.tcggo.com/tcggo/storage/32013/drakloak-asc-248-ascended-heroes.png,https://www.tcggo.com/external/cm/31699,https://www.tcggo.com/external/tcgplayer/31699,Drakloak,Drakloak 248,,5.86,5.86,737,EUR,[],4.9,5.5,5.5,6.78,6.78,4.9,4.45,4.5,2.8,2.8,USD,32.02,5,,,,,13.96,4,,,,,,,44.29,2,,,,,48.65,5,11.54,1,9.45,3,13.03,5,,,163.91,2,,,,,24.99,1,EUR,4.63,Illustration Rare,drakloak,Pokémon,https://www.tcggo.com/pokemon/ascended-heroes/drakloak-248,me2pt5-248,676060,singles
2026-08-23T17:06:43+02:00,,454,kantaro,kantaro,ASC 249,249,869860,217,295,ASC,Pokémon,pokemon,396,https://images.tcggo.com/tcggo/storage/34000/ascended_heroes.png,Ascended Heroes,EUR,4747.06,EUR,5013.47,2026-01-30,17,Mega Evolution,mega-evolution,ascended-heroes,150,31700,https://images.tcggo.com/tcggo/storage/31737/larrys-staraptor-asc-249-ascended-heroes.png,https://www.tcggo.com/external/cm/31700,https://www.tcggo.com/external/tcgplayer/31700,Larry's Staraptor,Larry's Staraptor 249,,4.59,4.57,630,EUR,[],3.75,3.8,3.8,3.5,3.5,3.75,4.69,4.9,1,1,USD,,,,,,,,,,,,,,,100,1,,,,,,,,,,,,,,,,,,,,,,,EUR,4,Illustration Rare,larrys-staraptor,Pokémon,https://www.tcggo.com/pokemon/ascended-heroes/larrys-staraptor-249,me2pt5-249,676061,singles
2026-08-23T17:06:43+02:00,,465,Yukihiro Tada,yukihiro-tada,ASC 250,250,869861,217,295,ASC,Pokémon,pokemon,396,https://images.tcggo.com/tcggo/storage/34000/ascended_heroes.png,Ascended Heroes,EUR,4747.06,EUR,5013.47,2026-01-30,17,Mega Evolution,mega-evolution,ascended-heroes,70,31701,https://images.tcggo.com/tcggo/storage/31755/fan-rotom-asc-250-ascended-heroes.png,https://www.tcggo.com/external/cm/31701,https://www.tcggo.com/external/tcgplayer/31701,Fan Rotom,Fan Rotom 250,,2.8,2.9,777,EUR,[],2.49,1.99,1.99,2.95,2.95,2.49,2,3,1,1,,,,,,,,,,,,,,,,,,,,,,,,,,,,,,,,,,,,,,,,EUR,2.66,Illustration Rare,fan-rotom,Pokémon,https://www.tcggo.com/pokemon/ascended-heroes/fan-rotom-250,me2pt5-250,676062,singles
2026-08-23T17:06:43+02:00,,380,5ban Graphics,5ban-graphics,ASC 251,251,869862,217,295,ASC,Pokémon,pokemon,396,https://images.tcggo.com/tcggo/storage/34000/ascended_heroes.png,Ascended Heroes,EUR,4747.06,EUR,5013.47,2026-01-30,17,Mega Evolution,mega-evolution,ascended-heroes,200,31702,https://images.tcggo.com/tcggo/storage/31773/sprigatito-ex-asc-251-ascended-heroes.png,https://www.tcggo.com/external/cm/31702,https://www.tcggo.com/external/tcgplayer/31702,Sprigatito ex,Sprigatito ex 251,,1.81,1.87,754,EUR,[],1.3,1,1.49,1.49,1.49,1.49,1,1,0.18,0.18,,,,,,,,,,,,,,,,,,,,,,,,,,,,,,,,,,,,,,,,EUR,1.9,Ultra Rare,sprigatito-ex,Pokémon,https://www.tcggo.com/pokemon/ascended-heroes/sprigatito-ex-251,me2pt5-251,676063,singles
2026-08-23T17:06:43+02:00,,380,5ban Graphics,5ban-graphics,ASC 252,252,869863,217,295,ASC,Pokémon,pokemon,396,https://images.tcggo.com/tcggo/storage/34000/ascended_heroes.png,Ascended Heroes,EUR,4747.06,EUR,5013.47,2026-01-30,17,Mega Evolution,mega-evolution,ascended-heroes,210,31703,https://images.tcggo.com/tcggo/storage/31791/stunfisk-ex-asc-252-ascended-heroes.png,https://www.tcggo.com/external/cm/31703,https://www.tcggo.com/external/tcgplayer/31703,Stunfisk ex,Stunfisk ex 252,,0.76,0.78,1425,EUR,[],0.4,0.29,0.29,0.4,0.4,0.4,0.4,0.4,0.02,0.02,,,,,,,,,,,,,,,,,,,,,,,,,,,,,,,,,,,,,,,,EUR,0.62,Ultra Rare,stunfisk-ex,Pokémon,https://www.tcggo.com/pokemon/ascended-heroes/stunfisk-ex-252,me2pt5-252,676064,singles
2026-08-23T17:06:43+02:00,,380,5ban Graphics,5ban-graphics,ASC 253,253,869864,217,295,ASC,Pokémon,pokemon,396,https://images.tcggo.com/tcggo/storage/34000/ascended_heroes.png,Ascended Heroes,EUR,4747.06,EUR,5013.47,2026-01-30,17,Mega Evolution,mega-evolution,ascended-heroes,270,31704,https://images.tcggo.com/tcggo/storage/31809/mega-audino-ex-asc-253-ascended-heroes.png,https://www.tcggo.com/external/cm/31704,https://www.tcggo.com/external/tcgplayer/31704,Mega Audino ex,Mega Audino ex 253,,1.58,1.48,1162,EUR,[],0.95,1.19,1.19,1.45,1.45,0.95,0.95,0.99,0.49,0.49,,,,,,,,,,,,,,,,,,,,,,,,,,,,,,,,,,,,,,,,EUR,1.46,Ultra Rare,mega-audino-ex,Pokémon,https://www.tcggo.com/pokemon/ascended-heroes/mega-audino-ex-253,me2pt5-253,676065,singles
2026-08-23T17:06:43+02:00,,379,Sanosuke Sakuma,sanosuke-sakuma,ASC 254,254,869865,217,295,ASC,Pokémon,pokemon,396,https://images.tcggo.com/tcggo/storage/34000/ascended_heroes.png,Ascended Heroes,EUR,4747.06,EUR,5013.47,2026-01-30,17,Mega Evolution,mega-evolution,ascended-heroes,0,31705,https://images.tcggo.com/tcggo/storage/31827/anthea-concordia-asc-254-ascended-heroes.png,https://www.tcggo.com/external/cm/31705,https://www.tcggo.com/external/tcgplayer/31705,Anthea & Concordia,Anthea & Concordia 254,,1,1.05,1341,EUR,[],0.5,0.45,0.45,0.99,0.99,0.5,0.7,0.78,0.18,0.18,,,,,,,,,,,,,,,,,,,,,,,,,,,,,,,,,,,,,,,,EUR,0.91,Ultra Rare,anthea-concordia,Trainer,https://www.tcggo.com/pokemon/ascended-heroes/anthea-concordia-254,me2pt5-254,676066,singles
2026-08-23T17:06:43+02:00,,373,GOSSAN,gossan,ASC 255,255,869867,217,295,ASC,Pokémon,pokemon,396,https://images.tcggo.com/tcggo/storage/34000/ascended_heroes.png,Ascended Heroes,EUR,4747.06,EUR,5013.47,2026-01-30,17,Mega Evolution,mega-evolution,ascended-heroes,0,31706,https://images.tcggo.com/tcggo/storage/31845/black-belts-training-asc-255-ascended-heroes.png,https://www.tcggo.com/external/cm/31706,https://www.tcggo.com/external/tcgplayer/31706,Black Belt's Training,Black Belt's Training 255,,0.96,0.91,1199,EUR,[],0.28,0.5,0.5,0.92,0.92,0.3,0.45,0.49,0.18,0.18,,,,,,,,,,,,,,,,,,,,,,,,,,,,,,,,,,,,,,,,EUR,0.81,Ultra Rare,black-belts-training,Trainer,https://www.tcggo.com/pokemon/ascended-heroes/black-belts-training-255,me2pt5-255,676067,singles
2026-08-23T17:06:43+02:00,,430,akagi,akagi,ASC 256,256,869866,217,295,ASC,Pokémon,pokemon,396,https://images.tcggo.com/tcggo/storage/34000/ascended_heroes.png,Ascended Heroes,EUR,4747.06,EUR,5013.47,2026-01-30,17,Mega Evolution,mega-evolution,ascended-heroes,0,31707,https://images.tcggo.com/tcggo/storage/31863/bosss-orders-asc-256-ascended-heroes.png,https://www.tcggo.com/external/cm/31707,https://www.tcggo.com/external/tcgplayer/31707,Boss's Orders,Boss's Orders 256,,4.5,4.3,591,EUR,[],2.79,3.9,3.9,6.99,6.99,2.79,3,3.4,2,2,USD,31.68,5,,,,,,,,,,,,,,,,,,,124.89,5,,,6.52,2,12.78,2,,,53.29,2,,,,,,,EUR,5.06,Ultra Rare,bosss-orders,Trainer,https://www.tcggo.com/pokemon/ascended-heroes/bosss-orders-256,me2pt5-256,676068,singles
2026-08-23T17:06:43+02:00,,463,Naoki Saito,naoki-saito,ASC 257,257,869868,217,295,ASC,Pokémon,pokemon,396,https://images.tcggo.com/tcggo/storage/34000/ascended_heroes.png,Ascended Heroes,EUR,4747.06,EUR,5013.47,2026-01-30,17,Mega Evolution,mega-evolution,ascended-heroes,0,31708,https://images.tcggo.com/tcggo/storage/31881/canari-asc-257-ascended-heroes.png,https://www.tcggo.com/external/cm/31708,https://www.tcggo.com/external/tcgplayer/31708,Canari,Canari 257,,2.39,2.37,834,EUR,[],1.4,1.94,1.94,2.98,2.98,2,1.49,1.49,0.4,0.4,USD,,,,,,,,,,,,,,,191.5,1,,,,,175,1,,,,,,,,,89.99,1,,,,,,,EUR,2.63,Ultra Rare,canari,Trainer,https://www.tcggo.com/pokemon/ascended-heroes/canari-257,me2pt5-257,676069,singles
2026-08-23T17:06:43+02:00,,470,REND,rend,ASC 258,258,869869,217,295,ASC,Pokémon,pokemon,396,https://images.tcggo.com/tcggo/storage/34000/ascended_heroes.png,Ascended Heroes,EUR,4747.06,EUR,5013.47,2026-01-30,17,Mega Evolution,mega-evolution,ascended-heroes,0,31709,https://images.tcggo.com/tcggo/storage/31900/cheren-asc-258-ascended-heroes.png,https://www.tcggo.com/external/cm/31709,https://www.tcggo.com/external/tcgplayer/31709,Cheren,Cheren 258,,0.8,0.88,1279,EUR,[],0.49,0.2,0.2,0.5,0.5,0.49,0.5,0.5,0.1,0.1,,,,,,,,,,,,,,,,,,,,,,,,,,,,,,,,,,,,,,,,EUR,0.68,Ultra Rare,cheren,Trainer,https://www.tcggo.com/pokemon/ascended-heroes/cheren-258,me2pt5-258,676070,singles
2026-08-23T17:06:43+02:00,,458,Toyste Beach,toyste-beach,ASC 259,259,869870,217,295,ASC,Pokémon,pokemon,396,https://images.tcggo.com/tcggo/storage/34000/ascended_heroes.png,Ascended Heroes,EUR,4747.06,EUR,5013.47,2026-01-30,17,Mega Evolution,mega-evolution,ascended-heroes,0,31710,https://images.tcggo.com/tcggo/storage/31919/counter-gain-asc-259-ascended-heroes.png,https://www.tcggo.com/external/cm/31710,https://www.tcggo.com/external/tcgplayer/31710,Counter Gain,Counter Gain 259,,0.57,0.67,1722,EUR,[],0.1,0.14,0.14,0.14,0.14,0.1,0.2,0.2,0.1,0.1,,,,,,,,,,,,,,,,,,,,,,,,,,,,,,,,,,,,,,,,EUR,0.49,Ultra Rare,counter-gain,Trainer,https://www.tcggo.com/pokemon/ascended-heroes/counter-gain-259,me2pt5-259,676071,singles
2026-08-23T17:06:43+02:00,,458,Toyste Beach,toyste-beach,ASC 260,260,869871,217,295,ASC,Pokémon,pokemon,396,https://images.tcggo.com/tcggo/storage/34000/ascended_heroes.png,Ascended Heroes,EUR,4747.06,EUR,5013.47,2026-01-30,17,Mega Evolution,mega-evolution,ascended-heroes,0,31711,https://images.tcggo.com/tcggo/storage/31938/glass-trumpet-asc-260-ascended-heroes.png,https://www.tcggo.com/external/cm/31711,https://www.tcggo.com/external/tcgplayer/31711,Glass Trumpet,Glass Trumpet 260,,0.64,0.66,1406,EUR,[],0.2,0.11,0.11,0.3,0.3,0.2,0.1,0.2,0.09,0.09,,,,,,,,,,,,,,,,,,,,,,,,,,,,,,,,,,,,,,,,EUR,0.48,Ultra Rare,glass-trumpet,Trainer,https://www.tcggo.com/pokemon/ascended-heroes/glass-trumpet-260,me2pt5-260,676072,singles
2026-08-23T17:06:43+02:00,,453,AYUMI ODASHIMA,ayumi-odashima,ASC 261,261,869872,217,295,ASC,Pokémon,pokemon,396,https://images.tcggo.com/tcggo/storage/34000/ascended_heroes.png,Ascended Heroes,EUR,4747.06,EUR,5013.47,2026-01-30,17,Mega Evolution,mega-evolution,ascended-heroes,0,31712,https://images.tcggo.com/tcggo/storage/31957/jamming-tower-asc-261-ascended-heroes.png,https://www.tcggo.com/external/cm/31712,https://www.tcggo.com/external/tcgplayer/31712,Jamming Tower,Jamming Tower 261,,0.94,0.96,1301,EUR,[],0.39,0.3,0.3,0.95,0.95,0.48,0.35,0.45,0.25,0.25,,,,,,,,,,,,,,,,,,,,,,,,,,,,,,,,,,,,,,,,EUR,0.66,Ultra Rare,jamming-tower,Trainer,https://www.tcggo.com/pokemon/ascended-heroes/jamming-tower-261,me2pt5-261,676073,singles
2026-08-23T17:06:43+02:00,,458,Toyste Beach,toyste-beach,ASC 262,262,869873,217,295,ASC,Pokémon,pokemon,396,https://images.tcggo.com/tcggo/storage/34000/ascended_heroes.png,Ascended Heroes,EUR,4747.06,EUR,5013.47,2026-01-30,17,Mega Evolution,mega-evolution,ascended-heroes,0,31713,https://images.tcggo.com/tcggo/storage/31976/ns-pp-up-asc-262-ascended-heroes.png,https://www.tcggo.com/external/cm/31713,https://www.tcggo.com/external/tcgplayer/31713,N's PP Up,N's PP Up 262,,0.99,1.02,1169,EUR,[],0.5,0.25,0.25,0.95,0.95,0.5,0.25,0.28,0.2,0.2,,,,,,,,,,,,,,,,,,,,,,,,,,,,,,,,,,,,,,,,EUR,1.65,Ultra Rare,ns-pp-up,Trainer,https://www.tcggo.com/pokemon/ascended-heroes/ns-pp-up-262,me2pt5-262,676074,singles
2026-08-23T17:06:43+02:00,,464,inose yukie,inose-yukie,ASC 263,263,869874,217,295,ASC,Pokémon,pokemon,396,https://images.tcggo.com/tcggo/storage/34000/ascended_heroes.png,Ascended Heroes,EUR,4747.06,EUR,5013.47,2026-01-30,17,Mega Evolution,mega-evolution,ascended-heroes,0,31714,https://images.tcggo.com/tcggo/storage/31995/team-rockets-transceiver-asc-263-ascended-heroes.png,https://www.tcggo.com/external/cm/31714,https://www.tcggo.com/external/tcgplayer/31714,Team Rocket's Transceiver,Team Rocket's Transceiver 263,,1.32,1.19,905,EUR,[],0.45,0.7,0.7,1.45,1.45,0.45,0.65,0.65,0.2,0.2,,,,,,,,,,,,,,,,,,,,,,,,,,,,,,,,,,,,,,,,EUR,1.21,Ultra Rare,team-rockets-transceiver,Trainer,https://www.tcggo.com/pokemon/ascended-heroes/team-rockets-transceiver-263,me2pt5-263,676075,singles
2026-08-23T17:06:43+02:00,,461,Studio Bora Inc.,studio-bora-inc,ASC 264,264,869875,217,295,ASC,Pokémon,pokemon,396,https://images.tcggo.com/tcggo/storage/34000/ascended_heroes.png,Ascended Heroes,EUR,4747.06,EUR,5013.47,2026-01-30,17,Mega Evolution,mega-evolution,ascended-heroes,0,31715,https://images.tcggo.com/tcggo/storage/32014/ultra-ball-asc-264-ascended-heroes.png,https://www.tcggo.com/external/cm/31715,https://www.tcggo.com/external/tcgplayer/31715,Ultra Ball,Ultra Ball 264,,4.67,4.57,690,EUR,[],3.8,3.6,3.6,6,6,3.8,1,1,2.6,2.6,USD,24.99,1,,,,,,,,,,,,,,,,,,,8.85,1,,,,,,,,,,,,,,,,,EUR,4.66,Ultra Rare,ultra-ball,Trainer,https://www.tcggo.com/pokemon/ascended-heroes/ultra-ball-264,me2pt5-264,676076,singles
2026-08-23T17:06:43+02:00,,370,Saboteri,saboteri,ASC 265,265,869876,217,295,ASC,Pokémon,pokemon,396,https://images.tcggo.com/tcggo/storage/34000/ascended_heroes.png,Ascended Heroes,EUR,4747.06,EUR,5013.47,2026-01-30,17,Mega Evolution,mega-evolution,ascended-heroes,310,31716,https://images.tcggo.com/tcggo/storage/31738/mega-froslass-ex-asc-265-ascended-heroes.png,https://www.tcggo.com/external/cm/31716,https://www.tcggo.com/external/tcgplayer/31716,Mega Froslass ex,Mega Froslass ex 265,,7.78,7.26,768,EUR,[],7.45,6.25,6.3,7.95,7.95,7.45,5.9,6,4,4,USD,41.92,5,,,,,21.25,3,113.42,2,,,,,134.02,5,,,,,90.46,5,,,44.67,1,22.33,5,,,129.55,5,,,,,40.2,2,EUR,6.92,MEGA_ATTACK_RARE,mega-froslass-ex,Pokémon,https://www.tcggo.com/pokemon/ascended-heroes/mega-froslass-ex-265,me2pt5-265,676077,singles
2026-08-23T17:06:43+02:00,,429,DOM,dom,ASC 266,266,802886,217,295,ASC,Pokémon,pokemon,396,https://images.tcggo.com/tcggo/storage/34000/ascended_heroes.png,Ascended Heroes,EUR,4747.06,EUR,5013.47,2026-01-30,17,Mega Evolution,mega-evolution,ascended-heroes,350,31717,https://images.tcggo.com/tcggo/storage/31756/mega-eelektross-ex-asc-266-ascended-heroes.png,https://www.tcggo.com/external/cm/31717,https://www.tcggo.com/external/tcgplayer/31717,Mega Eelektross ex,Mega Eelektross ex 266,,4.2,3.75,810,EUR,[],3.2,2.9,2.9,3.5,3.5,3.2,3.85,4.5,1.5,1.5,USD,31.9,5,,,,,10.8,1,133.02,1,,,,,22.16,5,,,,,66.51,5,,,7.39,1,14.79,5,,,97.55,5,,,,,17.73,1,EUR,3.79,MEGA_ATTACK_RARE,mega-eelektross-ex,Pokémon,https://www.tcggo.com/pokemon/ascended-heroes/mega-eelektross-ex-266,me2pt5-266,676078,singles
2026-08-23T17:06:43+02:00,,429,DOM,dom,ASC 267,267,869878,217,295,ASC,Pokémon,pokemon,396,https://images.tcggo.com/tcggo/storage/34000/ascended_heroes.png,Ascended Heroes,EUR,4747.06,EUR,5013.47,2026-01-30,17,Mega Evolution,mega-evolution,ascended-heroes,270,31718,https://images.tcggo.com/tcggo/storage/31774/mega-diancie-ex-asc-267-ascended-heroes.png,https://www.tcggo.com/external/cm/31718,https://www.tcggo.com/external/tcgplayer/31718,Mega Diancie ex,Mega Diancie ex 267,,5.54,5.27,741,EUR,[],5.5,3.49,3.49,4.95,4.95,5.5,4,4,2.5,2.5,USD,107.41,1,,,,,,,,,,,,,150,1,,,,,100,5,,,,,26.75,2,,,185,3,,,,,,,EUR,5.56,MEGA_ATTACK_RARE,mega-diancie-ex,Pokémon,https://www.tcggo.com/pokemon/ascended-heroes/mega-diancie-ex-267,me2pt5-267,676079,singles
2026-08-23T17:06:43+02:00,,480,Taiga Kasai,taiga-kasai,ASC 268,268,869879,217,295,ASC,Pokémon,pokemon,396,https://images.tcggo.com/tcggo/storage/34000/ascended_heroes.png,Ascended Heroes,EUR,4747.06,EUR,5013.47,2026-01-30,17,Mega Evolution,mega-evolution,ascended-heroes,250,31719,https://images.tcggo.com/tcggo/storage/31792/mega-hawlucha-ex-asc-268-ascended-heroes.png,https://www.tcggo.com/external/cm/31719,https://www.tcggo.com/external/tcgplayer/31719,Mega Hawlucha ex,Mega Hawlucha ex 268,,4.06,3.73,816,EUR,[],3.5,3,3,3.95,3.95,3.5,3,3,1.99,1.99,USD,,,,,,,,,,,,,,,58.5,2,,,15.5,1,122.5,5,,,,,,,,,,,,,,,,,EUR,5.36,MEGA_ATTACK_RARE,mega-hawlucha-ex,Pokémon,https://www.tcggo.com/pokemon/ascended-heroes/mega-hawlucha-ex-268,me2pt5-268,676080,singles
2026-08-23T17:06:43+02:00,,480,Taiga Kasai,taiga-kasai,ASC 269,269,869880,217,295,ASC,Pokémon,pokemon,396,https://images.tcggo.com/tcggo/storage/34000/ascended_heroes.png,Ascended Heroes,EUR,4747.06,EUR,5013.47,2026-01-30,17,Mega Evolution,mega-evolution,ascended-heroes,350,31720,https://images.tcggo.com/tcggo/storage/31810/mega-gengar-ex-asc-269-ascended-heroes.png,https://www.tcggo.com/external/cm/31720,https://www.tcggo.com/external/tcgplayer/31720,Mega Gengar ex,Mega Gengar ex 269,,50.32,53.28,838,EUR,[],53,29.99,29.99,30,30,53,39.5,40,25,25,USD,109.82,5,,,44.98,1,58.51,5,470.99,5,,,70.5,1,87.84,5,,,53.82,5,213.07,5,64.28,1,63,3,69.53,5,63.93,1,282.2,5,,,,,92.58,5,EUR,48.56,MEGA_ATTACK_RARE,mega-gengar-ex,Pokémon,https://www.tcggo.com/pokemon/ascended-heroes/mega-gengar-ex-269,me2pt5-269,676081,singles
2026-08-23T17:06:43+02:00,,480,Taiga Kasai,taiga-kasai,ASC 270,270,869881,217,295,ASC,Pokémon,pokemon,396,https://images.tcggo.com/tcggo/storage/34000/ascended_heroes.png,Ascended Heroes,EUR,4747.06,EUR,5013.47,2026-01-30,17,Mega Evolution,mega-evolution,ascended-heroes,330,31721,https://images.tcggo.com/tcggo/storage/31828/mega-scrafty-ex-asc-270-ascended-heroes.png,https://www.tcggo.com/external/cm/31721,https://www.tcggo.com/external/tcgplayer/31721,Mega Scrafty ex,Mega Scrafty ex 270,,3.81,3.64,856,EUR,[],2.95,2,2,4,4,2.99,3.45,3.99,1.5,1.5,USD,,,,,,,,,,,,,,,,,,,,,102.5,5,,,,,,,,,90,1,,,,,,,EUR,4.37,MEGA_ATTACK_RARE,mega-scrafty-ex,Pokémon,https://www.tcggo.com/pokemon/ascended-heroes/mega-scrafty-ex-270,me2pt5-270,676082,singles
2026-08-23T17:06:43+02:00,,429,DOM,dom,ASC 271,271,869882,217,295,ASC,Pokémon,pokemon,396,https://images.tcggo.com/tcggo/storage/34000/ascended_heroes.png,Ascended Heroes,EUR,4747.06,EUR,5013.47,2026-01-30,17,Mega Evolution,mega-evolution,ascended-heroes,370,31722,https://images.tcggo.com/tcggo/storage/31846/mega-dragonite-ex-asc-271-ascended-heroes.png,https://www.tcggo.com/external/cm/31722,https://www.tcggo.com/external/tcgplayer/31722,Mega Dragonite ex,Mega Dragonite ex 271,,28.8,34.16,748,EUR,[],30,22.9,22.9,21,21,30,28,28,14,14,USD,67.75,5,,,,,32.72,5,548.91,4,,,59.41,2,125.61,5,34.39,1,68.43,2,138.33,5,37.91,1,58.71,4,58.32,5,,,176.55,5,,,,,80.75,5,EUR,34.62,MEGA_ATTACK_RARE,mega-dragonite-ex,Pokémon,https://www.tcggo.com/pokemon/ascended-heroes/mega-dragonite-ex-271,me2pt5-271,676083,singles
2026-08-23T17:06:43+02:00,,499,Tika Matsuno,tika-matsuno,ASC 272,272,869883,217,295,ASC,Pokémon,pokemon,396,https://images.tcggo.com/tcggo/storage/34000/ascended_heroes.png,Ascended Heroes,EUR,4747.06,EUR,5013.47,2026-01-30,17,Mega Evolution,mega-evolution,ascended-heroes,360,31723,https://images.tcggo.com/tcggo/storage/31864/mega-meganium-ex-asc-272-ascended-heroes.png,https://www.tcggo.com/external/cm/31723,https://www.tcggo.com/external/tcgplayer/31723,Mega Meganium ex,Mega Meganium ex 272,,73.16,94.13,226,EUR,[],69.99,59.9,59.9,45,45,69.99,64.99,64.99,43,43,USD,138.99,5,,,,,67.75,5,462.07,1,,,,,174.32,5,,,,,266.73,5,,,,,107.04,5,,,327.09,3,,,,,,,EUR,72.77,Special Illustration Rare,mega-meganium-ex,Pokémon,https://www.tcggo.com/pokemon/ascended-heroes/mega-meganium-ex-272,me2pt5-272,676084,singles
2026-08-23T17:06:43+02:00,,405,nagimiso,nagimiso,ASC 273,273,869884,217,295,ASC,Pokémon,pokemon,396,https://images.tcggo.com/tcggo/storage/34000/ascended_heroes.png,Ascended Heroes,EUR,4747.06,EUR,5013.47,2026-01-30,17,Mega Evolution,mega-evolution,ascended-heroes,380,31724,https://images.tcggo.com/tcggo/storage/31882/mega-emboar-ex-asc-273-ascended-heroes.png,https://www.tcggo.com/external/cm/31724,https://www.tcggo.com/external/tcgplayer/31724,Mega Emboar ex,Mega Emboar ex 273,,41.78,44.35,234,EUR,[],45.69,33,34.99,40,40,49.99,47.99,47.99,24.99,24.99,USD,73.16,5,,,,,46.98,5,,,,,,,180.64,3,,,,,169.03,5,,,,,55.11,5,,,132.7,1,,,,,35.89,1,EUR,42.5,Special Illustration Rare,mega-emboar-ex,Pokémon,https://www.tcggo.com/pokemon/ascended-heroes/mega-emboar-ex-273,me2pt5-273,676085,singles
2026-08-23T17:06:43+02:00,,377,Souichirou Gunjima,souichirou-gunjima,ASC 274,274,869885,217,295,ASC,Pokémon,pokemon,396,https://images.tcggo.com/tcggo/storage/34000/ascended_heroes.png,Ascended Heroes,EUR,4747.06,EUR,5013.47,2026-01-30,17,Mega Evolution,mega-evolution,ascended-heroes,370,31725,https://images.tcggo.com/tcggo/storage/31901/mega-feraligatr-ex-asc-274-ascended-heroes.png,https://www.tcggo.com/external/cm/31725,https://www.tcggo.com/external/tcgplayer/31725,Mega Feraligatr ex,Mega Feraligatr ex 274,,92.98,88.48,203,EUR,[],110,64.99,64.99,94.99,94.99,112,94.99,94.99,62.99,62.99,USD,158.85,5,75.16,2,,,110.12,5,672.85,1,,,,,261.66,5,,,,,280.36,5,,,161.48,1,148.77,5,,,451.03,3,,,,,167.74,2,EUR,116.21,Special Illustration Rare,mega-feraligatr-ex,Pokémon,https://www.tcggo.com/pokemon/ascended-heroes/mega-feraligatr-ex-274,me2pt5-274,676086,singles
2026-08-23T17:06:43+02:00,,385,Teeziro,teeziro,ASC 275,275,869886,217,295,ASC,Pokémon,pokemon,396,https://images.tcggo.com/tcggo/storage/34000/ascended_heroes.png,Ascended Heroes,EUR,4747.06,EUR,5013.47,2026-01-30,17,Mega Evolution,mega-evolution,ascended-heroes,310,31726,https://images.tcggo.com/tcggo/storage/31920/mega-froslass-ex-asc-275-ascended-heroes.png,https://www.tcggo.com/external/cm/31726,https://www.tcggo.com/external/tcgplayer/31726,Mega Froslass ex,Mega Froslass ex 275,,60.03,74.45,191,EUR,[],54.15,47.5,47.5,49.95,49.95,55,80,80,37.9,37.9,USD,96.17,5,,,,,46.7,5,,,,,,,78.26,4,,,,,268.03,5,,,,,84.88,5,,,,,,,,,,,EUR,67.28,Special Illustration Rare,mega-froslass-ex,Pokémon,https://www.tcggo.com/pokemon/ascended-heroes/mega-froslass-ex-275,me2pt5-275,676087,singles
2026-08-23T17:06:43+02:00,,1072,booota,booota,ASC 276,276,869888,217,295,ASC,Pokémon,pokemon,396,https://images.tcggo.com/tcggo/storage/34000/ascended_heroes.png,Ascended Heroes,EUR,4747.06,EUR,5013.47,2026-01-30,17,Mega Evolution,mega-evolution,ascended-heroes,200,31727,https://images.tcggo.com/tcggo/storage/31939/pikachu-ex-asc-276-ascended-heroes.png,https://www.tcggo.com/external/cm/31727,https://www.tcggo.com/external/tcgplayer/31727,Pikachu ex,Pikachu ex 276,,902.86,776.53,240,EUR,[],889.9,700,1000,519,519,1145,900,900,500,500,USD,975.49,5,,,825,1,910.91,5,3999.9,5,,,1022.73,5,1683.76,5,,,639.31,2,1949.62,5,,,799.24,5,721.08,5,,,1599.02,5,,,1250,1,1105.53,5,EUR,871.95,Special Illustration Rare,pikachu-ex,Pokémon,https://www.tcggo.com/pokemon/ascended-heroes/pikachu-ex-276,me2pt5-276,676088,singles
2026-08-23T17:06:43+02:00,,622,James Turner,james-turner,ASC 277,277,869887,217,295,ASC,Pokémon,pokemon,396,https://images.tcggo.com/tcggo/storage/34000/ascended_heroes.png,Ascended Heroes,EUR,4747.06,EUR,5013.47,2026-01-30,17,Mega Evolution,mega-evolution,ascended-heroes,200,31728,https://images.tcggo.com/tcggo/storage/31958/pikachu-ex-asc-277-ascended-heroes.png,https://www.tcggo.com/external/cm/31728,https://www.tcggo.com/external/tcgplayer/31728,Pikachu ex,Pikachu ex 277,,297.02,320.38,241,EUR,[],300.58,220,229.99,270,270,345,295,295,150,150,USD,427.5,5,,,,,309.55,5,1581.71,5,280.39,1,378.26,5,388.76,5,,,264.65,1,841.06,5,,,246.71,5,299.04,5,,,1121.41,5,,,257.92,1,576.45,5,EUR,311.76,Special Illustration Rare,pikachu-ex,Pokémon,https://www.tcggo.com/pokemon/ascended-heroes/pikachu-ex-277,me2pt5-277,676089,singles
2026-08-23T17:06:43+02:00,,430,akagi,akagi,ASC 278,278,869889,217,295,ASC,Pokémon,pokemon,396,https://images.tcggo.com/tcggo/storage/34000/ascended_heroes.png,Ascended Heroes,EUR,4747.06,EUR,5013.47,2026-01-30,17,Mega Evolution,mega-evolution,ascended-heroes,350,31729,https://images.tcggo.com/tcggo/storage/31977/mega-eelektross-ex-asc-278-ascended-heroes.png,https://www.tcggo.com/external/cm/31729,https://www.tcggo.com/external/tcgplayer/31729,Mega Eelektross ex,Mega Eelektross ex 278,,27.89,27.4,253,EUR,[],28.95,23.49,23.49,21,21,28.95,38,38,17.45,17.45,USD,49.15,5,,,,,27.71,3,,,,,,,77.87,4,,,44.6,2,104.07,5,,,,,43.71,3,,,98.5,1,,,,,,,EUR,34.55,Special Illustration Rare,mega-eelektross-ex,Pokémon,https://www.tcggo.com/pokemon/ascended-heroes/mega-eelektross-ex-278,me2pt5-278,676090,singles
2026-08-23T17:06:43+02:00,,426,Akira Komayama,akira-komayama,ASC 279,279,869890,217,295,ASC,Pokémon,pokemon,396,https://images.tcggo.com/tcggo/storage/34000/ascended_heroes.png,Ascended Heroes,EUR,4747.06,EUR,5013.47,2026-01-30,17,Mega Evolution,mega-evolution,ascended-heroes,280,31730,https://images.tcggo.com/tcggo/storage/31996/ionos-bellibolt-ex-asc-279-ascended-heroes.png,https://www.tcggo.com/external/cm/31730,https://www.tcggo.com/external/tcgplayer/31730,Iono's Bellibolt ex,Iono's Bellibolt ex 279,,39.73,51.28,253,EUR,[],45,29,29,29.5,29.5,45,36,36,20.99,20.99,USD,74.81,5,,,,,56.29,2,,,,,,,151.39,3,,,58.31,1,127.39,5,,,,,58.31,5,,,206.33,5,,,,,50.84,1,EUR,52.11,Special Illustration Rare,ionos-bellibolt-ex,Pokémon,https://www.tcggo.com/pokemon/ascended-heroes/ionos-bellibolt-ex-279,me2pt5-279,676091,singles
2026-08-23T17:06:43+02:00,,463,Naoki Saito,naoki-saito,ASC 280,280,869891,217,295,ASC,Pokémon,pokemon,396,https://images.tcggo.com/tcggo/storage/34000/ascended_heroes.png,Ascended Heroes,EUR,4747.06,EUR,5013.47,2026-01-30,17,Mega Evolution,mega-evolution,ascended-heroes,190,31731,https://images.tcggo.com/tcggo/storage/32015/lillies-clefairy-ex-asc-280-ascended-heroes.png,https://www.tcggo.com/external/cm/31731,https://www.tcggo.com/external/tcgplayer/31731,Lillie's Clefairy ex,Lillie's Clefairy ex 280,,114.14,128.7,232,EUR,[],144.28,100,100,89.99,89.99,145,125,130,50,50,USD,176.25,5,,,,,111.25,5,784.99,3,,,152.51,1,373.8,5,,,168.2,1,348.21,5,,,119.82,1,140.18,5,,,523.33,5,,,,,175.69,3,EUR,139.09,Special Illustration Rare,lillies-clefairy-ex,Pokémon,https://www.tcggo.com/pokemon/ascended-heroes/lillies-clefairy-ex-280,me2pt5-280,676092,singles
2026-08-23T17:06:43+02:00,,375,Mitsuhiro Arita,mitsuhiro-arita,ASC 281,281,869892,217,295,ASC,Pokémon,pokemon,396,https://images.tcggo.com/tcggo/storage/34000/ascended_heroes.png,Ascended Heroes,EUR,4747.06,EUR,5013.47,2026-01-30,17,Mega Evolution,mega-evolution,ascended-heroes,280,31732,https://images.tcggo.com/tcggo/storage/31739/team-rockets-mewtwo-ex-asc-281-ascended-heroes.png,https://www.tcggo.com/external/cm/31732,https://www.tcggo.com/external/tcgplayer/31732,Team Rocket's Mewtwo ex,Team Rocket's Mewtwo ex 281,,262.43,196.28,288,EUR,[],301.33,245,245,190,190,330,380,389,147,147,USD,356.73,5,,,,,269.25,5,1420.45,5,,,,,859.75,5,,,282.89,1,672.85,5,328.94,1,306.51,5,276.61,5,,,953.2,5,,,,,381.28,5,EUR,277.81,Special Illustration Rare,team-rockets-mewtwo-ex,Pokémon,https://www.tcggo.com/pokemon/ascended-heroes/team-rockets-mewtwo-ex-281,me2pt5-281,676093,singles
2026-08-23T17:06:43+02:00,,774,Narano,narano,ASC 282,282,869893,217,295,ASC,Pokémon,pokemon,396,https://images.tcggo.com/tcggo/storage/34000/ascended_heroes.png,Ascended Heroes,EUR,4747.06,EUR,5013.47,2026-01-30,17,Mega Evolution,mega-evolution,ascended-heroes,270,31733,https://images.tcggo.com/tcggo/storage/31757/mega-diancie-ex-asc-282-ascended-heroes.png,https://www.tcggo.com/external/cm/31733,https://www.tcggo.com/external/tcgplayer/31733,Mega Diancie ex,Mega Diancie ex 282,,35.64,43.68,217,EUR,[],44.99,27,27,32,32,44.99,35,35,20,20,USD,70.85,5,,,,,44.6,5,538.28,1,,,,,,,,,,,164.47,5,,,,,41.87,5,,,247.46,2,,,,,67.28,1,EUR,52.74,Special Illustration Rare,mega-diancie-ex,Pokémon,https://www.tcggo.com/pokemon/ascended-heroes/mega-diancie-ex-282,me2pt5-282,676094,singles
2026-08-23T17:06:43+02:00,,434,AKIRA EGAWA,akira-egawa,ASC 283,283,794570,217,295,ASC,Pokémon,pokemon,396,https://images.tcggo.com/tcggo/storage/34000/ascended_heroes.png,Ascended Heroes,EUR,4747.06,EUR,5013.47,2026-01-30,17,Mega Evolution,mega-evolution,ascended-heroes,250,31734,https://images.tcggo.com/tcggo/storage/31775/mega-hawlucha-ex-asc-283-ascended-heroes.png,https://www.tcggo.com/external/cm/31734,https://www.tcggo.com/external/tcgplayer/31734,Mega Hawlucha ex,Mega Hawlucha ex 283,,39,49.51,233,EUR,[],33,29.99,29.99,28,28,33,37,37,24.4,24.4,USD,77.39,5,,,,,45.74,4,627.99,1,,,60,1,85.02,1,,,,,155,5,,,44.22,2,57.57,5,,,560.71,2,,,,,60.56,1,EUR,48.74,Special Illustration Rare,mega-hawlucha-ex,Pokémon,https://www.tcggo.com/pokemon/ascended-heroes/mega-hawlucha-ex-283,me2pt5-283,676095,singles
2026-08-23T17:06:43+02:00,,444,danciao,danciao,ASC 284,284,869895,217,295,ASC,Pokémon,pokemon,396,https://images.tcggo.com/tcggo/storage/34000/ascended_heroes.png,Ascended Heroes,EUR,4747.06,EUR,5013.47,2026-01-30,17,Mega Evolution,mega-evolution,ascended-heroes,350,31735,https://images.tcggo.com/tcggo/storage/31793/mega-gengar-ex-asc-284-ascended-heroes.png,https://www.tcggo.com/external/cm/31735,https://www.tcggo.com/external/tcgplayer/31735,Mega Gengar ex,Mega Gengar ex 284,,878.03,913.33,272,EUR,[],848.5,715,715,555,555,848.5,750,750,420,420,USD,970.4,5,,,,,783.33,5,4139.19,5,1206.16,1,1250.84,5,1249.94,5,,,,,1749.68,5,984.99,2,892.31,5,800.39,5,,,1743.58,5,,,,,1400,5,EUR,898.36,Special Illustration Rare,mega-gengar-ex,Pokémon,https://www.tcggo.com/pokemon/ascended-heroes/mega-gengar-ex-284,me2pt5-284,676096,singles
2026-08-23T17:06:43+02:00,,405,nagimiso,nagimiso,ASC 285,285,869896,217,295,ASC,Pokémon,pokemon,396,https://images.tcggo.com/tcggo/storage/34000/ascended_heroes.png,Ascended Heroes,EUR,4747.06,EUR,5013.47,2026-01-30,17,Mega Evolution,mega-evolution,ascended-heroes,330,31736,https://images.tcggo.com/tcggo/storage/31811/mega-scrafty-ex-asc-285-ascended-heroes.png,https://www.tcggo.com/external/cm/31736,https://www.tcggo.com/external/tcgplayer/31736,Mega Scrafty ex,Mega Scrafty ex 285,,38.31,38.13,203,EUR,[],37.99,33.5,33.5,25,25,37.99,49.99,49.99,24.9,24.9,USD,99.07,5,,,31.44,1,51.28,4,711.78,1,,,,,222.42,5,,,,,254.21,5,,,28.34,1,105,3,,,230.65,4,,,,,41.13,1,EUR,50.82,Special Illustration Rare,mega-scrafty-ex,Pokémon,https://www.tcggo.com/pokemon/ascended-heroes/mega-scrafty-ex-285,me2pt5-285,676097,singles
2026-08-23T17:06:43+02:00,,831,Raita Kazama,raita-kazama,ASC 286,286,869897,217,295,ASC,Pokémon,pokemon,396,https://images.tcggo.com/tcggo/storage/34000/ascended_heroes.png,Ascended Heroes,EUR,4747.06,EUR,5013.47,2026-01-30,17,Mega Evolution,mega-evolution,ascended-heroes,280,31737,https://images.tcggo.com/tcggo/storage/31829/ns-zoroark-ex-asc-286-ascended-heroes.png,https://www.tcggo.com/external/cm/31737,https://www.tcggo.com/external/tcgplayer/31737,N's Zoroark ex,N's Zoroark ex 286,,121,106.96,210,EUR,[],145,95,117.5,119,119,145,165,174,82,82,USD,165.92,5,,,,,91.29,5,859.75,1,,,118.31,2,246.7,5,,,152.5,1,362.58,5,,,112.57,1,157,5,,,280.36,4,,,,,,,EUR,127.58,Special Illustration Rare,ns-zoroark-ex,Pokémon,https://www.tcggo.com/pokemon/ascended-heroes/ns-zoroark-ex-286,me2pt5-286,676098,singles
2026-08-23T17:06:43+02:00,,407,Ligton,ligton,ASC 287,287,869898,217,295,ASC,Pokémon,pokemon,396,https://images.tcggo.com/tcggo/storage/34000/ascended_heroes.png,Ascended Heroes,EUR,4747.06,EUR,5013.47,2026-01-30,17,Mega Evolution,mega-evolution,ascended-heroes,320,31738,https://images.tcggo.com/tcggo/storage/31847/marnies-grimmsnarl-ex-asc-287-ascended-heroes.png,https://www.tcggo.com/external/cm/31738,https://www.tcggo.com/external/tcgplayer/31738,Marnie's Grimmsnarl ex,Marnie's Grimmsnarl ex 287,,42.06,47.11,270,EUR,[],48.99,36.5,36.5,39.5,39.5,48.99,50,50,24.99,24.99,USD,80.67,5,,,,,41.92,3,,,,,,,270.13,2,,,38.88,1,190.64,5,,,,,72.67,5,,,150.92,5,,,,,51,1,EUR,56.69,Special Illustration Rare,marnies-grimmsnarl-ex,Pokémon,https://www.tcggo.com/pokemon/ascended-heroes/marnies-grimmsnarl-ex-287,me2pt5-287,676099,singles
2026-08-23T17:06:43+02:00,,433,SIE NANAHARA,sie-nanahara,ASC 288,288,869899,217,295,ASC,Pokémon,pokemon,396,https://images.tcggo.com/tcggo/storage/34000/ascended_heroes.png,Ascended Heroes,EUR,4747.06,EUR,5013.47,2026-01-30,17,Mega Evolution,mega-evolution,ascended-heroes,210,31739,https://images.tcggo.com/tcggo/storage/31865/fezandipiti-ex-asc-288-ascended-heroes.png,https://www.tcggo.com/external/cm/31739,https://www.tcggo.com/external/tcgplayer/31739,Fezandipiti ex,Fezandipiti ex 288,,48.75,52.84,259,EUR,[],60,41,41,44.99,44.99,60,44.99,44.99,29.99,29.99,USD,79.37,5,,,,,37.88,3,762.62,1,,,76.26,1,110.28,3,,,,,179.43,5,,,50.1,2,69.54,2,,,175.14,2,,,,,63.93,4,EUR,48.43,Special Illustration Rare,fezandipiti-ex,Pokémon,https://www.tcggo.com/pokemon/ascended-heroes/fezandipiti-ex-288,me2pt5-288,676100,singles
2026-08-23T17:06:43+02:00,,500,chibi,chibi,ASC 289,289,869900,217,295,ASC,Pokémon,pokemon,396,https://images.tcggo.com/tcggo/storage/34000/ascended_heroes.png,Ascended Heroes,EUR,4747.06,EUR,5013.47,2026-01-30,17,Mega Evolution,mega-evolution,ascended-heroes,340,31740,https://images.tcggo.com/tcggo/storage/31883/stevens-metagross-ex-asc-289-ascended-heroes.png,https://www.tcggo.com/external/cm/31740,https://www.tcggo.com/external/tcgplayer/31740,Steven's Metagross ex,Steven's Metagross ex 289,,69.64,78.8,237,EUR,[],75,60,60,51.99,51.99,75,105,108,34.99,34.99,USD,99.24,5,,,53.13,2,67.44,5,491.23,3,,,,,138.31,5,,,,,317.73,5,,,89.71,1,125.6,5,,,358.85,5,,,,,135,1,EUR,76.79,Special Illustration Rare,stevens-metagross-ex,Pokémon,https://www.tcggo.com/pokemon/ascended-heroes/stevens-metagross-ex-289,me2pt5-289,676101,singles
2026-08-23T17:06:43+02:00,,429,DOM,dom,ASC 290,290,869901,217,295,ASC,Pokémon,pokemon,396,https://images.tcggo.com/tcggo/storage/34000/ascended_heroes.png,Ascended Heroes,EUR,4747.06,EUR,5013.47,2026-01-30,17,Mega Evolution,mega-evolution,ascended-heroes,370,31741,https://images.tcggo.com/tcggo/storage/31902/mega-dragonite-ex-asc-290-ascended-heroes.png,https://www.tcggo.com/external/cm/31741,https://www.tcggo.com/external/tcgplayer/31741,Mega Dragonite ex,Mega Dragonite ex 290,,423.79,472.94,251,EUR,[],468.12,345.99,345.99,295,295,480,449.99,449.99,200,200,USD,628.84,5,,,,,503.75,5,1663.43,3,,,594.09,3,1156.54,5,,,568.01,1,1270.93,5,,,599.02,4,493.42,5,,,1422.56,5,,,,,575.66,5,EUR,571.15,Special Illustration Rare,mega-dragonite-ex,Pokémon,https://www.tcggo.com/pokemon/ascended-heroes/mega-dragonite-ex-290,me2pt5-290,676102,singles
2026-08-23T17:06:43+02:00,,454,kantaro,kantaro,ASC 291,291,869903,217,295,ASC,Pokémon,pokemon,396,https://images.tcggo.com/tcggo/storage/34000/ascended_heroes.png,Ascended Heroes,EUR,4747.06,EUR,5013.47,2026-01-30,17,Mega Evolution,mega-evolution,ascended-heroes,0,31742,https://images.tcggo.com/tcggo/storage/31921/canari-asc-291-ascended-heroes.png,https://www.tcggo.com/external/cm/31742,https://www.tcggo.com/external/tcgplayer/31742,Canari,Canari 291,,26.84,34.31,259,EUR,[],24,19,19,25,25,24,23.5,25,16.49,16.49,USD,54.97,5,,,,,23,3,,,,,,,81.5,1,,,,,126.36,5,,,44.48,1,29.16,5,,,104.68,2,,,,,,,EUR,33.54,Special Illustration Rare,canari,Trainer,https://www.tcggo.com/pokemon/ascended-heroes/canari-291,me2pt5-291,676103,singles
2026-08-23T17:06:43+02:00,,366,Kuroimori,kuroimori,ASC 292,292,869902,217,295,ASC,Pokémon,pokemon,396,https://images.tcggo.com/tcggo/storage/34000/ascended_heroes.png,Ascended Heroes,EUR,4747.06,EUR,5013.47,2026-01-30,17,Mega Evolution,mega-evolution,ascended-heroes,0,31743,https://images.tcggo.com/tcggo/storage/31940/iriss-fighting-spirit-asc-292-ascended-heroes.png,https://www.tcggo.com/external/cm/31743,https://www.tcggo.com/external/tcgplayer/31743,Iris's Fighting Spirit,Iris's Fighting Spirit 292,,28.67,34.92,271,EUR,[],27.99,23.1,23.1,29,29,27.99,34,34.99,17.85,17.85,USD,59.5,5,,,,,,,,,,,,,150.07,3,,,,,117.76,5,,,26.8,1,34.63,5,,,,,,,,,,,EUR,28.85,Special Illustration Rare,iriss-fighting-spirit,Trainer,https://www.tcggo.com/pokemon/ascended-heroes/iriss-fighting-spirit-292,me2pt5-292,676104,singles
2026-08-23T17:06:43+02:00,,374,OKUBO,okubo,ASC 293,293,869904,217,295,ASC,Pokémon,pokemon,396,https://images.tcggo.com/tcggo/storage/34000/ascended_heroes.png,Ascended Heroes,EUR,4747.06,EUR,5013.47,2026-01-30,17,Mega Evolution,mega-evolution,ascended-heroes,0,31744,https://images.tcggo.com/tcggo/storage/31959/surfer-asc-293-ascended-heroes.png,https://www.tcggo.com/external/cm/31744,https://www.tcggo.com/external/tcgplayer/31744,Surfer,Surfer 293,,17.18,18.36,227,EUR,[],20,13.99,13.99,13,13,20,19.99,19.99,8,8,USD,65,5,,,,,,,,,,,,,,,,,,,163.8,5,,,28.29,1,37.97,5,,,158.54,2,,,,,24.39,2,EUR,17.98,Special Illustration Rare,surfer,Trainer,https://www.tcggo.com/pokemon/ascended-heroes/surfer-293,me2pt5-293,676105,singles
2026-08-23T17:06:43+02:00,,371,aky CG Works,aky-cg-works,ASC 294,294,869905,217,295,ASC,Pokémon,pokemon,396,https://images.tcggo.com/tcggo/storage/34000/ascended_heroes.png,Ascended Heroes,EUR,4747.06,EUR,5013.47,2026-01-30,17,Mega Evolution,mega-evolution,ascended-heroes,360,31745,https://images.tcggo.com/tcggo/storage/31978/mega-charizard-y-ex-asc-294-ascended-heroes.png,https://www.tcggo.com/external/cm/31745,https://www.tcggo.com/external/tcgplayer/31745,Mega Charizard Y ex,Mega Charizard Y ex 294,,303.66,306.09,204,EUR,[],347.19,260,280,260,260,339.99,299.9,299.9,314.89,314.89,USD,768.08,5,258.92,3,278.1,5,351.25,5,,,,,426.14,5,732.66,5,452.82,2,600,1,1682.12,5,,,317.73,5,448.56,5,,,4000,2,,,358.84,1,373.8,5,EUR,346.44,Mega Hyper Rare,mega-charizard-y-ex,Pokémon,https://www.tcggo.com/pokemon/ascended-heroes/mega-charizard-y-ex-294,me2pt5-294,676106,singles
2026-08-23T17:06:43+02:00,,371,aky CG Works,aky-cg-works,ASC 295,295,869906,217,295,ASC,Pokémon,pokemon,396,https://images.tcggo.com/tcggo/storage/34000/ascended_heroes.png,Ascended Heroes,EUR,4747.06,EUR,5013.47,2026-01-30,17,Mega Evolution,mega-evolution,ascended-heroes,370,31746,https://images.tcggo.com/tcggo/storage/31997/mega-dragonite-ex-asc-295-ascended-heroes.png,https://www.tcggo.com/external/cm/31746,https://www.tcggo.com/external/tcgplayer/31746,Mega Dragonite ex,Mega Dragonite ex 295,,160.88,160.63,211,EUR,[],190,138,138,160,160,190,210,210,140,140,USD,526.9,5,207.25,1,203.56,5,170,5,,,,,275.8,5,281.44,5,261,1,225,3,967.45,5,146.04,4,157.58,5,175.89,5,,,1231.31,3,,,,,241.87,4,EUR,209.68,Mega Hyper Rare,mega-dragonite-ex,Pokémon,https://www.tcggo.com/pokemon/ascended-heroes/mega-dragonite-ex-295,me2pt5-295,676107,singles
