expansion_id,expansion_name,expansion_released_at,analysis_start,analysis_end,price_rank,observed_on,card_id,cardmarket_id,tcgid,card_name,card_number,rarity,avg30,cm_low,cm_low_de,cm_low_es,cm_low_fr,cm_low_it,tcg_player_market
230,Mega Evolution,2025-09-26,2025-10-06,2026-10-06,1,2025-10-06,24007,851259,me1-188,Mega Lucario ex,188,Mega Hyper Rare,,589,,,,,
230,Mega Evolution,2025-09-26,2025-10-06,2026-10-06,1,2025-10-07,24007,851259,me1-188,Mega Lucario ex,188,Mega Hyper Rare,,545.58,,,,,
230,Mega Evolution,2025-09-26,2025-10-06,2026-10-06,1,2025-10-08,24007,851259,me1-188,Mega Lucario ex,188,Mega Hyper Rare,,544,,,,,
230,Mega Evolution,2025-09-26,2025-10-06,2026-10-06,1,2025-10-10,24007,851259,me1-188,Mega Lucario ex,188,Mega Hyper Rare,,533.1,,,,,
230,Mega Evolution,2025-09-26,2025-10-06,2026-10-06,1,2025-10-11,24007,851259,me1-188,Mega Lucario ex,188,Mega Hyper Rare,,500,,,,,
230,Mega Evolution,2025-09-26,2025-10-06,2026-10-06,1,2025-10-13,24007,851259,me1-188,Mega Lucario ex,188,Mega Hyper Rare,,460,,,,,
230,Mega Evolution,2025-09-26,2025-10-06,2026-10-06,1,2025-10-14,24007,851259,me1-188,Mega Lucario ex,188,Mega Hyper Rare,,450,,,,,
230,Mega Evolution,2025-09-26,2025-10-06,2026-10-06,1,2025-10-15,24007,851259,me1-188,Mega Lucario ex,188,Mega Hyper Rare,,461,,,,,
230,Mega Evolution,2025-09-26,2025-10-06,2026-10-06,1,2025-10-16,24007,851259,me1-188,Mega Lucario ex,188,Mega Hyper Rare,,462.45,,,,,
230,Mega Evolution,2025-09-26,2025-10-06,2026-10-06,1,2025-10-17,24007,851259,me1-188,Mega Lucario ex,188,Mega Hyper Rare,,461.7,,,,,
230,Mega Evolution,2025-09-26,2025-10-06,2026-10-06,1,2025-10-18,24007,851259,me1-188,Mega Lucario ex,188,Mega Hyper Rare,,444.99,,,,,
230,Mega Evolution,2025-09-26,2025-10-06,2026-10-06,1,2025-10-20,24007,851259,me1-188,Mega Lucario ex,188,Mega Hyper Rare,,420,,,,,
230,Mega Evolution,2025-09-26,2025-10-06,2026-10-06,1,2025-10-21,24007,851259,me1-188,Mega Lucario ex,188,Mega Hyper Rare,,374.95,,,,,
230,Mega Evolution,2025-09-26,2025-10-06,2026-10-06,1,2025-10-22,24007,851259,me1-188,Mega Lucario ex,188,Mega Hyper Rare,,400,,,,,
230,Mega Evolution,2025-09-26,2025-10-06,2026-10-06,1,2025-10-23,24007,851259,me1-188,Mega Lucario ex,188,Mega Hyper Rare,,359.95,,,,,
230,Mega Evolution,2025-09-26,2025-10-06,2026-10-06,1,2025-10-24,24007,851259,me1-188,Mega Lucario ex,188,Mega Hyper Rare,,380,,,,,
230,Mega Evolution,2025-09-26,2025-10-06,2026-10-06,1,2025-10-25,24007,851259,me1-188,Mega Lucario ex,188,Mega Hyper Rare,,349.95,,,,,
230,Mega Evolution,2025-09-26,2025-10-06,2026-10-06,1,2025-10-26,24007,851259,me1-188,Mega Lucario ex,188,Mega Hyper Rare,,412,,,,,
230,Mega Evolution,2025-09-26,2025-10-06,2026-10-06,1,2025-10-27,24007,851259,me1-188,Mega Lucario ex,188,Mega Hyper Rare,,375,,,,,
230,Mega Evolution,2025-09-26,2025-10-06,2026-10-06,1,2025-10-28,24007,851259,me1-188,Mega Lucario ex,188,Mega Hyper Rare,,399,,,,,
230,Mega Evolution,2025-09-26,2025-10-06,2026-10-06,1,2025-10-29,24007,851259,me1-188,Mega Lucario ex,188,Mega Hyper Rare,,375,,,,,
230,Mega Evolution,2025-09-26,2025-10-06,2026-10-06,1,2025-10-30,24007,851259,me1-188,Mega Lucario ex,188,Mega Hyper Rare,,369,,,,,
230,Mega Evolution,2025-09-26,2025-10-06,2026-10-06,1,2025-11-01,24007,851259,me1-188,Mega Lucario ex,188,Mega Hyper Rare,,352.24,,,,,
230,Mega Evolution,2025-09-26,2025-10-06,2026-10-06,1,2025-11-02,24007,851259,me1-188,Mega Lucario ex,188,Mega Hyper Rare,,375,,,,,
230,Mega Evolution,2025-09-26,2025-10-06,2026-10-06,1,2025-11-03,24007,851259,me1-188,Mega Lucario ex,188,Mega Hyper Rare,,375,,,,,
230,Mega Evolution,2025-09-26,2025-10-06,2026-10-06,1,2025-11-04,24007,851259,me1-188,Mega Lucario ex,188,Mega Hyper Rare,,399.48,,,,,
230,Mega Evolution,2025-09-26,2025-10-06,2026-10-06,1,2025-11-05,24007,851259,me1-188,Mega Lucario ex,188,Mega Hyper Rare,,373.34,,,,,
230,Mega Evolution,2025-09-26,2025-10-06,2026-10-06,1,2025-11-06,24007,851259,me1-188,Mega Lucario ex,188,Mega Hyper Rare,,390,,,,,
230,Mega Evolution,2025-09-26,2025-10-06,2026-10-06,1,2025-11-07,24007,851259,me1-188,Mega Lucario ex,188,Mega Hyper Rare,,368.99,,,,,
230,Mega Evolution,2025-09-26,2025-10-06,2026-10-06,1,2025-11-08,24007,851259,me1-188,Mega Lucario ex,188,Mega Hyper Rare,,350,,,,,
230,Mega Evolution,2025-09-26,2025-10-06,2026-10-06,1,2025-11-09,24007,851259,me1-188,Mega Lucario ex,188,Mega Hyper Rare,,350,,,,,
230,Mega Evolution,2025-09-26,2025-10-06,2026-10-06,1,2025-11-10,24007,851259,me1-188,Mega Lucario ex,188,Mega Hyper Rare,,315,,,,,
230,Mega Evolution,2025-09-26,2025-10-06,2026-10-06,1,2025-11-11,24007,851259,me1-188,Mega Lucario ex,188,Mega Hyper Rare,,315,,,,,
230,Mega Evolution,2025-09-26,2025-10-06,2026-10-06,1,2025-11-14,24007,851259,me1-188,Mega Lucario ex,188,Mega Hyper Rare,,335,,,,,
230,Mega Evolution,2025-09-26,2025-10-06,2026-10-06,1,2025-11-15,24007,851259,me1-188,Mega Lucario ex,188,Mega Hyper Rare,,315,,,,,
230,Mega Evolution,2025-09-26,2025-10-06,2026-10-06,1,2025-11-16,24007,851259,me1-188,Mega Lucario ex,188,Mega Hyper Rare,,300,,,,,
230,Mega Evolution,2025-09-26,2025-10-06,2026-10-06,1,2025-11-18,24007,851259,me1-188,Mega Lucario ex,188,Mega Hyper Rare,,292.17,,,,,
230,Mega Evolution,2025-09-26,2025-10-06,2026-10-06,1,2025-11-19,24007,851259,me1-188,Mega Lucario ex,188,Mega Hyper Rare,,280,,,,,
230,Mega Evolution,2025-09-26,2025-10-06,2026-10-06,1,2025-11-20,24007,851259,me1-188,Mega Lucario ex,188,Mega Hyper Rare,,290,,,,,
230,Mega Evolution,2025-09-26,2025-10-06,2026-10-06,1,2025-11-21,24007,851259,me1-188,Mega Lucario ex,188,Mega Hyper Rare,,280,,,,,
230,Mega Evolution,2025-09-26,2025-10-06,2026-10-06,1,2025-11-22,24007,851259,me1-188,Mega Lucario ex,188,Mega Hyper Rare,,275,,,,,
230,Mega Evolution,2025-09-26,2025-10-06,2026-10-06,1,2025-11-23,24007,851259,me1-188,Mega Lucario ex,188,Mega Hyper Rare,,280,,,,,
230,Mega Evolution,2025-09-26,2025-10-06,2026-10-06,1,2025-11-24,24007,851259,me1-188,Mega Lucario ex,188,Mega Hyper Rare,,289,,,,,
230,Mega Evolution,2025-09-26,2025-10-06,2026-10-06,1,2025-11-25,24007,851259,me1-188,Mega Lucario ex,188,Mega Hyper Rare,,280,,,,,
230,Mega Evolution,2025-09-26,2025-10-06,2026-10-06,1,2025-11-26,24007,851259,me1-188,Mega Lucario ex,188,Mega Hyper Rare,,250,,,,,
230,Mega Evolution,2025-09-26,2025-10-06,2026-10-06,1,2025-11-27,24007,851259,me1-188,Mega Lucario ex,188,Mega Hyper Rare,,250,,,,,
230,Mega Evolution,2025-09-26,2025-10-06,2026-10-06,1,2025-11-30,24007,851259,me1-188,Mega Lucario ex,188,Mega Hyper Rare,,280,,,,,
230,Mega Evolution,2025-09-26,2025-10-06,2026-10-06,1,2025-12-01,24007,851259,me1-188,Mega Lucario ex,188,Mega Hyper Rare,,280,,,,,
230,Mega Evolution,2025-09-26,2025-10-06,2026-10-06,1,2025-12-05,24007,851259,me1-188,Mega Lucario ex,188,Mega Hyper Rare,,260,,,,,
230,Mega Evolution,2025-09-26,2025-10-06,2026-10-06,1,2025-12-06,24007,851259,me1-188,Mega Lucario ex,188,Mega Hyper Rare,,239.98,,,,,
230,Mega Evolution,2025-09-26,2025-10-06,2026-10-06,1,2025-12-08,24007,851259,me1-188,Mega Lucario ex,188,Mega Hyper Rare,,239.99,,,,,
230,Mega Evolution,2025-09-26,2025-10-06,2026-10-06,1,2025-12-09,24007,851259,me1-188,Mega Lucario ex,188,Mega Hyper Rare,,260,,,,,
230,Mega Evolution,2025-09-26,2025-10-06,2026-10-06,1,2025-12-10,24007,851259,me1-188,Mega Lucario ex,188,Mega Hyper Rare,,239.99,,,,,
230,Mega Evolution,2025-09-26,2025-10-06,2026-10-06,1,2025-12-11,24007,851259,me1-188,Mega Lucario ex,188,Mega Hyper Rare,,229.99,,,,,
230,Mega Evolution,2025-09-26,2025-10-06,2026-10-06,1,2025-12-13,24007,851259,me1-188,Mega Lucario ex,188,Mega Hyper Rare,,229.99,,,,,
230,Mega Evolution,2025-09-26,2025-10-06,2026-10-06,1,2025-12-14,24007,851259,me1-188,Mega Lucario ex,188,Mega Hyper Rare,,209.95,,,,,
230,Mega Evolution,2025-09-26,2025-10-06,2026-10-06,1,2025-12-15,24007,851259,me1-188,Mega Lucario ex,188,Mega Hyper Rare,,209.95,,,,,
230,Mega Evolution,2025-09-26,2025-10-06,2026-10-06,1,2025-12-16,24007,851259,me1-188,Mega Lucario ex,188,Mega Hyper Rare,,207.45,,,,,
230,Mega Evolution,2025-09-26,2025-10-06,2026-10-06,1,2025-12-17,24007,851259,me1-188,Mega Lucario ex,188,Mega Hyper Rare,,179.99,,,,,
230,Mega Evolution,2025-09-26,2025-10-06,2026-10-06,1,2025-12-20,24007,851259,me1-188,Mega Lucario ex,188,Mega Hyper Rare,,197.45,,,,,
230,Mega Evolution,2025-09-26,2025-10-06,2026-10-06,1,2025-12-21,24007,851259,me1-188,Mega Lucario ex,188,Mega Hyper Rare,,179.99,,,,,
230,Mega Evolution,2025-09-26,2025-10-06,2026-10-06,1,2025-12-22,24007,851259,me1-188,Mega Lucario ex,188,Mega Hyper Rare,,250,,,,,
230,Mega Evolution,2025-09-26,2025-10-06,2026-10-06,1,2025-12-24,24007,851259,me1-188,Mega Lucario ex,188,Mega Hyper Rare,,250,,,,,
230,Mega Evolution,2025-09-26,2025-10-06,2026-10-06,1,2025-12-25,24007,851259,me1-188,Mega Lucario ex,188,Mega Hyper Rare,,250,,,,,
230,Mega Evolution,2025-09-26,2025-10-06,2026-10-06,1,2025-12-26,24007,851259,me1-188,Mega Lucario ex,188,Mega Hyper Rare,,278,,,,,
230,Mega Evolution,2025-09-26,2025-10-06,2026-10-06,1,2025-12-27,24007,851259,me1-188,Mega Lucario ex,188,Mega Hyper Rare,,250,,,,,
230,Mega Evolution,2025-09-26,2025-10-06,2026-10-06,1,2025-12-28,24007,851259,me1-188,Mega Lucario ex,188,Mega Hyper Rare,,278,,,,,
230,Mega Evolution,2025-09-26,2025-10-06,2026-10-06,1,2025-12-29,24007,851259,me1-188,Mega Lucario ex,188,Mega Hyper Rare,,278,,,,,
230,Mega Evolution,2025-09-26,2025-10-06,2026-10-06,1,2025-12-30,24007,851259,me1-188,Mega Lucario ex,188,Mega Hyper Rare,,274.9,,,,,
230,Mega Evolution,2025-09-26,2025-10-06,2026-10-06,1,2025-12-31,24007,851259,me1-188,Mega Lucario ex,188,Mega Hyper Rare,,275,,,,,
230,Mega Evolution,2025-09-26,2025-10-06,2026-10-06,1,2026-01-01,24007,851259,me1-188,Mega Lucario ex,188,Mega Hyper Rare,,274.9,,,,,
230,Mega Evolution,2025-09-26,2025-10-06,2026-10-06,1,2026-01-09,24007,851259,me1-188,Mega Lucario ex,188,Mega Hyper Rare,,275,,,,,
230,Mega Evolution,2025-09-26,2025-10-06,2026-10-06,1,2026-01-10,24007,851259,me1-188,Mega Lucario ex,188,Mega Hyper Rare,,270,,,,,
230,Mega Evolution,2025-09-26,2025-10-06,2026-10-06,1,2026-01-11,24007,851259,me1-188,Mega Lucario ex,188,Mega Hyper Rare,,274.99,,,,,
230,Mega Evolution,2025-09-26,2025-10-06,2026-10-06,1,2026-01-13,24007,851259,me1-188,Mega Lucario ex,188,Mega Hyper Rare,,280,,,,,
230,Mega Evolution,2025-09-26,2025-10-06,2026-10-06,1,2026-01-15,24007,851259,me1-188,Mega Lucario ex,188,Mega Hyper Rare,,270,,,,,
230,Mega Evolution,2025-09-26,2025-10-06,2026-10-06,1,2026-01-16,24007,851259,me1-188,Mega Lucario ex,188,Mega Hyper Rare,,265,,,,,
230,Mega Evolution,2025-09-26,2025-10-06,2026-10-06,1,2026-01-18,24007,851259,me1-188,Mega Lucario ex,188,Mega Hyper Rare,,290.98,,,,,
230,Mega Evolution,2025-09-26,2025-10-06,2026-10-06,1,2026-01-20,24007,851259,me1-188,Mega Lucario ex,188,Mega Hyper Rare,,290.88,,,,,
230,Mega Evolution,2025-09-26,2025-10-06,2026-10-06,1,2026-01-21,24007,851259,me1-188,Mega Lucario ex,188,Mega Hyper Rare,,289.4,,,,,
230,Mega Evolution,2025-09-26,2025-10-06,2026-10-06,1,2026-01-23,24007,851259,me1-188,Mega Lucario ex,188,Mega Hyper Rare,,289.91,,,,,
230,Mega Evolution,2025-09-26,2025-10-06,2026-10-06,1,2026-01-24,24007,851259,me1-188,Mega Lucario ex,188,Mega Hyper Rare,,291.1,,,,,
230,Mega Evolution,2025-09-26,2025-10-06,2026-10-06,1,2026-01-27,24007,851259,me1-188,Mega Lucario ex,188,Mega Hyper Rare,,290.61,,,,,
230,Mega Evolution,2025-09-26,2025-10-06,2026-10-06,1,2026-01-29,24007,851259,me1-188,Mega Lucario ex,188,Mega Hyper Rare,,291.23,,,,,
230,Mega Evolution,2025-09-26,2025-10-06,2026-10-06,1,2026-01-30,24007,851259,me1-188,Mega Lucario ex,188,Mega Hyper Rare,,291.35,,,,,
230,Mega Evolution,2025-09-26,2025-10-06,2026-10-06,1,2026-01-31,24007,851259,me1-188,Mega Lucario ex,188,Mega Hyper Rare,,240,,,,,
230,Mega Evolution,2025-09-26,2025-10-06,2026-10-06,1,2026-02-01,24007,851259,me1-188,Mega Lucario ex,188,Mega Hyper Rare,,291.35,,,,,
230,Mega Evolution,2025-09-26,2025-10-06,2026-10-06,1,2026-02-02,24007,851259,me1-188,Mega Lucario ex,188,Mega Hyper Rare,,291.15,,,,,
230,Mega Evolution,2025-09-26,2025-10-06,2026-10-06,1,2026-02-03,24007,851259,me1-188,Mega Lucario ex,188,Mega Hyper Rare,,292.37,,,,,
230,Mega Evolution,2025-09-26,2025-10-06,2026-10-06,1,2026-02-04,24007,851259,me1-188,Mega Lucario ex,188,Mega Hyper Rare,,292.48,,,,,
230,Mega Evolution,2025-09-26,2025-10-06,2026-10-06,1,2026-02-05,24007,851259,me1-188,Mega Lucario ex,188,Mega Hyper Rare,,291.76,,,,,
230,Mega Evolution,2025-09-26,2025-10-06,2026-10-06,1,2026-02-06,24007,851259,me1-188,Mega Lucario ex,188,Mega Hyper Rare,,289.86,,,,,
230,Mega Evolution,2025-09-26,2025-10-06,2026-10-06,1,2026-02-07,24007,851259,me1-188,Mega Lucario ex,188,Mega Hyper Rare,,290.7,,,,,
230,Mega Evolution,2025-09-26,2025-10-06,2026-10-06,1,2026-02-09,24007,851259,me1-188,Mega Lucario ex,188,Mega Hyper Rare,,290.23,,,,,
230,Mega Evolution,2025-09-26,2025-10-06,2026-10-06,1,2026-02-10,24007,851259,me1-188,Mega Lucario ex,188,Mega Hyper Rare,,290.03,,,,,
230,Mega Evolution,2025-09-26,2025-10-06,2026-10-06,1,2026-02-11,24007,851259,me1-188,Mega Lucario ex,188,Mega Hyper Rare,,245,,,,,
230,Mega Evolution,2025-09-26,2025-10-06,2026-10-06,1,2026-02-12,24007,851259,me1-188,Mega Lucario ex,188,Mega Hyper Rare,,283.75,,,,,
230,Mega Evolution,2025-09-26,2025-10-06,2026-10-06,1,2026-02-15,24007,851259,me1-188,Mega Lucario ex,188,Mega Hyper Rare,,230,,,,,
230,Mega Evolution,2025-09-26,2025-10-06,2026-10-06,1,2026-02-16,24007,851259,me1-188,Mega Lucario ex,188,Mega Hyper Rare,,236.87,170,200,250,180,
230,Mega Evolution,2025-09-26,2025-10-06,2026-10-06,1,2026-02-18,24007,851259,me1-188,Mega Lucario ex,188,Mega Hyper Rare,,222.5,170,200,280,220,
230,Mega Evolution,2025-09-26,2025-10-06,2026-10-06,1,2026-02-19,24007,851259,me1-188,Mega Lucario ex,188,Mega Hyper Rare,,235.72,170,200,280,180,
230,Mega Evolution,2025-09-26,2025-10-06,2026-10-06,1,2026-02-21,24007,851259,me1-188,Mega Lucario ex,188,Mega Hyper Rare,,235.64,170,200,224.99,180,
230,Mega Evolution,2025-09-26,2025-10-06,2026-10-06,1,2026-02-22,24007,851259,me1-188,Mega Lucario ex,188,Mega Hyper Rare,,235.64,170,200,224.99,220,
230,Mega Evolution,2025-09-26,2025-10-06,2026-10-06,1,2026-03-01,24007,851259,me1-188,Mega Lucario ex,188,Mega Hyper Rare,,235.03,160,200,224.99,180,
230,Mega Evolution,2025-09-26,2025-10-06,2026-10-06,1,2026-03-10,24007,851259,me1-188,Mega Lucario ex,188,Mega Hyper Rare,,214.99,150,180,249,175,
230,Mega Evolution,2025-09-26,2025-10-06,2026-10-06,1,2026-03-13,24007,851259,me1-188,Mega Lucario ex,188,Mega Hyper Rare,,209.45,163.99,170,184.99,190,
230,Mega Evolution,2025-09-26,2025-10-06,2026-10-06,1,2026-03-17,24007,851259,me1-188,Mega Lucario ex,188,Mega Hyper Rare,,210,160,170,184.99,180,
230,Mega Evolution,2025-09-26,2025-10-06,2026-10-06,1,2026-03-18,24007,851259,me1-188,Mega Lucario ex,188,Mega Hyper Rare,,210,150,170,184.99,180,
230,Mega Evolution,2025-09-26,2025-10-06,2026-10-06,1,2026-03-19,24007,851259,me1-188,Mega Lucario ex,188,Mega Hyper Rare,,184.99,130,170,184.99,180,
230,Mega Evolution,2025-09-26,2025-10-06,2026-10-06,1,2026-03-21,24007,851259,me1-188,Mega Lucario ex,188,Mega Hyper Rare,,210,140,170,184.99,225,
230,Mega Evolution,2025-09-26,2025-10-06,2026-10-06,1,2026-03-22,24007,851259,me1-188,Mega Lucario ex,188,Mega Hyper Rare,,210,130,170,184.99,180,
230,Mega Evolution,2025-09-26,2025-10-06,2026-10-06,1,2026-03-24,24007,851259,me1-188,Mega Lucario ex,188,Mega Hyper Rare,,210,170,170,184.99,180,
230,Mega Evolution,2025-09-26,2025-10-06,2026-10-06,1,2026-03-28,24007,851259,me1-188,Mega Lucario ex,188,Mega Hyper Rare,,200,170,170,215,180,
230,Mega Evolution,2025-09-26,2025-10-06,2026-10-06,1,2026-03-29,24007,851259,me1-188,Mega Lucario ex,188,Mega Hyper Rare,,210,159.99,170,215,180,
230,Mega Evolution,2025-09-26,2025-10-06,2026-10-06,1,2026-03-30,24007,851259,me1-188,Mega Lucario ex,188,Mega Hyper Rare,,200,159.99,170,215,180,
230,Mega Evolution,2025-09-26,2025-10-06,2026-10-06,1,2026-03-31,24007,851259,me1-188,Mega Lucario ex,188,Mega Hyper Rare,,200,159.99,170,220,180,
230,Mega Evolution,2025-09-26,2025-10-06,2026-10-06,1,2026-04-01,24007,851259,me1-188,Mega Lucario ex,188,Mega Hyper Rare,186.86,200,170,162,184.99,180,
230,Mega Evolution,2025-09-26,2025-10-06,2026-10-06,1,2026-04-05,24007,851259,me1-188,Mega Lucario ex,188,Mega Hyper Rare,189.43,200,170,162,184.99,180,
230,Mega Evolution,2025-09-26,2025-10-06,2026-10-06,1,2026-04-06,24007,851259,me1-188,Mega Lucario ex,188,Mega Hyper Rare,189.43,200,170,162,184.99,180,
230,Mega Evolution,2025-09-26,2025-10-06,2026-10-06,1,2026-04-07,24007,851259,me1-188,Mega Lucario ex,188,Mega Hyper Rare,188.29,200,165,162,184.99,215,
230,Mega Evolution,2025-09-26,2025-10-06,2026-10-06,1,2026-04-09,24007,851259,me1-188,Mega Lucario ex,188,Mega Hyper Rare,188.75,200,165,159.99,220,224.9,
230,Mega Evolution,2025-09-26,2025-10-06,2026-10-06,1,2026-04-10,24007,851259,me1-188,Mega Lucario ex,188,Mega Hyper Rare,189.46,200,165,159.99,220,215,
230,Mega Evolution,2025-09-26,2025-10-06,2026-10-06,1,2026-04-12,24007,851259,me1-188,Mega Lucario ex,188,Mega Hyper Rare,190.82,200,165,159.99,184.99,221.9,
230,Mega Evolution,2025-09-26,2025-10-06,2026-10-06,1,2026-04-14,24007,851259,me1-188,Mega Lucario ex,188,Mega Hyper Rare,189.06,200,165,159.99,174,219.9,
230,Mega Evolution,2025-09-26,2025-10-06,2026-10-06,1,2026-04-19,24007,851259,me1-188,Mega Lucario ex,188,Mega Hyper Rare,192.3,205,165,161.99,184.99,180,
230,Mega Evolution,2025-09-26,2025-10-06,2026-10-06,1,2026-04-23,24007,851259,me1-188,Mega Lucario ex,188,Mega Hyper Rare,195.73,210,165,161.99,184.99,214.97,
230,Mega Evolution,2025-09-26,2025-10-06,2026-10-06,1,2026-04-24,24007,851259,me1-188,Mega Lucario ex,188,Mega Hyper Rare,197.59,220,165,161.99,184.99,200,
230,Mega Evolution,2025-09-26,2025-10-06,2026-10-06,1,2026-04-27,24007,851259,me1-188,Mega Lucario ex,188,Mega Hyper Rare,199.05,208,155,150,184.99,180,
230,Mega Evolution,2025-09-26,2025-10-06,2026-10-06,1,2026-04-29,24007,851259,me1-188,Mega Lucario ex,188,Mega Hyper Rare,198.7,208,155,160,184.99,180,
230,Mega Evolution,2025-09-26,2025-10-06,2026-10-06,1,2026-04-30,24007,851259,me1-188,Mega Lucario ex,188,Mega Hyper Rare,201.29,202,155,160,184.99,180,
230,Mega Evolution,2025-09-26,2025-10-06,2026-10-06,1,2026-05-01,24007,851259,me1-188,Mega Lucario ex,188,Mega Hyper Rare,202.73,202,155,160,184.99,180,
230,Mega Evolution,2025-09-26,2025-10-06,2026-10-06,1,2026-05-03,24007,851259,me1-188,Mega Lucario ex,188,Mega Hyper Rare,202.46,202,155,160,200,180,
230,Mega Evolution,2025-09-26,2025-10-06,2026-10-06,1,2026-05-09,24007,851259,me1-188,Mega Lucario ex,188,Mega Hyper Rare,198.62,210,155,160,194.99,200,
230,Mega Evolution,2025-09-26,2025-10-06,2026-10-06,1,2026-05-14,24007,851259,me1-188,Mega Lucario ex,188,Mega Hyper Rare,193.87,237.89,155,160,194.99,180,
230,Mega Evolution,2025-09-26,2025-10-06,2026-10-06,1,2026-05-18,24007,851259,me1-188,Mega Lucario ex,188,Mega Hyper Rare,194.46,229,160,175,194.99,180,
230,Mega Evolution,2025-09-26,2025-10-06,2026-10-06,1,2026-05-20,24007,851259,me1-188,Mega Lucario ex,188,Mega Hyper Rare,195.6,229.99,160,160,194.99,199,
230,Mega Evolution,2025-09-26,2025-10-06,2026-10-06,1,2026-05-22,24007,851259,me1-188,Mega Lucario ex,188,Mega Hyper Rare,196.33,225,160,160,194.99,199,
230,Mega Evolution,2025-09-26,2025-10-06,2026-10-06,1,2026-05-24,24007,851259,me1-188,Mega Lucario ex,188,Mega Hyper Rare,195.78,220,160,160,169.99,178,
230,Mega Evolution,2025-09-26,2025-10-06,2026-10-06,1,2026-05-26,24007,851259,me1-188,Mega Lucario ex,188,Mega Hyper Rare,196.43,235.36,160,180,169.99,160,
230,Mega Evolution,2025-09-26,2025-10-06,2026-10-06,1,2026-05-28,24007,851259,me1-188,Mega Lucario ex,188,Mega Hyper Rare,196.67,224.99,160,160,169.99,199.9,
230,Mega Evolution,2025-09-26,2025-10-06,2026-10-06,1,2026-05-29,24007,851259,me1-188,Mega Lucario ex,188,Mega Hyper Rare,196.4,224.99,160,160,169.99,210,
230,Mega Evolution,2025-09-26,2025-10-06,2026-10-06,1,2026-06-01,24007,851259,me1-188,Mega Lucario ex,188,Mega Hyper Rare,192.57,220,170,175,240,205,
230,Mega Evolution,2025-09-26,2025-10-06,2026-10-06,1,2026-06-04,24007,851259,me1-188,Mega Lucario ex,188,Mega Hyper Rare,193.69,235,179.98,185,249,210,
230,Mega Evolution,2025-09-26,2025-10-06,2026-10-06,1,2026-06-05,24007,851259,me1-188,Mega Lucario ex,188,Mega Hyper Rare,193.77,223.83,179.98,175,249,210,
230,Mega Evolution,2025-09-26,2025-10-06,2026-10-06,1,2026-06-09,24007,851259,me1-188,Mega Lucario ex,188,Mega Hyper Rare,194.45,200,179.98,175,239,210,
230,Mega Evolution,2025-09-26,2025-10-06,2026-10-06,1,2026-06-11,24007,851259,me1-188,Mega Lucario ex,188,Mega Hyper Rare,195.19,200,179.98,175,239,209,
230,Mega Evolution,2025-09-26,2025-10-06,2026-10-06,1,2026-06-13,24007,851259,me1-188,Mega Lucario ex,188,Mega Hyper Rare,197.71,200,179.98,175,179.99,209,
230,Mega Evolution,2025-09-26,2025-10-06,2026-10-06,1,2026-06-23,24007,851259,me1-188,Mega Lucario ex,188,Mega Hyper Rare,212.41,215,179.9,184,179.99,205,
230,Mega Evolution,2025-09-26,2025-10-06,2026-10-06,1,2026-06-24,24007,851259,me1-188,Mega Lucario ex,188,Mega Hyper Rare,212.29,210,179.9,184,240,205,
230,Mega Evolution,2025-09-26,2025-10-06,2026-10-06,1,2026-06-30,24007,851259,me1-188,Mega Lucario ex,188,Mega Hyper Rare,214.49,210,178,183.9,240,200,
230,Mega Evolution,2025-09-26,2025-10-06,2026-10-06,1,2026-07-03,24007,851259,me1-188,Mega Lucario ex,188,Mega Hyper Rare,214.08,210,178,183.9,240,199.99,
230,Mega Evolution,2025-09-26,2025-10-06,2026-10-06,1,2026-07-07,24007,851259,me1-188,Mega Lucario ex,188,Mega Hyper Rare,215.18,210,195,185,240,199.9,
230,Mega Evolution,2025-09-26,2025-10-06,2026-10-06,1,2026-07-09,24007,851259,me1-188,Mega Lucario ex,188,Mega Hyper Rare,213.7,210,178,185,240,199.9,
230,Mega Evolution,2025-09-26,2025-10-06,2026-10-06,1,2026-07-13,24007,851259,me1-188,Mega Lucario ex,188,Mega Hyper Rare,216.72,210,180,185,240,198.99,
230,Mega Evolution,2025-09-26,2025-10-06,2026-10-06,1,2026-07-14,24007,851259,me1-188,Mega Lucario ex,188,Mega Hyper Rare,7.3,210,180,185,240,198.99,
230,Mega Evolution,2025-09-26,2025-10-06,2026-10-06,1,2026-07-18,24007,851259,me1-188,Mega Lucario ex,188,Mega Hyper Rare,217.24,210,175,185,235,190,
230,Mega Evolution,2025-09-26,2025-10-06,2026-10-06,1,2026-07-19,24007,851259,me1-188,Mega Lucario ex,188,Mega Hyper Rare,217.24,210,172,185,235,190,
230,Mega Evolution,2025-09-26,2025-10-06,2026-10-06,1,2026-07-20,24007,851259,me1-188,Mega Lucario ex,188,Mega Hyper Rare,217.24,210,175,195,235,185,
230,Mega Evolution,2025-09-26,2025-10-06,2026-10-06,1,2026-07-21,24007,851259,me1-188,Mega Lucario ex,188,Mega Hyper Rare,217.37,210,175,185,235,185,
230,Mega Evolution,2025-09-26,2025-10-06,2026-10-06,1,2026-07-22,24007,851259,me1-188,Mega Lucario ex,188,Mega Hyper Rare,217.37,200,175,185,235,190,
230,Mega Evolution,2025-09-26,2025-10-06,2026-10-06,1,2026-07-23,24007,851259,me1-188,Mega Lucario ex,188,Mega Hyper Rare,216.46,200,180,185,239.9,190,
230,Mega Evolution,2025-09-26,2025-10-06,2026-10-06,1,2026-07-24,24007,851259,me1-188,Mega Lucario ex,188,Mega Hyper Rare,215.54,200,175,185,239.9,190,
230,Mega Evolution,2025-09-26,2025-10-06,2026-10-06,1,2026-07-25,24007,851259,me1-188,Mega Lucario ex,188,Mega Hyper Rare,215.54,200,175,185,239.9,185,
230,Mega Evolution,2025-09-26,2025-10-06,2026-10-06,1,2026-07-26,24007,851259,me1-188,Mega Lucario ex,188,Mega Hyper Rare,215.54,200,175,185,239.9,190,
230,Mega Evolution,2025-09-26,2025-10-06,2026-10-06,1,2026-07-27,24007,851259,me1-188,Mega Lucario ex,188,Mega Hyper Rare,215.54,200,170,185,239.9,185,
230,Mega Evolution,2025-09-26,2025-10-06,2026-10-06,1,2026-07-28,24007,851259,me1-188,Mega Lucario ex,188,Mega Hyper Rare,215.54,200,170,185,239.9,185,
230,Mega Evolution,2025-09-26,2025-10-06,2026-10-06,1,2026-07-29,24007,851259,me1-188,Mega Lucario ex,188,Mega Hyper Rare,222.58,205,174.99,185,239.9,199.85,
230,Mega Evolution,2025-09-26,2025-10-06,2026-10-06,1,2026-07-30,24007,851259,me1-188,Mega Lucario ex,188,Mega Hyper Rare,222.05,200,174.99,185,235,190,234.89
230,Mega Evolution,2025-09-26,2025-10-06,2026-10-06,1,2026-07-31,24007,851259,me1-188,Mega Lucario ex,188,Mega Hyper Rare,222.58,205,174.99,185,235,199.85,234.01
230,Mega Evolution,2025-09-26,2025-10-06,2026-10-06,1,2026-08-01,24007,851259,me1-188,Mega Lucario ex,188,Mega Hyper Rare,222.65,200,170,185,235,180,234.01
230,Mega Evolution,2025-09-26,2025-10-06,2026-10-06,1,2026-08-03,24007,851259,me1-188,Mega Lucario ex,188,Mega Hyper Rare,222.65,200,170,185,235,180,234.49
230,Mega Evolution,2025-09-26,2025-10-06,2026-10-06,1,2026-08-04,24007,851259,me1-188,Mega Lucario ex,188,Mega Hyper Rare,205.39,200,170,185,235,170,234.49
230,Mega Evolution,2025-09-26,2025-10-06,2026-10-06,1,2026-08-05,24007,851259,me1-188,Mega Lucario ex,188,Mega Hyper Rare,205.39,200,170,185,235,170,234.78
230,Mega Evolution,2025-09-26,2025-10-06,2026-10-06,1,2026-08-06,24007,851259,me1-188,Mega Lucario ex,188,Mega Hyper Rare,207.39,195,169.9,195,235,180,234.78
230,Mega Evolution,2025-09-26,2025-10-06,2026-10-06,1,2026-08-07,24007,851259,me1-188,Mega Lucario ex,188,Mega Hyper Rare,205.09,195,169.9,195,235,180,234.78
230,Mega Evolution,2025-09-26,2025-10-06,2026-10-06,1,2026-08-08,24007,851259,me1-188,Mega Lucario ex,188,Mega Hyper Rare,204.65,194,169.99,195,239.99,180,234.78
230,Mega Evolution,2025-09-26,2025-10-06,2026-10-06,1,2026-08-09,24007,851259,me1-188,Mega Lucario ex,188,Mega Hyper Rare,202.77,200,169.99,200,239.99,180,234.78
230,Mega Evolution,2025-09-26,2025-10-06,2026-10-06,1,2026-08-10,24007,851259,me1-188,Mega Lucario ex,188,Mega Hyper Rare,201.73,200,169.99,200,239.99,180,232.41
230,Mega Evolution,2025-09-26,2025-10-06,2026-10-06,1,2026-08-11,24007,851259,me1-188,Mega Lucario ex,188,Mega Hyper Rare,203.47,200,169.99,200,239.99,180,232.41
230,Mega Evolution,2025-09-26,2025-10-06,2026-10-06,1,2026-08-12,24007,851259,me1-188,Mega Lucario ex,188,Mega Hyper Rare,203.48,200,169.99,200,239.99,180,232.32
230,Mega Evolution,2025-09-26,2025-10-06,2026-10-06,1,2026-08-13,24007,851259,me1-188,Mega Lucario ex,188,Mega Hyper Rare,204.86,199,165,200,239.99,180,232.32
230,Mega Evolution,2025-09-26,2025-10-06,2026-10-06,1,2026-08-14,24007,851259,me1-188,Mega Lucario ex,188,Mega Hyper Rare,203.82,199,160,200,239.99,180,232.32
230,Mega Evolution,2025-09-26,2025-10-06,2026-10-06,1,2026-08-15,24007,851259,me1-188,Mega Lucario ex,188,Mega Hyper Rare,204.86,199,165,200,239.99,180,232.21
230,Mega Evolution,2025-09-26,2025-10-06,2026-10-06,1,2026-08-16,24007,851259,me1-188,Mega Lucario ex,188,Mega Hyper Rare,202.14,200,174.89,199,239.99,180,232.21
230,Mega Evolution,2025-09-26,2025-10-06,2026-10-06,1,2026-08-17,24007,851259,me1-188,Mega Lucario ex,188,Mega Hyper Rare,203.21,200,174.89,199,239.99,180,232.21
230,Mega Evolution,2025-09-26,2025-10-06,2026-10-06,1,2026-08-18,24007,851259,me1-188,Mega Lucario ex,188,Mega Hyper Rare,202.65,200,170,199,239.99,180,232.21
230,Mega Evolution,2025-09-26,2025-10-06,2026-10-06,1,2026-08-19,24007,851259,me1-188,Mega Lucario ex,188,Mega Hyper Rare,199.05,200,170,199,239.99,180,231.65
230,Mega Evolution,2025-09-26,2025-10-06,2026-10-06,1,2026-08-20,24007,851259,me1-188,Mega Lucario ex,188,Mega Hyper Rare,202.65,200,170,199,239.99,180,231.65
230,Mega Evolution,2025-09-26,2025-10-06,2026-10-06,1,2026-08-21,24007,851259,me1-188,Mega Lucario ex,188,Mega Hyper Rare,199.64,199.99,173.99,199,239.99,180,231.65
230,Mega Evolution,2025-09-26,2025-10-06,2026-10-06,1,2026-08-22,24007,851259,me1-188,Mega Lucario ex,188,Mega Hyper Rare,198.15,199.99,173.99,199,239.99,180,231.65
230,Mega Evolution,2025-09-26,2025-10-06,2026-10-06,1,2026-08-23,24007,851259,me1-188,Mega Lucario ex,188,Mega Hyper Rare,198.15,199.99,173.95,199,239.99,180,231.65
230,Mega Evolution,2025-09-26,2025-10-06,2026-10-06,1,2026-08-24,24007,851259,me1-188,Mega Lucario ex,188,Mega Hyper Rare,198.15,200,173,199,239.99,180,229.61
230,Mega Evolution,2025-09-26,2025-10-06,2026-10-06,1,2026-08-25,24007,851259,me1-188,Mega Lucario ex,188,Mega Hyper Rare,199.52,200,173.95,199,239.99,180,229.61
230,Mega Evolution,2025-09-26,2025-10-06,2026-10-06,1,2026-08-27,24007,851259,me1-188,Mega Lucario ex,188,Mega Hyper Rare,212.81,200,173.95,199,239.99,179,228.43
230,Mega Evolution,2025-09-26,2025-10-06,2026-10-06,1,2026-08-28,24007,851259,me1-188,Mega Lucario ex,188,Mega Hyper Rare,212.81,200,173.95,199.99,239.99,179,228.43
230,Mega Evolution,2025-09-26,2025-10-06,2026-10-06,1,2026-08-29,24007,851259,me1-188,Mega Lucario ex,188,Mega Hyper Rare,212.81,200,173.95,199.99,239.99,179,228.5
230,Mega Evolution,2025-09-26,2025-10-06,2026-10-06,1,2026-08-30,24007,851259,me1-188,Mega Lucario ex,188,Mega Hyper Rare,213.52,200,173.9,199.99,239.99,179,228.5
230,Mega Evolution,2025-09-26,2025-10-06,2026-10-06,1,2026-08-31,24007,851259,me1-188,Mega Lucario ex,188,Mega Hyper Rare,213.52,200,173.95,199.99,239.99,179,228.5
230,Mega Evolution,2025-09-26,2025-10-06,2026-10-06,1,2026-09-01,24007,851259,me1-188,Mega Lucario ex,188,Mega Hyper Rare,213.42,209.11,173.95,199.99,239.99,179,225.4
230,Mega Evolution,2025-09-26,2025-10-06,2026-10-06,1,2026-09-03,24007,851259,me1-188,Mega Lucario ex,188,Mega Hyper Rare,214.22,209.11,173.99,199.99,239.99,179,225.4
230,Mega Evolution,2025-09-26,2025-10-06,2026-10-06,1,2026-09-04,24007,851259,me1-188,Mega Lucario ex,188,Mega Hyper Rare,213.41,209.11,170,199.99,249,179,223.67
230,Mega Evolution,2025-09-26,2025-10-06,2026-10-06,1,2026-09-06,24007,851259,me1-188,Mega Lucario ex,188,Mega Hyper Rare,203.52,209.11,173.89,199.99,239.99,179,223.67
230,Mega Evolution,2025-09-26,2025-10-06,2026-10-06,1,2026-09-07,24007,851259,me1-188,Mega Lucario ex,188,Mega Hyper Rare,203.52,209.11,170,199.99,249,179,223.67
230,Mega Evolution,2025-09-26,2025-10-06,2026-10-06,1,2026-09-08,24007,851259,me1-188,Mega Lucario ex,188,Mega Hyper Rare,203.82,209,164.99,199.99,239.99,179,223.67
230,Mega Evolution,2025-09-26,2025-10-06,2026-10-06,1,2026-09-09,24007,851259,me1-188,Mega Lucario ex,188,Mega Hyper Rare,202.9,210,164.99,199.99,239.99,179,223.67
230,Mega Evolution,2025-09-26,2025-10-06,2026-10-06,1,2026-09-11,24007,851259,me1-188,Mega Lucario ex,188,Mega Hyper Rare,201.84,205,160,199.99,239.99,175,223.67
230,Mega Evolution,2025-09-26,2025-10-06,2026-10-06,1,2026-09-13,24007,851259,me1-188,Mega Lucario ex,188,Mega Hyper Rare,201.84,205,160,199.99,239.99,179,223.67
230,Mega Evolution,2025-09-26,2025-10-06,2026-10-06,1,2026-09-14,24007,851259,me1-188,Mega Lucario ex,188,Mega Hyper Rare,202.87,210,160,184.99,239.99,189.99,211.86
230,Mega Evolution,2025-09-26,2025-10-06,2026-10-06,1,2026-09-15,24007,851259,me1-188,Mega Lucario ex,188,Mega Hyper Rare,200.91,210,169.99,184.99,239.99,179,211.86
230,Mega Evolution,2025-09-26,2025-10-06,2026-10-06,1,2026-09-18,24007,851259,me1-188,Mega Lucario ex,188,Mega Hyper Rare,200.95,198.99,155,184.99,239.99,165,211.86
230,Mega Evolution,2025-09-26,2025-10-06,2026-10-06,1,2026-09-19,24007,851259,me1-188,Mega Lucario ex,188,Mega Hyper Rare,201.02,190,149.99,184.99,239.99,174.9,212.55
230,Mega Evolution,2025-09-26,2025-10-06,2026-10-06,1,2026-09-21,24007,851259,me1-188,Mega Lucario ex,188,Mega Hyper Rare,201.02,190,149.99,184.99,239.99,174.9,211.83
230,Mega Evolution,2025-09-26,2025-10-06,2026-10-06,1,2026-09-22,24007,851259,me1-188,Mega Lucario ex,188,Mega Hyper Rare,199.88,180,149.99,200,239.99,165,211.83
230,Mega Evolution,2025-09-26,2025-10-06,2026-10-06,1,2026-09-25,24007,851259,me1-188,Mega Lucario ex,188,Mega Hyper Rare,197.3,199.99,140,194,199.99,165,211.83
230,Mega Evolution,2025-09-26,2025-10-06,2026-10-06,1,2026-09-28,24007,851259,me1-188,Mega Lucario ex,188,Mega Hyper Rare,196.25,195,140,194,220,165,211.83
230,Mega Evolution,2025-09-26,2025-10-06,2026-10-06,1,2026-09-29,24007,851259,me1-188,Mega Lucario ex,188,Mega Hyper Rare,196.25,195,140,175,199.99,165,211.83
230,Mega Evolution,2025-09-26,2025-10-06,2026-10-06,2,2025-10-06,24006,851258,me1-187,Mega Gardevoir ex,187,Mega Hyper Rare,,385,,,,,
230,Mega Evolution,2025-09-26,2025-10-06,2026-10-06,2,2025-10-07,24006,851258,me1-187,Mega Gardevoir ex,187,Mega Hyper Rare,,470,,,,,
230,Mega Evolution,2025-09-26,2025-10-06,2026-10-06,2,2025-10-08,24006,851258,me1-187,Mega Gardevoir ex,187,Mega Hyper Rare,,449.99,,,,,
230,Mega Evolution,2025-09-26,2025-10-06,2026-10-06,2,2025-10-10,24006,851258,me1-187,Mega Gardevoir ex,187,Mega Hyper Rare,,399,,,,,
230,Mega Evolution,2025-09-26,2025-10-06,2026-10-06,2,2025-10-11,24006,851258,me1-187,Mega Gardevoir ex,187,Mega Hyper Rare,,399.99,,,,,
230,Mega Evolution,2025-09-26,2025-10-06,2026-10-06,2,2025-10-13,24006,851258,me1-187,Mega Gardevoir ex,187,Mega Hyper Rare,,355,,,,,
230,Mega Evolution,2025-09-26,2025-10-06,2026-10-06,2,2025-10-14,24006,851258,me1-187,Mega Gardevoir ex,187,Mega Hyper Rare,,399,,,,,
230,Mega Evolution,2025-09-26,2025-10-06,2026-10-06,2,2025-10-15,24006,851258,me1-187,Mega Gardevoir ex,187,Mega Hyper Rare,,345,,,,,
230,Mega Evolution,2025-09-26,2025-10-06,2026-10-06,2,2025-10-16,24006,851258,me1-187,Mega Gardevoir ex,187,Mega Hyper Rare,,345,,,,,
230,Mega Evolution,2025-09-26,2025-10-06,2026-10-06,2,2025-10-17,24006,851258,me1-187,Mega Gardevoir ex,187,Mega Hyper Rare,,339,,,,,
230,Mega Evolution,2025-09-26,2025-10-06,2026-10-06,2,2025-10-18,24006,851258,me1-187,Mega Gardevoir ex,187,Mega Hyper Rare,,329,,,,,
230,Mega Evolution,2025-09-26,2025-10-06,2026-10-06,2,2025-10-19,24006,851258,me1-187,Mega Gardevoir ex,187,Mega Hyper Rare,,339.99,,,,,
230,Mega Evolution,2025-09-26,2025-10-06,2026-10-06,2,2025-10-20,24006,851258,me1-187,Mega Gardevoir ex,187,Mega Hyper Rare,,329,,,,,
230,Mega Evolution,2025-09-26,2025-10-06,2026-10-06,2,2025-10-21,24006,851258,me1-187,Mega Gardevoir ex,187,Mega Hyper Rare,,329,,,,,
230,Mega Evolution,2025-09-26,2025-10-06,2026-10-06,2,2025-10-22,24006,851258,me1-187,Mega Gardevoir ex,187,Mega Hyper Rare,,329,,,,,
230,Mega Evolution,2025-09-26,2025-10-06,2026-10-06,2,2025-10-24,24006,851258,me1-187,Mega Gardevoir ex,187,Mega Hyper Rare,,319.06,,,,,
230,Mega Evolution,2025-09-26,2025-10-06,2026-10-06,2,2025-10-25,24006,851258,me1-187,Mega Gardevoir ex,187,Mega Hyper Rare,,349,,,,,
230,Mega Evolution,2025-09-26,2025-10-06,2026-10-06,2,2025-10-26,24006,851258,me1-187,Mega Gardevoir ex,187,Mega Hyper Rare,,329,,,,,
230,Mega Evolution,2025-09-26,2025-10-06,2026-10-06,2,2025-10-29,24006,851258,me1-187,Mega Gardevoir ex,187,Mega Hyper Rare,,329,,,,,
230,Mega Evolution,2025-09-26,2025-10-06,2026-10-06,2,2025-10-30,24006,851258,me1-187,Mega Gardevoir ex,187,Mega Hyper Rare,,325,,,,,
230,Mega Evolution,2025-09-26,2025-10-06,2026-10-06,2,2025-10-31,24006,851258,me1-187,Mega Gardevoir ex,187,Mega Hyper Rare,,300,,,,,
230,Mega Evolution,2025-09-26,2025-10-06,2026-10-06,2,2025-11-01,24006,851258,me1-187,Mega Gardevoir ex,187,Mega Hyper Rare,,300,,,,,
230,Mega Evolution,2025-09-26,2025-10-06,2026-10-06,2,2025-11-02,24006,851258,me1-187,Mega Gardevoir ex,187,Mega Hyper Rare,,295,,,,,
230,Mega Evolution,2025-09-26,2025-10-06,2026-10-06,2,2025-11-03,24006,851258,me1-187,Mega Gardevoir ex,187,Mega Hyper Rare,,280,,,,,
230,Mega Evolution,2025-09-26,2025-10-06,2026-10-06,2,2025-11-05,24006,851258,me1-187,Mega Gardevoir ex,187,Mega Hyper Rare,,280,,,,,
230,Mega Evolution,2025-09-26,2025-10-06,2026-10-06,2,2025-11-08,24006,851258,me1-187,Mega Gardevoir ex,187,Mega Hyper Rare,,280,,,,,
230,Mega Evolution,2025-09-26,2025-10-06,2026-10-06,2,2025-11-10,24006,851258,me1-187,Mega Gardevoir ex,187,Mega Hyper Rare,,225,,,,,
230,Mega Evolution,2025-09-26,2025-10-06,2026-10-06,2,2025-11-11,24006,851258,me1-187,Mega Gardevoir ex,187,Mega Hyper Rare,,280,,,,,
230,Mega Evolution,2025-09-26,2025-10-06,2026-10-06,2,2025-11-12,24006,851258,me1-187,Mega Gardevoir ex,187,Mega Hyper Rare,,280,,,,,
230,Mega Evolution,2025-09-26,2025-10-06,2026-10-06,2,2025-11-13,24006,851258,me1-187,Mega Gardevoir ex,187,Mega Hyper Rare,,275,,,,,
230,Mega Evolution,2025-09-26,2025-10-06,2026-10-06,2,2025-11-14,24006,851258,me1-187,Mega Gardevoir ex,187,Mega Hyper Rare,,240,,,,,
230,Mega Evolution,2025-09-26,2025-10-06,2026-10-06,2,2025-11-16,24006,851258,me1-187,Mega Gardevoir ex,187,Mega Hyper Rare,,280,,,,,
230,Mega Evolution,2025-09-26,2025-10-06,2026-10-06,2,2025-11-17,24006,851258,me1-187,Mega Gardevoir ex,187,Mega Hyper Rare,,275,,,,,
230,Mega Evolution,2025-09-26,2025-10-06,2026-10-06,2,2025-11-18,24006,851258,me1-187,Mega Gardevoir ex,187,Mega Hyper Rare,,265,,,,,
230,Mega Evolution,2025-09-26,2025-10-06,2026-10-06,2,2025-11-19,24006,851258,me1-187,Mega Gardevoir ex,187,Mega Hyper Rare,,289.99,,,,,
230,Mega Evolution,2025-09-26,2025-10-06,2026-10-06,2,2025-11-20,24006,851258,me1-187,Mega Gardevoir ex,187,Mega Hyper Rare,,265,,,,,
230,Mega Evolution,2025-09-26,2025-10-06,2026-10-06,2,2025-11-21,24006,851258,me1-187,Mega Gardevoir ex,187,Mega Hyper Rare,,200,,,,,
230,Mega Evolution,2025-09-26,2025-10-06,2026-10-06,2,2025-11-22,24006,851258,me1-187,Mega Gardevoir ex,187,Mega Hyper Rare,,190,,,,,
230,Mega Evolution,2025-09-26,2025-10-06,2026-10-06,2,2025-11-23,24006,851258,me1-187,Mega Gardevoir ex,187,Mega Hyper Rare,,180,,,,,
230,Mega Evolution,2025-09-26,2025-10-06,2026-10-06,2,2025-11-24,24006,851258,me1-187,Mega Gardevoir ex,187,Mega Hyper Rare,,249.99,,,,,
230,Mega Evolution,2025-09-26,2025-10-06,2026-10-06,2,2025-11-25,24006,851258,me1-187,Mega Gardevoir ex,187,Mega Hyper Rare,,185,,,,,
230,Mega Evolution,2025-09-26,2025-10-06,2026-10-06,2,2025-11-26,24006,851258,me1-187,Mega Gardevoir ex,187,Mega Hyper Rare,,249.99,,,,,
230,Mega Evolution,2025-09-26,2025-10-06,2026-10-06,2,2025-11-27,24006,851258,me1-187,Mega Gardevoir ex,187,Mega Hyper Rare,,249.99,,,,,
230,Mega Evolution,2025-09-26,2025-10-06,2026-10-06,2,2025-11-28,24006,851258,me1-187,Mega Gardevoir ex,187,Mega Hyper Rare,,230,,,,,
230,Mega Evolution,2025-09-26,2025-10-06,2026-10-06,2,2025-11-29,24006,851258,me1-187,Mega Gardevoir ex,187,Mega Hyper Rare,,250,,,,,
230,Mega Evolution,2025-09-26,2025-10-06,2026-10-06,2,2025-11-30,24006,851258,me1-187,Mega Gardevoir ex,187,Mega Hyper Rare,,235.08,,,,,
230,Mega Evolution,2025-09-26,2025-10-06,2026-10-06,2,2025-12-01,24006,851258,me1-187,Mega Gardevoir ex,187,Mega Hyper Rare,,234.88,,,,,
230,Mega Evolution,2025-09-26,2025-10-06,2026-10-06,2,2025-12-02,24006,851258,me1-187,Mega Gardevoir ex,187,Mega Hyper Rare,,234.44,,,,,
230,Mega Evolution,2025-09-26,2025-10-06,2026-10-06,2,2025-12-03,24006,851258,me1-187,Mega Gardevoir ex,187,Mega Hyper Rare,,234.16,,,,,
230,Mega Evolution,2025-09-26,2025-10-06,2026-10-06,2,2025-12-04,24006,851258,me1-187,Mega Gardevoir ex,187,Mega Hyper Rare,,235.64,,,,,
230,Mega Evolution,2025-09-26,2025-10-06,2026-10-06,2,2025-12-05,24006,851258,me1-187,Mega Gardevoir ex,187,Mega Hyper Rare,,235.72,,,,,
230,Mega Evolution,2025-09-26,2025-10-06,2026-10-06,2,2025-12-06,24006,851258,me1-187,Mega Gardevoir ex,187,Mega Hyper Rare,,224.44,,,,,
230,Mega Evolution,2025-09-26,2025-10-06,2026-10-06,2,2025-12-07,24006,851258,me1-187,Mega Gardevoir ex,187,Mega Hyper Rare,,224.44,,,,,
230,Mega Evolution,2025-09-26,2025-10-06,2026-10-06,2,2025-12-08,24006,851258,me1-187,Mega Gardevoir ex,187,Mega Hyper Rare,,222.22,,,,,
230,Mega Evolution,2025-09-26,2025-10-06,2026-10-06,2,2025-12-10,24006,851258,me1-187,Mega Gardevoir ex,187,Mega Hyper Rare,,249.99,,,,,
230,Mega Evolution,2025-09-26,2025-10-06,2026-10-06,2,2025-12-11,24006,851258,me1-187,Mega Gardevoir ex,187,Mega Hyper Rare,,249,,,,,
230,Mega Evolution,2025-09-26,2025-10-06,2026-10-06,2,2025-12-14,24006,851258,me1-187,Mega Gardevoir ex,187,Mega Hyper Rare,,220,,,,,
230,Mega Evolution,2025-09-26,2025-10-06,2026-10-06,2,2025-12-16,24006,851258,me1-187,Mega Gardevoir ex,187,Mega Hyper Rare,,220,,,,,
230,Mega Evolution,2025-09-26,2025-10-06,2026-10-06,2,2025-12-17,24006,851258,me1-187,Mega Gardevoir ex,187,Mega Hyper Rare,,220,,,,,
230,Mega Evolution,2025-09-26,2025-10-06,2026-10-06,2,2025-12-22,24006,851258,me1-187,Mega Gardevoir ex,187,Mega Hyper Rare,,229.99,,,,,
230,Mega Evolution,2025-09-26,2025-10-06,2026-10-06,2,2025-12-23,24006,851258,me1-187,Mega Gardevoir ex,187,Mega Hyper Rare,,235,,,,,
230,Mega Evolution,2025-09-26,2025-10-06,2026-10-06,2,2025-12-27,24006,851258,me1-187,Mega Gardevoir ex,187,Mega Hyper Rare,,239,,,,,
230,Mega Evolution,2025-09-26,2025-10-06,2026-10-06,2,2025-12-30,24006,851258,me1-187,Mega Gardevoir ex,187,Mega Hyper Rare,,229,,,,,
230,Mega Evolution,2025-09-26,2025-10-06,2026-10-06,2,2026-01-02,24006,851258,me1-187,Mega Gardevoir ex,187,Mega Hyper Rare,,215,,,,,
230,Mega Evolution,2025-09-26,2025-10-06,2026-10-06,2,2026-01-06,24006,851258,me1-187,Mega Gardevoir ex,187,Mega Hyper Rare,,228,,,,,
230,Mega Evolution,2025-09-26,2025-10-06,2026-10-06,2,2026-01-07,24006,851258,me1-187,Mega Gardevoir ex,187,Mega Hyper Rare,,229.22,,,,,
230,Mega Evolution,2025-09-26,2025-10-06,2026-10-06,2,2026-01-10,24006,851258,me1-187,Mega Gardevoir ex,187,Mega Hyper Rare,,225,,,,,
230,Mega Evolution,2025-09-26,2025-10-06,2026-10-06,2,2026-01-11,24006,851258,me1-187,Mega Gardevoir ex,187,Mega Hyper Rare,,230,,,,,
230,Mega Evolution,2025-09-26,2025-10-06,2026-10-06,2,2026-01-12,24006,851258,me1-187,Mega Gardevoir ex,187,Mega Hyper Rare,,220,,,,,
230,Mega Evolution,2025-09-26,2025-10-06,2026-10-06,2,2026-01-13,24006,851258,me1-187,Mega Gardevoir ex,187,Mega Hyper Rare,,229.22,,,,,
230,Mega Evolution,2025-09-26,2025-10-06,2026-10-06,2,2026-01-15,24006,851258,me1-187,Mega Gardevoir ex,187,Mega Hyper Rare,,225,,,,,
230,Mega Evolution,2025-09-26,2025-10-06,2026-10-06,2,2026-01-17,24006,851258,me1-187,Mega Gardevoir ex,187,Mega Hyper Rare,,219.99,,,,,
230,Mega Evolution,2025-09-26,2025-10-06,2026-10-06,2,2026-01-22,24006,851258,me1-187,Mega Gardevoir ex,187,Mega Hyper Rare,,215,,,,,
230,Mega Evolution,2025-09-26,2025-10-06,2026-10-06,2,2026-01-23,24006,851258,me1-187,Mega Gardevoir ex,187,Mega Hyper Rare,,230.75,,,,,
230,Mega Evolution,2025-09-26,2025-10-06,2026-10-06,2,2026-01-26,24006,851258,me1-187,Mega Gardevoir ex,187,Mega Hyper Rare,,219.49,,,,,
230,Mega Evolution,2025-09-26,2025-10-06,2026-10-06,2,2026-01-30,24006,851258,me1-187,Mega Gardevoir ex,187,Mega Hyper Rare,,220,,,,,
230,Mega Evolution,2025-09-26,2025-10-06,2026-10-06,2,2026-02-03,24006,851258,me1-187,Mega Gardevoir ex,187,Mega Hyper Rare,,220.77,,,,,
230,Mega Evolution,2025-09-26,2025-10-06,2026-10-06,2,2026-02-07,24006,851258,me1-187,Mega Gardevoir ex,187,Mega Hyper Rare,,219.51,,,,,
230,Mega Evolution,2025-09-26,2025-10-06,2026-10-06,2,2026-02-10,24006,851258,me1-187,Mega Gardevoir ex,187,Mega Hyper Rare,,219,,,,,
230,Mega Evolution,2025-09-26,2025-10-06,2026-10-06,2,2026-02-15,24006,851258,me1-187,Mega Gardevoir ex,187,Mega Hyper Rare,,219.19,,,,,
230,Mega Evolution,2025-09-26,2025-10-06,2026-10-06,2,2026-02-16,24006,851258,me1-187,Mega Gardevoir ex,187,Mega Hyper Rare,,219.1,149.99,184.99,190,214.9,
230,Mega Evolution,2025-09-26,2025-10-06,2026-10-06,2,2026-02-17,24006,851258,me1-187,Mega Gardevoir ex,187,Mega Hyper Rare,,219.1,149.99,184.99,190,214.9,
230,Mega Evolution,2025-09-26,2025-10-06,2026-10-06,2,2026-02-18,24006,851258,me1-187,Mega Gardevoir ex,187,Mega Hyper Rare,,219.12,148.69,184.99,209,210,
230,Mega Evolution,2025-09-26,2025-10-06,2026-10-06,2,2026-02-21,24006,851258,me1-187,Mega Gardevoir ex,187,Mega Hyper Rare,,219.12,137,184.94,209,199,
230,Mega Evolution,2025-09-26,2025-10-06,2026-10-06,2,2026-02-22,24006,851258,me1-187,Mega Gardevoir ex,187,Mega Hyper Rare,,259.2,137,180,200,190,
230,Mega Evolution,2025-09-26,2025-10-06,2026-10-06,2,2026-02-24,24006,851258,me1-187,Mega Gardevoir ex,187,Mega Hyper Rare,,210.69,140,160,200,190,
230,Mega Evolution,2025-09-26,2025-10-06,2026-10-06,2,2026-02-25,24006,851258,me1-187,Mega Gardevoir ex,187,Mega Hyper Rare,,210.69,140,160,200,190,
230,Mega Evolution,2025-09-26,2025-10-06,2026-10-06,2,2026-02-28,24006,851258,me1-187,Mega Gardevoir ex,187,Mega Hyper Rare,,193.9,127,160,300,189.9,
230,Mega Evolution,2025-09-26,2025-10-06,2026-10-06,2,2026-03-01,24006,851258,me1-187,Mega Gardevoir ex,187,Mega Hyper Rare,,193.9,119.99,160,169.95,188,
230,Mega Evolution,2025-09-26,2025-10-06,2026-10-06,2,2026-03-03,24006,851258,me1-187,Mega Gardevoir ex,187,Mega Hyper Rare,,194.86,119.99,160,169.95,188,
230,Mega Evolution,2025-09-26,2025-10-06,2026-10-06,2,2026-03-06,24006,851258,me1-187,Mega Gardevoir ex,187,Mega Hyper Rare,,195.55,129.9,150,169.95,169,
230,Mega Evolution,2025-09-26,2025-10-06,2026-10-06,2,2026-03-08,24006,851258,me1-187,Mega Gardevoir ex,187,Mega Hyper Rare,,196.2,130,180,169.95,169,
230,Mega Evolution,2025-09-26,2025-10-06,2026-10-06,2,2026-03-10,24006,851258,me1-187,Mega Gardevoir ex,187,Mega Hyper Rare,,196.45,129.9,180,169.95,197.98,
230,Mega Evolution,2025-09-26,2025-10-06,2026-10-06,2,2026-03-13,24006,851258,me1-187,Mega Gardevoir ex,187,Mega Hyper Rare,,197.11,129.9,175,200,190,
230,Mega Evolution,2025-09-26,2025-10-06,2026-10-06,2,2026-03-15,24006,851258,me1-187,Mega Gardevoir ex,187,Mega Hyper Rare,,196.84,130,179,169.95,190,
230,Mega Evolution,2025-09-26,2025-10-06,2026-10-06,2,2026-03-17,24006,851258,me1-187,Mega Gardevoir ex,187,Mega Hyper Rare,,196.74,130,179,169.95,190,
230,Mega Evolution,2025-09-26,2025-10-06,2026-10-06,2,2026-03-20,24006,851258,me1-187,Mega Gardevoir ex,187,Mega Hyper Rare,,199.99,130,170,169.95,190,
230,Mega Evolution,2025-09-26,2025-10-06,2026-10-06,2,2026-03-28,24006,851258,me1-187,Mega Gardevoir ex,187,Mega Hyper Rare,,199,149.98,199,169.95,195.98,
230,Mega Evolution,2025-09-26,2025-10-06,2026-10-06,2,2026-03-29,24006,851258,me1-187,Mega Gardevoir ex,187,Mega Hyper Rare,,195,145,184.99,169.95,197.5,
230,Mega Evolution,2025-09-26,2025-10-06,2026-10-06,2,2026-03-30,24006,851258,me1-187,Mega Gardevoir ex,187,Mega Hyper Rare,,199,130,184.99,169.95,180,
230,Mega Evolution,2025-09-26,2025-10-06,2026-10-06,2,2026-03-31,24006,851258,me1-187,Mega Gardevoir ex,187,Mega Hyper Rare,,199,138,184.99,169.95,180,
230,Mega Evolution,2025-09-26,2025-10-06,2026-10-06,2,2026-04-01,24006,851258,me1-187,Mega Gardevoir ex,187,Mega Hyper Rare,179.09,199,138,184.99,190,190,
230,Mega Evolution,2025-09-26,2025-10-06,2026-10-06,2,2026-04-05,24006,851258,me1-187,Mega Gardevoir ex,187,Mega Hyper Rare,177.27,199.5,129.95,184.99,169.95,180,
230,Mega Evolution,2025-09-26,2025-10-06,2026-10-06,2,2026-04-06,24006,851258,me1-187,Mega Gardevoir ex,187,Mega Hyper Rare,177.7,199.5,129.95,184.99,169.95,180,
230,Mega Evolution,2025-09-26,2025-10-06,2026-10-06,2,2026-04-07,24006,851258,me1-187,Mega Gardevoir ex,187,Mega Hyper Rare,177.57,190,147,180,169.95,180,
230,Mega Evolution,2025-09-26,2025-10-06,2026-10-06,2,2026-04-08,24006,851258,me1-187,Mega Gardevoir ex,187,Mega Hyper Rare,177.57,190,129.95,180,169.95,175,
230,Mega Evolution,2025-09-26,2025-10-06,2026-10-06,2,2026-04-12,24006,851258,me1-187,Mega Gardevoir ex,187,Mega Hyper Rare,175.4,199.5,129.95,180,199.99,179.99,
230,Mega Evolution,2025-09-26,2025-10-06,2026-10-06,2,2026-04-18,24006,851258,me1-187,Mega Gardevoir ex,187,Mega Hyper Rare,174.8,199.5,143,180,169.95,181.99,
230,Mega Evolution,2025-09-26,2025-10-06,2026-10-06,2,2026-04-19,24006,851258,me1-187,Mega Gardevoir ex,187,Mega Hyper Rare,174.8,199,143,180,160,181.99,
230,Mega Evolution,2025-09-26,2025-10-06,2026-10-06,2,2026-05-01,24006,851258,me1-187,Mega Gardevoir ex,187,Mega Hyper Rare,174.14,190,140,180,190,180.97,
230,Mega Evolution,2025-09-26,2025-10-06,2026-10-06,2,2026-05-14,24006,851258,me1-187,Mega Gardevoir ex,187,Mega Hyper Rare,171.05,185,150,175,179.99,180.98,
230,Mega Evolution,2025-09-26,2025-10-06,2026-10-06,2,2026-05-18,24006,851258,me1-187,Mega Gardevoir ex,187,Mega Hyper Rare,170.57,185,150,175,179.99,180.98,
230,Mega Evolution,2025-09-26,2025-10-06,2026-10-06,2,2026-05-20,24006,851258,me1-187,Mega Gardevoir ex,187,Mega Hyper Rare,170.55,165,150,179.99,179.99,181.99,
230,Mega Evolution,2025-09-26,2025-10-06,2026-10-06,2,2026-05-22,24006,851258,me1-187,Mega Gardevoir ex,187,Mega Hyper Rare,172.9,165,140,179.98,179.99,180,
230,Mega Evolution,2025-09-26,2025-10-06,2026-10-06,2,2026-05-25,24006,851258,me1-187,Mega Gardevoir ex,187,Mega Hyper Rare,173.1,165,150,179.98,179.99,180,
230,Mega Evolution,2025-09-26,2025-10-06,2026-10-06,2,2026-05-26,24006,851258,me1-187,Mega Gardevoir ex,187,Mega Hyper Rare,173.44,195,150,179.98,179.99,180,
230,Mega Evolution,2025-09-26,2025-10-06,2026-10-06,2,2026-05-29,24006,851258,me1-187,Mega Gardevoir ex,187,Mega Hyper Rare,174.64,195,150,179.98,179.99,180,
230,Mega Evolution,2025-09-26,2025-10-06,2026-10-06,2,2026-06-01,24006,851258,me1-187,Mega Gardevoir ex,187,Mega Hyper Rare,174.78,195,150,179.98,200,180,
230,Mega Evolution,2025-09-26,2025-10-06,2026-10-06,2,2026-06-03,24006,851258,me1-187,Mega Gardevoir ex,187,Mega Hyper Rare,175.52,195,150,179.98,179.99,180,
230,Mega Evolution,2025-09-26,2025-10-06,2026-10-06,2,2026-06-04,24006,851258,me1-187,Mega Gardevoir ex,187,Mega Hyper Rare,176.65,195,150,179.98,350,180,
230,Mega Evolution,2025-09-26,2025-10-06,2026-10-06,2,2026-06-08,24006,851258,me1-187,Mega Gardevoir ex,187,Mega Hyper Rare,175.96,178.82,169.53,179.98,179.99,178,
230,Mega Evolution,2025-09-26,2025-10-06,2026-10-06,2,2026-06-09,24006,851258,me1-187,Mega Gardevoir ex,187,Mega Hyper Rare,176.95,195,135,179,179.99,178,
230,Mega Evolution,2025-09-26,2025-10-06,2026-10-06,2,2026-06-11,24006,851258,me1-187,Mega Gardevoir ex,187,Mega Hyper Rare,183.94,194.99,164,179,175,170,
230,Mega Evolution,2025-09-26,2025-10-06,2026-10-06,2,2026-06-12,24006,851258,me1-187,Mega Gardevoir ex,187,Mega Hyper Rare,182.56,195,164,179,175,170,
230,Mega Evolution,2025-09-26,2025-10-06,2026-10-06,2,2026-06-13,24006,851258,me1-187,Mega Gardevoir ex,187,Mega Hyper Rare,183.42,174.44,164,178,175,180.98,
230,Mega Evolution,2025-09-26,2025-10-06,2026-10-06,2,2026-06-17,24006,851258,me1-187,Mega Gardevoir ex,187,Mega Hyper Rare,184.17,174.44,162.5,178,149.99,160,
230,Mega Evolution,2025-09-26,2025-10-06,2026-10-06,2,2026-06-19,24006,851258,me1-187,Mega Gardevoir ex,187,Mega Hyper Rare,191.11,174.44,160,179,149.99,159,
230,Mega Evolution,2025-09-26,2025-10-06,2026-10-06,2,2026-06-24,24006,851258,me1-187,Mega Gardevoir ex,187,Mega Hyper Rare,189.17,195,150,179,149.99,169,
230,Mega Evolution,2025-09-26,2025-10-06,2026-10-06,2,2026-06-25,24006,851258,me1-187,Mega Gardevoir ex,187,Mega Hyper Rare,189.01,186.5,150,179,149.99,169,
230,Mega Evolution,2025-09-26,2025-10-06,2026-10-06,2,2026-06-30,24006,851258,me1-187,Mega Gardevoir ex,187,Mega Hyper Rare,187.63,194,150,179,149.99,165,
230,Mega Evolution,2025-09-26,2025-10-06,2026-10-06,2,2026-07-02,24006,851258,me1-187,Mega Gardevoir ex,187,Mega Hyper Rare,187.44,194,155,179,149.99,165,
230,Mega Evolution,2025-09-26,2025-10-06,2026-10-06,2,2026-07-03,24006,851258,me1-187,Mega Gardevoir ex,187,Mega Hyper Rare,189.14,194,157.5,179,149.99,165,
230,Mega Evolution,2025-09-26,2025-10-06,2026-10-06,2,2026-07-07,24006,851258,me1-187,Mega Gardevoir ex,187,Mega Hyper Rare,188.19,179.99,160,199,194.99,164.95,
230,Mega Evolution,2025-09-26,2025-10-06,2026-10-06,2,2026-07-13,24006,851258,me1-187,Mega Gardevoir ex,187,Mega Hyper Rare,187.39,194,158,178.99,149.99,165,
230,Mega Evolution,2025-09-26,2025-10-06,2026-10-06,2,2026-07-14,24006,851258,me1-187,Mega Gardevoir ex,187,Mega Hyper Rare,195.27,194,158,178.99,149.99,165,
230,Mega Evolution,2025-09-26,2025-10-06,2026-10-06,2,2026-07-18,24006,851258,me1-187,Mega Gardevoir ex,187,Mega Hyper Rare,194.74,194,145,178.99,149.99,160,
230,Mega Evolution,2025-09-26,2025-10-06,2026-10-06,2,2026-07-19,24006,851258,me1-187,Mega Gardevoir ex,187,Mega Hyper Rare,194.74,194,135,178.99,149.99,160,
230,Mega Evolution,2025-09-26,2025-10-06,2026-10-06,2,2026-07-20,24006,851258,me1-187,Mega Gardevoir ex,187,Mega Hyper Rare,192.73,195,155,178.99,149.99,160,
230,Mega Evolution,2025-09-26,2025-10-06,2026-10-06,2,2026-07-21,24006,851258,me1-187,Mega Gardevoir ex,187,Mega Hyper Rare,185.46,195,155,178.99,194.99,164.95,
230,Mega Evolution,2025-09-26,2025-10-06,2026-10-06,2,2026-07-22,24006,851258,me1-187,Mega Gardevoir ex,187,Mega Hyper Rare,185.46,195,155,178.99,194.99,164.95,
230,Mega Evolution,2025-09-26,2025-10-06,2026-10-06,2,2026-07-23,24006,851258,me1-187,Mega Gardevoir ex,187,Mega Hyper Rare,187.11,195,155,178.99,190,160,
230,Mega Evolution,2025-09-26,2025-10-06,2026-10-06,2,2026-07-24,24006,851258,me1-187,Mega Gardevoir ex,187,Mega Hyper Rare,183.9,195,153.5,178.99,190,155,
230,Mega Evolution,2025-09-26,2025-10-06,2026-10-06,2,2026-07-26,24006,851258,me1-187,Mega Gardevoir ex,187,Mega Hyper Rare,191.85,199,153.5,178.99,190,152,
230,Mega Evolution,2025-09-26,2025-10-06,2026-10-06,2,2026-07-27,24006,851258,me1-187,Mega Gardevoir ex,187,Mega Hyper Rare,192.14,195,153.5,179,190,152,
230,Mega Evolution,2025-09-26,2025-10-06,2026-10-06,2,2026-07-28,24006,851258,me1-187,Mega Gardevoir ex,187,Mega Hyper Rare,192.14,195,153.5,179,190,152,
230,Mega Evolution,2025-09-26,2025-10-06,2026-10-06,2,2026-07-29,24006,851258,me1-187,Mega Gardevoir ex,187,Mega Hyper Rare,185.45,170,153.5,179,190,155,
230,Mega Evolution,2025-09-26,2025-10-06,2026-10-06,2,2026-07-30,24006,851258,me1-187,Mega Gardevoir ex,187,Mega Hyper Rare,185.45,170,152.99,179,190,155,179.81
230,Mega Evolution,2025-09-26,2025-10-06,2026-10-06,2,2026-07-31,24006,851258,me1-187,Mega Gardevoir ex,187,Mega Hyper Rare,185.45,170,153.5,179,190,150,179.47
230,Mega Evolution,2025-09-26,2025-10-06,2026-10-06,2,2026-08-01,24006,851258,me1-187,Mega Gardevoir ex,187,Mega Hyper Rare,185.45,170,153.5,179,190,150,179.47
230,Mega Evolution,2025-09-26,2025-10-06,2026-10-06,2,2026-08-03,24006,851258,me1-187,Mega Gardevoir ex,187,Mega Hyper Rare,186.48,180,153,179,189,150,179.3
230,Mega Evolution,2025-09-26,2025-10-06,2026-10-06,2,2026-08-04,24006,851258,me1-187,Mega Gardevoir ex,187,Mega Hyper Rare,186.48,180,153,179,189,150,179.3
230,Mega Evolution,2025-09-26,2025-10-06,2026-10-06,2,2026-08-05,24006,851258,me1-187,Mega Gardevoir ex,187,Mega Hyper Rare,189.37,180,151,179,189,150,179.41
230,Mega Evolution,2025-09-26,2025-10-06,2026-10-06,2,2026-08-06,24006,851258,me1-187,Mega Gardevoir ex,187,Mega Hyper Rare,189.37,180,153.99,179,189,149.95,179.41
230,Mega Evolution,2025-09-26,2025-10-06,2026-10-06,2,2026-08-07,24006,851258,me1-187,Mega Gardevoir ex,187,Mega Hyper Rare,189.26,180,153.99,199,189,149.95,179.41
230,Mega Evolution,2025-09-26,2025-10-06,2026-10-06,2,2026-08-09,24006,851258,me1-187,Mega Gardevoir ex,187,Mega Hyper Rare,187.9,180,155,178.9,190,149.95,179.41
230,Mega Evolution,2025-09-26,2025-10-06,2026-10-06,2,2026-08-10,24006,851258,me1-187,Mega Gardevoir ex,187,Mega Hyper Rare,188.33,180,155,178.9,190,149.95,178.03
230,Mega Evolution,2025-09-26,2025-10-06,2026-10-06,2,2026-08-12,24006,851258,me1-187,Mega Gardevoir ex,187,Mega Hyper Rare,189.22,180,155,178.9,194.99,150,178.03
230,Mega Evolution,2025-09-26,2025-10-06,2026-10-06,2,2026-08-13,24006,851258,me1-187,Mega Gardevoir ex,187,Mega Hyper Rare,192.3,180,155,178.9,194.99,150,178.03
230,Mega Evolution,2025-09-26,2025-10-06,2026-10-06,2,2026-08-14,24006,851258,me1-187,Mega Gardevoir ex,187,Mega Hyper Rare,191.88,180,154.99,178.9,199.99,149.95,178.03
230,Mega Evolution,2025-09-26,2025-10-06,2026-10-06,2,2026-08-15,24006,851258,me1-187,Mega Gardevoir ex,187,Mega Hyper Rare,192.3,180,155,178.9,194.99,150,177.88
230,Mega Evolution,2025-09-26,2025-10-06,2026-10-06,2,2026-08-16,24006,851258,me1-187,Mega Gardevoir ex,187,Mega Hyper Rare,191.94,193.99,150,178.9,194.99,149.95,177.88
230,Mega Evolution,2025-09-26,2025-10-06,2026-10-06,2,2026-08-17,24006,851258,me1-187,Mega Gardevoir ex,187,Mega Hyper Rare,191.77,192,149.99,178.9,199.99,140,177.88
230,Mega Evolution,2025-09-26,2025-10-06,2026-10-06,2,2026-08-18,24006,851258,me1-187,Mega Gardevoir ex,187,Mega Hyper Rare,193.14,193.99,150,178.9,199.99,140,177.88
230,Mega Evolution,2025-09-26,2025-10-06,2026-10-06,2,2026-08-20,24006,851258,me1-187,Mega Gardevoir ex,187,Mega Hyper Rare,191.9,190,149.99,178.9,199.99,140,177.88
230,Mega Evolution,2025-09-26,2025-10-06,2026-10-06,2,2026-08-21,24006,851258,me1-187,Mega Gardevoir ex,187,Mega Hyper Rare,191.9,190,149.99,178.9,199.99,140,177.88
230,Mega Evolution,2025-09-26,2025-10-06,2026-10-06,2,2026-08-22,24006,851258,me1-187,Mega Gardevoir ex,187,Mega Hyper Rare,194.41,190,149.99,178.9,195,140,177.88
230,Mega Evolution,2025-09-26,2025-10-06,2026-10-06,2,2026-08-23,24006,851258,me1-187,Mega Gardevoir ex,187,Mega Hyper Rare,186.12,185,147,178.9,180,140,177.88
230,Mega Evolution,2025-09-26,2025-10-06,2026-10-06,2,2026-08-24,24006,851258,me1-187,Mega Gardevoir ex,187,Mega Hyper Rare,186.12,185,147,178.9,180,140,178.08
230,Mega Evolution,2025-09-26,2025-10-06,2026-10-06,2,2026-08-25,24006,851258,me1-187,Mega Gardevoir ex,187,Mega Hyper Rare,186.12,185,145,178.9,180,140,178.08
230,Mega Evolution,2025-09-26,2025-10-06,2026-10-06,2,2026-08-26,24006,851258,me1-187,Mega Gardevoir ex,187,Mega Hyper Rare,186.38,189.99,145,178.9,180,140,178.08
230,Mega Evolution,2025-09-26,2025-10-06,2026-10-06,2,2026-08-27,24006,851258,me1-187,Mega Gardevoir ex,187,Mega Hyper Rare,187.42,189.99,146,178.9,180,140,177.09
230,Mega Evolution,2025-09-26,2025-10-06,2026-10-06,2,2026-08-28,24006,851258,me1-187,Mega Gardevoir ex,187,Mega Hyper Rare,187.42,197,145,178.9,180,140,177.09
230,Mega Evolution,2025-09-26,2025-10-06,2026-10-06,2,2026-08-29,24006,851258,me1-187,Mega Gardevoir ex,187,Mega Hyper Rare,187.42,197,145,178.9,180,140,174.54
230,Mega Evolution,2025-09-26,2025-10-06,2026-10-06,2,2026-08-30,24006,851258,me1-187,Mega Gardevoir ex,187,Mega Hyper Rare,189.98,189.98,144.99,178.9,180,139.95,174.54
230,Mega Evolution,2025-09-26,2025-10-06,2026-10-06,2,2026-08-31,24006,851258,me1-187,Mega Gardevoir ex,187,Mega Hyper Rare,189.98,189.98,140,178.9,180,139.95,174.54
230,Mega Evolution,2025-09-26,2025-10-06,2026-10-06,2,2026-09-01,24006,851258,me1-187,Mega Gardevoir ex,187,Mega Hyper Rare,190.18,188.98,140,178.9,180,139.95,171.09
230,Mega Evolution,2025-09-26,2025-10-06,2026-10-06,2,2026-09-02,24006,851258,me1-187,Mega Gardevoir ex,187,Mega Hyper Rare,188.89,188.98,135,178.9,180,139.95,171.09
230,Mega Evolution,2025-09-26,2025-10-06,2026-10-06,2,2026-09-04,24006,851258,me1-187,Mega Gardevoir ex,187,Mega Hyper Rare,188.89,188.98,135,178.9,180,139.95,170.44
230,Mega Evolution,2025-09-26,2025-10-06,2026-10-06,2,2026-09-05,24006,851258,me1-187,Mega Gardevoir ex,187,Mega Hyper Rare,190.03,188.98,144.95,178.9,219.9,139.95,170.44
230,Mega Evolution,2025-09-26,2025-10-06,2026-10-06,2,2026-09-07,24006,851258,me1-187,Mega Gardevoir ex,187,Mega Hyper Rare,190.03,188.98,138,178.9,219.9,139.95,170.44
230,Mega Evolution,2025-09-26,2025-10-06,2026-10-06,2,2026-09-08,24006,851258,me1-187,Mega Gardevoir ex,187,Mega Hyper Rare,190.03,188.98,138,178.9,219.9,139.95,170.44
230,Mega Evolution,2025-09-26,2025-10-06,2026-10-06,2,2026-09-10,24006,851258,me1-187,Mega Gardevoir ex,187,Mega Hyper Rare,181.78,188.98,138,179,219.9,139.95,170.44
230,Mega Evolution,2025-09-26,2025-10-06,2026-10-06,2,2026-09-12,24006,851258,me1-187,Mega Gardevoir ex,187,Mega Hyper Rare,181.22,187.69,134.99,179,219.9,139.95,170.44
230,Mega Evolution,2025-09-26,2025-10-06,2026-10-06,2,2026-09-14,24006,851258,me1-187,Mega Gardevoir ex,187,Mega Hyper Rare,181.22,187,130,179,219.9,139.95,166.76
230,Mega Evolution,2025-09-26,2025-10-06,2026-10-06,2,2026-09-15,24006,851258,me1-187,Mega Gardevoir ex,187,Mega Hyper Rare,181.22,179,129.99,179,219.9,139.95,166.76
230,Mega Evolution,2025-09-26,2025-10-06,2026-10-06,2,2026-09-16,24006,851258,me1-187,Mega Gardevoir ex,187,Mega Hyper Rare,181.22,179,130,179,195,139.95,166.76
230,Mega Evolution,2025-09-26,2025-10-06,2026-10-06,2,2026-09-18,24006,851258,me1-187,Mega Gardevoir ex,187,Mega Hyper Rare,177.39,179,135,179,195,139.95,166.76
230,Mega Evolution,2025-09-26,2025-10-06,2026-10-06,2,2026-09-19,24006,851258,me1-187,Mega Gardevoir ex,187,Mega Hyper Rare,177.39,175,134.99,179,195,139.95,167.31
230,Mega Evolution,2025-09-26,2025-10-06,2026-10-06,2,2026-09-20,24006,851258,me1-187,Mega Gardevoir ex,187,Mega Hyper Rare,175.64,175,135,179,195,139.95,167.31
230,Mega Evolution,2025-09-26,2025-10-06,2026-10-06,2,2026-09-21,24006,851258,me1-187,Mega Gardevoir ex,187,Mega Hyper Rare,175.64,175,135,179,195,139.95,167.47
230,Mega Evolution,2025-09-26,2025-10-06,2026-10-06,2,2026-09-22,24006,851258,me1-187,Mega Gardevoir ex,187,Mega Hyper Rare,174.29,175,135,182.9,195,135,167.47
230,Mega Evolution,2025-09-26,2025-10-06,2026-10-06,2,2026-09-23,24006,851258,me1-187,Mega Gardevoir ex,187,Mega Hyper Rare,174.29,175,135,182.9,195,135,167.14
230,Mega Evolution,2025-09-26,2025-10-06,2026-10-06,2,2026-09-25,24006,851258,me1-187,Mega Gardevoir ex,187,Mega Hyper Rare,173.64,169,143,182.9,195,135,167.14
230,Mega Evolution,2025-09-26,2025-10-06,2026-10-06,2,2026-09-26,24006,851258,me1-187,Mega Gardevoir ex,187,Mega Hyper Rare,172.21,169,138,182.9,180,135,167.14
230,Mega Evolution,2025-09-26,2025-10-06,2026-10-06,2,2026-09-29,24006,851258,me1-187,Mega Gardevoir ex,187,Mega Hyper Rare,172.21,169,135,180,190,134.95,167.14
230,Mega Evolution,2025-09-26,2025-10-06,2026-10-06,2,2026-10-04,24006,851258,me1-187,Mega Gardevoir ex,187,Mega Hyper Rare,167.57,164.9,130,180,185,134.95,167.14
230,Mega Evolution,2025-09-26,2025-10-06,2026-10-06,3,2025-10-06,23998,851250,me1-179,Mega Lucario ex,179,Special Illustration Rare,,349,,,,,
230,Mega Evolution,2025-09-26,2025-10-06,2026-10-06,3,2025-10-07,23998,851250,me1-179,Mega Lucario ex,179,Special Illustration Rare,,335,,,,,
230,Mega Evolution,2025-09-26,2025-10-06,2026-10-06,3,2025-10-08,23998,851250,me1-179,Mega Lucario ex,179,Special Illustration Rare,,314.99,,,,,
230,Mega Evolution,2025-09-26,2025-10-06,2026-10-06,3,2025-10-09,23998,851250,me1-179,Mega Lucario ex,179,Special Illustration Rare,,284.85,,,,,
230,Mega Evolution,2025-09-26,2025-10-06,2026-10-06,3,2025-10-10,23998,851250,me1-179,Mega Lucario ex,179,Special Illustration Rare,,236.94,,,,,
230,Mega Evolution,2025-09-26,2025-10-06,2026-10-06,3,2025-10-11,23998,851250,me1-179,Mega Lucario ex,179,Special Illustration Rare,,220,,,,,
230,Mega Evolution,2025-09-26,2025-10-06,2026-10-06,3,2025-10-14,23998,851250,me1-179,Mega Lucario ex,179,Special Illustration Rare,,220,,,,,
230,Mega Evolution,2025-09-26,2025-10-06,2026-10-06,3,2025-10-15,23998,851250,me1-179,Mega Lucario ex,179,Special Illustration Rare,,236.47,,,,,
230,Mega Evolution,2025-09-26,2025-10-06,2026-10-06,3,2025-10-16,23998,851250,me1-179,Mega Lucario ex,179,Special Illustration Rare,,235,,,,,
230,Mega Evolution,2025-09-26,2025-10-06,2026-10-06,3,2025-10-17,23998,851250,me1-179,Mega Lucario ex,179,Special Illustration Rare,,220,,,,,
230,Mega Evolution,2025-09-26,2025-10-06,2026-10-06,3,2025-10-18,23998,851250,me1-179,Mega Lucario ex,179,Special Illustration Rare,,220,,,,,
230,Mega Evolution,2025-09-26,2025-10-06,2026-10-06,3,2025-10-19,23998,851250,me1-179,Mega Lucario ex,179,Special Illustration Rare,,220,,,,,
230,Mega Evolution,2025-09-26,2025-10-06,2026-10-06,3,2025-10-20,23998,851250,me1-179,Mega Lucario ex,179,Special Illustration Rare,,225,,,,,
230,Mega Evolution,2025-09-26,2025-10-06,2026-10-06,3,2025-10-21,23998,851250,me1-179,Mega Lucario ex,179,Special Illustration Rare,,220,,,,,
230,Mega Evolution,2025-09-26,2025-10-06,2026-10-06,3,2025-10-22,23998,851250,me1-179,Mega Lucario ex,179,Special Illustration Rare,,235.94,,,,,
230,Mega Evolution,2025-09-26,2025-10-06,2026-10-06,3,2025-10-23,23998,851250,me1-179,Mega Lucario ex,179,Special Illustration Rare,,225,,,,,
230,Mega Evolution,2025-09-26,2025-10-06,2026-10-06,3,2025-10-24,23998,851250,me1-179,Mega Lucario ex,179,Special Illustration Rare,,230,,,,,
230,Mega Evolution,2025-09-26,2025-10-06,2026-10-06,3,2025-10-25,23998,851250,me1-179,Mega Lucario ex,179,Special Illustration Rare,,220,,,,,
230,Mega Evolution,2025-09-26,2025-10-06,2026-10-06,3,2025-10-26,23998,851250,me1-179,Mega Lucario ex,179,Special Illustration Rare,,212.28,,,,,
230,Mega Evolution,2025-09-26,2025-10-06,2026-10-06,3,2025-10-27,23998,851250,me1-179,Mega Lucario ex,179,Special Illustration Rare,,220,,,,,
230,Mega Evolution,2025-09-26,2025-10-06,2026-10-06,3,2025-10-28,23998,851250,me1-179,Mega Lucario ex,179,Special Illustration Rare,,220,,,,,
230,Mega Evolution,2025-09-26,2025-10-06,2026-10-06,3,2025-10-29,23998,851250,me1-179,Mega Lucario ex,179,Special Illustration Rare,,205,,,,,
230,Mega Evolution,2025-09-26,2025-10-06,2026-10-06,3,2025-10-30,23998,851250,me1-179,Mega Lucario ex,179,Special Illustration Rare,,210,,,,,
230,Mega Evolution,2025-09-26,2025-10-06,2026-10-06,3,2025-10-31,23998,851250,me1-179,Mega Lucario ex,179,Special Illustration Rare,,215,,,,,
230,Mega Evolution,2025-09-26,2025-10-06,2026-10-06,3,2025-11-01,23998,851250,me1-179,Mega Lucario ex,179,Special Illustration Rare,,199.9,,,,,
230,Mega Evolution,2025-09-26,2025-10-06,2026-10-06,3,2025-11-02,23998,851250,me1-179,Mega Lucario ex,179,Special Illustration Rare,,190,,,,,
230,Mega Evolution,2025-09-26,2025-10-06,2026-10-06,3,2025-11-04,23998,851250,me1-179,Mega Lucario ex,179,Special Illustration Rare,,209,,,,,
230,Mega Evolution,2025-09-26,2025-10-06,2026-10-06,3,2025-11-05,23998,851250,me1-179,Mega Lucario ex,179,Special Illustration Rare,,205,,,,,
230,Mega Evolution,2025-09-26,2025-10-06,2026-10-06,3,2025-11-07,23998,851250,me1-179,Mega Lucario ex,179,Special Illustration Rare,,205,,,,,
230,Mega Evolution,2025-09-26,2025-10-06,2026-10-06,3,2025-11-09,23998,851250,me1-179,Mega Lucario ex,179,Special Illustration Rare,,203,,,,,
230,Mega Evolution,2025-09-26,2025-10-06,2026-10-06,3,2025-11-10,23998,851250,me1-179,Mega Lucario ex,179,Special Illustration Rare,,203,,,,,
230,Mega Evolution,2025-09-26,2025-10-06,2026-10-06,3,2025-11-11,23998,851250,me1-179,Mega Lucario ex,179,Special Illustration Rare,,199.49,,,,,
230,Mega Evolution,2025-09-26,2025-10-06,2026-10-06,3,2025-11-12,23998,851250,me1-179,Mega Lucario ex,179,Special Illustration Rare,,198.75,,,,,
230,Mega Evolution,2025-09-26,2025-10-06,2026-10-06,3,2025-11-13,23998,851250,me1-179,Mega Lucario ex,179,Special Illustration Rare,,198.27,,,,,
230,Mega Evolution,2025-09-26,2025-10-06,2026-10-06,3,2025-11-14,23998,851250,me1-179,Mega Lucario ex,179,Special Illustration Rare,,194.35,,,,,
230,Mega Evolution,2025-09-26,2025-10-06,2026-10-06,3,2025-11-15,23998,851250,me1-179,Mega Lucario ex,179,Special Illustration Rare,,195.01,,,,,
230,Mega Evolution,2025-09-26,2025-10-06,2026-10-06,3,2025-11-16,23998,851250,me1-179,Mega Lucario ex,179,Special Illustration Rare,,195.01,,,,,
230,Mega Evolution,2025-09-26,2025-10-06,2026-10-06,3,2025-11-17,23998,851250,me1-179,Mega Lucario ex,179,Special Illustration Rare,,175.2,,,,,
230,Mega Evolution,2025-09-26,2025-10-06,2026-10-06,3,2025-11-18,23998,851250,me1-179,Mega Lucario ex,179,Special Illustration Rare,,205,,,,,
230,Mega Evolution,2025-09-26,2025-10-06,2026-10-06,3,2025-11-19,23998,851250,me1-179,Mega Lucario ex,179,Special Illustration Rare,,175.28,,,,,
230,Mega Evolution,2025-09-26,2025-10-06,2026-10-06,3,2025-11-20,23998,851250,me1-179,Mega Lucario ex,179,Special Illustration Rare,,174.93,,,,,
230,Mega Evolution,2025-09-26,2025-10-06,2026-10-06,3,2025-11-21,23998,851250,me1-179,Mega Lucario ex,179,Special Illustration Rare,,175.22,,,,,
230,Mega Evolution,2025-09-26,2025-10-06,2026-10-06,3,2025-11-22,23998,851250,me1-179,Mega Lucario ex,179,Special Illustration Rare,,190,,,,,
230,Mega Evolution,2025-09-26,2025-10-06,2026-10-06,3,2025-11-23,23998,851250,me1-179,Mega Lucario ex,179,Special Illustration Rare,,175.79,,,,,
230,Mega Evolution,2025-09-26,2025-10-06,2026-10-06,3,2025-11-24,23998,851250,me1-179,Mega Lucario ex,179,Special Illustration Rare,,175.7,,,,,
230,Mega Evolution,2025-09-26,2025-10-06,2026-10-06,3,2025-11-25,23998,851250,me1-179,Mega Lucario ex,179,Special Illustration Rare,,175.74,,,,,
230,Mega Evolution,2025-09-26,2025-10-06,2026-10-06,3,2025-11-26,23998,851250,me1-179,Mega Lucario ex,179,Special Illustration Rare,,175.86,,,,,
230,Mega Evolution,2025-09-26,2025-10-06,2026-10-06,3,2025-11-27,23998,851250,me1-179,Mega Lucario ex,179,Special Illustration Rare,,176.45,,,,,
230,Mega Evolution,2025-09-26,2025-10-06,2026-10-06,3,2025-11-28,23998,851250,me1-179,Mega Lucario ex,179,Special Illustration Rare,,176.45,,,,,
230,Mega Evolution,2025-09-26,2025-10-06,2026-10-06,3,2025-11-29,23998,851250,me1-179,Mega Lucario ex,179,Special Illustration Rare,,170,,,,,
230,Mega Evolution,2025-09-26,2025-10-06,2026-10-06,3,2025-11-30,23998,851250,me1-179,Mega Lucario ex,179,Special Illustration Rare,,170.44,,,,,
230,Mega Evolution,2025-09-26,2025-10-06,2026-10-06,3,2025-12-01,23998,851250,me1-179,Mega Lucario ex,179,Special Illustration Rare,,170.29,,,,,
230,Mega Evolution,2025-09-26,2025-10-06,2026-10-06,3,2025-12-02,23998,851250,me1-179,Mega Lucario ex,179,Special Illustration Rare,,169.97,,,,,
230,Mega Evolution,2025-09-26,2025-10-06,2026-10-06,3,2025-12-03,23998,851250,me1-179,Mega Lucario ex,179,Special Illustration Rare,,175.62,,,,,
230,Mega Evolution,2025-09-26,2025-10-06,2026-10-06,3,2025-12-04,23998,851250,me1-179,Mega Lucario ex,179,Special Illustration Rare,,175,,,,,
230,Mega Evolution,2025-09-26,2025-10-06,2026-10-06,3,2025-12-05,23998,851250,me1-179,Mega Lucario ex,179,Special Illustration Rare,,160,,,,,
230,Mega Evolution,2025-09-26,2025-10-06,2026-10-06,3,2025-12-06,23998,851250,me1-179,Mega Lucario ex,179,Special Illustration Rare,,160,,,,,
230,Mega Evolution,2025-09-26,2025-10-06,2026-10-06,3,2025-12-08,23998,851250,me1-179,Mega Lucario ex,179,Special Illustration Rare,,176.84,,,,,
230,Mega Evolution,2025-09-26,2025-10-06,2026-10-06,3,2025-12-09,23998,851250,me1-179,Mega Lucario ex,179,Special Illustration Rare,,160,,,,,
230,Mega Evolution,2025-09-26,2025-10-06,2026-10-06,3,2025-12-10,23998,851250,me1-179,Mega Lucario ex,179,Special Illustration Rare,,176.76,,,,,
230,Mega Evolution,2025-09-26,2025-10-06,2026-10-06,3,2025-12-11,23998,851250,me1-179,Mega Lucario ex,179,Special Illustration Rare,,160,,,,,
230,Mega Evolution,2025-09-26,2025-10-06,2026-10-06,3,2025-12-12,23998,851250,me1-179,Mega Lucario ex,179,Special Illustration Rare,,176.28,,,,,
230,Mega Evolution,2025-09-26,2025-10-06,2026-10-06,3,2025-12-13,23998,851250,me1-179,Mega Lucario ex,179,Special Illustration Rare,,150,,,,,
230,Mega Evolution,2025-09-26,2025-10-06,2026-10-06,3,2025-12-16,23998,851250,me1-179,Mega Lucario ex,179,Special Illustration Rare,,174.99,,,,,
230,Mega Evolution,2025-09-26,2025-10-06,2026-10-06,3,2025-12-17,23998,851250,me1-179,Mega Lucario ex,179,Special Illustration Rare,,150,,,,,
230,Mega Evolution,2025-09-26,2025-10-06,2026-10-06,3,2025-12-19,23998,851250,me1-179,Mega Lucario ex,179,Special Illustration Rare,,130,,,,,
230,Mega Evolution,2025-09-26,2025-10-06,2026-10-06,3,2025-12-21,23998,851250,me1-179,Mega Lucario ex,179,Special Illustration Rare,,165,,,,,
230,Mega Evolution,2025-09-26,2025-10-06,2026-10-06,3,2025-12-22,23998,851250,me1-179,Mega Lucario ex,179,Special Illustration Rare,,150,,,,,
230,Mega Evolution,2025-09-26,2025-10-06,2026-10-06,3,2025-12-23,23998,851250,me1-179,Mega Lucario ex,179,Special Illustration Rare,,150,,,,,
230,Mega Evolution,2025-09-26,2025-10-06,2026-10-06,3,2025-12-24,23998,851250,me1-179,Mega Lucario ex,179,Special Illustration Rare,,137.5,,,,,
230,Mega Evolution,2025-09-26,2025-10-06,2026-10-06,3,2025-12-25,23998,851250,me1-179,Mega Lucario ex,179,Special Illustration Rare,,137.5,,,,,
230,Mega Evolution,2025-09-26,2025-10-06,2026-10-06,3,2025-12-26,23998,851250,me1-179,Mega Lucario ex,179,Special Illustration Rare,,150,,,,,
230,Mega Evolution,2025-09-26,2025-10-06,2026-10-06,3,2025-12-27,23998,851250,me1-179,Mega Lucario ex,179,Special Illustration Rare,,162.5,,,,,
230,Mega Evolution,2025-09-26,2025-10-06,2026-10-06,3,2025-12-28,23998,851250,me1-179,Mega Lucario ex,179,Special Illustration Rare,,149.99,,,,,
230,Mega Evolution,2025-09-26,2025-10-06,2026-10-06,3,2025-12-29,23998,851250,me1-179,Mega Lucario ex,179,Special Illustration Rare,,145,,,,,
230,Mega Evolution,2025-09-26,2025-10-06,2026-10-06,3,2026-01-01,23998,851250,me1-179,Mega Lucario ex,179,Special Illustration Rare,,142,,,,,
230,Mega Evolution,2025-09-26,2025-10-06,2026-10-06,3,2026-01-03,23998,851250,me1-179,Mega Lucario ex,179,Special Illustration Rare,,145,,,,,
230,Mega Evolution,2025-09-26,2025-10-06,2026-10-06,3,2026-01-10,23998,851250,me1-179,Mega Lucario ex,179,Special Illustration Rare,,142.42,,,,,
230,Mega Evolution,2025-09-26,2025-10-06,2026-10-06,3,2026-01-14,23998,851250,me1-179,Mega Lucario ex,179,Special Illustration Rare,,124.99,,,,,
230,Mega Evolution,2025-09-26,2025-10-06,2026-10-06,3,2026-01-20,23998,851250,me1-179,Mega Lucario ex,179,Special Illustration Rare,,148.4,,,,,
230,Mega Evolution,2025-09-26,2025-10-06,2026-10-06,3,2026-01-22,23998,851250,me1-179,Mega Lucario ex,179,Special Illustration Rare,,147.93,,,,,
230,Mega Evolution,2025-09-26,2025-10-06,2026-10-06,3,2026-01-23,23998,851250,me1-179,Mega Lucario ex,179,Special Illustration Rare,,124.99,,,,,
230,Mega Evolution,2025-09-26,2025-10-06,2026-10-06,3,2026-01-26,23998,851250,me1-179,Mega Lucario ex,179,Special Illustration Rare,,148.31,,,,,
230,Mega Evolution,2025-09-26,2025-10-06,2026-10-06,3,2026-01-28,23998,851250,me1-179,Mega Lucario ex,179,Special Illustration Rare,,148.16,,,,,
230,Mega Evolution,2025-09-26,2025-10-06,2026-10-06,3,2026-01-29,23998,851250,me1-179,Mega Lucario ex,179,Special Illustration Rare,,148.59,,,,,
230,Mega Evolution,2025-09-26,2025-10-06,2026-10-06,3,2026-01-30,23998,851250,me1-179,Mega Lucario ex,179,Special Illustration Rare,,148.64,,,,,
230,Mega Evolution,2025-09-26,2025-10-06,2026-10-06,3,2026-02-02,23998,851250,me1-179,Mega Lucario ex,179,Special Illustration Rare,,148.54,,,,,
230,Mega Evolution,2025-09-26,2025-10-06,2026-10-06,3,2026-02-04,23998,851250,me1-179,Mega Lucario ex,179,Special Illustration Rare,,149.22,,,,,
230,Mega Evolution,2025-09-26,2025-10-06,2026-10-06,3,2026-02-05,23998,851250,me1-179,Mega Lucario ex,179,Special Illustration Rare,,148.85,,,,,
230,Mega Evolution,2025-09-26,2025-10-06,2026-10-06,3,2026-02-06,23998,851250,me1-179,Mega Lucario ex,179,Special Illustration Rare,,147.88,,,,,
230,Mega Evolution,2025-09-26,2025-10-06,2026-10-06,3,2026-02-07,23998,851250,me1-179,Mega Lucario ex,179,Special Illustration Rare,,148.31,,,,,
230,Mega Evolution,2025-09-26,2025-10-06,2026-10-06,3,2026-02-09,23998,851250,me1-179,Mega Lucario ex,179,Special Illustration Rare,,148.07,,,,,
230,Mega Evolution,2025-09-26,2025-10-06,2026-10-06,3,2026-02-10,23998,851250,me1-179,Mega Lucario ex,179,Special Illustration Rare,,115,,,,,
230,Mega Evolution,2025-09-26,2025-10-06,2026-10-06,3,2026-02-12,23998,851250,me1-179,Mega Lucario ex,179,Special Illustration Rare,,147.79,,,,,
230,Mega Evolution,2025-09-26,2025-10-06,2026-10-06,3,2026-02-13,23998,851250,me1-179,Mega Lucario ex,179,Special Illustration Rare,,147.77,,,,,
230,Mega Evolution,2025-09-26,2025-10-06,2026-10-06,3,2026-02-14,23998,851250,me1-179,Mega Lucario ex,179,Special Illustration Rare,,125,,,,,
230,Mega Evolution,2025-09-26,2025-10-06,2026-10-06,3,2026-02-16,23998,851250,me1-179,Mega Lucario ex,179,Special Illustration Rare,,148.04,92,100,159.9,125,
230,Mega Evolution,2025-09-26,2025-10-06,2026-10-06,3,2026-02-17,23998,851250,me1-179,Mega Lucario ex,179,Special Illustration Rare,,119.95,92,100,159,125,
230,Mega Evolution,2025-09-26,2025-10-06,2026-10-06,3,2026-02-18,23998,851250,me1-179,Mega Lucario ex,179,Special Illustration Rare,,125,91.98,100,159,125,
230,Mega Evolution,2025-09-26,2025-10-06,2026-10-06,3,2026-02-19,23998,851250,me1-179,Mega Lucario ex,179,Special Illustration Rare,,119.95,91.98,100,150,125,
230,Mega Evolution,2025-09-26,2025-10-06,2026-10-06,3,2026-02-20,23998,851250,me1-179,Mega Lucario ex,179,Special Illustration Rare,,144.9,90,100,150,124,
230,Mega Evolution,2025-09-26,2025-10-06,2026-10-06,3,2026-02-21,23998,851250,me1-179,Mega Lucario ex,179,Special Illustration Rare,,144.92,90,100,150,124,
230,Mega Evolution,2025-09-26,2025-10-06,2026-10-06,3,2026-02-22,23998,851250,me1-179,Mega Lucario ex,179,Special Illustration Rare,,144.92,90,100,140,124,
230,Mega Evolution,2025-09-26,2025-10-06,2026-10-06,3,2026-02-23,23998,851250,me1-179,Mega Lucario ex,179,Special Illustration Rare,,144.88,89,108,150,125,
230,Mega Evolution,2025-09-26,2025-10-06,2026-10-06,3,2026-02-24,23998,851250,me1-179,Mega Lucario ex,179,Special Illustration Rare,,145.03,90,100,150,125,
230,Mega Evolution,2025-09-26,2025-10-06,2026-10-06,3,2026-02-25,23998,851250,me1-179,Mega Lucario ex,179,Special Illustration Rare,,145.23,89,100,159,125,
230,Mega Evolution,2025-09-26,2025-10-06,2026-10-06,3,2026-02-26,23998,851250,me1-179,Mega Lucario ex,179,Special Illustration Rare,,145.36,89,100,159,125,
230,Mega Evolution,2025-09-26,2025-10-06,2026-10-06,3,2026-02-27,23998,851250,me1-179,Mega Lucario ex,179,Special Illustration Rare,,144.82,89,100,157,125,
230,Mega Evolution,2025-09-26,2025-10-06,2026-10-06,3,2026-02-28,23998,851250,me1-179,Mega Lucario ex,179,Special Illustration Rare,,144.55,92,100,157,123,
230,Mega Evolution,2025-09-26,2025-10-06,2026-10-06,3,2026-03-01,23998,851250,me1-179,Mega Lucario ex,179,Special Illustration Rare,,140.69,90,100,157,125,
230,Mega Evolution,2025-09-26,2025-10-06,2026-10-06,3,2026-03-02,23998,851250,me1-179,Mega Lucario ex,179,Special Illustration Rare,,144.52,90,100,149,123,
230,Mega Evolution,2025-09-26,2025-10-06,2026-10-06,3,2026-03-03,23998,851250,me1-179,Mega Lucario ex,179,Special Illustration Rare,,145.26,85,100,149,123,
230,Mega Evolution,2025-09-26,2025-10-06,2026-10-06,3,2026-03-04,23998,851250,me1-179,Mega Lucario ex,179,Special Illustration Rare,,145.62,90,100,149,123,
230,Mega Evolution,2025-09-26,2025-10-06,2026-10-06,3,2026-03-05,23998,851250,me1-179,Mega Lucario ex,179,Special Illustration Rare,,145.63,90,100,149,123,
230,Mega Evolution,2025-09-26,2025-10-06,2026-10-06,3,2026-03-06,23998,851250,me1-179,Mega Lucario ex,179,Special Illustration Rare,,140,90,100,149,123,
230,Mega Evolution,2025-09-26,2025-10-06,2026-10-06,3,2026-03-07,23998,851250,me1-179,Mega Lucario ex,179,Special Illustration Rare,,140,95,100,149,123,
230,Mega Evolution,2025-09-26,2025-10-06,2026-10-06,3,2026-03-08,23998,851250,me1-179,Mega Lucario ex,179,Special Illustration Rare,,140,94.95,100,155.99,60,
230,Mega Evolution,2025-09-26,2025-10-06,2026-10-06,3,2026-03-09,23998,851250,me1-179,Mega Lucario ex,179,Special Illustration Rare,,140,94.95,100,155.99,60,
230,Mega Evolution,2025-09-26,2025-10-06,2026-10-06,3,2026-03-10,23998,851250,me1-179,Mega Lucario ex,179,Special Illustration Rare,,140,94.95,100,155.99,60,
230,Mega Evolution,2025-09-26,2025-10-06,2026-10-06,3,2026-03-11,23998,851250,me1-179,Mega Lucario ex,179,Special Illustration Rare,,140,90,100,155.99,60,
230,Mega Evolution,2025-09-26,2025-10-06,2026-10-06,3,2026-03-12,23998,851250,me1-179,Mega Lucario ex,179,Special Illustration Rare,,140,90,100,155.99,60,
230,Mega Evolution,2025-09-26,2025-10-06,2026-10-06,3,2026-03-13,23998,851250,me1-179,Mega Lucario ex,179,Special Illustration Rare,,138.99,89.99,100,150,120,
230,Mega Evolution,2025-09-26,2025-10-06,2026-10-06,3,2026-03-14,23998,851250,me1-179,Mega Lucario ex,179,Special Illustration Rare,,138.99,89.99,100,150,120,
230,Mega Evolution,2025-09-26,2025-10-06,2026-10-06,3,2026-03-15,23998,851250,me1-179,Mega Lucario ex,179,Special Illustration Rare,,138,89.99,100,150,120,
230,Mega Evolution,2025-09-26,2025-10-06,2026-10-06,3,2026-03-16,23998,851250,me1-179,Mega Lucario ex,179,Special Illustration Rare,,138,89.99,135,150,125,
230,Mega Evolution,2025-09-26,2025-10-06,2026-10-06,3,2026-03-17,23998,851250,me1-179,Mega Lucario ex,179,Special Illustration Rare,,138,89.99,100,150,125,
230,Mega Evolution,2025-09-26,2025-10-06,2026-10-06,3,2026-03-18,23998,851250,me1-179,Mega Lucario ex,179,Special Illustration Rare,,140,89.99,103,150,125,
230,Mega Evolution,2025-09-26,2025-10-06,2026-10-06,3,2026-03-19,23998,851250,me1-179,Mega Lucario ex,179,Special Illustration Rare,,134,98.99,100,150,75,
230,Mega Evolution,2025-09-26,2025-10-06,2026-10-06,3,2026-03-20,23998,851250,me1-179,Mega Lucario ex,179,Special Illustration Rare,,134,90,100,150,75,
230,Mega Evolution,2025-09-26,2025-10-06,2026-10-06,3,2026-03-21,23998,851250,me1-179,Mega Lucario ex,179,Special Illustration Rare,,118,98.99,95,150,75,
230,Mega Evolution,2025-09-26,2025-10-06,2026-10-06,3,2026-03-22,23998,851250,me1-179,Mega Lucario ex,179,Special Illustration Rare,,135,98.99,95,150,75,
230,Mega Evolution,2025-09-26,2025-10-06,2026-10-06,3,2026-03-23,23998,851250,me1-179,Mega Lucario ex,179,Special Illustration Rare,,135,95,108,150,75,
230,Mega Evolution,2025-09-26,2025-10-06,2026-10-06,3,2026-03-24,23998,851250,me1-179,Mega Lucario ex,179,Special Illustration Rare,,135,95,108,150,75,
230,Mega Evolution,2025-09-26,2025-10-06,2026-10-06,3,2026-03-25,23998,851250,me1-179,Mega Lucario ex,179,Special Illustration Rare,,118,95,108,150,75,
230,Mega Evolution,2025-09-26,2025-10-06,2026-10-06,3,2026-03-26,23998,851250,me1-179,Mega Lucario ex,179,Special Illustration Rare,,118,98.98,108,150,75,
230,Mega Evolution,2025-09-26,2025-10-06,2026-10-06,3,2026-03-27,23998,851250,me1-179,Mega Lucario ex,179,Special Illustration Rare,,118,98.99,108,150,75,
230,Mega Evolution,2025-09-26,2025-10-06,2026-10-06,3,2026-03-28,23998,851250,me1-179,Mega Lucario ex,179,Special Illustration Rare,,136.52,98.99,108,150,75,
230,Mega Evolution,2025-09-26,2025-10-06,2026-10-06,3,2026-03-29,23998,851250,me1-179,Mega Lucario ex,179,Special Illustration Rare,,136.52,99,108,150,75,
230,Mega Evolution,2025-09-26,2025-10-06,2026-10-06,3,2026-03-30,23998,851250,me1-179,Mega Lucario ex,179,Special Illustration Rare,,136.52,99,108,150,75,
230,Mega Evolution,2025-09-26,2025-10-06,2026-10-06,3,2026-03-31,23998,851250,me1-179,Mega Lucario ex,179,Special Illustration Rare,,136.2,99,108,150,75,
230,Mega Evolution,2025-09-26,2025-10-06,2026-10-06,3,2026-04-01,23998,851250,me1-179,Mega Lucario ex,179,Special Illustration Rare,129.45,138.99,98.9,108,150,75,
230,Mega Evolution,2025-09-26,2025-10-06,2026-10-06,3,2026-04-02,23998,851250,me1-179,Mega Lucario ex,179,Special Illustration Rare,129.87,140,80,108,140,75,
230,Mega Evolution,2025-09-26,2025-10-06,2026-10-06,3,2026-04-03,23998,851250,me1-179,Mega Lucario ex,179,Special Illustration Rare,129.87,140,80,108,140,75,
230,Mega Evolution,2025-09-26,2025-10-06,2026-10-06,3,2026-04-04,23998,851250,me1-179,Mega Lucario ex,179,Special Illustration Rare,128.87,140,99.95,108,140,75,
230,Mega Evolution,2025-09-26,2025-10-06,2026-10-06,3,2026-04-05,23998,851250,me1-179,Mega Lucario ex,179,Special Illustration Rare,128.91,140,99.99,108,140,75,
230,Mega Evolution,2025-09-26,2025-10-06,2026-10-06,3,2026-04-06,23998,851250,me1-179,Mega Lucario ex,179,Special Illustration Rare,129.02,143.99,98,108,140,75,
230,Mega Evolution,2025-09-26,2025-10-06,2026-10-06,3,2026-04-07,23998,851250,me1-179,Mega Lucario ex,179,Special Illustration Rare,130.36,144.12,90,108,140,75,
230,Mega Evolution,2025-09-26,2025-10-06,2026-10-06,3,2026-04-08,23998,851250,me1-179,Mega Lucario ex,179,Special Illustration Rare,133.7,144.12,98,108,140,75,
230,Mega Evolution,2025-09-26,2025-10-06,2026-10-06,3,2026-04-09,23998,851250,me1-179,Mega Lucario ex,179,Special Illustration Rare,132.13,144.35,99.99,125,140,75,
230,Mega Evolution,2025-09-26,2025-10-06,2026-10-06,3,2026-04-10,23998,851250,me1-179,Mega Lucario ex,179,Special Illustration Rare,127.77,144.31,99.99,125,140,75,
230,Mega Evolution,2025-09-26,2025-10-06,2026-10-06,3,2026-04-11,23998,851250,me1-179,Mega Lucario ex,179,Special Illustration Rare,127.74,144.31,99.99,125,140,75,
230,Mega Evolution,2025-09-26,2025-10-06,2026-10-06,3,2026-04-12,23998,851250,me1-179,Mega Lucario ex,179,Special Illustration Rare,127.3,144.31,99.99,125,140,75,
230,Mega Evolution,2025-09-26,2025-10-06,2026-10-06,3,2026-04-13,23998,851250,me1-179,Mega Lucario ex,179,Special Illustration Rare,127.81,144.31,99.99,125,145,75,
230,Mega Evolution,2025-09-26,2025-10-06,2026-10-06,3,2026-04-14,23998,851250,me1-179,Mega Lucario ex,179,Special Illustration Rare,127.16,144.31,99.99,125,145,75,
230,Mega Evolution,2025-09-26,2025-10-06,2026-10-06,3,2026-04-15,23998,851250,me1-179,Mega Lucario ex,179,Special Illustration Rare,129.18,140,99.99,120,145,75,
230,Mega Evolution,2025-09-26,2025-10-06,2026-10-06,3,2026-04-16,23998,851250,me1-179,Mega Lucario ex,179,Special Illustration Rare,129.9,140,100,120,150,75,
230,Mega Evolution,2025-09-26,2025-10-06,2026-10-06,3,2026-04-17,23998,851250,me1-179,Mega Lucario ex,179,Special Illustration Rare,129.04,140,99.99,120,150,75,
230,Mega Evolution,2025-09-26,2025-10-06,2026-10-06,3,2026-04-18,23998,851250,me1-179,Mega Lucario ex,179,Special Illustration Rare,129.04,140,99.99,120,150,75,
230,Mega Evolution,2025-09-26,2025-10-06,2026-10-06,3,2026-04-19,23998,851250,me1-179,Mega Lucario ex,179,Special Illustration Rare,130.12,140,99.99,149.99,150,75,
230,Mega Evolution,2025-09-26,2025-10-06,2026-10-06,3,2026-04-20,23998,851250,me1-179,Mega Lucario ex,179,Special Illustration Rare,130.12,144.21,99.99,120,150,75,
230,Mega Evolution,2025-09-26,2025-10-06,2026-10-06,3,2026-04-21,23998,851250,me1-179,Mega Lucario ex,179,Special Illustration Rare,130.12,144.21,99.99,120,150,75,
230,Mega Evolution,2025-09-26,2025-10-06,2026-10-06,3,2026-04-22,23998,851250,me1-179,Mega Lucario ex,179,Special Illustration Rare,130.69,144.56,99.99,120,150,75,
230,Mega Evolution,2025-09-26,2025-10-06,2026-10-06,3,2026-04-23,23998,851250,me1-179,Mega Lucario ex,179,Special Illustration Rare,131.53,148.49,99.99,120,160,75,
230,Mega Evolution,2025-09-26,2025-10-06,2026-10-06,3,2026-04-24,23998,851250,me1-179,Mega Lucario ex,179,Special Illustration Rare,131.68,148.39,99.99,120,169,75,
230,Mega Evolution,2025-09-26,2025-10-06,2026-10-06,3,2026-04-26,23998,851250,me1-179,Mega Lucario ex,179,Special Illustration Rare,129.33,150,102.5,120,170,75,
230,Mega Evolution,2025-09-26,2025-10-06,2026-10-06,3,2026-04-27,23998,851250,me1-179,Mega Lucario ex,179,Special Illustration Rare,130.06,150,102.5,120,170,75,
230,Mega Evolution,2025-09-26,2025-10-06,2026-10-06,3,2026-04-28,23998,851250,me1-179,Mega Lucario ex,179,Special Illustration Rare,128.88,148.68,100,120,170,75,
230,Mega Evolution,2025-09-26,2025-10-06,2026-10-06,3,2026-04-29,23998,851250,me1-179,Mega Lucario ex,179,Special Illustration Rare,129.13,148.68,100,120,170,75,
230,Mega Evolution,2025-09-26,2025-10-06,2026-10-06,3,2026-04-30,23998,851250,me1-179,Mega Lucario ex,179,Special Illustration Rare,131.55,145.03,105,120,150,75,
230,Mega Evolution,2025-09-26,2025-10-06,2026-10-06,3,2026-05-01,23998,851250,me1-179,Mega Lucario ex,179,Special Illustration Rare,131.81,166.07,105,120,150,75,
230,Mega Evolution,2025-09-26,2025-10-06,2026-10-06,3,2026-05-02,23998,851250,me1-179,Mega Lucario ex,179,Special Illustration Rare,131.06,166.07,105,120,150,75,
230,Mega Evolution,2025-09-26,2025-10-06,2026-10-06,3,2026-05-03,23998,851250,me1-179,Mega Lucario ex,179,Special Illustration Rare,130.93,145.48,105,120,150,75,
230,Mega Evolution,2025-09-26,2025-10-06,2026-10-06,3,2026-05-04,23998,851250,me1-179,Mega Lucario ex,179,Special Illustration Rare,131.54,145.48,105,120,150,75,
230,Mega Evolution,2025-09-26,2025-10-06,2026-10-06,3,2026-05-07,23998,851250,me1-179,Mega Lucario ex,179,Special Illustration Rare,141.75,135,120,100,150,75,
230,Mega Evolution,2025-09-26,2025-10-06,2026-10-06,3,2026-05-09,23998,851250,me1-179,Mega Lucario ex,179,Special Illustration Rare,143.36,135,120,118,150,120,
230,Mega Evolution,2025-09-26,2025-10-06,2026-10-06,3,2026-05-10,23998,851250,me1-179,Mega Lucario ex,179,Special Illustration Rare,142.68,135,120,118,150,118,
230,Mega Evolution,2025-09-26,2025-10-06,2026-10-06,3,2026-05-11,23998,851250,me1-179,Mega Lucario ex,179,Special Illustration Rare,140.9,145,120,118,150,118,
230,Mega Evolution,2025-09-26,2025-10-06,2026-10-06,3,2026-05-13,23998,851250,me1-179,Mega Lucario ex,179,Special Illustration Rare,145.61,145,120,118,157.99,115,
230,Mega Evolution,2025-09-26,2025-10-06,2026-10-06,3,2026-05-14,23998,851250,me1-179,Mega Lucario ex,179,Special Illustration Rare,146.34,167.22,120,120,157.99,115,
230,Mega Evolution,2025-09-26,2025-10-06,2026-10-06,3,2026-05-15,23998,851250,me1-179,Mega Lucario ex,179,Special Illustration Rare,149.27,164.95,120,118,157.99,115,
230,Mega Evolution,2025-09-26,2025-10-06,2026-10-06,3,2026-05-18,23998,851250,me1-179,Mega Lucario ex,179,Special Illustration Rare,153.91,141.66,120,120,170,115,
230,Mega Evolution,2025-09-26,2025-10-06,2026-10-06,3,2026-05-19,23998,851250,me1-179,Mega Lucario ex,179,Special Illustration Rare,153.32,176.87,119.99,147,170,115,
230,Mega Evolution,2025-09-26,2025-10-06,2026-10-06,3,2026-05-20,23998,851250,me1-179,Mega Lucario ex,179,Special Illustration Rare,153.65,176.87,119.99,147,170,110,
230,Mega Evolution,2025-09-26,2025-10-06,2026-10-06,3,2026-05-21,23998,851250,me1-179,Mega Lucario ex,179,Special Illustration Rare,154.59,176.87,119.99,147,170,110,
230,Mega Evolution,2025-09-26,2025-10-06,2026-10-06,3,2026-05-22,23998,851250,me1-179,Mega Lucario ex,179,Special Illustration Rare,156.51,176.87,121.99,120,170,110,
230,Mega Evolution,2025-09-26,2025-10-06,2026-10-06,3,2026-05-23,23998,851250,me1-179,Mega Lucario ex,179,Special Illustration Rare,156.62,176.87,122,147,170,110,
230,Mega Evolution,2025-09-26,2025-10-06,2026-10-06,3,2026-05-24,23998,851250,me1-179,Mega Lucario ex,179,Special Illustration Rare,158.66,176.87,122,147,170,110,
230,Mega Evolution,2025-09-26,2025-10-06,2026-10-06,3,2026-05-25,23998,851250,me1-179,Mega Lucario ex,179,Special Illustration Rare,159.96,175,126.99,120,170,110,
230,Mega Evolution,2025-09-26,2025-10-06,2026-10-06,3,2026-05-26,23998,851250,me1-179,Mega Lucario ex,179,Special Illustration Rare,162.6,175,126.99,120,170,120,
230,Mega Evolution,2025-09-26,2025-10-06,2026-10-06,3,2026-05-27,23998,851250,me1-179,Mega Lucario ex,179,Special Illustration Rare,164.47,173.33,126.99,120,170,105,
230,Mega Evolution,2025-09-26,2025-10-06,2026-10-06,3,2026-05-28,23998,851250,me1-179,Mega Lucario ex,179,Special Illustration Rare,164.96,173.33,128,120,170,110,
230,Mega Evolution,2025-09-26,2025-10-06,2026-10-06,3,2026-05-29,23998,851250,me1-179,Mega Lucario ex,179,Special Illustration Rare,166.04,173.33,126.99,120,170,125,
230,Mega Evolution,2025-09-26,2025-10-06,2026-10-06,3,2026-05-30,23998,851250,me1-179,Mega Lucario ex,179,Special Illustration Rare,166.25,173.33,128,120,170,105,
230,Mega Evolution,2025-09-26,2025-10-06,2026-10-06,3,2026-05-31,23998,851250,me1-179,Mega Lucario ex,179,Special Illustration Rare,168.17,173.33,126.99,149.99,170,105,
230,Mega Evolution,2025-09-26,2025-10-06,2026-10-06,3,2026-06-01,23998,851250,me1-179,Mega Lucario ex,179,Special Illustration Rare,169.1,173.33,130,120,178,105,
230,Mega Evolution,2025-09-26,2025-10-06,2026-10-06,3,2026-06-02,23998,851250,me1-179,Mega Lucario ex,179,Special Illustration Rare,168.94,173.33,130,120,170,105,
230,Mega Evolution,2025-09-26,2025-10-06,2026-10-06,3,2026-06-03,23998,851250,me1-179,Mega Lucario ex,179,Special Illustration Rare,168.54,173.33,130,120,175,105,
230,Mega Evolution,2025-09-26,2025-10-06,2026-10-06,3,2026-06-04,23998,851250,me1-179,Mega Lucario ex,179,Special Illustration Rare,167.92,176.87,130,170,240,105,
230,Mega Evolution,2025-09-26,2025-10-06,2026-10-06,3,2026-06-05,23998,851250,me1-179,Mega Lucario ex,179,Special Illustration Rare,165.21,179,130,170,240,110,
230,Mega Evolution,2025-09-26,2025-10-06,2026-10-06,3,2026-06-06,23998,851250,me1-179,Mega Lucario ex,179,Special Illustration Rare,165.69,189,130,150,170,110,
230,Mega Evolution,2025-09-26,2025-10-06,2026-10-06,3,2026-06-07,23998,851250,me1-179,Mega Lucario ex,179,Special Illustration Rare,166.37,179,130,150,170,110,
230,Mega Evolution,2025-09-26,2025-10-06,2026-10-06,3,2026-06-08,23998,851250,me1-179,Mega Lucario ex,179,Special Illustration Rare,165.4,179,130,150,170,110,
230,Mega Evolution,2025-09-26,2025-10-06,2026-10-06,3,2026-06-09,23998,851250,me1-179,Mega Lucario ex,179,Special Illustration Rare,166.51,189,130,150,170,118,
230,Mega Evolution,2025-09-26,2025-10-06,2026-10-06,3,2026-06-10,23998,851250,me1-179,Mega Lucario ex,179,Special Illustration Rare,170.1,179,124,150,175,115,
230,Mega Evolution,2025-09-26,2025-10-06,2026-10-06,3,2026-06-11,23998,851250,me1-179,Mega Lucario ex,179,Special Illustration Rare,170.04,179,124,140,175,115,
230,Mega Evolution,2025-09-26,2025-10-06,2026-10-06,3,2026-06-12,23998,851250,me1-179,Mega Lucario ex,179,Special Illustration Rare,169.67,179,130,140,175,115,
230,Mega Evolution,2025-09-26,2025-10-06,2026-10-06,3,2026-06-13,23998,851250,me1-179,Mega Lucario ex,179,Special Illustration Rare,170.68,179,130,140,189.99,114,
230,Mega Evolution,2025-09-26,2025-10-06,2026-10-06,3,2026-06-14,23998,851250,me1-179,Mega Lucario ex,179,Special Illustration Rare,171.34,179,130,149.9,200,113,
230,Mega Evolution,2025-09-26,2025-10-06,2026-10-06,3,2026-06-15,23998,851250,me1-179,Mega Lucario ex,179,Special Illustration Rare,171.34,179,129.99,179.95,200,114,
230,Mega Evolution,2025-09-26,2025-10-06,2026-10-06,3,2026-06-16,23998,851250,me1-179,Mega Lucario ex,179,Special Illustration Rare,170.93,179,129.99,179.95,200,116.1,
230,Mega Evolution,2025-09-26,2025-10-06,2026-10-06,3,2026-06-17,23998,851250,me1-179,Mega Lucario ex,179,Special Illustration Rare,170.67,179,125,179.95,170,114,
230,Mega Evolution,2025-09-26,2025-10-06,2026-10-06,3,2026-06-18,23998,851250,me1-179,Mega Lucario ex,179,Special Illustration Rare,168.17,179,125,179.95,170,114,
230,Mega Evolution,2025-09-26,2025-10-06,2026-10-06,3,2026-06-19,23998,851250,me1-179,Mega Lucario ex,179,Special Illustration Rare,173.11,179,125,179.9,165,85,
230,Mega Evolution,2025-09-26,2025-10-06,2026-10-06,3,2026-06-20,23998,851250,me1-179,Mega Lucario ex,179,Special Illustration Rare,173.11,179,124.5,160,165,85,
230,Mega Evolution,2025-09-26,2025-10-06,2026-10-06,3,2026-06-21,23998,851250,me1-179,Mega Lucario ex,179,Special Illustration Rare,173.68,178.19,120,160,165,85,
230,Mega Evolution,2025-09-26,2025-10-06,2026-10-06,3,2026-06-22,23998,851250,me1-179,Mega Lucario ex,179,Special Illustration Rare,172.68,178.13,125,160,150,85,
230,Mega Evolution,2025-09-26,2025-10-06,2026-10-06,3,2026-06-23,23998,851250,me1-179,Mega Lucario ex,179,Special Illustration Rare,171.85,179,125,155,165,114,
230,Mega Evolution,2025-09-26,2025-10-06,2026-10-06,3,2026-06-24,23998,851250,me1-179,Mega Lucario ex,179,Special Illustration Rare,171.73,179.23,129.99,155,170,109.99,
230,Mega Evolution,2025-09-26,2025-10-06,2026-10-06,3,2026-06-25,23998,851250,me1-179,Mega Lucario ex,179,Special Illustration Rare,170.97,179.16,130,155,165,109.99,
230,Mega Evolution,2025-09-26,2025-10-06,2026-10-06,3,2026-06-26,23998,851250,me1-179,Mega Lucario ex,179,Special Illustration Rare,170.85,179.32,120,155,165,109.99,
230,Mega Evolution,2025-09-26,2025-10-06,2026-10-06,3,2026-06-27,23998,851250,me1-179,Mega Lucario ex,179,Special Illustration Rare,167.39,179,125,155,169,109.99,
230,Mega Evolution,2025-09-26,2025-10-06,2026-10-06,3,2026-06-28,23998,851250,me1-179,Mega Lucario ex,179,Special Illustration Rare,167.55,179,129.98,179.95,169,109.99,
230,Mega Evolution,2025-09-26,2025-10-06,2026-10-06,3,2026-06-29,23998,851250,me1-179,Mega Lucario ex,179,Special Illustration Rare,168.22,179,129.98,155,169,113.95,
230,Mega Evolution,2025-09-26,2025-10-06,2026-10-06,3,2026-06-30,23998,851250,me1-179,Mega Lucario ex,179,Special Illustration Rare,166.51,165,129.98,155,169,112.81,
230,Mega Evolution,2025-09-26,2025-10-06,2026-10-06,3,2026-07-01,23998,851250,me1-179,Mega Lucario ex,179,Special Illustration Rare,166.44,165,125,155,169,114.9,
230,Mega Evolution,2025-09-26,2025-10-06,2026-10-06,3,2026-07-02,23998,851250,me1-179,Mega Lucario ex,179,Special Illustration Rare,168.73,165,125,155,169,114.9,
230,Mega Evolution,2025-09-26,2025-10-06,2026-10-06,3,2026-07-03,23998,851250,me1-179,Mega Lucario ex,179,Special Illustration Rare,168.48,165,125,155,169,114.9,
230,Mega Evolution,2025-09-26,2025-10-06,2026-10-06,3,2026-07-06,23998,851250,me1-179,Mega Lucario ex,179,Special Illustration Rare,173.8,179,120,155,169,114,
230,Mega Evolution,2025-09-26,2025-10-06,2026-10-06,3,2026-07-07,23998,851250,me1-179,Mega Lucario ex,179,Special Illustration Rare,171.07,179,120,153,169,112,
230,Mega Evolution,2025-09-26,2025-10-06,2026-10-06,3,2026-07-08,23998,851250,me1-179,Mega Lucario ex,179,Special Illustration Rare,170.98,179,120,153,200,112,
230,Mega Evolution,2025-09-26,2025-10-06,2026-10-06,3,2026-07-09,23998,851250,me1-179,Mega Lucario ex,179,Special Illustration Rare,176.08,179,120,153,200,112,
230,Mega Evolution,2025-09-26,2025-10-06,2026-10-06,3,2026-07-10,23998,851250,me1-179,Mega Lucario ex,179,Special Illustration Rare,176.08,179,120,153,200,112,
230,Mega Evolution,2025-09-26,2025-10-06,2026-10-06,3,2026-07-11,23998,851250,me1-179,Mega Lucario ex,179,Special Illustration Rare,174.99,179,120,153,169,110,
230,Mega Evolution,2025-09-26,2025-10-06,2026-10-06,3,2026-07-13,23998,851250,me1-179,Mega Lucario ex,179,Special Illustration Rare,174.99,179,120,150,169,109.95,
230,Mega Evolution,2025-09-26,2025-10-06,2026-10-06,3,2026-07-14,23998,851250,me1-179,Mega Lucario ex,179,Special Illustration Rare,174.99,179,120,150,169,109.95,
230,Mega Evolution,2025-09-26,2025-10-06,2026-10-06,3,2026-07-18,23998,851250,me1-179,Mega Lucario ex,179,Special Illustration Rare,169.41,178,130,179,169,112,
230,Mega Evolution,2025-09-26,2025-10-06,2026-10-06,3,2026-07-19,23998,851250,me1-179,Mega Lucario ex,179,Special Illustration Rare,169.41,178,135,179,169,112,
230,Mega Evolution,2025-09-26,2025-10-06,2026-10-06,3,2026-07-20,23998,851250,me1-179,Mega Lucario ex,179,Special Illustration Rare,169.58,177,135,140,169,112,
230,Mega Evolution,2025-09-26,2025-10-06,2026-10-06,3,2026-07-21,23998,851250,me1-179,Mega Lucario ex,179,Special Illustration Rare,170.29,177,135,140,169,112,
230,Mega Evolution,2025-09-26,2025-10-06,2026-10-06,3,2026-07-22,23998,851250,me1-179,Mega Lucario ex,179,Special Illustration Rare,170.29,177,135,140,169,112,
230,Mega Evolution,2025-09-26,2025-10-06,2026-10-06,3,2026-07-23,23998,851250,me1-179,Mega Lucario ex,179,Special Illustration Rare,171.19,177,135,140,169,112,
230,Mega Evolution,2025-09-26,2025-10-06,2026-10-06,3,2026-07-24,23998,851250,me1-179,Mega Lucario ex,179,Special Illustration Rare,172.12,177,130,140,170,112,
230,Mega Evolution,2025-09-26,2025-10-06,2026-10-06,3,2026-07-25,23998,851250,me1-179,Mega Lucario ex,179,Special Illustration Rare,172.12,177,130,140,170,112,
230,Mega Evolution,2025-09-26,2025-10-06,2026-10-06,3,2026-07-26,23998,851250,me1-179,Mega Lucario ex,179,Special Illustration Rare,172.12,177,130,140,170,112,
230,Mega Evolution,2025-09-26,2025-10-06,2026-10-06,3,2026-07-27,23998,851250,me1-179,Mega Lucario ex,179,Special Illustration Rare,171.89,177,134,140,170,112,
230,Mega Evolution,2025-09-26,2025-10-06,2026-10-06,3,2026-07-28,23998,851250,me1-179,Mega Lucario ex,179,Special Illustration Rare,168.15,177,133.95,140,170,112,
230,Mega Evolution,2025-09-26,2025-10-06,2026-10-06,3,2026-07-29,23998,851250,me1-179,Mega Lucario ex,179,Special Illustration Rare,168.15,177,133.95,140,170,112,
230,Mega Evolution,2025-09-26,2025-10-06,2026-10-06,3,2026-07-30,23998,851250,me1-179,Mega Lucario ex,179,Special Illustration Rare,168.9,174.07,130,155,180,110,186.47
230,Mega Evolution,2025-09-26,2025-10-06,2026-10-06,3,2026-07-31,23998,851250,me1-179,Mega Lucario ex,179,Special Illustration Rare,169.74,174.07,139.94,155,180,110,182.56
230,Mega Evolution,2025-09-26,2025-10-06,2026-10-06,3,2026-08-01,23998,851250,me1-179,Mega Lucario ex,179,Special Illustration Rare,169.74,174.07,139.94,155,180,110,182.56
230,Mega Evolution,2025-09-26,2025-10-06,2026-10-06,3,2026-08-03,23998,851250,me1-179,Mega Lucario ex,179,Special Illustration Rare,169.52,174.07,125,155,180,110,178.56
230,Mega Evolution,2025-09-26,2025-10-06,2026-10-06,3,2026-08-04,23998,851250,me1-179,Mega Lucario ex,179,Special Illustration Rare,169.52,174.07,125,155,180,110,178.56
230,Mega Evolution,2025-09-26,2025-10-06,2026-10-06,3,2026-08-05,23998,851250,me1-179,Mega Lucario ex,179,Special Illustration Rare,169.09,174.07,125,155,180,110,178.3
230,Mega Evolution,2025-09-26,2025-10-06,2026-10-06,3,2026-08-06,23998,851250,me1-179,Mega Lucario ex,179,Special Illustration Rare,169.98,175,120,155,180,110,178.3
230,Mega Evolution,2025-09-26,2025-10-06,2026-10-06,3,2026-08-07,23998,851250,me1-179,Mega Lucario ex,179,Special Illustration Rare,168.68,175,128,155,178,110,178.3
230,Mega Evolution,2025-09-26,2025-10-06,2026-10-06,3,2026-08-10,23998,851250,me1-179,Mega Lucario ex,179,Special Illustration Rare,167.99,175,129.99,175,180,110,177.21
230,Mega Evolution,2025-09-26,2025-10-06,2026-10-06,3,2026-08-11,23998,851250,me1-179,Mega Lucario ex,179,Special Illustration Rare,171.91,179,129.99,170,189.99,110,177.21
230,Mega Evolution,2025-09-26,2025-10-06,2026-10-06,3,2026-08-12,23998,851250,me1-179,Mega Lucario ex,179,Special Illustration Rare,172.83,179,129.95,170,189.99,110,177.39
230,Mega Evolution,2025-09-26,2025-10-06,2026-10-06,3,2026-08-13,23998,851250,me1-179,Mega Lucario ex,179,Special Illustration Rare,171.68,179,129.95,170,199.8,105,177.39
230,Mega Evolution,2025-09-26,2025-10-06,2026-10-06,3,2026-08-14,23998,851250,me1-179,Mega Lucario ex,179,Special Illustration Rare,178.55,179,129.95,150,189.9,114,177.39
230,Mega Evolution,2025-09-26,2025-10-06,2026-10-06,3,2026-08-15,23998,851250,me1-179,Mega Lucario ex,179,Special Illustration Rare,178.57,179,129.99,150,189.9,105,175.87
230,Mega Evolution,2025-09-26,2025-10-06,2026-10-06,3,2026-08-16,23998,851250,me1-179,Mega Lucario ex,179,Special Illustration Rare,178.22,179,125.98,150,189.9,105,175.87
230,Mega Evolution,2025-09-26,2025-10-06,2026-10-06,3,2026-08-17,23998,851250,me1-179,Mega Lucario ex,179,Special Illustration Rare,178.22,179,125.98,150,189.9,105,174.95
230,Mega Evolution,2025-09-26,2025-10-06,2026-10-06,3,2026-08-18,23998,851250,me1-179,Mega Lucario ex,179,Special Illustration Rare,183.29,179,129,150,189.9,105,174.95
230,Mega Evolution,2025-09-26,2025-10-06,2026-10-06,3,2026-08-19,23998,851250,me1-179,Mega Lucario ex,179,Special Illustration Rare,182.96,178,130,149,200,114.79,174.83
230,Mega Evolution,2025-09-26,2025-10-06,2026-10-06,3,2026-08-20,23998,851250,me1-179,Mega Lucario ex,179,Special Illustration Rare,178.35,178,129.99,149,200,105,174.83
230,Mega Evolution,2025-09-26,2025-10-06,2026-10-06,3,2026-08-21,23998,851250,me1-179,Mega Lucario ex,179,Special Illustration Rare,181.06,178,129.99,149,200,105,174.83
230,Mega Evolution,2025-09-26,2025-10-06,2026-10-06,3,2026-08-22,23998,851250,me1-179,Mega Lucario ex,179,Special Illustration Rare,190.13,170,129.99,149,200,105,174.83
230,Mega Evolution,2025-09-26,2025-10-06,2026-10-06,3,2026-08-23,23998,851250,me1-179,Mega Lucario ex,179,Special Illustration Rare,189.52,174,130,149,200,110,174.83
230,Mega Evolution,2025-09-26,2025-10-06,2026-10-06,3,2026-08-24,23998,851250,me1-179,Mega Lucario ex,179,Special Illustration Rare,189.77,174,130,149,200,105,171.15
230,Mega Evolution,2025-09-26,2025-10-06,2026-10-06,3,2026-08-25,23998,851250,me1-179,Mega Lucario ex,179,Special Illustration Rare,189.77,174,130,149,200,105,171.15
230,Mega Evolution,2025-09-26,2025-10-06,2026-10-06,3,2026-08-26,23998,851250,me1-179,Mega Lucario ex,179,Special Illustration Rare,189,174,119.99,149,200,105,171.15
230,Mega Evolution,2025-09-26,2025-10-06,2026-10-06,3,2026-08-27,23998,851250,me1-179,Mega Lucario ex,179,Special Illustration Rare,195.12,174,119.99,149,200,105,168.02
230,Mega Evolution,2025-09-26,2025-10-06,2026-10-06,3,2026-08-28,23998,851250,me1-179,Mega Lucario ex,179,Special Illustration Rare,193.07,138.9,130,155,200,105,168.02
230,Mega Evolution,2025-09-26,2025-10-06,2026-10-06,3,2026-08-29,23998,851250,me1-179,Mega Lucario ex,179,Special Illustration Rare,193.07,138.9,130,155,200,105,166.85
230,Mega Evolution,2025-09-26,2025-10-06,2026-10-06,3,2026-08-30,23998,851250,me1-179,Mega Lucario ex,179,Special Illustration Rare,192.87,160,135,150,189.99,105,166.85
230,Mega Evolution,2025-09-26,2025-10-06,2026-10-06,3,2026-08-31,23998,851250,me1-179,Mega Lucario ex,179,Special Illustration Rare,193.41,160,134,150,189.99,105,166.85
230,Mega Evolution,2025-09-26,2025-10-06,2026-10-06,3,2026-09-01,23998,851250,me1-179,Mega Lucario ex,179,Special Illustration Rare,193.05,160,134,150,189.99,105,165.33
230,Mega Evolution,2025-09-26,2025-10-06,2026-10-06,3,2026-09-02,23998,851250,me1-179,Mega Lucario ex,179,Special Illustration Rare,192.25,160,134,150,220,105,165.33
230,Mega Evolution,2025-09-26,2025-10-06,2026-10-06,3,2026-09-03,23998,851250,me1-179,Mega Lucario ex,179,Special Illustration Rare,190.6,170,137,150,200,110,165.33
230,Mega Evolution,2025-09-26,2025-10-06,2026-10-06,3,2026-09-04,23998,851250,me1-179,Mega Lucario ex,179,Special Illustration Rare,190.93,179,131.98,150,200,110,164.21
230,Mega Evolution,2025-09-26,2025-10-06,2026-10-06,3,2026-09-05,23998,851250,me1-179,Mega Lucario ex,179,Special Illustration Rare,189.59,179,131.98,149.99,189.99,110,164.21
230,Mega Evolution,2025-09-26,2025-10-06,2026-10-06,3,2026-09-06,23998,851250,me1-179,Mega Lucario ex,179,Special Illustration Rare,189.59,170,131.98,149.99,189.99,110,164.21
230,Mega Evolution,2025-09-26,2025-10-06,2026-10-06,3,2026-09-07,23998,851250,me1-179,Mega Lucario ex,179,Special Illustration Rare,190.11,162,131.97,149.99,189.99,110,164.21
230,Mega Evolution,2025-09-26,2025-10-06,2026-10-06,3,2026-09-08,23998,851250,me1-179,Mega Lucario ex,179,Special Illustration Rare,190.11,162,115,149.99,189.99,110,164.21
230,Mega Evolution,2025-09-26,2025-10-06,2026-10-06,3,2026-09-09,23998,851250,me1-179,Mega Lucario ex,179,Special Illustration Rare,192.16,162,131,155,189.99,110,164.21
230,Mega Evolution,2025-09-26,2025-10-06,2026-10-06,3,2026-09-10,23998,851250,me1-179,Mega Lucario ex,179,Special Illustration Rare,195.69,179,131,149.99,189.99,110,164.21
230,Mega Evolution,2025-09-26,2025-10-06,2026-10-06,3,2026-09-11,23998,851250,me1-179,Mega Lucario ex,179,Special Illustration Rare,198.1,162,131,149.99,189.99,109.9,164.21
230,Mega Evolution,2025-09-26,2025-10-06,2026-10-06,3,2026-09-12,23998,851250,me1-179,Mega Lucario ex,179,Special Illustration Rare,200.94,179,127.5,149.99,189.99,109.9,164.21
230,Mega Evolution,2025-09-26,2025-10-06,2026-10-06,3,2026-09-13,23998,851250,me1-179,Mega Lucario ex,179,Special Illustration Rare,202.22,175,131,149.99,189.99,109.9,164.21
230,Mega Evolution,2025-09-26,2025-10-06,2026-10-06,3,2026-09-14,23998,851250,me1-179,Mega Lucario ex,179,Special Illustration Rare,201.13,175,131,149.99,185,109.8,157.19
230,Mega Evolution,2025-09-26,2025-10-06,2026-10-06,3,2026-09-15,23998,851250,me1-179,Mega Lucario ex,179,Special Illustration Rare,200.18,175,98,149.99,185,109.8,157.19
230,Mega Evolution,2025-09-26,2025-10-06,2026-10-06,3,2026-09-16,23998,851250,me1-179,Mega Lucario ex,179,Special Illustration Rare,198.83,175,98,149.99,185,109.8,155.95
230,Mega Evolution,2025-09-26,2025-10-06,2026-10-06,3,2026-09-17,23998,851250,me1-179,Mega Lucario ex,179,Special Illustration Rare,198.83,175,131.2,149.99,185,109.79,155.95
230,Mega Evolution,2025-09-26,2025-10-06,2026-10-06,3,2026-09-18,23998,851250,me1-179,Mega Lucario ex,179,Special Illustration Rare,191.85,170,136,149.99,185,109.8,155.95
230,Mega Evolution,2025-09-26,2025-10-06,2026-10-06,3,2026-09-19,23998,851250,me1-179,Mega Lucario ex,179,Special Illustration Rare,191.85,170,100,149.99,185,109.79,154.5
230,Mega Evolution,2025-09-26,2025-10-06,2026-10-06,3,2026-09-20,23998,851250,me1-179,Mega Lucario ex,179,Special Illustration Rare,191.85,170,100,149.99,185,109.79,154.5
230,Mega Evolution,2025-09-26,2025-10-06,2026-10-06,3,2026-09-21,23998,851250,me1-179,Mega Lucario ex,179,Special Illustration Rare,190.88,160,100,149.99,185,107,154.68
230,Mega Evolution,2025-09-26,2025-10-06,2026-10-06,3,2026-09-22,23998,851250,me1-179,Mega Lucario ex,179,Special Illustration Rare,190.92,160,133,145,185,107,154.68
230,Mega Evolution,2025-09-26,2025-10-06,2026-10-06,3,2026-09-23,23998,851250,me1-179,Mega Lucario ex,179,Special Illustration Rare,190.88,160,100,149.99,185,107,154.09
230,Mega Evolution,2025-09-26,2025-10-06,2026-10-06,3,2026-09-24,23998,851250,me1-179,Mega Lucario ex,179,Special Illustration Rare,191.63,159.99,100,149.99,184.99,107,154.09
230,Mega Evolution,2025-09-26,2025-10-06,2026-10-06,3,2026-09-25,23998,851250,me1-179,Mega Lucario ex,179,Special Illustration Rare,193.14,159.99,124.99,149.99,184.99,107,154.09
230,Mega Evolution,2025-09-26,2025-10-06,2026-10-06,3,2026-09-27,23998,851250,me1-179,Mega Lucario ex,179,Special Illustration Rare,191.9,155,100,149,184.99,105,154.09
230,Mega Evolution,2025-09-26,2025-10-06,2026-10-06,3,2026-09-28,23998,851250,me1-179,Mega Lucario ex,179,Special Illustration Rare,190.55,159.99,100,149,184.98,105,154.09
230,Mega Evolution,2025-09-26,2025-10-06,2026-10-06,3,2026-09-29,23998,851250,me1-179,Mega Lucario ex,179,Special Illustration Rare,182.04,160,113,149,184.98,105,154.09
230,Mega Evolution,2025-09-26,2025-10-06,2026-10-06,3,2026-09-30,23998,851250,me1-179,Mega Lucario ex,179,Special Illustration Rare,181.74,160,100,149,180,107,154.09
230,Mega Evolution,2025-09-26,2025-10-06,2026-10-06,3,2026-10-01,23998,851250,me1-179,Mega Lucario ex,179,Special Illustration Rare,179.17,160,120,149,180,100,154.09
230,Mega Evolution,2025-09-26,2025-10-06,2026-10-06,3,2026-10-02,23998,851250,me1-179,Mega Lucario ex,179,Special Illustration Rare,184.38,160,100,145,180,99.9,154.09
230,Mega Evolution,2025-09-26,2025-10-06,2026-10-06,3,2026-10-03,23998,851250,me1-179,Mega Lucario ex,179,Special Illustration Rare,173.7,160,100,145,180,99.9,154.09
230,Mega Evolution,2025-09-26,2025-10-06,2026-10-06,3,2026-10-05,23998,851250,me1-179,Mega Lucario ex,179,Special Illustration Rare,174.21,159.99,100,145,179.99,100,154.09
230,Mega Evolution,2025-09-26,2025-10-06,2026-10-06,4,2025-10-06,23997,851249,me1-178,Mega Gardevoir ex,178,Special Illustration Rare,,290,,,,,
230,Mega Evolution,2025-09-26,2025-10-06,2026-10-06,4,2025-10-08,23997,851249,me1-178,Mega Gardevoir ex,178,Special Illustration Rare,,300,,,,,
230,Mega Evolution,2025-09-26,2025-10-06,2026-10-06,4,2025-10-09,23997,851249,me1-178,Mega Gardevoir ex,178,Special Illustration Rare,,290,,,,,
230,Mega Evolution,2025-09-26,2025-10-06,2026-10-06,4,2025-10-10,23997,851249,me1-178,Mega Gardevoir ex,178,Special Illustration Rare,,260,,,,,
230,Mega Evolution,2025-09-26,2025-10-06,2026-10-06,4,2025-10-11,23997,851249,me1-178,Mega Gardevoir ex,178,Special Illustration Rare,,223.69,,,,,
230,Mega Evolution,2025-09-26,2025-10-06,2026-10-06,4,2025-10-13,23997,851249,me1-178,Mega Gardevoir ex,178,Special Illustration Rare,,213.17,,,,,
230,Mega Evolution,2025-09-26,2025-10-06,2026-10-06,4,2025-10-14,23997,851249,me1-178,Mega Gardevoir ex,178,Special Illustration Rare,,225.76,,,,,
230,Mega Evolution,2025-09-26,2025-10-06,2026-10-06,4,2025-10-15,23997,851249,me1-178,Mega Gardevoir ex,178,Special Illustration Rare,,212.88,,,,,
230,Mega Evolution,2025-09-26,2025-10-06,2026-10-06,4,2025-10-16,23997,851249,me1-178,Mega Gardevoir ex,178,Special Illustration Rare,,201.58,,,,,
230,Mega Evolution,2025-09-26,2025-10-06,2026-10-06,4,2025-10-17,23997,851249,me1-178,Mega Gardevoir ex,178,Special Illustration Rare,,201.26,,,,,
230,Mega Evolution,2025-09-26,2025-10-06,2026-10-06,4,2025-10-18,23997,851249,me1-178,Mega Gardevoir ex,178,Special Illustration Rare,,201.73,,,,,
230,Mega Evolution,2025-09-26,2025-10-06,2026-10-06,4,2025-10-20,23997,851249,me1-178,Mega Gardevoir ex,178,Special Illustration Rare,,215,,,,,
230,Mega Evolution,2025-09-26,2025-10-06,2026-10-06,4,2025-10-21,23997,851249,me1-178,Mega Gardevoir ex,178,Special Illustration Rare,,210,,,,,
230,Mega Evolution,2025-09-26,2025-10-06,2026-10-06,4,2025-10-23,23997,851249,me1-178,Mega Gardevoir ex,178,Special Illustration Rare,,189.55,,,,,
230,Mega Evolution,2025-09-26,2025-10-06,2026-10-06,4,2025-10-24,23997,851249,me1-178,Mega Gardevoir ex,178,Special Illustration Rare,,189.07,,,,,
230,Mega Evolution,2025-09-26,2025-10-06,2026-10-06,4,2025-10-25,23997,851249,me1-178,Mega Gardevoir ex,178,Special Illustration Rare,,188.69,,,,,
230,Mega Evolution,2025-09-26,2025-10-06,2026-10-06,4,2025-10-26,23997,851249,me1-178,Mega Gardevoir ex,178,Special Illustration Rare,,210,,,,,
230,Mega Evolution,2025-09-26,2025-10-06,2026-10-06,4,2025-10-27,23997,851249,me1-178,Mega Gardevoir ex,178,Special Illustration Rare,,188.73,,,,,
230,Mega Evolution,2025-09-26,2025-10-06,2026-10-06,4,2025-10-28,23997,851249,me1-178,Mega Gardevoir ex,178,Special Illustration Rare,,188.77,,,,,
230,Mega Evolution,2025-09-26,2025-10-06,2026-10-06,4,2025-10-29,23997,851249,me1-178,Mega Gardevoir ex,178,Special Illustration Rare,,187.7,,,,,
230,Mega Evolution,2025-09-26,2025-10-06,2026-10-06,4,2025-10-30,23997,851249,me1-178,Mega Gardevoir ex,178,Special Illustration Rare,,200,,,,,
230,Mega Evolution,2025-09-26,2025-10-06,2026-10-06,4,2025-10-31,23997,851249,me1-178,Mega Gardevoir ex,178,Special Illustration Rare,,189,,,,,
230,Mega Evolution,2025-09-26,2025-10-06,2026-10-06,4,2025-11-01,23997,851249,me1-178,Mega Gardevoir ex,178,Special Illustration Rare,,187.87,,,,,
230,Mega Evolution,2025-09-26,2025-10-06,2026-10-06,4,2025-11-03,23997,851249,me1-178,Mega Gardevoir ex,178,Special Illustration Rare,,187.78,,,,,
230,Mega Evolution,2025-09-26,2025-10-06,2026-10-06,4,2025-11-04,23997,851249,me1-178,Mega Gardevoir ex,178,Special Illustration Rare,,187.99,,,,,
230,Mega Evolution,2025-09-26,2025-10-06,2026-10-06,4,2025-11-05,23997,851249,me1-178,Mega Gardevoir ex,178,Special Illustration Rare,,186.67,,,,,
230,Mega Evolution,2025-09-26,2025-10-06,2026-10-06,4,2025-11-06,23997,851249,me1-178,Mega Gardevoir ex,178,Special Illustration Rare,,187.08,,,,,
230,Mega Evolution,2025-09-26,2025-10-06,2026-10-06,4,2025-11-07,23997,851249,me1-178,Mega Gardevoir ex,178,Special Illustration Rare,,170,,,,,
230,Mega Evolution,2025-09-26,2025-10-06,2026-10-06,4,2025-11-08,23997,851249,me1-178,Mega Gardevoir ex,178,Special Illustration Rare,,187.59,,,,,
230,Mega Evolution,2025-09-26,2025-10-06,2026-10-06,4,2025-11-10,23997,851249,me1-178,Mega Gardevoir ex,178,Special Illustration Rare,,199,,,,,
230,Mega Evolution,2025-09-26,2025-10-06,2026-10-06,4,2025-11-11,23997,851249,me1-178,Mega Gardevoir ex,178,Special Illustration Rare,,187.76,,,,,
230,Mega Evolution,2025-09-26,2025-10-06,2026-10-06,4,2025-11-12,23997,851249,me1-178,Mega Gardevoir ex,178,Special Illustration Rare,,186,,,,,
230,Mega Evolution,2025-09-26,2025-10-06,2026-10-06,4,2025-11-13,23997,851249,me1-178,Mega Gardevoir ex,178,Special Illustration Rare,,186,,,,,
230,Mega Evolution,2025-09-26,2025-10-06,2026-10-06,4,2025-11-14,23997,851249,me1-178,Mega Gardevoir ex,178,Special Illustration Rare,,179.99,,,,,
230,Mega Evolution,2025-09-26,2025-10-06,2026-10-06,4,2025-11-15,23997,851249,me1-178,Mega Gardevoir ex,178,Special Illustration Rare,,175,,,,,
230,Mega Evolution,2025-09-26,2025-10-06,2026-10-06,4,2025-11-16,23997,851249,me1-178,Mega Gardevoir ex,178,Special Illustration Rare,,182.99,,,,,
230,Mega Evolution,2025-09-26,2025-10-06,2026-10-06,4,2025-11-17,23997,851249,me1-178,Mega Gardevoir ex,178,Special Illustration Rare,,182,,,,,
230,Mega Evolution,2025-09-26,2025-10-06,2026-10-06,4,2025-11-18,23997,851249,me1-178,Mega Gardevoir ex,178,Special Illustration Rare,,174,,,,,
230,Mega Evolution,2025-09-26,2025-10-06,2026-10-06,4,2025-11-19,23997,851249,me1-178,Mega Gardevoir ex,178,Special Illustration Rare,,170,,,,,
230,Mega Evolution,2025-09-26,2025-10-06,2026-10-06,4,2025-11-20,23997,851249,me1-178,Mega Gardevoir ex,178,Special Illustration Rare,,174,,,,,
230,Mega Evolution,2025-09-26,2025-10-06,2026-10-06,4,2025-11-21,23997,851249,me1-178,Mega Gardevoir ex,178,Special Illustration Rare,,174,,,,,
230,Mega Evolution,2025-09-26,2025-10-06,2026-10-06,4,2025-11-23,23997,851249,me1-178,Mega Gardevoir ex,178,Special Illustration Rare,,169.95,,,,,
230,Mega Evolution,2025-09-26,2025-10-06,2026-10-06,4,2025-11-25,23997,851249,me1-178,Mega Gardevoir ex,178,Special Illustration Rare,,168,,,,,
230,Mega Evolution,2025-09-26,2025-10-06,2026-10-06,4,2025-11-26,23997,851249,me1-178,Mega Gardevoir ex,178,Special Illustration Rare,,169.95,,,,,
230,Mega Evolution,2025-09-26,2025-10-06,2026-10-06,4,2025-11-28,23997,851249,me1-178,Mega Gardevoir ex,178,Special Illustration Rare,,169.95,,,,,
230,Mega Evolution,2025-09-26,2025-10-06,2026-10-06,4,2025-11-29,23997,851249,me1-178,Mega Gardevoir ex,178,Special Illustration Rare,,160,,,,,
230,Mega Evolution,2025-09-26,2025-10-06,2026-10-06,4,2025-12-01,23997,851249,me1-178,Mega Gardevoir ex,178,Special Illustration Rare,,145,,,,,
230,Mega Evolution,2025-09-26,2025-10-06,2026-10-06,4,2025-12-02,23997,851249,me1-178,Mega Gardevoir ex,178,Special Illustration Rare,,169.91,,,,,
230,Mega Evolution,2025-09-26,2025-10-06,2026-10-06,4,2025-12-03,23997,851249,me1-178,Mega Gardevoir ex,178,Special Illustration Rare,,159,,,,,
230,Mega Evolution,2025-09-26,2025-10-06,2026-10-06,4,2025-12-04,23997,851249,me1-178,Mega Gardevoir ex,178,Special Illustration Rare,,155,,,,,
230,Mega Evolution,2025-09-26,2025-10-06,2026-10-06,4,2025-12-05,23997,851249,me1-178,Mega Gardevoir ex,178,Special Illustration Rare,,155,,,,,
230,Mega Evolution,2025-09-26,2025-10-06,2026-10-06,4,2025-12-06,23997,851249,me1-178,Mega Gardevoir ex,178,Special Illustration Rare,,159.99,,,,,
230,Mega Evolution,2025-09-26,2025-10-06,2026-10-06,4,2025-12-07,23997,851249,me1-178,Mega Gardevoir ex,178,Special Illustration Rare,,125,,,,,
230,Mega Evolution,2025-09-26,2025-10-06,2026-10-06,4,2025-12-08,23997,851249,me1-178,Mega Gardevoir ex,178,Special Illustration Rare,,145,,,,,
230,Mega Evolution,2025-09-26,2025-10-06,2026-10-06,4,2025-12-09,23997,851249,me1-178,Mega Gardevoir ex,178,Special Illustration Rare,,145,,,,,
230,Mega Evolution,2025-09-26,2025-10-06,2026-10-06,4,2025-12-10,23997,851249,me1-178,Mega Gardevoir ex,178,Special Illustration Rare,,145,,,,,
230,Mega Evolution,2025-09-26,2025-10-06,2026-10-06,4,2025-12-13,23997,851249,me1-178,Mega Gardevoir ex,178,Special Illustration Rare,,145,,,,,
230,Mega Evolution,2025-09-26,2025-10-06,2026-10-06,4,2025-12-14,23997,851249,me1-178,Mega Gardevoir ex,178,Special Illustration Rare,,145,,,,,
230,Mega Evolution,2025-09-26,2025-10-06,2026-10-06,4,2025-12-15,23997,851249,me1-178,Mega Gardevoir ex,178,Special Illustration Rare,,144.9,,,,,
230,Mega Evolution,2025-09-26,2025-10-06,2026-10-06,4,2025-12-16,23997,851249,me1-178,Mega Gardevoir ex,178,Special Illustration Rare,,145,,,,,
230,Mega Evolution,2025-09-26,2025-10-06,2026-10-06,4,2025-12-17,23997,851249,me1-178,Mega Gardevoir ex,178,Special Illustration Rare,,155,,,,,
230,Mega Evolution,2025-09-26,2025-10-06,2026-10-06,4,2025-12-18,23997,851249,me1-178,Mega Gardevoir ex,178,Special Illustration Rare,,145,,,,,
230,Mega Evolution,2025-09-26,2025-10-06,2026-10-06,4,2025-12-22,23997,851249,me1-178,Mega Gardevoir ex,178,Special Illustration Rare,,149.95,,,,,
230,Mega Evolution,2025-09-26,2025-10-06,2026-10-06,4,2025-12-23,23997,851249,me1-178,Mega Gardevoir ex,178,Special Illustration Rare,,141.53,,,,,
230,Mega Evolution,2025-09-26,2025-10-06,2026-10-06,4,2025-12-24,23997,851249,me1-178,Mega Gardevoir ex,178,Special Illustration Rare,,125,,,,,
230,Mega Evolution,2025-09-26,2025-10-06,2026-10-06,4,2025-12-26,23997,851249,me1-178,Mega Gardevoir ex,178,Special Illustration Rare,,120,,,,,
230,Mega Evolution,2025-09-26,2025-10-06,2026-10-06,4,2025-12-27,23997,851249,me1-178,Mega Gardevoir ex,178,Special Illustration Rare,,129.91,,,,,
230,Mega Evolution,2025-09-26,2025-10-06,2026-10-06,4,2025-12-29,23997,851249,me1-178,Mega Gardevoir ex,178,Special Illustration Rare,,155,,,,,
230,Mega Evolution,2025-09-26,2025-10-06,2026-10-06,4,2025-12-31,23997,851249,me1-178,Mega Gardevoir ex,178,Special Illustration Rare,,153.99,,,,,
230,Mega Evolution,2025-09-26,2025-10-06,2026-10-06,4,2026-01-01,23997,851249,me1-178,Mega Gardevoir ex,178,Special Illustration Rare,,150,,,,,
230,Mega Evolution,2025-09-26,2025-10-06,2026-10-06,4,2026-01-02,23997,851249,me1-178,Mega Gardevoir ex,178,Special Illustration Rare,,145,,,,,
230,Mega Evolution,2025-09-26,2025-10-06,2026-10-06,4,2026-01-07,23997,851249,me1-178,Mega Gardevoir ex,178,Special Illustration Rare,,150,,,,,
230,Mega Evolution,2025-09-26,2025-10-06,2026-10-06,4,2026-01-08,23997,851249,me1-178,Mega Gardevoir ex,178,Special Illustration Rare,,159,,,,,
230,Mega Evolution,2025-09-26,2025-10-06,2026-10-06,4,2026-01-10,23997,851249,me1-178,Mega Gardevoir ex,178,Special Illustration Rare,,149,,,,,
230,Mega Evolution,2025-09-26,2025-10-06,2026-10-06,4,2026-01-11,23997,851249,me1-178,Mega Gardevoir ex,178,Special Illustration Rare,,164.9,,,,,
230,Mega Evolution,2025-09-26,2025-10-06,2026-10-06,4,2026-01-13,23997,851249,me1-178,Mega Gardevoir ex,178,Special Illustration Rare,,160,,,,,
230,Mega Evolution,2025-09-26,2025-10-06,2026-10-06,4,2026-01-20,23997,851249,me1-178,Mega Gardevoir ex,178,Special Illustration Rare,,170.91,,,,,
230,Mega Evolution,2025-09-26,2025-10-06,2026-10-06,4,2026-01-22,23997,851249,me1-178,Mega Gardevoir ex,178,Special Illustration Rare,,170.37,,,,,
230,Mega Evolution,2025-09-26,2025-10-06,2026-10-06,4,2026-01-23,23997,851249,me1-178,Mega Gardevoir ex,178,Special Illustration Rare,,170.34,,,,,
230,Mega Evolution,2025-09-26,2025-10-06,2026-10-06,4,2026-01-25,23997,851249,me1-178,Mega Gardevoir ex,178,Special Illustration Rare,,171.04,,,,,
230,Mega Evolution,2025-09-26,2025-10-06,2026-10-06,4,2026-01-26,23997,851249,me1-178,Mega Gardevoir ex,178,Special Illustration Rare,,170.79,,,,,
230,Mega Evolution,2025-09-26,2025-10-06,2026-10-06,4,2026-01-27,23997,851249,me1-178,Mega Gardevoir ex,178,Special Illustration Rare,,170.75,,,,,
230,Mega Evolution,2025-09-26,2025-10-06,2026-10-06,4,2026-01-29,23997,851249,me1-178,Mega Gardevoir ex,178,Special Illustration Rare,,171.12,,,,,
230,Mega Evolution,2025-09-26,2025-10-06,2026-10-06,4,2026-02-01,23997,851249,me1-178,Mega Gardevoir ex,178,Special Illustration Rare,,170.06,,,,,
230,Mega Evolution,2025-09-26,2025-10-06,2026-10-06,4,2026-02-02,23997,851249,me1-178,Mega Gardevoir ex,178,Special Illustration Rare,,169.94,,,,,
230,Mega Evolution,2025-09-26,2025-10-06,2026-10-06,4,2026-02-03,23997,851249,me1-178,Mega Gardevoir ex,178,Special Illustration Rare,,170.65,,,,,
230,Mega Evolution,2025-09-26,2025-10-06,2026-10-06,4,2026-02-04,23997,851249,me1-178,Mega Gardevoir ex,178,Special Illustration Rare,,170.72,,,,,
230,Mega Evolution,2025-09-26,2025-10-06,2026-10-06,4,2026-02-05,23997,851249,me1-178,Mega Gardevoir ex,178,Special Illustration Rare,,178.62,,,,,
230,Mega Evolution,2025-09-26,2025-10-06,2026-10-06,4,2026-02-06,23997,851249,me1-178,Mega Gardevoir ex,178,Special Illustration Rare,,169.19,,,,,
230,Mega Evolution,2025-09-26,2025-10-06,2026-10-06,4,2026-02-07,23997,851249,me1-178,Mega Gardevoir ex,178,Special Illustration Rare,,166.11,,,,,
230,Mega Evolution,2025-09-26,2025-10-06,2026-10-06,4,2026-02-10,23997,851249,me1-178,Mega Gardevoir ex,178,Special Illustration Rare,,165.73,,,,,
230,Mega Evolution,2025-09-26,2025-10-06,2026-10-06,4,2026-02-11,23997,851249,me1-178,Mega Gardevoir ex,178,Special Illustration Rare,,177.15,,,,,
230,Mega Evolution,2025-09-26,2025-10-06,2026-10-06,4,2026-02-12,23997,851249,me1-178,Mega Gardevoir ex,178,Special Illustration Rare,,170.19,,,,,
230,Mega Evolution,2025-09-26,2025-10-06,2026-10-06,4,2026-02-15,23997,851249,me1-178,Mega Gardevoir ex,178,Special Illustration Rare,,165.88,,,,,
230,Mega Evolution,2025-09-26,2025-10-06,2026-10-06,4,2026-02-16,23997,851249,me1-178,Mega Gardevoir ex,178,Special Illustration Rare,,165.81,120,125,189.5,149,
230,Mega Evolution,2025-09-26,2025-10-06,2026-10-06,4,2026-02-17,23997,851249,me1-178,Mega Gardevoir ex,178,Special Illustration Rare,,165.82,120,125,189.51,145,
230,Mega Evolution,2025-09-26,2025-10-06,2026-10-06,4,2026-02-18,23997,851249,me1-178,Mega Gardevoir ex,178,Special Illustration Rare,,165.02,124,125,189.51,149,
230,Mega Evolution,2025-09-26,2025-10-06,2026-10-06,4,2026-02-19,23997,851249,me1-178,Mega Gardevoir ex,178,Special Illustration Rare,,165,124,125,189.51,148.98,
230,Mega Evolution,2025-09-26,2025-10-06,2026-10-06,4,2026-02-21,23997,851249,me1-178,Mega Gardevoir ex,178,Special Illustration Rare,,162.59,123,124.95,189.51,140,
230,Mega Evolution,2025-09-26,2025-10-06,2026-10-06,4,2026-02-22,23997,851249,me1-178,Mega Gardevoir ex,178,Special Illustration Rare,,162.59,123,124.95,188.51,143,
230,Mega Evolution,2025-09-26,2025-10-06,2026-10-06,4,2026-02-23,23997,851249,me1-178,Mega Gardevoir ex,178,Special Illustration Rare,,164.9,119,124.95,188.46,143,
230,Mega Evolution,2025-09-26,2025-10-06,2026-10-06,4,2026-02-24,23997,851249,me1-178,Mega Gardevoir ex,178,Special Illustration Rare,,159.18,110,124.95,188.66,143,
230,Mega Evolution,2025-09-26,2025-10-06,2026-10-06,4,2026-02-25,23997,851249,me1-178,Mega Gardevoir ex,178,Special Illustration Rare,,159.4,115,124.95,188.66,140,
230,Mega Evolution,2025-09-26,2025-10-06,2026-10-06,4,2026-02-26,23997,851249,me1-178,Mega Gardevoir ex,178,Special Illustration Rare,,159.54,119,124.95,188.66,149,
230,Mega Evolution,2025-09-26,2025-10-06,2026-10-06,4,2026-02-27,23997,851249,me1-178,Mega Gardevoir ex,178,Special Illustration Rare,,158.95,115,124.95,188.38,143,
230,Mega Evolution,2025-09-26,2025-10-06,2026-10-06,4,2026-02-28,23997,851249,me1-178,Mega Gardevoir ex,178,Special Illustration Rare,,158.65,115,124.95,188.03,143,
230,Mega Evolution,2025-09-26,2025-10-06,2026-10-06,4,2026-03-01,23997,851249,me1-178,Mega Gardevoir ex,178,Special Illustration Rare,,158.65,116,124.95,188.03,143,
230,Mega Evolution,2025-09-26,2025-10-06,2026-10-06,4,2026-03-02,23997,851249,me1-178,Mega Gardevoir ex,178,Special Illustration Rare,,158.62,116,124.95,188.03,143,
230,Mega Evolution,2025-09-26,2025-10-06,2026-10-06,4,2026-03-04,23997,851249,me1-178,Mega Gardevoir ex,178,Special Illustration Rare,,159.82,115,124.95,189.42,140,
230,Mega Evolution,2025-09-26,2025-10-06,2026-10-06,4,2026-03-05,23997,851249,me1-178,Mega Gardevoir ex,178,Special Illustration Rare,,158,114.99,124.95,170,140,
230,Mega Evolution,2025-09-26,2025-10-06,2026-10-06,4,2026-03-06,23997,851249,me1-178,Mega Gardevoir ex,178,Special Illustration Rare,,158,114.98,124.95,170,135,
230,Mega Evolution,2025-09-26,2025-10-06,2026-10-06,4,2026-03-07,23997,851249,me1-178,Mega Gardevoir ex,178,Special Illustration Rare,,155,114.99,124.95,189,135,
230,Mega Evolution,2025-09-26,2025-10-06,2026-10-06,4,2026-03-08,23997,851249,me1-178,Mega Gardevoir ex,178,Special Illustration Rare,,155,114.99,124.95,185,125,
230,Mega Evolution,2025-09-26,2025-10-06,2026-10-06,4,2026-03-10,23997,851249,me1-178,Mega Gardevoir ex,178,Special Illustration Rare,,158,110,124.95,179.9,125,
230,Mega Evolution,2025-09-26,2025-10-06,2026-10-06,4,2026-03-13,23997,851249,me1-178,Mega Gardevoir ex,178,Special Illustration Rare,,158,110,124.95,165,147.99,
230,Mega Evolution,2025-09-26,2025-10-06,2026-10-06,4,2026-03-17,23997,851249,me1-178,Mega Gardevoir ex,178,Special Illustration Rare,,159,109.9,125,165,124.97,
230,Mega Evolution,2025-09-26,2025-10-06,2026-10-06,4,2026-03-18,23997,851249,me1-178,Mega Gardevoir ex,178,Special Illustration Rare,,159,110,125,165,124.97,
230,Mega Evolution,2025-09-26,2025-10-06,2026-10-06,4,2026-03-19,23997,851249,me1-178,Mega Gardevoir ex,178,Special Illustration Rare,,159,113,125,165,130,
230,Mega Evolution,2025-09-26,2025-10-06,2026-10-06,4,2026-03-26,23997,851249,me1-178,Mega Gardevoir ex,178,Special Illustration Rare,,142.82,110,120,165,115,
230,Mega Evolution,2025-09-26,2025-10-06,2026-10-06,4,2026-03-27,23997,851249,me1-178,Mega Gardevoir ex,178,Special Illustration Rare,,142.9,108,120,165,147.99,
230,Mega Evolution,2025-09-26,2025-10-06,2026-10-06,4,2026-03-28,23997,851249,me1-178,Mega Gardevoir ex,178,Special Illustration Rare,,142.45,115,120,170,147.99,
230,Mega Evolution,2025-09-26,2025-10-06,2026-10-06,4,2026-03-29,23997,851249,me1-178,Mega Gardevoir ex,178,Special Illustration Rare,,142.45,115,125,170,147.99,
230,Mega Evolution,2025-09-26,2025-10-06,2026-10-06,4,2026-03-30,23997,851249,me1-178,Mega Gardevoir ex,178,Special Illustration Rare,,130.49,115,125,170,147.99,
230,Mega Evolution,2025-09-26,2025-10-06,2026-10-06,4,2026-03-31,23997,851249,me1-178,Mega Gardevoir ex,178,Special Illustration Rare,,130.28,116.79,125,170,147.99,
230,Mega Evolution,2025-09-26,2025-10-06,2026-10-06,4,2026-04-06,23997,851249,me1-178,Mega Gardevoir ex,178,Special Illustration Rare,149.33,129.84,108,135,170,130,
230,Mega Evolution,2025-09-26,2025-10-06,2026-10-06,4,2026-04-07,23997,851249,me1-178,Mega Gardevoir ex,178,Special Illustration Rare,150.28,153.59,104.99,119,170,125,
230,Mega Evolution,2025-09-26,2025-10-06,2026-10-06,4,2026-04-08,23997,851249,me1-178,Mega Gardevoir ex,178,Special Illustration Rare,149.04,153.59,104.99,119,170,125,
230,Mega Evolution,2025-09-26,2025-10-06,2026-10-06,4,2026-04-09,23997,851249,me1-178,Mega Gardevoir ex,178,Special Illustration Rare,149.04,153.59,102.5,119,170,147,
230,Mega Evolution,2025-09-26,2025-10-06,2026-10-06,4,2026-04-12,23997,851249,me1-178,Mega Gardevoir ex,178,Special Illustration Rare,147.36,159.64,108,119,170,145,
230,Mega Evolution,2025-09-26,2025-10-06,2026-10-06,4,2026-04-18,23997,851249,me1-178,Mega Gardevoir ex,178,Special Illustration Rare,140.57,159.8,103.9,120,170,137,
230,Mega Evolution,2025-09-26,2025-10-06,2026-10-06,4,2026-04-19,23997,851249,me1-178,Mega Gardevoir ex,178,Special Illustration Rare,140.41,159.8,107.95,120,175,146.99,
230,Mega Evolution,2025-09-26,2025-10-06,2026-10-06,4,2026-04-29,23997,851249,me1-178,Mega Gardevoir ex,178,Special Illustration Rare,142.19,159.8,109.95,125,174,130,
230,Mega Evolution,2025-09-26,2025-10-06,2026-10-06,4,2026-05-08,23997,851249,me1-178,Mega Gardevoir ex,178,Special Illustration Rare,146.64,158.31,125,125,174,110,
230,Mega Evolution,2025-09-26,2025-10-06,2026-10-06,4,2026-05-14,23997,851249,me1-178,Mega Gardevoir ex,178,Special Illustration Rare,147.29,158.2,125,124.95,174,110,
230,Mega Evolution,2025-09-26,2025-10-06,2026-10-06,4,2026-05-18,23997,851249,me1-178,Mega Gardevoir ex,178,Special Illustration Rare,149.11,141.66,129.99,125,174,110,
230,Mega Evolution,2025-09-26,2025-10-06,2026-10-06,4,2026-05-20,23997,851249,me1-178,Mega Gardevoir ex,178,Special Illustration Rare,149.71,141.66,125,125,179.8,110,
230,Mega Evolution,2025-09-26,2025-10-06,2026-10-06,4,2026-05-25,23997,851249,me1-178,Mega Gardevoir ex,178,Special Illustration Rare,149.55,153.85,130,124.95,185,110,
230,Mega Evolution,2025-09-26,2025-10-06,2026-10-06,4,2026-05-26,23997,851249,me1-178,Mega Gardevoir ex,178,Special Illustration Rare,148.44,154.07,134.99,125,189,110,
230,Mega Evolution,2025-09-26,2025-10-06,2026-10-06,4,2026-05-29,23997,851249,me1-178,Mega Gardevoir ex,178,Special Illustration Rare,152.63,153.3,138.5,124.99,200,110,
230,Mega Evolution,2025-09-26,2025-10-06,2026-10-06,4,2026-06-01,23997,851249,me1-178,Mega Gardevoir ex,178,Special Illustration Rare,153.68,160.54,138.5,124.99,200,110,
230,Mega Evolution,2025-09-26,2025-10-06,2026-10-06,4,2026-06-04,23997,851249,me1-178,Mega Gardevoir ex,178,Special Illustration Rare,158.11,160.85,139,124.99,205,129,
230,Mega Evolution,2025-09-26,2025-10-06,2026-10-06,4,2026-06-05,23997,851249,me1-178,Mega Gardevoir ex,178,Special Illustration Rare,158.38,160.85,137,115,205,109,
230,Mega Evolution,2025-09-26,2025-10-06,2026-10-06,4,2026-06-13,23997,851249,me1-178,Mega Gardevoir ex,178,Special Illustration Rare,157.19,160.85,145,120,219.99,119,
230,Mega Evolution,2025-09-26,2025-10-06,2026-10-06,4,2026-06-15,23997,851249,me1-178,Mega Gardevoir ex,178,Special Illustration Rare,156.79,160.85,145,120,219.99,119,
230,Mega Evolution,2025-09-26,2025-10-06,2026-10-06,4,2026-06-17,23997,851249,me1-178,Mega Gardevoir ex,178,Special Illustration Rare,157.75,169.95,144,120,205,119,
230,Mega Evolution,2025-09-26,2025-10-06,2026-10-06,4,2026-06-19,23997,851249,me1-178,Mega Gardevoir ex,178,Special Illustration Rare,162.07,169,142,120,205,120,
230,Mega Evolution,2025-09-26,2025-10-06,2026-10-06,4,2026-06-24,23997,851249,me1-178,Mega Gardevoir ex,178,Special Illustration Rare,161.59,169,135,120,220,124.9,
230,Mega Evolution,2025-09-26,2025-10-06,2026-10-06,4,2026-06-30,23997,851249,me1-178,Mega Gardevoir ex,178,Special Illustration Rare,158.72,169,139.99,110,220,124.9,
230,Mega Evolution,2025-09-26,2025-10-06,2026-10-06,4,2026-07-03,23997,851249,me1-178,Mega Gardevoir ex,178,Special Illustration Rare,162.28,169,134.99,100,210,120,
230,Mega Evolution,2025-09-26,2025-10-06,2026-10-06,4,2026-07-06,23997,851249,me1-178,Mega Gardevoir ex,178,Special Illustration Rare,161.65,150,135,99.95,199.99,120,
230,Mega Evolution,2025-09-26,2025-10-06,2026-10-06,4,2026-07-07,23997,851249,me1-178,Mega Gardevoir ex,178,Special Illustration Rare,161.65,150,135,99.95,199.99,120,
230,Mega Evolution,2025-09-26,2025-10-06,2026-10-06,4,2026-07-12,23997,851249,me1-178,Mega Gardevoir ex,178,Special Illustration Rare,167.37,150,133.99,99.95,199.99,120,
230,Mega Evolution,2025-09-26,2025-10-06,2026-10-06,4,2026-07-13,23997,851249,me1-178,Mega Gardevoir ex,178,Special Illustration Rare,167.37,150,138.5,99.95,219.99,120,
230,Mega Evolution,2025-09-26,2025-10-06,2026-10-06,4,2026-07-14,23997,851249,me1-178,Mega Gardevoir ex,178,Special Illustration Rare,168.07,150,138.5,99.95,219.99,120,
230,Mega Evolution,2025-09-26,2025-10-06,2026-10-06,4,2026-07-17,23997,851249,me1-178,Mega Gardevoir ex,178,Special Illustration Rare,172.09,169,134,115,219.99,115,
230,Mega Evolution,2025-09-26,2025-10-06,2026-10-06,4,2026-07-18,23997,851249,me1-178,Mega Gardevoir ex,178,Special Illustration Rare,172.73,149.99,134,114,219.99,115,
230,Mega Evolution,2025-09-26,2025-10-06,2026-10-06,4,2026-07-19,23997,851249,me1-178,Mega Gardevoir ex,178,Special Illustration Rare,172.73,149.99,134,114.99,219.99,119.85,
230,Mega Evolution,2025-09-26,2025-10-06,2026-10-06,4,2026-07-20,23997,851249,me1-178,Mega Gardevoir ex,178,Special Illustration Rare,171.93,149.99,133,114.99,219.99,119.85,
230,Mega Evolution,2025-09-26,2025-10-06,2026-10-06,4,2026-07-21,23997,851249,me1-178,Mega Gardevoir ex,178,Special Illustration Rare,172.73,149.99,134,114.99,219.99,119.85,
230,Mega Evolution,2025-09-26,2025-10-06,2026-10-06,4,2026-07-22,23997,851249,me1-178,Mega Gardevoir ex,178,Special Illustration Rare,173.08,149.99,130,114.99,219.99,119.85,
230,Mega Evolution,2025-09-26,2025-10-06,2026-10-06,4,2026-07-23,23997,851249,me1-178,Mega Gardevoir ex,178,Special Illustration Rare,168.43,149.99,130,114.99,219.99,119.85,
230,Mega Evolution,2025-09-26,2025-10-06,2026-10-06,4,2026-07-24,23997,851249,me1-178,Mega Gardevoir ex,178,Special Illustration Rare,167.33,149.99,133,125,219.99,119.85,
230,Mega Evolution,2025-09-26,2025-10-06,2026-10-06,4,2026-07-26,23997,851249,me1-178,Mega Gardevoir ex,178,Special Illustration Rare,167.16,149.99,130,114.99,219.99,119.85,
230,Mega Evolution,2025-09-26,2025-10-06,2026-10-06,4,2026-07-27,23997,851249,me1-178,Mega Gardevoir ex,178,Special Illustration Rare,168.01,149.99,130,115,219.99,120,
230,Mega Evolution,2025-09-26,2025-10-06,2026-10-06,4,2026-07-28,23997,851249,me1-178,Mega Gardevoir ex,178,Special Illustration Rare,168.01,149.99,130,115,219.99,120,
230,Mega Evolution,2025-09-26,2025-10-06,2026-10-06,4,2026-07-29,23997,851249,me1-178,Mega Gardevoir ex,178,Special Illustration Rare,171.25,149.99,126,115,219.99,119.85,
230,Mega Evolution,2025-09-26,2025-10-06,2026-10-06,4,2026-07-30,23997,851249,me1-178,Mega Gardevoir ex,178,Special Illustration Rare,171.25,149.99,126,115,219.99,119.85,165.6
230,Mega Evolution,2025-09-26,2025-10-06,2026-10-06,4,2026-07-31,23997,851249,me1-178,Mega Gardevoir ex,178,Special Illustration Rare,171.25,149.99,126,115,219.99,119.85,165.25
230,Mega Evolution,2025-09-26,2025-10-06,2026-10-06,4,2026-08-01,23997,851249,me1-178,Mega Gardevoir ex,178,Special Illustration Rare,173.46,149.99,124,115,220,114.9,165.25
230,Mega Evolution,2025-09-26,2025-10-06,2026-10-06,4,2026-08-03,23997,851249,me1-178,Mega Gardevoir ex,178,Special Illustration Rare,173.46,149.99,124,115,220,114.9,166.26
230,Mega Evolution,2025-09-26,2025-10-06,2026-10-06,4,2026-08-04,23997,851249,me1-178,Mega Gardevoir ex,178,Special Illustration Rare,174.46,149.99,124,115,220,114.9,166.26
230,Mega Evolution,2025-09-26,2025-10-06,2026-10-06,4,2026-08-05,23997,851249,me1-178,Mega Gardevoir ex,178,Special Illustration Rare,174.46,149.99,124,115,220,114.9,166.5
230,Mega Evolution,2025-09-26,2025-10-06,2026-10-06,4,2026-08-06,23997,851249,me1-178,Mega Gardevoir ex,178,Special Illustration Rare,175.2,155,124,120,220,114.9,166.5
230,Mega Evolution,2025-09-26,2025-10-06,2026-10-06,4,2026-08-07,23997,851249,me1-178,Mega Gardevoir ex,178,Special Illustration Rare,180.6,165,124,120,220,114.9,166.5
230,Mega Evolution,2025-09-26,2025-10-06,2026-10-06,4,2026-08-10,23997,851249,me1-178,Mega Gardevoir ex,178,Special Illustration Rare,180.99,149,130,124.99,240,114.9,166.92
230,Mega Evolution,2025-09-26,2025-10-06,2026-10-06,4,2026-08-11,23997,851249,me1-178,Mega Gardevoir ex,178,Special Illustration Rare,181.6,149,130,120,195,112.85,166.92
230,Mega Evolution,2025-09-26,2025-10-06,2026-10-06,4,2026-08-12,23997,851249,me1-178,Mega Gardevoir ex,178,Special Illustration Rare,180.67,149,125,120,210,112.85,166.21
230,Mega Evolution,2025-09-26,2025-10-06,2026-10-06,4,2026-08-13,23997,851249,me1-178,Mega Gardevoir ex,178,Special Illustration Rare,180.67,169.95,125,120,210,112.85,166.21
230,Mega Evolution,2025-09-26,2025-10-06,2026-10-06,4,2026-08-14,23997,851249,me1-178,Mega Gardevoir ex,178,Special Illustration Rare,179.49,169.95,129.99,120,199.99,104.9,166.21
230,Mega Evolution,2025-09-26,2025-10-06,2026-10-06,4,2026-08-15,23997,851249,me1-178,Mega Gardevoir ex,178,Special Illustration Rare,178.62,169.95,129.99,120,199.99,114.9,165.97
230,Mega Evolution,2025-09-26,2025-10-06,2026-10-06,4,2026-08-16,23997,851249,me1-178,Mega Gardevoir ex,178,Special Illustration Rare,178.62,169.95,129.99,120,199.99,114.9,165.97
230,Mega Evolution,2025-09-26,2025-10-06,2026-10-06,4,2026-08-17,23997,851249,me1-178,Mega Gardevoir ex,178,Special Illustration Rare,177.48,169.95,129.5,120,199,110,166.04
230,Mega Evolution,2025-09-26,2025-10-06,2026-10-06,4,2026-08-18,23997,851249,me1-178,Mega Gardevoir ex,178,Special Illustration Rare,177.48,169.95,129.5,120,199,110,166.04
230,Mega Evolution,2025-09-26,2025-10-06,2026-10-06,4,2026-08-19,23997,851249,me1-178,Mega Gardevoir ex,178,Special Illustration Rare,177.48,169.95,129.5,120,199,110,165.08
230,Mega Evolution,2025-09-26,2025-10-06,2026-10-06,4,2026-08-20,23997,851249,me1-178,Mega Gardevoir ex,178,Special Illustration Rare,172.63,169.95,130,120,199,100,165.08
230,Mega Evolution,2025-09-26,2025-10-06,2026-10-06,4,2026-08-21,23997,851249,me1-178,Mega Gardevoir ex,178,Special Illustration Rare,173.35,167.12,130,120,210,100,165.08
230,Mega Evolution,2025-09-26,2025-10-06,2026-10-06,4,2026-08-22,23997,851249,me1-178,Mega Gardevoir ex,178,Special Illustration Rare,175.66,167.29,129,120,199,100,165.08
230,Mega Evolution,2025-09-26,2025-10-06,2026-10-06,4,2026-08-23,23997,851249,me1-178,Mega Gardevoir ex,178,Special Illustration Rare,174.5,165,129,120,199,100,165.08
230,Mega Evolution,2025-09-26,2025-10-06,2026-10-06,4,2026-08-24,23997,851249,me1-178,Mega Gardevoir ex,178,Special Illustration Rare,174.5,162.48,129,120,199,100,164.09
230,Mega Evolution,2025-09-26,2025-10-06,2026-10-06,4,2026-08-25,23997,851249,me1-178,Mega Gardevoir ex,178,Special Illustration Rare,174.5,162.48,129,120,199,110,164.09
230,Mega Evolution,2025-09-26,2025-10-06,2026-10-06,4,2026-08-27,23997,851249,me1-178,Mega Gardevoir ex,178,Special Illustration Rare,185.16,155,129,120,199,120,162.56
230,Mega Evolution,2025-09-26,2025-10-06,2026-10-06,4,2026-08-29,23997,851249,me1-178,Mega Gardevoir ex,178,Special Illustration Rare,185.16,155,129,120,199,120,162.41
230,Mega Evolution,2025-09-26,2025-10-06,2026-10-06,4,2026-08-30,23997,851249,me1-178,Mega Gardevoir ex,178,Special Illustration Rare,184.46,160,129.99,120,195,95,162.41
230,Mega Evolution,2025-09-26,2025-10-06,2026-10-06,4,2026-08-31,23997,851249,me1-178,Mega Gardevoir ex,178,Special Illustration Rare,184.46,160,130,120,195,100,162.41
230,Mega Evolution,2025-09-26,2025-10-06,2026-10-06,4,2026-09-01,23997,851249,me1-178,Mega Gardevoir ex,178,Special Illustration Rare,183.6,160,130,120,239,100,162.56
230,Mega Evolution,2025-09-26,2025-10-06,2026-10-06,4,2026-09-02,23997,851249,me1-178,Mega Gardevoir ex,178,Special Illustration Rare,181.56,160,130,120,195,100,162.56
230,Mega Evolution,2025-09-26,2025-10-06,2026-10-06,4,2026-09-04,23997,851249,me1-178,Mega Gardevoir ex,178,Special Illustration Rare,181.56,160,130,120,195,100,162.02
230,Mega Evolution,2025-09-26,2025-10-06,2026-10-06,4,2026-09-05,23997,851249,me1-178,Mega Gardevoir ex,178,Special Illustration Rare,180.58,160,129.99,120,215,119.99,162.02
230,Mega Evolution,2025-09-26,2025-10-06,2026-10-06,4,2026-09-07,23997,851249,me1-178,Mega Gardevoir ex,178,Special Illustration Rare,182.37,160,114.99,120,215,100,162.02
230,Mega Evolution,2025-09-26,2025-10-06,2026-10-06,4,2026-09-08,23997,851249,me1-178,Mega Gardevoir ex,178,Special Illustration Rare,181.21,161.98,129.99,119.99,214,108,162.02
230,Mega Evolution,2025-09-26,2025-10-06,2026-10-06,4,2026-09-10,23997,851249,me1-178,Mega Gardevoir ex,178,Special Illustration Rare,182.39,161.96,125,119.99,214,100,162.02
230,Mega Evolution,2025-09-26,2025-10-06,2026-10-06,4,2026-09-12,23997,851249,me1-178,Mega Gardevoir ex,178,Special Illustration Rare,179.52,156.11,120.99,120,214,100,162.02
230,Mega Evolution,2025-09-26,2025-10-06,2026-10-06,4,2026-09-14,23997,851249,me1-178,Mega Gardevoir ex,178,Special Illustration Rare,174.5,156.15,110,120,215,100,151.35
230,Mega Evolution,2025-09-26,2025-10-06,2026-10-06,4,2026-09-15,23997,851249,me1-178,Mega Gardevoir ex,178,Special Illustration Rare,174.35,156.49,105,120,215,100,151.35
230,Mega Evolution,2025-09-26,2025-10-06,2026-10-06,4,2026-09-16,23997,851249,me1-178,Mega Gardevoir ex,178,Special Illustration Rare,174.35,156.29,100,120,215,100,150.86
230,Mega Evolution,2025-09-26,2025-10-06,2026-10-06,4,2026-09-18,23997,851249,me1-178,Mega Gardevoir ex,178,Special Illustration Rare,171.96,155.76,106,120,215,100,150.86
230,Mega Evolution,2025-09-26,2025-10-06,2026-10-06,4,2026-09-19,23997,851249,me1-178,Mega Gardevoir ex,178,Special Illustration Rare,171.96,155.76,109.99,120,215,100,149.97
230,Mega Evolution,2025-09-26,2025-10-06,2026-10-06,4,2026-09-20,23997,851249,me1-178,Mega Gardevoir ex,178,Special Illustration Rare,169.72,156.09,105,120,215,100,149.97
230,Mega Evolution,2025-09-26,2025-10-06,2026-10-06,4,2026-09-21,23997,851249,me1-178,Mega Gardevoir ex,178,Special Illustration Rare,169.72,156.09,105,120,215,100,147.05
230,Mega Evolution,2025-09-26,2025-10-06,2026-10-06,4,2026-09-22,23997,851249,me1-178,Mega Gardevoir ex,178,Special Illustration Rare,167.98,156.09,100,120,215,100,147.05
230,Mega Evolution,2025-09-26,2025-10-06,2026-10-06,4,2026-09-23,23997,851249,me1-178,Mega Gardevoir ex,178,Special Illustration Rare,167.98,156.09,100,120,215,100,146.71
230,Mega Evolution,2025-09-26,2025-10-06,2026-10-06,4,2026-09-29,23997,851249,me1-178,Mega Gardevoir ex,178,Special Illustration Rare,162.12,155,104.99,120,214.99,100,146.71
230,Mega Evolution,2025-09-26,2025-10-06,2026-10-06,5,2025-10-06,23996,851248,me1-177,Mega Venusaur ex,177,Special Illustration Rare,,250,,,,,
230,Mega Evolution,2025-09-26,2025-10-06,2026-10-06,5,2025-10-08,23996,851248,me1-177,Mega Venusaur ex,177,Special Illustration Rare,,219.43,,,,,
230,Mega Evolution,2025-09-26,2025-10-06,2026-10-06,5,2025-10-09,23996,851248,me1-177,Mega Venusaur ex,177,Special Illustration Rare,,150,,,,,
230,Mega Evolution,2025-09-26,2025-10-06,2026-10-06,5,2025-10-10,23996,851248,me1-177,Mega Venusaur ex,177,Special Illustration Rare,,148.09,,,,,
230,Mega Evolution,2025-09-26,2025-10-06,2026-10-06,5,2025-10-11,23996,851248,me1-177,Mega Venusaur ex,177,Special Illustration Rare,,147.94,,,,,
230,Mega Evolution,2025-09-26,2025-10-06,2026-10-06,5,2025-10-13,23996,851248,me1-177,Mega Venusaur ex,177,Special Illustration Rare,,142.12,,,,,
230,Mega Evolution,2025-09-26,2025-10-06,2026-10-06,5,2025-10-14,23996,851248,me1-177,Mega Venusaur ex,177,Special Illustration Rare,,148.52,,,,,
230,Mega Evolution,2025-09-26,2025-10-06,2026-10-06,5,2025-10-15,23996,851248,me1-177,Mega Venusaur ex,177,Special Illustration Rare,,152.56,,,,,
230,Mega Evolution,2025-09-26,2025-10-06,2026-10-06,5,2025-10-16,23996,851248,me1-177,Mega Venusaur ex,177,Special Illustration Rare,,142.29,,,,,
230,Mega Evolution,2025-09-26,2025-10-06,2026-10-06,5,2025-10-17,23996,851248,me1-177,Mega Venusaur ex,177,Special Illustration Rare,,136.15,,,,,
230,Mega Evolution,2025-09-26,2025-10-06,2026-10-06,5,2025-10-18,23996,851248,me1-177,Mega Venusaur ex,177,Special Illustration Rare,,153.08,,,,,
230,Mega Evolution,2025-09-26,2025-10-06,2026-10-06,5,2025-10-19,23996,851248,me1-177,Mega Venusaur ex,177,Special Illustration Rare,,149.99,,,,,
230,Mega Evolution,2025-09-26,2025-10-06,2026-10-06,5,2025-10-20,23996,851248,me1-177,Mega Venusaur ex,177,Special Illustration Rare,,142.32,,,,,
230,Mega Evolution,2025-09-26,2025-10-06,2026-10-06,5,2025-10-21,23996,851248,me1-177,Mega Venusaur ex,177,Special Illustration Rare,,142.25,,,,,
230,Mega Evolution,2025-09-26,2025-10-06,2026-10-06,5,2025-10-22,23996,851248,me1-177,Mega Venusaur ex,177,Special Illustration Rare,,142.42,,,,,
230,Mega Evolution,2025-09-26,2025-10-06,2026-10-06,5,2025-10-23,23996,851248,me1-177,Mega Venusaur ex,177,Special Illustration Rare,,136.23,,,,,
230,Mega Evolution,2025-09-26,2025-10-06,2026-10-06,5,2025-10-24,23996,851248,me1-177,Mega Venusaur ex,177,Special Illustration Rare,,147.71,,,,,
230,Mega Evolution,2025-09-26,2025-10-06,2026-10-06,5,2025-10-25,23996,851248,me1-177,Mega Venusaur ex,177,Special Illustration Rare,,94.95,,,,,
230,Mega Evolution,2025-09-26,2025-10-06,2026-10-06,5,2025-10-26,23996,851248,me1-177,Mega Venusaur ex,177,Special Illustration Rare,,147.42,,,,,
230,Mega Evolution,2025-09-26,2025-10-06,2026-10-06,5,2025-10-27,23996,851248,me1-177,Mega Venusaur ex,177,Special Illustration Rare,,141.53,,,,,
230,Mega Evolution,2025-09-26,2025-10-06,2026-10-06,5,2025-10-28,23996,851248,me1-177,Mega Venusaur ex,177,Special Illustration Rare,,147.48,,,,,
230,Mega Evolution,2025-09-26,2025-10-06,2026-10-06,5,2025-10-29,23996,851248,me1-177,Mega Venusaur ex,177,Special Illustration Rare,,145,,,,,
230,Mega Evolution,2025-09-26,2025-10-06,2026-10-06,5,2025-10-30,23996,851248,me1-177,Mega Venusaur ex,177,Special Illustration Rare,,149.99,,,,,
230,Mega Evolution,2025-09-26,2025-10-06,2026-10-06,5,2025-11-03,23996,851248,me1-177,Mega Venusaur ex,177,Special Illustration Rare,,140,,,,,
230,Mega Evolution,2025-09-26,2025-10-06,2026-10-06,5,2025-11-04,23996,851248,me1-177,Mega Venusaur ex,177,Special Illustration Rare,,149.99,,,,,
230,Mega Evolution,2025-09-26,2025-10-06,2026-10-06,5,2025-11-06,23996,851248,me1-177,Mega Venusaur ex,177,Special Illustration Rare,,149.99,,,,,
230,Mega Evolution,2025-09-26,2025-10-06,2026-10-06,5,2025-11-07,23996,851248,me1-177,Mega Venusaur ex,177,Special Illustration Rare,,146.47,,,,,
230,Mega Evolution,2025-09-26,2025-10-06,2026-10-06,5,2025-11-08,23996,851248,me1-177,Mega Venusaur ex,177,Special Illustration Rare,,146.49,,,,,
230,Mega Evolution,2025-09-26,2025-10-06,2026-10-06,5,2025-11-10,23996,851248,me1-177,Mega Venusaur ex,177,Special Illustration Rare,,146.47,,,,,
230,Mega Evolution,2025-09-26,2025-10-06,2026-10-06,5,2025-11-11,23996,851248,me1-177,Mega Venusaur ex,177,Special Illustration Rare,,135,,,,,
230,Mega Evolution,2025-09-26,2025-10-06,2026-10-06,5,2025-11-14,23996,851248,me1-177,Mega Venusaur ex,177,Special Illustration Rare,,145.46,,,,,
230,Mega Evolution,2025-09-26,2025-10-06,2026-10-06,5,2025-11-15,23996,851248,me1-177,Mega Venusaur ex,177,Special Illustration Rare,,145.95,,,,,
230,Mega Evolution,2025-09-26,2025-10-06,2026-10-06,5,2025-11-16,23996,851248,me1-177,Mega Venusaur ex,177,Special Illustration Rare,,145,,,,,
230,Mega Evolution,2025-09-26,2025-10-06,2026-10-06,5,2025-11-17,23996,851248,me1-177,Mega Venusaur ex,177,Special Illustration Rare,,145.99,,,,,
230,Mega Evolution,2025-09-26,2025-10-06,2026-10-06,5,2025-11-18,23996,851248,me1-177,Mega Venusaur ex,177,Special Illustration Rare,,146.09,,,,,
230,Mega Evolution,2025-09-26,2025-10-06,2026-10-06,5,2025-11-19,23996,851248,me1-177,Mega Venusaur ex,177,Special Illustration Rare,,146.06,,,,,
230,Mega Evolution,2025-09-26,2025-10-06,2026-10-06,5,2025-11-20,23996,851248,me1-177,Mega Venusaur ex,177,Special Illustration Rare,,144,,,,,
230,Mega Evolution,2025-09-26,2025-10-06,2026-10-06,5,2025-11-21,23996,851248,me1-177,Mega Venusaur ex,177,Special Illustration Rare,,144,,,,,
230,Mega Evolution,2025-09-26,2025-10-06,2026-10-06,5,2025-11-22,23996,851248,me1-177,Mega Venusaur ex,177,Special Illustration Rare,,144,,,,,
230,Mega Evolution,2025-09-26,2025-10-06,2026-10-06,5,2025-11-23,23996,851248,me1-177,Mega Venusaur ex,177,Special Illustration Rare,,146.48,,,,,
230,Mega Evolution,2025-09-26,2025-10-06,2026-10-06,5,2025-11-24,23996,851248,me1-177,Mega Venusaur ex,177,Special Illustration Rare,,146.41,,,,,
230,Mega Evolution,2025-09-26,2025-10-06,2026-10-06,5,2025-11-25,23996,851248,me1-177,Mega Venusaur ex,177,Special Illustration Rare,,145,,,,,
230,Mega Evolution,2025-09-26,2025-10-06,2026-10-06,5,2025-11-26,23996,851248,me1-177,Mega Venusaur ex,177,Special Illustration Rare,,140,,,,,
230,Mega Evolution,2025-09-26,2025-10-06,2026-10-06,5,2025-11-28,23996,851248,me1-177,Mega Venusaur ex,177,Special Illustration Rare,,139.98,,,,,
230,Mega Evolution,2025-09-26,2025-10-06,2026-10-06,5,2025-11-29,23996,851248,me1-177,Mega Venusaur ex,177,Special Illustration Rare,,120,,,,,
230,Mega Evolution,2025-09-26,2025-10-06,2026-10-06,5,2025-12-01,23996,851248,me1-177,Mega Venusaur ex,177,Special Illustration Rare,,119,,,,,
230,Mega Evolution,2025-09-26,2025-10-06,2026-10-06,5,2025-12-02,23996,851248,me1-177,Mega Venusaur ex,177,Special Illustration Rare,,114,,,,,
230,Mega Evolution,2025-09-26,2025-10-06,2026-10-06,5,2025-12-03,23996,851248,me1-177,Mega Venusaur ex,177,Special Illustration Rare,,115,,,,,
230,Mega Evolution,2025-09-26,2025-10-06,2026-10-06,5,2025-12-05,23996,851248,me1-177,Mega Venusaur ex,177,Special Illustration Rare,,135.54,,,,,
230,Mega Evolution,2025-09-26,2025-10-06,2026-10-06,5,2025-12-06,23996,851248,me1-177,Mega Venusaur ex,177,Special Illustration Rare,,135.64,,,,,
230,Mega Evolution,2025-09-26,2025-10-06,2026-10-06,5,2025-12-08,23996,851248,me1-177,Mega Venusaur ex,177,Special Illustration Rare,,135.59,,,,,
230,Mega Evolution,2025-09-26,2025-10-06,2026-10-06,5,2025-12-10,23996,851248,me1-177,Mega Venusaur ex,177,Special Illustration Rare,,130.9,,,,,
230,Mega Evolution,2025-09-26,2025-10-06,2026-10-06,5,2025-12-11,23996,851248,me1-177,Mega Venusaur ex,177,Special Illustration Rare,,132.09,,,,,
230,Mega Evolution,2025-09-26,2025-10-06,2026-10-06,5,2025-12-12,23996,851248,me1-177,Mega Venusaur ex,177,Special Illustration Rare,,118.7,,,,,
230,Mega Evolution,2025-09-26,2025-10-06,2026-10-06,5,2025-12-13,23996,851248,me1-177,Mega Venusaur ex,177,Special Illustration Rare,,125,,,,,
230,Mega Evolution,2025-09-26,2025-10-06,2026-10-06,5,2025-12-14,23996,851248,me1-177,Mega Venusaur ex,177,Special Illustration Rare,,125,,,,,
230,Mega Evolution,2025-09-26,2025-10-06,2026-10-06,5,2025-12-15,23996,851248,me1-177,Mega Venusaur ex,177,Special Illustration Rare,,122,,,,,
230,Mega Evolution,2025-09-26,2025-10-06,2026-10-06,5,2025-12-16,23996,851248,me1-177,Mega Venusaur ex,177,Special Illustration Rare,,128.88,,,,,
230,Mega Evolution,2025-09-26,2025-10-06,2026-10-06,5,2025-12-17,23996,851248,me1-177,Mega Venusaur ex,177,Special Illustration Rare,,129.47,,,,,
230,Mega Evolution,2025-09-26,2025-10-06,2026-10-06,5,2025-12-18,23996,851248,me1-177,Mega Venusaur ex,177,Special Illustration Rare,,122,,,,,
230,Mega Evolution,2025-09-26,2025-10-06,2026-10-06,5,2025-12-19,23996,851248,me1-177,Mega Venusaur ex,177,Special Illustration Rare,,115,,,,,
230,Mega Evolution,2025-09-26,2025-10-06,2026-10-06,5,2025-12-20,23996,851248,me1-177,Mega Venusaur ex,177,Special Illustration Rare,,100.03,,,,,
230,Mega Evolution,2025-09-26,2025-10-06,2026-10-06,5,2025-12-21,23996,851248,me1-177,Mega Venusaur ex,177,Special Illustration Rare,,115,,,,,
230,Mega Evolution,2025-09-26,2025-10-06,2026-10-06,5,2025-12-22,23996,851248,me1-177,Mega Venusaur ex,177,Special Illustration Rare,,130.7,,,,,
230,Mega Evolution,2025-09-26,2025-10-06,2026-10-06,5,2025-12-23,23996,851248,me1-177,Mega Venusaur ex,177,Special Illustration Rare,,131,,,,,
230,Mega Evolution,2025-09-26,2025-10-06,2026-10-06,5,2025-12-24,23996,851248,me1-177,Mega Venusaur ex,177,Special Illustration Rare,,129,,,,,
230,Mega Evolution,2025-09-26,2025-10-06,2026-10-06,5,2025-12-25,23996,851248,me1-177,Mega Venusaur ex,177,Special Illustration Rare,,115,,,,,
230,Mega Evolution,2025-09-26,2025-10-06,2026-10-06,5,2025-12-28,23996,851248,me1-177,Mega Venusaur ex,177,Special Illustration Rare,,124.01,,,,,
230,Mega Evolution,2025-09-26,2025-10-06,2026-10-06,5,2025-12-29,23996,851248,me1-177,Mega Venusaur ex,177,Special Illustration Rare,,123.98,,,,,
230,Mega Evolution,2025-09-26,2025-10-06,2026-10-06,5,2025-12-30,23996,851248,me1-177,Mega Venusaur ex,177,Special Illustration Rare,,124.07,,,,,
230,Mega Evolution,2025-09-26,2025-10-06,2026-10-06,5,2025-12-31,23996,851248,me1-177,Mega Venusaur ex,177,Special Illustration Rare,,123.98,,,,,
230,Mega Evolution,2025-09-26,2025-10-06,2026-10-06,5,2026-01-01,23996,851248,me1-177,Mega Venusaur ex,177,Special Illustration Rare,,124.12,,,,,
230,Mega Evolution,2025-09-26,2025-10-06,2026-10-06,5,2026-01-02,23996,851248,me1-177,Mega Venusaur ex,177,Special Illustration Rare,,124.01,,,,,
230,Mega Evolution,2025-09-26,2025-10-06,2026-10-06,5,2026-01-03,23996,851248,me1-177,Mega Venusaur ex,177,Special Illustration Rare,,124.22,,,,,
230,Mega Evolution,2025-09-26,2025-10-06,2026-10-06,5,2026-01-10,23996,851248,me1-177,Mega Venusaur ex,177,Special Illustration Rare,,124.62,,,,,
230,Mega Evolution,2025-09-26,2025-10-06,2026-10-06,5,2026-01-14,23996,851248,me1-177,Mega Venusaur ex,177,Special Illustration Rare,,124.75,,,,,
230,Mega Evolution,2025-09-26,2025-10-06,2026-10-06,5,2026-01-16,23996,851248,me1-177,Mega Venusaur ex,177,Special Illustration Rare,,124.71,,,,,
230,Mega Evolution,2025-09-26,2025-10-06,2026-10-06,5,2026-01-20,23996,851248,me1-177,Mega Venusaur ex,177,Special Illustration Rare,,124.67,,,,,
230,Mega Evolution,2025-09-26,2025-10-06,2026-10-06,5,2026-01-22,23996,851248,me1-177,Mega Venusaur ex,177,Special Illustration Rare,,124.27,,,,,
230,Mega Evolution,2025-09-26,2025-10-06,2026-10-06,5,2026-01-23,23996,851248,me1-177,Mega Venusaur ex,177,Special Illustration Rare,,124.25,,,,,
230,Mega Evolution,2025-09-26,2025-10-06,2026-10-06,5,2026-01-24,23996,851248,me1-177,Mega Venusaur ex,177,Special Illustration Rare,,124.76,,,,,
230,Mega Evolution,2025-09-26,2025-10-06,2026-10-06,5,2026-01-26,23996,851248,me1-177,Mega Venusaur ex,177,Special Illustration Rare,,124.58,,,,,
230,Mega Evolution,2025-09-26,2025-10-06,2026-10-06,5,2026-01-28,23996,851248,me1-177,Mega Venusaur ex,177,Special Illustration Rare,,124.45,,,,,
230,Mega Evolution,2025-09-26,2025-10-06,2026-10-06,5,2026-01-30,23996,851248,me1-177,Mega Venusaur ex,177,Special Illustration Rare,,124.82,,,,,
230,Mega Evolution,2025-09-26,2025-10-06,2026-10-06,5,2026-01-31,23996,851248,me1-177,Mega Venusaur ex,177,Special Illustration Rare,,124.87,,,,,
230,Mega Evolution,2025-09-26,2025-10-06,2026-10-06,5,2026-02-02,23996,851248,me1-177,Mega Venusaur ex,177,Special Illustration Rare,,124.78,,,,,
230,Mega Evolution,2025-09-26,2025-10-06,2026-10-06,5,2026-02-04,23996,851248,me1-177,Mega Venusaur ex,177,Special Illustration Rare,,125.35,,,,,
230,Mega Evolution,2025-09-26,2025-10-06,2026-10-06,5,2026-02-05,23996,851248,me1-177,Mega Venusaur ex,177,Special Illustration Rare,,125.04,,,,,
230,Mega Evolution,2025-09-26,2025-10-06,2026-10-06,5,2026-02-06,23996,851248,me1-177,Mega Venusaur ex,177,Special Illustration Rare,,124.23,,,,,
230,Mega Evolution,2025-09-26,2025-10-06,2026-10-06,5,2026-02-07,23996,851248,me1-177,Mega Venusaur ex,177,Special Illustration Rare,,124.59,,,,,
230,Mega Evolution,2025-09-26,2025-10-06,2026-10-06,5,2026-02-09,23996,851248,me1-177,Mega Venusaur ex,177,Special Illustration Rare,,124.39,,,,,
230,Mega Evolution,2025-09-26,2025-10-06,2026-10-06,5,2026-02-10,23996,851248,me1-177,Mega Venusaur ex,177,Special Illustration Rare,,118.38,,,,,
230,Mega Evolution,2025-09-26,2025-10-06,2026-10-06,5,2026-02-11,23996,851248,me1-177,Mega Venusaur ex,177,Special Illustration Rare,,118.1,,,,,
230,Mega Evolution,2025-09-26,2025-10-06,2026-10-06,5,2026-02-12,23996,851248,me1-177,Mega Venusaur ex,177,Special Illustration Rare,,118.23,,,,,
230,Mega Evolution,2025-09-26,2025-10-06,2026-10-06,5,2026-02-13,23996,851248,me1-177,Mega Venusaur ex,177,Special Illustration Rare,,118.22,,,,,
230,Mega Evolution,2025-09-26,2025-10-06,2026-10-06,5,2026-02-14,23996,851248,me1-177,Mega Venusaur ex,177,Special Illustration Rare,,106.64,,,,,
230,Mega Evolution,2025-09-26,2025-10-06,2026-10-06,5,2026-02-15,23996,851248,me1-177,Mega Venusaur ex,177,Special Illustration Rare,,124.41,,,,,
230,Mega Evolution,2025-09-26,2025-10-06,2026-10-06,5,2026-02-16,23996,851248,me1-177,Mega Venusaur ex,177,Special Illustration Rare,,124.36,96,81.5,130,118,
230,Mega Evolution,2025-09-26,2025-10-06,2026-10-06,5,2026-02-17,23996,851248,me1-177,Mega Venusaur ex,177,Special Illustration Rare,,124.36,93,81.5,130,118,
230,Mega Evolution,2025-09-26,2025-10-06,2026-10-06,5,2026-02-18,23996,851248,me1-177,Mega Venusaur ex,177,Special Illustration Rare,,111.98,99.49,81.5,130,120,
230,Mega Evolution,2025-09-26,2025-10-06,2026-10-06,5,2026-02-19,23996,851248,me1-177,Mega Venusaur ex,177,Special Illustration Rare,,123.75,100,80,125,120,
230,Mega Evolution,2025-09-26,2025-10-06,2026-10-06,5,2026-02-20,23996,851248,me1-177,Mega Venusaur ex,177,Special Illustration Rare,,117.81,98,81.5,125,119,
230,Mega Evolution,2025-09-26,2025-10-06,2026-10-06,5,2026-02-21,23996,851248,me1-177,Mega Venusaur ex,177,Special Illustration Rare,,117.81,99.49,80,125,119,
230,Mega Evolution,2025-09-26,2025-10-06,2026-10-06,5,2026-02-22,23996,851248,me1-177,Mega Venusaur ex,177,Special Illustration Rare,,117.82,98,80,129,119,
230,Mega Evolution,2025-09-26,2025-10-06,2026-10-06,5,2026-02-23,23996,851248,me1-177,Mega Venusaur ex,177,Special Illustration Rare,,117.79,96.9,80,129,110,
230,Mega Evolution,2025-09-26,2025-10-06,2026-10-06,5,2026-02-24,23996,851248,me1-177,Mega Venusaur ex,177,Special Illustration Rare,,117.91,96.9,80,129,119,
230,Mega Evolution,2025-09-26,2025-10-06,2026-10-06,5,2026-02-25,23996,851248,me1-177,Mega Venusaur ex,177,Special Illustration Rare,,118.07,96.9,80,130,110,
230,Mega Evolution,2025-09-26,2025-10-06,2026-10-06,5,2026-02-26,23996,851248,me1-177,Mega Venusaur ex,177,Special Illustration Rare,,118.17,96.9,80,130,110,
230,Mega Evolution,2025-09-26,2025-10-06,2026-10-06,5,2026-02-27,23996,851248,me1-177,Mega Venusaur ex,177,Special Illustration Rare,,116.56,100,80,120,110,
230,Mega Evolution,2025-09-26,2025-10-06,2026-10-06,5,2026-02-28,23996,851248,me1-177,Mega Venusaur ex,177,Special Illustration Rare,,111.64,100,80,120,110,
230,Mega Evolution,2025-09-26,2025-10-06,2026-10-06,5,2026-03-01,23996,851248,me1-177,Mega Venusaur ex,177,Special Illustration Rare,,111.64,99,80,120,114,
230,Mega Evolution,2025-09-26,2025-10-06,2026-10-06,5,2026-03-02,23996,851248,me1-177,Mega Venusaur ex,177,Special Illustration Rare,,111.62,98,80,120,114,
230,Mega Evolution,2025-09-26,2025-10-06,2026-10-06,5,2026-03-03,23996,851248,me1-177,Mega Venusaur ex,177,Special Illustration Rare,,112.19,98,80,120,114,
230,Mega Evolution,2025-09-26,2025-10-06,2026-10-06,5,2026-03-04,23996,851248,me1-177,Mega Venusaur ex,177,Special Illustration Rare,,112.47,95,80,120,114,
230,Mega Evolution,2025-09-26,2025-10-06,2026-10-06,5,2026-03-05,23996,851248,me1-177,Mega Venusaur ex,177,Special Illustration Rare,,112.48,85,80,130,115,
230,Mega Evolution,2025-09-26,2025-10-06,2026-10-06,5,2026-03-06,23996,851248,me1-177,Mega Venusaur ex,177,Special Illustration Rare,,112.53,95,80,120,114,
230,Mega Evolution,2025-09-26,2025-10-06,2026-10-06,5,2026-03-07,23996,851248,me1-177,Mega Venusaur ex,177,Special Illustration Rare,,112.53,89.99,80,120,114,
230,Mega Evolution,2025-09-26,2025-10-06,2026-10-06,5,2026-03-08,23996,851248,me1-177,Mega Venusaur ex,177,Special Illustration Rare,,112.9,95,80,130,114,
230,Mega Evolution,2025-09-26,2025-10-06,2026-10-06,5,2026-03-09,23996,851248,me1-177,Mega Venusaur ex,177,Special Illustration Rare,,112.92,95,80,130,114,
230,Mega Evolution,2025-09-26,2025-10-06,2026-10-06,5,2026-03-10,23996,851248,me1-177,Mega Venusaur ex,177,Special Illustration Rare,,113.05,91.89,75,130,114,
230,Mega Evolution,2025-09-26,2025-10-06,2026-10-06,5,2026-03-11,23996,851248,me1-177,Mega Venusaur ex,177,Special Illustration Rare,,113.05,91.89,75,130,114,
230,Mega Evolution,2025-09-26,2025-10-06,2026-10-06,5,2026-03-12,23996,851248,me1-177,Mega Venusaur ex,177,Special Illustration Rare,,113.38,91.89,75,100,114,
230,Mega Evolution,2025-09-26,2025-10-06,2026-10-06,5,2026-03-13,23996,851248,me1-177,Mega Venusaur ex,177,Special Illustration Rare,,113.49,89,80,90,110,
230,Mega Evolution,2025-09-26,2025-10-06,2026-10-06,5,2026-03-14,23996,851248,me1-177,Mega Venusaur ex,177,Special Illustration Rare,,113.49,89.95,80,109.99,110,
230,Mega Evolution,2025-09-26,2025-10-06,2026-10-06,5,2026-03-15,23996,851248,me1-177,Mega Venusaur ex,177,Special Illustration Rare,,113.28,89.95,80,130,100,
230,Mega Evolution,2025-09-26,2025-10-06,2026-10-06,5,2026-03-16,23996,851248,me1-177,Mega Venusaur ex,177,Special Illustration Rare,,112.12,92,80,95,100,
230,Mega Evolution,2025-09-26,2025-10-06,2026-10-06,5,2026-03-17,23996,851248,me1-177,Mega Venusaur ex,177,Special Illustration Rare,,112.08,93.99,79,120,99.9,
230,Mega Evolution,2025-09-26,2025-10-06,2026-10-06,5,2026-03-18,23996,851248,me1-177,Mega Venusaur ex,177,Special Illustration Rare,,112.08,92,78,120,99.9,
230,Mega Evolution,2025-09-26,2025-10-06,2026-10-06,5,2026-03-19,23996,851248,me1-177,Mega Venusaur ex,177,Special Illustration Rare,,112.1,93.99,75,120,98,
230,Mega Evolution,2025-09-26,2025-10-06,2026-10-06,5,2026-03-20,23996,851248,me1-177,Mega Venusaur ex,177,Special Illustration Rare,,112.1,90,75,120,99,
230,Mega Evolution,2025-09-26,2025-10-06,2026-10-06,5,2026-03-21,23996,851248,me1-177,Mega Venusaur ex,177,Special Illustration Rare,,111.6,89,75,128,99.9,
230,Mega Evolution,2025-09-26,2025-10-06,2026-10-06,5,2026-03-23,23996,851248,me1-177,Mega Venusaur ex,177,Special Illustration Rare,,77,90,75,128,99.9,
230,Mega Evolution,2025-09-26,2025-10-06,2026-10-06,5,2026-03-24,23996,851248,me1-177,Mega Venusaur ex,177,Special Illustration Rare,,77,90,75,120,99.9,
230,Mega Evolution,2025-09-26,2025-10-06,2026-10-06,5,2026-03-25,23996,851248,me1-177,Mega Venusaur ex,177,Special Illustration Rare,,111.28,89.99,75,120,99.9,
230,Mega Evolution,2025-09-26,2025-10-06,2026-10-06,5,2026-03-26,23996,851248,me1-177,Mega Venusaur ex,177,Special Illustration Rare,,111.28,95,75,120,99.9,
230,Mega Evolution,2025-09-26,2025-10-06,2026-10-06,5,2026-03-27,23996,851248,me1-177,Mega Venusaur ex,177,Special Illustration Rare,,111.28,89.99,70,110,103.68,
230,Mega Evolution,2025-09-26,2025-10-06,2026-10-06,5,2026-03-28,23996,851248,me1-177,Mega Venusaur ex,177,Special Illustration Rare,,111.56,88.9,76,110,104,
230,Mega Evolution,2025-09-26,2025-10-06,2026-10-06,5,2026-03-29,23996,851248,me1-177,Mega Venusaur ex,177,Special Illustration Rare,,105,89.99,71,128,110,
230,Mega Evolution,2025-09-26,2025-10-06,2026-10-06,5,2026-03-30,23996,851248,me1-177,Mega Venusaur ex,177,Special Illustration Rare,,109,93,72,128,100,
230,Mega Evolution,2025-09-26,2025-10-06,2026-10-06,5,2026-03-31,23996,851248,me1-177,Mega Venusaur ex,177,Special Illustration Rare,109.85,105,93,75.99,128,100,
230,Mega Evolution,2025-09-26,2025-10-06,2026-10-06,5,2026-04-01,23996,851248,me1-177,Mega Venusaur ex,177,Special Illustration Rare,106.64,105,90,70,128,99.9,
230,Mega Evolution,2025-09-26,2025-10-06,2026-10-06,5,2026-04-02,23996,851248,me1-177,Mega Venusaur ex,177,Special Illustration Rare,106.03,105,90,70,128,99.9,
230,Mega Evolution,2025-09-26,2025-10-06,2026-10-06,5,2026-04-03,23996,851248,me1-177,Mega Venusaur ex,177,Special Illustration Rare,106.13,105,99.89,73,128,99.9,
230,Mega Evolution,2025-09-26,2025-10-06,2026-10-06,5,2026-04-04,23996,851248,me1-177,Mega Venusaur ex,177,Special Illustration Rare,105.85,105,85,73,128,99,
230,Mega Evolution,2025-09-26,2025-10-06,2026-10-06,5,2026-04-05,23996,851248,me1-177,Mega Venusaur ex,177,Special Illustration Rare,105.56,105,85,73,128,95,
230,Mega Evolution,2025-09-26,2025-10-06,2026-10-06,5,2026-04-06,23996,851248,me1-177,Mega Venusaur ex,177,Special Illustration Rare,104.85,105,100,70,125,95,
230,Mega Evolution,2025-09-26,2025-10-06,2026-10-06,5,2026-04-07,23996,851248,me1-177,Mega Venusaur ex,177,Special Illustration Rare,106.27,105,99,76,125,95,
230,Mega Evolution,2025-09-26,2025-10-06,2026-10-06,5,2026-04-08,23996,851248,me1-177,Mega Venusaur ex,177,Special Illustration Rare,106.25,105,100,70,125,95,
230,Mega Evolution,2025-09-26,2025-10-06,2026-10-06,5,2026-04-09,23996,851248,me1-177,Mega Venusaur ex,177,Special Illustration Rare,107.15,105,109,70,124.99,95,
230,Mega Evolution,2025-09-26,2025-10-06,2026-10-06,5,2026-04-10,23996,851248,me1-177,Mega Venusaur ex,177,Special Illustration Rare,108.19,105,107,70,124.99,95,
230,Mega Evolution,2025-09-26,2025-10-06,2026-10-06,5,2026-04-11,23996,851248,me1-177,Mega Venusaur ex,177,Special Illustration Rare,108.19,105,105,70,124.99,90,
230,Mega Evolution,2025-09-26,2025-10-06,2026-10-06,5,2026-04-12,23996,851248,me1-177,Mega Venusaur ex,177,Special Illustration Rare,108.78,108.79,105,70,124.8,90,
230,Mega Evolution,2025-09-26,2025-10-06,2026-10-06,5,2026-04-13,23996,851248,me1-177,Mega Venusaur ex,177,Special Illustration Rare,109.53,108.66,107,70,124.8,85,
230,Mega Evolution,2025-09-26,2025-10-06,2026-10-06,5,2026-04-14,23996,851248,me1-177,Mega Venusaur ex,177,Special Illustration Rare,110.53,108.85,107,70,124.8,85,
230,Mega Evolution,2025-09-26,2025-10-06,2026-10-06,5,2026-04-15,23996,851248,me1-177,Mega Venusaur ex,177,Special Illustration Rare,110.5,109.04,107,70,124.8,99,
230,Mega Evolution,2025-09-26,2025-10-06,2026-10-06,5,2026-04-16,23996,851248,me1-177,Mega Venusaur ex,177,Special Illustration Rare,111.05,108.94,109,70,124.8,98,
230,Mega Evolution,2025-09-26,2025-10-06,2026-10-06,5,2026-04-17,23996,851248,me1-177,Mega Venusaur ex,177,Special Illustration Rare,111.15,108.78,107,70,125,98,
230,Mega Evolution,2025-09-26,2025-10-06,2026-10-06,5,2026-04-18,23996,851248,me1-177,Mega Venusaur ex,177,Special Illustration Rare,112.07,108.9,107,70,124,94.99,
230,Mega Evolution,2025-09-26,2025-10-06,2026-10-06,5,2026-04-19,23996,851248,me1-177,Mega Venusaur ex,177,Special Illustration Rare,111.57,108.9,107,70,125,95,
230,Mega Evolution,2025-09-26,2025-10-06,2026-10-06,5,2026-04-20,23996,851248,me1-177,Mega Venusaur ex,177,Special Illustration Rare,111.57,108.71,108.99,70,125,94.99,
230,Mega Evolution,2025-09-26,2025-10-06,2026-10-06,5,2026-04-21,23996,851248,me1-177,Mega Venusaur ex,177,Special Illustration Rare,111.55,108.77,106,69,130,94.99,
230,Mega Evolution,2025-09-26,2025-10-06,2026-10-06,5,2026-04-22,23996,851248,me1-177,Mega Venusaur ex,177,Special Illustration Rare,112.24,109.03,106,69,130,94.99,
230,Mega Evolution,2025-09-26,2025-10-06,2026-10-06,5,2026-04-23,23996,851248,me1-177,Mega Venusaur ex,177,Special Illustration Rare,112.39,109.29,109.9,70,119,89.9,
230,Mega Evolution,2025-09-26,2025-10-06,2026-10-06,5,2026-04-24,23996,851248,me1-177,Mega Venusaur ex,177,Special Illustration Rare,113.34,109.22,110,70,119,89.9,
230,Mega Evolution,2025-09-26,2025-10-06,2026-10-06,5,2026-04-25,23996,851248,me1-177,Mega Venusaur ex,177,Special Illustration Rare,113.62,109.42,115,70,119,95,
230,Mega Evolution,2025-09-26,2025-10-06,2026-10-06,5,2026-04-26,23996,851248,me1-177,Mega Venusaur ex,177,Special Illustration Rare,113.93,109.42,100,70,119,90,
230,Mega Evolution,2025-09-26,2025-10-06,2026-10-06,5,2026-04-27,23996,851248,me1-177,Mega Venusaur ex,177,Special Illustration Rare,114.77,110.55,100,70,119,90,
230,Mega Evolution,2025-09-26,2025-10-06,2026-10-06,5,2026-04-28,23996,851248,me1-177,Mega Venusaur ex,177,Special Illustration Rare,116.19,109.43,110,70,119,90,
230,Mega Evolution,2025-09-26,2025-10-06,2026-10-06,5,2026-04-30,23996,851248,me1-177,Mega Venusaur ex,177,Special Illustration Rare,116.02,109.39,110,69,125,90,
230,Mega Evolution,2025-09-26,2025-10-06,2026-10-06,5,2026-05-01,23996,851248,me1-177,Mega Venusaur ex,177,Special Illustration Rare,117.65,109.9,110,69,125,90,
230,Mega Evolution,2025-09-26,2025-10-06,2026-10-06,5,2026-05-07,23996,851248,me1-177,Mega Venusaur ex,177,Special Illustration Rare,119.85,111.4,120,65,125,98,
230,Mega Evolution,2025-09-26,2025-10-06,2026-10-06,5,2026-05-08,23996,851248,me1-177,Mega Venusaur ex,177,Special Illustration Rare,119.85,107.13,120,65,125,99,
230,Mega Evolution,2025-09-26,2025-10-06,2026-10-06,5,2026-05-09,23996,851248,me1-177,Mega Venusaur ex,177,Special Illustration Rare,119.75,107.22,120,65,125,99,
230,Mega Evolution,2025-09-26,2025-10-06,2026-10-06,5,2026-05-10,23996,851248,me1-177,Mega Venusaur ex,177,Special Illustration Rare,120.08,107.22,124,65,125,99,
230,Mega Evolution,2025-09-26,2025-10-06,2026-10-06,5,2026-05-11,23996,851248,me1-177,Mega Venusaur ex,177,Special Illustration Rare,121.38,107.11,124,70,130,114.98,
230,Mega Evolution,2025-09-26,2025-10-06,2026-10-06,5,2026-05-12,23996,851248,me1-177,Mega Venusaur ex,177,Special Illustration Rare,120.7,107.09,124,65,130,104,
230,Mega Evolution,2025-09-26,2025-10-06,2026-10-06,5,2026-05-13,23996,851248,me1-177,Mega Venusaur ex,177,Special Illustration Rare,121.7,111.66,128.99,65,140,104,
230,Mega Evolution,2025-09-26,2025-10-06,2026-10-06,5,2026-05-14,23996,851248,me1-177,Mega Venusaur ex,177,Special Illustration Rare,123.1,111.81,127,70,140,90,
230,Mega Evolution,2025-09-26,2025-10-06,2026-10-06,5,2026-05-18,23996,851248,me1-177,Mega Venusaur ex,177,Special Illustration Rare,125.53,110.97,128.98,70,145.99,90,
230,Mega Evolution,2025-09-26,2025-10-06,2026-10-06,5,2026-05-19,23996,851248,me1-177,Mega Venusaur ex,177,Special Illustration Rare,125.93,111.61,117.99,70,139.99,90,
230,Mega Evolution,2025-09-26,2025-10-06,2026-10-06,5,2026-05-20,23996,851248,me1-177,Mega Venusaur ex,177,Special Illustration Rare,126.53,118.89,124.99,70,139.99,90,
230,Mega Evolution,2025-09-26,2025-10-06,2026-10-06,5,2026-05-21,23996,851248,me1-177,Mega Venusaur ex,177,Special Illustration Rare,126.92,119.02,125.99,70,139.99,90,
230,Mega Evolution,2025-09-26,2025-10-06,2026-10-06,5,2026-05-22,23996,851248,me1-177,Mega Venusaur ex,177,Special Illustration Rare,127.12,119.07,125.99,80,130,110,
230,Mega Evolution,2025-09-26,2025-10-06,2026-10-06,5,2026-05-23,23996,851248,me1-177,Mega Venusaur ex,177,Special Illustration Rare,127.53,131.12,127,80,130,100,
230,Mega Evolution,2025-09-26,2025-10-06,2026-10-06,5,2026-05-24,23996,851248,me1-177,Mega Venusaur ex,177,Special Illustration Rare,127.14,135,127,80,130,100,
230,Mega Evolution,2025-09-26,2025-10-06,2026-10-06,5,2026-05-25,23996,851248,me1-177,Mega Venusaur ex,177,Special Illustration Rare,127.19,135,127,80,130,100,
230,Mega Evolution,2025-09-26,2025-10-06,2026-10-06,5,2026-05-26,23996,851248,me1-177,Mega Venusaur ex,177,Special Illustration Rare,127.19,135,120,80,135,100,
230,Mega Evolution,2025-09-26,2025-10-06,2026-10-06,5,2026-05-27,23996,851248,me1-177,Mega Venusaur ex,177,Special Illustration Rare,128.47,135,125,80,135,100,
230,Mega Evolution,2025-09-26,2025-10-06,2026-10-06,5,2026-05-28,23996,851248,me1-177,Mega Venusaur ex,177,Special Illustration Rare,128.13,136.76,120,89,135,100,
230,Mega Evolution,2025-09-26,2025-10-06,2026-10-06,5,2026-05-29,23996,851248,me1-177,Mega Venusaur ex,177,Special Illustration Rare,127.77,136.67,125,89,135,100,
230,Mega Evolution,2025-09-26,2025-10-06,2026-10-06,5,2026-05-30,23996,851248,me1-177,Mega Venusaur ex,177,Special Illustration Rare,129.65,136,125,89,135,100,
230,Mega Evolution,2025-09-26,2025-10-06,2026-10-06,5,2026-05-31,23996,851248,me1-177,Mega Venusaur ex,177,Special Illustration Rare,129.22,136,120,89,140,100,
230,Mega Evolution,2025-09-26,2025-10-06,2026-10-06,5,2026-06-01,23996,851248,me1-177,Mega Venusaur ex,177,Special Illustration Rare,129.49,135,125,89,140,115,
230,Mega Evolution,2025-09-26,2025-10-06,2026-10-06,5,2026-06-02,23996,851248,me1-177,Mega Venusaur ex,177,Special Illustration Rare,130.06,135,125,105,140,100,
230,Mega Evolution,2025-09-26,2025-10-06,2026-10-06,5,2026-06-03,23996,851248,me1-177,Mega Venusaur ex,177,Special Illustration Rare,129.75,136.99,119.99,90,140,100,
230,Mega Evolution,2025-09-26,2025-10-06,2026-10-06,5,2026-06-04,23996,851248,me1-177,Mega Venusaur ex,177,Special Illustration Rare,129.9,129,125,90,140,100,
230,Mega Evolution,2025-09-26,2025-10-06,2026-10-06,5,2026-06-05,23996,851248,me1-177,Mega Venusaur ex,177,Special Illustration Rare,131.03,136,125,94.9,140,105,
230,Mega Evolution,2025-09-26,2025-10-06,2026-10-06,5,2026-06-06,23996,851248,me1-177,Mega Venusaur ex,177,Special Illustration Rare,135.05,136,125,94.9,155,115,
230,Mega Evolution,2025-09-26,2025-10-06,2026-10-06,5,2026-06-07,23996,851248,me1-177,Mega Venusaur ex,177,Special Illustration Rare,136.1,136,125,94.9,168,110,
230,Mega Evolution,2025-09-26,2025-10-06,2026-10-06,5,2026-06-08,23996,851248,me1-177,Mega Venusaur ex,177,Special Illustration Rare,136.1,136,128.98,95,160,100,
230,Mega Evolution,2025-09-26,2025-10-06,2026-10-06,5,2026-06-09,23996,851248,me1-177,Mega Venusaur ex,177,Special Illustration Rare,136.3,136,128.98,94.9,160,110,
230,Mega Evolution,2025-09-26,2025-10-06,2026-10-06,5,2026-06-10,23996,851248,me1-177,Mega Venusaur ex,177,Special Illustration Rare,138.74,136,128.98,94.9,160,110,
230,Mega Evolution,2025-09-26,2025-10-06,2026-10-06,5,2026-06-11,23996,851248,me1-177,Mega Venusaur ex,177,Special Illustration Rare,138.98,136,128,94.9,159.99,115,
230,Mega Evolution,2025-09-26,2025-10-06,2026-10-06,5,2026-06-12,23996,851248,me1-177,Mega Venusaur ex,177,Special Illustration Rare,139.13,130,125,94.9,149,115,
230,Mega Evolution,2025-09-26,2025-10-06,2026-10-06,5,2026-06-13,23996,851248,me1-177,Mega Venusaur ex,177,Special Illustration Rare,138.35,130,125,95,150,118,
230,Mega Evolution,2025-09-26,2025-10-06,2026-10-06,5,2026-06-14,23996,851248,me1-177,Mega Venusaur ex,177,Special Illustration Rare,137.33,130,125,95,150,114,
230,Mega Evolution,2025-09-26,2025-10-06,2026-10-06,5,2026-06-15,23996,851248,me1-177,Mega Venusaur ex,177,Special Illustration Rare,137.72,125,125,95,150,114,
230,Mega Evolution,2025-09-26,2025-10-06,2026-10-06,5,2026-06-16,23996,851248,me1-177,Mega Venusaur ex,177,Special Illustration Rare,137.31,135,125,90,150,114,
230,Mega Evolution,2025-09-26,2025-10-06,2026-10-06,5,2026-06-17,23996,851248,me1-177,Mega Venusaur ex,177,Special Illustration Rare,135.8,135,125,85,159.99,114,
230,Mega Evolution,2025-09-26,2025-10-06,2026-10-06,5,2026-06-18,23996,851248,me1-177,Mega Venusaur ex,177,Special Illustration Rare,136.28,135,125,85,156.99,114,
230,Mega Evolution,2025-09-26,2025-10-06,2026-10-06,5,2026-06-19,23996,851248,me1-177,Mega Venusaur ex,177,Special Illustration Rare,136.06,135,125,85,178,108,
230,Mega Evolution,2025-09-26,2025-10-06,2026-10-06,5,2026-06-20,23996,851248,me1-177,Mega Venusaur ex,177,Special Illustration Rare,135.45,135,125,99,179,108,
230,Mega Evolution,2025-09-26,2025-10-06,2026-10-06,5,2026-06-21,23996,851248,me1-177,Mega Venusaur ex,177,Special Illustration Rare,135.45,135,125,85,178,108,
230,Mega Evolution,2025-09-26,2025-10-06,2026-10-06,5,2026-06-22,23996,851248,me1-177,Mega Venusaur ex,177,Special Illustration Rare,135.44,135,125,90,179,108,
230,Mega Evolution,2025-09-26,2025-10-06,2026-10-06,5,2026-06-23,23996,851248,me1-177,Mega Venusaur ex,177,Special Illustration Rare,135.88,136,125,95,179,108,
230,Mega Evolution,2025-09-26,2025-10-06,2026-10-06,5,2026-06-24,23996,851248,me1-177,Mega Venusaur ex,177,Special Illustration Rare,136.47,136,125,95,175,109,
230,Mega Evolution,2025-09-26,2025-10-06,2026-10-06,5,2026-06-25,23996,851248,me1-177,Mega Venusaur ex,177,Special Illustration Rare,135.73,139.8,120,95,180,119.9,
230,Mega Evolution,2025-09-26,2025-10-06,2026-10-06,5,2026-06-26,23996,851248,me1-177,Mega Venusaur ex,177,Special Illustration Rare,135.6,136,120,88,180,109,
230,Mega Evolution,2025-09-26,2025-10-06,2026-10-06,5,2026-06-27,23996,851248,me1-177,Mega Venusaur ex,177,Special Illustration Rare,135.85,136,119,95,180,114,
230,Mega Evolution,2025-09-26,2025-10-06,2026-10-06,5,2026-06-28,23996,851248,me1-177,Mega Venusaur ex,177,Special Illustration Rare,135.85,136,119,90,180,114,
230,Mega Evolution,2025-09-26,2025-10-06,2026-10-06,5,2026-06-29,23996,851248,me1-177,Mega Venusaur ex,177,Special Illustration Rare,136.83,136,118,90,180,112,
230,Mega Evolution,2025-09-26,2025-10-06,2026-10-06,5,2026-06-30,23996,851248,me1-177,Mega Venusaur ex,177,Special Illustration Rare,136.83,136,118,85,180,112,
230,Mega Evolution,2025-09-26,2025-10-06,2026-10-06,5,2026-07-01,23996,851248,me1-177,Mega Venusaur ex,177,Special Illustration Rare,138.77,136,118,85,180,112,
230,Mega Evolution,2025-09-26,2025-10-06,2026-10-06,5,2026-07-02,23996,851248,me1-177,Mega Venusaur ex,177,Special Illustration Rare,139.5,139.8,115,80,180,114,
230,Mega Evolution,2025-09-26,2025-10-06,2026-10-06,5,2026-07-03,23996,851248,me1-177,Mega Venusaur ex,177,Special Illustration Rare,139.62,139.8,117,85,179,114,
230,Mega Evolution,2025-09-26,2025-10-06,2026-10-06,5,2026-07-06,23996,851248,me1-177,Mega Venusaur ex,177,Special Illustration Rare,139.82,136,125,95,160,100,
230,Mega Evolution,2025-09-26,2025-10-06,2026-10-06,5,2026-07-07,23996,851248,me1-177,Mega Venusaur ex,177,Special Illustration Rare,140.22,136,125,95,179,100,
230,Mega Evolution,2025-09-26,2025-10-06,2026-10-06,5,2026-07-08,23996,851248,me1-177,Mega Venusaur ex,177,Special Illustration Rare,139.73,136,125,95,179,109.84,
230,Mega Evolution,2025-09-26,2025-10-06,2026-10-06,5,2026-07-09,23996,851248,me1-177,Mega Venusaur ex,177,Special Illustration Rare,142.01,136,125,95,179,109.84,
230,Mega Evolution,2025-09-26,2025-10-06,2026-10-06,5,2026-07-10,23996,851248,me1-177,Mega Venusaur ex,177,Special Illustration Rare,141.05,136,125,94,179,109.84,
230,Mega Evolution,2025-09-26,2025-10-06,2026-10-06,5,2026-07-11,23996,851248,me1-177,Mega Venusaur ex,177,Special Illustration Rare,141.05,136,125,95,179,109.84,
230,Mega Evolution,2025-09-26,2025-10-06,2026-10-06,5,2026-07-14,23996,851248,me1-177,Mega Venusaur ex,177,Special Illustration Rare,141.05,136,125,95,179,109.85,
230,Mega Evolution,2025-09-26,2025-10-06,2026-10-06,5,2026-07-17,23996,851248,me1-177,Mega Venusaur ex,177,Special Illustration Rare,137.8,140,125,95,185,109.84,
230,Mega Evolution,2025-09-26,2025-10-06,2026-10-06,5,2026-07-18,23996,851248,me1-177,Mega Venusaur ex,177,Special Illustration Rare,141.66,145,125,100,185,109.84,
230,Mega Evolution,2025-09-26,2025-10-06,2026-10-06,5,2026-07-19,23996,851248,me1-177,Mega Venusaur ex,177,Special Illustration Rare,142.6,139.8,125,95,189,109.84,
230,Mega Evolution,2025-09-26,2025-10-06,2026-10-06,5,2026-07-20,23996,851248,me1-177,Mega Venusaur ex,177,Special Illustration Rare,143.09,139.8,120,95,189,109.84,
230,Mega Evolution,2025-09-26,2025-10-06,2026-10-06,5,2026-07-21,23996,851248,me1-177,Mega Venusaur ex,177,Special Illustration Rare,143.09,139.8,120,95,189,109.84,
230,Mega Evolution,2025-09-26,2025-10-06,2026-10-06,5,2026-07-22,23996,851248,me1-177,Mega Venusaur ex,177,Special Illustration Rare,142.87,139.8,120,95,189,109.84,
230,Mega Evolution,2025-09-26,2025-10-06,2026-10-06,5,2026-07-23,23996,851248,me1-177,Mega Venusaur ex,177,Special Illustration Rare,142.87,139,120,95,189,109.84,
230,Mega Evolution,2025-09-26,2025-10-06,2026-10-06,5,2026-07-24,23996,851248,me1-177,Mega Venusaur ex,177,Special Illustration Rare,143.39,139.8,120,95,189,109.84,
230,Mega Evolution,2025-09-26,2025-10-06,2026-10-06,5,2026-07-25,23996,851248,me1-177,Mega Venusaur ex,177,Special Illustration Rare,143.39,139.8,125,94.99,189,109.84,
230,Mega Evolution,2025-09-26,2025-10-06,2026-10-06,5,2026-07-26,23996,851248,me1-177,Mega Venusaur ex,177,Special Illustration Rare,143.5,139.8,120,94.99,155,109.84,
230,Mega Evolution,2025-09-26,2025-10-06,2026-10-06,5,2026-07-27,23996,851248,me1-177,Mega Venusaur ex,177,Special Illustration Rare,143.74,139.8,120,94.99,155,109.84,
230,Mega Evolution,2025-09-26,2025-10-06,2026-10-06,5,2026-07-28,23996,851248,me1-177,Mega Venusaur ex,177,Special Illustration Rare,143.74,139.8,120,94.99,155,109.84,
230,Mega Evolution,2025-09-26,2025-10-06,2026-10-06,5,2026-07-29,23996,851248,me1-177,Mega Venusaur ex,177,Special Illustration Rare,144.55,139.8,120,94.99,155,109.84,
230,Mega Evolution,2025-09-26,2025-10-06,2026-10-06,5,2026-07-30,23996,851248,me1-177,Mega Venusaur ex,177,Special Illustration Rare,144.55,139.8,120,94.99,155,109.84,133.59
230,Mega Evolution,2025-09-26,2025-10-06,2026-10-06,5,2026-07-31,23996,851248,me1-177,Mega Venusaur ex,177,Special Illustration Rare,144.55,139.8,120,94.99,155,109.84,133.79
230,Mega Evolution,2025-09-26,2025-10-06,2026-10-06,5,2026-08-01,23996,851248,me1-177,Mega Venusaur ex,177,Special Illustration Rare,144.06,139.8,120,95,170,109.84,133.79
230,Mega Evolution,2025-09-26,2025-10-06,2026-10-06,5,2026-08-03,23996,851248,me1-177,Mega Venusaur ex,177,Special Illustration Rare,144.06,139.8,120,95,170,109.84,134.4
230,Mega Evolution,2025-09-26,2025-10-06,2026-10-06,5,2026-08-04,23996,851248,me1-177,Mega Venusaur ex,177,Special Illustration Rare,145.27,139.8,120,95,170,109.84,134.4
230,Mega Evolution,2025-09-26,2025-10-06,2026-10-06,5,2026-08-05,23996,851248,me1-177,Mega Venusaur ex,177,Special Illustration Rare,145.27,139.8,120,95,170,109.84,134.43
230,Mega Evolution,2025-09-26,2025-10-06,2026-10-06,5,2026-08-06,23996,851248,me1-177,Mega Venusaur ex,177,Special Illustration Rare,52.87,139.8,120,95,170,109.84,134.43
230,Mega Evolution,2025-09-26,2025-10-06,2026-10-06,5,2026-08-08,23996,851248,me1-177,Mega Venusaur ex,177,Special Illustration Rare,144.34,139.8,120,95,170,109.84,134.43
230,Mega Evolution,2025-09-26,2025-10-06,2026-10-06,5,2026-08-10,23996,851248,me1-177,Mega Venusaur ex,177,Special Illustration Rare,144.19,139.8,120,95,170,109.84,134.03
230,Mega Evolution,2025-09-26,2025-10-06,2026-10-06,5,2026-08-11,23996,851248,me1-177,Mega Venusaur ex,177,Special Illustration Rare,144.07,138.62,124.9,95,170,109.9,134.03
230,Mega Evolution,2025-09-26,2025-10-06,2026-10-06,5,2026-08-12,23996,851248,me1-177,Mega Venusaur ex,177,Special Illustration Rare,144.17,138.64,126,95,170,109.9,133.67
230,Mega Evolution,2025-09-26,2025-10-06,2026-10-06,5,2026-08-13,23996,851248,me1-177,Mega Venusaur ex,177,Special Illustration Rare,143.37,138.67,126,95,185,109.9,133.67
230,Mega Evolution,2025-09-26,2025-10-06,2026-10-06,5,2026-08-14,23996,851248,me1-177,Mega Venusaur ex,177,Special Illustration Rare,143.03,138.56,125,97,185,109.9,133.67
230,Mega Evolution,2025-09-26,2025-10-06,2026-10-06,5,2026-08-15,23996,851248,me1-177,Mega Venusaur ex,177,Special Illustration Rare,143.4,132.53,125,97,185,109.9,135.36
230,Mega Evolution,2025-09-26,2025-10-06,2026-10-06,5,2026-08-16,23996,851248,me1-177,Mega Venusaur ex,177,Special Illustration Rare,144.03,132.53,124.5,99,185,109.9,135.36
230,Mega Evolution,2025-09-26,2025-10-06,2026-10-06,5,2026-08-17,23996,851248,me1-177,Mega Venusaur ex,177,Special Illustration Rare,144.03,132.53,124.5,99,185,109.9,134.74
230,Mega Evolution,2025-09-26,2025-10-06,2026-10-06,5,2026-08-18,23996,851248,me1-177,Mega Venusaur ex,177,Special Illustration Rare,142.3,120.49,125,97,185,109.9,134.74
230,Mega Evolution,2025-09-26,2025-10-06,2026-10-06,5,2026-08-19,23996,851248,me1-177,Mega Venusaur ex,177,Special Illustration Rare,142.3,120.42,125,97,179.99,109.9,133.6
230,Mega Evolution,2025-09-26,2025-10-06,2026-10-06,5,2026-08-20,23996,851248,me1-177,Mega Venusaur ex,177,Special Illustration Rare,141.63,119.98,125,95,179.99,109.9,133.6
230,Mega Evolution,2025-09-26,2025-10-06,2026-10-06,5,2026-08-21,23996,851248,me1-177,Mega Venusaur ex,177,Special Illustration Rare,142.72,119.98,125,95,169.99,109.9,133.6
230,Mega Evolution,2025-09-26,2025-10-06,2026-10-06,5,2026-08-22,23996,851248,me1-177,Mega Venusaur ex,177,Special Illustration Rare,142.94,120.35,125,97,169.99,110,133.6
230,Mega Evolution,2025-09-26,2025-10-06,2026-10-06,5,2026-08-23,23996,851248,me1-177,Mega Venusaur ex,177,Special Illustration Rare,143.47,120.35,124.98,97,169.99,109.9,133.6
230,Mega Evolution,2025-09-26,2025-10-06,2026-10-06,5,2026-08-24,23996,851248,me1-177,Mega Venusaur ex,177,Special Illustration Rare,143.47,120.34,124.98,97,169.99,109.9,134.05
230,Mega Evolution,2025-09-26,2025-10-06,2026-10-06,5,2026-08-25,23996,851248,me1-177,Mega Venusaur ex,177,Special Illustration Rare,143.47,120.34,118,97,169.99,109.9,134.05
230,Mega Evolution,2025-09-26,2025-10-06,2026-10-06,5,2026-08-27,23996,851248,me1-177,Mega Venusaur ex,177,Special Illustration Rare,140.58,120.1,117,97,169.99,109.9,133.28
230,Mega Evolution,2025-09-26,2025-10-06,2026-10-06,5,2026-08-29,23996,851248,me1-177,Mega Venusaur ex,177,Special Illustration Rare,141.28,120.36,122,97,169.99,105,132.86
230,Mega Evolution,2025-09-26,2025-10-06,2026-10-06,5,2026-08-30,23996,851248,me1-177,Mega Venusaur ex,177,Special Illustration Rare,141.28,120.36,122,97,169.99,105,132.86
230,Mega Evolution,2025-09-26,2025-10-06,2026-10-06,5,2026-08-31,23996,851248,me1-177,Mega Venusaur ex,177,Special Illustration Rare,140.98,120.35,122,97,169.5,109.9,132.86
230,Mega Evolution,2025-09-26,2025-10-06,2026-10-06,5,2026-09-01,23996,851248,me1-177,Mega Venusaur ex,177,Special Illustration Rare,140.98,105,125,97,169.5,105,132.19
230,Mega Evolution,2025-09-26,2025-10-06,2026-10-06,5,2026-09-02,23996,851248,me1-177,Mega Venusaur ex,177,Special Illustration Rare,139.28,130,135,97,165,105,132.19
230,Mega Evolution,2025-09-26,2025-10-06,2026-10-06,5,2026-09-03,23996,851248,me1-177,Mega Venusaur ex,177,Special Illustration Rare,139.16,130,125,97,159.99,105,132.19
230,Mega Evolution,2025-09-26,2025-10-06,2026-10-06,5,2026-09-04,23996,851248,me1-177,Mega Venusaur ex,177,Special Illustration Rare,140.76,105,124.99,97,159.99,105,130.97
230,Mega Evolution,2025-09-26,2025-10-06,2026-10-06,5,2026-09-05,23996,851248,me1-177,Mega Venusaur ex,177,Special Illustration Rare,140.98,131.88,125,130,159.99,100,130.97
230,Mega Evolution,2025-09-26,2025-10-06,2026-10-06,5,2026-09-06,23996,851248,me1-177,Mega Venusaur ex,177,Special Illustration Rare,140.98,131.88,126.69,97,160,109.9,130.97
230,Mega Evolution,2025-09-26,2025-10-06,2026-10-06,5,2026-09-07,23996,851248,me1-177,Mega Venusaur ex,177,Special Illustration Rare,141.47,131.85,126.69,97,160,100,130.97
230,Mega Evolution,2025-09-26,2025-10-06,2026-10-06,5,2026-09-08,23996,851248,me1-177,Mega Venusaur ex,177,Special Illustration Rare,141.59,131.85,124.69,95,169.5,99.99,130.97
230,Mega Evolution,2025-09-26,2025-10-06,2026-10-06,5,2026-09-09,23996,851248,me1-177,Mega Venusaur ex,177,Special Illustration Rare,140.19,131.95,121,95,160,99.99,130.97
230,Mega Evolution,2025-09-26,2025-10-06,2026-10-06,5,2026-09-10,23996,851248,me1-177,Mega Venusaur ex,177,Special Illustration Rare,139.92,131.96,121,95,160,99.99,130.97
230,Mega Evolution,2025-09-26,2025-10-06,2026-10-06,5,2026-09-11,23996,851248,me1-177,Mega Venusaur ex,177,Special Illustration Rare,137.03,131.85,112,95,169.5,99.99,130.97
230,Mega Evolution,2025-09-26,2025-10-06,2026-10-06,5,2026-09-12,23996,851248,me1-177,Mega Venusaur ex,177,Special Illustration Rare,136.95,131.85,112,95,169.5,100,130.97
230,Mega Evolution,2025-09-26,2025-10-06,2026-10-06,5,2026-09-13,23996,851248,me1-177,Mega Venusaur ex,177,Special Illustration Rare,136.95,132.14,112,95,159,100,130.97
230,Mega Evolution,2025-09-26,2025-10-06,2026-10-06,5,2026-09-14,23996,851248,me1-177,Mega Venusaur ex,177,Special Illustration Rare,136.95,132.18,112,95,159,100,132.32
230,Mega Evolution,2025-09-26,2025-10-06,2026-10-06,5,2026-09-16,23996,851248,me1-177,Mega Venusaur ex,177,Special Illustration Rare,136.95,132.3,127,95,157,100,132.15
230,Mega Evolution,2025-09-26,2025-10-06,2026-10-06,5,2026-09-17,23996,851248,me1-177,Mega Venusaur ex,177,Special Illustration Rare,136.95,132.3,124.99,95,159,100,132.15
230,Mega Evolution,2025-09-26,2025-10-06,2026-10-06,5,2026-09-18,23996,851248,me1-177,Mega Venusaur ex,177,Special Illustration Rare,138.6,131.85,125,95,159,100,132.15
230,Mega Evolution,2025-09-26,2025-10-06,2026-10-06,5,2026-09-19,23996,851248,me1-177,Mega Venusaur ex,177,Special Illustration Rare,139.47,131.85,125,95,159,99.97,132.09
230,Mega Evolution,2025-09-26,2025-10-06,2026-10-06,5,2026-09-20,23996,851248,me1-177,Mega Venusaur ex,177,Special Illustration Rare,138.6,131.85,125,95,159,99.97,132.09
230,Mega Evolution,2025-09-26,2025-10-06,2026-10-06,5,2026-09-21,23996,851248,me1-177,Mega Venusaur ex,177,Special Illustration Rare,140.64,129.99,125,95,159,99.92,131.97
230,Mega Evolution,2025-09-26,2025-10-06,2026-10-06,5,2026-09-22,23996,851248,me1-177,Mega Venusaur ex,177,Special Illustration Rare,140.64,129.99,125,95,159,99.92,131.97
230,Mega Evolution,2025-09-26,2025-10-06,2026-10-06,5,2026-09-23,23996,851248,me1-177,Mega Venusaur ex,177,Special Illustration Rare,140.81,129.99,125,95,159,99,131.05
230,Mega Evolution,2025-09-26,2025-10-06,2026-10-06,5,2026-09-24,23996,851248,me1-177,Mega Venusaur ex,177,Special Illustration Rare,141.08,129.99,119.99,95,159,99,131.05
230,Mega Evolution,2025-09-26,2025-10-06,2026-10-06,5,2026-09-25,23996,851248,me1-177,Mega Venusaur ex,177,Special Illustration Rare,141.46,129.99,119.9,95,159,99,131.05
230,Mega Evolution,2025-09-26,2025-10-06,2026-10-06,5,2026-09-26,23996,851248,me1-177,Mega Venusaur ex,177,Special Illustration Rare,139.98,130,119.99,95,159,99,131.05
230,Mega Evolution,2025-09-26,2025-10-06,2026-10-06,5,2026-09-27,23996,851248,me1-177,Mega Venusaur ex,177,Special Illustration Rare,139.98,130,119.99,95,159,98.8,131.05
230,Mega Evolution,2025-09-26,2025-10-06,2026-10-06,5,2026-09-28,23996,851248,me1-177,Mega Venusaur ex,177,Special Illustration Rare,138.68,120,119.9,95,159,98.8,131.05
230,Mega Evolution,2025-09-26,2025-10-06,2026-10-06,5,2026-09-29,23996,851248,me1-177,Mega Venusaur ex,177,Special Illustration Rare,138.53,120,115,83,159,98.8,131.05
230,Mega Evolution,2025-09-26,2025-10-06,2026-10-06,5,2026-09-30,23996,851248,me1-177,Mega Venusaur ex,177,Special Illustration Rare,138.45,120,114,83,159,98.8,131.05
230,Mega Evolution,2025-09-26,2025-10-06,2026-10-06,5,2026-10-01,23996,851248,me1-177,Mega Venusaur ex,177,Special Illustration Rare,137.68,130,114,83,150,94.9,131.05
230,Mega Evolution,2025-09-26,2025-10-06,2026-10-06,5,2026-10-02,23996,851248,me1-177,Mega Venusaur ex,177,Special Illustration Rare,137.42,129.99,114,83,150,94.9,131.05
230,Mega Evolution,2025-09-26,2025-10-06,2026-10-06,5,2026-10-03,23996,851248,me1-177,Mega Venusaur ex,177,Special Illustration Rare,136.84,129.99,108,83,150,94.9,131.05
230,Mega Evolution,2025-09-26,2025-10-06,2026-10-06,5,2026-10-04,23996,851248,me1-177,Mega Venusaur ex,177,Special Illustration Rare,136.84,126.71,114.45,83,149.99,94.9,131.05
230,Mega Evolution,2025-09-26,2025-10-06,2026-10-06,6,2025-10-06,24000,851252,me1-181,Mega Latias ex,181,Special Illustration Rare,,189.05,,,,,
230,Mega Evolution,2025-09-26,2025-10-06,2026-10-06,6,2025-10-07,24000,851252,me1-181,Mega Latias ex,181,Special Illustration Rare,,189.77,,,,,
230,Mega Evolution,2025-09-26,2025-10-06,2026-10-06,6,2025-10-08,24000,851252,me1-181,Mega Latias ex,181,Special Illustration Rare,,150,,,,,
230,Mega Evolution,2025-09-26,2025-10-06,2026-10-06,6,2025-10-10,24000,851252,me1-181,Mega Latias ex,181,Special Illustration Rare,,142.16,,,,,
230,Mega Evolution,2025-09-26,2025-10-06,2026-10-06,6,2025-10-11,24000,851252,me1-181,Mega Latias ex,181,Special Illustration Rare,,142.03,,,,,
230,Mega Evolution,2025-09-26,2025-10-06,2026-10-06,6,2025-10-13,24000,851252,me1-181,Mega Latias ex,181,Special Illustration Rare,,136.18,,,,,
230,Mega Evolution,2025-09-26,2025-10-06,2026-10-06,6,2025-10-14,24000,851252,me1-181,Mega Latias ex,181,Special Illustration Rare,,124.77,,,,,
230,Mega Evolution,2025-09-26,2025-10-06,2026-10-06,6,2025-10-15,24000,851252,me1-181,Mega Latias ex,181,Special Illustration Rare,,124.18,,,,,
230,Mega Evolution,2025-09-26,2025-10-06,2026-10-06,6,2025-10-16,24000,851252,me1-181,Mega Latias ex,181,Special Illustration Rare,,136.35,,,,,
230,Mega Evolution,2025-09-26,2025-10-06,2026-10-06,6,2025-10-17,24000,851252,me1-181,Mega Latias ex,181,Special Illustration Rare,,136.13,,,,,
230,Mega Evolution,2025-09-26,2025-10-06,2026-10-06,6,2025-10-18,24000,851252,me1-181,Mega Latias ex,181,Special Illustration Rare,,136.46,,,,,
230,Mega Evolution,2025-09-26,2025-10-06,2026-10-06,6,2025-10-19,24000,851252,me1-181,Mega Latias ex,181,Special Illustration Rare,,130.52,,,,,
230,Mega Evolution,2025-09-26,2025-10-06,2026-10-06,6,2025-10-20,24000,851252,me1-181,Mega Latias ex,181,Special Illustration Rare,,130.46,,,,,
230,Mega Evolution,2025-09-26,2025-10-06,2026-10-06,6,2025-10-21,24000,851252,me1-181,Mega Latias ex,181,Special Illustration Rare,,130.39,,,,,
230,Mega Evolution,2025-09-26,2025-10-06,2026-10-06,6,2025-10-22,24000,851252,me1-181,Mega Latias ex,181,Special Illustration Rare,,130.54,,,,,
230,Mega Evolution,2025-09-26,2025-10-06,2026-10-06,6,2025-10-23,24000,851252,me1-181,Mega Latias ex,181,Special Illustration Rare,,133.86,,,,,
230,Mega Evolution,2025-09-26,2025-10-06,2026-10-06,6,2025-10-24,24000,851252,me1-181,Mega Latias ex,181,Special Illustration Rare,,133.52,,,,,
230,Mega Evolution,2025-09-26,2025-10-06,2026-10-06,6,2025-10-25,24000,851252,me1-181,Mega Latias ex,181,Special Illustration Rare,,135.62,,,,,
230,Mega Evolution,2025-09-26,2025-10-06,2026-10-06,6,2025-10-26,24000,851252,me1-181,Mega Latias ex,181,Special Illustration Rare,,133.25,,,,,
230,Mega Evolution,2025-09-26,2025-10-06,2026-10-06,6,2025-10-27,24000,851252,me1-181,Mega Latias ex,181,Special Illustration Rare,,133.28,,,,,
230,Mega Evolution,2025-09-26,2025-10-06,2026-10-06,6,2025-10-28,24000,851252,me1-181,Mega Latias ex,181,Special Illustration Rare,,133.31,,,,,
230,Mega Evolution,2025-09-26,2025-10-06,2026-10-06,6,2025-10-29,24000,851252,me1-181,Mega Latias ex,181,Special Illustration Rare,,132.56,,,,,
230,Mega Evolution,2025-09-26,2025-10-06,2026-10-06,6,2025-10-30,24000,851252,me1-181,Mega Latias ex,181,Special Illustration Rare,,132.32,,,,,
230,Mega Evolution,2025-09-26,2025-10-06,2026-10-06,6,2025-10-31,24000,851252,me1-181,Mega Latias ex,181,Special Illustration Rare,,132.34,,,,,
230,Mega Evolution,2025-09-26,2025-10-06,2026-10-06,6,2025-11-01,24000,851252,me1-181,Mega Latias ex,181,Special Illustration Rare,,132.67,,,,,
230,Mega Evolution,2025-09-26,2025-10-06,2026-10-06,6,2025-11-02,24000,851252,me1-181,Mega Latias ex,181,Special Illustration Rare,,132.66,,,,,
230,Mega Evolution,2025-09-26,2025-10-06,2026-10-06,6,2025-11-03,24000,851252,me1-181,Mega Latias ex,181,Special Illustration Rare,,128,,,,,
230,Mega Evolution,2025-09-26,2025-10-06,2026-10-06,6,2025-11-04,24000,851252,me1-181,Mega Latias ex,181,Special Illustration Rare,,128,,,,,
230,Mega Evolution,2025-09-26,2025-10-06,2026-10-06,6,2025-11-05,24000,851252,me1-181,Mega Latias ex,181,Special Illustration Rare,,131.82,,,,,
230,Mega Evolution,2025-09-26,2025-10-06,2026-10-06,6,2025-11-06,24000,851252,me1-181,Mega Latias ex,181,Special Illustration Rare,,130,,,,,
230,Mega Evolution,2025-09-26,2025-10-06,2026-10-06,6,2025-11-07,24000,851252,me1-181,Mega Latias ex,181,Special Illustration Rare,,132.39,,,,,
230,Mega Evolution,2025-09-26,2025-10-06,2026-10-06,6,2025-11-08,24000,851252,me1-181,Mega Latias ex,181,Special Illustration Rare,,128.97,,,,,
230,Mega Evolution,2025-09-26,2025-10-06,2026-10-06,6,2025-11-10,24000,851252,me1-181,Mega Latias ex,181,Special Illustration Rare,,127.9,,,,,
230,Mega Evolution,2025-09-26,2025-10-06,2026-10-06,6,2025-11-11,24000,851252,me1-181,Mega Latias ex,181,Special Illustration Rare,,132.59,,,,,
230,Mega Evolution,2025-09-26,2025-10-06,2026-10-06,6,2025-11-12,24000,851252,me1-181,Mega Latias ex,181,Special Illustration Rare,,115,,,,,
230,Mega Evolution,2025-09-26,2025-10-06,2026-10-06,6,2025-11-13,24000,851252,me1-181,Mega Latias ex,181,Special Illustration Rare,,125,,,,,
230,Mega Evolution,2025-09-26,2025-10-06,2026-10-06,6,2025-11-14,24000,851252,me1-181,Mega Latias ex,181,Special Illustration Rare,,125,,,,,
230,Mega Evolution,2025-09-26,2025-10-06,2026-10-06,6,2025-11-15,24000,851252,me1-181,Mega Latias ex,181,Special Illustration Rare,,105,,,,,
230,Mega Evolution,2025-09-26,2025-10-06,2026-10-06,6,2025-11-16,24000,851252,me1-181,Mega Latias ex,181,Special Illustration Rare,,115,,,,,
230,Mega Evolution,2025-09-26,2025-10-06,2026-10-06,6,2025-11-17,24000,851252,me1-181,Mega Latias ex,181,Special Illustration Rare,,105,,,,,
230,Mega Evolution,2025-09-26,2025-10-06,2026-10-06,6,2025-11-18,24000,851252,me1-181,Mega Latias ex,181,Special Illustration Rare,,105,,,,,
230,Mega Evolution,2025-09-26,2025-10-06,2026-10-06,6,2025-11-19,24000,851252,me1-181,Mega Latias ex,181,Special Illustration Rare,,109.99,,,,,
230,Mega Evolution,2025-09-26,2025-10-06,2026-10-06,6,2025-11-20,24000,851252,me1-181,Mega Latias ex,181,Special Illustration Rare,,110,,,,,
230,Mega Evolution,2025-09-26,2025-10-06,2026-10-06,6,2025-11-22,24000,851252,me1-181,Mega Latias ex,181,Special Illustration Rare,,110,,,,,
230,Mega Evolution,2025-09-26,2025-10-06,2026-10-06,6,2025-11-27,24000,851252,me1-181,Mega Latias ex,181,Special Illustration Rare,,109.99,,,,,
230,Mega Evolution,2025-09-26,2025-10-06,2026-10-06,6,2025-11-28,24000,851252,me1-181,Mega Latias ex,181,Special Illustration Rare,,109.99,,,,,
230,Mega Evolution,2025-09-26,2025-10-06,2026-10-06,6,2025-11-29,24000,851252,me1-181,Mega Latias ex,181,Special Illustration Rare,,110,,,,,
230,Mega Evolution,2025-09-26,2025-10-06,2026-10-06,6,2025-11-30,24000,851252,me1-181,Mega Latias ex,181,Special Illustration Rare,,105.79,,,,,
230,Mega Evolution,2025-09-26,2025-10-06,2026-10-06,6,2025-12-01,24000,851252,me1-181,Mega Latias ex,181,Special Illustration Rare,,100,,,,,
230,Mega Evolution,2025-09-26,2025-10-06,2026-10-06,6,2025-12-02,24000,851252,me1-181,Mega Latias ex,181,Special Illustration Rare,,105.5,,,,,
230,Mega Evolution,2025-09-26,2025-10-06,2026-10-06,6,2025-12-03,24000,851252,me1-181,Mega Latias ex,181,Special Illustration Rare,,97,,,,,
230,Mega Evolution,2025-09-26,2025-10-06,2026-10-06,6,2025-12-04,24000,851252,me1-181,Mega Latias ex,181,Special Illustration Rare,,97,,,,,
230,Mega Evolution,2025-09-26,2025-10-06,2026-10-06,6,2025-12-05,24000,851252,me1-181,Mega Latias ex,181,Special Illustration Rare,,100,,,,,
230,Mega Evolution,2025-09-26,2025-10-06,2026-10-06,6,2025-12-06,24000,851252,me1-181,Mega Latias ex,181,Special Illustration Rare,,105,,,,,
230,Mega Evolution,2025-09-26,2025-10-06,2026-10-06,6,2025-12-07,24000,851252,me1-181,Mega Latias ex,181,Special Illustration Rare,,93,,,,,
230,Mega Evolution,2025-09-26,2025-10-06,2026-10-06,6,2025-12-12,24000,851252,me1-181,Mega Latias ex,181,Special Illustration Rare,,95,,,,,
230,Mega Evolution,2025-09-26,2025-10-06,2026-10-06,6,2025-12-13,24000,851252,me1-181,Mega Latias ex,181,Special Illustration Rare,,75,,,,,
230,Mega Evolution,2025-09-26,2025-10-06,2026-10-06,6,2025-12-14,24000,851252,me1-181,Mega Latias ex,181,Special Illustration Rare,,93,,,,,
230,Mega Evolution,2025-09-26,2025-10-06,2026-10-06,6,2025-12-15,24000,851252,me1-181,Mega Latias ex,181,Special Illustration Rare,,75,,,,,
230,Mega Evolution,2025-09-26,2025-10-06,2026-10-06,6,2025-12-19,24000,851252,me1-181,Mega Latias ex,181,Special Illustration Rare,,78.05,,,,,
230,Mega Evolution,2025-09-26,2025-10-06,2026-10-06,6,2025-12-20,24000,851252,me1-181,Mega Latias ex,181,Special Illustration Rare,,75,,,,,
230,Mega Evolution,2025-09-26,2025-10-06,2026-10-06,6,2025-12-21,24000,851252,me1-181,Mega Latias ex,181,Special Illustration Rare,,78.12,,,,,
230,Mega Evolution,2025-09-26,2025-10-06,2026-10-06,6,2025-12-22,24000,851252,me1-181,Mega Latias ex,181,Special Illustration Rare,,75,,,,,
230,Mega Evolution,2025-09-26,2025-10-06,2026-10-06,6,2025-12-24,24000,851252,me1-181,Mega Latias ex,181,Special Illustration Rare,,85,,,,,
230,Mega Evolution,2025-09-26,2025-10-06,2026-10-06,6,2025-12-27,24000,851252,me1-181,Mega Latias ex,181,Special Illustration Rare,,85.04,,,,,
230,Mega Evolution,2025-09-26,2025-10-06,2026-10-06,6,2025-12-28,24000,851252,me1-181,Mega Latias ex,181,Special Illustration Rare,,82.4,,,,,
230,Mega Evolution,2025-09-26,2025-10-06,2026-10-06,6,2025-12-29,24000,851252,me1-181,Mega Latias ex,181,Special Illustration Rare,,82.38,,,,,
230,Mega Evolution,2025-09-26,2025-10-06,2026-10-06,6,2025-12-30,24000,851252,me1-181,Mega Latias ex,181,Special Illustration Rare,,76.8,,,,,
230,Mega Evolution,2025-09-26,2025-10-06,2026-10-06,6,2025-12-31,24000,851252,me1-181,Mega Latias ex,181,Special Illustration Rare,,82.38,,,,,
230,Mega Evolution,2025-09-26,2025-10-06,2026-10-06,6,2026-01-01,24000,851252,me1-181,Mega Latias ex,181,Special Illustration Rare,,76.84,,,,,
230,Mega Evolution,2025-09-26,2025-10-06,2026-10-06,6,2026-01-02,24000,851252,me1-181,Mega Latias ex,181,Special Illustration Rare,,75.59,,,,,
230,Mega Evolution,2025-09-26,2025-10-06,2026-10-06,6,2026-01-03,24000,851252,me1-181,Mega Latias ex,181,Special Illustration Rare,,75.72,,,,,
230,Mega Evolution,2025-09-26,2025-10-06,2026-10-06,6,2026-01-07,24000,851252,me1-181,Mega Latias ex,181,Special Illustration Rare,,76.13,,,,,
230,Mega Evolution,2025-09-26,2025-10-06,2026-10-06,6,2026-01-08,24000,851252,me1-181,Mega Latias ex,181,Special Illustration Rare,,71.23,,,,,
230,Mega Evolution,2025-09-26,2025-10-06,2026-10-06,6,2026-01-09,24000,851252,me1-181,Mega Latias ex,181,Special Illustration Rare,,75.99,,,,,
230,Mega Evolution,2025-09-26,2025-10-06,2026-10-06,6,2026-01-10,24000,851252,me1-181,Mega Latias ex,181,Special Illustration Rare,,71.21,,,,,
230,Mega Evolution,2025-09-26,2025-10-06,2026-10-06,6,2026-01-12,24000,851252,me1-181,Mega Latias ex,181,Special Illustration Rare,,71.18,,,,,
230,Mega Evolution,2025-09-26,2025-10-06,2026-10-06,6,2026-01-13,24000,851252,me1-181,Mega Latias ex,181,Special Illustration Rare,,71.39,,,,,
230,Mega Evolution,2025-09-26,2025-10-06,2026-10-06,6,2026-01-14,24000,851252,me1-181,Mega Latias ex,181,Special Illustration Rare,,75,,,,,
230,Mega Evolution,2025-09-26,2025-10-06,2026-10-06,6,2026-01-16,24000,851252,me1-181,Mega Latias ex,181,Special Illustration Rare,,76.02,,,,,
230,Mega Evolution,2025-09-26,2025-10-06,2026-10-06,6,2026-01-20,24000,851252,me1-181,Mega Latias ex,181,Special Illustration Rare,,82.84,,,,,
230,Mega Evolution,2025-09-26,2025-10-06,2026-10-06,6,2026-01-22,24000,851252,me1-181,Mega Latias ex,181,Special Illustration Rare,,75.75,,,,,
230,Mega Evolution,2025-09-26,2025-10-06,2026-10-06,6,2026-01-23,24000,851252,me1-181,Mega Latias ex,181,Special Illustration Rare,,82.56,,,,,
230,Mega Evolution,2025-09-26,2025-10-06,2026-10-06,6,2026-01-24,24000,851252,me1-181,Mega Latias ex,181,Special Illustration Rare,,82.9,,,,,
230,Mega Evolution,2025-09-26,2025-10-06,2026-10-06,6,2026-01-26,24000,851252,me1-181,Mega Latias ex,181,Special Illustration Rare,,82.77,,,,,
230,Mega Evolution,2025-09-26,2025-10-06,2026-10-06,6,2026-01-27,24000,851252,me1-181,Mega Latias ex,181,Special Illustration Rare,,82.75,,,,,
230,Mega Evolution,2025-09-26,2025-10-06,2026-10-06,6,2026-01-29,24000,851252,me1-181,Mega Latias ex,181,Special Illustration Rare,,82.93,,,,,
230,Mega Evolution,2025-09-26,2025-10-06,2026-10-06,6,2026-01-31,24000,851252,me1-181,Mega Latias ex,181,Special Illustration Rare,,82.96,,,,,
230,Mega Evolution,2025-09-26,2025-10-06,2026-10-06,6,2026-02-01,24000,851252,me1-181,Mega Latias ex,181,Special Illustration Rare,,82.95,,,,,
230,Mega Evolution,2025-09-26,2025-10-06,2026-10-06,6,2026-02-02,24000,851252,me1-181,Mega Latias ex,181,Special Illustration Rare,,82.89,,,,,
230,Mega Evolution,2025-09-26,2025-10-06,2026-10-06,6,2026-02-03,24000,851252,me1-181,Mega Latias ex,181,Special Illustration Rare,,83.25,,,,,
230,Mega Evolution,2025-09-26,2025-10-06,2026-10-06,6,2026-02-04,24000,851252,me1-181,Mega Latias ex,181,Special Illustration Rare,,82.97,,,,,
230,Mega Evolution,2025-09-26,2025-10-06,2026-10-06,6,2026-02-05,24000,851252,me1-181,Mega Latias ex,181,Special Illustration Rare,,77.4,,,,,
230,Mega Evolution,2025-09-26,2025-10-06,2026-10-06,6,2026-02-06,24000,851252,me1-181,Mega Latias ex,181,Special Illustration Rare,,76.89,,,,,
230,Mega Evolution,2025-09-26,2025-10-06,2026-10-06,6,2026-02-07,24000,851252,me1-181,Mega Latias ex,181,Special Illustration Rare,,77.12,,,,,
230,Mega Evolution,2025-09-26,2025-10-06,2026-10-06,6,2026-02-09,24000,851252,me1-181,Mega Latias ex,181,Special Illustration Rare,,76.99,,,,,
230,Mega Evolution,2025-09-26,2025-10-06,2026-10-06,6,2026-02-10,24000,851252,me1-181,Mega Latias ex,181,Special Illustration Rare,,76.94,,,,,
230,Mega Evolution,2025-09-26,2025-10-06,2026-10-06,6,2026-02-11,24000,851252,me1-181,Mega Latias ex,181,Special Illustration Rare,,76.76,,,,,
230,Mega Evolution,2025-09-26,2025-10-06,2026-10-06,6,2026-02-12,24000,851252,me1-181,Mega Latias ex,181,Special Illustration Rare,,76.84,,,,,
230,Mega Evolution,2025-09-26,2025-10-06,2026-10-06,6,2026-02-13,24000,851252,me1-181,Mega Latias ex,181,Special Illustration Rare,,76.83,,,,,
230,Mega Evolution,2025-09-26,2025-10-06,2026-10-06,6,2026-02-14,24000,851252,me1-181,Mega Latias ex,181,Special Illustration Rare,,77,,,,,
230,Mega Evolution,2025-09-26,2025-10-06,2026-10-06,6,2026-02-16,24000,851252,me1-181,Mega Latias ex,181,Special Illustration Rare,,75.8,55,49.9,109.99,85,
230,Mega Evolution,2025-09-26,2025-10-06,2026-10-06,6,2026-02-17,24000,851252,me1-181,Mega Latias ex,181,Special Illustration Rare,,75.8,55,49.9,109.99,85,
230,Mega Evolution,2025-09-26,2025-10-06,2026-10-06,6,2026-02-18,24000,851252,me1-181,Mega Latias ex,181,Special Illustration Rare,,76.61,52,55,109,85,
230,Mega Evolution,2025-09-26,2025-10-06,2026-10-06,6,2026-02-20,24000,851252,me1-181,Mega Latias ex,181,Special Illustration Rare,,82.17,55.99,55,108,85,
230,Mega Evolution,2025-09-26,2025-10-06,2026-10-06,6,2026-02-21,24000,851252,me1-181,Mega Latias ex,181,Special Illustration Rare,,82.18,55.99,55,104,82,
230,Mega Evolution,2025-09-26,2025-10-06,2026-10-06,6,2026-02-22,24000,851252,me1-181,Mega Latias ex,181,Special Illustration Rare,,76.59,55.99,49.9,104,84.99,
230,Mega Evolution,2025-09-26,2025-10-06,2026-10-06,6,2026-02-25,24000,851252,me1-181,Mega Latias ex,181,Special Illustration Rare,,82.36,54.2,55,70.75,84.5,
230,Mega Evolution,2025-09-26,2025-10-06,2026-10-06,6,2026-02-26,24000,851252,me1-181,Mega Latias ex,181,Special Illustration Rare,,82.43,54.2,55,100,84.5,
230,Mega Evolution,2025-09-26,2025-10-06,2026-10-06,6,2026-03-01,24000,851252,me1-181,Mega Latias ex,181,Special Illustration Rare,,81.97,55,55,100,84.5,
230,Mega Evolution,2025-09-26,2025-10-06,2026-10-06,6,2026-03-04,24000,851252,me1-181,Mega Latias ex,181,Special Illustration Rare,,76.95,55,54.5,100,84.5,
230,Mega Evolution,2025-09-26,2025-10-06,2026-10-06,6,2026-03-07,24000,851252,me1-181,Mega Latias ex,181,Special Illustration Rare,,74,55,54.95,100,83,
230,Mega Evolution,2025-09-26,2025-10-06,2026-10-06,6,2026-03-08,24000,851252,me1-181,Mega Latias ex,181,Special Illustration Rare,,72,54.49,54.95,97,83,
230,Mega Evolution,2025-09-26,2025-10-06,2026-10-06,6,2026-03-10,24000,851252,me1-181,Mega Latias ex,181,Special Illustration Rare,,72,54.5,54.95,99.99,84,
230,Mega Evolution,2025-09-26,2025-10-06,2026-10-06,6,2026-03-11,24000,851252,me1-181,Mega Latias ex,181,Special Illustration Rare,,72,53.5,54.95,99.99,84,
230,Mega Evolution,2025-09-26,2025-10-06,2026-10-06,6,2026-03-17,24000,851252,me1-181,Mega Latias ex,181,Special Illustration Rare,,70,50.99,54.95,99.99,79.97,
230,Mega Evolution,2025-09-26,2025-10-06,2026-10-06,6,2026-03-19,24000,851252,me1-181,Mega Latias ex,181,Special Illustration Rare,,70,49.99,44.95,100,83.15,
230,Mega Evolution,2025-09-26,2025-10-06,2026-10-06,6,2026-03-21,24000,851252,me1-181,Mega Latias ex,181,Special Illustration Rare,,70,47,55,100,79.97,
230,Mega Evolution,2025-09-26,2025-10-06,2026-10-06,6,2026-03-22,24000,851252,me1-181,Mega Latias ex,181,Special Illustration Rare,,75,46.99,55,100,79.97,
230,Mega Evolution,2025-09-26,2025-10-06,2026-10-06,6,2026-03-29,24000,851252,me1-181,Mega Latias ex,181,Special Illustration Rare,,69,54.99,49.9,100,75,
230,Mega Evolution,2025-09-26,2025-10-06,2026-10-06,6,2026-03-30,24000,851252,me1-181,Mega Latias ex,181,Special Illustration Rare,,66,52,49.9,100,75,
230,Mega Evolution,2025-09-26,2025-10-06,2026-10-06,6,2026-03-31,24000,851252,me1-181,Mega Latias ex,181,Special Illustration Rare,,66,53,49.9,100,75,
230,Mega Evolution,2025-09-26,2025-10-06,2026-10-06,6,2026-04-01,24000,851252,me1-181,Mega Latias ex,181,Special Illustration Rare,71.81,75,53,49.9,100,75,
230,Mega Evolution,2025-09-26,2025-10-06,2026-10-06,6,2026-04-02,24000,851252,me1-181,Mega Latias ex,181,Special Illustration Rare,71.69,75,53,49.9,100,75,
230,Mega Evolution,2025-09-26,2025-10-06,2026-10-06,6,2026-04-04,24000,851252,me1-181,Mega Latias ex,181,Special Illustration Rare,71.62,75,53,49.9,100,75,
230,Mega Evolution,2025-09-26,2025-10-06,2026-10-06,6,2026-04-05,24000,851252,me1-181,Mega Latias ex,181,Special Illustration Rare,71.25,75,53,63,100,75,
230,Mega Evolution,2025-09-26,2025-10-06,2026-10-06,6,2026-04-07,24000,851252,me1-181,Mega Latias ex,181,Special Illustration Rare,71.17,73.99,53,55,100,75,
230,Mega Evolution,2025-09-26,2025-10-06,2026-10-06,6,2026-04-09,24000,851252,me1-181,Mega Latias ex,181,Special Illustration Rare,71.16,77.99,54,55,90,70,
230,Mega Evolution,2025-09-26,2025-10-06,2026-10-06,6,2026-04-11,24000,851252,me1-181,Mega Latias ex,181,Special Illustration Rare,70.72,77.99,53,55,90,70,
230,Mega Evolution,2025-09-26,2025-10-06,2026-10-06,6,2026-04-12,24000,851252,me1-181,Mega Latias ex,181,Special Illustration Rare,70.88,77.99,54,63,90,75,
230,Mega Evolution,2025-09-26,2025-10-06,2026-10-06,6,2026-04-19,24000,851252,me1-181,Mega Latias ex,181,Special Illustration Rare,70.85,70,52.79,60,95,75,
230,Mega Evolution,2025-09-26,2025-10-06,2026-10-06,6,2026-05-01,24000,851252,me1-181,Mega Latias ex,181,Special Illustration Rare,73.6,77.95,58.99,55,95,77.9,
230,Mega Evolution,2025-09-26,2025-10-06,2026-10-06,6,2026-05-14,24000,851252,me1-181,Mega Latias ex,181,Special Illustration Rare,79.45,74.99,62,60,135,75,
230,Mega Evolution,2025-09-26,2025-10-06,2026-10-06,6,2026-05-18,24000,851252,me1-181,Mega Latias ex,181,Special Illustration Rare,80.61,74.99,62,45,110,75,
230,Mega Evolution,2025-09-26,2025-10-06,2026-10-06,6,2026-05-20,24000,851252,me1-181,Mega Latias ex,181,Special Illustration Rare,81.29,72,69.95,50,99.99,75,
230,Mega Evolution,2025-09-26,2025-10-06,2026-10-06,6,2026-05-24,24000,851252,me1-181,Mega Latias ex,181,Special Illustration Rare,84.68,79,62,50,99.99,65,
230,Mega Evolution,2025-09-26,2025-10-06,2026-10-06,6,2026-05-26,24000,851252,me1-181,Mega Latias ex,181,Special Illustration Rare,84.51,79,62,50,119,70,
230,Mega Evolution,2025-09-26,2025-10-06,2026-10-06,6,2026-05-28,24000,851252,me1-181,Mega Latias ex,181,Special Illustration Rare,84.86,80,62,50,99.99,74.9,
230,Mega Evolution,2025-09-26,2025-10-06,2026-10-06,6,2026-05-29,24000,851252,me1-181,Mega Latias ex,181,Special Illustration Rare,85.64,79.9,69,50,99.99,74.9,
230,Mega Evolution,2025-09-26,2025-10-06,2026-10-06,6,2026-06-04,24000,851252,me1-181,Mega Latias ex,181,Special Illustration Rare,87.45,79.9,72,54.89,99.99,74.9,
230,Mega Evolution,2025-09-26,2025-10-06,2026-10-06,6,2026-06-05,24000,851252,me1-181,Mega Latias ex,181,Special Illustration Rare,90.85,79.9,72,54.89,99.99,74.9,
230,Mega Evolution,2025-09-26,2025-10-06,2026-10-06,6,2026-06-09,24000,851252,me1-181,Mega Latias ex,181,Special Illustration Rare,93.4,71.99,69.99,54.89,130,73,
230,Mega Evolution,2025-09-26,2025-10-06,2026-10-06,6,2026-06-10,24000,851252,me1-181,Mega Latias ex,181,Special Illustration Rare,92.27,71.99,69.99,54.89,130,73,
230,Mega Evolution,2025-09-26,2025-10-06,2026-10-06,6,2026-06-12,24000,851252,me1-181,Mega Latias ex,181,Special Illustration Rare,92.52,71.99,69.99,49.99,120,73,
230,Mega Evolution,2025-09-26,2025-10-06,2026-10-06,6,2026-06-13,24000,851252,me1-181,Mega Latias ex,181,Special Illustration Rare,92.76,71.99,67.5,49.99,120,73,
230,Mega Evolution,2025-09-26,2025-10-06,2026-10-06,6,2026-06-14,24000,851252,me1-181,Mega Latias ex,181,Special Illustration Rare,92.36,71.99,69.99,49.99,120,73,
230,Mega Evolution,2025-09-26,2025-10-06,2026-10-06,6,2026-06-15,24000,851252,me1-181,Mega Latias ex,181,Special Illustration Rare,92.71,71.99,69.99,49.99,139,73,
230,Mega Evolution,2025-09-26,2025-10-06,2026-10-06,6,2026-06-21,24000,851252,me1-181,Mega Latias ex,181,Special Illustration Rare,96.59,87,69.99,54.89,139,73,
230,Mega Evolution,2025-09-26,2025-10-06,2026-10-06,6,2026-06-23,24000,851252,me1-181,Mega Latias ex,181,Special Illustration Rare,93.34,91.88,67.5,50,137,68,
230,Mega Evolution,2025-09-26,2025-10-06,2026-10-06,6,2026-06-24,24000,851252,me1-181,Mega Latias ex,181,Special Illustration Rare,93.75,89.61,63,50,137,68,
230,Mega Evolution,2025-09-26,2025-10-06,2026-10-06,6,2026-07-03,24000,851252,me1-181,Mega Latias ex,181,Special Illustration Rare,98.14,89.61,63,54.69,139,70,
230,Mega Evolution,2025-09-26,2025-10-06,2026-10-06,6,2026-07-07,24000,851252,me1-181,Mega Latias ex,181,Special Illustration Rare,101.28,90,72.99,54.69,139,68,
230,Mega Evolution,2025-09-26,2025-10-06,2026-10-06,6,2026-07-08,24000,851252,me1-181,Mega Latias ex,181,Special Illustration Rare,100.99,90,72.99,54.69,139,68,
230,Mega Evolution,2025-09-26,2025-10-06,2026-10-06,6,2026-07-13,24000,851252,me1-181,Mega Latias ex,181,Special Illustration Rare,102.38,90,71,52.99,139,68,
230,Mega Evolution,2025-09-26,2025-10-06,2026-10-06,6,2026-07-14,24000,851252,me1-181,Mega Latias ex,181,Special Illustration Rare,103.18,90,71,52.5,139,73,
230,Mega Evolution,2025-09-26,2025-10-06,2026-10-06,6,2026-07-18,24000,851252,me1-181,Mega Latias ex,181,Special Illustration Rare,107.76,90,69,59.9,139,73,
230,Mega Evolution,2025-09-26,2025-10-06,2026-10-06,6,2026-07-19,24000,851252,me1-181,Mega Latias ex,181,Special Illustration Rare,107.76,88.11,69,59.9,139,73,
230,Mega Evolution,2025-09-26,2025-10-06,2026-10-06,6,2026-07-20,24000,851252,me1-181,Mega Latias ex,181,Special Illustration Rare,107.27,87.23,69,53.99,139,72.89,
230,Mega Evolution,2025-09-26,2025-10-06,2026-10-06,6,2026-07-21,24000,851252,me1-181,Mega Latias ex,181,Special Illustration Rare,105.67,87.23,69,53.99,139,73,
230,Mega Evolution,2025-09-26,2025-10-06,2026-10-06,6,2026-07-22,24000,851252,me1-181,Mega Latias ex,181,Special Illustration Rare,105.67,87.23,69,53.99,139,73,
230,Mega Evolution,2025-09-26,2025-10-06,2026-10-06,6,2026-07-23,24000,851252,me1-181,Mega Latias ex,181,Special Illustration Rare,105.14,87.23,74.89,49.99,138,73.9,
230,Mega Evolution,2025-09-26,2025-10-06,2026-10-06,6,2026-07-24,24000,851252,me1-181,Mega Latias ex,181,Special Illustration Rare,105.14,90.38,73.5,49.99,138,73.9,
230,Mega Evolution,2025-09-26,2025-10-06,2026-10-06,6,2026-07-25,24000,851252,me1-181,Mega Latias ex,181,Special Illustration Rare,105.14,90.38,69,49.99,135,73.9,
230,Mega Evolution,2025-09-26,2025-10-06,2026-10-06,6,2026-07-26,24000,851252,me1-181,Mega Latias ex,181,Special Illustration Rare,105.13,90.38,69,49.99,139,73.9,
230,Mega Evolution,2025-09-26,2025-10-06,2026-10-06,6,2026-07-27,24000,851252,me1-181,Mega Latias ex,181,Special Illustration Rare,104.77,90.46,68.99,49.99,134,67,
230,Mega Evolution,2025-09-26,2025-10-06,2026-10-06,6,2026-07-28,24000,851252,me1-181,Mega Latias ex,181,Special Illustration Rare,104.77,90.46,68.99,49.99,134,67,
230,Mega Evolution,2025-09-26,2025-10-06,2026-10-06,6,2026-07-29,24000,851252,me1-181,Mega Latias ex,181,Special Illustration Rare,100.95,90.46,69,53.99,134,67,
230,Mega Evolution,2025-09-26,2025-10-06,2026-10-06,6,2026-07-30,24000,851252,me1-181,Mega Latias ex,181,Special Illustration Rare,100.95,90.46,69,53.99,134,67,79.4
230,Mega Evolution,2025-09-26,2025-10-06,2026-10-06,6,2026-07-31,24000,851252,me1-181,Mega Latias ex,181,Special Illustration Rare,100.95,90.46,69,53.99,134,67,78.35
230,Mega Evolution,2025-09-26,2025-10-06,2026-10-06,6,2026-08-01,24000,851252,me1-181,Mega Latias ex,181,Special Illustration Rare,105.33,90.46,69,54.79,139,70,78.35
230,Mega Evolution,2025-09-26,2025-10-06,2026-10-06,6,2026-08-03,24000,851252,me1-181,Mega Latias ex,181,Special Illustration Rare,105.33,90.46,69,54.79,139,70,76.68
230,Mega Evolution,2025-09-26,2025-10-06,2026-10-06,6,2026-08-04,24000,851252,me1-181,Mega Latias ex,181,Special Illustration Rare,106.32,90.46,69.99,54.79,139,70,76.68
230,Mega Evolution,2025-09-26,2025-10-06,2026-10-06,6,2026-08-05,24000,851252,me1-181,Mega Latias ex,181,Special Illustration Rare,106.32,90.46,69.99,54.79,139,70,75.84
230,Mega Evolution,2025-09-26,2025-10-06,2026-10-06,6,2026-08-06,24000,851252,me1-181,Mega Latias ex,181,Special Illustration Rare,104.05,90.03,68.5,54.79,139,70,75.84
230,Mega Evolution,2025-09-26,2025-10-06,2026-10-06,6,2026-08-08,24000,851252,me1-181,Mega Latias ex,181,Special Illustration Rare,100.1,90.03,72,54.79,139,70,75.84
230,Mega Evolution,2025-09-26,2025-10-06,2026-10-06,6,2026-08-10,24000,851252,me1-181,Mega Latias ex,181,Special Illustration Rare,99.2,90.03,72,54.79,139,70,74.13
230,Mega Evolution,2025-09-26,2025-10-06,2026-10-06,6,2026-08-11,24000,851252,me1-181,Mega Latias ex,181,Special Illustration Rare,99.36,90.03,72,53,139,70,74.13
230,Mega Evolution,2025-09-26,2025-10-06,2026-10-06,6,2026-08-12,24000,851252,me1-181,Mega Latias ex,181,Special Illustration Rare,99.2,90.03,72,54.79,139,70,74.19
230,Mega Evolution,2025-09-26,2025-10-06,2026-10-06,6,2026-08-13,24000,851252,me1-181,Mega Latias ex,181,Special Illustration Rare,99.97,90,72,53,139,69,74.19
230,Mega Evolution,2025-09-26,2025-10-06,2026-10-06,6,2026-08-14,24000,851252,me1-181,Mega Latias ex,181,Special Illustration Rare,102.28,90,72,53,145,69,74.19
230,Mega Evolution,2025-09-26,2025-10-06,2026-10-06,6,2026-08-15,24000,851252,me1-181,Mega Latias ex,181,Special Illustration Rare,102.28,90,72,53,138,69,74.54
230,Mega Evolution,2025-09-26,2025-10-06,2026-10-06,6,2026-08-16,24000,851252,me1-181,Mega Latias ex,181,Special Illustration Rare,102.18,90,71.99,53,138,68.95,74.54
230,Mega Evolution,2025-09-26,2025-10-06,2026-10-06,6,2026-08-17,24000,851252,me1-181,Mega Latias ex,181,Special Illustration Rare,102.18,90,71.99,53,138,68.95,74.07
230,Mega Evolution,2025-09-26,2025-10-06,2026-10-06,6,2026-08-18,24000,851252,me1-181,Mega Latias ex,181,Special Illustration Rare,105.32,90,70,53,138,68.95,74.07
230,Mega Evolution,2025-09-26,2025-10-06,2026-10-06,6,2026-08-19,24000,851252,me1-181,Mega Latias ex,181,Special Illustration Rare,106.57,90,69.69,55,150,68.95,74.03
230,Mega Evolution,2025-09-26,2025-10-06,2026-10-06,6,2026-08-20,24000,851252,me1-181,Mega Latias ex,181,Special Illustration Rare,100.05,90,69.69,53,150,68.95,74.03
230,Mega Evolution,2025-09-26,2025-10-06,2026-10-06,6,2026-08-22,24000,851252,me1-181,Mega Latias ex,181,Special Illustration Rare,100.05,90,69.69,53,150,68.95,74.03
230,Mega Evolution,2025-09-26,2025-10-06,2026-10-06,6,2026-08-23,24000,851252,me1-181,Mega Latias ex,181,Special Illustration Rare,99.26,90,69.69,52,146,69.59,74.03
230,Mega Evolution,2025-09-26,2025-10-06,2026-10-06,6,2026-08-24,24000,851252,me1-181,Mega Latias ex,181,Special Illustration Rare,99.33,90.25,69.69,52,130,69.59,72.6
230,Mega Evolution,2025-09-26,2025-10-06,2026-10-06,6,2026-08-25,24000,851252,me1-181,Mega Latias ex,181,Special Illustration Rare,99.33,90.25,69.69,52,130,69.59,72.6
230,Mega Evolution,2025-09-26,2025-10-06,2026-10-06,6,2026-08-27,24000,851252,me1-181,Mega Latias ex,181,Special Illustration Rare,99.42,90.25,69.69,52,150,70,71.97
230,Mega Evolution,2025-09-26,2025-10-06,2026-10-06,6,2026-08-29,24000,851252,me1-181,Mega Latias ex,181,Special Illustration Rare,98.9,89.99,69.69,55,130,68.95,71.9
230,Mega Evolution,2025-09-26,2025-10-06,2026-10-06,6,2026-08-30,24000,851252,me1-181,Mega Latias ex,181,Special Illustration Rare,98.9,89.99,70,55,130,68.95,71.9
230,Mega Evolution,2025-09-26,2025-10-06,2026-10-06,6,2026-08-31,24000,851252,me1-181,Mega Latias ex,181,Special Illustration Rare,97.74,89.99,74,55,130,68.95,71.9
230,Mega Evolution,2025-09-26,2025-10-06,2026-10-06,6,2026-09-01,24000,851252,me1-181,Mega Latias ex,181,Special Illustration Rare,98.07,85,70,55,130,68.95,72.41
230,Mega Evolution,2025-09-26,2025-10-06,2026-10-06,6,2026-09-03,24000,851252,me1-181,Mega Latias ex,181,Special Illustration Rare,100.59,89.99,70,55,130,68,72.41
230,Mega Evolution,2025-09-26,2025-10-06,2026-10-06,6,2026-09-04,24000,851252,me1-181,Mega Latias ex,181,Special Illustration Rare,98.61,90.46,73.99,55,139,68.95,71.79
230,Mega Evolution,2025-09-26,2025-10-06,2026-10-06,6,2026-09-05,24000,851252,me1-181,Mega Latias ex,181,Special Illustration Rare,101.23,85,70,55,139,68.99,71.79
230,Mega Evolution,2025-09-26,2025-10-06,2026-10-06,6,2026-09-06,24000,851252,me1-181,Mega Latias ex,181,Special Illustration Rare,101.23,85,70,59.9,139,68.99,71.79
230,Mega Evolution,2025-09-26,2025-10-06,2026-10-06,6,2026-09-07,24000,851252,me1-181,Mega Latias ex,181,Special Illustration Rare,100.61,85,70,55,139,68.95,71.79
230,Mega Evolution,2025-09-26,2025-10-06,2026-10-06,6,2026-09-09,24000,851252,me1-181,Mega Latias ex,181,Special Illustration Rare,98.78,85,74.89,50,139,68.95,71.79
230,Mega Evolution,2025-09-26,2025-10-06,2026-10-06,6,2026-09-11,24000,851252,me1-181,Mega Latias ex,181,Special Illustration Rare,99.9,85,72,50,139,66,71.79
230,Mega Evolution,2025-09-26,2025-10-06,2026-10-06,6,2026-09-13,24000,851252,me1-181,Mega Latias ex,181,Special Illustration Rare,101.14,85,72,50,139,66,71.79
230,Mega Evolution,2025-09-26,2025-10-06,2026-10-06,6,2026-09-14,24000,851252,me1-181,Mega Latias ex,181,Special Illustration Rare,101.74,85,72,50,139,69,66.69
230,Mega Evolution,2025-09-26,2025-10-06,2026-10-06,6,2026-09-16,24000,851252,me1-181,Mega Latias ex,181,Special Illustration Rare,100.91,90,72,50,139,66,64.89
230,Mega Evolution,2025-09-26,2025-10-06,2026-10-06,6,2026-09-19,24000,851252,me1-181,Mega Latias ex,181,Special Illustration Rare,103.28,72,72,48,139,66,64.74
230,Mega Evolution,2025-09-26,2025-10-06,2026-10-06,6,2026-09-21,24000,851252,me1-181,Mega Latias ex,181,Special Illustration Rare,103.28,72,72,48,139,66,65.11
230,Mega Evolution,2025-09-26,2025-10-06,2026-10-06,6,2026-09-22,24000,851252,me1-181,Mega Latias ex,181,Special Illustration Rare,100.29,80,68.5,48,139,63,65.11
230,Mega Evolution,2025-09-26,2025-10-06,2026-10-06,6,2026-09-23,24000,851252,me1-181,Mega Latias ex,181,Special Illustration Rare,100.29,80,68.5,48,139,63,65.38
230,Mega Evolution,2025-09-26,2025-10-06,2026-10-06,6,2026-09-25,24000,851252,me1-181,Mega Latias ex,181,Special Illustration Rare,97.42,80,63.5,48,138.99,61.89,65.38
230,Mega Evolution,2025-09-26,2025-10-06,2026-10-06,7,2025-10-06,24001,851253,me1-182,Mega Kangaskhan ex,182,Special Illustration Rare,,130,,,,,
230,Mega Evolution,2025-09-26,2025-10-06,2026-10-06,7,2025-10-07,24001,851253,me1-182,Mega Kangaskhan ex,182,Special Illustration Rare,,124,,,,,
230,Mega Evolution,2025-09-26,2025-10-06,2026-10-06,7,2025-10-09,24001,851253,me1-182,Mega Kangaskhan ex,182,Special Illustration Rare,,119.99,,,,,
230,Mega Evolution,2025-09-26,2025-10-06,2026-10-06,7,2025-10-10,24001,851253,me1-182,Mega Kangaskhan ex,182,Special Illustration Rare,,88.85,,,,,
230,Mega Evolution,2025-09-26,2025-10-06,2026-10-06,7,2025-10-11,24001,851253,me1-182,Mega Kangaskhan ex,182,Special Illustration Rare,,89.99,,,,,
230,Mega Evolution,2025-09-26,2025-10-06,2026-10-06,7,2025-10-13,24001,851253,me1-182,Mega Kangaskhan ex,182,Special Illustration Rare,,82.9,,,,,
230,Mega Evolution,2025-09-26,2025-10-06,2026-10-06,7,2025-10-14,24001,851253,me1-182,Mega Kangaskhan ex,182,Special Illustration Rare,,73.95,,,,,
230,Mega Evolution,2025-09-26,2025-10-06,2026-10-06,7,2025-10-15,24001,851253,me1-182,Mega Kangaskhan ex,182,Special Illustration Rare,,82.5,,,,,
230,Mega Evolution,2025-09-26,2025-10-06,2026-10-06,7,2025-10-16,24001,851253,me1-182,Mega Kangaskhan ex,182,Special Illustration Rare,,81.82,,,,,
230,Mega Evolution,2025-09-26,2025-10-06,2026-10-06,7,2025-10-17,24001,851253,me1-182,Mega Kangaskhan ex,182,Special Illustration Rare,,76.84,,,,,
230,Mega Evolution,2025-09-26,2025-10-06,2026-10-06,7,2025-10-18,24001,851253,me1-182,Mega Kangaskhan ex,182,Special Illustration Rare,,76.79,,,,,
230,Mega Evolution,2025-09-26,2025-10-06,2026-10-06,7,2025-10-19,24001,851253,me1-182,Mega Kangaskhan ex,182,Special Illustration Rare,,77.02,,,,,
230,Mega Evolution,2025-09-26,2025-10-06,2026-10-06,7,2025-10-20,24001,851253,me1-182,Mega Kangaskhan ex,182,Special Illustration Rare,,75.99,,,,,
230,Mega Evolution,2025-09-26,2025-10-06,2026-10-06,7,2025-10-22,24001,851253,me1-182,Mega Kangaskhan ex,182,Special Illustration Rare,,77.01,,,,,
230,Mega Evolution,2025-09-26,2025-10-06,2026-10-06,7,2025-10-23,24001,851253,me1-182,Mega Kangaskhan ex,182,Special Illustration Rare,,72.95,,,,,
230,Mega Evolution,2025-09-26,2025-10-06,2026-10-06,7,2025-10-25,24001,851253,me1-182,Mega Kangaskhan ex,182,Special Illustration Rare,,73,,,,,
230,Mega Evolution,2025-09-26,2025-10-06,2026-10-06,7,2025-10-26,24001,851253,me1-182,Mega Kangaskhan ex,182,Special Illustration Rare,,73,,,,,
230,Mega Evolution,2025-09-26,2025-10-06,2026-10-06,7,2025-10-27,24001,851253,me1-182,Mega Kangaskhan ex,182,Special Illustration Rare,,68.4,,,,,
230,Mega Evolution,2025-09-26,2025-10-06,2026-10-06,7,2025-10-28,24001,851253,me1-182,Mega Kangaskhan ex,182,Special Illustration Rare,,68.42,,,,,
230,Mega Evolution,2025-09-26,2025-10-06,2026-10-06,7,2025-10-29,24001,851253,me1-182,Mega Kangaskhan ex,182,Special Illustration Rare,,68.03,,,,,
230,Mega Evolution,2025-09-26,2025-10-06,2026-10-06,7,2025-10-30,24001,851253,me1-182,Mega Kangaskhan ex,182,Special Illustration Rare,,67.9,,,,,
230,Mega Evolution,2025-09-26,2025-10-06,2026-10-06,7,2025-10-31,24001,851253,me1-182,Mega Kangaskhan ex,182,Special Illustration Rare,,55,,,,,
230,Mega Evolution,2025-09-26,2025-10-06,2026-10-06,7,2025-11-01,24001,851253,me1-182,Mega Kangaskhan ex,182,Special Illustration Rare,,68.08,,,,,
230,Mega Evolution,2025-09-26,2025-10-06,2026-10-06,7,2025-11-02,24001,851253,me1-182,Mega Kangaskhan ex,182,Special Illustration Rare,,68.07,,,,,
230,Mega Evolution,2025-09-26,2025-10-06,2026-10-06,7,2025-11-03,24001,851253,me1-182,Mega Kangaskhan ex,182,Special Illustration Rare,,65,,,,,
230,Mega Evolution,2025-09-26,2025-10-06,2026-10-06,7,2025-11-04,24001,851253,me1-182,Mega Kangaskhan ex,182,Special Illustration Rare,,68.14,,,,,
230,Mega Evolution,2025-09-26,2025-10-06,2026-10-06,7,2025-11-05,24001,851253,me1-182,Mega Kangaskhan ex,182,Special Illustration Rare,,67.66,,,,,
230,Mega Evolution,2025-09-26,2025-10-06,2026-10-06,7,2025-11-06,24001,851253,me1-182,Mega Kangaskhan ex,182,Special Illustration Rare,,67.81,,,,,
230,Mega Evolution,2025-09-26,2025-10-06,2026-10-06,7,2025-11-07,24001,851253,me1-182,Mega Kangaskhan ex,182,Special Illustration Rare,,65.62,,,,,
230,Mega Evolution,2025-09-26,2025-10-06,2026-10-06,7,2025-11-08,24001,851253,me1-182,Mega Kangaskhan ex,182,Special Illustration Rare,,65.66,,,,,
230,Mega Evolution,2025-09-26,2025-10-06,2026-10-06,7,2025-11-09,24001,851253,me1-182,Mega Kangaskhan ex,182,Special Illustration Rare,,64.49,,,,,
230,Mega Evolution,2025-09-26,2025-10-06,2026-10-06,7,2025-11-10,24001,851253,me1-182,Mega Kangaskhan ex,182,Special Illustration Rare,,67.96,,,,,
230,Mega Evolution,2025-09-26,2025-10-06,2026-10-06,7,2025-11-11,24001,851253,me1-182,Mega Kangaskhan ex,182,Special Illustration Rare,,68.07,,,,,
230,Mega Evolution,2025-09-26,2025-10-06,2026-10-06,7,2025-11-12,24001,851253,me1-182,Mega Kangaskhan ex,182,Special Illustration Rare,,66.64,,,,,
230,Mega Evolution,2025-09-26,2025-10-06,2026-10-06,7,2025-11-13,24001,851253,me1-182,Mega Kangaskhan ex,182,Special Illustration Rare,,66.48,,,,,
230,Mega Evolution,2025-09-26,2025-10-06,2026-10-06,7,2025-11-14,24001,851253,me1-182,Mega Kangaskhan ex,182,Special Illustration Rare,,66.34,,,,,
230,Mega Evolution,2025-09-26,2025-10-06,2026-10-06,7,2025-11-15,24001,851253,me1-182,Mega Kangaskhan ex,182,Special Illustration Rare,,66.56,,,,,
230,Mega Evolution,2025-09-26,2025-10-06,2026-10-06,7,2025-11-17,24001,851253,me1-182,Mega Kangaskhan ex,182,Special Illustration Rare,,66.58,,,,,
230,Mega Evolution,2025-09-26,2025-10-06,2026-10-06,7,2025-11-18,24001,851253,me1-182,Mega Kangaskhan ex,182,Special Illustration Rare,,62,,,,,
230,Mega Evolution,2025-09-26,2025-10-06,2026-10-06,7,2025-11-21,24001,851253,me1-182,Mega Kangaskhan ex,182,Special Illustration Rare,,62,,,,,
230,Mega Evolution,2025-09-26,2025-10-06,2026-10-06,7,2025-11-22,24001,851253,me1-182,Mega Kangaskhan ex,182,Special Illustration Rare,,60,,,,,
230,Mega Evolution,2025-09-26,2025-10-06,2026-10-06,7,2025-11-23,24001,851253,me1-182,Mega Kangaskhan ex,182,Special Illustration Rare,,60,,,,,
230,Mega Evolution,2025-09-26,2025-10-06,2026-10-06,7,2025-11-24,24001,851253,me1-182,Mega Kangaskhan ex,182,Special Illustration Rare,,62,,,,,
230,Mega Evolution,2025-09-26,2025-10-06,2026-10-06,7,2025-11-29,24001,851253,me1-182,Mega Kangaskhan ex,182,Special Illustration Rare,,62,,,,,
230,Mega Evolution,2025-09-26,2025-10-06,2026-10-06,7,2025-12-01,24001,851253,me1-182,Mega Kangaskhan ex,182,Special Illustration Rare,,59.95,,,,,
230,Mega Evolution,2025-09-26,2025-10-06,2026-10-06,7,2025-12-02,24001,851253,me1-182,Mega Kangaskhan ex,182,Special Illustration Rare,,57.5,,,,,
230,Mega Evolution,2025-09-26,2025-10-06,2026-10-06,7,2025-12-03,24001,851253,me1-182,Mega Kangaskhan ex,182,Special Illustration Rare,,60,,,,,
230,Mega Evolution,2025-09-26,2025-10-06,2026-10-06,7,2025-12-04,24001,851253,me1-182,Mega Kangaskhan ex,182,Special Illustration Rare,,60,,,,,
230,Mega Evolution,2025-09-26,2025-10-06,2026-10-06,7,2025-12-05,24001,851253,me1-182,Mega Kangaskhan ex,182,Special Illustration Rare,,55,,,,,
230,Mega Evolution,2025-09-26,2025-10-06,2026-10-06,7,2025-12-06,24001,851253,me1-182,Mega Kangaskhan ex,182,Special Illustration Rare,,57.5,,,,,
230,Mega Evolution,2025-09-26,2025-10-06,2026-10-06,7,2025-12-07,24001,851253,me1-182,Mega Kangaskhan ex,182,Special Illustration Rare,,58.86,,,,,
230,Mega Evolution,2025-09-26,2025-10-06,2026-10-06,7,2025-12-08,24001,851253,me1-182,Mega Kangaskhan ex,182,Special Illustration Rare,,58.45,,,,,
230,Mega Evolution,2025-09-26,2025-10-06,2026-10-06,7,2025-12-10,24001,851253,me1-182,Mega Kangaskhan ex,182,Special Illustration Rare,,58.8,,,,,
230,Mega Evolution,2025-09-26,2025-10-06,2026-10-06,7,2025-12-11,24001,851253,me1-182,Mega Kangaskhan ex,182,Special Illustration Rare,,58.45,,,,,
230,Mega Evolution,2025-09-26,2025-10-06,2026-10-06,7,2025-12-12,24001,851253,me1-182,Mega Kangaskhan ex,182,Special Illustration Rare,,58.45,,,,,
230,Mega Evolution,2025-09-26,2025-10-06,2026-10-06,7,2025-12-13,24001,851253,me1-182,Mega Kangaskhan ex,182,Special Illustration Rare,,55,,,,,
230,Mega Evolution,2025-09-26,2025-10-06,2026-10-06,7,2025-12-16,24001,851253,me1-182,Mega Kangaskhan ex,182,Special Illustration Rare,,56,,,,,
230,Mega Evolution,2025-09-26,2025-10-06,2026-10-06,7,2025-12-17,24001,851253,me1-182,Mega Kangaskhan ex,182,Special Illustration Rare,,55,,,,,
230,Mega Evolution,2025-09-26,2025-10-06,2026-10-06,7,2025-12-20,24001,851253,me1-182,Mega Kangaskhan ex,182,Special Illustration Rare,,55,,,,,
230,Mega Evolution,2025-09-26,2025-10-06,2026-10-06,7,2025-12-21,24001,851253,me1-182,Mega Kangaskhan ex,182,Special Illustration Rare,,54.23,,,,,
230,Mega Evolution,2025-09-26,2025-10-06,2026-10-06,7,2025-12-22,24001,851253,me1-182,Mega Kangaskhan ex,182,Special Illustration Rare,,55,,,,,
230,Mega Evolution,2025-09-26,2025-10-06,2026-10-06,7,2026-01-01,24001,851253,me1-182,Mega Kangaskhan ex,182,Special Illustration Rare,,59.11,,,,,
230,Mega Evolution,2025-09-26,2025-10-06,2026-10-06,7,2026-01-02,24001,851253,me1-182,Mega Kangaskhan ex,182,Special Illustration Rare,,60,,,,,
230,Mega Evolution,2025-09-26,2025-10-06,2026-10-06,7,2026-01-09,24001,851253,me1-182,Mega Kangaskhan ex,182,Special Illustration Rare,,55,,,,,
230,Mega Evolution,2025-09-26,2025-10-06,2026-10-06,7,2026-01-27,24001,851253,me1-182,Mega Kangaskhan ex,182,Special Illustration Rare,,68.8,,,,,
230,Mega Evolution,2025-09-26,2025-10-06,2026-10-06,7,2026-01-29,24001,851253,me1-182,Mega Kangaskhan ex,182,Special Illustration Rare,,68.95,,,,,
230,Mega Evolution,2025-09-26,2025-10-06,2026-10-06,7,2026-02-02,24001,851253,me1-182,Mega Kangaskhan ex,182,Special Illustration Rare,,61.8,,,,,
230,Mega Evolution,2025-09-26,2025-10-06,2026-10-06,7,2026-02-10,24001,851253,me1-182,Mega Kangaskhan ex,182,Special Illustration Rare,,54.93,,,,,
230,Mega Evolution,2025-09-26,2025-10-06,2026-10-06,7,2026-02-16,24001,851253,me1-182,Mega Kangaskhan ex,182,Special Illustration Rare,,54.93,43,38.9,60,40.4,
230,Mega Evolution,2025-09-26,2025-10-06,2026-10-06,7,2026-02-17,24001,851253,me1-182,Mega Kangaskhan ex,182,Special Illustration Rare,,63.48,43.5,38.9,60,40.4,
230,Mega Evolution,2025-09-26,2025-10-06,2026-10-06,7,2026-02-24,24001,851253,me1-182,Mega Kangaskhan ex,182,Special Illustration Rare,,55,41,40,60,48.44,
230,Mega Evolution,2025-09-26,2025-10-06,2026-10-06,7,2026-02-25,24001,851253,me1-182,Mega Kangaskhan ex,182,Special Illustration Rare,,55,41,40,60,40,
230,Mega Evolution,2025-09-26,2025-10-06,2026-10-06,7,2026-03-01,24001,851253,me1-182,Mega Kangaskhan ex,182,Special Illustration Rare,,54.06,39.5,40,62,40.5,
230,Mega Evolution,2025-09-26,2025-10-06,2026-10-06,7,2026-03-10,24001,851253,me1-182,Mega Kangaskhan ex,182,Special Illustration Rare,,54.06,40,40,62,39.59,
230,Mega Evolution,2025-09-26,2025-10-06,2026-10-06,7,2026-03-13,24001,851253,me1-182,Mega Kangaskhan ex,182,Special Illustration Rare,,54.06,38.99,40,60,35,
230,Mega Evolution,2025-09-26,2025-10-06,2026-10-06,7,2026-03-14,24001,851253,me1-182,Mega Kangaskhan ex,182,Special Illustration Rare,,50,38.99,40,60,35,
230,Mega Evolution,2025-09-26,2025-10-06,2026-10-06,7,2026-03-15,24001,851253,me1-182,Mega Kangaskhan ex,182,Special Illustration Rare,,55,38,35,60,35,
230,Mega Evolution,2025-09-26,2025-10-06,2026-10-06,7,2026-03-16,24001,851253,me1-182,Mega Kangaskhan ex,182,Special Illustration Rare,,50,39.99,35,60,39.44,
230,Mega Evolution,2025-09-26,2025-10-06,2026-10-06,7,2026-03-17,24001,851253,me1-182,Mega Kangaskhan ex,182,Special Illustration Rare,,50,39.99,35,60,40,
230,Mega Evolution,2025-09-26,2025-10-06,2026-10-06,7,2026-03-19,24001,851253,me1-182,Mega Kangaskhan ex,182,Special Illustration Rare,,50,39.99,35,60,40,
230,Mega Evolution,2025-09-26,2025-10-06,2026-10-06,7,2026-03-21,24001,851253,me1-182,Mega Kangaskhan ex,182,Special Illustration Rare,,50,39.99,35,60,40.5,
230,Mega Evolution,2025-09-26,2025-10-06,2026-10-06,7,2026-03-22,24001,851253,me1-182,Mega Kangaskhan ex,182,Special Illustration Rare,,50,39.99,35,60,40,
230,Mega Evolution,2025-09-26,2025-10-06,2026-10-06,7,2026-03-24,24001,851253,me1-182,Mega Kangaskhan ex,182,Special Illustration Rare,,50,39.99,40,60,37,
230,Mega Evolution,2025-09-26,2025-10-06,2026-10-06,7,2026-03-29,24001,851253,me1-182,Mega Kangaskhan ex,182,Special Illustration Rare,,45,39.99,45,60,39.5,
230,Mega Evolution,2025-09-26,2025-10-06,2026-10-06,7,2026-03-30,24001,851253,me1-182,Mega Kangaskhan ex,182,Special Illustration Rare,,45,41.99,40,60,39.45,
230,Mega Evolution,2025-09-26,2025-10-06,2026-10-06,7,2026-03-31,24001,851253,me1-182,Mega Kangaskhan ex,182,Special Illustration Rare,,45,41.99,40,60,39.45,
230,Mega Evolution,2025-09-26,2025-10-06,2026-10-06,7,2026-04-01,24001,851253,me1-182,Mega Kangaskhan ex,182,Special Illustration Rare,51.45,45,40,40,54.99,39.45,
230,Mega Evolution,2025-09-26,2025-10-06,2026-10-06,7,2026-04-05,24001,851253,me1-182,Mega Kangaskhan ex,182,Special Illustration Rare,52.21,45,40,40,54.99,39.45,
230,Mega Evolution,2025-09-26,2025-10-06,2026-10-06,7,2026-04-07,24001,851253,me1-182,Mega Kangaskhan ex,182,Special Illustration Rare,52.04,45,41.99,40,55.5,39.8,
230,Mega Evolution,2025-09-26,2025-10-06,2026-10-06,7,2026-04-09,24001,851253,me1-182,Mega Kangaskhan ex,182,Special Illustration Rare,52.28,45,40.99,40,55.5,39.45,
230,Mega Evolution,2025-09-26,2025-10-06,2026-10-06,7,2026-04-12,24001,851253,me1-182,Mega Kangaskhan ex,182,Special Illustration Rare,54.02,45,38.99,40,55.5,39.98,
230,Mega Evolution,2025-09-26,2025-10-06,2026-10-06,7,2026-04-19,24001,851253,me1-182,Mega Kangaskhan ex,182,Special Illustration Rare,54.24,60,39.5,39,55.5,40,
230,Mega Evolution,2025-09-26,2025-10-06,2026-10-06,7,2026-04-26,24001,851253,me1-182,Mega Kangaskhan ex,182,Special Illustration Rare,53.75,64,38.5,40,55.5,38,
230,Mega Evolution,2025-09-26,2025-10-06,2026-10-06,7,2026-05-07,24001,851253,me1-182,Mega Kangaskhan ex,182,Special Illustration Rare,54.87,64,38.99,39,55.5,38,
230,Mega Evolution,2025-09-26,2025-10-06,2026-10-06,7,2026-05-12,24001,851253,me1-182,Mega Kangaskhan ex,182,Special Illustration Rare,54.61,64,38.99,40,58,38,
230,Mega Evolution,2025-09-26,2025-10-06,2026-10-06,7,2026-05-14,24001,851253,me1-182,Mega Kangaskhan ex,182,Special Illustration Rare,56.39,64,38.99,40,58,38,
230,Mega Evolution,2025-09-26,2025-10-06,2026-10-06,7,2026-05-18,24001,851253,me1-182,Mega Kangaskhan ex,182,Special Illustration Rare,57.24,64,38.99,40,58,39,
230,Mega Evolution,2025-09-26,2025-10-06,2026-10-06,7,2026-05-20,24001,851253,me1-182,Mega Kangaskhan ex,182,Special Illustration Rare,57.23,66.66,42.5,40,58,39,
230,Mega Evolution,2025-09-26,2025-10-06,2026-10-06,7,2026-05-24,24001,851253,me1-182,Mega Kangaskhan ex,182,Special Illustration Rare,58.91,66.66,43,40,58,39,
230,Mega Evolution,2025-09-26,2025-10-06,2026-10-06,7,2026-05-25,24001,851253,me1-182,Mega Kangaskhan ex,182,Special Illustration Rare,59.03,70,43,40,58,38.99,
230,Mega Evolution,2025-09-26,2025-10-06,2026-10-06,7,2026-05-26,24001,851253,me1-182,Mega Kangaskhan ex,182,Special Illustration Rare,59.17,70,42.5,40,60,38,
230,Mega Evolution,2025-09-26,2025-10-06,2026-10-06,7,2026-05-28,24001,851253,me1-182,Mega Kangaskhan ex,182,Special Illustration Rare,59.31,77,43.9,40,60,38,
230,Mega Evolution,2025-09-26,2025-10-06,2026-10-06,7,2026-05-29,24001,851253,me1-182,Mega Kangaskhan ex,182,Special Illustration Rare,59.77,70,43,40,60,38,
230,Mega Evolution,2025-09-26,2025-10-06,2026-10-06,7,2026-06-04,24001,851253,me1-182,Mega Kangaskhan ex,182,Special Illustration Rare,62.29,70,40,40,60,38,
230,Mega Evolution,2025-09-26,2025-10-06,2026-10-06,7,2026-06-05,24001,851253,me1-182,Mega Kangaskhan ex,182,Special Illustration Rare,61.41,69,42.42,40,64.99,38,
230,Mega Evolution,2025-09-26,2025-10-06,2026-10-06,7,2026-06-09,24001,851253,me1-182,Mega Kangaskhan ex,182,Special Illustration Rare,61.16,69,41,49.9,64.99,38.99,
230,Mega Evolution,2025-09-26,2025-10-06,2026-10-06,7,2026-06-13,24001,851253,me1-182,Mega Kangaskhan ex,182,Special Illustration Rare,61.01,69,42.99,45,65,38.9,
230,Mega Evolution,2025-09-26,2025-10-06,2026-10-06,7,2026-06-18,24001,851253,me1-182,Mega Kangaskhan ex,182,Special Illustration Rare,61.48,71.45,41.99,45,59,38.93,
230,Mega Evolution,2025-09-26,2025-10-06,2026-10-06,7,2026-06-23,24001,851253,me1-182,Mega Kangaskhan ex,182,Special Illustration Rare,62.09,71.45,41.78,45,59,35,
230,Mega Evolution,2025-09-26,2025-10-06,2026-10-06,7,2026-06-24,24001,851253,me1-182,Mega Kangaskhan ex,182,Special Illustration Rare,60.25,65.66,41,45,65,38.33,
230,Mega Evolution,2025-09-26,2025-10-06,2026-10-06,7,2026-07-03,24001,851253,me1-182,Mega Kangaskhan ex,182,Special Illustration Rare,60.14,66.08,40,43.5,65,35,
230,Mega Evolution,2025-09-26,2025-10-06,2026-10-06,7,2026-07-06,24001,851253,me1-182,Mega Kangaskhan ex,182,Special Illustration Rare,59.91,66.08,41.99,43.5,65,35,
230,Mega Evolution,2025-09-26,2025-10-06,2026-10-06,7,2026-07-07,24001,851253,me1-182,Mega Kangaskhan ex,182,Special Illustration Rare,58.78,66.08,41.99,43.5,60,35,
230,Mega Evolution,2025-09-26,2025-10-06,2026-10-06,7,2026-07-18,24001,851253,me1-182,Mega Kangaskhan ex,182,Special Illustration Rare,58.79,70,38,49.99,60,37,
230,Mega Evolution,2025-09-26,2025-10-06,2026-10-06,7,2026-07-19,24001,851253,me1-182,Mega Kangaskhan ex,182,Special Illustration Rare,58.45,70,39,43.5,60,37,
230,Mega Evolution,2025-09-26,2025-10-06,2026-10-06,7,2026-07-20,24001,851253,me1-182,Mega Kangaskhan ex,182,Special Illustration Rare,57.78,70,37.99,43.5,60,37,
230,Mega Evolution,2025-09-26,2025-10-06,2026-10-06,7,2026-07-21,24001,851253,me1-182,Mega Kangaskhan ex,182,Special Illustration Rare,57.78,70,40.99,43.5,60,37,
230,Mega Evolution,2025-09-26,2025-10-06,2026-10-06,7,2026-07-22,24001,851253,me1-182,Mega Kangaskhan ex,182,Special Illustration Rare,56.39,70,39,43.5,60,37,
230,Mega Evolution,2025-09-26,2025-10-06,2026-10-06,7,2026-07-23,24001,851253,me1-182,Mega Kangaskhan ex,182,Special Illustration Rare,56.47,70,39,43.5,60,37,
230,Mega Evolution,2025-09-26,2025-10-06,2026-10-06,7,2026-07-24,24001,851253,me1-182,Mega Kangaskhan ex,182,Special Illustration Rare,54.71,67,40,43.5,60,37,
230,Mega Evolution,2025-09-26,2025-10-06,2026-10-06,7,2026-07-25,24001,851253,me1-182,Mega Kangaskhan ex,182,Special Illustration Rare,54.94,67,41,43.5,60,37,
230,Mega Evolution,2025-09-26,2025-10-06,2026-10-06,7,2026-07-26,24001,851253,me1-182,Mega Kangaskhan ex,182,Special Illustration Rare,54.89,70,40.98,43.5,62,37,
230,Mega Evolution,2025-09-26,2025-10-06,2026-10-06,7,2026-07-27,24001,851253,me1-182,Mega Kangaskhan ex,182,Special Illustration Rare,55.29,67,39.5,43.5,62,37,
230,Mega Evolution,2025-09-26,2025-10-06,2026-10-06,7,2026-07-28,24001,851253,me1-182,Mega Kangaskhan ex,182,Special Illustration Rare,55.29,67,39.5,43.5,62,37,
230,Mega Evolution,2025-09-26,2025-10-06,2026-10-06,7,2026-07-29,24001,851253,me1-182,Mega Kangaskhan ex,182,Special Illustration Rare,55.28,67,39,43.5,62,37,
230,Mega Evolution,2025-09-26,2025-10-06,2026-10-06,7,2026-07-30,24001,851253,me1-182,Mega Kangaskhan ex,182,Special Illustration Rare,55.28,67,39,43.5,62,37,50.85
230,Mega Evolution,2025-09-26,2025-10-06,2026-10-06,7,2026-07-31,24001,851253,me1-182,Mega Kangaskhan ex,182,Special Illustration Rare,55.28,67,39,43.5,62,37,50.9
230,Mega Evolution,2025-09-26,2025-10-06,2026-10-06,7,2026-08-01,24001,851253,me1-182,Mega Kangaskhan ex,182,Special Illustration Rare,54.73,67,40,43.5,62,37,50.9
230,Mega Evolution,2025-09-26,2025-10-06,2026-10-06,7,2026-08-03,24001,851253,me1-182,Mega Kangaskhan ex,182,Special Illustration Rare,54.73,67,40,43.5,62,37,51.34
230,Mega Evolution,2025-09-26,2025-10-06,2026-10-06,7,2026-08-04,24001,851253,me1-182,Mega Kangaskhan ex,182,Special Illustration Rare,56.72,67,40,43.5,62,37,51.34
230,Mega Evolution,2025-09-26,2025-10-06,2026-10-06,7,2026-08-05,24001,851253,me1-182,Mega Kangaskhan ex,182,Special Illustration Rare,56.72,67,40,43.5,62,37,51.31
230,Mega Evolution,2025-09-26,2025-10-06,2026-10-06,7,2026-08-06,24001,851253,me1-182,Mega Kangaskhan ex,182,Special Illustration Rare,54.2,66.99,40,43.5,64,37,51.31
230,Mega Evolution,2025-09-26,2025-10-06,2026-10-06,7,2026-08-07,24001,851253,me1-182,Mega Kangaskhan ex,182,Special Illustration Rare,54.11,66.99,40,49.9,64,37,51.31
230,Mega Evolution,2025-09-26,2025-10-06,2026-10-06,7,2026-08-08,24001,851253,me1-182,Mega Kangaskhan ex,182,Special Illustration Rare,54.03,66.99,39,49.9,64,37,51.31
230,Mega Evolution,2025-09-26,2025-10-06,2026-10-06,7,2026-08-10,24001,851253,me1-182,Mega Kangaskhan ex,182,Special Illustration Rare,53.04,66.99,39.87,49.9,64,37,51.56
230,Mega Evolution,2025-09-26,2025-10-06,2026-10-06,7,2026-08-11,24001,851253,me1-182,Mega Kangaskhan ex,182,Special Illustration Rare,53.69,66.99,38.99,49.9,64,37,51.56
230,Mega Evolution,2025-09-26,2025-10-06,2026-10-06,7,2026-08-12,24001,851253,me1-182,Mega Kangaskhan ex,182,Special Illustration Rare,52.87,60.21,42,49.9,64,37,51.44
230,Mega Evolution,2025-09-26,2025-10-06,2026-10-06,7,2026-08-13,24001,851253,me1-182,Mega Kangaskhan ex,182,Special Illustration Rare,52.87,65.99,42,49.9,64,37,51.44
230,Mega Evolution,2025-09-26,2025-10-06,2026-10-06,7,2026-08-14,24001,851253,me1-182,Mega Kangaskhan ex,182,Special Illustration Rare,53.51,65.98,39.5,49.9,64,36.9,51.44
230,Mega Evolution,2025-09-26,2025-10-06,2026-10-06,7,2026-08-15,24001,851253,me1-182,Mega Kangaskhan ex,182,Special Illustration Rare,55.08,65.99,39.5,49.9,64,36.9,50.38
230,Mega Evolution,2025-09-26,2025-10-06,2026-10-06,7,2026-08-16,24001,851253,me1-182,Mega Kangaskhan ex,182,Special Illustration Rare,55.06,65.99,40.5,49.9,64,36.9,50.38
230,Mega Evolution,2025-09-26,2025-10-06,2026-10-06,7,2026-08-17,24001,851253,me1-182,Mega Kangaskhan ex,182,Special Illustration Rare,55.06,65.99,40.5,49.9,64,36.9,49.67
230,Mega Evolution,2025-09-26,2025-10-06,2026-10-06,7,2026-08-18,24001,851253,me1-182,Mega Kangaskhan ex,182,Special Illustration Rare,58.43,65.99,40.5,49.9,64,36.9,49.67
230,Mega Evolution,2025-09-26,2025-10-06,2026-10-06,7,2026-08-19,24001,851253,me1-182,Mega Kangaskhan ex,182,Special Illustration Rare,58.75,65.99,38,49.99,64,36.9,49.93
230,Mega Evolution,2025-09-26,2025-10-06,2026-10-06,7,2026-08-20,24001,851253,me1-182,Mega Kangaskhan ex,182,Special Illustration Rare,58.43,65.99,40.5,49.99,64,36.9,49.93
230,Mega Evolution,2025-09-26,2025-10-06,2026-10-06,7,2026-08-21,24001,851253,me1-182,Mega Kangaskhan ex,182,Special Illustration Rare,58.2,65,40.5,49.99,64,36.9,49.93
230,Mega Evolution,2025-09-26,2025-10-06,2026-10-06,7,2026-08-22,24001,851253,me1-182,Mega Kangaskhan ex,182,Special Illustration Rare,58.2,65.99,40.5,49.99,64,36.9,49.93
230,Mega Evolution,2025-09-26,2025-10-06,2026-10-06,7,2026-08-23,24001,851253,me1-182,Mega Kangaskhan ex,182,Special Illustration Rare,58.27,65.99,39.99,49.99,64,36.9,49.93
230,Mega Evolution,2025-09-26,2025-10-06,2026-10-06,7,2026-08-24,24001,851253,me1-182,Mega Kangaskhan ex,182,Special Illustration Rare,58.7,65.99,39.99,49.99,64,36.9,50.87
230,Mega Evolution,2025-09-26,2025-10-06,2026-10-06,7,2026-08-25,24001,851253,me1-182,Mega Kangaskhan ex,182,Special Illustration Rare,58.27,65.99,39.99,49.99,64,36.9,50.87
230,Mega Evolution,2025-09-26,2025-10-06,2026-10-06,7,2026-08-27,24001,851253,me1-182,Mega Kangaskhan ex,182,Special Illustration Rare,60.11,65.99,39.94,49.99,64,37,50.81
230,Mega Evolution,2025-09-26,2025-10-06,2026-10-06,7,2026-08-29,24001,851253,me1-182,Mega Kangaskhan ex,182,Special Illustration Rare,60.11,65.99,39.94,49.99,64,37,50.79
230,Mega Evolution,2025-09-26,2025-10-06,2026-10-06,7,2026-08-30,24001,851253,me1-182,Mega Kangaskhan ex,182,Special Illustration Rare,59.36,65.99,40,47.99,64,37,50.79
230,Mega Evolution,2025-09-26,2025-10-06,2026-10-06,7,2026-08-31,24001,851253,me1-182,Mega Kangaskhan ex,182,Special Illustration Rare,59.36,65,39.9,47.99,64,37,50.79
230,Mega Evolution,2025-09-26,2025-10-06,2026-10-06,7,2026-09-01,24001,851253,me1-182,Mega Kangaskhan ex,182,Special Illustration Rare,59.62,65,41.99,47.99,64,37,51.57
230,Mega Evolution,2025-09-26,2025-10-06,2026-10-06,7,2026-09-03,24001,851253,me1-182,Mega Kangaskhan ex,182,Special Illustration Rare,60.45,65,40.5,47.99,64,37,51.57
230,Mega Evolution,2025-09-26,2025-10-06,2026-10-06,7,2026-09-04,24001,851253,me1-182,Mega Kangaskhan ex,182,Special Illustration Rare,59.1,65,40.5,47.99,64,37,51.18
230,Mega Evolution,2025-09-26,2025-10-06,2026-10-06,7,2026-09-06,24001,851253,me1-182,Mega Kangaskhan ex,182,Special Illustration Rare,59.98,65,41.99,47.99,64,37.5,51.18
230,Mega Evolution,2025-09-26,2025-10-06,2026-10-06,7,2026-09-09,24001,851253,me1-182,Mega Kangaskhan ex,182,Special Illustration Rare,61.46,65,36,47.75,64,37.5,51.18
230,Mega Evolution,2025-09-26,2025-10-06,2026-10-06,7,2026-09-11,24001,851253,me1-182,Mega Kangaskhan ex,182,Special Illustration Rare,62.23,65,45.99,47.75,64,37.5,51.18
230,Mega Evolution,2025-09-26,2025-10-06,2026-10-06,7,2026-09-12,24001,851253,me1-182,Mega Kangaskhan ex,182,Special Illustration Rare,62.45,65,46.97,47.99,64,37.5,51.18
230,Mega Evolution,2025-09-26,2025-10-06,2026-10-06,7,2026-09-14,24001,851253,me1-182,Mega Kangaskhan ex,182,Special Illustration Rare,62.45,65,46.97,47.99,64,37.5,48.61
230,Mega Evolution,2025-09-26,2025-10-06,2026-10-06,7,2026-09-15,24001,851253,me1-182,Mega Kangaskhan ex,182,Special Illustration Rare,61.83,60.21,46.5,47.99,64,37.5,48.61
230,Mega Evolution,2025-09-26,2025-10-06,2026-10-06,7,2026-09-16,24001,851253,me1-182,Mega Kangaskhan ex,182,Special Illustration Rare,61.83,60.21,45,47.99,64,37.5,48.49
230,Mega Evolution,2025-09-26,2025-10-06,2026-10-06,7,2026-09-19,24001,851253,me1-182,Mega Kangaskhan ex,182,Special Illustration Rare,59.44,60.06,45,47.99,64,37.5,48.25
230,Mega Evolution,2025-09-26,2025-10-06,2026-10-06,7,2026-09-21,24001,851253,me1-182,Mega Kangaskhan ex,182,Special Illustration Rare,59.44,60.06,45,47.99,64,37.5,46.56
230,Mega Evolution,2025-09-26,2025-10-06,2026-10-06,7,2026-09-22,24001,851253,me1-182,Mega Kangaskhan ex,182,Special Illustration Rare,56.75,60.06,43.99,47,64.98,36,46.56
230,Mega Evolution,2025-09-26,2025-10-06,2026-10-06,7,2026-09-23,24001,851253,me1-182,Mega Kangaskhan ex,182,Special Illustration Rare,56.75,60.06,43.99,47,64.98,36,46.26
