captured_at,sort_price_field,artist.id,artist.name,artist.slug,card_code_number,card_number,cardmarket_id,episode.cards_printed_total,episode.cards_total,episode.code,episode.game.name,episode.game.slug,episode.id,episode.lang,episode.logo,episode.name,episode.prices.cardmarket.currency,episode.prices.cardmarket.total,episode.prices.tcgplayer.currency,episode.prices.tcgplayer.total,episode.released_at,episode.series.id,episode.series.name,episode.series.slug,episode.slug,hp,id,image,lang,links.cardmarket,links.tcgplayer,name,name_numbered,prices.cardmarket.30d_average,prices.cardmarket.7d_average,prices.cardmarket.available_items,prices.cardmarket.currency,prices.cardmarket.graded,prices.cardmarket.lowest_near_mint,prices.cardmarket.lowest_near_mint_DE,prices.cardmarket.lowest_near_mint_DE_EU_only,prices.cardmarket.lowest_near_mint_ES,prices.cardmarket.lowest_near_mint_ES_EU_only,prices.cardmarket.lowest_near_mint_EU_only,prices.cardmarket.lowest_near_mint_FR,prices.cardmarket.lowest_near_mint_FR_EU_only,prices.cardmarket.lowest_near_mint_IT,prices.cardmarket.lowest_near_mint_IT_EU_only,prices.ebay.currency,prices.ebay.graded.ace.10.median_price,prices.ebay.graded.ace.10.sample_size,prices.ebay.graded.ace.8.median_price,prices.ebay.graded.ace.8.sample_size,prices.ebay.graded.ace.9.median_price,prices.ebay.graded.ace.9.sample_size,prices.ebay.graded.cgc.10.median_price,prices.ebay.graded.cgc.10.sample_size,prices.ebay.graded.cgc.8.median_price,prices.ebay.graded.cgc.8.sample_size,prices.ebay.graded.cgc.9.median_price,prices.ebay.graded.cgc.9.sample_size,prices.ebay.graded.psa.10.median_price,prices.ebay.graded.psa.10.sample_size,prices.ebay.graded.psa.7.median_price,prices.ebay.graded.psa.7.sample_size,prices.ebay.graded.psa.8.median_price,prices.ebay.graded.psa.8.sample_size,prices.ebay.graded.psa.9.median_price,prices.ebay.graded.psa.9.sample_size,prices.ebay.graded.sgc.9.median_price,prices.ebay.graded.sgc.9.sample_size,prices.ebay.graded.tag.9.median_price,prices.ebay.graded.tag.9.sample_size,prices.tcg_player.currency,prices.tcg_player.market_price,rarity,slug,supertype,tcggo_url,tcgid,tcgplayer_id,type
2026-10-01T15:49:41+02:00,lowest_near_mint,1252,YOSHIROTTEN,yoshirotten,30C B/RGB,B/RGB,909511,128,128,30C,Pokémon,pokemon,431,en,https://images.tcggo.com/tcggo/storage/36628/30thcelebration.png,30th Celebration,EUR,10698.85,EUR,765.29,2026-09-16,17,Mega Evolution,mega-evolution,30th-celebration,,65818,https://images.tcggo.com/tcggo/storage/56782/mew-30c-brgb-30th-celebration.png,en,https://www.tcggo.com/external/cm/65818,,Mew,Mew B/RGB,2820,2820,35,EUR,[],3000,3000,3000,3200,3200,3000,2399,2399,2999.95,2999.95,USD,,,,,,,,,,,,,3066.7,1,,,,,,,,,,,,,RGB Rare,mew,,https://www.tcggo.com/pokemon/30th-celebration/mew-14,30C-B/RGB,,singles
2026-10-01T15:49:41+02:00,lowest_near_mint,1252,YOSHIROTTEN,yoshirotten,30C G/RGB,G/RGB,909510,128,128,30C,Pokémon,pokemon,431,en,https://images.tcggo.com/tcggo/storage/36628/30thcelebration.png,30th Celebration,EUR,10698.85,EUR,765.29,2026-09-16,17,Mega Evolution,mega-evolution,30th-celebration,,65819,https://images.tcggo.com/tcggo/storage/56783/mew-30c-grgb-30th-celebration.png,en,https://www.tcggo.com/external/cm/65819,,Mew,Mew G/RGB,2262.25,2262.25,37,EUR,[],3000,2900,2900,3000,3000,3000,2890,2890,3400,3400,,,,,,,,,,,,,,,,,,,,,,,,,,,,RGB Rare,mew,,https://www.tcggo.com/pokemon/30th-celebration/mew-16,30C-G/RGB,,singles
2026-10-01T15:49:41+02:00,lowest_near_mint,1252,YOSHIROTTEN,yoshirotten,30C R/RGB,R/RGB,909509,128,128,30C,Pokémon,pokemon,431,en,https://images.tcggo.com/tcggo/storage/36628/30thcelebration.png,30th Celebration,EUR,10698.85,EUR,765.29,2026-09-16,17,Mega Evolution,mega-evolution,30th-celebration,,65820,https://images.tcggo.com/tcggo/storage/56781/mew-30c-rrgb-30th-celebration.png,en,https://www.tcggo.com/external/cm/65820,,Mew,Mew R/RGB,2874.67,2874.67,41,EUR,[],3000,2490,2490,2800,2800,3000,3499,3499,3000,3000,,,,,,,,,,,,,,,,,,,,,,,,,,,,RGB Rare,mew,,https://www.tcggo.com/pokemon/30th-celebration/mew-17,30C-R/RGB,,singles
2026-10-01T15:49:41+02:00,lowest_near_mint,362,Naoyo Kimura,naoyo-kimura,30C AQ149,AQ149,907945,128,128,30C,Pokémon,pokemon,431,en,https://images.tcggo.com/tcggo/storage/36628/30thcelebration.png,30th Celebration,EUR,10698.85,EUR,765.29,2026-09-16,17,Mega Evolution,mega-evolution,30th-celebration,,65786,https://images.tcggo.com/tcggo/storage/55132/lugia-30c-aq149-30th-celebration.webp,en,https://www.tcggo.com/external/cm/65786,https://www.tcggo.com/external/tcgplayer/65786,Lugia,Lugia AQ149,217.46,214.49,206,EUR,[],190,200,200,189.99,189.99,190,319,319,230,230,,,,,,,,,,,,,,,,,,,,,,,,,,EUR,0,Rare Holo,lugia,,https://www.tcggo.com/pokemon/30th-celebration/lugia-13,30C-AQ149,714386,singles
2026-10-01T15:49:41+02:00,lowest_near_mint,375,Mitsuhiro Arita,mitsuhiro-arita,30C BS004,BS004,907940,128,128,30C,Pokémon,pokemon,431,en,https://images.tcggo.com/tcggo/storage/36628/30thcelebration.png,30th Celebration,EUR,10698.85,EUR,765.29,2026-09-16,17,Mega Evolution,mega-evolution,30th-celebration,,65789,https://images.tcggo.com/tcggo/storage/55135/charizard-30c-bs004-30th-celebration.webp,en,https://www.tcggo.com/external/cm/65789,https://www.tcggo.com/external/tcgplayer/65789,Charizard,Charizard BS004,169.65,169.89,250,EUR,[],189.54,149,149,193,193,195,195,195,225,225,,,,,,,,,,,,,,,,,,,,,,,,,,EUR,0,Rare Holo,charizard,,https://www.tcggo.com/pokemon/30th-celebration/charizard-26,30C-BS004,714372,singles
2026-10-01T15:49:41+02:00,lowest_near_mint,366,Kuroimori,kuroimori,30C 152,152,908354,128,128,30C,Pokémon,pokemon,431,en,https://images.tcggo.com/tcggo/storage/36628/30thcelebration.png,30th Celebration,EUR,10698.85,EUR,765.29,2026-09-16,17,Mega Evolution,mega-evolution,30th-celebration,,65816,https://images.tcggo.com/tcggo/storage/55125/mew-ex-30c-152-30th-celebration.webp,en,https://www.tcggo.com/external/cm/65816,,Mew ex,Mew ex 152,163.56,142.8,473,EUR,[],130,120,120,100,100,130,150,150,97,97,,,,,,,,,,,,,,,,,,,,,,,,,,,,Special Illustration Rare,mew-ex,,https://www.tcggo.com/pokemon/30th-celebration/mew-ex-3,30C-152,,singles
2026-10-01T15:49:41+02:00,lowest_near_mint,1071,CHORISO,choriso,30C 154,154,908355,128,128,30C,Pokémon,pokemon,431,en,https://images.tcggo.com/tcggo/storage/36628/30thcelebration.png,30th Celebration,EUR,10698.85,EUR,765.29,2026-09-16,17,Mega Evolution,mega-evolution,30th-celebration,,65817,https://images.tcggo.com/tcggo/storage/55127/gengar-ex-30c-154-30th-celebration.webp,en,https://www.tcggo.com/external/cm/65817,,Gengar ex,Gengar ex 154,126.53,109.36,402,EUR,[],94.05,94.99,94.99,79.99,79.99,100,109.98,109.98,73,73,USD,,,,,,,,,,,,,1331.06,1,,,,,,,,,,,,,Special Illustration Rare,gengar-ex,,https://www.tcggo.com/pokemon/30th-celebration/gengar-ex-1,30C-154,,singles
2026-10-01T15:49:41+02:00,lowest_near_mint,421,Shinji Kanda,shinji-kanda,30C PAL203,PAL203,907968,128,128,30C,Pokémon,pokemon,431,en,https://images.tcggo.com/tcggo/storage/36628/30thcelebration.png,30th Celebration,EUR,10698.85,EUR,765.29,2026-09-16,17,Mega Evolution,mega-evolution,30th-celebration,,65801,https://images.tcggo.com/tcggo/storage/55148/magikarp-30c-pal203-30th-celebration.webp,en,https://www.tcggo.com/external/cm/65801,https://www.tcggo.com/external/tcgplayer/65801,Magikarp,Magikarp PAL203,97.82,91.7,165,EUR,[],94,79.99,79.99,85,85,94,154.5,154.5,80,80,,,,,,,,,,,,,,,,,,,,,,,,,,EUR,0,Illustration Rare,magikarp,,https://www.tcggo.com/pokemon/30th-celebration/magikarp-43,30C-PAL203,716210,singles
2026-10-01T15:49:41+02:00,lowest_near_mint,454,kantaro,kantaro,30C 150,150,907757,128,128,30C,Pokémon,pokemon,431,en,https://images.tcggo.com/tcggo/storage/36628/30thcelebration.png,30th Celebration,EUR,10698.85,EUR,765.29,2026-09-16,17,Mega Evolution,mega-evolution,30th-celebration,,65673,https://images.tcggo.com/tcggo/storage/55123/pikachu-ex-30c-150-30th-celebration.webp,en,https://www.tcggo.com/external/cm/65673,https://www.tcggo.com/external/tcgplayer/65673,Pikachu ex,Pikachu ex 150,106.87,86.45,394,EUR,[],81,69,69,50,50,81,107.9,107.9,50,50,,,,,,,,,,,,,,,,,,,,,,,,,,EUR,93.45,Special Illustration Rare,pikachu-ex,,https://www.tcggo.com/pokemon/30th-celebration/pikachu-ex-5,30C-150,712954,singles
2026-10-01T15:49:41+02:00,lowest_near_mint,454,kantaro,kantaro,30C 149,149,907756,128,128,30C,Pokémon,pokemon,431,en,https://images.tcggo.com/tcggo/storage/36628/30thcelebration.png,30th Celebration,EUR,10698.85,EUR,765.29,2026-09-16,17,Mega Evolution,mega-evolution,30th-celebration,,65672,https://images.tcggo.com/tcggo/storage/55122/pikachu-ex-30c-149-30th-celebration.webp,en,https://www.tcggo.com/external/cm/65672,https://www.tcggo.com/external/tcgplayer/65672,Pikachu ex,Pikachu ex 149,94.5,78.28,409,EUR,[],75,60,60,55.99,55.99,75,80,85,55,55,,,,,,,,,,,,,,,,,,,,,,,,,,EUR,69.83,Special Illustration Rare,pikachu-ex,,https://www.tcggo.com/pokemon/30th-celebration/pikachu-ex-4,30C-149,712953,singles
2026-10-01T15:49:41+02:00,lowest_near_mint,476,Yano Keiji,yano-keiji,30C 151,151,908353,128,128,30C,Pokémon,pokemon,431,en,https://images.tcggo.com/tcggo/storage/36628/30thcelebration.png,30th Celebration,EUR,10698.85,EUR,765.29,2026-09-16,17,Mega Evolution,mega-evolution,30th-celebration,,65815,https://images.tcggo.com/tcggo/storage/55124/mewtwo-ex-30c-151-30th-celebration.webp,en,https://www.tcggo.com/external/cm/65815,,Mewtwo ex,Mewtwo ex 151,97.13,77.24,545,EUR,[],69,60,65,64,64,69,94.99,94.99,45,45,,,,,,,,,,,,,,,,,,,,,,,,,,,,Special Illustration Rare,mewtwo-ex,,https://www.tcggo.com/pokemon/30th-celebration/mewtwo-ex-3,30C-151,,singles
2026-10-01T15:49:41+02:00,lowest_near_mint,627,Takashi Yamaguchi,takashi-yamaguchi,30C TM094,TM094,907953,128,128,30C,Pokémon,pokemon,431,en,https://images.tcggo.com/tcggo/storage/36628/30thcelebration.png,30th Celebration,EUR,10698.85,EUR,765.29,2026-09-16,17,Mega Evolution,mega-evolution,30th-celebration,,65811,https://images.tcggo.com/tcggo/storage/55156/gengar-30c-tm094-30th-celebration.webp,en,https://www.tcggo.com/external/cm/65811,https://www.tcggo.com/external/tcgplayer/65811,Gengar,Gengar TM094,74.43,64.41,276,EUR,[],69,57,57,54.99,54.99,69,60,60,39,39,,,,,,,,,,,,,,,,,,,,,,,,,,EUR,0,Double Rare,gengar,,https://www.tcggo.com/pokemon/30th-celebration/gengar-28,30C-TM094,716198,singles
2026-10-01T15:49:41+02:00,lowest_near_mint,1252,YOSHIROTTEN,yoshirotten,30C 158,158,907762,128,128,30C,Pokémon,pokemon,431,en,https://images.tcggo.com/tcggo/storage/36628/30thcelebration.png,30th Celebration,EUR,10698.85,EUR,765.29,2026-09-16,17,Mega Evolution,mega-evolution,30th-celebration,,65678,https://images.tcggo.com/tcggo/storage/55131/mew-ex-30c-158-30th-celebration.webp,en,https://www.tcggo.com/external/cm/65678,https://www.tcggo.com/external/tcgplayer/65678,Mew ex,Mew ex 158,87.22,66.27,505,EUR,[],61,57,57,56,56,61,78,78,40,40,,,,,,,,,,,,,,,,,,,,,,,,,,EUR,95.26,Futuristic Rare,mew-ex,,https://www.tcggo.com/pokemon/30th-celebration/mew-ex-1,30C-158,696688,singles
2026-10-01T15:49:41+02:00,lowest_near_mint,434,AKIRA EGAWA,akira-egawa,30C 155,155,907759,128,128,30C,Pokémon,pokemon,431,en,https://images.tcggo.com/tcggo/storage/36628/30thcelebration.png,30th Celebration,EUR,10698.85,EUR,765.29,2026-09-16,17,Mega Evolution,mega-evolution,30th-celebration,,65675,https://images.tcggo.com/tcggo/storage/55128/jirachi-ex-30c-155-30th-celebration.webp,en,https://www.tcggo.com/external/cm/65675,https://www.tcggo.com/external/tcgplayer/65675,Jirachi ex,Jirachi ex 155,54.3,50.7,357,EUR,[],50,40,40,46.95,46.95,50,49.9,49.9,39,39,,,,,,,,,,,,,,,,,,,,,,,,,,EUR,60.38,Special Illustration Rare,jirachi-ex,,https://www.tcggo.com/pokemon/30th-celebration/jirachi-ex,30C-155,716232,singles
2026-10-01T15:49:41+02:00,lowest_near_mint,1252,YOSHIROTTEN,yoshirotten,30C 157,157,907761,128,128,30C,Pokémon,pokemon,431,en,https://images.tcggo.com/tcggo/storage/36628/30thcelebration.png,30th Celebration,EUR,10698.85,EUR,765.29,2026-09-16,17,Mega Evolution,mega-evolution,30th-celebration,,65677,https://images.tcggo.com/tcggo/storage/55130/mewtwo-ex-30c-157-30th-celebration.webp,en,https://www.tcggo.com/external/cm/65677,https://www.tcggo.com/external/tcgplayer/65677,Mewtwo ex,Mewtwo ex 157,76.55,55.23,585,EUR,[],50,43.95,43.95,44,44,50,69.9,69.9,43,43,USD,,,71.37,2,,,,,,,,,,,,,,,,,,,,,EUR,65.02,Futuristic Rare,mewtwo-ex,,https://www.tcggo.com/pokemon/30th-celebration/mewtwo-ex-1,30C-157,696687,singles
2026-10-01T15:49:41+02:00,lowest_near_mint,522,You Iribi,you-iribi,30C 153,153,907758,128,128,30C,Pokémon,pokemon,431,en,https://images.tcggo.com/tcggo/storage/36628/30thcelebration.png,30th Celebration,EUR,10698.85,EUR,765.29,2026-09-16,17,Mega Evolution,mega-evolution,30th-celebration,,65674,https://images.tcggo.com/tcggo/storage/55126/sylveon-ex-30c-153-30th-celebration.webp,en,https://www.tcggo.com/external/cm/65674,https://www.tcggo.com/external/tcgplayer/65674,Sylveon ex,Sylveon ex 153,64.32,54.87,447,EUR,[],50,44,47.99,40,40,50,60,61,33,33,,,,,,,,,,,,,,,,,,,,,,,,,,EUR,58.44,Special Illustration Rare,sylveon-ex,,https://www.tcggo.com/pokemon/30th-celebration/sylveon-ex-1,30C-153,716231,singles
2026-10-01T15:49:41+02:00,lowest_near_mint,375,Mitsuhiro Arita,mitsuhiro-arita,30C TEU033,TEU033,907963,128,128,30C,Pokémon,pokemon,431,en,https://images.tcggo.com/tcggo/storage/36628/30thcelebration.png,30th Celebration,EUR,10698.85,EUR,765.29,2026-09-16,17,Mega Evolution,mega-evolution,30th-celebration,,65807,https://images.tcggo.com/tcggo/storage/55155/pikachu-zekrom-gx-30c-teu033-30th-celebration.webp,en,https://www.tcggo.com/external/cm/65807,https://www.tcggo.com/external/tcgplayer/65807,Pikachu & Zekrom GX,Pikachu & Zekrom GX TEU033,37.27,34.24,254,EUR,[],35,30,30,30,30,35,50,50,16,16,,,,,,,,,,,,,,,,,,,,,,,,,,EUR,0,Ultra Rare,pikachu-zekrom-gx,,https://www.tcggo.com/pokemon/30th-celebration/pikachu-zekrom-gx-2,30C-TEU033,714373,singles
2026-10-01T15:49:41+02:00,lowest_near_mint,598,Hironobu Yoshida,hironobu-yoshida,30C NDE106,NDE106,907944,128,128,30C,Pokémon,pokemon,431,en,https://images.tcggo.com/tcggo/storage/36628/30thcelebration.png,30th Celebration,EUR,10698.85,EUR,765.29,2026-09-16,17,Mega Evolution,mega-evolution,30th-celebration,,65799,https://images.tcggo.com/tcggo/storage/55145/shining-celebi-30c-nde106-30th-celebration.webp,en,https://www.tcggo.com/external/cm/65799,https://www.tcggo.com/external/tcgplayer/65799,Shining Celebi,Shining Celebi NDE106,39.89,37.48,230,EUR,[],29.99,35,35,35,35,29.99,44.99,44.99,30,30,,,,,,,,,,,,,,,,,,,,,,,,,,EUR,0,SECRET RARE,shining-celebi,,https://www.tcggo.com/pokemon/30th-celebration/shining-celebi-1,30C-NDE106,716205,singles
2026-10-01T15:49:41+02:00,lowest_near_mint,457,Eske Yoshinob,eske-yoshinob,30C DRX085,DRX085,907957,128,128,30C,Pokémon,pokemon,431,en,https://images.tcggo.com/tcggo/storage/36628/30thcelebration.png,30th Celebration,EUR,10698.85,EUR,765.29,2026-09-16,17,Mega Evolution,mega-evolution,30th-celebration,,65792,https://images.tcggo.com/tcggo/storage/55138/rayquaza-ex-30c-drx085-30th-celebration.webp,en,https://www.tcggo.com/external/cm/65792,https://www.tcggo.com/external/tcgplayer/65792,Rayquaza EX,Rayquaza EX DRX085,28.91,26.55,165,EUR,[],24.99,36,36,26,26,24.99,38.8,38.8,21,21,,,,,,,,,,,,,,,,,,,,,,,,,,EUR,0,Ultra Rare,rayquaza-ex,,https://www.tcggo.com/pokemon/30th-celebration/rayquaza-ex-2,30C-DRX085,716196,singles
2026-10-01T15:49:41+02:00,lowest_near_mint,459,GIDORA,gidora,30C 148,148,907755,128,128,30C,Pokémon,pokemon,431,en,https://images.tcggo.com/tcggo/storage/36628/30thcelebration.png,30th Celebration,EUR,10698.85,EUR,765.29,2026-09-16,17,Mega Evolution,mega-evolution,30th-celebration,,65671,https://images.tcggo.com/tcggo/storage/55121/greninja-ex-30c-148-30th-celebration.webp,en,https://www.tcggo.com/external/cm/65671,https://www.tcggo.com/external/tcgplayer/65671,Greninja ex,Greninja ex 148,27.5,23.82,375,EUR,[],24,19,19,24.94,24.94,14.75,29.85,29.85,15,15,,,,,,,,,,,,,,,,,,,,,,,,,,EUR,33.99,Special Illustration Rare,greninja-ex,,https://www.tcggo.com/pokemon/30th-celebration/greninja-ex-1,30C-148,716230,singles
2026-10-01T15:49:41+02:00,lowest_near_mint,380,5ban Graphics,5ban-graphics,30C FST114,FST114,907966,128,128,30C,Pokémon,pokemon,431,en,https://images.tcggo.com/tcggo/storage/36628/30thcelebration.png,30th Celebration,EUR,10698.85,EUR,765.29,2026-09-16,17,Mega Evolution,mega-evolution,30th-celebration,,65794,https://images.tcggo.com/tcggo/storage/55140/mew-vmax-30c-fst114-30th-celebration.webp,en,https://www.tcggo.com/external/cm/65794,https://www.tcggo.com/external/tcgplayer/65794,Mew VMAX,Mew VMAX FST114,17.62,17.9,117,EUR,[],23.99,17.95,17.95,19,19,23.99,28,28,10.89,13.98,,,,,,,,,,,,,,,,,,,,,,,,,,EUR,0,Ultra Rare,mew-vmax,,https://www.tcggo.com/pokemon/30th-celebration/mew-vmax-2,30C-FST114,716207,singles
2026-10-01T15:49:41+02:00,lowest_near_mint,375,Mitsuhiro Arita,mitsuhiro-arita,30C BS058,BS058,907939,128,128,30C,Pokémon,pokemon,431,en,https://images.tcggo.com/tcggo/storage/36628/30thcelebration.png,30th Celebration,EUR,10698.85,EUR,765.29,2026-09-16,17,Mega Evolution,mega-evolution,30th-celebration,,65790,https://images.tcggo.com/tcggo/storage/55136/pikachu-30c-bs058-30th-celebration.webp,en,https://www.tcggo.com/external/cm/65790,https://www.tcggo.com/external/tcgplayer/65790,Pikachu,Pikachu BS058,28.15,27.4,182,EUR,[],22,24,24,29.95,29.95,22,29,29,26,26,,,,,,,,,,,,,,,,,,,,,,,,,,EUR,0,Common,pikachu,,https://www.tcggo.com/pokemon/30th-celebration/pikachu-145,30C-BS058,716194,singles
2026-10-01T15:49:41+02:00,lowest_near_mint,486,Ryota Murayama,ryota-murayama,30C 156,156,907760,128,128,30C,Pokémon,pokemon,431,en,https://images.tcggo.com/tcggo/storage/36628/30thcelebration.png,30th Celebration,EUR,10698.85,EUR,765.29,2026-09-16,17,Mega Evolution,mega-evolution,30th-celebration,,65676,https://images.tcggo.com/tcggo/storage/55129/salamence-ex-30c-156-30th-celebration.webp,en,https://www.tcggo.com/external/cm/65676,https://www.tcggo.com/external/tcgplayer/65676,Salamence ex,Salamence ex 156,25.38,22.72,437,EUR,[],16.5,19.5,19.5,18,18,16.5,28,28,14.28,14.28,USD,,,,,,,,,,,,,89.03,1,,,,,,,,,,,EUR,23.33,Special Illustration Rare,salamence-ex,,https://www.tcggo.com/pokemon/30th-celebration/salamence-ex-1,30C-156,716233,singles
2026-10-01T15:49:41+02:00,lowest_near_mint,629,Shinji Higuchi + Noriko Takaya,shinji-higuchi-noriko-takaya,30C TM099,TM099,907954,128,128,30C,Pokémon,pokemon,431,en,https://images.tcggo.com/tcggo/storage/36628/30thcelebration.png,30th Celebration,EUR,10698.85,EUR,765.29,2026-09-16,17,Mega Evolution,mega-evolution,30th-celebration,,65809,https://images.tcggo.com/tcggo/storage/55157/darkrai-cresselia-legend-30c-tm099-30th-celebration.webp,en,https://www.tcggo.com/external/cm/65809,https://www.tcggo.com/external/tcgplayer/65809,Darkrai & Cresselia LEGEND,Darkrai & Cresselia LEGEND TM099,19.28,18.72,152,EUR,[],16.2,18,18,14,14,16.2,23,23,14,14,,,,,,,,,,,,,,,,,,,,,,,,,,EUR,0,Ultra Rare,darkrai-cresselia-legend,,https://www.tcggo.com/pokemon/30th-celebration/darkrai-cresselia-legend,30C-TM099,716199,singles
2026-10-01T15:49:41+02:00,lowest_near_mint,460,Atsushi Furusawa,atsushi-furusawa,30C 147,147,907754,128,128,30C,Pokémon,pokemon,431,en,https://images.tcggo.com/tcggo/storage/36628/30thcelebration.png,30th Celebration,EUR,10698.85,EUR,765.29,2026-09-16,17,Mega Evolution,mega-evolution,30th-celebration,,65670,https://images.tcggo.com/tcggo/storage/55120/fuecoco-ex-30c-147-30th-celebration.webp,en,https://www.tcggo.com/external/cm/65670,https://www.tcggo.com/external/tcgplayer/65670,Fuecoco ex,Fuecoco ex 147,18.49,17.05,298,EUR,[],16,15,15,17.5,17.5,16,19.99,19.99,10,10,,,,,,,,,,,,,,,,,,,,,,,,,,EUR,19.15,Special Illustration Rare,fuecoco-ex,,https://www.tcggo.com/pokemon/30th-celebration/fuecoco-ex,30C-147,716229,singles
2026-10-01T15:49:41+02:00,lowest_near_mint,653,Nakaoka,nakaoka,30C TRR019,TRR019,907947,128,128,30C,Pokémon,pokemon,431,en,https://images.tcggo.com/tcggo/storage/36628/30thcelebration.png,30th Celebration,EUR,10698.85,EUR,765.29,2026-09-16,17,Mega Evolution,mega-evolution,30th-celebration,,65812,https://images.tcggo.com/tcggo/storage/55159/dark-tyranitar-30c-trr019-30th-celebration.webp,en,https://www.tcggo.com/external/cm/65812,https://www.tcggo.com/external/tcgplayer/65812,Dark Tyranitar,Dark Tyranitar TRR019,19.8,18.17,268,EUR,[],15,19.9,19.9,19.75,19.75,15,29,29.5,12,12,,,,,,,,,,,,,,,,,,,,,,,,,,EUR,0,rare,dark-tyranitar,,https://www.tcggo.com/pokemon/30th-celebration/dark-tyranitar-3,30C-TRR019,716160,singles
2026-10-01T15:49:41+02:00,lowest_near_mint,375,Mitsuhiro Arita,mitsuhiro-arita,30C UF108,UF108,907948,128,128,30C,Pokémon,pokemon,431,en,https://images.tcggo.com/tcggo/storage/36628/30thcelebration.png,30th Celebration,EUR,10698.85,EUR,765.29,2026-09-16,17,Mega Evolution,mega-evolution,30th-celebration,,65813,https://images.tcggo.com/tcggo/storage/55160/scizor-ex-30c-uf108-30th-celebration.webp,en,https://www.tcggo.com/external/cm/65813,https://www.tcggo.com/external/tcgplayer/65813,Scizor ex,Scizor ex UF108,13.04,11.91,175,EUR,[],13,9.5,9.5,13.5,13.5,13,14.99,14.99,9,9,,,,,,,,,,,,,,,,,,,,,,,,,,EUR,0,Ultra Rare,scizor-ex,,https://www.tcggo.com/pokemon/30th-celebration/scizor-ex,30C-UF108,716206,singles
2026-10-01T15:49:41+02:00,lowest_near_mint,380,5ban Graphics,5ban-graphics,30C PRC108,PRC108,907959,128,128,30C,Pokémon,pokemon,431,en,https://images.tcggo.com/tcggo/storage/36628/30thcelebration.png,30th Celebration,EUR,10698.85,EUR,765.29,2026-09-16,17,Mega Evolution,mega-evolution,30th-celebration,,65804,https://images.tcggo.com/tcggo/storage/55151/mgardevoir-ex-30c-prc108-30th-celebration.webp,en,https://www.tcggo.com/external/cm/65804,https://www.tcggo.com/external/tcgplayer/65804,MGardevoir EX,MGardevoir EX PRC108,13.26,13.22,176,EUR,[],12.99,11.3,11.3,15,15,12.99,12.49,12.49,9.99,9.99,,,,,,,,,,,,,,,,,,,,,,,,,,EUR,0,Ultra Rare,mgardevoir-ex,,https://www.tcggo.com/pokemon/30th-celebration/mgardevoir-ex,30C-PRC108,716204,singles
2026-10-01T15:49:41+02:00,lowest_near_mint,629,Shinji Higuchi + Noriko Takaya,shinji-higuchi-noriko-takaya,30C TM100,TM100,907955,128,128,30C,Pokémon,pokemon,431,en,https://images.tcggo.com/tcggo/storage/36628/30thcelebration.png,30th Celebration,EUR,10698.85,EUR,765.29,2026-09-16,17,Mega Evolution,mega-evolution,30th-celebration,,65810,https://images.tcggo.com/tcggo/storage/55158/darkrai-cresselia-legend-30c-tm100-30th-celebration.webp,en,https://www.tcggo.com/external/cm/65810,https://www.tcggo.com/external/tcgplayer/65810,Darkrai & Cresselia LEGEND,Darkrai & Cresselia LEGEND TM100,16.84,16.07,175,EUR,[],12.5,13.49,13.49,15,15,12.5,21,21,14.5,14.5,,,,,,,,,,,,,,,,,,,,,,,,,,EUR,0,Ultra Rare,darkrai-cresselia-legend,,https://www.tcggo.com/pokemon/30th-celebration/darkrai-cresselia-legend-1,30C-TM100,716200,singles
2026-10-01T15:49:41+02:00,lowest_near_mint,456,Hideki Ishikawa,hideki-ishikawa,30C VIV050,VIV050,907965,128,128,30C,Pokémon,pokemon,431,en,https://images.tcggo.com/tcggo/storage/36628/30thcelebration.png,30th Celebration,EUR,10698.85,EUR,765.29,2026-09-16,17,Mega Evolution,mega-evolution,30th-celebration,,65784,https://images.tcggo.com/tcggo/storage/55161/raikou-30c-viv050-30th-celebration.webp,en,https://www.tcggo.com/external/cm/65784,https://www.tcggo.com/external/tcgplayer/65784,Raikou,Raikou VIV050,11.8,11.52,160,EUR,[],10.9,9,11.99,10,10,10.9,14.99,14.99,9,9,,,,,,,,,,,,,,,,,,,,,,,,,,EUR,0,Amazing Rare,raikou,,https://www.tcggo.com/pokemon/30th-celebration/raikou-9,30C-VIV050,716192,singles
2026-10-01T15:49:41+02:00,lowest_near_mint,550,Ryo Ueda,ryo-ueda,30C GE106,GE106,907950,128,128,30C,Pokémon,pokemon,431,en,https://images.tcggo.com/tcggo/storage/36628/30thcelebration.png,30th Celebration,EUR,10698.85,EUR,765.29,2026-09-16,17,Mega Evolution,mega-evolution,30th-celebration,,65796,https://images.tcggo.com/tcggo/storage/55142/palkia-lvx-30c-ge106-30th-celebration.webp,en,https://www.tcggo.com/external/cm/65796,https://www.tcggo.com/external/tcgplayer/65796,Palkia LV.X,Palkia LV.X GE106,13.3,12.19,225,EUR,[],10,10.5,10.5,14,14,10,18,18,8,8,,,,,,,,,,,,,,,,,,,,,,,,,,EUR,0,Ultra Rare,palkia-lvx,,https://www.tcggo.com/pokemon/30th-celebration/palkia-lvx,30C-GE106,716203,singles
2026-10-01T15:49:41+02:00,lowest_near_mint,389,osare,osare,30C 146,146,907753,128,128,30C,Pokémon,pokemon,431,en,https://images.tcggo.com/tcggo/storage/36628/30thcelebration.png,30th Celebration,EUR,10698.85,EUR,765.29,2026-09-16,17,Mega Evolution,mega-evolution,30th-celebration,,65669,https://images.tcggo.com/tcggo/storage/55119/maushold-30c-146-30th-celebration.webp,en,https://www.tcggo.com/external/cm/65669,https://www.tcggo.com/external/tcgplayer/65669,Maushold,Maushold 146,10.47,8.7,434,EUR,[],9.99,7.98,7.98,6.75,6.75,9.99,4.5,4.5,2.9,2.9,USD,,,,,,,,,,,,,106.84,1,,,,,,,,,,,EUR,22.09,Illustration Rare,maushold,,https://www.tcggo.com/pokemon/30th-celebration/maushold-4,30C-146,716228,singles
2026-10-01T15:49:41+02:00,lowest_near_mint,556,Ken Sugimori,ken-sugimori,30C NVI101,NVI101,907956,128,128,30C,Pokémon,pokemon,431,en,https://images.tcggo.com/tcggo/storage/36628/30thcelebration.png,30th Celebration,EUR,10698.85,EUR,765.29,2026-09-16,17,Mega Evolution,mega-evolution,30th-celebration,,65785,https://images.tcggo.com/tcggo/storage/55147/n-30c-nvi101-30th-celebration.webp,en,https://www.tcggo.com/external/cm/65785,https://www.tcggo.com/external/tcgplayer/65785,N,N NVI101,13.47,12.3,226,EUR,[],8.4,10,10,17,17,8.4,11,11,6.38,6.38,,,,,,,,,,,,,,,,,,,,,,,,,,EUR,0,SECRET RARE,n,,https://www.tcggo.com/pokemon/30th-celebration/n-7,30C-NVI101,716202,singles
2026-10-01T15:49:41+02:00,lowest_near_mint,374,OKUBO,okubo,30C 139,139,907747,128,128,30C,Pokémon,pokemon,431,en,https://images.tcggo.com/tcggo/storage/36628/30thcelebration.png,30th Celebration,EUR,10698.85,EUR,765.29,2026-09-16,17,Mega Evolution,mega-evolution,30th-celebration,,65662,https://images.tcggo.com/tcggo/storage/55112/alolan-meowth-30c-139-30th-celebration.webp,en,https://www.tcggo.com/external/cm/65662,https://www.tcggo.com/external/tcgplayer/65662,Alolan Meowth,Alolan Meowth 139,9.43,8.16,473,EUR,[],8.4,7.99,7.99,5.97,5.97,8.4,9.9,9.9,2.89,2.89,,,,,,,,,,,,,,,,,,,,,,,,,,EUR,10.8,Illustration Rare,alolan-meowth,,https://www.tcggo.com/pokemon/30th-celebration/alolan-meowth-3,30C-139,714360,singles
2026-10-01T15:49:41+02:00,lowest_near_mint,556,Ken Sugimori,ken-sugimori,30C GC069,GC069,907942,128,128,30C,Pokémon,pokemon,431,en,https://images.tcggo.com/tcggo/storage/36628/30thcelebration.png,30th Celebration,EUR,10698.85,EUR,765.29,2026-09-16,17,Mega Evolution,mega-evolution,30th-celebration,,65795,https://images.tcggo.com/tcggo/storage/55141/erikas-jigglypuff-30c-gc069-30th-celebration.webp,en,https://www.tcggo.com/external/cm/65795,https://www.tcggo.com/external/tcgplayer/65795,Erika's Jigglypuff,Erika's Jigglypuff GC069,9.69,9.69,174,EUR,[],8,9.99,9.99,10,10,8,11.49,11.49,7,7,,,,,,,,,,,,,,,,,,,,,,,,,,EUR,0,Common,erikas-jigglypuff,,https://www.tcggo.com/pokemon/30th-celebration/erikas-jigglypuff-1,30C-GC069,716195,singles
2026-10-01T15:49:41+02:00,lowest_near_mint,769,mashu,mashu,30C 133,133,907741,128,128,30C,Pokémon,pokemon,431,en,https://images.tcggo.com/tcggo/storage/36628/30thcelebration.png,30th Celebration,EUR,10698.85,EUR,765.29,2026-09-16,17,Mega Evolution,mega-evolution,30th-celebration,,65656,https://images.tcggo.com/tcggo/storage/55106/zapdos-30c-133-30th-celebration.webp,en,https://www.tcggo.com/external/cm/65656,https://www.tcggo.com/external/tcgplayer/65656,Zapdos,Zapdos 133,9.86,8.82,488,EUR,[],8,8,8,7.75,7.75,8,9,9.99,4.3,4.3,,,,,,,,,,,,,,,,,,,,,,,,,,EUR,10.26,Illustration Rare,zapdos,,https://www.tcggo.com/pokemon/30th-celebration/zapdos-26,30C-133,716221,singles
2026-10-01T15:49:41+02:00,lowest_near_mint,380,5ban Graphics,5ban-graphics,30C BKP041,BKP041,907960,128,128,30C,Pokémon,pokemon,431,en,https://images.tcggo.com/tcggo/storage/36628/30thcelebration.png,30th Celebration,EUR,10698.85,EUR,765.29,2026-09-16,17,Mega Evolution,mega-evolution,30th-celebration,,65787,https://images.tcggo.com/tcggo/storage/55133/greninja-break-30c-bkp041-30th-celebration.webp,en,https://www.tcggo.com/external/cm/65787,https://www.tcggo.com/external/tcgplayer/65787,Greninja BREAK,Greninja BREAK BKP041,9.94,9.22,229,EUR,[],7.99,7.99,7.99,10.5,10.5,7.99,9.99,9.99,4.9,4.9,,,,,,,,,,,,,,,,,,,,,,,,,,EUR,0,Rare BREAK,greninja-break,,https://www.tcggo.com/pokemon/30th-celebration/greninja-break,30C-BKP041,716162,singles
2026-10-01T15:49:41+02:00,lowest_near_mint,556,Ken Sugimori,ken-sugimori,30C GH018,GH018,907941,128,128,30C,Pokémon,pokemon,431,en,https://images.tcggo.com/tcggo/storage/36628/30thcelebration.png,30th Celebration,EUR,10698.85,EUR,765.29,2026-09-16,17,Mega Evolution,mega-evolution,30th-celebration,,65797,https://images.tcggo.com/tcggo/storage/55143/misty-30c-gh018-30th-celebration.webp,en,https://www.tcggo.com/external/cm/65797,https://www.tcggo.com/external/tcgplayer/65797,Misty,Misty GH018,8.29,8.27,190,EUR,[],7.5,6.5,6.5,7,7,7.5,9.99,9.99,5.5,5.5,,,,,,,,,,,,,,,,,,,,,,,,,,EUR,0,rare,misty,,https://www.tcggo.com/pokemon/30th-celebration/misty-2,30C-GH018,716159,singles
2026-10-01T15:49:41+02:00,lowest_near_mint,488,Masakazu Fukuda,masakazu-fukuda,30C DS011,DS011,907949,128,128,30C,Pokémon,pokemon,431,en,https://images.tcggo.com/tcggo/storage/36628/30thcelebration.png,30th Celebration,EUR,10698.85,EUR,765.29,2026-09-16,17,Mega Evolution,mega-evolution,30th-celebration,,65793,https://images.tcggo.com/tcggo/storage/55139/metagross-d-delta-species-30c-ds011-30th-celebration.webp,en,https://www.tcggo.com/external/cm/65793,https://www.tcggo.com/external/tcgplayer/65793,Metagross δ Delta Species,Metagross δ Delta Species DS011,11.03,10.65,273,EUR,[],7.48,9,9,9.2,9.2,7.48,18.99,18.99,4.99,4.99,,,,,,,,,,,,,,,,,,,,,,,,,,EUR,0,Rare Holo,metagross-d-delta-species,,https://www.tcggo.com/pokemon/30th-celebration/metagross-d-delta-species,30C-DS011,716157,singles
2026-10-01T15:49:41+02:00,lowest_near_mint,769,mashu,mashu,30C 132,132,907740,128,128,30C,Pokémon,pokemon,431,en,https://images.tcggo.com/tcggo/storage/36628/30thcelebration.png,30th Celebration,EUR,10698.85,EUR,765.29,2026-09-16,17,Mega Evolution,mega-evolution,30th-celebration,,65655,https://images.tcggo.com/tcggo/storage/55105/articuno-30c-132-30th-celebration.webp,en,https://www.tcggo.com/external/cm/65655,https://www.tcggo.com/external/tcgplayer/65655,Articuno,Articuno 132,10.43,9.23,472,EUR,[],7.2,7.99,7.99,8,8,7.2,9,9,5,5,,,,,,,,,,,,,,,,,,,,,,,,,,EUR,10,Illustration Rare,articuno,,https://www.tcggo.com/pokemon/30th-celebration/articuno-21,30C-132,716220,singles
2026-10-01T15:49:41+02:00,lowest_near_mint,380,5ban Graphics,5ban-graphics,30C BRS123,BRS123,907967,128,128,30C,Pokémon,pokemon,431,en,https://images.tcggo.com/tcggo/storage/36628/30thcelebration.png,30th Celebration,EUR,10698.85,EUR,765.29,2026-09-16,17,Mega Evolution,mega-evolution,30th-celebration,,65788,https://images.tcggo.com/tcggo/storage/55134/arceus-vstar-30c-brs123-30th-celebration.webp,en,https://www.tcggo.com/external/cm/65788,https://www.tcggo.com/external/tcgplayer/65788,Arceus VSTAR,Arceus VSTAR BRS123,9.44,9.12,166,EUR,[],7,6.99,6.99,7.99,7.99,7,9,9,10,10,,,,,,,,,,,,,,,,,,,,,,,,,,EUR,0,Ultra Rare,arceus-vstar,,https://www.tcggo.com/pokemon/30th-celebration/arceus-vstar,30C-BRS123,716208,singles
2026-10-01T15:49:41+02:00,lowest_near_mint,545,Amelicart,amelicart,30C 131,131,907739,128,128,30C,Pokémon,pokemon,431,en,https://images.tcggo.com/tcggo/storage/36628/30thcelebration.png,30th Celebration,EUR,10698.85,EUR,765.29,2026-09-16,17,Mega Evolution,mega-evolution,30th-celebration,,65654,https://images.tcggo.com/tcggo/storage/55104/lapras-30c-131-30th-celebration.webp,en,https://www.tcggo.com/external/cm/65654,https://www.tcggo.com/external/tcgplayer/65654,Lapras,Lapras 131,11.22,9.51,539,EUR,[],7,8.5,8.5,7.99,7.99,7,9.8,9.8,3.2,3.2,USD,17.25,4,,,21.5,1,482.27,2,22.25,1,82.01,2,578.72,5,48.9,2,66.78,5,132.66,5,45.26,1,211.66,1,EUR,11.21,Illustration Rare,lapras,,https://www.tcggo.com/pokemon/30th-celebration/lapras-42,30C-131,696683,singles
2026-10-01T15:49:41+02:00,lowest_near_mint,609,PLANETA,planeta,30C SUM089,SUM089,907961,128,128,30C,Pokémon,pokemon,431,en,https://images.tcggo.com/tcggo/storage/36628/30thcelebration.png,30th Celebration,EUR,10698.85,EUR,765.29,2026-09-16,17,Mega Evolution,mega-evolution,30th-celebration,,65806,https://images.tcggo.com/tcggo/storage/55154/solgaleo-gx-30c-sum089-30th-celebration.webp,en,https://www.tcggo.com/external/cm/65806,https://www.tcggo.com/external/tcgplayer/65806,Solgaleo GX,Solgaleo GX SUM089,7.68,7.23,201,EUR,[],7,6,6,8.99,8.99,7,8.48,8.48,6,6,,,,,,,,,,,,,,,,,,,,,,,,,,EUR,0,Ultra Rare,solgaleo-gx,,https://www.tcggo.com/pokemon/30th-celebration/solgaleo-gx-2,30C-SUM089,716197,singles
2026-10-01T15:49:41+02:00,lowest_near_mint,643,Makoto Imai,makoto-imai,30C PL047,PL047,907952,128,128,30C,Pokémon,pokemon,431,en,https://images.tcggo.com/tcggo/storage/36628/30thcelebration.png,30th Celebration,EUR,10698.85,EUR,765.29,2026-09-16,17,Mega Evolution,mega-evolution,30th-celebration,,65802,https://images.tcggo.com/tcggo/storage/55149/crobat-g-lv44-30c-pl047-30th-celebration.webp,en,https://www.tcggo.com/external/cm/65802,https://www.tcggo.com/external/tcgplayer/65802,Crobat [G] Lv.44,Crobat [G] Lv.44 PL047,7.81,7.25,222,EUR,[],7,6.9,6.9,9,9,7,11,11,4,4,,,,,,,,,,,,,,,,,,,,,,,,,,EUR,0,Uncommon,crobat-g-lv44,,https://www.tcggo.com/pokemon/30th-celebration/crobat-g-lv44,30C-PL047,716191,singles
2026-10-01T15:49:41+02:00,lowest_near_mint,380,5ban Graphics,5ban-graphics,30C SSH138,SSH138,907964,128,128,30C,Pokémon,pokemon,431,en,https://images.tcggo.com/tcggo/storage/36628/30thcelebration.png,30th Celebration,EUR,10698.85,EUR,765.29,2026-09-16,17,Mega Evolution,mega-evolution,30th-celebration,,65805,https://images.tcggo.com/tcggo/storage/55153/zacian-v-30c-ssh138-30th-celebration.webp,en,https://www.tcggo.com/external/cm/65805,https://www.tcggo.com/external/tcgplayer/65805,Zacian V,Zacian V SSH138,7.7,7.6,185,EUR,[],6.4,6.95,6.95,7.99,7.99,6.4,9.5,9.5,4.8,4.8,,,,,,,,,,,,,,,,,,,,,,,,,,EUR,0,Ultra Rare,zacian-v,,https://www.tcggo.com/pokemon/30th-celebration/zacian-v-2,30C-SSH138,716209,singles
2026-10-01T15:49:41+02:00,lowest_near_mint,769,mashu,mashu,30C 130,130,907738,128,128,30C,Pokémon,pokemon,431,en,https://images.tcggo.com/tcggo/storage/36628/30thcelebration.png,30th Celebration,EUR,10698.85,EUR,765.29,2026-09-16,17,Mega Evolution,mega-evolution,30th-celebration,,65653,https://images.tcggo.com/tcggo/storage/55103/moltres-30c-130-30th-celebration.webp,en,https://www.tcggo.com/external/cm/65653,https://www.tcggo.com/external/tcgplayer/65653,Moltres,Moltres 130,10.1,9.04,520,EUR,[],6.2,7.99,7.99,7.95,7.95,6.2,10.97,10.97,4.29,4.29,,,,,,,,,,,,,,,,,,,,,,,,,,EUR,11.47,Illustration Rare,moltres,,https://www.tcggo.com/pokemon/30th-celebration/moltres-23,30C-130,716219,singles
2026-10-01T15:49:41+02:00,lowest_near_mint,374,OKUBO,okubo,30C 144,144,907751,128,128,30C,Pokémon,pokemon,431,en,https://images.tcggo.com/tcggo/storage/36628/30thcelebration.png,30th Celebration,EUR,10698.85,EUR,765.29,2026-09-16,17,Mega Evolution,mega-evolution,30th-celebration,,65667,https://images.tcggo.com/tcggo/storage/55117/meowth-30c-144-30th-celebration.webp,en,https://www.tcggo.com/external/cm/65667,https://www.tcggo.com/external/tcgplayer/65667,Meowth,Meowth 144,11.41,10.17,430,EUR,[],6.1,8.99,8.99,9,9,6.1,10,10,4.5,4.5,,,,,,,,,,,,,,,,,,,,,,,,,,EUR,16.8,Illustration Rare,meowth,,https://www.tcggo.com/pokemon/30th-celebration/meowth-29,30C-144,714358,singles
2026-10-01T15:49:41+02:00,lowest_near_mint,556,Ken Sugimori,ken-sugimori,30C NG025,NG025,907943,128,128,30C,Pokémon,pokemon,431,en,https://images.tcggo.com/tcggo/storage/36628/30thcelebration.png,30th Celebration,EUR,10698.85,EUR,765.29,2026-09-16,17,Mega Evolution,mega-evolution,30th-celebration,,65800,https://images.tcggo.com/tcggo/storage/55146/sneasel-30c-ng025-30th-celebration.webp,en,https://www.tcggo.com/external/cm/65800,https://www.tcggo.com/external/tcgplayer/65800,Sneasel,Sneasel NG025,7.8,7.4,286,EUR,[],6,6.5,6.5,7.99,7.99,6,9,9,7,7,,,,,,,,,,,,,,,,,,,,,,,,,,EUR,0,rare,sneasel,,https://www.tcggo.com/pokemon/30th-celebration/sneasel-29,30C-NG025,716161,singles
2026-10-01T15:49:41+02:00,lowest_near_mint,556,Ken Sugimori,ken-sugimori,30C LA043,LA043,907951,128,128,30C,Pokémon,pokemon,431,en,https://images.tcggo.com/tcggo/storage/36628/30thcelebration.png,30th Celebration,EUR,10698.85,EUR,765.29,2026-09-16,17,Mega Evolution,mega-evolution,30th-celebration,,65798,https://images.tcggo.com/tcggo/storage/55144/uxie-lv55-30c-la043-30th-celebration.webp,en,https://www.tcggo.com/external/cm/65798,https://www.tcggo.com/external/tcgplayer/65798,Uxie Lv.55,Uxie Lv.55 LA043,6.98,6.71,252,EUR,[],5.65,7,7,7.99,7.99,5.65,7,7,3.5,3.5,,,,,,,,,,,,,,,,,,,,,,,,,,EUR,0,Rare Holo,uxie-lv55,,https://www.tcggo.com/pokemon/30th-celebration/uxie-lv55,30C-LA043,716163,singles
2026-10-01T15:49:41+02:00,lowest_near_mint,457,Eske Yoshinob,eske-yoshinob,30C PLB097,PLB097,907958,128,128,30C,Pokémon,pokemon,431,en,https://images.tcggo.com/tcggo/storage/36628/30thcelebration.png,30th Celebration,EUR,10698.85,EUR,765.29,2026-09-16,17,Mega Evolution,mega-evolution,30th-celebration,,65803,https://images.tcggo.com/tcggo/storage/55150/genesect-ex-30c-plb097-30th-celebration.webp,en,https://www.tcggo.com/external/cm/65803,https://www.tcggo.com/external/tcgplayer/65803,Genesect EX,Genesect EX PLB097,6.58,6.39,183,EUR,[],5,5,5,4.99,4.99,5,8.9,8.9,6.9,6.9,,,,,,,,,,,,,,,,,,,,,,,,,,EUR,0,Ultra Rare,genesect-ex,,https://www.tcggo.com/pokemon/30th-celebration/genesect-ex,30C-PLB097,716158,singles
2026-10-01T15:49:41+02:00,lowest_near_mint,374,OKUBO,okubo,30C 141,141,907749,128,128,30C,Pokémon,pokemon,431,en,https://images.tcggo.com/tcggo/storage/36628/30thcelebration.png,30th Celebration,EUR,10698.85,EUR,765.29,2026-09-16,17,Mega Evolution,mega-evolution,30th-celebration,,65664,https://images.tcggo.com/tcggo/storage/55114/galarian-meowth-30c-141-30th-celebration.webp,en,https://www.tcggo.com/external/cm/65664,https://www.tcggo.com/external/tcgplayer/65664,Galarian Meowth,Galarian Meowth 141,8.99,7.74,442,EUR,[],4.8,4.9,4.9,5,5,4.8,9,9,4.4,4.4,,,,,,,,,,,,,,,,,,,,,,,,,,EUR,12.28,Illustration Rare,galarian-meowth,,https://www.tcggo.com/pokemon/30th-celebration/galarian-meowth-5,30C-141,716226,singles
2026-10-01T15:49:41+02:00,lowest_near_mint,514,Atsuko Nishida,atsuko-nishida,30C RS005,RS005,907946,128,128,30C,Pokémon,pokemon,431,en,https://images.tcggo.com/tcggo/storage/36628/30thcelebration.png,30th Celebration,EUR,10698.85,EUR,765.29,2026-09-16,17,Mega Evolution,mega-evolution,30th-celebration,,65808,https://images.tcggo.com/tcggo/storage/55152/delcatty-30c-rs005-30th-celebration.webp,en,https://www.tcggo.com/external/cm/65808,https://www.tcggo.com/external/tcgplayer/65808,Delcatty,Delcatty RS005,6.37,6.05,190,EUR,[],3.99,5,5,18,18,3.99,7.97,7.97,3.96,3.96,,,,,,,,,,,,,,,,,,,,,,,,,,EUR,0,rare,delcatty,,https://www.tcggo.com/pokemon/30th-celebration/delcatty-20,30C-RS005,716156,singles
2026-10-01T15:49:41+02:00,lowest_near_mint,1309,313,313,30C 145,145,907752,128,128,30C,Pokémon,pokemon,431,en,https://images.tcggo.com/tcggo/storage/36628/30thcelebration.png,30th Celebration,EUR,10698.85,EUR,765.29,2026-09-16,17,Mega Evolution,mega-evolution,30th-celebration,,65668,https://images.tcggo.com/tcggo/storage/55118/hisuian-zorua-30c-145-30th-celebration.webp,en,https://www.tcggo.com/external/cm/65668,https://www.tcggo.com/external/tcgplayer/65668,Hisuian Zorua,Hisuian Zorua 145,6.68,5.76,470,EUR,[],3.8,4.99,4.99,4,4,3.8,6.9,6.9,2.5,2.5,,,,,,,,,,,,,,,,,,,,,,,,,,EUR,9.83,Illustration Rare,hisuian-zorua,,https://www.tcggo.com/pokemon/30th-celebration/hisuian-zorua-3,30C-145,696686,singles
2026-10-01T15:49:41+02:00,lowest_near_mint,380,5ban Graphics,5ban-graphics,30C CIN057,CIN057,907962,128,128,30C,Pokémon,pokemon,431,en,https://images.tcggo.com/tcggo/storage/36628/30thcelebration.png,30th Celebration,EUR,10698.85,EUR,765.29,2026-09-16,17,Mega Evolution,mega-evolution,30th-celebration,,65791,https://images.tcggo.com/tcggo/storage/55137/buzzwole-gx-30c-cin057-30th-celebration.webp,en,https://www.tcggo.com/external/cm/65791,https://www.tcggo.com/external/tcgplayer/65791,Buzzwole GX,Buzzwole GX CIN057,4.69,4.61,197,EUR,[],3.75,3.99,3.99,4.8,4.8,3.75,4.9,4.9,3,3,,,,,,,,,,,,,,,,,,,,,,,,,,EUR,0,Ultra Rare,buzzwole-gx,,https://www.tcggo.com/pokemon/30th-celebration/buzzwole-gx-1,30C-CIN057,716193,singles
2026-10-01T15:49:41+02:00,lowest_near_mint,371,aky CG Works,aky-cg-works,30C 066,066,907673,128,128,30C,Pokémon,pokemon,431,en,https://images.tcggo.com/tcggo/storage/36628/30thcelebration.png,30th Celebration,EUR,10698.85,EUR,765.29,2026-09-16,17,Mega Evolution,mega-evolution,30th-celebration,,65689,https://images.tcggo.com/tcggo/storage/55039/mew-ex-30c-066-30th-celebration.webp,en,https://www.tcggo.com/external/cm/65689,https://www.tcggo.com/external/tcgplayer/65689,Mew ex,Mew ex 066,5.27,4.21,471,EUR,[],3.49,4.4,4.4,4.4,4.4,3.49,2.95,2.95,1.95,1.95,,,,,,,,,,,,,,,,,,,,,,,,,,EUR,6.39,Double Rare,mew-ex,,https://www.tcggo.com/pokemon/30th-celebration/mew-ex-2,30C-066,716465,singles
2026-10-01T15:49:41+02:00,lowest_near_mint,776,Yoshimi Miyoshi,yoshimi-miyoshi,30C 135,135,907743,128,128,30C,Pokémon,pokemon,431,en,https://images.tcggo.com/tcggo/storage/36628/30thcelebration.png,30th Celebration,EUR,10698.85,EUR,765.29,2026-09-16,17,Mega Evolution,mega-evolution,30th-celebration,,65658,https://images.tcggo.com/tcggo/storage/55108/morpeko-30c-135-30th-celebration.webp,en,https://www.tcggo.com/external/cm/65658,https://www.tcggo.com/external/tcgplayer/65658,Morpeko,Morpeko 135,6.33,5.23,486,EUR,[],3.1,4.7,4.7,5,5,3.1,3.9,3.9,1.5,1.5,,,,,,,,,,,,,,,,,,,,,,,,,,EUR,9.12,Illustration Rare,morpeko,,https://www.tcggo.com/pokemon/30th-celebration/morpeko-11,30C-135,716223,singles
2026-10-01T15:49:41+02:00,lowest_near_mint,432,Whisker,whisker,30C 136,136,907744,128,128,30C,Pokémon,pokemon,431,en,https://images.tcggo.com/tcggo/storage/36628/30thcelebration.png,30th Celebration,EUR,10698.85,EUR,765.29,2026-09-16,17,Mega Evolution,mega-evolution,30th-celebration,,65659,https://images.tcggo.com/tcggo/storage/55109/drifloon-30c-136-30th-celebration.webp,en,https://www.tcggo.com/external/cm/65659,https://www.tcggo.com/external/tcgplayer/65659,Drifloon,Drifloon 136,4.48,3.88,500,EUR,[],2.43,2.79,2.79,3.3,3.3,2.43,3.69,3.69,1.8,1.8,,,,,,,,,,,,,,,,,,,,,,,,,,EUR,6.35,Illustration Rare,drifloon,,https://www.tcggo.com/pokemon/30th-celebration/drifloon-17,30C-136,696684,singles
2026-10-01T15:49:41+02:00,lowest_near_mint,453,AYUMI ODASHIMA,ayumi-odashima,30C 129,129,907737,128,128,30C,Pokémon,pokemon,431,en,https://images.tcggo.com/tcggo/storage/36628/30thcelebration.png,30th Celebration,EUR,10698.85,EUR,765.29,2026-09-16,17,Mega Evolution,mega-evolution,30th-celebration,,65652,https://images.tcggo.com/tcggo/storage/55102/alolan-exeggutor-30c-129-30th-celebration.webp,en,https://www.tcggo.com/external/cm/65652,https://www.tcggo.com/external/tcgplayer/65652,Alolan Exeggutor,Alolan Exeggutor 129,4.27,3.84,577,EUR,[],2.23,3.25,3.25,3,3,2.23,3.99,4,1.3,1.3,,,,,,,,,,,,,,,,,,,,,,,,,,EUR,4.08,Illustration Rare,alolan-exeggutor,,https://www.tcggo.com/pokemon/30th-celebration/alolan-exeggutor-6,30C-129,716218,singles
2026-10-01T15:49:41+02:00,lowest_near_mint,439,Kazumasa Yasukuni,kazumasa-yasukuni,30C 134,134,907742,128,128,30C,Pokémon,pokemon,431,en,https://images.tcggo.com/tcggo/storage/36628/30thcelebration.png,30th Celebration,EUR,10698.85,EUR,765.29,2026-09-16,17,Mega Evolution,mega-evolution,30th-celebration,,65657,https://images.tcggo.com/tcggo/storage/55107/toxtricity-30c-134-30th-celebration.webp,en,https://www.tcggo.com/external/cm/65657,https://www.tcggo.com/external/tcgplayer/65657,Toxtricity,Toxtricity 134,3.79,3.4,443,EUR,[],2.2,2.99,2.99,3.5,3.5,2.2,4.9,4.9,1.99,1.99,,,,,,,,,,,,,,,,,,,,,,,,,,EUR,5,Illustration Rare,toxtricity,,https://www.tcggo.com/pokemon/30th-celebration/toxtricity-9,30C-134,716222,singles
2026-10-01T15:49:41+02:00,lowest_near_mint,831,Raita Kazama,raita-kazama,30C 138,138,907746,128,128,30C,Pokémon,pokemon,431,en,https://images.tcggo.com/tcggo/storage/36628/30thcelebration.png,30th Celebration,EUR,10698.85,EUR,765.29,2026-09-16,17,Mega Evolution,mega-evolution,30th-celebration,,65661,https://images.tcggo.com/tcggo/storage/55111/lycanroc-30c-138-30th-celebration.webp,en,https://www.tcggo.com/external/cm/65661,https://www.tcggo.com/external/tcgplayer/65661,Lycanroc,Lycanroc 138,3.18,2.72,610,EUR,[],1.99,1.9,1.9,1.99,1.99,1.99,3,3,0.89,0.89,,,,,,,,,,,,,,,,,,,,,,,,,,EUR,3.09,Illustration Rare,lycanroc,,https://www.tcggo.com/pokemon/30th-celebration/lycanroc-12,30C-138,696685,singles
2026-10-01T15:49:41+02:00,lowest_near_mint,380,5ban Graphics,5ban-graphics,30C 090,090,907697,128,128,30C,Pokémon,pokemon,431,en,https://images.tcggo.com/tcggo/storage/36628/30thcelebration.png,30th Celebration,EUR,10698.85,EUR,765.29,2026-09-16,17,Mega Evolution,mega-evolution,30th-celebration,,65713,https://images.tcggo.com/tcggo/storage/55063/gengar-ex-30c-090-30th-celebration.webp,en,https://www.tcggo.com/external/cm/65713,https://www.tcggo.com/external/tcgplayer/65713,Gengar ex,Gengar ex 090,2.54,2.22,621,EUR,[],1.89,1.75,1.75,1.9,1.9,1.89,1.4,1.5,0.25,0.25,,,,,,,,,,,,,,,,,,,,,,,,,,EUR,3.21,Double Rare,gengar-ex,,https://www.tcggo.com/pokemon/30th-celebration/gengar-ex,30C-090,716485,singles
2026-10-01T15:49:41+02:00,lowest_near_mint,1325,Takeshi Namakura,takeshi-namakura,30C 026,026,907633,128,128,30C,Pokémon,pokemon,431,en,https://images.tcggo.com/tcggo/storage/36628/30thcelebration.png,30th Celebration,EUR,10698.85,EUR,765.29,2026-09-16,17,Mega Evolution,mega-evolution,30th-celebration,,65749,https://images.tcggo.com/tcggo/storage/54999/pikachu-30c-026-30th-celebration.webp,en,https://www.tcggo.com/external/cm/65749,https://www.tcggo.com/external/tcgplayer/65749,Pikachu,Pikachu 026,2.17,2.1,501,EUR,[],1.81,1,1,0.75,0.75,1.95,1.9,1.95,0.6,0.6,,,,,,,,,,,,,,,,,,,,,,,,,,EUR,1.88,Pikachu Rare,pikachu,,https://www.tcggo.com/pokemon/30th-celebration/pikachu-111,30C-026,712936,singles
2026-10-01T15:49:41+02:00,lowest_near_mint,490,takuyoa,takuyoa,30C 054,054,907661,128,128,30C,Pokémon,pokemon,431,en,https://images.tcggo.com/tcggo/storage/36628/30thcelebration.png,30th Celebration,EUR,10698.85,EUR,765.29,2026-09-16,17,Mega Evolution,mega-evolution,30th-celebration,,65777,https://images.tcggo.com/tcggo/storage/55027/pikachu-ex-30c-054-30th-celebration.webp,en,https://www.tcggo.com/external/cm/65777,https://www.tcggo.com/external/tcgplayer/65777,Pikachu ex,Pikachu ex 054,2.26,2.03,580,EUR,[],1.7,1.4,1.4,1.99,1.99,1.7,2,2,0.5,0.5,,,,,,,,,,,,,,,,,,,,,,,,,,EUR,2.85,Double Rare,pikachu-ex,,https://www.tcggo.com/pokemon/30th-celebration/pikachu-ex-7,30C-054,712952,singles
2026-10-01T15:49:41+02:00,lowest_near_mint,396,Gemi,gemi,30C 143,143,908352,128,128,30C,Pokémon,pokemon,431,en,https://images.tcggo.com/tcggo/storage/36628/30thcelebration.png,30th Celebration,EUR,10698.85,EUR,765.29,2026-09-16,17,Mega Evolution,mega-evolution,30th-celebration,,65814,https://images.tcggo.com/tcggo/storage/55116/kommo-o-30c-143-30th-celebration.webp,en,https://www.tcggo.com/external/cm/65814,,Kommo-o,Kommo-o 143,3.32,2.84,627,EUR,[],1.5,2.3,2.3,2,2,1.5,2.5,2.5,0.9,0.9,,,,,,,,,,,,,,,,,,,,,,,,,,,,Illustration Rare,kommo-o,,https://www.tcggo.com/pokemon/30th-celebration/kommo-o-4,30C-143,,singles
2026-10-01T15:49:41+02:00,lowest_near_mint,380,5ban Graphics,5ban-graphics,30C 053,053,907660,128,128,30C,Pokémon,pokemon,431,en,https://images.tcggo.com/tcggo/storage/36628/30thcelebration.png,30th Celebration,EUR,10698.85,EUR,765.29,2026-09-16,17,Mega Evolution,mega-evolution,30th-celebration,,65776,https://images.tcggo.com/tcggo/storage/55026/pikachu-ex-30c-053-30th-celebration.webp,en,https://www.tcggo.com/external/cm/65776,https://www.tcggo.com/external/tcgplayer/65776,Pikachu ex,Pikachu ex 053,2.17,1.91,596,EUR,[],1.5,1,1,1.45,1.45,1.5,1.75,1.75,0.3,0.3,,,,,,,,,,,,,,,,,,,,,,,,,,EUR,2.71,Double Rare,pikachu-ex,,https://www.tcggo.com/pokemon/30th-celebration/pikachu-ex-6,30C-053,712951,singles
2026-10-01T15:49:41+02:00,lowest_near_mint,452,Susumu Maeya,susumu-maeya,30C 035,035,907642,128,128,30C,Pokémon,pokemon,431,en,https://images.tcggo.com/tcggo/storage/36628/30thcelebration.png,30th Celebration,EUR,10698.85,EUR,765.29,2026-09-16,17,Mega Evolution,mega-evolution,30th-celebration,,65758,https://images.tcggo.com/tcggo/storage/55008/pikachu-30c-035-30th-celebration.webp,en,https://www.tcggo.com/external/cm/65758,https://www.tcggo.com/external/tcgplayer/65758,Pikachu,Pikachu 035,2.13,2.04,517,EUR,[],1.5,1.8,1.8,0.7,0.7,1.5,1.45,1.45,0.29,0.29,,,,,,,,,,,,,,,,,,,,,,,,,,EUR,1.59,Pikachu Rare,pikachu,,https://www.tcggo.com/pokemon/30th-celebration/pikachu-125,30C-035,716313,singles
2026-10-01T15:49:41+02:00,lowest_near_mint,410,Shimaris Yukichi,shimaris-yukichi,30C 050,050,907657,128,128,30C,Pokémon,pokemon,431,en,https://images.tcggo.com/tcggo/storage/36628/30thcelebration.png,30th Celebration,EUR,10698.85,EUR,765.29,2026-09-16,17,Mega Evolution,mega-evolution,30th-celebration,,65773,https://images.tcggo.com/tcggo/storage/55023/pikachu-30c-050-30th-celebration.webp,en,https://www.tcggo.com/external/cm/65773,https://www.tcggo.com/external/tcgplayer/65773,Pikachu,Pikachu 050,2.12,1.99,476,EUR,[],1.49,1.45,1.45,1.1,1.1,1.49,2,2,0.5,0.5,,,,,,,,,,,,,,,,,,,,,,,,,,EUR,1.29,Pikachu Rare,pikachu,,https://www.tcggo.com/pokemon/30th-celebration/pikachu-142,30C-050,712950,singles
2026-10-01T15:49:41+02:00,lowest_near_mint,426,Akira Komayama,akira-komayama,30C 042,042,907649,128,128,30C,Pokémon,pokemon,431,en,https://images.tcggo.com/tcggo/storage/36628/30thcelebration.png,30th Celebration,EUR,10698.85,EUR,765.29,2026-09-16,17,Mega Evolution,mega-evolution,30th-celebration,,65765,https://images.tcggo.com/tcggo/storage/55015/pikachu-30c-042-30th-celebration.webp,en,https://www.tcggo.com/external/cm/65765,https://www.tcggo.com/external/tcgplayer/65765,Pikachu,Pikachu 042,1.83,1.72,490,EUR,[],1.49,1,1,0.69,0.69,1.49,1.5,1.5,0.3,0.3,,,,,,,,,,,,,,,,,,,,,,,,,,EUR,1.08,Pikachu Rare,pikachu,,https://www.tcggo.com/pokemon/30th-celebration/pikachu-134,30C-042,712946,singles
2026-10-01T15:49:41+02:00,lowest_near_mint,441,Tomokazu Komiya,tomokazu-komiya,30C 032,032,907639,128,128,30C,Pokémon,pokemon,431,en,https://images.tcggo.com/tcggo/storage/36628/30thcelebration.png,30th Celebration,EUR,10698.85,EUR,765.29,2026-09-16,17,Mega Evolution,mega-evolution,30th-celebration,,65755,https://images.tcggo.com/tcggo/storage/55005/pikachu-30c-032-30th-celebration.webp,en,https://www.tcggo.com/external/cm/65755,https://www.tcggo.com/external/tcgplayer/65755,Pikachu,Pikachu 032,3.37,3.01,590,EUR,[],1.44,2,2,1,1,1.44,2.5,2.5,2,2,,,,,,,,,,,,,,,,,,,,,,,,,,EUR,3.51,Pikachu Rare,pikachu,,https://www.tcggo.com/pokemon/30th-celebration/pikachu-121,30C-032,712939,singles
2026-10-01T15:49:41+02:00,lowest_near_mint,524,KIYOTAKA OSHIYAMA,kiyotaka-oshiyama,30C 048,048,907655,128,128,30C,Pokémon,pokemon,431,en,https://images.tcggo.com/tcggo/storage/36628/30thcelebration.png,30th Celebration,EUR,10698.85,EUR,765.29,2026-09-16,17,Mega Evolution,mega-evolution,30th-celebration,,65771,https://images.tcggo.com/tcggo/storage/55021/pikachu-30c-048-30th-celebration.webp,en,https://www.tcggo.com/external/cm/65771,https://www.tcggo.com/external/tcgplayer/65771,Pikachu,Pikachu 048,1.99,1.89,488,EUR,[],1.18,1,1,1.09,1.09,1.18,1.5,1.5,0.5,0.5,,,,,,,,,,,,,,,,,,,,,,,,,,EUR,1.78,Pikachu Rare,pikachu,,https://www.tcggo.com/pokemon/30th-celebration/pikachu-140,30C-048,716316,singles
2026-10-01T15:49:41+02:00,lowest_near_mint,765,YASHIRO Nanaco,yashiro-nanaco,30C 137,137,907745,128,128,30C,Pokémon,pokemon,431,en,https://images.tcggo.com/tcggo/storage/36628/30thcelebration.png,30th Celebration,EUR,10698.85,EUR,765.29,2026-09-16,17,Mega Evolution,mega-evolution,30th-celebration,,65660,https://images.tcggo.com/tcggo/storage/55110/chandelure-30c-137-30th-celebration.webp,en,https://www.tcggo.com/external/cm/65660,https://www.tcggo.com/external/tcgplayer/65660,Chandelure,Chandelure 137,3.3,2.83,580,EUR,[],1.1,2,2,2.25,2.25,1.1,2,2,0.99,0.99,,,,,,,,,,,,,,,,,,,,,,,,,,EUR,5.01,Illustration Rare,chandelure,,https://www.tcggo.com/pokemon/30th-celebration/chandelure-17,30C-137,716224,singles
2026-10-01T15:49:41+02:00,lowest_near_mint,369,toriyufu,toriyufu,30C 142,142,907750,128,128,30C,Pokémon,pokemon,431,en,https://images.tcggo.com/tcggo/storage/36628/30thcelebration.png,30th Celebration,EUR,10698.85,EUR,765.29,2026-09-16,17,Mega Evolution,mega-evolution,30th-celebration,,65665,https://images.tcggo.com/tcggo/storage/55115/gholdengo-30c-142-30th-celebration.webp,en,https://www.tcggo.com/external/cm/65665,https://www.tcggo.com/external/tcgplayer/65665,Gholdengo,Gholdengo 142,2.69,2.48,554,EUR,[],1,1.7,1.7,1.97,1.97,1,2.45,2.45,0.8,0.8,,,,,,,,,,,,,,,,,,,,,,,,,,EUR,3,Illustration Rare,gholdengo,,https://www.tcggo.com/pokemon/30th-celebration/gholdengo-3,30C-142,716227,singles
2026-10-01T15:49:41+02:00,lowest_near_mint,622,James Turner,james-turner,30C 029,029,907636,128,128,30C,Pokémon,pokemon,431,en,https://images.tcggo.com/tcggo/storage/36628/30thcelebration.png,30th Celebration,EUR,10698.85,EUR,765.29,2026-09-16,17,Mega Evolution,mega-evolution,30th-celebration,,65752,https://images.tcggo.com/tcggo/storage/55002/pikachu-30c-029-30th-celebration.webp,en,https://www.tcggo.com/external/cm/65752,https://www.tcggo.com/external/tcgplayer/65752,Pikachu,Pikachu 029,1.85,1.69,557,EUR,[],1,1,1,1,1,1,1.74,1.74,0.9,0.9,,,,,,,,,,,,,,,,,,,,,,,,,,EUR,2.03,Pikachu Rare,pikachu,,https://www.tcggo.com/pokemon/30th-celebration/pikachu-117,30C-029,716311,singles
2026-10-01T15:49:41+02:00,lowest_near_mint,525,USGMEN,usgmen,30C 034,034,907641,128,128,30C,Pokémon,pokemon,431,en,https://images.tcggo.com/tcggo/storage/36628/30thcelebration.png,30th Celebration,EUR,10698.85,EUR,765.29,2026-09-16,17,Mega Evolution,mega-evolution,30th-celebration,,65757,https://images.tcggo.com/tcggo/storage/55007/pikachu-30c-034-30th-celebration.webp,en,https://www.tcggo.com/external/cm/65757,https://www.tcggo.com/external/tcgplayer/65757,Pikachu,Pikachu 034,1.52,1.34,916,EUR,[],1,0.95,0.95,0.6,0.6,1,1,1,0.15,0.15,,,,,,,,,,,,,,,,,,,,,,,,,,EUR,2.73,Pikachu Rare,pikachu,,https://www.tcggo.com/pokemon/30th-celebration/pikachu-123,30C-034,712941,singles
2026-10-01T15:49:41+02:00,lowest_near_mint,430,akagi,akagi,30C 044,044,907651,128,128,30C,Pokémon,pokemon,431,en,https://images.tcggo.com/tcggo/storage/36628/30thcelebration.png,30th Celebration,EUR,10698.85,EUR,765.29,2026-09-16,17,Mega Evolution,mega-evolution,30th-celebration,,65767,https://images.tcggo.com/tcggo/storage/55017/pikachu-30c-044-30th-celebration.webp,en,https://www.tcggo.com/external/cm/65767,https://www.tcggo.com/external/tcgplayer/65767,Pikachu,Pikachu 044,1.52,1.29,813,EUR,[],1,0.6,0.6,0.65,0.65,1,0.78,0.78,0.19,0.19,,,,,,,,,,,,,,,,,,,,,,,,,,EUR,1.42,Pikachu Rare,pikachu,,https://www.tcggo.com/pokemon/30th-celebration/pikachu-136,30C-044,712948,singles
2026-10-01T15:49:41+02:00,lowest_near_mint,1223,Kazuki Minami,kazuki-minami,30C 052,052,907659,128,128,30C,Pokémon,pokemon,431,en,https://images.tcggo.com/tcggo/storage/36628/30thcelebration.png,30th Celebration,EUR,10698.85,EUR,765.29,2026-09-16,17,Mega Evolution,mega-evolution,30th-celebration,,65775,https://images.tcggo.com/tcggo/storage/55025/pikachu-30c-052-30th-celebration.webp,en,https://www.tcggo.com/external/cm/65775,https://www.tcggo.com/external/tcgplayer/65775,Pikachu,Pikachu 052,1.37,1.21,876,EUR,[],1,0.55,0.55,0.4,0.4,1,0.75,0.9,0.05,0.05,,,,,,,,,,,,,,,,,,,,,,,,,,EUR,1.12,Pikachu Rare,pikachu,,https://www.tcggo.com/pokemon/30th-celebration/pikachu-144,30C-052,716318,singles
2026-10-01T15:49:41+02:00,lowest_near_mint,556,Ken Sugimori,ken-sugimori,30C 023,023,907630,128,128,30C,Pokémon,pokemon,431,en,https://images.tcggo.com/tcggo/storage/36628/30thcelebration.png,30th Celebration,EUR,10698.85,EUR,765.29,2026-09-16,17,Mega Evolution,mega-evolution,30th-celebration,,65746,https://images.tcggo.com/tcggo/storage/54996/pikachu-30c-023-30th-celebration.webp,en,https://www.tcggo.com/external/cm/65746,https://www.tcggo.com/external/tcgplayer/65746,Pikachu,Pikachu 023,1.35,1.18,931,EUR,[],0.99,0.6,0.6,0.45,0.45,0.99,1,1,0.14,0.14,,,,,,,,,,,,,,,,,,,,,,,,,,EUR,1.63,Pikachu Rare,pikachu,,https://www.tcggo.com/pokemon/30th-celebration/pikachu-107,30C-023,712934,singles
2026-10-01T15:49:41+02:00,lowest_near_mint,427,Asako Ito,asako-ito,30C 027,027,907634,128,128,30C,Pokémon,pokemon,431,en,https://images.tcggo.com/tcggo/storage/36628/30thcelebration.png,30th Celebration,EUR,10698.85,EUR,765.29,2026-09-16,17,Mega Evolution,mega-evolution,30th-celebration,,65750,https://images.tcggo.com/tcggo/storage/55000/pikachu-30c-027-30th-celebration.webp,en,https://www.tcggo.com/external/cm/65750,https://www.tcggo.com/external/tcgplayer/65750,Pikachu,Pikachu 027,1.64,1.4,894,EUR,[],0.99,0.9,0.9,0.49,0.49,0.99,0.8,0.97,0.29,0.29,,,,,,,,,,,,,,,,,,,,,,,,,,EUR,2.32,Pikachu Rare,pikachu,,https://www.tcggo.com/pokemon/30th-celebration/pikachu-113,30C-027,716310,singles
2026-10-01T15:49:41+02:00,lowest_near_mint,764,svlt,svlt,30C 046,046,907653,128,128,30C,Pokémon,pokemon,431,en,https://images.tcggo.com/tcggo/storage/36628/30thcelebration.png,30th Celebration,EUR,10698.85,EUR,765.29,2026-09-16,17,Mega Evolution,mega-evolution,30th-celebration,,65769,https://images.tcggo.com/tcggo/storage/55019/pikachu-30c-046-30th-celebration.webp,en,https://www.tcggo.com/external/cm/65769,https://www.tcggo.com/external/tcgplayer/65769,Pikachu,Pikachu 046,1.61,1.54,539,EUR,[],0.99,1,1,0.65,0.65,0.99,1.6,1.6,0.5,0.5,,,,,,,,,,,,,,,,,,,,,,,,,,EUR,1.03,Pikachu Rare,pikachu,,https://www.tcggo.com/pokemon/30th-celebration/pikachu-138,30C-046,716315,singles
2026-10-01T15:49:41+02:00,lowest_near_mint,381,sowsow,sowsow,30C 028,028,907635,128,128,30C,Pokémon,pokemon,431,en,https://images.tcggo.com/tcggo/storage/36628/30thcelebration.png,30th Celebration,EUR,10698.85,EUR,765.29,2026-09-16,17,Mega Evolution,mega-evolution,30th-celebration,,65751,https://images.tcggo.com/tcggo/storage/55001/pikachu-30c-028-30th-celebration.webp,en,https://www.tcggo.com/external/cm/65751,https://www.tcggo.com/external/tcgplayer/65751,Pikachu,Pikachu 028,1.57,1.35,740,EUR,[],0.99,0.8,0.8,0.64,0.64,0.99,0.99,0.9,0.3,0.3,,,,,,,,,,,,,,,,,,,,,,,,,,EUR,2.37,Pikachu Rare,pikachu,,https://www.tcggo.com/pokemon/30th-celebration/pikachu-116,30C-028,712937,singles
2026-10-01T15:49:41+02:00,lowest_near_mint,514,Atsuko Nishida,atsuko-nishida,30C 047,047,907654,128,128,30C,Pokémon,pokemon,431,en,https://images.tcggo.com/tcggo/storage/36628/30thcelebration.png,30th Celebration,EUR,10698.85,EUR,765.29,2026-09-16,17,Mega Evolution,mega-evolution,30th-celebration,,65770,https://images.tcggo.com/tcggo/storage/55020/pikachu-30c-047-30th-celebration.webp,en,https://www.tcggo.com/external/cm/65770,https://www.tcggo.com/external/tcgplayer/65770,Pikachu,Pikachu 047,1.82,1.6,523,EUR,[],0.99,1,1,0.79,0.79,0.99,1,1.35,0.3,0.3,,,,,,,,,,,,,,,,,,,,,,,,,,EUR,1.44,Pikachu Rare,pikachu,,https://www.tcggo.com/pokemon/30th-celebration/pikachu-139,30C-047,696682,singles
2026-10-01T15:49:41+02:00,lowest_near_mint,373,GOSSAN,gossan,30C 140,140,907748,128,128,30C,Pokémon,pokemon,431,en,https://images.tcggo.com/tcggo/storage/36628/30thcelebration.png,30th Celebration,EUR,10698.85,EUR,765.29,2026-09-16,17,Mega Evolution,mega-evolution,30th-celebration,,65663,https://images.tcggo.com/tcggo/storage/55113/scraggy-30c-140-30th-celebration.webp,en,https://www.tcggo.com/external/cm/65663,https://www.tcggo.com/external/tcgplayer/65663,Scraggy,Scraggy 140,2.53,2.24,653,EUR,[],0.96,1.59,1.59,1.85,1.85,1.5,2,2,0.5,0.5,,,,,,,,,,,,,,,,,,,,,,,,,,EUR,2.58,Illustration Rare,scraggy,,https://www.tcggo.com/pokemon/30th-celebration/scraggy-18,30C-140,716225,singles
2026-10-01T15:49:41+02:00,lowest_near_mint,1192,Keisuke Azuma,keisuke-azuma,30C 092,092,907699,128,128,30C,Pokémon,pokemon,431,en,https://images.tcggo.com/tcggo/storage/36628/30thcelebration.png,30th Celebration,EUR,10698.85,EUR,765.29,2026-09-16,17,Mega Evolution,mega-evolution,30th-celebration,,65715,https://images.tcggo.com/tcggo/storage/55065/umbreon-ex-30c-092-30th-celebration.webp,en,https://www.tcggo.com/external/cm/65715,https://www.tcggo.com/external/tcgplayer/65715,Umbreon ex,Umbreon ex 092,1.59,1.3,805,EUR,[],0.95,1,1,0.65,0.65,0.99,0.9,0.9,0.18,0.18,,,,,,,,,,,,,,,,,,,,,,,,,,EUR,1.88,Double Rare,umbreon-ex,,https://www.tcggo.com/pokemon/30th-celebration/umbreon-ex-2,30C-092,696835,singles
2026-10-01T15:49:41+02:00,lowest_near_mint,406,Narumi Sato,narumi-sato,30C 033,033,907640,128,128,30C,Pokémon,pokemon,431,en,https://images.tcggo.com/tcggo/storage/36628/30thcelebration.png,30th Celebration,EUR,10698.85,EUR,765.29,2026-09-16,17,Mega Evolution,mega-evolution,30th-celebration,,65756,https://images.tcggo.com/tcggo/storage/55006/pikachu-30c-033-30th-celebration.webp,en,https://www.tcggo.com/external/cm/65756,https://www.tcggo.com/external/tcgplayer/65756,Pikachu,Pikachu 033,1.37,1.19,915,EUR,[],0.95,0.99,0.99,0.5,0.5,0.95,0.8,0.8,0.35,0.35,,,,,,,,,,,,,,,,,,,,,,,,,,EUR,1.08,Pikachu Rare,pikachu,,https://www.tcggo.com/pokemon/30th-celebration/pikachu-122,30C-033,712940,singles
2026-10-01T15:49:41+02:00,lowest_near_mint,460,Atsushi Furusawa,atsushi-furusawa,30C 031,031,907638,128,128,30C,Pokémon,pokemon,431,en,https://images.tcggo.com/tcggo/storage/36628/30thcelebration.png,30th Celebration,EUR,10698.85,EUR,765.29,2026-09-16,17,Mega Evolution,mega-evolution,30th-celebration,,65754,https://images.tcggo.com/tcggo/storage/55004/pikachu-30c-031-30th-celebration.webp,en,https://www.tcggo.com/external/cm/65754,https://www.tcggo.com/external/tcgplayer/65754,Pikachu,Pikachu 031,1.79,1.67,436,EUR,[],0.9,1.25,1.25,1,1,1,1.55,1.9,0.15,0.15,,,,,,,,,,,,,,,,,,,,,,,,,,EUR,0.98,Pikachu Rare,pikachu,,https://www.tcggo.com/pokemon/30th-celebration/pikachu-119,30C-031,716312,singles
2026-10-01T15:49:41+02:00,lowest_near_mint,385,Teeziro,teeziro,30C 039,039,907646,128,128,30C,Pokémon,pokemon,431,en,https://images.tcggo.com/tcggo/storage/36628/30thcelebration.png,30th Celebration,EUR,10698.85,EUR,765.29,2026-09-16,17,Mega Evolution,mega-evolution,30th-celebration,,65762,https://images.tcggo.com/tcggo/storage/55012/pikachu-30c-039-30th-celebration.webp,en,https://www.tcggo.com/external/cm/65762,https://www.tcggo.com/external/tcgplayer/65762,Pikachu,Pikachu 039,1.56,1.37,845,EUR,[],0.9,0.8,0.8,0.8,0.8,0.9,0.9,1,0.09,0.09,,,,,,,,,,,,,,,,,,,,,,,,,,EUR,2.29,Pikachu Rare,pikachu,,https://www.tcggo.com/pokemon/30th-celebration/pikachu-129,30C-039,712943,singles
2026-10-01T15:49:41+02:00,lowest_near_mint,444,danciao,danciao,30C 024,024,907631,128,128,30C,Pokémon,pokemon,431,en,https://images.tcggo.com/tcggo/storage/36628/30thcelebration.png,30th Celebration,EUR,10698.85,EUR,765.29,2026-09-16,17,Mega Evolution,mega-evolution,30th-celebration,,65747,https://images.tcggo.com/tcggo/storage/54997/pikachu-30c-024-30th-celebration.webp,en,https://www.tcggo.com/external/cm/65747,https://www.tcggo.com/external/tcgplayer/65747,Pikachu,Pikachu 024,1.22,1.05,914,EUR,[],0.89,0.75,0.75,0.29,0.29,0.89,0.8,0.85,0.2,0.2,,,,,,,,,,,,,,,,,,,,,,,,,,EUR,1.03,Pikachu Rare,pikachu,,https://www.tcggo.com/pokemon/30th-celebration/pikachu-109,30C-024,716309,singles
2026-10-01T15:49:41+02:00,lowest_near_mint,405,nagimiso,nagimiso,30C 051,051,907658,128,128,30C,Pokémon,pokemon,431,en,https://images.tcggo.com/tcggo/storage/36628/30thcelebration.png,30th Celebration,EUR,10698.85,EUR,765.29,2026-09-16,17,Mega Evolution,mega-evolution,30th-celebration,,65774,https://images.tcggo.com/tcggo/storage/55024/pikachu-30c-051-30th-celebration.webp,en,https://www.tcggo.com/external/cm/65774,https://www.tcggo.com/external/tcgplayer/65774,Pikachu,Pikachu 051,1.23,1.08,1040,EUR,[],0.75,0.4,0.4,0.4,0.4,0.75,0.9,0.98,0.2,0.2,,,,,,,,,,,,,,,,,,,,,,,,,,EUR,1.03,Pikachu Rare,pikachu,,https://www.tcggo.com/pokemon/30th-celebration/pikachu-143,30C-051,716317,singles
2026-10-01T15:49:41+02:00,lowest_near_mint,148,Rianti Hidayat,rianti-hidayat,30C 041,041,907648,128,128,30C,Pokémon,pokemon,431,en,https://images.tcggo.com/tcggo/storage/36628/30thcelebration.png,30th Celebration,EUR,10698.85,EUR,765.29,2026-09-16,17,Mega Evolution,mega-evolution,30th-celebration,,65764,https://images.tcggo.com/tcggo/storage/55014/pikachu-30c-041-30th-celebration.webp,en,https://www.tcggo.com/external/cm/65764,https://www.tcggo.com/external/tcgplayer/65764,Pikachu,Pikachu 041,1.23,1.12,829,EUR,[],0.7,0.55,0.55,0.45,0.45,0.7,1,1,0.2,0.2,,,,,,,,,,,,,,,,,,,,,,,,,,EUR,1.37,Pikachu Rare,pikachu,,https://www.tcggo.com/pokemon/30th-celebration/pikachu-132,30C-041,712945,singles
2026-10-01T15:49:41+02:00,lowest_near_mint,431,Tetsu Kayama,tetsu-kayama,30C 038,038,907645,128,128,30C,Pokémon,pokemon,431,en,https://images.tcggo.com/tcggo/storage/36628/30thcelebration.png,30th Celebration,EUR,10698.85,EUR,765.29,2026-09-16,17,Mega Evolution,mega-evolution,30th-celebration,,65761,https://images.tcggo.com/tcggo/storage/55011/pikachu-30c-038-30th-celebration.webp,en,https://www.tcggo.com/external/cm/65761,https://www.tcggo.com/external/tcgplayer/65761,Pikachu,Pikachu 038,1.28,1.13,993,EUR,[],0.7,0.4,0.4,0.4,0.4,0.7,0.9,0.9,0.15,0.15,,,,,,,,,,,,,,,,,,,,,,,,,,EUR,1.4,Pikachu Rare,pikachu,,https://www.tcggo.com/pokemon/30th-celebration/pikachu-128,30C-038,712942,singles
2026-10-01T15:49:41+02:00,lowest_near_mint,417,satoma,satoma,30C 025,025,907632,128,128,30C,Pokémon,pokemon,431,en,https://images.tcggo.com/tcggo/storage/36628/30thcelebration.png,30th Celebration,EUR,10698.85,EUR,765.29,2026-09-16,17,Mega Evolution,mega-evolution,30th-celebration,,65748,https://images.tcggo.com/tcggo/storage/54998/pikachu-30c-025-30th-celebration.webp,en,https://www.tcggo.com/external/cm/65748,https://www.tcggo.com/external/tcgplayer/65748,Pikachu,Pikachu 025,1.23,1.07,969,EUR,[],0.7,0.75,0.75,0.5,0.5,0.7,0.7,0.8,0.29,0.29,,,,,,,,,,,,,,,,,,,,,,,,,,EUR,0.74,Pikachu Rare,pikachu,,https://www.tcggo.com/pokemon/30th-celebration/pikachu-110,30C-025,712935,singles
2026-10-01T15:49:41+02:00,lowest_near_mint,362,Naoyo Kimura,naoyo-kimura,30C 045,045,907652,128,128,30C,Pokémon,pokemon,431,en,https://images.tcggo.com/tcggo/storage/36628/30thcelebration.png,30th Celebration,EUR,10698.85,EUR,765.29,2026-09-16,17,Mega Evolution,mega-evolution,30th-celebration,,65768,https://images.tcggo.com/tcggo/storage/55018/pikachu-30c-045-30th-celebration.webp,en,https://www.tcggo.com/external/cm/65768,https://www.tcggo.com/external/tcgplayer/65768,Pikachu,Pikachu 045,1.14,1.01,983,EUR,[],0.69,0.5,0.5,0.25,0.25,0.69,0.35,0.35,0.1,0.1,,,,,,,,,,,,,,,,,,,,,,,,,,EUR,0.9,Pikachu Rare,pikachu,,https://www.tcggo.com/pokemon/30th-celebration/pikachu-137,30C-045,716314,singles
2026-10-01T15:49:41+02:00,lowest_near_mint,394,OKACHEKE,okacheke,30C 036,036,907643,128,128,30C,Pokémon,pokemon,431,en,https://images.tcggo.com/tcggo/storage/36628/30thcelebration.png,30th Celebration,EUR,10698.85,EUR,765.29,2026-09-16,17,Mega Evolution,mega-evolution,30th-celebration,,65759,https://images.tcggo.com/tcggo/storage/55009/pikachu-30c-036-30th-celebration.webp,en,https://www.tcggo.com/external/cm/65759,https://www.tcggo.com/external/tcgplayer/65759,Pikachu,Pikachu 036,1.85,1.56,825,EUR,[],0.6,0.8,0.8,0.5,0.5,0.6,0.8,1,0.15,0.15,,,,,,,,,,,,,,,,,,,,,,,,,,EUR,3.15,Pikachu Rare,pikachu,,https://www.tcggo.com/pokemon/30th-celebration/pikachu-126,30C-036,696680,singles
2026-10-01T15:49:41+02:00,lowest_near_mint,380,5ban Graphics,5ban-graphics,30C 064,064,907671,128,128,30C,Pokémon,pokemon,431,en,https://images.tcggo.com/tcggo/storage/36628/30thcelebration.png,30th Celebration,EUR,10698.85,EUR,765.29,2026-09-16,17,Mega Evolution,mega-evolution,30th-celebration,,65687,https://images.tcggo.com/tcggo/storage/55037/mewtwo-ex-30c-064-30th-celebration.webp,en,https://www.tcggo.com/external/cm/65687,https://www.tcggo.com/external/tcgplayer/65687,Mewtwo ex,Mewtwo ex 064,1.19,1.08,748,EUR,[],0.5,0.6,0.6,0.8,0.8,0.5,0.5,0.5,0.3,0.3,,,,,,,,,,,,,,,,,,,,,,,,,,EUR,1.03,Double Rare,mewtwo-ex,,https://www.tcggo.com/pokemon/30th-celebration/mewtwo-ex-2,30C-064,716463,singles
2026-10-01T15:49:41+02:00,lowest_near_mint,510,Nurikabe,nurikabe,30C 049,049,907656,128,128,30C,Pokémon,pokemon,431,en,https://images.tcggo.com/tcggo/storage/36628/30thcelebration.png,30th Celebration,EUR,10698.85,EUR,765.29,2026-09-16,17,Mega Evolution,mega-evolution,30th-celebration,,65772,https://images.tcggo.com/tcggo/storage/55022/pikachu-30c-049-30th-celebration.webp,en,https://www.tcggo.com/external/cm/65772,https://www.tcggo.com/external/tcgplayer/65772,Pikachu,Pikachu 049,1.16,1.01,903,EUR,[],0.45,0.7,0.7,0.3,0.3,0.45,0.45,0.45,0.14,0.14,,,,,,,,,,,,,,,,,,,,,,,,,,EUR,1.38,Pikachu Rare,pikachu,,https://www.tcggo.com/pokemon/30th-celebration/pikachu-141,30C-049,712949,singles
2026-10-01T15:49:41+02:00,lowest_near_mint,539,OOYAMA,ooyama,30C 043,043,907650,128,128,30C,Pokémon,pokemon,431,en,https://images.tcggo.com/tcggo/storage/36628/30thcelebration.png,30th Celebration,EUR,10698.85,EUR,765.29,2026-09-16,17,Mega Evolution,mega-evolution,30th-celebration,,65766,https://images.tcggo.com/tcggo/storage/55016/pikachu-30c-043-30th-celebration.webp,en,https://www.tcggo.com/external/cm/65766,https://www.tcggo.com/external/tcgplayer/65766,Pikachu,Pikachu 043,1.49,1.3,876,EUR,[],0.4,0.7,0.7,0.4,0.4,0.4,0.75,0.75,0.15,0.15,,,,,,,,,,,,,,,,,,,,,,,,,,EUR,1.72,Pikachu Rare,pikachu,,https://www.tcggo.com/pokemon/30th-celebration/pikachu-135,30C-043,712947,singles
2026-10-01T15:49:41+02:00,lowest_near_mint,380,5ban Graphics,5ban-graphics,30C 070,070,907677,128,128,30C,Pokémon,pokemon,431,en,https://images.tcggo.com/tcggo/storage/36628/30thcelebration.png,30th Celebration,EUR,10698.85,EUR,765.29,2026-09-16,17,Mega Evolution,mega-evolution,30th-celebration,,65693,https://images.tcggo.com/tcggo/storage/55043/espeon-ex-30c-070-30th-celebration.webp,en,https://www.tcggo.com/external/cm/65693,https://www.tcggo.com/external/tcgplayer/65693,Espeon ex,Espeon ex 070,1.01,0.85,833,EUR,[],0.35,0.4,0.4,0.5,0.5,0.35,0.4,0.4,0.09,0.09,,,,,,,,,,,,,,,,,,,,,,,,,,EUR,0.97,Double Rare,espeon-ex,,https://www.tcggo.com/pokemon/30th-celebration/espeon-ex-2,30C-070,696834,singles
2026-10-01T15:49:41+02:00,lowest_near_mint,429,DOM,dom,30C 030,030,907637,128,128,30C,Pokémon,pokemon,431,en,https://images.tcggo.com/tcggo/storage/36628/30thcelebration.png,30th Celebration,EUR,10698.85,EUR,765.29,2026-09-16,17,Mega Evolution,mega-evolution,30th-celebration,,65753,https://images.tcggo.com/tcggo/storage/55003/pikachu-30c-030-30th-celebration.webp,en,https://www.tcggo.com/external/cm/65753,https://www.tcggo.com/external/tcgplayer/65753,Pikachu,Pikachu 030,1.15,1,1049,EUR,[],0.29,0.6,0.6,0.3,0.3,0.29,0.9,0.9,0.19,0.19,,,,,,,,,,,,,,,,,,,,,,,,,,EUR,1.05,Pikachu Rare,pikachu,,https://www.tcggo.com/pokemon/30th-celebration/pikachu-118,30C-030,712938,singles
2026-10-01T15:49:41+02:00,lowest_near_mint,409,Yuu Nishida,yuu-nishida,30C 037,037,907644,128,128,30C,Pokémon,pokemon,431,en,https://images.tcggo.com/tcggo/storage/36628/30thcelebration.png,30th Celebration,EUR,10698.85,EUR,765.29,2026-09-16,17,Mega Evolution,mega-evolution,30th-celebration,,65760,https://images.tcggo.com/tcggo/storage/55010/pikachu-30c-037-30th-celebration.webp,en,https://www.tcggo.com/external/cm/65760,https://www.tcggo.com/external/tcgplayer/65760,Pikachu,Pikachu 037,1.21,1.06,963,EUR,[],0.2,0.4,0.4,0.45,0.45,0.2,0.99,0.99,0.2,0.2,,,,,,,,,,,,,,,,,,,,,,,,,,EUR,0.85,Pikachu Rare,pikachu,,https://www.tcggo.com/pokemon/30th-celebration/pikachu-127,30C-037,696681,singles
2026-10-01T15:49:41+02:00,lowest_near_mint,444,danciao,danciao,30C 065,065,907672,128,128,30C,Pokémon,pokemon,431,en,https://images.tcggo.com/tcggo/storage/36628/30thcelebration.png,30th Celebration,EUR,10698.85,EUR,765.29,2026-09-16,17,Mega Evolution,mega-evolution,30th-celebration,,65688,https://images.tcggo.com/tcggo/storage/55038/mew-30c-065-30th-celebration.webp,en,https://www.tcggo.com/external/cm/65688,https://www.tcggo.com/external/tcgplayer/65688,Mew,Mew 065,0.73,0.73,437,EUR,[],0.19,0.36,0.36,0.1,0.1,0.19,0.15,0.15,0.02,0.02,,,,,,,,,,,,,,,,,,,,,,,,,,EUR,0.95,rare,mew,,https://www.tcggo.com/pokemon/30th-celebration/mew-13,30C-065,716464,singles
2026-10-01T15:49:41+02:00,lowest_near_mint,380,5ban Graphics,5ban-graphics,30C 071,071,907678,128,128,30C,Pokémon,pokemon,431,en,https://images.tcggo.com/tcggo/storage/36628/30thcelebration.png,30th Celebration,EUR,10698.85,EUR,765.29,2026-09-16,17,Mega Evolution,mega-evolution,30th-celebration,,65694,https://images.tcggo.com/tcggo/storage/55044/sylveon-ex-30c-071-30th-celebration.webp,en,https://www.tcggo.com/external/cm/65694,https://www.tcggo.com/external/tcgplayer/65694,Sylveon ex,Sylveon ex 071,0.86,0.7,978,EUR,[],0.15,0.35,0.35,0.48,0.48,0.15,0.24,0.24,0.05,0.05,,,,,,,,,,,,,,,,,,,,,,,,,,EUR,1.09,Double Rare,sylveon-ex,,https://www.tcggo.com/pokemon/30th-celebration/sylveon-ex-2,30C-071,696677,singles
2026-10-01T15:49:41+02:00,lowest_near_mint,380,5ban Graphics,5ban-graphics,30C 015,015,907621,128,128,30C,Pokémon,pokemon,431,en,https://images.tcggo.com/tcggo/storage/36628/30thcelebration.png,30th Celebration,EUR,10698.85,EUR,765.29,2026-09-16,17,Mega Evolution,mega-evolution,30th-celebration,,65738,https://images.tcggo.com/tcggo/storage/54988/fuecoco-ex-30c-015-30th-celebration.webp,en,https://www.tcggo.com/external/cm/65738,https://www.tcggo.com/external/tcgplayer/65738,Fuecoco ex,Fuecoco ex 015,0.61,0.54,846,EUR,[],0.15,0.17,0.17,0.15,0.15,0.15,0.23,0.23,0.07,0.07,,,,,,,,,,,,,,,,,,,,,,,,,,EUR,0.48,Double Rare,fuecoco-ex,,https://www.tcggo.com/pokemon/30th-celebration/fuecoco-ex-1,30C-015,716448,singles
2026-10-01T15:49:41+02:00,lowest_near_mint,380,5ban Graphics,5ban-graphics,30C 102,102,907709,128,128,30C,Pokémon,pokemon,431,en,https://images.tcggo.com/tcggo/storage/36628/30thcelebration.png,30th Celebration,EUR,10698.85,EUR,765.29,2026-09-16,17,Mega Evolution,mega-evolution,30th-celebration,,65725,https://images.tcggo.com/tcggo/storage/55075/jirachi-ex-30c-102-30th-celebration.webp,en,https://www.tcggo.com/external/cm/65725,https://www.tcggo.com/external/tcgplayer/65725,Jirachi ex,Jirachi ex 102,0.78,0.78,637,EUR,[],0.1,0.36,0.36,0.49,0.49,0.14,0.5,0.5,0.09,0.09,,,,,,,,,,,,,,,,,,,,,,,,,,EUR,0.71,Double Rare,jirachi-ex,,https://www.tcggo.com/pokemon/30th-celebration/jirachi-ex-1,30C-102,716495,singles
2026-10-01T15:49:41+02:00,lowest_near_mint,380,5ban Graphics,5ban-graphics,30C 021,021,907628,128,128,30C,Pokémon,pokemon,431,en,https://images.tcggo.com/tcggo/storage/36628/30thcelebration.png,30th Celebration,EUR,10698.85,EUR,765.29,2026-09-16,17,Mega Evolution,mega-evolution,30th-celebration,,65744,https://images.tcggo.com/tcggo/storage/54994/greninja-ex-30c-021-30th-celebration.webp,en,https://www.tcggo.com/external/cm/65744,https://www.tcggo.com/external/tcgplayer/65744,Greninja ex,Greninja ex 021,0.76,0.76,601,EUR,[],0.1,0.2,0.2,0.2,0.2,0.1,0.2,0.2,0.1,0.1,,,,,,,,,,,,,,,,,,,,,,,,,,EUR,0.76,Double Rare,greninja-ex,,https://www.tcggo.com/pokemon/30th-celebration/greninja-ex-2,30C-021,696676,singles
2026-10-01T15:49:41+02:00,lowest_near_mint,404,aspara,aspara,30C 069,069,907676,128,128,30C,Pokémon,pokemon,431,en,https://images.tcggo.com/tcggo/storage/36628/30thcelebration.png,30th Celebration,EUR,10698.85,EUR,765.29,2026-09-16,17,Mega Evolution,mega-evolution,30th-celebration,,65692,https://images.tcggo.com/tcggo/storage/55042/espeon-30c-069-30th-celebration.webp,en,https://www.tcggo.com/external/cm/65692,https://www.tcggo.com/external/tcgplayer/65692,Espeon,Espeon 069,0.48,0.48,486,EUR,[],0.09,0.06,0.06,0.05,0.05,0.09,0.02,0.02,0.02,0.02,,,,,,,,,,,,,,,,,,,,,,,,,,EUR,0.49,Common,espeon,,https://www.tcggo.com/pokemon/30th-celebration/espeon-21,30C-069,696678,singles
2026-10-01T15:49:41+02:00,lowest_near_mint,380,5ban Graphics,5ban-graphics,30C 109,109,907716,128,128,30C,Pokémon,pokemon,431,en,https://images.tcggo.com/tcggo/storage/36628/30thcelebration.png,30th Celebration,EUR,10698.85,EUR,765.29,2026-09-16,17,Mega Evolution,mega-evolution,30th-celebration,,65632,https://images.tcggo.com/tcggo/storage/55082/salamence-ex-30c-109-30th-celebration.webp,en,https://www.tcggo.com/external/cm/65632,https://www.tcggo.com/external/tcgplayer/65632,Salamence ex,Salamence ex 109,0.74,0.74,544,EUR,[],0.08,0.25,0.25,0.1,0.1,0.08,0.29,0.29,0.04,0.04,,,,,,,,,,,,,,,,,,,,,,,,,,EUR,0.44,Double Rare,salamence-ex,,https://www.tcggo.com/pokemon/30th-celebration/salamence-ex,30C-109,716502,singles
2026-10-01T15:49:41+02:00,lowest_near_mint,477,En Morikura,en-morikura,30C 117,117,907724,128,128,30C,Pokémon,pokemon,431,en,https://images.tcggo.com/tcggo/storage/36628/30thcelebration.png,30th Celebration,EUR,10698.85,EUR,765.29,2026-09-16,17,Mega Evolution,mega-evolution,30th-celebration,,65640,https://images.tcggo.com/tcggo/storage/55090/eevee-30c-117-30th-celebration.webp,en,https://www.tcggo.com/external/cm/65640,https://www.tcggo.com/external/tcgplayer/65640,Eevee,Eevee 117,0.41,0.41,357,EUR,[],0.07,0.08,0.1,0.1,0.1,0.07,0.05,0.05,0.02,0.02,,,,,,,,,,,,,,,,,,,,,,,,,,EUR,0.31,Common,eevee,,https://www.tcggo.com/pokemon/30th-celebration/eevee-65,30C-117,696832,singles
2026-10-01T15:49:41+02:00,lowest_near_mint,364,Toshinao Aoki,toshinao-aoki,30C 115,115,907722,128,128,30C,Pokémon,pokemon,431,en,https://images.tcggo.com/tcggo/storage/36628/30thcelebration.png,30th Celebration,EUR,10698.85,EUR,765.29,2026-09-16,17,Mega Evolution,mega-evolution,30th-celebration,,65638,https://images.tcggo.com/tcggo/storage/55088/ditto-30c-115-30th-celebration.webp,en,https://www.tcggo.com/external/cm/65638,https://www.tcggo.com/external/tcgplayer/65638,Ditto,Ditto 115,0.36,0.36,498,EUR,[],0.05,0.15,0.15,0.16,0.16,0.05,0.02,0.04,0.05,0.05,,,,,,,,,,,,,,,,,,,,,,,,,,EUR,0.39,Common,ditto,,https://www.tcggo.com/pokemon/30th-celebration/ditto-26,30C-115,716507,singles
2026-10-01T15:49:41+02:00,lowest_near_mint,830,Kamome Shirahama,kamome-shirahama,30C 123,123,907730,128,128,30C,Pokémon,pokemon,431,en,https://images.tcggo.com/tcggo/storage/36628/30thcelebration.png,30th Celebration,EUR,10698.85,EUR,765.29,2026-09-16,17,Mega Evolution,mega-evolution,30th-celebration,,65646,https://images.tcggo.com/tcggo/storage/55096/hisuian-zoroark-30c-123-30th-celebration.webp,en,https://www.tcggo.com/external/cm/65646,https://www.tcggo.com/external/tcgplayer/65646,Hisuian Zoroark,Hisuian Zoroark 123,0.15,0.14,616,EUR,[],0.05,0.05,0.05,0.02,0.02,0.05,0.02,0.02,0.02,0.02,,,,,,,,,,,,,,,,,,,,,,,,,,EUR,0.17,Common,hisuian-zoroark,,https://www.tcggo.com/pokemon/30th-celebration/hisuian-zoroark-2,30C-123,716512,singles
2026-10-01T15:49:41+02:00,lowest_near_mint,418,Kariya,kariya,30C 125,125,907732,128,128,30C,Pokémon,pokemon,431,en,https://images.tcggo.com/tcggo/storage/36628/30thcelebration.png,30th Celebration,EUR,10698.85,EUR,765.29,2026-09-16,17,Mega Evolution,mega-evolution,30th-celebration,,65648,https://images.tcggo.com/tcggo/storage/55098/maushold-30c-125-30th-celebration.webp,en,https://www.tcggo.com/external/cm/65648,https://www.tcggo.com/external/tcgplayer/65648,Maushold,Maushold 125,0.22,0.22,442,EUR,[],0.05,0.1,0.1,0.02,0.02,0.05,0.02,0.02,0.02,0.02,,,,,,,,,,,,,,,,,,,,,,,,,,EUR,0.29,Common,maushold,,https://www.tcggo.com/pokemon/30th-celebration/maushold-3,30C-125,716514,singles
2026-10-01T15:49:41+02:00,lowest_near_mint,463,Naoki Saito,naoki-saito,30C 061,061,907668,128,128,30C,Pokémon,pokemon,431,en,https://images.tcggo.com/tcggo/storage/36628/30thcelebration.png,30th Celebration,EUR,10698.85,EUR,765.29,2026-09-16,17,Mega Evolution,mega-evolution,30th-celebration,,65684,https://images.tcggo.com/tcggo/storage/55034/morpeko-30c-061-30th-celebration.webp,en,https://www.tcggo.com/external/cm/65684,https://www.tcggo.com/external/tcgplayer/65684,Morpeko,Morpeko 061,0.18,0.18,637,EUR,[],0.05,0.04,0.04,0.02,0.02,0.05,0.02,0.02,0.02,0.02,,,,,,,,,,,,,,,,,,,,,,,,,,EUR,0.16,Common,morpeko,,https://www.tcggo.com/pokemon/30th-celebration/morpeko-12,30C-061,716460,singles
2026-10-01T15:49:41+02:00,lowest_near_mint,423,mingo,mingo,30C 072,072,907679,128,128,30C,Pokémon,pokemon,431,en,https://images.tcggo.com/tcggo/storage/36628/30thcelebration.png,30th Celebration,EUR,10698.85,EUR,765.29,2026-09-16,17,Mega Evolution,mega-evolution,30th-celebration,,65695,https://images.tcggo.com/tcggo/storage/55045/unown-30c-072-30th-celebration.webp,en,https://www.tcggo.com/external/cm/65695,https://www.tcggo.com/external/tcgplayer/65695,Unown,Unown 072,0.35,0.35,466,EUR,[],0.05,0.07,0.07,0.02,0.02,0.05,0.02,0.02,0.02,0.02,,,,,,,,,,,,,,,,,,,,,,,,,,EUR,0.38,Common,unown,,https://www.tcggo.com/pokemon/30th-celebration/unown-12,30C-072,716468,singles
2026-10-01T15:49:41+02:00,lowest_near_mint,377,Souichirou Gunjima,souichirou-gunjima,30C 094,094,907701,128,128,30C,Pokémon,pokemon,431,en,https://images.tcggo.com/tcggo/storage/36628/30thcelebration.png,30th Celebration,EUR,10698.85,EUR,765.29,2026-09-16,17,Mega Evolution,mega-evolution,30th-celebration,,65717,https://images.tcggo.com/tcggo/storage/55067/scraggy-30c-094-30th-celebration.webp,en,https://www.tcggo.com/external/cm/65717,https://www.tcggo.com/external/tcgplayer/65717,Scraggy,Scraggy 094,0.12,0.11,631,EUR,[],0.05,0.03,0.03,0.02,0.02,0.05,0.02,0.02,0.02,0.02,,,,,,,,,,,,,,,,,,,,,,,,,,EUR,0.13,Common,scraggy,,https://www.tcggo.com/pokemon/30th-celebration/scraggy-19,30C-094,716487,singles
2026-10-01T15:49:41+02:00,lowest_near_mint,443,Shiburingaru,shiburingaru,30C 096,096,907703,128,128,30C,Pokémon,pokemon,431,en,https://images.tcggo.com/tcggo/storage/36628/30thcelebration.png,30th Celebration,EUR,10698.85,EUR,765.29,2026-09-16,17,Mega Evolution,mega-evolution,30th-celebration,,65719,https://images.tcggo.com/tcggo/storage/55069/zoroark-30c-096-30th-celebration.webp,en,https://www.tcggo.com/external/cm/65719,https://www.tcggo.com/external/tcgplayer/65719,Zoroark,Zoroark 096,0.14,0.14,609,EUR,[],0.05,0.02,0.02,0.02,0.02,0.05,0.02,0.02,0.02,0.02,,,,,,,,,,,,,,,,,,,,,,,,,,EUR,0.15,Common,zoroark,,https://www.tcggo.com/pokemon/30th-celebration/zoroark-14,30C-096,716489,singles
2026-10-01T15:49:41+02:00,lowest_near_mint,435,Aya Kusube,aya-kusube,30C 119,119,907726,128,128,30C,Pokémon,pokemon,431,en,https://images.tcggo.com/tcggo/storage/36628/30thcelebration.png,30th Celebration,EUR,10698.85,EUR,765.29,2026-09-16,17,Mega Evolution,mega-evolution,30th-celebration,,65642,https://images.tcggo.com/tcggo/storage/55092/snorlax-30c-119-30th-celebration.webp,en,https://www.tcggo.com/external/cm/65642,https://www.tcggo.com/external/tcgplayer/65642,Snorlax,Snorlax 119,0.28,0.28,642,EUR,[],0.04,0.05,0.05,0.03,0.03,0.04,0.02,0.02,0.02,0.02,,,,,,,,,,,,,,,,,,,,,,,,,,EUR,0.46,Common,snorlax,,https://www.tcggo.com/pokemon/30th-celebration/snorlax-36,30C-119,716508,singles
2026-10-01T15:49:41+02:00,lowest_near_mint,379,Sanosuke Sakuma,sanosuke-sakuma,30C 108,108,907715,128,128,30C,Pokémon,pokemon,431,en,https://images.tcggo.com/tcggo/storage/36628/30thcelebration.png,30th Celebration,EUR,10698.85,EUR,765.29,2026-09-16,17,Mega Evolution,mega-evolution,30th-celebration,,65631,https://images.tcggo.com/tcggo/storage/55081/gholdengo-30c-108-30th-celebration.webp,en,https://www.tcggo.com/external/cm/65631,https://www.tcggo.com/external/tcgplayer/65631,Gholdengo,Gholdengo 108,0.12,0.12,799,EUR,[],0.03,0.02,0.02,0.02,0.02,0.02,0.02,0.02,0.02,0.02,,,,,,,,,,,,,,,,,,,,,,,,,,EUR,0.14,Common,gholdengo,,https://www.tcggo.com/pokemon/30th-celebration/gholdengo-2,30C-108,716501,singles
2026-10-01T15:49:41+02:00,lowest_near_mint,516,Pani Kobayashi,pani-kobayashi,30C 114,114,907721,128,128,30C,Pokémon,pokemon,431,en,https://images.tcggo.com/tcggo/storage/36628/30thcelebration.png,30th Celebration,EUR,10698.85,EUR,765.29,2026-09-16,17,Mega Evolution,mega-evolution,30th-celebration,,65637,https://images.tcggo.com/tcggo/storage/55087/kangaskhan-30c-114-30th-celebration.webp,en,https://www.tcggo.com/external/cm/65637,https://www.tcggo.com/external/tcgplayer/65637,Kangaskhan,Kangaskhan 114,0.13,0.12,522,EUR,[],0.03,0.02,0.02,0.02,0.02,0.02,0.02,0.02,0.02,0.02,,,,,,,,,,,,,,,,,,,,,,,,,,EUR,0.13,Common,kangaskhan,,https://www.tcggo.com/pokemon/30th-celebration/kangaskhan-20,30C-114,716506,singles
2026-10-01T15:49:41+02:00,lowest_near_mint,402,Hitoshi Ariga,hitoshi-ariga,30C 118,118,907725,128,128,30C,Pokémon,pokemon,431,en,https://images.tcggo.com/tcggo/storage/36628/30thcelebration.png,30th Celebration,EUR,10698.85,EUR,765.29,2026-09-16,17,Mega Evolution,mega-evolution,30th-celebration,,65641,https://images.tcggo.com/tcggo/storage/55091/eevee-30c-118-30th-celebration.webp,en,https://www.tcggo.com/external/cm/65641,https://www.tcggo.com/external/tcgplayer/65641,Eevee,Eevee 118,0.95,0.95,425,EUR,[],0.03,0.3,0.3,0.05,0.05,0.03,0.1,0.1,0.02,0.02,,,,,,,,,,,,,,,,,,,,,,,,,,EUR,0.39,Common,eevee,,https://www.tcggo.com/pokemon/30th-celebration/eevee-66,30C-118,696833,singles
2026-10-01T15:49:41+02:00,lowest_near_mint,520,Megumi Mizutani,megumi-mizutani,30C 122,122,907729,128,128,30C,Pokémon,pokemon,431,en,https://images.tcggo.com/tcggo/storage/36628/30thcelebration.png,30th Celebration,EUR,10698.85,EUR,765.29,2026-09-16,17,Mega Evolution,mega-evolution,30th-celebration,,65645,https://images.tcggo.com/tcggo/storage/55095/hisuian-zorua-30c-122-30th-celebration.webp,en,https://www.tcggo.com/external/cm/65645,https://www.tcggo.com/external/tcgplayer/65645,Hisuian Zorua,Hisuian Zorua 122,0.13,0.13,813,EUR,[],0.03,0.05,0.05,0.02,0.02,0.02,0.02,0.02,0.02,0.02,,,,,,,,,,,,,,,,,,,,,,,,,,EUR,0.14,Common,hisuian-zorua,,https://www.tcggo.com/pokemon/30th-celebration/hisuian-zorua-2,30C-122,716511,singles
2026-10-01T15:49:41+02:00,lowest_near_mint,401,Yuka Morii,yuka-morii,30C 127,127,907734,128,128,30C,Pokémon,pokemon,431,en,https://images.tcggo.com/tcggo/storage/36628/30thcelebration.png,30th Celebration,EUR,10698.85,EUR,765.29,2026-09-16,17,Mega Evolution,mega-evolution,30th-celebration,,65650,https://images.tcggo.com/tcggo/storage/55100/switch-30c-127-30th-celebration.webp,en,https://www.tcggo.com/external/cm/65650,https://www.tcggo.com/external/tcgplayer/65650,Switch,Switch 127,0.22,0.21,725,EUR,[],0.03,0.02,0.02,0.03,0.03,0.02,0.02,0.02,0.02,0.02,,,,,,,,,,,,,,,,,,,,,,,,,,EUR,0.23,Common,switch,,https://www.tcggo.com/pokemon/30th-celebration/switch-20,30C-127,716516,singles
2026-10-01T15:49:41+02:00,lowest_near_mint,405,nagimiso,nagimiso,30C 063,063,907670,128,128,30C,Pokémon,pokemon,431,en,https://images.tcggo.com/tcggo/storage/36628/30thcelebration.png,30th Celebration,EUR,10698.85,EUR,765.29,2026-09-16,17,Mega Evolution,mega-evolution,30th-celebration,,65686,https://images.tcggo.com/tcggo/storage/55036/mewtwo-30c-063-30th-celebration.webp,en,https://www.tcggo.com/external/cm/65686,https://www.tcggo.com/external/tcgplayer/65686,Mewtwo,Mewtwo 063,0.47,0.46,492,EUR,[],0.03,0.2,0.2,0.25,0.25,0.03,0.02,0.04,0.02,0.02,,,,,,,,,,,,,,,,,,,,,,,,,,EUR,0.59,rare,mewtwo,,https://www.tcggo.com/pokemon/30th-celebration/mewtwo-19,30C-063,716462,singles
2026-10-01T15:49:41+02:00,lowest_near_mint,504,Yoshioka,yoshioka,30C 075,075,907682,128,128,30C,Pokémon,pokemon,431,en,https://images.tcggo.com/tcggo/storage/36628/30thcelebration.png,30th Celebration,EUR,10698.85,EUR,765.29,2026-09-16,17,Mega Evolution,mega-evolution,30th-celebration,,65698,https://images.tcggo.com/tcggo/storage/55048/chandelure-30c-075-30th-celebration.webp,en,https://www.tcggo.com/external/cm/65698,https://www.tcggo.com/external/tcgplayer/65698,Chandelure,Chandelure 075,0.13,0.13,619,EUR,[],0.03,0.02,0.02,0.02,0.02,0.04,0.02,0.02,0.02,0.02,,,,,,,,,,,,,,,,,,,,,,,,,,EUR,0.18,Common,chandelure,,https://www.tcggo.com/pokemon/30th-celebration/chandelure-19,30C-075,716471,singles
2026-10-01T15:49:41+02:00,lowest_near_mint,518,Ryuta Fuse,ryuta-fuse,30C 099,099,907706,128,128,30C,Pokémon,pokemon,431,en,https://images.tcggo.com/tcggo/storage/36628/30thcelebration.png,30th Celebration,EUR,10698.85,EUR,765.29,2026-09-16,17,Mega Evolution,mega-evolution,30th-celebration,,65722,https://images.tcggo.com/tcggo/storage/55072/hydreigon-30c-099-30th-celebration.webp,en,https://www.tcggo.com/external/cm/65722,https://www.tcggo.com/external/tcgplayer/65722,Hydreigon,Hydreigon 099,0.13,0.13,662,EUR,[],0.03,0.02,0.02,0.02,0.02,0.02,0.02,0.02,0.02,0.02,,,,,,,,,,,,,,,,,,,,,,,,,,EUR,0.13,Common,hydreigon,,https://www.tcggo.com/pokemon/30th-celebration/hydreigon-12,30C-099,716492,singles
2026-10-01T15:49:41+02:00,lowest_near_mint,532,Po-Suzuki,po-suzuki,30C 104,104,907711,128,128,30C,Pokémon,pokemon,431,en,https://images.tcggo.com/tcggo/storage/36628/30thcelebration.png,30th Celebration,EUR,10698.85,EUR,765.29,2026-09-16,17,Mega Evolution,mega-evolution,30th-celebration,,65727,https://images.tcggo.com/tcggo/storage/55077/ferrothorn-30c-104-30th-celebration.webp,en,https://www.tcggo.com/external/cm/65727,https://www.tcggo.com/external/tcgplayer/65727,Ferrothorn,Ferrothorn 104,0.11,0.11,635,EUR,[],0.03,0.02,0.02,0.02,0.02,0.02,0.02,0.02,0.02,0.02,,,,,,,,,,,,,,,,,,,,,,,,,,EUR,0.14,Common,ferrothorn,,https://www.tcggo.com/pokemon/30th-celebration/ferrothorn-11,30C-104,716497,singles
2026-10-01T15:49:41+02:00,lowest_near_mint,397,Kurata So,kurata-so,30C 006,006,907612,128,128,30C,Pokémon,pokemon,431,en,https://images.tcggo.com/tcggo/storage/36628/30thcelebration.png,30th Celebration,EUR,10698.85,EUR,765.29,2026-09-16,17,Mega Evolution,mega-evolution,30th-celebration,,65729,https://images.tcggo.com/tcggo/storage/54979/cherubi-30c-006-30th-celebration.webp,en,https://www.tcggo.com/external/cm/65729,https://www.tcggo.com/external/tcgplayer/65729,Cherubi,Cherubi 006,0.11,0.11,900,EUR,[],0.03,0.02,0.02,0.02,0.02,0.02,0.02,0.02,0.02,0.02,,,,,,,,,,,,,,,,,,,,,,,,,,EUR,0.12,Common,cherubi,,https://www.tcggo.com/pokemon/30th-celebration/cherubi-18,30C-006,716440,singles
2026-10-01T15:49:41+02:00,lowest_near_mint,386,Jerky,jerky,30C 008,008,907614,128,128,30C,Pokémon,pokemon,431,en,https://images.tcggo.com/tcggo/storage/36628/30thcelebration.png,30th Celebration,EUR,10698.85,EUR,765.29,2026-09-16,17,Mega Evolution,mega-evolution,30th-celebration,,65731,https://images.tcggo.com/tcggo/storage/54981/vivillon-30c-008-30th-celebration.webp,en,https://www.tcggo.com/external/cm/65731,https://www.tcggo.com/external/tcgplayer/65731,Vivillon,Vivillon 008,0.12,0.12,763,EUR,[],0.03,0.02,0.02,0.02,0.02,0.02,0.02,0.02,0.02,0.02,,,,,,,,,,,,,,,,,,,,,,,,,,EUR,0.15,Common,vivillon,,https://www.tcggo.com/pokemon/30th-celebration/vivillon-11,30C-008,716442,singles
2026-10-01T15:49:41+02:00,lowest_near_mint,535,Jiro Sasumo,jiro-sasumo,30C 013,013,907619,128,128,30C,Pokémon,pokemon,431,en,https://images.tcggo.com/tcggo/storage/36628/30thcelebration.png,30th Celebration,EUR,10698.85,EUR,765.29,2026-09-16,17,Mega Evolution,mega-evolution,30th-celebration,,65736,https://images.tcggo.com/tcggo/storage/54986/victini-30c-013-30th-celebration.webp,en,https://www.tcggo.com/external/cm/65736,https://www.tcggo.com/external/tcgplayer/65736,Victini,Victini 013,0.14,0.14,641,EUR,[],0.03,0.1,0.1,0.02,0.02,0.02,0.02,0.02,0.02,0.02,,,,,,,,,,,,,,,,,,,,,,,,,,EUR,0.2,Common,victini,,https://www.tcggo.com/pokemon/30th-celebration/victini-35,30C-013,696830,singles
2026-10-01T15:49:41+02:00,lowest_near_mint,428,Uta,uta,30C 014,014,907620,128,128,30C,Pokémon,pokemon,431,en,https://images.tcggo.com/tcggo/storage/36628/30thcelebration.png,30th Celebration,EUR,10698.85,EUR,765.29,2026-09-16,17,Mega Evolution,mega-evolution,30th-celebration,,65737,https://images.tcggo.com/tcggo/storage/54987/reshiram-30c-014-30th-celebration.webp,en,https://www.tcggo.com/external/cm/65737,https://www.tcggo.com/external/tcgplayer/65737,Reshiram,Reshiram 014,0.18,0.17,693,EUR,[],0.03,0.02,0.02,0.02,0.02,0.03,0.02,0.04,0.02,0.02,,,,,,,,,,,,,,,,,,,,,,,,,,EUR,0.12,rare,reshiram,,https://www.tcggo.com/pokemon/30th-celebration/reshiram-9,30C-014,716447,singles
2026-10-01T15:49:41+02:00,lowest_near_mint,471,Tonji Matsuno,tonji-matsuno,30C 019,019,907625,128,128,30C,Pokémon,pokemon,431,en,https://images.tcggo.com/tcggo/storage/36628/30thcelebration.png,30th Celebration,EUR,10698.85,EUR,765.29,2026-09-16,17,Mega Evolution,mega-evolution,30th-celebration,,65742,https://images.tcggo.com/tcggo/storage/54992/kyogre-30c-019-30th-celebration.webp,en,https://www.tcggo.com/external/cm/65742,https://www.tcggo.com/external/tcgplayer/65742,Kyogre,Kyogre 019,0.16,0.16,687,EUR,[],0.03,0.08,0.08,0.04,0.04,0.03,0.02,0.02,0.02,0.02,,,,,,,,,,,,,,,,,,,,,,,,,,EUR,0.22,rare,kyogre,,https://www.tcggo.com/pokemon/30th-celebration/kyogre-13,30C-019,716452,singles
2026-10-01T15:49:41+02:00,lowest_near_mint,368,Oswaldo KATO,oswaldo-kato,30C 002,002,907608,128,128,30C,Pokémon,pokemon,431,en,https://images.tcggo.com/tcggo/storage/36628/30thcelebration.png,30th Celebration,EUR,10698.85,EUR,765.29,2026-09-16,17,Mega Evolution,mega-evolution,30th-celebration,,65780,https://images.tcggo.com/tcggo/storage/54975/alolan-exeggutor-30c-002-30th-celebration.webp,en,https://www.tcggo.com/external/cm/65780,https://www.tcggo.com/external/tcgplayer/65780,Alolan Exeggutor,Alolan Exeggutor 002,0.2,0.2,517,EUR,[],0.03,0.05,0.05,0.02,0.02,0.02,0.02,0.02,0.02,0.02,,,,,,,,,,,,,,,,,,,,,,,,,,EUR,0.15,Common,alolan-exeggutor,,https://www.tcggo.com/pokemon/30th-celebration/alolan-exeggutor-7,30C-002,716436,singles
2026-10-01T15:49:41+02:00,lowest_near_mint,357,Yoriyuki Ikegami,yoriyuki-ikegami,30C 003,003,907609,128,128,30C,Pokémon,pokemon,431,en,https://images.tcggo.com/tcggo/storage/36628/30thcelebration.png,30th Celebration,EUR,10698.85,EUR,765.29,2026-09-16,17,Mega Evolution,mega-evolution,30th-celebration,,65781,https://images.tcggo.com/tcggo/storage/54976/volbeat-30c-003-30th-celebration.webp,en,https://www.tcggo.com/external/cm/65781,https://www.tcggo.com/external/tcgplayer/65781,Volbeat,Volbeat 003,0.14,0.14,648,EUR,[],0.03,0.02,0.02,0.02,0.02,0.02,0.02,0.02,0.02,0.02,,,,,,,,,,,,,,,,,,,,,,,,,,EUR,0.16,Common,volbeat,,https://www.tcggo.com/pokemon/30th-celebration/volbeat-11,30C-003,716437,singles
2026-10-01T15:49:41+02:00,lowest_near_mint,777,Minahamu,minahamu,30C 005,005,907611,128,128,30C,Pokémon,pokemon,431,en,https://images.tcggo.com/tcggo/storage/36628/30thcelebration.png,30th Celebration,EUR,10698.85,EUR,765.29,2026-09-16,17,Mega Evolution,mega-evolution,30th-celebration,,65783,https://images.tcggo.com/tcggo/storage/54978/tropius-30c-005-30th-celebration.webp,en,https://www.tcggo.com/external/cm/65783,https://www.tcggo.com/external/tcgplayer/65783,Tropius,Tropius 005,0.11,0.11,835,EUR,[],0.03,0.02,0.02,0.02,0.02,0.02,0.02,0.02,0.02,0.02,,,,,,,,,,,,,,,,,,,,,,,,,,EUR,0.12,Common,tropius,,https://www.tcggo.com/pokemon/30th-celebration/tropius-23,30C-005,716439,singles
2026-10-01T15:49:41+02:00,lowest_near_mint,434,AKIRA EGAWA,akira-egawa,30C 106,106,907713,128,128,30C,Pokémon,pokemon,431,en,https://images.tcggo.com/tcggo/storage/36628/30thcelebration.png,30th Celebration,EUR,10698.85,EUR,765.29,2026-09-16,17,Mega Evolution,mega-evolution,30th-celebration,,65629,https://images.tcggo.com/tcggo/storage/55079/zacian-30c-106-30th-celebration.webp,en,https://www.tcggo.com/external/cm/65629,https://www.tcggo.com/external/tcgplayer/65629,Zacian,Zacian 106,0.17,0.14,1206,EUR,[],0.02,0.02,0.02,0.02,0.02,0.02,0.02,0.02,0.02,0.02,,,,,,,,,,,,,,,,,,,,,,,,,,EUR,0.17,rare,zacian,,https://www.tcggo.com/pokemon/30th-celebration/zacian-6,30C-106,716499,singles
2026-10-01T15:49:41+02:00,lowest_near_mint,788,Tsuyoshi Nagano,tsuyoshi-nagano,30C 107,107,907714,128,128,30C,Pokémon,pokemon,431,en,https://images.tcggo.com/tcggo/storage/36628/30thcelebration.png,30th Celebration,EUR,10698.85,EUR,765.29,2026-09-16,17,Mega Evolution,mega-evolution,30th-celebration,,65630,https://images.tcggo.com/tcggo/storage/55080/zamazenta-30c-107-30th-celebration.webp,en,https://www.tcggo.com/external/cm/65630,https://www.tcggo.com/external/tcgplayer/65630,Zamazenta,Zamazenta 107,0.13,0.11,1176,EUR,[],0.02,0.02,0.02,0.02,0.02,0.02,0.02,0.02,0.02,0.02,,,,,,,,,,,,,,,,,,,,,,,,,,EUR,0.16,rare,zamazenta,,https://www.tcggo.com/pokemon/30th-celebration/zamazenta-3,30C-107,716500,singles
2026-10-01T15:49:41+02:00,lowest_near_mint,449,miki kudo,miki-kudo,30C 110,110,907717,128,128,30C,Pokémon,pokemon,431,en,https://images.tcggo.com/tcggo/storage/36628/30thcelebration.png,30th Celebration,EUR,10698.85,EUR,765.29,2026-09-16,17,Mega Evolution,mega-evolution,30th-celebration,,65633,https://images.tcggo.com/tcggo/storage/55083/jangmo-o-30c-110-30th-celebration.webp,en,https://www.tcggo.com/external/cm/65633,https://www.tcggo.com/external/tcgplayer/65633,Jangmo-o,Jangmo-o 110,0.11,0.11,832,EUR,[],0.02,0.02,0.02,0.02,0.02,0.02,0.02,0.02,0.02,0.02,,,,,,,,,,,,,,,,,,,,,,,,,,EUR,0.12,Common,jangmo-o,,https://www.tcggo.com/pokemon/30th-celebration/jangmo-o-5,30C-110,716503,singles
2026-10-01T15:49:41+02:00,lowest_near_mint,535,Jiro Sasumo,jiro-sasumo,30C 111,111,907718,128,128,30C,Pokémon,pokemon,431,en,https://images.tcggo.com/tcggo/storage/36628/30thcelebration.png,30th Celebration,EUR,10698.85,EUR,765.29,2026-09-16,17,Mega Evolution,mega-evolution,30th-celebration,,65634,https://images.tcggo.com/tcggo/storage/55084/hakamo-o-30c-111-30th-celebration.webp,en,https://www.tcggo.com/external/cm/65634,https://www.tcggo.com/external/tcgplayer/65634,Hakamo-o,Hakamo-o 111,0.12,0.12,872,EUR,[],0.02,0.02,0.02,0.02,0.02,0.02,0.02,0.02,0.02,0.02,,,,,,,,,,,,,,,,,,,,,,,,,,EUR,0.12,Common,hakamo-o,,https://www.tcggo.com/pokemon/30th-celebration/hakamo-o-4,30C-111,716504,singles
2026-10-01T15:49:41+02:00,lowest_near_mint,455,MARINA Chikazawa,marina-chikazawa,30C 112,112,907719,128,128,30C,Pokémon,pokemon,431,en,https://images.tcggo.com/tcggo/storage/36628/30thcelebration.png,30th Celebration,EUR,10698.85,EUR,765.29,2026-09-16,17,Mega Evolution,mega-evolution,30th-celebration,,65635,https://images.tcggo.com/tcggo/storage/55085/kommo-o-30c-112-30th-celebration.webp,en,https://www.tcggo.com/external/cm/65635,https://www.tcggo.com/external/tcgplayer/65635,Kommo-o,Kommo-o 112,0.12,0.12,615,EUR,[],0.02,0.02,0.02,0.02,0.02,0.02,0.02,0.02,0.02,0.02,,,,,,,,,,,,,,,,,,,,,,,,,,EUR,0.13,Common,kommo-o,,https://www.tcggo.com/pokemon/30th-celebration/kommo-o-3,30C-112,716505,singles
2026-10-01T15:49:41+02:00,lowest_near_mint,376,MINAMINAMI Take,minaminami-take,30C 113,113,907720,128,128,30C,Pokémon,pokemon,431,en,https://images.tcggo.com/tcggo/storage/36628/30thcelebration.png,30th Celebration,EUR,10698.85,EUR,765.29,2026-09-16,17,Mega Evolution,mega-evolution,30th-celebration,,65636,https://images.tcggo.com/tcggo/storage/55086/meowth-30c-113-30th-celebration.webp,en,https://www.tcggo.com/external/cm/65636,https://www.tcggo.com/external/tcgplayer/65636,Meowth,Meowth 113,0.15,0.14,753,EUR,[],0.02,0.05,0.05,0.02,0.02,0.02,0.02,0.02,0.02,0.02,,,,,,,,,,,,,,,,,,,,,,,,,,EUR,0.17,Common,meowth,,https://www.tcggo.com/pokemon/30th-celebration/meowth-28,30C-113,714356,singles
2026-10-01T15:49:41+02:00,lowest_near_mint,779,Wintr Wandr,wintr-wandr,30C 116,116,907723,128,128,30C,Pokémon,pokemon,431,en,https://images.tcggo.com/tcggo/storage/36628/30thcelebration.png,30th Celebration,EUR,10698.85,EUR,765.29,2026-09-16,17,Mega Evolution,mega-evolution,30th-celebration,,65639,https://images.tcggo.com/tcggo/storage/55089/eevee-30c-116-30th-celebration.webp,en,https://www.tcggo.com/external/cm/65639,https://www.tcggo.com/external/tcgplayer/65639,Eevee,Eevee 116,0.34,0.34,781,EUR,[],0.02,0.04,0.04,0.02,0.02,0.02,0.02,0.02,0.02,0.02,,,,,,,,,,,,,,,,,,,,,,,,,,EUR,0.3,Common,eevee,,https://www.tcggo.com/pokemon/30th-celebration/eevee-64,30C-116,714357,singles
2026-10-01T15:49:41+02:00,lowest_near_mint,768,Kanami Ogata,kanami-ogata,30C 120,120,907727,128,128,30C,Pokémon,pokemon,431,en,https://images.tcggo.com/tcggo/storage/36628/30thcelebration.png,30th Celebration,EUR,10698.85,EUR,765.29,2026-09-16,17,Mega Evolution,mega-evolution,30th-celebration,,65643,https://images.tcggo.com/tcggo/storage/55093/igglybuff-30c-120-30th-celebration.webp,en,https://www.tcggo.com/external/cm/65643,https://www.tcggo.com/external/tcgplayer/65643,Igglybuff,Igglybuff 120,0.28,0.28,357,EUR,[],0.02,0.1,0.1,0.02,0.02,0.02,0.02,0.02,0.02,0.02,,,,,,,,,,,,,,,,,,,,,,,,,,EUR,0.56,Common,igglybuff,,https://www.tcggo.com/pokemon/30th-celebration/igglybuff-7,30C-120,716509,singles
2026-10-01T15:49:41+02:00,lowest_near_mint,1223,Kazuki Minami,kazuki-minami,30C 121,121,907728,128,128,30C,Pokémon,pokemon,431,en,https://images.tcggo.com/tcggo/storage/36628/30thcelebration.png,30th Celebration,EUR,10698.85,EUR,765.29,2026-09-16,17,Mega Evolution,mega-evolution,30th-celebration,,65644,https://images.tcggo.com/tcggo/storage/55094/lugia-30c-121-30th-celebration.webp,en,https://www.tcggo.com/external/cm/65644,https://www.tcggo.com/external/tcgplayer/65644,Lugia,Lugia 121,0.26,0.24,946,EUR,[],0.02,0.05,0.05,0.05,0.05,0.02,0.04,0.04,0.02,0.02,,,,,,,,,,,,,,,,,,,,,,,,,,EUR,0.46,rare,lugia,,https://www.tcggo.com/pokemon/30th-celebration/lugia-12,30C-121,716510,singles
2026-10-01T15:49:41+02:00,lowest_near_mint,513,ryoma uratsuka,ryoma-uratsuka,30C 124,124,907731,128,128,30C,Pokémon,pokemon,431,en,https://images.tcggo.com/tcggo/storage/36628/30thcelebration.png,30th Celebration,EUR,10698.85,EUR,765.29,2026-09-16,17,Mega Evolution,mega-evolution,30th-celebration,,65647,https://images.tcggo.com/tcggo/storage/55097/minior-30c-124-30th-celebration.webp,en,https://www.tcggo.com/external/cm/65647,https://www.tcggo.com/external/tcgplayer/65647,Minior,Minior 124,0.12,0.12,634,EUR,[],0.02,0.02,0.02,0.03,0.03,0.02,0.02,0.02,0.02,0.02,,,,,,,,,,,,,,,,,,,,,,,,,,EUR,0.15,Common,minior,,https://www.tcggo.com/pokemon/30th-celebration/minior-3,30C-124,716513,singles
2026-10-01T15:49:41+02:00,lowest_near_mint,401,Yuka Morii,yuka-morii,30C 126,126,907733,128,128,30C,Pokémon,pokemon,431,en,https://images.tcggo.com/tcggo/storage/36628/30thcelebration.png,30th Celebration,EUR,10698.85,EUR,765.29,2026-09-16,17,Mega Evolution,mega-evolution,30th-celebration,,65649,https://images.tcggo.com/tcggo/storage/55099/poke-pad-30c-126-30th-celebration.webp,en,https://www.tcggo.com/external/cm/65649,https://www.tcggo.com/external/tcgplayer/65649,Poké Pad,Poké Pad 126,0.47,0.47,527,EUR,[],0.02,0.02,0.02,0.02,0.02,0.02,0.02,0.02,0.02,0.02,,,,,,,,,,,,,,,,,,,,,,,,,,EUR,0.87,Common,poke-pad,,https://www.tcggo.com/pokemon/30th-celebration/poke-pad-3,30C-126,716515,singles
2026-10-01T15:49:41+02:00,lowest_near_mint,401,Yuka Morii,yuka-morii,30C 128,128,907735,128,128,30C,Pokémon,pokemon,431,en,https://images.tcggo.com/tcggo/storage/36628/30thcelebration.png,30th Celebration,EUR,10698.85,EUR,765.29,2026-09-16,17,Mega Evolution,mega-evolution,30th-celebration,,65651,https://images.tcggo.com/tcggo/storage/55101/ultra-ball-30c-128-30th-celebration.webp,en,https://www.tcggo.com/external/cm/65651,https://www.tcggo.com/external/tcgplayer/65651,Ultra Ball,Ultra Ball 128,0.35,0.35,464,EUR,[],0.02,0.05,0.05,0.04,0.04,0.02,0.02,0.03,0.02,0.02,,,,,,,,,,,,,,,,,,,,,,,,,,EUR,0.75,Common,ultra-ball,,https://www.tcggo.com/pokemon/30th-celebration/ultra-ball-11,30C-128,716517,singles
2026-10-01T15:49:41+02:00,lowest_near_mint,430,akagi,akagi,30C 056,056,907663,128,128,30C,Pokémon,pokemon,431,en,https://images.tcggo.com/tcggo/storage/36628/30thcelebration.png,30th Celebration,EUR,10698.85,EUR,765.29,2026-09-16,17,Mega Evolution,mega-evolution,30th-celebration,,65679,https://images.tcggo.com/tcggo/storage/55029/zekrom-30c-056-30th-celebration.webp,en,https://www.tcggo.com/external/cm/65679,https://www.tcggo.com/external/tcgplayer/65679,Zekrom,Zekrom 056,0.16,0.16,701,EUR,[],0.02,0.05,0.05,0.03,0.03,0.02,0.02,0.04,0.02,0.02,,,,,,,,,,,,,,,,,,,,,,,,,,EUR,0.19,rare,zekrom,,https://www.tcggo.com/pokemon/30th-celebration/zekrom-9,30C-056,716456,singles
2026-10-01T15:49:41+02:00,lowest_near_mint,502,Bun Toujo,bun-toujo,30C 057,057,907664,128,128,30C,Pokémon,pokemon,431,en,https://images.tcggo.com/tcggo/storage/36628/30thcelebration.png,30th Celebration,EUR,10698.85,EUR,765.29,2026-09-16,17,Mega Evolution,mega-evolution,30th-celebration,,65680,https://images.tcggo.com/tcggo/storage/55030/zeraora-30c-057-30th-celebration.webp,en,https://www.tcggo.com/external/cm/65680,https://www.tcggo.com/external/tcgplayer/65680,Zeraora,Zeraora 057,0.15,0.15,629,EUR,[],0.02,0.04,0.04,0.05,0.05,0.02,0.02,0.02,0.02,0.02,,,,,,,,,,,,,,,,,,,,,,,,,,EUR,0.12,Common,zeraora,,https://www.tcggo.com/pokemon/30th-celebration/zeraora-10,30C-057,696831,singles
2026-10-01T15:49:41+02:00,lowest_near_mint,410,Shimaris Yukichi,shimaris-yukichi,30C 058,058,907665,128,128,30C,Pokémon,pokemon,431,en,https://images.tcggo.com/tcggo/storage/36628/30thcelebration.png,30th Celebration,EUR,10698.85,EUR,765.29,2026-09-16,17,Mega Evolution,mega-evolution,30th-celebration,,65681,https://images.tcggo.com/tcggo/storage/55031/toxel-30c-058-30th-celebration.webp,en,https://www.tcggo.com/external/cm/65681,https://www.tcggo.com/external/tcgplayer/65681,Toxel,Toxel 058,0.11,0.11,803,EUR,[],0.02,0.03,0.03,0.02,0.02,0.02,0.02,0.02,0.02,0.02,,,,,,,,,,,,,,,,,,,,,,,,,,EUR,0.15,Common,toxel,,https://www.tcggo.com/pokemon/30th-celebration/toxel-9,30C-058,716457,singles
2026-10-01T15:49:41+02:00,lowest_near_mint,487,Haru Akasaka,haru-akasaka,30C 059,059,907666,128,128,30C,Pokémon,pokemon,431,en,https://images.tcggo.com/tcggo/storage/36628/30thcelebration.png,30th Celebration,EUR,10698.85,EUR,765.29,2026-09-16,17,Mega Evolution,mega-evolution,30th-celebration,,65682,https://images.tcggo.com/tcggo/storage/55032/toxtricity-30c-059-30th-celebration.webp,en,https://www.tcggo.com/external/cm/65682,https://www.tcggo.com/external/tcgplayer/65682,Toxtricity,Toxtricity 059,0.12,0.11,670,EUR,[],0.02,0.02,0.02,0.02,0.02,0.02,0.02,0.02,0.02,0.02,,,,,,,,,,,,,,,,,,,,,,,,,,EUR,0.12,Common,toxtricity,,https://www.tcggo.com/pokemon/30th-celebration/toxtricity-10,30C-059,716458,singles
2026-10-01T15:49:41+02:00,lowest_near_mint,473,Yuriko Akase,yuriko-akase,30C 060,060,907667,128,128,30C,Pokémon,pokemon,431,en,https://images.tcggo.com/tcggo/storage/36628/30thcelebration.png,30th Celebration,EUR,10698.85,EUR,765.29,2026-09-16,17,Mega Evolution,mega-evolution,30th-celebration,,65683,https://images.tcggo.com/tcggo/storage/55033/toxtricity-30c-060-30th-celebration.webp,en,https://www.tcggo.com/external/cm/65683,https://www.tcggo.com/external/tcgplayer/65683,Toxtricity,Toxtricity 060,0.13,0.13,633,EUR,[],0.02,0.02,0.02,0.04,0.04,0.02,0.02,0.02,0.02,0.02,,,,,,,,,,,,,,,,,,,,,,,,,,EUR,0.17,Common,toxtricity,,https://www.tcggo.com/pokemon/30th-celebration/toxtricity-11,30C-060,716459,singles
2026-10-01T15:49:41+02:00,lowest_near_mint,439,Kazumasa Yasukuni,kazumasa-yasukuni,30C 062,062,907669,128,128,30C,Pokémon,pokemon,431,en,https://images.tcggo.com/tcggo/storage/36628/30thcelebration.png,30th Celebration,EUR,10698.85,EUR,765.29,2026-09-16,17,Mega Evolution,mega-evolution,30th-celebration,,65685,https://images.tcggo.com/tcggo/storage/55035/miraidon-30c-062-30th-celebration.webp,en,https://www.tcggo.com/external/cm/65685,https://www.tcggo.com/external/tcgplayer/65685,Miraidon,Miraidon 062,0.16,0.16,611,EUR,[],0.02,0.03,0.03,0.02,0.02,0.02,0.02,0.02,0.02,0.02,,,,,,,,,,,,,,,,,,,,,,,,,,EUR,0.11,rare,miraidon,,https://www.tcggo.com/pokemon/30th-celebration/miraidon-7,30C-062,716461,singles
2026-10-01T15:49:41+02:00,lowest_near_mint,360,Saya Tsuruta,saya-tsuruta,30C 067,067,907674,128,128,30C,Pokémon,pokemon,431,en,https://images.tcggo.com/tcggo/storage/36628/30thcelebration.png,30th Celebration,EUR,10698.85,EUR,765.29,2026-09-16,17,Mega Evolution,mega-evolution,30th-celebration,,65690,https://images.tcggo.com/tcggo/storage/55040/marill-30c-067-30th-celebration.webp,en,https://www.tcggo.com/external/cm/65690,https://www.tcggo.com/external/tcgplayer/65690,Marill,Marill 067,0.13,0.13,801,EUR,[],0.02,0.02,0.02,0.02,0.02,0.02,0.02,0.02,0.02,0.02,,,,,,,,,,,,,,,,,,,,,,,,,,EUR,0.13,Common,marill,,https://www.tcggo.com/pokemon/30th-celebration/marill-21,30C-067,716466,singles
2026-10-01T15:49:41+02:00,lowest_near_mint,484,Kagemaru Himeno,kagemaru-himeno,30C 068,068,907675,128,128,30C,Pokémon,pokemon,431,en,https://images.tcggo.com/tcggo/storage/36628/30thcelebration.png,30th Celebration,EUR,10698.85,EUR,765.29,2026-09-16,17,Mega Evolution,mega-evolution,30th-celebration,,65691,https://images.tcggo.com/tcggo/storage/55041/azumarill-30c-068-30th-celebration.webp,en,https://www.tcggo.com/external/cm/65691,https://www.tcggo.com/external/tcgplayer/65691,Azumarill,Azumarill 068,0.14,0.14,622,EUR,[],0.02,0.05,0.05,0.02,0.02,0.02,0.02,0.02,0.02,0.02,,,,,,,,,,,,,,,,,,,,,,,,,,EUR,0.14,Common,azumarill,,https://www.tcggo.com/pokemon/30th-celebration/azumarill-21,30C-068,716467,singles
2026-10-01T15:49:41+02:00,lowest_near_mint,466,Shinya Komatsu,shinya-komatsu,30C 073,073,907680,128,128,30C,Pokémon,pokemon,431,en,https://images.tcggo.com/tcggo/storage/36628/30thcelebration.png,30th Celebration,EUR,10698.85,EUR,765.29,2026-09-16,17,Mega Evolution,mega-evolution,30th-celebration,,65696,https://images.tcggo.com/tcggo/storage/55046/drifloon-30c-073-30th-celebration.webp,en,https://www.tcggo.com/external/cm/65696,https://www.tcggo.com/external/tcgplayer/65696,Drifloon,Drifloon 073,0.14,0.14,659,EUR,[],0.02,0.05,0.05,0.02,0.02,0.02,0.02,0.02,0.02,0.02,,,,,,,,,,,,,,,,,,,,,,,,,,EUR,0.16,Common,drifloon,,https://www.tcggo.com/pokemon/30th-celebration/drifloon-18,30C-073,716469,singles
2026-10-01T15:49:41+02:00,lowest_near_mint,382,KEIICHIRO ITO,keiichiro-ito,30C 074,074,907681,128,128,30C,Pokémon,pokemon,431,en,https://images.tcggo.com/tcggo/storage/36628/30thcelebration.png,30th Celebration,EUR,10698.85,EUR,765.29,2026-09-16,17,Mega Evolution,mega-evolution,30th-celebration,,65697,https://images.tcggo.com/tcggo/storage/55047/cresselia-30c-074-30th-celebration.webp,en,https://www.tcggo.com/external/cm/65697,https://www.tcggo.com/external/tcgplayer/65697,Cresselia,Cresselia 074,0.16,0.16,640,EUR,[],0.02,0.09,0.09,0.02,0.02,0.02,0.02,0.02,0.02,0.02,,,,,,,,,,,,,,,,,,,,,,,,,,EUR,0.13,Common,cresselia,,https://www.tcggo.com/pokemon/30th-celebration/cresselia-10,30C-074,716470,singles
2026-10-01T15:49:41+02:00,lowest_near_mint,414,kodama,kodama,30C 076,076,907683,128,128,30C,Pokémon,pokemon,431,en,https://images.tcggo.com/tcggo/storage/36628/30thcelebration.png,30th Celebration,EUR,10698.85,EUR,765.29,2026-09-16,17,Mega Evolution,mega-evolution,30th-celebration,,65699,https://images.tcggo.com/tcggo/storage/55049/xerneas-30c-076-30th-celebration.webp,en,https://www.tcggo.com/external/cm/65699,https://www.tcggo.com/external/tcgplayer/65699,Xerneas,Xerneas 076,0.16,0.16,655,EUR,[],0.02,0.02,0.02,0.02,0.02,0.02,0.02,0.02,0.02,0.02,,,,,,,,,,,,,,,,,,,,,,,,,,EUR,0.17,rare,xerneas,,https://www.tcggo.com/pokemon/30th-celebration/xerneas-8,30C-076,716472,singles
2026-10-01T15:49:41+02:00,lowest_near_mint,503,sui,sui,30C 077,077,907684,128,128,30C,Pokémon,pokemon,431,en,https://images.tcggo.com/tcggo/storage/36628/30thcelebration.png,30th Celebration,EUR,10698.85,EUR,765.29,2026-09-16,17,Mega Evolution,mega-evolution,30th-celebration,,65700,https://images.tcggo.com/tcggo/storage/55050/comfey-30c-077-30th-celebration.webp,en,https://www.tcggo.com/external/cm/65700,https://www.tcggo.com/external/tcgplayer/65700,Comfey,Comfey 077,0.11,0.11,892,EUR,[],0.02,0.04,0.04,0.03,0.03,0.02,0.02,0.02,0.02,0.02,,,,,,,,,,,,,,,,,,,,,,,,,,EUR,0.09,Common,comfey,,https://www.tcggo.com/pokemon/30th-celebration/comfey-3,30C-077,716473,singles
2026-10-01T15:49:41+02:00,lowest_near_mint,416,Mina Nakai,mina-nakai,30C 078,078,907685,128,128,30C,Pokémon,pokemon,431,en,https://images.tcggo.com/tcggo/storage/36628/30thcelebration.png,30th Celebration,EUR,10698.85,EUR,765.29,2026-09-16,17,Mega Evolution,mega-evolution,30th-celebration,,65701,https://images.tcggo.com/tcggo/storage/55051/cosmog-30c-078-30th-celebration.webp,en,https://www.tcggo.com/external/cm/65701,https://www.tcggo.com/external/tcgplayer/65701,Cosmog,Cosmog 078,0.12,0.12,862,EUR,[],0.02,0.03,0.03,0.02,0.02,0.02,0.02,0.02,0.02,0.02,,,,,,,,,,,,,,,,,,,,,,,,,,EUR,0.1,Common,cosmog,,https://www.tcggo.com/pokemon/30th-celebration/cosmog-7,30C-078,716474,singles
2026-10-01T15:49:41+02:00,lowest_near_mint,420,Masako Tomii,masako-tomii,30C 079,079,907686,128,128,30C,Pokémon,pokemon,431,en,https://images.tcggo.com/tcggo/storage/36628/30thcelebration.png,30th Celebration,EUR,10698.85,EUR,765.29,2026-09-16,17,Mega Evolution,mega-evolution,30th-celebration,,65702,https://images.tcggo.com/tcggo/storage/55052/cosmoem-30c-079-30th-celebration.webp,en,https://www.tcggo.com/external/cm/65702,https://www.tcggo.com/external/tcgplayer/65702,Cosmoem,Cosmoem 079,0.14,0.14,619,EUR,[],0.02,0.03,0.03,0.04,0.04,0.02,0.02,0.02,0.02,0.02,,,,,,,,,,,,,,,,,,,,,,,,,,EUR,0.15,Common,cosmoem,,https://www.tcggo.com/pokemon/30th-celebration/cosmoem-4,30C-079,716475,singles
2026-10-01T15:49:41+02:00,lowest_near_mint,502,Bun Toujo,bun-toujo,30C 080,080,907687,128,128,30C,Pokémon,pokemon,431,en,https://images.tcggo.com/tcggo/storage/36628/30thcelebration.png,30th Celebration,EUR,10698.85,EUR,765.29,2026-09-16,17,Mega Evolution,mega-evolution,30th-celebration,,65703,https://images.tcggo.com/tcggo/storage/55053/lunala-30c-080-30th-celebration.webp,en,https://www.tcggo.com/external/cm/65703,https://www.tcggo.com/external/tcgplayer/65703,Lunala,Lunala 080,0.15,0.15,664,EUR,[],0.02,0.05,0.05,0.05,0.05,0.02,0.02,0.03,0.02,0.02,,,,,,,,,,,,,,,,,,,,,,,,,,EUR,0.17,rare,lunala,,https://www.tcggo.com/pokemon/30th-celebration/lunala-3,30C-080,716476,singles
2026-10-01T15:49:41+02:00,lowest_near_mint,469,Fujimoto Gold,fujimoto-gold,30C 081,081,907688,128,128,30C,Pokémon,pokemon,431,en,https://images.tcggo.com/tcggo/storage/36628/30thcelebration.png,30th Celebration,EUR,10698.85,EUR,765.29,2026-09-16,17,Mega Evolution,mega-evolution,30th-celebration,,65704,https://images.tcggo.com/tcggo/storage/55054/gimmighoul-30c-081-30th-celebration.webp,en,https://www.tcggo.com/external/cm/65704,https://www.tcggo.com/external/tcgplayer/65704,Gimmighoul,Gimmighoul 081,0.11,0.11,830,EUR,[],0.02,0.02,0.02,0.02,0.02,0.02,0.02,0.02,0.02,0.02,,,,,,,,,,,,,,,,,,,,,,,,,,EUR,0.12,Common,gimmighoul,,https://www.tcggo.com/pokemon/30th-celebration/gimmighoul-4,30C-081,716477,singles
2026-10-01T15:49:41+02:00,lowest_near_mint,388,Takumi Wada,takumi-wada,30C 082,082,907689,128,128,30C,Pokémon,pokemon,431,en,https://images.tcggo.com/tcggo/storage/36628/30thcelebration.png,30th Celebration,EUR,10698.85,EUR,765.29,2026-09-16,17,Mega Evolution,mega-evolution,30th-celebration,,65705,https://images.tcggo.com/tcggo/storage/55055/groudon-30c-082-30th-celebration.webp,en,https://www.tcggo.com/external/cm/65705,https://www.tcggo.com/external/tcgplayer/65705,Groudon,Groudon 082,0.16,0.16,685,EUR,[],0.02,0.03,0.03,0.02,0.02,0.02,0.02,0.02,0.02,0.02,,,,,,,,,,,,,,,,,,,,,,,,,,EUR,0.14,rare,groudon,,https://www.tcggo.com/pokemon/30th-celebration/groudon-18,30C-082,716478,singles
2026-10-01T15:49:41+02:00,lowest_near_mint,456,Hideki Ishikawa,hideki-ishikawa,30C 083,083,907690,128,128,30C,Pokémon,pokemon,431,en,https://images.tcggo.com/tcggo/storage/36628/30thcelebration.png,30th Celebration,EUR,10698.85,EUR,765.29,2026-09-16,17,Mega Evolution,mega-evolution,30th-celebration,,65706,https://images.tcggo.com/tcggo/storage/55056/lucario-30c-083-30th-celebration.webp,en,https://www.tcggo.com/external/cm/65706,https://www.tcggo.com/external/tcgplayer/65706,Lucario,Lucario 083,0.2,0.2,580,EUR,[],0.02,0.1,0.14,0.05,0.05,0.02,0.02,0.02,0.02,0.02,,,,,,,,,,,,,,,,,,,,,,,,,,EUR,0.23,Common,lucario,,https://www.tcggo.com/pokemon/30th-celebration/lucario-24,30C-083,716479,singles
2026-10-01T15:49:41+02:00,lowest_near_mint,397,Kurata So,kurata-so,30C 084,084,907691,128,128,30C,Pokémon,pokemon,431,en,https://images.tcggo.com/tcggo/storage/36628/30thcelebration.png,30th Celebration,EUR,10698.85,EUR,765.29,2026-09-16,17,Mega Evolution,mega-evolution,30th-celebration,,65707,https://images.tcggo.com/tcggo/storage/55057/seismitoad-30c-084-30th-celebration.webp,en,https://www.tcggo.com/external/cm/65707,https://www.tcggo.com/external/tcgplayer/65707,Seismitoad,Seismitoad 084,0.14,0.14,572,EUR,[],0.02,0.02,0.02,0.02,0.02,0.02,0.02,0.02,0.02,0.02,,,,,,,,,,,,,,,,,,,,,,,,,,EUR,0.15,Common,seismitoad,,https://www.tcggo.com/pokemon/30th-celebration/seismitoad-12,30C-084,716480,singles
2026-10-01T15:49:41+02:00,lowest_near_mint,468,matazo,matazo,30C 085,085,907692,128,128,30C,Pokémon,pokemon,431,en,https://images.tcggo.com/tcggo/storage/36628/30thcelebration.png,30th Celebration,EUR,10698.85,EUR,765.29,2026-09-16,17,Mega Evolution,mega-evolution,30th-celebration,,65708,https://images.tcggo.com/tcggo/storage/55058/lycanroc-30c-085-30th-celebration.webp,en,https://www.tcggo.com/external/cm/65708,https://www.tcggo.com/external/tcgplayer/65708,Lycanroc,Lycanroc 085,0.14,0.14,647,EUR,[],0.02,0.02,0.02,0.02,0.02,0.02,0.02,0.05,0.02,0.02,,,,,,,,,,,,,,,,,,,,,,,,,,EUR,0.11,Common,lycanroc,,https://www.tcggo.com/pokemon/30th-celebration/lycanroc-13,30C-085,716481,singles
2026-10-01T15:49:41+02:00,lowest_near_mint,375,Mitsuhiro Arita,mitsuhiro-arita,30C 086,086,907693,128,128,30C,Pokémon,pokemon,431,en,https://images.tcggo.com/tcggo/storage/36628/30thcelebration.png,30th Celebration,EUR,10698.85,EUR,765.29,2026-09-16,17,Mega Evolution,mega-evolution,30th-celebration,,65709,https://images.tcggo.com/tcggo/storage/55059/koraidon-30c-086-30th-celebration.webp,en,https://www.tcggo.com/external/cm/65709,https://www.tcggo.com/external/tcgplayer/65709,Koraidon,Koraidon 086,0.16,0.16,741,EUR,[],0.02,0.02,0.02,0.02,0.02,0.02,0.02,0.02,0.02,0.02,,,,,,,,,,,,,,,,,,,,,,,,,,EUR,0.11,rare,koraidon,,https://www.tcggo.com/pokemon/30th-celebration/koraidon-8,30C-086,716482,singles
2026-10-01T15:49:41+02:00,lowest_near_mint,398,Taira Akitsu,taira-akitsu,30C 087,087,907694,128,128,30C,Pokémon,pokemon,431,en,https://images.tcggo.com/tcggo/storage/36628/30thcelebration.png,30th Celebration,EUR,10698.85,EUR,765.29,2026-09-16,17,Mega Evolution,mega-evolution,30th-celebration,,65710,https://images.tcggo.com/tcggo/storage/55060/nidoran-f-30c-087-30th-celebration.webp,en,https://www.tcggo.com/external/cm/65710,https://www.tcggo.com/external/tcgplayer/65710,Nidoran [F],Nidoran [F] 087,0.12,0.12,792,EUR,[],0.02,0.02,0.02,0.02,0.02,0.02,0.02,0.02,0.02,0.02,,,,,,,,,,,,,,,,,,,,,,,,,,EUR,0.15,Common,nidoran-f,,https://www.tcggo.com/pokemon/30th-celebration/nidoran-f-1,30C-087,716483,singles
2026-10-01T15:49:41+02:00,lowest_near_mint,438,Miki Tanaka,miki-tanaka,30C 088,088,907695,128,128,30C,Pokémon,pokemon,431,en,https://images.tcggo.com/tcggo/storage/36628/30thcelebration.png,30th Celebration,EUR,10698.85,EUR,765.29,2026-09-16,17,Mega Evolution,mega-evolution,30th-celebration,,65711,https://images.tcggo.com/tcggo/storage/55061/nidorina-30c-088-30th-celebration.webp,en,https://www.tcggo.com/external/cm/65711,https://www.tcggo.com/external/tcgplayer/65711,Nidorina,Nidorina 088,0.11,0.11,883,EUR,[],0.02,0.02,0.02,0.02,0.02,0.02,0.02,0.02,0.02,0.02,,,,,,,,,,,,,,,,,,,,,,,,,,EUR,0.11,Common,nidorina,,https://www.tcggo.com/pokemon/30th-celebration/nidorina-13,30C-088,716484,singles
2026-10-01T15:49:41+02:00,lowest_near_mint,528,Natsumi Yoshida,natsumi-yoshida,30C 089,089,907696,128,128,30C,Pokémon,pokemon,431,en,https://images.tcggo.com/tcggo/storage/36628/30thcelebration.png,30th Celebration,EUR,10698.85,EUR,765.29,2026-09-16,17,Mega Evolution,mega-evolution,30th-celebration,,65712,https://images.tcggo.com/tcggo/storage/55062/alolan-meowth-30c-089-30th-celebration.webp,en,https://www.tcggo.com/external/cm/65712,https://www.tcggo.com/external/tcgplayer/65712,Alolan Meowth,Alolan Meowth 089,0.14,0.14,800,EUR,[],0.02,0.02,0.02,0.02,0.02,0.02,0.02,0.02,0.02,0.02,,,,,,,,,,,,,,,,,,,,,,,,,,EUR,0.15,Common,alolan-meowth,,https://www.tcggo.com/pokemon/30th-celebration/alolan-meowth-4,30C-089,714359,singles
2026-10-01T15:49:41+02:00,lowest_near_mint,780,Iori Suzuki,iori-suzuki,30C 091,091,907698,128,128,30C,Pokémon,pokemon,431,en,https://images.tcggo.com/tcggo/storage/36628/30thcelebration.png,30th Celebration,EUR,10698.85,EUR,765.29,2026-09-16,17,Mega Evolution,mega-evolution,30th-celebration,,65714,https://images.tcggo.com/tcggo/storage/55064/umbreon-30c-091-30th-celebration.webp,en,https://www.tcggo.com/external/cm/65714,https://www.tcggo.com/external/tcgplayer/65714,Umbreon,Umbreon 091,0.56,0.54,708,EUR,[],0.02,0.1,0.1,0.02,0.02,0.05,0.02,0.02,0.02,0.02,,,,,,,,,,,,,,,,,,,,,,,,,,EUR,0.79,Common,umbreon,,https://www.tcggo.com/pokemon/30th-celebration/umbreon-19,30C-091,696679,singles
2026-10-01T15:49:41+02:00,lowest_near_mint,378,Kouki Saitou,kouki-saitou,30C 093,093,907700,128,128,30C,Pokémon,pokemon,431,en,https://images.tcggo.com/tcggo/storage/36628/30thcelebration.png,30th Celebration,EUR,10698.85,EUR,765.29,2026-09-16,17,Mega Evolution,mega-evolution,30th-celebration,,65716,https://images.tcggo.com/tcggo/storage/55066/murkrow-30c-093-30th-celebration.webp,en,https://www.tcggo.com/external/cm/65716,https://www.tcggo.com/external/tcgplayer/65716,Murkrow,Murkrow 093,0.12,0.12,661,EUR,[],0.02,0.05,0.05,0.02,0.02,0.02,0.02,0.02,0.02,0.02,,,,,,,,,,,,,,,,,,,,,,,,,,EUR,0.18,Common,murkrow,,https://www.tcggo.com/pokemon/30th-celebration/murkrow-26,30C-093,716486,singles
2026-10-01T15:49:41+02:00,lowest_near_mint,413,Atsuya Uki,atsuya-uki,30C 095,095,907702,128,128,30C,Pokémon,pokemon,431,en,https://images.tcggo.com/tcggo/storage/36628/30thcelebration.png,30th Celebration,EUR,10698.85,EUR,765.29,2026-09-16,17,Mega Evolution,mega-evolution,30th-celebration,,65718,https://images.tcggo.com/tcggo/storage/55068/zorua-30c-095-30th-celebration.webp,en,https://www.tcggo.com/external/cm/65718,https://www.tcggo.com/external/tcgplayer/65718,Zorua,Zorua 095,0.13,0.13,613,EUR,[],0.02,0.04,0.04,0.02,0.02,0.02,0.02,0.02,0.02,0.02,,,,,,,,,,,,,,,,,,,,,,,,,,EUR,0.21,Common,zorua,,https://www.tcggo.com/pokemon/30th-celebration/zorua-17,30C-095,716488,singles
2026-10-01T15:49:41+02:00,lowest_near_mint,383,Gapao,gapao,30C 097,097,907704,128,128,30C,Pokémon,pokemon,431,en,https://images.tcggo.com/tcggo/storage/36628/30thcelebration.png,30th Celebration,EUR,10698.85,EUR,765.29,2026-09-16,17,Mega Evolution,mega-evolution,30th-celebration,,65720,https://images.tcggo.com/tcggo/storage/55070/deino-30c-097-30th-celebration.webp,en,https://www.tcggo.com/external/cm/65720,https://www.tcggo.com/external/tcgplayer/65720,Deino,Deino 097,0.13,0.13,650,EUR,[],0.02,0.02,0.02,0.02,0.02,0.02,0.02,0.02,0.02,0.02,,,,,,,,,,,,,,,,,,,,,,,,,,EUR,0.11,Common,deino,,https://www.tcggo.com/pokemon/30th-celebration/deino-16,30C-097,716490,singles
2026-10-01T15:49:41+02:00,lowest_near_mint,766,IKEDA Saki,ikeda-saki,30C 098,098,907705,128,128,30C,Pokémon,pokemon,431,en,https://images.tcggo.com/tcggo/storage/36628/30thcelebration.png,30th Celebration,EUR,10698.85,EUR,765.29,2026-09-16,17,Mega Evolution,mega-evolution,30th-celebration,,65721,https://images.tcggo.com/tcggo/storage/55071/zweilous-30c-098-30th-celebration.webp,en,https://www.tcggo.com/external/cm/65721,https://www.tcggo.com/external/tcgplayer/65721,Zweilous,Zweilous 098,0.14,0.13,633,EUR,[],0.02,0.04,0.04,0.02,0.02,0.02,0.02,0.02,0.02,0.02,,,,,,,,,,,,,,,,,,,,,,,,,,EUR,0.11,Common,zweilous,,https://www.tcggo.com/pokemon/30th-celebration/zweilous-15,30C-098,716491,singles
2026-10-01T15:49:41+02:00,lowest_near_mint,462,hncl,hncl,30C 100,100,907707,128,128,30C,Pokémon,pokemon,431,en,https://images.tcggo.com/tcggo/storage/36628/30thcelebration.png,30th Celebration,EUR,10698.85,EUR,765.29,2026-09-16,17,Mega Evolution,mega-evolution,30th-celebration,,65723,https://images.tcggo.com/tcggo/storage/55073/yveltal-30c-100-30th-celebration.webp,en,https://www.tcggo.com/external/cm/65723,https://www.tcggo.com/external/tcgplayer/65723,Yveltal,Yveltal 100,0.17,0.17,676,EUR,[],0.02,0.02,0.02,0.02,0.02,0.02,0.02,0.02,0.02,0.02,,,,,,,,,,,,,,,,,,,,,,,,,,EUR,0.14,rare,yveltal,,https://www.tcggo.com/pokemon/30th-celebration/yveltal-11,30C-100,716493,singles
2026-10-01T15:49:41+02:00,lowest_near_mint,1324,Mv©kayu,mvkayu,30C 101,101,907708,128,128,30C,Pokémon,pokemon,431,en,https://images.tcggo.com/tcggo/storage/36628/30thcelebration.png,30th Celebration,EUR,10698.85,EUR,765.29,2026-09-16,17,Mega Evolution,mega-evolution,30th-celebration,,65724,https://images.tcggo.com/tcggo/storage/55074/galarian-meowth-30c-101-30th-celebration.webp,en,https://www.tcggo.com/external/cm/65724,https://www.tcggo.com/external/tcgplayer/65724,Galarian Meowth,Galarian Meowth 101,0.13,0.12,834,EUR,[],0.02,0.02,0.02,0.02,0.02,0.02,0.02,0.02,0.02,0.02,,,,,,,,,,,,,,,,,,,,,,,,,,EUR,0.16,Common,galarian-meowth,,https://www.tcggo.com/pokemon/30th-celebration/galarian-meowth-6,30C-101,716494,singles
2026-10-01T15:49:41+02:00,lowest_near_mint,369,toriyufu,toriyufu,30C 103,103,907710,128,128,30C,Pokémon,pokemon,431,en,https://images.tcggo.com/tcggo/storage/36628/30thcelebration.png,30th Celebration,EUR,10698.85,EUR,765.29,2026-09-16,17,Mega Evolution,mega-evolution,30th-celebration,,65726,https://images.tcggo.com/tcggo/storage/55076/dialga-30c-103-30th-celebration.webp,en,https://www.tcggo.com/external/cm/65726,https://www.tcggo.com/external/tcgplayer/65726,Dialga,Dialga 103,0.15,0.15,726,EUR,[],0.02,0.05,0.05,0.04,0.04,0.02,0.02,0.05,0.02,0.02,,,,,,,,,,,,,,,,,,,,,,,,,,EUR,0.15,rare,dialga,,https://www.tcggo.com/pokemon/30th-celebration/dialga-18,30C-103,716496,singles
2026-10-01T15:49:41+02:00,lowest_near_mint,510,Nurikabe,nurikabe,30C 105,105,907712,128,128,30C,Pokémon,pokemon,431,en,https://images.tcggo.com/tcggo/storage/36628/30thcelebration.png,30th Celebration,EUR,10698.85,EUR,765.29,2026-09-16,17,Mega Evolution,mega-evolution,30th-celebration,,65728,https://images.tcggo.com/tcggo/storage/55078/solgaleo-30c-105-30th-celebration.webp,en,https://www.tcggo.com/external/cm/65728,https://www.tcggo.com/external/tcgplayer/65728,Solgaleo,Solgaleo 105,0.16,0.16,677,EUR,[],0.02,0.02,0.02,0.03,0.03,0.02,0.02,0.02,0.02,0.02,,,,,,,,,,,,,,,,,,,,,,,,,,EUR,0.16,rare,solgaleo,,https://www.tcggo.com/pokemon/30th-celebration/solgaleo-3,30C-105,716498,singles
2026-10-01T15:49:41+02:00,lowest_near_mint,446,takashi shiraishi,takashi-shiraishi,30C 007,007,907613,128,128,30C,Pokémon,pokemon,431,en,https://images.tcggo.com/tcggo/storage/36628/30thcelebration.png,30th Celebration,EUR,10698.85,EUR,765.29,2026-09-16,17,Mega Evolution,mega-evolution,30th-celebration,,65730,https://images.tcggo.com/tcggo/storage/54980/cherrim-30c-007-30th-celebration.webp,en,https://www.tcggo.com/external/cm/65730,https://www.tcggo.com/external/tcgplayer/65730,Cherrim,Cherrim 007,0.13,0.12,597,EUR,[],0.02,0.08,0.08,0.02,0.02,0.02,0.02,0.02,0.02,0.02,,,,,,,,,,,,,,,,,,,,,,,,,,EUR,0.14,Common,cherrim,,https://www.tcggo.com/pokemon/30th-celebration/cherrim-13,30C-007,716441,singles
2026-10-01T15:49:41+02:00,lowest_near_mint,449,miki kudo,miki-kudo,30C 009,009,907615,128,128,30C,Pokémon,pokemon,431,en,https://images.tcggo.com/tcggo/storage/36628/30thcelebration.png,30th Celebration,EUR,10698.85,EUR,765.29,2026-09-16,17,Mega Evolution,mega-evolution,30th-celebration,,65732,https://images.tcggo.com/tcggo/storage/54982/vulpix-30c-009-30th-celebration.webp,en,https://www.tcggo.com/external/cm/65732,https://www.tcggo.com/external/tcgplayer/65732,Vulpix,Vulpix 009,0.14,0.14,764,EUR,[],0.02,0.02,0.02,0.02,0.02,0.02,0.02,0.02,0.02,0.02,,,,,,,,,,,,,,,,,,,,,,,,,,EUR,0.16,Common,vulpix,,https://www.tcggo.com/pokemon/30th-celebration/vulpix-45,30C-009,716443,singles
2026-10-01T15:49:41+02:00,lowest_near_mint,414,kodama,kodama,30C 010,010,907736,128,128,30C,Pokémon,pokemon,431,en,https://images.tcggo.com/tcggo/storage/36628/30thcelebration.png,30th Celebration,EUR,10698.85,EUR,765.29,2026-09-16,17,Mega Evolution,mega-evolution,30th-celebration,,65733,https://images.tcggo.com/tcggo/storage/54983/ninetales-30c-010-30th-celebration.webp,en,https://www.tcggo.com/external/cm/65733,https://www.tcggo.com/external/tcgplayer/65733,Ninetales,Ninetales 010,0.19,0.19,567,EUR,[],0.02,0.07,0.07,0.05,0.05,0.02,0.02,0.02,0.02,0.02,,,,,,,,,,,,,,,,,,,,,,,,,,EUR,0.21,Common,ninetales,,https://www.tcggo.com/pokemon/30th-celebration/ninetales-48,30C-010,716444,singles
2026-10-01T15:49:41+02:00,lowest_near_mint,359,HYOGONOSUKE,hyogonosuke,30C 011,011,907617,128,128,30C,Pokémon,pokemon,431,en,https://images.tcggo.com/tcggo/storage/36628/30thcelebration.png,30th Celebration,EUR,10698.85,EUR,765.29,2026-09-16,17,Mega Evolution,mega-evolution,30th-celebration,,65734,https://images.tcggo.com/tcggo/storage/54984/moltres-30c-011-30th-celebration.webp,en,https://www.tcggo.com/external/cm/65734,https://www.tcggo.com/external/tcgplayer/65734,Moltres,Moltres 011,0.19,0.19,528,EUR,[],0.02,0.09,0.09,0.05,0.05,0.02,0.02,0.02,0.02,0.02,,,,,,,,,,,,,,,,,,,,,,,,,,EUR,0.25,Common,moltres,,https://www.tcggo.com/pokemon/30th-celebration/moltres-24,30C-011,716445,singles
2026-10-01T15:49:41+02:00,lowest_near_mint,363,Anesaki Dynamic,anesaki-dynamic,30C 012,012,907618,128,128,30C,Pokémon,pokemon,431,en,https://images.tcggo.com/tcggo/storage/36628/30thcelebration.png,30th Celebration,EUR,10698.85,EUR,765.29,2026-09-16,17,Mega Evolution,mega-evolution,30th-celebration,,65735,https://images.tcggo.com/tcggo/storage/54985/ho-oh-30c-012-30th-celebration.webp,en,https://www.tcggo.com/external/cm/65735,https://www.tcggo.com/external/tcgplayer/65735,Ho-Oh,Ho-Oh 012,0.22,0.22,613,EUR,[],0.02,0.1,0.1,0.03,0.03,0.02,0.05,0.08,0.02,0.02,,,,,,,,,,,,,,,,,,,,,,,,,,EUR,0.21,rare,ho-oh,,https://www.tcggo.com/pokemon/30th-celebration/ho-oh-12,30C-012,716446,singles
2026-10-01T15:49:41+02:00,lowest_near_mint,419,Uninori,uninori,30C 016,016,907622,128,128,30C,Pokémon,pokemon,431,en,https://images.tcggo.com/tcggo/storage/36628/30thcelebration.png,30th Celebration,EUR,10698.85,EUR,765.29,2026-09-16,17,Mega Evolution,mega-evolution,30th-celebration,,65739,https://images.tcggo.com/tcggo/storage/54989/slowpoke-30c-016-30th-celebration.webp,en,https://www.tcggo.com/external/cm/65739,https://www.tcggo.com/external/tcgplayer/65739,Slowpoke,Slowpoke 016,0.16,0.15,657,EUR,[],0.02,0.05,0.05,0.02,0.02,0.02,0.02,0.02,0.02,0.02,,,,,,,,,,,,,,,,,,,,,,,,,,EUR,0.25,Common,slowpoke,,https://www.tcggo.com/pokemon/30th-celebration/slowpoke-37,30C-016,716449,singles
2026-10-01T15:49:41+02:00,lowest_near_mint,467,Masa,masa,30C 017,017,907623,128,128,30C,Pokémon,pokemon,431,en,https://images.tcggo.com/tcggo/storage/36628/30thcelebration.png,30th Celebration,EUR,10698.85,EUR,765.29,2026-09-16,17,Mega Evolution,mega-evolution,30th-celebration,,65740,https://images.tcggo.com/tcggo/storage/54990/lapras-30c-017-30th-celebration.webp,en,https://www.tcggo.com/external/cm/65740,https://www.tcggo.com/external/tcgplayer/65740,Lapras,Lapras 017,0.18,0.18,505,EUR,[],0.02,0.02,0.02,0.02,0.02,0.02,0.04,0.04,0.02,0.02,,,,,,,,,,,,,,,,,,,,,,,,,,EUR,0.24,Common,lapras,,https://www.tcggo.com/pokemon/30th-celebration/lapras-43,30C-017,716450,singles
2026-10-01T15:49:41+02:00,lowest_near_mint,359,HYOGONOSUKE,hyogonosuke,30C 018,018,907624,128,128,30C,Pokémon,pokemon,431,en,https://images.tcggo.com/tcggo/storage/36628/30thcelebration.png,30th Celebration,EUR,10698.85,EUR,765.29,2026-09-16,17,Mega Evolution,mega-evolution,30th-celebration,,65741,https://images.tcggo.com/tcggo/storage/54991/articuno-30c-018-30th-celebration.webp,en,https://www.tcggo.com/external/cm/65741,https://www.tcggo.com/external/tcgplayer/65741,Articuno,Articuno 018,0.2,0.2,484,EUR,[],0.02,0.05,0.05,0.05,0.05,0.02,0.02,0.05,0.02,0.02,,,,,,,,,,,,,,,,,,,,,,,,,,EUR,0.25,Common,articuno,,https://www.tcggo.com/pokemon/30th-celebration/articuno-23,30C-018,716451,singles
2026-10-01T15:49:41+02:00,lowest_near_mint,408,kawayoo,kawayoo,30C 020,020,907627,128,128,30C,Pokémon,pokemon,431,en,https://images.tcggo.com/tcggo/storage/36628/30thcelebration.png,30th Celebration,EUR,10698.85,EUR,765.29,2026-09-16,17,Mega Evolution,mega-evolution,30th-celebration,,65743,https://images.tcggo.com/tcggo/storage/54993/palkia-30c-020-30th-celebration.webp,en,https://www.tcggo.com/external/cm/65743,https://www.tcggo.com/external/tcgplayer/65743,Palkia,Palkia 020,0.16,0.15,740,EUR,[],0.02,0.05,0.05,0.04,0.04,0.02,0.02,0.02,0.02,0.02,,,,,,,,,,,,,,,,,,,,,,,,,,EUR,0.19,rare,palkia,,https://www.tcggo.com/pokemon/30th-celebration/palkia-9,30C-020,716453,singles
2026-10-01T15:49:41+02:00,lowest_near_mint,774,Narano,narano,30C 022,022,907629,128,128,30C,Pokémon,pokemon,431,en,https://images.tcggo.com/tcggo/storage/36628/30thcelebration.png,30th Celebration,EUR,10698.85,EUR,765.29,2026-09-16,17,Mega Evolution,mega-evolution,30th-celebration,,65745,https://images.tcggo.com/tcggo/storage/54995/wishiwashi-30c-022-30th-celebration.webp,en,https://www.tcggo.com/external/cm/65745,https://www.tcggo.com/external/tcgplayer/65745,Wishiwashi,Wishiwashi 022,0.13,0.13,633,EUR,[],0.02,0.05,0.05,0.02,0.02,0.02,0.02,0.02,0.02,0.02,,,,,,,,,,,,,,,,,,,,,,,,,,EUR,0.2,Common,wishiwashi,,https://www.tcggo.com/pokemon/30th-celebration/wishiwashi-6,30C-022,716454,singles
2026-10-01T15:49:41+02:00,lowest_near_mint,359,HYOGONOSUKE,hyogonosuke,30C 055,055,907662,128,128,30C,Pokémon,pokemon,431,en,https://images.tcggo.com/tcggo/storage/36628/30thcelebration.png,30th Celebration,EUR,10698.85,EUR,765.29,2026-09-16,17,Mega Evolution,mega-evolution,30th-celebration,,65778,https://images.tcggo.com/tcggo/storage/55028/zapdos-30c-055-30th-celebration.webp,en,https://www.tcggo.com/external/cm/65778,https://www.tcggo.com/external/tcgplayer/65778,Zapdos,Zapdos 055,0.18,0.17,544,EUR,[],0.02,0.1,0.1,0.05,0.05,0.02,0.04,0.04,0.02,0.02,,,,,,,,,,,,,,,,,,,,,,,,,,EUR,0.21,Common,zapdos,,https://www.tcggo.com/pokemon/30th-celebration/zapdos-28,30C-055,716455,singles
2026-10-01T15:49:41+02:00,lowest_near_mint,494,Nelnal,nelnal,30C 001,001,907607,128,128,30C,Pokémon,pokemon,431,en,https://images.tcggo.com/tcggo/storage/36628/30thcelebration.png,30th Celebration,EUR,10698.85,EUR,765.29,2026-09-16,17,Mega Evolution,mega-evolution,30th-celebration,,65779,https://images.tcggo.com/tcggo/storage/54974/exeggcute-30c-001-30th-celebration.webp,en,https://www.tcggo.com/external/cm/65779,https://www.tcggo.com/external/tcgplayer/65779,Exeggcute,Exeggcute 001,0.14,0.13,809,EUR,[],0.02,0.04,0.04,0.02,0.02,0.02,0.02,0.02,0.02,0.02,,,,,,,,,,,,,,,,,,,,,,,,,,EUR,0.14,Common,exeggcute,,https://www.tcggo.com/pokemon/30th-celebration/exeggcute-31,30C-001,716435,singles
2026-10-01T15:49:41+02:00,lowest_near_mint,440,Shibuzoh.,shibuzoh,30C 004,004,907610,128,128,30C,Pokémon,pokemon,431,en,https://images.tcggo.com/tcggo/storage/36628/30thcelebration.png,30th Celebration,EUR,10698.85,EUR,765.29,2026-09-16,17,Mega Evolution,mega-evolution,30th-celebration,,65782,https://images.tcggo.com/tcggo/storage/54977/illumise-30c-004-30th-celebration.webp,en,https://www.tcggo.com/external/cm/65782,https://www.tcggo.com/external/tcgplayer/65782,Illumise,Illumise 004,0.12,0.12,778,EUR,[],0.02,0.02,0.02,0.02,0.02,0.02,0.02,0.02,0.02,0.02,,,,,,,,,,,,,,,,,,,,,,,,,,EUR,0.15,Common,illumise,,https://www.tcggo.com/pokemon/30th-celebration/illumise-11,30C-004,716438,singles
2026-10-01T15:49:41+02:00,lowest_near_mint,421,Shinji Kanda,shinji-kanda,30C 040,040,907647,128,128,30C,Pokémon,pokemon,431,en,https://images.tcggo.com/tcggo/storage/36628/30thcelebration.png,30th Celebration,EUR,10698.85,EUR,765.29,2026-09-16,17,Mega Evolution,mega-evolution,30th-celebration,,65763,https://images.tcggo.com/tcggo/storage/55013/pikachu-30c-040-30th-celebration.webp,en,https://www.tcggo.com/external/cm/65763,https://www.tcggo.com/external/tcgplayer/65763,Pikachu,Pikachu 040,2.97,2.74,749,EUR,[],,2,2,0.8,0.8,,1.97,1.97,0.5,0.5,,,,,,,,,,,,,,,,,,,,,,,,,,EUR,5.63,Pikachu Rare,pikachu,,https://www.tcggo.com/pokemon/30th-celebration/pikachu-130,30C-040,712944,singles
