captured_at,cardmarket_id,episode.cards_printed_total,episode.cards_total,episode.code,episode.game.name,episode.game.slug,episode.id,episode.logo,episode.name,episode.prices.cardmarket.currency,episode.prices.cardmarket.total,episode.prices.tcgplayer.currency,episode.prices.tcgplayer.total,episode.released_at,episode.series,episode.series.id,episode.series.name,episode.series.slug,episode.slug,id,image,links.cardmarket,links.tcgplayer,name,prices.cardmarket.30d_average,prices.cardmarket.7d_average,prices.cardmarket.available_items,prices.cardmarket.currency,prices.cardmarket.lowest,prices.cardmarket.lowest_DE,prices.cardmarket.lowest_DE_EU_only,prices.cardmarket.lowest_ES,prices.cardmarket.lowest_ES_EU_only,prices.cardmarket.lowest_EU_only,prices.cardmarket.lowest_FR,prices.cardmarket.lowest_FR_EU_only,prices.cardmarket.lowest_IT,prices.cardmarket.lowest_IT_EU_only,slug,tcggo_url,tcgplayer_id
2026-08-18T20:35:01+02:00,719691,165,207,MEW,Pokémon,pokemon,16,https://images.tcggo.com/tcggo/storage/2496/151-logo.png,151,EUR,1727.89,EUR,1753.21,2023-09-22,,1,Scarlet & Violet,scarlet-violet,151,20042,https://images.tcggo.com/tcggo/storage/20660/151-elite-trainer-box-151-pokemon.png,https://www.tcggo.com/external/cm/20042,https://www.tcggo.com/external/tcgplayer/20042,151 Elite Trainer Box,404.05,402.94,312,EUR,419,339,339,445,445,419,300,300,340,340,151-elite-trainer-box,https://www.tcggo.com/pokemon/151/151-elite-trainer-box,503313
2026-08-18T20:35:01+02:00,570895,25,25,CEL,Pokémon,pokemon,35,https://images.tcggo.com/tcggo/storage/5234/celebrations-logo.png,Celebrations,EUR,586.33,EUR,91.57,2021-10-08,,2,Sword & Shield,sword-shield,celebrations,20033,https://images.tcggo.com/tcggo/storage/20648/celebrations-elite-trainer-box-celebrations-pokemon.png,https://www.tcggo.com/external/cm/20033,https://www.tcggo.com/external/tcgplayer/20033,Celebrations Elite Trainer Box,343.25,360.96,329,EUR,320,290,310,500,500,320,580,580,430,430,celebrations-elite-trainer-box,https://www.tcggo.com/pokemon/celebrations/celebrations-elite-trainer-box,242811
2026-08-18T20:35:01+02:00,293331,108,113,EVO,Pokémon,pokemon,71,https://images.tcggo.com/tcggo/storage/10425/evolutions-logo.png,Evolutions,EUR,580.24,EUR,758.29,2016-11-02,,5,XY,xy,evolutions,20082,https://images.tcggo.com/tcggo/storage/20727/evolutions-elite-trainer-box-blastoise-evolutions-pokemon.png,https://www.tcggo.com/external/cm/20082,https://www.tcggo.com/external/tcgplayer/20082,Evolutions Elite Trainer Box (Blastoise),558.85,559.99,15,EUR,550,,,,,550,,,,,evolutions-elite-trainer-box-blastoise,https://www.tcggo.com/pokemon/evolutions/evolutions-elite-trainer-box-blastoise,123448
2026-08-18T20:35:01+02:00,293929,108,113,EVO,Pokémon,pokemon,71,https://images.tcggo.com/tcggo/storage/10425/evolutions-logo.png,Evolutions,EUR,580.24,EUR,758.29,2016-11-02,,5,XY,xy,evolutions,20153,https://images.tcggo.com/tcggo/storage/20953/evolutions-elite-trainer-box-charizard.png,https://www.tcggo.com/external/cm/20153,https://www.tcggo.com/external/tcgplayer/20153,Evolutions Elite Trainer Box (Charizard),641.55,699.71,30,EUR,619.99,,,,,619.99,,,,,evolutions-elite-trainer-box-charizard,https://www.tcggo.com/pokemon/evolutions/evolutions-elite-trainer-box-charizard,123447
2026-08-18T20:35:01+02:00,293302,83,117,GEN,Pokémon,pokemon,75,https://images.tcggo.com/tcggo/storage/10803/generations-logo.png,Generations,EUR,1209.81,EUR,1381.76,2016-02-22,,5,XY,xy,generations,20164,https://images.tcggo.com/tcggo/storage/20519/generations-elite-trainer-box-generations-pokemon.png,https://www.tcggo.com/external/cm/20164,https://www.tcggo.com/external/tcgplayer/20164,Generations Elite Trainer Box,1110.53,2507,8,EUR,2500,,,,,3250,,,,,generations-elite-trainer-box,https://www.tcggo.com/pokemon/generations/generations-elite-trainer-box,123741
2026-08-18T20:35:01+02:00,287836,122,126,BKP,Pokémon,pokemon,76,https://images.tcggo.com/tcggo/storage/10923/breakpoint-logo.png,BREAKpoint,EUR,1013.34,EUR,1003.9,2016-02-03,,5,XY,xy,breakpoint,20095,https://images.tcggo.com/tcggo/storage/20687/breakpoint-elite-trainer-box-breakpoint-pokemon.png,https://www.tcggo.com/external/cm/20095,https://www.tcggo.com/external/tcgplayer/20095,BREAKpoint Elite Trainer Box,504.41,921.29,7,EUR,800,,,,,800,,,,,breakpoint-elite-trainer-box,https://www.tcggo.com/pokemon/breakpoint/breakpoint-elite-trainer-box,111280
2026-08-18T20:35:01+02:00,286946,162,165,BKT,Pokémon,pokemon,78,https://images.tcggo.com/tcggo/storage/11052/breakthrough-logo.png,BREAKthrough,EUR,1179.07,EUR,1277.9,2015-11-04,,5,XY,xy,breakthrough,20152,https://images.tcggo.com/tcggo/storage/20503/breakthrough-elite-trainer-box-mega-mewtwo-y-breakthrough-pokemon.png,https://www.tcggo.com/external/cm/20152,https://www.tcggo.com/external/tcgplayer/20152,BREAKthrough Elite Trainer Box (Mega Mewtwo Y),440.6,838.36,6,EUR,1199,,,,,1199,,,,,breakthrough-elite-trainer-box-mega-mewtwo-y,https://www.tcggo.com/pokemon/breakthrough/breakthrough-elite-trainer-box-mega-mewtwo-y,107107
2026-08-18T20:35:01+02:00,286942,162,165,BKT,Pokémon,pokemon,78,https://images.tcggo.com/tcggo/storage/11052/breakthrough-logo.png,BREAKthrough,EUR,1179.07,EUR,1277.9,2015-11-04,,5,XY,xy,breakthrough,20175,https://images.tcggo.com/tcggo/storage/20304/breakthrough-elite-trainer-box-mega-mewtwo-x-breakthrough-pokemon.png,https://www.tcggo.com/external/cm/20175,https://www.tcggo.com/external/tcgplayer/20175,BREAKthrough Elite Trainer Box (Mega Mewtwo X),433.14,995.28,9,EUR,974.98,,,,,974.98,,,,,breakthrough-elite-trainer-box-mega-mewtwo-x,https://www.tcggo.com/pokemon/breakthrough/breakthrough-elite-trainer-box-mega-mewtwo-x,107106
2026-08-18T20:35:01+02:00,286955,146,146,XY,Pokémon,pokemon,87,https://images.tcggo.com/tcggo/storage/11993/xy-logo.png,XY,EUR,569.17,EUR,761.73,2014-02-05,,5,XY,xy,xy,20182,https://images.tcggo.com/tcggo/storage/20219/xy-elite-trainer-box-xerneas-xy-pokemon.png,https://www.tcggo.com/external/cm/20182,https://www.tcggo.com/external/tcgplayer/20182,XY Elite Trainer Box (Xerneas),956.77,1522.25,0,EUR,,,,,,,,,,,xy-elite-trainer-box-xerneas,https://www.tcggo.com/pokemon/xy/xy-elite-trainer-box-xerneas,97747
2026-08-18T20:35:01+02:00,286956,146,146,XY,Pokémon,pokemon,87,https://images.tcggo.com/tcggo/storage/11993/xy-logo.png,XY,EUR,569.17,EUR,761.73,2014-02-05,,5,XY,xy,xy,20183,https://images.tcggo.com/tcggo/storage/20307/xy-elite-trainer-box-yveltal-xy-pokemon.png,https://www.tcggo.com/external/cm/20183,https://www.tcggo.com/external/tcgplayer/20183,XY Elite Trainer Box (Yveltal),771.67,1286.43,,EUR,,,,,,,,,,,xy-elite-trainer-box-yveltal,https://www.tcggo.com/pokemon/xy/xy-elite-trainer-box-yveltal,97748
2026-08-18T20:35:01+02:00,895551,0,0,30C,Pokémon,pokemon,431,https://images.tcggo.com/tcggo/storage/36628/30thcelebration.png,30th Celebration,EUR,0,EUR,0,2026-09-16,,17,Mega Evolution,mega-evolution,30th-celebration,48466,https://images.tcggo.com/tcggo/storage/36648/30th-celebration-elite-trainer-box.png,https://www.tcggo.com/external/cm/48466,https://www.tcggo.com/external/tcgplayer/48466,30th Celebration Elite Trainer Box,185.62,189.69,484,EUR,185,180,199.95,174.95,174.95,185,174.59,174.59,125,125,30th-celebration-elite-trainer-box,https://www.tcggo.com/pokemon/30th-celebration/30th-celebration-elite-trainer-box,704143
2026-08-18T20:35:01+02:00,885542,0,0,PBL,Pokémon,pokemon,415,https://images.tcggo.com/tcggo/storage/34402/pitch_black_logo.png,Pitch Black,EUR,699.67,EUR,732.11,2026-07-17,,17,Mega Evolution,mega-evolution,pitch-black,33851,https://images.tcggo.com/tcggo/storage/34395/pitch-black-elite-trainer-box.png,https://www.tcggo.com/external/cm/33851,https://www.tcggo.com/external/tcgplayer/33851,Pitch Black Elite Trainer Box,66.58,64.76,2091,EUR,66.22,51.99,51.99,53.5,53.5,68,67.99,67.99,46,46,pitch-black-elite-trainer-box,https://www.tcggo.com/pokemon/pitch-black/pitch-black-elite-trainer-box,692947
2026-08-18T20:35:01+02:00,877294,86,122,CRI,Pokémon,pokemon,413,https://images.tcggo.com/tcggo/storage/33952/Chaos-Rising.logo.431.webp,Chaos Rising,EUR,633.1,EUR,595.92,2026-05-22,,17,Mega Evolution,mega-evolution,chaos-rising,33499,https://images.tcggo.com/tcggo/storage/34007/chaos-rising-elite-trainer-box.png,https://www.tcggo.com/external/cm/33499,https://www.tcggo.com/external/tcgplayer/33499,Chaos Rising Elite Trainer Box,61.57,60.91,2481,EUR,64,55,57.49,51.9,51.9,64,57,57,50,50,chaos-rising-elite-trainer-box,https://www.tcggo.com/pokemon/chaos-rising/chaos-rising-elite-trainer-box,684450
2026-08-18T20:35:01+02:00,865406,88,124,POR,Pokémon,pokemon,399,https://images.tcggo.com/tcggo/storage/32311/Pokemon_TCG_Mega_Evolution—Perfect_Order_Logo.png,Perfect Order,EUR,589.96,EUR,546.96,2026-03-27,,17,Mega Evolution,mega-evolution,perfect-order,31389,https://images.tcggo.com/tcggo/storage/31707/perfect-order-elite-trainer-box.png,https://www.tcggo.com/external/cm/31389,https://www.tcggo.com/external/tcgplayer/31389,Perfect Order Elite Trainer Box,59.64,59.34,1393,EUR,62.9,58.5,58.5,40,40,62.9,50,52,35,35,perfect-order-elite-trainer-box,https://www.tcggo.com/pokemon/perfect-order/perfect-order-elite-trainer-box,672401
2026-08-18T20:35:01+02:00,860574,217,295,ASC,Pokémon,pokemon,396,https://images.tcggo.com/tcggo/storage/34000/ascended_heroes.png,Ascended Heroes,EUR,4925.6,EUR,5207.74,2026-01-30,,17,Mega Evolution,mega-evolution,ascended-heroes,31391,https://images.tcggo.com/tcggo/storage/31709/ascended-heroes-elite-trainer-box.png,https://www.tcggo.com/external/cm/31391,https://www.tcggo.com/external/tcgplayer/31391,Ascended Heroes Elite Trainer Box,129.69,127.91,1356,EUR,150,98,106,95,95,150,108.99,108.99,68,68,ascended-heroes-elite-trainer-box,https://www.tcggo.com/pokemon/ascended-heroes/ascended-heroes-elite-trainer-box,668496
2026-08-18T20:35:01+02:00,846744,94,130,PFL,Pokémon,pokemon,231,https://images.tcggo.com/tcggo/storage/23782/Pokemon_TCG_Mega_Evolution—Phantasmal_Flames_Logo.png,Phantasmal Flames,EUR,1207.7,EUR,1045.9,2025-11-14,,17,Mega Evolution,mega-evolution,phantasmal-flames,23774,https://images.tcggo.com/tcggo/storage/23785/phantasmal-flames-elite-trainer-box.png,https://www.tcggo.com/external/cm/23774,https://www.tcggo.com/external/tcgplayer/23774,Phantasmal Flames Elite Trainer Box,83.13,80.86,1102,EUR,105,74.49,74.49,61,61,105,93.9,93.9,55.99,55.99,phantasmal-flames-elite-trainer-box,https://www.tcggo.com/pokemon/phantasmal-flames/phantasmal-flames-elite-trainer-box,654136
2026-08-18T20:35:01+02:00,834830,132,188,MEG,Pokémon,pokemon,230,https://images.tcggo.com/tcggo/storage/24026/logof.png,Mega Evolution,EUR,1423.43,EUR,1426.07,2025-09-26,,17,Mega Evolution,mega-evolution,mega-evolution,23792,https://images.tcggo.com/tcggo/storage/23803/mega-evolution-mega-lucario-elite-trainer-box.png,https://www.tcggo.com/external/cm/23792,https://www.tcggo.com/external/tcgplayer/23792,Mega Evolution: Mega Lucario Elite Trainer Box,94.09,97.56,359,EUR,95,79,80,118,118,100,75,75,55,55,mega-evolution-mega-lucario-elite-trainer-box,https://www.tcggo.com/pokemon/mega-evolution/mega-evolution-mega-lucario-elite-trainer-box,648394
2026-08-18T20:35:01+02:00,834831,132,188,MEG,Pokémon,pokemon,230,https://images.tcggo.com/tcggo/storage/24026/logof.png,Mega Evolution,EUR,1423.43,EUR,1426.07,2025-09-26,,17,Mega Evolution,mega-evolution,mega-evolution,23793,https://images.tcggo.com/tcggo/storage/23804/mega-evolution-mega-gardevoir-elite-trainer-box.png,https://www.tcggo.com/external/cm/23793,https://www.tcggo.com/external/tcgplayer/23793,Mega Evolution: Mega Gardevoir Elite Trainer Box,86.8,88.35,430,EUR,84.99,69.99,69.99,95,95,84.99,89,89,52,52,mega-evolution-mega-gardevoir-elite-trainer-box,https://www.tcggo.com/pokemon/mega-evolution/mega-evolution-mega-gardevoir-elite-trainer-box,644279
2026-08-18T20:35:01+02:00,824088,86,172,BLK,Pokémon,pokemon,223,https://images.tcggo.com/tcggo/storage/23035/black-bolt-logo.png,Black Bolt,EUR,2545.91,EUR,3069.05,2025-07-18,,1,Scarlet & Violet,scarlet-violet,black-bolt,23442,https://images.tcggo.com/tcggo/storage/23410/black-bolt-elite-trainer-box.png,https://www.tcggo.com/external/cm/23442,https://www.tcggo.com/external/tcgplayer/23442,Black Bolt Elite Trainer Box,104,110.79,498,EUR,120,78,82,109,109,125,90,100,55,55,black-bolt-elite-trainer-box,https://www.tcggo.com/pokemon/black-bolt/black-bolt-elite-trainer-box,630686
2026-08-18T20:35:01+02:00,824089,86,173,WHT,Pokémon,pokemon,224,https://images.tcggo.com/tcggo/storage/23037/white-flare-logo.png,White Flare,EUR,2326.53,EUR,2778.59,2025-07-18,,1,Scarlet & Violet,scarlet-violet,white-flare,23443,https://images.tcggo.com/tcggo/storage/23411/white-flare-elite-trainer-box.png,https://www.tcggo.com/external/cm/23443,https://www.tcggo.com/external/tcgplayer/23443,White Flare Elite Trainer Box,98.52,103.42,567,EUR,110,85,94.99,79,79,110,73.9,89,55,55,white-flare-elite-trainer-box,https://www.tcggo.com/pokemon/white-flare/white-flare-elite-trainer-box,630689
2026-08-18T20:35:01+02:00,818585,182,244,DRI,Pokémon,pokemon,221,https://images.tcggo.com/tcggo/storage/22104/destined-rivals-logo.png,Destined Rivals,EUR,1647.25,EUR,1618.34,2025-05-30,,1,Scarlet & Violet,scarlet-violet,destined-rivals,22323,https://images.tcggo.com/tcggo/storage/22353/destined-rivals-elite-trainer-box.png,https://www.tcggo.com/external/cm/22323,https://www.tcggo.com/external/tcgplayer/22323,Destined Rivals Elite Trainer Box,151.11,146.63,1424,EUR,129.99,130,130,137,137,129.99,139,139,96,96,destined-rivals-elite-trainer-box,https://www.tcggo.com/pokemon/destined-rivals/destined-rivals-elite-trainer-box,624676
2026-08-18T20:35:01+02:00,805593,159,190,JTG,Pokémon,pokemon,220,https://images.tcggo.com/tcggo/storage/38753/jtg_logo.png,Journey Together,EUR,440.67,EUR,441.88,2025-03-28,,1,Scarlet & Violet,scarlet-violet,journey-together,22067,https://images.tcggo.com/tcggo/storage/22094/journey-together-elite-trainer-box.png,https://www.tcggo.com/external/cm/22067,https://www.tcggo.com/external/tcgplayer/22067,Journey Together Elite Trainer Box,83.35,83.52,491,EUR,64,59.9,58.99,90,90,88,69.99,74,45,45,journey-together-elite-trainer-box,https://www.tcggo.com/pokemon/journey-together/journey-together-elite-trainer-box,610930
2026-08-18T20:35:01+02:00,798930,131,180,PRE,Pokémon,pokemon,212,https://images.tcggo.com/tcggo/storage/21414/prismatic-evolutions-logo.png,Prismatic Evolutions,EUR,3702.26,EUR,4311.88,2025-01-17,,1,Scarlet & Violet,scarlet-violet,prismatic-evolutions,21574,https://images.tcggo.com/tcggo/storage/21597/prismatic-evolutions-elite-trainer-box.png,https://www.tcggo.com/external/cm/21574,https://www.tcggo.com/external/tcgplayer/21574,Prismatic Evolutions Elite Trainer Box,156.28,160.45,2479,EUR,140,130,130,140,140,159.99,105,105,87,87,prismatic-evolutions-elite-trainer-box,https://www.tcggo.com/pokemon/prismatic-evolutions/prismatic-evolutions-elite-trainer-box,593355
2026-08-18T20:35:01+02:00,784963,191,252,SSP,Pokémon,pokemon,172,https://images.tcggo.com/tcggo/storage/20954/surging-sparks-logo.png,Surging Sparks,EUR,1068.91,EUR,1086.01,2024-11-08,,1,Scarlet & Violet,scarlet-violet,surging-sparks,21041,https://images.tcggo.com/tcggo/storage/21203/surging-sparks-elite-trainer-box.png,https://www.tcggo.com/external/cm/21041,https://www.tcggo.com/external/tcgplayer/21041,Surging Sparks Elite Trainer Box,115.96,115.06,356,EUR,120,109,110,90,90,120,109.9,109.9,129.99,129.99,surging-sparks-elite-trainer-box,https://www.tcggo.com/pokemon/surging-sparks/surging-sparks-elite-trainer-box,565630
2026-08-18T20:35:01+02:00,776336,142,175,SCR,Pokémon,pokemon,10,https://images.tcggo.com/tcggo/storage/1257/stellar-crown-logo.png,Stellar Crown,EUR,393.22,EUR,535.81,2024-09-13,,1,Scarlet & Violet,scarlet-violet,stellar-crown,20050,https://images.tcggo.com/tcggo/storage/20918/stellar-crown-elite-trainer-box.png,https://www.tcggo.com/external/cm/20050,https://www.tcggo.com/external/tcgplayer/20050,Stellar Crown Elite Trainer Box,87.55,69.93,329,EUR,88,69.9,89.49,56,56,88,89.9,90,65,65,stellar-crown-elite-trainer-box,https://www.tcggo.com/pokemon/stellar-crown/stellar-crown-elite-trainer-box,557350
2026-08-18T20:35:01+02:00,770958,64,99,SFA,Pokémon,pokemon,11,https://images.tcggo.com/tcggo/storage/1434/shrouded-fable-logo.png,Shrouded Fable,EUR,562.71,EUR,761.87,2024-08-02,,1,Scarlet & Violet,scarlet-violet,shrouded-fable,20049,https://images.tcggo.com/tcggo/storage/20654/shrouded-fable-elite-trainer-box-shrouded-fable-pokemon.png,https://www.tcggo.com/external/cm/20049,https://www.tcggo.com/external/tcgplayer/20049,Shrouded Fable Elite Trainer Box,62.99,64.71,354,EUR,63.9,59,59.99,90,90,70,65,65,49.8,49.8,shrouded-fable-elite-trainer-box,https://www.tcggo.com/pokemon/shrouded-fable/shrouded-fable-elite-trainer-box,552999
2026-08-18T20:35:01+02:00,761229,167,226,TWM,Pokémon,pokemon,12,https://images.tcggo.com/tcggo/storage/1535/twilight-masquerade-logo.png,Twilight Masquerade,EUR,926.61,EUR,1171.93,2024-05-24,,1,Scarlet & Violet,scarlet-violet,twilight-masquerade,20048,https://images.tcggo.com/tcggo/storage/20650/twilight-masquerade-elite-trainer-box-twilight-masquerade-pokemon.png,https://www.tcggo.com/external/cm/20048,https://www.tcggo.com/external/tcgplayer/20048,Twilight Masquerade Elite Trainer Box,72.78,73.02,522,EUR,20,14.99,14.99,49.95,49.95,20,70,70,17,17,twilight-masquerade-elite-trainer-box,https://www.tcggo.com/pokemon/twilight-masquerade/twilight-masquerade-elite-trainer-box,543845
2026-08-18T20:35:01+02:00,750410,162,218,TEF,Pokémon,pokemon,13,https://images.tcggo.com/tcggo/storage/1763/temporal-forces-logo.png,Temporal Forces,EUR,781.66,EUR,1094.5,2024-03-22,,1,Scarlet & Violet,scarlet-violet,temporal-forces,20046,https://images.tcggo.com/tcggo/storage/20647/temporal-forces-iron-leaves-elite-trainer-box-temporal-forces-pokemon.png,https://www.tcggo.com/external/cm/20046,https://www.tcggo.com/external/tcgplayer/20046,Temporal Forces Iron Leaves Elite Trainer Box,85.01,84.15,139,EUR,95,69.85,79.99,95,95,95,79.9,79.9,55.99,55.99,temporal-forces-iron-leaves-elite-trainer-box,https://www.tcggo.com/pokemon/temporal-forces/temporal-forces-iron-leaves-elite-trainer-box,532848
2026-08-18T20:35:01+02:00,750412,162,218,TEF,Pokémon,pokemon,13,https://images.tcggo.com/tcggo/storage/1763/temporal-forces-logo.png,Temporal Forces,EUR,781.66,EUR,1094.5,2024-03-22,,1,Scarlet & Violet,scarlet-violet,temporal-forces,20047,https://images.tcggo.com/tcggo/storage/20659/temporal-forces-walking-wake-elite-trainer-box-temporal-forces-pokemon.png,https://www.tcggo.com/external/cm/20047,https://www.tcggo.com/external/tcgplayer/20047,Temporal Forces Walking Wake Elite Trainer Box,95.26,94.62,108,EUR,100,69.95,90,100,100,100,160,160,67,67,temporal-forces-walking-wake-elite-trainer-box,https://www.tcggo.com/pokemon/temporal-forces/temporal-forces-walking-wake-elite-trainer-box,532845
2026-08-18T20:35:01+02:00,745548,91,245,PAF,Pokémon,pokemon,14,https://images.tcggo.com/tcggo/storage/1981/paldean-fates-logo.png,Paldean Fates,EUR,1765.72,EUR,2360.63,2024-01-26,,1,Scarlet & Violet,scarlet-violet,paldean-fates,20045,https://images.tcggo.com/tcggo/storage/20653/paldean-fates-elite-trainer-box-paldean-fates-pokemon.png,https://www.tcggo.com/external/cm/20045,https://www.tcggo.com/external/tcgplayer/20045,Paldean Fates Elite Trainer Box,231.15,212.3,331,EUR,309.99,168.9,190,649,649,310,150,150,122,122,paldean-fates-elite-trainer-box,https://www.tcggo.com/pokemon/paldean-fates/paldean-fates-elite-trainer-box,528040
2026-08-18T20:35:01+02:00,728727,182,266,PAR,Pokémon,pokemon,15,https://images.tcggo.com/tcggo/storage/2228/paradox-rift-logo.png,Paradox Rift,EUR,780.47,EUR,1070.4,2023-11-03,,1,Scarlet & Violet,scarlet-violet,paradox-rift,20043,https://images.tcggo.com/tcggo/storage/20657/paradox-rift-roaring-moon-elite-trainer-box-paradox-rift-pokemon.png,https://www.tcggo.com/external/cm/20043,https://www.tcggo.com/external/tcgplayer/20043,Paradox Rift Roaring Moon Elite Trainer Box,85.92,85.68,153,EUR,89.95,59,80,100,100,95,89,89,69.99,69.99,paradox-rift-roaring-moon-elite-trainer-box,https://www.tcggo.com/pokemon/paradox-rift/paradox-rift-roaring-moon-elite-trainer-box,512815
2026-08-18T20:35:01+02:00,728730,182,266,PAR,Pokémon,pokemon,15,https://images.tcggo.com/tcggo/storage/2228/paradox-rift-logo.png,Paradox Rift,EUR,780.47,EUR,1070.4,2023-11-03,,1,Scarlet & Violet,scarlet-violet,paradox-rift,20044,https://images.tcggo.com/tcggo/storage/20664/paradox-rift-iron-valiant-elite-trainer-box-paradox-rift-pokemon.png,https://www.tcggo.com/external/cm/20044,https://www.tcggo.com/external/tcgplayer/20044,Paradox Rift Iron Valiant Elite Trainer Box,80.89,72.99,223,EUR,77.97,64.98,64.98,95,95,93.5,78,78,57.9,57.9,paradox-rift-iron-valiant-elite-trainer-box,https://www.tcggo.com/pokemon/paradox-rift/paradox-rift-iron-valiant-elite-trainer-box,512813
2026-08-18T20:35:01+02:00,715464,197,230,OBF,Pokémon,pokemon,17,https://images.tcggo.com/tcggo/storage/38783/obf.png,Obsidian Flames,EUR,320.9,EUR,424.9,2023-08-11,,1,Scarlet & Violet,scarlet-violet,obsidian-flames,20041,https://images.tcggo.com/tcggo/storage/20651/obsidian-flames-elite-trainer-box-obsidian-flames-pokemon.png,https://www.tcggo.com/external/cm/20041,https://www.tcggo.com/external/tcgplayer/20041,Obsidian Flames Elite Trainer Box,220.94,212.12,263,EUR,225,195,195,170,170,225,140,140,175,175,obsidian-flames-elite-trainer-box,https://www.tcggo.com/pokemon/obsidian-flames/obsidian-flames-elite-trainer-box,501264
2026-08-18T20:35:01+02:00,703175,193,279,PAL,Pokémon,pokemon,18,https://images.tcggo.com/tcggo/storage/2935/paldea-evolved-logo.png,Paldea Evolved,EUR,1166.15,EUR,1703.46,2023-06-09,,1,Scarlet & Violet,scarlet-violet,paldea-evolved,20040,https://images.tcggo.com/tcggo/storage/20663/paldea-evolved-elite-trainer-box-paldea-evolved-pokemon.png,https://www.tcggo.com/external/cm/20040,https://www.tcggo.com/external/tcgplayer/20040,Paldea Evolved Elite Trainer Box,166.38,185.23,225,EUR,185,124.9,148,90,90,185,150,150,99,99,paldea-evolved-elite-trainer-box,https://www.tcggo.com/pokemon/paldea-evolved/paldea-evolved-elite-trainer-box,493974
2026-08-18T20:35:01+02:00,692101,198,258,SVI,Pokémon,pokemon,19,https://images.tcggo.com/tcggo/storage/3214/scarlet-violet-logo.png,Scarlet & Violet,EUR,534.68,EUR,670.99,2023-03-31,,1,Scarlet & Violet,scarlet-violet,scarlet-violet,22622,https://images.tcggo.com/tcggo/storage/22616/scarlet-amp-violet-koraidon-elite-trainer-box.png,https://www.tcggo.com/external/cm/22622,https://www.tcggo.com/external/tcgplayer/22622,Scarlet & Violet Koraidon Elite Trainer Box,92.95,93.27,156,EUR,105,69.9,70,64.99,64.99,105,170,170,105,105,scarlet-violet-koraidon-elite-trainer-box,https://www.tcggo.com/pokemon/scarlet-violet/scarlet-violet-koraidon-elite-trainer-box,478335
2026-08-18T20:35:01+02:00,692102,198,258,SVI,Pokémon,pokemon,19,https://images.tcggo.com/tcggo/storage/3214/scarlet-violet-logo.png,Scarlet & Violet,EUR,534.68,EUR,670.99,2023-03-31,,1,Scarlet & Violet,scarlet-violet,scarlet-violet,22623,https://images.tcggo.com/tcggo/storage/22617/scarlet-amp-violet-miraidon-elite-trainer-box.png,https://www.tcggo.com/external/cm/22623,https://www.tcggo.com/external/tcgplayer/22623,Scarlet & Violet Miraidon Elite Trainer Box,96.25,95.9,168,EUR,100,80,80,65,65,100,155,155,124,124,scarlet-violet-miraidon-elite-trainer-box,https://www.tcggo.com/pokemon/scarlet-violet/scarlet-violet-miraidon-elite-trainer-box,478336
2026-08-18T20:35:01+02:00,683009,159,160,CRZ,Pokémon,pokemon,21,https://images.tcggo.com/tcggo/storage/3641/crown-zenith-logo.png,Crown Zenith,EUR,2230.08,EUR,1758.76,2023-01-20,,2,Sword & Shield,sword-shield,crown-zenith,20039,https://images.tcggo.com/tcggo/storage/20656/crown-zenith-elite-trainer-box-crown-zenith-pokemon.png,https://www.tcggo.com/external/cm/20039,https://www.tcggo.com/external/tcgplayer/20039,Crown Zenith Elite Trainer Box,250.43,242.18,304,EUR,285,215,215,184.5,184.5,285,319,319,180,180,crown-zenith-elite-trainer-box,https://www.tcggo.com/pokemon/crown-zenith/crown-zenith-elite-trainer-box,453470
2026-08-18T20:35:01+02:00,672338,195,215,SIT,Pokémon,pokemon,24,https://images.tcggo.com/tcggo/storage/3877/silver-tempest-logo.png,Silver Tempest,EUR,1123.15,EUR,1152.24,2022-11-11,,2,Sword & Shield,sword-shield,silver-tempest,20038,https://images.tcggo.com/tcggo/storage/20658/silver-tempest-elite-trainer-box-silver-tempest-pokemon.png,https://www.tcggo.com/external/cm/20038,https://www.tcggo.com/external/tcgplayer/20038,Silver Tempest Elite Trainer Box,131.51,137.47,176,EUR,120,142,142,199,199,120,165,165,135,135,silver-tempest-elite-trainer-box,https://www.tcggo.com/pokemon/silver-tempest/silver-tempest-elite-trainer-box,283401
2026-08-18T20:35:01+02:00,666150,196,217,LOR,Pokémon,pokemon,26,https://images.tcggo.com/tcggo/storage/4124/lost-origin-logo.png,Lost Origin,EUR,1512.28,EUR,1582.1,2022-09-09,,2,Sword & Shield,sword-shield,lost-origin,20037,https://images.tcggo.com/tcggo/storage/20649/lost-origin-elite-trainer-box-lost-origin-pokemon.png,https://www.tcggo.com/external/cm/20037,https://www.tcggo.com/external/tcgplayer/20037,Lost Origin Elite Trainer Box,187.46,189.56,230,EUR,180,149.95,175,269.99,269.99,180,279.99,279.99,249.9,249.9,lost-origin-elite-trainer-box,https://www.tcggo.com/pokemon/lost-origin/lost-origin-elite-trainer-box,277335
2026-08-18T20:35:01+02:00,653700,78,88,PGO,Pokémon,pokemon,29,https://images.tcggo.com/tcggo/storage/4390/pokemon-go-logo.png,Pokémon GO,EUR,276.43,EUR,330.82,2022-07-01,,2,Sword & Shield,sword-shield,pokemon-go,20036,https://images.tcggo.com/tcggo/storage/20662/pokemon-go-elite-trainer-box-pokemon-go-pokemon.png,https://www.tcggo.com/external/cm/20036,https://www.tcggo.com/external/tcgplayer/20036,Pokémon GO Elite Trainer Box,107.2,107.91,233,EUR,99,106.99,106.99,165,165,99,120,120,109.99,109.99,pokemon-go-elite-trainer-box,https://www.tcggo.com/pokemon/pokemon-go/pokemon-go-elite-trainer-box,270708
2026-08-18T20:35:01+02:00,611359,189,216,ASR,Pokémon,pokemon,30,https://images.tcggo.com/tcggo/storage/4480/astral-radiance-logo.png,Astral Radiance,EUR,951.53,EUR,1078.83,2022-05-27,,2,Sword & Shield,sword-shield,astral-radiance,20035,https://images.tcggo.com/tcggo/storage/20652/astral-radiance-elite-trainer-box-astral-radiance-pokemon.png,https://www.tcggo.com/external/cm/20035,https://www.tcggo.com/external/tcgplayer/20035,Astral Radiance Elite Trainer Box,99.26,104.85,192,EUR,93,94,94,199,199,93,180,180,104.99,104.99,astral-radiance-elite-trainer-box,https://www.tcggo.com/pokemon/astral-radiance/astral-radiance-elite-trainer-box,265527
2026-08-18T20:35:01+02:00,583510,172,186,BRS,Pokémon,pokemon,32,https://images.tcggo.com/tcggo/storage/4728/brilliant-stars-logo.png,Brilliant Stars,EUR,1066.42,EUR,1147.49,2022-02-25,,2,Sword & Shield,sword-shield,brilliant-stars,20034,https://images.tcggo.com/tcggo/storage/20655/brilliant-stars-elite-trainer-box-brilliant-stars-pokemon.png,https://www.tcggo.com/external/cm/20034,https://www.tcggo.com/external/tcgplayer/20034,Brilliant Stars Elite Trainer Box,160.88,158.77,185,EUR,168.7,130.99,130.99,148,148,168.99,225,225,314.99,314.99,brilliant-stars-elite-trainer-box,https://www.tcggo.com/pokemon/brilliant-stars/brilliant-stars-elite-trainer-box,256138
2026-08-18T20:35:01+02:00,574593,264,284,FST,Pokémon,pokemon,34,https://images.tcggo.com/tcggo/storage/4948/fusion-strike-logo.png,Fusion Strike,EUR,1605.7,EUR,2027.57,2021-11-12,,2,Sword & Shield,sword-shield,fusion-strike,20066,https://images.tcggo.com/tcggo/storage/20718/fusion-strike-elite-trainer-box-fusion-strike-pokemon.png,https://www.tcggo.com/external/cm/20066,https://www.tcggo.com/external/tcgplayer/20066,Fusion Strike Elite Trainer Box,299.8,319.32,145,EUR,309.99,220,229,800,800,309.99,300,300,699.99,699.99,fusion-strike-elite-trainer-box,https://www.tcggo.com/pokemon/fusion-strike/fusion-strike-elite-trainer-box,247671
2026-08-18T20:35:01+02:00,568795,203,237,EVS,Pokémon,pokemon,37,https://images.tcggo.com/tcggo/storage/5288/evolving-skies-logo.png,Evolving Skies,EUR,5583.78,EUR,7056.95,2021-08-27,,2,Sword & Shield,sword-shield,evolving-skies,20065,https://images.tcggo.com/tcggo/storage/20673/evolving-skies-elite-trainer-box-segv-evolving-skies-pokemon.png,https://www.tcggo.com/external/cm/20065,,Evolving Skies Elite Trainer Box [SEGV],460.44,492.77,122,EUR,415,340,379,1000,1000,415,420,420,849.99,849.99,evolving-skies-elite-trainer-box-segv,https://www.tcggo.com/pokemon/evolving-skies/evolving-skies-elite-trainer-box-segv,
2026-08-18T20:35:01+02:00,568794,203,237,EVS,Pokémon,pokemon,37,https://images.tcggo.com/tcggo/storage/5288/evolving-skies-logo.png,Evolving Skies,EUR,5583.78,EUR,7056.95,2021-08-27,,2,Sword & Shield,sword-shield,evolving-skies,20067,https://images.tcggo.com/tcggo/storage/20674/evolving-skies-elite-trainer-box-lujf-evolving-skies-pokemon.png,https://www.tcggo.com/external/cm/20067,,Evolving Skies Elite Trainer Box [LUJF],469.32,508.37,113,EUR,469.99,390,399.99,750,750,469.99,500,500,899.9,899.9,evolving-skies-elite-trainer-box-lujf,https://www.tcggo.com/pokemon/evolving-skies/evolving-skies-elite-trainer-box-lujf,
2026-08-18T20:35:01+02:00,557971,198,233,CRE,Pokémon,pokemon,38,https://images.tcggo.com/tcggo/storage/5527/chilling-reign-logo.png,Chilling Reign,EUR,1280.04,EUR,1761.6,2021-06-18,,2,Sword & Shield,sword-shield,chilling-reign,20069,https://images.tcggo.com/tcggo/storage/20676/chilling-reign-ice-rider-calyrex-elite-trainer-box-chilling-reign-pokemon.png,https://www.tcggo.com/external/cm/20069,https://www.tcggo.com/external/tcgplayer/20069,Chilling Reign Ice Rider Calyrex Elite Trainer Box,120.54,118.6,128,EUR,99.99,96.9,96.9,400,400,99.99,180,180,450,450,chilling-reign-ice-rider-calyrex-elite-trainer-box,https://www.tcggo.com/pokemon/chilling-reign/chilling-reign-ice-rider-calyrex-elite-trainer-box,236260
2026-08-18T20:35:01+02:00,557972,198,233,CRE,Pokémon,pokemon,38,https://images.tcggo.com/tcggo/storage/5527/chilling-reign-logo.png,Chilling Reign,EUR,1280.04,EUR,1761.6,2021-06-18,,2,Sword & Shield,sword-shield,chilling-reign,20072,https://images.tcggo.com/tcggo/storage/20728/chilling-reign-shadow-rider-calyrex-elite-trainer-box-chilling-reign-pokemon.png,https://www.tcggo.com/external/cm/20072,https://www.tcggo.com/external/tcgplayer/20072,Chilling Reign Shadow Rider Calyrex Elite Trainer Box,122.92,122.21,112,EUR,119.9,90,105.99,400,400,119.9,200,200,399,399,chilling-reign-shadow-rider-calyrex-elite-trainer-box,https://www.tcggo.com/pokemon/chilling-reign/chilling-reign-shadow-rider-calyrex-elite-trainer-box,236261
2026-08-18T20:35:01+02:00,527425,163,183,BST,Pokémon,pokemon,39,https://images.tcggo.com/tcggo/storage/5761/battle-styles-logo.png,Battle Styles,EUR,627.73,EUR,717.48,2021-03-19,,2,Sword & Shield,sword-shield,battle-styles,20068,https://images.tcggo.com/tcggo/storage/20725/battle-styles-elite-trainer-box-single-strike-battle-styles-pokemon.png,https://www.tcggo.com/external/cm/20068,https://www.tcggo.com/external/tcgplayer/20068,Battle Styles Elite Trainer Box (Single Strike),142.51,120.14,78,EUR,120,119,119,125,125,120,660,660,520,520,battle-styles-elite-trainer-box-single-strike,https://www.tcggo.com/pokemon/battle-styles/battle-styles-elite-trainer-box-single-strike,229284
2026-08-18T20:35:01+02:00,527685,163,183,BST,Pokémon,pokemon,39,https://images.tcggo.com/tcggo/storage/5761/battle-styles-logo.png,Battle Styles,EUR,627.73,EUR,717.48,2021-03-19,,2,Sword & Shield,sword-shield,battle-styles,20071,https://images.tcggo.com/tcggo/storage/20677/battle-styles-elite-trainer-box-rapid-strike-battle-styles-pokemon.png,https://www.tcggo.com/external/cm/20071,https://www.tcggo.com/external/tcgplayer/20071,Battle Styles Elite Trainer Box (Rapid Strike),114.56,128.22,85,EUR,130,160,169.99,125,125,130,480,480,500,500,battle-styles-elite-trainer-box-rapid-strike,https://www.tcggo.com/pokemon/battle-styles/battle-styles-elite-trainer-box-rapid-strike,229285
2026-08-18T20:35:01+02:00,526120,72,73,SHF,Pokémon,pokemon,40,https://images.tcggo.com/tcggo/storage/5947/shining-fates-logo.png,Shining Fates,EUR,412.46,EUR,501,2021-02-19,,2,Sword & Shield,sword-shield,shining-fates,20032,https://images.tcggo.com/tcggo/storage/20661/shining-fates-elite-trainer-box-shining-fates-pokemon.png,https://www.tcggo.com/external/cm/20032,https://www.tcggo.com/external/tcgplayer/20032,Shining Fates Elite Trainer Box,125.59,150.85,275,EUR,105,98,115,120,120,105,195,195,134.9,134.9,shining-fates-elite-trainer-box,https://www.tcggo.com/pokemon/shining-fates/shining-fates-elite-trainer-box,228821
2026-08-18T20:35:01+02:00,494499,185,203,VIV,Pokémon,pokemon,43,https://images.tcggo.com/tcggo/storage/6173/vivid-voltage-logo.png,Vivid Voltage,EUR,413.99,EUR,501.39,2020-11-13,,2,Sword & Shield,sword-shield,vivid-voltage,20064,https://images.tcggo.com/tcggo/storage/20724/vivid-voltage-elite-trainer-box-vivid-voltage-pokemon.png,https://www.tcggo.com/external/cm/20064,https://www.tcggo.com/external/tcgplayer/20064,Vivid Voltage Elite Trainer Box,112.86,119.17,131,EUR,105,130,139.9,1200,1200,105,1799.99,1799.99,435,435,vivid-voltage-elite-trainer-box,https://www.tcggo.com/pokemon/vivid-voltage/vivid-voltage-elite-trainer-box,221752
2026-08-18T20:35:01+02:00,488304,73,80,CPA,Pokémon,pokemon,44,https://images.tcggo.com/tcggo/storage/6377/champions-path-logo.png,Champion's Path,EUR,384.23,EUR,511.4,2020-09-25,,2,Sword & Shield,sword-shield,champions-path,22817,https://images.tcggo.com/tcggo/storage/22817/champions-path-elite-trainer-box.png,https://www.tcggo.com/external/cm/22817,https://www.tcggo.com/external/tcgplayer/22817,Champion’s Path Elite Trainer Box,148.89,147.22,162,EUR,139.99,129.95,129.95,149.99,149.99,139.99,450,450,150.99,150.99,champions-path-elite-trainer-box,https://www.tcggo.com/pokemon/champions-path/champions-path-elite-trainer-box,218791
2026-08-18T20:35:01+02:00,462229,189,201,DAA,Pokémon,pokemon,46,https://images.tcggo.com/tcggo/storage/6466/darkness-ablaze-logo.png,Darkness Ablaze,EUR,184.49,EUR,252.48,2020-08-14,,2,Sword & Shield,sword-shield,darkness-ablaze,20070,https://images.tcggo.com/tcggo/storage/20721/darkness-ablaze-elite-trainer-box-darkness-ablaze-pokemon.png,https://www.tcggo.com/external/cm/20070,https://www.tcggo.com/external/tcgplayer/20070,Darkness Ablaze Elite Trainer Box,100.48,106.76,84,EUR,90,156.99,156.99,,,90,,,499.9,499.9,darkness-ablaze-elite-trainer-box,https://www.tcggo.com/pokemon/darkness-ablaze/darkness-ablaze-elite-trainer-box,216856
2026-08-18T20:35:01+02:00,453283,192,209,RCL,Pokémon,pokemon,47,https://images.tcggo.com/tcggo/storage/6669/rebel-clash-logo.png,Rebel Clash,EUR,352.17,EUR,492.96,2020-05-01,,2,Sword & Shield,sword-shield,rebel-clash,20154,https://images.tcggo.com/tcggo/storage/20198/rebel-clash-elite-trainer-box-rebel-clash-pokemon.png,https://www.tcggo.com/external/cm/20154,https://www.tcggo.com/external/tcgplayer/20154,Rebel Clash Elite Trainer Box,289.78,353.11,31,EUR,355,214.95,214.95,350,350,490,519,519,180,180,rebel-clash-elite-trainer-box,https://www.tcggo.com/pokemon/rebel-clash/rebel-clash-elite-trainer-box,210572
2026-08-18T20:35:01+02:00,427136,202,216,SSH,Pokémon,pokemon,48,https://images.tcggo.com/tcggo/storage/6880/sword-shield-logo.png,Sword & Shield,EUR,429.55,EUR,519.51,2020-02-07,,2,Sword & Shield,sword-shield,sword-shield,22627,https://images.tcggo.com/tcggo/storage/22621/sword-amp-shield-elite-trainer-box-zacian.png,https://www.tcggo.com/external/cm/22627,https://www.tcggo.com/external/tcgplayer/22627,Sword & Shield Elite Trainer Box (Zacian),241.97,258.6,32,EUR,249.99,199,199,,,249.99,3000,3000,440,440,sword-shield-elite-trainer-box-zacian,https://www.tcggo.com/pokemon/sword-shield/sword-shield-elite-trainer-box-zacian,206038
2026-08-18T20:35:01+02:00,427141,202,216,SSH,Pokémon,pokemon,48,https://images.tcggo.com/tcggo/storage/6880/sword-shield-logo.png,Sword & Shield,EUR,429.55,EUR,519.51,2020-02-07,,2,Sword & Shield,sword-shield,sword-shield,22628,https://images.tcggo.com/tcggo/storage/22622/sword-amp-shield-elite-trainer-box-zamazenta.png,https://www.tcggo.com/external/cm/22628,https://www.tcggo.com/external/tcgplayer/22628,Sword & Shield Elite Trainer Box (Zamazenta),226.4,279.7,35,EUR,239.99,222.99,222.99,,,239.99,,,489.85,489.85,sword-shield-elite-trainer-box-zamazenta,https://www.tcggo.com/pokemon/sword-shield/sword-shield-elite-trainer-box-zamazenta,206039
2026-08-18T20:35:01+02:00,398434,236,272,CEC,Pokémon,pokemon,50,https://images.tcggo.com/tcggo/storage/7403/cosmic-eclipse-logo.png,Cosmic Eclipse,EUR,4913.24,EUR,5614.24,2019-11-01,,4,Sun & Moon,sun-moon,cosmic-eclipse,20171,https://images.tcggo.com/tcggo/storage/20301/cosmic-eclipse-elite-trainer-box-cosmic-eclipse-pokemon.png,https://www.tcggo.com/external/cm/20171,https://www.tcggo.com/external/tcgplayer/20171,Cosmic Eclipse Elite Trainer Box,650.46,1030.71,30,EUR,1500,680,680,600,600,1500,,,1250,1250,cosmic-eclipse-elite-trainer-box,https://www.tcggo.com/pokemon/cosmic-eclipse/cosmic-eclipse-elite-trainer-box,199308
2026-08-18T20:35:01+02:00,381198,68,69,HIF,Pokémon,pokemon,52,https://images.tcggo.com/tcggo/storage/7690/hidden-fates-logo.png,Hidden Fates,EUR,2109.51,EUR,2493.79,2019-08-23,,4,Sun & Moon,sun-moon,hidden-fates,20063,https://images.tcggo.com/tcggo/storage/20671/hidden-fates-elite-trainer-box-hidden-fates-pokemon.png,https://www.tcggo.com/external/cm/20063,https://www.tcggo.com/external/tcgplayer/20063,Hidden Fates Elite Trainer Box,372.89,447.32,180,EUR,390,300,300,400,400,390,475,475,999.99,999.99,hidden-fates-elite-trainer-box,https://www.tcggo.com/pokemon/hidden-fates/hidden-fates-elite-trainer-box,194729
2026-08-18T20:35:01+02:00,377493,236,260,UNM,Pokémon,pokemon,54,https://images.tcggo.com/tcggo/storage/7857/unified-minds-logo.png,Unified Minds,EUR,3459.41,EUR,4077.74,2019-08-02,,4,Sun & Moon,sun-moon,unified-minds,20083,https://images.tcggo.com/tcggo/storage/20682/unified-minds-elite-trainer-box-unified-minds-pokemon.png,https://www.tcggo.com/external/cm/20083,https://www.tcggo.com/external/tcgplayer/20083,Unified Minds Elite Trainer Box,3.48,4.71,73,EUR,,,,,,,,,,,unified-minds-elite-trainer-box,https://www.tcggo.com/pokemon/unified-minds/unified-minds-elite-trainer-box,193052
2026-08-18T20:35:01+02:00,370619,214,234,UNB,Pokémon,pokemon,55,https://images.tcggo.com/tcggo/storage/8120/unbroken-bonds-logo.png,Unbroken Bonds,EUR,3205.23,EUR,3470.43,2019-05-03,,4,Sun & Moon,sun-moon,unbroken-bonds,20080,https://images.tcggo.com/tcggo/storage/20919/unbroken-bonds-elite-trainer-box.png,https://www.tcggo.com/external/cm/20080,https://www.tcggo.com/external/tcgplayer/20080,Unbroken Bonds Elite Trainer Box,680.28,1096.41,17,EUR,2050,1199.99,1199.99,495,495,2050,5000,5000,530,530,unbroken-bonds-elite-trainer-box,https://www.tcggo.com/pokemon/unbroken-bonds/unbroken-bonds-elite-trainer-box,185719
2026-08-18T20:35:01+02:00,366885,181,198,TEU,Pokémon,pokemon,57,https://images.tcggo.com/tcggo/storage/8379/team-up-logo.png,Team Up,EUR,10108.24,EUR,8688.15,2019-02-01,,4,Sun & Moon,sun-moon,team-up,20147,https://images.tcggo.com/tcggo/storage/20283/team-up-elite-trainer-box-team-up-pokemon.png,https://www.tcggo.com/external/cm/20147,https://www.tcggo.com/external/tcgplayer/20147,Team Up Elite Trainer Box,1044.73,1491.25,27,EUR,4999.9,3150,3150,545,545,4000,,,1090,1090,team-up-elite-trainer-box,https://www.tcggo.com/pokemon/team-up/team-up-elite-trainer-box,181704
2026-08-18T20:35:01+02:00,363266,214,240,LOT,Pokémon,pokemon,58,https://images.tcggo.com/tcggo/storage/8578/lost-thunder-logo.png,Lost Thunder,EUR,2254.36,EUR,2468.11,2018-11-02,,4,Sun & Moon,sun-moon,lost-thunder,20170,https://images.tcggo.com/tcggo/storage/20210/lost-thunder-elite-trainer-box-lost-thunder-pokemon.png,https://www.tcggo.com/external/cm/20170,https://www.tcggo.com/external/tcgplayer/20170,Lost Thunder Elite Trainer Box,417.02,554.71,11,EUR,,1200,1200,449.95,449.95,,,,450,450,lost-thunder-elite-trainer-box,https://www.tcggo.com/pokemon/lost-thunder/lost-thunder-elite-trainer-box,175511
2026-08-18T20:35:01+02:00,361540,70,80,DRM,Pokémon,pokemon,60,https://images.tcggo.com/tcggo/storage/8822/dragon-majesty-logo.png,Dragon Majesty,EUR,640.97,EUR,605.23,2018-09-07,,4,Sun & Moon,sun-moon,dragon-majesty,20169,https://images.tcggo.com/tcggo/storage/20206/dragon-majesty-elite-trainer-box-dragon-majesty-pokemon.png,https://www.tcggo.com/external/cm/20169,https://www.tcggo.com/external/tcgplayer/20169,Dragon Majesty Elite Trainer Box,472.61,805.46,24,EUR,2000,650,650,499.99,499.99,2000,,,799.9,799.9,dragon-majesty-elite-trainer-box,https://www.tcggo.com/pokemon/dragon-majesty/dragon-majesty-elite-trainer-box,173393
2026-08-18T20:35:01+02:00,357062,168,187,CES,Pokémon,pokemon,61,https://images.tcggo.com/tcggo/storage/8904/celestial-storm-logo.png,Celestial Storm,EUR,1327.94,EUR,1675.05,2018-08-03,,4,Sun & Moon,sun-moon,celestial-storm,20146,https://images.tcggo.com/tcggo/storage/20950/celestial-storm-elite-trainer-box.png,https://www.tcggo.com/external/cm/20146,https://www.tcggo.com/external/tcgplayer/20146,Celestial Storm Elite Trainer Box,556.99,933.43,31,EUR,2250,1999.99,1999.99,475,475,2250,3200,3200,980,980,celestial-storm-elite-trainer-box,https://www.tcggo.com/pokemon/celestial-storm/celestial-storm-elite-trainer-box,170277
2026-08-18T20:35:01+02:00,316134,131,150,FLI,Pokémon,pokemon,62,https://images.tcggo.com/tcggo/storage/9091/forbidden-light-logo.png,Forbidden Light,EUR,1070.91,EUR,1188.9,2018-05-04,,4,Sun & Moon,sun-moon,forbidden-light,20168,https://images.tcggo.com/tcggo/storage/20520/forbidden-light-elite-trainer-box-forbidden-light-pokemon.png,https://www.tcggo.com/external/cm/20168,https://www.tcggo.com/external/tcgplayer/20168,Forbidden Light Elite Trainer Box,383.89,567.5,13,EUR,625,999.99,999.99,499,499,625,1300,1300,450,450,forbidden-light-elite-trainer-box,https://www.tcggo.com/pokemon/forbidden-light/forbidden-light-elite-trainer-box,164303
2026-08-18T20:35:01+02:00,315120,156,178,UPR,Pokémon,pokemon,63,https://images.tcggo.com/tcggo/storage/9243/ultra-prism-logo.png,Ultra Prism,EUR,1865.57,EUR,1964.27,2018-02-02,,4,Sun & Moon,sun-moon,ultra-prism,20086,https://images.tcggo.com/tcggo/storage/20729/ultra-prism-elite-trainer-box-dawn-wings-necrozma-ultra-prism-pokemon.png,https://www.tcggo.com/external/cm/20086,https://www.tcggo.com/external/tcgplayer/20086,Ultra Prism Elite Trainer Box (Dawn Wings Necrozma),405.15,587.93,15,EUR,1149.99,999,999,,,1149.99,485,485,980,980,ultra-prism-elite-trainer-box-dawn-wings-necrozma,https://www.tcggo.com/pokemon/ultra-prism/ultra-prism-elite-trainer-box-dawn-wings-necrozma,155663
2026-08-18T20:35:01+02:00,315119,156,178,UPR,Pokémon,pokemon,63,https://images.tcggo.com/tcggo/storage/9243/ultra-prism-logo.png,Ultra Prism,EUR,1865.57,EUR,1964.27,2018-02-02,,4,Sun & Moon,sun-moon,ultra-prism,20167,https://images.tcggo.com/tcggo/storage/20298/ultra-prism-elite-trainer-box-dusk-mane-necrozma-ultra-prism-pokemon.png,https://www.tcggo.com/external/cm/20167,https://www.tcggo.com/external/tcgplayer/20167,Ultra Prism Elite Trainer Box (Dusk Mane Necrozma),409.71,682.16,13,EUR,1219,,,750,750,1219,410,410,1200,1200,ultra-prism-elite-trainer-box-dusk-mane-necrozma,https://www.tcggo.com/pokemon/ultra-prism/ultra-prism-elite-trainer-box-dusk-mane-necrozma,155664
2026-08-18T20:35:01+02:00,301168,111,126,CIN,Pokémon,pokemon,65,https://images.tcggo.com/tcggo/storage/9425/crimson-invasion-logo.png,Crimson Invasion,EUR,396.17,EUR,462.11,2017-11-03,,4,Sun & Moon,sun-moon,crimson-invasion,20145,https://images.tcggo.com/tcggo/storage/20921/crimson-invasion-elite-trainer-box.png,https://www.tcggo.com/external/cm/20145,https://www.tcggo.com/external/tcgplayer/20145,Crimson Invasion Elite Trainer Box,246.41,261.54,20,EUR,279.99,,,,,279.99,,,,,crimson-invasion-elite-trainer-box,https://www.tcggo.com/pokemon/crimson-invasion/crimson-invasion-elite-trainer-box,149377
2026-08-18T20:35:01+02:00,301162,73,81,SLG,Pokémon,pokemon,66,https://images.tcggo.com/tcggo/storage/9553/shining-legends-logo.png,Shining Legends,EUR,1513.6,EUR,1328.1,2017-10-06,,4,Sun & Moon,sun-moon,shining-legends,20078,https://images.tcggo.com/tcggo/storage/20726/shining-legends-elite-trainer-box-shining-legends-pokemon.png,https://www.tcggo.com/external/cm/20078,https://www.tcggo.com/external/tcgplayer/20078,Shining Legends Elite Trainer Box,739.89,917.92,38,EUR,,,,,,,,,,,shining-legends-elite-trainer-box,https://www.tcggo.com/pokemon/shining-legends/shining-legends-elite-trainer-box,145847
2026-08-18T20:35:01+02:00,298775,147,177,BUS,Pokémon,pokemon,67,https://images.tcggo.com/tcggo/storage/9636/burning-shadows-logo.png,Burning Shadows,EUR,1261.32,EUR,1403.7,2017-08-05,,4,Sun & Moon,sun-moon,burning-shadows,20166,https://images.tcggo.com/tcggo/storage/20204/burning-shadows-elite-trainer-box-burning-shadows-pokemon.png,https://www.tcggo.com/external/cm/20166,https://www.tcggo.com/external/tcgplayer/20166,Burning Shadows Elite Trainer Box,317.93,382.87,20,EUR,370.99,,,,,370.99,,,,,burning-shadows-elite-trainer-box,https://www.tcggo.com/pokemon/burning-shadows/burning-shadows-elite-trainer-box,133776
2026-08-18T20:35:01+02:00,296849,145,180,GRI,Pokémon,pokemon,68,https://images.tcggo.com/tcggo/storage/9815/guardians-rising-logo.png,Guardians Rising,EUR,620.08,EUR,932.72,2017-05-05,,4,Sun & Moon,sun-moon,guardians-rising,20165,https://images.tcggo.com/tcggo/storage/20205/guardians-rising-elite-trainer-box-guardians-rising-pokemon.png,https://www.tcggo.com/external/cm/20165,https://www.tcggo.com/external/tcgplayer/20165,Guardians Rising Elite Trainer Box,281.16,468.57,11,EUR,420,,,,,420,,,,,guardians-rising-elite-trainer-box,https://www.tcggo.com/pokemon/guardians-rising/guardians-rising-elite-trainer-box,129890
2026-08-18T20:35:01+02:00,294123,149,173,SUM,Pokémon,pokemon,69,https://images.tcggo.com/tcggo/storage/9996/sun-moon-logo.png,Sun & Moon,EUR,475.84,EUR,603.03,2017-02-03,,4,Sun & Moon,sun-moon,sun-moon,22629,https://images.tcggo.com/tcggo/storage/22623/sun-amp-moon-elite-trainer-box-solgaleo.png,https://www.tcggo.com/external/cm/22629,https://www.tcggo.com/external/tcgplayer/22629,Sun & Moon Elite Trainer Box (Solgaleo),233.12,254.85,14,EUR,301.25,,,,,360,,,,,sun-moon-elite-trainer-box-solgaleo,https://www.tcggo.com/pokemon/sun-moon/sun-moon-elite-trainer-box-solgaleo,126089
2026-08-18T20:35:01+02:00,295477,149,173,SUM,Pokémon,pokemon,69,https://images.tcggo.com/tcggo/storage/9996/sun-moon-logo.png,Sun & Moon,EUR,475.84,EUR,603.03,2017-02-03,,4,Sun & Moon,sun-moon,sun-moon,22630,https://images.tcggo.com/tcggo/storage/22624/sun-amp-moon-elite-trainer-box-lunala.png,https://www.tcggo.com/external/cm/22630,https://www.tcggo.com/external/tcgplayer/22630,Sun & Moon Elite Trainer Box (Lunala),255.11,272.85,19,EUR,301.4,,,,,309.9,,,,,sun-moon-elite-trainer-box-lunala,https://www.tcggo.com/pokemon/sun-moon/sun-moon-elite-trainer-box-lunala,126091
2026-08-18T20:35:01+02:00,290089,114,116,STS,Pokémon,pokemon,73,https://images.tcggo.com/tcggo/storage/10554/steam-siege-logo.png,Steam Siege,EUR,398.47,EUR,401.2,2016-08-03,,5,XY,xy,steam-siege,20184,https://images.tcggo.com/tcggo/storage/20529/steam-siege-elite-trainer-box-steam-siege-pokemon.png,https://www.tcggo.com/external/cm/20184,https://www.tcggo.com/external/tcgplayer/20184,Steam Siege Elite Trainer Box,459.86,1413.57,4,EUR,3050,,,,,3050,,,,,steam-siege-elite-trainer-box,https://www.tcggo.com/pokemon/steam-siege/steam-siege-elite-trainer-box,120697
2026-08-18T20:35:01+02:00,289044,124,129,FCO,Pokémon,pokemon,74,https://images.tcggo.com/tcggo/storage/10672/fates-collide-logo.png,Fates Collide,EUR,1123.12,EUR,812.42,2016-05-02,,5,XY,xy,fates-collide,20163,https://images.tcggo.com/tcggo/storage/20295/fates-collide-elite-trainer-box-fates-collide-pokemon.png,https://www.tcggo.com/external/cm/20163,https://www.tcggo.com/external/tcgplayer/20163,Fates Collide Elite Trainer Box,497.32,874.28,4,EUR,900,,,,,900,,,,,fates-collide-elite-trainer-box,https://www.tcggo.com/pokemon/fates-collide/fates-collide-elite-trainer-box,118331
2026-08-18T20:35:01+02:00,286947,98,100,AOR,Pokémon,pokemon,79,https://images.tcggo.com/tcggo/storage/11219/ancient-origins-logo.png,Ancient Origins,EUR,3065.81,EUR,2787.52,2015-08-12,,5,XY,xy,ancient-origins,20176,https://images.tcggo.com/tcggo/storage/20525/ancient-origins-elite-trainer-box-ancient-origins-pokemon.png,https://www.tcggo.com/external/cm/20176,https://www.tcggo.com/external/tcgplayer/20176,Ancient Origins Elite Trainer Box,428.75,1505,6,EUR,2500,,,,,2500,,,,,ancient-origins-elite-trainer-box,https://www.tcggo.com/pokemon/ancient-origins/ancient-origins-elite-trainer-box,100495
2026-08-18T20:35:01+02:00,286952,108,112,ROS,Pokémon,pokemon,80,https://images.tcggo.com/tcggo/storage/11322/roaring-skies-logo.png,Roaring Skies,EUR,1729.24,EUR,1361.17,2015-05-06,,5,XY,xy,roaring-skies,20162,https://images.tcggo.com/tcggo/storage/20200/roaring-skies-elite-trainer-box-roaring-skies-pokemon.png,https://www.tcggo.com/external/cm/20162,https://www.tcggo.com/external/tcgplayer/20162,Roaring Skies Elite Trainer Box,529.07,674.29,1,EUR,3850,,,,,3850,,,,,roaring-skies-elite-trainer-box,https://www.tcggo.com/pokemon/roaring-skies/roaring-skies-elite-trainer-box,98028
2026-08-18T20:35:01+02:00,286953,160,164,PRC,Pokémon,pokemon,82,https://images.tcggo.com/tcggo/storage/11472/primal-clash-logo.png,Primal Clash,EUR,2174.37,EUR,1696.13,2015-02-04,,5,XY,xy,primal-clash,20180,https://images.tcggo.com/tcggo/storage/20527/primal-clash-elite-trainer-box-groudon-primal-clash-pokemon.png,https://www.tcggo.com/external/cm/20180,https://www.tcggo.com/external/tcgplayer/20180,Primal Clash Elite Trainer Box (Groudon),729.33,729.33,0,EUR,,,,,,,,,,,primal-clash-elite-trainer-box-groudon,https://www.tcggo.com/pokemon/primal-clash/primal-clash-elite-trainer-box-groudon,97762
2026-08-18T20:35:01+02:00,286954,160,164,PRC,Pokémon,pokemon,82,https://images.tcggo.com/tcggo/storage/11472/primal-clash-logo.png,Primal Clash,EUR,2174.37,EUR,1696.13,2015-02-04,,5,XY,xy,primal-clash,20181,https://images.tcggo.com/tcggo/storage/20214/primal-clash-elite-trainer-box-kyogre-primal-clash-pokemon.png,https://www.tcggo.com/external/cm/20181,https://www.tcggo.com/external/tcgplayer/20181,Primal Clash Elite Trainer Box (Kyogre),1016,1016,0,EUR,,,,,,,,,,,primal-clash-elite-trainer-box-kyogre,https://www.tcggo.com/pokemon/primal-clash/primal-clash-elite-trainer-box-kyogre,97763
2026-08-18T20:35:01+02:00,286949,119,124,PHF,Pokémon,pokemon,83,https://images.tcggo.com/tcggo/storage/11638/phantom-forces-logo.png,Phantom Forces,EUR,2684.13,EUR,2447.76,2014-11-05,,5,XY,xy,phantom-forces,20178,https://images.tcggo.com/tcggo/storage/20216/phantom-forces-elite-trainer-box-phantom-forces-pokemon.png,https://www.tcggo.com/external/cm/20178,https://www.tcggo.com/external/tcgplayer/20178,Phantom Forces Elite Trainer Box,82.59,106.66,28,EUR,,,,,,,,,,,phantom-forces-elite-trainer-box,https://www.tcggo.com/pokemon/phantom-forces/phantom-forces-elite-trainer-box,97786
2026-08-18T20:35:01+02:00,286948,111,114,FFI,Pokémon,pokemon,84,https://images.tcggo.com/tcggo/storage/11763/furious-fists-logo.png,Furious Fists,EUR,737.62,EUR,877.92,2014-08-13,,5,XY,xy,furious-fists,20177,https://images.tcggo.com/tcggo/storage/20211/furious-fists-elite-trainer-box-furious-fists-pokemon.png,https://www.tcggo.com/external/cm/20177,https://www.tcggo.com/external/tcgplayer/20177,Furious Fists Elite Trainer Box,322.9,394.25,2,EUR,8000,,,,,8000,,,,,furious-fists-elite-trainer-box,https://www.tcggo.com/pokemon/furious-fists/furious-fists-elite-trainer-box,95284
2026-08-18T20:35:01+02:00,286950,101,105,PLB,Pokémon,pokemon,91,https://images.tcggo.com/tcggo/storage/12540/plasma-blast-logo.png,Plasma Blast,EUR,1902.04,EUR,2108.17,2013-08-14,,6,Black & White,black-white,plasma-blast,20179,https://images.tcggo.com/tcggo/storage/20306/plasma-blast-elite-trainer-box-plasma-blast-pokemon.png,https://www.tcggo.com/external/cm/20179,,Plasma Blast Elite Trainer Box,329.23,531.43,2,EUR,8000,,,,,8000,,,,,plasma-blast-elite-trainer-box,https://www.tcggo.com/pokemon/plasma-blast/plasma-blast-elite-trainer-box,
2026-08-18T20:35:01+02:00,286951,135,138,PLS,Pokémon,pokemon,93,https://images.tcggo.com/tcggo/storage/12771/plasma-storm-logo.png,Plasma Storm,EUR,4226.53,EUR,3227.27,2013-02-06,,6,Black & White,black-white,plasma-storm,20161,https://images.tcggo.com/tcggo/storage/20202/plasma-storm-elite-trainer-box-plasma-storm-pokemon.png,https://www.tcggo.com/external/cm/20161,,Plasma Storm Elite Trainer Box,1662.5,1662.5,1,EUR,27999,,,,,27999,,,,,plasma-storm-elite-trainer-box,https://www.tcggo.com/pokemon/plasma-storm/plasma-storm-elite-trainer-box,
2026-08-18T20:35:01+02:00,719692,165,207,MEW,Pokémon,pokemon,16,https://images.tcggo.com/tcggo/storage/2496/151-logo.png,151,EUR,1727.89,EUR,1753.21,2023-09-22,,1,Scarlet & Violet,scarlet-violet,151,20081,https://images.tcggo.com/tcggo/storage/20684/151-10-elite-trainer-box-case-151-pokemon.png,https://www.tcggo.com/external/cm/20081,https://www.tcggo.com/external/tcgplayer/20081,151 10 Elite Trainer Box Case,2662.31,4292.57,35,EUR,4649.99,4299,4299,,,4649.99,4950,4950,15000,15000,151-10-elite-trainer-box-case,https://www.tcggo.com/pokemon/151/151-10-elite-trainer-box-case,506640
2026-08-18T20:35:01+02:00,690878,25,25,CEL,Pokémon,pokemon,35,https://images.tcggo.com/tcggo/storage/5234/celebrations-logo.png,Celebrations,EUR,586.33,EUR,91.57,2021-10-08,,2,Sword & Shield,sword-shield,celebrations,20174,https://images.tcggo.com/tcggo/storage/20213/celebrations-10-elite-trainer-box-case-celebrations-pokemon.png,https://www.tcggo.com/external/cm/20174,https://www.tcggo.com/external/tcgplayer/20174,Celebrations 10 Elite Trainer Box Case,1444.56,2369.68,26,EUR,4399,4999,4999,,,4399,,,,,celebrations-10-elite-trainer-box-case,https://www.tcggo.com/pokemon/celebrations/celebrations-10-elite-trainer-box-case,251895
2026-08-18T20:35:01+02:00,885529,0,0,PBL,Pokémon,pokemon,415,https://images.tcggo.com/tcggo/storage/34402/pitch_black_logo.png,Pitch Black,EUR,699.67,EUR,732.11,2026-07-17,,17,Mega Evolution,mega-evolution,pitch-black,33841,https://images.tcggo.com/tcggo/storage/34385/pitch-black-10-elite-trainer-box-case.png,https://www.tcggo.com/external/cm/33841,https://www.tcggo.com/external/tcgplayer/33841,Pitch Black 10 Elite Trainer Box Case,805.15,673.74,119,EUR,680,697.9,697.9,594.95,594.95,680,650,650,560,560,pitch-black-10-elite-trainer-box-case,https://www.tcggo.com/pokemon/pitch-black/pitch-black-10-elite-trainer-box-case,692948
2026-08-18T20:35:01+02:00,877279,86,122,CRI,Pokémon,pokemon,413,https://images.tcggo.com/tcggo/storage/33952/Chaos-Rising.logo.431.webp,Chaos Rising,EUR,633.1,EUR,595.92,2026-05-22,,17,Mega Evolution,mega-evolution,chaos-rising,33508,https://images.tcggo.com/tcggo/storage/34016/chaos-rising-10-elite-trainer-box-case.png,https://www.tcggo.com/external/cm/33508,https://www.tcggo.com/external/tcgplayer/33508,Chaos Rising 10 Elite Trainer Box Case,790.99,714.09,131,EUR,730,649.5,649.5,564,564,730,645,645,599.9,599.9,chaos-rising-10-elite-trainer-box-case,https://www.tcggo.com/pokemon/chaos-rising/chaos-rising-10-elite-trainer-box-case,684451
2026-08-18T20:35:01+02:00,865394,88,124,POR,Pokémon,pokemon,399,https://images.tcggo.com/tcggo/storage/32311/Pokemon_TCG_Mega_Evolution—Perfect_Order_Logo.png,Perfect Order,EUR,589.96,EUR,546.96,2026-03-27,,17,Mega Evolution,mega-evolution,perfect-order,31387,https://images.tcggo.com/tcggo/storage/31705/perfect-order-10-elite-trainer-box-case.png,https://www.tcggo.com/external/cm/31387,https://www.tcggo.com/external/tcgplayer/31387,Perfect Order 10 Elite Trainer Box Case,699.92,673.45,98,EUR,740,779,779,495.9,495.9,740,545,545,499.9,499.9,perfect-order-10-elite-trainer-box-case,https://www.tcggo.com/pokemon/perfect-order/perfect-order-10-elite-trainer-box-case,672402
2026-08-18T20:35:01+02:00,860573,217,295,ASC,Pokémon,pokemon,396,https://images.tcggo.com/tcggo/storage/34000/ascended_heroes.png,Ascended Heroes,EUR,4925.6,EUR,5207.74,2026-01-30,,17,Mega Evolution,mega-evolution,ascended-heroes,31390,https://images.tcggo.com/tcggo/storage/31708/ascended-heroes-10-elite-trainer-box-case.png,https://www.tcggo.com/external/cm/31390,https://www.tcggo.com/external/tcgplayer/31390,Ascended Heroes 10 Elite Trainer Box Case,1669.03,1607,117,EUR,1745,1749.99,1749.99,,,1745,1499.99,1200,995,995,ascended-heroes-10-elite-trainer-box-case,https://www.tcggo.com/pokemon/ascended-heroes/ascended-heroes-10-elite-trainer-box-case,679558
2026-08-18T20:35:01+02:00,846732,94,130,PFL,Pokémon,pokemon,231,https://images.tcggo.com/tcggo/storage/23782/Pokemon_TCG_Mega_Evolution—Phantasmal_Flames_Logo.png,Phantasmal Flames,EUR,1207.7,EUR,1045.9,2025-11-14,,17,Mega Evolution,mega-evolution,phantasmal-flames,23772,https://images.tcggo.com/tcggo/storage/23783/phantasmal-flames-10-elite-trainer-box-case.png,https://www.tcggo.com/external/cm/23772,https://www.tcggo.com/external/tcgplayer/23772,Phantasmal Flames 10 Elite Trainer Box Case,1020.8,1090.44,67,EUR,1350,840,840,2000,2000,1350,1250,1250,720,720,phantasmal-flames-10-elite-trainer-box-case,https://www.tcggo.com/pokemon/phantasmal-flames/phantasmal-flames-10-elite-trainer-box-case,654170
2026-08-18T20:35:01+02:00,834810,132,188,MEG,Pokémon,pokemon,230,https://images.tcggo.com/tcggo/storage/24026/logof.png,Mega Evolution,EUR,1423.43,EUR,1426.07,2025-09-26,,17,Mega Evolution,mega-evolution,mega-evolution,23789,https://images.tcggo.com/tcggo/storage/23800/mega-evolution-10-elite-trainer-box-case.png,https://www.tcggo.com/external/cm/23789,https://www.tcggo.com/external/tcgplayer/23789,Mega Evolution 10 Elite Trainer Box Case,864.3,1032.57,25,EUR,1150,950,950,,,1150,950,950,750,750,mega-evolution-10-elite-trainer-box-case,https://www.tcggo.com/pokemon/mega-evolution/mega-evolution-10-elite-trainer-box-case,644727
2026-08-18T20:35:01+02:00,824090,86,172,BLK,Pokémon,pokemon,223,https://images.tcggo.com/tcggo/storage/23035/black-bolt-logo.png,Black Bolt,EUR,2545.91,EUR,3069.05,2025-07-18,,1,Scarlet & Violet,scarlet-violet,black-bolt,23438,https://images.tcggo.com/tcggo/storage/23406/black-bolt-10-elite-trainer-box-case.png,https://www.tcggo.com/external/cm/23438,https://www.tcggo.com/external/tcgplayer/23438,Black Bolt 10 Elite Trainer Box Case,956.17,1296.28,40,EUR,1325,1799,1799,,,1325,1399.99,,,,black-bolt-10-elite-trainer-box-case,https://www.tcggo.com/pokemon/black-bolt/black-bolt-10-elite-trainer-box-case,630690
2026-08-18T20:35:01+02:00,824091,86,173,WHT,Pokémon,pokemon,224,https://images.tcggo.com/tcggo/storage/23037/white-flare-logo.png,White Flare,EUR,2326.53,EUR,2778.59,2025-07-18,,1,Scarlet & Violet,scarlet-violet,white-flare,23439,https://images.tcggo.com/tcggo/storage/23407/white-flare-10-elite-trainer-box-case.png,https://www.tcggo.com/external/cm/23439,https://www.tcggo.com/external/tcgplayer/23439,White Flare 10 Elite Trainer Box Case,924.16,1172.57,35,EUR,1300,1000,1000,,,1300,1399.99,,,,white-flare-10-elite-trainer-box-case,https://www.tcggo.com/pokemon/white-flare/white-flare-10-elite-trainer-box-case,630693
2026-08-18T20:35:01+02:00,860569,182,244,DRI,Pokémon,pokemon,221,https://images.tcggo.com/tcggo/storage/22104/destined-rivals-logo.png,Destined Rivals,EUR,1647.25,EUR,1618.34,2025-05-30,,1,Scarlet & Violet,scarlet-violet,destined-rivals,22324,https://images.tcggo.com/tcggo/storage/22354/destined-rivals-10-elite-trainer-box-case.png,https://www.tcggo.com/external/cm/22324,https://www.tcggo.com/external/tcgplayer/22324,Destined Rivals 10 Elite Trainer Box Case,1292.05,1717.84,103,EUR,1420,1700,1700,,,1420,2000,2000,1350,1350,destined-rivals-10-elite-trainer-box-case,https://www.tcggo.com/pokemon/destined-rivals/destined-rivals-10-elite-trainer-box-case,628398
2026-08-18T20:35:01+02:00,805595,159,190,JTG,Pokémon,pokemon,220,https://images.tcggo.com/tcggo/storage/38753/jtg_logo.png,Journey Together,EUR,440.67,EUR,441.88,2025-03-28,,1,Scarlet & Violet,scarlet-violet,journey-together,22321,https://images.tcggo.com/tcggo/storage/22351/journey-together-10-elite-trainer-box-case.png,https://www.tcggo.com/external/cm/22321,https://www.tcggo.com/external/tcgplayer/22321,Journey Together 10 Elite Trainer Box Case,725.43,930,13,EUR,1100,990,990,,,1100,850,850,,,journey-together-10-elite-trainer-box-case,https://www.tcggo.com/pokemon/journey-together/journey-together-10-elite-trainer-box-case,614450
2026-08-18T20:35:01+02:00,798932,131,180,PRE,Pokémon,pokemon,212,https://images.tcggo.com/tcggo/storage/21414/prismatic-evolutions-logo.png,Prismatic Evolutions,EUR,3702.26,EUR,4311.88,2025-01-17,,1,Scarlet & Violet,scarlet-violet,prismatic-evolutions,21575,https://images.tcggo.com/tcggo/storage/21598/prismatic-evolutions-10-elite-trainer-box-case.png,https://www.tcggo.com/external/cm/21575,https://www.tcggo.com/external/tcgplayer/21575,Prismatic Evolutions 10 Elite Trainer Box Case,1916.33,1743.1,128,EUR,1650,1800,1800,,,1650,1099,1099,1198,1198,prismatic-evolutions-10-elite-trainer-box-case,https://www.tcggo.com/pokemon/prismatic-evolutions/prismatic-evolutions-10-elite-trainer-box-case,598487
2026-08-18T20:35:01+02:00,784965,191,252,SSP,Pokémon,pokemon,172,https://images.tcggo.com/tcggo/storage/20954/surging-sparks-logo.png,Surging Sparks,EUR,1068.91,EUR,1086.01,2024-11-08,,1,Scarlet & Violet,scarlet-violet,surging-sparks,21042,https://images.tcggo.com/tcggo/storage/21205/surging-sparks-10-elite-trainer-box-case.png,https://www.tcggo.com/external/cm/21042,https://www.tcggo.com/external/tcgplayer/21042,Surging Sparks 10 Elite Trainer Box Case,1081.46,1491.29,24,EUR,1489,1250,1250,,,1489,1275,1275,1450,1450,surging-sparks-10-elite-trainer-box-case,https://www.tcggo.com/pokemon/surging-sparks/surging-sparks-10-elite-trainer-box-case,565631
2026-08-18T20:35:01+02:00,776338,142,175,SCR,Pokémon,pokemon,10,https://images.tcggo.com/tcggo/storage/1257/stellar-crown-logo.png,Stellar Crown,EUR,393.22,EUR,535.81,2024-09-13,,1,Scarlet & Violet,scarlet-violet,stellar-crown,20094,https://images.tcggo.com/tcggo/storage/20732/stellar-crown-10-elite-trainer-box-case-stellar-crown-pokemon.png,https://www.tcggo.com/external/cm/20094,https://www.tcggo.com/external/tcgplayer/20094,Stellar Crown 10 Elite Trainer Box Case,586.07,784.15,9,EUR,1149,839.95,839.95,,,1149,990,990,,,stellar-crown-10-elite-trainer-box-case,https://www.tcggo.com/pokemon/stellar-crown/stellar-crown-10-elite-trainer-box-case,559102
2026-08-18T20:35:01+02:00,770960,64,99,SFA,Pokémon,pokemon,11,https://images.tcggo.com/tcggo/storage/1434/shrouded-fable-logo.png,Shrouded Fable,EUR,562.71,EUR,761.87,2024-08-02,,1,Scarlet & Violet,scarlet-violet,shrouded-fable,20093,https://images.tcggo.com/tcggo/storage/20691/shrouded-fable-10-elite-trainer-box-case-shrouded-fable-pokemon.png,https://www.tcggo.com/external/cm/20093,https://www.tcggo.com/external/tcgplayer/20093,Shrouded Fable 10 Elite Trainer Box Case,583.18,692.2,29,EUR,1240,645,645,,,1240,680,680,549,549,shrouded-fable-10-elite-trainer-box-case,https://www.tcggo.com/pokemon/shrouded-fable/shrouded-fable-10-elite-trainer-box-case,553099
2026-08-18T20:35:01+02:00,761231,167,226,TWM,Pokémon,pokemon,12,https://images.tcggo.com/tcggo/storage/1535/twilight-masquerade-logo.png,Twilight Masquerade,EUR,926.61,EUR,1171.93,2024-05-24,,1,Scarlet & Violet,scarlet-violet,twilight-masquerade,20092,https://images.tcggo.com/tcggo/storage/20626/twilight-masquerade-10-elite-trainer-box-case-twilight-masquerade-pokemon.png,https://www.tcggo.com/external/cm/20092,https://www.tcggo.com/external/tcgplayer/20092,Twilight Masquerade 10 Elite Trainer Box Case,693.63,1312.5,23,EUR,1200,,,650,650,1200,850,850,750,750,twilight-masquerade-10-elite-trainer-box-case,https://www.tcggo.com/pokemon/twilight-masquerade/twilight-masquerade-10-elite-trainer-box-case,544385
2026-08-18T20:35:01+02:00,776337,142,175,SCR,Pokémon,pokemon,10,https://images.tcggo.com/tcggo/storage/1257/stellar-crown-logo.png,Stellar Crown,EUR,393.22,EUR,535.81,2024-09-13,,1,Scarlet & Violet,scarlet-violet,stellar-crown,20079,https://images.tcggo.com/tcggo/storage/20679/stellar-crown-pokemon-center-elite-trainer-box-stellar-crown-pokemon.png,https://www.tcggo.com/external/cm/20079,https://www.tcggo.com/external/tcgplayer/20079,Stellar Crown Pokémon Center Elite Trainer Box,156.46,155.36,38,EUR,144.6,,,,,159.99,,,,,stellar-crown-pokemon-center-elite-trainer-box,https://www.tcggo.com/pokemon/stellar-crown/stellar-crown-pokemon-center-elite-trainer-box,557340
2026-08-18T20:35:01+02:00,776325,142,175,SCR,Pokémon,pokemon,10,https://images.tcggo.com/tcggo/storage/1257/stellar-crown-logo.png,Stellar Crown,EUR,393.22,EUR,535.81,2024-09-13,,1,Scarlet & Violet,scarlet-violet,stellar-crown,20604,https://images.tcggo.com/tcggo/storage/20749/stellar-crown-booster-box-stellar-crown-pokemon.png,https://www.tcggo.com/external/cm/20604,https://www.tcggo.com/external/tcgplayer/20604,Stellar Crown Booster Box,248.23,235.67,275,EUR,224.99,199.99,239.95,175.9,175.9,224.99,219.99,219.99,150,150,stellar-crown-booster-box,https://www.tcggo.com/pokemon/stellar-crown/stellar-crown-booster-box,557354
2026-08-18T20:35:01+02:00,776326,142,175,SCR,Pokémon,pokemon,10,https://images.tcggo.com/tcggo/storage/1257/stellar-crown-logo.png,Stellar Crown,EUR,393.22,EUR,535.81,2024-09-13,,1,Scarlet & Violet,scarlet-violet,stellar-crown,20605,https://images.tcggo.com/tcggo/storage/20762/stellar-crown-booster-box-18-boosters-stellar-crown-pokemon.png,https://www.tcggo.com/external/cm/20605,https://www.tcggo.com/external/tcgplayer/20605,Stellar Crown Booster Box (18 Boosters),105.5,109.66,27,EUR,170,120,120,100,100,170,180,180,85,85,stellar-crown-booster-box-18-boosters,https://www.tcggo.com/pokemon/stellar-crown/stellar-crown-booster-box-18-boosters,649420
2026-08-18T20:35:01+02:00,776327,142,175,SCR,Pokémon,pokemon,10,https://images.tcggo.com/tcggo/storage/1257/stellar-crown-logo.png,Stellar Crown,EUR,393.22,EUR,535.81,2024-09-13,,1,Scarlet & Violet,scarlet-violet,stellar-crown,20606,https://images.tcggo.com/tcggo/storage/20748/stellar-crown-6-booster-box-case-stellar-crown-pokemon.png,https://www.tcggo.com/external/cm/20606,https://www.tcggo.com/external/tcgplayer/20606,Stellar Crown 6 Booster Box Case,1304.55,1552.41,21,EUR,1600,1899,1899,,,1600,1495,1495,,,stellar-crown-6-booster-box-case,https://www.tcggo.com/pokemon/stellar-crown/stellar-crown-6-booster-box-case,557365
2026-08-18T20:35:01+02:00,855677,142,175,SCR,Pokémon,pokemon,10,https://images.tcggo.com/tcggo/storage/1257/stellar-crown-logo.png,Stellar Crown,EUR,393.22,EUR,535.81,2024-09-13,,1,Scarlet & Violet,scarlet-violet,stellar-crown,49319,https://images.tcggo.com/tcggo/storage/37673/stellar-crown-build-battle-box-display.png,https://www.tcggo.com/external/cm/49319,,Stellar Crown Build & Battle Box Display,500,500,10,EUR,500,,,500,500,500,950,950,750,750,stellar-crown-build-battle-box-display,https://www.tcggo.com/pokemon/stellar-crown/stellar-crown-build-battle-box-display,
2026-08-18T20:35:01+02:00,770959,64,99,SFA,Pokémon,pokemon,11,https://images.tcggo.com/tcggo/storage/1434/shrouded-fable-logo.png,Shrouded Fable,EUR,562.71,EUR,761.87,2024-08-02,,1,Scarlet & Violet,scarlet-violet,shrouded-fable,20077,https://images.tcggo.com/tcggo/storage/20685/shrouded-fable-pokemon-center-elite-trainer-box-shrouded-fable-pokemon.png,https://www.tcggo.com/external/cm/20077,https://www.tcggo.com/external/tcgplayer/20077,Shrouded Fable Pokémon Center Elite Trainer Box,140.2,140.56,50,EUR,122.91,,,,,140,,,,,shrouded-fable-pokemon-center-elite-trainer-box,https://www.tcggo.com/pokemon/shrouded-fable/shrouded-fable-pokemon-center-elite-trainer-box,552998
2026-08-18T20:35:01+02:00,761230,167,226,TWM,Pokémon,pokemon,12,https://images.tcggo.com/tcggo/storage/1535/twilight-masquerade-logo.png,Twilight Masquerade,EUR,926.61,EUR,1171.93,2024-05-24,,1,Scarlet & Violet,scarlet-violet,twilight-masquerade,20076,https://images.tcggo.com/tcggo/storage/20731/twilight-masquerade-pokemon-center-elite-trainer-box-twilight-masquerade-pokemon.png,https://www.tcggo.com/external/cm/20076,https://www.tcggo.com/external/tcgplayer/20076,Twilight Masquerade Pokémon Center Elite Trainer Box,174.86,180.99,31,EUR,159.06,,,,,199.99,,,,,twilight-masquerade-pokemon-center-elite-trainer-box,https://www.tcggo.com/pokemon/twilight-masquerade/twilight-masquerade-pokemon-center-elite-trainer-box,543844
2026-08-18T20:35:01+02:00,761219,167,226,TWM,Pokémon,pokemon,12,https://images.tcggo.com/tcggo/storage/1535/twilight-masquerade-logo.png,Twilight Masquerade,EUR,926.61,EUR,1171.93,2024-05-24,,1,Scarlet & Violet,scarlet-violet,twilight-masquerade,20613,https://images.tcggo.com/tcggo/storage/20772/twilight-masquerade-booster-box-twilight-masquerade-pokemon.png,https://www.tcggo.com/external/cm/20613,https://www.tcggo.com/external/tcgplayer/20613,Twilight Masquerade Booster Box,263.12,268.17,285,EUR,259.9,240,240,179.9,179.9,225,220,220,200,200,twilight-masquerade-booster-box,https://www.tcggo.com/pokemon/twilight-masquerade/twilight-masquerade-booster-box,543846
2026-08-18T20:35:01+02:00,761220,167,226,TWM,Pokémon,pokemon,12,https://images.tcggo.com/tcggo/storage/1535/twilight-masquerade-logo.png,Twilight Masquerade,EUR,926.61,EUR,1171.93,2024-05-24,,1,Scarlet & Violet,scarlet-violet,twilight-masquerade,20614,https://images.tcggo.com/tcggo/storage/20922/twilight-masquerade-booster-box-18-boosters.png,https://www.tcggo.com/external/cm/20614,https://www.tcggo.com/external/tcgplayer/20614,Twilight Masquerade Booster Box (18 Boosters),104.01,109.56,33,EUR,115.95,115,115,120,120,125,81,81,95,95,twilight-masquerade-booster-box-18-boosters,https://www.tcggo.com/pokemon/twilight-masquerade/twilight-masquerade-booster-box-18-boosters,649421
2026-08-18T20:35:01+02:00,761232,167,226,TWM,Pokémon,pokemon,12,https://images.tcggo.com/tcggo/storage/1535/twilight-masquerade-logo.png,Twilight Masquerade,EUR,926.61,EUR,1171.93,2024-05-24,,1,Scarlet & Violet,scarlet-violet,twilight-masquerade,20616,https://images.tcggo.com/tcggo/storage/20754/twilight-masquerade-6-booster-box-case-twilight-masquerade-pokemon.png,https://www.tcggo.com/external/cm/20616,https://www.tcggo.com/external/tcgplayer/20616,Twilight Masquerade 6 Booster Box Case,1471.31,1707.6,42,EUR,1600,1688.88,1688.88,1499,1499,1774.95,1500,1500,1399,1399,twilight-masquerade-6-booster-box-case,https://www.tcggo.com/pokemon/twilight-masquerade/twilight-masquerade-6-booster-box-case,544384
2026-08-18T20:35:01+02:00,750411,162,218,TEF,Pokémon,pokemon,13,https://images.tcggo.com/tcggo/storage/1763/temporal-forces-logo.png,Temporal Forces,EUR,781.66,EUR,1094.5,2024-03-22,,1,Scarlet & Violet,scarlet-violet,temporal-forces,20091,https://images.tcggo.com/tcggo/storage/20686/temporal-forces-iron-leaves-pokemon-center-elite-trainer-box-temporal-forces-pokemon.png,https://www.tcggo.com/external/cm/20091,https://www.tcggo.com/external/tcgplayer/20091,Temporal Forces Iron Leaves Pokémon Center Elite Trainer Box,143.04,182.09,23,EUR,190,,,,,190,,,,,temporal-forces-iron-leaves-pokemon-center-elite-trainer-box,https://www.tcggo.com/pokemon/temporal-forces/temporal-forces-iron-leaves-pokemon-center-elite-trainer-box,532853
2026-08-18T20:35:01+02:00,750413,162,218,TEF,Pokémon,pokemon,13,https://images.tcggo.com/tcggo/storage/1763/temporal-forces-logo.png,Temporal Forces,EUR,781.66,EUR,1094.5,2024-03-22,,1,Scarlet & Violet,scarlet-violet,temporal-forces,20151,https://images.tcggo.com/tcggo/storage/20286/temporal-forces-walking-wake-pokemon-center-elite-trainer-box-temporal-forces-pokemon.png,https://www.tcggo.com/external/cm/20151,https://www.tcggo.com/external/tcgplayer/20151,Temporal Forces Walking Wake Pokémon Center Elite Trainer Box,150.53,159.98,38,EUR,149,,,,,150,,,,,temporal-forces-walking-wake-pokemon-center-elite-trainer-box,https://www.tcggo.com/pokemon/temporal-forces/temporal-forces-walking-wake-pokemon-center-elite-trainer-box,538775
2026-08-18T20:35:01+02:00,750414,162,218,TEF,Pokémon,pokemon,13,https://images.tcggo.com/tcggo/storage/1763/temporal-forces-logo.png,Temporal Forces,EUR,781.66,EUR,1094.5,2024-03-22,,1,Scarlet & Violet,scarlet-violet,temporal-forces,20191,https://images.tcggo.com/tcggo/storage/20312/temporal-forces-10-elite-trainer-box-case-temporal-forces-pokemon.png,https://www.tcggo.com/external/cm/20191,https://www.tcggo.com/external/tcgplayer/20191,Temporal Forces 10 Elite Trainer Box Case,462.35,681.99,4,EUR,1500,,,,,1500,,,975,975,temporal-forces-10-elite-trainer-box-case,https://www.tcggo.com/pokemon/temporal-forces/temporal-forces-10-elite-trainer-box-case,537418
2026-08-18T20:35:01+02:00,750403,162,218,TEF,Pokémon,pokemon,13,https://images.tcggo.com/tcggo/storage/1763/temporal-forces-logo.png,Temporal Forces,EUR,781.66,EUR,1094.5,2024-03-22,,1,Scarlet & Violet,scarlet-violet,temporal-forces,20620,https://images.tcggo.com/tcggo/storage/20763/temporal-forces-booster-box-temporal-forces-pokemon.png,https://www.tcggo.com/external/cm/20620,https://www.tcggo.com/external/tcgplayer/20620,Temporal Forces Booster Box,235.28,237.45,203,EUR,220,200,229,159.95,159.95,220,235,235,150,150,temporal-forces-booster-box,https://www.tcggo.com/pokemon/temporal-forces/temporal-forces-booster-box,536225
2026-08-18T20:35:01+02:00,750404,162,218,TEF,Pokémon,pokemon,13,https://images.tcggo.com/tcggo/storage/1763/temporal-forces-logo.png,Temporal Forces,EUR,781.66,EUR,1094.5,2024-03-22,,1,Scarlet & Violet,scarlet-violet,temporal-forces,20621,https://images.tcggo.com/tcggo/storage/20782/temporal-forces-booster-box-18-boosters-temporal-forces-pokemon.png,https://www.tcggo.com/external/cm/20621,https://www.tcggo.com/external/tcgplayer/20621,Temporal Forces Booster Box (18 Boosters),105.82,103.62,36,EUR,150.02,84.9,119,100,100,180,120,120,115,115,temporal-forces-booster-box-18-boosters,https://www.tcggo.com/pokemon/temporal-forces/temporal-forces-booster-box-18-boosters,649416
2026-08-18T20:35:01+02:00,750407,162,218,TEF,Pokémon,pokemon,13,https://images.tcggo.com/tcggo/storage/1763/temporal-forces-logo.png,Temporal Forces,EUR,781.66,EUR,1094.5,2024-03-22,,1,Scarlet & Violet,scarlet-violet,temporal-forces,20624,https://images.tcggo.com/tcggo/storage/20766/temporal-forces-6-booster-box-case-temporal-forces-pokemon.png,https://www.tcggo.com/external/cm/20624,https://www.tcggo.com/external/tcgplayer/20624,Temporal Forces 6 Booster Box Case,1154.34,1444.7,22,EUR,1549,1650,1650,,,1549,,,990,990,temporal-forces-6-booster-box-case,https://www.tcggo.com/pokemon/temporal-forces/temporal-forces-6-booster-box-case,537417
2026-08-18T20:35:01+02:00,745550,91,245,PAF,Pokémon,pokemon,14,https://images.tcggo.com/tcggo/storage/1981/paldean-fates-logo.png,Paldean Fates,EUR,1765.72,EUR,2360.63,2024-01-26,,1,Scarlet & Violet,scarlet-violet,paldean-fates,20074,https://images.tcggo.com/tcggo/storage/20722/paldean-fates-10-elite-trainer-box-case-paldean-fates-pokemon.png,https://www.tcggo.com/external/cm/20074,https://www.tcggo.com/external/tcgplayer/20074,Paldean Fates 10 Elite Trainer Box Case,1808.83,2242.25,38,EUR,3699.99,2400,2400,,,3699.99,2189,2189,1600,1600,paldean-fates-10-elite-trainer-box-case,https://www.tcggo.com/pokemon/paldean-fates/paldean-fates-10-elite-trainer-box-case,530700
2026-08-18T20:35:01+02:00,745549,91,245,PAF,Pokémon,pokemon,14,https://images.tcggo.com/tcggo/storage/1981/paldean-fates-logo.png,Paldean Fates,EUR,1765.72,EUR,2360.63,2024-01-26,,1,Scarlet & Violet,scarlet-violet,paldean-fates,20075,https://images.tcggo.com/tcggo/storage/20678/paldean-fates-pokemon-center-elite-trainer-box-paldean-fates-pokemon.png,https://www.tcggo.com/external/cm/20075,https://www.tcggo.com/external/tcgplayer/20075,Paldean Fates Pokémon Center Elite Trainer Box,439.35,559.85,30,EUR,500,,,,,500,,,,,paldean-fates-pokemon-center-elite-trainer-box,https://www.tcggo.com/pokemon/paldean-fates/paldean-fates-pokemon-center-elite-trainer-box,528039
2026-08-18T20:35:01+02:00,728728,182,266,PAR,Pokémon,pokemon,15,https://images.tcggo.com/tcggo/storage/2228/paradox-rift-logo.png,Paradox Rift,EUR,780.47,EUR,1070.4,2023-11-03,,1,Scarlet & Violet,scarlet-violet,paradox-rift,20149,https://images.tcggo.com/tcggo/storage/20952/paradox-rift-roaring-moon-pokemon-center-elite-trainer-box.png,https://www.tcggo.com/external/cm/20149,https://www.tcggo.com/external/tcgplayer/20149,Paradox Rift Roaring Moon Pokémon Center Elite Trainer Box,163.12,233.84,26,EUR,210,,,,,210,30,30,,,paradox-rift-roaring-moon-pokemon-center-elite-trainer-box,https://www.tcggo.com/pokemon/paradox-rift/paradox-rift-roaring-moon-pokemon-center-elite-trainer-box,512809
2026-08-18T20:35:01+02:00,728729,182,266,PAR,Pokémon,pokemon,15,https://images.tcggo.com/tcggo/storage/2228/paradox-rift-logo.png,Paradox Rift,EUR,780.47,EUR,1070.4,2023-11-03,,1,Scarlet & Violet,scarlet-violet,paradox-rift,20150,https://images.tcggo.com/tcggo/storage/20951/paradox-rift-iron-valiant-pokemon-center-elite-trainer-box.png,https://www.tcggo.com/external/cm/20150,https://www.tcggo.com/external/tcgplayer/20150,Paradox Rift Iron Valiant Pokémon Center Elite Trainer Box,145.97,243.21,20,EUR,245.95,,,,,245.95,,,,,paradox-rift-iron-valiant-pokemon-center-elite-trainer-box,https://www.tcggo.com/pokemon/paradox-rift/paradox-rift-iron-valiant-pokemon-center-elite-trainer-box,512801
2026-08-18T20:35:01+02:00,729190,182,266,PAR,Pokémon,pokemon,15,https://images.tcggo.com/tcggo/storage/2228/paradox-rift-logo.png,Paradox Rift,EUR,780.47,EUR,1070.4,2023-11-03,,1,Scarlet & Violet,scarlet-violet,paradox-rift,20190,https://images.tcggo.com/tcggo/storage/20225/paradox-rift-10-elite-trainer-box-case-paradox-rift-pokemon.png,https://www.tcggo.com/external/cm/20190,https://www.tcggo.com/external/tcgplayer/20190,Paradox Rift 10 Elite Trainer Box Case,18.92,16.49,299,EUR,,,,20,20,,,,,,paradox-rift-10-elite-trainer-box-case,https://www.tcggo.com/pokemon/paradox-rift/paradox-rift-10-elite-trainer-box-case,513511
2026-08-18T20:35:01+02:00,728718,182,266,PAR,Pokémon,pokemon,15,https://images.tcggo.com/tcggo/storage/2228/paradox-rift-logo.png,Paradox Rift,EUR,780.47,EUR,1070.4,2023-11-03,,1,Scarlet & Violet,scarlet-violet,paradox-rift,20627,https://images.tcggo.com/tcggo/storage/20837/paradox-rift-booster-box-paradox-rift-pokemon.png,https://www.tcggo.com/external/cm/20627,https://www.tcggo.com/external/tcgplayer/20627,Paradox Rift Booster Box,221.94,224.79,277,EUR,220,189,199.99,177.9,177.9,220,220,220,150,150,paradox-rift-booster-box,https://www.tcggo.com/pokemon/paradox-rift/paradox-rift-booster-box,512821
2026-08-18T20:35:01+02:00,729187,182,266,PAR,Pokémon,pokemon,15,https://images.tcggo.com/tcggo/storage/2228/paradox-rift-logo.png,Paradox Rift,EUR,780.47,EUR,1070.4,2023-11-03,,1,Scarlet & Violet,scarlet-violet,paradox-rift,20629,https://images.tcggo.com/tcggo/storage/20785/paradox-rift-booster-box-18-boosters-paradox-rift-pokemon.png,https://www.tcggo.com/external/cm/20629,https://www.tcggo.com/external/tcgplayer/20629,Paradox Rift Booster Box (18 Boosters),100.7,117.21,7,EUR,,123.9,123.9,95,95,,190,190,,,paradox-rift-booster-box-18-boosters,https://www.tcggo.com/pokemon/paradox-rift/paradox-rift-booster-box-18-boosters,649417
2026-08-18T20:35:01+02:00,729189,182,266,PAR,Pokémon,pokemon,15,https://images.tcggo.com/tcggo/storage/2228/paradox-rift-logo.png,Paradox Rift,EUR,780.47,EUR,1070.4,2023-11-03,,1,Scarlet & Violet,scarlet-violet,paradox-rift,20631,https://images.tcggo.com/tcggo/storage/20839/paradox-rift-6-booster-box-case-paradox-rift-pokemon.png,https://www.tcggo.com/external/cm/20631,https://www.tcggo.com/external/tcgplayer/20631,Paradox Rift 6 Booster Box Case,1245.97,1043.8,32,EUR,1350,1489,1489,,,1350,,,1097,1097,paradox-rift-6-booster-box-case,https://www.tcggo.com/pokemon/paradox-rift/paradox-rift-6-booster-box-case,512828
2026-08-18T20:35:01+02:00,728726,182,266,PAR,Pokémon,pokemon,15,https://images.tcggo.com/tcggo/storage/2228/paradox-rift-logo.png,Paradox Rift,EUR,780.47,EUR,1070.4,2023-11-03,,1,Scarlet & Violet,scarlet-violet,paradox-rift,22746,https://images.tcggo.com/tcggo/storage/22740/paradox-rift-build-battle-stadium-box.png,https://www.tcggo.com/external/cm/22746,https://www.tcggo.com/external/tcgplayer/22746,Paradox Rift Build & Battle Stadium Box,60.62,61.3,37,EUR,65,63,63,,,65,90,90,,,paradox-rift-build-battle-stadium-box,https://www.tcggo.com/pokemon/paradox-rift/paradox-rift-build-battle-stadium-box,514070
2026-08-18T20:35:01+02:00,719693,165,207,MEW,Pokémon,pokemon,16,https://images.tcggo.com/tcggo/storage/2496/151-logo.png,151,EUR,1727.89,EUR,1753.21,2023-09-22,,1,Scarlet & Violet,scarlet-violet,151,20073,https://images.tcggo.com/tcggo/storage/20680/151-pokemon-center-elite-trainer-box-151-pokemon.png,https://www.tcggo.com/external/cm/20073,https://www.tcggo.com/external/tcgplayer/20073,151 Pokémon Center Elite Trainer Box,1111.05,1216,21,EUR,1450,,,,,1450,,,,,151-pokemon-center-elite-trainer-box,https://www.tcggo.com/pokemon/151/151-pokemon-center-elite-trainer-box,501999
2026-08-18T20:35:01+02:00,715777,197,230,OBF,Pokémon,pokemon,17,https://images.tcggo.com/tcggo/storage/38783/obf.png,Obsidian Flames,EUR,320.9,EUR,424.9,2023-08-11,,1,Scarlet & Violet,scarlet-violet,obsidian-flames,20159,https://images.tcggo.com/tcggo/storage/20294/obsidian-flames-pokemon-center-elite-trainer-box-obsidian-flames-pokemon.png,https://www.tcggo.com/external/cm/20159,https://www.tcggo.com/external/tcgplayer/20159,Obsidian Flames Pokémon Center Elite Trainer Box,613.88,722,21,EUR,750,,,,,750,,,,,obsidian-flames-pokemon-center-elite-trainer-box,https://www.tcggo.com/pokemon/obsidian-flames/obsidian-flames-pokemon-center-elite-trainer-box,501266
2026-08-18T20:35:01+02:00,715778,197,230,OBF,Pokémon,pokemon,17,https://images.tcggo.com/tcggo/storage/38783/obf.png,Obsidian Flames,EUR,320.9,EUR,424.9,2023-08-11,,1,Scarlet & Violet,scarlet-violet,obsidian-flames,20160,https://images.tcggo.com/tcggo/storage/20518/obsidian-flames-10-elite-trainer-box-case-obsidian-flames-pokemon.png,https://www.tcggo.com/external/cm/20160,https://www.tcggo.com/external/tcgplayer/20160,Obsidian Flames 10 Elite Trainer Box Case,739.03,1634.86,9,EUR,3200,2490,2490,3000,3000,3200,,,,,obsidian-flames-10-elite-trainer-box-case,https://www.tcggo.com/pokemon/obsidian-flames/obsidian-flames-10-elite-trainer-box-case,501265
2026-08-18T20:35:01+02:00,715465,197,230,OBF,Pokémon,pokemon,17,https://images.tcggo.com/tcggo/storage/38783/obf.png,Obsidian Flames,EUR,320.9,EUR,424.9,2023-08-11,,1,Scarlet & Violet,scarlet-violet,obsidian-flames,20634,https://images.tcggo.com/tcggo/storage/20761/obsidian-flames-booster-box-obsidian-flames-pokemon.png,https://www.tcggo.com/external/cm/20634,https://www.tcggo.com/external/tcgplayer/20634,Obsidian Flames Booster Box,237.93,220.04,497,EUR,295,188.88,209.99,175,175,295,199,199,179.95,179.95,obsidian-flames-booster-box,https://www.tcggo.com/pokemon/obsidian-flames/obsidian-flames-booster-box,501257
2026-08-18T20:35:01+02:00,715779,197,230,OBF,Pokémon,pokemon,17,https://images.tcggo.com/tcggo/storage/38783/obf.png,Obsidian Flames,EUR,320.9,EUR,424.9,2023-08-11,,1,Scarlet & Violet,scarlet-violet,obsidian-flames,20635,https://images.tcggo.com/tcggo/storage/20842/obsidian-flames-6-booster-box-case-obsidian-flames-pokemon.png,https://www.tcggo.com/external/cm/20635,https://www.tcggo.com/external/tcgplayer/20635,Obsidian Flames 6 Booster Box Case,1529.97,1926.71,29,EUR,2499.99,1589.99,1589.99,,,2499.99,1200,1200,1400,1400,obsidian-flames-6-booster-box-case,https://www.tcggo.com/pokemon/obsidian-flames/obsidian-flames-6-booster-box-case,501258
2026-08-18T20:35:01+02:00,715782,197,230,OBF,Pokémon,pokemon,17,https://images.tcggo.com/tcggo/storage/38783/obf.png,Obsidian Flames,EUR,320.9,EUR,424.9,2023-08-11,,1,Scarlet & Violet,scarlet-violet,obsidian-flames,20640,https://images.tcggo.com/tcggo/storage/20780/obsidian-flames-booster-box-18-boosters-obsidian-flames-pokemon.png,https://www.tcggo.com/external/cm/20640,,Obsidian Flames Booster Box (18 Boosters),118.49,122.7,7,EUR,,138,138,530,530,,140,140,,,obsidian-flames-booster-box-18-boosters,https://www.tcggo.com/pokemon/obsidian-flames/obsidian-flames-booster-box-18-boosters,
2026-08-18T20:35:01+02:00,715784,197,230,OBF,Pokémon,pokemon,17,https://images.tcggo.com/tcggo/storage/38783/obf.png,Obsidian Flames,EUR,320.9,EUR,424.9,2023-08-11,,1,Scarlet & Violet,scarlet-violet,obsidian-flames,22748,https://images.tcggo.com/tcggo/storage/22742/obsidian-flames-build-battle-stadium-box.png,https://www.tcggo.com/external/cm/22748,https://www.tcggo.com/external/tcgplayer/22748,Obsidian Flames Build & Battle Stadium Box,70.37,70.21,67,EUR,180.75,69.69,69.69,70,70,184.99,80,80,,,obsidian-flames-build-battle-stadium-box,https://www.tcggo.com/pokemon/obsidian-flames/obsidian-flames-build-battle-stadium-box,501267
2026-08-18T20:35:01+02:00,703176,193,279,PAL,Pokémon,pokemon,18,https://images.tcggo.com/tcggo/storage/2935/paldea-evolved-logo.png,Paldea Evolved,EUR,1166.15,EUR,1703.46,2023-06-09,,1,Scarlet & Violet,scarlet-violet,paldea-evolved,20085,https://images.tcggo.com/tcggo/storage/20688/paldea-evolved-pokemon-center-elite-trainer-box-paldea-evolved-pokemon.png,https://www.tcggo.com/external/cm/20085,https://www.tcggo.com/external/tcgplayer/20085,Paldea Evolved Pokémon Center Elite Trainer Box,350.69,652.14,19,EUR,620,,,,,620,,,,,paldea-evolved-pokemon-center-elite-trainer-box,https://www.tcggo.com/pokemon/paldea-evolved/paldea-evolved-pokemon-center-elite-trainer-box,493973
2026-08-18T20:35:01+02:00,703177,193,279,PAL,Pokémon,pokemon,18,https://images.tcggo.com/tcggo/storage/2935/paldea-evolved-logo.png,Paldea Evolved,EUR,1166.15,EUR,1703.46,2023-06-09,,1,Scarlet & Violet,scarlet-violet,paldea-evolved,20189,https://images.tcggo.com/tcggo/storage/20220/paldea-evolved-10-elite-trainer-box-case-paldea-evolved-pokemon.png,https://www.tcggo.com/external/cm/20189,https://www.tcggo.com/external/tcgplayer/20189,Paldea Evolved 10 Elite Trainer Box Case,758.41,1549.71,4,EUR,2500,,,,,2500,,,1499.99,1499.99,paldea-evolved-10-elite-trainer-box-case,https://www.tcggo.com/pokemon/paldea-evolved/paldea-evolved-10-elite-trainer-box-case,496911
2026-08-18T20:35:01+02:00,703156,193,279,PAL,Pokémon,pokemon,18,https://images.tcggo.com/tcggo/storage/2935/paldea-evolved-logo.png,Paldea Evolved,EUR,1166.15,EUR,1703.46,2023-06-09,,1,Scarlet & Violet,scarlet-violet,paldea-evolved,20637,https://images.tcggo.com/tcggo/storage/20792/paldea-evolved-booster-box-paldea-evolved-pokemon.png,https://www.tcggo.com/external/cm/20637,https://www.tcggo.com/external/tcgplayer/20637,Paldea Evolved Booster Box,299.91,289.43,476,EUR,320,220,241.99,170,170,320,235,235,150,150,paldea-evolved-booster-box,https://www.tcggo.com/pokemon/paldea-evolved/paldea-evolved-booster-box,493975
2026-08-18T20:35:01+02:00,703162,193,279,PAL,Pokémon,pokemon,18,https://images.tcggo.com/tcggo/storage/2935/paldea-evolved-logo.png,Paldea Evolved,EUR,1166.15,EUR,1703.46,2023-06-09,,1,Scarlet & Violet,scarlet-violet,paldea-evolved,20639,https://images.tcggo.com/tcggo/storage/20843/paldea-evolved-6-booster-box-case-paldea-evolved-pokemon.png,https://www.tcggo.com/external/cm/20639,https://www.tcggo.com/external/tcgplayer/20639,Paldea Evolved 6 Booster Box Case,1937.04,2183.86,61,EUR,2199.95,1689,1689,1200,1200,2199.95,1750,1750,949.98,949.98,paldea-evolved-6-booster-box-case,https://www.tcggo.com/pokemon/paldea-evolved/paldea-evolved-6-booster-box-case,496905
2026-08-18T20:35:01+02:00,703165,193,279,PAL,Pokémon,pokemon,18,https://images.tcggo.com/tcggo/storage/2935/paldea-evolved-logo.png,Paldea Evolved,EUR,1166.15,EUR,1703.46,2023-06-09,,1,Scarlet & Violet,scarlet-violet,paldea-evolved,20643,https://images.tcggo.com/tcggo/storage/20848/paldea-evolved-booster-box-18-boosters-paldea-evolved-pokemon.png,https://www.tcggo.com/external/cm/20643,https://www.tcggo.com/external/tcgplayer/20643,Paldea Evolved Booster Box (18 Boosters),125.09,140.54,30,EUR,215,128,128,140,140,215,299,299,,,paldea-evolved-booster-box-18-boosters,https://www.tcggo.com/pokemon/paldea-evolved/paldea-evolved-booster-box-18-boosters,649413
2026-08-18T20:35:01+02:00,703174,193,279,PAL,Pokémon,pokemon,18,https://images.tcggo.com/tcggo/storage/2935/paldea-evolved-logo.png,Paldea Evolved,EUR,1166.15,EUR,1703.46,2023-06-09,,1,Scarlet & Violet,scarlet-violet,paldea-evolved,22751,https://images.tcggo.com/tcggo/storage/22745/paldea-evolved-build-battle-stadium-box.png,https://www.tcggo.com/external/cm/22751,https://www.tcggo.com/external/tcgplayer/22751,Paldea Evolved Build & Battle Stadium Box,71.88,70.07,46,EUR,117,69.9,88.99,69,69,125,84.99,84.99,,,paldea-evolved-build-battle-stadium-box,https://www.tcggo.com/pokemon/paldea-evolved/paldea-evolved-build-battle-stadium-box,496935
2026-08-18T20:35:01+02:00,692103,198,258,SVI,Pokémon,pokemon,19,https://images.tcggo.com/tcggo/storage/3214/scarlet-violet-logo.png,Scarlet & Violet,EUR,534.68,EUR,670.99,2023-03-31,,1,Scarlet & Violet,scarlet-violet,scarlet-violet,22624,https://images.tcggo.com/tcggo/storage/22618/scarlet-amp-violet-koraidon-pokemon-center-elite-trainer-box.png,https://www.tcggo.com/external/cm/22624,https://www.tcggo.com/external/tcgplayer/22624,Scarlet & Violet Koraidon Pokémon Center Elite Trainer Box,240.69,397.85,20,EUR,360,,,,,360,,,,,scarlet-violet-koraidon-pokemon-center-elite-trainer-box,https://www.tcggo.com/pokemon/scarlet-violet/scarlet-violet-koraidon-pokemon-center-elite-trainer-box,478758
2026-08-18T20:35:01+02:00,692104,198,258,SVI,Pokémon,pokemon,19,https://images.tcggo.com/tcggo/storage/3214/scarlet-violet-logo.png,Scarlet & Violet,EUR,534.68,EUR,670.99,2023-03-31,,1,Scarlet & Violet,scarlet-violet,scarlet-violet,22625,https://images.tcggo.com/tcggo/storage/22619/scarlet-amp-violet-miraidon-pokemon-center-elite-trainer-box.png,https://www.tcggo.com/external/cm/22625,https://www.tcggo.com/external/tcgplayer/22625,Scarlet & Violet Miraidon Pokémon Center Elite Trainer Box,283.28,369.28,19,EUR,400,,,,,400,,,,,scarlet-violet-miraidon-pokemon-center-elite-trainer-box,https://www.tcggo.com/pokemon/scarlet-violet/scarlet-violet-miraidon-pokemon-center-elite-trainer-box,478756
2026-08-18T20:35:01+02:00,692105,198,258,SVI,Pokémon,pokemon,19,https://images.tcggo.com/tcggo/storage/3214/scarlet-violet-logo.png,Scarlet & Violet,EUR,534.68,EUR,670.99,2023-03-31,,1,Scarlet & Violet,scarlet-violet,scarlet-violet,22626,https://images.tcggo.com/tcggo/storage/22620/scarlet-amp-violet-10-elite-trainer-box-case.png,https://www.tcggo.com/external/cm/22626,https://www.tcggo.com/external/tcgplayer/22626,Scarlet & Violet 10 Elite Trainer Box Case,520.48,712.15,6,EUR,1290,969.69,969.69,,,1290,2990,2990,,,scarlet-violet-10-elite-trainer-box-case,https://www.tcggo.com/pokemon/scarlet-violet/scarlet-violet-10-elite-trainer-box-case,488776
2026-08-18T20:35:01+02:00,692092,198,258,SVI,Pokémon,pokemon,19,https://images.tcggo.com/tcggo/storage/3214/scarlet-violet-logo.png,Scarlet & Violet,EUR,534.68,EUR,670.99,2023-03-31,,1,Scarlet & Violet,scarlet-violet,scarlet-violet,22661,https://images.tcggo.com/tcggo/storage/22655/scarlet-amp-violet-booster-box.png,https://www.tcggo.com/external/cm/22661,https://www.tcggo.com/external/tcgplayer/22661,Scarlet & Violet Booster Box,198.98,196.9,406,EUR,200,189.99,189.99,170.9,170.9,200,205,205,145,145,scarlet-violet-booster-box,https://www.tcggo.com/pokemon/scarlet-violet/scarlet-violet-booster-box,476452
2026-08-18T20:35:01+02:00,692093,198,258,SVI,Pokémon,pokemon,19,https://images.tcggo.com/tcggo/storage/3214/scarlet-violet-logo.png,Scarlet & Violet,EUR,534.68,EUR,670.99,2023-03-31,,1,Scarlet & Violet,scarlet-violet,scarlet-violet,22662,https://images.tcggo.com/tcggo/storage/22656/scarlet-amp-violet-booster-box-18-boosters.png,https://www.tcggo.com/external/cm/22662,https://www.tcggo.com/external/tcgplayer/22662,Scarlet & Violet Booster Box (18 Boosters),89.48,97.67,12,EUR,150.7,109.8,109.8,90,90,,160,160,,,scarlet-violet-booster-box-18-boosters,https://www.tcggo.com/pokemon/scarlet-violet/scarlet-violet-booster-box-18-boosters,649407
2026-08-18T20:35:01+02:00,692095,198,258,SVI,Pokémon,pokemon,19,https://images.tcggo.com/tcggo/storage/3214/scarlet-violet-logo.png,Scarlet & Violet,EUR,534.68,EUR,670.99,2023-03-31,,1,Scarlet & Violet,scarlet-violet,scarlet-violet,22664,https://images.tcggo.com/tcggo/storage/22658/scarlet-amp-violet-6-booster-box-case.png,https://www.tcggo.com/external/cm/22664,https://www.tcggo.com/external/tcgplayer/22664,Scarlet & Violet 6 Booster Box Case,1074.29,1438.99,36,EUR,1350,1250,1250,,,1350,1990,1990,1099.99,1099.99,scarlet-violet-6-booster-box-case,https://www.tcggo.com/pokemon/scarlet-violet/scarlet-violet-6-booster-box-case,476453
2026-08-18T20:35:01+02:00,692100,198,258,SVI,Pokémon,pokemon,19,https://images.tcggo.com/tcggo/storage/3214/scarlet-violet-logo.png,Scarlet & Violet,EUR,534.68,EUR,670.99,2023-03-31,,1,Scarlet & Violet,scarlet-violet,scarlet-violet,22753,https://images.tcggo.com/tcggo/storage/22747/scarlet-violet-build-battle-stadium-box.png,https://www.tcggo.com/external/cm/22753,https://www.tcggo.com/external/tcgplayer/22753,Scarlet & Violet Build & Battle Stadium Box,60.62,60.52,116,EUR,65,54.99,54.99,80,80,65,75,75,,,scarlet-violet-build-battle-stadium-box,https://www.tcggo.com/pokemon/scarlet-violet/scarlet-violet-build-battle-stadium-box,478257
2026-08-18T20:35:01+02:00,690880,159,160,CRZ,Pokémon,pokemon,21,https://images.tcggo.com/tcggo/storage/3641/crown-zenith-logo.png,Crown Zenith,EUR,2230.08,EUR,1758.76,2023-01-20,,2,Sword & Shield,sword-shield,crown-zenith,20090,https://images.tcggo.com/tcggo/storage/20730/crown-zenith-10-elite-trainer-box-case-crown-zenith-pokemon.png,https://www.tcggo.com/external/cm/20090,https://www.tcggo.com/external/tcgplayer/20090,Crown Zenith 10 Elite Trainer Box Case,2392.89,3494.2,21,EUR,3199.95,5995,5995,,,3199.95,,,2400,2400,crown-zenith-10-elite-trainer-box-case,https://www.tcggo.com/pokemon/crown-zenith/crown-zenith-10-elite-trainer-box-case,453471
2026-08-18T20:35:01+02:00,684355,159,160,CRZ,Pokémon,pokemon,21,https://images.tcggo.com/tcggo/storage/3641/crown-zenith-logo.png,Crown Zenith,EUR,2230.08,EUR,1758.76,2023-01-20,,2,Sword & Shield,sword-shield,crown-zenith,20148,https://images.tcggo.com/tcggo/storage/20501/crown-zenith-pokemon-center-elite-trainer-box-plus-crown-zenith-pokemon.png,https://www.tcggo.com/external/cm/20148,https://www.tcggo.com/external/tcgplayer/20148,Crown Zenith Pokémon Center Elite Trainer Box Plus,507.54,590.54,16,EUR,595,,,,,595,,,,,crown-zenith-pokemon-center-elite-trainer-box-plus,https://www.tcggo.com/pokemon/crown-zenith/crown-zenith-pokemon-center-elite-trainer-box-plus,454246
2026-08-18T20:35:01+02:00,672611,195,215,SIT,Pokémon,pokemon,24,https://images.tcggo.com/tcggo/storage/3877/silver-tempest-logo.png,Silver Tempest,EUR,1123.15,EUR,1152.24,2022-11-11,,2,Sword & Shield,sword-shield,silver-tempest,20158,https://images.tcggo.com/tcggo/storage/20199/silver-tempest-pokemon-center-elite-trainer-box-silver-tempest-pokemon.png,https://www.tcggo.com/external/cm/20158,https://www.tcggo.com/external/tcgplayer/20158,Silver Tempest Pokémon Center Elite Trainer Box,254.39,402.43,15,EUR,380,,,,,380,,,,,silver-tempest-pokemon-center-elite-trainer-box,https://www.tcggo.com/pokemon/silver-tempest/silver-tempest-pokemon-center-elite-trainer-box,285860
2026-08-18T20:35:01+02:00,672310,195,215,SIT,Pokémon,pokemon,24,https://images.tcggo.com/tcggo/storage/3877/silver-tempest-logo.png,Silver Tempest,EUR,1123.15,EUR,1152.24,2022-11-11,,2,Sword & Shield,sword-shield,silver-tempest,20644,https://images.tcggo.com/tcggo/storage/20786/silver-tempest-6-booster-box-case-silver-tempest-pokemon.png,https://www.tcggo.com/external/cm/20644,https://www.tcggo.com/external/tcgplayer/20644,Silver Tempest 6 Booster Box Case,2207.19,2464.88,47,EUR,2799.9,1939.99,1939.99,1200,1200,2799.9,3000,3000,3700,3700,silver-tempest-6-booster-box-case,https://www.tcggo.com/pokemon/silver-tempest/silver-tempest-6-booster-box-case,283391
2026-08-18T20:35:01+02:00,672333,195,215,SIT,Pokémon,pokemon,24,https://images.tcggo.com/tcggo/storage/3877/silver-tempest-logo.png,Silver Tempest,EUR,1123.15,EUR,1152.24,2022-11-11,,2,Sword & Shield,sword-shield,silver-tempest,20645,https://images.tcggo.com/tcggo/storage/20804/silver-tempest-booster-box-silver-tempest-pokemon.png,https://www.tcggo.com/external/cm/20645,https://www.tcggo.com/external/tcgplayer/20645,Silver Tempest Booster Box,353.99,343.91,346,EUR,385,300,300,195,195,385,385,385,320,320,silver-tempest-booster-box,https://www.tcggo.com/pokemon/silver-tempest/silver-tempest-booster-box,283389
2026-08-18T20:35:01+02:00,672335,195,215,SIT,Pokémon,pokemon,24,https://images.tcggo.com/tcggo/storage/3877/silver-tempest-logo.png,Silver Tempest,EUR,1123.15,EUR,1152.24,2022-11-11,,2,Sword & Shield,sword-shield,silver-tempest,20647,https://images.tcggo.com/tcggo/storage/20849/silver-tempest-booster-box-18-boosters-silver-tempest-pokemon.png,https://www.tcggo.com/external/cm/20647,,Silver Tempest Booster Box (18 Boosters),141.93,147.05,25,EUR,250,155,155,350,350,250,310,310,,,silver-tempest-booster-box-18-boosters,https://www.tcggo.com/pokemon/silver-tempest/silver-tempest-booster-box-18-boosters,
2026-08-18T20:35:01+02:00,672607,195,215,SIT,Pokémon,pokemon,24,https://images.tcggo.com/tcggo/storage/3877/silver-tempest-logo.png,Silver Tempest,EUR,1123.15,EUR,1152.24,2022-11-11,,2,Sword & Shield,sword-shield,silver-tempest,22755,https://images.tcggo.com/tcggo/storage/22749/silver-tempest-build-battle-stadium-box.png,https://www.tcggo.com/external/cm/22755,https://www.tcggo.com/external/tcgplayer/22755,Silver Tempest: Build & Battle Stadium Box,109.05,117.8,72,EUR,119.95,139,139,200,200,119.95,140,140,,,silver-tempest-build-battle-stadium-box,https://www.tcggo.com/pokemon/silver-tempest/silver-tempest-build-battle-stadium-box,285042
2026-08-18T20:35:01+02:00,873121,195,215,SIT,Pokémon,pokemon,24,https://images.tcggo.com/tcggo/storage/3877/silver-tempest-logo.png,Silver Tempest,EUR,1123.15,EUR,1152.24,2022-11-11,,2,Sword & Shield,sword-shield,silver-tempest,32249,https://images.tcggo.com/tcggo/storage/37668/silver-tempest-10-elite-trainer-box-case.png,https://www.tcggo.com/external/cm/32249,https://www.tcggo.com/external/tcgplayer/32249,Silver Tempest 10 Elite Trainer Box Case,611.05,611.05,4,EUR,1600,,,,,1600,,,1750,1750,silver-tempest-10-elite-trainer-box-case,https://www.tcggo.com/pokemon/silver-tempest/silver-tempest-10-elite-trainer-box-case,285777
2026-08-18T20:35:01+02:00,666151,196,217,LOR,Pokémon,pokemon,26,https://images.tcggo.com/tcggo/storage/4124/lost-origin-logo.png,Lost Origin,EUR,1512.28,EUR,1582.1,2022-09-09,,2,Sword & Shield,sword-shield,lost-origin,20084,https://images.tcggo.com/tcggo/storage/20624/lost-origin-pokemon-center-elite-trainer-box-lost-origin-pokemon.png,https://www.tcggo.com/external/cm/20084,https://www.tcggo.com/external/tcgplayer/20084,Lost Origin Pokémon Center Elite Trainer Box,322.81,406.28,24,EUR,375,,,,,375,,,,,lost-origin-pokemon-center-elite-trainer-box,https://www.tcggo.com/pokemon/lost-origin/lost-origin-pokemon-center-elite-trainer-box,277336
2026-08-18T20:35:01+02:00,665526,196,217,LOR,Pokémon,pokemon,26,https://images.tcggo.com/tcggo/storage/4124/lost-origin-logo.png,Lost Origin,EUR,1512.28,EUR,1582.1,2022-09-09,,2,Sword & Shield,sword-shield,lost-origin,20733,https://images.tcggo.com/tcggo/storage/20860/lost-origin-booster-box.png,https://www.tcggo.com/external/cm/20733,https://www.tcggo.com/external/tcgplayer/20733,Lost Origin Booster Box,428.61,555.56,329,EUR,589.98,340,340,279,279,589.98,340,380,300,300,lost-origin-booster-box,https://www.tcggo.com/pokemon/lost-origin/lost-origin-booster-box,277324
2026-08-18T20:35:01+02:00,666147,196,217,LOR,Pokémon,pokemon,26,https://images.tcggo.com/tcggo/storage/4124/lost-origin-logo.png,Lost Origin,EUR,1512.28,EUR,1582.1,2022-09-09,,2,Sword & Shield,sword-shield,lost-origin,20734,https://images.tcggo.com/tcggo/storage/20859/lost-origin-booster-box-18-boosters.png,https://www.tcggo.com/external/cm/20734,,Lost Origin Booster Box (18 Boosters),143.11,168.97,8,EUR,,180,180,220,220,,660,660,,,lost-origin-booster-box-18-boosters,https://www.tcggo.com/pokemon/lost-origin/lost-origin-booster-box-18-boosters,
2026-08-18T20:35:01+02:00,672309,196,217,LOR,Pokémon,pokemon,26,https://images.tcggo.com/tcggo/storage/4124/lost-origin-logo.png,Lost Origin,EUR,1512.28,EUR,1582.1,2022-09-09,,2,Sword & Shield,sword-shield,lost-origin,20736,https://images.tcggo.com/tcggo/storage/20863/lost-origin-6-booster-box-case.png,https://www.tcggo.com/external/cm/20736,https://www.tcggo.com/external/tcgplayer/20736,Lost Origin 6 Booster Box Case,2765.17,3592.75,40,EUR,4249,2200,2200,2500,2500,4249,2699,2699,2600,2600,lost-origin-6-booster-box-case,https://www.tcggo.com/pokemon/lost-origin/lost-origin-6-booster-box-case,278793
2026-08-18T20:35:01+02:00,666149,196,217,LOR,Pokémon,pokemon,26,https://images.tcggo.com/tcggo/storage/4124/lost-origin-logo.png,Lost Origin,EUR,1512.28,EUR,1582.1,2022-09-09,,2,Sword & Shield,sword-shield,lost-origin,22757,https://images.tcggo.com/tcggo/storage/22751/lost-origin-build-battle-stadium-box.png,https://www.tcggo.com/external/cm/22757,https://www.tcggo.com/external/tcgplayer/22757,Lost Origin: Build & Battle Stadium Box,143.45,147.27,105,EUR,160,149.99,149.99,,,160,179,179,,,lost-origin-build-battle-stadium-box,https://www.tcggo.com/pokemon/lost-origin/lost-origin-build-battle-stadium-box,277346
2026-08-18T20:35:01+02:00,873120,196,217,LOR,Pokémon,pokemon,26,https://images.tcggo.com/tcggo/storage/4124/lost-origin-logo.png,Lost Origin,EUR,1512.28,EUR,1582.1,2022-09-09,,2,Sword & Shield,sword-shield,lost-origin,32250,https://images.tcggo.com/tcggo/storage/37666/lost-origin-10-elite-trainer-box-case.png,https://www.tcggo.com/external/cm/32250,https://www.tcggo.com/external/tcgplayer/32250,Lost Origin 10 Elite Trainer Box Case,1802.37,2206.86,6,EUR,2059.99,2499.99,2499.99,,,2059.99,,,,,lost-origin-10-elite-trainer-box-case,https://www.tcggo.com/pokemon/lost-origin/lost-origin-10-elite-trainer-box-case,278796
2026-08-18T20:35:01+02:00,653701,78,88,PGO,Pokémon,pokemon,29,https://images.tcggo.com/tcggo/storage/4390/pokemon-go-logo.png,Pokémon GO,EUR,276.43,EUR,330.82,2022-07-01,,2,Sword & Shield,sword-shield,pokemon-go,20173,https://images.tcggo.com/tcggo/storage/20208/pokemon-go-pokemon-center-elite-trainer-box-plus-pokemon-go-pokemon.png,https://www.tcggo.com/external/cm/20173,https://www.tcggo.com/external/tcgplayer/20173,Pokémon GO Pokémon Center Elite Trainer Box Plus,193.37,226,23,EUR,185,,,,,185,,,,,pokemon-go-pokemon-center-elite-trainer-box-plus,https://www.tcggo.com/pokemon/pokemon-go/pokemon-go-pokemon-center-elite-trainer-box-plus,270709
2026-08-18T20:35:01+02:00,690879,78,88,PGO,Pokémon,pokemon,29,https://images.tcggo.com/tcggo/storage/4390/pokemon-go-logo.png,Pokémon GO,EUR,276.43,EUR,330.82,2022-07-01,,2,Sword & Shield,sword-shield,pokemon-go,20188,https://images.tcggo.com/tcggo/storage/20531/pokemon-go-10-elite-trainer-box-case-pokemon-go-pokemon.png,https://www.tcggo.com/external/cm/20188,https://www.tcggo.com/external/tcgplayer/20188,Pokémon GO 10 Elite Trainer Box Case,530.32,719.5,12,EUR,,,,,,,,,,,pokemon-go-10-elite-trainer-box-case,https://www.tcggo.com/pokemon/pokemon-go/pokemon-go-10-elite-trainer-box-case,271513
2026-08-18T20:35:01+02:00,611360,189,216,ASR,Pokémon,pokemon,30,https://images.tcggo.com/tcggo/storage/4480/astral-radiance-logo.png,Astral Radiance,EUR,951.53,EUR,1078.83,2022-05-27,,2,Sword & Shield,sword-shield,astral-radiance,20157,https://images.tcggo.com/tcggo/storage/20201/astral-radiance-pokemon-center-elite-trainer-box-astral-radiance-pokemon.png,https://www.tcggo.com/external/cm/20157,https://www.tcggo.com/external/tcgplayer/20157,Astral Radiance Pokémon Center Elite Trainer Box,199.33,205.88,23,EUR,200,,,,,200,,,,,astral-radiance-pokemon-center-elite-trainer-box,https://www.tcggo.com/pokemon/astral-radiance/astral-radiance-pokemon-center-elite-trainer-box,265528
2026-08-18T20:35:01+02:00,611351,189,216,ASR,Pokémon,pokemon,30,https://images.tcggo.com/tcggo/storage/4480/astral-radiance-logo.png,Astral Radiance,EUR,951.53,EUR,1078.83,2022-05-27,,2,Sword & Shield,sword-shield,astral-radiance,20738,https://images.tcggo.com/tcggo/storage/20861/astral-radiance-booster-box-18-boosters.png,https://www.tcggo.com/external/cm/20738,https://www.tcggo.com/external/tcgplayer/20738,Astral Radiance Booster Box (18 Boosters),102.93,143.53,8,EUR,235,179.99,179.99,350,350,,500,500,,,astral-radiance-booster-box-18-boosters,https://www.tcggo.com/pokemon/astral-radiance/astral-radiance-booster-box-18-boosters,704916
2026-08-18T20:35:01+02:00,611352,189,216,ASR,Pokémon,pokemon,30,https://images.tcggo.com/tcggo/storage/4480/astral-radiance-logo.png,Astral Radiance,EUR,951.53,EUR,1078.83,2022-05-27,,2,Sword & Shield,sword-shield,astral-radiance,20739,https://images.tcggo.com/tcggo/storage/20891/astral-radiance-booster-box.png,https://www.tcggo.com/external/cm/20739,https://www.tcggo.com/external/tcgplayer/20739,Astral Radiance Booster Box,343.9,264.27,283,EUR,320,283.99,283.99,219.99,219.99,320,278,278,200,200,astral-radiance-booster-box,https://www.tcggo.com/pokemon/astral-radiance/astral-radiance-booster-box,265519
2026-08-18T20:35:01+02:00,668174,189,216,ASR,Pokémon,pokemon,30,https://images.tcggo.com/tcggo/storage/4480/astral-radiance-logo.png,Astral Radiance,EUR,951.53,EUR,1078.83,2022-05-27,,2,Sword & Shield,sword-shield,astral-radiance,20740,https://images.tcggo.com/tcggo/storage/20869/astral-radiance-6-booster-box-case.png,https://www.tcggo.com/external/cm/20740,https://www.tcggo.com/external/tcgplayer/20740,Astral Radiance 6 Booster Box Case,1030.58,1768.26,16,EUR,2699.99,2089.99,2089.99,,,2699.99,1880,1880,1349.35,1349.35,astral-radiance-6-booster-box-case,https://www.tcggo.com/pokemon/astral-radiance/astral-radiance-6-booster-box-case,265520
2026-08-18T20:35:01+02:00,611358,189,216,ASR,Pokémon,pokemon,30,https://images.tcggo.com/tcggo/storage/4480/astral-radiance-logo.png,Astral Radiance,EUR,951.53,EUR,1078.83,2022-05-27,,2,Sword & Shield,sword-shield,astral-radiance,22770,https://images.tcggo.com/tcggo/storage/22765/astral-radiance-build-battle-stadium-box.png,https://www.tcggo.com/external/cm/22770,https://www.tcggo.com/external/tcgplayer/22770,Astral Radiance: Build & Battle Stadium Box,98.81,115.36,84,EUR,93.98,64.95,89.95,,,93.98,135,135,,,astral-radiance-build-battle-stadium-box,https://www.tcggo.com/pokemon/astral-radiance/astral-radiance-build-battle-stadium-box,265515
2026-08-18T20:35:01+02:00,873119,189,216,ASR,Pokémon,pokemon,30,https://images.tcggo.com/tcggo/storage/4480/astral-radiance-logo.png,Astral Radiance,EUR,951.53,EUR,1078.83,2022-05-27,,2,Sword & Shield,sword-shield,astral-radiance,32251,https://images.tcggo.com/tcggo/storage/33753/astral-radiance-10-elite-trainer-box-case.png,https://www.tcggo.com/external/cm/32251,https://www.tcggo.com/external/tcgplayer/32251,Astral Radiance 10 Elite Trainer Box Case,1087.33,1087.33,5,EUR,1199,,,,,1199,,,,,astral-radiance-10-elite-trainer-box-case,https://www.tcggo.com/pokemon/astral-radiance/astral-radiance-10-elite-trainer-box-case,265545
2026-08-18T20:35:01+02:00,583511,172,186,BRS,Pokémon,pokemon,32,https://images.tcggo.com/tcggo/storage/4728/brilliant-stars-logo.png,Brilliant Stars,EUR,1066.42,EUR,1147.49,2022-02-25,,2,Sword & Shield,sword-shield,brilliant-stars,20089,https://images.tcggo.com/tcggo/storage/20690/brilliant-stars-pokemon-center-elite-trainer-box-brilliant-stars-pokemon.png,https://www.tcggo.com/external/cm/20089,https://www.tcggo.com/external/tcgplayer/20089,Brilliant Stars Pokémon Center Elite Trainer Box,213.49,218.71,43,EUR,,,,,,,,,,,brilliant-stars-pokemon-center-elite-trainer-box,https://www.tcggo.com/pokemon/brilliant-stars/brilliant-stars-pokemon-center-elite-trainer-box,256140
2026-08-18T20:35:01+02:00,583512,172,186,BRS,Pokémon,pokemon,32,https://images.tcggo.com/tcggo/storage/4728/brilliant-stars-logo.png,Brilliant Stars,EUR,1066.42,EUR,1147.49,2022-02-25,,2,Sword & Shield,sword-shield,brilliant-stars,20742,https://images.tcggo.com/tcggo/storage/20862/brilliant-stars-booster-box.png,https://www.tcggo.com/external/cm/20742,https://www.tcggo.com/external/tcgplayer/20742,Brilliant Stars Booster Box,434.89,462.79,228,EUR,450,310,310,389.99,389.99,450,398,398,389,389,brilliant-stars-booster-box,https://www.tcggo.com/pokemon/brilliant-stars/brilliant-stars-booster-box,256141
2026-08-18T20:35:01+02:00,606767,172,186,BRS,Pokémon,pokemon,32,https://images.tcggo.com/tcggo/storage/4728/brilliant-stars-logo.png,Brilliant Stars,EUR,1066.42,EUR,1147.49,2022-02-25,,2,Sword & Shield,sword-shield,brilliant-stars,20743,https://images.tcggo.com/tcggo/storage/20892/brilliant-stars-booster-box-18-boosters.png,https://www.tcggo.com/external/cm/20743,,Brilliant Stars Booster Box (18 Boosters),137.2,199.24,24,EUR,,196.49,196.49,190,190,,250,250,,,brilliant-stars-booster-box-18-boosters,https://www.tcggo.com/pokemon/brilliant-stars/brilliant-stars-booster-box-18-boosters,
2026-08-18T20:35:01+02:00,668175,172,186,BRS,Pokémon,pokemon,32,https://images.tcggo.com/tcggo/storage/4728/brilliant-stars-logo.png,Brilliant Stars,EUR,1066.42,EUR,1147.49,2022-02-25,,2,Sword & Shield,sword-shield,brilliant-stars,20744,https://images.tcggo.com/tcggo/storage/20872/brilliant-stars-6-booster-box-case.png,https://www.tcggo.com/external/cm/20744,https://www.tcggo.com/external/tcgplayer/20744,Brilliant Stars 6 Booster Box Case,2162.82,3277.67,19,EUR,3900,2199.99,2199.99,,,3900,,,3000,3000,brilliant-stars-6-booster-box-case,https://www.tcggo.com/pokemon/brilliant-stars/brilliant-stars-6-booster-box-case,256145
2026-08-18T20:35:01+02:00,583508,172,186,BRS,Pokémon,pokemon,32,https://images.tcggo.com/tcggo/storage/4728/brilliant-stars-logo.png,Brilliant Stars,EUR,1066.42,EUR,1147.49,2022-02-25,,2,Sword & Shield,sword-shield,brilliant-stars,22773,https://images.tcggo.com/tcggo/storage/22768/brilliant-stars-build-battle-stadium-box.png,https://www.tcggo.com/external/cm/22773,https://www.tcggo.com/external/tcgplayer/22773,Brilliant Stars: Build & Battle Stadium Box,108.54,129.53,53,EUR,125,87.99,92,130,130,125,179.99,179.99,,,brilliant-stars-build-battle-stadium-box,https://www.tcggo.com/pokemon/brilliant-stars/brilliant-stars-build-battle-stadium-box,256139
2026-08-18T20:35:01+02:00,873118,172,186,BRS,Pokémon,pokemon,32,https://images.tcggo.com/tcggo/storage/4728/brilliant-stars-logo.png,Brilliant Stars,EUR,1066.42,EUR,1147.49,2022-02-25,,2,Sword & Shield,sword-shield,brilliant-stars,32252,https://images.tcggo.com/tcggo/storage/37651/brilliant-stars-10-elite-trainer-box-case.png,https://www.tcggo.com/external/cm/32252,https://www.tcggo.com/external/tcgplayer/32252,Brilliant Stars 10 Elite Trainer Box Case,1500,1500,4,EUR,,2000,2000,,,,,,,,brilliant-stars-10-elite-trainer-box-case,https://www.tcggo.com/pokemon/brilliant-stars/brilliant-stars-10-elite-trainer-box-case,264269
2026-08-18T20:35:01+02:00,574594,264,284,FST,Pokémon,pokemon,34,https://images.tcggo.com/tcggo/storage/4948/fusion-strike-logo.png,Fusion Strike,EUR,1605.7,EUR,2027.57,2021-11-12,,2,Sword & Shield,sword-shield,fusion-strike,20088,https://images.tcggo.com/tcggo/storage/20625/fusion-strike-pokemon-center-elite-trainer-box-fusion-strike-pokemon.png,https://www.tcggo.com/external/cm/20088,https://www.tcggo.com/external/tcgplayer/20088,Fusion Strike Pokémon Center Elite Trainer Box,461.93,587.85,24,EUR,525,,,,,525,,,,,fusion-strike-pokemon-center-elite-trainer-box,https://www.tcggo.com/pokemon/fusion-strike/fusion-strike-pokemon-center-elite-trainer-box,247673
2026-08-18T20:35:01+02:00,668176,264,284,FST,Pokémon,pokemon,34,https://images.tcggo.com/tcggo/storage/4948/fusion-strike-logo.png,Fusion Strike,EUR,1605.7,EUR,2027.57,2021-11-12,,2,Sword & Shield,sword-shield,fusion-strike,20745,https://images.tcggo.com/tcggo/storage/20874/fusion-strike-6-booster-box-case.png,https://www.tcggo.com/external/cm/20745,https://www.tcggo.com/external/tcgplayer/20745,Fusion Strike 6 Booster Box Case,2730.44,5728.28,19,EUR,5599.95,6400,6999,,,5599.95,,,8500,8500,fusion-strike-6-booster-box-case,https://www.tcggo.com/pokemon/fusion-strike/fusion-strike-6-booster-box-case,247655
2026-08-18T20:35:01+02:00,574592,264,284,FST,Pokémon,pokemon,34,https://images.tcggo.com/tcggo/storage/4948/fusion-strike-logo.png,Fusion Strike,EUR,1605.7,EUR,2027.57,2021-11-12,,2,Sword & Shield,sword-shield,fusion-strike,20748,https://images.tcggo.com/tcggo/storage/20875/fusion-strike-booster-box.png,https://www.tcggo.com/external/cm/20748,https://www.tcggo.com/external/tcgplayer/20748,Fusion Strike Booster Box,766.4,762.08,211,EUR,725,499,539,1000,1000,725,650,650,979.99,979.99,fusion-strike-booster-box,https://www.tcggo.com/pokemon/fusion-strike/fusion-strike-booster-box,247654
2026-08-18T20:35:01+02:00,584835,264,284,FST,Pokémon,pokemon,34,https://images.tcggo.com/tcggo/storage/4948/fusion-strike-logo.png,Fusion Strike,EUR,1605.7,EUR,2027.57,2021-11-12,,2,Sword & Shield,sword-shield,fusion-strike,20750,https://images.tcggo.com/tcggo/storage/20865/fusion-strike-booster-box-18-boosters.png,https://www.tcggo.com/external/cm/20750,,Fusion Strike Booster Box (18 Boosters),346.86,363,49,EUR,350,339.9,339.9,,,350,429,429,,,fusion-strike-booster-box-18-boosters,https://www.tcggo.com/pokemon/fusion-strike/fusion-strike-booster-box-18-boosters,
2026-08-18T20:35:01+02:00,574596,264,284,FST,Pokémon,pokemon,34,https://images.tcggo.com/tcggo/storage/4948/fusion-strike-logo.png,Fusion Strike,EUR,1605.7,EUR,2027.57,2021-11-12,,2,Sword & Shield,sword-shield,fusion-strike,22783,https://images.tcggo.com/tcggo/storage/22779/fusion-strike-build-battle-stadium-box.png,https://www.tcggo.com/external/cm/22783,https://www.tcggo.com/external/tcgplayer/22783,Fusion Strike: Build & Battle Stadium Box,128.21,219.97,7,EUR,228.95,,,,,249.99,,,,,fusion-strike-build-battle-stadium-box,https://www.tcggo.com/pokemon/fusion-strike/fusion-strike-build-battle-stadium-box,247666
2026-08-18T20:35:01+02:00,873117,264,284,FST,Pokémon,pokemon,34,https://images.tcggo.com/tcggo/storage/4948/fusion-strike-logo.png,Fusion Strike,EUR,1605.7,EUR,2027.57,2021-11-12,,2,Sword & Shield,sword-shield,fusion-strike,32253,https://images.tcggo.com/tcggo/storage/37648/fusion-strike-10-elite-trainer-box-case.png,https://www.tcggo.com/external/cm/32253,https://www.tcggo.com/external/tcgplayer/32253,Fusion Strike 10 Elite Trainer Box Case,,,3,EUR,4949.99,,,,,4949.99,,,,,fusion-strike-10-elite-trainer-box-case,https://www.tcggo.com/pokemon/fusion-strike/fusion-strike-10-elite-trainer-box-case,256271
2026-08-18T20:35:01+02:00,570896,25,25,CEL,Pokémon,pokemon,35,https://images.tcggo.com/tcggo/storage/5234/celebrations-logo.png,Celebrations,EUR,586.33,EUR,91.57,2021-10-08,,2,Sword & Shield,sword-shield,celebrations,20087,https://images.tcggo.com/tcggo/storage/20683/celebrations-pokemon-center-elite-trainer-box-celebrations-pokemon.png,https://www.tcggo.com/external/cm/20087,https://www.tcggo.com/external/tcgplayer/20087,Celebrations Pokémon Center Elite Trainer Box,495.74,518.12,46,EUR,490,,,,,490,,,,,celebrations-pokemon-center-elite-trainer-box,https://www.tcggo.com/pokemon/celebrations/celebrations-pokemon-center-elite-trainer-box,251199
2026-08-18T20:35:01+02:00,579844,25,25,CEL,Pokémon,pokemon,35,https://images.tcggo.com/tcggo/storage/5234/celebrations-logo.png,Celebrations,EUR,586.33,EUR,91.57,2021-10-08,,2,Sword & Shield,sword-shield,celebrations,20566,https://images.tcggo.com/tcggo/storage/20516/celebrations-mini-tins-8-tin-display-box-celebrations-pokemon.png,https://www.tcggo.com/external/cm/20566,https://www.tcggo.com/external/tcgplayer/20566,Celebrations Mini Tins: 8-Tin Display Box,411.08,504.11,77,EUR,430,450,450,1000,1000,430,780,780,800,800,celebrations-mini-tins-8-tin-display-box,https://www.tcggo.com/pokemon/celebrations/celebrations-mini-tins-8-tin-display-box,242812
2026-08-18T20:35:01+02:00,568796,203,237,EVS,Pokémon,pokemon,37,https://images.tcggo.com/tcggo/storage/5288/evolving-skies-logo.png,Evolving Skies,EUR,5583.78,EUR,7056.95,2021-08-27,,2,Sword & Shield,sword-shield,evolving-skies,20155,https://images.tcggo.com/tcggo/storage/20289/evolving-skies-pokemon-center-elite-trainer-box-fjul-evolving-skies-pokemon.png,https://www.tcggo.com/external/cm/20155,,Evolving Skies Pokémon Center Elite Trainer Box [FJUL],608.48,1148.57,11,EUR,1446.71,,,,,1650,,,,,evolving-skies-pokemon-center-elite-trainer-box-fjul,https://www.tcggo.com/pokemon/evolving-skies/evolving-skies-pokemon-center-elite-trainer-box-fjul,
2026-08-18T20:35:01+02:00,568797,203,237,EVS,Pokémon,pokemon,37,https://images.tcggo.com/tcggo/storage/5288/evolving-skies-logo.png,Evolving Skies,EUR,5583.78,EUR,7056.95,2021-08-27,,2,Sword & Shield,sword-shield,evolving-skies,20156,https://images.tcggo.com/tcggo/storage/20507/evolving-skies-pokemon-center-elite-trainer-box-gvse-evolving-skies-pokemon.png,https://www.tcggo.com/external/cm/20156,,Evolving Skies Pokémon Center Elite Trainer Box [GVSE],615.22,1254.5,15,EUR,1200,,,,,1200,,,,,evolving-skies-pokemon-center-elite-trainer-box-gvse,https://www.tcggo.com/pokemon/evolving-skies/evolving-skies-pokemon-center-elite-trainer-box-gvse,
2026-08-18T20:35:01+02:00,568765,203,237,EVS,Pokémon,pokemon,37,https://images.tcggo.com/tcggo/storage/5288/evolving-skies-logo.png,Evolving Skies,EUR,5583.78,EUR,7056.95,2021-08-27,,2,Sword & Shield,sword-shield,evolving-skies,20749,https://images.tcggo.com/tcggo/storage/20877/evolving-skies-booster-box.png,https://www.tcggo.com/external/cm/20749,https://www.tcggo.com/external/tcgplayer/20749,Evolving Skies Booster Box,1883.5,2419.69,255,EUR,1950,1280,1280,1049,1049,1950,1300,1300,1799,1799,evolving-skies-booster-box,https://www.tcggo.com/pokemon/evolving-skies/evolving-skies-booster-box,242436
2026-08-18T20:35:01+02:00,574435,203,237,EVS,Pokémon,pokemon,37,https://images.tcggo.com/tcggo/storage/5288/evolving-skies-logo.png,Evolving Skies,EUR,5583.78,EUR,7056.95,2021-08-27,,2,Sword & Shield,sword-shield,evolving-skies,20751,https://images.tcggo.com/tcggo/storage/20895/evolving-skies-booster-box-18-boosters.png,https://www.tcggo.com/external/cm/20751,https://www.tcggo.com/external/tcgplayer/20751,Evolving Skies Booster Box (18 Boosters),832.27,934.4,31,EUR,930,790,790,999,999,930,800,800,,,evolving-skies-booster-box-18-boosters,https://www.tcggo.com/pokemon/evolving-skies/evolving-skies-booster-box-18-boosters,641794
2026-08-18T20:35:01+02:00,668177,203,237,EVS,Pokémon,pokemon,37,https://images.tcggo.com/tcggo/storage/5288/evolving-skies-logo.png,Evolving Skies,EUR,5583.78,EUR,7056.95,2021-08-27,,2,Sword & Shield,sword-shield,evolving-skies,20752,https://images.tcggo.com/tcggo/storage/20878/evolving-skies-6-booster-box-case.png,https://www.tcggo.com/external/cm/20752,https://www.tcggo.com/external/tcgplayer/20752,Evolving Skies 6 Booster Box Case,6047.93,12749.78,18,EUR,14995,13999,13999,,,14995,19000,19000,,,evolving-skies-6-booster-box-case,https://www.tcggo.com/pokemon/evolving-skies/evolving-skies-6-booster-box-case,248124
2026-08-18T20:35:01+02:00,568808,203,237,EVS,Pokémon,pokemon,37,https://images.tcggo.com/tcggo/storage/5288/evolving-skies-logo.png,Evolving Skies,EUR,5583.78,EUR,7056.95,2021-08-27,,2,Sword & Shield,sword-shield,evolving-skies,22827,https://images.tcggo.com/tcggo/storage/22827/evolving-skies-build-battle-stadium-box.png,https://www.tcggo.com/external/cm/22827,https://www.tcggo.com/external/tcgplayer/22827,Evolving Skies Build & Battle Stadium Box,397.84,618.5,12,EUR,660,,,,,660,,,,,evolving-skies-build-battle-stadium-box,https://www.tcggo.com/pokemon/evolving-skies/evolving-skies-build-battle-stadium-box,243425
2026-08-18T20:35:01+02:00,873116,203,237,EVS,Pokémon,pokemon,37,https://images.tcggo.com/tcggo/storage/5288/evolving-skies-logo.png,Evolving Skies,EUR,5583.78,EUR,7056.95,2021-08-27,,2,Sword & Shield,sword-shield,evolving-skies,32254,https://images.tcggo.com/tcggo/storage/37647/evolving-skies-10-elite-trainer-box-case.png,https://www.tcggo.com/external/cm/32254,https://www.tcggo.com/external/tcgplayer/32254,Evolving Skies 10 Elite Trainer Box Case,,,6,EUR,6499,,,,,6499,,,,,evolving-skies-10-elite-trainer-box-case,https://www.tcggo.com/pokemon/evolving-skies/evolving-skies-10-elite-trainer-box-case,243722
2026-08-18T20:35:01+02:00,567355,198,233,CRE,Pokémon,pokemon,38,https://images.tcggo.com/tcggo/storage/5527/chilling-reign-logo.png,Chilling Reign,EUR,1280.04,EUR,1761.6,2021-06-18,,2,Sword & Shield,sword-shield,chilling-reign,20172,https://images.tcggo.com/tcggo/storage/20523/chilling-reign-pokemon-center-ice-rider-calyrex-elite-trainer-box-chilling-reign-pokemon.png,https://www.tcggo.com/external/cm/20172,,Chilling Reign: Pokémon Center Ice Rider Calyrex Elite Trainer Box,145.06,210,9,EUR,290,,,,,290,,,,,chilling-reign-pokemon-center-ice-rider-calyrex-elite-trainer-box,https://www.tcggo.com/pokemon/chilling-reign/chilling-reign-pokemon-center-ice-rider-calyrex-elite-trainer-box,
2026-08-18T20:35:01+02:00,567356,198,233,CRE,Pokémon,pokemon,38,https://images.tcggo.com/tcggo/storage/5527/chilling-reign-logo.png,Chilling Reign,EUR,1280.04,EUR,1761.6,2021-06-18,,2,Sword & Shield,sword-shield,chilling-reign,20185,https://images.tcggo.com/tcggo/storage/20217/chilling-reign-pokemon-center-shadow-rider-calyrex-elite-trainer-box-chilling-reign-pokemon.png,https://www.tcggo.com/external/cm/20185,,Chilling Reign: Pokémon Center Shadow Rider Calyrex Elite Trainer Box,141.73,229.27,10,EUR,275,,,,,275,,,,,chilling-reign-pokemon-center-shadow-rider-calyrex-elite-trainer-box,https://www.tcggo.com/pokemon/chilling-reign/chilling-reign-pokemon-center-shadow-rider-calyrex-elite-trainer-box,
2026-08-18T20:35:01+02:00,557968,198,233,CRE,Pokémon,pokemon,38,https://images.tcggo.com/tcggo/storage/5527/chilling-reign-logo.png,Chilling Reign,EUR,1280.04,EUR,1761.6,2021-06-18,,2,Sword & Shield,sword-shield,chilling-reign,20754,https://images.tcggo.com/tcggo/storage/20867/chilling-reign-booster-box.png,https://www.tcggo.com/external/cm/20754,https://www.tcggo.com/external/tcgplayer/20754,Chilling Reign Booster Box,380.65,362,206,EUR,372,299.99,299.99,300,300,372,449,449,900,900,chilling-reign-booster-box,https://www.tcggo.com/pokemon/chilling-reign/chilling-reign-booster-box,236258
2026-08-18T20:35:01+02:00,557985,198,233,CRE,Pokémon,pokemon,38,https://images.tcggo.com/tcggo/storage/5527/chilling-reign-logo.png,Chilling Reign,EUR,1280.04,EUR,1761.6,2021-06-18,,2,Sword & Shield,sword-shield,chilling-reign,20755,https://images.tcggo.com/tcggo/storage/20898/chilling-reign-booster-box-18-boosters.png,https://www.tcggo.com/external/cm/20755,,Chilling Reign Booster Box (18 Boosters),136.97,171.57,12,EUR,239,180,180,,,239,340,340,,,chilling-reign-booster-box-18-boosters,https://www.tcggo.com/pokemon/chilling-reign/chilling-reign-booster-box-18-boosters,
2026-08-18T20:35:01+02:00,668178,198,233,CRE,Pokémon,pokemon,38,https://images.tcggo.com/tcggo/storage/5527/chilling-reign-logo.png,Chilling Reign,EUR,1280.04,EUR,1761.6,2021-06-18,,2,Sword & Shield,sword-shield,chilling-reign,20756,https://images.tcggo.com/tcggo/storage/20882/chilling-reign-6-booster-box-case.png,https://www.tcggo.com/external/cm/20756,https://www.tcggo.com/external/tcgplayer/20756,Chilling Reign 6 Booster Box Case,1811.1,2911.12,12,EUR,3599.95,,,,,3599.95,,,,,chilling-reign-6-booster-box-case,https://www.tcggo.com/pokemon/chilling-reign/chilling-reign-6-booster-box-case,236259
2026-08-18T20:35:01+02:00,873115,198,233,CRE,Pokémon,pokemon,38,https://images.tcggo.com/tcggo/storage/5527/chilling-reign-logo.png,Chilling Reign,EUR,1280.04,EUR,1761.6,2021-06-18,,2,Sword & Shield,sword-shield,chilling-reign,32255,https://images.tcggo.com/tcggo/storage/37645/chilling-reign-10-elite-trainer-box-case.png,https://www.tcggo.com/external/cm/32255,https://www.tcggo.com/external/tcgplayer/32255,Chilling Reign 10 Elite Trainer Box Case,1283,1283,3,EUR,1398,,,,,1398,,,,,chilling-reign-10-elite-trainer-box-case,https://www.tcggo.com/pokemon/chilling-reign/chilling-reign-10-elite-trainer-box-case,236263
2026-08-18T20:35:01+02:00,527430,163,183,BST,Pokémon,pokemon,39,https://images.tcggo.com/tcggo/storage/5761/battle-styles-logo.png,Battle Styles,EUR,627.73,EUR,717.48,2021-03-19,,2,Sword & Shield,sword-shield,battle-styles,20758,https://images.tcggo.com/tcggo/storage/20868/battle-styles-booster-box.png,https://www.tcggo.com/external/cm/20758,https://www.tcggo.com/external/tcgplayer/20758,Battle Styles Booster Box,254.85,257.06,122,EUR,252.9,230,230,249.99,249.99,252.9,444,444,790,790,battle-styles-booster-box,https://www.tcggo.com/pokemon/battle-styles/battle-styles-booster-box,229277
2026-08-18T20:35:01+02:00,751687,163,183,BST,Pokémon,pokemon,39,https://images.tcggo.com/tcggo/storage/5761/battle-styles-logo.png,Battle Styles,EUR,627.73,EUR,717.48,2021-03-19,,2,Sword & Shield,sword-shield,battle-styles,20759,https://images.tcggo.com/tcggo/storage/20901/battle-styles-booster-box-18-boosters.png,https://www.tcggo.com/external/cm/20759,,Battle Styles Booster Box (18 Boosters),99.76,106.85,6,EUR,,115,115,120,120,,569,569,,,battle-styles-booster-box-18-boosters,https://www.tcggo.com/pokemon/battle-styles/battle-styles-booster-box-18-boosters,
2026-08-18T20:35:01+02:00,668179,163,183,BST,Pokémon,pokemon,39,https://images.tcggo.com/tcggo/storage/5761/battle-styles-logo.png,Battle Styles,EUR,627.73,EUR,717.48,2021-03-19,,2,Sword & Shield,sword-shield,battle-styles,20760,https://images.tcggo.com/tcggo/storage/20885/battle-styles-6-booster-box-case.png,https://www.tcggo.com/external/cm/20760,https://www.tcggo.com/external/tcgplayer/20760,Battle Styles 6 Booster Box Case,1022.59,1990.81,3,EUR,,1699,1699,,,,,,,,battle-styles-6-booster-box-case,https://www.tcggo.com/pokemon/battle-styles/battle-styles-6-booster-box-case,233335
2026-08-18T20:35:01+02:00,873114,163,183,BST,Pokémon,pokemon,39,https://images.tcggo.com/tcggo/storage/5761/battle-styles-logo.png,Battle Styles,EUR,627.73,EUR,717.48,2021-03-19,,2,Sword & Shield,sword-shield,battle-styles,32256,https://images.tcggo.com/tcggo/storage/37642/battle-styles-10-elite-trainer-box-case.png,https://www.tcggo.com/external/cm/32256,https://www.tcggo.com/external/tcgplayer/32256,Battle Styles 10 Elite Trainer Box Case,,,1,EUR,,,,,,,,,,,battle-styles-10-elite-trainer-box-case,https://www.tcggo.com/pokemon/battle-styles/battle-styles-10-elite-trainer-box-case,235284
2026-08-18T20:35:01+02:00,690877,72,73,SHF,Pokémon,pokemon,40,https://images.tcggo.com/tcggo/storage/5947/shining-fates-logo.png,Shining Fates,EUR,412.46,EUR,501,2021-02-19,,2,Sword & Shield,sword-shield,shining-fates,20187,https://images.tcggo.com/tcggo/storage/20310/shining-fates-10-elite-trainer-box-case-shining-fates-pokemon.png,https://www.tcggo.com/external/cm/20187,https://www.tcggo.com/external/tcgplayer/20187,Shining Fates 10 Elite Trainer Box Case,792.78,1132.7,6,EUR,1249.99,1500,1500,,,1249.99,,,,,shining-fates-10-elite-trainer-box-case,https://www.tcggo.com/pokemon/shining-fates/shining-fates-10-elite-trainer-box-case,266962
2026-08-18T20:35:01+02:00,494504,185,203,VIV,Pokémon,pokemon,43,https://images.tcggo.com/tcggo/storage/6173/vivid-voltage-logo.png,Vivid Voltage,EUR,413.99,EUR,501.39,2020-11-13,,2,Sword & Shield,sword-shield,vivid-voltage,20485,https://images.tcggo.com/tcggo/storage/20432/vivid-voltage-booster-box-18-boosters-vivid-voltage-pokemon.png,https://www.tcggo.com/external/cm/20485,,Vivid Voltage Booster Box (18 Boosters),116.19,134.71,31,EUR,250,135.55,135.55,,,250,549,549,,,vivid-voltage-booster-box-18-boosters,https://www.tcggo.com/pokemon/vivid-voltage/vivid-voltage-booster-box-18-boosters,
2026-08-18T20:35:01+02:00,494509,185,203,VIV,Pokémon,pokemon,43,https://images.tcggo.com/tcggo/storage/6173/vivid-voltage-logo.png,Vivid Voltage,EUR,413.99,EUR,501.39,2020-11-13,,2,Sword & Shield,sword-shield,vivid-voltage,20486,https://images.tcggo.com/tcggo/storage/20455/vivid-voltage-booster-box-vivid-voltage-pokemon.png,https://www.tcggo.com/external/cm/20486,https://www.tcggo.com/external/tcgplayer/20486,Vivid Voltage Booster Box,261.83,265.39,139,EUR,265,237,237,220,220,265,999,999,300,300,vivid-voltage-booster-box,https://www.tcggo.com/pokemon/vivid-voltage/vivid-voltage-booster-box,221313
2026-08-18T20:35:01+02:00,668180,185,203,VIV,Pokémon,pokemon,43,https://images.tcggo.com/tcggo/storage/6173/vivid-voltage-logo.png,Vivid Voltage,EUR,413.99,EUR,501.39,2020-11-13,,2,Sword & Shield,sword-shield,vivid-voltage,20487,https://images.tcggo.com/tcggo/storage/20209/vivid-voltage-6-booster-box-case-vivid-voltage-pokemon.png,https://www.tcggo.com/external/cm/20487,https://www.tcggo.com/external/tcgplayer/20487,Vivid Voltage 6 Booster Box Case,1477.31,1755.22,3,EUR,2700,,,,,2700,,,,,vivid-voltage-6-booster-box-case,https://www.tcggo.com/pokemon/vivid-voltage/vivid-voltage-6-booster-box-case,243051
2026-08-18T20:35:01+02:00,873113,185,203,VIV,Pokémon,pokemon,43,https://images.tcggo.com/tcggo/storage/6173/vivid-voltage-logo.png,Vivid Voltage,EUR,413.99,EUR,501.39,2020-11-13,,2,Sword & Shield,sword-shield,vivid-voltage,32257,https://images.tcggo.com/tcggo/storage/37638/vivid-voltage-10-elite-trainer-box-case.png,https://www.tcggo.com/external/cm/32257,https://www.tcggo.com/external/tcgplayer/32257,Vivid Voltage 10 Elite Trainer Box Case,1100,1100,,EUR,,,,,,,,,,,vivid-voltage-10-elite-trainer-box-case,https://www.tcggo.com/pokemon/vivid-voltage/vivid-voltage-10-elite-trainer-box-case,278642
2026-08-18T20:35:01+02:00,690876,73,80,CPA,Pokémon,pokemon,44,https://images.tcggo.com/tcggo/storage/6377/champions-path-logo.png,Champion's Path,EUR,384.23,EUR,511.4,2020-09-25,,2,Sword & Shield,sword-shield,champions-path,22818,https://images.tcggo.com/tcggo/storage/22818/champions-path-10-elite-trainer-box-case.png,https://www.tcggo.com/external/cm/22818,,Champion’s Path 10 Elite Trainer Box Case,1508.54,1392.71,1,EUR,15000,,,,,15000,,,,,champions-path-10-elite-trainer-box-case,https://www.tcggo.com/pokemon/champions-path/champions-path-10-elite-trainer-box-case,
2026-08-18T20:35:01+02:00,462234,189,201,DAA,Pokémon,pokemon,46,https://images.tcggo.com/tcggo/storage/6466/darkness-ablaze-logo.png,Darkness Ablaze,EUR,184.49,EUR,252.48,2020-08-14,,2,Sword & Shield,sword-shield,darkness-ablaze,20481,https://images.tcggo.com/tcggo/storage/20431/darkness-ablaze-booster-box-18-boosters-darkness-ablaze-pokemon.png,https://www.tcggo.com/external/cm/20481,,Darkness Ablaze Booster Box (18 Boosters),120.31,149.24,9,EUR,145,,,,,145,,,,,darkness-ablaze-booster-box-18-boosters,https://www.tcggo.com/pokemon/darkness-ablaze/darkness-ablaze-booster-box-18-boosters,
2026-08-18T20:35:01+02:00,794617,189,201,DAA,Pokémon,pokemon,46,https://images.tcggo.com/tcggo/storage/6466/darkness-ablaze-logo.png,Darkness Ablaze,EUR,184.49,EUR,252.48,2020-08-14,,2,Sword & Shield,sword-shield,darkness-ablaze,20482,https://images.tcggo.com/tcggo/storage/20452/darkness-ablaze-booster-box-darkness-ablaze-pokemon.png,https://www.tcggo.com/external/cm/20482,https://www.tcggo.com/external/tcgplayer/20482,Darkness Ablaze Booster Box,331.9,338.52,77,EUR,350,358.95,358.95,740,740,377.59,1800,1800,679.99,679.99,darkness-ablaze-booster-box,https://www.tcggo.com/pokemon/darkness-ablaze/darkness-ablaze-booster-box,216853
2026-08-18T20:35:01+02:00,668181,189,201,DAA,Pokémon,pokemon,46,https://images.tcggo.com/tcggo/storage/6466/darkness-ablaze-logo.png,Darkness Ablaze,EUR,184.49,EUR,252.48,2020-08-14,,2,Sword & Shield,sword-shield,darkness-ablaze,20483,https://images.tcggo.com/tcggo/storage/20207/darkness-ablaze-6-booster-box-case-darkness-ablaze-pokemon.png,https://www.tcggo.com/external/cm/20483,https://www.tcggo.com/external/tcgplayer/20483,Darkness Ablaze 6 Booster Box Case,2.46,2.76,5,EUR,5700,,,,,5700,,,,,darkness-ablaze-6-booster-box-case,https://www.tcggo.com/pokemon/darkness-ablaze/darkness-ablaze-6-booster-box-case,256971
2026-08-18T20:35:01+02:00,873112,189,201,DAA,Pokémon,pokemon,46,https://images.tcggo.com/tcggo/storage/6466/darkness-ablaze-logo.png,Darkness Ablaze,EUR,184.49,EUR,252.48,2020-08-14,,2,Sword & Shield,sword-shield,darkness-ablaze,32258,https://images.tcggo.com/tcggo/storage/37634/darkness-ablaze-10-elite-trainer-box-case.png,https://www.tcggo.com/external/cm/32258,https://www.tcggo.com/external/tcgplayer/32258,Darkness Ablaze 10 Elite Trainer Box Case,1350,1350,1,EUR,,,,,,,,,,,darkness-ablaze-10-elite-trainer-box-case,https://www.tcggo.com/pokemon/darkness-ablaze/darkness-ablaze-10-elite-trainer-box-case,266951
2026-08-18T20:35:01+02:00,453273,192,209,RCL,Pokémon,pokemon,47,https://images.tcggo.com/tcggo/storage/6669/rebel-clash-logo.png,Rebel Clash,EUR,352.17,EUR,492.96,2020-05-01,,2,Sword & Shield,sword-shield,rebel-clash,20477,https://images.tcggo.com/tcggo/storage/20428/rebel-clash-booster-box-rebel-clash-pokemon.png,https://www.tcggo.com/external/cm/20477,https://www.tcggo.com/external/tcgplayer/20477,Rebel Clash Booster Box,609.25,545.39,48,EUR,590,489,489,400,400,590,3300,3300,790,790,rebel-clash-booster-box,https://www.tcggo.com/pokemon/rebel-clash/rebel-clash-booster-box,210561
2026-08-18T20:35:01+02:00,459874,192,209,RCL,Pokémon,pokemon,47,https://images.tcggo.com/tcggo/storage/6669/rebel-clash-logo.png,Rebel Clash,EUR,352.17,EUR,492.96,2020-05-01,,2,Sword & Shield,sword-shield,rebel-clash,20478,https://images.tcggo.com/tcggo/storage/20451/rebel-clash-booster-box-18-boosters-rebel-clash-pokemon.png,https://www.tcggo.com/external/cm/20478,,Rebel Clash Booster Box (18 Boosters),151.33,224.31,62,EUR,255,219.99,219.99,89.9,89.9,285.5,215,215,,,rebel-clash-booster-box-18-boosters,https://www.tcggo.com/pokemon/rebel-clash/rebel-clash-booster-box-18-boosters,
2026-08-18T20:35:01+02:00,668182,192,209,RCL,Pokémon,pokemon,47,https://images.tcggo.com/tcggo/storage/6669/rebel-clash-logo.png,Rebel Clash,EUR,352.17,EUR,492.96,2020-05-01,,2,Sword & Shield,sword-shield,rebel-clash,20479,https://images.tcggo.com/tcggo/storage/20203/rebel-clash-6-booster-box-case-rebel-clash-pokemon.png,https://www.tcggo.com/external/cm/20479,https://www.tcggo.com/external/tcgplayer/20479,Rebel Clash 6 Booster Box Case,1586.75,1586.75,,EUR,,,,,,,,,,,rebel-clash-6-booster-box-case,https://www.tcggo.com/pokemon/rebel-clash/rebel-clash-6-booster-box-case,240182
2026-08-18T20:35:01+02:00,873111,192,209,RCL,Pokémon,pokemon,47,https://images.tcggo.com/tcggo/storage/6669/rebel-clash-logo.png,Rebel Clash,EUR,352.17,EUR,492.96,2020-05-01,,2,Sword & Shield,sword-shield,rebel-clash,32259,https://images.tcggo.com/tcggo/storage/37629/rebel-clash-10-elite-trainer-box-case.png,https://www.tcggo.com/external/cm/32259,,Rebel Clash 10 Elite Trainer Box Case,,,,EUR,,,,,,,,,,,rebel-clash-10-elite-trainer-box-case,https://www.tcggo.com/pokemon/rebel-clash/rebel-clash-10-elite-trainer-box-case,
2026-08-18T20:35:01+02:00,427146,202,216,SSH,Pokémon,pokemon,48,https://images.tcggo.com/tcggo/storage/6880/sword-shield-logo.png,Sword & Shield,EUR,429.55,EUR,519.51,2020-02-07,,2,Sword & Shield,sword-shield,sword-shield,22666,https://images.tcggo.com/tcggo/storage/22660/sword-amp-shield-booster-box.png,https://www.tcggo.com/external/cm/22666,https://www.tcggo.com/external/tcgplayer/22666,Sword & Shield Booster Box,497.81,527.55,60,EUR,709.9,325,325,380,380,709.9,1500,1500,700,700,sword-shield-booster-box,https://www.tcggo.com/pokemon/sword-shield/sword-shield-booster-box,206027
2026-08-18T20:35:01+02:00,439523,202,216,SSH,Pokémon,pokemon,48,https://images.tcggo.com/tcggo/storage/6880/sword-shield-logo.png,Sword & Shield,EUR,429.55,EUR,519.51,2020-02-07,,2,Sword & Shield,sword-shield,sword-shield,22667,https://images.tcggo.com/tcggo/storage/22661/sword-amp-shield-booster-box-18-boosters.png,https://www.tcggo.com/external/cm/22667,,Sword & Shield Booster Box (18 Boosters),132.98,213.74,16,EUR,285,185,185,199,199,285,375,375,,,sword-shield-booster-box-18-boosters,https://www.tcggo.com/pokemon/sword-shield/sword-shield-booster-box-18-boosters,
2026-08-18T20:35:01+02:00,668183,202,216,SSH,Pokémon,pokemon,48,https://images.tcggo.com/tcggo/storage/6880/sword-shield-logo.png,Sword & Shield,EUR,429.55,EUR,519.51,2020-02-07,,2,Sword & Shield,sword-shield,sword-shield,22668,https://images.tcggo.com/tcggo/storage/22662/sword-amp-shield-6-booster-box-case.png,https://www.tcggo.com/external/cm/22668,https://www.tcggo.com/external/tcgplayer/22668,Sword & Shield 6 Booster Box Case,127.5,127.5,1,EUR,,2999,2999,,,,,,,,sword-shield-6-booster-box-case,https://www.tcggo.com/pokemon/sword-shield/sword-shield-6-booster-box-case,530142
2026-08-18T20:35:01+02:00,873110,202,216,SSH,Pokémon,pokemon,48,https://images.tcggo.com/tcggo/storage/6880/sword-shield-logo.png,Sword & Shield,EUR,429.55,EUR,519.51,2020-02-07,,2,Sword & Shield,sword-shield,sword-shield,49285,https://images.tcggo.com/tcggo/storage/37625/sword-shield-10-elite-trainer-box-case.png,https://www.tcggo.com/external/cm/49285,,Sword & Shield 10 Elite Trainer Box Case,,,,EUR,,,,,,,,,,,sword-shield-10-elite-trainer-box-case,https://www.tcggo.com/pokemon/sword-shield/sword-shield-10-elite-trainer-box-case,
2026-08-18T20:35:01+02:00,398439,236,272,CEC,Pokémon,pokemon,50,https://images.tcggo.com/tcggo/storage/7403/cosmic-eclipse-logo.png,Cosmic Eclipse,EUR,4913.24,EUR,5614.24,2019-11-01,,4,Sun & Moon,sun-moon,cosmic-eclipse,20475,https://images.tcggo.com/tcggo/storage/20197/cosmic-eclipse-booster-box-cosmic-eclipse-pokemon.png,https://www.tcggo.com/external/cm/20475,https://www.tcggo.com/external/tcgplayer/20475,Cosmic Eclipse Booster Box,1857.46,3506.84,37,EUR,4400,2699,2699,2500,2500,4400,4800,4800,2999.9,2999.9,cosmic-eclipse-booster-box,https://www.tcggo.com/pokemon/cosmic-eclipse/cosmic-eclipse-booster-box,199261
2026-08-18T20:35:01+02:00,401709,236,272,CEC,Pokémon,pokemon,50,https://images.tcggo.com/tcggo/storage/7403/cosmic-eclipse-logo.png,Cosmic Eclipse,EUR,4913.24,EUR,5614.24,2019-11-01,,4,Sun & Moon,sun-moon,cosmic-eclipse,20476,https://images.tcggo.com/tcggo/storage/20604/cosmic-eclipse-booster-box-18-boosters-cosmic-eclipse-pokemon.png,https://www.tcggo.com/external/cm/20476,,Cosmic Eclipse Booster Box (18 Boosters),312.58,663.29,7,EUR,,1600,1600,500,500,,1400,1400,,,cosmic-eclipse-booster-box-18-boosters,https://www.tcggo.com/pokemon/cosmic-eclipse/cosmic-eclipse-booster-box-18-boosters,
2026-08-18T20:35:01+02:00,690875,68,69,HIF,Pokémon,pokemon,52,https://images.tcggo.com/tcggo/storage/7690/hidden-fates-logo.png,Hidden Fates,EUR,2109.51,EUR,2493.79,2019-08-23,,4,Sun & Moon,sun-moon,hidden-fates,20186,https://images.tcggo.com/tcggo/storage/20222/hidden-fates-10-elite-trainer-box-case-hidden-fates-pokemon.png,https://www.tcggo.com/external/cm/20186,https://www.tcggo.com/external/tcgplayer/20186,Hidden Fates 10 Elite Trainer Box Case,2964.88,3185.57,6,EUR,5999.99,8999.99,8999.99,,,5999.99,,,,,hidden-fates-10-elite-trainer-box-case,https://www.tcggo.com/pokemon/hidden-fates/hidden-fates-10-elite-trainer-box-case,648466
2026-08-18T20:35:01+02:00,377487,236,260,UNM,Pokémon,pokemon,54,https://images.tcggo.com/tcggo/storage/7857/unified-minds-logo.png,Unified Minds,EUR,3459.41,EUR,4077.74,2019-08-02,,4,Sun & Moon,sun-moon,unified-minds,20473,https://images.tcggo.com/tcggo/storage/20426/unified-minds-booster-box-unified-minds-pokemon.png,https://www.tcggo.com/external/cm/20473,https://www.tcggo.com/external/tcgplayer/20473,Unified Minds Booster Box,1684.67,2443.63,39,EUR,2799.99,2200,2200,,,2799.99,6900,6900,3750,3750,unified-minds-booster-box,https://www.tcggo.com/pokemon/unified-minds/unified-minds-booster-box,191882
2026-08-18T20:35:01+02:00,401704,236,260,UNM,Pokémon,pokemon,54,https://images.tcggo.com/tcggo/storage/7857/unified-minds-logo.png,Unified Minds,EUR,3459.41,EUR,4077.74,2019-08-02,,4,Sun & Moon,sun-moon,unified-minds,20474,https://images.tcggo.com/tcggo/storage/20450/unified-minds-booster-box-18-boosters-unified-minds-pokemon.png,https://www.tcggo.com/external/cm/20474,,Unified Minds Booster Box (18 Boosters),249.95,640,3,EUR,,2490,2490,,,,1940,1940,,,unified-minds-booster-box-18-boosters,https://www.tcggo.com/pokemon/unified-minds/unified-minds-booster-box-18-boosters,
2026-08-18T20:35:01+02:00,370620,214,234,UNB,Pokémon,pokemon,55,https://images.tcggo.com/tcggo/storage/8120/unbroken-bonds-logo.png,Unbroken Bonds,EUR,3205.23,EUR,3470.43,2019-05-03,,4,Sun & Moon,sun-moon,unbroken-bonds,20471,https://images.tcggo.com/tcggo/storage/20534/unbroken-bonds-booster-box-unbroken-bonds-pokemon.png,https://www.tcggo.com/external/cm/20471,https://www.tcggo.com/external/tcgplayer/20471,Unbroken Bonds Booster Box,12.46,9.58,808,EUR,,,,,,,,,,,unbroken-bonds-booster-box,https://www.tcggo.com/pokemon/unbroken-bonds/unbroken-bonds-booster-box,185717
2026-08-18T20:35:01+02:00,401699,214,234,UNB,Pokémon,pokemon,55,https://images.tcggo.com/tcggo/storage/8120/unbroken-bonds-logo.png,Unbroken Bonds,EUR,3205.23,EUR,3470.43,2019-05-03,,4,Sun & Moon,sun-moon,unbroken-bonds,20472,https://images.tcggo.com/tcggo/storage/20603/unbroken-bonds-booster-box-18-boosters-unbroken-bonds-pokemon.png,https://www.tcggo.com/external/cm/20472,,Unbroken Bonds Booster Box (18 Boosters),269.61,406.72,9,EUR,,869,869,,,,1800,1800,,,unbroken-bonds-booster-box-18-boosters,https://www.tcggo.com/pokemon/unbroken-bonds/unbroken-bonds-booster-box-18-boosters,
2026-08-18T20:35:01+02:00,366886,181,198,TEU,Pokémon,pokemon,57,https://images.tcggo.com/tcggo/storage/8379/team-up-logo.png,Team Up,EUR,10108.24,EUR,8688.15,2019-02-01,,4,Sun & Moon,sun-moon,team-up,20469,https://images.tcggo.com/tcggo/storage/20424/team-up-booster-box-team-up-pokemon.png,https://www.tcggo.com/external/cm/20469,https://www.tcggo.com/external/tcgplayer/20469,Team Up Booster Box,2438.44,4084.28,28,EUR,29000,8790,9950,1745,1745,29000,6500,6500,6300,6300,team-up-booster-box,https://www.tcggo.com/pokemon/team-up/team-up-booster-box,181698
2026-08-18T20:35:01+02:00,562367,181,198,TEU,Pokémon,pokemon,57,https://images.tcggo.com/tcggo/storage/8379/team-up-logo.png,Team Up,EUR,10108.24,EUR,8688.15,2019-02-01,,4,Sun & Moon,sun-moon,team-up,20470,https://images.tcggo.com/tcggo/storage/20448/team-up-booster-box-18-boosters-team-up-pokemon.png,https://www.tcggo.com/external/cm/20470,,Team Up Booster Box (18 Boosters),437.48,539.91,4,EUR,,3999.95,3999.95,,,,2200,2200,,,team-up-booster-box-18-boosters,https://www.tcggo.com/pokemon/team-up/team-up-booster-box-18-boosters,
2026-08-18T20:35:01+02:00,363267,214,240,LOT,Pokémon,pokemon,58,https://images.tcggo.com/tcggo/storage/8578/lost-thunder-logo.png,Lost Thunder,EUR,2254.36,EUR,2468.11,2018-11-02,,4,Sun & Moon,sun-moon,lost-thunder,20467,https://images.tcggo.com/tcggo/storage/20532/lost-thunder-booster-box-lost-thunder-pokemon.png,https://www.tcggo.com/external/cm/20467,https://www.tcggo.com/external/tcgplayer/20467,Lost Thunder Booster Box,773.92,1326.66,15,EUR,3000,1100,1100,1400,1400,3000,3600,3600,,,lost-thunder-booster-box,https://www.tcggo.com/pokemon/lost-thunder/lost-thunder-booster-box,175509
2026-08-18T20:35:01+02:00,401694,214,240,LOT,Pokémon,pokemon,58,https://images.tcggo.com/tcggo/storage/8578/lost-thunder-logo.png,Lost Thunder,EUR,2254.36,EUR,2468.11,2018-11-02,,4,Sun & Moon,sun-moon,lost-thunder,20468,https://images.tcggo.com/tcggo/storage/20602/lost-thunder-booster-box-18-boosters-lost-thunder-pokemon.png,https://www.tcggo.com/external/cm/20468,,Lost Thunder Booster Box (18 Boosters),300.07,500.57,2,EUR,,,,,,,1250,1250,,,lost-thunder-booster-box-18-boosters,https://www.tcggo.com/pokemon/lost-thunder/lost-thunder-booster-box-18-boosters,
2026-08-18T20:35:01+02:00,552164,70,80,DRM,Pokémon,pokemon,60,https://images.tcggo.com/tcggo/storage/8822/dragon-majesty-logo.png,Dragon Majesty,EUR,640.97,EUR,605.23,2018-09-07,,4,Sun & Moon,sun-moon,dragon-majesty,22825,https://images.tcggo.com/tcggo/storage/22825/dragon-majesty-super-premium-collection-box.png,https://www.tcggo.com/external/cm/22825,https://www.tcggo.com/external/tcgplayer/22825,Dragon Majesty Super Premium Collection Box,628.97,628.97,2,EUR,2200,,,,,2200,,,,,dragon-majesty-super-premium-collection-box,https://www.tcggo.com/pokemon/dragon-majesty/dragon-majesty-super-premium-collection-box,175560
2026-08-18T20:35:01+02:00,361535,70,80,DRM,Pokémon,pokemon,60,https://images.tcggo.com/tcggo/storage/8822/dragon-majesty-logo.png,Dragon Majesty,EUR,640.97,EUR,605.23,2018-09-07,,4,Sun & Moon,sun-moon,dragon-majesty,48784,https://images.tcggo.com/tcggo/storage/37127/dragon-majesty-ultra-necrozma-gx-box.png,https://www.tcggo.com/external/cm/48784,,Dragon Majesty: Ultra Necrozma GX Box,65.52,134.56,7,EUR,2499.99,340,340,600,600,2499.99,,,,,dragon-majesty-ultra-necrozma-gx-box,https://www.tcggo.com/pokemon/dragon-majesty/dragon-majesty-ultra-necrozma-gx-box,
2026-08-18T20:35:01+02:00,357063,168,187,CES,Pokémon,pokemon,61,https://images.tcggo.com/tcggo/storage/8904/celestial-storm-logo.png,Celestial Storm,EUR,1327.94,EUR,1675.05,2018-08-03,,4,Sun & Moon,sun-moon,celestial-storm,20465,https://images.tcggo.com/tcggo/storage/20422/celestial-storm-booster-box-celestial-storm-pokemon.png,https://www.tcggo.com/external/cm/20465,https://www.tcggo.com/external/tcgplayer/20465,Celestial Storm Booster Box,1100.98,1481,33,EUR,2299.95,1947.99,1947.99,600,600,2299.95,7500,7500,,,celestial-storm-booster-box,https://www.tcggo.com/pokemon/celestial-storm/celestial-storm-booster-box,170273
2026-08-18T20:35:01+02:00,401689,168,187,CES,Pokémon,pokemon,61,https://images.tcggo.com/tcggo/storage/8904/celestial-storm-logo.png,Celestial Storm,EUR,1327.94,EUR,1675.05,2018-08-03,,4,Sun & Moon,sun-moon,celestial-storm,20466,https://images.tcggo.com/tcggo/storage/20449/celestial-storm-booster-box-18-boosters-celestial-storm-pokemon.png,https://www.tcggo.com/external/cm/20466,,Celestial Storm Booster Box (18 Boosters),203.29,350.14,5,EUR,,,,,,,2100,2100,,,celestial-storm-booster-box-18-boosters,https://www.tcggo.com/pokemon/celestial-storm/celestial-storm-booster-box-18-boosters,
2026-08-18T20:35:01+02:00,316135,131,150,FLI,Pokémon,pokemon,62,https://images.tcggo.com/tcggo/storage/9091/forbidden-light-logo.png,Forbidden Light,EUR,1070.91,EUR,1188.9,2018-05-04,,4,Sun & Moon,sun-moon,forbidden-light,20463,https://images.tcggo.com/tcggo/storage/20530/forbidden-light-booster-box-forbidden-light-pokemon.png,https://www.tcggo.com/external/cm/20463,https://www.tcggo.com/external/tcgplayer/20463,Forbidden Light Booster Box,1001.43,2148.99,16,EUR,1749.99,1270,1270,5000,5000,1749.99,1999,1999,,,forbidden-light-booster-box,https://www.tcggo.com/pokemon/forbidden-light/forbidden-light-booster-box,164296
2026-08-18T20:35:01+02:00,401684,131,150,FLI,Pokémon,pokemon,62,https://images.tcggo.com/tcggo/storage/9091/forbidden-light-logo.png,Forbidden Light,EUR,1070.91,EUR,1188.9,2018-05-04,,4,Sun & Moon,sun-moon,forbidden-light,20464,https://images.tcggo.com/tcggo/storage/20601/forbidden-light-booster-box-18-boosters-forbidden-light-pokemon.png,https://www.tcggo.com/external/cm/20464,,Forbidden Light Booster Box (18 Boosters),184.65,334.95,4,EUR,,395,395,,,,,,,,forbidden-light-booster-box-18-boosters,https://www.tcggo.com/pokemon/forbidden-light/forbidden-light-booster-box-18-boosters,
2026-08-18T20:35:01+02:00,315121,156,178,UPR,Pokémon,pokemon,63,https://images.tcggo.com/tcggo/storage/9243/ultra-prism-logo.png,Ultra Prism,EUR,1865.57,EUR,1964.27,2018-02-02,,4,Sun & Moon,sun-moon,ultra-prism,20461,https://images.tcggo.com/tcggo/storage/20420/ultra-prism-booster-box-ultra-prism-pokemon.png,https://www.tcggo.com/external/cm/20461,https://www.tcggo.com/external/tcgplayer/20461,Ultra Prism Booster Box,1029.24,1883.89,25,EUR,1600,1400,1400,1000,1000,1600,1099,1099,3499.9,3499.9,ultra-prism-booster-box,https://www.tcggo.com/pokemon/ultra-prism/ultra-prism-booster-box,155661
2026-08-18T20:35:01+02:00,401679,156,178,UPR,Pokémon,pokemon,63,https://images.tcggo.com/tcggo/storage/9243/ultra-prism-logo.png,Ultra Prism,EUR,1865.57,EUR,1964.27,2018-02-02,,4,Sun & Moon,sun-moon,ultra-prism,20462,https://images.tcggo.com/tcggo/storage/20447/ultra-prism-booster-box-18-boosters-ultra-prism-pokemon.png,https://www.tcggo.com/external/cm/20462,,Ultra Prism Booster Box (18 Boosters),89.31,120.6,2,EUR,,679,679,,,,,,,,ultra-prism-booster-box-18-boosters,https://www.tcggo.com/pokemon/ultra-prism/ultra-prism-booster-box-18-boosters,
2026-08-18T20:35:01+02:00,301169,111,126,CIN,Pokémon,pokemon,65,https://images.tcggo.com/tcggo/storage/9425/crimson-invasion-logo.png,Crimson Invasion,EUR,396.17,EUR,462.11,2017-11-03,,4,Sun & Moon,sun-moon,crimson-invasion,20459,https://images.tcggo.com/tcggo/storage/20528/crimson-invasion-booster-box-crimson-invasion-pokemon.png,https://www.tcggo.com/external/cm/20459,https://www.tcggo.com/external/tcgplayer/20459,Crimson Invasion Booster Box,507.67,595.4,58,EUR,500,480,520,349.99,349.99,500,749.99,749.99,3800,3800,crimson-invasion-booster-box,https://www.tcggo.com/pokemon/crimson-invasion/crimson-invasion-booster-box,146995
2026-08-18T20:35:01+02:00,401674,111,126,CIN,Pokémon,pokemon,65,https://images.tcggo.com/tcggo/storage/9425/crimson-invasion-logo.png,Crimson Invasion,EUR,396.17,EUR,462.11,2017-11-03,,4,Sun & Moon,sun-moon,crimson-invasion,20460,https://images.tcggo.com/tcggo/storage/20600/crimson-invasion-booster-box-18-boosters-crimson-invasion-pokemon.png,https://www.tcggo.com/external/cm/20460,,Crimson Invasion Booster Box (18 Boosters),100.2,189.33,6,EUR,,,,,,,,,,,crimson-invasion-booster-box-18-boosters,https://www.tcggo.com/pokemon/crimson-invasion/crimson-invasion-booster-box-18-boosters,
2026-08-18T20:35:01+02:00,298776,147,177,BUS,Pokémon,pokemon,67,https://images.tcggo.com/tcggo/storage/9636/burning-shadows-logo.png,Burning Shadows,EUR,1261.32,EUR,1403.7,2017-08-05,,4,Sun & Moon,sun-moon,burning-shadows,20457,https://images.tcggo.com/tcggo/storage/20419/burning-shadows-booster-box-burning-shadows-pokemon.png,https://www.tcggo.com/external/cm/20457,https://www.tcggo.com/external/tcgplayer/20457,Burning Shadows Booster Box,746.33,564.16,50,EUR,750,509.99,520,,,750,850,850,,,burning-shadows-booster-box,https://www.tcggo.com/pokemon/burning-shadows/burning-shadows-booster-box,133773
2026-08-18T20:35:01+02:00,401669,147,177,BUS,Pokémon,pokemon,67,https://images.tcggo.com/tcggo/storage/9636/burning-shadows-logo.png,Burning Shadows,EUR,1261.32,EUR,1403.7,2017-08-05,,4,Sun & Moon,sun-moon,burning-shadows,20458,https://images.tcggo.com/tcggo/storage/20445/burning-shadows-booster-box-18-boosters-burning-shadows-pokemon.png,https://www.tcggo.com/external/cm/20458,,Burning Shadows Booster Box (18 Boosters),129.49,170.68,2,EUR,,500,500,,,,,,,,burning-shadows-booster-box-18-boosters,https://www.tcggo.com/pokemon/burning-shadows/burning-shadows-booster-box-18-boosters,
2026-08-18T20:35:01+02:00,296850,145,180,GRI,Pokémon,pokemon,68,https://images.tcggo.com/tcggo/storage/9815/guardians-rising-logo.png,Guardians Rising,EUR,620.08,EUR,932.72,2017-05-05,,4,Sun & Moon,sun-moon,guardians-rising,20290,https://images.tcggo.com/tcggo/storage/20299/guardians-rising-booster-box-guardians-rising-pokemon.png,https://www.tcggo.com/external/cm/20290,https://www.tcggo.com/external/tcgplayer/20290,Guardians Rising Booster Box,547.34,917.37,38,EUR,1250,785,785,,,1349.99,750,750,1090,1090,guardians-rising-booster-box,https://www.tcggo.com/pokemon/guardians-rising/guardians-rising-booster-box,129888
2026-08-18T20:35:01+02:00,401664,145,180,GRI,Pokémon,pokemon,68,https://images.tcggo.com/tcggo/storage/9815/guardians-rising-logo.png,Guardians Rising,EUR,620.08,EUR,932.72,2017-05-05,,4,Sun & Moon,sun-moon,guardians-rising,20291,https://images.tcggo.com/tcggo/storage/20393/guardians-rising-booster-box-18-boosters-guardians-rising-pokemon.png,https://www.tcggo.com/external/cm/20291,,Guardians Rising Booster Box (18 Boosters),67.49,79.27,7,EUR,,399.99,399.99,129,129,,,,,,guardians-rising-booster-box-18-boosters,https://www.tcggo.com/pokemon/guardians-rising/guardians-rising-booster-box-18-boosters,
2026-08-18T20:35:01+02:00,401659,149,173,SUM,Pokémon,pokemon,69,https://images.tcggo.com/tcggo/storage/9996/sun-moon-logo.png,Sun & Moon,EUR,475.84,EUR,603.03,2017-02-03,,4,Sun & Moon,sun-moon,sun-moon,22805,https://images.tcggo.com/tcggo/storage/22802/sun-moon-booster-box-18-boosters.png,https://www.tcggo.com/external/cm/22805,,Sun & Moon Booster Box (18 Boosters),74.63,89.76,7,EUR,,,,190,190,,,,,,sun-moon-booster-box-18-boosters,https://www.tcggo.com/pokemon/sun-moon/sun-moon-booster-box-18-boosters,
2026-08-18T20:35:01+02:00,294124,149,173,SUM,Pokémon,pokemon,69,https://images.tcggo.com/tcggo/storage/9996/sun-moon-logo.png,Sun & Moon,EUR,475.84,EUR,603.03,2017-02-03,,4,Sun & Moon,sun-moon,sun-moon,22806,https://images.tcggo.com/tcggo/storage/22803/sun-moon-booster-box.png,https://www.tcggo.com/external/cm/22806,https://www.tcggo.com/external/tcgplayer/22806,Sun & Moon Booster Box,698.68,870.43,29,EUR,925,999.9,999.9,,,925,950,950,4500,4500,sun-moon-booster-box,https://www.tcggo.com/pokemon/sun-moon/sun-moon-booster-box,126048
2026-08-18T20:35:01+02:00,653288,149,173,SUM,Pokémon,pokemon,69,https://images.tcggo.com/tcggo/storage/9996/sun-moon-logo.png,Sun & Moon,EUR,475.84,EUR,603.03,2017-02-03,,4,Sun & Moon,sun-moon,sun-moon,48749,https://images.tcggo.com/tcggo/storage/37092/incineroar-gx-challenge-box.png,https://www.tcggo.com/external/cm/48749,https://www.tcggo.com/external/tcgplayer/48749,Incineroar GX Challenge Box,42,42,,EUR,119,,,,,119,,,,,incineroar-gx-challenge-box,https://www.tcggo.com/pokemon/sun-moon/incineroar-gx-challenge-box,209655
2026-08-18T20:35:01+02:00,653289,149,173,SUM,Pokémon,pokemon,69,https://images.tcggo.com/tcggo/storage/9996/sun-moon-logo.png,Sun & Moon,EUR,475.84,EUR,603.03,2017-02-03,,4,Sun & Moon,sun-moon,sun-moon,48750,https://images.tcggo.com/tcggo/storage/37093/primarina-gx-challenge-box.png,https://www.tcggo.com/external/cm/48750,https://www.tcggo.com/external/tcgplayer/48750,Primarina GX Challenge Box,66.98,66.98,,EUR,,,,,,,,,,,primarina-gx-challenge-box,https://www.tcggo.com/pokemon/sun-moon/primarina-gx-challenge-box,656924
2026-08-18T20:35:01+02:00,653287,149,173,SUM,Pokémon,pokemon,69,https://images.tcggo.com/tcggo/storage/9996/sun-moon-logo.png,Sun & Moon,EUR,475.84,EUR,603.03,2017-02-03,,4,Sun & Moon,sun-moon,sun-moon,48751,https://images.tcggo.com/tcggo/storage/37094/decidueye-gx-challenge-box.png,https://www.tcggo.com/external/cm/48751,https://www.tcggo.com/external/tcgplayer/48751,Decidueye GX Challenge Box,54.95,54.95,1,EUR,175,,,,,175,,,,,decidueye-gx-challenge-box,https://www.tcggo.com/pokemon/sun-moon/decidueye-gx-challenge-box,230425
2026-08-18T20:35:01+02:00,293332,108,113,EVO,Pokémon,pokemon,71,https://images.tcggo.com/tcggo/storage/10425/evolutions-logo.png,Evolutions,EUR,580.24,EUR,758.29,2016-11-02,,5,XY,xy,evolutions,20288,https://images.tcggo.com/tcggo/storage/20558/evolutions-booster-box-evolutions-pokemon.png,https://www.tcggo.com/external/cm/20288,https://www.tcggo.com/external/tcgplayer/20288,Evolutions Booster Box,2282.46,2144.11,54,EUR,2199.99,4800,4800,,,2199.99,9000,9000,,,evolutions-booster-box,https://www.tcggo.com/pokemon/evolutions/evolutions-booster-box,123446
2026-08-18T20:35:01+02:00,562368,108,113,EVO,Pokémon,pokemon,71,https://images.tcggo.com/tcggo/storage/10425/evolutions-logo.png,Evolutions,EUR,580.24,EUR,758.29,2016-11-02,,5,XY,xy,evolutions,20289,https://images.tcggo.com/tcggo/storage/20291/evolutions-booster-box-18-boosters-evolutions-pokemon.png,https://www.tcggo.com/external/cm/20289,,Evolutions Booster Box (18 Boosters),350,350,1,EUR,,2200,2200,,,,,,,,evolutions-booster-box-18-boosters,https://www.tcggo.com/pokemon/evolutions/evolutions-booster-box-18-boosters,
2026-08-18T20:35:01+02:00,691585,108,113,EVO,Pokémon,pokemon,71,https://images.tcggo.com/tcggo/storage/10425/evolutions-logo.png,Evolutions,EUR,580.24,EUR,758.29,2016-11-02,,5,XY,xy,evolutions,48742,https://images.tcggo.com/tcggo/storage/37085/evolutions-mewtwo-ex-challenge-box.png,https://www.tcggo.com/external/cm/48742,,Evolutions: Mewtwo EX Challenge Box,232.5,232.5,,EUR,,,,,,,,,,,evolutions-mewtwo-ex-challenge-box,https://www.tcggo.com/pokemon/evolutions/evolutions-mewtwo-ex-challenge-box,
2026-08-18T20:35:01+02:00,691584,108,113,EVO,Pokémon,pokemon,71,https://images.tcggo.com/tcggo/storage/10425/evolutions-logo.png,Evolutions,EUR,580.24,EUR,758.29,2016-11-02,,5,XY,xy,evolutions,48743,https://images.tcggo.com/tcggo/storage/37086/evolutions-pikachu-ex-challenge-box.png,https://www.tcggo.com/external/cm/48743,,Evolutions: Pikachu EX Challenge Box,137.5,137.5,,EUR,,,,,,,,,,,evolutions-pikachu-ex-challenge-box,https://www.tcggo.com/pokemon/evolutions/evolutions-pikachu-ex-challenge-box,
2026-08-18T20:35:01+02:00,290088,114,116,STS,Pokémon,pokemon,73,https://images.tcggo.com/tcggo/storage/10554/steam-siege-logo.png,Steam Siege,EUR,398.47,EUR,401.2,2016-08-03,,5,XY,xy,steam-siege,20286,https://images.tcggo.com/tcggo/storage/20296/steam-siege-booster-box-steam-siege-pokemon.png,https://www.tcggo.com/external/cm/20286,https://www.tcggo.com/external/tcgplayer/20286,Steam Siege Booster Box,852.09,1405.71,7,EUR,1795,1699,1699,,,1795,1950,1950,,,steam-siege-booster-box,https://www.tcggo.com/pokemon/steam-siege/steam-siege-booster-box,120076
2026-08-18T20:35:01+02:00,562369,114,116,STS,Pokémon,pokemon,73,https://images.tcggo.com/tcggo/storage/10554/steam-siege-logo.png,Steam Siege,EUR,398.47,EUR,401.2,2016-08-03,,5,XY,xy,steam-siege,20287,https://images.tcggo.com/tcggo/storage/20390/steam-siege-booster-box-18-boosters-steam-siege-pokemon.png,https://www.tcggo.com/external/cm/20287,,Steam Siege Booster Box (18 Boosters),,,,EUR,,,,,,,,,,,steam-siege-booster-box-18-boosters,https://www.tcggo.com/pokemon/steam-siege/steam-siege-booster-box-18-boosters,
2026-08-18T20:35:01+02:00,289045,124,129,FCO,Pokémon,pokemon,74,https://images.tcggo.com/tcggo/storage/10672/fates-collide-logo.png,Fates Collide,EUR,1123.12,EUR,812.42,2016-05-02,,5,XY,xy,fates-collide,20284,https://images.tcggo.com/tcggo/storage/20557/fates-collide-booster-box-fates-collide-pokemon.png,https://www.tcggo.com/external/cm/20284,https://www.tcggo.com/external/tcgplayer/20284,Fates Collide Booster Box,1397.05,2221.43,4,EUR,2600,,,,,2600,,,,,fates-collide-booster-box,https://www.tcggo.com/pokemon/fates-collide/fates-collide-booster-box,117478
2026-08-18T20:35:01+02:00,562370,124,129,FCO,Pokémon,pokemon,74,https://images.tcggo.com/tcggo/storage/10672/fates-collide-logo.png,Fates Collide,EUR,1123.12,EUR,812.42,2016-05-02,,5,XY,xy,fates-collide,20285,https://images.tcggo.com/tcggo/storage/20288/fates-collide-booster-box-18-boosters-fates-collide-pokemon.png,https://www.tcggo.com/external/cm/20285,,Fates Collide Booster Box (18 Boosters),383.33,383.33,1,EUR,,,,5000,5000,,,,,,fates-collide-booster-box-18-boosters,https://www.tcggo.com/pokemon/fates-collide/fates-collide-booster-box-18-boosters,
2026-08-18T20:35:01+02:00,289036,124,129,FCO,Pokémon,pokemon,74,https://images.tcggo.com/tcggo/storage/10672/fates-collide-logo.png,Fates Collide,EUR,1123.12,EUR,812.42,2016-05-02,,5,XY,xy,fates-collide,22828,https://images.tcggo.com/tcggo/storage/22828/fates-collide-zygarde-ex-box.png,https://www.tcggo.com/external/cm/22828,,Fates Collide: Zygarde EX Box,46.15,98.06,1,EUR,,329.49,329.49,,,,,,,,fates-collide-zygarde-ex-box,https://www.tcggo.com/pokemon/fates-collide/fates-collide-zygarde-ex-box,
2026-08-18T20:35:01+02:00,287244,122,126,BKP,Pokémon,pokemon,76,https://images.tcggo.com/tcggo/storage/10923/breakpoint-logo.png,BREAKpoint,EUR,1013.34,EUR,1003.9,2016-02-03,,5,XY,xy,breakpoint,20282,https://images.tcggo.com/tcggo/storage/20292/breakpoint-booster-box-breakpoint-pokemon.png,https://www.tcggo.com/external/cm/20282,https://www.tcggo.com/external/tcgplayer/20282,BREAKpoint Booster Box,1905.41,2864.29,5,EUR,4000,,,,,4000,2600,2600,,,breakpoint-booster-box,https://www.tcggo.com/pokemon/breakpoint/breakpoint-booster-box,111278
2026-08-18T20:35:01+02:00,562371,122,126,BKP,Pokémon,pokemon,76,https://images.tcggo.com/tcggo/storage/10923/breakpoint-logo.png,BREAKpoint,EUR,1013.34,EUR,1003.9,2016-02-03,,5,XY,xy,breakpoint,20283,https://images.tcggo.com/tcggo/storage/20384/breakpoint-booster-box-18-boosters-breakpoint-pokemon.png,https://www.tcggo.com/external/cm/20283,,BREAKpoint Booster Box (18 Boosters),250,250,1,EUR,,,,550,550,,,,,,breakpoint-booster-box-18-boosters,https://www.tcggo.com/pokemon/breakpoint/breakpoint-booster-box-18-boosters,
2026-08-18T20:35:01+02:00,285575,162,165,BKT,Pokémon,pokemon,78,https://images.tcggo.com/tcggo/storage/11052/breakthrough-logo.png,BREAKthrough,EUR,1179.07,EUR,1277.9,2015-11-04,,5,XY,xy,breakthrough,20280,https://images.tcggo.com/tcggo/storage/20556/breakthrough-booster-box-breakthrough-pokemon.png,https://www.tcggo.com/external/cm/20280,https://www.tcggo.com/external/tcgplayer/20280,BREAKthrough Booster Box,51.01,66.19,82,EUR,,,,,,,,,,,breakthrough-booster-box,https://www.tcggo.com/pokemon/breakthrough/breakthrough-booster-box,107101
2026-08-18T20:35:01+02:00,562372,162,165,BKT,Pokémon,pokemon,78,https://images.tcggo.com/tcggo/storage/11052/breakthrough-logo.png,BREAKthrough,EUR,1179.07,EUR,1277.9,2015-11-04,,5,XY,xy,breakthrough,20281,https://images.tcggo.com/tcggo/storage/20285/breakthrough-booster-box-18-boosters-breakthrough-pokemon.png,https://www.tcggo.com/external/cm/20281,,BREAKthrough Booster Box (18 Boosters),346.63,346.63,2,EUR,,,,490,490,,,,,,breakthrough-booster-box-18-boosters,https://www.tcggo.com/pokemon/breakthrough/breakthrough-booster-box-18-boosters,
2026-08-18T20:35:01+02:00,283943,98,100,AOR,Pokémon,pokemon,79,https://images.tcggo.com/tcggo/storage/11219/ancient-origins-logo.png,Ancient Origins,EUR,3065.81,EUR,2787.52,2015-08-12,,5,XY,xy,ancient-origins,20278,https://images.tcggo.com/tcggo/storage/20290/ancient-origins-booster-box-ancient-origins-pokemon.png,https://www.tcggo.com/external/cm/20278,https://www.tcggo.com/external/tcgplayer/20278,Ancient Origins Booster Box,2115.54,3141.25,8,EUR,7495,,,,,7495,9000,9000,,,ancient-origins-booster-box,https://www.tcggo.com/pokemon/ancient-origins/ancient-origins-booster-box,100489
2026-08-18T20:35:01+02:00,562373,98,100,AOR,Pokémon,pokemon,79,https://images.tcggo.com/tcggo/storage/11219/ancient-origins-logo.png,Ancient Origins,EUR,3065.81,EUR,2787.52,2015-08-12,,5,XY,xy,ancient-origins,20279,https://images.tcggo.com/tcggo/storage/20378/ancient-origins-booster-box-18-boosters-ancient-origins-pokemon.png,https://www.tcggo.com/external/cm/20279,,Ancient Origins Booster Box (18 Boosters),369,369,,EUR,,,,,,,,,,,ancient-origins-booster-box-18-boosters,https://www.tcggo.com/pokemon/ancient-origins/ancient-origins-booster-box-18-boosters,
2026-08-18T20:35:01+02:00,282788,108,112,ROS,Pokémon,pokemon,80,https://images.tcggo.com/tcggo/storage/11322/roaring-skies-logo.png,Roaring Skies,EUR,1729.24,EUR,1361.17,2015-05-06,,5,XY,xy,roaring-skies,20276,https://images.tcggo.com/tcggo/storage/20555/roaring-skies-booster-box-roaring-skies-pokemon.png,https://www.tcggo.com/external/cm/20276,https://www.tcggo.com/external/tcgplayer/20276,Roaring Skies Booster Box,1893.5,3309.29,18,EUR,4199.99,,,,,4199.99,,,6500,6500,roaring-skies-booster-box,https://www.tcggo.com/pokemon/roaring-skies/roaring-skies-booster-box,98026
2026-08-18T20:35:01+02:00,562374,108,112,ROS,Pokémon,pokemon,80,https://images.tcggo.com/tcggo/storage/11322/roaring-skies-logo.png,Roaring Skies,EUR,1729.24,EUR,1361.17,2015-05-06,,5,XY,xy,roaring-skies,20277,https://images.tcggo.com/tcggo/storage/20282/roaring-skies-booster-box-18-boosters-roaring-skies-pokemon.png,https://www.tcggo.com/external/cm/20277,,Roaring Skies Booster Box (18 Boosters),,,,EUR,,,,,,,,,,,roaring-skies-booster-box-18-boosters,https://www.tcggo.com/pokemon/roaring-skies/roaring-skies-booster-box-18-boosters,
2026-08-18T20:35:01+02:00,271945,160,164,PRC,Pokémon,pokemon,82,https://images.tcggo.com/tcggo/storage/11472/primal-clash-logo.png,Primal Clash,EUR,2174.37,EUR,1696.13,2015-02-04,,5,XY,xy,primal-clash,20274,https://images.tcggo.com/tcggo/storage/20287/primal-clash-booster-box-primal-clash-pokemon.png,https://www.tcggo.com/external/cm/20274,https://www.tcggo.com/external/tcgplayer/20274,Primal Clash Booster Box,62.25,59.99,158,EUR,,,,,,,,,,,primal-clash-booster-box,https://www.tcggo.com/pokemon/primal-clash/primal-clash-booster-box,97750
2026-08-18T20:35:01+02:00,562375,160,164,PRC,Pokémon,pokemon,82,https://images.tcggo.com/tcggo/storage/11472/primal-clash-logo.png,Primal Clash,EUR,2174.37,EUR,1696.13,2015-02-04,,5,XY,xy,primal-clash,20275,https://images.tcggo.com/tcggo/storage/20375/primal-clash-booster-box-18-boosters-primal-clash-pokemon.png,https://www.tcggo.com/external/cm/20275,,Primal Clash Booster Box (18 Boosters),,,1,EUR,,,,1600,1600,,,,,,primal-clash-booster-box-18-boosters,https://www.tcggo.com/pokemon/primal-clash/primal-clash-booster-box-18-boosters,
2026-08-18T20:35:01+02:00,271440,119,124,PHF,Pokémon,pokemon,83,https://images.tcggo.com/tcggo/storage/11638/phantom-forces-logo.png,Phantom Forces,EUR,2684.13,EUR,2447.76,2014-11-05,,5,XY,xy,phantom-forces,20272,https://images.tcggo.com/tcggo/storage/20554/phantom-forces-booster-box-phantom-forces-pokemon.png,https://www.tcggo.com/external/cm/20272,https://www.tcggo.com/external/tcgplayer/20272,Phantom Forces Booster Box,780.47,2192.99,4,EUR,17000,,,,,17000,,,,,phantom-forces-booster-box,https://www.tcggo.com/pokemon/phantom-forces/phantom-forces-booster-box,94623
2026-08-18T20:35:01+02:00,562376,119,124,PHF,Pokémon,pokemon,83,https://images.tcggo.com/tcggo/storage/11638/phantom-forces-logo.png,Phantom Forces,EUR,2684.13,EUR,2447.76,2014-11-05,,5,XY,xy,phantom-forces,20273,https://images.tcggo.com/tcggo/storage/20279/phantom-forces-booster-box-18-boosters-phantom-forces-pokemon.png,https://www.tcggo.com/external/cm/20273,,Phantom Forces Booster Box (18 Boosters),90,90,0,EUR,,,,,,,,,,,phantom-forces-booster-box-18-boosters,https://www.tcggo.com/pokemon/phantom-forces/phantom-forces-booster-box-18-boosters,
2026-08-18T20:35:01+02:00,271944,111,114,FFI,Pokémon,pokemon,84,https://images.tcggo.com/tcggo/storage/11763/furious-fists-logo.png,Furious Fists,EUR,737.62,EUR,877.92,2014-08-13,,5,XY,xy,furious-fists,20270,https://images.tcggo.com/tcggo/storage/20284/furious-fists-booster-box-furious-fists-pokemon.png,https://www.tcggo.com/external/cm/20270,https://www.tcggo.com/external/tcgplayer/20270,Furious Fists Booster Box,941,2049,3,EUR,3500,,,,,3500,,,,,furious-fists-booster-box,https://www.tcggo.com/pokemon/furious-fists/furious-fists-booster-box,92168
2026-08-18T20:35:01+02:00,562377,111,114,FFI,Pokémon,pokemon,84,https://images.tcggo.com/tcggo/storage/11763/furious-fists-logo.png,Furious Fists,EUR,737.62,EUR,877.92,2014-08-13,,5,XY,xy,furious-fists,20271,https://images.tcggo.com/tcggo/storage/20372/furious-fists-booster-box-18-boosters-furious-fists-pokemon.png,https://www.tcggo.com/external/cm/20271,,Furious Fists Booster Box (18 Boosters),60.55,60.55,1,EUR,,,,1200,1200,,,,,,furious-fists-booster-box-18-boosters,https://www.tcggo.com/pokemon/furious-fists/furious-fists-booster-box-18-boosters,
2026-08-18T20:35:01+02:00,271943,106,110,FLF,Pokémon,pokemon,86,https://images.tcggo.com/tcggo/storage/11882/flashfire-logo.png,Flashfire,EUR,1495.58,EUR,2054.52,2014-05-07,,5,XY,xy,flashfire,20268,https://images.tcggo.com/tcggo/storage/20553/flashfire-booster-box-flashfire-pokemon.png,https://www.tcggo.com/external/cm/20268,https://www.tcggo.com/external/tcgplayer/20268,Flashfire Booster Box,2104.34,4885.57,4,EUR,17500,,,,,17500,,,,,flashfire-booster-box,https://www.tcggo.com/pokemon/flashfire/flashfire-booster-box,91594
2026-08-18T20:35:01+02:00,562082,106,110,FLF,Pokémon,pokemon,86,https://images.tcggo.com/tcggo/storage/11882/flashfire-logo.png,Flashfire,EUR,1495.58,EUR,2054.52,2014-05-07,,5,XY,xy,flashfire,20269,https://images.tcggo.com/tcggo/storage/20276/flashfire-booster-box-18-boosters-flashfire-pokemon.png,https://www.tcggo.com/external/cm/20269,,Flashfire Booster Box (18 Boosters),187.62,243.52,16,EUR,,,,389,389,,,,,,flashfire-booster-box-18-boosters,https://www.tcggo.com/pokemon/flashfire/flashfire-booster-box-18-boosters,
2026-08-18T20:35:01+02:00,271942,146,146,XY,Pokémon,pokemon,87,https://images.tcggo.com/tcggo/storage/11993/xy-logo.png,XY,EUR,569.17,EUR,761.73,2014-02-05,,5,XY,xy,xy,20266,https://images.tcggo.com/tcggo/storage/20281/xy-booster-box-xy-pokemon.png,https://www.tcggo.com/external/cm/20266,https://www.tcggo.com/external/tcgplayer/20266,XY Booster Box,2.12,2.01,721,EUR,,,,,,,,,,,xy-booster-box,https://www.tcggo.com/pokemon/xy/xy-booster-box,91601
2026-08-18T20:35:01+02:00,562378,146,146,XY,Pokémon,pokemon,87,https://images.tcggo.com/tcggo/storage/11993/xy-logo.png,XY,EUR,569.17,EUR,761.73,2014-02-05,,5,XY,xy,xy,20267,https://images.tcggo.com/tcggo/storage/20369/xy-booster-box-18-boosters-xy-pokemon.png,https://www.tcggo.com/external/cm/20267,,XY Booster Box (18 Boosters),,,2,EUR,,,,1200,1200,,4000,4000,,,xy-booster-box-18-boosters,https://www.tcggo.com/pokemon/xy/xy-booster-box-18-boosters,
2026-08-18T20:35:01+02:00,271895,113,140,LTR,Pokémon,pokemon,89,https://images.tcggo.com/tcggo/storage/12396/legendary-treasures-logo.png,Legendary Treasures,EUR,1879.92,EUR,2174.56,2013-11-06,,6,Black & White,black-white,legendary-treasures,20265,https://images.tcggo.com/tcggo/storage/20273/legendary-treasures-booster-box-legendary-treasures-pokemon.png,https://www.tcggo.com/external/cm/20265,https://www.tcggo.com/external/tcgplayer/20265,Legendary Treasures Booster Box,3033.56,3033.56,1,EUR,30000,,,,,30000,,,,,legendary-treasures-booster-box,https://www.tcggo.com/pokemon/legendary-treasures/legendary-treasures-booster-box,98580
2026-08-18T20:35:01+02:00,271898,101,105,PLB,Pokémon,pokemon,91,https://images.tcggo.com/tcggo/storage/12540/plasma-blast-logo.png,Plasma Blast,EUR,1902.04,EUR,2108.17,2013-08-14,,6,Black & White,black-white,plasma-blast,20264,https://images.tcggo.com/tcggo/storage/20552/plasma-blast-booster-box-plasma-blast-pokemon.png,https://www.tcggo.com/external/cm/20264,https://www.tcggo.com/external/tcgplayer/20264,Plasma Blast Booster Box,640.66,2048.75,4,EUR,22500,,,,,22500,4250,4250,,,plasma-blast-booster-box,https://www.tcggo.com/pokemon/plasma-blast/plasma-blast-booster-box,98572
2026-08-18T20:35:01+02:00,271946,116,122,PLF,Pokémon,pokemon,92,https://images.tcggo.com/tcggo/storage/12647/plasma-freeze-logo.png,Plasma Freeze,EUR,3797.57,EUR,3944.66,2013-05-08,,6,Black & White,black-white,plasma-freeze,20262,https://images.tcggo.com/tcggo/storage/20278/plasma-freeze-booster-box-plasma-freeze-pokemon.png,https://www.tcggo.com/external/cm/20262,https://www.tcggo.com/external/tcgplayer/20262,Plasma Freeze Booster Box,1462.2,5618.62,1,EUR,,30000,30000,,,,,,,,plasma-freeze-booster-box,https://www.tcggo.com/pokemon/plasma-freeze/plasma-freeze-booster-box,98516
2026-08-18T20:35:01+02:00,562379,116,122,PLF,Pokémon,pokemon,92,https://images.tcggo.com/tcggo/storage/12647/plasma-freeze-logo.png,Plasma Freeze,EUR,3797.57,EUR,3944.66,2013-05-08,,6,Black & White,black-white,plasma-freeze,20263,https://images.tcggo.com/tcggo/storage/20366/plasma-freeze-booster-box-18-boosters-plasma-freeze-pokemon.png,https://www.tcggo.com/external/cm/20263,,Plasma Freeze Booster Box (18 Boosters),,,1,EUR,,,,9500,9500,,,,,,plasma-freeze-booster-box-18-boosters,https://www.tcggo.com/pokemon/plasma-freeze/plasma-freeze-booster-box-18-boosters,
2026-08-18T20:35:01+02:00,271899,135,138,PLS,Pokémon,pokemon,93,https://images.tcggo.com/tcggo/storage/12771/plasma-storm-logo.png,Plasma Storm,EUR,4226.53,EUR,3227.27,2013-02-06,,6,Black & White,black-white,plasma-storm,20260,https://images.tcggo.com/tcggo/storage/20551/plasma-storm-booster-box-plasma-storm-pokemon.png,https://www.tcggo.com/external/cm/20260,https://www.tcggo.com/external/tcgplayer/20260,Plasma Storm Booster Box,159.43,159.43,3,EUR,,34999.99,34999.99,,,,35000,35000,,,plasma-storm-booster-box,https://www.tcggo.com/pokemon/plasma-storm/plasma-storm-booster-box,98527
2026-08-18T20:35:01+02:00,562380,135,138,PLS,Pokémon,pokemon,93,https://images.tcggo.com/tcggo/storage/12771/plasma-storm-logo.png,Plasma Storm,EUR,4226.53,EUR,3227.27,2013-02-06,,6,Black & White,black-white,plasma-storm,20261,https://images.tcggo.com/tcggo/storage/20270/plasma-storm-booster-box-18-boosters-plasma-storm-pokemon.png,https://www.tcggo.com/external/cm/20261,,Plasma Storm Booster Box (18 Boosters),,,,EUR,,,,,,,,,,,plasma-storm-booster-box-18-boosters,https://www.tcggo.com/pokemon/plasma-storm/plasma-storm-booster-box-18-boosters,
2026-08-18T20:35:01+02:00,271886,149,153,BCR,Pokémon,pokemon,94,https://images.tcggo.com/tcggo/storage/12912/boundaries-crossed-logo.png,Boundaries Crossed,EUR,2032.64,EUR,3231.86,2012-11-07,,6,Black & White,black-white,boundaries-crossed,20258,https://images.tcggo.com/tcggo/storage/20275/boundaries-crossed-booster-box-boundaries-crossed-pokemon.png,https://www.tcggo.com/external/cm/20258,https://www.tcggo.com/external/tcgplayer/20258,Boundaries Crossed Booster Box,570.59,570.59,1,EUR,,,,,,,,,,,boundaries-crossed-booster-box,https://www.tcggo.com/pokemon/boundaries-crossed/boundaries-crossed-booster-box,98555
2026-08-18T20:35:01+02:00,562393,149,153,BCR,Pokémon,pokemon,94,https://images.tcggo.com/tcggo/storage/12912/boundaries-crossed-logo.png,Boundaries Crossed,EUR,2032.64,EUR,3231.86,2012-11-07,,6,Black & White,black-white,boundaries-crossed,20259,https://images.tcggo.com/tcggo/storage/20363/boundaries-crossed-booster-box-18-boosters-boundaries-crossed-pokemon.png,https://www.tcggo.com/external/cm/20259,,Boundaries Crossed Booster Box (18 Boosters),,,0,EUR,,,,,,,,,,,boundaries-crossed-booster-box-18-boosters,https://www.tcggo.com/pokemon/boundaries-crossed/boundaries-crossed-booster-box-18-boosters,
2026-08-18T20:35:01+02:00,271893,124,128,DRX,Pokémon,pokemon,96,https://images.tcggo.com/tcggo/storage/13089/dragons-exalted-logo.png,Dragons Exalted,EUR,12994.25,EUR,2789.4,2012-08-15,,6,Black & White,black-white,dragons-exalted,20256,https://images.tcggo.com/tcggo/storage/20550/dragons-exalted-booster-box-dragons-exalted-pokemon.png,https://www.tcggo.com/external/cm/20256,https://www.tcggo.com/external/tcgplayer/20256,Dragons Exalted Booster Box,228.07,298.37,,EUR,,,,,,,,,,,dragons-exalted-booster-box,https://www.tcggo.com/pokemon/dragons-exalted/dragons-exalted-booster-box,98540
2026-08-18T20:35:01+02:00,562383,124,128,DRX,Pokémon,pokemon,96,https://images.tcggo.com/tcggo/storage/13089/dragons-exalted-logo.png,Dragons Exalted,EUR,12994.25,EUR,2789.4,2012-08-15,,6,Black & White,black-white,dragons-exalted,20257,https://images.tcggo.com/tcggo/storage/20267/dragons-exalted-booster-box-18-boosters-dragons-exalted-pokemon.png,https://www.tcggo.com/external/cm/20257,,Dragons Exalted Booster Box (18 Boosters),,,,EUR,,,,,,,,,,,dragons-exalted-booster-box-18-boosters,https://www.tcggo.com/pokemon/dragons-exalted/dragons-exalted-booster-box-18-boosters,
2026-08-18T20:35:01+02:00,271892,108,111,DEX,Pokémon,pokemon,98,https://images.tcggo.com/tcggo/storage/13233/dark-explorers-logo.png,Dark Explorers,EUR,1356.68,EUR,3871.6,2012-05-09,,6,Black & White,black-white,dark-explorers,20255,https://images.tcggo.com/tcggo/storage/20360/dark-explorers-booster-box-dark-explorers-pokemon.png,https://www.tcggo.com/external/cm/20255,https://www.tcggo.com/external/tcgplayer/20255,Dark Explorers Booster Box,3999.95,3999.95,1,EUR,20000,,,,,20000,,,,,dark-explorers-booster-box,https://www.tcggo.com/pokemon/dark-explorers/dark-explorers-booster-box,98520
2026-08-18T20:35:01+02:00,271896,99,103,NXD,Pokémon,pokemon,99,https://images.tcggo.com/tcggo/storage/13345/next-destinies-logo.png,Next Destinies,EUR,1816.24,EUR,2130.53,2012-02-08,,6,Black & White,black-white,next-destinies,20253,https://images.tcggo.com/tcggo/storage/20264/next-destinies-booster-box-next-destinies-pokemon.png,https://www.tcggo.com/external/cm/20253,https://www.tcggo.com/external/tcgplayer/20253,Next Destinies Booster Box,760.92,1255.36,2,EUR,30000,25000,25000,,,30000,,,,,next-destinies-booster-box,https://www.tcggo.com/pokemon/next-destinies/next-destinies-booster-box,98539
2026-08-18T20:35:01+02:00,562384,99,103,NXD,Pokémon,pokemon,99,https://images.tcggo.com/tcggo/storage/13345/next-destinies-logo.png,Next Destinies,EUR,1816.24,EUR,2130.53,2012-02-08,,6,Black & White,black-white,next-destinies,20254,https://images.tcggo.com/tcggo/storage/20272/next-destinies-booster-box-18-boosters-next-destinies-pokemon.png,https://www.tcggo.com/external/cm/20254,,Next Destinies Booster Box (18 Boosters),0.93,0.81,1,EUR,,,,,,,,,,,next-destinies-booster-box-18-boosters,https://www.tcggo.com/pokemon/next-destinies/next-destinies-booster-box-18-boosters,
2026-08-18T20:35:01+02:00,271897,101,102,NVI,Pokémon,pokemon,100,https://images.tcggo.com/tcggo/storage/13450/noble-victories-logo.png,Noble Victories,EUR,280.22,EUR,882.75,2011-11-16,,6,Black & White,black-white,noble-victories,20251,https://images.tcggo.com/tcggo/storage/20357/noble-victories-booster-box-noble-victories-pokemon.png,https://www.tcggo.com/external/cm/20251,https://www.tcggo.com/external/tcgplayer/20251,Noble Victories Booster Box,1128.55,2094.12,2,EUR,,,,,,,,,,,noble-victories-booster-box,https://www.tcggo.com/pokemon/noble-victories/noble-victories-booster-box,98571
2026-08-18T20:35:01+02:00,562385,101,102,NVI,Pokémon,pokemon,100,https://images.tcggo.com/tcggo/storage/13450/noble-victories-logo.png,Noble Victories,EUR,280.22,EUR,882.75,2011-11-16,,6,Black & White,black-white,noble-victories,20252,https://images.tcggo.com/tcggo/storage/20549/noble-victories-booster-box-18-boosters-noble-victories-pokemon.png,https://www.tcggo.com/external/cm/20252,,Noble Victories Booster Box (18 Boosters),51.52,46.45,0,EUR,,,,,,,,,,,noble-victories-booster-box-18-boosters,https://www.tcggo.com/pokemon/noble-victories/noble-victories-booster-box-18-boosters,
2026-08-18T20:35:01+02:00,271894,98,98,EPO,Pokémon,pokemon,101,https://images.tcggo.com/tcggo/storage/13554/emerging-powers-logo.png,Emerging Powers,EUR,65.37,EUR,206,2011-08-31,,6,Black & White,black-white,emerging-powers,20249,https://images.tcggo.com/tcggo/storage/20261/emerging-powers-booster-box-emerging-powers-pokemon.png,https://www.tcggo.com/external/cm/20249,https://www.tcggo.com/external/tcgplayer/20249,Emerging Powers Booster Box,894.04,2122,2,EUR,12500,10900,10900,,,12500,,,,,emerging-powers-booster-box,https://www.tcggo.com/pokemon/emerging-powers/emerging-powers-booster-box,98548
2026-08-18T20:35:01+02:00,562386,98,98,EPO,Pokémon,pokemon,101,https://images.tcggo.com/tcggo/storage/13554/emerging-powers-logo.png,Emerging Powers,EUR,65.37,EUR,206,2011-08-31,,6,Black & White,black-white,emerging-powers,20250,https://images.tcggo.com/tcggo/storage/20269/emerging-powers-booster-box-18-boosters-emerging-powers-pokemon.png,https://www.tcggo.com/external/cm/20250,,Emerging Powers Booster Box (18 Boosters),,,,EUR,,,,,,,,,,,emerging-powers-booster-box-18-boosters,https://www.tcggo.com/pokemon/emerging-powers/emerging-powers-booster-box-18-boosters,
2026-08-18T20:35:01+02:00,271891,114,115,BLW,Pokémon,pokemon,103,https://images.tcggo.com/tcggo/storage/13667/black-white-logo.png,Black & White,EUR,383.54,EUR,558.28,2011-04-25,,6,Black & White,black-white,black-white,22763,https://images.tcggo.com/tcggo/storage/22758/black-white-booster-box.png,https://www.tcggo.com/external/cm/22763,https://www.tcggo.com/external/tcgplayer/22763,Black & White Booster Box,889.71,1425.62,1,EUR,,7500,,,,,,,,,black-white-booster-box,https://www.tcggo.com/pokemon/black-white/black-white-booster-box,98552
2026-08-18T20:35:01+02:00,562387,114,115,BLW,Pokémon,pokemon,103,https://images.tcggo.com/tcggo/storage/13667/black-white-logo.png,Black & White,EUR,383.54,EUR,558.28,2011-04-25,,6,Black & White,black-white,black-white,22764,https://images.tcggo.com/tcggo/storage/22759/black-white-booster-box-18-boosters.png,https://www.tcggo.com/external/cm/22764,,Black & White Booster Box (18 Boosters),,,,EUR,,,,,,,,,,,black-white-booster-box-18-boosters,https://www.tcggo.com/pokemon/black-white/black-white-booster-box-18-boosters,
2026-08-18T20:35:01+02:00,271887,95,106,CL,Pokémon,pokemon,105,https://images.tcggo.com/tcggo/storage/13888/call-of-legends-logo.png,Call of Legends,EUR,6678.4,EUR,5267.67,2011-02-09,,7,HeartGold & SoulSilver,heartgold-soulsilver,call-of-legends,20247,https://images.tcggo.com/tcggo/storage/20354/call-of-legends-booster-box-call-of-legends-pokemon.png,https://www.tcggo.com/external/cm/20247,https://www.tcggo.com/external/tcgplayer/20247,Call of Legends Booster Box,984.44,4909.71,3,EUR,,15000,15000,,,,20000,20000,,,call-of-legends-booster-box,https://www.tcggo.com/pokemon/call-of-legends/call-of-legends-booster-box,98514
2026-08-18T20:35:01+02:00,562388,95,106,CL,Pokémon,pokemon,105,https://images.tcggo.com/tcggo/storage/13888/call-of-legends-logo.png,Call of Legends,EUR,6678.4,EUR,5267.67,2011-02-09,,7,HeartGold & SoulSilver,heartgold-soulsilver,call-of-legends,20248,https://images.tcggo.com/tcggo/storage/20548/call-of-legends-booster-box-18-boosters-call-of-legends-pokemon.png,https://www.tcggo.com/external/cm/20248,,Call of Legends Booster Box (18 Boosters),185.99,173.5,3,EUR,,11111,11111,,,,,,,,call-of-legends-booster-box-18-boosters,https://www.tcggo.com/pokemon/call-of-legends/call-of-legends-booster-box-18-boosters,
2026-08-18T20:35:01+02:00,271927,102,103,TM,Pokémon,pokemon,106,https://images.tcggo.com/tcggo/storage/13995/hs-triumphant-logo.png,HS—Triumphant,EUR,3105.09,EUR,2808.8,2010-11-03,,7,HeartGold & SoulSilver,heartgold-soulsilver,hs-triumphant,33326,https://images.tcggo.com/tcggo/storage/33747/triumphant-booster-box.png,https://www.tcggo.com/external/cm/33326,https://www.tcggo.com/external/tcgplayer/33326,Triumphant Booster Box,1105.93,3220.85,5,EUR,45000,5900,5900,,,45000,,,,,triumphant-booster-box,https://www.tcggo.com/pokemon/hs-triumphant/triumphant-booster-box,98535
2026-08-18T20:35:01+02:00,271928,90,91,UD,Pokémon,pokemon,107,https://images.tcggo.com/tcggo/storage/14101/hs-undaunted-logo.png,HS—Undaunted,EUR,2427.89,EUR,3312.5,2010-08-18,,7,HeartGold & SoulSilver,heartgold-soulsilver,hs-undaunted,33318,https://images.tcggo.com/tcggo/storage/33739/undaunted-booster-box.png,https://www.tcggo.com/external/cm/33318,https://www.tcggo.com/external/tcgplayer/33318,Undaunted Booster Box,1634.62,4149.78,3,EUR,45000,6200,6200,,,45000,,,,,undaunted-booster-box,https://www.tcggo.com/pokemon/hs-undaunted/undaunted-booster-box,98587
2026-08-18T20:35:01+02:00,562389,90,91,UD,Pokémon,pokemon,107,https://images.tcggo.com/tcggo/storage/14101/hs-undaunted-logo.png,HS—Undaunted,EUR,2427.89,EUR,3312.5,2010-08-18,,7,HeartGold & SoulSilver,heartgold-soulsilver,hs-undaunted,33322,https://images.tcggo.com/tcggo/storage/33743/undaunted-booster-box-18-boosters.png,https://www.tcggo.com/external/cm/33322,,Undaunted Booster Box (18 Boosters),1591.43,1591.43,1,EUR,,2500,2500,,,,,,,,undaunted-booster-box-18-boosters,https://www.tcggo.com/pokemon/hs-undaunted/undaunted-booster-box-18-boosters,
2026-08-18T20:35:01+02:00,271929,95,96,UL,Pokémon,pokemon,108,https://images.tcggo.com/tcggo/storage/14193/hs-unleashed-logo.png,HS—Unleashed,EUR,1054.8,EUR,2060.54,2010-05-12,,7,HeartGold & SoulSilver,heartgold-soulsilver,hs-unleashed,32332,https://images.tcggo.com/tcggo/storage/32718/unleashed-booster-box.png,https://www.tcggo.com/external/cm/32332,https://www.tcggo.com/external/tcgplayer/32332,Unleashed Booster Box,1169.32,1465.88,2,EUR,45000,,,,,45000,,,,,unleashed-booster-box,https://www.tcggo.com/pokemon/hs-unleashed/unleashed-booster-box,98583
2026-08-18T20:35:01+02:00,562390,95,96,UL,Pokémon,pokemon,108,https://images.tcggo.com/tcggo/storage/14193/hs-unleashed-logo.png,HS—Unleashed,EUR,1054.8,EUR,2060.54,2010-05-12,,7,HeartGold & SoulSilver,heartgold-soulsilver,hs-unleashed,32333,https://images.tcggo.com/tcggo/storage/32719/unleashed-booster-box-18-boosters.png,https://www.tcggo.com/external/cm/32333,,Unleashed Booster Box (18 Boosters),810,810,,EUR,,,,,,,,,,,unleashed-booster-box-18-boosters,https://www.tcggo.com/pokemon/hs-unleashed/unleashed-booster-box-18-boosters,
2026-08-18T20:35:01+02:00,271930,123,124,HS,Pokémon,pokemon,109,https://images.tcggo.com/tcggo/storage/14289/heartgold-soulsilver-logo.png,HeartGold & SoulSilver,EUR,1994.67,EUR,3068.92,2010-02-10,,7,HeartGold & SoulSilver,heartgold-soulsilver,heartgold-soulsilver,22766,https://images.tcggo.com/tcggo/storage/22761/heartgold-soulsilver-booster-box.png,https://www.tcggo.com/external/cm/22766,https://www.tcggo.com/external/tcgplayer/22766,HeartGold & SoulSilver Booster Box,1425.88,1617.43,3,EUR,,14000,14000,1400,1400,,,,,,heartgold-soulsilver-booster-box,https://www.tcggo.com/pokemon/heartgold-soulsilver/heartgold-soulsilver-booster-box,98531
2026-08-18T20:35:01+02:00,562391,123,124,HS,Pokémon,pokemon,109,https://images.tcggo.com/tcggo/storage/14289/heartgold-soulsilver-logo.png,HeartGold & SoulSilver,EUR,1994.67,EUR,3068.92,2010-02-10,,7,HeartGold & SoulSilver,heartgold-soulsilver,heartgold-soulsilver,22767,https://images.tcggo.com/tcggo/storage/22762/heartgold-soulsilver-booster-box-18-boosters.png,https://www.tcggo.com/external/cm/22767,,HeartGold & SoulSilver Booster Box (18 Boosters),537.33,537.33,1,EUR,,,,999,999,,,,,,heartgold-soulsilver-booster-box-18-boosters,https://www.tcggo.com/pokemon/heartgold-soulsilver/heartgold-soulsilver-booster-box-18-boosters,
2026-08-18T20:35:01+02:00,271937,99,111,AR,Pokémon,pokemon,112,https://images.tcggo.com/tcggo/storage/14459/arceus-logo.png,Arceus,EUR,1399.18,EUR,2317.19,2009-11-04,,8,Platinum,platinum,arceus,20245,https://images.tcggo.com/tcggo/storage/20258/arceus-booster-box-arceus-pokemon.png,https://www.tcggo.com/external/cm/20245,https://www.tcggo.com/external/tcgplayer/20245,Arceus Booster Box,1167.64,2614.85,2,EUR,39500,,,,,39500,,,,,arceus-booster-box,https://www.tcggo.com/pokemon/arceus/arceus-booster-box,98593
2026-08-18T20:35:01+02:00,562450,99,111,AR,Pokémon,pokemon,112,https://images.tcggo.com/tcggo/storage/14459/arceus-logo.png,Arceus,EUR,1399.18,EUR,2317.19,2009-11-04,,8,Platinum,platinum,arceus,20246,https://images.tcggo.com/tcggo/storage/20268/arceus-booster-box-18-boosters-arceus-pokemon.png,https://www.tcggo.com/external/cm/20246,,Arceus Booster Box (18 Boosters),,,1,EUR,,,,,,,,,,,arceus-booster-box-18-boosters,https://www.tcggo.com/pokemon/arceus/arceus-booster-box-18-boosters,
2026-08-18T20:35:01+02:00,271939,147,153,SV,Pokémon,pokemon,113,https://images.tcggo.com/tcggo/storage/14572/supreme-victors-logo.png,Supreme Victors,EUR,2720.55,EUR,3682.27,2009-08-19,,8,Platinum,platinum,supreme-victors,20244,https://images.tcggo.com/tcggo/storage/20547/supreme-victors-booster-box-supreme-victors-pokemon.png,https://www.tcggo.com/external/cm/20244,https://www.tcggo.com/external/tcgplayer/20244,Supreme Victors Booster Box,2751.18,3649.88,3,EUR,29500,13000,13000,,,29500,,,,,supreme-victors-booster-box,https://www.tcggo.com/pokemon/supreme-victors/supreme-victors-booster-box,98575
2026-08-18T20:35:01+02:00,271938,111,120,RR,Pokémon,pokemon,114,https://images.tcggo.com/tcggo/storage/14727/rising-rivals-logo.png,Rising Rivals,EUR,2290.52,EUR,3771.06,2009-05-16,,8,Platinum,platinum,rising-rivals,20243,https://images.tcggo.com/tcggo/storage/20350/rising-rivals-booster-box-rising-rivals-pokemon.png,https://www.tcggo.com/external/cm/20243,https://www.tcggo.com/external/tcgplayer/20243,Rising Rivals Booster Box,25.12,23.28,138,EUR,,,,,,,,,49,49,rising-rivals-booster-box,https://www.tcggo.com/pokemon/rising-rivals/rising-rivals-booster-box,98543
2026-08-18T20:35:01+02:00,271936,127,133,PL,Pokémon,pokemon,116,https://images.tcggo.com/tcggo/storage/14868/platinum-logo.png,Platinum,EUR,967.71,EUR,2002.88,2009-02-11,,8,Platinum,platinum,platinum,20242,https://images.tcggo.com/tcggo/storage/20266/platinum-booster-box-platinum-pokemon.png,https://www.tcggo.com/external/cm/20242,https://www.tcggo.com/external/tcgplayer/20242,Platinum Booster Box,448,448,1,EUR,,,,,,,,,,,platinum-booster-box,https://www.tcggo.com/pokemon/platinum/platinum-booster-box,98592
2026-08-18T20:35:01+02:00,271906,100,106,SF,Pokémon,pokemon,117,https://images.tcggo.com/tcggo/storage/15003/stormfront-logo.png,Stormfront,EUR,1685.58,EUR,2208.51,2008-11-01,,10,Diamond & Pearl,diamond-pearl,stormfront,20241,https://images.tcggo.com/tcggo/storage/20914/stormfront-booster-box.png,https://www.tcggo.com/external/cm/20241,https://www.tcggo.com/external/tcgplayer/20241,Stormfront Booster Box,835,835,0,EUR,,,,,,,,,,,stormfront-booster-box,https://www.tcggo.com/pokemon/stormfront/stormfront-booster-box,98588
2026-08-18T20:35:01+02:00,271902,146,146,LA,Pokémon,pokemon,119,https://images.tcggo.com/tcggo/storage/15130/legends-awakened-logo.png,Legends Awakened,EUR,1324.05,EUR,2193.8,2008-08-01,,10,Diamond & Pearl,diamond-pearl,legends-awakened,20240,https://images.tcggo.com/tcggo/storage/20546/legends-awakened-booster-box-legends-awakened-pokemon.png,https://www.tcggo.com/external/cm/20240,https://www.tcggo.com/external/tcgplayer/20240,Legends Awakened Booster Box,3.43,3.44,1,EUR,,16000,16000,,,,,,,,legends-awakened-booster-box,https://www.tcggo.com/pokemon/legends-awakened/legends-awakened-booster-box,98536
2026-08-18T20:35:01+02:00,271903,100,100,MD,Pokémon,pokemon,120,https://images.tcggo.com/tcggo/storage/15277/majestic-dawn-logo.png,Majestic Dawn,EUR,614.34,EUR,2410.46,2008-05-01,,10,Diamond & Pearl,diamond-pearl,majestic-dawn,20239,https://images.tcggo.com/tcggo/storage/20348/majestic-dawn-booster-box-majestic-dawn-pokemon.png,https://www.tcggo.com/external/cm/20239,https://www.tcggo.com/external/tcgplayer/20239,Majestic Dawn Booster Box,,,,EUR,,,,,,,,,,,majestic-dawn-booster-box,https://www.tcggo.com/pokemon/majestic-dawn/majestic-dawn-booster-box,98584
2026-08-18T20:35:01+02:00,784964,191,252,SSP,Pokémon,pokemon,172,https://images.tcggo.com/tcggo/storage/20954/surging-sparks-logo.png,Surging Sparks,EUR,1068.91,EUR,1086.01,2024-11-08,,1,Scarlet & Violet,scarlet-violet,surging-sparks,21043,https://images.tcggo.com/tcggo/storage/21207/surging-sparks-pokemon-center-elite-trainer-box.png,https://www.tcggo.com/external/cm/21043,https://www.tcggo.com/external/tcgplayer/21043,Surging Sparks Pokémon Center Elite Trainer Box,257,261.06,50,EUR,228.95,,,,,244.99,,,,,surging-sparks-pokemon-center-elite-trainer-box,https://www.tcggo.com/pokemon/surging-sparks/surging-sparks-pokemon-center-elite-trainer-box,565632
2026-08-18T20:35:01+02:00,784949,191,252,SSP,Pokémon,pokemon,172,https://images.tcggo.com/tcggo/storage/20954/surging-sparks-logo.png,Surging Sparks,EUR,1068.91,EUR,1086.01,2024-11-08,,1,Scarlet & Violet,scarlet-violet,surging-sparks,21047,https://images.tcggo.com/tcggo/storage/21211/surging-sparks-booster-box.png,https://www.tcggo.com/external/cm/21047,https://www.tcggo.com/external/tcgplayer/21047,Surging Sparks Booster Box,236.67,244.61,784,EUR,260,189.99,230,144.95,144.95,260,214.99,230,160,160,surging-sparks-booster-box,https://www.tcggo.com/pokemon/surging-sparks/surging-sparks-booster-box,565606
2026-08-18T20:35:01+02:00,784950,191,252,SSP,Pokémon,pokemon,172,https://images.tcggo.com/tcggo/storage/20954/surging-sparks-logo.png,Surging Sparks,EUR,1068.91,EUR,1086.01,2024-11-08,,1,Scarlet & Violet,scarlet-violet,surging-sparks,21048,https://images.tcggo.com/tcggo/storage/21213/surging-sparks-6-booster-box-case.png,https://www.tcggo.com/external/cm/21048,https://www.tcggo.com/external/tcgplayer/21048,Surging Sparks 6 Booster Box Case,1613.98,1651.87,111,EUR,1699,1399.99,1400,1050,1050,1699,1799,1799,999.35,999.35,surging-sparks-6-booster-box-case,https://www.tcggo.com/pokemon/surging-sparks/surging-sparks-6-booster-box-case,580708
2026-08-18T20:35:01+02:00,784951,191,252,SSP,Pokémon,pokemon,172,https://images.tcggo.com/tcggo/storage/20954/surging-sparks-logo.png,Surging Sparks,EUR,1068.91,EUR,1086.01,2024-11-08,,1,Scarlet & Violet,scarlet-violet,surging-sparks,21049,https://images.tcggo.com/tcggo/storage/21209/surging-sparks-booster-box-18-boosters.png,https://www.tcggo.com/external/cm/21049,https://www.tcggo.com/external/tcgplayer/21049,Surging Sparks Booster Box (18 Boosters),116.87,118.99,75,EUR,155,104.99,120,110,110,155,128.99,128.99,180,180,surging-sparks-booster-box-18-boosters,https://www.tcggo.com/pokemon/surging-sparks/surging-sparks-booster-box-18-boosters,646039
2026-08-18T20:35:01+02:00,798931,131,180,PRE,Pokémon,pokemon,212,https://images.tcggo.com/tcggo/storage/21414/prismatic-evolutions-logo.png,Prismatic Evolutions,EUR,3702.26,EUR,4311.88,2025-01-17,,1,Scarlet & Violet,scarlet-violet,prismatic-evolutions,21813,https://images.tcggo.com/tcggo/storage/21837/prismatic-evolutions-pokemon-center-elite-trainer-box.png,https://www.tcggo.com/external/cm/21813,https://www.tcggo.com/external/tcgplayer/21813,Prismatic Evolutions Pokémon Center Elite Trainer Box,526.46,535.23,92,EUR,506.1,,,,,525,,,,,prismatic-evolutions-pokemon-center-elite-trainer-box,https://www.tcggo.com/pokemon/prismatic-evolutions/prismatic-evolutions-pokemon-center-elite-trainer-box,593324
2026-08-18T20:35:01+02:00,798947,131,180,PRE,Pokémon,pokemon,212,https://images.tcggo.com/tcggo/storage/21414/prismatic-evolutions-logo.png,Prismatic Evolutions,EUR,3702.26,EUR,4311.88,2025-01-17,,1,Scarlet & Violet,scarlet-violet,prismatic-evolutions,22731,https://images.tcggo.com/tcggo/storage/22725/prismatic-evolutions-surprise-box.png,https://www.tcggo.com/external/cm/22731,https://www.tcggo.com/external/tcgplayer/22731,Prismatic Evolutions Surprise Box,57.94,55.63,515,EUR,53.98,39.9,53.99,50,50,59.99,41.98,41.98,34.99,34.99,prismatic-evolutions-surprise-box,https://www.tcggo.com/pokemon/prismatic-evolutions/prismatic-evolutions-surprise-box,593466
2026-08-18T20:35:01+02:00,805579,159,190,JTG,Pokémon,pokemon,220,https://images.tcggo.com/tcggo/storage/38753/jtg_logo.png,Journey Together,EUR,440.67,EUR,441.88,2025-03-28,,1,Scarlet & Violet,scarlet-violet,journey-together,22071,https://images.tcggo.com/tcggo/storage/22098/journey-together-booster-box.png,https://www.tcggo.com/external/cm/22071,https://www.tcggo.com/external/tcgplayer/22071,Journey Together Booster Box,184.09,185.85,917,EUR,184.8,150,165,135,135,189.99,167.9,185,140,140,journey-together-booster-box,https://www.tcggo.com/pokemon/journey-together/journey-together-booster-box,610931
2026-08-18T20:35:01+02:00,361550,159,190,JTG,Pokémon,pokemon,220,https://images.tcggo.com/tcggo/storage/38753/jtg_logo.png,Journey Together,EUR,440.67,EUR,441.88,2025-03-28,,1,Scarlet & Violet,scarlet-violet,journey-together,22073,https://images.tcggo.com/tcggo/storage/22100/journey-together-booster-box-18-boosters.png,https://www.tcggo.com/external/cm/22073,https://www.tcggo.com/external/tcgplayer/22073,Journey Together Booster Box (18 Boosters),86.97,89.54,110,EUR,105,80,80,79,79,105,98,98,89,89,journey-together-booster-box-18-boosters,https://www.tcggo.com/pokemon/journey-together/journey-together-booster-box-18-boosters,649492
2026-08-18T20:35:01+02:00,805582,159,190,JTG,Pokémon,pokemon,220,https://images.tcggo.com/tcggo/storage/38753/jtg_logo.png,Journey Together,EUR,440.67,EUR,441.88,2025-03-28,,1,Scarlet & Violet,scarlet-violet,journey-together,22074,https://images.tcggo.com/tcggo/storage/22101/journey-together-6-booster-box-case.png,https://www.tcggo.com/external/cm/22074,https://www.tcggo.com/external/tcgplayer/22074,Journey Together 6 Booster Box Case,1104.32,1168,76,EUR,1197.99,1099.99,1100,999.9,999.9,1197.99,999.99,1399,1080,1080,journey-together-6-booster-box-case,https://www.tcggo.com/pokemon/journey-together/journey-together-6-booster-box-case,614449
2026-08-18T20:35:01+02:00,805594,159,190,JTG,Pokémon,pokemon,220,https://images.tcggo.com/tcggo/storage/38753/jtg_logo.png,Journey Together,EUR,440.67,EUR,441.88,2025-03-28,,1,Scarlet & Violet,scarlet-violet,journey-together,22322,https://images.tcggo.com/tcggo/storage/22352/journey-together-pokemon-center-elite-trainer-box.png,https://www.tcggo.com/external/cm/22322,https://www.tcggo.com/external/tcgplayer/22322,Journey Together Pokémon Center Elite Trainer Box,217.16,233.37,20,EUR,210,,,,,210,,,,,journey-together-pokemon-center-elite-trainer-box,https://www.tcggo.com/pokemon/journey-together/journey-together-pokemon-center-elite-trainer-box,610929
2026-08-18T20:35:01+02:00,835599,159,190,JTG,Pokémon,pokemon,220,https://images.tcggo.com/tcggo/storage/38753/jtg_logo.png,Journey Together,EUR,440.67,EUR,441.88,2025-03-28,,1,Scarlet & Violet,scarlet-violet,journey-together,22911,https://images.tcggo.com/tcggo/storage/22912/journey-together-6-enhanced-booster-box-case.png,https://www.tcggo.com/external/cm/22911,https://www.tcggo.com/external/tcgplayer/22911,Journey Together 6 Enhanced Booster Box Case,2931.43,2931.43,7,EUR,2100,,,,,2100,3999.9,3999.9,3000,3000,journey-together-6-enhanced-booster-box-case,https://www.tcggo.com/pokemon/journey-together/journey-together-6-enhanced-booster-box-case,625583
2026-08-18T20:35:01+02:00,281281,159,190,JTG,Pokémon,pokemon,220,https://images.tcggo.com/tcggo/storage/38753/jtg_logo.png,Journey Together,EUR,440.67,EUR,441.88,2025-03-28,,1,Scarlet & Violet,scarlet-violet,journey-together,22997,https://images.tcggo.com/tcggo/storage/22998/journey-together-enhanced-booster-box.png,https://www.tcggo.com/external/cm/22997,https://www.tcggo.com/external/tcgplayer/22997,Journey Together Enhanced Booster Box,256.67,261,132,EUR,259,249,300,249.99,249.99,259,284.9,284.9,260,260,journey-together-enhanced-booster-box,https://www.tcggo.com/pokemon/journey-together/journey-together-enhanced-booster-box,623628
2026-08-18T20:35:01+02:00,818586,182,244,DRI,Pokémon,pokemon,221,https://images.tcggo.com/tcggo/storage/22104/destined-rivals-logo.png,Destined Rivals,EUR,1647.25,EUR,1618.34,2025-05-30,,1,Scarlet & Violet,scarlet-violet,destined-rivals,22325,https://images.tcggo.com/tcggo/storage/22355/destined-rivals-pokemon-center-elite-trainer-box.png,https://www.tcggo.com/external/cm/22325,https://www.tcggo.com/external/tcgplayer/22325,Destined Rivals Pokémon Center Elite Trainer Box,446.23,559.85,23,EUR,4,,,,,4,,,,,destined-rivals-pokemon-center-elite-trainer-box,https://www.tcggo.com/pokemon/destined-rivals/destined-rivals-pokemon-center-elite-trainer-box,624675
2026-08-18T20:35:01+02:00,818574,182,244,DRI,Pokémon,pokemon,221,https://images.tcggo.com/tcggo/storage/22104/destined-rivals-logo.png,Destined Rivals,EUR,1647.25,EUR,1618.34,2025-05-30,,1,Scarlet & Violet,scarlet-violet,destined-rivals,22330,https://images.tcggo.com/tcggo/storage/22360/destined-rivals-booster-box.png,https://www.tcggo.com/external/cm/22330,https://www.tcggo.com/external/tcgplayer/22330,Destined Rivals Booster Box,301.76,309.78,1362,EUR,320,259,260,159.95,159.95,320,295,295,190,190,destined-rivals-booster-box,https://www.tcggo.com/pokemon/destined-rivals/destined-rivals-booster-box,624679
2026-08-18T20:35:01+02:00,818575,182,244,DRI,Pokémon,pokemon,221,https://images.tcggo.com/tcggo/storage/22104/destined-rivals-logo.png,Destined Rivals,EUR,1647.25,EUR,1618.34,2025-05-30,,1,Scarlet & Violet,scarlet-violet,destined-rivals,22331,https://images.tcggo.com/tcggo/storage/22361/destined-rivals-booster-box-18-boosters.png,https://www.tcggo.com/external/cm/22331,https://www.tcggo.com/external/tcgplayer/22331,Destined Rivals Booster Box (18 Boosters),127.25,130.51,261,EUR,180.83,127.9,127.9,120,120,189.99,135,135,125,125,destined-rivals-booster-box-18-boosters,https://www.tcggo.com/pokemon/destined-rivals/destined-rivals-booster-box-18-boosters,624681
2026-08-18T20:35:01+02:00,818576,182,244,DRI,Pokémon,pokemon,221,https://images.tcggo.com/tcggo/storage/22104/destined-rivals-logo.png,Destined Rivals,EUR,1647.25,EUR,1618.34,2025-05-30,,1,Scarlet & Violet,scarlet-violet,destined-rivals,22332,https://images.tcggo.com/tcggo/storage/22362/destined-rivals-6-booster-box-case.png,https://www.tcggo.com/external/cm/22332,https://www.tcggo.com/external/tcgplayer/22332,Destined Rivals 6 Booster Box Case,2156.81,2236.15,185,EUR,2129,1725,1725,1020,1020,2129,2090,2090,1185,1185,destined-rivals-6-booster-box-case,https://www.tcggo.com/pokemon/destined-rivals/destined-rivals-6-booster-box-case,624678
2026-08-18T20:35:01+02:00,824092,86,172,BLK,Pokémon,pokemon,223,https://images.tcggo.com/tcggo/storage/23035/black-bolt-logo.png,Black Bolt,EUR,2545.91,EUR,3069.05,2025-07-18,,1,Scarlet & Violet,scarlet-violet,black-bolt,23441,https://images.tcggo.com/tcggo/storage/23409/black-bolt-pokemon-center-elite-trainer-box.png,https://www.tcggo.com/external/cm/23441,https://www.tcggo.com/external/tcgplayer/23441,Black Bolt Pokémon Center Elite Trainer Box,248.16,265.3,49,EUR,263.89,,,,,269.99,,,,,black-bolt-pokemon-center-elite-trainer-box,https://www.tcggo.com/pokemon/black-bolt/black-bolt-pokemon-center-elite-trainer-box,630687
2026-08-18T20:35:01+02:00,824093,86,173,WHT,Pokémon,pokemon,224,https://images.tcggo.com/tcggo/storage/23037/white-flare-logo.png,White Flare,EUR,2326.53,EUR,2778.59,2025-07-18,,1,Scarlet & Violet,scarlet-violet,white-flare,23440,https://images.tcggo.com/tcggo/storage/23408/white-flare-pokemon-center-elite-trainer-box.png,https://www.tcggo.com/external/cm/23440,https://www.tcggo.com/external/tcgplayer/23440,White Flare Pokémon Center Elite Trainer Box,229.52,253.57,50,EUR,207.22,,,,,229.9,,,,,white-flare-pokemon-center-elite-trainer-box,https://www.tcggo.com/pokemon/white-flare/white-flare-pokemon-center-elite-trainer-box,630688
2026-08-18T20:35:01+02:00,289035,0,0,,Pokémon,pokemon,226,,Pokémon,EUR,0,EUR,0,2000-01-01,,,,,pokemon,22821,https://images.tcggo.com/tcggo/storage/22821/breakpoint-ash-greninja-ex-box.png,https://www.tcggo.com/external/cm/22821,https://www.tcggo.com/external/tcgplayer/22821,Ash-Greninja EX Box,99.75,208.43,3,EUR,800,,,,,800,,,,,ash-greninja-ex-box,https://www.tcggo.com/pokemon/pokemon/ash-greninja-ex-box,118336
2026-08-18T20:35:01+02:00,709542,0,0,,Pokémon,pokemon,226,,Pokémon,EUR,0,EUR,0,2000-01-01,,,,,pokemon,22842,https://images.tcggo.com/tcggo/storage/22842/annihilape-ex-box.png,https://www.tcggo.com/external/cm/22842,https://www.tcggo.com/external/tcgplayer/22842,Annihilape ex Box,30,30.73,61,EUR,37.5,29.5,29.5,35,35,37.5,30,30,19.9,19.9,annihilape-ex-box,https://www.tcggo.com/pokemon/pokemon/annihilape-ex-box,497177
2026-08-18T20:35:01+02:00,833708,0,0,,Pokémon,pokemon,226,,Pokémon,EUR,0,EUR,0,2000-01-01,,,,,pokemon,22843,https://images.tcggo.com/tcggo/storage/22843/archaludon-ex-box.png,https://www.tcggo.com/external/cm/22843,https://www.tcggo.com/external/tcgplayer/22843,Archaludon ex Box,26.25,29.07,24,EUR,35.9,25.9,29.5,,,35.9,35,35,,,archaludon-ex-box,https://www.tcggo.com/pokemon/pokemon/archaludon-ex-box,656955
2026-08-18T20:35:01+02:00,786052,0,0,,Pokémon,pokemon,226,,Pokémon,EUR,0,EUR,0,2000-01-01,,,,,pokemon,22846,https://images.tcggo.com/tcggo/storage/22846/bloodmoon-ursaluna-ex-box.png,https://www.tcggo.com/external/cm/22846,https://www.tcggo.com/external/tcgplayer/22846,Bloodmoon Ursaluna ex Box,29.18,32.07,89,EUR,29.9,23.89,29.75,25.9,25.9,29.9,28.98,28.98,22.99,22.99,bloodmoon-ursaluna-ex-box,https://www.tcggo.com/pokemon/pokemon/bloodmoon-ursaluna-ex-box,575897
2026-08-18T20:35:01+02:00,698558,0,0,,Pokémon,pokemon,226,,Pokémon,EUR,0,EUR,0,2000-01-01,,,,,pokemon,22848,https://images.tcggo.com/tcggo/storage/22848/cyclizar-ex-box.png,https://www.tcggo.com/external/cm/22848,https://www.tcggo.com/external/tcgplayer/22848,Cyclizar ex Box,29.82,28.25,147,EUR,29,29,29,25,25,29,32,32,23.8,23.8,cyclizar-ex-box,https://www.tcggo.com/pokemon/pokemon/cyclizar-ex-box,484372
2026-08-18T20:35:01+02:00,789508,0,0,,Pokémon,pokemon,226,,Pokémon,EUR,0,EUR,0,2000-01-01,,,,,pokemon,22849,https://images.tcggo.com/tcggo/storage/22849/decidueye-ex-box.png,https://www.tcggo.com/external/cm/22849,https://www.tcggo.com/external/tcgplayer/22849,Decidueye ex Box,32.08,41.22,19,EUR,,64,64,,,,48,48,,,decidueye-ex-box,https://www.tcggo.com/pokemon/pokemon/decidueye-ex-box,604493
2026-08-18T20:35:01+02:00,833705,0,0,,Pokémon,pokemon,226,,Pokémon,EUR,0,EUR,0,2000-01-01,,,,,pokemon,22850,https://images.tcggo.com/tcggo/storage/22850/reshiram-ex-box.png,https://www.tcggo.com/external/cm/22850,https://www.tcggo.com/external/tcgplayer/22850,Reshiram ex Box,26.15,27.67,153,EUR,35,25,25,,,49.8,26,26,,,reshiram-ex-box,https://www.tcggo.com/pokemon/pokemon/reshiram-ex-box,666512
2026-08-18T20:35:01+02:00,833707,0,0,,Pokémon,pokemon,226,,Pokémon,EUR,0,EUR,0,2000-01-01,,,,,pokemon,22851,https://images.tcggo.com/tcggo/storage/22851/melmetal-ex-box.png,https://www.tcggo.com/external/cm/22851,https://www.tcggo.com/external/tcgplayer/22851,Melmetal ex Box,29.46,31.79,65,EUR,35,30,30,,,35,29.9,29.9,,,melmetal-ex-box,https://www.tcggo.com/pokemon/pokemon/melmetal-ex-box,662750
2026-08-18T20:35:01+02:00,819414,0,0,,Pokémon,pokemon,226,,Pokémon,EUR,0,EUR,0,2000-01-01,,,,,pokemon,22852,https://images.tcggo.com/tcggo/storage/22852/team-rockets-mewtwo-ex-box.png,https://www.tcggo.com/external/cm/22852,https://www.tcggo.com/external/tcgplayer/22852,Team Rocket's Mewtwo ex Box,35.48,32.82,312,EUR,38.88,31.99,31.99,34.99,34.99,40,25.99,25.99,24.49,24.49,team-rockets-mewtwo-ex-box,https://www.tcggo.com/pokemon/pokemon/team-rockets-mewtwo-ex-box,625695
2026-08-18T20:35:01+02:00,806218,0,0,,Pokémon,pokemon,226,,Pokémon,EUR,0,EUR,0,2000-01-01,,,,,pokemon,22855,https://images.tcggo.com/tcggo/storage/22854/hops-zacian-ex-box.png,https://www.tcggo.com/external/cm/22855,https://www.tcggo.com/external/tcgplayer/22855,Hop's Zacian ex Box,26.74,24.53,284,EUR,29,23.95,23.95,24.3,24.3,29,23,23,22,22,hops-zacian-ex-box,https://www.tcggo.com/pokemon/pokemon/hops-zacian-ex-box,616303
2026-08-18T20:35:01+02:00,779167,0,0,,Pokémon,pokemon,226,,Pokémon,EUR,0,EUR,0,2000-01-01,,,,,pokemon,22859,https://images.tcggo.com/tcggo/storage/22858/houndstone-ex-box.png,https://www.tcggo.com/external/cm/22859,https://www.tcggo.com/external/tcgplayer/22859,Houndstone ex Box,28.34,30.15,79,EUR,27.99,26,26,,,29.99,24.88,24.88,22,22,houndstone-ex-box,https://www.tcggo.com/pokemon/pokemon/houndstone-ex-box,561521
2026-08-18T20:35:01+02:00,764569,0,0,,Pokémon,pokemon,226,,Pokémon,EUR,0,EUR,0,2000-01-01,,,,,pokemon,22862,https://images.tcggo.com/tcggo/storage/22861/palafin-ex-box.png,https://www.tcggo.com/external/cm/22862,https://www.tcggo.com/external/tcgplayer/22862,Palafin ex Box,26.37,28.42,87,EUR,29,32.9,32.9,,,29,25.99,25.99,19.99,19.99,palafin-ex-box,https://www.tcggo.com/pokemon/pokemon/palafin-ex-box,547129
2026-08-18T20:35:01+02:00,752019,0,0,,Pokémon,pokemon,226,,Pokémon,EUR,0,EUR,0,2000-01-01,,,,,pokemon,22865,https://images.tcggo.com/tcggo/storage/22864/grafaiai-ex-box.png,https://www.tcggo.com/external/cm/22865,https://www.tcggo.com/external/tcgplayer/22865,Grafaiai ex Box,28.1,29.94,135,EUR,24.99,27.6,27.6,24.9,24.9,28.5,28,28,19.98,19.98,grafaiai-ex-box,https://www.tcggo.com/pokemon/pokemon/grafaiai-ex-box,546458
2026-08-18T20:35:01+02:00,749087,0,0,,Pokémon,pokemon,226,,Pokémon,EUR,0,EUR,0,2000-01-01,,,,,pokemon,22866,https://images.tcggo.com/tcggo/storage/22865/mabosstiff-ex-box.png,https://www.tcggo.com/external/cm/22866,https://www.tcggo.com/external/tcgplayer/22866,Mabosstiff ex Box,27.67,32.31,141,EUR,34,24.99,26.3,35,35,34,27.89,27.89,19.98,19.98,mabosstiff-ex-box,https://www.tcggo.com/pokemon/pokemon/mabosstiff-ex-box,531572
2026-08-18T20:35:01+02:00,731700,0,0,,Pokémon,pokemon,226,,Pokémon,EUR,0,EUR,0,2000-01-01,,,,,pokemon,22867,https://images.tcggo.com/tcggo/storage/22866/roaring-moon-ex-box.png,https://www.tcggo.com/external/cm/22867,https://www.tcggo.com/external/tcgplayer/22867,Roaring Moon ex Box,28.43,29.63,53,EUR,25,24.99,30.5,,,25,26.95,26.95,29.99,29.99,roaring-moon-ex-box,https://www.tcggo.com/pokemon/pokemon/roaring-moon-ex-box,516577
2026-08-18T20:35:01+02:00,731701,0,0,,Pokémon,pokemon,226,,Pokémon,EUR,0,EUR,0,2000-01-01,,,,,pokemon,22868,https://images.tcggo.com/tcggo/storage/22867/iron-valiant-ex-box.png,https://www.tcggo.com/external/cm/22868,https://www.tcggo.com/external/tcgplayer/22868,Iron Valiant ex Box,26.9,30.1,68,EUR,25,21.99,31.69,25,25,25,25.99,25.99,29.9,29.9,iron-valiant-ex-box,https://www.tcggo.com/pokemon/pokemon/iron-valiant-ex-box,516578
2026-08-18T20:35:01+02:00,721849,0,0,,Pokémon,pokemon,226,,Pokémon,EUR,0,EUR,0,2000-01-01,,,,,pokemon,22869,https://images.tcggo.com/tcggo/storage/22868/oinkologne-ex-box.png,https://www.tcggo.com/external/cm/22869,https://www.tcggo.com/external/tcgplayer/22869,Oinkologne ex Box,25.42,30.98,28,EUR,34.99,34.9,34.9,,,34.99,35,35,,,oinkologne-ex-box,https://www.tcggo.com/pokemon/pokemon/oinkologne-ex-box,527801
2026-08-18T20:35:01+02:00,573764,0,0,,Pokémon,pokemon,226,,Pokémon,EUR,0,EUR,0,2000-01-01,,,,,pokemon,23724,https://images.tcggo.com/tcggo/storage/23734/bea-after-school-trainer-card-collection.png,https://www.tcggo.com/external/cm/23724,,Bea After School Trainer Card Collection,66.78,66.52,4,EUR,,,,,,,,,,,bea-after-school-trainer-card-collection,https://www.tcggo.com/pokemon/pokemon/bea-after-school-trainer-card-collection,
2026-08-18T20:35:01+02:00,396807,0,0,,Pokémon,pokemon,226,,Pokémon,EUR,0,EUR,0,2000-01-01,,,,,pokemon,23727,https://images.tcggo.com/tcggo/storage/23738/bedes-determination-trainer-card-collection.png,https://www.tcggo.com/external/cm/23727,,Bede's Determination Trainer Card Collection,48.33,48.33,7,EUR,,,,,,,,,,,bedes-determination-trainer-card-collection,https://www.tcggo.com/pokemon/pokemon/bedes-determination-trainer-card-collection,
2026-08-18T20:35:01+02:00,834823,132,188,MEG,Pokémon,pokemon,230,https://images.tcggo.com/tcggo/storage/24026/logof.png,Mega Evolution,EUR,1423.43,EUR,1426.07,2025-09-26,,17,Mega Evolution,mega-evolution,mega-evolution,23790,https://images.tcggo.com/tcggo/storage/23801/mega-evolution-mega-lucario-pokemon-center-elite-trainer-box.png,https://www.tcggo.com/external/cm/23790,https://www.tcggo.com/external/tcgplayer/23790,Mega Evolution: Mega Lucario Pokémon Center Elite Trainer Box,199.56,228.74,37,EUR,180.72,,,,,215,,,,,mega-evolution-mega-lucario-pokemon-center-elite-trainer-box,https://www.tcggo.com/pokemon/mega-evolution/mega-evolution-mega-lucario-pokemon-center-elite-trainer-box,644282
2026-08-18T20:35:01+02:00,834824,132,188,MEG,Pokémon,pokemon,230,https://images.tcggo.com/tcggo/storage/24026/logof.png,Mega Evolution,EUR,1423.43,EUR,1426.07,2025-09-26,,17,Mega Evolution,mega-evolution,mega-evolution,23791,https://images.tcggo.com/tcggo/storage/23802/mega-evolution-mega-gardevoir-pokemon-center-elite-trainer-box.png,https://www.tcggo.com/external/cm/23791,https://www.tcggo.com/external/tcgplayer/23791,Mega Evolution: Mega Gardevoir Pokémon Center Elite Trainer Box,196.62,225.21,50,EUR,168.64,,,,,189,,,,,mega-evolution-mega-gardevoir-pokemon-center-elite-trainer-box,https://www.tcggo.com/pokemon/mega-evolution/mega-evolution-mega-gardevoir-pokemon-center-elite-trainer-box,648415
2026-08-18T20:35:01+02:00,834812,132,188,MEG,Pokémon,pokemon,230,https://images.tcggo.com/tcggo/storage/24026/logof.png,Mega Evolution,EUR,1423.43,EUR,1426.07,2025-09-26,,17,Mega Evolution,mega-evolution,mega-evolution,23797,https://images.tcggo.com/tcggo/storage/23808/mega-evolution-6-booster-box-case.png,https://www.tcggo.com/external/cm/23797,https://www.tcggo.com/external/tcgplayer/23797,Mega Evolution 6 Booster Box Case,1432.42,1607.17,62,EUR,1700,1349,1650,,,1700,1500,1500,1200,1200,mega-evolution-6-booster-box-case,https://www.tcggo.com/pokemon/mega-evolution/mega-evolution-6-booster-box-case,644731
2026-08-18T20:35:01+02:00,834825,132,188,MEG,Pokémon,pokemon,230,https://images.tcggo.com/tcggo/storage/24026/logof.png,Mega Evolution,EUR,1423.43,EUR,1426.07,2025-09-26,,17,Mega Evolution,mega-evolution,mega-evolution,23798,https://images.tcggo.com/tcggo/storage/23809/mega-evolution-booster-box-18-boosters.png,https://www.tcggo.com/external/cm/23798,https://www.tcggo.com/external/tcgplayer/23798,Mega Evolution Booster Box (18 Boosters),122.03,112.06,86,EUR,150,112,112,102,102,150,125,125,120,120,mega-evolution-booster-box-18-boosters,https://www.tcggo.com/pokemon/mega-evolution/mega-evolution-booster-box-18-boosters,644351
2026-08-18T20:35:01+02:00,834827,132,188,MEG,Pokémon,pokemon,230,https://images.tcggo.com/tcggo/storage/24026/logof.png,Mega Evolution,EUR,1423.43,EUR,1426.07,2025-09-26,,17,Mega Evolution,mega-evolution,mega-evolution,23800,https://images.tcggo.com/tcggo/storage/23811/mega-evolution-enhanced-booster-box.png,https://www.tcggo.com/external/cm/23800,https://www.tcggo.com/external/tcgplayer/23800,Mega Evolution Enhanced Booster Box,324.57,330.78,177,EUR,301.19,290,290,300,300,330,375,375,257,257,mega-evolution-enhanced-booster-box,https://www.tcggo.com/pokemon/mega-evolution/mega-evolution-enhanced-booster-box,644300
2026-08-18T20:35:01+02:00,834832,132,188,MEG,Pokémon,pokemon,230,https://images.tcggo.com/tcggo/storage/24026/logof.png,Mega Evolution,EUR,1423.43,EUR,1426.07,2025-09-26,,17,Mega Evolution,mega-evolution,mega-evolution,23801,https://images.tcggo.com/tcggo/storage/23812/mega-evolution-booster-box.png,https://www.tcggo.com/external/cm/23801,https://www.tcggo.com/external/tcgplayer/23801,Mega Evolution Booster Box,249.1,256.95,552,EUR,256.12,200,200,234.95,234.95,256.12,210,210,155,155,mega-evolution-booster-box,https://www.tcggo.com/pokemon/mega-evolution/mega-evolution-booster-box,644298
2026-08-18T20:35:01+02:00,835600,132,188,MEG,Pokémon,pokemon,230,https://images.tcggo.com/tcggo/storage/24026/logof.png,Mega Evolution,EUR,1423.43,EUR,1426.07,2025-09-26,,17,Mega Evolution,mega-evolution,mega-evolution,23802,https://images.tcggo.com/tcggo/storage/23813/mega-evolution-6-enhanced-booster-box-case.png,https://www.tcggo.com/external/cm/23802,,Mega Evolution 6 Enhanced Booster Box Case,1784.82,1721.63,24,EUR,2249,2999.99,2999.99,,,2249,2299,2299,4000,4000,mega-evolution-6-enhanced-booster-box-case,https://www.tcggo.com/pokemon/mega-evolution/mega-evolution-6-enhanced-booster-box-case,
2026-08-18T20:35:01+02:00,,132,188,MEG,Pokémon,pokemon,230,https://images.tcggo.com/tcggo/storage/24026/logof.png,Mega Evolution,EUR,1423.43,EUR,1426.07,2025-09-26,,17,Mega Evolution,mega-evolution,mega-evolution,50333,https://images.tcggo.com/tcggo/storage/38687/mega-evolution-build-battle-box-display.png,https://www.tcggo.com/external/cm/50333,,Mega Evolution Build & Battle Box Display,614.82,614.82,9,EUR,500,,,600,600,500,580,580,490,490,mega-evolution-build-battle-box-display,https://www.tcggo.com/pokemon/mega-evolution/mega-evolution-build-battle-box-display,
2026-08-18T20:35:01+02:00,834822,132,188,MEG,Pokémon,pokemon,230,https://images.tcggo.com/tcggo/storage/24026/logof.png,Mega Evolution,EUR,1423.43,EUR,1426.07,2025-09-26,,17,Mega Evolution,mega-evolution,mega-evolution,50334,https://images.tcggo.com/tcggo/storage/38688/mega-evolution-build-battle-box.png,https://www.tcggo.com/external/cm/50334,,Mega Evolution Build & Battle Box,45.57,45.41,53,EUR,39,84.9,84.9,,,39,59,59,37.98,37.98,mega-evolution-build-battle-box,https://www.tcggo.com/pokemon/mega-evolution/mega-evolution-build-battle-box,
2026-08-18T20:35:01+02:00,846743,94,130,PFL,Pokémon,pokemon,231,https://images.tcggo.com/tcggo/storage/23782/Pokemon_TCG_Mega_Evolution—Phantasmal_Flames_Logo.png,Phantasmal Flames,EUR,1207.7,EUR,1045.9,2025-11-14,,17,Mega Evolution,mega-evolution,phantasmal-flames,23773,https://images.tcggo.com/tcggo/storage/23784/phantasmal-flames-pokemon-center-elite-trainer-box.png,https://www.tcggo.com/external/cm/23773,https://www.tcggo.com/external/tcgplayer/23773,Phantasmal Flames Pokémon Center Elite Trainer Box,103.73,95.67,577,EUR,274.68,86.99,86.99,,,320,140,140,,,phantasmal-flames-pokemon-center-elite-trainer-box,https://www.tcggo.com/pokemon/phantasmal-flames/phantasmal-flames-pokemon-center-elite-trainer-box,654135
2026-08-18T20:35:01+02:00,846733,94,130,PFL,Pokémon,pokemon,231,https://images.tcggo.com/tcggo/storage/23782/Pokemon_TCG_Mega_Evolution—Phantasmal_Flames_Logo.png,Phantasmal Flames,EUR,1207.7,EUR,1045.9,2025-11-14,,17,Mega Evolution,mega-evolution,phantasmal-flames,23778,https://images.tcggo.com/tcggo/storage/23789/phantasmal-flames-6-booster-box-case.png,https://www.tcggo.com/external/cm/23778,https://www.tcggo.com/external/tcgplayer/23778,Phantasmal Flames 6 Booster Box Case,2045.29,2340,84,EUR,2250,2299,2299,5000,5000,2250,1825,1825,1200,1200,phantasmal-flames-6-booster-box-case,https://www.tcggo.com/pokemon/phantasmal-flames/phantasmal-flames-6-booster-box-case,655281
2026-08-18T20:35:01+02:00,846745,94,130,PFL,Pokémon,pokemon,231,https://images.tcggo.com/tcggo/storage/23782/Pokemon_TCG_Mega_Evolution—Phantasmal_Flames_Logo.png,Phantasmal Flames,EUR,1207.7,EUR,1045.9,2025-11-14,,17,Mega Evolution,mega-evolution,phantasmal-flames,23780,https://images.tcggo.com/tcggo/storage/23791/phantasmal-flames-booster-box-18-boosters.png,https://www.tcggo.com/external/cm/23780,,Phantasmal Flames Booster Box (18 Boosters),133.18,136.22,98,EUR,210,129.9,142.5,119.95,119.95,210,125,125,130,130,phantasmal-flames-booster-box-18-boosters,https://www.tcggo.com/pokemon/phantasmal-flames/phantasmal-flames-booster-box-18-boosters,
2026-08-18T20:35:01+02:00,846746,94,130,PFL,Pokémon,pokemon,231,https://images.tcggo.com/tcggo/storage/23782/Pokemon_TCG_Mega_Evolution—Phantasmal_Flames_Logo.png,Phantasmal Flames,EUR,1207.7,EUR,1045.9,2025-11-14,,17,Mega Evolution,mega-evolution,phantasmal-flames,23781,https://images.tcggo.com/tcggo/storage/23792/phantasmal-flames-booster-box.png,https://www.tcggo.com/external/cm/23781,https://www.tcggo.com/external/tcgplayer/23781,Phantasmal Flames Booster Box,309.88,305.91,423,EUR,355,260,260,155,155,355,290,290,209.99,209.99,phantasmal-flames-booster-box,https://www.tcggo.com/pokemon/phantasmal-flames/phantasmal-flames-booster-box,654137
2026-08-18T20:35:01+02:00,846741,94,130,PFL,Pokémon,pokemon,231,https://images.tcggo.com/tcggo/storage/23782/Pokemon_TCG_Mega_Evolution—Phantasmal_Flames_Logo.png,Phantasmal Flames,EUR,1207.7,EUR,1045.9,2025-11-14,,17,Mega Evolution,mega-evolution,phantasmal-flames,50335,https://images.tcggo.com/tcggo/storage/38689/phantasmal-flames-build-battle-box-display.png,https://www.tcggo.com/external/cm/50335,,Phantasmal Flames Build & Battle Box Display,582.93,568.71,12,EUR,795,,,,,795,550,550,440,440,phantasmal-flames-build-battle-box-display,https://www.tcggo.com/pokemon/phantasmal-flames/phantasmal-flames-build-battle-box-display,
2026-08-18T20:35:01+02:00,846742,94,130,PFL,Pokémon,pokemon,231,https://images.tcggo.com/tcggo/storage/23782/Pokemon_TCG_Mega_Evolution—Phantasmal_Flames_Logo.png,Phantasmal Flames,EUR,1207.7,EUR,1045.9,2025-11-14,,17,Mega Evolution,mega-evolution,phantasmal-flames,50337,https://images.tcggo.com/tcggo/storage/38691/phantasmal-flames-build-battle-box.png,https://www.tcggo.com/external/cm/50337,,Phantasmal Flames Build & Battle Box,51.01,50.81,77,EUR,80,64.99,64.99,40,40,80,45,45,44.9,44.9,phantasmal-flames-build-battle-box,https://www.tcggo.com/pokemon/phantasmal-flames/phantasmal-flames-build-battle-box,
2026-08-18T20:35:01+02:00,860575,217,295,ASC,Pokémon,pokemon,396,https://images.tcggo.com/tcggo/storage/34000/ascended_heroes.png,Ascended Heroes,EUR,4925.6,EUR,5207.74,2026-01-30,,17,Mega Evolution,mega-evolution,ascended-heroes,31392,https://images.tcggo.com/tcggo/storage/31710/ascended-heroes-pokemon-center-elite-trainer-box.png,https://www.tcggo.com/external/cm/31392,https://www.tcggo.com/external/tcgplayer/31392,Ascended Heroes Pokémon Center Elite Trainer Box,174.77,160.89,243,EUR,337.4,149,149,,,400,,,,,ascended-heroes-pokemon-center-elite-trainer-box,https://www.tcggo.com/pokemon/ascended-heroes/ascended-heroes-pokemon-center-elite-trainer-box,668497
2026-08-18T20:35:01+02:00,864107,217,295,ASC,Pokémon,pokemon,396,https://images.tcggo.com/tcggo/storage/34000/ascended_heroes.png,Ascended Heroes,EUR,4925.6,EUR,5207.74,2026-01-30,,17,Mega Evolution,mega-evolution,ascended-heroes,31424,https://images.tcggo.com/tcggo/storage/32042/ascended-heroes-mega-meganium-ex-box.png,https://www.tcggo.com/external/cm/31424,https://www.tcggo.com/external/tcgplayer/31424,Ascended Heroes: Mega Meganium ex Box,45.19,44.89,494,EUR,45.79,40,40,34.5,34.5,46.99,39.99,40,26,26,ascended-heroes-mega-meganium-ex-box,https://www.tcggo.com/pokemon/ascended-heroes/ascended-heroes-mega-meganium-ex-box,672733
2026-08-18T20:35:01+02:00,864108,217,295,ASC,Pokémon,pokemon,396,https://images.tcggo.com/tcggo/storage/34000/ascended_heroes.png,Ascended Heroes,EUR,4925.6,EUR,5207.74,2026-01-30,,17,Mega Evolution,mega-evolution,ascended-heroes,31425,https://images.tcggo.com/tcggo/storage/32043/ascended-heroes-mega-emboar-ex-box.png,https://www.tcggo.com/external/cm/31425,https://www.tcggo.com/external/tcgplayer/31425,Ascended Heroes: Mega Emboar ex Box,44.64,46.67,466,EUR,42.99,41.9,42.5,34.2,34.2,42.99,38.4,38.4,26,26,ascended-heroes-mega-emboar-ex-box,https://www.tcggo.com/pokemon/ascended-heroes/ascended-heroes-mega-emboar-ex-box,672734
2026-08-18T20:35:01+02:00,864109,217,295,ASC,Pokémon,pokemon,396,https://images.tcggo.com/tcggo/storage/34000/ascended_heroes.png,Ascended Heroes,EUR,4925.6,EUR,5207.74,2026-01-30,,17,Mega Evolution,mega-evolution,ascended-heroes,31426,https://images.tcggo.com/tcggo/storage/32044/ascended-heroes-mega-feraligatr-ex-box.png,https://www.tcggo.com/external/cm/31426,https://www.tcggo.com/external/tcgplayer/31426,Ascended Heroes: Mega Feraligatr ex Box,44.19,44.93,483,EUR,45,39.99,42,33,33,45,39.99,40,26,26,ascended-heroes-mega-feraligatr-ex-box,https://www.tcggo.com/pokemon/ascended-heroes/ascended-heroes-mega-feraligatr-ex-box,672735
2026-08-18T20:35:01+02:00,865405,88,124,POR,Pokémon,pokemon,399,https://images.tcggo.com/tcggo/storage/32311/Pokemon_TCG_Mega_Evolution—Perfect_Order_Logo.png,Perfect Order,EUR,589.96,EUR,546.96,2026-03-27,,17,Mega Evolution,mega-evolution,perfect-order,31388,https://images.tcggo.com/tcggo/storage/31706/perfect-order-pokemon-center-elite-trainer-box.png,https://www.tcggo.com/external/cm/31388,https://www.tcggo.com/external/tcgplayer/31388,Perfect Order Pokémon Center Elite Trainer Box,132.35,123.36,63,EUR,93.98,,,,,115,,,,,perfect-order-pokemon-center-elite-trainer-box,https://www.tcggo.com/pokemon/perfect-order/perfect-order-pokemon-center-elite-trainer-box,672404
2026-08-18T20:35:01+02:00,865396,88,124,POR,Pokémon,pokemon,399,https://images.tcggo.com/tcggo/storage/32311/Pokemon_TCG_Mega_Evolution—Perfect_Order_Logo.png,Perfect Order,EUR,589.96,EUR,546.96,2026-03-27,,17,Mega Evolution,mega-evolution,perfect-order,31755,https://images.tcggo.com/tcggo/storage/32151/perfect-order-6-booster-box-case.png,https://www.tcggo.com/external/cm/31755,https://www.tcggo.com/external/tcgplayer/31755,Perfect Order 6 Booster Box Case,1098.57,1100.08,64,EUR,1100,970,970,,,1100,1039,1039,850,850,perfect-order-6-booster-box-case,https://www.tcggo.com/pokemon/perfect-order/perfect-order-6-booster-box-case,672395
2026-08-18T20:35:01+02:00,865407,88,124,POR,Pokémon,pokemon,399,https://images.tcggo.com/tcggo/storage/32311/Pokemon_TCG_Mega_Evolution—Perfect_Order_Logo.png,Perfect Order,EUR,589.96,EUR,546.96,2026-03-27,,17,Mega Evolution,mega-evolution,perfect-order,31757,https://images.tcggo.com/tcggo/storage/32153/perfect-order-booster-box-18-boosters.png,https://www.tcggo.com/external/cm/31757,https://www.tcggo.com/external/tcgplayer/31757,Perfect Order Booster Box (18 Boosters),89.67,100.5,69,EUR,99.99,89.99,89.99,85,85,99.99,80,80,,,perfect-order-booster-box-18-boosters,https://www.tcggo.com/pokemon/perfect-order/perfect-order-booster-box-18-boosters,672403
2026-08-18T20:35:01+02:00,865408,88,124,POR,Pokémon,pokemon,399,https://images.tcggo.com/tcggo/storage/32311/Pokemon_TCG_Mega_Evolution—Perfect_Order_Logo.png,Perfect Order,EUR,589.96,EUR,546.96,2026-03-27,,17,Mega Evolution,mega-evolution,perfect-order,31758,https://images.tcggo.com/tcggo/storage/32149/perfect-order-booster-box.png,https://www.tcggo.com/external/cm/31758,https://www.tcggo.com/external/tcgplayer/31758,Perfect Order Booster Box,166.82,171.22,916,EUR,174,144.99,162.95,135.95,135.95,174,159,160,119.98,119.98,perfect-order-booster-box,https://www.tcggo.com/pokemon/perfect-order/perfect-order-booster-box,672394
2026-08-18T20:35:01+02:00,887471,88,124,POR,Pokémon,pokemon,399,https://images.tcggo.com/tcggo/storage/32311/Pokemon_TCG_Mega_Evolution—Perfect_Order_Logo.png,Perfect Order,EUR,589.96,EUR,546.96,2026-03-27,,17,Mega Evolution,mega-evolution,perfect-order,50342,https://images.tcggo.com/tcggo/storage/38697/perfect-order-build-battle-box-display.png,https://www.tcggo.com/external/cm/50342,,Perfect Order Build & Battle Box Display,400,400,18,EUR,,450,450,,,,320,320,250,250,perfect-order-build-battle-box-display,https://www.tcggo.com/pokemon/perfect-order/perfect-order-build-battle-box-display,
2026-08-18T20:35:01+02:00,865397,88,124,POR,Pokémon,pokemon,399,https://images.tcggo.com/tcggo/storage/32311/Pokemon_TCG_Mega_Evolution—Perfect_Order_Logo.png,Perfect Order,EUR,589.96,EUR,546.96,2026-03-27,,17,Mega Evolution,mega-evolution,perfect-order,50343,https://images.tcggo.com/tcggo/storage/38698/perfect-order-build-battle-box.png,https://www.tcggo.com/external/cm/50343,,Perfect Order Build & Battle Box,32,30.01,193,EUR,32.5,29.99,29.99,40,40,34.99,35.9,35.9,20,20,perfect-order-build-battle-box,https://www.tcggo.com/pokemon/perfect-order/perfect-order-build-battle-box,
2026-08-18T20:35:01+02:00,877281,86,122,CRI,Pokémon,pokemon,413,https://images.tcggo.com/tcggo/storage/33952/Chaos-Rising.logo.431.webp,Chaos Rising,EUR,633.1,EUR,595.92,2026-05-22,,17,Mega Evolution,mega-evolution,chaos-rising,31749,https://images.tcggo.com/tcggo/storage/34004/chaos-rising-6-booster-box-case.png,https://www.tcggo.com/external/cm/31749,https://www.tcggo.com/external/tcgplayer/31749,Chaos Rising 6 Booster Box Case,1141.35,1194.79,110,EUR,1120,990,990,,,1120,1149.99,1149.99,945,945,chaos-rising-6-booster-box-case,https://www.tcggo.com/pokemon/chaos-rising/chaos-rising-6-booster-box-case,684445
2026-08-18T20:35:01+02:00,877291,86,122,CRI,Pokémon,pokemon,413,https://images.tcggo.com/tcggo/storage/33952/Chaos-Rising.logo.431.webp,Chaos Rising,EUR,633.1,EUR,595.92,2026-05-22,,17,Mega Evolution,mega-evolution,chaos-rising,31751,https://images.tcggo.com/tcggo/storage/34003/chaos-rising-booster-box-18-boosters.png,https://www.tcggo.com/external/cm/31751,https://www.tcggo.com/external/tcgplayer/31751,Chaos Rising Booster Box (18 Boosters),102.71,86.28,172,EUR,94,79.99,79.99,79.99,79.99,94,105,105,,,chaos-rising-booster-box-18-boosters,https://www.tcggo.com/pokemon/chaos-rising/chaos-rising-booster-box-18-boosters,695395
2026-08-18T20:35:01+02:00,877295,86,122,CRI,Pokémon,pokemon,413,https://images.tcggo.com/tcggo/storage/33952/Chaos-Rising.logo.431.webp,Chaos Rising,EUR,633.1,EUR,595.92,2026-05-22,,17,Mega Evolution,mega-evolution,chaos-rising,31752,https://images.tcggo.com/tcggo/storage/34005/chaos-rising-booster-box.png,https://www.tcggo.com/external/cm/31752,https://www.tcggo.com/external/tcgplayer/31752,Chaos Rising Booster Box,178.61,180.47,1157,EUR,189,154.99,160,159,159,189,159.99,169.9,140,140,chaos-rising-booster-box,https://www.tcggo.com/pokemon/chaos-rising/chaos-rising-booster-box,684444
2026-08-18T20:35:01+02:00,877282,86,122,CRI,Pokémon,pokemon,413,https://images.tcggo.com/tcggo/storage/33952/Chaos-Rising.logo.431.webp,Chaos Rising,EUR,633.1,EUR,595.92,2026-05-22,,17,Mega Evolution,mega-evolution,chaos-rising,33509,https://images.tcggo.com/tcggo/storage/34017/chaos-rising-build-battle-box.png,https://www.tcggo.com/external/cm/33509,https://www.tcggo.com/external/tcgplayer/33509,Chaos Rising Build & Battle Box,35.19,29.62,175,EUR,39.49,37.5,37.5,50,50,39.49,36.49,36.49,26.87,26.87,chaos-rising-build-battle-box,https://www.tcggo.com/pokemon/chaos-rising/chaos-rising-build-battle-box,684454
2026-08-18T20:35:01+02:00,877283,86,122,CRI,Pokémon,pokemon,413,https://images.tcggo.com/tcggo/storage/33952/Chaos-Rising.logo.431.webp,Chaos Rising,EUR,633.1,EUR,595.92,2026-05-22,,17,Mega Evolution,mega-evolution,chaos-rising,33510,https://images.tcggo.com/tcggo/storage/34018/chaos-rising-build-battle-box-display.png,https://www.tcggo.com/external/cm/33510,https://www.tcggo.com/external/tcgplayer/33510,Chaos Rising Build & Battle Box Display,409.26,409.26,31,EUR,350,,,,,350,340,340,250,250,chaos-rising-build-battle-box-display,https://www.tcggo.com/pokemon/chaos-rising/chaos-rising-build-battle-box-display,684455
2026-08-18T20:35:01+02:00,877293,86,122,CRI,Pokémon,pokemon,413,https://images.tcggo.com/tcggo/storage/33952/Chaos-Rising.logo.431.webp,Chaos Rising,EUR,633.1,EUR,595.92,2026-05-22,,17,Mega Evolution,mega-evolution,chaos-rising,33511,https://images.tcggo.com/tcggo/storage/34019/chaos-rising-pokemon-center-elite-trainer-box.png,https://www.tcggo.com/external/cm/33511,https://www.tcggo.com/external/tcgplayer/33511,Chaos Rising Pokémon Center Elite Trainer Box,146.82,135.54,213,EUR,108.39,,,,,125,,,130,130,chaos-rising-pokemon-center-elite-trainer-box,https://www.tcggo.com/pokemon/chaos-rising/chaos-rising-pokemon-center-elite-trainer-box,684452
2026-08-18T20:35:01+02:00,885528,0,0,PBL,Pokémon,pokemon,415,https://images.tcggo.com/tcggo/storage/34402/pitch_black_logo.png,Pitch Black,EUR,699.67,EUR,732.11,2026-07-17,,17,Mega Evolution,mega-evolution,pitch-black,33840,https://images.tcggo.com/tcggo/storage/34384/pitch-black-6-booster-box-case.png,https://www.tcggo.com/external/cm/33840,https://www.tcggo.com/external/tcgplayer/33840,Pitch Black 6 Booster Box Case,1256.19,1364.06,114,EUR,1150,1099.99,1099.99,1020,1020,1150,1149.99,1149.99,1020,1020,pitch-black-6-booster-box-case,https://www.tcggo.com/pokemon/pitch-black/pitch-black-6-booster-box-case,692941
2026-08-18T20:35:01+02:00,885540,0,0,PBL,Pokémon,pokemon,415,https://images.tcggo.com/tcggo/storage/34402/pitch_black_logo.png,Pitch Black,EUR,699.67,EUR,732.11,2026-07-17,,17,Mega Evolution,mega-evolution,pitch-black,33849,https://images.tcggo.com/tcggo/storage/34393/pitch-black-build-battle-box.png,https://www.tcggo.com/external/cm/33849,https://www.tcggo.com/external/tcgplayer/33849,Pitch Black Build & Battle Box,40.24,36.83,244,EUR,39.9,39.75,39.75,34.95,34.95,39.9,40,40,24,24,pitch-black-build-battle-box,https://www.tcggo.com/pokemon/pitch-black/pitch-black-build-battle-box,692946
2026-08-18T20:35:01+02:00,885541,0,0,PBL,Pokémon,pokemon,415,https://images.tcggo.com/tcggo/storage/34402/pitch_black_logo.png,Pitch Black,EUR,699.67,EUR,732.11,2026-07-17,,17,Mega Evolution,mega-evolution,pitch-black,33850,https://images.tcggo.com/tcggo/storage/34394/pitch-black-build-battle-box-display.png,https://www.tcggo.com/external/cm/33850,https://www.tcggo.com/external/tcgplayer/33850,Pitch Black Build & Battle Box Display,387.7,387.7,25,EUR,300,,,350,350,300,400,400,280,280,pitch-black-build-battle-box-display,https://www.tcggo.com/pokemon/pitch-black/pitch-black-build-battle-box-display,693586
2026-08-18T20:35:01+02:00,885543,0,0,PBL,Pokémon,pokemon,415,https://images.tcggo.com/tcggo/storage/34402/pitch_black_logo.png,Pitch Black,EUR,699.67,EUR,732.11,2026-07-17,,17,Mega Evolution,mega-evolution,pitch-black,33852,https://images.tcggo.com/tcggo/storage/34396/pitch-black-pokemon-center-elite-trainer-box.png,https://www.tcggo.com/external/cm/33852,https://www.tcggo.com/external/tcgplayer/33852,Pitch Black Pokémon Center Elite Trainer Box,126.95,141.7,154,EUR,90.36,,,,,124.99,,,,,pitch-black-pokemon-center-elite-trainer-box,https://www.tcggo.com/pokemon/pitch-black/pitch-black-pokemon-center-elite-trainer-box,692949
2026-08-18T20:35:01+02:00,885544,0,0,PBL,Pokémon,pokemon,415,https://images.tcggo.com/tcggo/storage/34402/pitch_black_logo.png,Pitch Black,EUR,699.67,EUR,732.11,2026-07-17,,17,Mega Evolution,mega-evolution,pitch-black,33853,https://images.tcggo.com/tcggo/storage/34397/pitch-black-booster-box-18-boosters.png,https://www.tcggo.com/external/cm/33853,https://www.tcggo.com/external/tcgplayer/33853,Pitch Black Booster Box (18 Boosters),88.78,84.28,135,EUR,104.99,80,80,89.99,89.99,104.99,109.99,109.99,,,pitch-black-booster-box-18-boosters,https://www.tcggo.com/pokemon/pitch-black/pitch-black-booster-box-18-boosters,692940
2026-08-18T20:35:01+02:00,885545,0,0,PBL,Pokémon,pokemon,415,https://images.tcggo.com/tcggo/storage/34402/pitch_black_logo.png,Pitch Black,EUR,699.67,EUR,732.11,2026-07-17,,17,Mega Evolution,mega-evolution,pitch-black,33854,https://images.tcggo.com/tcggo/storage/34398/pitch-black-booster-box.png,https://www.tcggo.com/external/cm/33854,https://www.tcggo.com/external/tcgplayer/33854,Pitch Black Booster Box,184.65,187.92,1342,EUR,189.9,174,174,145,145,189.9,189,189,157.9,157.9,pitch-black-booster-box,https://www.tcggo.com/pokemon/pitch-black/pitch-black-booster-box,692939
2026-08-18T20:35:01+02:00,895552,0,0,30C,Pokémon,pokemon,431,https://images.tcggo.com/tcggo/storage/36628/30thcelebration.png,30th Celebration,EUR,0,EUR,0,2026-09-16,,17,Mega Evolution,mega-evolution,30th-celebration,48467,https://images.tcggo.com/tcggo/storage/36649/30th-celebration-pokemon-center-elite-trainer-box.png,https://www.tcggo.com/external/cm/48467,https://www.tcggo.com/external/tcgplayer/48467,30th Celebration Pokémon Center Elite Trainer Box,95,43.57,0,EUR,,,,,,,,,,,30th-celebration-pokemon-center-elite-trainer-box,https://www.tcggo.com/pokemon/30th-celebration/30th-celebration-pokemon-center-elite-trainer-box,704144
2026-08-18T20:35:01+02:00,895557,0,0,30C,Pokémon,pokemon,431,https://images.tcggo.com/tcggo/storage/36628/30thcelebration.png,30th Celebration,EUR,0,EUR,0,2026-09-16,,17,Mega Evolution,mega-evolution,30th-celebration,48469,https://images.tcggo.com/tcggo/storage/36651/30th-celebration-sylveon-ex-box.png,https://www.tcggo.com/external/cm/48469,https://www.tcggo.com/external/tcgplayer/48469,30th Celebration: Sylveon ex Box,66.72,63.88,301,EUR,63.49,69.89,69.89,69.95,69.95,63.49,70,70,49.9,49.9,30th-celebration-sylveon-ex-box,https://www.tcggo.com/pokemon/30th-celebration/30th-celebration-sylveon-ex-box,704155
2026-08-18T20:35:01+02:00,895558,0,0,30C,Pokémon,pokemon,431,https://images.tcggo.com/tcggo/storage/36628/30thcelebration.png,30th Celebration,EUR,0,EUR,0,2026-09-16,,17,Mega Evolution,mega-evolution,30th-celebration,48470,https://images.tcggo.com/tcggo/storage/36652/30th-celebration-greninja-ex-box.png,https://www.tcggo.com/external/cm/48470,https://www.tcggo.com/external/tcgplayer/48470,30th Celebration: Greninja ex Box,68.09,64.44,330,EUR,63.49,74.89,74.89,69.95,69.95,63.49,65,65,43.99,43.99,30th-celebration-greninja-ex-box,https://www.tcggo.com/pokemon/30th-celebration/30th-celebration-greninja-ex-box,704168
