expansion_id,expansion_name,expansion_released_at,analysis_start,analysis_end,price_rank,observed_on,card_id,cardmarket_id,tcgid,card_name,card_number,rarity,cm_low,cm_low_de,cm_low_es,cm_low_fr,cm_low_it,tcg_player_market
396,Ascended Heroes,2026-01-30,2026-02-19,2026-08-19,1,2026-02-19,31727,869888,me2pt5-276,Pikachu ex,276,Special Illustration Rare,399.99,337,345,649,290,
396,Ascended Heroes,2026-01-30,2026-02-19,2026-08-19,1,2026-02-20,31727,869888,me2pt5-276,Pikachu ex,276,Special Illustration Rare,388.75,340,350,550,290,
396,Ascended Heroes,2026-01-30,2026-02-19,2026-08-19,1,2026-02-21,31727,869888,me2pt5-276,Pikachu ex,276,Special Illustration Rare,388.8,359,350,540,290,
396,Ascended Heroes,2026-01-30,2026-02-19,2026-08-19,1,2026-02-22,31727,869888,me2pt5-276,Pikachu ex,276,Special Illustration Rare,382.91,390,350,530,280,
396,Ascended Heroes,2026-01-30,2026-02-19,2026-08-19,1,2026-02-23,31727,869888,me2pt5-276,Pikachu ex,276,Special Illustration Rare,376.91,360,350,520,290,
396,Ascended Heroes,2026-01-30,2026-02-19,2026-08-19,1,2026-02-24,31727,869888,me2pt5-276,Pikachu ex,276,Special Illustration Rare,371.42,360,300,600,290,
396,Ascended Heroes,2026-01-30,2026-02-19,2026-08-19,1,2026-02-25,31727,869888,me2pt5-276,Pikachu ex,276,Special Illustration Rare,354.22,340,300,550,250,
396,Ascended Heroes,2026-01-30,2026-02-19,2026-08-19,1,2026-02-26,31727,869888,me2pt5-276,Pikachu ex,276,Special Illustration Rare,324.98,350,299.99,550,280,
396,Ascended Heroes,2026-01-30,2026-02-19,2026-08-19,1,2026-02-27,31727,869888,me2pt5-276,Pikachu ex,276,Special Illustration Rare,323.77,350,290,549,240,
396,Ascended Heroes,2026-01-30,2026-02-19,2026-08-19,1,2026-02-28,31727,869888,me2pt5-276,Pikachu ex,276,Special Illustration Rare,323.16,350,290,550,270,
396,Ascended Heroes,2026-01-30,2026-02-19,2026-08-19,1,2026-03-01,31727,869888,me2pt5-276,Pikachu ex,276,Special Illustration Rare,329.04,350,290,525,250,
396,Ascended Heroes,2026-01-30,2026-02-19,2026-08-19,1,2026-03-02,31727,869888,me2pt5-276,Pikachu ex,276,Special Illustration Rare,328.99,350,285,525,270,
396,Ascended Heroes,2026-01-30,2026-02-19,2026-08-19,1,2026-03-03,31727,869888,me2pt5-276,Pikachu ex,276,Special Illustration Rare,324.76,370,285,525,250,
396,Ascended Heroes,2026-01-30,2026-02-19,2026-08-19,1,2026-03-04,31727,869888,me2pt5-276,Pikachu ex,276,Special Illustration Rare,319.64,380,249.99,550,250,
396,Ascended Heroes,2026-01-30,2026-02-19,2026-08-19,1,2026-03-05,31727,869888,me2pt5-276,Pikachu ex,276,Special Illustration Rare,355.18,350,245,550,250,
396,Ascended Heroes,2026-01-30,2026-02-19,2026-08-19,1,2026-03-06,31727,869888,me2pt5-276,Pikachu ex,276,Special Illustration Rare,400,320,285,524,250,
396,Ascended Heroes,2026-01-30,2026-02-19,2026-08-19,1,2026-03-07,31727,869888,me2pt5-276,Pikachu ex,276,Special Illustration Rare,380,320,285,524,249.98,
396,Ascended Heroes,2026-01-30,2026-02-19,2026-08-19,1,2026-03-08,31727,869888,me2pt5-276,Pikachu ex,276,Special Illustration Rare,375.46,340,285,524,250,
396,Ascended Heroes,2026-01-30,2026-02-19,2026-08-19,1,2026-03-09,31727,869888,me2pt5-276,Pikachu ex,276,Special Illustration Rare,375.33,340,350,524,250,
396,Ascended Heroes,2026-01-30,2026-02-19,2026-08-19,1,2026-03-10,31727,869888,me2pt5-276,Pikachu ex,276,Special Illustration Rare,375.75,320,300,520,250,
396,Ascended Heroes,2026-01-30,2026-02-19,2026-08-19,1,2026-03-11,31727,869888,me2pt5-276,Pikachu ex,276,Special Illustration Rare,376.15,330,300,520,290,
396,Ascended Heroes,2026-01-30,2026-02-19,2026-08-19,1,2026-03-12,31727,869888,me2pt5-276,Pikachu ex,276,Special Illustration Rare,377.06,330,300,520,250,
396,Ascended Heroes,2026-01-30,2026-02-19,2026-08-19,1,2026-03-13,31727,869888,me2pt5-276,Pikachu ex,276,Special Illustration Rare,377.06,320,300,520,290,
396,Ascended Heroes,2026-01-30,2026-02-19,2026-08-19,1,2026-03-14,31727,869888,me2pt5-276,Pikachu ex,276,Special Illustration Rare,369.99,349.99,300,500,250,
396,Ascended Heroes,2026-01-30,2026-02-19,2026-08-19,1,2026-03-15,31727,869888,me2pt5-276,Pikachu ex,276,Special Illustration Rare,380,475,299,500,280,
396,Ascended Heroes,2026-01-30,2026-02-19,2026-08-19,1,2026-03-16,31727,869888,me2pt5-276,Pikachu ex,276,Special Illustration Rare,376.8,347.9,299,499.99,290,
396,Ascended Heroes,2026-01-30,2026-02-19,2026-08-19,1,2026-03-17,31727,869888,me2pt5-276,Pikachu ex,276,Special Illustration Rare,376.96,392,295,510,290,
396,Ascended Heroes,2026-01-30,2026-02-19,2026-08-19,1,2026-03-18,31727,869888,me2pt5-276,Pikachu ex,276,Special Illustration Rare,460,368.99,295,510,295,
396,Ascended Heroes,2026-01-30,2026-02-19,2026-08-19,1,2026-03-19,31727,869888,me2pt5-276,Pikachu ex,276,Special Illustration Rare,500,369.9,295,520,299.9,
396,Ascended Heroes,2026-01-30,2026-02-19,2026-08-19,1,2026-03-20,31727,869888,me2pt5-276,Pikachu ex,276,Special Illustration Rare,500,399.99,295,520,299.9,
396,Ascended Heroes,2026-01-30,2026-02-19,2026-08-19,1,2026-03-21,31727,869888,me2pt5-276,Pikachu ex,276,Special Illustration Rare,490,389.99,295,499,445,
396,Ascended Heroes,2026-01-30,2026-02-19,2026-08-19,1,2026-03-22,31727,869888,me2pt5-276,Pikachu ex,276,Special Illustration Rare,490,389.99,295,504.99,300,
396,Ascended Heroes,2026-01-30,2026-02-19,2026-08-19,1,2026-03-23,31727,869888,me2pt5-276,Pikachu ex,276,Special Illustration Rare,500,400,295,504.99,300,
396,Ascended Heroes,2026-01-30,2026-02-19,2026-08-19,1,2026-03-24,31727,869888,me2pt5-276,Pikachu ex,276,Special Illustration Rare,510,449,275,480,300,
396,Ascended Heroes,2026-01-30,2026-02-19,2026-08-19,1,2026-03-25,31727,869888,me2pt5-276,Pikachu ex,276,Special Illustration Rare,510,449,275,480,299.9,
396,Ascended Heroes,2026-01-30,2026-02-19,2026-08-19,1,2026-03-26,31727,869888,me2pt5-276,Pikachu ex,276,Special Illustration Rare,450,449,250,450,300,
396,Ascended Heroes,2026-01-30,2026-02-19,2026-08-19,1,2026-03-27,31727,869888,me2pt5-276,Pikachu ex,276,Special Illustration Rare,550,544,250,450,300,
396,Ascended Heroes,2026-01-30,2026-02-19,2026-08-19,1,2026-03-28,31727,869888,me2pt5-276,Pikachu ex,276,Special Illustration Rare,550,500,250,500,300,
396,Ascended Heroes,2026-01-30,2026-02-19,2026-08-19,1,2026-03-29,31727,869888,me2pt5-276,Pikachu ex,276,Special Illustration Rare,599,499.9,300,499.99,300,
396,Ascended Heroes,2026-01-30,2026-02-19,2026-08-19,1,2026-03-30,31727,869888,me2pt5-276,Pikachu ex,276,Special Illustration Rare,650,465,300,480,300,
396,Ascended Heroes,2026-01-30,2026-02-19,2026-08-19,1,2026-03-31,31727,869888,me2pt5-276,Pikachu ex,276,Special Illustration Rare,630,489.9,300,499.99,310,
396,Ascended Heroes,2026-01-30,2026-02-19,2026-08-19,1,2026-04-01,31727,869888,me2pt5-276,Pikachu ex,276,Special Illustration Rare,740,489.9,294,499.99,330,
396,Ascended Heroes,2026-01-30,2026-02-19,2026-08-19,1,2026-04-02,31727,869888,me2pt5-276,Pikachu ex,276,Special Illustration Rare,720,489.9,290,499.99,330,
396,Ascended Heroes,2026-01-30,2026-02-19,2026-08-19,1,2026-04-03,31727,869888,me2pt5-276,Pikachu ex,276,Special Illustration Rare,740,546,290,499.99,389,
396,Ascended Heroes,2026-01-30,2026-02-19,2026-08-19,1,2026-04-04,31727,869888,me2pt5-276,Pikachu ex,276,Special Illustration Rare,740,489.9,290,499.99,429,
396,Ascended Heroes,2026-01-30,2026-02-19,2026-08-19,1,2026-04-05,31727,869888,me2pt5-276,Pikachu ex,276,Special Illustration Rare,740,489.9,290,499.99,429,
396,Ascended Heroes,2026-01-30,2026-02-19,2026-08-19,1,2026-04-06,31727,869888,me2pt5-276,Pikachu ex,276,Special Illustration Rare,995,555,297,520,449.9,
396,Ascended Heroes,2026-01-30,2026-02-19,2026-08-19,1,2026-04-07,31727,869888,me2pt5-276,Pikachu ex,276,Special Illustration Rare,899.99,650,550,504.99,449.9,
396,Ascended Heroes,2026-01-30,2026-02-19,2026-08-19,1,2026-04-08,31727,869888,me2pt5-276,Pikachu ex,276,Special Illustration Rare,740,570,600,520,350,
396,Ascended Heroes,2026-01-30,2026-02-19,2026-08-19,1,2026-04-09,31727,869888,me2pt5-276,Pikachu ex,276,Special Illustration Rare,740,559.99,600,540,449.9,
396,Ascended Heroes,2026-01-30,2026-02-19,2026-08-19,1,2026-04-10,31727,869888,me2pt5-276,Pikachu ex,276,Special Illustration Rare,887.28,569,350,499.99,430,
396,Ascended Heroes,2026-01-30,2026-02-19,2026-08-19,1,2026-04-11,31727,869888,me2pt5-276,Pikachu ex,276,Special Illustration Rare,940,650,599,545,494.99,
396,Ascended Heroes,2026-01-30,2026-02-19,2026-08-19,1,2026-04-12,31727,869888,me2pt5-276,Pikachu ex,276,Special Illustration Rare,650,550,495,520,430,
396,Ascended Heroes,2026-01-30,2026-02-19,2026-08-19,1,2026-04-13,31727,869888,me2pt5-276,Pikachu ex,276,Special Illustration Rare,800,590,500,520,400,
396,Ascended Heroes,2026-01-30,2026-02-19,2026-08-19,1,2026-04-14,31727,869888,me2pt5-276,Pikachu ex,276,Special Illustration Rare,887.32,650,465,520,400,
396,Ascended Heroes,2026-01-30,2026-02-19,2026-08-19,1,2026-04-15,31727,869888,me2pt5-276,Pikachu ex,276,Special Illustration Rare,800,699.99,500,569,400,
396,Ascended Heroes,2026-01-30,2026-02-19,2026-08-19,1,2026-04-16,31727,869888,me2pt5-276,Pikachu ex,276,Special Illustration Rare,888.09,675,455,550,400,
396,Ascended Heroes,2026-01-30,2026-02-19,2026-08-19,1,2026-04-17,31727,869888,me2pt5-276,Pikachu ex,276,Special Illustration Rare,899,675,350,550,449.87,
396,Ascended Heroes,2026-01-30,2026-02-19,2026-08-19,1,2026-04-18,31727,869888,me2pt5-276,Pikachu ex,276,Special Illustration Rare,887.73,660,350,580,400,
396,Ascended Heroes,2026-01-30,2026-02-19,2026-08-19,1,2026-04-19,31727,869888,me2pt5-276,Pikachu ex,276,Special Illustration Rare,950,650,400,550,550,
396,Ascended Heroes,2026-01-30,2026-02-19,2026-08-19,1,2026-04-20,31727,869888,me2pt5-276,Pikachu ex,276,Special Illustration Rare,886.67,674.95,450,700,449.87,
396,Ascended Heroes,2026-01-30,2026-02-19,2026-08-19,1,2026-04-21,31727,869888,me2pt5-276,Pikachu ex,276,Special Illustration Rare,1050,635,550,950,500,
396,Ascended Heroes,2026-01-30,2026-02-19,2026-08-19,1,2026-04-22,31727,869888,me2pt5-276,Pikachu ex,276,Special Illustration Rare,945,635,430,950,440,
396,Ascended Heroes,2026-01-30,2026-02-19,2026-08-19,1,2026-04-23,31727,869888,me2pt5-276,Pikachu ex,276,Special Illustration Rare,959.99,694,499.9,990,440,
396,Ascended Heroes,2026-01-30,2026-02-19,2026-08-19,1,2026-04-24,31727,869888,me2pt5-276,Pikachu ex,276,Special Illustration Rare,980,757,450,940,500,
396,Ascended Heroes,2026-01-30,2026-02-19,2026-08-19,1,2026-04-25,31727,869888,me2pt5-276,Pikachu ex,276,Special Illustration Rare,980,750,500,850,510,
396,Ascended Heroes,2026-01-30,2026-02-19,2026-08-19,1,2026-04-26,31727,869888,me2pt5-276,Pikachu ex,276,Special Illustration Rare,950,798,500,850,480,
396,Ascended Heroes,2026-01-30,2026-02-19,2026-08-19,1,2026-04-27,31727,869888,me2pt5-276,Pikachu ex,276,Special Illustration Rare,950,769.69,495,850,480,
396,Ascended Heroes,2026-01-30,2026-02-19,2026-08-19,1,2026-04-28,31727,869888,me2pt5-276,Pikachu ex,276,Special Illustration Rare,950,780,450,925,480,
396,Ascended Heroes,2026-01-30,2026-02-19,2026-08-19,1,2026-04-29,31727,869888,me2pt5-276,Pikachu ex,276,Special Illustration Rare,950,769,500,850,490,
396,Ascended Heroes,2026-01-30,2026-02-19,2026-08-19,1,2026-04-30,31727,869888,me2pt5-276,Pikachu ex,276,Special Illustration Rare,950,780,595,849.99,899,
396,Ascended Heroes,2026-01-30,2026-02-19,2026-08-19,1,2026-05-01,31727,869888,me2pt5-276,Pikachu ex,276,Special Illustration Rare,950,850,600,799,899,
396,Ascended Heroes,2026-01-30,2026-02-19,2026-08-19,1,2026-05-02,31727,869888,me2pt5-276,Pikachu ex,276,Special Illustration Rare,950,899,500,845,900,
396,Ascended Heroes,2026-01-30,2026-02-19,2026-08-19,1,2026-05-04,31727,869888,me2pt5-276,Pikachu ex,276,Special Illustration Rare,950,844.99,500,810,850,
396,Ascended Heroes,2026-01-30,2026-02-19,2026-08-19,1,2026-05-05,31727,869888,me2pt5-276,Pikachu ex,276,Special Illustration Rare,950,824.99,600,810,850,
396,Ascended Heroes,2026-01-30,2026-02-19,2026-08-19,1,2026-05-08,31727,869888,me2pt5-276,Pikachu ex,276,Special Illustration Rare,970,899,575,810,635,
396,Ascended Heroes,2026-01-30,2026-02-19,2026-08-19,1,2026-05-09,31727,869888,me2pt5-276,Pikachu ex,276,Special Illustration Rare,970,805,585,849.99,690,
396,Ascended Heroes,2026-01-30,2026-02-19,2026-08-19,1,2026-05-12,31727,869888,me2pt5-276,Pikachu ex,276,Special Illustration Rare,970,810,599,820,580,
396,Ascended Heroes,2026-01-30,2026-02-19,2026-08-19,1,2026-05-13,31727,869888,me2pt5-276,Pikachu ex,276,Special Illustration Rare,970,850,595,820,589,
396,Ascended Heroes,2026-01-30,2026-02-19,2026-08-19,1,2026-05-14,31727,869888,me2pt5-276,Pikachu ex,276,Special Illustration Rare,1049,849,599.99,820,580,
396,Ascended Heroes,2026-01-30,2026-02-19,2026-08-19,1,2026-05-15,31727,869888,me2pt5-276,Pikachu ex,276,Special Illustration Rare,1049,855,600,915,749.9,
396,Ascended Heroes,2026-01-30,2026-02-19,2026-08-19,1,2026-05-19,31727,869888,me2pt5-276,Pikachu ex,276,Special Illustration Rare,1065,849.99,560,819,560,
396,Ascended Heroes,2026-01-30,2026-02-19,2026-08-19,1,2026-05-20,31727,869888,me2pt5-276,Pikachu ex,276,Special Illustration Rare,1064.07,820,590,720,550,
396,Ascended Heroes,2026-01-30,2026-02-19,2026-08-19,1,2026-05-21,31727,869888,me2pt5-276,Pikachu ex,276,Special Illustration Rare,1064.07,820,500,575,515,
396,Ascended Heroes,2026-01-30,2026-02-19,2026-08-19,1,2026-05-22,31727,869888,me2pt5-276,Pikachu ex,276,Special Illustration Rare,1047.8,845,560,799,560,
396,Ascended Heroes,2026-01-30,2026-02-19,2026-08-19,1,2026-05-23,31727,869888,me2pt5-276,Pikachu ex,276,Special Illustration Rare,1000,845,500,799,689,
396,Ascended Heroes,2026-01-30,2026-02-19,2026-08-19,1,2026-05-24,31727,869888,me2pt5-276,Pikachu ex,276,Special Illustration Rare,1000,820,527.5,819,530,
396,Ascended Heroes,2026-01-30,2026-02-19,2026-08-19,1,2026-05-25,31727,869888,me2pt5-276,Pikachu ex,276,Special Illustration Rare,1000,820,500,720,549,
396,Ascended Heroes,2026-01-30,2026-02-19,2026-08-19,1,2026-05-26,31727,869888,me2pt5-276,Pikachu ex,276,Special Illustration Rare,1000,800,500,799,519,
396,Ascended Heroes,2026-01-30,2026-02-19,2026-08-19,1,2026-05-27,31727,869888,me2pt5-276,Pikachu ex,276,Special Illustration Rare,1000,800,527.5,720,590,
396,Ascended Heroes,2026-01-30,2026-02-19,2026-08-19,1,2026-05-28,31727,869888,me2pt5-276,Pikachu ex,276,Special Illustration Rare,1000,790,475,720,560,
396,Ascended Heroes,2026-01-30,2026-02-19,2026-08-19,1,2026-05-29,31727,869888,me2pt5-276,Pikachu ex,276,Special Illustration Rare,1000,799.99,475,720,560,
396,Ascended Heroes,2026-01-30,2026-02-19,2026-08-19,1,2026-05-30,31727,869888,me2pt5-276,Pikachu ex,276,Special Illustration Rare,1000,850,475,780,519,
396,Ascended Heroes,2026-01-30,2026-02-19,2026-08-19,1,2026-05-31,31727,869888,me2pt5-276,Pikachu ex,276,Special Illustration Rare,1000,799.99,474,720,519,
396,Ascended Heroes,2026-01-30,2026-02-19,2026-08-19,1,2026-06-01,31727,869888,me2pt5-276,Pikachu ex,276,Special Illustration Rare,998.95,799.99,475,780,519,
396,Ascended Heroes,2026-01-30,2026-02-19,2026-08-19,1,2026-06-02,31727,869888,me2pt5-276,Pikachu ex,276,Special Illustration Rare,998.95,819,550,780,450,
396,Ascended Heroes,2026-01-30,2026-02-19,2026-08-19,1,2026-06-03,31727,869888,me2pt5-276,Pikachu ex,276,Special Illustration Rare,998.95,789,470,780,600,
396,Ascended Heroes,2026-01-30,2026-02-19,2026-08-19,1,2026-06-04,31727,869888,me2pt5-276,Pikachu ex,276,Special Illustration Rare,998.95,789,470,720,519,
396,Ascended Heroes,2026-01-30,2026-02-19,2026-08-19,1,2026-06-05,31727,869888,me2pt5-276,Pikachu ex,276,Special Illustration Rare,998.95,789,470,720,519,
396,Ascended Heroes,2026-01-30,2026-02-19,2026-08-19,1,2026-06-06,31727,869888,me2pt5-276,Pikachu ex,276,Special Illustration Rare,998.95,790,470,720,519,
396,Ascended Heroes,2026-01-30,2026-02-19,2026-08-19,1,2026-06-07,31727,869888,me2pt5-276,Pikachu ex,276,Special Illustration Rare,998.95,790,545,720,599.36,
396,Ascended Heroes,2026-01-30,2026-02-19,2026-08-19,1,2026-06-08,31727,869888,me2pt5-276,Pikachu ex,276,Special Illustration Rare,1094,795,545,720,550,
396,Ascended Heroes,2026-01-30,2026-02-19,2026-08-19,1,2026-06-09,31727,869888,me2pt5-276,Pikachu ex,276,Special Illustration Rare,1050,794.99,470,720,530,
396,Ascended Heroes,2026-01-30,2026-02-19,2026-08-19,1,2026-06-10,31727,869888,me2pt5-276,Pikachu ex,276,Special Illustration Rare,1050,794.99,400,720,530,
396,Ascended Heroes,2026-01-30,2026-02-19,2026-08-19,1,2026-06-11,31727,869888,me2pt5-276,Pikachu ex,276,Special Illustration Rare,949,819.49,474,755,550,
396,Ascended Heroes,2026-01-30,2026-02-19,2026-08-19,1,2026-06-12,31727,869888,me2pt5-276,Pikachu ex,276,Special Illustration Rare,949,775,515,755,649.9,
396,Ascended Heroes,2026-01-30,2026-02-19,2026-08-19,1,2026-06-13,31727,869888,me2pt5-276,Pikachu ex,276,Special Illustration Rare,900,799,515,849.99,530,
396,Ascended Heroes,2026-01-30,2026-02-19,2026-08-19,1,2026-06-14,31727,869888,me2pt5-276,Pikachu ex,276,Special Illustration Rare,949,799,599.9,820,530,
396,Ascended Heroes,2026-01-30,2026-02-19,2026-08-19,1,2026-06-15,31727,869888,me2pt5-276,Pikachu ex,276,Special Illustration Rare,949,850,599.9,710,630,
396,Ascended Heroes,2026-01-30,2026-02-19,2026-08-19,1,2026-06-16,31727,869888,me2pt5-276,Pikachu ex,276,Special Illustration Rare,949,800,629,820,599.9,
396,Ascended Heroes,2026-01-30,2026-02-19,2026-08-19,1,2026-06-17,31727,869888,me2pt5-276,Pikachu ex,276,Special Illustration Rare,949,799.99,550,820,649,
396,Ascended Heroes,2026-01-30,2026-02-19,2026-08-19,1,2026-06-18,31727,869888,me2pt5-276,Pikachu ex,276,Special Illustration Rare,949,799,499.99,820,530,
396,Ascended Heroes,2026-01-30,2026-02-19,2026-08-19,1,2026-06-19,31727,869888,me2pt5-276,Pikachu ex,276,Special Illustration Rare,949,745,595,820,599.9,
396,Ascended Heroes,2026-01-30,2026-02-19,2026-08-19,1,2026-06-20,31727,869888,me2pt5-276,Pikachu ex,276,Special Illustration Rare,999,745,499.99,850,530,
396,Ascended Heroes,2026-01-30,2026-02-19,2026-08-19,1,2026-06-21,31727,869888,me2pt5-276,Pikachu ex,276,Special Illustration Rare,999,790,499.99,950,500,
396,Ascended Heroes,2026-01-30,2026-02-19,2026-08-19,1,2026-06-22,31727,869888,me2pt5-276,Pikachu ex,276,Special Illustration Rare,999,760,475,899.95,530,
396,Ascended Heroes,2026-01-30,2026-02-19,2026-08-19,1,2026-06-23,31727,869888,me2pt5-276,Pikachu ex,276,Special Illustration Rare,1093.98,790,500,825,530,
396,Ascended Heroes,2026-01-30,2026-02-19,2026-08-19,1,2026-06-24,31727,869888,me2pt5-276,Pikachu ex,276,Special Illustration Rare,950,790,475,825,530,
396,Ascended Heroes,2026-01-30,2026-02-19,2026-08-19,1,2026-06-25,31727,869888,me2pt5-276,Pikachu ex,276,Special Illustration Rare,950,790,475,825,530,
396,Ascended Heroes,2026-01-30,2026-02-19,2026-08-19,1,2026-06-26,31727,869888,me2pt5-276,Pikachu ex,276,Special Illustration Rare,950,765,475,825,530,
396,Ascended Heroes,2026-01-30,2026-02-19,2026-08-19,1,2026-06-27,31727,869888,me2pt5-276,Pikachu ex,276,Special Illustration Rare,1090,770,475,840,530,
396,Ascended Heroes,2026-01-30,2026-02-19,2026-08-19,1,2026-06-28,31727,869888,me2pt5-276,Pikachu ex,276,Special Illustration Rare,950,770,475,840,530,
396,Ascended Heroes,2026-01-30,2026-02-19,2026-08-19,1,2026-06-29,31727,869888,me2pt5-276,Pikachu ex,276,Special Illustration Rare,950,770,475,840,530,
396,Ascended Heroes,2026-01-30,2026-02-19,2026-08-19,1,2026-06-30,31727,869888,me2pt5-276,Pikachu ex,276,Special Illustration Rare,950,770,500,840,530,
396,Ascended Heroes,2026-01-30,2026-02-19,2026-08-19,1,2026-07-01,31727,869888,me2pt5-276,Pikachu ex,276,Special Illustration Rare,999,750,500,840,530,
396,Ascended Heroes,2026-01-30,2026-02-19,2026-08-19,1,2026-07-02,31727,869888,me2pt5-276,Pikachu ex,276,Special Illustration Rare,999,745,475,840,500,
396,Ascended Heroes,2026-01-30,2026-02-19,2026-08-19,1,2026-07-06,31727,869888,me2pt5-276,Pikachu ex,276,Special Illustration Rare,999,745,475,840,500,
396,Ascended Heroes,2026-01-30,2026-02-19,2026-08-19,1,2026-07-07,31727,869888,me2pt5-276,Pikachu ex,276,Special Illustration Rare,999,745,475,1000,500,
396,Ascended Heroes,2026-01-30,2026-02-19,2026-08-19,1,2026-07-08,31727,869888,me2pt5-276,Pikachu ex,276,Special Illustration Rare,999,755,499.9,898,500,
396,Ascended Heroes,2026-01-30,2026-02-19,2026-08-19,1,2026-07-09,31727,869888,me2pt5-276,Pikachu ex,276,Special Illustration Rare,999,755,495,898,500,
396,Ascended Heroes,2026-01-30,2026-02-19,2026-08-19,1,2026-07-10,31727,869888,me2pt5-276,Pikachu ex,276,Special Illustration Rare,999,755,495,999,500,
396,Ascended Heroes,2026-01-30,2026-02-19,2026-08-19,1,2026-07-11,31727,869888,me2pt5-276,Pikachu ex,276,Special Illustration Rare,994.99,755,495,999,500,
396,Ascended Heroes,2026-01-30,2026-02-19,2026-08-19,1,2026-07-13,31727,869888,me2pt5-276,Pikachu ex,276,Special Illustration Rare,994.99,749,525,999,500,
396,Ascended Heroes,2026-01-30,2026-02-19,2026-08-19,1,2026-07-14,31727,869888,me2pt5-276,Pikachu ex,276,Special Illustration Rare,994.99,700,522,998,500,
396,Ascended Heroes,2026-01-30,2026-02-19,2026-08-19,1,2026-07-18,31727,869888,me2pt5-276,Pikachu ex,276,Special Illustration Rare,950,735,475,998,500,
396,Ascended Heroes,2026-01-30,2026-02-19,2026-08-19,1,2026-07-19,31727,869888,me2pt5-276,Pikachu ex,276,Special Illustration Rare,950,735,475,998,500,
396,Ascended Heroes,2026-01-30,2026-02-19,2026-08-19,1,2026-07-20,31727,869888,me2pt5-276,Pikachu ex,276,Special Illustration Rare,950,735,475,998,500,
396,Ascended Heroes,2026-01-30,2026-02-19,2026-08-19,1,2026-07-21,31727,869888,me2pt5-276,Pikachu ex,276,Special Illustration Rare,950,735,475,998,500,
396,Ascended Heroes,2026-01-30,2026-02-19,2026-08-19,1,2026-07-22,31727,869888,me2pt5-276,Pikachu ex,276,Special Illustration Rare,990,735,475,998,500,
396,Ascended Heroes,2026-01-30,2026-02-19,2026-08-19,1,2026-07-24,31727,869888,me2pt5-276,Pikachu ex,276,Special Illustration Rare,990,699,475,998,500,
396,Ascended Heroes,2026-01-30,2026-02-19,2026-08-19,1,2026-07-26,31727,869888,me2pt5-276,Pikachu ex,276,Special Illustration Rare,990,699,475,998,500,
396,Ascended Heroes,2026-01-30,2026-02-19,2026-08-19,1,2026-07-27,31727,869888,me2pt5-276,Pikachu ex,276,Special Illustration Rare,990,699,475,998,500,
396,Ascended Heroes,2026-01-30,2026-02-19,2026-08-19,1,2026-07-28,31727,869888,me2pt5-276,Pikachu ex,276,Special Illustration Rare,990,699,475,998,499,
396,Ascended Heroes,2026-01-30,2026-02-19,2026-08-19,1,2026-07-30,31727,869888,me2pt5-276,Pikachu ex,276,Special Illustration Rare,990,699,475,998,499,994.5
396,Ascended Heroes,2026-01-30,2026-02-19,2026-08-19,1,2026-07-31,31727,869888,me2pt5-276,Pikachu ex,276,Special Illustration Rare,990,699,475,998,499,992.27
396,Ascended Heroes,2026-01-30,2026-02-19,2026-08-19,1,2026-08-01,31727,869888,me2pt5-276,Pikachu ex,276,Special Illustration Rare,990,699,475,998,499,992.27
396,Ascended Heroes,2026-01-30,2026-02-19,2026-08-19,1,2026-08-02,31727,869888,me2pt5-276,Pikachu ex,276,Special Illustration Rare,990,700,475,900,499,992.27
396,Ascended Heroes,2026-01-30,2026-02-19,2026-08-19,1,2026-08-03,31727,869888,me2pt5-276,Pikachu ex,276,Special Illustration Rare,950,694.9,574.9,900,490,991.62
396,Ascended Heroes,2026-01-30,2026-02-19,2026-08-19,1,2026-08-04,31727,869888,me2pt5-276,Pikachu ex,276,Special Illustration Rare,950,694.9,574.9,900,490,991.62
396,Ascended Heroes,2026-01-30,2026-02-19,2026-08-19,1,2026-08-05,31727,869888,me2pt5-276,Pikachu ex,276,Special Illustration Rare,950,694,475,900,500,991.62
396,Ascended Heroes,2026-01-30,2026-02-19,2026-08-19,1,2026-08-07,31727,869888,me2pt5-276,Pikachu ex,276,Special Illustration Rare,950,700,475,1000,500,991.62
396,Ascended Heroes,2026-01-30,2026-02-19,2026-08-19,1,2026-08-08,31727,869888,me2pt5-276,Pikachu ex,276,Special Illustration Rare,950,690,550,1000,500,991.62
396,Ascended Heroes,2026-01-30,2026-02-19,2026-08-19,1,2026-08-10,31727,869888,me2pt5-276,Pikachu ex,276,Special Illustration Rare,949.95,689,520,1100,500,991.62
396,Ascended Heroes,2026-01-30,2026-02-19,2026-08-19,1,2026-08-11,31727,869888,me2pt5-276,Pikachu ex,276,Special Illustration Rare,949.95,689,520,1100,500,991.62
396,Ascended Heroes,2026-01-30,2026-02-19,2026-08-19,1,2026-08-12,31727,869888,me2pt5-276,Pikachu ex,276,Special Illustration Rare,949.95,679,475,1100,530,991.62
396,Ascended Heroes,2026-01-30,2026-02-19,2026-08-19,1,2026-08-13,31727,869888,me2pt5-276,Pikachu ex,276,Special Illustration Rare,960,690,475,1100,530,930.08
396,Ascended Heroes,2026-01-30,2026-02-19,2026-08-19,1,2026-08-14,31727,869888,me2pt5-276,Pikachu ex,276,Special Illustration Rare,960,690,475,1100,530,930.08
396,Ascended Heroes,2026-01-30,2026-02-19,2026-08-19,1,2026-08-15,31727,869888,me2pt5-276,Pikachu ex,276,Special Illustration Rare,960,690,475,1100,530,914.74
396,Ascended Heroes,2026-01-30,2026-02-19,2026-08-19,1,2026-08-16,31727,869888,me2pt5-276,Pikachu ex,276,Special Illustration Rare,949.99,730,475,1100,550,914.74
396,Ascended Heroes,2026-01-30,2026-02-19,2026-08-19,1,2026-08-17,31727,869888,me2pt5-276,Pikachu ex,276,Special Illustration Rare,949.99,730,475,1100,550,914.74
396,Ascended Heroes,2026-01-30,2026-02-19,2026-08-19,1,2026-08-18,31727,869888,me2pt5-276,Pikachu ex,276,Special Illustration Rare,949.99,690,475,1100,500,914.74
396,Ascended Heroes,2026-01-30,2026-02-19,2026-08-19,2,2026-02-19,31735,869895,me2pt5-284,Mega Gengar ex,284,Special Illustration Rare,719.99,475,460,500,589,
396,Ascended Heroes,2026-01-30,2026-02-19,2026-08-19,2,2026-02-20,31735,869895,me2pt5-284,Mega Gengar ex,284,Special Illustration Rare,706.82,469,460,480,550,
396,Ascended Heroes,2026-01-30,2026-02-19,2026-08-19,2,2026-02-21,31735,869895,me2pt5-284,Mega Gengar ex,284,Special Illustration Rare,689.23,475,460,485,550,
396,Ascended Heroes,2026-01-30,2026-02-19,2026-08-19,2,2026-02-22,31735,869895,me2pt5-284,Mega Gengar ex,284,Special Illustration Rare,636.21,550,460,474.99,650,
396,Ascended Heroes,2026-01-30,2026-02-19,2026-08-19,2,2026-02-23,31735,869895,me2pt5-284,Mega Gengar ex,284,Special Illustration Rare,636.03,494.99,460,470,599,
396,Ascended Heroes,2026-01-30,2026-02-19,2026-08-19,2,2026-02-24,31735,869895,me2pt5-284,Mega Gengar ex,284,Special Illustration Rare,675,490,445,474.99,530,
396,Ascended Heroes,2026-01-30,2026-02-19,2026-08-19,2,2026-02-25,31735,869895,me2pt5-284,Mega Gengar ex,284,Special Illustration Rare,660,460,445,550,530,
396,Ascended Heroes,2026-01-30,2026-02-19,2026-08-19,2,2026-02-26,31735,869895,me2pt5-284,Mega Gengar ex,284,Special Illustration Rare,659.95,480,445,485,529,
396,Ascended Heroes,2026-01-30,2026-02-19,2026-08-19,2,2026-02-27,31735,869895,me2pt5-284,Mega Gengar ex,284,Special Illustration Rare,660,555,400,500,530,
396,Ascended Heroes,2026-01-30,2026-02-19,2026-08-19,2,2026-02-28,31735,869895,me2pt5-284,Mega Gengar ex,284,Special Illustration Rare,660,599,399,545,522,
396,Ascended Heroes,2026-01-30,2026-02-19,2026-08-19,2,2026-03-01,31735,869895,me2pt5-284,Mega Gengar ex,284,Special Illustration Rare,650,500,399,545,500,
396,Ascended Heroes,2026-01-30,2026-02-19,2026-08-19,2,2026-03-02,31735,869895,me2pt5-284,Mega Gengar ex,284,Special Illustration Rare,620,500,384,480,475,
396,Ascended Heroes,2026-01-30,2026-02-19,2026-08-19,2,2026-03-03,31735,869895,me2pt5-284,Mega Gengar ex,284,Special Illustration Rare,650,500,399,460,525,
396,Ascended Heroes,2026-01-30,2026-02-19,2026-08-19,2,2026-03-04,31735,869895,me2pt5-284,Mega Gengar ex,284,Special Illustration Rare,649.99,500,384,440,475,
396,Ascended Heroes,2026-01-30,2026-02-19,2026-08-19,2,2026-03-05,31735,869895,me2pt5-284,Mega Gengar ex,284,Special Illustration Rare,650,500,370,545,475,
396,Ascended Heroes,2026-01-30,2026-02-19,2026-08-19,2,2026-03-06,31735,869895,me2pt5-284,Mega Gengar ex,284,Special Illustration Rare,607.99,495,370,545,479,
396,Ascended Heroes,2026-01-30,2026-02-19,2026-08-19,2,2026-03-07,31735,869895,me2pt5-284,Mega Gengar ex,284,Special Illustration Rare,607.99,548.9,385,545,499,
396,Ascended Heroes,2026-01-30,2026-02-19,2026-08-19,2,2026-03-08,31735,869895,me2pt5-284,Mega Gengar ex,284,Special Illustration Rare,650,525,384,545,465,
396,Ascended Heroes,2026-01-30,2026-02-19,2026-08-19,2,2026-03-09,31735,869895,me2pt5-284,Mega Gengar ex,284,Special Illustration Rare,675,495,384,545,480,
396,Ascended Heroes,2026-01-30,2026-02-19,2026-08-19,2,2026-03-10,31735,869895,me2pt5-284,Mega Gengar ex,284,Special Illustration Rare,607.99,510,399,545,460,
396,Ascended Heroes,2026-01-30,2026-02-19,2026-08-19,2,2026-03-11,31735,869895,me2pt5-284,Mega Gengar ex,284,Special Illustration Rare,607.99,509,300,545,459,
396,Ascended Heroes,2026-01-30,2026-02-19,2026-08-19,2,2026-03-12,31735,869895,me2pt5-284,Mega Gengar ex,284,Special Illustration Rare,607.99,554,300,545,459,
396,Ascended Heroes,2026-01-30,2026-02-19,2026-08-19,2,2026-03-13,31735,869895,me2pt5-284,Mega Gengar ex,284,Special Illustration Rare,607.99,520,300,530,459.99,
396,Ascended Heroes,2026-01-30,2026-02-19,2026-08-19,2,2026-03-14,31735,869895,me2pt5-284,Mega Gengar ex,284,Special Illustration Rare,630,524.99,399,470,450,
396,Ascended Heroes,2026-01-30,2026-02-19,2026-08-19,2,2026-03-15,31735,869895,me2pt5-284,Mega Gengar ex,284,Special Illustration Rare,630,555,300,530,449,
396,Ascended Heroes,2026-01-30,2026-02-19,2026-08-19,2,2026-03-16,31735,869895,me2pt5-284,Mega Gengar ex,284,Special Illustration Rare,675,550,399,578,449,
396,Ascended Heroes,2026-01-30,2026-02-19,2026-08-19,2,2026-03-17,31735,869895,me2pt5-284,Mega Gengar ex,284,Special Illustration Rare,680,550,399,530,440,
396,Ascended Heroes,2026-01-30,2026-02-19,2026-08-19,2,2026-03-18,31735,869895,me2pt5-284,Mega Gengar ex,284,Special Illustration Rare,630,499.99,399,515,440,
396,Ascended Heroes,2026-01-30,2026-02-19,2026-08-19,2,2026-03-19,31735,869895,me2pt5-284,Mega Gengar ex,284,Special Illustration Rare,675,529.99,300,575,449,
396,Ascended Heroes,2026-01-30,2026-02-19,2026-08-19,2,2026-03-20,31735,869895,me2pt5-284,Mega Gengar ex,284,Special Illustration Rare,680,545,300,565,440,
396,Ascended Heroes,2026-01-30,2026-02-19,2026-08-19,2,2026-03-21,31735,869895,me2pt5-284,Mega Gengar ex,284,Special Illustration Rare,680,545,399,470,440,
396,Ascended Heroes,2026-01-30,2026-02-19,2026-08-19,2,2026-03-22,31735,869895,me2pt5-284,Mega Gengar ex,284,Special Illustration Rare,680,515,380,530,440,
396,Ascended Heroes,2026-01-30,2026-02-19,2026-08-19,2,2026-03-23,31735,869895,me2pt5-284,Mega Gengar ex,284,Special Illustration Rare,699,515,380,530,440,
396,Ascended Heroes,2026-01-30,2026-02-19,2026-08-19,2,2026-03-24,31735,869895,me2pt5-284,Mega Gengar ex,284,Special Illustration Rare,839,500,399,530,435,
396,Ascended Heroes,2026-01-30,2026-02-19,2026-08-19,2,2026-03-25,31735,869895,me2pt5-284,Mega Gengar ex,284,Special Illustration Rare,680,500,380,525,430,
396,Ascended Heroes,2026-01-30,2026-02-19,2026-08-19,2,2026-03-26,31735,869895,me2pt5-284,Mega Gengar ex,284,Special Illustration Rare,680,540,350,515,494.91,
396,Ascended Heroes,2026-01-30,2026-02-19,2026-08-19,2,2026-03-27,31735,869895,me2pt5-284,Mega Gengar ex,284,Special Illustration Rare,680,500,350,515,480,
396,Ascended Heroes,2026-01-30,2026-02-19,2026-08-19,2,2026-03-28,31735,869895,me2pt5-284,Mega Gengar ex,284,Special Illustration Rare,680,489,350,500,550,
396,Ascended Heroes,2026-01-30,2026-02-19,2026-08-19,2,2026-03-29,31735,869895,me2pt5-284,Mega Gengar ex,284,Special Illustration Rare,805,495,350,500,425,
396,Ascended Heroes,2026-01-30,2026-02-19,2026-08-19,2,2026-03-30,31735,869895,me2pt5-284,Mega Gengar ex,284,Special Illustration Rare,750,495,350,530,420,
396,Ascended Heroes,2026-01-30,2026-02-19,2026-08-19,2,2026-03-31,31735,869895,me2pt5-284,Mega Gengar ex,284,Special Illustration Rare,680,500,350,599,460,
396,Ascended Heroes,2026-01-30,2026-02-19,2026-08-19,2,2026-04-01,31735,869895,me2pt5-284,Mega Gengar ex,284,Special Illustration Rare,680,530,350,599,440,
396,Ascended Heroes,2026-01-30,2026-02-19,2026-08-19,2,2026-04-02,31735,869895,me2pt5-284,Mega Gengar ex,284,Special Illustration Rare,800,500,350,530,440,
396,Ascended Heroes,2026-01-30,2026-02-19,2026-08-19,2,2026-04-03,31735,869895,me2pt5-284,Mega Gengar ex,284,Special Illustration Rare,800,520,350,560,499,
396,Ascended Heroes,2026-01-30,2026-02-19,2026-08-19,2,2026-04-04,31735,869895,me2pt5-284,Mega Gengar ex,284,Special Illustration Rare,800,500,350,560,470,
396,Ascended Heroes,2026-01-30,2026-02-19,2026-08-19,2,2026-04-05,31735,869895,me2pt5-284,Mega Gengar ex,284,Special Illustration Rare,845,500,350,530,450,
396,Ascended Heroes,2026-01-30,2026-02-19,2026-08-19,2,2026-04-06,31735,869895,me2pt5-284,Mega Gengar ex,284,Special Illustration Rare,800,545,350,590,450,
396,Ascended Heroes,2026-01-30,2026-02-19,2026-08-19,2,2026-04-07,31735,869895,me2pt5-284,Mega Gengar ex,284,Special Illustration Rare,850,635,350,530,449,
396,Ascended Heroes,2026-01-30,2026-02-19,2026-08-19,2,2026-04-08,31735,869895,me2pt5-284,Mega Gengar ex,284,Special Illustration Rare,800,570,350,530,449,
396,Ascended Heroes,2026-01-30,2026-02-19,2026-08-19,2,2026-04-09,31735,869895,me2pt5-284,Mega Gengar ex,284,Special Illustration Rare,800,525,400,530,450,
396,Ascended Heroes,2026-01-30,2026-02-19,2026-08-19,2,2026-04-10,31735,869895,me2pt5-284,Mega Gengar ex,284,Special Illustration Rare,900,525,400,584.81,459,
396,Ascended Heroes,2026-01-30,2026-02-19,2026-08-19,2,2026-04-11,31735,869895,me2pt5-284,Mega Gengar ex,284,Special Illustration Rare,800,525,435,780,459,
396,Ascended Heroes,2026-01-30,2026-02-19,2026-08-19,2,2026-04-12,31735,869895,me2pt5-284,Mega Gengar ex,284,Special Illustration Rare,900,525,435,600,459,
396,Ascended Heroes,2026-01-30,2026-02-19,2026-08-19,2,2026-04-13,31735,869895,me2pt5-284,Mega Gengar ex,284,Special Illustration Rare,895,575,400,600,460,
396,Ascended Heroes,2026-01-30,2026-02-19,2026-08-19,2,2026-04-14,31735,869895,me2pt5-284,Mega Gengar ex,284,Special Illustration Rare,860,525,400,740,450,
396,Ascended Heroes,2026-01-30,2026-02-19,2026-08-19,2,2026-04-15,31735,869895,me2pt5-284,Mega Gengar ex,284,Special Illustration Rare,860,590,400,740,460,
396,Ascended Heroes,2026-01-30,2026-02-19,2026-08-19,2,2026-04-16,31735,869895,me2pt5-284,Mega Gengar ex,284,Special Illustration Rare,899.99,580,400,740,450,
396,Ascended Heroes,2026-01-30,2026-02-19,2026-08-19,2,2026-04-17,31735,869895,me2pt5-284,Mega Gengar ex,284,Special Illustration Rare,899.98,570,400,740,460,
396,Ascended Heroes,2026-01-30,2026-02-19,2026-08-19,2,2026-04-18,31735,869895,me2pt5-284,Mega Gengar ex,284,Special Illustration Rare,899.98,570,400,750,450,
396,Ascended Heroes,2026-01-30,2026-02-19,2026-08-19,2,2026-04-19,31735,869895,me2pt5-284,Mega Gengar ex,284,Special Illustration Rare,875,569.99,400,690,510,
396,Ascended Heroes,2026-01-30,2026-02-19,2026-08-19,2,2026-04-20,31735,869895,me2pt5-284,Mega Gengar ex,284,Special Illustration Rare,849,599.9,515,720,490,
396,Ascended Heroes,2026-01-30,2026-02-19,2026-08-19,2,2026-04-21,31735,869895,me2pt5-284,Mega Gengar ex,284,Special Illustration Rare,849,599.99,565,800,500,
396,Ascended Heroes,2026-01-30,2026-02-19,2026-08-19,2,2026-04-22,31735,869895,me2pt5-284,Mega Gengar ex,284,Special Illustration Rare,875,599.99,560,790,490,
396,Ascended Heroes,2026-01-30,2026-02-19,2026-08-19,2,2026-04-23,31735,869895,me2pt5-284,Mega Gengar ex,284,Special Illustration Rare,875,599.99,555,800,490,
396,Ascended Heroes,2026-01-30,2026-02-19,2026-08-19,2,2026-04-24,31735,869895,me2pt5-284,Mega Gengar ex,284,Special Illustration Rare,899.99,599.9,899,790,490,
396,Ascended Heroes,2026-01-30,2026-02-19,2026-08-19,2,2026-04-25,31735,869895,me2pt5-284,Mega Gengar ex,284,Special Illustration Rare,899.99,599.9,550,750,499.99,
396,Ascended Heroes,2026-01-30,2026-02-19,2026-08-19,2,2026-04-26,31735,869895,me2pt5-284,Mega Gengar ex,284,Special Illustration Rare,949,599.9,470,750,490,
396,Ascended Heroes,2026-01-30,2026-02-19,2026-08-19,2,2026-04-27,31735,869895,me2pt5-284,Mega Gengar ex,284,Special Illustration Rare,949,599,570,750,490,
396,Ascended Heroes,2026-01-30,2026-02-19,2026-08-19,2,2026-04-28,31735,869895,me2pt5-284,Mega Gengar ex,284,Special Illustration Rare,949,599,615,750,499.99,
396,Ascended Heroes,2026-01-30,2026-02-19,2026-08-19,2,2026-04-29,31735,869895,me2pt5-284,Mega Gengar ex,284,Special Illustration Rare,929.99,600,615,790,499.99,
396,Ascended Heroes,2026-01-30,2026-02-19,2026-08-19,2,2026-04-30,31735,869895,me2pt5-284,Mega Gengar ex,284,Special Illustration Rare,929.99,650,580,800,490,
396,Ascended Heroes,2026-01-30,2026-02-19,2026-08-19,2,2026-05-01,31735,869895,me2pt5-284,Mega Gengar ex,284,Special Illustration Rare,925,650,615,800,549.9,
396,Ascended Heroes,2026-01-30,2026-02-19,2026-08-19,2,2026-05-04,31735,869895,me2pt5-284,Mega Gengar ex,284,Special Illustration Rare,925,620,530,800,480,
396,Ascended Heroes,2026-01-30,2026-02-19,2026-08-19,2,2026-05-05,31735,869895,me2pt5-284,Mega Gengar ex,284,Special Illustration Rare,925,620,560,750,480,
396,Ascended Heroes,2026-01-30,2026-02-19,2026-08-19,2,2026-05-07,31735,869895,me2pt5-284,Mega Gengar ex,284,Special Illustration Rare,875.66,700,605,700,480,
396,Ascended Heroes,2026-01-30,2026-02-19,2026-08-19,2,2026-05-09,31735,869895,me2pt5-284,Mega Gengar ex,284,Special Illustration Rare,875.66,700,800,700,480,
396,Ascended Heroes,2026-01-30,2026-02-19,2026-08-19,2,2026-05-12,31735,869895,me2pt5-284,Mega Gengar ex,284,Special Illustration Rare,1029.99,720,595,849,500,
396,Ascended Heroes,2026-01-30,2026-02-19,2026-08-19,2,2026-05-13,31735,869895,me2pt5-284,Mega Gengar ex,284,Special Illustration Rare,1030,700,539.9,699.99,450,
396,Ascended Heroes,2026-01-30,2026-02-19,2026-08-19,2,2026-05-14,31735,869895,me2pt5-284,Mega Gengar ex,284,Special Illustration Rare,1030,700,539.9,699.99,450,
396,Ascended Heroes,2026-01-30,2026-02-19,2026-08-19,2,2026-05-15,31735,869895,me2pt5-284,Mega Gengar ex,284,Special Illustration Rare,1030,730,539.9,777,542.9,
396,Ascended Heroes,2026-01-30,2026-02-19,2026-08-19,2,2026-05-18,31735,869895,me2pt5-284,Mega Gengar ex,284,Special Illustration Rare,1030,740,539.9,775,497,
396,Ascended Heroes,2026-01-30,2026-02-19,2026-08-19,2,2026-05-19,31735,869895,me2pt5-284,Mega Gengar ex,284,Special Illustration Rare,900,740,545,775,499.98,
396,Ascended Heroes,2026-01-30,2026-02-19,2026-08-19,2,2026-05-20,31735,869895,me2pt5-284,Mega Gengar ex,284,Special Illustration Rare,990,749,545,740,470,
396,Ascended Heroes,2026-01-30,2026-02-19,2026-08-19,2,2026-05-21,31735,869895,me2pt5-284,Mega Gengar ex,284,Special Illustration Rare,990,699,545,678,490,
396,Ascended Heroes,2026-01-30,2026-02-19,2026-08-19,2,2026-05-22,31735,869895,me2pt5-284,Mega Gengar ex,284,Special Illustration Rare,990,699,545,678,470,
396,Ascended Heroes,2026-01-30,2026-02-19,2026-08-19,2,2026-05-23,31735,869895,me2pt5-284,Mega Gengar ex,284,Special Illustration Rare,990,699,500,750,550,
396,Ascended Heroes,2026-01-30,2026-02-19,2026-08-19,2,2026-05-24,31735,869895,me2pt5-284,Mega Gengar ex,284,Special Illustration Rare,1000,715,500,390,470,
396,Ascended Heroes,2026-01-30,2026-02-19,2026-08-19,2,2026-05-25,31735,869895,me2pt5-284,Mega Gengar ex,284,Special Illustration Rare,1040,719.99,500,725,497,
396,Ascended Heroes,2026-01-30,2026-02-19,2026-08-19,2,2026-05-26,31735,869895,me2pt5-284,Mega Gengar ex,284,Special Illustration Rare,999,740,615,750,497,
396,Ascended Heroes,2026-01-30,2026-02-19,2026-08-19,2,2026-05-27,31735,869895,me2pt5-284,Mega Gengar ex,284,Special Illustration Rare,1039.99,739.99,615,700,470,
396,Ascended Heroes,2026-01-30,2026-02-19,2026-08-19,2,2026-05-28,31735,869895,me2pt5-284,Mega Gengar ex,284,Special Illustration Rare,1039.99,599,615,700,485,
396,Ascended Heroes,2026-01-30,2026-02-19,2026-08-19,2,2026-05-29,31735,869895,me2pt5-284,Mega Gengar ex,284,Special Illustration Rare,980,599,690,750,470,
396,Ascended Heroes,2026-01-30,2026-02-19,2026-08-19,2,2026-05-30,31735,869895,me2pt5-284,Mega Gengar ex,284,Special Illustration Rare,1025,720,630,775,489.98,
396,Ascended Heroes,2026-01-30,2026-02-19,2026-08-19,2,2026-05-31,31735,869895,me2pt5-284,Mega Gengar ex,284,Special Illustration Rare,1025,720,615,800,450,
396,Ascended Heroes,2026-01-30,2026-02-19,2026-08-19,2,2026-06-01,31735,869895,me2pt5-284,Mega Gengar ex,284,Special Illustration Rare,980,739.99,615,775,469.98,
396,Ascended Heroes,2026-01-30,2026-02-19,2026-08-19,2,2026-06-02,31735,869895,me2pt5-284,Mega Gengar ex,284,Special Illustration Rare,980,739.99,615,775,450,
396,Ascended Heroes,2026-01-30,2026-02-19,2026-08-19,2,2026-06-03,31735,869895,me2pt5-284,Mega Gengar ex,284,Special Illustration Rare,1010,740,615,775,450,
396,Ascended Heroes,2026-01-30,2026-02-19,2026-08-19,2,2026-06-04,31735,869895,me2pt5-284,Mega Gengar ex,284,Special Illustration Rare,1010,745,698.9,775,450,
396,Ascended Heroes,2026-01-30,2026-02-19,2026-08-19,2,2026-06-05,31735,869895,me2pt5-284,Mega Gengar ex,284,Special Illustration Rare,999,750,615,775,520,
396,Ascended Heroes,2026-01-30,2026-02-19,2026-08-19,2,2026-06-06,31735,869895,me2pt5-284,Mega Gengar ex,284,Special Illustration Rare,999,749.99,615,800,450,
396,Ascended Heroes,2026-01-30,2026-02-19,2026-08-19,2,2026-06-07,31735,869895,me2pt5-284,Mega Gengar ex,284,Special Illustration Rare,999,739.99,615,775,450,
396,Ascended Heroes,2026-01-30,2026-02-19,2026-08-19,2,2026-06-08,31735,869895,me2pt5-284,Mega Gengar ex,284,Special Illustration Rare,999,734.95,650,775,490,
396,Ascended Heroes,2026-01-30,2026-02-19,2026-08-19,2,2026-06-09,31735,869895,me2pt5-284,Mega Gengar ex,284,Special Illustration Rare,999,699.99,594.99,775,380,
396,Ascended Heroes,2026-01-30,2026-02-19,2026-08-19,2,2026-06-10,31735,869895,me2pt5-284,Mega Gengar ex,284,Special Illustration Rare,999,739.98,594.99,775,380,
396,Ascended Heroes,2026-01-30,2026-02-19,2026-08-19,2,2026-06-11,31735,869895,me2pt5-284,Mega Gengar ex,284,Special Illustration Rare,999,739.98,519.9,775,380,
396,Ascended Heroes,2026-01-30,2026-02-19,2026-08-19,2,2026-06-12,31735,869895,me2pt5-284,Mega Gengar ex,284,Special Illustration Rare,999,739.98,594.99,775,380,
396,Ascended Heroes,2026-01-30,2026-02-19,2026-08-19,2,2026-06-13,31735,869895,me2pt5-284,Mega Gengar ex,284,Special Illustration Rare,974.99,739.98,594.99,775,380,
396,Ascended Heroes,2026-01-30,2026-02-19,2026-08-19,2,2026-06-14,31735,869895,me2pt5-284,Mega Gengar ex,284,Special Illustration Rare,974.99,739.98,615,775,380,
396,Ascended Heroes,2026-01-30,2026-02-19,2026-08-19,2,2026-06-15,31735,869895,me2pt5-284,Mega Gengar ex,284,Special Illustration Rare,974.99,739.99,615,799,380,
396,Ascended Heroes,2026-01-30,2026-02-19,2026-08-19,2,2026-06-16,31735,869895,me2pt5-284,Mega Gengar ex,284,Special Illustration Rare,974.99,739.99,615,799,380,
396,Ascended Heroes,2026-01-30,2026-02-19,2026-08-19,2,2026-06-17,31735,869895,me2pt5-284,Mega Gengar ex,284,Special Illustration Rare,974.99,739.99,615,775,380,
396,Ascended Heroes,2026-01-30,2026-02-19,2026-08-19,2,2026-06-18,31735,869895,me2pt5-284,Mega Gengar ex,284,Special Illustration Rare,900,739.99,615,699.99,380,
396,Ascended Heroes,2026-01-30,2026-02-19,2026-08-19,2,2026-06-19,31735,869895,me2pt5-284,Mega Gengar ex,284,Special Illustration Rare,960,740,599,775,449,
396,Ascended Heroes,2026-01-30,2026-02-19,2026-08-19,2,2026-06-20,31735,869895,me2pt5-284,Mega Gengar ex,284,Special Illustration Rare,900,615,599,850,449,
396,Ascended Heroes,2026-01-30,2026-02-19,2026-08-19,2,2026-06-21,31735,869895,me2pt5-284,Mega Gengar ex,284,Special Illustration Rare,914.87,739.99,599,775,449,
396,Ascended Heroes,2026-01-30,2026-02-19,2026-08-19,2,2026-06-22,31735,869895,me2pt5-284,Mega Gengar ex,284,Special Illustration Rare,914.6,744.99,644.8,775,469.98,
396,Ascended Heroes,2026-01-30,2026-02-19,2026-08-19,2,2026-06-23,31735,869895,me2pt5-284,Mega Gengar ex,284,Special Illustration Rare,870,739.99,599,780,449,
396,Ascended Heroes,2026-01-30,2026-02-19,2026-08-19,2,2026-06-24,31735,869895,me2pt5-284,Mega Gengar ex,284,Special Illustration Rare,870,740,599,800,449,
396,Ascended Heroes,2026-01-30,2026-02-19,2026-08-19,2,2026-06-25,31735,869895,me2pt5-284,Mega Gengar ex,284,Special Illustration Rare,870,740,599,780,449,
396,Ascended Heroes,2026-01-30,2026-02-19,2026-08-19,2,2026-06-26,31735,869895,me2pt5-284,Mega Gengar ex,284,Special Illustration Rare,900,719.99,560,780,440,
396,Ascended Heroes,2026-01-30,2026-02-19,2026-08-19,2,2026-06-27,31735,869895,me2pt5-284,Mega Gengar ex,284,Special Illustration Rare,870,699,560,780,440,
396,Ascended Heroes,2026-01-30,2026-02-19,2026-08-19,2,2026-06-28,31735,869895,me2pt5-284,Mega Gengar ex,284,Special Illustration Rare,870,730,550,780,440,
396,Ascended Heroes,2026-01-30,2026-02-19,2026-08-19,2,2026-06-29,31735,869895,me2pt5-284,Mega Gengar ex,284,Special Illustration Rare,870,699,550,780,440,
396,Ascended Heroes,2026-01-30,2026-02-19,2026-08-19,2,2026-06-30,31735,869895,me2pt5-284,Mega Gengar ex,284,Special Illustration Rare,870,720,550,780,440,
396,Ascended Heroes,2026-01-30,2026-02-19,2026-08-19,2,2026-07-01,31735,869895,me2pt5-284,Mega Gengar ex,284,Special Illustration Rare,870,720,550,750,440,
396,Ascended Heroes,2026-01-30,2026-02-19,2026-08-19,2,2026-07-02,31735,869895,me2pt5-284,Mega Gengar ex,284,Special Illustration Rare,870,700,600,780,440,
396,Ascended Heroes,2026-01-30,2026-02-19,2026-08-19,2,2026-07-06,31735,869895,me2pt5-284,Mega Gengar ex,284,Special Illustration Rare,870,730,590,780,440,
396,Ascended Heroes,2026-01-30,2026-02-19,2026-08-19,2,2026-07-07,31735,869895,me2pt5-284,Mega Gengar ex,284,Special Illustration Rare,899,720,590,60.9,440,
396,Ascended Heroes,2026-01-30,2026-02-19,2026-08-19,2,2026-07-08,31735,869895,me2pt5-284,Mega Gengar ex,284,Special Illustration Rare,890,740,590,800,440,
396,Ascended Heroes,2026-01-30,2026-02-19,2026-08-19,2,2026-07-09,31735,869895,me2pt5-284,Mega Gengar ex,284,Special Illustration Rare,890,740,590,780,440,
396,Ascended Heroes,2026-01-30,2026-02-19,2026-08-19,2,2026-07-10,31735,869895,me2pt5-284,Mega Gengar ex,284,Special Illustration Rare,880,740,569.96,780,440,
396,Ascended Heroes,2026-01-30,2026-02-19,2026-08-19,2,2026-07-11,31735,869895,me2pt5-284,Mega Gengar ex,284,Special Illustration Rare,880,750,569.96,780,440,
396,Ascended Heroes,2026-01-30,2026-02-19,2026-08-19,2,2026-07-12,31735,869895,me2pt5-284,Mega Gengar ex,284,Special Illustration Rare,880,730,569.96,780,440,
396,Ascended Heroes,2026-01-30,2026-02-19,2026-08-19,2,2026-07-13,31735,869895,me2pt5-284,Mega Gengar ex,284,Special Illustration Rare,900,744.99,569.96,780,440,
396,Ascended Heroes,2026-01-30,2026-02-19,2026-08-19,2,2026-07-14,31735,869895,me2pt5-284,Mega Gengar ex,284,Special Illustration Rare,900,700,569.96,780,440,
396,Ascended Heroes,2026-01-30,2026-02-19,2026-08-19,2,2026-07-16,31735,869895,me2pt5-284,Mega Gengar ex,284,Special Illustration Rare,890,719,550,690,440,
396,Ascended Heroes,2026-01-30,2026-02-19,2026-08-19,2,2026-07-17,31735,869895,me2pt5-284,Mega Gengar ex,284,Special Illustration Rare,889,730,550,690,440,
396,Ascended Heroes,2026-01-30,2026-02-19,2026-08-19,2,2026-07-18,31735,869895,me2pt5-284,Mega Gengar ex,284,Special Illustration Rare,889,730,550,800,440,
396,Ascended Heroes,2026-01-30,2026-02-19,2026-08-19,2,2026-07-19,31735,869895,me2pt5-284,Mega Gengar ex,284,Special Illustration Rare,945,728,550,780,440,
396,Ascended Heroes,2026-01-30,2026-02-19,2026-08-19,2,2026-07-20,31735,869895,me2pt5-284,Mega Gengar ex,284,Special Illustration Rare,945,728,550,780,440,
396,Ascended Heroes,2026-01-30,2026-02-19,2026-08-19,2,2026-07-21,31735,869895,me2pt5-284,Mega Gengar ex,284,Special Illustration Rare,880,728,550,780,440,
396,Ascended Heroes,2026-01-30,2026-02-19,2026-08-19,2,2026-07-22,31735,869895,me2pt5-284,Mega Gengar ex,284,Special Illustration Rare,880,728,550,780,440,
396,Ascended Heroes,2026-01-30,2026-02-19,2026-08-19,2,2026-07-23,31735,869895,me2pt5-284,Mega Gengar ex,284,Special Illustration Rare,880,700,550,780,440,
396,Ascended Heroes,2026-01-30,2026-02-19,2026-08-19,2,2026-07-24,31735,869895,me2pt5-284,Mega Gengar ex,284,Special Illustration Rare,880,720,550,780,430,
396,Ascended Heroes,2026-01-30,2026-02-19,2026-08-19,2,2026-07-26,31735,869895,me2pt5-284,Mega Gengar ex,284,Special Illustration Rare,880,690,589.9,780,430,
396,Ascended Heroes,2026-01-30,2026-02-19,2026-08-19,2,2026-07-27,31735,869895,me2pt5-284,Mega Gengar ex,284,Special Illustration Rare,880,690,589.9,780,430,
396,Ascended Heroes,2026-01-30,2026-02-19,2026-08-19,2,2026-07-28,31735,869895,me2pt5-284,Mega Gengar ex,284,Special Illustration Rare,880,690,589.9,780,430,
396,Ascended Heroes,2026-01-30,2026-02-19,2026-08-19,2,2026-07-29,31735,869895,me2pt5-284,Mega Gengar ex,284,Special Illustration Rare,880,720,589.9,780,430,
396,Ascended Heroes,2026-01-30,2026-02-19,2026-08-19,2,2026-07-30,31735,869895,me2pt5-284,Mega Gengar ex,284,Special Illustration Rare,880,720,589.9,780,430,1069
396,Ascended Heroes,2026-01-30,2026-02-19,2026-08-19,2,2026-07-31,31735,869895,me2pt5-284,Mega Gengar ex,284,Special Illustration Rare,880,720,589.9,780,430,1054.93
396,Ascended Heroes,2026-01-30,2026-02-19,2026-08-19,2,2026-08-01,31735,869895,me2pt5-284,Mega Gengar ex,284,Special Illustration Rare,895,748.98,545,780,430,1054.93
396,Ascended Heroes,2026-01-30,2026-02-19,2026-08-19,2,2026-08-03,31735,869895,me2pt5-284,Mega Gengar ex,284,Special Illustration Rare,895,748.98,545,799.99,430,1029.42
396,Ascended Heroes,2026-01-30,2026-02-19,2026-08-19,2,2026-08-04,31735,869895,me2pt5-284,Mega Gengar ex,284,Special Illustration Rare,895,700,509.99,850,440,1029.42
396,Ascended Heroes,2026-01-30,2026-02-19,2026-08-19,2,2026-08-05,31735,869895,me2pt5-284,Mega Gengar ex,284,Special Illustration Rare,895,700,509.99,850,440,1029.42
396,Ascended Heroes,2026-01-30,2026-02-19,2026-08-19,2,2026-08-10,31735,869895,me2pt5-284,Mega Gengar ex,284,Special Illustration Rare,900,700,530,850,430,1029.42
396,Ascended Heroes,2026-01-30,2026-02-19,2026-08-19,2,2026-08-11,31735,869895,me2pt5-284,Mega Gengar ex,284,Special Illustration Rare,900,728,530,850,430,1029.42
396,Ascended Heroes,2026-01-30,2026-02-19,2026-08-19,2,2026-08-12,31735,869895,me2pt5-284,Mega Gengar ex,284,Special Illustration Rare,900,727,550,850,430,1029.42
396,Ascended Heroes,2026-01-30,2026-02-19,2026-08-19,2,2026-08-13,31735,869895,me2pt5-284,Mega Gengar ex,284,Special Illustration Rare,888,700,550,800,440,956.21
396,Ascended Heroes,2026-01-30,2026-02-19,2026-08-19,2,2026-08-14,31735,869895,me2pt5-284,Mega Gengar ex,284,Special Illustration Rare,888,700,550,800,440,956.21
396,Ascended Heroes,2026-01-30,2026-02-19,2026-08-19,2,2026-08-15,31735,869895,me2pt5-284,Mega Gengar ex,284,Special Illustration Rare,888,700,550,800,440,930.74
396,Ascended Heroes,2026-01-30,2026-02-19,2026-08-19,2,2026-08-16,31735,869895,me2pt5-284,Mega Gengar ex,284,Special Illustration Rare,888,715,550,800,440,930.74
396,Ascended Heroes,2026-01-30,2026-02-19,2026-08-19,2,2026-08-17,31735,869895,me2pt5-284,Mega Gengar ex,284,Special Illustration Rare,888,749,550,800,440,930.74
396,Ascended Heroes,2026-01-30,2026-02-19,2026-08-19,2,2026-08-18,31735,869895,me2pt5-284,Mega Gengar ex,284,Special Illustration Rare,888,715,550,800,440,930.74
396,Ascended Heroes,2026-01-30,2026-02-19,2026-08-19,3,2026-02-19,31741,869901,me2pt5-290,Mega Dragonite ex,290,Special Illustration Rare,447.86,345,345,349.99,299,
396,Ascended Heroes,2026-01-30,2026-02-19,2026-08-19,3,2026-02-20,31741,869901,me2pt5-290,Mega Dragonite ex,290,Special Illustration Rare,435.87,320,345,344.99,299,
396,Ascended Heroes,2026-01-30,2026-02-19,2026-08-19,3,2026-02-21,31741,869901,me2pt5-290,Mega Dragonite ex,290,Special Illustration Rare,424.13,298.86,369.99,329.99,280,
396,Ascended Heroes,2026-01-30,2026-02-19,2026-08-19,3,2026-02-22,31741,869901,me2pt5-290,Mega Dragonite ex,290,Special Illustration Rare,424.14,290,369.99,329.9,270,
396,Ascended Heroes,2026-01-30,2026-02-19,2026-08-19,3,2026-02-23,31741,869901,me2pt5-290,Mega Dragonite ex,290,Special Illustration Rare,424.01,285,369.99,329,280,
396,Ascended Heroes,2026-01-30,2026-02-19,2026-08-19,3,2026-02-24,31741,869901,me2pt5-290,Mega Dragonite ex,290,Special Illustration Rare,424.47,279.95,369.99,329.9,275,
396,Ascended Heroes,2026-01-30,2026-02-19,2026-08-19,3,2026-02-25,31741,869901,me2pt5-290,Mega Dragonite ex,290,Special Illustration Rare,425.05,279,369.99,300,275,
396,Ascended Heroes,2026-01-30,2026-02-19,2026-08-19,3,2026-02-26,31741,869901,me2pt5-290,Mega Dragonite ex,290,Special Illustration Rare,413.61,249.99,369.95,300,250,
396,Ascended Heroes,2026-01-30,2026-02-19,2026-08-19,3,2026-02-27,31741,869901,me2pt5-290,Mega Dragonite ex,290,Special Illustration Rare,412.07,265,360,329.9,250,
396,Ascended Heroes,2026-01-30,2026-02-19,2026-08-19,3,2026-02-28,31741,869901,me2pt5-290,Mega Dragonite ex,290,Special Illustration Rare,411.3,260,360,329.9,250,
396,Ascended Heroes,2026-01-30,2026-02-19,2026-08-19,3,2026-03-01,31741,869901,me2pt5-290,Mega Dragonite ex,290,Special Illustration Rare,423.04,250,340,329.9,250,
396,Ascended Heroes,2026-01-30,2026-02-19,2026-08-19,3,2026-03-02,31741,869901,me2pt5-290,Mega Dragonite ex,290,Special Illustration Rare,422.97,250,340,329.9,260,
396,Ascended Heroes,2026-01-30,2026-02-19,2026-08-19,3,2026-03-03,31741,869901,me2pt5-290,Mega Dragonite ex,290,Special Illustration Rare,425.13,250,339.99,329.9,250,
396,Ascended Heroes,2026-01-30,2026-02-19,2026-08-19,3,2026-03-04,31741,869901,me2pt5-290,Mega Dragonite ex,290,Special Illustration Rare,426.18,265,338,339.99,259,
396,Ascended Heroes,2026-01-30,2026-02-19,2026-08-19,3,2026-03-05,31741,869901,me2pt5-290,Mega Dragonite ex,290,Special Illustration Rare,410,245,338,319.98,245,
396,Ascended Heroes,2026-01-30,2026-02-19,2026-08-19,3,2026-03-06,31741,869901,me2pt5-290,Mega Dragonite ex,290,Special Illustration Rare,399,245,338,319.98,235,
396,Ascended Heroes,2026-01-30,2026-02-19,2026-08-19,3,2026-03-07,31741,869901,me2pt5-290,Mega Dragonite ex,290,Special Illustration Rare,380,245,338,320,235,
396,Ascended Heroes,2026-01-30,2026-02-19,2026-08-19,3,2026-03-08,31741,869901,me2pt5-290,Mega Dragonite ex,290,Special Illustration Rare,379,265,300,319.98,235,
396,Ascended Heroes,2026-01-30,2026-02-19,2026-08-19,3,2026-03-09,31741,869901,me2pt5-290,Mega Dragonite ex,290,Special Illustration Rare,379,250,250,319.98,247,
396,Ascended Heroes,2026-01-30,2026-02-19,2026-08-19,3,2026-03-10,31741,869901,me2pt5-290,Mega Dragonite ex,290,Special Illustration Rare,379,265,330,310,235,
396,Ascended Heroes,2026-01-30,2026-02-19,2026-08-19,3,2026-03-11,31741,869901,me2pt5-290,Mega Dragonite ex,290,Special Illustration Rare,350,255,250,344.99,239,
396,Ascended Heroes,2026-01-30,2026-02-19,2026-08-19,3,2026-03-12,31741,869901,me2pt5-290,Mega Dragonite ex,290,Special Illustration Rare,350,265,250,344.99,230,
396,Ascended Heroes,2026-01-30,2026-02-19,2026-08-19,3,2026-03-13,31741,869901,me2pt5-290,Mega Dragonite ex,290,Special Illustration Rare,350,265,339.99,344.99,248,
396,Ascended Heroes,2026-01-30,2026-02-19,2026-08-19,3,2026-03-14,31741,869901,me2pt5-290,Mega Dragonite ex,290,Special Illustration Rare,350,265,300,344.99,225,
396,Ascended Heroes,2026-01-30,2026-02-19,2026-08-19,3,2026-03-15,31741,869901,me2pt5-290,Mega Dragonite ex,290,Special Illustration Rare,380,265,300,399.99,240,
396,Ascended Heroes,2026-01-30,2026-02-19,2026-08-19,3,2026-03-16,31741,869901,me2pt5-290,Mega Dragonite ex,290,Special Illustration Rare,395.99,295,300,395,222,
396,Ascended Heroes,2026-01-30,2026-02-19,2026-08-19,3,2026-03-17,31741,869901,me2pt5-290,Mega Dragonite ex,290,Special Illustration Rare,374,300,295,350,222,
396,Ascended Heroes,2026-01-30,2026-02-19,2026-08-19,3,2026-03-18,31741,869901,me2pt5-290,Mega Dragonite ex,290,Special Illustration Rare,374,289.99,290,350,225,
396,Ascended Heroes,2026-01-30,2026-02-19,2026-08-19,3,2026-03-19,31741,869901,me2pt5-290,Mega Dragonite ex,290,Special Illustration Rare,374,280,290,360,219,
396,Ascended Heroes,2026-01-30,2026-02-19,2026-08-19,3,2026-03-20,31741,869901,me2pt5-290,Mega Dragonite ex,290,Special Illustration Rare,380,280,286,360,210,
396,Ascended Heroes,2026-01-30,2026-02-19,2026-08-19,3,2026-03-21,31741,869901,me2pt5-290,Mega Dragonite ex,290,Special Illustration Rare,380,299,290,330,199,
396,Ascended Heroes,2026-01-30,2026-02-19,2026-08-19,3,2026-03-22,31741,869901,me2pt5-290,Mega Dragonite ex,290,Special Illustration Rare,380,280,289,325,195,
396,Ascended Heroes,2026-01-30,2026-02-19,2026-08-19,3,2026-03-23,31741,869901,me2pt5-290,Mega Dragonite ex,290,Special Illustration Rare,399,300,290,330,220,
396,Ascended Heroes,2026-01-30,2026-02-19,2026-08-19,3,2026-03-24,31741,869901,me2pt5-290,Mega Dragonite ex,290,Special Illustration Rare,384.99,295,275,325,225,
396,Ascended Heroes,2026-01-30,2026-02-19,2026-08-19,3,2026-03-25,31741,869901,me2pt5-290,Mega Dragonite ex,290,Special Illustration Rare,384.99,299,275,325,229,
396,Ascended Heroes,2026-01-30,2026-02-19,2026-08-19,3,2026-03-26,31741,869901,me2pt5-290,Mega Dragonite ex,290,Special Illustration Rare,384.99,280,210,325,195,
396,Ascended Heroes,2026-01-30,2026-02-19,2026-08-19,3,2026-03-27,31741,869901,me2pt5-290,Mega Dragonite ex,290,Special Illustration Rare,379.99,270,249.99,350,190,
396,Ascended Heroes,2026-01-30,2026-02-19,2026-08-19,3,2026-03-28,31741,869901,me2pt5-290,Mega Dragonite ex,290,Special Illustration Rare,430,270,249.99,330,190,
396,Ascended Heroes,2026-01-30,2026-02-19,2026-08-19,3,2026-03-29,31741,869901,me2pt5-290,Mega Dragonite ex,290,Special Illustration Rare,410,265,249.99,380,190,
396,Ascended Heroes,2026-01-30,2026-02-19,2026-08-19,3,2026-03-30,31741,869901,me2pt5-290,Mega Dragonite ex,290,Special Illustration Rare,409.99,294,249.99,325,195,
396,Ascended Heroes,2026-01-30,2026-02-19,2026-08-19,3,2026-03-31,31741,869901,me2pt5-290,Mega Dragonite ex,290,Special Illustration Rare,500,293.99,249.99,325,195,
396,Ascended Heroes,2026-01-30,2026-02-19,2026-08-19,3,2026-04-01,31741,869901,me2pt5-290,Mega Dragonite ex,290,Special Illustration Rare,425,293,249.99,325,185,
396,Ascended Heroes,2026-01-30,2026-02-19,2026-08-19,3,2026-04-02,31741,869901,me2pt5-290,Mega Dragonite ex,290,Special Illustration Rare,499,293.99,249.99,325,185,
396,Ascended Heroes,2026-01-30,2026-02-19,2026-08-19,3,2026-04-03,31741,869901,me2pt5-290,Mega Dragonite ex,290,Special Illustration Rare,429,295,299.99,440,185,
396,Ascended Heroes,2026-01-30,2026-02-19,2026-08-19,3,2026-04-04,31741,869901,me2pt5-290,Mega Dragonite ex,290,Special Illustration Rare,429,295,250,440,185,
396,Ascended Heroes,2026-01-30,2026-02-19,2026-08-19,3,2026-04-05,31741,869901,me2pt5-290,Mega Dragonite ex,290,Special Illustration Rare,430,300,240,590,195,
396,Ascended Heroes,2026-01-30,2026-02-19,2026-08-19,3,2026-04-06,31741,869901,me2pt5-290,Mega Dragonite ex,290,Special Illustration Rare,520,290,249.99,440,199,
396,Ascended Heroes,2026-01-30,2026-02-19,2026-08-19,3,2026-04-07,31741,869901,me2pt5-290,Mega Dragonite ex,290,Special Illustration Rare,494.95,350,249.99,440,185,
396,Ascended Heroes,2026-01-30,2026-02-19,2026-08-19,3,2026-04-08,31741,869901,me2pt5-290,Mega Dragonite ex,290,Special Illustration Rare,494.95,350,249.99,440,185,
396,Ascended Heroes,2026-01-30,2026-02-19,2026-08-19,3,2026-04-09,31741,869901,me2pt5-290,Mega Dragonite ex,290,Special Illustration Rare,494.95,350,240,440,185,
396,Ascended Heroes,2026-01-30,2026-02-19,2026-08-19,3,2026-04-10,31741,869901,me2pt5-290,Mega Dragonite ex,290,Special Illustration Rare,524.99,399,240,430,219,
396,Ascended Heroes,2026-01-30,2026-02-19,2026-08-19,3,2026-04-11,31741,869901,me2pt5-290,Mega Dragonite ex,290,Special Illustration Rare,524.99,389.99,240,430,170,
396,Ascended Heroes,2026-01-30,2026-02-19,2026-08-19,3,2026-04-12,31741,869901,me2pt5-290,Mega Dragonite ex,290,Special Illustration Rare,519.99,419.99,240,430,219,
396,Ascended Heroes,2026-01-30,2026-02-19,2026-08-19,3,2026-04-13,31741,869901,me2pt5-290,Mega Dragonite ex,290,Special Illustration Rare,520,390,240,430,170,
396,Ascended Heroes,2026-01-30,2026-02-19,2026-08-19,3,2026-04-14,31741,869901,me2pt5-290,Mega Dragonite ex,290,Special Illustration Rare,520,399,245,325,199.9,
396,Ascended Heroes,2026-01-30,2026-02-19,2026-08-19,3,2026-04-15,31741,869901,me2pt5-290,Mega Dragonite ex,290,Special Illustration Rare,520,389.99,240,325,200,
396,Ascended Heroes,2026-01-30,2026-02-19,2026-08-19,3,2026-04-16,31741,869901,me2pt5-290,Mega Dragonite ex,290,Special Illustration Rare,520,389.99,280,430,170,
396,Ascended Heroes,2026-01-30,2026-02-19,2026-08-19,3,2026-04-17,31741,869901,me2pt5-290,Mega Dragonite ex,290,Special Illustration Rare,520,399,240,450,185,
396,Ascended Heroes,2026-01-30,2026-02-19,2026-08-19,3,2026-04-18,31741,869901,me2pt5-290,Mega Dragonite ex,290,Special Illustration Rare,549,390,240,440,185,
396,Ascended Heroes,2026-01-30,2026-02-19,2026-08-19,3,2026-04-19,31741,869901,me2pt5-290,Mega Dragonite ex,290,Special Illustration Rare,520,399,240,430,185,
396,Ascended Heroes,2026-01-30,2026-02-19,2026-08-19,3,2026-04-20,31741,869901,me2pt5-290,Mega Dragonite ex,290,Special Illustration Rare,520,390,240,430,185,
396,Ascended Heroes,2026-01-30,2026-02-19,2026-08-19,3,2026-04-21,31741,869901,me2pt5-290,Mega Dragonite ex,290,Special Illustration Rare,520,390,240,440,185,
396,Ascended Heroes,2026-01-30,2026-02-19,2026-08-19,3,2026-04-22,31741,869901,me2pt5-290,Mega Dragonite ex,290,Special Illustration Rare,520,390,250,430,180,
396,Ascended Heroes,2026-01-30,2026-02-19,2026-08-19,3,2026-04-23,31741,869901,me2pt5-290,Mega Dragonite ex,290,Special Illustration Rare,520,390,250,430,199,
396,Ascended Heroes,2026-01-30,2026-02-19,2026-08-19,3,2026-04-24,31741,869901,me2pt5-290,Mega Dragonite ex,290,Special Illustration Rare,520,389.95,250,420,198,
396,Ascended Heroes,2026-01-30,2026-02-19,2026-08-19,3,2026-04-25,31741,869901,me2pt5-290,Mega Dragonite ex,290,Special Illustration Rare,520,389.95,250,420,185,
396,Ascended Heroes,2026-01-30,2026-02-19,2026-08-19,3,2026-04-26,31741,869901,me2pt5-290,Mega Dragonite ex,290,Special Illustration Rare,520,380,250,440,198,
396,Ascended Heroes,2026-01-30,2026-02-19,2026-08-19,3,2026-04-27,31741,869901,me2pt5-290,Mega Dragonite ex,290,Special Illustration Rare,520,360,250,440,199,
396,Ascended Heroes,2026-01-30,2026-02-19,2026-08-19,3,2026-04-28,31741,869901,me2pt5-290,Mega Dragonite ex,290,Special Illustration Rare,525,365,250,440,190,
396,Ascended Heroes,2026-01-30,2026-02-19,2026-08-19,3,2026-04-29,31741,869901,me2pt5-290,Mega Dragonite ex,290,Special Illustration Rare,525,375,250,440,190,
396,Ascended Heroes,2026-01-30,2026-02-19,2026-08-19,3,2026-04-30,31741,869901,me2pt5-290,Mega Dragonite ex,290,Special Illustration Rare,525,395,280,440,190,
396,Ascended Heroes,2026-01-30,2026-02-19,2026-08-19,3,2026-05-01,31741,869901,me2pt5-290,Mega Dragonite ex,290,Special Illustration Rare,525,395,260,440,210,
396,Ascended Heroes,2026-01-30,2026-02-19,2026-08-19,3,2026-05-02,31741,869901,me2pt5-290,Mega Dragonite ex,290,Special Illustration Rare,525,393,250,440,199,
396,Ascended Heroes,2026-01-30,2026-02-19,2026-08-19,3,2026-05-04,31741,869901,me2pt5-290,Mega Dragonite ex,290,Special Illustration Rare,525,390,250,450,220,
396,Ascended Heroes,2026-01-30,2026-02-19,2026-08-19,3,2026-05-06,31741,869901,me2pt5-290,Mega Dragonite ex,290,Special Illustration Rare,525,380,250,410,228,
396,Ascended Heroes,2026-01-30,2026-02-19,2026-08-19,3,2026-05-09,31741,869901,me2pt5-290,Mega Dragonite ex,290,Special Illustration Rare,549.99,495,250,410,170,
396,Ascended Heroes,2026-01-30,2026-02-19,2026-08-19,3,2026-05-10,31741,869901,me2pt5-290,Mega Dragonite ex,290,Special Illustration Rare,549.99,435,250,430,210,
396,Ascended Heroes,2026-01-30,2026-02-19,2026-08-19,3,2026-05-11,31741,869901,me2pt5-290,Mega Dragonite ex,290,Special Illustration Rare,525,430,250,430,210,
396,Ascended Heroes,2026-01-30,2026-02-19,2026-08-19,3,2026-05-12,31741,869901,me2pt5-290,Mega Dragonite ex,290,Special Illustration Rare,525,430,275,450,220,
396,Ascended Heroes,2026-01-30,2026-02-19,2026-08-19,3,2026-05-13,31741,869901,me2pt5-290,Mega Dragonite ex,290,Special Illustration Rare,525,430,250,430,220,
396,Ascended Heroes,2026-01-30,2026-02-19,2026-08-19,3,2026-05-14,31741,869901,me2pt5-290,Mega Dragonite ex,290,Special Illustration Rare,520,430,300,430,220,
396,Ascended Heroes,2026-01-30,2026-02-19,2026-08-19,3,2026-05-15,31741,869901,me2pt5-290,Mega Dragonite ex,290,Special Illustration Rare,520,449,300,430,229.9,
396,Ascended Heroes,2026-01-30,2026-02-19,2026-08-19,3,2026-05-18,31741,869901,me2pt5-290,Mega Dragonite ex,290,Special Illustration Rare,520,415,300,490,200,
396,Ascended Heroes,2026-01-30,2026-02-19,2026-08-19,3,2026-05-19,31741,869901,me2pt5-290,Mega Dragonite ex,290,Special Illustration Rare,520,410,279,479,218,
396,Ascended Heroes,2026-01-30,2026-02-19,2026-08-19,3,2026-05-20,31741,869901,me2pt5-290,Mega Dragonite ex,290,Special Illustration Rare,500,399.99,279,479,220,
396,Ascended Heroes,2026-01-30,2026-02-19,2026-08-19,3,2026-05-21,31741,869901,me2pt5-290,Mega Dragonite ex,290,Special Illustration Rare,590,399.99,279,479,220,
396,Ascended Heroes,2026-01-30,2026-02-19,2026-08-19,3,2026-05-22,31741,869901,me2pt5-290,Mega Dragonite ex,290,Special Illustration Rare,519,399.99,279,479,220,
396,Ascended Heroes,2026-01-30,2026-02-19,2026-08-19,3,2026-05-23,31741,869901,me2pt5-290,Mega Dragonite ex,290,Special Illustration Rare,519,399.99,279,479,220,
396,Ascended Heroes,2026-01-30,2026-02-19,2026-08-19,3,2026-05-24,31741,869901,me2pt5-290,Mega Dragonite ex,290,Special Illustration Rare,550,379.99,298.95,499,220,
396,Ascended Heroes,2026-01-30,2026-02-19,2026-08-19,3,2026-05-25,31741,869901,me2pt5-290,Mega Dragonite ex,290,Special Illustration Rare,519,409.99,279,490,220,
396,Ascended Heroes,2026-01-30,2026-02-19,2026-08-19,3,2026-05-26,31741,869901,me2pt5-290,Mega Dragonite ex,290,Special Illustration Rare,550,379.99,279,489,200,
396,Ascended Heroes,2026-01-30,2026-02-19,2026-08-19,3,2026-05-27,31741,869901,me2pt5-290,Mega Dragonite ex,290,Special Illustration Rare,550,369.99,279,489,200,
396,Ascended Heroes,2026-01-30,2026-02-19,2026-08-19,3,2026-05-28,31741,869901,me2pt5-290,Mega Dragonite ex,290,Special Illustration Rare,550,369.99,279,470,200,
396,Ascended Heroes,2026-01-30,2026-02-19,2026-08-19,3,2026-05-29,31741,869901,me2pt5-290,Mega Dragonite ex,290,Special Illustration Rare,599.99,409.99,279,485,220,
396,Ascended Heroes,2026-01-30,2026-02-19,2026-08-19,3,2026-05-30,31741,869901,me2pt5-290,Mega Dragonite ex,290,Special Illustration Rare,599.99,409.99,279,485,220,
396,Ascended Heroes,2026-01-30,2026-02-19,2026-08-19,3,2026-05-31,31741,869901,me2pt5-290,Mega Dragonite ex,290,Special Illustration Rare,645,409.99,279,480,220,
396,Ascended Heroes,2026-01-30,2026-02-19,2026-08-19,3,2026-06-01,31741,869901,me2pt5-290,Mega Dragonite ex,290,Special Illustration Rare,600,408,279,480,229.9,
396,Ascended Heroes,2026-01-30,2026-02-19,2026-08-19,3,2026-06-02,31741,869901,me2pt5-290,Mega Dragonite ex,290,Special Illustration Rare,600,405,300,479.99,229.9,
396,Ascended Heroes,2026-01-30,2026-02-19,2026-08-19,3,2026-06-03,31741,869901,me2pt5-290,Mega Dragonite ex,290,Special Illustration Rare,600,390,278.95,520,228,
396,Ascended Heroes,2026-01-30,2026-02-19,2026-08-19,3,2026-06-04,31741,869901,me2pt5-290,Mega Dragonite ex,290,Special Illustration Rare,600,380,278.95,520,228,
396,Ascended Heroes,2026-01-30,2026-02-19,2026-08-19,3,2026-06-05,31741,869901,me2pt5-290,Mega Dragonite ex,290,Special Illustration Rare,624,379.99,278.95,470,228,
396,Ascended Heroes,2026-01-30,2026-02-19,2026-08-19,3,2026-06-06,31741,869901,me2pt5-290,Mega Dragonite ex,290,Special Illustration Rare,624,379.99,278.95,470,228,
396,Ascended Heroes,2026-01-30,2026-02-19,2026-08-19,3,2026-06-07,31741,869901,me2pt5-290,Mega Dragonite ex,290,Special Illustration Rare,624,369.99,278.95,470,228,
396,Ascended Heroes,2026-01-30,2026-02-19,2026-08-19,3,2026-06-08,31741,869901,me2pt5-290,Mega Dragonite ex,290,Special Illustration Rare,624,369.99,275,499.9,228,
396,Ascended Heroes,2026-01-30,2026-02-19,2026-08-19,3,2026-06-09,31741,869901,me2pt5-290,Mega Dragonite ex,290,Special Illustration Rare,624.98,369.99,278.95,470,224.9,
396,Ascended Heroes,2026-01-30,2026-02-19,2026-08-19,3,2026-06-10,31741,869901,me2pt5-290,Mega Dragonite ex,290,Special Illustration Rare,624.98,369.99,278.95,470,229.9,
396,Ascended Heroes,2026-01-30,2026-02-19,2026-08-19,3,2026-06-11,31741,869901,me2pt5-290,Mega Dragonite ex,290,Special Illustration Rare,614.99,369.99,278.95,469.99,228,
396,Ascended Heroes,2026-01-30,2026-02-19,2026-08-19,3,2026-06-12,31741,869901,me2pt5-290,Mega Dragonite ex,290,Special Illustration Rare,624,369.99,278.95,469.99,224.9,
396,Ascended Heroes,2026-01-30,2026-02-19,2026-08-19,3,2026-06-13,31741,869901,me2pt5-290,Mega Dragonite ex,290,Special Illustration Rare,620,369.99,278.95,469.99,209.99,
396,Ascended Heroes,2026-01-30,2026-02-19,2026-08-19,3,2026-06-14,31741,869901,me2pt5-290,Mega Dragonite ex,290,Special Illustration Rare,620,369.99,278.95,469.99,209.99,
396,Ascended Heroes,2026-01-30,2026-02-19,2026-08-19,3,2026-06-15,31741,869901,me2pt5-290,Mega Dragonite ex,290,Special Illustration Rare,614.99,369.99,278.95,469.99,224.9,
396,Ascended Heroes,2026-01-30,2026-02-19,2026-08-19,3,2026-06-16,31741,869901,me2pt5-290,Mega Dragonite ex,290,Special Illustration Rare,614.99,368.99,278.95,469.99,209.99,
396,Ascended Heroes,2026-01-30,2026-02-19,2026-08-19,3,2026-06-17,31741,869901,me2pt5-290,Mega Dragonite ex,290,Special Illustration Rare,625,364.99,278.95,469.99,224.9,
396,Ascended Heroes,2026-01-30,2026-02-19,2026-08-19,3,2026-06-18,31741,869901,me2pt5-290,Mega Dragonite ex,290,Special Illustration Rare,624.99,364.99,278.95,469.99,220,
396,Ascended Heroes,2026-01-30,2026-02-19,2026-08-19,3,2026-06-19,31741,869901,me2pt5-290,Mega Dragonite ex,290,Special Illustration Rare,624.99,364.99,277,469.9,220,
396,Ascended Heroes,2026-01-30,2026-02-19,2026-08-19,3,2026-06-20,31741,869901,me2pt5-290,Mega Dragonite ex,290,Special Illustration Rare,614.99,364.99,277,469.9,220,
396,Ascended Heroes,2026-01-30,2026-02-19,2026-08-19,3,2026-06-21,31741,869901,me2pt5-290,Mega Dragonite ex,290,Special Illustration Rare,614.99,364.99,277,469.9,220,
396,Ascended Heroes,2026-01-30,2026-02-19,2026-08-19,3,2026-06-22,31741,869901,me2pt5-290,Mega Dragonite ex,290,Special Illustration Rare,614.99,362.99,278.95,467,220,
396,Ascended Heroes,2026-01-30,2026-02-19,2026-08-19,3,2026-06-23,31741,869901,me2pt5-290,Mega Dragonite ex,290,Special Illustration Rare,580,404.99,278.95,467,220,
396,Ascended Heroes,2026-01-30,2026-02-19,2026-08-19,3,2026-06-24,31741,869901,me2pt5-290,Mega Dragonite ex,290,Special Illustration Rare,580,400,299,469.9,220,
396,Ascended Heroes,2026-01-30,2026-02-19,2026-08-19,3,2026-06-25,31741,869901,me2pt5-290,Mega Dragonite ex,290,Special Illustration Rare,600,362.99,299,469.9,220,
396,Ascended Heroes,2026-01-30,2026-02-19,2026-08-19,3,2026-06-26,31741,869901,me2pt5-290,Mega Dragonite ex,290,Special Illustration Rare,600,362.99,299,469.9,220,
396,Ascended Heroes,2026-01-30,2026-02-19,2026-08-19,3,2026-06-27,31741,869901,me2pt5-290,Mega Dragonite ex,290,Special Illustration Rare,600,362.99,299,489.99,220,
396,Ascended Heroes,2026-01-30,2026-02-19,2026-08-19,3,2026-06-28,31741,869901,me2pt5-290,Mega Dragonite ex,290,Special Illustration Rare,600,359.99,299,489.99,220,
396,Ascended Heroes,2026-01-30,2026-02-19,2026-08-19,3,2026-06-29,31741,869901,me2pt5-290,Mega Dragonite ex,290,Special Illustration Rare,580,359.99,299,469.9,220,
396,Ascended Heroes,2026-01-30,2026-02-19,2026-08-19,3,2026-06-30,31741,869901,me2pt5-290,Mega Dragonite ex,290,Special Illustration Rare,580,359.99,299,469.9,220,
396,Ascended Heroes,2026-01-30,2026-02-19,2026-08-19,3,2026-07-01,31741,869901,me2pt5-290,Mega Dragonite ex,290,Special Illustration Rare,580,359.99,299,469.9,220,
396,Ascended Heroes,2026-01-30,2026-02-19,2026-08-19,3,2026-07-02,31741,869901,me2pt5-290,Mega Dragonite ex,290,Special Illustration Rare,560,359.99,299,469.9,219,
396,Ascended Heroes,2026-01-30,2026-02-19,2026-08-19,3,2026-07-06,31741,869901,me2pt5-290,Mega Dragonite ex,290,Special Illustration Rare,550,400,299,469.9,215,
396,Ascended Heroes,2026-01-30,2026-02-19,2026-08-19,3,2026-07-07,31741,869901,me2pt5-290,Mega Dragonite ex,290,Special Illustration Rare,550,400,299,469.9,215,
396,Ascended Heroes,2026-01-30,2026-02-19,2026-08-19,3,2026-07-08,31741,869901,me2pt5-290,Mega Dragonite ex,290,Special Illustration Rare,550,389.99,299,469.9,215,
396,Ascended Heroes,2026-01-30,2026-02-19,2026-08-19,3,2026-07-09,31741,869901,me2pt5-290,Mega Dragonite ex,290,Special Illustration Rare,550,389.99,300,469.9,215,
396,Ascended Heroes,2026-01-30,2026-02-19,2026-08-19,3,2026-07-10,31741,869901,me2pt5-290,Mega Dragonite ex,290,Special Illustration Rare,540,389.98,300,469.9,215,
396,Ascended Heroes,2026-01-30,2026-02-19,2026-08-19,3,2026-07-12,31741,869901,me2pt5-290,Mega Dragonite ex,290,Special Illustration Rare,540,389.99,300,469.9,215,
396,Ascended Heroes,2026-01-30,2026-02-19,2026-08-19,3,2026-07-13,31741,869901,me2pt5-290,Mega Dragonite ex,290,Special Illustration Rare,540,389.98,300,469.99,215,
396,Ascended Heroes,2026-01-30,2026-02-19,2026-08-19,3,2026-07-14,31741,869901,me2pt5-290,Mega Dragonite ex,290,Special Illustration Rare,540,350,300,469.99,219,
396,Ascended Heroes,2026-01-30,2026-02-19,2026-08-19,3,2026-07-16,31741,869901,me2pt5-290,Mega Dragonite ex,290,Special Illustration Rare,510,389.98,300,450,215,
396,Ascended Heroes,2026-01-30,2026-02-19,2026-08-19,3,2026-07-17,31741,869901,me2pt5-290,Mega Dragonite ex,290,Special Illustration Rare,540,389.9,300,449,215,
396,Ascended Heroes,2026-01-30,2026-02-19,2026-08-19,3,2026-07-18,31741,869901,me2pt5-290,Mega Dragonite ex,290,Special Illustration Rare,540,389,300,449,215,
396,Ascended Heroes,2026-01-30,2026-02-19,2026-08-19,3,2026-07-19,31741,869901,me2pt5-290,Mega Dragonite ex,290,Special Illustration Rare,540,384,300,449,215,
396,Ascended Heroes,2026-01-30,2026-02-19,2026-08-19,3,2026-07-20,31741,869901,me2pt5-290,Mega Dragonite ex,290,Special Illustration Rare,540,384,300,449,215,
396,Ascended Heroes,2026-01-30,2026-02-19,2026-08-19,3,2026-07-21,31741,869901,me2pt5-290,Mega Dragonite ex,290,Special Illustration Rare,540,375,300,449,215,
396,Ascended Heroes,2026-01-30,2026-02-19,2026-08-19,3,2026-07-22,31741,869901,me2pt5-290,Mega Dragonite ex,290,Special Illustration Rare,525,366,300,449,215,
396,Ascended Heroes,2026-01-30,2026-02-19,2026-08-19,3,2026-07-23,31741,869901,me2pt5-290,Mega Dragonite ex,290,Special Illustration Rare,525,366,300,449,215,
396,Ascended Heroes,2026-01-30,2026-02-19,2026-08-19,3,2026-07-24,31741,869901,me2pt5-290,Mega Dragonite ex,290,Special Illustration Rare,525,349.99,300,450,215,
396,Ascended Heroes,2026-01-30,2026-02-19,2026-08-19,3,2026-07-26,31741,869901,me2pt5-290,Mega Dragonite ex,290,Special Illustration Rare,525,366,300,450,215,
396,Ascended Heroes,2026-01-30,2026-02-19,2026-08-19,3,2026-07-27,31741,869901,me2pt5-290,Mega Dragonite ex,290,Special Illustration Rare,525,366,300,450,215,
396,Ascended Heroes,2026-01-30,2026-02-19,2026-08-19,3,2026-07-28,31741,869901,me2pt5-290,Mega Dragonite ex,290,Special Illustration Rare,525,349.99,300,450,214.99,
396,Ascended Heroes,2026-01-30,2026-02-19,2026-08-19,3,2026-07-29,31741,869901,me2pt5-290,Mega Dragonite ex,290,Special Illustration Rare,525,349.99,300,450,214.99,
396,Ascended Heroes,2026-01-30,2026-02-19,2026-08-19,3,2026-07-30,31741,869901,me2pt5-290,Mega Dragonite ex,290,Special Illustration Rare,525,349.99,300,450,214.99,639.3
396,Ascended Heroes,2026-01-30,2026-02-19,2026-08-19,3,2026-07-31,31741,869901,me2pt5-290,Mega Dragonite ex,290,Special Illustration Rare,525,349.99,300,450,214.99,628.4
396,Ascended Heroes,2026-01-30,2026-02-19,2026-08-19,3,2026-08-01,31741,869901,me2pt5-290,Mega Dragonite ex,290,Special Illustration Rare,525,349.99,300,479.99,214.99,628.4
396,Ascended Heroes,2026-01-30,2026-02-19,2026-08-19,3,2026-08-03,31741,869901,me2pt5-290,Mega Dragonite ex,290,Special Illustration Rare,493.22,370,300,450,210,624.88
396,Ascended Heroes,2026-01-30,2026-02-19,2026-08-19,3,2026-08-04,31741,869901,me2pt5-290,Mega Dragonite ex,290,Special Illustration Rare,490.4,370,300,410,210,624.88
396,Ascended Heroes,2026-01-30,2026-02-19,2026-08-19,3,2026-08-05,31741,869901,me2pt5-290,Mega Dragonite ex,290,Special Illustration Rare,490.4,350,300,410,210,624.88
396,Ascended Heroes,2026-01-30,2026-02-19,2026-08-19,3,2026-08-10,31741,869901,me2pt5-290,Mega Dragonite ex,290,Special Illustration Rare,490.4,330,300,410,210,624.88
396,Ascended Heroes,2026-01-30,2026-02-19,2026-08-19,3,2026-08-11,31741,869901,me2pt5-290,Mega Dragonite ex,290,Special Illustration Rare,490.4,330,300,478.99,210,624.88
396,Ascended Heroes,2026-01-30,2026-02-19,2026-08-19,3,2026-08-12,31741,869901,me2pt5-290,Mega Dragonite ex,290,Special Illustration Rare,490.4,329,300,478.99,205,624.88
396,Ascended Heroes,2026-01-30,2026-02-19,2026-08-19,3,2026-08-13,31741,869901,me2pt5-290,Mega Dragonite ex,290,Special Illustration Rare,500,328.99,300,478.99,200,603.08
396,Ascended Heroes,2026-01-30,2026-02-19,2026-08-19,3,2026-08-14,31741,869901,me2pt5-290,Mega Dragonite ex,290,Special Illustration Rare,500,328.99,300,478.99,200,603.08
396,Ascended Heroes,2026-01-30,2026-02-19,2026-08-19,3,2026-08-15,31741,869901,me2pt5-290,Mega Dragonite ex,290,Special Illustration Rare,500,328.99,300,478.99,200,596.62
396,Ascended Heroes,2026-01-30,2026-02-19,2026-08-19,3,2026-08-16,31741,869901,me2pt5-290,Mega Dragonite ex,290,Special Illustration Rare,500,328.99,300,478.99,210,596.62
396,Ascended Heroes,2026-01-30,2026-02-19,2026-08-19,3,2026-08-17,31741,869901,me2pt5-290,Mega Dragonite ex,290,Special Illustration Rare,500,329.98,300,478.99,200,596.62
396,Ascended Heroes,2026-01-30,2026-02-19,2026-08-19,3,2026-08-18,31741,869901,me2pt5-290,Mega Dragonite ex,290,Special Illustration Rare,500,328.99,300,478.99,210,596.62
396,Ascended Heroes,2026-01-30,2026-02-19,2026-08-19,4,2026-02-20,31745,869905,me2pt5-294,Mega Charizard Y ex,294,Mega Hyper Rare,353.41,349,399.99,350,389,
396,Ascended Heroes,2026-01-30,2026-02-19,2026-08-19,4,2026-02-21,31745,869905,me2pt5-294,Mega Charizard Y ex,294,Mega Hyper Rare,335.78,259.99,399.99,340,389,
396,Ascended Heroes,2026-01-30,2026-02-19,2026-08-19,4,2026-02-22,31745,869905,me2pt5-294,Mega Charizard Y ex,294,Mega Hyper Rare,395.69,249.95,399.99,370,380,
396,Ascended Heroes,2026-01-30,2026-02-19,2026-08-19,4,2026-02-23,31745,869905,me2pt5-294,Mega Charizard Y ex,294,Mega Hyper Rare,441.69,249.95,399.99,350,320,
396,Ascended Heroes,2026-01-30,2026-02-19,2026-08-19,4,2026-02-24,31745,869905,me2pt5-294,Mega Charizard Y ex,294,Mega Hyper Rare,418.58,249.95,399.99,364.5,380,
396,Ascended Heroes,2026-01-30,2026-02-19,2026-08-19,4,2026-02-25,31745,869905,me2pt5-294,Mega Charizard Y ex,294,Mega Hyper Rare,410.56,260,369.99,349,390,
396,Ascended Heroes,2026-01-30,2026-02-19,2026-08-19,4,2026-02-26,31745,869905,me2pt5-294,Mega Charizard Y ex,294,Mega Hyper Rare,410.92,339.9,369.99,300,384,
396,Ascended Heroes,2026-01-30,2026-02-19,2026-08-19,4,2026-02-27,31745,869905,me2pt5-294,Mega Charizard Y ex,294,Mega Hyper Rare,400,260,369.99,300,370,
396,Ascended Heroes,2026-01-30,2026-02-19,2026-08-19,4,2026-02-28,31745,869905,me2pt5-294,Mega Charizard Y ex,294,Mega Hyper Rare,408.62,260,369.99,280,350,
396,Ascended Heroes,2026-01-30,2026-02-19,2026-08-19,4,2026-03-01,31745,869905,me2pt5-294,Mega Charizard Y ex,294,Mega Hyper Rare,408.62,260,380,300,350,
396,Ascended Heroes,2026-01-30,2026-02-19,2026-08-19,4,2026-03-02,31745,869905,me2pt5-294,Mega Charizard Y ex,294,Mega Hyper Rare,387.23,265,400,300,350,
396,Ascended Heroes,2026-01-30,2026-02-19,2026-08-19,4,2026-03-03,31745,869905,me2pt5-294,Mega Charizard Y ex,294,Mega Hyper Rare,366.09,265,325,300,350,
396,Ascended Heroes,2026-01-30,2026-02-19,2026-08-19,4,2026-03-04,31745,869905,me2pt5-294,Mega Charizard Y ex,294,Mega Hyper Rare,366,250,350,300,350,
396,Ascended Heroes,2026-01-30,2026-02-19,2026-08-19,4,2026-03-05,31745,869905,me2pt5-294,Mega Charizard Y ex,294,Mega Hyper Rare,300,250,350,300,340,
396,Ascended Heroes,2026-01-30,2026-02-19,2026-08-19,4,2026-03-06,31745,869905,me2pt5-294,Mega Charizard Y ex,294,Mega Hyper Rare,369.58,250,350,300,350,
396,Ascended Heroes,2026-01-30,2026-02-19,2026-08-19,4,2026-03-07,31745,869905,me2pt5-294,Mega Charizard Y ex,294,Mega Hyper Rare,369.19,259.95,370,300,350,
396,Ascended Heroes,2026-01-30,2026-02-19,2026-08-19,4,2026-03-08,31745,869905,me2pt5-294,Mega Charizard Y ex,294,Mega Hyper Rare,345,239,350,300,350,
396,Ascended Heroes,2026-01-30,2026-02-19,2026-08-19,4,2026-03-09,31745,869905,me2pt5-294,Mega Charizard Y ex,294,Mega Hyper Rare,340,229.95,350,355,350,
396,Ascended Heroes,2026-01-30,2026-02-19,2026-08-19,4,2026-03-10,31745,869905,me2pt5-294,Mega Charizard Y ex,294,Mega Hyper Rare,340,225,350,300,350,
396,Ascended Heroes,2026-01-30,2026-02-19,2026-08-19,4,2026-03-11,31745,869905,me2pt5-294,Mega Charizard Y ex,294,Mega Hyper Rare,339.95,229.95,350,300,350,
396,Ascended Heroes,2026-01-30,2026-02-19,2026-08-19,4,2026-03-12,31745,869905,me2pt5-294,Mega Charizard Y ex,294,Mega Hyper Rare,340,235,350,300,350,
396,Ascended Heroes,2026-01-30,2026-02-19,2026-08-19,4,2026-03-13,31745,869905,me2pt5-294,Mega Charizard Y ex,294,Mega Hyper Rare,350,255,395,300,359,
396,Ascended Heroes,2026-01-30,2026-02-19,2026-08-19,4,2026-03-14,31745,869905,me2pt5-294,Mega Charizard Y ex,294,Mega Hyper Rare,345,229.95,395,349.9,350,
396,Ascended Heroes,2026-01-30,2026-02-19,2026-08-19,4,2026-03-15,31745,869905,me2pt5-294,Mega Charizard Y ex,294,Mega Hyper Rare,350,229.95,340,333,380,
396,Ascended Heroes,2026-01-30,2026-02-19,2026-08-19,4,2026-03-16,31745,869905,me2pt5-294,Mega Charizard Y ex,294,Mega Hyper Rare,355,275,340,333,350,
396,Ascended Heroes,2026-01-30,2026-02-19,2026-08-19,4,2026-03-17,31745,869905,me2pt5-294,Mega Charizard Y ex,294,Mega Hyper Rare,355,229.95,385,333,330,
396,Ascended Heroes,2026-01-30,2026-02-19,2026-08-19,4,2026-03-18,31745,869905,me2pt5-294,Mega Charizard Y ex,294,Mega Hyper Rare,350,229.95,385,333,318,
396,Ascended Heroes,2026-01-30,2026-02-19,2026-08-19,4,2026-03-19,31745,869905,me2pt5-294,Mega Charizard Y ex,294,Mega Hyper Rare,349,255,380,333,318,
396,Ascended Heroes,2026-01-30,2026-02-19,2026-08-19,4,2026-03-20,31745,869905,me2pt5-294,Mega Charizard Y ex,294,Mega Hyper Rare,349,255,340,325,318,
396,Ascended Heroes,2026-01-30,2026-02-19,2026-08-19,4,2026-03-21,31745,869905,me2pt5-294,Mega Charizard Y ex,294,Mega Hyper Rare,349,255,325,300,318,
396,Ascended Heroes,2026-01-30,2026-02-19,2026-08-19,4,2026-03-22,31745,869905,me2pt5-294,Mega Charizard Y ex,294,Mega Hyper Rare,349,255,325,320,299,
396,Ascended Heroes,2026-01-30,2026-02-19,2026-08-19,4,2026-03-23,31745,869905,me2pt5-294,Mega Charizard Y ex,294,Mega Hyper Rare,349,275,325,320,340,
396,Ascended Heroes,2026-01-30,2026-02-19,2026-08-19,4,2026-03-24,31745,869905,me2pt5-294,Mega Charizard Y ex,294,Mega Hyper Rare,349,275,380,309.99,299,
396,Ascended Heroes,2026-01-30,2026-02-19,2026-08-19,4,2026-03-25,31745,869905,me2pt5-294,Mega Charizard Y ex,294,Mega Hyper Rare,365,275,300,349,298,
396,Ascended Heroes,2026-01-30,2026-02-19,2026-08-19,4,2026-03-26,31745,869905,me2pt5-294,Mega Charizard Y ex,294,Mega Hyper Rare,320,275,300,333,298,
396,Ascended Heroes,2026-01-30,2026-02-19,2026-08-19,4,2026-03-27,31745,869905,me2pt5-294,Mega Charizard Y ex,294,Mega Hyper Rare,320,275,375,320,299,
396,Ascended Heroes,2026-01-30,2026-02-19,2026-08-19,4,2026-03-28,31745,869905,me2pt5-294,Mega Charizard Y ex,294,Mega Hyper Rare,320,299,380,320,299,
396,Ascended Heroes,2026-01-30,2026-02-19,2026-08-19,4,2026-03-29,31745,869905,me2pt5-294,Mega Charizard Y ex,294,Mega Hyper Rare,320,275,300,320,299,
396,Ascended Heroes,2026-01-30,2026-02-19,2026-08-19,4,2026-03-30,31745,869905,me2pt5-294,Mega Charizard Y ex,294,Mega Hyper Rare,344.01,254.89,300,320,297.99,
396,Ascended Heroes,2026-01-30,2026-02-19,2026-08-19,4,2026-03-31,31745,869905,me2pt5-294,Mega Charizard Y ex,294,Mega Hyper Rare,307.93,254.89,300,320,295,
396,Ascended Heroes,2026-01-30,2026-02-19,2026-08-19,4,2026-04-01,31745,869905,me2pt5-294,Mega Charizard Y ex,294,Mega Hyper Rare,306.55,269.9,300,320,295,
396,Ascended Heroes,2026-01-30,2026-02-19,2026-08-19,4,2026-04-02,31745,869905,me2pt5-294,Mega Charizard Y ex,294,Mega Hyper Rare,307.33,254.89,300,320,295,
396,Ascended Heroes,2026-01-30,2026-02-19,2026-08-19,4,2026-04-03,31745,869905,me2pt5-294,Mega Charizard Y ex,294,Mega Hyper Rare,307.1,254.89,300,320,295,
396,Ascended Heroes,2026-01-30,2026-02-19,2026-08-19,4,2026-04-04,31745,869905,me2pt5-294,Mega Charizard Y ex,294,Mega Hyper Rare,306.85,254.89,300,320,295,
396,Ascended Heroes,2026-01-30,2026-02-19,2026-08-19,4,2026-04-05,31745,869905,me2pt5-294,Mega Charizard Y ex,294,Mega Hyper Rare,320,254.89,300,320,290,
396,Ascended Heroes,2026-01-30,2026-02-19,2026-08-19,4,2026-04-06,31745,869905,me2pt5-294,Mega Charizard Y ex,294,Mega Hyper Rare,320,254.89,300,320,290,
396,Ascended Heroes,2026-01-30,2026-02-19,2026-08-19,4,2026-04-07,31745,869905,me2pt5-294,Mega Charizard Y ex,294,Mega Hyper Rare,320,294.9,300,320,290,
396,Ascended Heroes,2026-01-30,2026-02-19,2026-08-19,4,2026-04-08,31745,869905,me2pt5-294,Mega Charizard Y ex,294,Mega Hyper Rare,320,254.89,300,320,330,
396,Ascended Heroes,2026-01-30,2026-02-19,2026-08-19,4,2026-04-09,31745,869905,me2pt5-294,Mega Charizard Y ex,294,Mega Hyper Rare,320,259,300,320,290,
396,Ascended Heroes,2026-01-30,2026-02-19,2026-08-19,4,2026-04-10,31745,869905,me2pt5-294,Mega Charizard Y ex,294,Mega Hyper Rare,400,254.89,300,309,290,
396,Ascended Heroes,2026-01-30,2026-02-19,2026-08-19,4,2026-04-11,31745,869905,me2pt5-294,Mega Charizard Y ex,294,Mega Hyper Rare,400,254.89,300,260,320,
396,Ascended Heroes,2026-01-30,2026-02-19,2026-08-19,4,2026-04-12,31745,869905,me2pt5-294,Mega Charizard Y ex,294,Mega Hyper Rare,299.69,275,300,315,330,
396,Ascended Heroes,2026-01-30,2026-02-19,2026-08-19,4,2026-04-13,31745,869905,me2pt5-294,Mega Charizard Y ex,294,Mega Hyper Rare,348.22,275,300,300,320,
396,Ascended Heroes,2026-01-30,2026-02-19,2026-08-19,4,2026-04-14,31745,869905,me2pt5-294,Mega Charizard Y ex,294,Mega Hyper Rare,348.22,275,300,290,320,
396,Ascended Heroes,2026-01-30,2026-02-19,2026-08-19,4,2026-04-15,31745,869905,me2pt5-294,Mega Charizard Y ex,294,Mega Hyper Rare,348.22,275,300,290,320,
396,Ascended Heroes,2026-01-30,2026-02-19,2026-08-19,4,2026-04-16,31745,869905,me2pt5-294,Mega Charizard Y ex,294,Mega Hyper Rare,445,275,300,300,320,
396,Ascended Heroes,2026-01-30,2026-02-19,2026-08-19,4,2026-04-17,31745,869905,me2pt5-294,Mega Charizard Y ex,294,Mega Hyper Rare,348.22,275,300,300,320,
396,Ascended Heroes,2026-01-30,2026-02-19,2026-08-19,4,2026-04-18,31745,869905,me2pt5-294,Mega Charizard Y ex,294,Mega Hyper Rare,450,270,300,300,320,
396,Ascended Heroes,2026-01-30,2026-02-19,2026-08-19,4,2026-04-19,31745,869905,me2pt5-294,Mega Charizard Y ex,294,Mega Hyper Rare,450,280,300,300,320,
396,Ascended Heroes,2026-01-30,2026-02-19,2026-08-19,4,2026-04-20,31745,869905,me2pt5-294,Mega Charizard Y ex,294,Mega Hyper Rare,450,275,300,300,320,
396,Ascended Heroes,2026-01-30,2026-02-19,2026-08-19,4,2026-04-21,31745,869905,me2pt5-294,Mega Charizard Y ex,294,Mega Hyper Rare,399,275,300,320,320,
396,Ascended Heroes,2026-01-30,2026-02-19,2026-08-19,4,2026-04-22,31745,869905,me2pt5-294,Mega Charizard Y ex,294,Mega Hyper Rare,397,275,300,300,320,
396,Ascended Heroes,2026-01-30,2026-02-19,2026-08-19,4,2026-04-23,31745,869905,me2pt5-294,Mega Charizard Y ex,294,Mega Hyper Rare,397.94,275,300,300,320,
396,Ascended Heroes,2026-01-30,2026-02-19,2026-08-19,4,2026-04-24,31745,869905,me2pt5-294,Mega Charizard Y ex,294,Mega Hyper Rare,420,269,300,300,315,
396,Ascended Heroes,2026-01-30,2026-02-19,2026-08-19,4,2026-04-25,31745,869905,me2pt5-294,Mega Charizard Y ex,294,Mega Hyper Rare,356.8,270,300,338.98,349,
396,Ascended Heroes,2026-01-30,2026-02-19,2026-08-19,4,2026-04-26,31745,869905,me2pt5-294,Mega Charizard Y ex,294,Mega Hyper Rare,398.42,275,300,320,349,
396,Ascended Heroes,2026-01-30,2026-02-19,2026-08-19,4,2026-04-27,31745,869905,me2pt5-294,Mega Charizard Y ex,294,Mega Hyper Rare,356.59,275,300,300,320,
396,Ascended Heroes,2026-01-30,2026-02-19,2026-08-19,4,2026-04-28,31745,869905,me2pt5-294,Mega Charizard Y ex,294,Mega Hyper Rare,356.59,270,300,300,349,
396,Ascended Heroes,2026-01-30,2026-02-19,2026-08-19,4,2026-04-29,31745,869905,me2pt5-294,Mega Charizard Y ex,294,Mega Hyper Rare,448.99,270,300,300,349,
396,Ascended Heroes,2026-01-30,2026-02-19,2026-08-19,4,2026-05-01,31745,869905,me2pt5-294,Mega Charizard Y ex,294,Mega Hyper Rare,448.99,265,299.94,300,340,
396,Ascended Heroes,2026-01-30,2026-02-19,2026-08-19,4,2026-05-04,31745,869905,me2pt5-294,Mega Charizard Y ex,294,Mega Hyper Rare,448.99,265,299.94,300,339,
396,Ascended Heroes,2026-01-30,2026-02-19,2026-08-19,4,2026-05-05,31745,869905,me2pt5-294,Mega Charizard Y ex,294,Mega Hyper Rare,448.99,265,299.94,315,339,
396,Ascended Heroes,2026-01-30,2026-02-19,2026-08-19,4,2026-05-07,31745,869905,me2pt5-294,Mega Charizard Y ex,294,Mega Hyper Rare,395,260,300,320,338.99,
396,Ascended Heroes,2026-01-30,2026-02-19,2026-08-19,4,2026-05-08,31745,869905,me2pt5-294,Mega Charizard Y ex,294,Mega Hyper Rare,395,250,300,315,335,
396,Ascended Heroes,2026-01-30,2026-02-19,2026-08-19,4,2026-05-09,31745,869905,me2pt5-294,Mega Charizard Y ex,294,Mega Hyper Rare,387.16,255,300,315,335,
396,Ascended Heroes,2026-01-30,2026-02-19,2026-08-19,4,2026-05-10,31745,869905,me2pt5-294,Mega Charizard Y ex,294,Mega Hyper Rare,387.16,250,300,300,334.99,
396,Ascended Heroes,2026-01-30,2026-02-19,2026-08-19,4,2026-05-12,31745,869905,me2pt5-294,Mega Charizard Y ex,294,Mega Hyper Rare,387.16,250,300,300,329.99,
396,Ascended Heroes,2026-01-30,2026-02-19,2026-08-19,4,2026-05-14,31745,869905,me2pt5-294,Mega Charizard Y ex,294,Mega Hyper Rare,386.57,275,300,299,345,
396,Ascended Heroes,2026-01-30,2026-02-19,2026-08-19,4,2026-05-15,31745,869905,me2pt5-294,Mega Charizard Y ex,294,Mega Hyper Rare,384.38,240,299.99,299,345,
396,Ascended Heroes,2026-01-30,2026-02-19,2026-08-19,4,2026-05-19,31745,869905,me2pt5-294,Mega Charizard Y ex,294,Mega Hyper Rare,384.38,260,270,300,329.99,
396,Ascended Heroes,2026-01-30,2026-02-19,2026-08-19,4,2026-05-20,31745,869905,me2pt5-294,Mega Charizard Y ex,294,Mega Hyper Rare,384.38,260,270,299,370,
396,Ascended Heroes,2026-01-30,2026-02-19,2026-08-19,4,2026-05-21,31745,869905,me2pt5-294,Mega Charizard Y ex,294,Mega Hyper Rare,399,260,270,280,340,
396,Ascended Heroes,2026-01-30,2026-02-19,2026-08-19,4,2026-05-22,31745,869905,me2pt5-294,Mega Charizard Y ex,294,Mega Hyper Rare,429,249.99,270,280,340,
396,Ascended Heroes,2026-01-30,2026-02-19,2026-08-19,4,2026-05-23,31745,869905,me2pt5-294,Mega Charizard Y ex,294,Mega Hyper Rare,430,249.99,265,280,345,
396,Ascended Heroes,2026-01-30,2026-02-19,2026-08-19,4,2026-05-24,31745,869905,me2pt5-294,Mega Charizard Y ex,294,Mega Hyper Rare,430,288,270,280,340,
396,Ascended Heroes,2026-01-30,2026-02-19,2026-08-19,4,2026-05-25,31745,869905,me2pt5-294,Mega Charizard Y ex,294,Mega Hyper Rare,429,288,270,295,340,
396,Ascended Heroes,2026-01-30,2026-02-19,2026-08-19,4,2026-05-26,31745,869905,me2pt5-294,Mega Charizard Y ex,294,Mega Hyper Rare,429,280,270,280,340,
396,Ascended Heroes,2026-01-30,2026-02-19,2026-08-19,4,2026-05-27,31745,869905,me2pt5-294,Mega Charizard Y ex,294,Mega Hyper Rare,429,280,270,280,369.95,
396,Ascended Heroes,2026-01-30,2026-02-19,2026-08-19,4,2026-05-28,31745,869905,me2pt5-294,Mega Charizard Y ex,294,Mega Hyper Rare,428.1,280,270,280,369.95,
396,Ascended Heroes,2026-01-30,2026-02-19,2026-08-19,4,2026-05-29,31745,869905,me2pt5-294,Mega Charizard Y ex,294,Mega Hyper Rare,427.81,280,270,280,320,
396,Ascended Heroes,2026-01-30,2026-02-19,2026-08-19,4,2026-05-30,31745,869905,me2pt5-294,Mega Charizard Y ex,294,Mega Hyper Rare,427.81,280,270,280,340,
396,Ascended Heroes,2026-01-30,2026-02-19,2026-08-19,4,2026-05-31,31745,869905,me2pt5-294,Mega Charizard Y ex,294,Mega Hyper Rare,427.88,275,270,280,320,
396,Ascended Heroes,2026-01-30,2026-02-19,2026-08-19,4,2026-06-01,31745,869905,me2pt5-294,Mega Charizard Y ex,294,Mega Hyper Rare,427.88,275,270,280,319.99,
396,Ascended Heroes,2026-01-30,2026-02-19,2026-08-19,4,2026-06-02,31745,869905,me2pt5-294,Mega Charizard Y ex,294,Mega Hyper Rare,428.97,310,255,280,319,
396,Ascended Heroes,2026-01-30,2026-02-19,2026-08-19,4,2026-06-03,31745,869905,me2pt5-294,Mega Charizard Y ex,294,Mega Hyper Rare,429.4,275,255,280,319.99,
396,Ascended Heroes,2026-01-30,2026-02-19,2026-08-19,4,2026-06-04,31745,869905,me2pt5-294,Mega Charizard Y ex,294,Mega Hyper Rare,428.92,309,255,280,319.99,
396,Ascended Heroes,2026-01-30,2026-02-19,2026-08-19,4,2026-06-05,31745,869905,me2pt5-294,Mega Charizard Y ex,294,Mega Hyper Rare,428.58,275,255,280,319.99,
396,Ascended Heroes,2026-01-30,2026-02-19,2026-08-19,4,2026-06-06,31745,869905,me2pt5-294,Mega Charizard Y ex,294,Mega Hyper Rare,428.58,275,280,280,340,
396,Ascended Heroes,2026-01-30,2026-02-19,2026-08-19,4,2026-06-07,31745,869905,me2pt5-294,Mega Charizard Y ex,294,Mega Hyper Rare,417.26,275,280,280,335,
396,Ascended Heroes,2026-01-30,2026-02-19,2026-08-19,4,2026-06-08,31745,869905,me2pt5-294,Mega Charizard Y ex,294,Mega Hyper Rare,417.24,275,280,280,335,
396,Ascended Heroes,2026-01-30,2026-02-19,2026-08-19,4,2026-06-09,31745,869905,me2pt5-294,Mega Charizard Y ex,294,Mega Hyper Rare,416.9,309,280,280,335,
396,Ascended Heroes,2026-01-30,2026-02-19,2026-08-19,4,2026-06-10,31745,869905,me2pt5-294,Mega Charizard Y ex,294,Mega Hyper Rare,416.9,295,280,350,340,
396,Ascended Heroes,2026-01-30,2026-02-19,2026-08-19,4,2026-06-11,31745,869905,me2pt5-294,Mega Charizard Y ex,294,Mega Hyper Rare,417.53,290,280,285,330,
396,Ascended Heroes,2026-01-30,2026-02-19,2026-08-19,4,2026-06-12,31745,869905,me2pt5-294,Mega Charizard Y ex,294,Mega Hyper Rare,417.53,290,280,285,330,
396,Ascended Heroes,2026-01-30,2026-02-19,2026-08-19,4,2026-06-13,31745,869905,me2pt5-294,Mega Charizard Y ex,294,Mega Hyper Rare,417.53,299,280,285,329.99,
396,Ascended Heroes,2026-01-30,2026-02-19,2026-08-19,4,2026-06-14,31745,869905,me2pt5-294,Mega Charizard Y ex,294,Mega Hyper Rare,417.82,250,280,285,329.99,
396,Ascended Heroes,2026-01-30,2026-02-19,2026-08-19,4,2026-06-15,31745,869905,me2pt5-294,Mega Charizard Y ex,294,Mega Hyper Rare,417.92,295,280,285,320,
396,Ascended Heroes,2026-01-30,2026-02-19,2026-08-19,4,2026-06-16,31745,869905,me2pt5-294,Mega Charizard Y ex,294,Mega Hyper Rare,410,295,280,310,315,
396,Ascended Heroes,2026-01-30,2026-02-19,2026-08-19,4,2026-06-17,31745,869905,me2pt5-294,Mega Charizard Y ex,294,Mega Hyper Rare,410,295,280,285,315,
396,Ascended Heroes,2026-01-30,2026-02-19,2026-08-19,4,2026-06-18,31745,869905,me2pt5-294,Mega Charizard Y ex,294,Mega Hyper Rare,416.73,295,280,285,334.99,
396,Ascended Heroes,2026-01-30,2026-02-19,2026-08-19,4,2026-06-19,31745,869905,me2pt5-294,Mega Charizard Y ex,294,Mega Hyper Rare,410,299,280,285,334.99,
396,Ascended Heroes,2026-01-30,2026-02-19,2026-08-19,4,2026-06-20,31745,869905,me2pt5-294,Mega Charizard Y ex,294,Mega Hyper Rare,370,299,280,319.99,334,
396,Ascended Heroes,2026-01-30,2026-02-19,2026-08-19,4,2026-06-21,31745,869905,me2pt5-294,Mega Charizard Y ex,294,Mega Hyper Rare,370,299,280,285,334,
396,Ascended Heroes,2026-01-30,2026-02-19,2026-08-19,4,2026-06-22,31745,869905,me2pt5-294,Mega Charizard Y ex,294,Mega Hyper Rare,370,299,280,285,334.99,
396,Ascended Heroes,2026-01-30,2026-02-19,2026-08-19,4,2026-06-23,31745,869905,me2pt5-294,Mega Charizard Y ex,294,Mega Hyper Rare,399.99,299,280,319.99,334.99,
396,Ascended Heroes,2026-01-30,2026-02-19,2026-08-19,4,2026-06-24,31745,869905,me2pt5-294,Mega Charizard Y ex,294,Mega Hyper Rare,418.18,299,280,285,338.5,
396,Ascended Heroes,2026-01-30,2026-02-19,2026-08-19,4,2026-06-25,31745,869905,me2pt5-294,Mega Charizard Y ex,294,Mega Hyper Rare,418.01,298,280,285,338.5,
396,Ascended Heroes,2026-01-30,2026-02-19,2026-08-19,4,2026-06-26,31745,869905,me2pt5-294,Mega Charizard Y ex,294,Mega Hyper Rare,380,297,280,285,338.5,
396,Ascended Heroes,2026-01-30,2026-02-19,2026-08-19,4,2026-06-27,31745,869905,me2pt5-294,Mega Charizard Y ex,294,Mega Hyper Rare,380,309,280,285,340,
396,Ascended Heroes,2026-01-30,2026-02-19,2026-08-19,4,2026-06-28,31745,869905,me2pt5-294,Mega Charizard Y ex,294,Mega Hyper Rare,380,290,280,285,330,
396,Ascended Heroes,2026-01-30,2026-02-19,2026-08-19,4,2026-06-29,31745,869905,me2pt5-294,Mega Charizard Y ex,294,Mega Hyper Rare,380,290,280,285,330,
396,Ascended Heroes,2026-01-30,2026-02-19,2026-08-19,4,2026-06-30,31745,869905,me2pt5-294,Mega Charizard Y ex,294,Mega Hyper Rare,380,290,280,285,330,
396,Ascended Heroes,2026-01-30,2026-02-19,2026-08-19,4,2026-07-01,31745,869905,me2pt5-294,Mega Charizard Y ex,294,Mega Hyper Rare,380,290,280,285,320.14,
396,Ascended Heroes,2026-01-30,2026-02-19,2026-08-19,4,2026-07-02,31745,869905,me2pt5-294,Mega Charizard Y ex,294,Mega Hyper Rare,419.95,299,280,285,320,
396,Ascended Heroes,2026-01-30,2026-02-19,2026-08-19,4,2026-07-06,31745,869905,me2pt5-294,Mega Charizard Y ex,294,Mega Hyper Rare,380,298,280,300,310,
396,Ascended Heroes,2026-01-30,2026-02-19,2026-08-19,4,2026-07-07,31745,869905,me2pt5-294,Mega Charizard Y ex,294,Mega Hyper Rare,380,298,280,350,300,
396,Ascended Heroes,2026-01-30,2026-02-19,2026-08-19,4,2026-07-08,31745,869905,me2pt5-294,Mega Charizard Y ex,294,Mega Hyper Rare,380,270,280,330,309,
396,Ascended Heroes,2026-01-30,2026-02-19,2026-08-19,4,2026-07-09,31745,869905,me2pt5-294,Mega Charizard Y ex,294,Mega Hyper Rare,380,285,280,330,309,
396,Ascended Heroes,2026-01-30,2026-02-19,2026-08-19,4,2026-07-10,31745,869905,me2pt5-294,Mega Charizard Y ex,294,Mega Hyper Rare,380,280,280,330,309,
396,Ascended Heroes,2026-01-30,2026-02-19,2026-08-19,4,2026-07-12,31745,869905,me2pt5-294,Mega Charizard Y ex,294,Mega Hyper Rare,380,295,280,330,309,
396,Ascended Heroes,2026-01-30,2026-02-19,2026-08-19,4,2026-07-13,31745,869905,me2pt5-294,Mega Charizard Y ex,294,Mega Hyper Rare,369.99,295,280,330,309,
396,Ascended Heroes,2026-01-30,2026-02-19,2026-08-19,4,2026-07-14,31745,869905,me2pt5-294,Mega Charizard Y ex,294,Mega Hyper Rare,369.99,294,280,310,309,
396,Ascended Heroes,2026-01-30,2026-02-19,2026-08-19,4,2026-07-16,31745,869905,me2pt5-294,Mega Charizard Y ex,294,Mega Hyper Rare,369.99,285,280,310,309,
396,Ascended Heroes,2026-01-30,2026-02-19,2026-08-19,4,2026-07-17,31745,869905,me2pt5-294,Mega Charizard Y ex,294,Mega Hyper Rare,369.99,280,280,310,309,
396,Ascended Heroes,2026-01-30,2026-02-19,2026-08-19,4,2026-07-18,31745,869905,me2pt5-294,Mega Charizard Y ex,294,Mega Hyper Rare,369.99,276,289.9,310,330,
396,Ascended Heroes,2026-01-30,2026-02-19,2026-08-19,4,2026-07-19,31745,869905,me2pt5-294,Mega Charizard Y ex,294,Mega Hyper Rare,369.99,269,280,310,325,
396,Ascended Heroes,2026-01-30,2026-02-19,2026-08-19,4,2026-07-20,31745,869905,me2pt5-294,Mega Charizard Y ex,294,Mega Hyper Rare,369.99,269,280,310,340,
396,Ascended Heroes,2026-01-30,2026-02-19,2026-08-19,4,2026-07-21,31745,869905,me2pt5-294,Mega Charizard Y ex,294,Mega Hyper Rare,369.99,269,280,310,340,
396,Ascended Heroes,2026-01-30,2026-02-19,2026-08-19,4,2026-07-22,31745,869905,me2pt5-294,Mega Charizard Y ex,294,Mega Hyper Rare,300,270,280,300,314.95,
396,Ascended Heroes,2026-01-30,2026-02-19,2026-08-19,4,2026-07-23,31745,869905,me2pt5-294,Mega Charizard Y ex,294,Mega Hyper Rare,339.99,250,280,300,314.99,
396,Ascended Heroes,2026-01-30,2026-02-19,2026-08-19,4,2026-07-24,31745,869905,me2pt5-294,Mega Charizard Y ex,294,Mega Hyper Rare,339.99,250,280,300,314.9,
396,Ascended Heroes,2026-01-30,2026-02-19,2026-08-19,4,2026-07-26,31745,869905,me2pt5-294,Mega Charizard Y ex,294,Mega Hyper Rare,339.99,270,280,300,312,
396,Ascended Heroes,2026-01-30,2026-02-19,2026-08-19,4,2026-07-27,31745,869905,me2pt5-294,Mega Charizard Y ex,294,Mega Hyper Rare,339.99,235,280,310,311.99,
396,Ascended Heroes,2026-01-30,2026-02-19,2026-08-19,4,2026-07-28,31745,869905,me2pt5-294,Mega Charizard Y ex,294,Mega Hyper Rare,339.99,235,280,310,311.99,
396,Ascended Heroes,2026-01-30,2026-02-19,2026-08-19,4,2026-07-29,31745,869905,me2pt5-294,Mega Charizard Y ex,294,Mega Hyper Rare,339.99,260,299,310,314.89,
396,Ascended Heroes,2026-01-30,2026-02-19,2026-08-19,4,2026-07-30,31745,869905,me2pt5-294,Mega Charizard Y ex,294,Mega Hyper Rare,339.99,260,299,310,314.89,427.82
396,Ascended Heroes,2026-01-30,2026-02-19,2026-08-19,4,2026-07-31,31745,869905,me2pt5-294,Mega Charizard Y ex,294,Mega Hyper Rare,339.99,260,299,310,314.89,385.78
396,Ascended Heroes,2026-01-30,2026-02-19,2026-08-19,4,2026-08-01,31745,869905,me2pt5-294,Mega Charizard Y ex,294,Mega Hyper Rare,339.99,260,279.95,300,314.89,385.78
396,Ascended Heroes,2026-01-30,2026-02-19,2026-08-19,4,2026-08-03,31745,869905,me2pt5-294,Mega Charizard Y ex,294,Mega Hyper Rare,339.99,260,279.95,300,314.89,380.39
396,Ascended Heroes,2026-01-30,2026-02-19,2026-08-19,4,2026-08-04,31745,869905,me2pt5-294,Mega Charizard Y ex,294,Mega Hyper Rare,339.99,260,279.95,300,300,380.39
396,Ascended Heroes,2026-01-30,2026-02-19,2026-08-19,4,2026-08-05,31745,869905,me2pt5-294,Mega Charizard Y ex,294,Mega Hyper Rare,339.99,260,279.95,300,300,380.39
396,Ascended Heroes,2026-01-30,2026-02-19,2026-08-19,4,2026-08-10,31745,869905,me2pt5-294,Mega Charizard Y ex,294,Mega Hyper Rare,347.15,260,279.95,300,300,380.39
396,Ascended Heroes,2026-01-30,2026-02-19,2026-08-19,4,2026-08-11,31745,869905,me2pt5-294,Mega Charizard Y ex,294,Mega Hyper Rare,347.15,260,279.95,300,300,380.39
396,Ascended Heroes,2026-01-30,2026-02-19,2026-08-19,4,2026-08-12,31745,869905,me2pt5-294,Mega Charizard Y ex,294,Mega Hyper Rare,347.85,260,279.95,300,300,380.39
396,Ascended Heroes,2026-01-30,2026-02-19,2026-08-19,4,2026-08-13,31745,869905,me2pt5-294,Mega Charizard Y ex,294,Mega Hyper Rare,347.93,260,279.95,299.9,314.89,359.12
396,Ascended Heroes,2026-01-30,2026-02-19,2026-08-19,4,2026-08-14,31745,869905,me2pt5-294,Mega Charizard Y ex,294,Mega Hyper Rare,347.93,260,279.95,299.9,314.89,359.12
396,Ascended Heroes,2026-01-30,2026-02-19,2026-08-19,4,2026-08-15,31745,869905,me2pt5-294,Mega Charizard Y ex,294,Mega Hyper Rare,347.93,260,279.95,299.9,314.89,358.01
396,Ascended Heroes,2026-01-30,2026-02-19,2026-08-19,4,2026-08-16,31745,869905,me2pt5-294,Mega Charizard Y ex,294,Mega Hyper Rare,343.9,260,278,299.9,314.89,358.01
396,Ascended Heroes,2026-01-30,2026-02-19,2026-08-19,4,2026-08-17,31745,869905,me2pt5-294,Mega Charizard Y ex,294,Mega Hyper Rare,347.93,260,278,299.9,314.89,358.01
396,Ascended Heroes,2026-01-30,2026-02-19,2026-08-19,4,2026-08-18,31745,869905,me2pt5-294,Mega Charizard Y ex,294,Mega Hyper Rare,343.9,260,278,299.9,314.89,358.01
396,Ascended Heroes,2026-01-30,2026-02-19,2026-08-19,4,2026-08-19,31745,869905,me2pt5-294,Mega Charizard Y ex,294,Mega Hyper Rare,344.02,260,270,299.9,314.9,358.01
396,Ascended Heroes,2026-01-30,2026-02-19,2026-08-19,5,2026-02-19,31728,869887,me2pt5-277,Pikachu ex,277,Special Illustration Rare,269.99,189,199,250,220,
396,Ascended Heroes,2026-01-30,2026-02-19,2026-08-19,5,2026-02-20,31728,869887,me2pt5-277,Pikachu ex,277,Special Illustration Rare,269.99,150,199,250,200,
396,Ascended Heroes,2026-01-30,2026-02-19,2026-08-19,5,2026-02-21,31728,869887,me2pt5-277,Pikachu ex,277,Special Illustration Rare,249.99,150,199,250,195,
396,Ascended Heroes,2026-01-30,2026-02-19,2026-08-19,5,2026-02-22,31728,869887,me2pt5-277,Pikachu ex,277,Special Illustration Rare,306.33,170,199,259.99,180,
396,Ascended Heroes,2026-01-30,2026-02-19,2026-08-19,5,2026-02-23,31728,869887,me2pt5-277,Pikachu ex,277,Special Illustration Rare,249.99,174.9,350,259,199,
396,Ascended Heroes,2026-01-30,2026-02-19,2026-08-19,5,2026-02-24,31728,869887,me2pt5-277,Pikachu ex,277,Special Illustration Rare,240,169.99,230,259.99,150,
396,Ascended Heroes,2026-01-30,2026-02-19,2026-08-19,5,2026-02-25,31728,869887,me2pt5-277,Pikachu ex,277,Special Illustration Rare,240,169.99,195,259.99,150,
396,Ascended Heroes,2026-01-30,2026-02-19,2026-08-19,5,2026-02-26,31728,869887,me2pt5-277,Pikachu ex,277,Special Illustration Rare,271.81,179.99,195,249.99,150,
396,Ascended Heroes,2026-01-30,2026-02-19,2026-08-19,5,2026-02-27,31728,869887,me2pt5-277,Pikachu ex,277,Special Illustration Rare,249,165,189,249.99,150,
396,Ascended Heroes,2026-01-30,2026-02-19,2026-08-19,5,2026-02-28,31728,869887,me2pt5-277,Pikachu ex,277,Special Illustration Rare,210,165,188,239,150,
396,Ascended Heroes,2026-01-30,2026-02-19,2026-08-19,5,2026-03-01,31728,869887,me2pt5-277,Pikachu ex,277,Special Illustration Rare,210,165,188,239,139.99,
396,Ascended Heroes,2026-01-30,2026-02-19,2026-08-19,5,2026-03-02,31728,869887,me2pt5-277,Pikachu ex,277,Special Illustration Rare,199.9,165,188,239,150,
396,Ascended Heroes,2026-01-30,2026-02-19,2026-08-19,5,2026-03-03,31728,869887,me2pt5-277,Pikachu ex,277,Special Illustration Rare,199.9,175,188,239,139.99,
396,Ascended Heroes,2026-01-30,2026-02-19,2026-08-19,5,2026-03-04,31728,869887,me2pt5-277,Pikachu ex,277,Special Illustration Rare,199.9,165,188,220,150,
396,Ascended Heroes,2026-01-30,2026-02-19,2026-08-19,5,2026-03-05,31728,869887,me2pt5-277,Pikachu ex,277,Special Illustration Rare,199.9,159.99,150,220,150,
396,Ascended Heroes,2026-01-30,2026-02-19,2026-08-19,5,2026-03-06,31728,869887,me2pt5-277,Pikachu ex,277,Special Illustration Rare,205,150,188,190,149.95,
396,Ascended Heroes,2026-01-30,2026-02-19,2026-08-19,5,2026-03-07,31728,869887,me2pt5-277,Pikachu ex,277,Special Illustration Rare,205,159.99,188,220,149.95,
396,Ascended Heroes,2026-01-30,2026-02-19,2026-08-19,5,2026-03-08,31728,869887,me2pt5-277,Pikachu ex,277,Special Illustration Rare,190,164.99,188,220,149.95,
396,Ascended Heroes,2026-01-30,2026-02-19,2026-08-19,5,2026-03-09,31728,869887,me2pt5-277,Pikachu ex,277,Special Illustration Rare,220,164.99,188,239,149.9,
396,Ascended Heroes,2026-01-30,2026-02-19,2026-08-19,5,2026-03-10,31728,869887,me2pt5-277,Pikachu ex,277,Special Illustration Rare,229.99,165,199.95,220,148,
396,Ascended Heroes,2026-01-30,2026-02-19,2026-08-19,5,2026-03-11,31728,869887,me2pt5-277,Pikachu ex,277,Special Illustration Rare,238.24,158,188,220,144.99,
396,Ascended Heroes,2026-01-30,2026-02-19,2026-08-19,5,2026-03-12,31728,869887,me2pt5-277,Pikachu ex,277,Special Illustration Rare,190,158,150,220,140,
396,Ascended Heroes,2026-01-30,2026-02-19,2026-08-19,5,2026-03-13,31728,869887,me2pt5-277,Pikachu ex,277,Special Illustration Rare,229.99,159.99,188,220,139.99,
396,Ascended Heroes,2026-01-30,2026-02-19,2026-08-19,5,2026-03-14,31728,869887,me2pt5-277,Pikachu ex,277,Special Illustration Rare,239,159.99,180,220,144.93,
396,Ascended Heroes,2026-01-30,2026-02-19,2026-08-19,5,2026-03-15,31728,869887,me2pt5-277,Pikachu ex,277,Special Illustration Rare,220,149,180,220,140,
396,Ascended Heroes,2026-01-30,2026-02-19,2026-08-19,5,2026-03-16,31728,869887,me2pt5-277,Pikachu ex,277,Special Illustration Rare,220,149,180,219.99,140,
396,Ascended Heroes,2026-01-30,2026-02-19,2026-08-19,5,2026-03-17,31728,869887,me2pt5-277,Pikachu ex,277,Special Illustration Rare,240,149,180,220,140,
396,Ascended Heroes,2026-01-30,2026-02-19,2026-08-19,5,2026-03-18,31728,869887,me2pt5-277,Pikachu ex,277,Special Illustration Rare,220,149,180,220,142,
396,Ascended Heroes,2026-01-30,2026-02-19,2026-08-19,5,2026-03-19,31728,869887,me2pt5-277,Pikachu ex,277,Special Illustration Rare,245,149,180,220,142,
396,Ascended Heroes,2026-01-30,2026-02-19,2026-08-19,5,2026-03-20,31728,869887,me2pt5-277,Pikachu ex,277,Special Illustration Rare,220,150,180,228,142,
396,Ascended Heroes,2026-01-30,2026-02-19,2026-08-19,5,2026-03-21,31728,869887,me2pt5-277,Pikachu ex,277,Special Illustration Rare,220,165,180,239,142,
396,Ascended Heroes,2026-01-30,2026-02-19,2026-08-19,5,2026-03-22,31728,869887,me2pt5-277,Pikachu ex,277,Special Illustration Rare,220,152,180,240,146.37,
396,Ascended Heroes,2026-01-30,2026-02-19,2026-08-19,5,2026-03-23,31728,869887,me2pt5-277,Pikachu ex,277,Special Illustration Rare,267.49,170,180,259.99,142,
396,Ascended Heroes,2026-01-30,2026-02-19,2026-08-19,5,2026-03-24,31728,869887,me2pt5-277,Pikachu ex,277,Special Illustration Rare,267.94,175,180,259.99,142,
396,Ascended Heroes,2026-01-30,2026-02-19,2026-08-19,5,2026-03-25,31728,869887,me2pt5-277,Pikachu ex,277,Special Illustration Rare,267.79,179.99,180,245,145,
396,Ascended Heroes,2026-01-30,2026-02-19,2026-08-19,5,2026-03-26,31728,869887,me2pt5-277,Pikachu ex,277,Special Illustration Rare,259,179.99,180,239,145,
396,Ascended Heroes,2026-01-30,2026-02-19,2026-08-19,5,2026-03-27,31728,869887,me2pt5-277,Pikachu ex,277,Special Illustration Rare,259,175,180,240,146.36,
396,Ascended Heroes,2026-01-30,2026-02-19,2026-08-19,5,2026-03-28,31728,869887,me2pt5-277,Pikachu ex,277,Special Illustration Rare,249,179.99,180,239,149.88,
396,Ascended Heroes,2026-01-30,2026-02-19,2026-08-19,5,2026-03-29,31728,869887,me2pt5-277,Pikachu ex,277,Special Illustration Rare,249,180,180,239,149.89,
396,Ascended Heroes,2026-01-30,2026-02-19,2026-08-19,5,2026-03-30,31728,869887,me2pt5-277,Pikachu ex,277,Special Illustration Rare,266.91,179.99,180,220,138,
396,Ascended Heroes,2026-01-30,2026-02-19,2026-08-19,5,2026-03-31,31728,869887,me2pt5-277,Pikachu ex,277,Special Illustration Rare,261,179.99,180,210,138,
396,Ascended Heroes,2026-01-30,2026-02-19,2026-08-19,5,2026-04-01,31728,869887,me2pt5-277,Pikachu ex,277,Special Illustration Rare,261,180,180,239,149.9,
396,Ascended Heroes,2026-01-30,2026-02-19,2026-08-19,5,2026-04-02,31728,869887,me2pt5-277,Pikachu ex,277,Special Illustration Rare,265.96,180,240,239,150,
396,Ascended Heroes,2026-01-30,2026-02-19,2026-08-19,5,2026-04-03,31728,869887,me2pt5-277,Pikachu ex,277,Special Illustration Rare,265.76,180,180,238,150,
396,Ascended Heroes,2026-01-30,2026-02-19,2026-08-19,5,2026-04-04,31728,869887,me2pt5-277,Pikachu ex,277,Special Illustration Rare,265.54,180,235,249,150,
396,Ascended Heroes,2026-01-30,2026-02-19,2026-08-19,5,2026-04-05,31728,869887,me2pt5-277,Pikachu ex,277,Special Illustration Rare,265.54,215,180,240,150,
396,Ascended Heroes,2026-01-30,2026-02-19,2026-08-19,5,2026-04-06,31728,869887,me2pt5-277,Pikachu ex,277,Special Illustration Rare,265.57,180,235,239,148.75,
396,Ascended Heroes,2026-01-30,2026-02-19,2026-08-19,5,2026-04-07,31728,869887,me2pt5-277,Pikachu ex,277,Special Illustration Rare,265.82,249.99,235,239,154.97,
396,Ascended Heroes,2026-01-30,2026-02-19,2026-08-19,5,2026-04-08,31728,869887,me2pt5-277,Pikachu ex,277,Special Illustration Rare,265.82,190,235,259.99,154.97,
396,Ascended Heroes,2026-01-30,2026-02-19,2026-08-19,5,2026-04-09,31728,869887,me2pt5-277,Pikachu ex,277,Special Illustration Rare,266.26,190,235,259.99,154.97,
396,Ascended Heroes,2026-01-30,2026-02-19,2026-08-19,5,2026-04-10,31728,869887,me2pt5-277,Pikachu ex,277,Special Illustration Rare,266.19,189.99,264.99,259.99,154.96,
396,Ascended Heroes,2026-01-30,2026-02-19,2026-08-19,5,2026-04-11,31728,869887,me2pt5-277,Pikachu ex,277,Special Illustration Rare,299.95,215,229,260,154.95,
396,Ascended Heroes,2026-01-30,2026-02-19,2026-08-19,5,2026-04-12,31728,869887,me2pt5-277,Pikachu ex,277,Special Illustration Rare,270,215,225,259.99,154.95,
396,Ascended Heroes,2026-01-30,2026-02-19,2026-08-19,5,2026-04-13,31728,869887,me2pt5-277,Pikachu ex,277,Special Illustration Rare,270,215,225,255,154.94,
396,Ascended Heroes,2026-01-30,2026-02-19,2026-08-19,5,2026-04-14,31728,869887,me2pt5-277,Pikachu ex,277,Special Illustration Rare,270,215,225,255,154.93,
396,Ascended Heroes,2026-01-30,2026-02-19,2026-08-19,5,2026-04-15,31728,869887,me2pt5-277,Pikachu ex,277,Special Illustration Rare,270,219.99,225,255,154.93,
396,Ascended Heroes,2026-01-30,2026-02-19,2026-08-19,5,2026-04-16,31728,869887,me2pt5-277,Pikachu ex,277,Special Illustration Rare,270,219.99,225,260,154.93,
396,Ascended Heroes,2026-01-30,2026-02-19,2026-08-19,5,2026-04-17,31728,869887,me2pt5-277,Pikachu ex,277,Special Illustration Rare,319.99,219.99,228,260,154.93,
396,Ascended Heroes,2026-01-30,2026-02-19,2026-08-19,5,2026-04-18,31728,869887,me2pt5-277,Pikachu ex,277,Special Illustration Rare,300,225,235,239.9,154.93,
396,Ascended Heroes,2026-01-30,2026-02-19,2026-08-19,5,2026-04-19,31728,869887,me2pt5-277,Pikachu ex,277,Special Illustration Rare,260,225,228,239.9,155,
396,Ascended Heroes,2026-01-30,2026-02-19,2026-08-19,5,2026-04-20,31728,869887,me2pt5-277,Pikachu ex,277,Special Illustration Rare,260,245,235,264.99,155,
396,Ascended Heroes,2026-01-30,2026-02-19,2026-08-19,5,2026-04-21,31728,869887,me2pt5-277,Pikachu ex,277,Special Illustration Rare,260,244.98,235,264.99,156.54,
396,Ascended Heroes,2026-01-30,2026-02-19,2026-08-19,5,2026-04-22,31728,869887,me2pt5-277,Pikachu ex,277,Special Illustration Rare,260,244.98,235,264.99,156.53,
396,Ascended Heroes,2026-01-30,2026-02-19,2026-08-19,5,2026-04-23,31728,869887,me2pt5-277,Pikachu ex,277,Special Illustration Rare,319.98,249.99,235,264.99,156.53,
396,Ascended Heroes,2026-01-30,2026-02-19,2026-08-19,5,2026-04-24,31728,869887,me2pt5-277,Pikachu ex,277,Special Illustration Rare,315,250,235,264.99,155,
396,Ascended Heroes,2026-01-30,2026-02-19,2026-08-19,5,2026-04-25,31728,869887,me2pt5-277,Pikachu ex,277,Special Illustration Rare,315,250,290,289,150,
396,Ascended Heroes,2026-01-30,2026-02-19,2026-08-19,5,2026-04-26,31728,869887,me2pt5-277,Pikachu ex,277,Special Illustration Rare,319.95,250,235,289,149.89,
396,Ascended Heroes,2026-01-30,2026-02-19,2026-08-19,5,2026-04-27,31728,869887,me2pt5-277,Pikachu ex,277,Special Illustration Rare,384.99,244.95,220,290,155,
396,Ascended Heroes,2026-01-30,2026-02-19,2026-08-19,5,2026-04-28,31728,869887,me2pt5-277,Pikachu ex,277,Special Illustration Rare,319.95,244,220,289,150,
396,Ascended Heroes,2026-01-30,2026-02-19,2026-08-19,5,2026-04-29,31728,869887,me2pt5-277,Pikachu ex,277,Special Illustration Rare,319.95,244,220,284,150,
396,Ascended Heroes,2026-01-30,2026-02-19,2026-08-19,5,2026-04-30,31728,869887,me2pt5-277,Pikachu ex,277,Special Illustration Rare,450,243,220,275,150,
396,Ascended Heroes,2026-01-30,2026-02-19,2026-08-19,5,2026-05-01,31728,869887,me2pt5-277,Pikachu ex,277,Special Illustration Rare,450,239.99,220,275,150,
396,Ascended Heroes,2026-01-30,2026-02-19,2026-08-19,5,2026-05-02,31728,869887,me2pt5-277,Pikachu ex,277,Special Illustration Rare,450,239.99,235,275,150,
396,Ascended Heroes,2026-01-30,2026-02-19,2026-08-19,5,2026-05-05,31728,869887,me2pt5-277,Pikachu ex,277,Special Illustration Rare,381.46,240,235,284,160,
396,Ascended Heroes,2026-01-30,2026-02-19,2026-08-19,5,2026-05-06,31728,869887,me2pt5-277,Pikachu ex,277,Special Illustration Rare,381.46,244,220,299,160,
396,Ascended Heroes,2026-01-30,2026-02-19,2026-08-19,5,2026-05-07,31728,869887,me2pt5-277,Pikachu ex,277,Special Illustration Rare,381.24,250,220,290,239.96,
396,Ascended Heroes,2026-01-30,2026-02-19,2026-08-19,5,2026-05-12,31728,869887,me2pt5-277,Pikachu ex,277,Special Illustration Rare,381.24,249.99,290,295,155,
396,Ascended Heroes,2026-01-30,2026-02-19,2026-08-19,5,2026-05-14,31728,869887,me2pt5-277,Pikachu ex,277,Special Illustration Rare,381.24,249.99,279.95,298,155,
396,Ascended Heroes,2026-01-30,2026-02-19,2026-08-19,5,2026-05-15,31728,869887,me2pt5-277,Pikachu ex,277,Special Illustration Rare,385,330,280,295,155,
396,Ascended Heroes,2026-01-30,2026-02-19,2026-08-19,5,2026-05-19,31728,869887,me2pt5-277,Pikachu ex,277,Special Illustration Rare,359.95,299,280,339,160,
396,Ascended Heroes,2026-01-30,2026-02-19,2026-08-19,5,2026-05-20,31728,869887,me2pt5-277,Pikachu ex,277,Special Illustration Rare,359.95,295,280,290,200,
396,Ascended Heroes,2026-01-30,2026-02-19,2026-08-19,5,2026-05-21,31728,869887,me2pt5-277,Pikachu ex,277,Special Illustration Rare,339.95,295,290,285,199,
396,Ascended Heroes,2026-01-30,2026-02-19,2026-08-19,5,2026-05-22,31728,869887,me2pt5-277,Pikachu ex,277,Special Illustration Rare,339.95,310,275,285,300,
396,Ascended Heroes,2026-01-30,2026-02-19,2026-08-19,5,2026-05-23,31728,869887,me2pt5-277,Pikachu ex,277,Special Illustration Rare,394.95,270,290,350,199,
396,Ascended Heroes,2026-01-30,2026-02-19,2026-08-19,5,2026-05-24,31728,869887,me2pt5-277,Pikachu ex,277,Special Illustration Rare,329.95,299,275,229,199,
396,Ascended Heroes,2026-01-30,2026-02-19,2026-08-19,5,2026-05-25,31728,869887,me2pt5-277,Pikachu ex,277,Special Illustration Rare,329.95,299,280,330,198,
396,Ascended Heroes,2026-01-30,2026-02-19,2026-08-19,5,2026-05-26,31728,869887,me2pt5-277,Pikachu ex,277,Special Illustration Rare,329.95,270,279.95,330,198,
396,Ascended Heroes,2026-01-30,2026-02-19,2026-08-19,5,2026-05-27,31728,869887,me2pt5-277,Pikachu ex,277,Special Illustration Rare,394.95,270,274.99,309,185,
396,Ascended Heroes,2026-01-30,2026-02-19,2026-08-19,5,2026-05-28,31728,869887,me2pt5-277,Pikachu ex,277,Special Illustration Rare,394.95,294.99,274.99,309,185,
396,Ascended Heroes,2026-01-30,2026-02-19,2026-08-19,5,2026-05-29,31728,869887,me2pt5-277,Pikachu ex,277,Special Illustration Rare,409,295,274.99,349,190,
396,Ascended Heroes,2026-01-30,2026-02-19,2026-08-19,5,2026-05-30,31728,869887,me2pt5-277,Pikachu ex,277,Special Illustration Rare,379,294.99,270,345,198,
396,Ascended Heroes,2026-01-30,2026-02-19,2026-08-19,5,2026-05-31,31728,869887,me2pt5-277,Pikachu ex,277,Special Illustration Rare,379,295,270,299,198,
396,Ascended Heroes,2026-01-30,2026-02-19,2026-08-19,5,2026-06-01,31728,869887,me2pt5-277,Pikachu ex,277,Special Illustration Rare,399,294.99,270,320,194.65,
396,Ascended Heroes,2026-01-30,2026-02-19,2026-08-19,5,2026-06-02,31728,869887,me2pt5-277,Pikachu ex,277,Special Illustration Rare,399,294.88,270,294,194.65,
396,Ascended Heroes,2026-01-30,2026-02-19,2026-08-19,5,2026-06-03,31728,869887,me2pt5-277,Pikachu ex,277,Special Illustration Rare,399,299.87,270,310,190,
396,Ascended Heroes,2026-01-30,2026-02-19,2026-08-19,5,2026-06-04,31728,869887,me2pt5-277,Pikachu ex,277,Special Illustration Rare,425,294.99,270,299,190,
396,Ascended Heroes,2026-01-30,2026-02-19,2026-08-19,5,2026-06-05,31728,869887,me2pt5-277,Pikachu ex,277,Special Illustration Rare,350,294.99,249.95,294,199.99,
396,Ascended Heroes,2026-01-30,2026-02-19,2026-08-19,5,2026-06-06,31728,869887,me2pt5-277,Pikachu ex,277,Special Illustration Rare,420,285,249.95,290,191.23,
396,Ascended Heroes,2026-01-30,2026-02-19,2026-08-19,5,2026-06-07,31728,869887,me2pt5-277,Pikachu ex,277,Special Illustration Rare,400,285,249.95,319,191.23,
396,Ascended Heroes,2026-01-30,2026-02-19,2026-08-19,5,2026-06-08,31728,869887,me2pt5-277,Pikachu ex,277,Special Illustration Rare,400,270,249.95,299,191.23,
396,Ascended Heroes,2026-01-30,2026-02-19,2026-08-19,5,2026-06-09,31728,869887,me2pt5-277,Pikachu ex,277,Special Illustration Rare,393.09,269,249.95,285,185.23,
396,Ascended Heroes,2026-01-30,2026-02-19,2026-08-19,5,2026-06-10,31728,869887,me2pt5-277,Pikachu ex,277,Special Illustration Rare,393.09,269,249.95,299,185.23,
396,Ascended Heroes,2026-01-30,2026-02-19,2026-08-19,5,2026-06-11,31728,869887,me2pt5-277,Pikachu ex,277,Special Illustration Rare,393.68,284,249.95,299,185.23,
396,Ascended Heroes,2026-01-30,2026-02-19,2026-08-19,5,2026-06-12,31728,869887,me2pt5-277,Pikachu ex,277,Special Illustration Rare,393.96,275,274.99,299,179,
396,Ascended Heroes,2026-01-30,2026-02-19,2026-08-19,5,2026-06-13,31728,869887,me2pt5-277,Pikachu ex,277,Special Illustration Rare,393.96,275,260,320,200,
396,Ascended Heroes,2026-01-30,2026-02-19,2026-08-19,5,2026-06-14,31728,869887,me2pt5-277,Pikachu ex,277,Special Illustration Rare,393.93,290,260,298,200,
396,Ascended Heroes,2026-01-30,2026-02-19,2026-08-19,5,2026-06-15,31728,869887,me2pt5-277,Pikachu ex,277,Special Illustration Rare,394.02,278,250,298,200,
396,Ascended Heroes,2026-01-30,2026-02-19,2026-08-19,5,2026-06-16,31728,869887,me2pt5-277,Pikachu ex,277,Special Illustration Rare,394.02,270,260,299,210,
396,Ascended Heroes,2026-01-30,2026-02-19,2026-08-19,5,2026-06-17,31728,869887,me2pt5-277,Pikachu ex,277,Special Illustration Rare,387.07,270,250,299,210,
396,Ascended Heroes,2026-01-30,2026-02-19,2026-08-19,5,2026-06-18,31728,869887,me2pt5-277,Pikachu ex,277,Special Illustration Rare,386.98,270,255,299,210,
396,Ascended Heroes,2026-01-30,2026-02-19,2026-08-19,5,2026-06-19,31728,869887,me2pt5-277,Pikachu ex,277,Special Illustration Rare,379.74,250,250,299,210,
396,Ascended Heroes,2026-01-30,2026-02-19,2026-08-19,5,2026-06-20,31728,869887,me2pt5-277,Pikachu ex,277,Special Illustration Rare,380.11,279,250,299,230,
396,Ascended Heroes,2026-01-30,2026-02-19,2026-08-19,5,2026-06-21,31728,869887,me2pt5-277,Pikachu ex,277,Special Illustration Rare,380.12,275,250,299,220,
396,Ascended Heroes,2026-01-30,2026-02-19,2026-08-19,5,2026-06-22,31728,869887,me2pt5-277,Pikachu ex,277,Special Illustration Rare,380,275,250,299,200,
396,Ascended Heroes,2026-01-30,2026-02-19,2026-08-19,5,2026-06-23,31728,869887,me2pt5-277,Pikachu ex,277,Special Illustration Rare,382.07,270,250,320,200,
396,Ascended Heroes,2026-01-30,2026-02-19,2026-08-19,5,2026-06-24,31728,869887,me2pt5-277,Pikachu ex,277,Special Illustration Rare,382.34,274,250,320,200,
396,Ascended Heroes,2026-01-30,2026-02-19,2026-08-19,5,2026-06-25,31728,869887,me2pt5-277,Pikachu ex,277,Special Illustration Rare,382.18,273.99,250,320,200,
396,Ascended Heroes,2026-01-30,2026-02-19,2026-08-19,5,2026-06-26,31728,869887,me2pt5-277,Pikachu ex,277,Special Illustration Rare,358.64,274,250,320,180,
396,Ascended Heroes,2026-01-30,2026-02-19,2026-08-19,5,2026-06-27,31728,869887,me2pt5-277,Pikachu ex,277,Special Illustration Rare,358.12,270,250,320,199.9,
396,Ascended Heroes,2026-01-30,2026-02-19,2026-08-19,5,2026-06-28,31728,869887,me2pt5-277,Pikachu ex,277,Special Illustration Rare,358.12,270,250,319.99,199.9,
396,Ascended Heroes,2026-01-30,2026-02-19,2026-08-19,5,2026-06-29,31728,869887,me2pt5-277,Pikachu ex,277,Special Illustration Rare,358.12,249.99,250,319.99,199.9,
396,Ascended Heroes,2026-01-30,2026-02-19,2026-08-19,5,2026-06-30,31728,869887,me2pt5-277,Pikachu ex,277,Special Illustration Rare,358.6,249.99,250,319.99,190,
396,Ascended Heroes,2026-01-30,2026-02-19,2026-08-19,5,2026-07-01,31728,869887,me2pt5-277,Pikachu ex,277,Special Illustration Rare,394.59,240,274.99,319.99,199.9,
396,Ascended Heroes,2026-01-30,2026-02-19,2026-08-19,5,2026-07-02,31728,869887,me2pt5-277,Pikachu ex,277,Special Illustration Rare,396.69,249.99,274.99,300,190,
396,Ascended Heroes,2026-01-30,2026-02-19,2026-08-19,5,2026-07-06,31728,869887,me2pt5-277,Pikachu ex,277,Special Illustration Rare,396.69,248,274.99,300,195,
396,Ascended Heroes,2026-01-30,2026-02-19,2026-08-19,5,2026-07-07,31728,869887,me2pt5-277,Pikachu ex,277,Special Illustration Rare,385.81,249.99,274.99,300,195,
396,Ascended Heroes,2026-01-30,2026-02-19,2026-08-19,5,2026-07-08,31728,869887,me2pt5-277,Pikachu ex,277,Special Illustration Rare,361.6,249.99,274.99,300,194.99,
396,Ascended Heroes,2026-01-30,2026-02-19,2026-08-19,5,2026-07-09,31728,869887,me2pt5-277,Pikachu ex,277,Special Illustration Rare,361.6,260,270,315,194.99,
396,Ascended Heroes,2026-01-30,2026-02-19,2026-08-19,5,2026-07-10,31728,869887,me2pt5-277,Pikachu ex,277,Special Illustration Rare,361.6,264.94,270,315,194.99,
396,Ascended Heroes,2026-01-30,2026-02-19,2026-08-19,5,2026-07-11,31728,869887,me2pt5-277,Pikachu ex,277,Special Illustration Rare,361.6,264.94,269,315,194.94,
396,Ascended Heroes,2026-01-30,2026-02-19,2026-08-19,5,2026-07-13,31728,869887,me2pt5-277,Pikachu ex,277,Special Illustration Rare,361.6,260,280,295,194.94,
396,Ascended Heroes,2026-01-30,2026-02-19,2026-08-19,5,2026-07-14,31728,869887,me2pt5-277,Pikachu ex,277,Special Illustration Rare,361.6,250,280,295,194.99,
396,Ascended Heroes,2026-01-30,2026-02-19,2026-08-19,5,2026-07-18,31728,869887,me2pt5-277,Pikachu ex,277,Special Illustration Rare,361.6,250,280,295,194.99,
396,Ascended Heroes,2026-01-30,2026-02-19,2026-08-19,5,2026-07-19,31728,869887,me2pt5-277,Pikachu ex,277,Special Illustration Rare,361.6,250,280,295,194.99,
396,Ascended Heroes,2026-01-30,2026-02-19,2026-08-19,5,2026-07-20,31728,869887,me2pt5-277,Pikachu ex,277,Special Illustration Rare,361.6,250,278.95,295,194.99,
396,Ascended Heroes,2026-01-30,2026-02-19,2026-08-19,5,2026-07-21,31728,869887,me2pt5-277,Pikachu ex,277,Special Illustration Rare,361.6,250,278.95,295,194.99,
396,Ascended Heroes,2026-01-30,2026-02-19,2026-08-19,5,2026-07-22,31728,869887,me2pt5-277,Pikachu ex,277,Special Illustration Rare,362.58,250,278.95,295,194.99,
396,Ascended Heroes,2026-01-30,2026-02-19,2026-08-19,5,2026-07-23,31728,869887,me2pt5-277,Pikachu ex,277,Special Illustration Rare,362.58,235,290,295,170,
396,Ascended Heroes,2026-01-30,2026-02-19,2026-08-19,5,2026-07-24,31728,869887,me2pt5-277,Pikachu ex,277,Special Illustration Rare,361.52,235,290,295,170,
396,Ascended Heroes,2026-01-30,2026-02-19,2026-08-19,5,2026-07-26,31728,869887,me2pt5-277,Pikachu ex,277,Special Illustration Rare,361.52,235,290,295,170,
396,Ascended Heroes,2026-01-30,2026-02-19,2026-08-19,5,2026-07-27,31728,869887,me2pt5-277,Pikachu ex,277,Special Illustration Rare,361.52,235,290,295,170,
396,Ascended Heroes,2026-01-30,2026-02-19,2026-08-19,5,2026-07-28,31728,869887,me2pt5-277,Pikachu ex,277,Special Illustration Rare,361.52,230,290,295,194.99,
396,Ascended Heroes,2026-01-30,2026-02-19,2026-08-19,5,2026-07-30,31728,869887,me2pt5-277,Pikachu ex,277,Special Illustration Rare,361.52,250,290,295,170,333.71
396,Ascended Heroes,2026-01-30,2026-02-19,2026-08-19,5,2026-07-31,31728,869887,me2pt5-277,Pikachu ex,277,Special Illustration Rare,361.52,250,290,295,170,332.22
396,Ascended Heroes,2026-01-30,2026-02-19,2026-08-19,5,2026-08-01,31728,869887,me2pt5-277,Pikachu ex,277,Special Illustration Rare,350,230,290,300,170,332.22
396,Ascended Heroes,2026-01-30,2026-02-19,2026-08-19,5,2026-08-03,31728,869887,me2pt5-277,Pikachu ex,277,Special Illustration Rare,350,230,290,300,170,333.43
396,Ascended Heroes,2026-01-30,2026-02-19,2026-08-19,5,2026-08-04,31728,869887,me2pt5-277,Pikachu ex,277,Special Illustration Rare,350,230,290,300,170,333.43
396,Ascended Heroes,2026-01-30,2026-02-19,2026-08-19,5,2026-08-05,31728,869887,me2pt5-277,Pikachu ex,277,Special Illustration Rare,350,220,290,300,170,333.43
396,Ascended Heroes,2026-01-30,2026-02-19,2026-08-19,5,2026-08-07,31728,869887,me2pt5-277,Pikachu ex,277,Special Illustration Rare,290,230,290,300,170,333.43
396,Ascended Heroes,2026-01-30,2026-02-19,2026-08-19,5,2026-08-10,31728,869887,me2pt5-277,Pikachu ex,277,Special Illustration Rare,348,229,290,300,165,333.43
396,Ascended Heroes,2026-01-30,2026-02-19,2026-08-19,5,2026-08-11,31728,869887,me2pt5-277,Pikachu ex,277,Special Illustration Rare,340,229,290,300,165,333.43
396,Ascended Heroes,2026-01-30,2026-02-19,2026-08-19,5,2026-08-12,31728,869887,me2pt5-277,Pikachu ex,277,Special Illustration Rare,340,239.99,275,300,165,333.43
396,Ascended Heroes,2026-01-30,2026-02-19,2026-08-19,5,2026-08-13,31728,869887,me2pt5-277,Pikachu ex,277,Special Illustration Rare,340,220,275,300,169.98,325.43
396,Ascended Heroes,2026-01-30,2026-02-19,2026-08-19,5,2026-08-14,31728,869887,me2pt5-277,Pikachu ex,277,Special Illustration Rare,340,220,275,300,169.98,325.43
396,Ascended Heroes,2026-01-30,2026-02-19,2026-08-19,5,2026-08-15,31728,869887,me2pt5-277,Pikachu ex,277,Special Illustration Rare,340,220,275,300,169.98,319.1
396,Ascended Heroes,2026-01-30,2026-02-19,2026-08-19,5,2026-08-16,31728,869887,me2pt5-277,Pikachu ex,277,Special Illustration Rare,340,220,290,300,170,319.1
396,Ascended Heroes,2026-01-30,2026-02-19,2026-08-19,5,2026-08-17,31728,869887,me2pt5-277,Pikachu ex,277,Special Illustration Rare,340,220,270,300,170,319.1
396,Ascended Heroes,2026-01-30,2026-02-19,2026-08-19,5,2026-08-18,31728,869887,me2pt5-277,Pikachu ex,277,Special Illustration Rare,340,220,290,300,170,319.1
396,Ascended Heroes,2026-01-30,2026-02-19,2026-08-19,5,2026-08-19,31728,869887,me2pt5-277,Pikachu ex,277,Special Illustration Rare,340,220,270,300,170,319.1
396,Ascended Heroes,2026-01-30,2026-02-19,2026-08-19,6,2026-02-19,31732,869892,me2pt5-281,Team Rocket's Mewtwo ex,281,Special Illustration Rare,447.86,230,289,315,220,
396,Ascended Heroes,2026-01-30,2026-02-19,2026-08-19,6,2026-02-20,31732,869892,me2pt5-281,Team Rocket's Mewtwo ex,281,Special Illustration Rare,330,229.99,289,315,190,
396,Ascended Heroes,2026-01-30,2026-02-19,2026-08-19,6,2026-02-21,31732,869892,me2pt5-281,Team Rocket's Mewtwo ex,281,Special Illustration Rare,330,225,280,298,200,
396,Ascended Heroes,2026-01-30,2026-02-19,2026-08-19,6,2026-02-22,31732,869892,me2pt5-281,Team Rocket's Mewtwo ex,281,Special Illustration Rare,412.24,225,260,300,200,
396,Ascended Heroes,2026-01-30,2026-02-19,2026-08-19,6,2026-02-23,31732,869892,me2pt5-281,Team Rocket's Mewtwo ex,281,Special Illustration Rare,346.28,195,250,300,250,
396,Ascended Heroes,2026-01-30,2026-02-19,2026-08-19,6,2026-02-24,31732,869892,me2pt5-281,Team Rocket's Mewtwo ex,281,Special Illustration Rare,346.66,190,250,300,200,
396,Ascended Heroes,2026-01-30,2026-02-19,2026-08-19,6,2026-02-25,31732,869892,me2pt5-281,Team Rocket's Mewtwo ex,281,Special Illustration Rare,342.41,199,250,315,200,
396,Ascended Heroes,2026-01-30,2026-02-19,2026-08-19,6,2026-02-26,31732,869892,me2pt5-281,Team Rocket's Mewtwo ex,281,Special Illustration Rare,342.71,190,249.95,300,219.99,
396,Ascended Heroes,2026-01-30,2026-02-19,2026-08-19,6,2026-02-27,31732,869892,me2pt5-281,Team Rocket's Mewtwo ex,281,Special Illustration Rare,341.43,199,249.95,280,210,
396,Ascended Heroes,2026-01-30,2026-02-19,2026-08-19,6,2026-02-28,31732,869892,me2pt5-281,Team Rocket's Mewtwo ex,281,Special Illustration Rare,345.48,200,235,270,219.99,
396,Ascended Heroes,2026-01-30,2026-02-19,2026-08-19,6,2026-03-01,31732,869892,me2pt5-281,Team Rocket's Mewtwo ex,281,Special Illustration Rare,340.79,200,235,270,219.99,
396,Ascended Heroes,2026-01-30,2026-02-19,2026-08-19,6,2026-03-02,31732,869892,me2pt5-281,Team Rocket's Mewtwo ex,281,Special Illustration Rare,345.42,200,225,270,219.98,
396,Ascended Heroes,2026-01-30,2026-02-19,2026-08-19,6,2026-03-03,31732,869892,me2pt5-281,Team Rocket's Mewtwo ex,281,Special Illustration Rare,347.19,205,225,269,219.98,
396,Ascended Heroes,2026-01-30,2026-02-19,2026-08-19,6,2026-03-04,31732,869892,me2pt5-281,Team Rocket's Mewtwo ex,281,Special Illustration Rare,343.32,200,224.99,260,220,
396,Ascended Heroes,2026-01-30,2026-02-19,2026-08-19,6,2026-03-05,31732,869892,me2pt5-281,Team Rocket's Mewtwo ex,281,Special Illustration Rare,300,210,220,260,229.99,
396,Ascended Heroes,2026-01-30,2026-02-19,2026-08-19,6,2026-03-06,31732,869892,me2pt5-281,Team Rocket's Mewtwo ex,281,Special Illustration Rare,300,190,220,260,219.9,
396,Ascended Heroes,2026-01-30,2026-02-19,2026-08-19,6,2026-03-07,31732,869892,me2pt5-281,Team Rocket's Mewtwo ex,281,Special Illustration Rare,300,188.99,220,265,214.98,
396,Ascended Heroes,2026-01-30,2026-02-19,2026-08-19,6,2026-03-08,31732,869892,me2pt5-281,Team Rocket's Mewtwo ex,281,Special Illustration Rare,289,189.98,180,250,214.98,
396,Ascended Heroes,2026-01-30,2026-02-19,2026-08-19,6,2026-03-09,31732,869892,me2pt5-281,Team Rocket's Mewtwo ex,281,Special Illustration Rare,275,180,250,250,214,
396,Ascended Heroes,2026-01-30,2026-02-19,2026-08-19,6,2026-03-10,31732,869892,me2pt5-281,Team Rocket's Mewtwo ex,281,Special Illustration Rare,283,180,150,240,199.89,
396,Ascended Heroes,2026-01-30,2026-02-19,2026-08-19,6,2026-03-11,31732,869892,me2pt5-281,Team Rocket's Mewtwo ex,281,Special Illustration Rare,280,180,200,249.99,195,
396,Ascended Heroes,2026-01-30,2026-02-19,2026-08-19,6,2026-03-12,31732,869892,me2pt5-281,Team Rocket's Mewtwo ex,281,Special Illustration Rare,275,180,160,249.99,195,
396,Ascended Heroes,2026-01-30,2026-02-19,2026-08-19,6,2026-03-13,31732,869892,me2pt5-281,Team Rocket's Mewtwo ex,281,Special Illustration Rare,290,180,200,259,189.99,
396,Ascended Heroes,2026-01-30,2026-02-19,2026-08-19,6,2026-03-14,31732,869892,me2pt5-281,Team Rocket's Mewtwo ex,281,Special Illustration Rare,299.99,170,190,258,219,
396,Ascended Heroes,2026-01-30,2026-02-19,2026-08-19,6,2026-03-15,31732,869892,me2pt5-281,Team Rocket's Mewtwo ex,281,Special Illustration Rare,265,170,200,259,189.99,
396,Ascended Heroes,2026-01-30,2026-02-19,2026-08-19,6,2026-03-16,31732,869892,me2pt5-281,Team Rocket's Mewtwo ex,281,Special Illustration Rare,285,170,180,259,185.98,
396,Ascended Heroes,2026-01-30,2026-02-19,2026-08-19,6,2026-03-17,31732,869892,me2pt5-281,Team Rocket's Mewtwo ex,281,Special Illustration Rare,279.99,199.99,180,259,189.99,
396,Ascended Heroes,2026-01-30,2026-02-19,2026-08-19,6,2026-03-18,31732,869892,me2pt5-281,Team Rocket's Mewtwo ex,281,Special Illustration Rare,259.99,195,180,259,189.99,
396,Ascended Heroes,2026-01-30,2026-02-19,2026-08-19,6,2026-03-19,31732,869892,me2pt5-281,Team Rocket's Mewtwo ex,281,Special Illustration Rare,239.99,200,180,260,185.98,
396,Ascended Heroes,2026-01-30,2026-02-19,2026-08-19,6,2026-03-20,31732,869892,me2pt5-281,Team Rocket's Mewtwo ex,281,Special Illustration Rare,249.99,202.98,179.9,240,195,
396,Ascended Heroes,2026-01-30,2026-02-19,2026-08-19,6,2026-03-21,31732,869892,me2pt5-281,Team Rocket's Mewtwo ex,281,Special Illustration Rare,249.99,204.98,179.9,230,185.98,
396,Ascended Heroes,2026-01-30,2026-02-19,2026-08-19,6,2026-03-22,31732,869892,me2pt5-281,Team Rocket's Mewtwo ex,281,Special Illustration Rare,296.82,207,179.9,240,185.98,
396,Ascended Heroes,2026-01-30,2026-02-19,2026-08-19,6,2026-03-23,31732,869892,me2pt5-281,Team Rocket's Mewtwo ex,281,Special Illustration Rare,299.89,207,179.9,240,195,
396,Ascended Heroes,2026-01-30,2026-02-19,2026-08-19,6,2026-03-24,31732,869892,me2pt5-281,Team Rocket's Mewtwo ex,281,Special Illustration Rare,279,207,179.9,240,195,
396,Ascended Heroes,2026-01-30,2026-02-19,2026-08-19,6,2026-03-25,31732,869892,me2pt5-281,Team Rocket's Mewtwo ex,281,Special Illustration Rare,299.99,198,160,240,177.99,
396,Ascended Heroes,2026-01-30,2026-02-19,2026-08-19,6,2026-03-26,31732,869892,me2pt5-281,Team Rocket's Mewtwo ex,281,Special Illustration Rare,299.99,200,160,240,178,
396,Ascended Heroes,2026-01-30,2026-02-19,2026-08-19,6,2026-03-27,31732,869892,me2pt5-281,Team Rocket's Mewtwo ex,281,Special Illustration Rare,299.99,199.99,160,240,177.99,
396,Ascended Heroes,2026-01-30,2026-02-19,2026-08-19,6,2026-03-28,31732,869892,me2pt5-281,Team Rocket's Mewtwo ex,281,Special Illustration Rare,296.77,179,160,239,178,
396,Ascended Heroes,2026-01-30,2026-02-19,2026-08-19,6,2026-03-29,31732,869892,me2pt5-281,Team Rocket's Mewtwo ex,281,Special Illustration Rare,296.75,180,160,240,185.98,
396,Ascended Heroes,2026-01-30,2026-02-19,2026-08-19,6,2026-03-30,31732,869892,me2pt5-281,Team Rocket's Mewtwo ex,281,Special Illustration Rare,296.55,198,175,239,185.98,
396,Ascended Heroes,2026-01-30,2026-02-19,2026-08-19,6,2026-03-31,31732,869892,me2pt5-281,Team Rocket's Mewtwo ex,281,Special Illustration Rare,296.07,179,175,240,185.98,
396,Ascended Heroes,2026-01-30,2026-02-19,2026-08-19,6,2026-04-01,31732,869892,me2pt5-281,Team Rocket's Mewtwo ex,281,Special Illustration Rare,294.75,179,175,240,185.98,
396,Ascended Heroes,2026-01-30,2026-02-19,2026-08-19,6,2026-04-02,31732,869892,me2pt5-281,Team Rocket's Mewtwo ex,281,Special Illustration Rare,290,179,175,240,185.98,
396,Ascended Heroes,2026-01-30,2026-02-19,2026-08-19,6,2026-04-03,31732,869892,me2pt5-281,Team Rocket's Mewtwo ex,281,Special Illustration Rare,295.26,174.99,175,260,183.98,
396,Ascended Heroes,2026-01-30,2026-02-19,2026-08-19,6,2026-04-04,31732,869892,me2pt5-281,Team Rocket's Mewtwo ex,281,Special Illustration Rare,271.45,174.99,175,270,183.98,
396,Ascended Heroes,2026-01-30,2026-02-19,2026-08-19,6,2026-04-05,31732,869892,me2pt5-281,Team Rocket's Mewtwo ex,281,Special Illustration Rare,247.84,175,275,270,183.98,
396,Ascended Heroes,2026-01-30,2026-02-19,2026-08-19,6,2026-04-06,31732,869892,me2pt5-281,Team Rocket's Mewtwo ex,281,Special Illustration Rare,236.07,198,179.9,270,183.98,
396,Ascended Heroes,2026-01-30,2026-02-19,2026-08-19,6,2026-04-07,31732,869892,me2pt5-281,Team Rocket's Mewtwo ex,281,Special Illustration Rare,305,234.99,175,270,183.98,
396,Ascended Heroes,2026-01-30,2026-02-19,2026-08-19,6,2026-04-08,31732,869892,me2pt5-281,Team Rocket's Mewtwo ex,281,Special Illustration Rare,310,210,180,280,190,
396,Ascended Heroes,2026-01-30,2026-02-19,2026-08-19,6,2026-04-09,31732,869892,me2pt5-281,Team Rocket's Mewtwo ex,281,Special Illustration Rare,299.99,204,170,270,183.98,
396,Ascended Heroes,2026-01-30,2026-02-19,2026-08-19,6,2026-04-10,31732,869892,me2pt5-281,Team Rocket's Mewtwo ex,281,Special Illustration Rare,305,210,159.99,265,190,
396,Ascended Heroes,2026-01-30,2026-02-19,2026-08-19,6,2026-04-11,31732,869892,me2pt5-281,Team Rocket's Mewtwo ex,281,Special Illustration Rare,305,210,150,260,183.98,
396,Ascended Heroes,2026-01-30,2026-02-19,2026-08-19,6,2026-04-12,31732,869892,me2pt5-281,Team Rocket's Mewtwo ex,281,Special Illustration Rare,305,210,179.99,270,190,
396,Ascended Heroes,2026-01-30,2026-02-19,2026-08-19,6,2026-04-13,31732,869892,me2pt5-281,Team Rocket's Mewtwo ex,281,Special Illustration Rare,305,210,179.9,270,183.98,
396,Ascended Heroes,2026-01-30,2026-02-19,2026-08-19,6,2026-04-14,31732,869892,me2pt5-281,Team Rocket's Mewtwo ex,281,Special Illustration Rare,305,210,179.9,270,183.98,
396,Ascended Heroes,2026-01-30,2026-02-19,2026-08-19,6,2026-04-15,31732,869892,me2pt5-281,Team Rocket's Mewtwo ex,281,Special Illustration Rare,310,210,179.99,270,190,
396,Ascended Heroes,2026-01-30,2026-02-19,2026-08-19,6,2026-04-16,31732,869892,me2pt5-281,Team Rocket's Mewtwo ex,281,Special Illustration Rare,305,210,179.99,270,190,
396,Ascended Heroes,2026-01-30,2026-02-19,2026-08-19,6,2026-04-17,31732,869892,me2pt5-281,Team Rocket's Mewtwo ex,281,Special Illustration Rare,305,210,179.99,270,190,
396,Ascended Heroes,2026-01-30,2026-02-19,2026-08-19,6,2026-04-18,31732,869892,me2pt5-281,Team Rocket's Mewtwo ex,281,Special Illustration Rare,295,210,179.99,270,190,
396,Ascended Heroes,2026-01-30,2026-02-19,2026-08-19,6,2026-04-19,31732,869892,me2pt5-281,Team Rocket's Mewtwo ex,281,Special Illustration Rare,310,210,179.99,270,190,
396,Ascended Heroes,2026-01-30,2026-02-19,2026-08-19,6,2026-04-20,31732,869892,me2pt5-281,Team Rocket's Mewtwo ex,281,Special Illustration Rare,310,208,179.99,340,190,
396,Ascended Heroes,2026-01-30,2026-02-19,2026-08-19,6,2026-04-21,31732,869892,me2pt5-281,Team Rocket's Mewtwo ex,281,Special Illustration Rare,295,210,180,340,190,
396,Ascended Heroes,2026-01-30,2026-02-19,2026-08-19,6,2026-04-22,31732,869892,me2pt5-281,Team Rocket's Mewtwo ex,281,Special Illustration Rare,330,210,179.99,290,190,
396,Ascended Heroes,2026-01-30,2026-02-19,2026-08-19,6,2026-04-23,31732,869892,me2pt5-281,Team Rocket's Mewtwo ex,281,Special Illustration Rare,295,210,195,280,190,
396,Ascended Heroes,2026-01-30,2026-02-19,2026-08-19,6,2026-04-24,31732,869892,me2pt5-281,Team Rocket's Mewtwo ex,281,Special Illustration Rare,295,180,180,280,179,
396,Ascended Heroes,2026-01-30,2026-02-19,2026-08-19,6,2026-04-25,31732,869892,me2pt5-281,Team Rocket's Mewtwo ex,281,Special Illustration Rare,280,298,250,270,189.99,
396,Ascended Heroes,2026-01-30,2026-02-19,2026-08-19,6,2026-04-26,31732,869892,me2pt5-281,Team Rocket's Mewtwo ex,281,Special Illustration Rare,280,300,275,339.99,189.9,
396,Ascended Heroes,2026-01-30,2026-02-19,2026-08-19,6,2026-04-27,31732,869892,me2pt5-281,Team Rocket's Mewtwo ex,281,Special Illustration Rare,310,300,199.99,300,189.9,
396,Ascended Heroes,2026-01-30,2026-02-19,2026-08-19,6,2026-04-28,31732,869892,me2pt5-281,Team Rocket's Mewtwo ex,281,Special Illustration Rare,310,315.19,199.99,329,189.9,
396,Ascended Heroes,2026-01-30,2026-02-19,2026-08-19,6,2026-04-29,31732,869892,me2pt5-281,Team Rocket's Mewtwo ex,281,Special Illustration Rare,310,315,244.99,349.99,189.9,
396,Ascended Heroes,2026-01-30,2026-02-19,2026-08-19,6,2026-04-30,31732,869892,me2pt5-281,Team Rocket's Mewtwo ex,281,Special Illustration Rare,350,315.08,182,340,189.88,
396,Ascended Heroes,2026-01-30,2026-02-19,2026-08-19,6,2026-05-01,31732,869892,me2pt5-281,Team Rocket's Mewtwo ex,281,Special Illustration Rare,350,316.56,240,320,189.88,
396,Ascended Heroes,2026-01-30,2026-02-19,2026-08-19,6,2026-05-02,31732,869892,me2pt5-281,Team Rocket's Mewtwo ex,281,Special Illustration Rare,370,316.05,220,320,189.88,
396,Ascended Heroes,2026-01-30,2026-02-19,2026-08-19,6,2026-05-03,31732,869892,me2pt5-281,Team Rocket's Mewtwo ex,281,Special Illustration Rare,370,316.05,182,320,189.88,
396,Ascended Heroes,2026-01-30,2026-02-19,2026-08-19,6,2026-05-04,31732,869892,me2pt5-281,Team Rocket's Mewtwo ex,281,Special Illustration Rare,370,316.16,220,425,189.88,
396,Ascended Heroes,2026-01-30,2026-02-19,2026-08-19,6,2026-05-05,31732,869892,me2pt5-281,Team Rocket's Mewtwo ex,281,Special Illustration Rare,370,315.9,220,460,187,
396,Ascended Heroes,2026-01-30,2026-02-19,2026-08-19,6,2026-05-07,31732,869892,me2pt5-281,Team Rocket's Mewtwo ex,281,Special Illustration Rare,370,315.9,200,460,175,
396,Ascended Heroes,2026-01-30,2026-02-19,2026-08-19,6,2026-05-09,31732,869892,me2pt5-281,Team Rocket's Mewtwo ex,281,Special Illustration Rare,370,315.43,182,460,189.88,
396,Ascended Heroes,2026-01-30,2026-02-19,2026-08-19,6,2026-05-12,31732,869892,me2pt5-281,Team Rocket's Mewtwo ex,281,Special Illustration Rare,370,315.43,182,399,175,
396,Ascended Heroes,2026-01-30,2026-02-19,2026-08-19,6,2026-05-13,31732,869892,me2pt5-281,Team Rocket's Mewtwo ex,281,Special Illustration Rare,391.98,314.77,182,394.99,175,
396,Ascended Heroes,2026-01-30,2026-02-19,2026-08-19,6,2026-05-14,31732,869892,me2pt5-281,Team Rocket's Mewtwo ex,281,Special Illustration Rare,391.98,314.77,200,369.99,185,
396,Ascended Heroes,2026-01-30,2026-02-19,2026-08-19,6,2026-05-15,31732,869892,me2pt5-281,Team Rocket's Mewtwo ex,281,Special Illustration Rare,391.98,314.77,182,369.99,175,
396,Ascended Heroes,2026-01-30,2026-02-19,2026-08-19,6,2026-05-19,31732,869892,me2pt5-281,Team Rocket's Mewtwo ex,281,Special Illustration Rare,391.98,314.77,182,414,185,
396,Ascended Heroes,2026-01-30,2026-02-19,2026-08-19,6,2026-05-20,31732,869892,me2pt5-281,Team Rocket's Mewtwo ex,281,Special Illustration Rare,392.34,300,194,414,179,
396,Ascended Heroes,2026-01-30,2026-02-19,2026-08-19,6,2026-05-21,31732,869892,me2pt5-281,Team Rocket's Mewtwo ex,281,Special Illustration Rare,392.75,320,194,295,175,
396,Ascended Heroes,2026-01-30,2026-02-19,2026-08-19,6,2026-05-22,31732,869892,me2pt5-281,Team Rocket's Mewtwo ex,281,Special Illustration Rare,392.93,319.95,194,390,175,
396,Ascended Heroes,2026-01-30,2026-02-19,2026-08-19,6,2026-05-23,31732,869892,me2pt5-281,Team Rocket's Mewtwo ex,281,Special Illustration Rare,393.34,319.95,182,390,175,
396,Ascended Heroes,2026-01-30,2026-02-19,2026-08-19,6,2026-05-24,31732,869892,me2pt5-281,Team Rocket's Mewtwo ex,281,Special Illustration Rare,393.34,300,219.95,439.99,160,
396,Ascended Heroes,2026-01-30,2026-02-19,2026-08-19,6,2026-05-25,31732,869892,me2pt5-281,Team Rocket's Mewtwo ex,281,Special Illustration Rare,393.57,300,182,369.99,170,
396,Ascended Heroes,2026-01-30,2026-02-19,2026-08-19,6,2026-05-26,31732,869892,me2pt5-281,Team Rocket's Mewtwo ex,281,Special Illustration Rare,394.14,300,200,399,170,
396,Ascended Heroes,2026-01-30,2026-02-19,2026-08-19,6,2026-05-27,31732,869892,me2pt5-281,Team Rocket's Mewtwo ex,281,Special Illustration Rare,392.95,280,200,390,184.9,
396,Ascended Heroes,2026-01-30,2026-02-19,2026-08-19,6,2026-05-28,31732,869892,me2pt5-281,Team Rocket's Mewtwo ex,281,Special Illustration Rare,379,290,182,450,170,
396,Ascended Heroes,2026-01-30,2026-02-19,2026-08-19,6,2026-05-29,31732,869892,me2pt5-281,Team Rocket's Mewtwo ex,281,Special Illustration Rare,379,290,182,399,170,
396,Ascended Heroes,2026-01-30,2026-02-19,2026-08-19,6,2026-05-30,31732,869892,me2pt5-281,Team Rocket's Mewtwo ex,281,Special Illustration Rare,379,270,182,399,170,
396,Ascended Heroes,2026-01-30,2026-02-19,2026-08-19,6,2026-05-31,31732,869892,me2pt5-281,Team Rocket's Mewtwo ex,281,Special Illustration Rare,392.23,269.95,200,410,184.9,
396,Ascended Heroes,2026-01-30,2026-02-19,2026-08-19,6,2026-06-01,31732,869892,me2pt5-281,Team Rocket's Mewtwo ex,281,Special Illustration Rare,379,269.95,182,399,169.9,
396,Ascended Heroes,2026-01-30,2026-02-19,2026-08-19,6,2026-06-02,31732,869892,me2pt5-281,Team Rocket's Mewtwo ex,281,Special Illustration Rare,387.27,270,215,399,169.99,
396,Ascended Heroes,2026-01-30,2026-02-19,2026-08-19,6,2026-06-03,31732,869892,me2pt5-281,Team Rocket's Mewtwo ex,281,Special Illustration Rare,379,270,193,399,184.89,
396,Ascended Heroes,2026-01-30,2026-02-19,2026-08-19,6,2026-06-04,31732,869892,me2pt5-281,Team Rocket's Mewtwo ex,281,Special Illustration Rare,380,270,199.95,350,184.88,
396,Ascended Heroes,2026-01-30,2026-02-19,2026-08-19,6,2026-06-05,31732,869892,me2pt5-281,Team Rocket's Mewtwo ex,281,Special Illustration Rare,380,317.95,182,400,184.88,
396,Ascended Heroes,2026-01-30,2026-02-19,2026-08-19,6,2026-06-06,31732,869892,me2pt5-281,Team Rocket's Mewtwo ex,281,Special Illustration Rare,380,299.99,193,330,170,
396,Ascended Heroes,2026-01-30,2026-02-19,2026-08-19,6,2026-06-07,31732,869892,me2pt5-281,Team Rocket's Mewtwo ex,281,Special Illustration Rare,380,270,193,330,170,
396,Ascended Heroes,2026-01-30,2026-02-19,2026-08-19,6,2026-06-08,31732,869892,me2pt5-281,Team Rocket's Mewtwo ex,281,Special Illustration Rare,380,270,182,330,184.99,
396,Ascended Heroes,2026-01-30,2026-02-19,2026-08-19,6,2026-06-09,31732,869892,me2pt5-281,Team Rocket's Mewtwo ex,281,Special Illustration Rare,379.65,260,182,429,170,
396,Ascended Heroes,2026-01-30,2026-02-19,2026-08-19,6,2026-06-10,31732,869892,me2pt5-281,Team Rocket's Mewtwo ex,281,Special Illustration Rare,370.1,249,193,429,170,
396,Ascended Heroes,2026-01-30,2026-02-19,2026-08-19,6,2026-06-11,31732,869892,me2pt5-281,Team Rocket's Mewtwo ex,281,Special Illustration Rare,377.28,280,190,350,170,
396,Ascended Heroes,2026-01-30,2026-02-19,2026-08-19,6,2026-06-12,31732,869892,me2pt5-281,Team Rocket's Mewtwo ex,281,Special Illustration Rare,370.09,249,184.95,380,170,
396,Ascended Heroes,2026-01-30,2026-02-19,2026-08-19,6,2026-06-13,31732,869892,me2pt5-281,Team Rocket's Mewtwo ex,281,Special Illustration Rare,370.07,249,182,430,185,
396,Ascended Heroes,2026-01-30,2026-02-19,2026-08-19,6,2026-06-14,31732,869892,me2pt5-281,Team Rocket's Mewtwo ex,281,Special Illustration Rare,370.07,269,180,320,170,
396,Ascended Heroes,2026-01-30,2026-02-19,2026-08-19,6,2026-06-15,31732,869892,me2pt5-281,Team Rocket's Mewtwo ex,281,Special Illustration Rare,370.07,270,180,320,175,
396,Ascended Heroes,2026-01-30,2026-02-19,2026-08-19,6,2026-06-16,31732,869892,me2pt5-281,Team Rocket's Mewtwo ex,281,Special Illustration Rare,369.49,270,180,320,175,
396,Ascended Heroes,2026-01-30,2026-02-19,2026-08-19,6,2026-06-17,31732,869892,me2pt5-281,Team Rocket's Mewtwo ex,281,Special Illustration Rare,369.19,270,178.99,349,184.99,
396,Ascended Heroes,2026-01-30,2026-02-19,2026-08-19,6,2026-06-18,31732,869892,me2pt5-281,Team Rocket's Mewtwo ex,281,Special Illustration Rare,369.1,270,180,430,169,
396,Ascended Heroes,2026-01-30,2026-02-19,2026-08-19,6,2026-06-19,31732,869892,me2pt5-281,Team Rocket's Mewtwo ex,281,Special Illustration Rare,367.87,259,175,330,169,
396,Ascended Heroes,2026-01-30,2026-02-19,2026-08-19,6,2026-06-20,31732,869892,me2pt5-281,Team Rocket's Mewtwo ex,281,Special Illustration Rare,368.23,259,180,349,185,
396,Ascended Heroes,2026-01-30,2026-02-19,2026-08-19,6,2026-06-21,31732,869892,me2pt5-281,Team Rocket's Mewtwo ex,281,Special Illustration Rare,368.23,259,170,349,169,
396,Ascended Heroes,2026-01-30,2026-02-19,2026-08-19,6,2026-06-22,31732,869892,me2pt5-281,Team Rocket's Mewtwo ex,281,Special Illustration Rare,368.23,259,170,349,169,
396,Ascended Heroes,2026-01-30,2026-02-19,2026-08-19,6,2026-06-23,31732,869892,me2pt5-281,Team Rocket's Mewtwo ex,281,Special Illustration Rare,370.13,294.99,170,350,165,
396,Ascended Heroes,2026-01-30,2026-02-19,2026-08-19,6,2026-06-24,31732,869892,me2pt5-281,Team Rocket's Mewtwo ex,281,Special Illustration Rare,370.39,294.99,170,315,184.58,
396,Ascended Heroes,2026-01-30,2026-02-19,2026-08-19,6,2026-06-25,31732,869892,me2pt5-281,Team Rocket's Mewtwo ex,281,Special Illustration Rare,370.24,294.99,170,315,184.58,
396,Ascended Heroes,2026-01-30,2026-02-19,2026-08-19,6,2026-06-26,31732,869892,me2pt5-281,Team Rocket's Mewtwo ex,281,Special Illustration Rare,365,294.99,169,315,160,
396,Ascended Heroes,2026-01-30,2026-02-19,2026-08-19,6,2026-06-27,31732,869892,me2pt5-281,Team Rocket's Mewtwo ex,281,Special Illustration Rare,300,304.99,169,315,184.58,
396,Ascended Heroes,2026-01-30,2026-02-19,2026-08-19,6,2026-06-28,31732,869892,me2pt5-281,Team Rocket's Mewtwo ex,281,Special Illustration Rare,300,289.99,169,315,150,
396,Ascended Heroes,2026-01-30,2026-02-19,2026-08-19,6,2026-06-29,31732,869892,me2pt5-281,Team Rocket's Mewtwo ex,281,Special Illustration Rare,300,285.99,169,315,184.58,
396,Ascended Heroes,2026-01-30,2026-02-19,2026-08-19,6,2026-06-30,31732,869892,me2pt5-281,Team Rocket's Mewtwo ex,281,Special Illustration Rare,300,279.99,169,309,159,
396,Ascended Heroes,2026-01-30,2026-02-19,2026-08-19,6,2026-07-01,31732,869892,me2pt5-281,Team Rocket's Mewtwo ex,281,Special Illustration Rare,346.75,275,169,309,159,
396,Ascended Heroes,2026-01-30,2026-02-19,2026-08-19,6,2026-07-02,31732,869892,me2pt5-281,Team Rocket's Mewtwo ex,281,Special Illustration Rare,348.6,259.99,169,309,159,
396,Ascended Heroes,2026-01-30,2026-02-19,2026-08-19,6,2026-07-06,31732,869892,me2pt5-281,Team Rocket's Mewtwo ex,281,Special Illustration Rare,330.65,259.98,160,305,165,
396,Ascended Heroes,2026-01-30,2026-02-19,2026-08-19,6,2026-07-07,31732,869892,me2pt5-281,Team Rocket's Mewtwo ex,281,Special Illustration Rare,320,259.98,200,305,159,
396,Ascended Heroes,2026-01-30,2026-02-19,2026-08-19,6,2026-07-08,31732,869892,me2pt5-281,Team Rocket's Mewtwo ex,281,Special Illustration Rare,331.45,259.98,195,300,159,
396,Ascended Heroes,2026-01-30,2026-02-19,2026-08-19,6,2026-07-09,31732,869892,me2pt5-281,Team Rocket's Mewtwo ex,281,Special Illustration Rare,331.45,259.98,160,300,159,
396,Ascended Heroes,2026-01-30,2026-02-19,2026-08-19,6,2026-07-10,31732,869892,me2pt5-281,Team Rocket's Mewtwo ex,281,Special Illustration Rare,331.45,259.98,160,300,159,
396,Ascended Heroes,2026-01-30,2026-02-19,2026-08-19,6,2026-07-12,31732,869892,me2pt5-281,Team Rocket's Mewtwo ex,281,Special Illustration Rare,332.52,275,160,300,150,
396,Ascended Heroes,2026-01-30,2026-02-19,2026-08-19,6,2026-07-13,31732,869892,me2pt5-281,Team Rocket's Mewtwo ex,281,Special Illustration Rare,332.47,275,160,300,150,
396,Ascended Heroes,2026-01-30,2026-02-19,2026-08-19,6,2026-07-14,31732,869892,me2pt5-281,Team Rocket's Mewtwo ex,281,Special Illustration Rare,332.13,275,159,299,159.99,
396,Ascended Heroes,2026-01-30,2026-02-19,2026-08-19,6,2026-07-16,31732,869892,me2pt5-281,Team Rocket's Mewtwo ex,281,Special Illustration Rare,332.13,275,159.01,299,159.99,
396,Ascended Heroes,2026-01-30,2026-02-19,2026-08-19,6,2026-07-17,31732,869892,me2pt5-281,Team Rocket's Mewtwo ex,281,Special Illustration Rare,332.13,275,159.01,299,159.99,
396,Ascended Heroes,2026-01-30,2026-02-19,2026-08-19,6,2026-07-18,31732,869892,me2pt5-281,Team Rocket's Mewtwo ex,281,Special Illustration Rare,333.19,275,140,299,160.62,
396,Ascended Heroes,2026-01-30,2026-02-19,2026-08-19,6,2026-07-19,31732,869892,me2pt5-281,Team Rocket's Mewtwo ex,281,Special Illustration Rare,333.19,275,150,299,158,
396,Ascended Heroes,2026-01-30,2026-02-19,2026-08-19,6,2026-07-20,31732,869892,me2pt5-281,Team Rocket's Mewtwo ex,281,Special Illustration Rare,333.19,275,150,299,158,
396,Ascended Heroes,2026-01-30,2026-02-19,2026-08-19,6,2026-07-21,31732,869892,me2pt5-281,Team Rocket's Mewtwo ex,281,Special Illustration Rare,333.19,275,159.01,299,158,
396,Ascended Heroes,2026-01-30,2026-02-19,2026-08-19,6,2026-07-22,31732,869892,me2pt5-281,Team Rocket's Mewtwo ex,281,Special Illustration Rare,332.39,220,150,299,158,
396,Ascended Heroes,2026-01-30,2026-02-19,2026-08-19,6,2026-07-23,31732,869892,me2pt5-281,Team Rocket's Mewtwo ex,281,Special Illustration Rare,332.39,220,150,279,158,
396,Ascended Heroes,2026-01-30,2026-02-19,2026-08-19,6,2026-07-24,31732,869892,me2pt5-281,Team Rocket's Mewtwo ex,281,Special Illustration Rare,331.42,220,147,279,158,
396,Ascended Heroes,2026-01-30,2026-02-19,2026-08-19,6,2026-07-26,31732,869892,me2pt5-281,Team Rocket's Mewtwo ex,281,Special Illustration Rare,331.42,220,147,279,158,
396,Ascended Heroes,2026-01-30,2026-02-19,2026-08-19,6,2026-07-27,31732,869892,me2pt5-281,Team Rocket's Mewtwo ex,281,Special Illustration Rare,331.42,220,147,279,158,
396,Ascended Heroes,2026-01-30,2026-02-19,2026-08-19,6,2026-07-28,31732,869892,me2pt5-281,Team Rocket's Mewtwo ex,281,Special Illustration Rare,331.42,249.99,180,279,149.99,
396,Ascended Heroes,2026-01-30,2026-02-19,2026-08-19,6,2026-07-29,31732,869892,me2pt5-281,Team Rocket's Mewtwo ex,281,Special Illustration Rare,331.42,249.99,180,279,149.99,
396,Ascended Heroes,2026-01-30,2026-02-19,2026-08-19,6,2026-07-30,31732,869892,me2pt5-281,Team Rocket's Mewtwo ex,281,Special Illustration Rare,331.42,200,147,279,149.99,336.07
396,Ascended Heroes,2026-01-30,2026-02-19,2026-08-19,6,2026-07-31,31732,869892,me2pt5-281,Team Rocket's Mewtwo ex,281,Special Illustration Rare,331.42,200,147,279,149.99,336.24
396,Ascended Heroes,2026-01-30,2026-02-19,2026-08-19,6,2026-08-01,31732,869892,me2pt5-281,Team Rocket's Mewtwo ex,281,Special Illustration Rare,318.81,200,147,359,149.99,336.24
396,Ascended Heroes,2026-01-30,2026-02-19,2026-08-19,6,2026-08-03,31732,869892,me2pt5-281,Team Rocket's Mewtwo ex,281,Special Illustration Rare,318.81,200,175,369,149.99,328.49
396,Ascended Heroes,2026-01-30,2026-02-19,2026-08-19,6,2026-08-04,31732,869892,me2pt5-281,Team Rocket's Mewtwo ex,281,Special Illustration Rare,318.81,200,175,370,149.99,328.49
396,Ascended Heroes,2026-01-30,2026-02-19,2026-08-19,6,2026-08-05,31732,869892,me2pt5-281,Team Rocket's Mewtwo ex,281,Special Illustration Rare,318.81,200,175,370,149.99,328.49
396,Ascended Heroes,2026-01-30,2026-02-19,2026-08-19,6,2026-08-07,31732,869892,me2pt5-281,Team Rocket's Mewtwo ex,281,Special Illustration Rare,330.69,212,190,369.9,149.99,328.49
396,Ascended Heroes,2026-01-30,2026-02-19,2026-08-19,6,2026-08-10,31732,869892,me2pt5-281,Team Rocket's Mewtwo ex,281,Special Illustration Rare,330.69,218.99,190,369.9,150,328.49
396,Ascended Heroes,2026-01-30,2026-02-19,2026-08-19,6,2026-08-11,31732,869892,me2pt5-281,Team Rocket's Mewtwo ex,281,Special Illustration Rare,301.33,219,190,359,159.95,328.49
396,Ascended Heroes,2026-01-30,2026-02-19,2026-08-19,6,2026-08-12,31732,869892,me2pt5-281,Team Rocket's Mewtwo ex,281,Special Illustration Rare,301.33,219,190,359,150,328.49
396,Ascended Heroes,2026-01-30,2026-02-19,2026-08-19,6,2026-08-13,31732,869892,me2pt5-281,Team Rocket's Mewtwo ex,281,Special Illustration Rare,301.46,248.5,190,359,150,322.5
396,Ascended Heroes,2026-01-30,2026-02-19,2026-08-19,6,2026-08-14,31732,869892,me2pt5-281,Team Rocket's Mewtwo ex,281,Special Illustration Rare,330,248.5,190,350,150,322.5
396,Ascended Heroes,2026-01-30,2026-02-19,2026-08-19,6,2026-08-15,31732,869892,me2pt5-281,Team Rocket's Mewtwo ex,281,Special Illustration Rare,330,249.99,190,350,150,306.68
396,Ascended Heroes,2026-01-30,2026-02-19,2026-08-19,6,2026-08-16,31732,869892,me2pt5-281,Team Rocket's Mewtwo ex,281,Special Illustration Rare,330,220,190,350,150,306.68
396,Ascended Heroes,2026-01-30,2026-02-19,2026-08-19,6,2026-08-17,31732,869892,me2pt5-281,Team Rocket's Mewtwo ex,281,Special Illustration Rare,330,220,190,359,150,306.68
396,Ascended Heroes,2026-01-30,2026-02-19,2026-08-19,6,2026-08-18,31732,869892,me2pt5-281,Team Rocket's Mewtwo ex,281,Special Illustration Rare,330,220,190,359,150,306.68
396,Ascended Heroes,2026-01-30,2026-02-19,2026-08-19,6,2026-08-19,31732,869892,me2pt5-281,Team Rocket's Mewtwo ex,281,Special Illustration Rare,330,248,190,359,160,306.68
396,Ascended Heroes,2026-01-30,2026-02-19,2026-08-19,7,2026-02-19,31746,869906,me2pt5-295,Mega Dragonite ex,295,Mega Hyper Rare,,155,300,210,395,
396,Ascended Heroes,2026-01-30,2026-02-19,2026-08-19,7,2026-02-20,31746,869906,me2pt5-295,Mega Dragonite ex,295,Mega Hyper Rare,323.95,160,300,200,300,
396,Ascended Heroes,2026-01-30,2026-02-19,2026-08-19,7,2026-02-21,31746,869906,me2pt5-295,Mega Dragonite ex,295,Mega Hyper Rare,323.99,159.28,300,200,365,
396,Ascended Heroes,2026-01-30,2026-02-19,2026-08-19,7,2026-02-22,31746,869906,me2pt5-295,Mega Dragonite ex,295,Mega Hyper Rare,312.22,158,300,185,350,
396,Ascended Heroes,2026-01-30,2026-02-19,2026-08-19,7,2026-02-23,31746,869906,me2pt5-295,Mega Dragonite ex,295,Mega Hyper Rare,253.24,155,300,185,260,
396,Ascended Heroes,2026-01-30,2026-02-19,2026-08-19,7,2026-02-24,31746,869906,me2pt5-295,Mega Dragonite ex,295,Mega Hyper Rare,241.72,140,300,270,259,
396,Ascended Heroes,2026-01-30,2026-02-19,2026-08-19,7,2026-02-25,31746,869906,me2pt5-295,Mega Dragonite ex,295,Mega Hyper Rare,230.25,142.5,279.95,230,230,
396,Ascended Heroes,2026-01-30,2026-02-19,2026-08-19,7,2026-02-26,31746,869906,me2pt5-295,Mega Dragonite ex,295,Mega Hyper Rare,234.99,140.5,499,270,210,
396,Ascended Heroes,2026-01-30,2026-02-19,2026-08-19,7,2026-02-27,31746,869906,me2pt5-295,Mega Dragonite ex,295,Mega Hyper Rare,250,134.5,250,260,210,
396,Ascended Heroes,2026-01-30,2026-02-19,2026-08-19,7,2026-02-28,31746,869906,me2pt5-295,Mega Dragonite ex,295,Mega Hyper Rare,215,139.9,250,239,210,
396,Ascended Heroes,2026-01-30,2026-02-19,2026-08-19,7,2026-03-01,31746,869906,me2pt5-295,Mega Dragonite ex,295,Mega Hyper Rare,217.4,137.5,250,239,210,
396,Ascended Heroes,2026-01-30,2026-02-19,2026-08-19,7,2026-03-02,31746,869906,me2pt5-295,Mega Dragonite ex,295,Mega Hyper Rare,217.37,129.99,210,239,200,
396,Ascended Heroes,2026-01-30,2026-02-19,2026-08-19,7,2026-03-03,31746,869906,me2pt5-295,Mega Dragonite ex,295,Mega Hyper Rare,218.48,144,210,248,200,
396,Ascended Heroes,2026-01-30,2026-02-19,2026-08-19,7,2026-03-04,31746,869906,me2pt5-295,Mega Dragonite ex,295,Mega Hyper Rare,219.02,130,290,239,200,
396,Ascended Heroes,2026-01-30,2026-02-19,2026-08-19,7,2026-03-05,31746,869906,me2pt5-295,Mega Dragonite ex,295,Mega Hyper Rare,200,130,290,235,200,
396,Ascended Heroes,2026-01-30,2026-02-19,2026-08-19,7,2026-03-06,31746,869906,me2pt5-295,Mega Dragonite ex,295,Mega Hyper Rare,219.26,130,210,270,200,
396,Ascended Heroes,2026-01-30,2026-02-19,2026-08-19,7,2026-03-07,31746,869906,me2pt5-295,Mega Dragonite ex,295,Mega Hyper Rare,219.98,143.99,210,220,195,
396,Ascended Heroes,2026-01-30,2026-02-19,2026-08-19,7,2026-03-08,31746,869906,me2pt5-295,Mega Dragonite ex,295,Mega Hyper Rare,219.98,180,210,220,195,
396,Ascended Heroes,2026-01-30,2026-02-19,2026-08-19,7,2026-03-09,31746,869906,me2pt5-295,Mega Dragonite ex,295,Mega Hyper Rare,199,150,300,220,200,
396,Ascended Heroes,2026-01-30,2026-02-19,2026-08-19,7,2026-03-10,31746,869906,me2pt5-295,Mega Dragonite ex,295,Mega Hyper Rare,199,179.99,205,218,195,
396,Ascended Heroes,2026-01-30,2026-02-19,2026-08-19,7,2026-03-11,31746,869906,me2pt5-295,Mega Dragonite ex,295,Mega Hyper Rare,199,150,447,218,195,
396,Ascended Heroes,2026-01-30,2026-02-19,2026-08-19,7,2026-03-12,31746,869906,me2pt5-295,Mega Dragonite ex,295,Mega Hyper Rare,199,169.99,198,218,195,
396,Ascended Heroes,2026-01-30,2026-02-19,2026-08-19,7,2026-03-13,31746,869906,me2pt5-295,Mega Dragonite ex,295,Mega Hyper Rare,215,178,198,218,195,
396,Ascended Heroes,2026-01-30,2026-02-19,2026-08-19,7,2026-03-14,31746,869906,me2pt5-295,Mega Dragonite ex,295,Mega Hyper Rare,215,159,198,218,195,
396,Ascended Heroes,2026-01-30,2026-02-19,2026-08-19,7,2026-03-15,31746,869906,me2pt5-295,Mega Dragonite ex,295,Mega Hyper Rare,225,157,198,218,194.99,
396,Ascended Heroes,2026-01-30,2026-02-19,2026-08-19,7,2026-03-16,31746,869906,me2pt5-295,Mega Dragonite ex,295,Mega Hyper Rare,215,150,180,218,194.99,
396,Ascended Heroes,2026-01-30,2026-02-19,2026-08-19,7,2026-03-17,31746,869906,me2pt5-295,Mega Dragonite ex,295,Mega Hyper Rare,210,140,160,218,194.99,
396,Ascended Heroes,2026-01-30,2026-02-19,2026-08-19,7,2026-03-18,31746,869906,me2pt5-295,Mega Dragonite ex,295,Mega Hyper Rare,210,130,185,218,193,
396,Ascended Heroes,2026-01-30,2026-02-19,2026-08-19,7,2026-03-19,31746,869906,me2pt5-295,Mega Dragonite ex,295,Mega Hyper Rare,215,130,160,218,190,
396,Ascended Heroes,2026-01-30,2026-02-19,2026-08-19,7,2026-03-20,31746,869906,me2pt5-295,Mega Dragonite ex,295,Mega Hyper Rare,225,170,185,217.5,195,
396,Ascended Heroes,2026-01-30,2026-02-19,2026-08-19,7,2026-03-21,31746,869906,me2pt5-295,Mega Dragonite ex,295,Mega Hyper Rare,215,170,185,190,189,
396,Ascended Heroes,2026-01-30,2026-02-19,2026-08-19,7,2026-03-22,31746,869906,me2pt5-295,Mega Dragonite ex,295,Mega Hyper Rare,215,170,185,190,189,
396,Ascended Heroes,2026-01-30,2026-02-19,2026-08-19,7,2026-03-23,31746,869906,me2pt5-295,Mega Dragonite ex,295,Mega Hyper Rare,215,135,185,208,189,
396,Ascended Heroes,2026-01-30,2026-02-19,2026-08-19,7,2026-03-24,31746,869906,me2pt5-295,Mega Dragonite ex,295,Mega Hyper Rare,209.99,129,185,208,189,
396,Ascended Heroes,2026-01-30,2026-02-19,2026-08-19,7,2026-03-25,31746,869906,me2pt5-295,Mega Dragonite ex,295,Mega Hyper Rare,209.99,129,185,190,184,
396,Ascended Heroes,2026-01-30,2026-02-19,2026-08-19,7,2026-03-26,31746,869906,me2pt5-295,Mega Dragonite ex,295,Mega Hyper Rare,214.23,135,185,199,170,
396,Ascended Heroes,2026-01-30,2026-02-19,2026-08-19,7,2026-03-27,31746,869906,me2pt5-295,Mega Dragonite ex,295,Mega Hyper Rare,210,150,185,180,170,
396,Ascended Heroes,2026-01-30,2026-02-19,2026-08-19,7,2026-03-28,31746,869906,me2pt5-295,Mega Dragonite ex,295,Mega Hyper Rare,213.67,150,185,180,189.98,
396,Ascended Heroes,2026-01-30,2026-02-19,2026-08-19,7,2026-03-29,31746,869906,me2pt5-295,Mega Dragonite ex,295,Mega Hyper Rare,204.99,149.99,185,175,167,
396,Ascended Heroes,2026-01-30,2026-02-19,2026-08-19,7,2026-03-30,31746,869906,me2pt5-295,Mega Dragonite ex,295,Mega Hyper Rare,213.53,149.99,185,179.99,167,
396,Ascended Heroes,2026-01-30,2026-02-19,2026-08-19,7,2026-03-31,31746,869906,me2pt5-295,Mega Dragonite ex,295,Mega Hyper Rare,209.99,145,185,179.99,169.99,
396,Ascended Heroes,2026-01-30,2026-02-19,2026-08-19,7,2026-04-01,31746,869906,me2pt5-295,Mega Dragonite ex,295,Mega Hyper Rare,204.99,170,200,179.99,167,
396,Ascended Heroes,2026-01-30,2026-02-19,2026-08-19,7,2026-04-02,31746,869906,me2pt5-295,Mega Dragonite ex,295,Mega Hyper Rare,204.99,160,180,179.99,169.9,
396,Ascended Heroes,2026-01-30,2026-02-19,2026-08-19,7,2026-04-03,31746,869906,me2pt5-295,Mega Dragonite ex,295,Mega Hyper Rare,212.61,160,200,179.99,155,
396,Ascended Heroes,2026-01-30,2026-02-19,2026-08-19,7,2026-04-04,31746,869906,me2pt5-295,Mega Dragonite ex,295,Mega Hyper Rare,204.99,164.99,185,179.99,155,
396,Ascended Heroes,2026-01-30,2026-02-19,2026-08-19,7,2026-04-05,31746,869906,me2pt5-295,Mega Dragonite ex,295,Mega Hyper Rare,204.99,164.99,185,179.99,159.9,
396,Ascended Heroes,2026-01-30,2026-02-19,2026-08-19,7,2026-04-06,31746,869906,me2pt5-295,Mega Dragonite ex,295,Mega Hyper Rare,199,164.99,185,179.99,159.9,
396,Ascended Heroes,2026-01-30,2026-02-19,2026-08-19,7,2026-04-07,31746,869906,me2pt5-295,Mega Dragonite ex,295,Mega Hyper Rare,189.03,185,185,179.99,160,
396,Ascended Heroes,2026-01-30,2026-02-19,2026-08-19,7,2026-04-08,31746,869906,me2pt5-295,Mega Dragonite ex,295,Mega Hyper Rare,189.03,159.9,185,179.99,159.9,
396,Ascended Heroes,2026-01-30,2026-02-19,2026-08-19,7,2026-04-09,31746,869906,me2pt5-295,Mega Dragonite ex,295,Mega Hyper Rare,189.34,140,185,179.99,157.9,
396,Ascended Heroes,2026-01-30,2026-02-19,2026-08-19,7,2026-04-10,31746,869906,me2pt5-295,Mega Dragonite ex,295,Mega Hyper Rare,189.29,160,185,190,160,
396,Ascended Heroes,2026-01-30,2026-02-19,2026-08-19,7,2026-04-11,31746,869906,me2pt5-295,Mega Dragonite ex,295,Mega Hyper Rare,189.2,140,185,190,152.9,
396,Ascended Heroes,2026-01-30,2026-02-19,2026-08-19,7,2026-04-12,31746,869906,me2pt5-295,Mega Dragonite ex,295,Mega Hyper Rare,189.2,140,185,190,155,
396,Ascended Heroes,2026-01-30,2026-02-19,2026-08-19,7,2026-04-13,31746,869906,me2pt5-295,Mega Dragonite ex,295,Mega Hyper Rare,188.96,164.99,185,190,159,
396,Ascended Heroes,2026-01-30,2026-02-19,2026-08-19,7,2026-04-14,31746,869906,me2pt5-295,Mega Dragonite ex,295,Mega Hyper Rare,189.3,164.99,185,190,149,
396,Ascended Heroes,2026-01-30,2026-02-19,2026-08-19,7,2026-04-15,31746,869906,me2pt5-295,Mega Dragonite ex,295,Mega Hyper Rare,189.63,164.99,185,190,149,
396,Ascended Heroes,2026-01-30,2026-02-19,2026-08-19,7,2026-04-16,31746,869906,me2pt5-295,Mega Dragonite ex,295,Mega Hyper Rare,189.46,164.99,185,190,145,
396,Ascended Heroes,2026-01-30,2026-02-19,2026-08-19,7,2026-04-17,31746,869906,me2pt5-295,Mega Dragonite ex,295,Mega Hyper Rare,189.18,174.95,185,185,149,
396,Ascended Heroes,2026-01-30,2026-02-19,2026-08-19,7,2026-04-18,31746,869906,me2pt5-295,Mega Dragonite ex,295,Mega Hyper Rare,189.39,174.95,180.99,185,165,
396,Ascended Heroes,2026-01-30,2026-02-19,2026-08-19,7,2026-04-19,31746,869906,me2pt5-295,Mega Dragonite ex,295,Mega Hyper Rare,189.39,174.99,180.99,185,149,
396,Ascended Heroes,2026-01-30,2026-02-19,2026-08-19,7,2026-04-20,31746,869906,me2pt5-295,Mega Dragonite ex,295,Mega Hyper Rare,204.99,174.95,180.99,185,152.88,
396,Ascended Heroes,2026-01-30,2026-02-19,2026-08-19,7,2026-04-21,31746,869906,me2pt5-295,Mega Dragonite ex,295,Mega Hyper Rare,204.99,184.99,180.99,185,152.88,
396,Ascended Heroes,2026-01-30,2026-02-19,2026-08-19,7,2026-04-22,31746,869906,me2pt5-295,Mega Dragonite ex,295,Mega Hyper Rare,204.99,177.99,180.99,190,152.88,
396,Ascended Heroes,2026-01-30,2026-02-19,2026-08-19,7,2026-04-23,31746,869906,me2pt5-295,Mega Dragonite ex,295,Mega Hyper Rare,204.99,177.99,150,190,152.88,
396,Ascended Heroes,2026-01-30,2026-02-19,2026-08-19,7,2026-04-24,31746,869906,me2pt5-295,Mega Dragonite ex,295,Mega Hyper Rare,204.99,177.99,180.99,190,152.88,
396,Ascended Heroes,2026-01-30,2026-02-19,2026-08-19,7,2026-04-25,31746,869906,me2pt5-295,Mega Dragonite ex,295,Mega Hyper Rare,210,165,180.99,160,149.41,
396,Ascended Heroes,2026-01-30,2026-02-19,2026-08-19,7,2026-04-26,31746,869906,me2pt5-295,Mega Dragonite ex,295,Mega Hyper Rare,204.99,170,180,180,149.41,
396,Ascended Heroes,2026-01-30,2026-02-19,2026-08-19,7,2026-04-27,31746,869906,me2pt5-295,Mega Dragonite ex,295,Mega Hyper Rare,204.99,160,180,190,149.41,
396,Ascended Heroes,2026-01-30,2026-02-19,2026-08-19,7,2026-04-28,31746,869906,me2pt5-295,Mega Dragonite ex,295,Mega Hyper Rare,199.95,170,180,190,149.99,
396,Ascended Heroes,2026-01-30,2026-02-19,2026-08-19,7,2026-04-29,31746,869906,me2pt5-295,Mega Dragonite ex,295,Mega Hyper Rare,199.95,160,180,200,149.98,
396,Ascended Heroes,2026-01-30,2026-02-19,2026-08-19,7,2026-04-30,31746,869906,me2pt5-295,Mega Dragonite ex,295,Mega Hyper Rare,199.95,170,180,199.99,145,
396,Ascended Heroes,2026-01-30,2026-02-19,2026-08-19,7,2026-05-01,31746,869906,me2pt5-295,Mega Dragonite ex,295,Mega Hyper Rare,199.95,165,180,190,146.45,
396,Ascended Heroes,2026-01-30,2026-02-19,2026-08-19,7,2026-05-04,31746,869906,me2pt5-295,Mega Dragonite ex,295,Mega Hyper Rare,199.95,165,180,179.99,148.9,
396,Ascended Heroes,2026-01-30,2026-02-19,2026-08-19,7,2026-05-06,31746,869906,me2pt5-295,Mega Dragonite ex,295,Mega Hyper Rare,210,165,174.99,179,148.9,
396,Ascended Heroes,2026-01-30,2026-02-19,2026-08-19,7,2026-05-07,31746,869906,me2pt5-295,Mega Dragonite ex,295,Mega Hyper Rare,210,165,174.99,179,148.9,
396,Ascended Heroes,2026-01-30,2026-02-19,2026-08-19,7,2026-05-10,31746,869906,me2pt5-295,Mega Dragonite ex,295,Mega Hyper Rare,210,164.95,180,195,145,
396,Ascended Heroes,2026-01-30,2026-02-19,2026-08-19,7,2026-05-12,31746,869906,me2pt5-295,Mega Dragonite ex,295,Mega Hyper Rare,210,160,180,195,145,
396,Ascended Heroes,2026-01-30,2026-02-19,2026-08-19,7,2026-05-14,31746,869906,me2pt5-295,Mega Dragonite ex,295,Mega Hyper Rare,222,155,159.99,200,148.5,
396,Ascended Heroes,2026-01-30,2026-02-19,2026-08-19,7,2026-05-15,31746,869906,me2pt5-295,Mega Dragonite ex,295,Mega Hyper Rare,222,155,159.99,180,148.5,
396,Ascended Heroes,2026-01-30,2026-02-19,2026-08-19,7,2026-05-19,31746,869906,me2pt5-295,Mega Dragonite ex,295,Mega Hyper Rare,210,169,175,195,147.5,
396,Ascended Heroes,2026-01-30,2026-02-19,2026-08-19,7,2026-05-20,31746,869906,me2pt5-295,Mega Dragonite ex,295,Mega Hyper Rare,210,150,175,199.99,144,
396,Ascended Heroes,2026-01-30,2026-02-19,2026-08-19,7,2026-05-21,31746,869906,me2pt5-295,Mega Dragonite ex,295,Mega Hyper Rare,205,149.99,175,199.99,144,
396,Ascended Heroes,2026-01-30,2026-02-19,2026-08-19,7,2026-05-22,31746,869906,me2pt5-295,Mega Dragonite ex,295,Mega Hyper Rare,205,160,175,240,149,
396,Ascended Heroes,2026-01-30,2026-02-19,2026-08-19,7,2026-05-23,31746,869906,me2pt5-295,Mega Dragonite ex,295,Mega Hyper Rare,214.55,150,175,200,140,
396,Ascended Heroes,2026-01-30,2026-02-19,2026-08-19,7,2026-05-24,31746,869906,me2pt5-295,Mega Dragonite ex,295,Mega Hyper Rare,214.55,160,175,230,147,
396,Ascended Heroes,2026-01-30,2026-02-19,2026-08-19,7,2026-05-25,31746,869906,me2pt5-295,Mega Dragonite ex,295,Mega Hyper Rare,214.68,160,175,230,139.99,
396,Ascended Heroes,2026-01-30,2026-02-19,2026-08-19,7,2026-05-26,31746,869906,me2pt5-295,Mega Dragonite ex,295,Mega Hyper Rare,214.99,154,175,199.99,139.99,
396,Ascended Heroes,2026-01-30,2026-02-19,2026-08-19,7,2026-05-27,31746,869906,me2pt5-295,Mega Dragonite ex,295,Mega Hyper Rare,208.39,150,175,200,139.99,
396,Ascended Heroes,2026-01-30,2026-02-19,2026-08-19,7,2026-05-28,31746,869906,me2pt5-295,Mega Dragonite ex,295,Mega Hyper Rare,208.11,145,180.99,200,139.99,
396,Ascended Heroes,2026-01-30,2026-02-19,2026-08-19,7,2026-05-29,31746,869906,me2pt5-295,Mega Dragonite ex,295,Mega Hyper Rare,207.97,150,175,250,139.99,
396,Ascended Heroes,2026-01-30,2026-02-19,2026-08-19,7,2026-05-30,31746,869906,me2pt5-295,Mega Dragonite ex,295,Mega Hyper Rare,208,170,175,230,139.99,
396,Ascended Heroes,2026-01-30,2026-02-19,2026-08-19,7,2026-05-31,31746,869906,me2pt5-295,Mega Dragonite ex,295,Mega Hyper Rare,213.94,160,175,200,139.99,
396,Ascended Heroes,2026-01-30,2026-02-19,2026-08-19,7,2026-06-01,31746,869906,me2pt5-295,Mega Dragonite ex,295,Mega Hyper Rare,208.11,159.95,175,200,139,
396,Ascended Heroes,2026-01-30,2026-02-19,2026-08-19,7,2026-06-02,31746,869906,me2pt5-295,Mega Dragonite ex,295,Mega Hyper Rare,214.49,144,175,200,139,
396,Ascended Heroes,2026-01-30,2026-02-19,2026-08-19,7,2026-06-03,31746,869906,me2pt5-295,Mega Dragonite ex,295,Mega Hyper Rare,214.7,169.99,174,280,139.99,
396,Ascended Heroes,2026-01-30,2026-02-19,2026-08-19,7,2026-06-04,31746,869906,me2pt5-295,Mega Dragonite ex,295,Mega Hyper Rare,214.46,169.99,174,230,139.99,
396,Ascended Heroes,2026-01-30,2026-02-19,2026-08-19,7,2026-06-05,31746,869906,me2pt5-295,Mega Dragonite ex,295,Mega Hyper Rare,214.29,170,175,225,139.99,
396,Ascended Heroes,2026-01-30,2026-02-19,2026-08-19,7,2026-06-06,31746,869906,me2pt5-295,Mega Dragonite ex,295,Mega Hyper Rare,214.6,185,175,200,125,
396,Ascended Heroes,2026-01-30,2026-02-19,2026-08-19,7,2026-06-07,31746,869906,me2pt5-295,Mega Dragonite ex,295,Mega Hyper Rare,214.6,175,175,200,117,
396,Ascended Heroes,2026-01-30,2026-02-19,2026-08-19,7,2026-06-08,31746,869906,me2pt5-295,Mega Dragonite ex,295,Mega Hyper Rare,214.59,170,220,200,149,
396,Ascended Heroes,2026-01-30,2026-02-19,2026-08-19,7,2026-06-09,31746,869906,me2pt5-295,Mega Dragonite ex,295,Mega Hyper Rare,214.41,170,175,245,130,
396,Ascended Heroes,2026-01-30,2026-02-19,2026-08-19,7,2026-06-10,31746,869906,me2pt5-295,Mega Dragonite ex,295,Mega Hyper Rare,214.9,164.99,175,280,130,
396,Ascended Heroes,2026-01-30,2026-02-19,2026-08-19,7,2026-06-11,31746,869906,me2pt5-295,Mega Dragonite ex,295,Mega Hyper Rare,214.73,199,175,240,134.99,
396,Ascended Heroes,2026-01-30,2026-02-19,2026-08-19,7,2026-06-12,31746,869906,me2pt5-295,Mega Dragonite ex,295,Mega Hyper Rare,210,199,170,225,134.99,
396,Ascended Heroes,2026-01-30,2026-02-19,2026-08-19,7,2026-06-13,31746,869906,me2pt5-295,Mega Dragonite ex,295,Mega Hyper Rare,210,179.99,170,280,130,
396,Ascended Heroes,2026-01-30,2026-02-19,2026-08-19,7,2026-06-14,31746,869906,me2pt5-295,Mega Dragonite ex,295,Mega Hyper Rare,210,179.99,170,220,147,
396,Ascended Heroes,2026-01-30,2026-02-19,2026-08-19,7,2026-06-15,31746,869906,me2pt5-295,Mega Dragonite ex,295,Mega Hyper Rare,200,160,170,220,147,
396,Ascended Heroes,2026-01-30,2026-02-19,2026-08-19,7,2026-06-16,31746,869906,me2pt5-295,Mega Dragonite ex,295,Mega Hyper Rare,202.63,159,174,220,147,
396,Ascended Heroes,2026-01-30,2026-02-19,2026-08-19,7,2026-06-17,31746,869906,me2pt5-295,Mega Dragonite ex,295,Mega Hyper Rare,199,159,170,215,147,
396,Ascended Heroes,2026-01-30,2026-02-19,2026-08-19,7,2026-06-18,31746,869906,me2pt5-295,Mega Dragonite ex,295,Mega Hyper Rare,196.47,150,174,205,147,
396,Ascended Heroes,2026-01-30,2026-02-19,2026-08-19,7,2026-06-19,31746,869906,me2pt5-295,Mega Dragonite ex,295,Mega Hyper Rare,195.81,144.99,170,200,148,
396,Ascended Heroes,2026-01-30,2026-02-19,2026-08-19,7,2026-06-20,31746,869906,me2pt5-295,Mega Dragonite ex,295,Mega Hyper Rare,196,150,170,200,147,
396,Ascended Heroes,2026-01-30,2026-02-19,2026-08-19,7,2026-06-21,31746,869906,me2pt5-295,Mega Dragonite ex,295,Mega Hyper Rare,196,164.99,174,210,147,
396,Ascended Heroes,2026-01-30,2026-02-19,2026-08-19,7,2026-06-22,31746,869906,me2pt5-295,Mega Dragonite ex,295,Mega Hyper Rare,195.95,150,174,210,145,
396,Ascended Heroes,2026-01-30,2026-02-19,2026-08-19,7,2026-06-23,31746,869906,me2pt5-295,Mega Dragonite ex,295,Mega Hyper Rare,197.01,150,174,210,147,
396,Ascended Heroes,2026-01-30,2026-02-19,2026-08-19,7,2026-06-24,31746,869906,me2pt5-295,Mega Dragonite ex,295,Mega Hyper Rare,190,148.99,174,210,145,
396,Ascended Heroes,2026-01-30,2026-02-19,2026-08-19,7,2026-06-25,31746,869906,me2pt5-295,Mega Dragonite ex,295,Mega Hyper Rare,190,150,174,200,145,
396,Ascended Heroes,2026-01-30,2026-02-19,2026-08-19,7,2026-06-26,31746,869906,me2pt5-295,Mega Dragonite ex,295,Mega Hyper Rare,190,159.99,174,199.9,145,
396,Ascended Heroes,2026-01-30,2026-02-19,2026-08-19,7,2026-06-27,31746,869906,me2pt5-295,Mega Dragonite ex,295,Mega Hyper Rare,190,159.99,174,199.9,145,
396,Ascended Heroes,2026-01-30,2026-02-19,2026-08-19,7,2026-06-28,31746,869906,me2pt5-295,Mega Dragonite ex,295,Mega Hyper Rare,190,159.99,174,199.9,145,
396,Ascended Heroes,2026-01-30,2026-02-19,2026-08-19,7,2026-06-29,31746,869906,me2pt5-295,Mega Dragonite ex,295,Mega Hyper Rare,196.97,157,174,199.9,145,
396,Ascended Heroes,2026-01-30,2026-02-19,2026-08-19,7,2026-06-30,31746,869906,me2pt5-295,Mega Dragonite ex,295,Mega Hyper Rare,196.97,159.99,174,199.9,140,
396,Ascended Heroes,2026-01-30,2026-02-19,2026-08-19,7,2026-07-01,31746,869906,me2pt5-295,Mega Dragonite ex,295,Mega Hyper Rare,190,155,174,199.9,140,
396,Ascended Heroes,2026-01-30,2026-02-19,2026-08-19,7,2026-07-02,31746,869906,me2pt5-295,Mega Dragonite ex,295,Mega Hyper Rare,192.34,159.99,174,199.9,140,
396,Ascended Heroes,2026-01-30,2026-02-19,2026-08-19,7,2026-07-06,31746,869906,me2pt5-295,Mega Dragonite ex,295,Mega Hyper Rare,192.38,145,174,225,140,
396,Ascended Heroes,2026-01-30,2026-02-19,2026-08-19,7,2026-07-07,31746,869906,me2pt5-295,Mega Dragonite ex,295,Mega Hyper Rare,192.91,151.9,174,225,140,
396,Ascended Heroes,2026-01-30,2026-02-19,2026-08-19,7,2026-07-08,31746,869906,me2pt5-295,Mega Dragonite ex,295,Mega Hyper Rare,192.86,146,170,225,140,
396,Ascended Heroes,2026-01-30,2026-02-19,2026-08-19,7,2026-07-09,31746,869906,me2pt5-295,Mega Dragonite ex,295,Mega Hyper Rare,193.25,148,170,225,148.94,
396,Ascended Heroes,2026-01-30,2026-02-19,2026-08-19,7,2026-07-10,31746,869906,me2pt5-295,Mega Dragonite ex,295,Mega Hyper Rare,199.37,137,170,225,130,
396,Ascended Heroes,2026-01-30,2026-02-19,2026-08-19,7,2026-07-12,31746,869906,me2pt5-295,Mega Dragonite ex,295,Mega Hyper Rare,193.47,145,170,225,130,
396,Ascended Heroes,2026-01-30,2026-02-19,2026-08-19,7,2026-07-13,31746,869906,me2pt5-295,Mega Dragonite ex,295,Mega Hyper Rare,193.47,147,170,225,130,
396,Ascended Heroes,2026-01-30,2026-02-19,2026-08-19,7,2026-07-14,31746,869906,me2pt5-295,Mega Dragonite ex,295,Mega Hyper Rare,193.47,145,170,225,130,
396,Ascended Heroes,2026-01-30,2026-02-19,2026-08-19,7,2026-07-16,31746,869906,me2pt5-295,Mega Dragonite ex,295,Mega Hyper Rare,190,138,170,225,130,
396,Ascended Heroes,2026-01-30,2026-02-19,2026-08-19,7,2026-07-17,31746,869906,me2pt5-295,Mega Dragonite ex,295,Mega Hyper Rare,180,149.9,170,210,130,
396,Ascended Heroes,2026-01-30,2026-02-19,2026-08-19,7,2026-07-18,31746,869906,me2pt5-295,Mega Dragonite ex,295,Mega Hyper Rare,180,149.9,170,210,130,
396,Ascended Heroes,2026-01-30,2026-02-19,2026-08-19,7,2026-07-19,31746,869906,me2pt5-295,Mega Dragonite ex,295,Mega Hyper Rare,180,150,170,210,130,
396,Ascended Heroes,2026-01-30,2026-02-19,2026-08-19,7,2026-07-20,31746,869906,me2pt5-295,Mega Dragonite ex,295,Mega Hyper Rare,180,150,170,210,130,
396,Ascended Heroes,2026-01-30,2026-02-19,2026-08-19,7,2026-07-21,31746,869906,me2pt5-295,Mega Dragonite ex,295,Mega Hyper Rare,180,154.99,170,210,130,
396,Ascended Heroes,2026-01-30,2026-02-19,2026-08-19,7,2026-07-22,31746,869906,me2pt5-295,Mega Dragonite ex,295,Mega Hyper Rare,180,154.99,170.01,210,130,
396,Ascended Heroes,2026-01-30,2026-02-19,2026-08-19,7,2026-07-23,31746,869906,me2pt5-295,Mega Dragonite ex,295,Mega Hyper Rare,180,154.99,170,210,130,
396,Ascended Heroes,2026-01-30,2026-02-19,2026-08-19,7,2026-07-24,31746,869906,me2pt5-295,Mega Dragonite ex,295,Mega Hyper Rare,180,154.99,167.5,190,130,
396,Ascended Heroes,2026-01-30,2026-02-19,2026-08-19,7,2026-07-26,31746,869906,me2pt5-295,Mega Dragonite ex,295,Mega Hyper Rare,180,152.99,165,190,130,
396,Ascended Heroes,2026-01-30,2026-02-19,2026-08-19,7,2026-07-27,31746,869906,me2pt5-295,Mega Dragonite ex,295,Mega Hyper Rare,180,152,165,190,130,
396,Ascended Heroes,2026-01-30,2026-02-19,2026-08-19,7,2026-07-28,31746,869906,me2pt5-295,Mega Dragonite ex,295,Mega Hyper Rare,180,152,165,190,130,
396,Ascended Heroes,2026-01-30,2026-02-19,2026-08-19,7,2026-07-29,31746,869906,me2pt5-295,Mega Dragonite ex,295,Mega Hyper Rare,180,155,164.99,190,130,
396,Ascended Heroes,2026-01-30,2026-02-19,2026-08-19,7,2026-07-30,31746,869906,me2pt5-295,Mega Dragonite ex,295,Mega Hyper Rare,180,155,164.99,190,130,244.94
396,Ascended Heroes,2026-01-30,2026-02-19,2026-08-19,7,2026-07-31,31746,869906,me2pt5-295,Mega Dragonite ex,295,Mega Hyper Rare,180,155,164.99,190,130,242.68
396,Ascended Heroes,2026-01-30,2026-02-19,2026-08-19,7,2026-08-01,31746,869906,me2pt5-295,Mega Dragonite ex,295,Mega Hyper Rare,180,149.99,170.01,190,130,242.68
396,Ascended Heroes,2026-01-30,2026-02-19,2026-08-19,7,2026-08-03,31746,869906,me2pt5-295,Mega Dragonite ex,295,Mega Hyper Rare,180,149.99,170.01,190,130,241.99
396,Ascended Heroes,2026-01-30,2026-02-19,2026-08-19,7,2026-08-04,31746,869906,me2pt5-295,Mega Dragonite ex,295,Mega Hyper Rare,180,149.99,164.99,200,140,241.99
396,Ascended Heroes,2026-01-30,2026-02-19,2026-08-19,7,2026-08-05,31746,869906,me2pt5-295,Mega Dragonite ex,295,Mega Hyper Rare,180,149.99,164.99,200,140,241.99
396,Ascended Heroes,2026-01-30,2026-02-19,2026-08-19,7,2026-08-10,31746,869906,me2pt5-295,Mega Dragonite ex,295,Mega Hyper Rare,180,140,164,200,145,241.99
396,Ascended Heroes,2026-01-30,2026-02-19,2026-08-19,7,2026-08-11,31746,869906,me2pt5-295,Mega Dragonite ex,295,Mega Hyper Rare,180,140,164,190,145,241.99
396,Ascended Heroes,2026-01-30,2026-02-19,2026-08-19,7,2026-08-12,31746,869906,me2pt5-295,Mega Dragonite ex,295,Mega Hyper Rare,180,145,164,190,135,241.99
396,Ascended Heroes,2026-01-30,2026-02-19,2026-08-19,7,2026-08-13,31746,869906,me2pt5-295,Mega Dragonite ex,295,Mega Hyper Rare,180,159.99,164,190,145,223.03
396,Ascended Heroes,2026-01-30,2026-02-19,2026-08-19,7,2026-08-14,31746,869906,me2pt5-295,Mega Dragonite ex,295,Mega Hyper Rare,180,159.99,164,190,145,223.03
396,Ascended Heroes,2026-01-30,2026-02-19,2026-08-19,7,2026-08-15,31746,869906,me2pt5-295,Mega Dragonite ex,295,Mega Hyper Rare,180,159.99,164,190,145,214.25
396,Ascended Heroes,2026-01-30,2026-02-19,2026-08-19,7,2026-08-16,31746,869906,me2pt5-295,Mega Dragonite ex,295,Mega Hyper Rare,180,139,160,190,140,214.25
396,Ascended Heroes,2026-01-30,2026-02-19,2026-08-19,7,2026-08-17,31746,869906,me2pt5-295,Mega Dragonite ex,295,Mega Hyper Rare,180,139,160,190,140,214.25
396,Ascended Heroes,2026-01-30,2026-02-19,2026-08-19,7,2026-08-18,31746,869906,me2pt5-295,Mega Dragonite ex,295,Mega Hyper Rare,180,139,160,190,140,214.25
396,Ascended Heroes,2026-01-30,2026-02-19,2026-08-19,7,2026-08-19,31746,869906,me2pt5-295,Mega Dragonite ex,295,Mega Hyper Rare,180,140,160,190,149,214.25
