expansion_id,expansion_name,expansion_released_at,analysis_start,analysis_end,price_rank,observed_on,card_id,cardmarket_id,tcgid,card_name,card_number,rarity,avg30,cm_low,cm_low_de,cm_low_es,cm_low_fr,cm_low_it,tcg_player_market
399,Perfect Order,2026-03-27,2026-04-05,2026-10-05,1,2026-04-05,31919,877538,POR-121,Meowth ex,121,Special Art Rare,91.42,97.96,77,119.99,97,80,
399,Perfect Order,2026-03-27,2026-04-05,2026-10-05,1,2026-04-06,31919,877538,POR-121,Meowth ex,121,Special Art Rare,90.99,116.83,72,119.99,98,80,
399,Perfect Order,2026-03-27,2026-04-05,2026-10-05,1,2026-04-07,31919,877538,POR-121,Meowth ex,121,Special Art Rare,91.55,116.83,75,95,98.5,84,
399,Perfect Order,2026-03-27,2026-04-05,2026-10-05,1,2026-04-08,31919,877538,POR-121,Meowth ex,121,Special Art Rare,91.13,112.24,73,95,99,84,
399,Perfect Order,2026-03-27,2026-04-05,2026-10-05,1,2026-04-09,31919,877538,POR-121,Meowth ex,121,Special Art Rare,90.42,118.34,72,95,99,84,
399,Perfect Order,2026-03-27,2026-04-05,2026-10-05,1,2026-04-10,31919,877538,POR-121,Meowth ex,121,Special Art Rare,92.91,118.31,73.99,95,95,80,
399,Perfect Order,2026-03-27,2026-04-05,2026-10-05,1,2026-04-11,31919,877538,POR-121,Meowth ex,121,Special Art Rare,92.52,121.8,72,95,99,80,
399,Perfect Order,2026-03-27,2026-04-05,2026-10-05,1,2026-04-12,31919,877538,POR-121,Meowth ex,121,Special Art Rare,92.47,124.17,73,99,100,80,
399,Perfect Order,2026-03-27,2026-04-05,2026-10-05,1,2026-04-13,31919,877538,POR-121,Meowth ex,121,Special Art Rare,91.94,124.17,69.99,90,99,84,
399,Perfect Order,2026-03-27,2026-04-05,2026-10-05,1,2026-04-14,31919,877538,POR-121,Meowth ex,121,Special Art Rare,92.3,124.23,70,80,99,79.9,
399,Perfect Order,2026-03-27,2026-04-05,2026-10-05,1,2026-04-15,31919,877538,POR-121,Meowth ex,121,Special Art Rare,92.78,124.23,74,85,98,79.9,
399,Perfect Order,2026-03-27,2026-04-05,2026-10-05,1,2026-04-16,31919,877538,POR-121,Meowth ex,121,Special Art Rare,92.55,121.97,66,90,100,79.9,
399,Perfect Order,2026-03-27,2026-04-05,2026-10-05,1,2026-04-17,31919,877538,POR-121,Meowth ex,121,Special Art Rare,92.47,121.79,69.69,90,104,78,
399,Perfect Order,2026-03-27,2026-04-05,2026-10-05,1,2026-04-18,31919,877538,POR-121,Meowth ex,121,Special Art Rare,93.02,123.1,69.99,90,100,79.9,
399,Perfect Order,2026-03-27,2026-04-05,2026-10-05,1,2026-04-19,31919,877538,POR-121,Meowth ex,121,Special Art Rare,92.94,121.92,69.99,90,100,89.98,
399,Perfect Order,2026-03-27,2026-04-05,2026-10-05,1,2026-04-20,31919,877538,POR-121,Meowth ex,121,Special Art Rare,92.91,121.92,69.97,90,100,78,
399,Perfect Order,2026-03-27,2026-04-05,2026-10-05,1,2026-04-21,31919,877538,POR-121,Meowth ex,121,Special Art Rare,93,130,69.97,84,100,80,
399,Perfect Order,2026-03-27,2026-04-05,2026-10-05,1,2026-04-22,31919,877538,POR-121,Meowth ex,121,Special Art Rare,93.36,130,67,84,100,80,
399,Perfect Order,2026-03-27,2026-04-05,2026-10-05,1,2026-04-23,31919,877538,POR-121,Meowth ex,121,Special Art Rare,93.67,124.73,69.99,84,100,79.9,
399,Perfect Order,2026-03-27,2026-04-05,2026-10-05,1,2026-04-24,31919,877538,POR-121,Meowth ex,121,Special Art Rare,93.33,120,69.99,84.95,100,79.9,
399,Perfect Order,2026-03-27,2026-04-05,2026-10-05,1,2026-04-25,31919,877538,POR-121,Meowth ex,121,Special Art Rare,93.65,120,71.5,84,100,89.97,
399,Perfect Order,2026-03-27,2026-04-05,2026-10-05,1,2026-04-26,31919,877538,POR-121,Meowth ex,121,Special Art Rare,93.48,121,65,84,100,80,
399,Perfect Order,2026-03-27,2026-04-05,2026-10-05,1,2026-04-27,31919,877538,POR-121,Meowth ex,121,Special Art Rare,93.71,121,65,84.95,100,80,
399,Perfect Order,2026-03-27,2026-04-05,2026-10-05,1,2026-04-28,31919,877538,POR-121,Meowth ex,121,Special Art Rare,93.91,121,69,85,100,80,
399,Perfect Order,2026-03-27,2026-04-05,2026-10-05,1,2026-04-29,31919,877538,POR-121,Meowth ex,121,Special Art Rare,94.83,124.84,70,85,109,89.96,
399,Perfect Order,2026-03-27,2026-04-05,2026-10-05,1,2026-04-30,31919,877538,POR-121,Meowth ex,121,Special Art Rare,94.7,120,72,85,109,78,
399,Perfect Order,2026-03-27,2026-04-05,2026-10-05,1,2026-05-01,31919,877538,POR-121,Meowth ex,121,Special Art Rare,95.51,140,72,85,109,78,
399,Perfect Order,2026-03-27,2026-04-05,2026-10-05,1,2026-05-02,31919,877538,POR-121,Meowth ex,121,Special Art Rare,96.06,140,73.5,80,109,78,
399,Perfect Order,2026-03-27,2026-04-05,2026-10-05,1,2026-05-03,31919,877538,POR-121,Meowth ex,121,Special Art Rare,97.49,140,75,85,115,80,
399,Perfect Order,2026-03-27,2026-04-05,2026-10-05,1,2026-05-04,31919,877538,POR-121,Meowth ex,121,Special Art Rare,97.14,140,75,85,115,78,
399,Perfect Order,2026-03-27,2026-04-05,2026-10-05,1,2026-05-05,31919,877538,POR-121,Meowth ex,121,Special Art Rare,97.81,142.99,79,85,115,80,
399,Perfect Order,2026-03-27,2026-04-05,2026-10-05,1,2026-05-06,31919,877538,POR-121,Meowth ex,121,Special Art Rare,100.95,149.12,79,85,109,79,
399,Perfect Order,2026-03-27,2026-04-05,2026-10-05,1,2026-05-09,31919,877538,POR-121,Meowth ex,121,Special Art Rare,101.22,149.12,80.99,90,109,80,
399,Perfect Order,2026-03-27,2026-04-05,2026-10-05,1,2026-05-11,31919,877538,POR-121,Meowth ex,121,Special Art Rare,101.91,149.12,76,92,109,79,
399,Perfect Order,2026-03-27,2026-04-05,2026-10-05,1,2026-05-12,31919,877538,POR-121,Meowth ex,121,Special Art Rare,102.95,175,78,92,119,79,
399,Perfect Order,2026-03-27,2026-04-05,2026-10-05,1,2026-05-13,31919,877538,POR-121,Meowth ex,121,Special Art Rare,103.02,175,77,91.95,119,79,
399,Perfect Order,2026-03-27,2026-04-05,2026-10-05,1,2026-05-14,31919,877538,POR-121,Meowth ex,121,Special Art Rare,102.84,170,79.2,90,119,79,
399,Perfect Order,2026-03-27,2026-04-05,2026-10-05,1,2026-05-18,31919,877538,POR-121,Meowth ex,121,Special Art Rare,106.12,150,80,85,190,80,
399,Perfect Order,2026-03-27,2026-04-05,2026-10-05,1,2026-05-19,31919,877538,POR-121,Meowth ex,121,Special Art Rare,108.04,150,80,85,500,79,
399,Perfect Order,2026-03-27,2026-04-05,2026-10-05,1,2026-05-20,31919,877538,POR-121,Meowth ex,121,Special Art Rare,109.33,150,79.99,85,370,80,
399,Perfect Order,2026-03-27,2026-04-05,2026-10-05,1,2026-05-21,31919,877538,POR-121,Meowth ex,121,Special Art Rare,109.01,170,78.5,94.99,115,79,
399,Perfect Order,2026-03-27,2026-04-05,2026-10-05,1,2026-05-22,31919,877538,POR-121,Meowth ex,121,Special Art Rare,110.3,170,78.5,82,115,79,
399,Perfect Order,2026-03-27,2026-04-05,2026-10-05,1,2026-05-23,31919,877538,POR-121,Meowth ex,121,Special Art Rare,111.3,170,79.99,90,113.6,77,
399,Perfect Order,2026-03-27,2026-04-05,2026-10-05,1,2026-05-24,31919,877538,POR-121,Meowth ex,121,Special Art Rare,113.52,170,79.99,83.99,200,75,
399,Perfect Order,2026-03-27,2026-04-05,2026-10-05,1,2026-05-25,31919,877538,POR-121,Meowth ex,121,Special Art Rare,112.85,178.89,79.99,82,180,75,
399,Perfect Order,2026-03-27,2026-04-05,2026-10-05,1,2026-05-26,31919,877538,POR-121,Meowth ex,121,Special Art Rare,112.96,179.14,79.95,83.99,170,80,
399,Perfect Order,2026-03-27,2026-04-05,2026-10-05,1,2026-05-27,31919,877538,POR-121,Meowth ex,121,Special Art Rare,112.6,159,79.9,83.99,174.5,79,
399,Perfect Order,2026-03-27,2026-04-05,2026-10-05,1,2026-05-28,31919,877538,POR-121,Meowth ex,121,Special Art Rare,114.16,175,81.5,83.99,170,84,
399,Perfect Order,2026-03-27,2026-04-05,2026-10-05,1,2026-05-29,31919,877538,POR-121,Meowth ex,121,Special Art Rare,114.22,175,77,83.99,170,84,
399,Perfect Order,2026-03-27,2026-04-05,2026-10-05,1,2026-05-30,31919,877538,POR-121,Meowth ex,121,Special Art Rare,114.62,175,79.5,83.99,160,84,
399,Perfect Order,2026-03-27,2026-04-05,2026-10-05,1,2026-05-31,31919,877538,POR-121,Meowth ex,121,Special Art Rare,115.58,170,79.5,83.99,179,84,
399,Perfect Order,2026-03-27,2026-04-05,2026-10-05,1,2026-06-01,31919,877538,POR-121,Meowth ex,121,Special Art Rare,116.27,170,79.5,84.98,179,84,
399,Perfect Order,2026-03-27,2026-04-05,2026-10-05,1,2026-06-02,31919,877538,POR-121,Meowth ex,121,Special Art Rare,116.25,170,79,84.98,170,84,
399,Perfect Order,2026-03-27,2026-04-05,2026-10-05,1,2026-06-03,31919,877538,POR-121,Meowth ex,121,Special Art Rare,117.37,170,79.5,84.98,174.5,84,
399,Perfect Order,2026-03-27,2026-04-05,2026-10-05,1,2026-06-04,31919,877538,POR-121,Meowth ex,121,Special Art Rare,117.18,170,79,84.98,189,84,
399,Perfect Order,2026-03-27,2026-04-05,2026-10-05,1,2026-06-05,31919,877538,POR-121,Meowth ex,121,Special Art Rare,115.39,170,79,84.98,189,84,
399,Perfect Order,2026-03-27,2026-04-05,2026-10-05,1,2026-06-06,31919,877538,POR-121,Meowth ex,121,Special Art Rare,117.81,154.99,79,84.98,165.99,84,
399,Perfect Order,2026-03-27,2026-04-05,2026-10-05,1,2026-06-07,31919,877538,POR-121,Meowth ex,121,Special Art Rare,118.09,170,79,84.98,168,84,
399,Perfect Order,2026-03-27,2026-04-05,2026-10-05,1,2026-06-08,31919,877538,POR-121,Meowth ex,121,Special Art Rare,119.41,170,78.99,84.98,165.99,84,
399,Perfect Order,2026-03-27,2026-04-05,2026-10-05,1,2026-06-09,31919,877538,POR-121,Meowth ex,121,Special Art Rare,118.41,153.67,76,83,164,84,
399,Perfect Order,2026-03-27,2026-04-05,2026-10-05,1,2026-06-10,31919,877538,POR-121,Meowth ex,121,Special Art Rare,119.15,153.67,75,83,164,84.9,
399,Perfect Order,2026-03-27,2026-04-05,2026-10-05,1,2026-06-11,31919,877538,POR-121,Meowth ex,121,Special Art Rare,118.25,155.09,75,83,159.9,93,
399,Perfect Order,2026-03-27,2026-04-05,2026-10-05,1,2026-06-12,31919,877538,POR-121,Meowth ex,121,Special Art Rare,118.93,155.09,79.49,83,159.9,93,
399,Perfect Order,2026-03-27,2026-04-05,2026-10-05,1,2026-06-13,31919,877538,POR-121,Meowth ex,121,Special Art Rare,118.03,155.2,75,82.95,159.99,84,
399,Perfect Order,2026-03-27,2026-04-05,2026-10-05,1,2026-06-14,31919,877538,POR-121,Meowth ex,121,Special Art Rare,117.99,155.2,75,82.95,155,83,
399,Perfect Order,2026-03-27,2026-04-05,2026-10-05,1,2026-06-15,31919,877538,POR-121,Meowth ex,121,Special Art Rare,117.98,155.23,79.5,82.95,135,84,
399,Perfect Order,2026-03-27,2026-04-05,2026-10-05,1,2026-06-16,31919,877538,POR-121,Meowth ex,121,Special Art Rare,119.33,154.96,84.48,82.95,135,84,
399,Perfect Order,2026-03-27,2026-04-05,2026-10-05,1,2026-06-17,31919,877538,POR-121,Meowth ex,121,Special Art Rare,119.25,154.83,82,83,150,84,
399,Perfect Order,2026-03-27,2026-04-05,2026-10-05,1,2026-06-18,31919,877538,POR-121,Meowth ex,121,Special Art Rare,118.18,150,83,83,149.99,80,
399,Perfect Order,2026-03-27,2026-04-05,2026-10-05,1,2026-06-19,31919,877538,POR-121,Meowth ex,121,Special Art Rare,117.24,150,84,83,129.99,80,
399,Perfect Order,2026-03-27,2026-04-05,2026-10-05,1,2026-06-20,31919,877538,POR-121,Meowth ex,121,Special Art Rare,118.7,154.43,82.28,79,149,80,
399,Perfect Order,2026-03-27,2026-04-05,2026-10-05,1,2026-06-21,31919,877538,POR-121,Meowth ex,121,Special Art Rare,117.61,154.43,82.28,79,135,80,
399,Perfect Order,2026-03-27,2026-04-05,2026-10-05,1,2026-06-22,31919,877538,POR-121,Meowth ex,121,Special Art Rare,116.12,148.45,79.5,79,140,80,
399,Perfect Order,2026-03-27,2026-04-05,2026-10-05,1,2026-06-23,31919,877538,POR-121,Meowth ex,121,Special Art Rare,114.45,149.25,79.5,79,149,87.99,
399,Perfect Order,2026-03-27,2026-04-05,2026-10-05,1,2026-06-24,31919,877538,POR-121,Meowth ex,121,Special Art Rare,115.46,149.36,83.9,79,160,80,
399,Perfect Order,2026-03-27,2026-04-05,2026-10-05,1,2026-06-25,31919,877538,POR-121,Meowth ex,121,Special Art Rare,116.23,149.36,83.9,80,149,80,
399,Perfect Order,2026-03-27,2026-04-05,2026-10-05,1,2026-06-26,31919,877538,POR-121,Meowth ex,121,Special Art Rare,116.94,155.41,84.99,80,149,85,
399,Perfect Order,2026-03-27,2026-04-05,2026-10-05,1,2026-06-27,31919,877538,POR-121,Meowth ex,121,Special Art Rare,116.65,155.19,82.99,82.95,149,80,
399,Perfect Order,2026-03-27,2026-04-05,2026-10-05,1,2026-06-28,31919,877538,POR-121,Meowth ex,121,Special Art Rare,117.17,155.19,80,78,149,85,
399,Perfect Order,2026-03-27,2026-04-05,2026-10-05,1,2026-06-29,31919,877538,POR-121,Meowth ex,121,Special Art Rare,117.17,155.19,80,78,135,84.9,
399,Perfect Order,2026-03-27,2026-04-05,2026-10-05,1,2026-06-30,31919,877538,POR-121,Meowth ex,121,Special Art Rare,118.31,155.19,78,82.95,135,80,
399,Perfect Order,2026-03-27,2026-04-05,2026-10-05,1,2026-07-01,31919,877538,POR-121,Meowth ex,121,Special Art Rare,118.08,155.45,78,78,135,89.9,
399,Perfect Order,2026-03-27,2026-04-05,2026-10-05,1,2026-07-02,31919,877538,POR-121,Meowth ex,121,Special Art Rare,119.57,156.28,75,78,135,75,
399,Perfect Order,2026-03-27,2026-04-05,2026-10-05,1,2026-07-03,31919,877538,POR-121,Meowth ex,121,Special Art Rare,118.45,160,74.98,78,135,74,
399,Perfect Order,2026-03-27,2026-04-05,2026-10-05,1,2026-07-06,31919,877538,POR-121,Meowth ex,121,Special Art Rare,120.2,160,70,77.99,135,75,
399,Perfect Order,2026-03-27,2026-04-05,2026-10-05,1,2026-07-07,31919,877538,POR-121,Meowth ex,121,Special Art Rare,118.18,135.59,74.98,77.99,133,75,
399,Perfect Order,2026-03-27,2026-04-05,2026-10-05,1,2026-07-08,31919,877538,POR-121,Meowth ex,121,Special Art Rare,118.1,149.9,73,78,135,75,
399,Perfect Order,2026-03-27,2026-04-05,2026-10-05,1,2026-07-09,31919,877538,POR-121,Meowth ex,121,Special Art Rare,117.24,159,71.95,78,135,80,
399,Perfect Order,2026-03-27,2026-04-05,2026-10-05,1,2026-07-10,31919,877538,POR-121,Meowth ex,121,Special Art Rare,117.26,149,70,77.98,135,70,
399,Perfect Order,2026-03-27,2026-04-05,2026-10-05,1,2026-07-11,31919,877538,POR-121,Meowth ex,121,Special Art Rare,1097.56,149,71.95,77.98,135,80,
399,Perfect Order,2026-03-27,2026-04-05,2026-10-05,1,2026-07-13,31919,877538,POR-121,Meowth ex,121,Special Art Rare,118.87,149,69.95,77.98,135,60,
399,Perfect Order,2026-03-27,2026-04-05,2026-10-05,1,2026-07-14,31919,877538,POR-121,Meowth ex,121,Special Art Rare,120.65,149,70,77.98,135,79.9,
399,Perfect Order,2026-03-27,2026-04-05,2026-10-05,1,2026-07-15,31919,877538,POR-121,Meowth ex,121,Special Art Rare,117.41,149,74.99,77.98,135,79.9,
399,Perfect Order,2026-03-27,2026-04-05,2026-10-05,1,2026-07-18,31919,877538,POR-121,Meowth ex,121,Special Art Rare,111.72,149,69.99,78,135,79.9,116.06
399,Perfect Order,2026-03-27,2026-04-05,2026-10-05,1,2026-07-19,31919,877538,POR-121,Meowth ex,121,Special Art Rare,111.72,149,69.99,78,135,79.9,116.06
399,Perfect Order,2026-03-27,2026-04-05,2026-10-05,1,2026-07-20,31919,877538,POR-121,Meowth ex,121,Special Art Rare,111.72,149,69.99,78,135,79.9,115.32
399,Perfect Order,2026-03-27,2026-04-05,2026-10-05,1,2026-07-21,31919,877538,POR-121,Meowth ex,121,Special Art Rare,110.29,149,70,78,135,80,115.32
399,Perfect Order,2026-03-27,2026-04-05,2026-10-05,1,2026-07-22,31919,877538,POR-121,Meowth ex,121,Special Art Rare,109.57,149,70,78,135,80,114.86
399,Perfect Order,2026-03-27,2026-04-05,2026-10-05,1,2026-07-23,31919,877538,POR-121,Meowth ex,121,Special Art Rare,110.29,149,70,78,135,80,114.86
399,Perfect Order,2026-03-27,2026-04-05,2026-10-05,1,2026-07-24,31919,877538,POR-121,Meowth ex,121,Special Art Rare,110.59,149,69.95,77.99,135,78,114.86
399,Perfect Order,2026-03-27,2026-04-05,2026-10-05,1,2026-07-25,31919,877538,POR-121,Meowth ex,121,Special Art Rare,110.59,149,69.95,77.99,135,78,116.31
399,Perfect Order,2026-03-27,2026-04-05,2026-10-05,1,2026-07-26,31919,877538,POR-121,Meowth ex,121,Special Art Rare,110.59,149,69.95,77.99,135,78,116.31
399,Perfect Order,2026-03-27,2026-04-05,2026-10-05,1,2026-07-27,31919,877538,POR-121,Meowth ex,121,Special Art Rare,109.99,149,68,75.99,135,75,115.08
399,Perfect Order,2026-03-27,2026-04-05,2026-10-05,1,2026-07-28,31919,877538,POR-121,Meowth ex,121,Special Art Rare,109.99,149,68,75.99,135,75,115.08
399,Perfect Order,2026-03-27,2026-04-05,2026-10-05,1,2026-07-29,31919,877538,POR-121,Meowth ex,121,Special Art Rare,106.83,149,69.5,75.99,105,75,114.28
399,Perfect Order,2026-03-27,2026-04-05,2026-10-05,1,2026-07-30,31919,877538,POR-121,Meowth ex,121,Special Art Rare,106.83,149,69.5,75.99,105,75,114.28
399,Perfect Order,2026-03-27,2026-04-05,2026-10-05,1,2026-07-31,31919,877538,POR-121,Meowth ex,121,Special Art Rare,106.83,149,69.5,75.99,105,75,113.85
399,Perfect Order,2026-03-27,2026-04-05,2026-10-05,1,2026-08-01,31919,877538,POR-121,Meowth ex,121,Special Art Rare,103.55,149,67.5,75,115,75,113.85
399,Perfect Order,2026-03-27,2026-04-05,2026-10-05,1,2026-08-03,31919,877538,POR-121,Meowth ex,121,Special Art Rare,100.22,149,64.99,75,115,75,111.66
399,Perfect Order,2026-03-27,2026-04-05,2026-10-05,1,2026-08-04,31919,877538,POR-121,Meowth ex,121,Special Art Rare,57.86,149,64.99,75,115,75,111.66
399,Perfect Order,2026-03-27,2026-04-05,2026-10-05,1,2026-08-05,31919,877538,POR-121,Meowth ex,121,Special Art Rare,95.55,138.18,64.99,75,105,75,112.2
399,Perfect Order,2026-03-27,2026-04-05,2026-10-05,1,2026-08-06,31919,877538,POR-121,Meowth ex,121,Special Art Rare,95.65,135,63,75,105,75,112.2
399,Perfect Order,2026-03-27,2026-04-05,2026-10-05,1,2026-08-07,31919,877538,POR-121,Meowth ex,121,Special Art Rare,94.68,135,67.99,75,105,70,112.2
399,Perfect Order,2026-03-27,2026-04-05,2026-10-05,1,2026-08-09,31919,877538,POR-121,Meowth ex,121,Special Art Rare,94.24,120,62.99,75,105,70,112.2
399,Perfect Order,2026-03-27,2026-04-05,2026-10-05,1,2026-08-10,31919,877538,POR-121,Meowth ex,121,Special Art Rare,94.34,120,60,75,105,75,111.14
399,Perfect Order,2026-03-27,2026-04-05,2026-10-05,1,2026-08-11,31919,877538,POR-121,Meowth ex,121,Special Art Rare,95.11,120,64.99,75,115,70,111.14
399,Perfect Order,2026-03-27,2026-04-05,2026-10-05,1,2026-08-12,31919,877538,POR-121,Meowth ex,121,Special Art Rare,94.34,120,60,75,115,75,110.53
399,Perfect Order,2026-03-27,2026-04-05,2026-10-05,1,2026-08-13,31919,877538,POR-121,Meowth ex,121,Special Art Rare,94.08,120,64.99,70,115,70,110.53
399,Perfect Order,2026-03-27,2026-04-05,2026-10-05,1,2026-08-14,31919,877538,POR-121,Meowth ex,121,Special Art Rare,94.08,120,64.99,70,105,70,110.53
399,Perfect Order,2026-03-27,2026-04-05,2026-10-05,1,2026-08-15,31919,877538,POR-121,Meowth ex,121,Special Art Rare,95.98,120,64.99,72,105,70,110
399,Perfect Order,2026-03-27,2026-04-05,2026-10-05,1,2026-08-16,31919,877538,POR-121,Meowth ex,121,Special Art Rare,95.98,120,64.99,72,105,70,110
399,Perfect Order,2026-03-27,2026-04-05,2026-10-05,1,2026-08-17,31919,877538,POR-121,Meowth ex,121,Special Art Rare,95.98,120,64.99,72,105,70,110.6
399,Perfect Order,2026-03-27,2026-04-05,2026-10-05,1,2026-08-18,31919,877538,POR-121,Meowth ex,121,Special Art Rare,98.33,120,64.99,72,105,70,110.6
399,Perfect Order,2026-03-27,2026-04-05,2026-10-05,1,2026-08-19,31919,877538,POR-121,Meowth ex,121,Special Art Rare,97.55,125,64.99,72,105,70,111.09
399,Perfect Order,2026-03-27,2026-04-05,2026-10-05,1,2026-08-20,31919,877538,POR-121,Meowth ex,121,Special Art Rare,97.5,125,63,69.99,105,70,111.09
399,Perfect Order,2026-03-27,2026-04-05,2026-10-05,1,2026-08-21,31919,877538,POR-121,Meowth ex,121,Special Art Rare,97.13,125,63,69.99,100,70,110.31
399,Perfect Order,2026-03-27,2026-04-05,2026-10-05,1,2026-08-22,31919,877538,POR-121,Meowth ex,121,Special Art Rare,96.61,125,64.99,69.99,105,76.66,110.31
399,Perfect Order,2026-03-27,2026-04-05,2026-10-05,1,2026-08-23,31919,877538,POR-121,Meowth ex,121,Special Art Rare,96.97,129.98,64.99,69.99,105,72,110.31
399,Perfect Order,2026-03-27,2026-04-05,2026-10-05,1,2026-08-24,31919,877538,POR-121,Meowth ex,121,Special Art Rare,96.97,129.99,64.99,69.99,105,72,108.31
399,Perfect Order,2026-03-27,2026-04-05,2026-10-05,1,2026-08-25,31919,877538,POR-121,Meowth ex,121,Special Art Rare,94.73,129.99,64.9,69.99,99,72,108.31
399,Perfect Order,2026-03-27,2026-04-05,2026-10-05,1,2026-08-27,31919,877538,POR-121,Meowth ex,121,Special Art Rare,94.17,129.99,64.9,69.99,105,72,107.18
399,Perfect Order,2026-03-27,2026-04-05,2026-10-05,1,2026-08-29,31919,877538,POR-121,Meowth ex,121,Special Art Rare,94.17,129.99,64.9,69.99,105,72,107.95
399,Perfect Order,2026-03-27,2026-04-05,2026-10-05,1,2026-08-30,31919,877538,POR-121,Meowth ex,121,Special Art Rare,95.83,125,62.99,69.99,105,69,107.95
399,Perfect Order,2026-03-27,2026-04-05,2026-10-05,1,2026-08-31,31919,877538,POR-121,Meowth ex,121,Special Art Rare,94.67,129.98,62,69.99,105,69,107.95
399,Perfect Order,2026-03-27,2026-04-05,2026-10-05,1,2026-09-01,31919,877538,POR-121,Meowth ex,121,Special Art Rare,95.83,125,62,69.99,105,69,104.29
399,Perfect Order,2026-03-27,2026-04-05,2026-10-05,1,2026-09-02,31919,877538,POR-121,Meowth ex,121,Special Art Rare,94.52,125,63.5,68,105,70,104.29
399,Perfect Order,2026-03-27,2026-04-05,2026-10-05,1,2026-09-03,31919,877538,POR-121,Meowth ex,121,Special Art Rare,94.5,129.98,57,68,105,69,104.29
399,Perfect Order,2026-03-27,2026-04-05,2026-10-05,1,2026-09-04,31919,877538,POR-121,Meowth ex,121,Special Art Rare,94.5,129.98,57,68,105,69,103.97
399,Perfect Order,2026-03-27,2026-04-05,2026-10-05,1,2026-09-05,31919,877538,POR-121,Meowth ex,121,Special Art Rare,93.65,106,67,68,105,69,103.97
399,Perfect Order,2026-03-27,2026-04-05,2026-10-05,1,2026-09-11,31919,877538,POR-121,Meowth ex,121,Special Art Rare,91.27,106,67.95,75,103,69,103.97
399,Perfect Order,2026-03-27,2026-04-05,2026-10-05,1,2026-09-14,31919,877538,POR-121,Meowth ex,121,Special Art Rare,89.57,106,60.75,74.9,101,69,103.97
399,Perfect Order,2026-03-27,2026-04-05,2026-10-05,1,2026-09-15,31919,877538,POR-121,Meowth ex,121,Special Art Rare,89.82,106,60.74,74.95,101,69,97.73
399,Perfect Order,2026-03-27,2026-04-05,2026-10-05,1,2026-09-16,31919,877538,POR-121,Meowth ex,121,Special Art Rare,89.82,106,60.74,74.95,101,69,97.42
399,Perfect Order,2026-03-27,2026-04-05,2026-10-05,1,2026-09-17,31919,877538,POR-121,Meowth ex,121,Special Art Rare,86.53,106,60.75,74.95,101,65,97.42
399,Perfect Order,2026-03-27,2026-04-05,2026-10-05,1,2026-09-18,31919,877538,POR-121,Meowth ex,121,Special Art Rare,85.77,106,59.98,74.95,101,65,97.42
399,Perfect Order,2026-03-27,2026-04-05,2026-10-05,1,2026-09-19,31919,877538,POR-121,Meowth ex,121,Special Art Rare,88.6,106,59.9,74.95,80,60,93.38
399,Perfect Order,2026-03-27,2026-04-05,2026-10-05,1,2026-09-20,31919,877538,POR-121,Meowth ex,121,Special Art Rare,88.6,106,59.9,73,80,60,93.38
399,Perfect Order,2026-03-27,2026-04-05,2026-10-05,1,2026-09-21,31919,877538,POR-121,Meowth ex,121,Special Art Rare,89.03,110,59.9,73,99,60,88.88
399,Perfect Order,2026-03-27,2026-04-05,2026-10-05,1,2026-09-23,31919,877538,POR-121,Meowth ex,121,Special Art Rare,88.87,110,58.9,70,98,60,85.13
399,Perfect Order,2026-03-27,2026-04-05,2026-10-05,1,2026-09-24,31919,877538,POR-121,Meowth ex,121,Special Art Rare,89.04,107.8,57,70,98,60,85.13
399,Perfect Order,2026-03-27,2026-04-05,2026-10-05,1,2026-09-25,31919,877538,POR-121,Meowth ex,121,Special Art Rare,87,106,55,70,98,60,85.13
399,Perfect Order,2026-03-27,2026-04-05,2026-10-05,1,2026-09-26,31919,877538,POR-121,Meowth ex,121,Special Art Rare,86.75,106,55,73,98,60,85.13
399,Perfect Order,2026-03-27,2026-04-05,2026-10-05,1,2026-09-29,31919,877538,POR-121,Meowth ex,121,Special Art Rare,86.55,105,52,73,90,59.99,85.13
399,Perfect Order,2026-03-27,2026-04-05,2026-10-05,1,2026-09-30,31919,877538,POR-121,Meowth ex,121,Special Art Rare,84.55,104.99,54.98,90,90,60,85.13
399,Perfect Order,2026-03-27,2026-04-05,2026-10-05,1,2026-10-01,31919,877538,POR-121,Meowth ex,121,Special Art Rare,84.18,105,55,73,90,59.99,85.13
399,Perfect Order,2026-03-27,2026-04-05,2026-10-05,1,2026-10-02,31919,877538,POR-121,Meowth ex,121,Special Art Rare,84.23,104.99,55,73,90,59.99,85.13
399,Perfect Order,2026-03-27,2026-04-05,2026-10-05,1,2026-10-03,31919,877538,POR-121,Meowth ex,121,Special Art Rare,83.44,104.99,50,73,95,59.99,85.13
399,Perfect Order,2026-03-27,2026-04-05,2026-10-05,1,2026-10-04,31919,877538,POR-121,Meowth ex,121,Special Art Rare,83.07,104.99,52,73,94.99,59.99,85.13
399,Perfect Order,2026-03-27,2026-04-05,2026-10-05,2,2026-04-05,31922,877541,POR-124,Mega Zygarde ex,124,SECRET RARE,126.33,129.82,99.99,149.99,189,115,
399,Perfect Order,2026-03-27,2026-04-05,2026-10-05,2,2026-04-06,31922,877541,POR-124,Mega Zygarde ex,124,SECRET RARE,124.57,129.84,92,149.99,160,115,
399,Perfect Order,2026-03-27,2026-04-05,2026-10-05,2,2026-04-07,31922,877541,POR-124,Mega Zygarde ex,124,SECRET RARE,124.34,147.68,100,140,135,115,
399,Perfect Order,2026-03-27,2026-04-05,2026-10-05,2,2026-04-08,31922,877541,POR-124,Mega Zygarde ex,124,SECRET RARE,123.63,147.68,96,145,149.99,115,
399,Perfect Order,2026-03-27,2026-04-05,2026-10-05,2,2026-04-09,31922,877541,POR-124,Mega Zygarde ex,124,SECRET RARE,123.36,161.53,100,145,135,115,
399,Perfect Order,2026-03-27,2026-04-05,2026-10-05,2,2026-04-10,31922,877541,POR-124,Mega Zygarde ex,124,SECRET RARE,123.8,165.63,100,149.99,159,115,
399,Perfect Order,2026-03-27,2026-04-05,2026-10-05,2,2026-04-11,31922,877541,POR-124,Mega Zygarde ex,124,SECRET RARE,124.22,165.55,100,145,135,110,
399,Perfect Order,2026-03-27,2026-04-05,2026-10-05,2,2026-04-12,31922,877541,POR-124,Mega Zygarde ex,124,SECRET RARE,123.96,165.55,109.99,110,135,110,
399,Perfect Order,2026-03-27,2026-04-05,2026-10-05,2,2026-04-13,31922,877541,POR-124,Mega Zygarde ex,124,SECRET RARE,124.2,155,100,110,160,110,
399,Perfect Order,2026-03-27,2026-04-05,2026-10-05,2,2026-04-14,31922,877541,POR-124,Mega Zygarde ex,124,SECRET RARE,124.18,165.64,100,110,160,110,
399,Perfect Order,2026-03-27,2026-04-05,2026-10-05,2,2026-04-15,31922,877541,POR-124,Mega Zygarde ex,124,SECRET RARE,123.87,155,108,110,149.99,110,
399,Perfect Order,2026-03-27,2026-04-05,2026-10-05,2,2026-04-16,31922,877541,POR-124,Mega Zygarde ex,124,SECRET RARE,123.63,155,110,110,159.9,129,
399,Perfect Order,2026-03-27,2026-04-05,2026-10-05,2,2026-04-17,31922,877541,POR-124,Mega Zygarde ex,124,SECRET RARE,123.53,155,110,103,150,130,
399,Perfect Order,2026-03-27,2026-04-05,2026-10-05,2,2026-04-18,31922,877541,POR-124,Mega Zygarde ex,124,SECRET RARE,123.94,155,118,103,135,130,
399,Perfect Order,2026-03-27,2026-04-05,2026-10-05,2,2026-04-19,31922,877541,POR-124,Mega Zygarde ex,124,SECRET RARE,123.93,155,105,103,135,130,
399,Perfect Order,2026-03-27,2026-04-05,2026-10-05,2,2026-04-20,31922,877541,POR-124,Mega Zygarde ex,124,SECRET RARE,123.9,154.99,105,105,135,130,
399,Perfect Order,2026-03-27,2026-04-05,2026-10-05,2,2026-04-21,31922,877541,POR-124,Mega Zygarde ex,124,SECRET RARE,123.88,150,117.99,105,150,110,
399,Perfect Order,2026-03-27,2026-04-05,2026-10-05,2,2026-04-22,31922,877541,POR-124,Mega Zygarde ex,124,SECRET RARE,124.27,149,105,110,150,119,
399,Perfect Order,2026-03-27,2026-04-05,2026-10-05,2,2026-04-23,31922,877541,POR-124,Mega Zygarde ex,124,SECRET RARE,124.14,149.99,118.97,105,160,110,
399,Perfect Order,2026-03-27,2026-04-05,2026-10-05,2,2026-04-24,31922,877541,POR-124,Mega Zygarde ex,124,SECRET RARE,124.11,149,118.98,105,165,110,
399,Perfect Order,2026-03-27,2026-04-05,2026-10-05,2,2026-04-25,31922,877541,POR-124,Mega Zygarde ex,124,SECRET RARE,124.58,149.95,115,105,155,118,
399,Perfect Order,2026-03-27,2026-04-05,2026-10-05,2,2026-04-26,31922,877541,POR-124,Mega Zygarde ex,124,SECRET RARE,124.25,149.95,117,100,155,115,
399,Perfect Order,2026-03-27,2026-04-05,2026-10-05,2,2026-04-27,31922,877541,POR-124,Mega Zygarde ex,124,SECRET RARE,124.82,145,120,105,150,110,
399,Perfect Order,2026-03-27,2026-04-05,2026-10-05,2,2026-04-28,31922,877541,POR-124,Mega Zygarde ex,124,SECRET RARE,126.07,140,129.95,100,155,110,
399,Perfect Order,2026-03-27,2026-04-05,2026-10-05,2,2026-04-29,31922,877541,POR-124,Mega Zygarde ex,124,SECRET RARE,126.66,139,129.95,99,165,110,
399,Perfect Order,2026-03-27,2026-04-05,2026-10-05,2,2026-04-30,31922,877541,POR-124,Mega Zygarde ex,124,SECRET RARE,126.11,139.99,125,105,160,110,
399,Perfect Order,2026-03-27,2026-04-05,2026-10-05,2,2026-05-01,31922,877541,POR-124,Mega Zygarde ex,124,SECRET RARE,125.29,120,129.99,100,155,144.99,
399,Perfect Order,2026-03-27,2026-04-05,2026-10-05,2,2026-05-02,31922,877541,POR-124,Mega Zygarde ex,124,SECRET RARE,125.72,120,125,100,155,110,
399,Perfect Order,2026-03-27,2026-04-05,2026-10-05,2,2026-05-03,31922,877541,POR-124,Mega Zygarde ex,124,SECRET RARE,126.97,139.99,115,110,150,110,
399,Perfect Order,2026-03-27,2026-04-05,2026-10-05,2,2026-05-04,31922,877541,POR-124,Mega Zygarde ex,124,SECRET RARE,126.41,159.98,115,105,150,110,
399,Perfect Order,2026-03-27,2026-04-05,2026-10-05,2,2026-05-05,31922,877541,POR-124,Mega Zygarde ex,124,SECRET RARE,127.9,142,115,105,149,110,
399,Perfect Order,2026-03-27,2026-04-05,2026-10-05,2,2026-05-06,31922,877541,POR-124,Mega Zygarde ex,124,SECRET RARE,128.91,142,115,105,149,110,
399,Perfect Order,2026-03-27,2026-04-05,2026-10-05,2,2026-05-09,31922,877541,POR-124,Mega Zygarde ex,124,SECRET RARE,130.28,167.5,100,110,150,110,
399,Perfect Order,2026-03-27,2026-04-05,2026-10-05,2,2026-05-12,31922,877541,POR-124,Mega Zygarde ex,124,SECRET RARE,130.44,129.99,99,105,155,109,
399,Perfect Order,2026-03-27,2026-04-05,2026-10-05,2,2026-05-13,31922,877541,POR-124,Mega Zygarde ex,124,SECRET RARE,130.17,129.99,98,120,160,115,
399,Perfect Order,2026-03-27,2026-04-05,2026-10-05,2,2026-05-14,31922,877541,POR-124,Mega Zygarde ex,124,SECRET RARE,130.12,135,98,129.95,130,110,
399,Perfect Order,2026-03-27,2026-04-05,2026-10-05,2,2026-05-18,31922,877541,POR-124,Mega Zygarde ex,124,SECRET RARE,129.66,150,95,114,130,109,
399,Perfect Order,2026-03-27,2026-04-05,2026-10-05,2,2026-05-19,31922,877541,POR-124,Mega Zygarde ex,124,SECRET RARE,130.67,150,100,113.99,130,108.99,
399,Perfect Order,2026-03-27,2026-04-05,2026-10-05,2,2026-05-20,31922,877541,POR-124,Mega Zygarde ex,124,SECRET RARE,130.08,150,100,113.99,145,108.99,
399,Perfect Order,2026-03-27,2026-04-05,2026-10-05,2,2026-05-21,31922,877541,POR-124,Mega Zygarde ex,124,SECRET RARE,129.42,150,98.9,113.99,145,108.99,
399,Perfect Order,2026-03-27,2026-04-05,2026-10-05,2,2026-05-22,31922,877541,POR-124,Mega Zygarde ex,124,SECRET RARE,129.2,149.99,99.9,113.99,145,85,
399,Perfect Order,2026-03-27,2026-04-05,2026-10-05,2,2026-05-23,31922,877541,POR-124,Mega Zygarde ex,124,SECRET RARE,128.63,150,99.9,113.99,145,108.99,
399,Perfect Order,2026-03-27,2026-04-05,2026-10-05,2,2026-05-24,31922,877541,POR-124,Mega Zygarde ex,124,SECRET RARE,128.5,154.99,99.99,106,149.9,108.99,
399,Perfect Order,2026-03-27,2026-04-05,2026-10-05,2,2026-05-25,31922,877541,POR-124,Mega Zygarde ex,124,SECRET RARE,127.98,154.99,99.99,113.99,149.9,108.99,
399,Perfect Order,2026-03-27,2026-04-05,2026-10-05,2,2026-05-26,31922,877541,POR-124,Mega Zygarde ex,124,SECRET RARE,127.66,150,99.99,125,149,108.99,
399,Perfect Order,2026-03-27,2026-04-05,2026-10-05,2,2026-05-27,31922,877541,POR-124,Mega Zygarde ex,124,SECRET RARE,126.22,150,96,106,149,108.99,
399,Perfect Order,2026-03-27,2026-04-05,2026-10-05,2,2026-05-28,31922,877541,POR-124,Mega Zygarde ex,124,SECRET RARE,125.38,150,96,120,149,107,
399,Perfect Order,2026-03-27,2026-04-05,2026-10-05,2,2026-05-29,31922,877541,POR-124,Mega Zygarde ex,124,SECRET RARE,125.15,155,96,120,149,107,
399,Perfect Order,2026-03-27,2026-04-05,2026-10-05,2,2026-05-30,31922,877541,POR-124,Mega Zygarde ex,124,SECRET RARE,125.52,155,97,110,149,107,
399,Perfect Order,2026-03-27,2026-04-05,2026-10-05,2,2026-05-31,31922,877541,POR-124,Mega Zygarde ex,124,SECRET RARE,124.61,155,97,120,149,107,
399,Perfect Order,2026-03-27,2026-04-05,2026-10-05,2,2026-06-01,31922,877541,POR-124,Mega Zygarde ex,124,SECRET RARE,124.6,158,97,125,149,105,
399,Perfect Order,2026-03-27,2026-04-05,2026-10-05,2,2026-06-02,31922,877541,POR-124,Mega Zygarde ex,124,SECRET RARE,124.33,155,93,124.95,145,105,
399,Perfect Order,2026-03-27,2026-04-05,2026-10-05,2,2026-06-03,31922,877541,POR-124,Mega Zygarde ex,124,SECRET RARE,124.21,155,95,125,145,105,
399,Perfect Order,2026-03-27,2026-04-05,2026-10-05,2,2026-06-04,31922,877541,POR-124,Mega Zygarde ex,124,SECRET RARE,123.54,154.89,95,125,149.9,105,
399,Perfect Order,2026-03-27,2026-04-05,2026-10-05,2,2026-06-05,31922,877541,POR-124,Mega Zygarde ex,124,SECRET RARE,122.45,154.77,95,120,149.9,99.99,
399,Perfect Order,2026-03-27,2026-04-05,2026-10-05,2,2026-06-06,31922,877541,POR-124,Mega Zygarde ex,124,SECRET RARE,122.81,145,90,129,149.9,99,
399,Perfect Order,2026-03-27,2026-04-05,2026-10-05,2,2026-06-07,31922,877541,POR-124,Mega Zygarde ex,124,SECRET RARE,122.87,150,90,120,145,98,
399,Perfect Order,2026-03-27,2026-04-05,2026-10-05,2,2026-06-08,31922,877541,POR-124,Mega Zygarde ex,124,SECRET RARE,123.24,140,95,120,149.9,98,
399,Perfect Order,2026-03-27,2026-04-05,2026-10-05,2,2026-06-09,31922,877541,POR-124,Mega Zygarde ex,124,SECRET RARE,123.3,140,100,120,149.9,98,
399,Perfect Order,2026-03-27,2026-04-05,2026-10-05,2,2026-06-10,31922,877541,POR-124,Mega Zygarde ex,124,SECRET RARE,122.91,155.21,99.99,119.9,149.9,98,
399,Perfect Order,2026-03-27,2026-04-05,2026-10-05,2,2026-06-11,31922,877541,POR-124,Mega Zygarde ex,124,SECRET RARE,122.38,140,95.99,119.9,139.99,98,
399,Perfect Order,2026-03-27,2026-04-05,2026-10-05,2,2026-06-12,31922,877541,POR-124,Mega Zygarde ex,124,SECRET RARE,122.01,159,94,119.9,149.9,96,
399,Perfect Order,2026-03-27,2026-04-05,2026-10-05,2,2026-06-13,31922,877541,POR-124,Mega Zygarde ex,124,SECRET RARE,121.86,140,95,119.9,136,95,
399,Perfect Order,2026-03-27,2026-04-05,2026-10-05,2,2026-06-14,31922,877541,POR-124,Mega Zygarde ex,124,SECRET RARE,122.43,140,95,119.9,160,95,
399,Perfect Order,2026-03-27,2026-04-05,2026-10-05,2,2026-06-15,31922,877541,POR-124,Mega Zygarde ex,124,SECRET RARE,122.43,140,94.99,120,149.9,95,
399,Perfect Order,2026-03-27,2026-04-05,2026-10-05,2,2026-06-16,31922,877541,POR-124,Mega Zygarde ex,124,SECRET RARE,122.43,140,98,119.9,149.9,95,
399,Perfect Order,2026-03-27,2026-04-05,2026-10-05,2,2026-06-17,31922,877541,POR-124,Mega Zygarde ex,124,SECRET RARE,120.91,126.94,98,119.9,149.9,89,
399,Perfect Order,2026-03-27,2026-04-05,2026-10-05,2,2026-06-18,31922,877541,POR-124,Mega Zygarde ex,124,SECRET RARE,119.84,149,90,119.9,149.9,84,
399,Perfect Order,2026-03-27,2026-04-05,2026-10-05,2,2026-06-19,31922,877541,POR-124,Mega Zygarde ex,124,SECRET RARE,119.84,139.99,90,114.9,149.9,85,
399,Perfect Order,2026-03-27,2026-04-05,2026-10-05,2,2026-06-20,31922,877541,POR-124,Mega Zygarde ex,124,SECRET RARE,120.56,144,90,114.9,149.9,84,
399,Perfect Order,2026-03-27,2026-04-05,2026-10-05,2,2026-06-21,31922,877541,POR-124,Mega Zygarde ex,124,SECRET RARE,121.4,144,90,114.9,149.9,89,
399,Perfect Order,2026-03-27,2026-04-05,2026-10-05,2,2026-06-22,31922,877541,POR-124,Mega Zygarde ex,124,SECRET RARE,121.47,145.5,90,114.9,149.9,84,
399,Perfect Order,2026-03-27,2026-04-05,2026-10-05,2,2026-06-23,31922,877541,POR-124,Mega Zygarde ex,124,SECRET RARE,121.69,145.5,93,114.9,149.9,100,
399,Perfect Order,2026-03-27,2026-04-05,2026-10-05,2,2026-06-24,31922,877541,POR-124,Mega Zygarde ex,124,SECRET RARE,120.93,145,90,114.9,149.9,84,
399,Perfect Order,2026-03-27,2026-04-05,2026-10-05,2,2026-06-25,31922,877541,POR-124,Mega Zygarde ex,124,SECRET RARE,120.05,145,92,110,149.9,84,
399,Perfect Order,2026-03-27,2026-04-05,2026-10-05,2,2026-06-26,31922,877541,POR-124,Mega Zygarde ex,124,SECRET RARE,118.59,145,92,110,144.99,84,
399,Perfect Order,2026-03-27,2026-04-05,2026-10-05,2,2026-06-27,31922,877541,POR-124,Mega Zygarde ex,124,SECRET RARE,120.09,145,92,110,144.99,105,
399,Perfect Order,2026-03-27,2026-04-05,2026-10-05,2,2026-06-28,31922,877541,POR-124,Mega Zygarde ex,124,SECRET RARE,120.63,145,92,110,144.99,100,
399,Perfect Order,2026-03-27,2026-04-05,2026-10-05,2,2026-06-29,31922,877541,POR-124,Mega Zygarde ex,124,SECRET RARE,120.73,145,90,110,143.99,89,
399,Perfect Order,2026-03-27,2026-04-05,2026-10-05,2,2026-06-30,31922,877541,POR-124,Mega Zygarde ex,124,SECRET RARE,120.5,145,89,110,143.99,90,
399,Perfect Order,2026-03-27,2026-04-05,2026-10-05,2,2026-07-01,31922,877541,POR-124,Mega Zygarde ex,124,SECRET RARE,120.54,145,89,110,143.99,87,
399,Perfect Order,2026-03-27,2026-04-05,2026-10-05,2,2026-07-02,31922,877541,POR-124,Mega Zygarde ex,124,SECRET RARE,120.08,145,90,109.99,189.95,81,
399,Perfect Order,2026-03-27,2026-04-05,2026-10-05,2,2026-07-03,31922,877541,POR-124,Mega Zygarde ex,124,SECRET RARE,119.05,145,88.88,109.99,140,80,
399,Perfect Order,2026-03-27,2026-04-05,2026-10-05,2,2026-07-06,31922,877541,POR-124,Mega Zygarde ex,124,SECRET RARE,119.3,145,85,109.99,140,81,
399,Perfect Order,2026-03-27,2026-04-05,2026-10-05,2,2026-07-07,31922,877541,POR-124,Mega Zygarde ex,124,SECRET RARE,118.68,139,90,109.99,149.99,81,
399,Perfect Order,2026-03-27,2026-04-05,2026-10-05,2,2026-07-08,31922,877541,POR-124,Mega Zygarde ex,124,SECRET RARE,116.94,139,89,100,129.99,80,
399,Perfect Order,2026-03-27,2026-04-05,2026-10-05,2,2026-07-09,31922,877541,POR-124,Mega Zygarde ex,124,SECRET RARE,116.94,139,88.95,100,129.99,78,
399,Perfect Order,2026-03-27,2026-04-05,2026-10-05,2,2026-07-10,31922,877541,POR-124,Mega Zygarde ex,124,SECRET RARE,115.49,140,84.9,100,129.99,81,
399,Perfect Order,2026-03-27,2026-04-05,2026-10-05,2,2026-07-11,31922,877541,POR-124,Mega Zygarde ex,124,SECRET RARE,115.49,140,84.9,100,129.99,90,
399,Perfect Order,2026-03-27,2026-04-05,2026-10-05,2,2026-07-13,31922,877541,POR-124,Mega Zygarde ex,124,SECRET RARE,15.79,140,84.9,100,129.99,90,
399,Perfect Order,2026-03-27,2026-04-05,2026-10-05,2,2026-07-14,31922,877541,POR-124,Mega Zygarde ex,124,SECRET RARE,7.41,140,84.9,100,129.99,90,
399,Perfect Order,2026-03-27,2026-04-05,2026-10-05,2,2026-07-18,31922,877541,POR-124,Mega Zygarde ex,124,SECRET RARE,110.82,140,89,100,129.99,80,118.53
399,Perfect Order,2026-03-27,2026-04-05,2026-10-05,2,2026-07-19,31922,877541,POR-124,Mega Zygarde ex,124,SECRET RARE,110.82,140,89,100,129.99,80,118.53
399,Perfect Order,2026-03-27,2026-04-05,2026-10-05,2,2026-07-20,31922,877541,POR-124,Mega Zygarde ex,124,SECRET RARE,110.82,140,89,100,129.99,80,118.67
399,Perfect Order,2026-03-27,2026-04-05,2026-10-05,2,2026-07-21,31922,877541,POR-124,Mega Zygarde ex,124,SECRET RARE,110.35,140,89.99,90,129.99,80,118.67
399,Perfect Order,2026-03-27,2026-04-05,2026-10-05,2,2026-07-22,31922,877541,POR-124,Mega Zygarde ex,124,SECRET RARE,110.45,140,89.99,90,129.99,80,118.93
399,Perfect Order,2026-03-27,2026-04-05,2026-10-05,2,2026-07-23,31922,877541,POR-124,Mega Zygarde ex,124,SECRET RARE,110.35,140,89.99,90,129.99,80,118.93
399,Perfect Order,2026-03-27,2026-04-05,2026-10-05,2,2026-07-24,31922,877541,POR-124,Mega Zygarde ex,124,SECRET RARE,110.6,140,89.98,90,129.99,80,118.93
399,Perfect Order,2026-03-27,2026-04-05,2026-10-05,2,2026-07-25,31922,877541,POR-124,Mega Zygarde ex,124,SECRET RARE,110.6,140,89.98,90,129.99,80,114.4
399,Perfect Order,2026-03-27,2026-04-05,2026-10-05,2,2026-07-26,31922,877541,POR-124,Mega Zygarde ex,124,SECRET RARE,110.6,140,89.98,90,129.99,80,114.4
399,Perfect Order,2026-03-27,2026-04-05,2026-10-05,2,2026-07-27,31922,877541,POR-124,Mega Zygarde ex,124,SECRET RARE,108.76,140,88,90,129.99,80,113.14
399,Perfect Order,2026-03-27,2026-04-05,2026-10-05,2,2026-07-28,31922,877541,POR-124,Mega Zygarde ex,124,SECRET RARE,108.76,140,88,90,129.99,80,113.14
399,Perfect Order,2026-03-27,2026-04-05,2026-10-05,2,2026-07-29,31922,877541,POR-124,Mega Zygarde ex,124,SECRET RARE,107.47,138,84.99,90,135,80,113.7
399,Perfect Order,2026-03-27,2026-04-05,2026-10-05,2,2026-07-30,31922,877541,POR-124,Mega Zygarde ex,124,SECRET RARE,107.47,138,84.99,90,135,80,113.7
399,Perfect Order,2026-03-27,2026-04-05,2026-10-05,2,2026-07-31,31922,877541,POR-124,Mega Zygarde ex,124,SECRET RARE,107.47,138,84.99,90,135,80,112.55
399,Perfect Order,2026-03-27,2026-04-05,2026-10-05,2,2026-08-01,31922,877541,POR-124,Mega Zygarde ex,124,SECRET RARE,107.7,138,90,90,149,79.99,112.55
399,Perfect Order,2026-03-27,2026-04-05,2026-10-05,2,2026-08-03,31922,877541,POR-124,Mega Zygarde ex,124,SECRET RARE,107.7,138,90,90,149,79.99,113.09
399,Perfect Order,2026-03-27,2026-04-05,2026-10-05,2,2026-08-04,31922,877541,POR-124,Mega Zygarde ex,124,SECRET RARE,105.87,138,83.99,90,149,79.99,113.09
399,Perfect Order,2026-03-27,2026-04-05,2026-10-05,2,2026-08-05,31922,877541,POR-124,Mega Zygarde ex,124,SECRET RARE,105.87,138,83.99,90,149,79.99,112.1
399,Perfect Order,2026-03-27,2026-04-05,2026-10-05,2,2026-08-06,31922,877541,POR-124,Mega Zygarde ex,124,SECRET RARE,105.87,138,83.99,90,149,79.99,112.1
399,Perfect Order,2026-03-27,2026-04-05,2026-10-05,2,2026-08-07,31922,877541,POR-124,Mega Zygarde ex,124,SECRET RARE,105.97,138,83,90,149,80,112.1
399,Perfect Order,2026-03-27,2026-04-05,2026-10-05,2,2026-08-09,31922,877541,POR-124,Mega Zygarde ex,124,SECRET RARE,104.78,125,83,120,138,80,112.1
399,Perfect Order,2026-03-27,2026-04-05,2026-10-05,2,2026-08-10,31922,877541,POR-124,Mega Zygarde ex,124,SECRET RARE,104.78,125,85,120,138,88,112.37
399,Perfect Order,2026-03-27,2026-04-05,2026-10-05,2,2026-08-11,31922,877541,POR-124,Mega Zygarde ex,124,SECRET RARE,103.93,125,85,120,140,80,112.37
399,Perfect Order,2026-03-27,2026-04-05,2026-10-05,2,2026-08-12,31922,877541,POR-124,Mega Zygarde ex,124,SECRET RARE,103.78,125,85,120,138,80,113.78
399,Perfect Order,2026-03-27,2026-04-05,2026-10-05,2,2026-08-13,31922,877541,POR-124,Mega Zygarde ex,124,SECRET RARE,103.83,125,84.99,120,140,80,113.78
399,Perfect Order,2026-03-27,2026-04-05,2026-10-05,2,2026-08-14,31922,877541,POR-124,Mega Zygarde ex,124,SECRET RARE,103.57,125,84.99,120,137,80,113.78
399,Perfect Order,2026-03-27,2026-04-05,2026-10-05,2,2026-08-15,31922,877541,POR-124,Mega Zygarde ex,124,SECRET RARE,103.97,120,84.99,120,137,80,114.84
399,Perfect Order,2026-03-27,2026-04-05,2026-10-05,2,2026-08-16,31922,877541,POR-124,Mega Zygarde ex,124,SECRET RARE,104,120,88.99,120,137,80,114.84
399,Perfect Order,2026-03-27,2026-04-05,2026-10-05,2,2026-08-17,31922,877541,POR-124,Mega Zygarde ex,124,SECRET RARE,104,120,88.99,120,137,80,114.18
399,Perfect Order,2026-03-27,2026-04-05,2026-10-05,2,2026-08-18,31922,877541,POR-124,Mega Zygarde ex,124,SECRET RARE,104.5,120,85,120,110,80,114.18
399,Perfect Order,2026-03-27,2026-04-05,2026-10-05,2,2026-08-19,31922,877541,POR-124,Mega Zygarde ex,124,SECRET RARE,105.69,117,85,120,110,80,114.91
399,Perfect Order,2026-03-27,2026-04-05,2026-10-05,2,2026-08-20,31922,877541,POR-124,Mega Zygarde ex,124,SECRET RARE,104.5,117,85,120,110,80,114.91
399,Perfect Order,2026-03-27,2026-04-05,2026-10-05,2,2026-08-21,31922,877541,POR-124,Mega Zygarde ex,124,SECRET RARE,105.53,115,89.5,120,138,85,115.95
399,Perfect Order,2026-03-27,2026-04-05,2026-10-05,2,2026-08-22,31922,877541,POR-124,Mega Zygarde ex,124,SECRET RARE,104.93,115,89.5,120,137,85,115.95
399,Perfect Order,2026-03-27,2026-04-05,2026-10-05,2,2026-08-23,31922,877541,POR-124,Mega Zygarde ex,124,SECRET RARE,104.93,115,89.5,120,137,85,115.95
399,Perfect Order,2026-03-27,2026-04-05,2026-10-05,2,2026-08-24,31922,877541,POR-124,Mega Zygarde ex,124,SECRET RARE,106.14,115,83,120,137,89.9,115.91
399,Perfect Order,2026-03-27,2026-04-05,2026-10-05,2,2026-08-25,31922,877541,POR-124,Mega Zygarde ex,124,SECRET RARE,106.14,115,83,120,137,89.9,115.91
399,Perfect Order,2026-03-27,2026-04-05,2026-10-05,2,2026-08-27,31922,877541,POR-124,Mega Zygarde ex,124,SECRET RARE,105.87,100,83,120,138,90,112.19
399,Perfect Order,2026-03-27,2026-04-05,2026-10-05,2,2026-08-29,31922,877541,POR-124,Mega Zygarde ex,124,SECRET RARE,105.87,100,83,120,138,90,110.14
399,Perfect Order,2026-03-27,2026-04-05,2026-10-05,2,2026-08-30,31922,877541,POR-124,Mega Zygarde ex,124,SECRET RARE,104.33,109,83,120,130,85,110.14
399,Perfect Order,2026-03-27,2026-04-05,2026-10-05,2,2026-08-31,31922,877541,POR-124,Mega Zygarde ex,124,SECRET RARE,103.57,110,83,105,130,84.9,110.14
399,Perfect Order,2026-03-27,2026-04-05,2026-10-05,2,2026-09-01,31922,877541,POR-124,Mega Zygarde ex,124,SECRET RARE,104.8,110,83,105,130,84.9,109.62
399,Perfect Order,2026-03-27,2026-04-05,2026-10-05,2,2026-09-02,31922,877541,POR-124,Mega Zygarde ex,124,SECRET RARE,104.93,110,83,100,129.99,84.9,109.62
399,Perfect Order,2026-03-27,2026-04-05,2026-10-05,2,2026-09-03,31922,877541,POR-124,Mega Zygarde ex,124,SECRET RARE,105.04,110,83,120,120,84.9,109.62
399,Perfect Order,2026-03-27,2026-04-05,2026-10-05,2,2026-09-04,31922,877541,POR-124,Mega Zygarde ex,124,SECRET RARE,105.04,110,83,120,120,84.9,106.15
399,Perfect Order,2026-03-27,2026-04-05,2026-10-05,2,2026-09-05,31922,877541,POR-124,Mega Zygarde ex,124,SECRET RARE,105.69,110,84.95,105,130,83,106.15
399,Perfect Order,2026-03-27,2026-04-05,2026-10-05,2,2026-09-07,31922,877541,POR-124,Mega Zygarde ex,124,SECRET RARE,103.57,118,83,120,130,83,106.15
399,Perfect Order,2026-03-27,2026-04-05,2026-10-05,2,2026-09-09,31922,877541,POR-124,Mega Zygarde ex,124,SECRET RARE,103.28,110,82.99,120,125,83,106.15
399,Perfect Order,2026-03-27,2026-04-05,2026-10-05,2,2026-09-11,31922,877541,POR-124,Mega Zygarde ex,124,SECRET RARE,104.39,110,84.99,120,125,83,106.15
399,Perfect Order,2026-03-27,2026-04-05,2026-10-05,2,2026-09-13,31922,877541,POR-124,Mega Zygarde ex,124,SECRET RARE,103.88,109,84.99,120,120,79.9,106.15
399,Perfect Order,2026-03-27,2026-04-05,2026-10-05,2,2026-09-14,31922,877541,POR-124,Mega Zygarde ex,124,SECRET RARE,103.88,109,84.99,120,119.99,79.9,106.15
399,Perfect Order,2026-03-27,2026-04-05,2026-10-05,2,2026-09-15,31922,877541,POR-124,Mega Zygarde ex,124,SECRET RARE,103.95,109,84.99,120,119.99,79.9,104.51
399,Perfect Order,2026-03-27,2026-04-05,2026-10-05,2,2026-09-16,31922,877541,POR-124,Mega Zygarde ex,124,SECRET RARE,103.95,109,84.99,120,119.99,79.9,103.54
399,Perfect Order,2026-03-27,2026-04-05,2026-10-05,2,2026-09-17,31922,877541,POR-124,Mega Zygarde ex,124,SECRET RARE,104.74,109,80,120,119.99,83,103.54
399,Perfect Order,2026-03-27,2026-04-05,2026-10-05,2,2026-09-18,31922,877541,POR-124,Mega Zygarde ex,124,SECRET RARE,104.74,109,80,120,120,79.9,103.54
399,Perfect Order,2026-03-27,2026-04-05,2026-10-05,2,2026-09-19,31922,877541,POR-124,Mega Zygarde ex,124,SECRET RARE,104.48,109,80,120,119.99,79.9,97.87
399,Perfect Order,2026-03-27,2026-04-05,2026-10-05,2,2026-09-20,31922,877541,POR-124,Mega Zygarde ex,124,SECRET RARE,104.48,109,80,120,119.99,79.9,97.87
399,Perfect Order,2026-03-27,2026-04-05,2026-10-05,2,2026-09-21,31922,877541,POR-124,Mega Zygarde ex,124,SECRET RARE,104.48,105,84.98,120,119,79.9,95.08
399,Perfect Order,2026-03-27,2026-04-05,2026-10-05,2,2026-09-22,31922,877541,POR-124,Mega Zygarde ex,124,SECRET RARE,104.48,100,84.98,120,119.99,79.9,95.08
399,Perfect Order,2026-03-27,2026-04-05,2026-10-05,2,2026-09-23,31922,877541,POR-124,Mega Zygarde ex,124,SECRET RARE,103.26,98,82.99,115,118.9,79.5,93.22
399,Perfect Order,2026-03-27,2026-04-05,2026-10-05,2,2026-09-24,31922,877541,POR-124,Mega Zygarde ex,124,SECRET RARE,103.21,98,85,115,118.99,79,93.22
399,Perfect Order,2026-03-27,2026-04-05,2026-10-05,2,2026-09-26,31922,877541,POR-124,Mega Zygarde ex,124,SECRET RARE,104.28,98,85,100,118.99,79.9,93.22
399,Perfect Order,2026-03-27,2026-04-05,2026-10-05,2,2026-09-28,31922,877541,POR-124,Mega Zygarde ex,124,SECRET RARE,104.56,98,83,100,118.99,75,93.22
399,Perfect Order,2026-03-27,2026-04-05,2026-10-05,2,2026-09-29,31922,877541,POR-124,Mega Zygarde ex,124,SECRET RARE,104.77,98,84.99,100,118.99,83,93.22
399,Perfect Order,2026-03-27,2026-04-05,2026-10-05,2,2026-09-30,31922,877541,POR-124,Mega Zygarde ex,124,SECRET RARE,103.11,98,83,100,115,83,93.22
399,Perfect Order,2026-03-27,2026-04-05,2026-10-05,2,2026-10-01,31922,877541,POR-124,Mega Zygarde ex,124,SECRET RARE,103.18,98,82.5,100,118.99,83,93.22
399,Perfect Order,2026-03-27,2026-04-05,2026-10-05,2,2026-10-02,31922,877541,POR-124,Mega Zygarde ex,124,SECRET RARE,103.49,98,84.99,100,110,83,93.22
399,Perfect Order,2026-03-27,2026-04-05,2026-10-05,2,2026-10-03,31922,877541,POR-124,Mega Zygarde ex,124,SECRET RARE,102.47,98,84.99,100,110,83,93.22
399,Perfect Order,2026-03-27,2026-04-05,2026-10-05,2,2026-10-04,31922,877541,POR-124,Mega Zygarde ex,124,SECRET RARE,103.5,98,84.99,100,110,83,93.22
399,Perfect Order,2026-03-27,2026-04-05,2026-10-05,3,2026-04-05,31918,877537,POR-120,Mega Zygarde ex,120,Special Art Rare,76.31,69.62,48.79,45,72,64.99,
399,Perfect Order,2026-03-27,2026-04-05,2026-10-05,3,2026-04-06,31918,877537,POR-120,Mega Zygarde ex,120,Special Art Rare,75.77,64.92,45,45,72,60,
399,Perfect Order,2026-03-27,2026-04-05,2026-10-05,3,2026-04-07,31918,877537,POR-120,Mega Zygarde ex,120,Special Art Rare,74.85,70,45,45,70,60,
399,Perfect Order,2026-03-27,2026-04-05,2026-10-05,3,2026-04-08,31918,877537,POR-120,Mega Zygarde ex,120,Special Art Rare,73.44,69.71,45,45,76,54,
399,Perfect Order,2026-03-27,2026-04-05,2026-10-05,3,2026-04-09,31918,877537,POR-120,Mega Zygarde ex,120,Special Art Rare,72.82,70,49.99,45,70,53.99,
399,Perfect Order,2026-03-27,2026-04-05,2026-10-05,3,2026-04-10,31918,877537,POR-120,Mega Zygarde ex,120,Special Art Rare,72.33,69.79,49.99,50,70,53,
399,Perfect Order,2026-03-27,2026-04-05,2026-10-05,3,2026-04-11,31918,877537,POR-120,Mega Zygarde ex,120,Special Art Rare,71.47,70,47.95,70,76,53,
399,Perfect Order,2026-03-27,2026-04-05,2026-10-05,3,2026-04-12,31918,877537,POR-120,Mega Zygarde ex,120,Special Art Rare,71.45,66.16,45,50,76,53.99,
399,Perfect Order,2026-03-27,2026-04-05,2026-10-05,3,2026-04-13,31918,877537,POR-120,Mega Zygarde ex,120,Special Art Rare,70.64,66.14,47.99,42,76,50,
399,Perfect Order,2026-03-27,2026-04-05,2026-10-05,3,2026-04-14,31918,877537,POR-120,Mega Zygarde ex,120,Special Art Rare,70.01,66.26,49.95,50,76,50,
399,Perfect Order,2026-03-27,2026-04-05,2026-10-05,3,2026-04-15,31918,877537,POR-120,Mega Zygarde ex,120,Special Art Rare,68.81,72.5,45,42,75,40,
399,Perfect Order,2026-03-27,2026-04-05,2026-10-05,3,2026-04-16,31918,877537,POR-120,Mega Zygarde ex,120,Special Art Rare,68.45,71,50,42,76,50,
399,Perfect Order,2026-03-27,2026-04-05,2026-10-05,3,2026-04-17,31918,877537,POR-120,Mega Zygarde ex,120,Special Art Rare,67.3,70,49.99,42,74,50,
399,Perfect Order,2026-03-27,2026-04-05,2026-10-05,3,2026-04-18,31918,877537,POR-120,Mega Zygarde ex,120,Special Art Rare,67.58,70,50,42,74.5,59.99,
399,Perfect Order,2026-03-27,2026-04-05,2026-10-05,3,2026-04-19,31918,877537,POR-120,Mega Zygarde ex,120,Special Art Rare,67.13,69.99,50,40,74.5,50,
399,Perfect Order,2026-03-27,2026-04-05,2026-10-05,3,2026-04-20,31918,877537,POR-120,Mega Zygarde ex,120,Special Art Rare,66.69,65,49.99,42,74.5,50,
399,Perfect Order,2026-03-27,2026-04-05,2026-10-05,3,2026-04-21,31918,877537,POR-120,Mega Zygarde ex,120,Special Art Rare,66.42,65,50,42,73,50,
399,Perfect Order,2026-03-27,2026-04-05,2026-10-05,3,2026-04-22,31918,877537,POR-120,Mega Zygarde ex,120,Special Art Rare,66.03,67,49.5,45,72.98,59,
399,Perfect Order,2026-03-27,2026-04-05,2026-10-05,3,2026-04-23,31918,877537,POR-120,Mega Zygarde ex,120,Special Art Rare,65.49,74.98,47,42,72.5,50,
399,Perfect Order,2026-03-27,2026-04-05,2026-10-05,3,2026-04-24,31918,877537,POR-120,Mega Zygarde ex,120,Special Art Rare,65.04,74.98,46.5,42,72.5,50,
399,Perfect Order,2026-03-27,2026-04-05,2026-10-05,3,2026-04-25,31918,877537,POR-120,Mega Zygarde ex,120,Special Art Rare,64.76,74.98,49,44.99,71.99,50,
399,Perfect Order,2026-03-27,2026-04-05,2026-10-05,3,2026-04-26,31918,877537,POR-120,Mega Zygarde ex,120,Special Art Rare,63.99,74.98,45,44.89,72,50,
399,Perfect Order,2026-03-27,2026-04-05,2026-10-05,3,2026-04-27,31918,877537,POR-120,Mega Zygarde ex,120,Special Art Rare,64.12,70,45.5,44.5,72,49.99,
399,Perfect Order,2026-03-27,2026-04-05,2026-10-05,3,2026-04-28,31918,877537,POR-120,Mega Zygarde ex,120,Special Art Rare,64.08,70,45.5,44,71.5,50,
399,Perfect Order,2026-03-27,2026-04-05,2026-10-05,3,2026-04-29,31918,877537,POR-120,Mega Zygarde ex,120,Special Art Rare,63.81,70,45.45,44,69,50,
399,Perfect Order,2026-03-27,2026-04-05,2026-10-05,3,2026-04-30,31918,877537,POR-120,Mega Zygarde ex,120,Special Art Rare,62.73,77,45.99,43.99,71.5,50,
399,Perfect Order,2026-03-27,2026-04-05,2026-10-05,3,2026-05-01,31918,877537,POR-120,Mega Zygarde ex,120,Special Art Rare,61.48,77,45,43,71.5,50,
399,Perfect Order,2026-03-27,2026-04-05,2026-10-05,3,2026-05-02,31918,877537,POR-120,Mega Zygarde ex,120,Special Art Rare,61.43,77,45,43,69.99,50,
399,Perfect Order,2026-03-27,2026-04-05,2026-10-05,3,2026-05-03,31918,877537,POR-120,Mega Zygarde ex,120,Special Art Rare,61.38,74.98,45,43,69.99,50,
399,Perfect Order,2026-03-27,2026-04-05,2026-10-05,3,2026-05-04,31918,877537,POR-120,Mega Zygarde ex,120,Special Art Rare,60.75,74.98,47,42,69.99,50,
399,Perfect Order,2026-03-27,2026-04-05,2026-10-05,3,2026-05-05,31918,877537,POR-120,Mega Zygarde ex,120,Special Art Rare,60.74,74.98,44.5,42,69.99,45,
399,Perfect Order,2026-03-27,2026-04-05,2026-10-05,3,2026-05-06,31918,877537,POR-120,Mega Zygarde ex,120,Special Art Rare,60.68,70,45,40,69.99,45,
399,Perfect Order,2026-03-27,2026-04-05,2026-10-05,3,2026-05-07,31918,877537,POR-120,Mega Zygarde ex,120,Special Art Rare,60.58,70,45,40,71.99,45,
399,Perfect Order,2026-03-27,2026-04-05,2026-10-05,3,2026-05-08,31918,877537,POR-120,Mega Zygarde ex,120,Special Art Rare,60.55,70,44,40,71.99,45,
399,Perfect Order,2026-03-27,2026-04-05,2026-10-05,3,2026-05-09,31918,877537,POR-120,Mega Zygarde ex,120,Special Art Rare,60.11,70,43.99,40,71,45,
399,Perfect Order,2026-03-27,2026-04-05,2026-10-05,3,2026-05-10,31918,877537,POR-120,Mega Zygarde ex,120,Special Art Rare,59.22,70,45,40,71,45,
399,Perfect Order,2026-03-27,2026-04-05,2026-10-05,3,2026-05-12,31918,877537,POR-120,Mega Zygarde ex,120,Special Art Rare,59.33,71.39,45,40,71,45.99,
399,Perfect Order,2026-03-27,2026-04-05,2026-10-05,3,2026-05-13,31918,877537,POR-120,Mega Zygarde ex,120,Special Art Rare,59.58,71.27,45,40,70,45.99,
399,Perfect Order,2026-03-27,2026-04-05,2026-10-05,3,2026-05-14,31918,877537,POR-120,Mega Zygarde ex,120,Special Art Rare,59.77,71.27,45,43,70,45.99,
399,Perfect Order,2026-03-27,2026-04-05,2026-10-05,3,2026-05-18,31918,877537,POR-120,Mega Zygarde ex,120,Special Art Rare,59.58,69.69,41,44,70,45,
399,Perfect Order,2026-03-27,2026-04-05,2026-10-05,3,2026-05-19,31918,877537,POR-120,Mega Zygarde ex,120,Special Art Rare,59.35,69.69,40,44,73,41.99,
399,Perfect Order,2026-03-27,2026-04-05,2026-10-05,3,2026-05-20,31918,877537,POR-120,Mega Zygarde ex,120,Special Art Rare,59.69,69.69,44,44,73.5,41.99,
399,Perfect Order,2026-03-27,2026-04-05,2026-10-05,3,2026-05-21,31918,877537,POR-120,Mega Zygarde ex,120,Special Art Rare,59.29,74,47.9,44.5,73,41.5,
399,Perfect Order,2026-03-27,2026-04-05,2026-10-05,3,2026-05-22,31918,877537,POR-120,Mega Zygarde ex,120,Special Art Rare,59.27,74,44,44,73,41.5,
399,Perfect Order,2026-03-27,2026-04-05,2026-10-05,3,2026-05-23,31918,877537,POR-120,Mega Zygarde ex,120,Special Art Rare,59.01,69.69,44,44.5,69,41.99,
399,Perfect Order,2026-03-27,2026-04-05,2026-10-05,3,2026-05-24,31918,877537,POR-120,Mega Zygarde ex,120,Special Art Rare,58.88,69.69,44,50,70,41.49,
399,Perfect Order,2026-03-27,2026-04-05,2026-10-05,3,2026-05-25,31918,877537,POR-120,Mega Zygarde ex,120,Special Art Rare,58.56,69.69,45,50,68.9,40.15,
399,Perfect Order,2026-03-27,2026-04-05,2026-10-05,3,2026-05-26,31918,877537,POR-120,Mega Zygarde ex,120,Special Art Rare,59,73.95,44,50,68.9,40.15,
399,Perfect Order,2026-03-27,2026-04-05,2026-10-05,3,2026-05-27,31918,877537,POR-120,Mega Zygarde ex,120,Special Art Rare,58.44,69.99,45,50,68,41,
399,Perfect Order,2026-03-27,2026-04-05,2026-10-05,3,2026-05-28,31918,877537,POR-120,Mega Zygarde ex,120,Special Art Rare,58.25,74,43,50,68,45.7,
399,Perfect Order,2026-03-27,2026-04-05,2026-10-05,3,2026-05-29,31918,877537,POR-120,Mega Zygarde ex,120,Special Art Rare,58.78,69.99,45,50,73.5,41,
399,Perfect Order,2026-03-27,2026-04-05,2026-10-05,3,2026-05-30,31918,877537,POR-120,Mega Zygarde ex,120,Special Art Rare,59.38,71,45,50,70,41,
399,Perfect Order,2026-03-27,2026-04-05,2026-10-05,3,2026-05-31,31918,877537,POR-120,Mega Zygarde ex,120,Special Art Rare,59.55,71,44.9,50,73.5,39.9,
399,Perfect Order,2026-03-27,2026-04-05,2026-10-05,3,2026-06-01,31918,877537,POR-120,Mega Zygarde ex,120,Special Art Rare,59.09,69.99,44.9,50,73.5,39.9,
399,Perfect Order,2026-03-27,2026-04-05,2026-10-05,3,2026-06-02,31918,877537,POR-120,Mega Zygarde ex,120,Special Art Rare,59.1,68.99,44.99,50,73.5,41,
399,Perfect Order,2026-03-27,2026-04-05,2026-10-05,3,2026-06-03,31918,877537,POR-120,Mega Zygarde ex,120,Special Art Rare,58.75,68.99,44.99,50,73.5,39.9,
399,Perfect Order,2026-03-27,2026-04-05,2026-10-05,3,2026-06-04,31918,877537,POR-120,Mega Zygarde ex,120,Special Art Rare,58.39,74,41.99,50,73.5,46.98,
399,Perfect Order,2026-03-27,2026-04-05,2026-10-05,3,2026-06-05,31918,877537,POR-120,Mega Zygarde ex,120,Special Art Rare,58.31,71,45,50,75,39.9,
399,Perfect Order,2026-03-27,2026-04-05,2026-10-05,3,2026-06-06,31918,877537,POR-120,Mega Zygarde ex,120,Special Art Rare,58.63,70,45,50,84,46.98,
399,Perfect Order,2026-03-27,2026-04-05,2026-10-05,3,2026-06-07,31918,877537,POR-120,Mega Zygarde ex,120,Special Art Rare,59.1,73.3,45,50,82,46.98,
399,Perfect Order,2026-03-27,2026-04-05,2026-10-05,3,2026-06-08,31918,877537,POR-120,Mega Zygarde ex,120,Special Art Rare,59.25,70,45,50,77,59,
399,Perfect Order,2026-03-27,2026-04-05,2026-10-05,3,2026-06-09,31918,877537,POR-120,Mega Zygarde ex,120,Special Art Rare,60.21,70,45,50,85,46.98,
399,Perfect Order,2026-03-27,2026-04-05,2026-10-05,3,2026-06-10,31918,877537,POR-120,Mega Zygarde ex,120,Special Art Rare,59,70,45,50,77,50,
399,Perfect Order,2026-03-27,2026-04-05,2026-10-05,3,2026-06-11,31918,877537,POR-120,Mega Zygarde ex,120,Special Art Rare,58.72,70,47,50,77,40,
399,Perfect Order,2026-03-27,2026-04-05,2026-10-05,3,2026-06-12,31918,877537,POR-120,Mega Zygarde ex,120,Special Art Rare,58.93,67,45,47,77,46.98,
399,Perfect Order,2026-03-27,2026-04-05,2026-10-05,3,2026-06-13,31918,877537,POR-120,Mega Zygarde ex,120,Special Art Rare,58.95,70,45,47,77,45,
399,Perfect Order,2026-03-27,2026-04-05,2026-10-05,3,2026-06-14,31918,877537,POR-120,Mega Zygarde ex,120,Special Art Rare,58.94,74,45,47,77,45,
399,Perfect Order,2026-03-27,2026-04-05,2026-10-05,3,2026-06-15,31918,877537,POR-120,Mega Zygarde ex,120,Special Art Rare,59.63,67,45,47,77,45,
399,Perfect Order,2026-03-27,2026-04-05,2026-10-05,3,2026-06-16,31918,877537,POR-120,Mega Zygarde ex,120,Special Art Rare,59.92,67,45,47,77,45,
399,Perfect Order,2026-03-27,2026-04-05,2026-10-05,3,2026-06-17,31918,877537,POR-120,Mega Zygarde ex,120,Special Art Rare,59.56,70,45,47,77,45,
399,Perfect Order,2026-03-27,2026-04-05,2026-10-05,3,2026-06-18,31918,877537,POR-120,Mega Zygarde ex,120,Special Art Rare,59.56,67,45,47,89,45,
399,Perfect Order,2026-03-27,2026-04-05,2026-10-05,3,2026-06-19,31918,877537,POR-120,Mega Zygarde ex,120,Special Art Rare,59.86,67,45,47,77,50,
399,Perfect Order,2026-03-27,2026-04-05,2026-10-05,3,2026-06-20,31918,877537,POR-120,Mega Zygarde ex,120,Special Art Rare,60.01,70,45,46.95,85,44,
399,Perfect Order,2026-03-27,2026-04-05,2026-10-05,3,2026-06-21,31918,877537,POR-120,Mega Zygarde ex,120,Special Art Rare,60.53,66,45,46.95,77,41,
399,Perfect Order,2026-03-27,2026-04-05,2026-10-05,3,2026-06-22,31918,877537,POR-120,Mega Zygarde ex,120,Special Art Rare,60.58,70,44.99,42,77,40,
399,Perfect Order,2026-03-27,2026-04-05,2026-10-05,3,2026-06-23,31918,877537,POR-120,Mega Zygarde ex,120,Special Art Rare,60.44,66,44,42,77,48,
399,Perfect Order,2026-03-27,2026-04-05,2026-10-05,3,2026-06-24,31918,877537,POR-120,Mega Zygarde ex,120,Special Art Rare,60.21,69.5,44,42,77,48,
399,Perfect Order,2026-03-27,2026-04-05,2026-10-05,3,2026-06-25,31918,877537,POR-120,Mega Zygarde ex,120,Special Art Rare,60.61,68.81,44,42,77,39,
399,Perfect Order,2026-03-27,2026-04-05,2026-10-05,3,2026-06-26,31918,877537,POR-120,Mega Zygarde ex,120,Special Art Rare,60.74,68.12,44,42,75,40,
399,Perfect Order,2026-03-27,2026-04-05,2026-10-05,3,2026-06-27,31918,877537,POR-120,Mega Zygarde ex,120,Special Art Rare,61.1,66,44.99,42,75,39,
399,Perfect Order,2026-03-27,2026-04-05,2026-10-05,3,2026-06-28,31918,877537,POR-120,Mega Zygarde ex,120,Special Art Rare,61.23,66,44,42,75,39,
399,Perfect Order,2026-03-27,2026-04-05,2026-10-05,3,2026-06-29,31918,877537,POR-120,Mega Zygarde ex,120,Special Art Rare,60.82,66,45,42,68.5,40,
399,Perfect Order,2026-03-27,2026-04-05,2026-10-05,3,2026-06-30,31918,877537,POR-120,Mega Zygarde ex,120,Special Art Rare,60.19,66,44.5,42,77,47,
399,Perfect Order,2026-03-27,2026-04-05,2026-10-05,3,2026-07-01,31918,877537,POR-120,Mega Zygarde ex,120,Special Art Rare,59.94,66,44.5,42,84,40,
399,Perfect Order,2026-03-27,2026-04-05,2026-10-05,3,2026-07-02,31918,877537,POR-120,Mega Zygarde ex,120,Special Art Rare,60.23,65.99,42,42,84,40,
399,Perfect Order,2026-03-27,2026-04-05,2026-10-05,3,2026-07-03,31918,877537,POR-120,Mega Zygarde ex,120,Special Art Rare,60.05,65.99,42,42,68.5,40,
399,Perfect Order,2026-03-27,2026-04-05,2026-10-05,3,2026-07-06,31918,877537,POR-120,Mega Zygarde ex,120,Special Art Rare,60.5,65.99,39.25,44.95,68.5,40,
399,Perfect Order,2026-03-27,2026-04-05,2026-10-05,3,2026-07-07,31918,877537,POR-120,Mega Zygarde ex,120,Special Art Rare,60.45,60,39.49,42,68.5,40,
399,Perfect Order,2026-03-27,2026-04-05,2026-10-05,3,2026-07-08,31918,877537,POR-120,Mega Zygarde ex,120,Special Art Rare,59.73,60,42,44.95,75,40,
399,Perfect Order,2026-03-27,2026-04-05,2026-10-05,3,2026-07-09,31918,877537,POR-120,Mega Zygarde ex,120,Special Art Rare,59.25,60,38,44.95,75,40,
399,Perfect Order,2026-03-27,2026-04-05,2026-10-05,3,2026-07-10,31918,877537,POR-120,Mega Zygarde ex,120,Special Art Rare,58.44,60,38,42,59.99,39.99,
399,Perfect Order,2026-03-27,2026-04-05,2026-10-05,3,2026-07-13,31918,877537,POR-120,Mega Zygarde ex,120,Special Art Rare,59,60,41,40,59.99,39.98,
399,Perfect Order,2026-03-27,2026-04-05,2026-10-05,3,2026-07-14,31918,877537,POR-120,Mega Zygarde ex,120,Special Art Rare,58.82,60,43,42,59.99,38,
399,Perfect Order,2026-03-27,2026-04-05,2026-10-05,3,2026-07-18,31918,877537,POR-120,Mega Zygarde ex,120,Special Art Rare,56.97,60.86,42.9,44.95,65,39,54.97
399,Perfect Order,2026-03-27,2026-04-05,2026-10-05,3,2026-07-19,31918,877537,POR-120,Mega Zygarde ex,120,Special Art Rare,56.97,60.86,42.9,44.95,65,39,54.97
399,Perfect Order,2026-03-27,2026-04-05,2026-10-05,3,2026-07-20,31918,877537,POR-120,Mega Zygarde ex,120,Special Art Rare,56.97,60.86,42.9,44.95,65,39,50.13
399,Perfect Order,2026-03-27,2026-04-05,2026-10-05,3,2026-07-21,31918,877537,POR-120,Mega Zygarde ex,120,Special Art Rare,55.91,60.86,38,40,65,39.98,50.13
399,Perfect Order,2026-03-27,2026-04-05,2026-10-05,3,2026-07-22,31918,877537,POR-120,Mega Zygarde ex,120,Special Art Rare,55.91,60.86,38,40,65,39.98,52.66
399,Perfect Order,2026-03-27,2026-04-05,2026-10-05,3,2026-07-23,31918,877537,POR-120,Mega Zygarde ex,120,Special Art Rare,55.6,60.86,38,40,65,39.98,52.66
399,Perfect Order,2026-03-27,2026-04-05,2026-10-05,3,2026-07-24,31918,877537,POR-120,Mega Zygarde ex,120,Special Art Rare,55.18,57.88,38,35,65,36,52.66
399,Perfect Order,2026-03-27,2026-04-05,2026-10-05,3,2026-07-25,31918,877537,POR-120,Mega Zygarde ex,120,Special Art Rare,55.18,57.88,38,35,65,36,54.19
399,Perfect Order,2026-03-27,2026-04-05,2026-10-05,3,2026-07-26,31918,877537,POR-120,Mega Zygarde ex,120,Special Art Rare,55.18,57.88,38,35,65,36,54.19
399,Perfect Order,2026-03-27,2026-04-05,2026-10-05,3,2026-07-27,31918,877537,POR-120,Mega Zygarde ex,120,Special Art Rare,53.46,57.88,39.69,44.95,65,36,54.1
399,Perfect Order,2026-03-27,2026-04-05,2026-10-05,3,2026-07-28,31918,877537,POR-120,Mega Zygarde ex,120,Special Art Rare,53.46,57.88,39.69,44.95,65,36,54.1
399,Perfect Order,2026-03-27,2026-04-05,2026-10-05,3,2026-07-29,31918,877537,POR-120,Mega Zygarde ex,120,Special Art Rare,52.09,50,39.97,46.95,65,35,54.18
399,Perfect Order,2026-03-27,2026-04-05,2026-10-05,3,2026-07-30,31918,877537,POR-120,Mega Zygarde ex,120,Special Art Rare,52.09,50,39.97,46.95,65,35,54.18
399,Perfect Order,2026-03-27,2026-04-05,2026-10-05,3,2026-07-31,31918,877537,POR-120,Mega Zygarde ex,120,Special Art Rare,52.09,50,39.97,46.95,65,35,53.05
399,Perfect Order,2026-03-27,2026-04-05,2026-10-05,3,2026-08-01,31918,877537,POR-120,Mega Zygarde ex,120,Special Art Rare,51.72,49.99,39,40,65,33,53.05
399,Perfect Order,2026-03-27,2026-04-05,2026-10-05,3,2026-08-03,31918,877537,POR-120,Mega Zygarde ex,120,Special Art Rare,51.34,50,37.5,39,65,33,52.56
399,Perfect Order,2026-03-27,2026-04-05,2026-10-05,3,2026-08-04,31918,877537,POR-120,Mega Zygarde ex,120,Special Art Rare,51.34,50,37.5,39,65,33,52.56
399,Perfect Order,2026-03-27,2026-04-05,2026-10-05,3,2026-08-05,31918,877537,POR-120,Mega Zygarde ex,120,Special Art Rare,51.34,50,37.5,39,65,33,52.34
399,Perfect Order,2026-03-27,2026-04-05,2026-10-05,3,2026-08-06,31918,877537,POR-120,Mega Zygarde ex,120,Special Art Rare,51.3,50,37,39,65,34,52.34
399,Perfect Order,2026-03-27,2026-04-05,2026-10-05,3,2026-08-10,31918,877537,POR-120,Mega Zygarde ex,120,Special Art Rare,51.07,50,39.33,39,65,34,52.79
399,Perfect Order,2026-03-27,2026-04-05,2026-10-05,3,2026-08-11,31918,877537,POR-120,Mega Zygarde ex,120,Special Art Rare,5.91,50,39.33,39,79.8,34,52.79
399,Perfect Order,2026-03-27,2026-04-05,2026-10-05,3,2026-08-12,31918,877537,POR-120,Mega Zygarde ex,120,Special Art Rare,51.07,50,39.33,39,77,34,53.15
399,Perfect Order,2026-03-27,2026-04-05,2026-10-05,3,2026-08-13,31918,877537,POR-120,Mega Zygarde ex,120,Special Art Rare,50,47.77,38,35,77,32,53.15
399,Perfect Order,2026-03-27,2026-04-05,2026-10-05,3,2026-08-14,31918,877537,POR-120,Mega Zygarde ex,120,Special Art Rare,50,50.61,38,35,77,32,53.15
399,Perfect Order,2026-03-27,2026-04-05,2026-10-05,3,2026-08-15,31918,877537,POR-120,Mega Zygarde ex,120,Special Art Rare,49.36,50.61,34,35,77,33,51.55
399,Perfect Order,2026-03-27,2026-04-05,2026-10-05,3,2026-08-16,31918,877537,POR-120,Mega Zygarde ex,120,Special Art Rare,49.36,50.61,34,35,77,33,51.55
399,Perfect Order,2026-03-27,2026-04-05,2026-10-05,3,2026-08-17,31918,877537,POR-120,Mega Zygarde ex,120,Special Art Rare,49.36,50.61,34,35,77,33,49.98
399,Perfect Order,2026-03-27,2026-04-05,2026-10-05,3,2026-08-18,31918,877537,POR-120,Mega Zygarde ex,120,Special Art Rare,48.47,50.61,35,35,77,33,49.98
399,Perfect Order,2026-03-27,2026-04-05,2026-10-05,3,2026-08-19,31918,877537,POR-120,Mega Zygarde ex,120,Special Art Rare,48.42,45,35,35,69.9,33,49.63
399,Perfect Order,2026-03-27,2026-04-05,2026-10-05,3,2026-08-20,31918,877537,POR-120,Mega Zygarde ex,120,Special Art Rare,48.01,40,34.45,35,69.9,33,49.63
399,Perfect Order,2026-03-27,2026-04-05,2026-10-05,3,2026-08-21,31918,877537,POR-120,Mega Zygarde ex,120,Special Art Rare,47.71,40,34.45,35,60,33,50.48
399,Perfect Order,2026-03-27,2026-04-05,2026-10-05,3,2026-08-22,31918,877537,POR-120,Mega Zygarde ex,120,Special Art Rare,47.56,46.93,34.99,45,60,36,50.48
399,Perfect Order,2026-03-27,2026-04-05,2026-10-05,3,2026-08-23,31918,877537,POR-120,Mega Zygarde ex,120,Special Art Rare,47.3,46.93,34.99,45,64.99,36,50.48
399,Perfect Order,2026-03-27,2026-04-05,2026-10-05,3,2026-08-24,31918,877537,POR-120,Mega Zygarde ex,120,Special Art Rare,47.39,48.13,34.99,35,64,36,49.79
399,Perfect Order,2026-03-27,2026-04-05,2026-10-05,3,2026-08-25,31918,877537,POR-120,Mega Zygarde ex,120,Special Art Rare,46.9,48.13,34,35,64,33,49.79
399,Perfect Order,2026-03-27,2026-04-05,2026-10-05,3,2026-08-27,31918,877537,POR-120,Mega Zygarde ex,120,Special Art Rare,47.73,48.13,34,35,64,33,49.25
399,Perfect Order,2026-03-27,2026-04-05,2026-10-05,3,2026-08-29,31918,877537,POR-120,Mega Zygarde ex,120,Special Art Rare,47.72,46.95,34,35,64,35,49.89
399,Perfect Order,2026-03-27,2026-04-05,2026-10-05,3,2026-08-30,31918,877537,POR-120,Mega Zygarde ex,120,Special Art Rare,47.62,46.95,34,35,64.75,33,49.89
399,Perfect Order,2026-03-27,2026-04-05,2026-10-05,3,2026-08-31,31918,877537,POR-120,Mega Zygarde ex,120,Special Art Rare,46.78,46.94,34,35,64.75,33,49.89
399,Perfect Order,2026-03-27,2026-04-05,2026-10-05,3,2026-09-01,31918,877537,POR-120,Mega Zygarde ex,120,Special Art Rare,46.59,48.06,34,35,61,33,49.57
399,Perfect Order,2026-03-27,2026-04-05,2026-10-05,3,2026-09-02,31918,877537,POR-120,Mega Zygarde ex,120,Special Art Rare,47.58,48,34,30,61,33,49.57
399,Perfect Order,2026-03-27,2026-04-05,2026-10-05,3,2026-09-03,31918,877537,POR-120,Mega Zygarde ex,120,Special Art Rare,47.16,47.95,34,30,61,33,49.57
399,Perfect Order,2026-03-27,2026-04-05,2026-10-05,3,2026-09-04,31918,877537,POR-120,Mega Zygarde ex,120,Special Art Rare,47.16,47.95,34,30,61,33,48.68
399,Perfect Order,2026-03-27,2026-04-05,2026-10-05,3,2026-09-05,31918,877537,POR-120,Mega Zygarde ex,120,Special Art Rare,46.22,48,34,30,65,33,48.68
399,Perfect Order,2026-03-27,2026-04-05,2026-10-05,3,2026-09-07,31918,877537,POR-120,Mega Zygarde ex,120,Special Art Rare,45.72,45,34,30,61,33,48.68
399,Perfect Order,2026-03-27,2026-04-05,2026-10-05,3,2026-09-11,31918,877537,POR-120,Mega Zygarde ex,120,Special Art Rare,46.06,45,34,30,59.9,33,48.68
399,Perfect Order,2026-03-27,2026-04-05,2026-10-05,3,2026-09-15,31918,877537,POR-120,Mega Zygarde ex,120,Special Art Rare,47.31,45,34.39,30,59.9,30,46.56
399,Perfect Order,2026-03-27,2026-04-05,2026-10-05,3,2026-09-16,31918,877537,POR-120,Mega Zygarde ex,120,Special Art Rare,47.31,45,34.39,30,59.9,30,43.94
399,Perfect Order,2026-03-27,2026-04-05,2026-10-05,3,2026-09-17,31918,877537,POR-120,Mega Zygarde ex,120,Special Art Rare,47.31,45,34,30,59.9,30,43.94
399,Perfect Order,2026-03-27,2026-04-05,2026-10-05,3,2026-09-18,31918,877537,POR-120,Mega Zygarde ex,120,Special Art Rare,46.88,45,33,30,59.5,30,43.94
399,Perfect Order,2026-03-27,2026-04-05,2026-10-05,3,2026-09-19,31918,877537,POR-120,Mega Zygarde ex,120,Special Art Rare,48.09,45,34,41.5,59.49,30,43.35
399,Perfect Order,2026-03-27,2026-04-05,2026-10-05,3,2026-09-20,31918,877537,POR-120,Mega Zygarde ex,120,Special Art Rare,47.97,46,33,25,59.49,30,43.35
399,Perfect Order,2026-03-27,2026-04-05,2026-10-05,3,2026-09-21,31918,877537,POR-120,Mega Zygarde ex,120,Special Art Rare,48.06,40,33,25,59.49,34,41.46
399,Perfect Order,2026-03-27,2026-04-05,2026-10-05,3,2026-09-22,31918,877537,POR-120,Mega Zygarde ex,120,Special Art Rare,48.29,30,33,25,53.99,34,41.46
399,Perfect Order,2026-03-27,2026-04-05,2026-10-05,3,2026-09-23,31918,877537,POR-120,Mega Zygarde ex,120,Special Art Rare,47.78,40,30,25,53.99,34,40.67
399,Perfect Order,2026-03-27,2026-04-05,2026-10-05,3,2026-09-24,31918,877537,POR-120,Mega Zygarde ex,120,Special Art Rare,48.15,40,30,25,53.99,35,40.67
399,Perfect Order,2026-03-27,2026-04-05,2026-10-05,3,2026-09-25,31918,877537,POR-120,Mega Zygarde ex,120,Special Art Rare,47.48,39.5,31.99,25,53.99,35,40.67
399,Perfect Order,2026-03-27,2026-04-05,2026-10-05,3,2026-09-26,31918,877537,POR-120,Mega Zygarde ex,120,Special Art Rare,46.77,39.5,32.99,25,59,35,40.67
399,Perfect Order,2026-03-27,2026-04-05,2026-10-05,3,2026-09-27,31918,877537,POR-120,Mega Zygarde ex,120,Special Art Rare,46.86,40,30,25,59,35,40.67
399,Perfect Order,2026-03-27,2026-04-05,2026-10-05,3,2026-09-28,31918,877537,POR-120,Mega Zygarde ex,120,Special Art Rare,46.45,46,32.99,39,58,25,40.67
399,Perfect Order,2026-03-27,2026-04-05,2026-10-05,3,2026-09-30,31918,877537,POR-120,Mega Zygarde ex,120,Special Art Rare,46.41,44.85,30,39,58,25,40.67
399,Perfect Order,2026-03-27,2026-04-05,2026-10-05,3,2026-10-01,31918,877537,POR-120,Mega Zygarde ex,120,Special Art Rare,46.3,44.46,33.19,40,57,30,40.67
399,Perfect Order,2026-03-27,2026-04-05,2026-10-05,3,2026-10-02,31918,877537,POR-120,Mega Zygarde ex,120,Special Art Rare,44.57,43.99,33.95,40,58,30,40.67
399,Perfect Order,2026-03-27,2026-04-05,2026-10-05,3,2026-10-03,31918,877537,POR-120,Mega Zygarde ex,120,Special Art Rare,44.41,43.99,34,40,56.99,30,40.67
399,Perfect Order,2026-03-27,2026-04-05,2026-10-05,4,2026-04-05,31917,877536,POR-119,Mega Clefable ex,119,Special Art Rare,54.05,59,41.75,44.95,96,50,
399,Perfect Order,2026-03-27,2026-04-05,2026-10-05,4,2026-04-06,31917,877536,POR-119,Mega Clefable ex,119,Special Art Rare,54.38,55,41.75,44.95,75,49.99,
399,Perfect Order,2026-03-27,2026-04-05,2026-10-05,4,2026-04-07,31917,877536,POR-119,Mega Clefable ex,119,Special Art Rare,54.64,50.21,41.75,44.95,75,50,
399,Perfect Order,2026-03-27,2026-04-05,2026-10-05,4,2026-04-08,31917,877536,POR-119,Mega Clefable ex,119,Special Art Rare,54.32,52,41.75,45,79.5,50,
399,Perfect Order,2026-03-27,2026-04-05,2026-10-05,4,2026-04-09,31917,877536,POR-119,Mega Clefable ex,119,Special Art Rare,54.31,55,40,45,70,48,
399,Perfect Order,2026-03-27,2026-04-05,2026-10-05,4,2026-04-10,31917,877536,POR-119,Mega Clefable ex,119,Special Art Rare,54.2,52,41,45,79.5,48,
399,Perfect Order,2026-03-27,2026-04-05,2026-10-05,4,2026-04-11,31917,877536,POR-119,Mega Clefable ex,119,Special Art Rare,54.16,52,41,45,70,48,
399,Perfect Order,2026-03-27,2026-04-05,2026-10-05,4,2026-04-12,31917,877536,POR-119,Mega Clefable ex,119,Special Art Rare,53.74,52,34.5,45,70,48,
399,Perfect Order,2026-03-27,2026-04-05,2026-10-05,4,2026-04-13,31917,877536,POR-119,Mega Clefable ex,119,Special Art Rare,53.65,55,42,45,79.89,48,
399,Perfect Order,2026-03-27,2026-04-05,2026-10-05,4,2026-04-14,31917,877536,POR-119,Mega Clefable ex,119,Special Art Rare,53.46,52,42,42.95,70,48,
399,Perfect Order,2026-03-27,2026-04-05,2026-10-05,4,2026-04-15,31917,877536,POR-119,Mega Clefable ex,119,Special Art Rare,53.3,65,35,39.95,68.99,48,
399,Perfect Order,2026-03-27,2026-04-05,2026-10-05,4,2026-04-16,31917,877536,POR-119,Mega Clefable ex,119,Special Art Rare,53.18,52,40,39.95,68.99,47,
399,Perfect Order,2026-03-27,2026-04-05,2026-10-05,4,2026-04-17,31917,877536,POR-119,Mega Clefable ex,119,Special Art Rare,53.03,52,35,39.5,68.99,47,
399,Perfect Order,2026-03-27,2026-04-05,2026-10-05,4,2026-04-18,31917,877536,POR-119,Mega Clefable ex,119,Special Art Rare,53.26,52,39.99,39.5,69.99,48,
399,Perfect Order,2026-03-27,2026-04-05,2026-10-05,4,2026-04-19,31917,877536,POR-119,Mega Clefable ex,119,Special Art Rare,53.56,52,42.99,39.5,69,47,
399,Perfect Order,2026-03-27,2026-04-05,2026-10-05,4,2026-04-20,31917,877536,POR-119,Mega Clefable ex,119,Special Art Rare,53.49,52,39.98,39.5,68.99,47,
399,Perfect Order,2026-03-27,2026-04-05,2026-10-05,4,2026-04-21,31917,877536,POR-119,Mega Clefable ex,119,Special Art Rare,53.68,52,39.5,39.5,69,47,
399,Perfect Order,2026-03-27,2026-04-05,2026-10-05,4,2026-04-22,31917,877536,POR-119,Mega Clefable ex,119,Special Art Rare,53.43,52,40,39.5,69,44,
399,Perfect Order,2026-03-27,2026-04-05,2026-10-05,4,2026-04-23,31917,877536,POR-119,Mega Clefable ex,119,Special Art Rare,53.35,52,40,40,68,44,
399,Perfect Order,2026-03-27,2026-04-05,2026-10-05,4,2026-04-24,31917,877536,POR-119,Mega Clefable ex,119,Special Art Rare,53.36,52,42.5,40,68,40,
399,Perfect Order,2026-03-27,2026-04-05,2026-10-05,4,2026-04-25,31917,877536,POR-119,Mega Clefable ex,119,Special Art Rare,53.47,52,42.5,40,66,35,
399,Perfect Order,2026-03-27,2026-04-05,2026-10-05,4,2026-04-26,31917,877536,POR-119,Mega Clefable ex,119,Special Art Rare,53.55,52,40,40,66,35,
399,Perfect Order,2026-03-27,2026-04-05,2026-10-05,4,2026-04-27,31917,877536,POR-119,Mega Clefable ex,119,Special Art Rare,53.23,52,38,40,66,35,
399,Perfect Order,2026-03-27,2026-04-05,2026-10-05,4,2026-04-28,31917,877536,POR-119,Mega Clefable ex,119,Special Art Rare,53.23,52,42,40,55,38,
399,Perfect Order,2026-03-27,2026-04-05,2026-10-05,4,2026-04-29,31917,877536,POR-119,Mega Clefable ex,119,Special Art Rare,53.14,50,45,38,55,35,
399,Perfect Order,2026-03-27,2026-04-05,2026-10-05,4,2026-04-30,31917,877536,POR-119,Mega Clefable ex,119,Special Art Rare,52.3,47,42,38,55,35,
399,Perfect Order,2026-03-27,2026-04-05,2026-10-05,4,2026-05-01,31917,877536,POR-119,Mega Clefable ex,119,Special Art Rare,52.03,47,45,38,54.99,35,
399,Perfect Order,2026-03-27,2026-04-05,2026-10-05,4,2026-05-02,31917,877536,POR-119,Mega Clefable ex,119,Special Art Rare,52.13,47,42,42,54.99,34,
399,Perfect Order,2026-03-27,2026-04-05,2026-10-05,4,2026-05-03,31917,877536,POR-119,Mega Clefable ex,119,Special Art Rare,52.01,59.64,42,40,54.99,34,
399,Perfect Order,2026-03-27,2026-04-05,2026-10-05,4,2026-05-04,31917,877536,POR-119,Mega Clefable ex,119,Special Art Rare,52.03,52,48,39,54.99,34,
399,Perfect Order,2026-03-27,2026-04-05,2026-10-05,4,2026-05-05,31917,877536,POR-119,Mega Clefable ex,119,Special Art Rare,52.37,52,48,39,54.99,34,
399,Perfect Order,2026-03-27,2026-04-05,2026-10-05,4,2026-05-06,31917,877536,POR-119,Mega Clefable ex,119,Special Art Rare,52.55,52,48,39,54.99,34,
399,Perfect Order,2026-03-27,2026-04-05,2026-10-05,4,2026-05-07,31917,877536,POR-119,Mega Clefable ex,119,Special Art Rare,52.34,52,48,39,69,37.5,
399,Perfect Order,2026-03-27,2026-04-05,2026-10-05,4,2026-05-08,31917,877536,POR-119,Mega Clefable ex,119,Special Art Rare,52.54,52,47,39,69,35,
399,Perfect Order,2026-03-27,2026-04-05,2026-10-05,4,2026-05-09,31917,877536,POR-119,Mega Clefable ex,119,Special Art Rare,52.54,51.99,48,39,79.9,35,
399,Perfect Order,2026-03-27,2026-04-05,2026-10-05,4,2026-05-10,31917,877536,POR-119,Mega Clefable ex,119,Special Art Rare,52.85,51,48,39,79.9,37,
399,Perfect Order,2026-03-27,2026-04-05,2026-10-05,4,2026-05-12,31917,877536,POR-119,Mega Clefable ex,119,Special Art Rare,53.18,64.99,47.8,40,79.9,36,
399,Perfect Order,2026-03-27,2026-04-05,2026-10-05,4,2026-05-13,31917,877536,POR-119,Mega Clefable ex,119,Special Art Rare,53.16,50,40,39,68,36,
399,Perfect Order,2026-03-27,2026-04-05,2026-10-05,4,2026-05-14,31917,877536,POR-119,Mega Clefable ex,119,Special Art Rare,53.23,51,40,41.85,68,36,
399,Perfect Order,2026-03-27,2026-04-05,2026-10-05,4,2026-05-18,31917,877536,POR-119,Mega Clefable ex,119,Special Art Rare,53.41,51,48,39.5,80,35,
399,Perfect Order,2026-03-27,2026-04-05,2026-10-05,4,2026-05-19,31917,877536,POR-119,Mega Clefable ex,119,Special Art Rare,53.08,51,45,39.5,65,35,
399,Perfect Order,2026-03-27,2026-04-05,2026-10-05,4,2026-05-20,31917,877536,POR-119,Mega Clefable ex,119,Special Art Rare,53.09,51,48,39.5,65,35,
399,Perfect Order,2026-03-27,2026-04-05,2026-10-05,4,2026-05-21,31917,877536,POR-119,Mega Clefable ex,119,Special Art Rare,52.99,52,48,39.5,74,35,
399,Perfect Order,2026-03-27,2026-04-05,2026-10-05,4,2026-05-22,31917,877536,POR-119,Mega Clefable ex,119,Special Art Rare,53.29,51,48,39.5,65,35,
399,Perfect Order,2026-03-27,2026-04-05,2026-10-05,4,2026-05-23,31917,877536,POR-119,Mega Clefable ex,119,Special Art Rare,53.4,51,48,39.5,68,37.5,
399,Perfect Order,2026-03-27,2026-04-05,2026-10-05,4,2026-05-24,31917,877536,POR-119,Mega Clefable ex,119,Special Art Rare,53.47,51,48,39.5,63,35,
399,Perfect Order,2026-03-27,2026-04-05,2026-10-05,4,2026-05-25,31917,877536,POR-119,Mega Clefable ex,119,Special Art Rare,53.32,52,48,39.5,63,37,
399,Perfect Order,2026-03-27,2026-04-05,2026-10-05,4,2026-05-26,31917,877536,POR-119,Mega Clefable ex,119,Special Art Rare,53.11,59.72,50,39.5,63,37,
399,Perfect Order,2026-03-27,2026-04-05,2026-10-05,4,2026-05-27,31917,877536,POR-119,Mega Clefable ex,119,Special Art Rare,53.41,52,50,39.5,75,37.5,
399,Perfect Order,2026-03-27,2026-04-05,2026-10-05,4,2026-05-28,31917,877536,POR-119,Mega Clefable ex,119,Special Art Rare,53.22,52,49.95,39.5,63,37,
399,Perfect Order,2026-03-27,2026-04-05,2026-10-05,4,2026-05-29,31917,877536,POR-119,Mega Clefable ex,119,Special Art Rare,53.2,65,49.95,39.5,63,37,
399,Perfect Order,2026-03-27,2026-04-05,2026-10-05,4,2026-05-30,31917,877536,POR-119,Mega Clefable ex,119,Special Art Rare,53.98,52,50,39.5,63,37,
399,Perfect Order,2026-03-27,2026-04-05,2026-10-05,4,2026-05-31,31917,877536,POR-119,Mega Clefable ex,119,Special Art Rare,54.11,60,49.95,39.5,63,37.5,
399,Perfect Order,2026-03-27,2026-04-05,2026-10-05,4,2026-06-01,31917,877536,POR-119,Mega Clefable ex,119,Special Art Rare,54.21,65,47,39.5,59.99,37.5,
399,Perfect Order,2026-03-27,2026-04-05,2026-10-05,4,2026-06-02,31917,877536,POR-119,Mega Clefable ex,119,Special Art Rare,54.53,52,45,39.5,59.99,37.5,
399,Perfect Order,2026-03-27,2026-04-05,2026-10-05,4,2026-06-03,31917,877536,POR-119,Mega Clefable ex,119,Special Art Rare,55.02,65,45.5,39.5,59.99,37.5,
399,Perfect Order,2026-03-27,2026-04-05,2026-10-05,4,2026-06-04,31917,877536,POR-119,Mega Clefable ex,119,Special Art Rare,55.12,65,46.5,39.99,62,39.5,
399,Perfect Order,2026-03-27,2026-04-05,2026-10-05,4,2026-06-05,31917,877536,POR-119,Mega Clefable ex,119,Special Art Rare,54.34,52,44,39.99,63,39.5,
399,Perfect Order,2026-03-27,2026-04-05,2026-10-05,4,2026-06-06,31917,877536,POR-119,Mega Clefable ex,119,Special Art Rare,54.64,52,46,39.99,62,39.5,
399,Perfect Order,2026-03-27,2026-04-05,2026-10-05,4,2026-06-07,31917,877536,POR-119,Mega Clefable ex,119,Special Art Rare,54.43,65,44,39.99,62,39.5,
399,Perfect Order,2026-03-27,2026-04-05,2026-10-05,4,2026-06-08,31917,877536,POR-119,Mega Clefable ex,119,Special Art Rare,54.68,65,40,39.99,59.9,39.5,
399,Perfect Order,2026-03-27,2026-04-05,2026-10-05,4,2026-06-09,31917,877536,POR-119,Mega Clefable ex,119,Special Art Rare,54.17,65,40,39.99,61.5,39.5,
399,Perfect Order,2026-03-27,2026-04-05,2026-10-05,4,2026-06-10,31917,877536,POR-119,Mega Clefable ex,119,Special Art Rare,54.05,64,43.99,39.99,61.5,39.5,
399,Perfect Order,2026-03-27,2026-04-05,2026-10-05,4,2026-06-11,31917,877536,POR-119,Mega Clefable ex,119,Special Art Rare,54.04,64,43.99,39.99,62,39.5,
399,Perfect Order,2026-03-27,2026-04-05,2026-10-05,4,2026-06-12,31917,877536,POR-119,Mega Clefable ex,119,Special Art Rare,54.2,66.86,44,39.99,62,39.5,
399,Perfect Order,2026-03-27,2026-04-05,2026-10-05,4,2026-06-13,31917,877536,POR-119,Mega Clefable ex,119,Special Art Rare,54.3,66.86,44,39.99,61.99,39,
399,Perfect Order,2026-03-27,2026-04-05,2026-10-05,4,2026-06-14,31917,877536,POR-119,Mega Clefable ex,119,Special Art Rare,54.14,66.86,44.99,39.99,60,39,
399,Perfect Order,2026-03-27,2026-04-05,2026-10-05,4,2026-06-15,31917,877536,POR-119,Mega Clefable ex,119,Special Art Rare,54.46,64.48,43,39.99,60,39,
399,Perfect Order,2026-03-27,2026-04-05,2026-10-05,4,2026-06-16,31917,877536,POR-119,Mega Clefable ex,119,Special Art Rare,54.75,64.37,44.99,39.99,62,43.88,
399,Perfect Order,2026-03-27,2026-04-05,2026-10-05,4,2026-06-17,31917,877536,POR-119,Mega Clefable ex,119,Special Art Rare,54.38,64,49,39,62,40,
399,Perfect Order,2026-03-27,2026-04-05,2026-10-05,4,2026-06-18,31917,877536,POR-119,Mega Clefable ex,119,Special Art Rare,54.56,64,44.8,39,62,39,
399,Perfect Order,2026-03-27,2026-04-05,2026-10-05,4,2026-06-19,31917,877536,POR-119,Mega Clefable ex,119,Special Art Rare,54.61,60,44.8,39,62,38,
399,Perfect Order,2026-03-27,2026-04-05,2026-10-05,4,2026-06-20,31917,877536,POR-119,Mega Clefable ex,119,Special Art Rare,54.43,60,44.5,39,62,38,
399,Perfect Order,2026-03-27,2026-04-05,2026-10-05,4,2026-06-21,31917,877536,POR-119,Mega Clefable ex,119,Special Art Rare,54.23,60,44,39,62,43,
399,Perfect Order,2026-03-27,2026-04-05,2026-10-05,4,2026-06-22,31917,877536,POR-119,Mega Clefable ex,119,Special Art Rare,54.1,60,43,39,62.5,38,
399,Perfect Order,2026-03-27,2026-04-05,2026-10-05,4,2026-06-23,31917,877536,POR-119,Mega Clefable ex,119,Special Art Rare,53.98,60,43,39,62,38,
399,Perfect Order,2026-03-27,2026-04-05,2026-10-05,4,2026-06-24,31917,877536,POR-119,Mega Clefable ex,119,Special Art Rare,53.8,60,43,38.95,62,40,
399,Perfect Order,2026-03-27,2026-04-05,2026-10-05,4,2026-06-25,31917,877536,POR-119,Mega Clefable ex,119,Special Art Rare,53.92,55,40,38.9,62,38,
399,Perfect Order,2026-03-27,2026-04-05,2026-10-05,4,2026-06-26,31917,877536,POR-119,Mega Clefable ex,119,Special Art Rare,53.93,58.99,43,38.9,62,38,
399,Perfect Order,2026-03-27,2026-04-05,2026-10-05,4,2026-06-27,31917,877536,POR-119,Mega Clefable ex,119,Special Art Rare,54.43,55,42.5,38.5,62,38,
399,Perfect Order,2026-03-27,2026-04-05,2026-10-05,4,2026-06-28,31917,877536,POR-119,Mega Clefable ex,119,Special Art Rare,54.54,55,42.49,38.5,62,38,
399,Perfect Order,2026-03-27,2026-04-05,2026-10-05,4,2026-06-29,31917,877536,POR-119,Mega Clefable ex,119,Special Art Rare,54.22,55,42,38.5,62.5,38,
399,Perfect Order,2026-03-27,2026-04-05,2026-10-05,4,2026-06-30,31917,877536,POR-119,Mega Clefable ex,119,Special Art Rare,54.38,55,42,38.5,62.5,38,
399,Perfect Order,2026-03-27,2026-04-05,2026-10-05,4,2026-07-01,31917,877536,POR-119,Mega Clefable ex,119,Special Art Rare,53.76,55,42,38.5,62.5,38,
399,Perfect Order,2026-03-27,2026-04-05,2026-10-05,4,2026-07-02,31917,877536,POR-119,Mega Clefable ex,119,Special Art Rare,54.09,58.99,42,38.5,64,38,
399,Perfect Order,2026-03-27,2026-04-05,2026-10-05,4,2026-07-03,31917,877536,POR-119,Mega Clefable ex,119,Special Art Rare,53.99,55,40.9,38.5,64,38,
399,Perfect Order,2026-03-27,2026-04-05,2026-10-05,4,2026-07-06,31917,877536,POR-119,Mega Clefable ex,119,Special Art Rare,53.42,55,42,38.5,64,38,
399,Perfect Order,2026-03-27,2026-04-05,2026-10-05,4,2026-07-07,31917,877536,POR-119,Mega Clefable ex,119,Special Art Rare,53.59,55,41.5,38.5,64,34.99,
399,Perfect Order,2026-03-27,2026-04-05,2026-10-05,4,2026-07-08,31917,877536,POR-119,Mega Clefable ex,119,Special Art Rare,52.93,55,41.5,38.5,64,34.99,
399,Perfect Order,2026-03-27,2026-04-05,2026-10-05,4,2026-07-09,31917,877536,POR-119,Mega Clefable ex,119,Special Art Rare,53.09,55,40,38.5,64,34.99,
399,Perfect Order,2026-03-27,2026-04-05,2026-10-05,4,2026-07-10,31917,877536,POR-119,Mega Clefable ex,119,Special Art Rare,53.32,55,41.5,38.5,60,34.99,
399,Perfect Order,2026-03-27,2026-04-05,2026-10-05,4,2026-07-13,31917,877536,POR-119,Mega Clefable ex,119,Special Art Rare,52.83,55,40,37,60,34.99,
399,Perfect Order,2026-03-27,2026-04-05,2026-10-05,4,2026-07-14,31917,877536,POR-119,Mega Clefable ex,119,Special Art Rare,53.52,55,39,37,60,34.99,
399,Perfect Order,2026-03-27,2026-04-05,2026-10-05,4,2026-07-18,31917,877536,POR-119,Mega Clefable ex,119,Special Art Rare,52.22,58.33,39,36.7,60,34.99,51.91
399,Perfect Order,2026-03-27,2026-04-05,2026-10-05,4,2026-07-19,31917,877536,POR-119,Mega Clefable ex,119,Special Art Rare,52.22,58.33,39,36.7,60,34.99,51.91
399,Perfect Order,2026-03-27,2026-04-05,2026-10-05,4,2026-07-20,31917,877536,POR-119,Mega Clefable ex,119,Special Art Rare,52.22,58.33,39,36.7,60,34.99,52.59
399,Perfect Order,2026-03-27,2026-04-05,2026-10-05,4,2026-07-21,31917,877536,POR-119,Mega Clefable ex,119,Special Art Rare,52.37,58.33,36.5,38,60,34,52.59
399,Perfect Order,2026-03-27,2026-04-05,2026-10-05,4,2026-07-22,31917,877536,POR-119,Mega Clefable ex,119,Special Art Rare,52.62,56.6,36.5,38,60,34,51.31
399,Perfect Order,2026-03-27,2026-04-05,2026-10-05,4,2026-07-23,31917,877536,POR-119,Mega Clefable ex,119,Special Art Rare,52.37,56.6,36.5,38,60,34,51.31
399,Perfect Order,2026-03-27,2026-04-05,2026-10-05,4,2026-07-24,31917,877536,POR-119,Mega Clefable ex,119,Special Art Rare,52.27,39.49,36.5,37.89,58,34,51.31
399,Perfect Order,2026-03-27,2026-04-05,2026-10-05,4,2026-07-25,31917,877536,POR-119,Mega Clefable ex,119,Special Art Rare,52.27,39.49,36.5,37.89,58,34,52.21
399,Perfect Order,2026-03-27,2026-04-05,2026-10-05,4,2026-07-26,31917,877536,POR-119,Mega Clefable ex,119,Special Art Rare,52.27,39.49,36.5,37.89,58,34,52.21
399,Perfect Order,2026-03-27,2026-04-05,2026-10-05,4,2026-07-27,31917,877536,POR-119,Mega Clefable ex,119,Special Art Rare,51.16,39.49,35,38,58,34,50.4
399,Perfect Order,2026-03-27,2026-04-05,2026-10-05,4,2026-07-28,31917,877536,POR-119,Mega Clefable ex,119,Special Art Rare,51.16,39.49,35,38,58,34,50.4
399,Perfect Order,2026-03-27,2026-04-05,2026-10-05,4,2026-07-29,31917,877536,POR-119,Mega Clefable ex,119,Special Art Rare,51.02,39.49,36.99,34,58,33.5,50.67
399,Perfect Order,2026-03-27,2026-04-05,2026-10-05,4,2026-07-30,31917,877536,POR-119,Mega Clefable ex,119,Special Art Rare,51.02,39.49,36.99,34,58,34,50.67
399,Perfect Order,2026-03-27,2026-04-05,2026-10-05,4,2026-07-31,31917,877536,POR-119,Mega Clefable ex,119,Special Art Rare,51.02,39.49,36.99,34,58,34,50.03
399,Perfect Order,2026-03-27,2026-04-05,2026-10-05,4,2026-08-01,31917,877536,POR-119,Mega Clefable ex,119,Special Art Rare,50.45,39.49,36.75,34,64.9,33,50.03
399,Perfect Order,2026-03-27,2026-04-05,2026-10-05,4,2026-08-03,31917,877536,POR-119,Mega Clefable ex,119,Special Art Rare,50.45,39.49,36.75,34,64.9,33,49.3
399,Perfect Order,2026-03-27,2026-04-05,2026-10-05,4,2026-08-04,31917,877536,POR-119,Mega Clefable ex,119,Special Art Rare,49.83,39.49,36.25,37,64.9,32.99,49.3
399,Perfect Order,2026-03-27,2026-04-05,2026-10-05,4,2026-08-05,31917,877536,POR-119,Mega Clefable ex,119,Special Art Rare,49.83,39.49,36.25,37,64.9,32.99,50.49
399,Perfect Order,2026-03-27,2026-04-05,2026-10-05,4,2026-08-06,31917,877536,POR-119,Mega Clefable ex,119,Special Art Rare,49.79,50,37,38,64.9,32,50.49
399,Perfect Order,2026-03-27,2026-04-05,2026-10-05,4,2026-08-10,31917,877536,POR-119,Mega Clefable ex,119,Special Art Rare,49.13,50,36,32,64.9,32.99,48.74
399,Perfect Order,2026-03-27,2026-04-05,2026-10-05,4,2026-08-11,31917,877536,POR-119,Mega Clefable ex,119,Special Art Rare,48.93,48,36,32,64.9,32.99,48.74
399,Perfect Order,2026-03-27,2026-04-05,2026-10-05,4,2026-08-12,31917,877536,POR-119,Mega Clefable ex,119,Special Art Rare,49.13,48,36,32,62,32.99,49.19
399,Perfect Order,2026-03-27,2026-04-05,2026-10-05,4,2026-08-13,31917,877536,POR-119,Mega Clefable ex,119,Special Art Rare,48.23,48,36.99,32,62,33.8,49.19
399,Perfect Order,2026-03-27,2026-04-05,2026-10-05,4,2026-08-14,31917,877536,POR-119,Mega Clefable ex,119,Special Art Rare,47.49,48,33,32,62,33.5,49.19
399,Perfect Order,2026-03-27,2026-04-05,2026-10-05,4,2026-08-15,31917,877536,POR-119,Mega Clefable ex,119,Special Art Rare,47.25,48,35,32,62,33.5,44.99
399,Perfect Order,2026-03-27,2026-04-05,2026-10-05,4,2026-08-16,31917,877536,POR-119,Mega Clefable ex,119,Special Art Rare,47.01,48,35,32,60,33.5,44.99
399,Perfect Order,2026-03-27,2026-04-05,2026-10-05,4,2026-08-17,31917,877536,POR-119,Mega Clefable ex,119,Special Art Rare,47.25,48,35,32,60,33.5,44.62
399,Perfect Order,2026-03-27,2026-04-05,2026-10-05,4,2026-08-18,31917,877536,POR-119,Mega Clefable ex,119,Special Art Rare,46.92,48,34.45,32,60,33.8,44.62
399,Perfect Order,2026-03-27,2026-04-05,2026-10-05,4,2026-08-19,31917,877536,POR-119,Mega Clefable ex,119,Special Art Rare,46.72,36.13,34.45,32,50,33.8,44.03
399,Perfect Order,2026-03-27,2026-04-05,2026-10-05,4,2026-08-20,31917,877536,POR-119,Mega Clefable ex,119,Special Art Rare,46.29,36.13,33,32,50,33.49,44.03
399,Perfect Order,2026-03-27,2026-04-05,2026-10-05,4,2026-08-21,31917,877536,POR-119,Mega Clefable ex,119,Special Art Rare,45.84,45,33,32,50,33.49,44.64
399,Perfect Order,2026-03-27,2026-04-05,2026-10-05,4,2026-08-22,31917,877536,POR-119,Mega Clefable ex,119,Special Art Rare,45.87,45,33,32,50,33.49,44.64
399,Perfect Order,2026-03-27,2026-04-05,2026-10-05,4,2026-08-23,31917,877536,POR-119,Mega Clefable ex,119,Special Art Rare,45.72,45,34,32,50,33.49,44.64
399,Perfect Order,2026-03-27,2026-04-05,2026-10-05,4,2026-08-24,31917,877536,POR-119,Mega Clefable ex,119,Special Art Rare,45.72,45,34,32,50,33.49,44.38
399,Perfect Order,2026-03-27,2026-04-05,2026-10-05,4,2026-08-25,31917,877536,POR-119,Mega Clefable ex,119,Special Art Rare,45.72,45,34,32,50,33.49,44.38
399,Perfect Order,2026-03-27,2026-04-05,2026-10-05,4,2026-08-27,31917,877536,POR-119,Mega Clefable ex,119,Special Art Rare,46.51,45,32.99,32,50,33.4,42.81
399,Perfect Order,2026-03-27,2026-04-05,2026-10-05,4,2026-08-29,31917,877536,POR-119,Mega Clefable ex,119,Special Art Rare,46.51,45,32.99,32,50,33.4,42.99
399,Perfect Order,2026-03-27,2026-04-05,2026-10-05,4,2026-08-30,31917,877536,POR-119,Mega Clefable ex,119,Special Art Rare,45.07,51.49,34,32,50,32.5,42.99
399,Perfect Order,2026-03-27,2026-04-05,2026-10-05,4,2026-08-31,31917,877536,POR-119,Mega Clefable ex,119,Special Art Rare,44.82,51.49,34,32,50,32.5,42.99
399,Perfect Order,2026-03-27,2026-04-05,2026-10-05,4,2026-09-01,31917,877536,POR-119,Mega Clefable ex,119,Special Art Rare,44.82,51.49,34,32,50,32.5,43.95
399,Perfect Order,2026-03-27,2026-04-05,2026-10-05,4,2026-09-02,31917,877536,POR-119,Mega Clefable ex,119,Special Art Rare,44.06,45,32,32,50,32.5,43.95
399,Perfect Order,2026-03-27,2026-04-05,2026-10-05,4,2026-09-03,31917,877536,POR-119,Mega Clefable ex,119,Special Art Rare,44.2,49,32,32,50,32.5,43.95
399,Perfect Order,2026-03-27,2026-04-05,2026-10-05,4,2026-09-04,31917,877536,POR-119,Mega Clefable ex,119,Special Art Rare,44.2,49,32,32,50,32.5,43.85
399,Perfect Order,2026-03-27,2026-04-05,2026-10-05,4,2026-09-05,31917,877536,POR-119,Mega Clefable ex,119,Special Art Rare,44.44,42,35,32,55,32.5,43.85
399,Perfect Order,2026-03-27,2026-04-05,2026-10-05,4,2026-09-11,31917,877536,POR-119,Mega Clefable ex,119,Special Art Rare,42.98,40,35,32,50,31.5,43.85
399,Perfect Order,2026-03-27,2026-04-05,2026-10-05,4,2026-09-15,31917,877536,POR-119,Mega Clefable ex,119,Special Art Rare,42.98,40,35,32,50,31.5,42.97
399,Perfect Order,2026-03-27,2026-04-05,2026-10-05,4,2026-09-16,31917,877536,POR-119,Mega Clefable ex,119,Special Art Rare,43.58,42,32.94,32,50,31.5,42.85
399,Perfect Order,2026-03-27,2026-04-05,2026-10-05,4,2026-09-17,31917,877536,POR-119,Mega Clefable ex,119,Special Art Rare,43.58,42,32.94,32,50,31.5,42.85
399,Perfect Order,2026-03-27,2026-04-05,2026-10-05,4,2026-09-18,31917,877536,POR-119,Mega Clefable ex,119,Special Art Rare,43.47,42,31,32,50,31.5,42.85
399,Perfect Order,2026-03-27,2026-04-05,2026-10-05,4,2026-09-19,31917,877536,POR-119,Mega Clefable ex,119,Special Art Rare,44.47,42,31,32,59.98,31.5,43.06
399,Perfect Order,2026-03-27,2026-04-05,2026-10-05,4,2026-09-20,31917,877536,POR-119,Mega Clefable ex,119,Special Art Rare,43.47,42,31.99,29,59.98,31,43.06
399,Perfect Order,2026-03-27,2026-04-05,2026-10-05,4,2026-09-21,31917,877536,POR-119,Mega Clefable ex,119,Special Art Rare,44.43,42,31.99,29,55,28,43.61
399,Perfect Order,2026-03-27,2026-04-05,2026-10-05,4,2026-09-22,31917,877536,POR-119,Mega Clefable ex,119,Special Art Rare,44.43,42,31.99,29,55,28,43.61
399,Perfect Order,2026-03-27,2026-04-05,2026-10-05,4,2026-09-23,31917,877536,POR-119,Mega Clefable ex,119,Special Art Rare,44.13,42,32,27,55,28,41.15
399,Perfect Order,2026-03-27,2026-04-05,2026-10-05,4,2026-09-24,31917,877536,POR-119,Mega Clefable ex,119,Special Art Rare,44.16,42,32,27,53,28,41.15
399,Perfect Order,2026-03-27,2026-04-05,2026-10-05,4,2026-09-25,31917,877536,POR-119,Mega Clefable ex,119,Special Art Rare,44.52,42,32,27,53,31,41.15
399,Perfect Order,2026-03-27,2026-04-05,2026-10-05,4,2026-09-26,31917,877536,POR-119,Mega Clefable ex,119,Special Art Rare,44.52,41.98,32,27,53,28.9,41.15
399,Perfect Order,2026-03-27,2026-04-05,2026-10-05,4,2026-09-29,31917,877536,POR-119,Mega Clefable ex,119,Special Art Rare,42.87,41.98,30,27,53,28.9,41.15
399,Perfect Order,2026-03-27,2026-04-05,2026-10-05,4,2026-09-30,31917,877536,POR-119,Mega Clefable ex,119,Special Art Rare,42.93,41.98,32,30,53,28.9,41.15
399,Perfect Order,2026-03-27,2026-04-05,2026-10-05,4,2026-10-01,31917,877536,POR-119,Mega Clefable ex,119,Special Art Rare,42.87,41.98,31.5,27,53,28,41.15
399,Perfect Order,2026-03-27,2026-04-05,2026-10-05,4,2026-10-02,31917,877536,POR-119,Mega Clefable ex,119,Special Art Rare,43.01,41.98,31.31,27,59.5,28,41.15
399,Perfect Order,2026-03-27,2026-04-05,2026-10-05,4,2026-10-03,31917,877536,POR-119,Mega Clefable ex,119,Special Art Rare,43.21,41.98,31.5,30,59.5,28,41.15
399,Perfect Order,2026-03-27,2026-04-05,2026-10-05,5,2026-04-05,31916,877535,POR-118,Mega Starmie ex,118,Special Art Rare,60.91,69.52,40,60,57,48,
399,Perfect Order,2026-03-27,2026-04-05,2026-10-05,5,2026-04-06,31916,877535,POR-118,Mega Starmie ex,118,Special Art Rare,60.45,69.53,39.8,49.99,62,48,
399,Perfect Order,2026-03-27,2026-04-05,2026-10-05,5,2026-04-07,31916,877535,POR-118,Mega Starmie ex,118,Special Art Rare,59.61,55.2,44.99,49.99,59.5,48,
399,Perfect Order,2026-03-27,2026-04-05,2026-10-05,5,2026-04-08,31916,877535,POR-118,Mega Starmie ex,118,Special Art Rare,59.67,55.2,42.99,49.99,57,48,
399,Perfect Order,2026-03-27,2026-04-05,2026-10-05,5,2026-04-09,31916,877535,POR-118,Mega Starmie ex,118,Special Art Rare,58.12,55.2,42.99,49.99,64.99,59.9,
399,Perfect Order,2026-03-27,2026-04-05,2026-10-05,5,2026-04-10,31916,877535,POR-118,Mega Starmie ex,118,Special Art Rare,57.28,50,42.99,43.5,56,48,
399,Perfect Order,2026-03-27,2026-04-05,2026-10-05,5,2026-04-11,31916,877535,POR-118,Mega Starmie ex,118,Special Art Rare,57.01,50,38,43.5,57,49.99,
399,Perfect Order,2026-03-27,2026-04-05,2026-10-05,5,2026-04-12,31916,877535,POR-118,Mega Starmie ex,118,Special Art Rare,56.83,55.2,42.99,40.99,57,47.99,
399,Perfect Order,2026-03-27,2026-04-05,2026-10-05,5,2026-04-13,31916,877535,POR-118,Mega Starmie ex,118,Special Art Rare,56.71,55.2,42.99,40.99,55,46,
399,Perfect Order,2026-03-27,2026-04-05,2026-10-05,5,2026-04-14,31916,877535,POR-118,Mega Starmie ex,118,Special Art Rare,56.57,44.8,35,40.99,55,45.99,
399,Perfect Order,2026-03-27,2026-04-05,2026-10-05,5,2026-04-15,31916,877535,POR-118,Mega Starmie ex,118,Special Art Rare,56.13,44.8,41,40.99,57,45.99,
399,Perfect Order,2026-03-27,2026-04-05,2026-10-05,5,2026-04-16,31916,877535,POR-118,Mega Starmie ex,118,Special Art Rare,55.78,62.16,41,40.99,50,50,
399,Perfect Order,2026-03-27,2026-04-05,2026-10-05,5,2026-04-17,31916,877535,POR-118,Mega Starmie ex,118,Special Art Rare,55.37,60,39.99,39,50,44.99,
399,Perfect Order,2026-03-27,2026-04-05,2026-10-05,5,2026-04-18,31916,877535,POR-118,Mega Starmie ex,118,Special Art Rare,55.65,60,39.99,40.99,53,44.99,
399,Perfect Order,2026-03-27,2026-04-05,2026-10-05,5,2026-04-19,31916,877535,POR-118,Mega Starmie ex,118,Special Art Rare,55.55,60,44.5,40,50,40,
399,Perfect Order,2026-03-27,2026-04-05,2026-10-05,5,2026-04-20,31916,877535,POR-118,Mega Starmie ex,118,Special Art Rare,55.48,62.06,40,40,50,42,
399,Perfect Order,2026-03-27,2026-04-05,2026-10-05,5,2026-04-21,31916,877535,POR-118,Mega Starmie ex,118,Special Art Rare,1.23,60,40,40,50,39.99,
399,Perfect Order,2026-03-27,2026-04-05,2026-10-05,5,2026-04-22,31916,877535,POR-118,Mega Starmie ex,118,Special Art Rare,55.34,60,39,39.95,45,42,
399,Perfect Order,2026-03-27,2026-04-05,2026-10-05,5,2026-04-23,31916,877535,POR-118,Mega Starmie ex,118,Special Art Rare,54.7,55.2,39,42,50,39.99,
399,Perfect Order,2026-03-27,2026-04-05,2026-10-05,5,2026-04-24,31916,877535,POR-118,Mega Starmie ex,118,Special Art Rare,53.94,64,40,37,49.89,39.99,
399,Perfect Order,2026-03-27,2026-04-05,2026-10-05,5,2026-04-25,31916,877535,POR-118,Mega Starmie ex,118,Special Art Rare,53.94,64,39,37,45,50,
399,Perfect Order,2026-03-27,2026-04-05,2026-10-05,5,2026-04-26,31916,877535,POR-118,Mega Starmie ex,118,Special Art Rare,53.76,64,35,37,45,43,
399,Perfect Order,2026-03-27,2026-04-05,2026-10-05,5,2026-04-27,31916,877535,POR-118,Mega Starmie ex,118,Special Art Rare,53.2,60,35,37,48,47,
399,Perfect Order,2026-03-27,2026-04-05,2026-10-05,5,2026-04-28,31916,877535,POR-118,Mega Starmie ex,118,Special Art Rare,52.58,60,38,34.96,49.89,40,
399,Perfect Order,2026-03-27,2026-04-05,2026-10-05,5,2026-04-29,31916,877535,POR-118,Mega Starmie ex,118,Special Art Rare,52.3,65,38,35,45,40,
399,Perfect Order,2026-03-27,2026-04-05,2026-10-05,5,2026-04-30,31916,877535,POR-118,Mega Starmie ex,118,Special Art Rare,51.66,60,38,35,43,40,
399,Perfect Order,2026-03-27,2026-04-05,2026-10-05,5,2026-05-01,31916,877535,POR-118,Mega Starmie ex,118,Special Art Rare,50.71,60,39.98,34.9,43,43.99,
399,Perfect Order,2026-03-27,2026-04-05,2026-10-05,5,2026-05-02,31916,877535,POR-118,Mega Starmie ex,118,Special Art Rare,2.18,60,37.87,34.9,55,40,
399,Perfect Order,2026-03-27,2026-04-05,2026-10-05,5,2026-05-03,31916,877535,POR-118,Mega Starmie ex,118,Special Art Rare,50.07,59.64,39.99,34.9,55,40,
399,Perfect Order,2026-03-27,2026-04-05,2026-10-05,5,2026-05-04,31916,877535,POR-118,Mega Starmie ex,118,Special Art Rare,49.9,59.64,40,34.9,55,43,
399,Perfect Order,2026-03-27,2026-04-05,2026-10-05,5,2026-05-05,31916,877535,POR-118,Mega Starmie ex,118,Special Art Rare,49.62,59.61,40,37,55,40,
399,Perfect Order,2026-03-27,2026-04-05,2026-10-05,5,2026-05-06,31916,877535,POR-118,Mega Starmie ex,118,Special Art Rare,50.06,59.61,42,37,55,40,
399,Perfect Order,2026-03-27,2026-04-05,2026-10-05,5,2026-05-07,31916,877535,POR-118,Mega Starmie ex,118,Special Art Rare,49.71,59.61,41.95,37,55,40,
399,Perfect Order,2026-03-27,2026-04-05,2026-10-05,5,2026-05-09,31916,877535,POR-118,Mega Starmie ex,118,Special Art Rare,49.88,55,40,39.95,59,43.99,
399,Perfect Order,2026-03-27,2026-04-05,2026-10-05,5,2026-05-10,31916,877535,POR-118,Mega Starmie ex,118,Special Art Rare,50.1,55,42,37,59,44,
399,Perfect Order,2026-03-27,2026-04-05,2026-10-05,5,2026-05-12,31916,877535,POR-118,Mega Starmie ex,118,Special Art Rare,50,65,42,36,59,37,
399,Perfect Order,2026-03-27,2026-04-05,2026-10-05,5,2026-05-13,31916,877535,POR-118,Mega Starmie ex,118,Special Art Rare,49.97,65,42,36,59,43.99,
399,Perfect Order,2026-03-27,2026-04-05,2026-10-05,5,2026-05-14,31916,877535,POR-118,Mega Starmie ex,118,Special Art Rare,49.91,65,42,37,59.99,43.55,
399,Perfect Order,2026-03-27,2026-04-05,2026-10-05,5,2026-05-15,31916,877535,POR-118,Mega Starmie ex,118,Special Art Rare,49.82,60,41.5,37,59.99,43.99,
399,Perfect Order,2026-03-27,2026-04-05,2026-10-05,5,2026-05-18,31916,877535,POR-118,Mega Starmie ex,118,Special Art Rare,49.65,60,39.5,37,59,43.99,
399,Perfect Order,2026-03-27,2026-04-05,2026-10-05,5,2026-05-19,31916,877535,POR-118,Mega Starmie ex,118,Special Art Rare,49.39,60,39,39.9,59,44,
399,Perfect Order,2026-03-27,2026-04-05,2026-10-05,5,2026-05-20,31916,877535,POR-118,Mega Starmie ex,118,Special Art Rare,49.4,60,39,43,58,44.62,
399,Perfect Order,2026-03-27,2026-04-05,2026-10-05,5,2026-05-21,31916,877535,POR-118,Mega Starmie ex,118,Special Art Rare,49.51,43,42,37,58,43.99,
399,Perfect Order,2026-03-27,2026-04-05,2026-10-05,5,2026-05-22,31916,877535,POR-118,Mega Starmie ex,118,Special Art Rare,49.36,43,42,37,58,44,
399,Perfect Order,2026-03-27,2026-04-05,2026-10-05,5,2026-05-23,31916,877535,POR-118,Mega Starmie ex,118,Special Art Rare,49.51,60,42,35,57.9,43.99,
399,Perfect Order,2026-03-27,2026-04-05,2026-10-05,5,2026-05-24,31916,877535,POR-118,Mega Starmie ex,118,Special Art Rare,49.63,59.6,42,35,57.9,43.99,
399,Perfect Order,2026-03-27,2026-04-05,2026-10-05,5,2026-05-25,31916,877535,POR-118,Mega Starmie ex,118,Special Art Rare,49.3,60,40,35,57.9,43.99,
399,Perfect Order,2026-03-27,2026-04-05,2026-10-05,5,2026-05-26,31916,877535,POR-118,Mega Starmie ex,118,Special Art Rare,49.34,60,39,35,58.95,40,
399,Perfect Order,2026-03-27,2026-04-05,2026-10-05,5,2026-05-27,31916,877535,POR-118,Mega Starmie ex,118,Special Art Rare,49.65,60,38,35,55,40,
399,Perfect Order,2026-03-27,2026-04-05,2026-10-05,5,2026-05-28,31916,877535,POR-118,Mega Starmie ex,118,Special Art Rare,49.96,60,36,31,58.95,40,
399,Perfect Order,2026-03-27,2026-04-05,2026-10-05,5,2026-05-29,31916,877535,POR-118,Mega Starmie ex,118,Special Art Rare,50.09,60,39.99,31,58.9,38,
399,Perfect Order,2026-03-27,2026-04-05,2026-10-05,5,2026-05-30,31916,877535,POR-118,Mega Starmie ex,118,Special Art Rare,50.23,59,39.99,31,58.9,38,
399,Perfect Order,2026-03-27,2026-04-05,2026-10-05,5,2026-05-31,31916,877535,POR-118,Mega Starmie ex,118,Special Art Rare,50.33,59,39.99,35,58.9,38,
399,Perfect Order,2026-03-27,2026-04-05,2026-10-05,5,2026-06-01,31916,877535,POR-118,Mega Starmie ex,118,Special Art Rare,50.46,58.95,39.99,37,59,38,
399,Perfect Order,2026-03-27,2026-04-05,2026-10-05,5,2026-06-02,31916,877535,POR-118,Mega Starmie ex,118,Special Art Rare,50.64,58.95,39.99,35,59.9,38,
399,Perfect Order,2026-03-27,2026-04-05,2026-10-05,5,2026-06-03,31916,877535,POR-118,Mega Starmie ex,118,Special Art Rare,50.52,58.95,39.99,35,60,38,
399,Perfect Order,2026-03-27,2026-04-05,2026-10-05,5,2026-06-04,31916,877535,POR-118,Mega Starmie ex,118,Special Art Rare,50.66,58.95,41,37,60,44,
399,Perfect Order,2026-03-27,2026-04-05,2026-10-05,5,2026-06-05,31916,877535,POR-118,Mega Starmie ex,118,Special Art Rare,50.12,57,41.5,37,60,40,
399,Perfect Order,2026-03-27,2026-04-05,2026-10-05,5,2026-06-06,31916,877535,POR-118,Mega Starmie ex,118,Special Art Rare,50.55,57,40,37,59.99,39.99,
399,Perfect Order,2026-03-27,2026-04-05,2026-10-05,5,2026-06-07,31916,877535,POR-118,Mega Starmie ex,118,Special Art Rare,50.24,58.95,41.98,37,59.99,44,
399,Perfect Order,2026-03-27,2026-04-05,2026-10-05,5,2026-06-08,31916,877535,POR-118,Mega Starmie ex,118,Special Art Rare,50.38,52,40,37,59.99,40,
399,Perfect Order,2026-03-27,2026-04-05,2026-10-05,5,2026-06-09,31916,877535,POR-118,Mega Starmie ex,118,Special Art Rare,50.29,49.99,41,37,59.99,40,
399,Perfect Order,2026-03-27,2026-04-05,2026-10-05,5,2026-06-10,31916,877535,POR-118,Mega Starmie ex,118,Special Art Rare,50.66,59.9,41,37,59.99,40,
399,Perfect Order,2026-03-27,2026-04-05,2026-10-05,5,2026-06-11,31916,877535,POR-118,Mega Starmie ex,118,Special Art Rare,50.32,59.95,41,35,59.99,40,
399,Perfect Order,2026-03-27,2026-04-05,2026-10-05,5,2026-06-12,31916,877535,POR-118,Mega Starmie ex,118,Special Art Rare,50.27,59,41,35,59.99,40,
399,Perfect Order,2026-03-27,2026-04-05,2026-10-05,5,2026-06-13,31916,877535,POR-118,Mega Starmie ex,118,Special Art Rare,50.42,59,40,35,59.99,39.9,
399,Perfect Order,2026-03-27,2026-04-05,2026-10-05,5,2026-06-14,31916,877535,POR-118,Mega Starmie ex,118,Special Art Rare,50.58,59,41,35,59.99,39.9,
399,Perfect Order,2026-03-27,2026-04-05,2026-10-05,5,2026-06-15,31916,877535,POR-118,Mega Starmie ex,118,Special Art Rare,50.97,53.74,41,35,60,39.9,
399,Perfect Order,2026-03-27,2026-04-05,2026-10-05,5,2026-06-16,31916,877535,POR-118,Mega Starmie ex,118,Special Art Rare,50.95,53.64,39.9,35,60,40,
399,Perfect Order,2026-03-27,2026-04-05,2026-10-05,5,2026-06-17,31916,877535,POR-118,Mega Starmie ex,118,Special Art Rare,51.01,53.6,40,35,59,40,
399,Perfect Order,2026-03-27,2026-04-05,2026-10-05,5,2026-06-18,31916,877535,POR-118,Mega Starmie ex,118,Special Art Rare,51.41,53.59,37,35,59,40,
399,Perfect Order,2026-03-27,2026-04-05,2026-10-05,5,2026-06-19,31916,877535,POR-118,Mega Starmie ex,118,Special Art Rare,51.64,53.41,39,35,59,40,
399,Perfect Order,2026-03-27,2026-04-05,2026-10-05,5,2026-06-20,31916,877535,POR-118,Mega Starmie ex,118,Special Art Rare,51.48,50,39.99,34,61,40,
399,Perfect Order,2026-03-27,2026-04-05,2026-10-05,5,2026-06-21,31916,877535,POR-118,Mega Starmie ex,118,Special Art Rare,51.51,50,39,34,61,39.99,
399,Perfect Order,2026-03-27,2026-04-05,2026-10-05,5,2026-06-22,31916,877535,POR-118,Mega Starmie ex,118,Special Art Rare,51.27,53.44,39,35,60,38.9,
399,Perfect Order,2026-03-27,2026-04-05,2026-10-05,5,2026-06-23,31916,877535,POR-118,Mega Starmie ex,118,Special Art Rare,50.79,50,39,35,60,38.9,
399,Perfect Order,2026-03-27,2026-04-05,2026-10-05,5,2026-06-24,31916,877535,POR-118,Mega Starmie ex,118,Special Art Rare,50.91,52,39,35.95,60,30,
399,Perfect Order,2026-03-27,2026-04-05,2026-10-05,5,2026-06-25,31916,877535,POR-118,Mega Starmie ex,118,Special Art Rare,51.2,52,36.5,35.95,60,30,
399,Perfect Order,2026-03-27,2026-04-05,2026-10-05,5,2026-06-26,31916,877535,POR-118,Mega Starmie ex,118,Special Art Rare,50.83,50.21,36.5,35,59.9,30,
399,Perfect Order,2026-03-27,2026-04-05,2026-10-05,5,2026-06-27,31916,877535,POR-118,Mega Starmie ex,118,Special Art Rare,51.31,55,36.5,35,59.9,29,
399,Perfect Order,2026-03-27,2026-04-05,2026-10-05,5,2026-06-28,31916,877535,POR-118,Mega Starmie ex,118,Special Art Rare,51.07,55,36.5,37,59.9,29,
399,Perfect Order,2026-03-27,2026-04-05,2026-10-05,5,2026-06-29,31916,877535,POR-118,Mega Starmie ex,118,Special Art Rare,51.14,54,34.48,35.95,59.9,29,
399,Perfect Order,2026-03-27,2026-04-05,2026-10-05,5,2026-06-30,31916,877535,POR-118,Mega Starmie ex,118,Special Art Rare,51.47,53.79,32,35.95,59.9,30,
399,Perfect Order,2026-03-27,2026-04-05,2026-10-05,5,2026-07-01,31916,877535,POR-118,Mega Starmie ex,118,Special Art Rare,51.46,53.81,32,39.9,59.89,30,
399,Perfect Order,2026-03-27,2026-04-05,2026-10-05,5,2026-07-02,31916,877535,POR-118,Mega Starmie ex,118,Special Art Rare,51.3,54.1,32,35.95,59.9,30,
399,Perfect Order,2026-03-27,2026-04-05,2026-10-05,5,2026-07-03,31916,877535,POR-118,Mega Starmie ex,118,Special Art Rare,51.4,54,32,35.95,59.9,30,
399,Perfect Order,2026-03-27,2026-04-05,2026-10-05,5,2026-07-06,31916,877535,POR-118,Mega Starmie ex,118,Special Art Rare,51.71,54,34.99,35.95,59.9,40,
399,Perfect Order,2026-03-27,2026-04-05,2026-10-05,5,2026-07-07,31916,877535,POR-118,Mega Starmie ex,118,Special Art Rare,51.67,50,34.99,35,55,30,
399,Perfect Order,2026-03-27,2026-04-05,2026-10-05,5,2026-07-08,31916,877535,POR-118,Mega Starmie ex,118,Special Art Rare,51.13,50,34,35.95,55,29.99,
399,Perfect Order,2026-03-27,2026-04-05,2026-10-05,5,2026-07-09,31916,877535,POR-118,Mega Starmie ex,118,Special Art Rare,50.86,49.95,33,35,55,29.99,
399,Perfect Order,2026-03-27,2026-04-05,2026-10-05,5,2026-07-10,31916,877535,POR-118,Mega Starmie ex,118,Special Art Rare,50.33,49.95,34.99,35,55,29.99,
399,Perfect Order,2026-03-27,2026-04-05,2026-10-05,5,2026-07-11,31916,877535,POR-118,Mega Starmie ex,118,Special Art Rare,50.45,49.95,34.99,35,49.99,29.99,
399,Perfect Order,2026-03-27,2026-04-05,2026-10-05,5,2026-07-13,31916,877535,POR-118,Mega Starmie ex,118,Special Art Rare,50.17,49.95,33,35,49.99,28,
399,Perfect Order,2026-03-27,2026-04-05,2026-10-05,5,2026-07-14,31916,877535,POR-118,Mega Starmie ex,118,Special Art Rare,35.89,49.95,33,35,49.99,28,
399,Perfect Order,2026-03-27,2026-04-05,2026-10-05,5,2026-07-18,31916,877535,POR-118,Mega Starmie ex,118,Special Art Rare,46.9,48,33,37,49.99,27,42.83
399,Perfect Order,2026-03-27,2026-04-05,2026-10-05,5,2026-07-19,31916,877535,POR-118,Mega Starmie ex,118,Special Art Rare,46.9,48,33,37,49.99,27,42.83
399,Perfect Order,2026-03-27,2026-04-05,2026-10-05,5,2026-07-20,31916,877535,POR-118,Mega Starmie ex,118,Special Art Rare,46.9,48,33,37,49.99,27,42.35
399,Perfect Order,2026-03-27,2026-04-05,2026-10-05,5,2026-07-21,31916,877535,POR-118,Mega Starmie ex,118,Special Art Rare,46.29,48,30,35,49.99,28,42.35
399,Perfect Order,2026-03-27,2026-04-05,2026-10-05,5,2026-07-22,31916,877535,POR-118,Mega Starmie ex,118,Special Art Rare,46.61,48,30,35,49.99,28,43.55
399,Perfect Order,2026-03-27,2026-04-05,2026-10-05,5,2026-07-23,31916,877535,POR-118,Mega Starmie ex,118,Special Art Rare,46.58,45.95,30,35,49,28,43.55
399,Perfect Order,2026-03-27,2026-04-05,2026-10-05,5,2026-07-24,31916,877535,POR-118,Mega Starmie ex,118,Special Art Rare,46.42,45.95,33,32,49,28,43.55
399,Perfect Order,2026-03-27,2026-04-05,2026-10-05,5,2026-07-25,31916,877535,POR-118,Mega Starmie ex,118,Special Art Rare,46.09,45.95,30,32,49,28,42.32
399,Perfect Order,2026-03-27,2026-04-05,2026-10-05,5,2026-07-26,31916,877535,POR-118,Mega Starmie ex,118,Special Art Rare,46.09,45.95,30,32,49,28,42.32
399,Perfect Order,2026-03-27,2026-04-05,2026-10-05,5,2026-07-27,31916,877535,POR-118,Mega Starmie ex,118,Special Art Rare,44.85,45.95,33,32,49,25,40.58
399,Perfect Order,2026-03-27,2026-04-05,2026-10-05,5,2026-07-28,31916,877535,POR-118,Mega Starmie ex,118,Special Art Rare,44.85,45.95,33,32,49,25,40.58
399,Perfect Order,2026-03-27,2026-04-05,2026-10-05,5,2026-07-29,31916,877535,POR-118,Mega Starmie ex,118,Special Art Rare,44.29,47,29,32,49,25,38.33
399,Perfect Order,2026-03-27,2026-04-05,2026-10-05,5,2026-07-30,31916,877535,POR-118,Mega Starmie ex,118,Special Art Rare,44.29,47,29,32,49,25,38.33
399,Perfect Order,2026-03-27,2026-04-05,2026-10-05,5,2026-07-31,31916,877535,POR-118,Mega Starmie ex,118,Special Art Rare,44.29,47,29,32,49,25,38.15
399,Perfect Order,2026-03-27,2026-04-05,2026-10-05,5,2026-08-01,31916,877535,POR-118,Mega Starmie ex,118,Special Art Rare,42.91,47,30,32,49,24.5,38.15
399,Perfect Order,2026-03-27,2026-04-05,2026-10-05,5,2026-08-03,31916,877535,POR-118,Mega Starmie ex,118,Special Art Rare,41.81,47,30,35,49,24.5,37.5
399,Perfect Order,2026-03-27,2026-04-05,2026-10-05,5,2026-08-04,31916,877535,POR-118,Mega Starmie ex,118,Special Art Rare,41.28,44,30,34.95,49,24.5,37.5
399,Perfect Order,2026-03-27,2026-04-05,2026-10-05,5,2026-08-05,31916,877535,POR-118,Mega Starmie ex,118,Special Art Rare,41.5,44,30,34.95,45,25,37.27
399,Perfect Order,2026-03-27,2026-04-05,2026-10-05,5,2026-08-06,31916,877535,POR-118,Mega Starmie ex,118,Special Art Rare,41.58,44,30,34.95,45,24.5,37.27
399,Perfect Order,2026-03-27,2026-04-05,2026-10-05,5,2026-08-07,31916,877535,POR-118,Mega Starmie ex,118,Special Art Rare,41.74,40,30,33,45,24.5,37.27
399,Perfect Order,2026-03-27,2026-04-05,2026-10-05,5,2026-08-10,31916,877535,POR-118,Mega Starmie ex,118,Special Art Rare,41.55,40,30,33,45,25,36.04
399,Perfect Order,2026-03-27,2026-04-05,2026-10-05,5,2026-08-11,31916,877535,POR-118,Mega Starmie ex,118,Special Art Rare,41.38,40,31.9,33,45,25,36.04
399,Perfect Order,2026-03-27,2026-04-05,2026-10-05,5,2026-08-12,31916,877535,POR-118,Mega Starmie ex,118,Special Art Rare,40.96,40,20,33,45,25,36.43
399,Perfect Order,2026-03-27,2026-04-05,2026-10-05,5,2026-08-13,31916,877535,POR-118,Mega Starmie ex,118,Special Art Rare,40.63,40,31.8,32,45,25,36.43
399,Perfect Order,2026-03-27,2026-04-05,2026-10-05,5,2026-08-14,31916,877535,POR-118,Mega Starmie ex,118,Special Art Rare,40.68,40,31.8,32,45,25,36.43
399,Perfect Order,2026-03-27,2026-04-05,2026-10-05,5,2026-08-15,31916,877535,POR-118,Mega Starmie ex,118,Special Art Rare,40.47,40,31.79,32,45,25,35.15
399,Perfect Order,2026-03-27,2026-04-05,2026-10-05,5,2026-08-16,31916,877535,POR-118,Mega Starmie ex,118,Special Art Rare,40.37,40,31.79,32,45,25,35.15
399,Perfect Order,2026-03-27,2026-04-05,2026-10-05,5,2026-08-17,31916,877535,POR-118,Mega Starmie ex,118,Special Art Rare,40.47,40,31.79,32,45,25,34.97
399,Perfect Order,2026-03-27,2026-04-05,2026-10-05,5,2026-08-18,31916,877535,POR-118,Mega Starmie ex,118,Special Art Rare,40.15,40,31.8,34,45,25,34.97
399,Perfect Order,2026-03-27,2026-04-05,2026-10-05,5,2026-08-19,31916,877535,POR-118,Mega Starmie ex,118,Special Art Rare,39.71,30.11,31.8,34,45,25,34.92
399,Perfect Order,2026-03-27,2026-04-05,2026-10-05,5,2026-08-20,31916,877535,POR-118,Mega Starmie ex,118,Special Art Rare,39.67,30.11,29,34,45,25,34.92
399,Perfect Order,2026-03-27,2026-04-05,2026-10-05,5,2026-08-21,31916,877535,POR-118,Mega Starmie ex,118,Special Art Rare,39.67,30.11,29,34,45,25,35.34
399,Perfect Order,2026-03-27,2026-04-05,2026-10-05,5,2026-08-22,31916,877535,POR-118,Mega Starmie ex,118,Special Art Rare,39.65,39,29,34,45,24,35.34
399,Perfect Order,2026-03-27,2026-04-05,2026-10-05,5,2026-08-23,31916,877535,POR-118,Mega Starmie ex,118,Special Art Rare,39.4,39.99,29,34,45,24,35.34
399,Perfect Order,2026-03-27,2026-04-05,2026-10-05,5,2026-08-24,31916,877535,POR-118,Mega Starmie ex,118,Special Art Rare,39.65,39.99,29,34,45,24,35.67
399,Perfect Order,2026-03-27,2026-04-05,2026-10-05,5,2026-08-25,31916,877535,POR-118,Mega Starmie ex,118,Special Art Rare,39.1,39.99,29.7,34,45,25,35.67
399,Perfect Order,2026-03-27,2026-04-05,2026-10-05,5,2026-08-27,31916,877535,POR-118,Mega Starmie ex,118,Special Art Rare,39.69,40,29.7,34,45,25,36.32
399,Perfect Order,2026-03-27,2026-04-05,2026-10-05,5,2026-08-29,31916,877535,POR-118,Mega Starmie ex,118,Special Art Rare,39.47,40,29,34,45,25,36.79
399,Perfect Order,2026-03-27,2026-04-05,2026-10-05,5,2026-08-30,31916,877535,POR-118,Mega Starmie ex,118,Special Art Rare,39.22,45,29,34,51.99,25,36.79
399,Perfect Order,2026-03-27,2026-04-05,2026-10-05,5,2026-08-31,31916,877535,POR-118,Mega Starmie ex,118,Special Art Rare,39.05,40,29.8,35,45,25,36.79
399,Perfect Order,2026-03-27,2026-04-05,2026-10-05,5,2026-09-01,31916,877535,POR-118,Mega Starmie ex,118,Special Art Rare,39.01,45,29.8,35,45,25,35.64
399,Perfect Order,2026-03-27,2026-04-05,2026-10-05,5,2026-09-02,31916,877535,POR-118,Mega Starmie ex,118,Special Art Rare,39.12,45,29.8,34,45,25,35.64
399,Perfect Order,2026-03-27,2026-04-05,2026-10-05,5,2026-09-03,31916,877535,POR-118,Mega Starmie ex,118,Special Art Rare,39.14,45,29.95,33.98,45,25,35.64
399,Perfect Order,2026-03-27,2026-04-05,2026-10-05,5,2026-09-04,31916,877535,POR-118,Mega Starmie ex,118,Special Art Rare,39.14,45,29.95,33.98,45,25,35.36
399,Perfect Order,2026-03-27,2026-04-05,2026-10-05,5,2026-09-05,31916,877535,POR-118,Mega Starmie ex,118,Special Art Rare,38.41,45,29.95,33.98,45,25,35.36
399,Perfect Order,2026-03-27,2026-04-05,2026-10-05,5,2026-09-10,31916,877535,POR-118,Mega Starmie ex,118,Special Art Rare,37.79,45,27.99,34,35,24.99,35.36
399,Perfect Order,2026-03-27,2026-04-05,2026-10-05,5,2026-09-13,31916,877535,POR-118,Mega Starmie ex,118,Special Art Rare,38.01,40,27.99,33,35,24.9,35.36
399,Perfect Order,2026-03-27,2026-04-05,2026-10-05,5,2026-09-15,31916,877535,POR-118,Mega Starmie ex,118,Special Art Rare,37.92,40,27.99,33,46,24.99,34.81
399,Perfect Order,2026-03-27,2026-04-05,2026-10-05,5,2026-09-16,31916,877535,POR-118,Mega Starmie ex,118,Special Art Rare,37.92,40,27.99,33,46,24.99,34.5
399,Perfect Order,2026-03-27,2026-04-05,2026-10-05,5,2026-09-17,31916,877535,POR-118,Mega Starmie ex,118,Special Art Rare,37.92,40,27.99,33,46,24.99,34.5
399,Perfect Order,2026-03-27,2026-04-05,2026-10-05,5,2026-09-18,31916,877535,POR-118,Mega Starmie ex,118,Special Art Rare,38.26,40,27.99,33,51,24.99,34.5
399,Perfect Order,2026-03-27,2026-04-05,2026-10-05,5,2026-09-19,31916,877535,POR-118,Mega Starmie ex,118,Special Art Rare,38.24,40,28,33,51,24.99,34.56
399,Perfect Order,2026-03-27,2026-04-05,2026-10-05,5,2026-09-20,31916,877535,POR-118,Mega Starmie ex,118,Special Art Rare,37.88,38,27.99,33,51,24.99,34.56
399,Perfect Order,2026-03-27,2026-04-05,2026-10-05,5,2026-09-21,31916,877535,POR-118,Mega Starmie ex,118,Special Art Rare,37.41,39.99,25.99,34.99,50,24.99,34.57
399,Perfect Order,2026-03-27,2026-04-05,2026-10-05,5,2026-09-22,31916,877535,POR-118,Mega Starmie ex,118,Special Art Rare,37.25,39.99,25.99,33,50,24.99,34.57
399,Perfect Order,2026-03-27,2026-04-05,2026-10-05,5,2026-09-23,31916,877535,POR-118,Mega Starmie ex,118,Special Art Rare,37.13,39.99,25,30,49.99,24.99,32.18
399,Perfect Order,2026-03-27,2026-04-05,2026-10-05,5,2026-09-24,31916,877535,POR-118,Mega Starmie ex,118,Special Art Rare,37.4,39.99,24.5,30,49.6,24.99,32.18
399,Perfect Order,2026-03-27,2026-04-05,2026-10-05,5,2026-09-25,31916,877535,POR-118,Mega Starmie ex,118,Special Art Rare,37.75,39.99,24.5,30,49.6,25,32.18
399,Perfect Order,2026-03-27,2026-04-05,2026-10-05,5,2026-09-26,31916,877535,POR-118,Mega Starmie ex,118,Special Art Rare,37.33,39.99,25.99,33,49.6,25,32.18
399,Perfect Order,2026-03-27,2026-04-05,2026-10-05,5,2026-09-29,31916,877535,POR-118,Mega Starmie ex,118,Special Art Rare,37.1,39.99,25.99,33,49.6,25,32.18
399,Perfect Order,2026-03-27,2026-04-05,2026-10-05,5,2026-09-30,31916,877535,POR-118,Mega Starmie ex,118,Special Art Rare,37.03,35,25.99,33,49.6,26,32.18
399,Perfect Order,2026-03-27,2026-04-05,2026-10-05,5,2026-10-01,31916,877535,POR-118,Mega Starmie ex,118,Special Art Rare,37.22,39.99,25.99,33,48,25,32.18
399,Perfect Order,2026-03-27,2026-04-05,2026-10-05,5,2026-10-02,31916,877535,POR-118,Mega Starmie ex,118,Special Art Rare,37.25,39.98,25.99,33,49.6,25,32.18
399,Perfect Order,2026-03-27,2026-04-05,2026-10-05,5,2026-10-03,31916,877535,POR-118,Mega Starmie ex,118,Special Art Rare,37.25,39.98,25.99,33,49.6,25,32.18
399,Perfect Order,2026-03-27,2026-04-05,2026-10-05,5,2026-10-04,31916,877535,POR-118,Mega Starmie ex,118,Special Art Rare,36.82,39.98,25.99,33,49.59,25,32.18
399,Perfect Order,2026-03-27,2026-04-05,2026-10-05,6,2026-04-05,31921,877540,POR-123,Rosa's Encouragement,123,Special Art Rare,62.71,57.82,42.99,68,50,60,
399,Perfect Order,2026-03-27,2026-04-05,2026-10-05,6,2026-04-06,31921,877540,POR-123,Rosa's Encouragement,123,Special Art Rare,61.51,57.83,42.99,69,56,64,
399,Perfect Order,2026-03-27,2026-04-05,2026-10-05,6,2026-04-07,31921,877540,POR-123,Rosa's Encouragement,123,Special Art Rare,60.84,59.06,45,69,57.99,60,
399,Perfect Order,2026-03-27,2026-04-05,2026-10-05,6,2026-04-08,31921,877540,POR-123,Rosa's Encouragement,123,Special Art Rare,60.85,59.07,45,69,57.99,60,
399,Perfect Order,2026-03-27,2026-04-05,2026-10-05,6,2026-04-09,31921,877540,POR-123,Rosa's Encouragement,123,Special Art Rare,59.88,59.16,42,67,56,59.99,
399,Perfect Order,2026-03-27,2026-04-05,2026-10-05,6,2026-04-10,31921,877540,POR-123,Rosa's Encouragement,123,Special Art Rare,59.61,59.14,42.99,60,56,59,
399,Perfect Order,2026-03-27,2026-04-05,2026-10-05,6,2026-04-11,31921,877540,POR-123,Rosa's Encouragement,123,Special Art Rare,58.98,59.12,42.99,63,65,59,
399,Perfect Order,2026-03-27,2026-04-05,2026-10-05,6,2026-04-12,31921,877540,POR-123,Rosa's Encouragement,123,Special Art Rare,58.83,59.12,42.99,62,58,60,
399,Perfect Order,2026-03-27,2026-04-05,2026-10-05,6,2026-04-13,31921,877540,POR-123,Rosa's Encouragement,123,Special Art Rare,58.47,59.04,49.97,62,57,60,
399,Perfect Order,2026-03-27,2026-04-05,2026-10-05,6,2026-04-14,31921,877540,POR-123,Rosa's Encouragement,123,Special Art Rare,58.71,57.38,49.97,58,57,60,
399,Perfect Order,2026-03-27,2026-04-05,2026-10-05,6,2026-04-15,31921,877540,POR-123,Rosa's Encouragement,123,Special Art Rare,58.31,59.26,44,58,59.5,59,
399,Perfect Order,2026-03-27,2026-04-05,2026-10-05,6,2026-04-16,31921,877540,POR-123,Rosa's Encouragement,123,Special Art Rare,58.43,56.84,49.47,58,60,50,
399,Perfect Order,2026-03-27,2026-04-05,2026-10-05,6,2026-04-17,31921,877540,POR-123,Rosa's Encouragement,123,Special Art Rare,58.48,56.76,45,58,59.99,42.5,
399,Perfect Order,2026-03-27,2026-04-05,2026-10-05,6,2026-04-18,31921,877540,POR-123,Rosa's Encouragement,123,Special Art Rare,58.57,59.19,49,58,54,50,
399,Perfect Order,2026-03-27,2026-04-05,2026-10-05,6,2026-04-19,31921,877540,POR-123,Rosa's Encouragement,123,Special Art Rare,58.29,56.82,49.99,60,55,49,
399,Perfect Order,2026-03-27,2026-04-05,2026-10-05,6,2026-04-20,31921,877540,POR-123,Rosa's Encouragement,123,Special Art Rare,58.31,59.12,49.45,59,52,50,
399,Perfect Order,2026-03-27,2026-04-05,2026-10-05,6,2026-04-21,31921,877540,POR-123,Rosa's Encouragement,123,Special Art Rare,58.46,58,49.45,59,50,50,
399,Perfect Order,2026-03-27,2026-04-05,2026-10-05,6,2026-04-22,31921,877540,POR-123,Rosa's Encouragement,123,Special Art Rare,58.07,57.5,48,59,53,50,
399,Perfect Order,2026-03-27,2026-04-05,2026-10-05,6,2026-04-23,31921,877540,POR-123,Rosa's Encouragement,123,Special Art Rare,57.9,57.5,46.99,57,53,50,
399,Perfect Order,2026-03-27,2026-04-05,2026-10-05,6,2026-04-24,31921,877540,POR-123,Rosa's Encouragement,123,Special Art Rare,57.78,57.5,49.49,57,53,50,
399,Perfect Order,2026-03-27,2026-04-05,2026-10-05,6,2026-04-25,31921,877540,POR-123,Rosa's Encouragement,123,Special Art Rare,57.6,58,49,57,49,50,
399,Perfect Order,2026-03-27,2026-04-05,2026-10-05,6,2026-04-26,31921,877540,POR-123,Rosa's Encouragement,123,Special Art Rare,57.61,58,49,57,49,50,
399,Perfect Order,2026-03-27,2026-04-05,2026-10-05,6,2026-04-27,31921,877540,POR-123,Rosa's Encouragement,123,Special Art Rare,57.07,58,48.99,57,49.5,50,
399,Perfect Order,2026-03-27,2026-04-05,2026-10-05,6,2026-04-28,31921,877540,POR-123,Rosa's Encouragement,123,Special Art Rare,56.69,58,49,55,49.5,50,
399,Perfect Order,2026-03-27,2026-04-05,2026-10-05,6,2026-04-29,31921,877540,POR-123,Rosa's Encouragement,123,Special Art Rare,56.9,58,45,53,49.5,50,
399,Perfect Order,2026-03-27,2026-04-05,2026-10-05,6,2026-04-30,31921,877540,POR-123,Rosa's Encouragement,123,Special Art Rare,56.62,58,45,57,69.99,50,
399,Perfect Order,2026-03-27,2026-04-05,2026-10-05,6,2026-05-01,31921,877540,POR-123,Rosa's Encouragement,123,Special Art Rare,56.27,60,47,57,45,50,
399,Perfect Order,2026-03-27,2026-04-05,2026-10-05,6,2026-05-02,31921,877540,POR-123,Rosa's Encouragement,123,Special Art Rare,56.46,60,47.99,57,45,50,
399,Perfect Order,2026-03-27,2026-04-05,2026-10-05,6,2026-05-03,31921,877540,POR-123,Rosa's Encouragement,123,Special Art Rare,56.36,60,47.99,57,45,50,
399,Perfect Order,2026-03-27,2026-04-05,2026-10-05,6,2026-05-04,31921,877540,POR-123,Rosa's Encouragement,123,Special Art Rare,56.31,60,45,55,45,50,
399,Perfect Order,2026-03-27,2026-04-05,2026-10-05,6,2026-05-05,31921,877540,POR-123,Rosa's Encouragement,123,Special Art Rare,55.92,60,45,55,45,50,
399,Perfect Order,2026-03-27,2026-04-05,2026-10-05,6,2026-05-06,31921,877540,POR-123,Rosa's Encouragement,123,Special Art Rare,56.42,60,45,60,45,50,
399,Perfect Order,2026-03-27,2026-04-05,2026-10-05,6,2026-05-07,31921,877540,POR-123,Rosa's Encouragement,123,Special Art Rare,56.52,57,45,54.9,39.99,49.99,
399,Perfect Order,2026-03-27,2026-04-05,2026-10-05,6,2026-05-09,31921,877540,POR-123,Rosa's Encouragement,123,Special Art Rare,56.6,57,45,51.9,40,49.99,
399,Perfect Order,2026-03-27,2026-04-05,2026-10-05,6,2026-05-10,31921,877540,POR-123,Rosa's Encouragement,123,Special Art Rare,56.48,59.55,40,53,45,49.99,
399,Perfect Order,2026-03-27,2026-04-05,2026-10-05,6,2026-05-11,31921,877540,POR-123,Rosa's Encouragement,123,Special Art Rare,56.61,59,49,53,45,49.99,
399,Perfect Order,2026-03-27,2026-04-05,2026-10-05,6,2026-05-12,31921,877540,POR-123,Rosa's Encouragement,123,Special Art Rare,56.73,59,47,53,45,50,
399,Perfect Order,2026-03-27,2026-04-05,2026-10-05,6,2026-05-13,31921,877540,POR-123,Rosa's Encouragement,123,Special Art Rare,56.83,59,48.5,53,45,49,
399,Perfect Order,2026-03-27,2026-04-05,2026-10-05,6,2026-05-14,31921,877540,POR-123,Rosa's Encouragement,123,Special Art Rare,56.48,59,49,53,49.49,49,
399,Perfect Order,2026-03-27,2026-04-05,2026-10-05,6,2026-05-18,31921,877540,POR-123,Rosa's Encouragement,123,Special Art Rare,56.48,59.02,48,53,45,47,
399,Perfect Order,2026-03-27,2026-04-05,2026-10-05,6,2026-05-19,31921,877540,POR-123,Rosa's Encouragement,123,Special Art Rare,56.72,60,48,53,58.98,47,
399,Perfect Order,2026-03-27,2026-04-05,2026-10-05,6,2026-05-21,31921,877540,POR-123,Rosa's Encouragement,123,Special Art Rare,56.42,65,49.5,53,57,49,
399,Perfect Order,2026-03-27,2026-04-05,2026-10-05,6,2026-05-22,31921,877540,POR-123,Rosa's Encouragement,123,Special Art Rare,56.27,65,49.95,53,55,47,
399,Perfect Order,2026-03-27,2026-04-05,2026-10-05,6,2026-05-23,31921,877540,POR-123,Rosa's Encouragement,123,Special Art Rare,56.23,59.99,49.5,53,50,49,
399,Perfect Order,2026-03-27,2026-04-05,2026-10-05,6,2026-05-24,31921,877540,POR-123,Rosa's Encouragement,123,Special Art Rare,56.27,60,49.9,53,57,47,
399,Perfect Order,2026-03-27,2026-04-05,2026-10-05,6,2026-05-25,31921,877540,POR-123,Rosa's Encouragement,123,Special Art Rare,56.45,60,48,53,57,47,
399,Perfect Order,2026-03-27,2026-04-05,2026-10-05,6,2026-05-26,31921,877540,POR-123,Rosa's Encouragement,123,Special Art Rare,56.31,60,49.9,53,56,47,
399,Perfect Order,2026-03-27,2026-04-05,2026-10-05,6,2026-05-27,31921,877540,POR-123,Rosa's Encouragement,123,Special Art Rare,56.4,60,49.9,53,55,47,
399,Perfect Order,2026-03-27,2026-04-05,2026-10-05,6,2026-05-28,31921,877540,POR-123,Rosa's Encouragement,123,Special Art Rare,56.48,60,47.95,59,51,47,
399,Perfect Order,2026-03-27,2026-04-05,2026-10-05,6,2026-05-29,31921,877540,POR-123,Rosa's Encouragement,123,Special Art Rare,56.32,62,50,55,55,47,
399,Perfect Order,2026-03-27,2026-04-05,2026-10-05,6,2026-05-30,31921,877540,POR-123,Rosa's Encouragement,123,Special Art Rare,56.19,60,50,55,55,47,
399,Perfect Order,2026-03-27,2026-04-05,2026-10-05,6,2026-05-31,31921,877540,POR-123,Rosa's Encouragement,123,Special Art Rare,56.45,60,50,55,55,47,
399,Perfect Order,2026-03-27,2026-04-05,2026-10-05,6,2026-06-01,31921,877540,POR-123,Rosa's Encouragement,123,Special Art Rare,56.46,60,47.99,55,55,47,
399,Perfect Order,2026-03-27,2026-04-05,2026-10-05,6,2026-06-02,31921,877540,POR-123,Rosa's Encouragement,123,Special Art Rare,56.62,60,45,55,55,47,
399,Perfect Order,2026-03-27,2026-04-05,2026-10-05,6,2026-06-03,31921,877540,POR-123,Rosa's Encouragement,123,Special Art Rare,56.84,60,50,55,55,47,
399,Perfect Order,2026-03-27,2026-04-05,2026-10-05,6,2026-06-04,31921,877540,POR-123,Rosa's Encouragement,123,Special Art Rare,56.78,60,47,55,55,47,
399,Perfect Order,2026-03-27,2026-04-05,2026-10-05,6,2026-06-05,31921,877540,POR-123,Rosa's Encouragement,123,Special Art Rare,56.65,60,48.99,55,55,47,
399,Perfect Order,2026-03-27,2026-04-05,2026-10-05,6,2026-06-06,31921,877540,POR-123,Rosa's Encouragement,123,Special Art Rare,56.77,60,50,55,55,47,
399,Perfect Order,2026-03-27,2026-04-05,2026-10-05,6,2026-06-07,31921,877540,POR-123,Rosa's Encouragement,123,Special Art Rare,57.09,60,47.98,50,55,47,
399,Perfect Order,2026-03-27,2026-04-05,2026-10-05,6,2026-06-08,31921,877540,POR-123,Rosa's Encouragement,123,Special Art Rare,57.29,60,47.99,50,49.9,44.99,
399,Perfect Order,2026-03-27,2026-04-05,2026-10-05,6,2026-06-09,31921,877540,POR-123,Rosa's Encouragement,123,Special Art Rare,57.39,60,48,50,55,44.98,
399,Perfect Order,2026-03-27,2026-04-05,2026-10-05,6,2026-06-10,31921,877540,POR-123,Rosa's Encouragement,123,Special Art Rare,57.77,60,48,50,49.9,44.98,
399,Perfect Order,2026-03-27,2026-04-05,2026-10-05,6,2026-06-11,31921,877540,POR-123,Rosa's Encouragement,123,Special Art Rare,57.42,60,49.99,50,49.9,44,
399,Perfect Order,2026-03-27,2026-04-05,2026-10-05,6,2026-06-12,31921,877540,POR-123,Rosa's Encouragement,123,Special Art Rare,57.47,60,49.79,50,49.9,44,
399,Perfect Order,2026-03-27,2026-04-05,2026-10-05,6,2026-06-13,31921,877540,POR-123,Rosa's Encouragement,123,Special Art Rare,57.6,60,48,50,54.5,43.9,
399,Perfect Order,2026-03-27,2026-04-05,2026-10-05,6,2026-06-14,31921,877540,POR-123,Rosa's Encouragement,123,Special Art Rare,57.55,59.9,48,55,54.98,43.9,
399,Perfect Order,2026-03-27,2026-04-05,2026-10-05,6,2026-06-15,31921,877540,POR-123,Rosa's Encouragement,123,Special Art Rare,57.67,65.58,48,50.01,54,43.9,
399,Perfect Order,2026-03-27,2026-04-05,2026-10-05,6,2026-06-16,31921,877540,POR-123,Rosa's Encouragement,123,Special Art Rare,57.98,60,43,50.01,54,43.9,
399,Perfect Order,2026-03-27,2026-04-05,2026-10-05,6,2026-06-17,31921,877540,POR-123,Rosa's Encouragement,123,Special Art Rare,57.51,41.69,45,50.01,53,42,
399,Perfect Order,2026-03-27,2026-04-05,2026-10-05,6,2026-06-18,31921,877540,POR-123,Rosa's Encouragement,123,Special Art Rare,57.88,61.92,45,55,52.5,42,
399,Perfect Order,2026-03-27,2026-04-05,2026-10-05,6,2026-06-19,31921,877540,POR-123,Rosa's Encouragement,123,Special Art Rare,57.88,61.71,45,55,50,41.9,
399,Perfect Order,2026-03-27,2026-04-05,2026-10-05,6,2026-06-20,31921,877540,POR-123,Rosa's Encouragement,123,Special Art Rare,57.97,61.77,45,52,50,41.9,
399,Perfect Order,2026-03-27,2026-04-05,2026-10-05,6,2026-06-21,31921,877540,POR-123,Rosa's Encouragement,123,Special Art Rare,57.83,61.77,46,52,54,41.9,
399,Perfect Order,2026-03-27,2026-04-05,2026-10-05,6,2026-06-22,31921,877540,POR-123,Rosa's Encouragement,123,Special Art Rare,57.93,65.26,46,49,50,41,
399,Perfect Order,2026-03-27,2026-04-05,2026-10-05,6,2026-06-23,31921,877540,POR-123,Rosa's Encouragement,123,Special Art Rare,58.01,65.58,47.4,49,50,40,
399,Perfect Order,2026-03-27,2026-04-05,2026-10-05,6,2026-06-24,31921,877540,POR-123,Rosa's Encouragement,123,Special Art Rare,57.55,65.58,47.5,49,50,40,
399,Perfect Order,2026-03-27,2026-04-05,2026-10-05,6,2026-06-25,31921,877540,POR-123,Rosa's Encouragement,123,Special Art Rare,57.22,63.65,46,49,50,40,
399,Perfect Order,2026-03-27,2026-04-05,2026-10-05,6,2026-06-26,31921,877540,POR-123,Rosa's Encouragement,123,Special Art Rare,56.94,63.65,48,49,50,40,
399,Perfect Order,2026-03-27,2026-04-05,2026-10-05,6,2026-06-27,31921,877540,POR-123,Rosa's Encouragement,123,Special Art Rare,56.98,63.62,48,49,50,40,
399,Perfect Order,2026-03-27,2026-04-05,2026-10-05,6,2026-06-28,31921,877540,POR-123,Rosa's Encouragement,123,Special Art Rare,57.31,63.62,48,49,52.99,40,
399,Perfect Order,2026-03-27,2026-04-05,2026-10-05,6,2026-06-29,31921,877540,POR-123,Rosa's Encouragement,123,Special Art Rare,57.36,63.62,45.99,52,52,40,
399,Perfect Order,2026-03-27,2026-04-05,2026-10-05,6,2026-06-30,31921,877540,POR-123,Rosa's Encouragement,123,Special Art Rare,57.45,65,48.99,49,52,40,
399,Perfect Order,2026-03-27,2026-04-05,2026-10-05,6,2026-07-01,31921,877540,POR-123,Rosa's Encouragement,123,Special Art Rare,57.34,65.7,48.99,49,52,40,
399,Perfect Order,2026-03-27,2026-04-05,2026-10-05,6,2026-07-02,31921,877540,POR-123,Rosa's Encouragement,123,Special Art Rare,57.38,65,48.86,49,44,40,
399,Perfect Order,2026-03-27,2026-04-05,2026-10-05,6,2026-07-03,31921,877540,POR-123,Rosa's Encouragement,123,Special Art Rare,57.51,65,48.99,49,44,40,
399,Perfect Order,2026-03-27,2026-04-05,2026-10-05,6,2026-07-06,31921,877540,POR-123,Rosa's Encouragement,123,Special Art Rare,56.97,65,48.99,47,44,34,
399,Perfect Order,2026-03-27,2026-04-05,2026-10-05,6,2026-07-07,31921,877540,POR-123,Rosa's Encouragement,123,Special Art Rare,57.07,60,48.99,45,51,34,
399,Perfect Order,2026-03-27,2026-04-05,2026-10-05,6,2026-07-08,31921,877540,POR-123,Rosa's Encouragement,123,Special Art Rare,56.41,60,46,45,51,34,
399,Perfect Order,2026-03-27,2026-04-05,2026-10-05,6,2026-07-09,31921,877540,POR-123,Rosa's Encouragement,123,Special Art Rare,56.21,60,46,45,51,34,
399,Perfect Order,2026-03-27,2026-04-05,2026-10-05,6,2026-07-10,31921,877540,POR-123,Rosa's Encouragement,123,Special Art Rare,56.51,60,48.99,44.5,50,34,
399,Perfect Order,2026-03-27,2026-04-05,2026-10-05,6,2026-07-11,31921,877540,POR-123,Rosa's Encouragement,123,Special Art Rare,56.26,60,47,44.5,50,34,
399,Perfect Order,2026-03-27,2026-04-05,2026-10-05,6,2026-07-13,31921,877540,POR-123,Rosa's Encouragement,123,Special Art Rare,56.86,60,46,44.5,50,33.99,
399,Perfect Order,2026-03-27,2026-04-05,2026-10-05,6,2026-07-14,31921,877540,POR-123,Rosa's Encouragement,123,Special Art Rare,56.43,60,45.98,43,50,33,
399,Perfect Order,2026-03-27,2026-04-05,2026-10-05,6,2026-07-18,31921,877540,POR-123,Rosa's Encouragement,123,Special Art Rare,55.29,60,48,39.99,50,33,51.54
399,Perfect Order,2026-03-27,2026-04-05,2026-10-05,6,2026-07-19,31921,877540,POR-123,Rosa's Encouragement,123,Special Art Rare,55.29,60,48,39.99,50,33,51.54
399,Perfect Order,2026-03-27,2026-04-05,2026-10-05,6,2026-07-20,31921,877540,POR-123,Rosa's Encouragement,123,Special Art Rare,55.29,60,48,39.99,50,33,46.32
399,Perfect Order,2026-03-27,2026-04-05,2026-10-05,6,2026-07-21,31921,877540,POR-123,Rosa's Encouragement,123,Special Art Rare,54.91,60,42.5,49.99,50,33,46.32
399,Perfect Order,2026-03-27,2026-04-05,2026-10-05,6,2026-07-22,31921,877540,POR-123,Rosa's Encouragement,123,Special Art Rare,55.42,58.99,42.5,49.99,50,33,47.71
399,Perfect Order,2026-03-27,2026-04-05,2026-10-05,6,2026-07-23,31921,877540,POR-123,Rosa's Encouragement,123,Special Art Rare,54.91,58.99,42.5,49.99,50,33,47.71
399,Perfect Order,2026-03-27,2026-04-05,2026-10-05,6,2026-07-24,31921,877540,POR-123,Rosa's Encouragement,123,Special Art Rare,55.66,58.99,42,37.5,50,33,47.71
399,Perfect Order,2026-03-27,2026-04-05,2026-10-05,6,2026-07-25,31921,877540,POR-123,Rosa's Encouragement,123,Special Art Rare,55.66,58.99,42,37.5,50,33,47.61
399,Perfect Order,2026-03-27,2026-04-05,2026-10-05,6,2026-07-26,31921,877540,POR-123,Rosa's Encouragement,123,Special Art Rare,55.66,58.99,42,37.5,50,33,47.61
399,Perfect Order,2026-03-27,2026-04-05,2026-10-05,6,2026-07-27,31921,877540,POR-123,Rosa's Encouragement,123,Special Art Rare,55.4,58.99,45,39.99,50,33,47.22
399,Perfect Order,2026-03-27,2026-04-05,2026-10-05,6,2026-07-28,31921,877540,POR-123,Rosa's Encouragement,123,Special Art Rare,55.4,58.99,45,39.99,50,33,47.22
399,Perfect Order,2026-03-27,2026-04-05,2026-10-05,6,2026-07-29,31921,877540,POR-123,Rosa's Encouragement,123,Special Art Rare,54.13,57,45.9,39.99,45,33,45.43
399,Perfect Order,2026-03-27,2026-04-05,2026-10-05,6,2026-07-30,31921,877540,POR-123,Rosa's Encouragement,123,Special Art Rare,54.13,57,45.9,39.99,40,33,45.43
399,Perfect Order,2026-03-27,2026-04-05,2026-10-05,6,2026-07-31,31921,877540,POR-123,Rosa's Encouragement,123,Special Art Rare,54.13,57,45.9,39.99,40,33,45.08
399,Perfect Order,2026-03-27,2026-04-05,2026-10-05,6,2026-08-01,31921,877540,POR-123,Rosa's Encouragement,123,Special Art Rare,52.85,57,45,39.99,40,33,45.08
399,Perfect Order,2026-03-27,2026-04-05,2026-10-05,6,2026-08-03,31921,877540,POR-123,Rosa's Encouragement,123,Special Art Rare,52.41,57,45.87,39.99,40,33,46.42
399,Perfect Order,2026-03-27,2026-04-05,2026-10-05,6,2026-08-04,31921,877540,POR-123,Rosa's Encouragement,123,Special Art Rare,52.26,57,45.76,39.99,40,33,46.42
399,Perfect Order,2026-03-27,2026-04-05,2026-10-05,6,2026-08-05,31921,877540,POR-123,Rosa's Encouragement,123,Special Art Rare,52.26,57,45.8,39.99,40,33,46.98
399,Perfect Order,2026-03-27,2026-04-05,2026-10-05,6,2026-08-07,31921,877540,POR-123,Rosa's Encouragement,123,Special Art Rare,51.97,57,44.99,39.99,42,33,46.98
399,Perfect Order,2026-03-27,2026-04-05,2026-10-05,6,2026-08-10,31921,877540,POR-123,Rosa's Encouragement,123,Special Art Rare,51.68,55,43,39.99,48.99,39.94,46.66
399,Perfect Order,2026-03-27,2026-04-05,2026-10-05,6,2026-08-11,31921,877540,POR-123,Rosa's Encouragement,123,Special Art Rare,51.63,50,43,39.99,47,39.94,46.66
399,Perfect Order,2026-03-27,2026-04-05,2026-10-05,6,2026-08-12,31921,877540,POR-123,Rosa's Encouragement,123,Special Art Rare,51.51,59.94,44,39.99,47,39.89,45.6
399,Perfect Order,2026-03-27,2026-04-05,2026-10-05,6,2026-08-13,31921,877540,POR-123,Rosa's Encouragement,123,Special Art Rare,51.38,59.94,41.5,39.99,48.99,39.89,45.6
399,Perfect Order,2026-03-27,2026-04-05,2026-10-05,6,2026-08-14,31921,877540,POR-123,Rosa's Encouragement,123,Special Art Rare,51.38,55,41.5,39.99,48.99,39.89,45.6
399,Perfect Order,2026-03-27,2026-04-05,2026-10-05,6,2026-08-15,31921,877540,POR-123,Rosa's Encouragement,123,Special Art Rare,51.38,55,41.5,39.99,48.99,39.89,44.87
399,Perfect Order,2026-03-27,2026-04-05,2026-10-05,6,2026-08-16,31921,877540,POR-123,Rosa's Encouragement,123,Special Art Rare,51.28,55,44,39.99,48.99,39.94,44.87
399,Perfect Order,2026-03-27,2026-04-05,2026-10-05,6,2026-08-17,31921,877540,POR-123,Rosa's Encouragement,123,Special Art Rare,51.28,55,44,39.99,48.99,39.94,44.43
399,Perfect Order,2026-03-27,2026-04-05,2026-10-05,6,2026-08-18,31921,877540,POR-123,Rosa's Encouragement,123,Special Art Rare,50.68,55,42.99,39.99,48.99,39.94,44.43
399,Perfect Order,2026-03-27,2026-04-05,2026-10-05,6,2026-08-19,31921,877540,POR-123,Rosa's Encouragement,123,Special Art Rare,50.3,55,42.99,39.99,48.99,39.94,43.8
399,Perfect Order,2026-03-27,2026-04-05,2026-10-05,6,2026-08-20,31921,877540,POR-123,Rosa's Encouragement,123,Special Art Rare,50.68,55,42.99,39.99,48.99,39.94,43.8
399,Perfect Order,2026-03-27,2026-04-05,2026-10-05,6,2026-08-21,31921,877540,POR-123,Rosa's Encouragement,123,Special Art Rare,49.21,55,41.99,39.99,45,35,43.74
399,Perfect Order,2026-03-27,2026-04-05,2026-10-05,6,2026-08-22,31921,877540,POR-123,Rosa's Encouragement,123,Special Art Rare,49.54,55,42,39.99,45,35,43.74
399,Perfect Order,2026-03-27,2026-04-05,2026-10-05,6,2026-08-23,31921,877540,POR-123,Rosa's Encouragement,123,Special Art Rare,49,55,42,39.99,45,35,43.74
399,Perfect Order,2026-03-27,2026-04-05,2026-10-05,6,2026-08-24,31921,877540,POR-123,Rosa's Encouragement,123,Special Art Rare,49,55,41.94,39.95,42.9,33,43.91
399,Perfect Order,2026-03-27,2026-04-05,2026-10-05,6,2026-08-25,31921,877540,POR-123,Rosa's Encouragement,123,Special Art Rare,49,55,41.94,39.95,42.9,33,43.91
399,Perfect Order,2026-03-27,2026-04-05,2026-10-05,6,2026-08-27,31921,877540,POR-123,Rosa's Encouragement,123,Special Art Rare,48.97,55,36,39.95,45,30,43.07
399,Perfect Order,2026-03-27,2026-04-05,2026-10-05,6,2026-08-29,31921,877540,POR-123,Rosa's Encouragement,123,Special Art Rare,48.97,55,36,39.95,45,30,42.61
399,Perfect Order,2026-03-27,2026-04-05,2026-10-05,6,2026-08-30,31921,877540,POR-123,Rosa's Encouragement,123,Special Art Rare,49.08,55,34.99,39.95,45,28,42.61
399,Perfect Order,2026-03-27,2026-04-05,2026-10-05,6,2026-08-31,31921,877540,POR-123,Rosa's Encouragement,123,Special Art Rare,49.11,55,37.99,38,45,27.99,42.61
399,Perfect Order,2026-03-27,2026-04-05,2026-10-05,6,2026-09-01,31921,877540,POR-123,Rosa's Encouragement,123,Special Art Rare,49.11,55,37.99,38,45,27.99,43.05
399,Perfect Order,2026-03-27,2026-04-05,2026-10-05,6,2026-09-02,31921,877540,POR-123,Rosa's Encouragement,123,Special Art Rare,49.11,55,37.5,38,45,27.99,43.05
399,Perfect Order,2026-03-27,2026-04-05,2026-10-05,6,2026-09-03,31921,877540,POR-123,Rosa's Encouragement,123,Special Art Rare,48.93,50,37.5,38,45,27.99,43.05
399,Perfect Order,2026-03-27,2026-04-05,2026-10-05,6,2026-09-04,31921,877540,POR-123,Rosa's Encouragement,123,Special Art Rare,48.93,50,37.5,38,45,27.99,39.87
399,Perfect Order,2026-03-27,2026-04-05,2026-10-05,6,2026-09-05,31921,877540,POR-123,Rosa's Encouragement,123,Special Art Rare,48.13,48.41,37.5,38,44,27.99,39.87
399,Perfect Order,2026-03-27,2026-04-05,2026-10-05,6,2026-09-09,31921,877540,POR-123,Rosa's Encouragement,123,Special Art Rare,46.76,41.51,37.5,38,44,27.99,39.87
399,Perfect Order,2026-03-27,2026-04-05,2026-10-05,6,2026-09-10,31921,877540,POR-123,Rosa's Encouragement,123,Special Art Rare,46.9,40.25,37.5,40,43,27.99,39.87
399,Perfect Order,2026-03-27,2026-04-05,2026-10-05,6,2026-09-11,31921,877540,POR-123,Rosa's Encouragement,123,Special Art Rare,46.62,52.24,37.99,40,42.99,37.99,39.87
399,Perfect Order,2026-03-27,2026-04-05,2026-10-05,6,2026-09-14,31921,877540,POR-123,Rosa's Encouragement,123,Special Art Rare,46.3,47.15,36,41.5,45,27.98,39.87
399,Perfect Order,2026-03-27,2026-04-05,2026-10-05,6,2026-09-15,31921,877540,POR-123,Rosa's Encouragement,123,Special Art Rare,46.24,44.79,36,44.89,45,27.98,38.48
399,Perfect Order,2026-03-27,2026-04-05,2026-10-05,6,2026-09-16,31921,877540,POR-123,Rosa's Encouragement,123,Special Art Rare,46.24,44.79,36,44.89,45,27.98,38.34
399,Perfect Order,2026-03-27,2026-04-05,2026-10-05,6,2026-09-17,31921,877540,POR-123,Rosa's Encouragement,123,Special Art Rare,46.24,44.79,37.5,40,45,27.98,38.34
399,Perfect Order,2026-03-27,2026-04-05,2026-10-05,6,2026-09-18,31921,877540,POR-123,Rosa's Encouragement,123,Special Art Rare,46.15,42.55,36,39.99,45,27.98,38.34
399,Perfect Order,2026-03-27,2026-04-05,2026-10-05,6,2026-09-19,31921,877540,POR-123,Rosa's Encouragement,123,Special Art Rare,46.04,45,36,39.95,42,25,37.49
399,Perfect Order,2026-03-27,2026-04-05,2026-10-05,6,2026-09-20,31921,877540,POR-123,Rosa's Encouragement,123,Special Art Rare,46.04,45,35,39.8,42,24.5,37.49
399,Perfect Order,2026-03-27,2026-04-05,2026-10-05,6,2026-09-21,31921,877540,POR-123,Rosa's Encouragement,123,Special Art Rare,46.04,45,35,39.8,42,24.5,36.31
399,Perfect Order,2026-03-27,2026-04-05,2026-10-05,6,2026-09-22,31921,877540,POR-123,Rosa's Encouragement,123,Special Art Rare,46.12,40,33,39.8,45,24.5,36.31
399,Perfect Order,2026-03-27,2026-04-05,2026-10-05,6,2026-09-23,31921,877540,POR-123,Rosa's Encouragement,123,Special Art Rare,45.36,43.96,33,37.99,45,24.5,36.08
399,Perfect Order,2026-03-27,2026-04-05,2026-10-05,6,2026-09-24,31921,877540,POR-123,Rosa's Encouragement,123,Special Art Rare,44.88,43.96,33,37,44,24.5,36.08
399,Perfect Order,2026-03-27,2026-04-05,2026-10-05,6,2026-09-25,31921,877540,POR-123,Rosa's Encouragement,123,Special Art Rare,44.62,45,31,37,42,24.5,36.08
399,Perfect Order,2026-03-27,2026-04-05,2026-10-05,6,2026-09-26,31921,877540,POR-123,Rosa's Encouragement,123,Special Art Rare,44.41,45,30,37.99,42,24.5,36.08
399,Perfect Order,2026-03-27,2026-04-05,2026-10-05,6,2026-09-28,31921,877540,POR-123,Rosa's Encouragement,123,Special Art Rare,43.5,35,36,36.99,42,24.49,36.08
399,Perfect Order,2026-03-27,2026-04-05,2026-10-05,6,2026-09-29,31921,877540,POR-123,Rosa's Encouragement,123,Special Art Rare,42.37,45,34.99,36.99,42,24.49,36.08
399,Perfect Order,2026-03-27,2026-04-05,2026-10-05,6,2026-09-30,31921,877540,POR-123,Rosa's Encouragement,123,Special Art Rare,42.24,35,34.99,36.99,39,24.49,36.08
399,Perfect Order,2026-03-27,2026-04-05,2026-10-05,6,2026-10-01,31921,877540,POR-123,Rosa's Encouragement,123,Special Art Rare,42,35,35,36.99,39,24.49,36.08
399,Perfect Order,2026-03-27,2026-04-05,2026-10-05,6,2026-10-02,31921,877540,POR-123,Rosa's Encouragement,123,Special Art Rare,41.2,35,35,35,39,24.49,36.08
399,Perfect Order,2026-03-27,2026-04-05,2026-10-05,6,2026-10-03,31921,877540,POR-123,Rosa's Encouragement,123,Special Art Rare,40.35,35,35,35,40,24.49,36.08
399,Perfect Order,2026-03-27,2026-04-05,2026-10-05,7,2026-04-05,31920,877539,POR-122,Jacinthe,122,Special Art Rare,23.59,,17.98,24,26,25,
399,Perfect Order,2026-03-27,2026-04-05,2026-10-05,7,2026-04-06,31920,877539,POR-122,Jacinthe,122,Special Art Rare,23.46,24,18,23.94,26,25,
399,Perfect Order,2026-03-27,2026-04-05,2026-10-05,7,2026-04-07,31920,877539,POR-122,Jacinthe,122,Special Art Rare,23.44,24.81,18,23.94,28.5,25,
399,Perfect Order,2026-03-27,2026-04-05,2026-10-05,7,2026-04-08,31920,877539,POR-122,Jacinthe,122,Special Art Rare,23.53,24.81,19.5,22,28.5,25,
399,Perfect Order,2026-03-27,2026-04-05,2026-10-05,7,2026-04-09,31920,877539,POR-122,Jacinthe,122,Special Art Rare,23.06,26.04,19.99,22,26,25,
399,Perfect Order,2026-03-27,2026-04-05,2026-10-05,7,2026-04-10,31920,877539,POR-122,Jacinthe,122,Special Art Rare,23.04,26.39,19.49,22,29.99,20,
399,Perfect Order,2026-03-27,2026-04-05,2026-10-05,7,2026-04-11,31920,877539,POR-122,Jacinthe,122,Special Art Rare,23.16,25,18,23.9,29.99,20,
399,Perfect Order,2026-03-27,2026-04-05,2026-10-05,7,2026-04-12,31920,877539,POR-122,Jacinthe,122,Special Art Rare,23.29,23,18,23.9,29.99,19,
399,Perfect Order,2026-03-27,2026-04-05,2026-10-05,7,2026-04-13,31920,877539,POR-122,Jacinthe,122,Special Art Rare,23.22,24,19.99,23.9,28,16,
399,Perfect Order,2026-03-27,2026-04-05,2026-10-05,7,2026-04-14,31920,877539,POR-122,Jacinthe,122,Special Art Rare,23.29,24,18.89,22,28,19.9,
399,Perfect Order,2026-03-27,2026-04-05,2026-10-05,7,2026-04-15,31920,877539,POR-122,Jacinthe,122,Special Art Rare,23.23,24,18.89,22,30,17,
399,Perfect Order,2026-03-27,2026-04-05,2026-10-05,7,2026-04-16,31920,877539,POR-122,Jacinthe,122,Special Art Rare,23.24,24,18.89,19,30,17,
399,Perfect Order,2026-03-27,2026-04-05,2026-10-05,7,2026-04-17,31920,877539,POR-122,Jacinthe,122,Special Art Rare,23.21,17,20,20,28,16.99,
399,Perfect Order,2026-03-27,2026-04-05,2026-10-05,7,2026-04-18,31920,877539,POR-122,Jacinthe,122,Special Art Rare,23.24,24,20,20,39.99,15,
399,Perfect Order,2026-03-27,2026-04-05,2026-10-05,7,2026-04-19,31920,877539,POR-122,Jacinthe,122,Special Art Rare,23.21,24,18.89,20,28,15,
399,Perfect Order,2026-03-27,2026-04-05,2026-10-05,7,2026-04-20,31920,877539,POR-122,Jacinthe,122,Special Art Rare,23.22,27.98,18.89,19.75,28,25.9,
399,Perfect Order,2026-03-27,2026-04-05,2026-10-05,7,2026-04-21,31920,877539,POR-122,Jacinthe,122,Special Art Rare,23.14,24,18.89,21,28,17,
399,Perfect Order,2026-03-27,2026-04-05,2026-10-05,7,2026-04-22,31920,877539,POR-122,Jacinthe,122,Special Art Rare,23.13,24,20,20.9,28,17,
399,Perfect Order,2026-03-27,2026-04-05,2026-10-05,7,2026-04-23,31920,877539,POR-122,Jacinthe,122,Special Art Rare,23.25,25,19.99,20.9,35,17,
399,Perfect Order,2026-03-27,2026-04-05,2026-10-05,7,2026-04-24,31920,877539,POR-122,Jacinthe,122,Special Art Rare,23.38,25.5,19.99,20.9,27.9,17,
399,Perfect Order,2026-03-27,2026-04-05,2026-10-05,7,2026-04-25,31920,877539,POR-122,Jacinthe,122,Special Art Rare,23.53,25.5,19.99,20.9,27.9,17,
399,Perfect Order,2026-03-27,2026-04-05,2026-10-05,7,2026-04-26,31920,877539,POR-122,Jacinthe,122,Special Art Rare,23.55,25,19.99,20.9,25,19,
399,Perfect Order,2026-03-27,2026-04-05,2026-10-05,7,2026-04-27,31920,877539,POR-122,Jacinthe,122,Special Art Rare,23.56,25,20,20.8,25,19,
399,Perfect Order,2026-03-27,2026-04-05,2026-10-05,7,2026-04-28,31920,877539,POR-122,Jacinthe,122,Special Art Rare,23.33,25,20.99,20.9,28,25,
399,Perfect Order,2026-03-27,2026-04-05,2026-10-05,7,2026-04-29,31920,877539,POR-122,Jacinthe,122,Special Art Rare,23.49,22.31,20,20.9,28,19,
399,Perfect Order,2026-03-27,2026-04-05,2026-10-05,7,2026-04-30,31920,877539,POR-122,Jacinthe,122,Special Art Rare,23.53,27.9,21.99,23,27.9,22.22,
399,Perfect Order,2026-03-27,2026-04-05,2026-10-05,7,2026-05-01,31920,877539,POR-122,Jacinthe,122,Special Art Rare,23.34,27.9,19,23,27.9,20,
399,Perfect Order,2026-03-27,2026-04-05,2026-10-05,7,2026-05-02,31920,877539,POR-122,Jacinthe,122,Special Art Rare,23.35,27.9,18,21,27.9,20,
399,Perfect Order,2026-03-27,2026-04-05,2026-10-05,7,2026-05-03,31920,877539,POR-122,Jacinthe,122,Special Art Rare,23.45,27.9,22,23,28,20,
399,Perfect Order,2026-03-27,2026-04-05,2026-10-05,7,2026-05-04,31920,877539,POR-122,Jacinthe,122,Special Art Rare,23.63,27.9,19.98,22,28,19,
399,Perfect Order,2026-03-27,2026-04-05,2026-10-05,7,2026-05-05,31920,877539,POR-122,Jacinthe,122,Special Art Rare,23.8,28,19.98,22,28,19,
399,Perfect Order,2026-03-27,2026-04-05,2026-10-05,7,2026-05-06,31920,877539,POR-122,Jacinthe,122,Special Art Rare,24.16,28,22,22,28,18.99,
399,Perfect Order,2026-03-27,2026-04-05,2026-10-05,7,2026-05-07,31920,877539,POR-122,Jacinthe,122,Special Art Rare,24.17,28,22,22,28,18.99,
399,Perfect Order,2026-03-27,2026-04-05,2026-10-05,7,2026-05-09,31920,877539,POR-122,Jacinthe,122,Special Art Rare,24.64,24.95,22,22,28,18.99,
399,Perfect Order,2026-03-27,2026-04-05,2026-10-05,7,2026-05-10,31920,877539,POR-122,Jacinthe,122,Special Art Rare,24.78,24.95,21.9,22,28,18.5,
399,Perfect Order,2026-03-27,2026-04-05,2026-10-05,7,2026-05-12,31920,877539,POR-122,Jacinthe,122,Special Art Rare,24.78,29,21.5,21,28,18.49,
399,Perfect Order,2026-03-27,2026-04-05,2026-10-05,7,2026-05-13,31920,877539,POR-122,Jacinthe,122,Special Art Rare,24.84,29,22,21,27,18.49,
399,Perfect Order,2026-03-27,2026-04-05,2026-10-05,7,2026-05-14,31920,877539,POR-122,Jacinthe,122,Special Art Rare,24.8,29,22,21,29.16,18.5,
399,Perfect Order,2026-03-27,2026-04-05,2026-10-05,7,2026-05-15,31920,877539,POR-122,Jacinthe,122,Special Art Rare,24.8,29,22,21,29.16,18.5,
399,Perfect Order,2026-03-27,2026-04-05,2026-10-05,7,2026-05-18,31920,877539,POR-122,Jacinthe,122,Special Art Rare,25.28,27,22,21,31,18,
399,Perfect Order,2026-03-27,2026-04-05,2026-10-05,7,2026-05-19,31920,877539,POR-122,Jacinthe,122,Special Art Rare,25.49,29,20.99,19,29,18,
399,Perfect Order,2026-03-27,2026-04-05,2026-10-05,7,2026-05-20,31920,877539,POR-122,Jacinthe,122,Special Art Rare,25.62,29,22,19,29,18,
399,Perfect Order,2026-03-27,2026-04-05,2026-10-05,7,2026-05-21,31920,877539,POR-122,Jacinthe,122,Special Art Rare,25.79,29,20.99,19,30,17.99,
399,Perfect Order,2026-03-27,2026-04-05,2026-10-05,7,2026-05-22,31920,877539,POR-122,Jacinthe,122,Special Art Rare,25.89,25,18,19,30,18,
399,Perfect Order,2026-03-27,2026-04-05,2026-10-05,7,2026-05-23,31920,877539,POR-122,Jacinthe,122,Special Art Rare,25.9,25,20.99,21,30,18,
399,Perfect Order,2026-03-27,2026-04-05,2026-10-05,7,2026-05-24,31920,877539,POR-122,Jacinthe,122,Special Art Rare,25.84,27.5,22.5,21,30,18,
399,Perfect Order,2026-03-27,2026-04-05,2026-10-05,7,2026-05-25,31920,877539,POR-122,Jacinthe,122,Special Art Rare,25.77,27.5,22,22.95,30.97,18,
399,Perfect Order,2026-03-27,2026-04-05,2026-10-05,7,2026-05-26,31920,877539,POR-122,Jacinthe,122,Special Art Rare,25.73,27.5,21,20.95,30.96,18,
399,Perfect Order,2026-03-27,2026-04-05,2026-10-05,7,2026-05-27,31920,877539,POR-122,Jacinthe,122,Special Art Rare,25.58,27.39,20.5,20.95,29.99,18,
399,Perfect Order,2026-03-27,2026-04-05,2026-10-05,7,2026-05-28,31920,877539,POR-122,Jacinthe,122,Special Art Rare,25.59,27.36,19,20.95,29.99,18,
399,Perfect Order,2026-03-27,2026-04-05,2026-10-05,7,2026-05-29,31920,877539,POR-122,Jacinthe,122,Special Art Rare,25.67,27.34,21.5,20.95,29.99,17.99,
399,Perfect Order,2026-03-27,2026-04-05,2026-10-05,7,2026-05-30,31920,877539,POR-122,Jacinthe,122,Special Art Rare,25.54,27.34,21.5,20.95,30,18,
399,Perfect Order,2026-03-27,2026-04-05,2026-10-05,7,2026-05-31,31920,877539,POR-122,Jacinthe,122,Special Art Rare,25.72,28,21,20.95,30,18,
399,Perfect Order,2026-03-27,2026-04-05,2026-10-05,7,2026-06-01,31920,877539,POR-122,Jacinthe,122,Special Art Rare,25.75,29,23.99,20.95,30,17.99,
399,Perfect Order,2026-03-27,2026-04-05,2026-10-05,7,2026-06-02,31920,877539,POR-122,Jacinthe,122,Special Art Rare,25.79,27.5,24.49,21.9,31,17.99,
399,Perfect Order,2026-03-27,2026-04-05,2026-10-05,7,2026-06-03,31920,877539,POR-122,Jacinthe,122,Special Art Rare,26.01,27.5,24,21.9,31,17.99,
399,Perfect Order,2026-03-27,2026-04-05,2026-10-05,7,2026-06-04,31920,877539,POR-122,Jacinthe,122,Special Art Rare,26.09,27,24,21.9,31,17.99,
399,Perfect Order,2026-03-27,2026-04-05,2026-10-05,7,2026-06-05,31920,877539,POR-122,Jacinthe,122,Special Art Rare,25.91,27,23.5,21.9,29,17.99,
399,Perfect Order,2026-03-27,2026-04-05,2026-10-05,7,2026-06-06,31920,877539,POR-122,Jacinthe,122,Special Art Rare,26.12,26,24.49,22.9,29,17.99,
399,Perfect Order,2026-03-27,2026-04-05,2026-10-05,7,2026-06-07,31920,877539,POR-122,Jacinthe,122,Special Art Rare,26.07,26,24.49,22.9,30,17.99,
399,Perfect Order,2026-03-27,2026-04-05,2026-10-05,7,2026-06-08,31920,877539,POR-122,Jacinthe,122,Special Art Rare,26.12,26,24.49,22.9,31.9,17.99,
399,Perfect Order,2026-03-27,2026-04-05,2026-10-05,7,2026-06-09,31920,877539,POR-122,Jacinthe,122,Special Art Rare,26.14,26,19,24.99,31.9,17.99,
399,Perfect Order,2026-03-27,2026-04-05,2026-10-05,7,2026-06-10,31920,877539,POR-122,Jacinthe,122,Special Art Rare,26.27,26,23.4,24.99,31.9,17.99,
399,Perfect Order,2026-03-27,2026-04-05,2026-10-05,7,2026-06-11,31920,877539,POR-122,Jacinthe,122,Special Art Rare,26.25,26,23.99,24.99,32,17.9,
399,Perfect Order,2026-03-27,2026-04-05,2026-10-05,7,2026-06-12,31920,877539,POR-122,Jacinthe,122,Special Art Rare,26.32,26,19,24.99,32,17.9,
399,Perfect Order,2026-03-27,2026-04-05,2026-10-05,7,2026-06-13,31920,877539,POR-122,Jacinthe,122,Special Art Rare,26.41,26,19,23.9,34,18.49,
399,Perfect Order,2026-03-27,2026-04-05,2026-10-05,7,2026-06-14,31920,877539,POR-122,Jacinthe,122,Special Art Rare,26.48,26,19.8,23.9,32,17.8,
399,Perfect Order,2026-03-27,2026-04-05,2026-10-05,7,2026-06-15,31920,877539,POR-122,Jacinthe,122,Special Art Rare,26.45,26,19,23.9,34,17.8,
399,Perfect Order,2026-03-27,2026-04-05,2026-10-05,7,2026-06-16,31920,877539,POR-122,Jacinthe,122,Special Art Rare,26.69,26,18.9,18,34,17.8,
399,Perfect Order,2026-03-27,2026-04-05,2026-10-05,7,2026-06-17,31920,877539,POR-122,Jacinthe,122,Special Art Rare,26.84,26,19,18,34,17.8,
399,Perfect Order,2026-03-27,2026-04-05,2026-10-05,7,2026-06-18,31920,877539,POR-122,Jacinthe,122,Special Art Rare,26.81,25,22.99,18,34,17.8,
399,Perfect Order,2026-03-27,2026-04-05,2026-10-05,7,2026-06-19,31920,877539,POR-122,Jacinthe,122,Special Art Rare,26.78,25,19.95,18,34,18,
399,Perfect Order,2026-03-27,2026-04-05,2026-10-05,7,2026-06-20,31920,877539,POR-122,Jacinthe,122,Special Art Rare,26.83,19.9,22.99,18,34.95,17.99,
399,Perfect Order,2026-03-27,2026-04-05,2026-10-05,7,2026-06-21,31920,877539,POR-122,Jacinthe,122,Special Art Rare,26.76,19.9,21.99,20,34.95,17.5,
399,Perfect Order,2026-03-27,2026-04-05,2026-10-05,7,2026-06-22,31920,877539,POR-122,Jacinthe,122,Special Art Rare,26.7,19.9,21.99,24.99,34.98,17,
399,Perfect Order,2026-03-27,2026-04-05,2026-10-05,7,2026-06-23,31920,877539,POR-122,Jacinthe,122,Special Art Rare,26.69,25,23,24.99,34.95,17,
399,Perfect Order,2026-03-27,2026-04-05,2026-10-05,7,2026-06-24,31920,877539,POR-122,Jacinthe,122,Special Art Rare,26.84,19.9,21,24.95,34.95,16,
399,Perfect Order,2026-03-27,2026-04-05,2026-10-05,7,2026-06-25,31920,877539,POR-122,Jacinthe,122,Special Art Rare,26.9,25,19.99,24.95,34,16,
399,Perfect Order,2026-03-27,2026-04-05,2026-10-05,7,2026-06-26,31920,877539,POR-122,Jacinthe,122,Special Art Rare,27.28,25,19.99,24.95,34.98,16,
399,Perfect Order,2026-03-27,2026-04-05,2026-10-05,7,2026-06-27,31920,877539,POR-122,Jacinthe,122,Special Art Rare,27.32,25,19.95,24.95,32.99,16,
399,Perfect Order,2026-03-27,2026-04-05,2026-10-05,7,2026-06-28,31920,877539,POR-122,Jacinthe,122,Special Art Rare,27.33,26,19.99,24.95,32,16,
399,Perfect Order,2026-03-27,2026-04-05,2026-10-05,7,2026-06-29,31920,877539,POR-122,Jacinthe,122,Special Art Rare,27.54,25,19.5,24.95,32,16,
399,Perfect Order,2026-03-27,2026-04-05,2026-10-05,7,2026-06-30,31920,877539,POR-122,Jacinthe,122,Special Art Rare,27.71,22.5,19.5,24.95,32,16,
399,Perfect Order,2026-03-27,2026-04-05,2026-10-05,7,2026-07-01,31920,877539,POR-122,Jacinthe,122,Special Art Rare,27.63,22.5,19.5,24.95,32.99,15,
399,Perfect Order,2026-03-27,2026-04-05,2026-10-05,7,2026-07-02,31920,877539,POR-122,Jacinthe,122,Special Art Rare,27.64,26,19,24.95,31.5,16,
399,Perfect Order,2026-03-27,2026-04-05,2026-10-05,7,2026-07-03,31920,877539,POR-122,Jacinthe,122,Special Art Rare,27.37,26,19.5,22.99,31.5,16,
399,Perfect Order,2026-03-27,2026-04-05,2026-10-05,7,2026-07-06,31920,877539,POR-122,Jacinthe,122,Special Art Rare,26.78,26,19,21.99,31.5,17.99,
399,Perfect Order,2026-03-27,2026-04-05,2026-10-05,7,2026-07-07,31920,877539,POR-122,Jacinthe,122,Special Art Rare,26.64,24.9,19,21.99,31.5,16,
399,Perfect Order,2026-03-27,2026-04-05,2026-10-05,7,2026-07-08,31920,877539,POR-122,Jacinthe,122,Special Art Rare,26.51,24.9,19.44,21.99,31.5,17.94,
399,Perfect Order,2026-03-27,2026-04-05,2026-10-05,7,2026-07-09,31920,877539,POR-122,Jacinthe,122,Special Art Rare,116.94,24.9,19,24,30,18,
399,Perfect Order,2026-03-27,2026-04-05,2026-10-05,7,2026-07-10,31920,877539,POR-122,Jacinthe,122,Special Art Rare,26.27,24.9,18.99,21.99,30,17.49,
399,Perfect Order,2026-03-27,2026-04-05,2026-10-05,7,2026-07-11,31920,877539,POR-122,Jacinthe,122,Special Art Rare,12.01,24.9,18.99,21.99,30,17.49,
399,Perfect Order,2026-03-27,2026-04-05,2026-10-05,7,2026-07-13,31920,877539,POR-122,Jacinthe,122,Special Art Rare,25.96,24.9,19,21.99,30,15,
399,Perfect Order,2026-03-27,2026-04-05,2026-10-05,7,2026-07-14,31920,877539,POR-122,Jacinthe,122,Special Art Rare,25.91,24.9,19,21.99,30,15,
399,Perfect Order,2026-03-27,2026-04-05,2026-10-05,7,2026-07-18,31920,877539,POR-122,Jacinthe,122,Special Art Rare,25.43,24.9,18.5,21.99,30,15,22.44
399,Perfect Order,2026-03-27,2026-04-05,2026-10-05,7,2026-07-19,31920,877539,POR-122,Jacinthe,122,Special Art Rare,25.43,24.9,18.5,21.99,30,15,22.44
399,Perfect Order,2026-03-27,2026-04-05,2026-10-05,7,2026-07-20,31920,877539,POR-122,Jacinthe,122,Special Art Rare,25.43,24.9,18.5,21.99,30,15,20.76
399,Perfect Order,2026-03-27,2026-04-05,2026-10-05,7,2026-07-21,31920,877539,POR-122,Jacinthe,122,Special Art Rare,25.48,24.9,18.88,21.99,30,15,20.76
399,Perfect Order,2026-03-27,2026-04-05,2026-10-05,7,2026-07-22,31920,877539,POR-122,Jacinthe,122,Special Art Rare,25.48,24.9,18.88,21.99,30,15,21.24
399,Perfect Order,2026-03-27,2026-04-05,2026-10-05,7,2026-07-23,31920,877539,POR-122,Jacinthe,122,Special Art Rare,25.51,24.8,18.88,21.99,29.5,15,21.24
399,Perfect Order,2026-03-27,2026-04-05,2026-10-05,7,2026-07-24,31920,877539,POR-122,Jacinthe,122,Special Art Rare,25.14,24.8,18,21.99,29.5,14.98,21.24
399,Perfect Order,2026-03-27,2026-04-05,2026-10-05,7,2026-07-25,31920,877539,POR-122,Jacinthe,122,Special Art Rare,25.14,24.8,18,21.99,29.5,14.98,21.32
399,Perfect Order,2026-03-27,2026-04-05,2026-10-05,7,2026-07-26,31920,877539,POR-122,Jacinthe,122,Special Art Rare,25.14,24.8,18,21.99,29.5,14.98,21.32
399,Perfect Order,2026-03-27,2026-04-05,2026-10-05,7,2026-07-27,31920,877539,POR-122,Jacinthe,122,Special Art Rare,24.8,24.8,15,21.99,29.5,14.9,20.58
399,Perfect Order,2026-03-27,2026-04-05,2026-10-05,7,2026-07-28,31920,877539,POR-122,Jacinthe,122,Special Art Rare,24.8,24.8,15,21.99,29.5,14.9,20.58
399,Perfect Order,2026-03-27,2026-04-05,2026-10-05,7,2026-07-29,31920,877539,POR-122,Jacinthe,122,Special Art Rare,24.22,23,15,24.5,29.5,14,20.86
399,Perfect Order,2026-03-27,2026-04-05,2026-10-05,7,2026-07-30,31920,877539,POR-122,Jacinthe,122,Special Art Rare,24.22,23,17,24.5,29.5,14,20.86
399,Perfect Order,2026-03-27,2026-04-05,2026-10-05,7,2026-07-31,31920,877539,POR-122,Jacinthe,122,Special Art Rare,24.22,23,17,24.5,29.5,14,20.72
399,Perfect Order,2026-03-27,2026-04-05,2026-10-05,7,2026-08-03,31920,877539,POR-122,Jacinthe,122,Special Art Rare,23.48,23,17,24.5,29.5,14,21.03
399,Perfect Order,2026-03-27,2026-04-05,2026-10-05,7,2026-08-04,31920,877539,POR-122,Jacinthe,122,Special Art Rare,23.48,23,17,24.5,29.5,14,21.03
399,Perfect Order,2026-03-27,2026-04-05,2026-10-05,7,2026-08-05,31920,877539,POR-122,Jacinthe,122,Special Art Rare,23.35,23,17,24.5,29.99,13.9,20.85
399,Perfect Order,2026-03-27,2026-04-05,2026-10-05,7,2026-08-06,31920,877539,POR-122,Jacinthe,122,Special Art Rare,23.39,23,15,24.5,29.99,13.5,20.85
399,Perfect Order,2026-03-27,2026-04-05,2026-10-05,7,2026-08-07,31920,877539,POR-122,Jacinthe,122,Special Art Rare,23.37,24.9,16,24.5,29.99,10.98,20.85
399,Perfect Order,2026-03-27,2026-04-05,2026-10-05,7,2026-08-10,31920,877539,POR-122,Jacinthe,122,Special Art Rare,23.11,24.9,15,24.5,29.99,10,20.77
399,Perfect Order,2026-03-27,2026-04-05,2026-10-05,7,2026-08-11,31920,877539,POR-122,Jacinthe,122,Special Art Rare,23.06,19,15,25,27.99,10,20.77
399,Perfect Order,2026-03-27,2026-04-05,2026-10-05,7,2026-08-12,31920,877539,POR-122,Jacinthe,122,Special Art Rare,23.11,19,15,25,28,10,21.26
399,Perfect Order,2026-03-27,2026-04-05,2026-10-05,7,2026-08-13,31920,877539,POR-122,Jacinthe,122,Special Art Rare,22.82,19,15,25,28,10,21.26
399,Perfect Order,2026-03-27,2026-04-05,2026-10-05,7,2026-08-14,31920,877539,POR-122,Jacinthe,122,Special Art Rare,22.82,23,15,25,28,10,21.26
399,Perfect Order,2026-03-27,2026-04-05,2026-10-05,7,2026-08-15,31920,877539,POR-122,Jacinthe,122,Special Art Rare,22.43,23,15,22,28,10,21.25
399,Perfect Order,2026-03-27,2026-04-05,2026-10-05,7,2026-08-16,31920,877539,POR-122,Jacinthe,122,Special Art Rare,22.27,23,15,25,29.99,10,21.25
399,Perfect Order,2026-03-27,2026-04-05,2026-10-05,7,2026-08-17,31920,877539,POR-122,Jacinthe,122,Special Art Rare,22.43,23,15,25,29.99,10,21.27
399,Perfect Order,2026-03-27,2026-04-05,2026-10-05,7,2026-08-18,31920,877539,POR-122,Jacinthe,122,Special Art Rare,21.94,23,15,25,29.99,10,21.27
399,Perfect Order,2026-03-27,2026-04-05,2026-10-05,7,2026-08-19,31920,877539,POR-122,Jacinthe,122,Special Art Rare,21.76,22.5,15,22,29.5,10,22.07
399,Perfect Order,2026-03-27,2026-04-05,2026-10-05,7,2026-08-20,31920,877539,POR-122,Jacinthe,122,Special Art Rare,21.73,22.5,15,22,29.5,10,22.07
399,Perfect Order,2026-03-27,2026-04-05,2026-10-05,7,2026-08-21,31920,877539,POR-122,Jacinthe,122,Special Art Rare,21.61,22.5,15,22,29.5,10,21.16
399,Perfect Order,2026-03-27,2026-04-05,2026-10-05,7,2026-08-22,31920,877539,POR-122,Jacinthe,122,Special Art Rare,21.45,22.5,16,22,29.5,10.98,21.16
399,Perfect Order,2026-03-27,2026-04-05,2026-10-05,7,2026-08-23,31920,877539,POR-122,Jacinthe,122,Special Art Rare,21.43,22.5,16,22,27.9,10.98,21.16
399,Perfect Order,2026-03-27,2026-04-05,2026-10-05,7,2026-08-24,31920,877539,POR-122,Jacinthe,122,Special Art Rare,21.45,23.5,16,21.9,27.9,10.98,21.39
399,Perfect Order,2026-03-27,2026-04-05,2026-10-05,7,2026-08-25,31920,877539,POR-122,Jacinthe,122,Special Art Rare,21.22,23.5,15,21.9,27.9,10.98,21.39
399,Perfect Order,2026-03-27,2026-04-05,2026-10-05,7,2026-08-27,31920,877539,POR-122,Jacinthe,122,Special Art Rare,21.37,22.5,15,21.5,29.5,14,21.97
399,Perfect Order,2026-03-27,2026-04-05,2026-10-05,7,2026-08-29,31920,877539,POR-122,Jacinthe,122,Special Art Rare,21.37,22.5,15,21.5,29.5,14,21.21
399,Perfect Order,2026-03-27,2026-04-05,2026-10-05,7,2026-08-30,31920,877539,POR-122,Jacinthe,122,Special Art Rare,20.88,22.5,15,21.5,29.5,10.98,21.21
399,Perfect Order,2026-03-27,2026-04-05,2026-10-05,7,2026-08-31,31920,877539,POR-122,Jacinthe,122,Special Art Rare,20.95,22.5,15,21.5,29.5,10.98,21.21
399,Perfect Order,2026-03-27,2026-04-05,2026-10-05,7,2026-09-01,31920,877539,POR-122,Jacinthe,122,Special Art Rare,20.95,22.5,15,21.5,29.5,10.98,21.1
399,Perfect Order,2026-03-27,2026-04-05,2026-10-05,7,2026-09-02,31920,877539,POR-122,Jacinthe,122,Special Art Rare,20.91,22.4,15,21.5,29,13.5,21.1
399,Perfect Order,2026-03-27,2026-04-05,2026-10-05,7,2026-09-03,31920,877539,POR-122,Jacinthe,122,Special Art Rare,21.02,22.4,16,21,29.99,9.98,21.1
399,Perfect Order,2026-03-27,2026-04-05,2026-10-05,7,2026-09-04,31920,877539,POR-122,Jacinthe,122,Special Art Rare,21.02,22.4,16,21,29.99,9.98,20.09
399,Perfect Order,2026-03-27,2026-04-05,2026-10-05,7,2026-09-05,31920,877539,POR-122,Jacinthe,122,Special Art Rare,20.84,19.9,17,19.9,29.99,13.89,20.09
399,Perfect Order,2026-03-27,2026-04-05,2026-10-05,7,2026-09-14,31920,877539,POR-122,Jacinthe,122,Special Art Rare,20.79,19.9,16.49,21.9,26.99,8.88,20.09
399,Perfect Order,2026-03-27,2026-04-05,2026-10-05,7,2026-09-15,31920,877539,POR-122,Jacinthe,122,Special Art Rare,20.79,19.9,16.49,21.9,26.99,8.88,18.4
399,Perfect Order,2026-03-27,2026-04-05,2026-10-05,7,2026-09-16,31920,877539,POR-122,Jacinthe,122,Special Art Rare,21.08,19.9,16.49,21.9,26.99,8.88,17.72
399,Perfect Order,2026-03-27,2026-04-05,2026-10-05,7,2026-09-17,31920,877539,POR-122,Jacinthe,122,Special Art Rare,21.17,19.9,16.49,21.9,26.99,8.88,17.72
399,Perfect Order,2026-03-27,2026-04-05,2026-10-05,7,2026-09-18,31920,877539,POR-122,Jacinthe,122,Special Art Rare,21.17,19.9,16.49,21.9,26.99,8.88,17.72
399,Perfect Order,2026-03-27,2026-04-05,2026-10-05,7,2026-09-19,31920,877539,POR-122,Jacinthe,122,Special Art Rare,21.18,22.23,17.5,22,26.99,9.8,17.56
399,Perfect Order,2026-03-27,2026-04-05,2026-10-05,7,2026-09-20,31920,877539,POR-122,Jacinthe,122,Special Art Rare,21.18,22.23,16.99,22,26.99,9.8,17.56
399,Perfect Order,2026-03-27,2026-04-05,2026-10-05,7,2026-09-21,31920,877539,POR-122,Jacinthe,122,Special Art Rare,21.22,19.99,16.99,21.9,26.99,9.8,18.87
399,Perfect Order,2026-03-27,2026-04-05,2026-10-05,7,2026-09-23,31920,877539,POR-122,Jacinthe,122,Special Art Rare,21,19.99,16.99,21.9,26.99,8.98,18.63
399,Perfect Order,2026-03-27,2026-04-05,2026-10-05,7,2026-09-24,31920,877539,POR-122,Jacinthe,122,Special Art Rare,21.22,19.99,16.99,21.9,26.99,8.98,18.63
399,Perfect Order,2026-03-27,2026-04-05,2026-10-05,7,2026-09-26,31920,877539,POR-122,Jacinthe,122,Special Art Rare,21.31,21,16.99,21.9,25,8.88,18.63
399,Perfect Order,2026-03-27,2026-04-05,2026-10-05,7,2026-09-29,31920,877539,POR-122,Jacinthe,122,Special Art Rare,21.26,21,17,21.9,26.99,8.88,18.63
399,Perfect Order,2026-03-27,2026-04-05,2026-10-05,7,2026-09-30,31920,877539,POR-122,Jacinthe,122,Special Art Rare,21.39,21,16.98,21.9,26.99,8.88,18.63
399,Perfect Order,2026-03-27,2026-04-05,2026-10-05,7,2026-10-01,31920,877539,POR-122,Jacinthe,122,Special Art Rare,21.62,21,16.98,21.9,26.99,8.88,18.63
399,Perfect Order,2026-03-27,2026-04-05,2026-10-05,7,2026-10-03,31920,877539,POR-122,Jacinthe,122,Special Art Rare,21.53,21,16.97,21.9,26.99,8.88,18.63
